country,indicator,sex,age_band,year,value,unit,source,table_id,basis
JP,first_marriage_age,F,all,1950,23.0,세,e-Stat,0003411845,"인구동태 확정수, 신고 연도 기준"
JP,first_marriage_age,F,all,1955,23.8,세,e-Stat,0003411845,"인구동태 확정수, 신고 연도 기준"
JP,first_marriage_age,F,all,1960,24.4,세,e-Stat,0003411845,"인구동태 확정수, 신고 연도 기준"
JP,first_marriage_age,F,all,1965,24.5,세,e-Stat,0003411845,"인구동태 확정수, 신고 연도 기준"
JP,first_marriage_age,F,all,1970,24.2,세,e-Stat,0003411845,"인구동태 확정수, 신고 연도 기준"
JP,first_marriage_age,F,all,1975,24.7,세,e-Stat,0003411845,"인구동태 확정수, 신고 연도 기준"
JP,first_marriage_age,F,all,1980,25.2,세,e-Stat,0003411845,"인구동태 확정수, 신고 연도 기준"
JP,first_marriage_age,F,all,1985,25.5,세,e-Stat,0003411845,"인구동태 확정수, 신고 연도 기준"
JP,first_marriage_age,F,all,1990,25.9,세,e-Stat,0003411845,"인구동태 확정수, 신고 연도 기준"
JP,first_marriage_age,F,all,1995,26.3,세,e-Stat,0003411845,"인구동태 확정수, 신고 연도 기준"
JP,first_marriage_age,F,all,2000,27.0,세,e-Stat,0003411845,"인구동태 확정수, 신고 연도 기준"
JP,first_marriage_age,F,all,2005,28.0,세,e-Stat,0003411845,"인구동태 확정수, 신고 연도 기준"
JP,first_marriage_age,F,all,2008,28.5,세,e-Stat,0003411845,"인구동태 확정수, 신고 연도 기준"
JP,first_marriage_age,F,all,2009,28.6,세,e-Stat,0003411845,"인구동태 확정수, 신고 연도 기준"
JP,first_marriage_age,F,all,2010,28.8,세,e-Stat,0003411845,"인구동태 확정수, 신고 연도 기준"
JP,first_marriage_age,F,all,2011,29.0,세,e-Stat,0003411845,"인구동태 확정수, 신고 연도 기준"
JP,first_marriage_age,F,all,2012,29.2,세,e-Stat,0003411845,"인구동태 확정수, 신고 연도 기준"
JP,first_marriage_age,F,all,2013,29.3,세,e-Stat,0003411845,"인구동태 확정수, 신고 연도 기준"
JP,first_marriage_age,F,all,2014,29.4,세,e-Stat,0003411845,"인구동태 확정수, 신고 연도 기준"
JP,first_marriage_age,F,all,2015,29.4,세,e-Stat,0003411845,"인구동태 확정수, 신고 연도 기준"
JP,first_marriage_age,F,all,2016,29.4,세,e-Stat,0003411845,"인구동태 확정수, 신고 연도 기준"
JP,first_marriage_age,F,all,2017,29.4,세,e-Stat,0003411845,"인구동태 확정수, 신고 연도 기준"
JP,first_marriage_age,F,all,2018,29.4,세,e-Stat,0003411845,"인구동태 확정수, 신고 연도 기준"
JP,first_marriage_age,F,all,2019,29.6,세,e-Stat,0003411845,"인구동태 확정수, 신고 연도 기준"
JP,first_marriage_age,F,all,2020,29.4,세,e-Stat,0003411845,"인구동태 확정수, 신고 연도 기준"
JP,first_marriage_age,F,all,2021,29.5,세,e-Stat,0003411845,"인구동태 확정수, 신고 연도 기준"
JP,first_marriage_age,F,all,2022,29.7,세,e-Stat,0003411845,"인구동태 확정수, 신고 연도 기준"
JP,first_marriage_age,F,all,2023,29.7,세,e-Stat,0003411845,"인구동태 확정수, 신고 연도 기준"
JP,first_marriage_age,F,all,2024,29.8,세,e-Stat,0003411845,"인구동태 확정수, 신고 연도 기준"
JP,first_marriage_age,M,all,1950,25.9,세,e-Stat,0003411845,"인구동태 확정수, 신고 연도 기준"
JP,first_marriage_age,M,all,1955,26.6,세,e-Stat,0003411845,"인구동태 확정수, 신고 연도 기준"
JP,first_marriage_age,M,all,1960,27.2,세,e-Stat,0003411845,"인구동태 확정수, 신고 연도 기준"
JP,first_marriage_age,M,all,1965,27.2,세,e-Stat,0003411845,"인구동태 확정수, 신고 연도 기준"
JP,first_marriage_age,M,all,1970,26.9,세,e-Stat,0003411845,"인구동태 확정수, 신고 연도 기준"
JP,first_marriage_age,M,all,1975,27.0,세,e-Stat,0003411845,"인구동태 확정수, 신고 연도 기준"
JP,first_marriage_age,M,all,1980,27.8,세,e-Stat,0003411845,"인구동태 확정수, 신고 연도 기준"
JP,first_marriage_age,M,all,1985,28.2,세,e-Stat,0003411845,"인구동태 확정수, 신고 연도 기준"
JP,first_marriage_age,M,all,1990,28.4,세,e-Stat,0003411845,"인구동태 확정수, 신고 연도 기준"
JP,first_marriage_age,M,all,1995,28.5,세,e-Stat,0003411845,"인구동태 확정수, 신고 연도 기준"
JP,first_marriage_age,M,all,2000,28.8,세,e-Stat,0003411845,"인구동태 확정수, 신고 연도 기준"
JP,first_marriage_age,M,all,2005,29.8,세,e-Stat,0003411845,"인구동태 확정수, 신고 연도 기준"
JP,first_marriage_age,M,all,2008,30.2,세,e-Stat,0003411845,"인구동태 확정수, 신고 연도 기준"
JP,first_marriage_age,M,all,2009,30.4,세,e-Stat,0003411845,"인구동태 확정수, 신고 연도 기준"
JP,first_marriage_age,M,all,2010,30.5,세,e-Stat,0003411845,"인구동태 확정수, 신고 연도 기준"
JP,first_marriage_age,M,all,2011,30.7,세,e-Stat,0003411845,"인구동태 확정수, 신고 연도 기준"
JP,first_marriage_age,M,all,2012,30.8,세,e-Stat,0003411845,"인구동태 확정수, 신고 연도 기준"
JP,first_marriage_age,M,all,2013,30.9,세,e-Stat,0003411845,"인구동태 확정수, 신고 연도 기준"
JP,first_marriage_age,M,all,2014,31.1,세,e-Stat,0003411845,"인구동태 확정수, 신고 연도 기준"
JP,first_marriage_age,M,all,2015,31.1,세,e-Stat,0003411845,"인구동태 확정수, 신고 연도 기준"
JP,first_marriage_age,M,all,2016,31.1,세,e-Stat,0003411845,"인구동태 확정수, 신고 연도 기준"
JP,first_marriage_age,M,all,2017,31.1,세,e-Stat,0003411845,"인구동태 확정수, 신고 연도 기준"
JP,first_marriage_age,M,all,2018,31.1,세,e-Stat,0003411845,"인구동태 확정수, 신고 연도 기준"
JP,first_marriage_age,M,all,2019,31.2,세,e-Stat,0003411845,"인구동태 확정수, 신고 연도 기준"
JP,first_marriage_age,M,all,2020,31.0,세,e-Stat,0003411845,"인구동태 확정수, 신고 연도 기준"
JP,first_marriage_age,M,all,2021,31.0,세,e-Stat,0003411845,"인구동태 확정수, 신고 연도 기준"
JP,first_marriage_age,M,all,2022,31.1,세,e-Stat,0003411845,"인구동태 확정수, 신고 연도 기준"
JP,first_marriage_age,M,all,2023,31.1,세,e-Stat,0003411845,"인구동태 확정수, 신고 연도 기준"
JP,first_marriage_age,M,all,2024,31.1,세,e-Stat,0003411845,"인구동태 확정수, 신고 연도 기준"
KR,first_marriage_age,F,all,1990,24.78,세,KOSIS,DT_1B83A05,"인구동향조사, 신고 연도 기준"
KR,first_marriage_age,F,all,1991,24.84,세,KOSIS,DT_1B83A05,"인구동향조사, 신고 연도 기준"
KR,first_marriage_age,F,all,1992,24.93,세,KOSIS,DT_1B83A05,"인구동향조사, 신고 연도 기준"
KR,first_marriage_age,F,all,1993,25.01,세,KOSIS,DT_1B83A05,"인구동향조사, 신고 연도 기준"
KR,first_marriage_age,F,all,1994,25.14,세,KOSIS,DT_1B83A05,"인구동향조사, 신고 연도 기준"
KR,first_marriage_age,F,all,1995,25.32,세,KOSIS,DT_1B83A05,"인구동향조사, 신고 연도 기준"
KR,first_marriage_age,F,all,1996,25.45,세,KOSIS,DT_1B83A05,"인구동향조사, 신고 연도 기준"
KR,first_marriage_age,F,all,1997,25.71,세,KOSIS,DT_1B83A05,"인구동향조사, 신고 연도 기준"
KR,first_marriage_age,F,all,1998,26.02,세,KOSIS,DT_1B83A05,"인구동향조사, 신고 연도 기준"
KR,first_marriage_age,F,all,1999,26.29,세,KOSIS,DT_1B83A05,"인구동향조사, 신고 연도 기준"
KR,first_marriage_age,F,all,2000,26.49,세,KOSIS,DT_1B83A05,"인구동향조사, 신고 연도 기준"
KR,first_marriage_age,F,all,2001,26.78,세,KOSIS,DT_1B83A05,"인구동향조사, 신고 연도 기준"
KR,first_marriage_age,F,all,2002,27.01,세,KOSIS,DT_1B83A05,"인구동향조사, 신고 연도 기준"
KR,first_marriage_age,F,all,2003,27.27,세,KOSIS,DT_1B83A05,"인구동향조사, 신고 연도 기준"
KR,first_marriage_age,F,all,2004,27.52,세,KOSIS,DT_1B83A05,"인구동향조사, 신고 연도 기준"
KR,first_marriage_age,F,all,2005,27.72,세,KOSIS,DT_1B83A05,"인구동향조사, 신고 연도 기준"
KR,first_marriage_age,F,all,2006,27.79,세,KOSIS,DT_1B83A05,"인구동향조사, 신고 연도 기준"
KR,first_marriage_age,F,all,2007,28.09,세,KOSIS,DT_1B83A05,"인구동향조사, 신고 연도 기준"
KR,first_marriage_age,F,all,2008,28.32,세,KOSIS,DT_1B83A05,"인구동향조사, 신고 연도 기준"
KR,first_marriage_age,F,all,2009,28.71,세,KOSIS,DT_1B83A05,"인구동향조사, 신고 연도 기준"
KR,first_marriage_age,F,all,2010,28.91,세,KOSIS,DT_1B83A05,"인구동향조사, 신고 연도 기준"
KR,first_marriage_age,F,all,2011,29.14,세,KOSIS,DT_1B83A05,"인구동향조사, 신고 연도 기준"
KR,first_marriage_age,F,all,2012,29.41,세,KOSIS,DT_1B83A05,"인구동향조사, 신고 연도 기준"
KR,first_marriage_age,F,all,2013,29.59,세,KOSIS,DT_1B83A05,"인구동향조사, 신고 연도 기준"
KR,first_marriage_age,F,all,2014,29.81,세,KOSIS,DT_1B83A05,"인구동향조사, 신고 연도 기준"
KR,first_marriage_age,F,all,2015,29.96,세,KOSIS,DT_1B83A05,"인구동향조사, 신고 연도 기준"
KR,first_marriage_age,F,all,2016,30.11,세,KOSIS,DT_1B83A05,"인구동향조사, 신고 연도 기준"
KR,first_marriage_age,F,all,2017,30.24,세,KOSIS,DT_1B83A05,"인구동향조사, 신고 연도 기준"
KR,first_marriage_age,F,all,2018,30.4,세,KOSIS,DT_1B83A05,"인구동향조사, 신고 연도 기준"
KR,first_marriage_age,F,all,2019,30.59,세,KOSIS,DT_1B83A05,"인구동향조사, 신고 연도 기준"
KR,first_marriage_age,F,all,2020,30.78,세,KOSIS,DT_1B83A05,"인구동향조사, 신고 연도 기준"
KR,first_marriage_age,F,all,2021,31.08,세,KOSIS,DT_1B83A05,"인구동향조사, 신고 연도 기준"
KR,first_marriage_age,F,all,2022,31.26,세,KOSIS,DT_1B83A05,"인구동향조사, 신고 연도 기준"
KR,first_marriage_age,F,all,2023,31.45,세,KOSIS,DT_1B83A05,"인구동향조사, 신고 연도 기준"
KR,first_marriage_age,F,all,2024,31.55,세,KOSIS,DT_1B83A05,"인구동향조사, 신고 연도 기준"
KR,first_marriage_age,F,all,2025,31.62,세,KOSIS,DT_1B83A05,"인구동향조사, 신고 연도 기준"
KR,first_marriage_age,M,all,1990,27.79,세,KOSIS,DT_1B83A05,"인구동향조사, 신고 연도 기준"
KR,first_marriage_age,M,all,1991,27.91,세,KOSIS,DT_1B83A05,"인구동향조사, 신고 연도 기준"
KR,first_marriage_age,M,all,1992,28.01,세,KOSIS,DT_1B83A05,"인구동향조사, 신고 연도 기준"
KR,first_marriage_age,M,all,1993,28.09,세,KOSIS,DT_1B83A05,"인구동향조사, 신고 연도 기준"
KR,first_marriage_age,M,all,1994,28.21,세,KOSIS,DT_1B83A05,"인구동향조사, 신고 연도 기준"
KR,first_marriage_age,M,all,1995,28.36,세,KOSIS,DT_1B83A05,"인구동향조사, 신고 연도 기준"
KR,first_marriage_age,M,all,1996,28.4,세,KOSIS,DT_1B83A05,"인구동향조사, 신고 연도 기준"
KR,first_marriage_age,M,all,1997,28.59,세,KOSIS,DT_1B83A05,"인구동향조사, 신고 연도 기준"
KR,first_marriage_age,M,all,1998,28.83,세,KOSIS,DT_1B83A05,"인구동향조사, 신고 연도 기준"
KR,first_marriage_age,M,all,1999,29.07,세,KOSIS,DT_1B83A05,"인구동향조사, 신고 연도 기준"
KR,first_marriage_age,M,all,2000,29.28,세,KOSIS,DT_1B83A05,"인구동향조사, 신고 연도 기준"
KR,first_marriage_age,M,all,2001,29.55,세,KOSIS,DT_1B83A05,"인구동향조사, 신고 연도 기준"
KR,first_marriage_age,M,all,2002,29.77,세,KOSIS,DT_1B83A05,"인구동향조사, 신고 연도 기준"
KR,first_marriage_age,M,all,2003,30.14,세,KOSIS,DT_1B83A05,"인구동향조사, 신고 연도 기준"
KR,first_marriage_age,M,all,2004,30.53,세,KOSIS,DT_1B83A05,"인구동향조사, 신고 연도 기준"
KR,first_marriage_age,M,all,2005,30.87,세,KOSIS,DT_1B83A05,"인구동향조사, 신고 연도 기준"
KR,first_marriage_age,M,all,2006,30.96,세,KOSIS,DT_1B83A05,"인구동향조사, 신고 연도 기준"
KR,first_marriage_age,M,all,2007,31.11,세,KOSIS,DT_1B83A05,"인구동향조사, 신고 연도 기준"
KR,first_marriage_age,M,all,2008,31.38,세,KOSIS,DT_1B83A05,"인구동향조사, 신고 연도 기준"
KR,first_marriage_age,M,all,2009,31.61,세,KOSIS,DT_1B83A05,"인구동향조사, 신고 연도 기준"
KR,first_marriage_age,M,all,2010,31.84,세,KOSIS,DT_1B83A05,"인구동향조사, 신고 연도 기준"
KR,first_marriage_age,M,all,2011,31.9,세,KOSIS,DT_1B83A05,"인구동향조사, 신고 연도 기준"
KR,first_marriage_age,M,all,2012,32.13,세,KOSIS,DT_1B83A05,"인구동향조사, 신고 연도 기준"
KR,first_marriage_age,M,all,2013,32.21,세,KOSIS,DT_1B83A05,"인구동향조사, 신고 연도 기준"
KR,first_marriage_age,M,all,2014,32.42,세,KOSIS,DT_1B83A05,"인구동향조사, 신고 연도 기준"
KR,first_marriage_age,M,all,2015,32.57,세,KOSIS,DT_1B83A05,"인구동향조사, 신고 연도 기준"
KR,first_marriage_age,M,all,2016,32.79,세,KOSIS,DT_1B83A05,"인구동향조사, 신고 연도 기준"
KR,first_marriage_age,M,all,2017,32.94,세,KOSIS,DT_1B83A05,"인구동향조사, 신고 연도 기준"
KR,first_marriage_age,M,all,2018,33.15,세,KOSIS,DT_1B83A05,"인구동향조사, 신고 연도 기준"
KR,first_marriage_age,M,all,2019,33.37,세,KOSIS,DT_1B83A05,"인구동향조사, 신고 연도 기준"
KR,first_marriage_age,M,all,2020,33.23,세,KOSIS,DT_1B83A05,"인구동향조사, 신고 연도 기준"
KR,first_marriage_age,M,all,2021,33.35,세,KOSIS,DT_1B83A05,"인구동향조사, 신고 연도 기준"
KR,first_marriage_age,M,all,2022,33.72,세,KOSIS,DT_1B83A05,"인구동향조사, 신고 연도 기준"
KR,first_marriage_age,M,all,2023,33.97,세,KOSIS,DT_1B83A05,"인구동향조사, 신고 연도 기준"
KR,first_marriage_age,M,all,2024,33.86,세,KOSIS,DT_1B83A05,"인구동향조사, 신고 연도 기준"
KR,first_marriage_age,M,all,2025,33.85,세,KOSIS,DT_1B83A05,"인구동향조사, 신고 연도 기준"
JP,marriage_rate,F,20-24,1947,75.8,‰,e-Stat,0003413965,"인구동태 확정수, 그 해 동거 시작·신고분, 동거 시작 당시 연령, 해당 연령 인구 천 명당"
JP,marriage_rate,F,20-24,1950,52.199999999999996,‰,e-Stat,0003413965,"인구동태 확정수, 그 해 동거 시작·신고분, 동거 시작 당시 연령, 해당 연령 인구 천 명당"
JP,marriage_rate,F,20-24,1955,64.38,‰,e-Stat,0003413965,"인구동태 확정수, 그 해 동거 시작·신고분, 동거 시작 당시 연령, 해당 연령 인구 천 명당"
JP,marriage_rate,F,20-24,1960,80.14,‰,e-Stat,0003413965,"인구동태 확정수, 그 해 동거 시작·신고분, 동거 시작 당시 연령, 해당 연령 인구 천 명당"
JP,marriage_rate,F,20-24,1965,96.94,‰,e-Stat,0003413965,"인구동태 확정수, 그 해 동거 시작·신고분, 동거 시작 당시 연령, 해당 연령 인구 천 명당"
JP,marriage_rate,F,20-24,1970,101.31,‰,e-Stat,0003413965,"인구동태 확정수, 그 해 동거 시작·신고분, 동거 시작 당시 연령, 해당 연령 인구 천 명당"
JP,marriage_rate,F,20-24,1975,103.81,‰,e-Stat,0003413965,"인구동태 확정수, 그 해 동거 시작·신고분, 동거 시작 당시 연령, 해당 연령 인구 천 명당"
JP,marriage_rate,F,20-24,1980,86.21,‰,e-Stat,0003413965,"인구동태 확정수, 그 해 동거 시작·신고분, 동거 시작 당시 연령, 해당 연령 인구 천 명당"
JP,marriage_rate,F,20-24,1985,70.78999999999999,‰,e-Stat,0003413965,"인구동태 확정수, 그 해 동거 시작·신고분, 동거 시작 당시 연령, 해당 연령 인구 천 명당"
JP,marriage_rate,F,20-24,1990,55.25,‰,e-Stat,0003413965,"인구동태 확정수, 그 해 동거 시작·신고분, 동거 시작 당시 연령, 해당 연령 인구 천 명당"
JP,marriage_rate,F,20-24,1995,49.84,‰,e-Stat,0003413965,"인구동태 확정수, 그 해 동거 시작·신고분, 동거 시작 당시 연령, 해당 연령 인구 천 명당"
JP,marriage_rate,F,20-24,2000,44.34,‰,e-Stat,0003413965,"인구동태 확정수, 그 해 동거 시작·신고분, 동거 시작 당시 연령, 해당 연령 인구 천 명당"
JP,marriage_rate,F,20-24,2001,43.39,‰,e-Stat,0003413965,"인구동태 확정수, 그 해 동거 시작·신고분, 동거 시작 당시 연령, 해당 연령 인구 천 명당"
JP,marriage_rate,F,20-24,2002,39.910000000000004,‰,e-Stat,0003413965,"인구동태 확정수, 그 해 동거 시작·신고분, 동거 시작 당시 연령, 해당 연령 인구 천 명당"
JP,marriage_rate,F,20-24,2003,37.31,‰,e-Stat,0003413965,"인구동태 확정수, 그 해 동거 시작·신고분, 동거 시작 당시 연령, 해당 연령 인구 천 명당"
JP,marriage_rate,F,20-24,2004,35.25,‰,e-Stat,0003413965,"인구동태 확정수, 그 해 동거 시작·신고분, 동거 시작 당시 연령, 해당 연령 인구 천 명당"
JP,marriage_rate,F,20-24,2005,35.14,‰,e-Stat,0003413965,"인구동태 확정수, 그 해 동거 시작·신고분, 동거 시작 당시 연령, 해당 연령 인구 천 명당"
JP,marriage_rate,F,20-24,2006,35.85,‰,e-Stat,0003413965,"인구동태 확정수, 그 해 동거 시작·신고분, 동거 시작 당시 연령, 해당 연령 인구 천 명당"
JP,marriage_rate,F,20-24,2007,34.35,‰,e-Stat,0003413965,"인구동태 확정수, 그 해 동거 시작·신고분, 동거 시작 당시 연령, 해당 연령 인구 천 명당"
JP,marriage_rate,F,20-24,2008,34.519999999999996,‰,e-Stat,0003413965,"인구동태 확정수, 그 해 동거 시작·신고분, 동거 시작 당시 연령, 해당 연령 인구 천 명당"
JP,marriage_rate,F,20-24,2009,33.01,‰,e-Stat,0003413965,"인구동태 확정수, 그 해 동거 시작·신고분, 동거 시작 당시 연령, 해당 연령 인구 천 명당"
JP,marriage_rate,F,20-24,2010,33.06,‰,e-Stat,0003413965,"인구동태 확정수, 그 해 동거 시작·신고분, 동거 시작 당시 연령, 해당 연령 인구 천 명당"
JP,marriage_rate,F,20-24,2011,30.41,‰,e-Stat,0003413965,"인구동태 확정수, 그 해 동거 시작·신고분, 동거 시작 당시 연령, 해당 연령 인구 천 명당"
JP,marriage_rate,F,20-24,2012,29.63,‰,e-Stat,0003413965,"인구동태 확정수, 그 해 동거 시작·신고분, 동거 시작 당시 연령, 해당 연령 인구 천 명당"
JP,marriage_rate,F,20-24,2013,28.79,‰,e-Stat,0003413965,"인구동태 확정수, 그 해 동거 시작·신고분, 동거 시작 당시 연령, 해당 연령 인구 천 명당"
JP,marriage_rate,F,20-24,2014,27.44,‰,e-Stat,0003413965,"인구동태 확정수, 그 해 동거 시작·신고분, 동거 시작 당시 연령, 해당 연령 인구 천 명당"
JP,marriage_rate,F,20-24,2015,27.03,‰,e-Stat,0003413965,"인구동태 확정수, 그 해 동거 시작·신고분, 동거 시작 당시 연령, 해당 연령 인구 천 명당"
JP,marriage_rate,F,20-24,2016,26.48,‰,e-Stat,0003413965,"인구동태 확정수, 그 해 동거 시작·신고분, 동거 시작 당시 연령, 해당 연령 인구 천 명당"
JP,marriage_rate,F,20-24,2017,26.07,‰,e-Stat,0003413965,"인구동태 확정수, 그 해 동거 시작·신고분, 동거 시작 당시 연령, 해당 연령 인구 천 명당"
JP,marriage_rate,F,20-24,2018,24.59,‰,e-Stat,0003413965,"인구동태 확정수, 그 해 동거 시작·신고분, 동거 시작 당시 연령, 해당 연령 인구 천 명당"
JP,marriage_rate,F,20-24,2019,24.15,‰,e-Stat,0003413965,"인구동태 확정수, 그 해 동거 시작·신고분, 동거 시작 당시 연령, 해당 연령 인구 천 명당"
JP,marriage_rate,F,20-24,2020,21.18,‰,e-Stat,0003413965,"인구동태 확정수, 그 해 동거 시작·신고분, 동거 시작 당시 연령, 해당 연령 인구 천 명당"
JP,marriage_rate,F,20-24,2021,19.24,‰,e-Stat,0003413965,"인구동태 확정수, 그 해 동거 시작·신고분, 동거 시작 당시 연령, 해당 연령 인구 천 명당"
JP,marriage_rate,F,20-24,2022,17.68,‰,e-Stat,0003413965,"인구동태 확정수, 그 해 동거 시작·신고분, 동거 시작 당시 연령, 해당 연령 인구 천 명당"
JP,marriage_rate,F,20-24,2023,16.11,‰,e-Stat,0003413965,"인구동태 확정수, 그 해 동거 시작·신고분, 동거 시작 당시 연령, 해당 연령 인구 천 명당"
JP,marriage_rate,F,20-24,2024,15.530000000000001,‰,e-Stat,0003413965,"인구동태 확정수, 그 해 동거 시작·신고분, 동거 시작 당시 연령, 해당 연령 인구 천 명당"
JP,marriage_rate,F,25-29,1947,31.18,‰,e-Stat,0003413965,"인구동태 확정수, 그 해 동거 시작·신고분, 동거 시작 당시 연령, 해당 연령 인구 천 명당"
JP,marriage_rate,F,25-29,1950,18.84,‰,e-Stat,0003413965,"인구동태 확정수, 그 해 동거 시작·신고분, 동거 시작 당시 연령, 해당 연령 인구 천 명당"
JP,marriage_rate,F,25-29,1955,27.01,‰,e-Stat,0003413965,"인구동태 확정수, 그 해 동거 시작·신고분, 동거 시작 당시 연령, 해당 연령 인구 천 명당"
JP,marriage_rate,F,25-29,1960,40.66,‰,e-Stat,0003413965,"인구동태 확정수, 그 해 동거 시작·신고분, 동거 시작 당시 연령, 해당 연령 인구 천 명당"
JP,marriage_rate,F,25-29,1965,44.41,‰,e-Stat,0003413965,"인구동태 확정수, 그 해 동거 시작·신고분, 동거 시작 당시 연령, 해당 연령 인구 천 명당"
JP,marriage_rate,F,25-29,1970,48.480000000000004,‰,e-Stat,0003413965,"인구동태 확정수, 그 해 동거 시작·신고분, 동거 시작 당시 연령, 해당 연령 인구 천 명당"
JP,marriage_rate,F,25-29,1975,50.89,‰,e-Stat,0003413965,"인구동태 확정수, 그 해 동거 시작·신고분, 동거 시작 당시 연령, 해당 연령 인구 천 명당"
JP,marriage_rate,F,25-29,1980,56.76,‰,e-Stat,0003413965,"인구동태 확정수, 그 해 동거 시작·신고분, 동거 시작 당시 연령, 해당 연령 인구 천 명당"
JP,marriage_rate,F,25-29,1985,68.31,‰,e-Stat,0003413965,"인구동태 확정수, 그 해 동거 시작·신고분, 동거 시작 당시 연령, 해당 연령 인구 천 명당"
JP,marriage_rate,F,25-29,1990,71.91,‰,e-Stat,0003413965,"인구동태 확정수, 그 해 동거 시작·신고분, 동거 시작 당시 연령, 해당 연령 인구 천 명당"
JP,marriage_rate,F,25-29,1995,74.1,‰,e-Stat,0003413965,"인구동태 확정수, 그 해 동거 시작·신고분, 동거 시작 당시 연령, 해당 연령 인구 천 명당"
JP,marriage_rate,F,25-29,2000,68.99000000000001,‰,e-Stat,0003413965,"인구동태 확정수, 그 해 동거 시작·신고분, 동거 시작 당시 연령, 해당 연령 인구 천 명당"
JP,marriage_rate,F,25-29,2001,68.91000000000001,‰,e-Stat,0003413965,"인구동태 확정수, 그 해 동거 시작·신고분, 동거 시작 당시 연령, 해당 연령 인구 천 명당"
JP,marriage_rate,F,25-29,2002,65.88,‰,e-Stat,0003413965,"인구동태 확정수, 그 해 동거 시작·신고분, 동거 시작 당시 연령, 해당 연령 인구 천 명당"
JP,marriage_rate,F,25-29,2003,64.5,‰,e-Stat,0003413965,"인구동태 확정수, 그 해 동거 시작·신고분, 동거 시작 당시 연령, 해당 연령 인구 천 명당"
JP,marriage_rate,F,25-29,2004,62.98,‰,e-Stat,0003413965,"인구동태 확정수, 그 해 동거 시작·신고분, 동거 시작 당시 연령, 해당 연령 인구 천 명당"
JP,marriage_rate,F,25-29,2005,63.620000000000005,‰,e-Stat,0003413965,"인구동태 확정수, 그 해 동거 시작·신고분, 동거 시작 당시 연령, 해당 연령 인구 천 명당"
JP,marriage_rate,F,25-29,2006,65.41,‰,e-Stat,0003413965,"인구동태 확정수, 그 해 동거 시작·신고분, 동거 시작 당시 연령, 해당 연령 인구 천 명당"
JP,marriage_rate,F,25-29,2007,64.92,‰,e-Stat,0003413965,"인구동태 확정수, 그 해 동거 시작·신고분, 동거 시작 당시 연령, 해당 연령 인구 천 명당"
JP,marriage_rate,F,25-29,2008,65.64,‰,e-Stat,0003413965,"인구동태 확정수, 그 해 동거 시작·신고분, 동거 시작 당시 연령, 해당 연령 인구 천 명당"
JP,marriage_rate,F,25-29,2009,64.25,‰,e-Stat,0003413965,"인구동태 확정수, 그 해 동거 시작·신고분, 동거 시작 당시 연령, 해당 연령 인구 천 명당"
JP,marriage_rate,F,25-29,2010,63.82,‰,e-Stat,0003413965,"인구동태 확정수, 그 해 동거 시작·신고분, 동거 시작 당시 연령, 해당 연령 인구 천 명당"
JP,marriage_rate,F,25-29,2011,61.32,‰,e-Stat,0003413965,"인구동태 확정수, 그 해 동거 시작·신고분, 동거 시작 당시 연령, 해당 연령 인구 천 명당"
JP,marriage_rate,F,25-29,2012,62.480000000000004,‰,e-Stat,0003413965,"인구동태 확정수, 그 해 동거 시작·신고분, 동거 시작 당시 연령, 해당 연령 인구 천 명당"
JP,marriage_rate,F,25-29,2013,62.68,‰,e-Stat,0003413965,"인구동태 확정수, 그 해 동거 시작·신고분, 동거 시작 당시 연령, 해당 연령 인구 천 명당"
JP,marriage_rate,F,25-29,2014,61.72,‰,e-Stat,0003413965,"인구동태 확정수, 그 해 동거 시작·신고분, 동거 시작 당시 연령, 해당 연령 인구 천 명당"
JP,marriage_rate,F,25-29,2015,61.260000000000005,‰,e-Stat,0003413965,"인구동태 확정수, 그 해 동거 시작·신고분, 동거 시작 당시 연령, 해당 연령 인구 천 명당"
JP,marriage_rate,F,25-29,2016,61.2,‰,e-Stat,0003413965,"인구동태 확정수, 그 해 동거 시작·신고분, 동거 시작 당시 연령, 해당 연령 인구 천 명당"
JP,marriage_rate,F,25-29,2017,60.58,‰,e-Stat,0003413965,"인구동태 확정수, 그 해 동거 시작·신고분, 동거 시작 당시 연령, 해당 연령 인구 천 명당"
JP,marriage_rate,F,25-29,2018,58.74,‰,e-Stat,0003413965,"인구동태 확정수, 그 해 동거 시작·신고분, 동거 시작 당시 연령, 해당 연령 인구 천 명당"
JP,marriage_rate,F,25-29,2019,59.370000000000005,‰,e-Stat,0003413965,"인구동태 확정수, 그 해 동거 시작·신고분, 동거 시작 당시 연령, 해당 연령 인구 천 명당"
JP,marriage_rate,F,25-29,2020,51.23,‰,e-Stat,0003413965,"인구동태 확정수, 그 해 동거 시작·신고분, 동거 시작 당시 연령, 해당 연령 인구 천 명당"
JP,marriage_rate,F,25-29,2021,47.42,‰,e-Stat,0003413965,"인구동태 확정수, 그 해 동거 시작·신고분, 동거 시작 당시 연령, 해당 연령 인구 천 명당"
JP,marriage_rate,F,25-29,2022,45.48,‰,e-Stat,0003413965,"인구동태 확정수, 그 해 동거 시작·신고분, 동거 시작 당시 연령, 해당 연령 인구 천 명당"
JP,marriage_rate,F,25-29,2023,41.24,‰,e-Stat,0003413965,"인구동태 확정수, 그 해 동거 시작·신고분, 동거 시작 당시 연령, 해당 연령 인구 천 명당"
JP,marriage_rate,F,25-29,2024,41.49,‰,e-Stat,0003413965,"인구동태 확정수, 그 해 동거 시작·신고분, 동거 시작 당시 연령, 해당 연령 인구 천 명당"
JP,marriage_rate,F,30-34,1947,8.01,‰,e-Stat,0003413965,"인구동태 확정수, 그 해 동거 시작·신고분, 동거 시작 당시 연령, 해당 연령 인구 천 명당"
JP,marriage_rate,F,30-34,1950,6.04,‰,e-Stat,0003413965,"인구동태 확정수, 그 해 동거 시작·신고분, 동거 시작 당시 연령, 해당 연령 인구 천 명당"
JP,marriage_rate,F,30-34,1955,5.71,‰,e-Stat,0003413965,"인구동태 확정수, 그 해 동거 시작·신고분, 동거 시작 당시 연령, 해당 연령 인구 천 명당"
JP,marriage_rate,F,30-34,1960,8.11,‰,e-Stat,0003413965,"인구동태 확정수, 그 해 동거 시작·신고분, 동거 시작 당시 연령, 해당 연령 인구 천 명당"
JP,marriage_rate,F,30-34,1965,9.22,‰,e-Stat,0003413965,"인구동태 확정수, 그 해 동거 시작·신고분, 동거 시작 당시 연령, 해당 연령 인구 천 명당"
JP,marriage_rate,F,30-34,1970,8.29,‰,e-Stat,0003413965,"인구동태 확정수, 그 해 동거 시작·신고분, 동거 시작 당시 연령, 해당 연령 인구 천 명당"
JP,marriage_rate,F,30-34,1975,8.57,‰,e-Stat,0003413965,"인구동태 확정수, 그 해 동거 시작·신고분, 동거 시작 당시 연령, 해당 연령 인구 천 명당"
JP,marriage_rate,F,30-34,1980,10.57,‰,e-Stat,0003413965,"인구동태 확정수, 그 해 동거 시작·신고분, 동거 시작 당시 연령, 해당 연령 인구 천 명당"
JP,marriage_rate,F,30-34,1985,12.649999999999999,‰,e-Stat,0003413965,"인구동태 확정수, 그 해 동거 시작·신고분, 동거 시작 당시 연령, 해당 연령 인구 천 명당"
JP,marriage_rate,F,30-34,1990,16.43,‰,e-Stat,0003413965,"인구동태 확정수, 그 해 동거 시작·신고분, 동거 시작 당시 연령, 해당 연령 인구 천 명당"
JP,marriage_rate,F,30-34,1995,22.65,‰,e-Stat,0003413965,"인구동태 확정수, 그 해 동거 시작·신고분, 동거 시작 당시 연령, 해당 연령 인구 천 명당"
JP,marriage_rate,F,30-34,2000,26.79,‰,e-Stat,0003413965,"인구동태 확정수, 그 해 동거 시작·신고분, 동거 시작 당시 연령, 해당 연령 인구 천 명당"
JP,marriage_rate,F,30-34,2001,27.7,‰,e-Stat,0003413965,"인구동태 확정수, 그 해 동거 시작·신고분, 동거 시작 당시 연령, 해당 연령 인구 천 명당"
JP,marriage_rate,F,30-34,2002,27.87,‰,e-Stat,0003413965,"인구동태 확정수, 그 해 동거 시작·신고분, 동거 시작 당시 연령, 해당 연령 인구 천 명당"
JP,marriage_rate,F,30-34,2003,28.65,‰,e-Stat,0003413965,"인구동태 확정수, 그 해 동거 시작·신고분, 동거 시작 당시 연령, 해당 연령 인구 천 명당"
JP,marriage_rate,F,30-34,2004,28.889999999999997,‰,e-Stat,0003413965,"인구동태 확정수, 그 해 동거 시작·신고분, 동거 시작 당시 연령, 해당 연령 인구 천 명당"
JP,marriage_rate,F,30-34,2005,29.72,‰,e-Stat,0003413965,"인구동태 확정수, 그 해 동거 시작·신고분, 동거 시작 당시 연령, 해당 연령 인구 천 명당"
JP,marriage_rate,F,30-34,2006,31.29,‰,e-Stat,0003413965,"인구동태 확정수, 그 해 동거 시작·신고분, 동거 시작 당시 연령, 해당 연령 인구 천 명당"
JP,marriage_rate,F,30-34,2007,31.53,‰,e-Stat,0003413965,"인구동태 확정수, 그 해 동거 시작·신고분, 동거 시작 당시 연령, 해당 연령 인구 천 명당"
JP,marriage_rate,F,30-34,2008,33.120000000000005,‰,e-Stat,0003413965,"인구동태 확정수, 그 해 동거 시작·신고분, 동거 시작 당시 연령, 해당 연령 인구 천 명당"
JP,marriage_rate,F,30-34,2009,33.21,‰,e-Stat,0003413965,"인구동태 확정수, 그 해 동거 시작·신고분, 동거 시작 당시 연령, 해당 연령 인구 천 명당"
JP,marriage_rate,F,30-34,2010,33.48,‰,e-Stat,0003413965,"인구동태 확정수, 그 해 동거 시작·신고분, 동거 시작 당시 연령, 해당 연령 인구 천 명당"
JP,marriage_rate,F,30-34,2011,32.57,‰,e-Stat,0003413965,"인구동태 확정수, 그 해 동거 시작·신고분, 동거 시작 당시 연령, 해당 연령 인구 천 명당"
JP,marriage_rate,F,30-34,2012,34.05,‰,e-Stat,0003413965,"인구동태 확정수, 그 해 동거 시작·신고분, 동거 시작 당시 연령, 해당 연령 인구 천 명당"
JP,marriage_rate,F,30-34,2013,34.71,‰,e-Stat,0003413965,"인구동태 확정수, 그 해 동거 시작·신고분, 동거 시작 당시 연령, 해당 연령 인구 천 명당"
JP,marriage_rate,F,30-34,2014,34.23,‰,e-Stat,0003413965,"인구동태 확정수, 그 해 동거 시작·신고분, 동거 시작 당시 연령, 해당 연령 인구 천 명당"
JP,marriage_rate,F,30-34,2015,33.699999999999996,‰,e-Stat,0003413965,"인구동태 확정수, 그 해 동거 시작·신고분, 동거 시작 당시 연령, 해당 연령 인구 천 명당"
JP,marriage_rate,F,30-34,2016,32.85,‰,e-Stat,0003413965,"인구동태 확정수, 그 해 동거 시작·신고분, 동거 시작 당시 연령, 해당 연령 인구 천 명당"
JP,marriage_rate,F,30-34,2017,32.05,‰,e-Stat,0003413965,"인구동태 확정수, 그 해 동거 시작·신고분, 동거 시작 당시 연령, 해당 연령 인구 천 명당"
JP,marriage_rate,F,30-34,2018,30.880000000000003,‰,e-Stat,0003413965,"인구동태 확정수, 그 해 동거 시작·신고분, 동거 시작 당시 연령, 해당 연령 인구 천 명당"
JP,marriage_rate,F,30-34,2019,31.76,‰,e-Stat,0003413965,"인구동태 확정수, 그 해 동거 시작·신고분, 동거 시작 당시 연령, 해당 연령 인구 천 명당"
JP,marriage_rate,F,30-34,2020,27.080000000000002,‰,e-Stat,0003413965,"인구동태 확정수, 그 해 동거 시작·신고분, 동거 시작 당시 연령, 해당 연령 인구 천 명당"
JP,marriage_rate,F,30-34,2021,24.86,‰,e-Stat,0003413965,"인구동태 확정수, 그 해 동거 시작·신고분, 동거 시작 당시 연령, 해당 연령 인구 천 명당"
JP,marriage_rate,F,30-34,2022,24.85,‰,e-Stat,0003413965,"인구동태 확정수, 그 해 동거 시작·신고분, 동거 시작 당시 연령, 해당 연령 인구 천 명당"
JP,marriage_rate,F,30-34,2023,23.23,‰,e-Stat,0003413965,"인구동태 확정수, 그 해 동거 시작·신고분, 동거 시작 당시 연령, 해당 연령 인구 천 명당"
JP,marriage_rate,F,30-34,2024,23.5,‰,e-Stat,0003413965,"인구동태 확정수, 그 해 동거 시작·신고분, 동거 시작 당시 연령, 해당 연령 인구 천 명당"
JP,marriage_rate,F,35-39,1947,2.4699999999999998,‰,e-Stat,0003413965,"인구동태 확정수, 그 해 동거 시작·신고분, 동거 시작 당시 연령, 해당 연령 인구 천 명당"
JP,marriage_rate,F,35-39,1950,2.37,‰,e-Stat,0003413965,"인구동태 확정수, 그 해 동거 시작·신고분, 동거 시작 당시 연령, 해당 연령 인구 천 명당"
JP,marriage_rate,F,35-39,1955,2.16,‰,e-Stat,0003413965,"인구동태 확정수, 그 해 동거 시작·신고분, 동거 시작 당시 연령, 해당 연령 인구 천 명당"
JP,marriage_rate,F,35-39,1960,2.9299999999999997,‰,e-Stat,0003413965,"인구동태 확정수, 그 해 동거 시작·신고분, 동거 시작 당시 연령, 해당 연령 인구 천 명당"
JP,marriage_rate,F,35-39,1965,3.81,‰,e-Stat,0003413965,"인구동태 확정수, 그 해 동거 시작·신고분, 동거 시작 당시 연령, 해당 연령 인구 천 명당"
JP,marriage_rate,F,35-39,1970,3.59,‰,e-Stat,0003413965,"인구동태 확정수, 그 해 동거 시작·신고분, 동거 시작 당시 연령, 해당 연령 인구 천 명당"
JP,marriage_rate,F,35-39,1975,3.37,‰,e-Stat,0003413965,"인구동태 확정수, 그 해 동거 시작·신고분, 동거 시작 당시 연령, 해당 연령 인구 천 명당"
JP,marriage_rate,F,35-39,1980,3.55,‰,e-Stat,0003413965,"인구동태 확정수, 그 해 동거 시작·신고분, 동거 시작 당시 연령, 해당 연령 인구 천 명당"
JP,marriage_rate,F,35-39,1985,4.51,‰,e-Stat,0003413965,"인구동태 확정수, 그 해 동거 시작·신고분, 동거 시작 당시 연령, 해당 연령 인구 천 명당"
JP,marriage_rate,F,35-39,1990,5.029999999999999,‰,e-Stat,0003413965,"인구동태 확정수, 그 해 동거 시작·신고분, 동거 시작 당시 연령, 해당 연령 인구 천 명당"
JP,marriage_rate,F,35-39,1995,6.58,‰,e-Stat,0003413965,"인구동태 확정수, 그 해 동거 시작·신고분, 동거 시작 당시 연령, 해당 연령 인구 천 명당"
JP,marriage_rate,F,35-39,2000,8.76,‰,e-Stat,0003413965,"인구동태 확정수, 그 해 동거 시작·신고분, 동거 시작 당시 연령, 해당 연령 인구 천 명당"
JP,marriage_rate,F,35-39,2001,9.68,‰,e-Stat,0003413965,"인구동태 확정수, 그 해 동거 시작·신고분, 동거 시작 당시 연령, 해당 연령 인구 천 명당"
JP,marriage_rate,F,35-39,2002,9.68,‰,e-Stat,0003413965,"인구동태 확정수, 그 해 동거 시작·신고분, 동거 시작 당시 연령, 해당 연령 인구 천 명당"
JP,marriage_rate,F,35-39,2003,10.3,‰,e-Stat,0003413965,"인구동태 확정수, 그 해 동거 시작·신고분, 동거 시작 당시 연령, 해당 연령 인구 천 명당"
JP,marriage_rate,F,35-39,2004,10.68,‰,e-Stat,0003413965,"인구동태 확정수, 그 해 동거 시작·신고분, 동거 시작 당시 연령, 해당 연령 인구 천 명당"
JP,marriage_rate,F,35-39,2005,11.46,‰,e-Stat,0003413965,"인구동태 확정수, 그 해 동거 시작·신고분, 동거 시작 당시 연령, 해당 연령 인구 천 명당"
JP,marriage_rate,F,35-39,2006,12.07,‰,e-Stat,0003413965,"인구동태 확정수, 그 해 동거 시작·신고분, 동거 시작 당시 연령, 해당 연령 인구 천 명당"
JP,marriage_rate,F,35-39,2007,12.68,‰,e-Stat,0003413965,"인구동태 확정수, 그 해 동거 시작·신고분, 동거 시작 당시 연령, 해당 연령 인구 천 명당"
JP,marriage_rate,F,35-39,2008,13.440000000000001,‰,e-Stat,0003413965,"인구동태 확정수, 그 해 동거 시작·신고분, 동거 시작 당시 연령, 해당 연령 인구 천 명당"
JP,marriage_rate,F,35-39,2009,13.66,‰,e-Stat,0003413965,"인구동태 확정수, 그 해 동거 시작·신고분, 동거 시작 당시 연령, 해당 연령 인구 천 명당"
JP,marriage_rate,F,35-39,2010,14.100000000000001,‰,e-Stat,0003413965,"인구동태 확정수, 그 해 동거 시작·신고분, 동거 시작 당시 연령, 해당 연령 인구 천 명당"
JP,marriage_rate,F,35-39,2011,13.879999999999999,‰,e-Stat,0003413965,"인구동태 확정수, 그 해 동거 시작·신고분, 동거 시작 당시 연령, 해당 연령 인구 천 명당"
JP,marriage_rate,F,35-39,2012,14.79,‰,e-Stat,0003413965,"인구동태 확정수, 그 해 동거 시작·신고분, 동거 시작 당시 연령, 해당 연령 인구 천 명당"
JP,marriage_rate,F,35-39,2013,15.309999999999999,‰,e-Stat,0003413965,"인구동태 확정수, 그 해 동거 시작·신고분, 동거 시작 당시 연령, 해당 연령 인구 천 명당"
JP,marriage_rate,F,35-39,2014,15.54,‰,e-Stat,0003413965,"인구동태 확정수, 그 해 동거 시작·신고분, 동거 시작 당시 연령, 해당 연령 인구 천 명당"
JP,marriage_rate,F,35-39,2015,15.67,‰,e-Stat,0003413965,"인구동태 확정수, 그 해 동거 시작·신고분, 동거 시작 당시 연령, 해당 연령 인구 천 명당"
JP,marriage_rate,F,35-39,2016,15.36,‰,e-Stat,0003413965,"인구동태 확정수, 그 해 동거 시작·신고분, 동거 시작 당시 연령, 해당 연령 인구 천 명당"
JP,marriage_rate,F,35-39,2017,15.04,‰,e-Stat,0003413965,"인구동태 확정수, 그 해 동거 시작·신고분, 동거 시작 당시 연령, 해당 연령 인구 천 명당"
JP,marriage_rate,F,35-39,2018,14.59,‰,e-Stat,0003413965,"인구동태 확정수, 그 해 동거 시작·신고분, 동거 시작 당시 연령, 해당 연령 인구 천 명당"
JP,marriage_rate,F,35-39,2019,14.84,‰,e-Stat,0003413965,"인구동태 확정수, 그 해 동거 시작·신고분, 동거 시작 당시 연령, 해당 연령 인구 천 명당"
JP,marriage_rate,F,35-39,2020,12.62,‰,e-Stat,0003413965,"인구동태 확정수, 그 해 동거 시작·신고분, 동거 시작 당시 연령, 해당 연령 인구 천 명당"
JP,marriage_rate,F,35-39,2021,11.67,‰,e-Stat,0003413965,"인구동태 확정수, 그 해 동거 시작·신고분, 동거 시작 당시 연령, 해당 연령 인구 천 명당"
JP,marriage_rate,F,35-39,2022,11.56,‰,e-Stat,0003413965,"인구동태 확정수, 그 해 동거 시작·신고분, 동거 시작 당시 연령, 해당 연령 인구 천 명당"
JP,marriage_rate,F,35-39,2023,10.8,‰,e-Stat,0003413965,"인구동태 확정수, 그 해 동거 시작·신고분, 동거 시작 당시 연령, 해당 연령 인구 천 명당"
JP,marriage_rate,F,35-39,2024,10.79,‰,e-Stat,0003413965,"인구동태 확정수, 그 해 동거 시작·신고분, 동거 시작 당시 연령, 해당 연령 인구 천 명당"
JP,marriage_rate,F,40-44,1947,1.21,‰,e-Stat,0003413965,"인구동태 확정수, 그 해 동거 시작·신고분, 동거 시작 당시 연령, 해당 연령 인구 천 명당"
JP,marriage_rate,F,40-44,1950,1.12,‰,e-Stat,0003413965,"인구동태 확정수, 그 해 동거 시작·신고분, 동거 시작 당시 연령, 해당 연령 인구 천 명당"
JP,marriage_rate,F,40-44,1955,1.0,‰,e-Stat,0003413965,"인구동태 확정수, 그 해 동거 시작·신고분, 동거 시작 당시 연령, 해당 연령 인구 천 명당"
JP,marriage_rate,F,40-44,1960,1.26,‰,e-Stat,0003413965,"인구동태 확정수, 그 해 동거 시작·신고분, 동거 시작 당시 연령, 해당 연령 인구 천 명당"
JP,marriage_rate,F,40-44,1965,1.8,‰,e-Stat,0003413965,"인구동태 확정수, 그 해 동거 시작·신고분, 동거 시작 당시 연령, 해당 연령 인구 천 명당"
JP,marriage_rate,F,40-44,1970,2.0,‰,e-Stat,0003413965,"인구동태 확정수, 그 해 동거 시작·신고분, 동거 시작 당시 연령, 해당 연령 인구 천 명당"
JP,marriage_rate,F,40-44,1975,1.84,‰,e-Stat,0003413965,"인구동태 확정수, 그 해 동거 시작·신고분, 동거 시작 당시 연령, 해당 연령 인구 천 명당"
JP,marriage_rate,F,40-44,1980,1.6800000000000002,‰,e-Stat,0003413965,"인구동태 확정수, 그 해 동거 시작·신고분, 동거 시작 당시 연령, 해당 연령 인구 천 명당"
JP,marriage_rate,F,40-44,1985,2.04,‰,e-Stat,0003413965,"인구동태 확정수, 그 해 동거 시작·신고분, 동거 시작 당시 연령, 해당 연령 인구 천 명당"
JP,marriage_rate,F,40-44,1990,2.3499999999999996,‰,e-Stat,0003413965,"인구동태 확정수, 그 해 동거 시작·신고분, 동거 시작 당시 연령, 해당 연령 인구 천 명당"
JP,marriage_rate,F,40-44,1995,2.59,‰,e-Stat,0003413965,"인구동태 확정수, 그 해 동거 시작·신고분, 동거 시작 당시 연령, 해당 연령 인구 천 명당"
JP,marriage_rate,F,40-44,2000,3.09,‰,e-Stat,0003413965,"인구동태 확정수, 그 해 동거 시작·신고분, 동거 시작 당시 연령, 해당 연령 인구 천 명당"
JP,marriage_rate,F,40-44,2001,3.3899999999999997,‰,e-Stat,0003413965,"인구동태 확정수, 그 해 동거 시작·신고분, 동거 시작 당시 연령, 해당 연령 인구 천 명당"
JP,marriage_rate,F,40-44,2002,3.4400000000000004,‰,e-Stat,0003413965,"인구동태 확정수, 그 해 동거 시작·신고분, 동거 시작 당시 연령, 해당 연령 인구 천 명당"
JP,marriage_rate,F,40-44,2003,3.75,‰,e-Stat,0003413965,"인구동태 확정수, 그 해 동거 시작·신고분, 동거 시작 당시 연령, 해당 연령 인구 천 명당"
JP,marriage_rate,F,40-44,2004,3.88,‰,e-Stat,0003413965,"인구동태 확정수, 그 해 동거 시작·신고분, 동거 시작 당시 연령, 해당 연령 인구 천 명당"
JP,marriage_rate,F,40-44,2005,4.09,‰,e-Stat,0003413965,"인구동태 확정수, 그 해 동거 시작·신고분, 동거 시작 당시 연령, 해당 연령 인구 천 명당"
JP,marriage_rate,F,40-44,2006,4.4399999999999995,‰,e-Stat,0003413965,"인구동태 확정수, 그 해 동거 시작·신고분, 동거 시작 당시 연령, 해당 연령 인구 천 명당"
JP,marriage_rate,F,40-44,2007,4.54,‰,e-Stat,0003413965,"인구동태 확정수, 그 해 동거 시작·신고분, 동거 시작 당시 연령, 해당 연령 인구 천 명당"
JP,marriage_rate,F,40-44,2008,4.89,‰,e-Stat,0003413965,"인구동태 확정수, 그 해 동거 시작·신고분, 동거 시작 당시 연령, 해당 연령 인구 천 명당"
JP,marriage_rate,F,40-44,2009,5.07,‰,e-Stat,0003413965,"인구동태 확정수, 그 해 동거 시작·신고분, 동거 시작 당시 연령, 해당 연령 인구 천 명당"
JP,marriage_rate,F,40-44,2010,5.21,‰,e-Stat,0003413965,"인구동태 확정수, 그 해 동거 시작·신고분, 동거 시작 당시 연령, 해당 연령 인구 천 명당"
JP,marriage_rate,F,40-44,2011,5.22,‰,e-Stat,0003413965,"인구동태 확정수, 그 해 동거 시작·신고분, 동거 시작 당시 연령, 해당 연령 인구 천 명당"
JP,marriage_rate,F,40-44,2012,5.67,‰,e-Stat,0003413965,"인구동태 확정수, 그 해 동거 시작·신고분, 동거 시작 당시 연령, 해당 연령 인구 천 명당"
JP,marriage_rate,F,40-44,2013,5.779999999999999,‰,e-Stat,0003413965,"인구동태 확정수, 그 해 동거 시작·신고분, 동거 시작 당시 연령, 해당 연령 인구 천 명당"
JP,marriage_rate,F,40-44,2014,5.85,‰,e-Stat,0003413965,"인구동태 확정수, 그 해 동거 시작·신고분, 동거 시작 당시 연령, 해당 연령 인구 천 명당"
JP,marriage_rate,F,40-44,2015,5.890000000000001,‰,e-Stat,0003413965,"인구동태 확정수, 그 해 동거 시작·신고분, 동거 시작 당시 연령, 해당 연령 인구 천 명당"
JP,marriage_rate,F,40-44,2016,5.890000000000001,‰,e-Stat,0003413965,"인구동태 확정수, 그 해 동거 시작·신고분, 동거 시작 당시 연령, 해당 연령 인구 천 명당"
JP,marriage_rate,F,40-44,2017,5.83,‰,e-Stat,0003413965,"인구동태 확정수, 그 해 동거 시작·신고분, 동거 시작 당시 연령, 해당 연령 인구 천 명당"
JP,marriage_rate,F,40-44,2018,5.71,‰,e-Stat,0003413965,"인구동태 확정수, 그 해 동거 시작·신고분, 동거 시작 당시 연령, 해당 연령 인구 천 명당"
JP,marriage_rate,F,40-44,2019,6.04,‰,e-Stat,0003413965,"인구동태 확정수, 그 해 동거 시작·신고분, 동거 시작 당시 연령, 해당 연령 인구 천 명당"
JP,marriage_rate,F,40-44,2020,5.12,‰,e-Stat,0003413965,"인구동태 확정수, 그 해 동거 시작·신고분, 동거 시작 당시 연령, 해당 연령 인구 천 명당"
JP,marriage_rate,F,40-44,2021,4.800000000000001,‰,e-Stat,0003413965,"인구동태 확정수, 그 해 동거 시작·신고분, 동거 시작 당시 연령, 해당 연령 인구 천 명당"
JP,marriage_rate,F,40-44,2022,4.84,‰,e-Stat,0003413965,"인구동태 확정수, 그 해 동거 시작·신고분, 동거 시작 당시 연령, 해당 연령 인구 천 명당"
JP,marriage_rate,F,40-44,2023,4.52,‰,e-Stat,0003413965,"인구동태 확정수, 그 해 동거 시작·신고분, 동거 시작 당시 연령, 해당 연령 인구 천 명당"
JP,marriage_rate,F,40-44,2024,4.449999999999999,‰,e-Stat,0003413965,"인구동태 확정수, 그 해 동거 시작·신고분, 동거 시작 당시 연령, 해당 연령 인구 천 명당"
JP,marriage_rate,F,45-49,1947,0.75,‰,e-Stat,0003413965,"인구동태 확정수, 그 해 동거 시작·신고분, 동거 시작 당시 연령, 해당 연령 인구 천 명당"
JP,marriage_rate,F,45-49,1950,0.6599999999999999,‰,e-Stat,0003413965,"인구동태 확정수, 그 해 동거 시작·신고분, 동거 시작 당시 연령, 해당 연령 인구 천 명당"
JP,marriage_rate,F,45-49,1955,0.61,‰,e-Stat,0003413965,"인구동태 확정수, 그 해 동거 시작·신고분, 동거 시작 당시 연령, 해당 연령 인구 천 명당"
JP,marriage_rate,F,45-49,1960,0.7,‰,e-Stat,0003413965,"인구동태 확정수, 그 해 동거 시작·신고분, 동거 시작 당시 연령, 해당 연령 인구 천 명당"
JP,marriage_rate,F,45-49,1965,1.02,‰,e-Stat,0003413965,"인구동태 확정수, 그 해 동거 시작·신고분, 동거 시작 당시 연령, 해당 연령 인구 천 명당"
JP,marriage_rate,F,45-49,1970,1.1099999999999999,‰,e-Stat,0003413965,"인구동태 확정수, 그 해 동거 시작·신고분, 동거 시작 당시 연령, 해당 연령 인구 천 명당"
JP,marriage_rate,F,45-49,1975,1.19,‰,e-Stat,0003413965,"인구동태 확정수, 그 해 동거 시작·신고분, 동거 시작 당시 연령, 해당 연령 인구 천 명당"
JP,marriage_rate,F,45-49,1980,1.07,‰,e-Stat,0003413965,"인구동태 확정수, 그 해 동거 시작·신고분, 동거 시작 당시 연령, 해당 연령 인구 천 명당"
JP,marriage_rate,F,45-49,1985,1.26,‰,e-Stat,0003413965,"인구동태 확정수, 그 해 동거 시작·신고분, 동거 시작 당시 연령, 해당 연령 인구 천 명당"
JP,marriage_rate,F,45-49,1990,1.53,‰,e-Stat,0003413965,"인구동태 확정수, 그 해 동거 시작·신고분, 동거 시작 당시 연령, 해당 연령 인구 천 명당"
JP,marriage_rate,F,45-49,1995,1.73,‰,e-Stat,0003413965,"인구동태 확정수, 그 해 동거 시작·신고분, 동거 시작 당시 연령, 해당 연령 인구 천 명당"
JP,marriage_rate,F,45-49,2000,1.78,‰,e-Stat,0003413965,"인구동태 확정수, 그 해 동거 시작·신고분, 동거 시작 당시 연령, 해당 연령 인구 천 명당"
JP,marriage_rate,F,45-49,2001,1.8,‰,e-Stat,0003413965,"인구동태 확정수, 그 해 동거 시작·신고분, 동거 시작 당시 연령, 해당 연령 인구 천 명당"
JP,marriage_rate,F,45-49,2002,1.79,‰,e-Stat,0003413965,"인구동태 확정수, 그 해 동거 시작·신고분, 동거 시작 당시 연령, 해당 연령 인구 천 명당"
JP,marriage_rate,F,45-49,2003,1.85,‰,e-Stat,0003413965,"인구동태 확정수, 그 해 동거 시작·신고분, 동거 시작 당시 연령, 해당 연령 인구 천 명당"
JP,marriage_rate,F,45-49,2004,1.96,‰,e-Stat,0003413965,"인구동태 확정수, 그 해 동거 시작·신고분, 동거 시작 당시 연령, 해당 연령 인구 천 명당"
JP,marriage_rate,F,45-49,2005,2.04,‰,e-Stat,0003413965,"인구동태 확정수, 그 해 동거 시작·신고분, 동거 시작 당시 연령, 해당 연령 인구 천 명당"
JP,marriage_rate,F,45-49,2006,2.15,‰,e-Stat,0003413965,"인구동태 확정수, 그 해 동거 시작·신고분, 동거 시작 당시 연령, 해당 연령 인구 천 명당"
JP,marriage_rate,F,45-49,2007,2.2,‰,e-Stat,0003413965,"인구동태 확정수, 그 해 동거 시작·신고분, 동거 시작 당시 연령, 해당 연령 인구 천 명당"
JP,marriage_rate,F,45-49,2008,2.33,‰,e-Stat,0003413965,"인구동태 확정수, 그 해 동거 시작·신고분, 동거 시작 당시 연령, 해당 연령 인구 천 명당"
JP,marriage_rate,F,45-49,2009,2.37,‰,e-Stat,0003413965,"인구동태 확정수, 그 해 동거 시작·신고분, 동거 시작 당시 연령, 해당 연령 인구 천 명당"
JP,marriage_rate,F,45-49,2010,2.38,‰,e-Stat,0003413965,"인구동태 확정수, 그 해 동거 시작·신고분, 동거 시작 당시 연령, 해당 연령 인구 천 명당"
JP,marriage_rate,F,45-49,2011,2.42,‰,e-Stat,0003413965,"인구동태 확정수, 그 해 동거 시작·신고분, 동거 시작 당시 연령, 해당 연령 인구 천 명당"
JP,marriage_rate,F,45-49,2012,2.59,‰,e-Stat,0003413965,"인구동태 확정수, 그 해 동거 시작·신고분, 동거 시작 당시 연령, 해당 연령 인구 천 명당"
JP,marriage_rate,F,45-49,2013,2.6999999999999997,‰,e-Stat,0003413965,"인구동태 확정수, 그 해 동거 시작·신고분, 동거 시작 당시 연령, 해당 연령 인구 천 명당"
JP,marriage_rate,F,45-49,2014,2.67,‰,e-Stat,0003413965,"인구동태 확정수, 그 해 동거 시작·신고분, 동거 시작 당시 연령, 해당 연령 인구 천 명당"
JP,marriage_rate,F,45-49,2015,2.82,‰,e-Stat,0003413965,"인구동태 확정수, 그 해 동거 시작·신고분, 동거 시작 당시 연령, 해당 연령 인구 천 명당"
JP,marriage_rate,F,45-49,2016,2.79,‰,e-Stat,0003413965,"인구동태 확정수, 그 해 동거 시작·신고분, 동거 시작 당시 연령, 해당 연령 인구 천 명당"
JP,marriage_rate,F,45-49,2017,2.81,‰,e-Stat,0003413965,"인구동태 확정수, 그 해 동거 시작·신고분, 동거 시작 당시 연령, 해당 연령 인구 천 명당"
JP,marriage_rate,F,45-49,2018,2.77,‰,e-Stat,0003413965,"인구동태 확정수, 그 해 동거 시작·신고분, 동거 시작 당시 연령, 해당 연령 인구 천 명당"
JP,marriage_rate,F,45-49,2019,3.0,‰,e-Stat,0003413965,"인구동태 확정수, 그 해 동거 시작·신고분, 동거 시작 당시 연령, 해당 연령 인구 천 명당"
JP,marriage_rate,F,45-49,2020,2.5100000000000002,‰,e-Stat,0003413965,"인구동태 확정수, 그 해 동거 시작·신고분, 동거 시작 당시 연령, 해당 연령 인구 천 명당"
JP,marriage_rate,F,45-49,2021,2.35,‰,e-Stat,0003413965,"인구동태 확정수, 그 해 동거 시작·신고분, 동거 시작 당시 연령, 해당 연령 인구 천 명당"
JP,marriage_rate,F,45-49,2022,2.4,‰,e-Stat,0003413965,"인구동태 확정수, 그 해 동거 시작·신고분, 동거 시작 당시 연령, 해당 연령 인구 천 명당"
JP,marriage_rate,F,45-49,2023,2.29,‰,e-Stat,0003413965,"인구동태 확정수, 그 해 동거 시작·신고분, 동거 시작 당시 연령, 해당 연령 인구 천 명당"
JP,marriage_rate,F,45-49,2024,2.26,‰,e-Stat,0003413965,"인구동태 확정수, 그 해 동거 시작·신고분, 동거 시작 당시 연령, 해당 연령 인구 천 명당"
JP,marriage_rate,F,50-54,1947,0.48,‰,e-Stat,0003413965,"인구동태 확정수, 그 해 동거 시작·신고분, 동거 시작 당시 연령, 해당 연령 인구 천 명당"
JP,marriage_rate,F,50-54,1950,0.45999999999999996,‰,e-Stat,0003413965,"인구동태 확정수, 그 해 동거 시작·신고분, 동거 시작 당시 연령, 해당 연령 인구 천 명당"
JP,marriage_rate,F,50-54,1955,0.38,‰,e-Stat,0003413965,"인구동태 확정수, 그 해 동거 시작·신고분, 동거 시작 당시 연령, 해당 연령 인구 천 명당"
JP,marriage_rate,F,50-54,1960,0.42,‰,e-Stat,0003413965,"인구동태 확정수, 그 해 동거 시작·신고분, 동거 시작 당시 연령, 해당 연령 인구 천 명당"
JP,marriage_rate,F,50-54,1965,0.53,‰,e-Stat,0003413965,"인구동태 확정수, 그 해 동거 시작·신고분, 동거 시작 당시 연령, 해당 연령 인구 천 명당"
JP,marriage_rate,F,50-54,1970,0.53,‰,e-Stat,0003413965,"인구동태 확정수, 그 해 동거 시작·신고분, 동거 시작 당시 연령, 해당 연령 인구 천 명당"
JP,marriage_rate,F,50-54,1975,0.65,‰,e-Stat,0003413965,"인구동태 확정수, 그 해 동거 시작·신고분, 동거 시작 당시 연령, 해당 연령 인구 천 명당"
JP,marriage_rate,F,50-54,1980,0.67,‰,e-Stat,0003413965,"인구동태 확정수, 그 해 동거 시작·신고분, 동거 시작 당시 연령, 해당 연령 인구 천 명당"
JP,marriage_rate,F,50-54,1985,0.78,‰,e-Stat,0003413965,"인구동태 확정수, 그 해 동거 시작·신고분, 동거 시작 당시 연령, 해당 연령 인구 천 명당"
JP,marriage_rate,F,50-54,1990,0.86,‰,e-Stat,0003413965,"인구동태 확정수, 그 해 동거 시작·신고분, 동거 시작 당시 연령, 해당 연령 인구 천 명당"
JP,marriage_rate,F,50-54,1995,1.0999999999999999,‰,e-Stat,0003413965,"인구동태 확정수, 그 해 동거 시작·신고분, 동거 시작 당시 연령, 해당 연령 인구 천 명당"
JP,marriage_rate,F,50-54,2000,1.26,‰,e-Stat,0003413965,"인구동태 확정수, 그 해 동거 시작·신고분, 동거 시작 당시 연령, 해당 연령 인구 천 명당"
JP,marriage_rate,F,50-54,2001,1.23,‰,e-Stat,0003413965,"인구동태 확정수, 그 해 동거 시작·신고분, 동거 시작 당시 연령, 해당 연령 인구 천 명당"
JP,marriage_rate,F,50-54,2002,1.2000000000000002,‰,e-Stat,0003413965,"인구동태 확정수, 그 해 동거 시작·신고분, 동거 시작 당시 연령, 해당 연령 인구 천 명당"
JP,marriage_rate,F,50-54,2003,1.27,‰,e-Stat,0003413965,"인구동태 확정수, 그 해 동거 시작·신고분, 동거 시작 당시 연령, 해당 연령 인구 천 명당"
JP,marriage_rate,F,50-54,2004,1.23,‰,e-Stat,0003413965,"인구동태 확정수, 그 해 동거 시작·신고분, 동거 시작 당시 연령, 해당 연령 인구 천 명당"
JP,marriage_rate,F,50-54,2005,1.2599999999999998,‰,e-Stat,0003413965,"인구동태 확정수, 그 해 동거 시작·신고분, 동거 시작 당시 연령, 해당 연령 인구 천 명당"
JP,marriage_rate,F,50-54,2006,1.26,‰,e-Stat,0003413965,"인구동태 확정수, 그 해 동거 시작·신고분, 동거 시작 당시 연령, 해당 연령 인구 천 명당"
JP,marriage_rate,F,50-54,2007,1.28,‰,e-Stat,0003413965,"인구동태 확정수, 그 해 동거 시작·신고분, 동거 시작 당시 연령, 해당 연령 인구 천 명당"
JP,marriage_rate,F,50-54,2008,1.3199999999999998,‰,e-Stat,0003413965,"인구동태 확정수, 그 해 동거 시작·신고분, 동거 시작 당시 연령, 해당 연령 인구 천 명당"
JP,marriage_rate,F,50-54,2009,1.3499999999999999,‰,e-Stat,0003413965,"인구동태 확정수, 그 해 동거 시작·신고분, 동거 시작 당시 연령, 해당 연령 인구 천 명당"
JP,marriage_rate,F,50-54,2010,1.3399999999999999,‰,e-Stat,0003413965,"인구동태 확정수, 그 해 동거 시작·신고분, 동거 시작 당시 연령, 해당 연령 인구 천 명당"
JP,marriage_rate,F,50-54,2011,1.38,‰,e-Stat,0003413965,"인구동태 확정수, 그 해 동거 시작·신고분, 동거 시작 당시 연령, 해당 연령 인구 천 명당"
JP,marriage_rate,F,50-54,2012,1.47,‰,e-Stat,0003413965,"인구동태 확정수, 그 해 동거 시작·신고분, 동거 시작 당시 연령, 해당 연령 인구 천 명당"
JP,marriage_rate,F,50-54,2013,1.51,‰,e-Stat,0003413965,"인구동태 확정수, 그 해 동거 시작·신고분, 동거 시작 당시 연령, 해당 연령 인구 천 명당"
JP,marriage_rate,F,50-54,2014,1.57,‰,e-Stat,0003413965,"인구동태 확정수, 그 해 동거 시작·신고분, 동거 시작 당시 연령, 해당 연령 인구 천 명당"
JP,marriage_rate,F,50-54,2015,1.68,‰,e-Stat,0003413965,"인구동태 확정수, 그 해 동거 시작·신고분, 동거 시작 당시 연령, 해당 연령 인구 천 명당"
JP,marriage_rate,F,50-54,2016,1.7,‰,e-Stat,0003413965,"인구동태 확정수, 그 해 동거 시작·신고분, 동거 시작 당시 연령, 해당 연령 인구 천 명당"
JP,marriage_rate,F,50-54,2017,1.71,‰,e-Stat,0003413965,"인구동태 확정수, 그 해 동거 시작·신고분, 동거 시작 당시 연령, 해당 연령 인구 천 명당"
JP,marriage_rate,F,50-54,2018,1.74,‰,e-Stat,0003413965,"인구동태 확정수, 그 해 동거 시작·신고분, 동거 시작 당시 연령, 해당 연령 인구 천 명당"
JP,marriage_rate,F,50-54,2019,1.9,‰,e-Stat,0003413965,"인구동태 확정수, 그 해 동거 시작·신고분, 동거 시작 당시 연령, 해당 연령 인구 천 명당"
JP,marriage_rate,F,50-54,2020,1.6400000000000001,‰,e-Stat,0003413965,"인구동태 확정수, 그 해 동거 시작·신고분, 동거 시작 당시 연령, 해당 연령 인구 천 명당"
JP,marriage_rate,F,50-54,2021,1.56,‰,e-Stat,0003413965,"인구동태 확정수, 그 해 동거 시작·신고분, 동거 시작 당시 연령, 해당 연령 인구 천 명당"
JP,marriage_rate,F,50-54,2022,1.6400000000000001,‰,e-Stat,0003413965,"인구동태 확정수, 그 해 동거 시작·신고분, 동거 시작 당시 연령, 해당 연령 인구 천 명당"
JP,marriage_rate,F,50-54,2023,1.63,‰,e-Stat,0003413965,"인구동태 확정수, 그 해 동거 시작·신고분, 동거 시작 당시 연령, 해당 연령 인구 천 명당"
JP,marriage_rate,F,50-54,2024,1.5699999999999998,‰,e-Stat,0003413965,"인구동태 확정수, 그 해 동거 시작·신고분, 동거 시작 당시 연령, 해당 연령 인구 천 명당"
JP,marriage_rate,F,~19,1947,17.68,‰,e-Stat,0003413965,"인구동태 확정수, 그 해 동거 시작·신고분, 동거 시작 당시 연령, 해당 연령 인구 천 명당"
JP,marriage_rate,F,~19,1950,11.92,‰,e-Stat,0003413965,"인구동태 확정수, 그 해 동거 시작·신고분, 동거 시작 당시 연령, 해당 연령 인구 천 명당"
JP,marriage_rate,F,~19,1955,7.78,‰,e-Stat,0003413965,"인구동태 확정수, 그 해 동거 시작·신고분, 동거 시작 당시 연령, 해당 연령 인구 천 명당"
JP,marriage_rate,F,~19,1960,6.369999999999999,‰,e-Stat,0003413965,"인구동태 확정수, 그 해 동거 시작·신고분, 동거 시작 당시 연령, 해당 연령 인구 천 명당"
JP,marriage_rate,F,~19,1965,5.029999999999999,‰,e-Stat,0003413965,"인구동태 확정수, 그 해 동거 시작·신고분, 동거 시작 당시 연령, 해당 연령 인구 천 명당"
JP,marriage_rate,F,~19,1970,7.52,‰,e-Stat,0003413965,"인구동태 확정수, 그 해 동거 시작·신고분, 동거 시작 당시 연령, 해당 연령 인구 천 명당"
JP,marriage_rate,F,~19,1975,6.3,‰,e-Stat,0003413965,"인구동태 확정수, 그 해 동거 시작·신고분, 동거 시작 당시 연령, 해당 연령 인구 천 명당"
JP,marriage_rate,F,~19,1980,5.22,‰,e-Stat,0003413965,"인구동태 확정수, 그 해 동거 시작·신고분, 동거 시작 당시 연령, 해당 연령 인구 천 명당"
JP,marriage_rate,F,~19,1985,4.98,‰,e-Stat,0003413965,"인구동태 확정수, 그 해 동거 시작·신고분, 동거 시작 당시 연령, 해당 연령 인구 천 명당"
JP,marriage_rate,F,~19,1990,4.62,‰,e-Stat,0003413965,"인구동태 확정수, 그 해 동거 시작·신고분, 동거 시작 당시 연령, 해당 연령 인구 천 명당"
JP,marriage_rate,F,~19,1995,4.680000000000001,‰,e-Stat,0003413965,"인구동태 확정수, 그 해 동거 시작·신고분, 동거 시작 당시 연령, 해당 연령 인구 천 명당"
JP,marriage_rate,F,~19,2000,5.97,‰,e-Stat,0003413965,"인구동태 확정수, 그 해 동거 시작·신고분, 동거 시작 당시 연령, 해당 연령 인구 천 명당"
JP,marriage_rate,F,~19,2001,6.26,‰,e-Stat,0003413965,"인구동태 확정수, 그 해 동거 시작·신고분, 동거 시작 당시 연령, 해당 연령 인구 천 명당"
JP,marriage_rate,F,~19,2002,6.01,‰,e-Stat,0003413965,"인구동태 확정수, 그 해 동거 시작·신고분, 동거 시작 당시 연령, 해당 연령 인구 천 명당"
JP,marriage_rate,F,~19,2003,5.68,‰,e-Stat,0003413965,"인구동태 확정수, 그 해 동거 시작·신고분, 동거 시작 당시 연령, 해당 연령 인구 천 명당"
JP,marriage_rate,F,~19,2004,5.37,‰,e-Stat,0003413965,"인구동태 확정수, 그 해 동거 시작·신고분, 동거 시작 당시 연령, 해당 연령 인구 천 명당"
JP,marriage_rate,F,~19,2005,4.91,‰,e-Stat,0003413965,"인구동태 확정수, 그 해 동거 시작·신고분, 동거 시작 당시 연령, 해당 연령 인구 천 명당"
JP,marriage_rate,F,~19,2006,4.91,‰,e-Stat,0003413965,"인구동태 확정수, 그 해 동거 시작·신고분, 동거 시작 당시 연령, 해당 연령 인구 천 명당"
JP,marriage_rate,F,~19,2007,4.74,‰,e-Stat,0003413965,"인구동태 확정수, 그 해 동거 시작·신고분, 동거 시작 당시 연령, 해당 연령 인구 천 명당"
JP,marriage_rate,F,~19,2008,4.72,‰,e-Stat,0003413965,"인구동태 확정수, 그 해 동거 시작·신고분, 동거 시작 당시 연령, 해당 연령 인구 천 명당"
JP,marriage_rate,F,~19,2009,4.33,‰,e-Stat,0003413965,"인구동태 확정수, 그 해 동거 시작·신고분, 동거 시작 당시 연령, 해당 연령 인구 천 명당"
JP,marriage_rate,F,~19,2010,3.94,‰,e-Stat,0003413965,"인구동태 확정수, 그 해 동거 시작·신고분, 동거 시작 당시 연령, 해당 연령 인구 천 명당"
JP,marriage_rate,F,~19,2011,3.73,‰,e-Stat,0003413965,"인구동태 확정수, 그 해 동거 시작·신고분, 동거 시작 당시 연령, 해당 연령 인구 천 명당"
JP,marriage_rate,F,~19,2012,3.63,‰,e-Stat,0003413965,"인구동태 확정수, 그 해 동거 시작·신고분, 동거 시작 당시 연령, 해당 연령 인구 천 명당"
JP,marriage_rate,F,~19,2013,3.69,‰,e-Stat,0003413965,"인구동태 확정수, 그 해 동거 시작·신고분, 동거 시작 당시 연령, 해당 연령 인구 천 명당"
JP,marriage_rate,F,~19,2014,3.51,‰,e-Stat,0003413965,"인구동태 확정수, 그 해 동거 시작·신고분, 동거 시작 당시 연령, 해당 연령 인구 천 명당"
JP,marriage_rate,F,~19,2015,3.27,‰,e-Stat,0003413965,"인구동태 확정수, 그 해 동거 시작·신고분, 동거 시작 당시 연령, 해당 연령 인구 천 명당"
JP,marriage_rate,F,~19,2016,3.0799999999999996,‰,e-Stat,0003413965,"인구동태 확정수, 그 해 동거 시작·신고분, 동거 시작 당시 연령, 해당 연령 인구 천 명당"
JP,marriage_rate,F,~19,2017,2.84,‰,e-Stat,0003413965,"인구동태 확정수, 그 해 동거 시작·신고분, 동거 시작 당시 연령, 해당 연령 인구 천 명당"
JP,marriage_rate,F,~19,2018,2.5399999999999996,‰,e-Stat,0003413965,"인구동태 확정수, 그 해 동거 시작·신고분, 동거 시작 당시 연령, 해당 연령 인구 천 명당"
JP,marriage_rate,F,~19,2019,2.25,‰,e-Stat,0003413965,"인구동태 확정수, 그 해 동거 시작·신고분, 동거 시작 당시 연령, 해당 연령 인구 천 명당"
JP,marriage_rate,F,~19,2020,1.95,‰,e-Stat,0003413965,"인구동태 확정수, 그 해 동거 시작·신고분, 동거 시작 당시 연령, 해당 연령 인구 천 명당"
JP,marriage_rate,F,~19,2021,1.6,‰,e-Stat,0003413965,"인구동태 확정수, 그 해 동거 시작·신고분, 동거 시작 당시 연령, 해당 연령 인구 천 명당"
JP,marriage_rate,F,~19,2022,1.3800000000000001,‰,e-Stat,0003413965,"인구동태 확정수, 그 해 동거 시작·신고분, 동거 시작 당시 연령, 해당 연령 인구 천 명당"
JP,marriage_rate,F,~19,2023,1.32,‰,e-Stat,0003413965,"인구동태 확정수, 그 해 동거 시작·신고분, 동거 시작 당시 연령, 해당 연령 인구 천 명당"
JP,marriage_rate,F,~19,2024,1.24,‰,e-Stat,0003413965,"인구동태 확정수, 그 해 동거 시작·신고분, 동거 시작 당시 연령, 해당 연령 인구 천 명당"
JP,marriage_rate,M,20-24,1947,46.94,‰,e-Stat,0003413965,"인구동태 확정수, 그 해 동거 시작·신고분, 동거 시작 당시 연령, 해당 연령 인구 천 명당"
JP,marriage_rate,M,20-24,1950,33.23,‰,e-Stat,0003413965,"인구동태 확정수, 그 해 동거 시작·신고분, 동거 시작 당시 연령, 해당 연령 인구 천 명당"
JP,marriage_rate,M,20-24,1955,27.450000000000003,‰,e-Stat,0003413965,"인구동태 확정수, 그 해 동거 시작·신고분, 동거 시작 당시 연령, 해당 연령 인구 천 명당"
JP,marriage_rate,M,20-24,1960,30.07,‰,e-Stat,0003413965,"인구동태 확정수, 그 해 동거 시작·신고분, 동거 시작 당시 연령, 해당 연령 인구 천 명당"
JP,marriage_rate,M,20-24,1965,37.980000000000004,‰,e-Stat,0003413965,"인구동태 확정수, 그 해 동거 시작·신고분, 동거 시작 당시 연령, 해당 연령 인구 천 명당"
JP,marriage_rate,M,20-24,1970,42.28,‰,e-Stat,0003413965,"인구동태 확정수, 그 해 동거 시작·신고분, 동거 시작 당시 연령, 해당 연령 인구 천 명당"
JP,marriage_rate,M,20-24,1975,46.839999999999996,‰,e-Stat,0003413965,"인구동태 확정수, 그 해 동거 시작·신고분, 동거 시작 당시 연령, 해당 연령 인구 천 명당"
JP,marriage_rate,M,20-24,1980,35.33,‰,e-Stat,0003413965,"인구동태 확정수, 그 해 동거 시작·신고분, 동거 시작 당시 연령, 해당 연령 인구 천 명당"
JP,marriage_rate,M,20-24,1985,30.72,‰,e-Stat,0003413965,"인구동태 확정수, 그 해 동거 시작·신고분, 동거 시작 당시 연령, 해당 연령 인구 천 명당"
JP,marriage_rate,M,20-24,1990,27.169999999999998,‰,e-Stat,0003413965,"인구동태 확정수, 그 해 동거 시작·신고분, 동거 시작 당시 연령, 해당 연령 인구 천 명당"
JP,marriage_rate,M,20-24,1995,27.84,‰,e-Stat,0003413965,"인구동태 확정수, 그 해 동거 시작·신고분, 동거 시작 당시 연령, 해당 연령 인구 천 명당"
JP,marriage_rate,M,20-24,2000,28.13,‰,e-Stat,0003413965,"인구동태 확정수, 그 해 동거 시작·신고분, 동거 시작 당시 연령, 해당 연령 인구 천 명당"
JP,marriage_rate,M,20-24,2001,27.49,‰,e-Stat,0003413965,"인구동태 확정수, 그 해 동거 시작·신고분, 동거 시작 당시 연령, 해당 연령 인구 천 명당"
JP,marriage_rate,M,20-24,2002,25.459999999999997,‰,e-Stat,0003413965,"인구동태 확정수, 그 해 동거 시작·신고분, 동거 시작 당시 연령, 해당 연령 인구 천 명당"
JP,marriage_rate,M,20-24,2003,23.69,‰,e-Stat,0003413965,"인구동태 확정수, 그 해 동거 시작·신고분, 동거 시작 당시 연령, 해당 연령 인구 천 명당"
JP,marriage_rate,M,20-24,2004,22.419999999999998,‰,e-Stat,0003413965,"인구동태 확정수, 그 해 동거 시작·신고분, 동거 시작 당시 연령, 해당 연령 인구 천 명당"
JP,marriage_rate,M,20-24,2005,22.14,‰,e-Stat,0003413965,"인구동태 확정수, 그 해 동거 시작·신고분, 동거 시작 당시 연령, 해당 연령 인구 천 명당"
JP,marriage_rate,M,20-24,2006,22.44,‰,e-Stat,0003413965,"인구동태 확정수, 그 해 동거 시작·신고분, 동거 시작 당시 연령, 해당 연령 인구 천 명당"
JP,marriage_rate,M,20-24,2007,21.66,‰,e-Stat,0003413965,"인구동태 확정수, 그 해 동거 시작·신고분, 동거 시작 당시 연령, 해당 연령 인구 천 명당"
JP,marriage_rate,M,20-24,2008,21.889999999999997,‰,e-Stat,0003413965,"인구동태 확정수, 그 해 동거 시작·신고분, 동거 시작 당시 연령, 해당 연령 인구 천 명당"
JP,marriage_rate,M,20-24,2009,20.69,‰,e-Stat,0003413965,"인구동태 확정수, 그 해 동거 시작·신고분, 동거 시작 당시 연령, 해당 연령 인구 천 명당"
JP,marriage_rate,M,20-24,2010,20.97,‰,e-Stat,0003413965,"인구동태 확정수, 그 해 동거 시작·신고분, 동거 시작 당시 연령, 해당 연령 인구 천 명당"
JP,marriage_rate,M,20-24,2011,19.21,‰,e-Stat,0003413965,"인구동태 확정수, 그 해 동거 시작·신고분, 동거 시작 당시 연령, 해당 연령 인구 천 명당"
JP,marriage_rate,M,20-24,2012,18.85,‰,e-Stat,0003413965,"인구동태 확정수, 그 해 동거 시작·신고분, 동거 시작 당시 연령, 해당 연령 인구 천 명당"
JP,marriage_rate,M,20-24,2013,18.349999999999998,‰,e-Stat,0003413965,"인구동태 확정수, 그 해 동거 시작·신고분, 동거 시작 당시 연령, 해당 연령 인구 천 명당"
JP,marriage_rate,M,20-24,2014,17.44,‰,e-Stat,0003413965,"인구동태 확정수, 그 해 동거 시작·신고분, 동거 시작 당시 연령, 해당 연령 인구 천 명당"
JP,marriage_rate,M,20-24,2015,17.36,‰,e-Stat,0003413965,"인구동태 확정수, 그 해 동거 시작·신고분, 동거 시작 당시 연령, 해당 연령 인구 천 명당"
JP,marriage_rate,M,20-24,2016,17.06,‰,e-Stat,0003413965,"인구동태 확정수, 그 해 동거 시작·신고분, 동거 시작 당시 연령, 해당 연령 인구 천 명당"
JP,marriage_rate,M,20-24,2017,16.919999999999998,‰,e-Stat,0003413965,"인구동태 확정수, 그 해 동거 시작·신고분, 동거 시작 당시 연령, 해당 연령 인구 천 명당"
JP,marriage_rate,M,20-24,2018,16.16,‰,e-Stat,0003413965,"인구동태 확정수, 그 해 동거 시작·신고분, 동거 시작 당시 연령, 해당 연령 인구 천 명당"
JP,marriage_rate,M,20-24,2019,15.98,‰,e-Stat,0003413965,"인구동태 확정수, 그 해 동거 시작·신고분, 동거 시작 당시 연령, 해당 연령 인구 천 명당"
JP,marriage_rate,M,20-24,2020,14.68,‰,e-Stat,0003413965,"인구동태 확정수, 그 해 동거 시작·신고분, 동거 시작 당시 연령, 해당 연령 인구 천 명당"
JP,marriage_rate,M,20-24,2021,13.41,‰,e-Stat,0003413965,"인구동태 확정수, 그 해 동거 시작·신고분, 동거 시작 당시 연령, 해당 연령 인구 천 명당"
JP,marriage_rate,M,20-24,2022,12.299999999999999,‰,e-Stat,0003413965,"인구동태 확정수, 그 해 동거 시작·신고분, 동거 시작 당시 연령, 해당 연령 인구 천 명당"
JP,marriage_rate,M,20-24,2023,11.36,‰,e-Stat,0003413965,"인구동태 확정수, 그 해 동거 시작·신고분, 동거 시작 당시 연령, 해당 연령 인구 천 명당"
JP,marriage_rate,M,20-24,2024,11.11,‰,e-Stat,0003413965,"인구동태 확정수, 그 해 동거 시작·신고분, 동거 시작 당시 연령, 해당 연령 인구 천 명당"
JP,marriage_rate,M,25-29,1947,88.78,‰,e-Stat,0003413965,"인구동태 확정수, 그 해 동거 시작·신고분, 동거 시작 당시 연령, 해당 연령 인구 천 명당"
JP,marriage_rate,M,25-29,1950,51.8,‰,e-Stat,0003413965,"인구동태 확정수, 그 해 동거 시작·신고분, 동거 시작 당시 연령, 해당 연령 인구 천 명당"
JP,marriage_rate,M,25-29,1955,64.78,‰,e-Stat,0003413965,"인구동태 확정수, 그 해 동거 시작·신고분, 동거 시작 당시 연령, 해당 연령 인구 천 명당"
JP,marriage_rate,M,25-29,1960,82.19,‰,e-Stat,0003413965,"인구동태 확정수, 그 해 동거 시작·신고분, 동거 시작 당시 연령, 해당 연령 인구 천 명당"
JP,marriage_rate,M,25-29,1965,94.66,‰,e-Stat,0003413965,"인구동태 확정수, 그 해 동거 시작·신고분, 동거 시작 당시 연령, 해당 연령 인구 천 명당"
JP,marriage_rate,M,25-29,1970,103.06,‰,e-Stat,0003413965,"인구동태 확정수, 그 해 동거 시작·신고분, 동거 시작 당시 연령, 해당 연령 인구 천 명당"
JP,marriage_rate,M,25-29,1975,82.16,‰,e-Stat,0003413965,"인구동태 확정수, 그 해 동거 시작·신고분, 동거 시작 당시 연령, 해당 연령 인구 천 명당"
JP,marriage_rate,M,25-29,1980,74.14999999999999,‰,e-Stat,0003413965,"인구동태 확정수, 그 해 동거 시작·신고분, 동거 시작 당시 연령, 해당 연령 인구 천 명당"
JP,marriage_rate,M,25-29,1985,75.28,‰,e-Stat,0003413965,"인구동태 확정수, 그 해 동거 시작·신고분, 동거 시작 당시 연령, 해당 연령 인구 천 명당"
JP,marriage_rate,M,25-29,1990,70.11,‰,e-Stat,0003413965,"인구동태 확정수, 그 해 동거 시작·신고분, 동거 시작 당시 연령, 해당 연령 인구 천 명당"
JP,marriage_rate,M,25-29,1995,68.06,‰,e-Stat,0003413965,"인구동태 확정수, 그 해 동거 시작·신고분, 동거 시작 당시 연령, 해당 연령 인구 천 명당"
JP,marriage_rate,M,25-29,2000,60.550000000000004,‰,e-Stat,0003413965,"인구동태 확정수, 그 해 동거 시작·신고분, 동거 시작 당시 연령, 해당 연령 인구 천 명당"
JP,marriage_rate,M,25-29,2001,60.16,‰,e-Stat,0003413965,"인구동태 확정수, 그 해 동거 시작·신고분, 동거 시작 당시 연령, 해당 연령 인구 천 명당"
JP,marriage_rate,M,25-29,2002,57.05,‰,e-Stat,0003413965,"인구동태 확정수, 그 해 동거 시작·신고분, 동거 시작 당시 연령, 해당 연령 인구 천 명당"
JP,marriage_rate,M,25-29,2003,54.89,‰,e-Stat,0003413965,"인구동태 확정수, 그 해 동거 시작·신고분, 동거 시작 당시 연령, 해당 연령 인구 천 명당"
JP,marriage_rate,M,25-29,2004,52.59,‰,e-Stat,0003413965,"인구동태 확정수, 그 해 동거 시작·신고분, 동거 시작 당시 연령, 해당 연령 인구 천 명당"
JP,marriage_rate,M,25-29,2005,53.17,‰,e-Stat,0003413965,"인구동태 확정수, 그 해 동거 시작·신고분, 동거 시작 당시 연령, 해당 연령 인구 천 명당"
JP,marriage_rate,M,25-29,2006,54.33,‰,e-Stat,0003413965,"인구동태 확정수, 그 해 동거 시작·신고분, 동거 시작 당시 연령, 해당 연령 인구 천 명당"
JP,marriage_rate,M,25-29,2007,53.690000000000005,‰,e-Stat,0003413965,"인구동태 확정수, 그 해 동거 시작·신고분, 동거 시작 당시 연령, 해당 연령 인구 천 명당"
JP,marriage_rate,M,25-29,2008,54.330000000000005,‰,e-Stat,0003413965,"인구동태 확정수, 그 해 동거 시작·신고분, 동거 시작 당시 연령, 해당 연령 인구 천 명당"
JP,marriage_rate,M,25-29,2009,53.03,‰,e-Stat,0003413965,"인구동태 확정수, 그 해 동거 시작·신고분, 동거 시작 당시 연령, 해당 연령 인구 천 명당"
JP,marriage_rate,M,25-29,2010,52.93,‰,e-Stat,0003413965,"인구동태 확정수, 그 해 동거 시작·신고분, 동거 시작 당시 연령, 해당 연령 인구 천 명당"
JP,marriage_rate,M,25-29,2011,50.95,‰,e-Stat,0003413965,"인구동태 확정수, 그 해 동거 시작·신고분, 동거 시작 당시 연령, 해당 연령 인구 천 명당"
JP,marriage_rate,M,25-29,2012,51.84,‰,e-Stat,0003413965,"인구동태 확정수, 그 해 동거 시작·신고분, 동거 시작 당시 연령, 해당 연령 인구 천 명당"
JP,marriage_rate,M,25-29,2013,51.93,‰,e-Stat,0003413965,"인구동태 확정수, 그 해 동거 시작·신고분, 동거 시작 당시 연령, 해당 연령 인구 천 명당"
JP,marriage_rate,M,25-29,2014,50.660000000000004,‰,e-Stat,0003413965,"인구동태 확정수, 그 해 동거 시작·신고분, 동거 시작 당시 연령, 해당 연령 인구 천 명당"
JP,marriage_rate,M,25-29,2015,50.339999999999996,‰,e-Stat,0003413965,"인구동태 확정수, 그 해 동거 시작·신고분, 동거 시작 당시 연령, 해당 연령 인구 천 명당"
JP,marriage_rate,M,25-29,2016,50.03,‰,e-Stat,0003413965,"인구동태 확정수, 그 해 동거 시작·신고분, 동거 시작 당시 연령, 해당 연령 인구 천 명당"
JP,marriage_rate,M,25-29,2017,49.63999999999999,‰,e-Stat,0003413965,"인구동태 확정수, 그 해 동거 시작·신고분, 동거 시작 당시 연령, 해당 연령 인구 천 명당"
JP,marriage_rate,M,25-29,2018,48.04,‰,e-Stat,0003413965,"인구동태 확정수, 그 해 동거 시작·신고분, 동거 시작 당시 연령, 해당 연령 인구 천 명당"
JP,marriage_rate,M,25-29,2019,48.29,‰,e-Stat,0003413965,"인구동태 확정수, 그 해 동거 시작·신고분, 동거 시작 당시 연령, 해당 연령 인구 천 명당"
JP,marriage_rate,M,25-29,2020,42.38999999999999,‰,e-Stat,0003413965,"인구동태 확정수, 그 해 동거 시작·신고분, 동거 시작 당시 연령, 해당 연령 인구 천 명당"
JP,marriage_rate,M,25-29,2021,39.4,‰,e-Stat,0003413965,"인구동태 확정수, 그 해 동거 시작·신고분, 동거 시작 당시 연령, 해당 연령 인구 천 명당"
JP,marriage_rate,M,25-29,2022,37.83,‰,e-Stat,0003413965,"인구동태 확정수, 그 해 동거 시작·신고분, 동거 시작 당시 연령, 해당 연령 인구 천 명당"
JP,marriage_rate,M,25-29,2023,34.730000000000004,‰,e-Stat,0003413965,"인구동태 확정수, 그 해 동거 시작·신고분, 동거 시작 당시 연령, 해당 연령 인구 천 명당"
JP,marriage_rate,M,25-29,2024,35.230000000000004,‰,e-Stat,0003413965,"인구동태 확정수, 그 해 동거 시작·신고분, 동거 시작 당시 연령, 해당 연령 인구 천 명당"
JP,marriage_rate,M,30-34,1947,25.6,‰,e-Stat,0003413965,"인구동태 확정수, 그 해 동거 시작·신고분, 동거 시작 당시 연령, 해당 연령 인구 천 명당"
JP,marriage_rate,M,30-34,1950,14.73,‰,e-Stat,0003413965,"인구동태 확정수, 그 해 동거 시작·신고분, 동거 시작 당시 연령, 해당 연령 인구 천 명당"
JP,marriage_rate,M,30-34,1955,17.3,‰,e-Stat,0003413965,"인구동태 확정수, 그 해 동거 시작·신고분, 동거 시작 당시 연령, 해당 연령 인구 천 명당"
JP,marriage_rate,M,30-34,1960,22.369999999999997,‰,e-Stat,0003413965,"인구동태 확정수, 그 해 동거 시작·신고분, 동거 시작 당시 연령, 해당 연령 인구 천 명당"
JP,marriage_rate,M,30-34,1965,26.25,‰,e-Stat,0003413965,"인구동태 확정수, 그 해 동거 시작·신고분, 동거 시작 당시 연령, 해당 연령 인구 천 명당"
JP,marriage_rate,M,30-34,1970,27.619999999999997,‰,e-Stat,0003413965,"인구동태 확정수, 그 해 동거 시작·신고분, 동거 시작 당시 연령, 해당 연령 인구 천 명당"
JP,marriage_rate,M,30-34,1975,26.06,‰,e-Stat,0003413965,"인구동태 확정수, 그 해 동거 시작·신고분, 동거 시작 당시 연령, 해당 연령 인구 천 명당"
JP,marriage_rate,M,30-34,1980,29.77,‰,e-Stat,0003413965,"인구동태 확정수, 그 해 동거 시작·신고분, 동거 시작 당시 연령, 해당 연령 인구 천 명당"
JP,marriage_rate,M,30-34,1985,33.910000000000004,‰,e-Stat,0003413965,"인구동태 확정수, 그 해 동거 시작·신고분, 동거 시작 당시 연령, 해당 연령 인구 천 명당"
JP,marriage_rate,M,30-34,1990,36.91,‰,e-Stat,0003413965,"인구동태 확정수, 그 해 동거 시작·신고분, 동거 시작 당시 연령, 해당 연령 인구 천 명당"
JP,marriage_rate,M,30-34,1995,39.04,‰,e-Stat,0003413965,"인구동태 확정수, 그 해 동거 시작·신고분, 동거 시작 당시 연령, 해당 연령 인구 천 명당"
JP,marriage_rate,M,30-34,2000,35.59,‰,e-Stat,0003413965,"인구동태 확정수, 그 해 동거 시작·신고분, 동거 시작 당시 연령, 해당 연령 인구 천 명당"
JP,marriage_rate,M,30-34,2001,35.39,‰,e-Stat,0003413965,"인구동태 확정수, 그 해 동거 시작·신고분, 동거 시작 당시 연령, 해당 연령 인구 천 명당"
JP,marriage_rate,M,30-34,2002,34.730000000000004,‰,e-Stat,0003413965,"인구동태 확정수, 그 해 동거 시작·신고분, 동거 시작 당시 연령, 해당 연령 인구 천 명당"
JP,marriage_rate,M,30-34,2003,34.61,‰,e-Stat,0003413965,"인구동태 확정수, 그 해 동거 시작·신고분, 동거 시작 당시 연령, 해당 연령 인구 천 명당"
JP,marriage_rate,M,30-34,2004,33.96,‰,e-Stat,0003413965,"인구동태 확정수, 그 해 동거 시작·신고분, 동거 시작 당시 연령, 해당 연령 인구 천 명당"
JP,marriage_rate,M,30-34,2005,34.14,‰,e-Stat,0003413965,"인구동태 확정수, 그 해 동거 시작·신고분, 동거 시작 당시 연령, 해당 연령 인구 천 명당"
JP,marriage_rate,M,30-34,2006,35.14,‰,e-Stat,0003413965,"인구동태 확정수, 그 해 동거 시작·신고분, 동거 시작 당시 연령, 해당 연령 인구 천 명당"
JP,marriage_rate,M,30-34,2007,34.96,‰,e-Stat,0003413965,"인구동태 확정수, 그 해 동거 시작·신고분, 동거 시작 당시 연령, 해당 연령 인구 천 명당"
JP,marriage_rate,M,30-34,2008,36.04,‰,e-Stat,0003413965,"인구동태 확정수, 그 해 동거 시작·신고분, 동거 시작 당시 연령, 해당 연령 인구 천 명당"
JP,marriage_rate,M,30-34,2009,35.8,‰,e-Stat,0003413965,"인구동태 확정수, 그 해 동거 시작·신고분, 동거 시작 당시 연령, 해당 연령 인구 천 명당"
JP,marriage_rate,M,30-34,2010,35.84,‰,e-Stat,0003413965,"인구동태 확정수, 그 해 동거 시작·신고분, 동거 시작 당시 연령, 해당 연령 인구 천 명당"
JP,marriage_rate,M,30-34,2011,34.52,‰,e-Stat,0003413965,"인구동태 확정수, 그 해 동거 시작·신고분, 동거 시작 당시 연령, 해당 연령 인구 천 명당"
JP,marriage_rate,M,30-34,2012,35.34,‰,e-Stat,0003413965,"인구동태 확정수, 그 해 동거 시작·신고분, 동거 시작 당시 연령, 해당 연령 인구 천 명당"
JP,marriage_rate,M,30-34,2013,35.68,‰,e-Stat,0003413965,"인구동태 확정수, 그 해 동거 시작·신고분, 동거 시작 당시 연령, 해당 연령 인구 천 명당"
JP,marriage_rate,M,30-34,2014,34.910000000000004,‰,e-Stat,0003413965,"인구동태 확정수, 그 해 동거 시작·신고분, 동거 시작 당시 연령, 해당 연령 인구 천 명당"
JP,marriage_rate,M,30-34,2015,34.26,‰,e-Stat,0003413965,"인구동태 확정수, 그 해 동거 시작·신고분, 동거 시작 당시 연령, 해당 연령 인구 천 명당"
JP,marriage_rate,M,30-34,2016,33.58,‰,e-Stat,0003413965,"인구동태 확정수, 그 해 동거 시작·신고분, 동거 시작 당시 연령, 해당 연령 인구 천 명당"
JP,marriage_rate,M,30-34,2017,32.67,‰,e-Stat,0003413965,"인구동태 확정수, 그 해 동거 시작·신고분, 동거 시작 당시 연령, 해당 연령 인구 천 명당"
JP,marriage_rate,M,30-34,2018,31.39,‰,e-Stat,0003413965,"인구동태 확정수, 그 해 동거 시작·신고분, 동거 시작 당시 연령, 해당 연령 인구 천 명당"
JP,marriage_rate,M,30-34,2019,31.96,‰,e-Stat,0003413965,"인구동태 확정수, 그 해 동거 시작·신고분, 동거 시작 당시 연령, 해당 연령 인구 천 명당"
JP,marriage_rate,M,30-34,2020,27.45,‰,e-Stat,0003413965,"인구동태 확정수, 그 해 동거 시작·신고분, 동거 시작 당시 연령, 해당 연령 인구 천 명당"
JP,marriage_rate,M,30-34,2021,25.3,‰,e-Stat,0003413965,"인구동태 확정수, 그 해 동거 시작·신고분, 동거 시작 당시 연령, 해당 연령 인구 천 명당"
JP,marriage_rate,M,30-34,2022,24.89,‰,e-Stat,0003413965,"인구동태 확정수, 그 해 동거 시작·신고분, 동거 시작 당시 연령, 해당 연령 인구 천 명당"
JP,marriage_rate,M,30-34,2023,22.88,‰,e-Stat,0003413965,"인구동태 확정수, 그 해 동거 시작·신고분, 동거 시작 당시 연령, 해당 연령 인구 천 명당"
JP,marriage_rate,M,30-34,2024,22.97,‰,e-Stat,0003413965,"인구동태 확정수, 그 해 동거 시작·신고분, 동거 시작 당시 연령, 해당 연령 인구 천 명당"
JP,marriage_rate,M,35-39,1947,7.84,‰,e-Stat,0003413965,"인구동태 확정수, 그 해 동거 시작·신고분, 동거 시작 당시 연령, 해당 연령 인구 천 명당"
JP,marriage_rate,M,35-39,1950,5.42,‰,e-Stat,0003413965,"인구동태 확정수, 그 해 동거 시작·신고분, 동거 시작 당시 연령, 해당 연령 인구 천 명당"
JP,marriage_rate,M,35-39,1955,4.72,‰,e-Stat,0003413965,"인구동태 확정수, 그 해 동거 시작·신고분, 동거 시작 당시 연령, 해당 연령 인구 천 명당"
JP,marriage_rate,M,35-39,1960,5.71,‰,e-Stat,0003413965,"인구동태 확정수, 그 해 동거 시작·신고분, 동거 시작 당시 연령, 해당 연령 인구 천 명당"
JP,marriage_rate,M,35-39,1965,6.0600000000000005,‰,e-Stat,0003413965,"인구동태 확정수, 그 해 동거 시작·신고분, 동거 시작 당시 연령, 해당 연령 인구 천 명당"
JP,marriage_rate,M,35-39,1970,6.07,‰,e-Stat,0003413965,"인구동태 확정수, 그 해 동거 시작·신고분, 동거 시작 당시 연령, 해당 연령 인구 천 명당"
JP,marriage_rate,M,35-39,1975,5.91,‰,e-Stat,0003413965,"인구동태 확정수, 그 해 동거 시작·신고분, 동거 시작 당시 연령, 해당 연령 인구 천 명당"
JP,marriage_rate,M,35-39,1980,6.79,‰,e-Stat,0003413965,"인구동태 확정수, 그 해 동거 시작·신고분, 동거 시작 당시 연령, 해당 연령 인구 천 명당"
JP,marriage_rate,M,35-39,1985,9.57,‰,e-Stat,0003413965,"인구동태 확정수, 그 해 동거 시작·신고분, 동거 시작 당시 연령, 해당 연령 인구 천 명당"
JP,marriage_rate,M,35-39,1990,11.56,‰,e-Stat,0003413965,"인구동태 확정수, 그 해 동거 시작·신고분, 동거 시작 당시 연령, 해당 연령 인구 천 명당"
JP,marriage_rate,M,35-39,1995,14.89,‰,e-Stat,0003413965,"인구동태 확정수, 그 해 동거 시작·신고분, 동거 시작 당시 연령, 해당 연령 인구 천 명당"
JP,marriage_rate,M,35-39,2000,15.46,‰,e-Stat,0003413965,"인구동태 확정수, 그 해 동거 시작·신고분, 동거 시작 당시 연령, 해당 연령 인구 천 명당"
JP,marriage_rate,M,35-39,2001,16.05,‰,e-Stat,0003413965,"인구동태 확정수, 그 해 동거 시작·신고분, 동거 시작 당시 연령, 해당 연령 인구 천 명당"
JP,marriage_rate,M,35-39,2002,15.54,‰,e-Stat,0003413965,"인구동태 확정수, 그 해 동거 시작·신고분, 동거 시작 당시 연령, 해당 연령 인구 천 명당"
JP,marriage_rate,M,35-39,2003,16.05,‰,e-Stat,0003413965,"인구동태 확정수, 그 해 동거 시작·신고분, 동거 시작 당시 연령, 해당 연령 인구 천 명당"
JP,marriage_rate,M,35-39,2004,16.05,‰,e-Stat,0003413965,"인구동태 확정수, 그 해 동거 시작·신고분, 동거 시작 당시 연령, 해당 연령 인구 천 명당"
JP,marriage_rate,M,35-39,2005,16.5,‰,e-Stat,0003413965,"인구동태 확정수, 그 해 동거 시작·신고분, 동거 시작 당시 연령, 해당 연령 인구 천 명당"
JP,marriage_rate,M,35-39,2006,17.02,‰,e-Stat,0003413965,"인구동태 확정수, 그 해 동거 시작·신고분, 동거 시작 당시 연령, 해당 연령 인구 천 명당"
JP,marriage_rate,M,35-39,2007,17.23,‰,e-Stat,0003413965,"인구동태 확정수, 그 해 동거 시작·신고분, 동거 시작 당시 연령, 해당 연령 인구 천 명당"
JP,marriage_rate,M,35-39,2008,17.79,‰,e-Stat,0003413965,"인구동태 확정수, 그 해 동거 시작·신고분, 동거 시작 당시 연령, 해당 연령 인구 천 명당"
JP,marriage_rate,M,35-39,2009,17.65,‰,e-Stat,0003413965,"인구동태 확정수, 그 해 동거 시작·신고분, 동거 시작 당시 연령, 해당 연령 인구 천 명당"
JP,marriage_rate,M,35-39,2010,17.82,‰,e-Stat,0003413965,"인구동태 확정수, 그 해 동거 시작·신고분, 동거 시작 당시 연령, 해당 연령 인구 천 명당"
JP,marriage_rate,M,35-39,2011,17.310000000000002,‰,e-Stat,0003413965,"인구동태 확정수, 그 해 동거 시작·신고분, 동거 시작 당시 연령, 해당 연령 인구 천 명당"
JP,marriage_rate,M,35-39,2012,18.07,‰,e-Stat,0003413965,"인구동태 확정수, 그 해 동거 시작·신고분, 동거 시작 당시 연령, 해당 연령 인구 천 명당"
JP,marriage_rate,M,35-39,2013,18.31,‰,e-Stat,0003413965,"인구동태 확정수, 그 해 동거 시작·신고분, 동거 시작 당시 연령, 해당 연령 인구 천 명당"
JP,marriage_rate,M,35-39,2014,18.380000000000003,‰,e-Stat,0003413965,"인구동태 확정수, 그 해 동거 시작·신고분, 동거 시작 당시 연령, 해당 연령 인구 천 명당"
JP,marriage_rate,M,35-39,2015,18.32,‰,e-Stat,0003413965,"인구동태 확정수, 그 해 동거 시작·신고분, 동거 시작 당시 연령, 해당 연령 인구 천 명당"
JP,marriage_rate,M,35-39,2016,18.05,‰,e-Stat,0003413965,"인구동태 확정수, 그 해 동거 시작·신고분, 동거 시작 당시 연령, 해당 연령 인구 천 명당"
JP,marriage_rate,M,35-39,2017,17.66,‰,e-Stat,0003413965,"인구동태 확정수, 그 해 동거 시작·신고분, 동거 시작 당시 연령, 해당 연령 인구 천 명당"
JP,marriage_rate,M,35-39,2018,16.85,‰,e-Stat,0003413965,"인구동태 확정수, 그 해 동거 시작·신고분, 동거 시작 당시 연령, 해당 연령 인구 천 명당"
JP,marriage_rate,M,35-39,2019,17.259999999999998,‰,e-Stat,0003413965,"인구동태 확정수, 그 해 동거 시작·신고분, 동거 시작 당시 연령, 해당 연령 인구 천 명당"
JP,marriage_rate,M,35-39,2020,14.64,‰,e-Stat,0003413965,"인구동태 확정수, 그 해 동거 시작·신고분, 동거 시작 당시 연령, 해당 연령 인구 천 명당"
JP,marriage_rate,M,35-39,2021,13.43,‰,e-Stat,0003413965,"인구동태 확정수, 그 해 동거 시작·신고분, 동거 시작 당시 연령, 해당 연령 인구 천 명당"
JP,marriage_rate,M,35-39,2022,13.23,‰,e-Stat,0003413965,"인구동태 확정수, 그 해 동거 시작·신고분, 동거 시작 당시 연령, 해당 연령 인구 천 명당"
JP,marriage_rate,M,35-39,2023,12.08,‰,e-Stat,0003413965,"인구동태 확정수, 그 해 동거 시작·신고분, 동거 시작 당시 연령, 해당 연령 인구 천 명당"
JP,marriage_rate,M,35-39,2024,12.079999999999998,‰,e-Stat,0003413965,"인구동태 확정수, 그 해 동거 시작·신고분, 동거 시작 당시 연령, 해당 연령 인구 천 명당"
JP,marriage_rate,M,40-44,1947,3.9899999999999998,‰,e-Stat,0003413965,"인구동태 확정수, 그 해 동거 시작·신고분, 동거 시작 당시 연령, 해당 연령 인구 천 명당"
JP,marriage_rate,M,40-44,1950,3.18,‰,e-Stat,0003413965,"인구동태 확정수, 그 해 동거 시작·신고분, 동거 시작 당시 연령, 해당 연령 인구 천 명당"
JP,marriage_rate,M,40-44,1955,2.5900000000000003,‰,e-Stat,0003413965,"인구동태 확정수, 그 해 동거 시작·신고분, 동거 시작 당시 연령, 해당 연령 인구 천 명당"
JP,marriage_rate,M,40-44,1960,2.72,‰,e-Stat,0003413965,"인구동태 확정수, 그 해 동거 시작·신고분, 동거 시작 당시 연령, 해당 연령 인구 천 명당"
JP,marriage_rate,M,40-44,1965,3.09,‰,e-Stat,0003413965,"인구동태 확정수, 그 해 동거 시작·신고분, 동거 시작 당시 연령, 해당 연령 인구 천 명당"
JP,marriage_rate,M,40-44,1970,2.77,‰,e-Stat,0003413965,"인구동태 확정수, 그 해 동거 시작·신고분, 동거 시작 당시 연령, 해당 연령 인구 천 명당"
JP,marriage_rate,M,40-44,1975,2.5300000000000002,‰,e-Stat,0003413965,"인구동태 확정수, 그 해 동거 시작·신고분, 동거 시작 당시 연령, 해당 연령 인구 천 명당"
JP,marriage_rate,M,40-44,1980,2.4299999999999997,‰,e-Stat,0003413965,"인구동태 확정수, 그 해 동거 시작·신고분, 동거 시작 당시 연령, 해당 연령 인구 천 명당"
JP,marriage_rate,M,40-44,1985,3.2699999999999996,‰,e-Stat,0003413965,"인구동태 확정수, 그 해 동거 시작·신고분, 동거 시작 당시 연령, 해당 연령 인구 천 명당"
JP,marriage_rate,M,40-44,1990,4.51,‰,e-Stat,0003413965,"인구동태 확정수, 그 해 동거 시작·신고분, 동거 시작 당시 연령, 해당 연령 인구 천 명당"
JP,marriage_rate,M,40-44,1995,5.62,‰,e-Stat,0003413965,"인구동태 확정수, 그 해 동거 시작·신고분, 동거 시작 당시 연령, 해당 연령 인구 천 명당"
JP,marriage_rate,M,40-44,2000,6.41,‰,e-Stat,0003413965,"인구동태 확정수, 그 해 동거 시작·신고분, 동거 시작 당시 연령, 해당 연령 인구 천 명당"
JP,marriage_rate,M,40-44,2001,6.74,‰,e-Stat,0003413965,"인구동태 확정수, 그 해 동거 시작·신고분, 동거 시작 당시 연령, 해당 연령 인구 천 명당"
JP,marriage_rate,M,40-44,2002,6.66,‰,e-Stat,0003413965,"인구동태 확정수, 그 해 동거 시작·신고분, 동거 시작 당시 연령, 해당 연령 인구 천 명당"
JP,marriage_rate,M,40-44,2003,6.949999999999999,‰,e-Stat,0003413965,"인구동태 확정수, 그 해 동거 시작·신고분, 동거 시작 당시 연령, 해당 연령 인구 천 명당"
JP,marriage_rate,M,40-44,2004,7.359999999999999,‰,e-Stat,0003413965,"인구동태 확정수, 그 해 동거 시작·신고분, 동거 시작 당시 연령, 해당 연령 인구 천 명당"
JP,marriage_rate,M,40-44,2005,7.52,‰,e-Stat,0003413965,"인구동태 확정수, 그 해 동거 시작·신고분, 동거 시작 당시 연령, 해당 연령 인구 천 명당"
JP,marriage_rate,M,40-44,2006,8.16,‰,e-Stat,0003413965,"인구동태 확정수, 그 해 동거 시작·신고분, 동거 시작 당시 연령, 해당 연령 인구 천 명당"
JP,marriage_rate,M,40-44,2007,8.08,‰,e-Stat,0003413965,"인구동태 확정수, 그 해 동거 시작·신고분, 동거 시작 당시 연령, 해당 연령 인구 천 명당"
JP,marriage_rate,M,40-44,2008,8.35,‰,e-Stat,0003413965,"인구동태 확정수, 그 해 동거 시작·신고분, 동거 시작 당시 연령, 해당 연령 인구 천 명당"
JP,marriage_rate,M,40-44,2009,8.43,‰,e-Stat,0003413965,"인구동태 확정수, 그 해 동거 시작·신고분, 동거 시작 당시 연령, 해당 연령 인구 천 명당"
JP,marriage_rate,M,40-44,2010,8.52,‰,e-Stat,0003413965,"인구동태 확정수, 그 해 동거 시작·신고분, 동거 시작 당시 연령, 해당 연령 인구 천 명당"
JP,marriage_rate,M,40-44,2011,8.27,‰,e-Stat,0003413965,"인구동태 확정수, 그 해 동거 시작·신고분, 동거 시작 당시 연령, 해당 연령 인구 천 명당"
JP,marriage_rate,M,40-44,2012,8.82,‰,e-Stat,0003413965,"인구동태 확정수, 그 해 동거 시작·신고분, 동거 시작 당시 연령, 해당 연령 인구 천 명당"
JP,marriage_rate,M,40-44,2013,9.04,‰,e-Stat,0003413965,"인구동태 확정수, 그 해 동거 시작·신고분, 동거 시작 당시 연령, 해당 연령 인구 천 명당"
JP,marriage_rate,M,40-44,2014,9.01,‰,e-Stat,0003413965,"인구동태 확정수, 그 해 동거 시작·신고분, 동거 시작 당시 연령, 해당 연령 인구 천 명당"
JP,marriage_rate,M,40-44,2015,9.09,‰,e-Stat,0003413965,"인구동태 확정수, 그 해 동거 시작·신고분, 동거 시작 당시 연령, 해당 연령 인구 천 명당"
JP,marriage_rate,M,40-44,2016,8.91,‰,e-Stat,0003413965,"인구동태 확정수, 그 해 동거 시작·신고분, 동거 시작 당시 연령, 해당 연령 인구 천 명당"
JP,marriage_rate,M,40-44,2017,8.73,‰,e-Stat,0003413965,"인구동태 확정수, 그 해 동거 시작·신고분, 동거 시작 당시 연령, 해당 연령 인구 천 명당"
JP,marriage_rate,M,40-44,2018,8.55,‰,e-Stat,0003413965,"인구동태 확정수, 그 해 동거 시작·신고분, 동거 시작 당시 연령, 해당 연령 인구 천 명당"
JP,marriage_rate,M,40-44,2019,8.79,‰,e-Stat,0003413965,"인구동태 확정수, 그 해 동거 시작·신고분, 동거 시작 당시 연령, 해당 연령 인구 천 명당"
JP,marriage_rate,M,40-44,2020,7.38,‰,e-Stat,0003413965,"인구동태 확정수, 그 해 동거 시작·신고분, 동거 시작 당시 연령, 해당 연령 인구 천 명당"
JP,marriage_rate,M,40-44,2021,6.83,‰,e-Stat,0003413965,"인구동태 확정수, 그 해 동거 시작·신고분, 동거 시작 당시 연령, 해당 연령 인구 천 명당"
JP,marriage_rate,M,40-44,2022,6.74,‰,e-Stat,0003413965,"인구동태 확정수, 그 해 동거 시작·신고분, 동거 시작 당시 연령, 해당 연령 인구 천 명당"
JP,marriage_rate,M,40-44,2023,6.18,‰,e-Stat,0003413965,"인구동태 확정수, 그 해 동거 시작·신고분, 동거 시작 당시 연령, 해당 연령 인구 천 명당"
JP,marriage_rate,M,40-44,2024,5.96,‰,e-Stat,0003413965,"인구동태 확정수, 그 해 동거 시작·신고분, 동거 시작 당시 연령, 해당 연령 인구 천 명당"
JP,marriage_rate,M,45-49,1947,2.6,‰,e-Stat,0003413965,"인구동태 확정수, 그 해 동거 시작·신고분, 동거 시작 당시 연령, 해당 연령 인구 천 명당"
JP,marriage_rate,M,45-49,1950,2.21,‰,e-Stat,0003413965,"인구동태 확정수, 그 해 동거 시작·신고분, 동거 시작 당시 연령, 해당 연령 인구 천 명당"
JP,marriage_rate,M,45-49,1955,1.8399999999999999,‰,e-Stat,0003413965,"인구동태 확정수, 그 해 동거 시작·신고분, 동거 시작 당시 연령, 해당 연령 인구 천 명당"
JP,marriage_rate,M,45-49,1960,1.9,‰,e-Stat,0003413965,"인구동태 확정수, 그 해 동거 시작·신고분, 동거 시작 당시 연령, 해당 연령 인구 천 명당"
JP,marriage_rate,M,45-49,1965,2.06,‰,e-Stat,0003413965,"인구동태 확정수, 그 해 동거 시작·신고분, 동거 시작 당시 연령, 해당 연령 인구 천 명당"
JP,marriage_rate,M,45-49,1970,1.9200000000000002,‰,e-Stat,0003413965,"인구동태 확정수, 그 해 동거 시작·신고분, 동거 시작 당시 연령, 해당 연령 인구 천 명당"
JP,marriage_rate,M,45-49,1975,1.6199999999999999,‰,e-Stat,0003413965,"인구동태 확정수, 그 해 동거 시작·신고분, 동거 시작 당시 연령, 해당 연령 인구 천 명당"
JP,marriage_rate,M,45-49,1980,1.41,‰,e-Stat,0003413965,"인구동태 확정수, 그 해 동거 시작·신고분, 동거 시작 당시 연령, 해당 연령 인구 천 명당"
JP,marriage_rate,M,45-49,1985,1.72,‰,e-Stat,0003413965,"인구동태 확정수, 그 해 동거 시작·신고분, 동거 시작 당시 연령, 해당 연령 인구 천 명당"
JP,marriage_rate,M,45-49,1990,2.29,‰,e-Stat,0003413965,"인구동태 확정수, 그 해 동거 시작·신고분, 동거 시작 당시 연령, 해당 연령 인구 천 명당"
JP,marriage_rate,M,45-49,1995,2.9,‰,e-Stat,0003413965,"인구동태 확정수, 그 해 동거 시작·신고분, 동거 시작 당시 연령, 해당 연령 인구 천 명당"
JP,marriage_rate,M,45-49,2000,3.39,‰,e-Stat,0003413965,"인구동태 확정수, 그 해 동거 시작·신고분, 동거 시작 당시 연령, 해당 연령 인구 천 명당"
JP,marriage_rate,M,45-49,2001,3.6,‰,e-Stat,0003413965,"인구동태 확정수, 그 해 동거 시작·신고분, 동거 시작 당시 연령, 해당 연령 인구 천 명당"
JP,marriage_rate,M,45-49,2002,3.49,‰,e-Stat,0003413965,"인구동태 확정수, 그 해 동거 시작·신고분, 동거 시작 당시 연령, 해당 연령 인구 천 명당"
JP,marriage_rate,M,45-49,2003,3.62,‰,e-Stat,0003413965,"인구동태 확정수, 그 해 동거 시작·신고분, 동거 시작 당시 연령, 해당 연령 인구 천 명당"
JP,marriage_rate,M,45-49,2004,3.8,‰,e-Stat,0003413965,"인구동태 확정수, 그 해 동거 시작·신고분, 동거 시작 당시 연령, 해당 연령 인구 천 명당"
JP,marriage_rate,M,45-49,2005,4.08,‰,e-Stat,0003413965,"인구동태 확정수, 그 해 동거 시작·신고분, 동거 시작 당시 연령, 해당 연령 인구 천 명당"
JP,marriage_rate,M,45-49,2006,4.279999999999999,‰,e-Stat,0003413965,"인구동태 확정수, 그 해 동거 시작·신고분, 동거 시작 당시 연령, 해당 연령 인구 천 명당"
JP,marriage_rate,M,45-49,2007,4.28,‰,e-Stat,0003413965,"인구동태 확정수, 그 해 동거 시작·신고분, 동거 시작 당시 연령, 해당 연령 인구 천 명당"
JP,marriage_rate,M,45-49,2008,4.42,‰,e-Stat,0003413965,"인구동태 확정수, 그 해 동거 시작·신고분, 동거 시작 당시 연령, 해당 연령 인구 천 명당"
JP,marriage_rate,M,45-49,2009,4.43,‰,e-Stat,0003413965,"인구동태 확정수, 그 해 동거 시작·신고분, 동거 시작 당시 연령, 해당 연령 인구 천 명당"
JP,marriage_rate,M,45-49,2010,4.38,‰,e-Stat,0003413965,"인구동태 확정수, 그 해 동거 시작·신고분, 동거 시작 당시 연령, 해당 연령 인구 천 명당"
JP,marriage_rate,M,45-49,2011,4.29,‰,e-Stat,0003413965,"인구동태 확정수, 그 해 동거 시작·신고분, 동거 시작 당시 연령, 해당 연령 인구 천 명당"
JP,marriage_rate,M,45-49,2012,4.48,‰,e-Stat,0003413965,"인구동태 확정수, 그 해 동거 시작·신고분, 동거 시작 당시 연령, 해당 연령 인구 천 명당"
JP,marriage_rate,M,45-49,2013,4.62,‰,e-Stat,0003413965,"인구동태 확정수, 그 해 동거 시작·신고분, 동거 시작 당시 연령, 해당 연령 인구 천 명당"
JP,marriage_rate,M,45-49,2014,4.6899999999999995,‰,e-Stat,0003413965,"인구동태 확정수, 그 해 동거 시작·신고분, 동거 시작 당시 연령, 해당 연령 인구 천 명당"
JP,marriage_rate,M,45-49,2015,4.73,‰,e-Stat,0003413965,"인구동태 확정수, 그 해 동거 시작·신고분, 동거 시작 당시 연령, 해당 연령 인구 천 명당"
JP,marriage_rate,M,45-49,2016,4.62,‰,e-Stat,0003413965,"인구동태 확정수, 그 해 동거 시작·신고분, 동거 시작 당시 연령, 해당 연령 인구 천 명당"
JP,marriage_rate,M,45-49,2017,4.56,‰,e-Stat,0003413965,"인구동태 확정수, 그 해 동거 시작·신고분, 동거 시작 당시 연령, 해당 연령 인구 천 명당"
JP,marriage_rate,M,45-49,2018,4.44,‰,e-Stat,0003413965,"인구동태 확정수, 그 해 동거 시작·신고분, 동거 시작 당시 연령, 해당 연령 인구 천 명당"
JP,marriage_rate,M,45-49,2019,4.699999999999999,‰,e-Stat,0003413965,"인구동태 확정수, 그 해 동거 시작·신고분, 동거 시작 당시 연령, 해당 연령 인구 천 명당"
JP,marriage_rate,M,45-49,2020,3.88,‰,e-Stat,0003413965,"인구동태 확정수, 그 해 동거 시작·신고분, 동거 시작 당시 연령, 해당 연령 인구 천 명당"
JP,marriage_rate,M,45-49,2021,3.56,‰,e-Stat,0003413965,"인구동태 확정수, 그 해 동거 시작·신고분, 동거 시작 당시 연령, 해당 연령 인구 천 명당"
JP,marriage_rate,M,45-49,2022,3.59,‰,e-Stat,0003413965,"인구동태 확정수, 그 해 동거 시작·신고분, 동거 시작 당시 연령, 해당 연령 인구 천 명당"
JP,marriage_rate,M,45-49,2023,3.33,‰,e-Stat,0003413965,"인구동태 확정수, 그 해 동거 시작·신고분, 동거 시작 당시 연령, 해당 연령 인구 천 명당"
JP,marriage_rate,M,45-49,2024,3.25,‰,e-Stat,0003413965,"인구동태 확정수, 그 해 동거 시작·신고분, 동거 시작 당시 연령, 해당 연령 인구 천 명당"
JP,marriage_rate,M,50-54,1947,1.76,‰,e-Stat,0003413965,"인구동태 확정수, 그 해 동거 시작·신고분, 동거 시작 당시 연령, 해당 연령 인구 천 명당"
JP,marriage_rate,M,50-54,1950,1.54,‰,e-Stat,0003413965,"인구동태 확정수, 그 해 동거 시작·신고분, 동거 시작 당시 연령, 해당 연령 인구 천 명당"
JP,marriage_rate,M,50-54,1955,1.4000000000000001,‰,e-Stat,0003413965,"인구동태 확정수, 그 해 동거 시작·신고분, 동거 시작 당시 연령, 해당 연령 인구 천 명당"
JP,marriage_rate,M,50-54,1960,1.48,‰,e-Stat,0003413965,"인구동태 확정수, 그 해 동거 시작·신고분, 동거 시작 당시 연령, 해당 연령 인구 천 명당"
JP,marriage_rate,M,50-54,1965,1.6099999999999999,‰,e-Stat,0003413965,"인구동태 확정수, 그 해 동거 시작·신고분, 동거 시작 당시 연령, 해당 연령 인구 천 명당"
JP,marriage_rate,M,50-54,1970,1.46,‰,e-Stat,0003413965,"인구동태 확정수, 그 해 동거 시작·신고분, 동거 시작 당시 연령, 해당 연령 인구 천 명당"
JP,marriage_rate,M,50-54,1975,1.32,‰,e-Stat,0003413965,"인구동태 확정수, 그 해 동거 시작·신고분, 동거 시작 당시 연령, 해당 연령 인구 천 명당"
JP,marriage_rate,M,50-54,1980,1.04,‰,e-Stat,0003413965,"인구동태 확정수, 그 해 동거 시작·신고분, 동거 시작 당시 연령, 해당 연령 인구 천 명당"
JP,marriage_rate,M,50-54,1985,1.1400000000000001,‰,e-Stat,0003413965,"인구동태 확정수, 그 해 동거 시작·신고분, 동거 시작 당시 연령, 해당 연령 인구 천 명당"
JP,marriage_rate,M,50-54,1990,1.4,‰,e-Stat,0003413965,"인구동태 확정수, 그 해 동거 시작·신고분, 동거 시작 당시 연령, 해당 연령 인구 천 명당"
JP,marriage_rate,M,50-54,1995,1.65,‰,e-Stat,0003413965,"인구동태 확정수, 그 해 동거 시작·신고분, 동거 시작 당시 연령, 해당 연령 인구 천 명당"
JP,marriage_rate,M,50-54,2000,2.15,‰,e-Stat,0003413965,"인구동태 확정수, 그 해 동거 시작·신고분, 동거 시작 당시 연령, 해당 연령 인구 천 명당"
JP,marriage_rate,M,50-54,2001,2.3,‰,e-Stat,0003413965,"인구동태 확정수, 그 해 동거 시작·신고분, 동거 시작 당시 연령, 해당 연령 인구 천 명당"
JP,marriage_rate,M,50-54,2002,2.13,‰,e-Stat,0003413965,"인구동태 확정수, 그 해 동거 시작·신고분, 동거 시작 당시 연령, 해당 연령 인구 천 명당"
JP,marriage_rate,M,50-54,2003,2.21,‰,e-Stat,0003413965,"인구동태 확정수, 그 해 동거 시작·신고분, 동거 시작 당시 연령, 해당 연령 인구 천 명당"
JP,marriage_rate,M,50-54,2004,2.32,‰,e-Stat,0003413965,"인구동태 확정수, 그 해 동거 시작·신고분, 동거 시작 당시 연령, 해당 연령 인구 천 명당"
JP,marriage_rate,M,50-54,2005,2.43,‰,e-Stat,0003413965,"인구동태 확정수, 그 해 동거 시작·신고분, 동거 시작 당시 연령, 해당 연령 인구 천 명당"
JP,marriage_rate,M,50-54,2006,2.55,‰,e-Stat,0003413965,"인구동태 확정수, 그 해 동거 시작·신고분, 동거 시작 당시 연령, 해당 연령 인구 천 명당"
JP,marriage_rate,M,50-54,2007,2.52,‰,e-Stat,0003413965,"인구동태 확정수, 그 해 동거 시작·신고분, 동거 시작 당시 연령, 해당 연령 인구 천 명당"
JP,marriage_rate,M,50-54,2008,2.56,‰,e-Stat,0003413965,"인구동태 확정수, 그 해 동거 시작·신고분, 동거 시작 당시 연령, 해당 연령 인구 천 명당"
JP,marriage_rate,M,50-54,2009,2.55,‰,e-Stat,0003413965,"인구동태 확정수, 그 해 동거 시작·신고분, 동거 시작 당시 연령, 해당 연령 인구 천 명당"
JP,marriage_rate,M,50-54,2010,2.47,‰,e-Stat,0003413965,"인구동태 확정수, 그 해 동거 시작·신고분, 동거 시작 당시 연령, 해당 연령 인구 천 명당"
JP,marriage_rate,M,50-54,2011,2.4,‰,e-Stat,0003413965,"인구동태 확정수, 그 해 동거 시작·신고분, 동거 시작 당시 연령, 해당 연령 인구 천 명당"
JP,marriage_rate,M,50-54,2012,2.5700000000000003,‰,e-Stat,0003413965,"인구동태 확정수, 그 해 동거 시작·신고분, 동거 시작 당시 연령, 해당 연령 인구 천 명당"
JP,marriage_rate,M,50-54,2013,2.61,‰,e-Stat,0003413965,"인구동태 확정수, 그 해 동거 시작·신고분, 동거 시작 당시 연령, 해당 연령 인구 천 명당"
JP,marriage_rate,M,50-54,2014,2.65,‰,e-Stat,0003413965,"인구동태 확정수, 그 해 동거 시작·신고분, 동거 시작 당시 연령, 해당 연령 인구 천 명당"
JP,marriage_rate,M,50-54,2015,2.6799999999999997,‰,e-Stat,0003413965,"인구동태 확정수, 그 해 동거 시작·신고분, 동거 시작 당시 연령, 해당 연령 인구 천 명당"
JP,marriage_rate,M,50-54,2016,2.73,‰,e-Stat,0003413965,"인구동태 확정수, 그 해 동거 시작·신고분, 동거 시작 당시 연령, 해당 연령 인구 천 명당"
JP,marriage_rate,M,50-54,2017,2.6100000000000003,‰,e-Stat,0003413965,"인구동태 확정수, 그 해 동거 시작·신고분, 동거 시작 당시 연령, 해당 연령 인구 천 명당"
JP,marriage_rate,M,50-54,2018,2.62,‰,e-Stat,0003413965,"인구동태 확정수, 그 해 동거 시작·신고분, 동거 시작 당시 연령, 해당 연령 인구 천 명당"
JP,marriage_rate,M,50-54,2019,2.7800000000000002,‰,e-Stat,0003413965,"인구동태 확정수, 그 해 동거 시작·신고분, 동거 시작 당시 연령, 해당 연령 인구 천 명당"
JP,marriage_rate,M,50-54,2020,2.3,‰,e-Stat,0003413965,"인구동태 확정수, 그 해 동거 시작·신고분, 동거 시작 당시 연령, 해당 연령 인구 천 명당"
JP,marriage_rate,M,50-54,2021,2.12,‰,e-Stat,0003413965,"인구동태 확정수, 그 해 동거 시작·신고분, 동거 시작 당시 연령, 해당 연령 인구 천 명당"
JP,marriage_rate,M,50-54,2022,2.14,‰,e-Stat,0003413965,"인구동태 확정수, 그 해 동거 시작·신고분, 동거 시작 당시 연령, 해당 연령 인구 천 명당"
JP,marriage_rate,M,50-54,2023,2.04,‰,e-Stat,0003413965,"인구동태 확정수, 그 해 동거 시작·신고분, 동거 시작 당시 연령, 해당 연령 인구 천 명당"
JP,marriage_rate,M,50-54,2024,1.98,‰,e-Stat,0003413965,"인구동태 확정수, 그 해 동거 시작·신고분, 동거 시작 당시 연령, 해당 연령 인구 천 명당"
JP,marriage_rate,M,~19,1947,3.11,‰,e-Stat,0003413965,"인구동태 확정수, 그 해 동거 시작·신고분, 동거 시작 당시 연령, 해당 연령 인구 천 명당"
JP,marriage_rate,M,~19,1950,1.76,‰,e-Stat,0003413965,"인구동태 확정수, 그 해 동거 시작·신고분, 동거 시작 당시 연령, 해당 연령 인구 천 명당"
JP,marriage_rate,M,~19,1955,0.65,‰,e-Stat,0003413965,"인구동태 확정수, 그 해 동거 시작·신고분, 동거 시작 당시 연령, 해당 연령 인구 천 명당"
JP,marriage_rate,M,~19,1960,0.46,‰,e-Stat,0003413965,"인구동태 확정수, 그 해 동거 시작·신고분, 동거 시작 당시 연령, 해당 연령 인구 천 명당"
JP,marriage_rate,M,~19,1965,0.48,‰,e-Stat,0003413965,"인구동태 확정수, 그 해 동거 시작·신고분, 동거 시작 당시 연령, 해당 연령 인구 천 명당"
JP,marriage_rate,M,~19,1970,1.28,‰,e-Stat,0003413965,"인구동태 확정수, 그 해 동거 시작·신고분, 동거 시작 당시 연령, 해당 연령 인구 천 명당"
JP,marriage_rate,M,~19,1975,1.27,‰,e-Stat,0003413965,"인구동태 확정수, 그 해 동거 시작·신고분, 동거 시작 당시 연령, 해당 연령 인구 천 명당"
JP,marriage_rate,M,~19,1980,1.26,‰,e-Stat,0003413965,"인구동태 확정수, 그 해 동거 시작·신고분, 동거 시작 당시 연령, 해당 연령 인구 천 명당"
JP,marriage_rate,M,~19,1985,1.44,‰,e-Stat,0003413965,"인구동태 확정수, 그 해 동거 시작·신고분, 동거 시작 당시 연령, 해당 연령 인구 천 명당"
JP,marriage_rate,M,~19,1990,1.5,‰,e-Stat,0003413965,"인구동태 확정수, 그 해 동거 시작·신고분, 동거 시작 당시 연령, 해당 연령 인구 천 명당"
JP,marriage_rate,M,~19,1995,2.01,‰,e-Stat,0003413965,"인구동태 확정수, 그 해 동거 시작·신고분, 동거 시작 당시 연령, 해당 연령 인구 천 명당"
JP,marriage_rate,M,~19,2000,2.8299999999999996,‰,e-Stat,0003413965,"인구동태 확정수, 그 해 동거 시작·신고분, 동거 시작 당시 연령, 해당 연령 인구 천 명당"
JP,marriage_rate,M,~19,2001,2.92,‰,e-Stat,0003413965,"인구동태 확정수, 그 해 동거 시작·신고분, 동거 시작 당시 연령, 해당 연령 인구 천 명당"
JP,marriage_rate,M,~19,2002,2.73,‰,e-Stat,0003413965,"인구동태 확정수, 그 해 동거 시작·신고분, 동거 시작 당시 연령, 해당 연령 인구 천 명당"
JP,marriage_rate,M,~19,2003,2.4899999999999998,‰,e-Stat,0003413965,"인구동태 확정수, 그 해 동거 시작·신고분, 동거 시작 당시 연령, 해당 연령 인구 천 명당"
JP,marriage_rate,M,~19,2004,2.23,‰,e-Stat,0003413965,"인구동태 확정수, 그 해 동거 시작·신고분, 동거 시작 당시 연령, 해당 연령 인구 천 명당"
JP,marriage_rate,M,~19,2005,2.03,‰,e-Stat,0003413965,"인구동태 확정수, 그 해 동거 시작·신고분, 동거 시작 당시 연령, 해당 연령 인구 천 명당"
JP,marriage_rate,M,~19,2006,2.0399999999999996,‰,e-Stat,0003413965,"인구동태 확정수, 그 해 동거 시작·신고분, 동거 시작 당시 연령, 해당 연령 인구 천 명당"
JP,marriage_rate,M,~19,2007,2.06,‰,e-Stat,0003413965,"인구동태 확정수, 그 해 동거 시작·신고분, 동거 시작 당시 연령, 해당 연령 인구 천 명당"
JP,marriage_rate,M,~19,2008,2.0999999999999996,‰,e-Stat,0003413965,"인구동태 확정수, 그 해 동거 시작·신고분, 동거 시작 당시 연령, 해당 연령 인구 천 명당"
JP,marriage_rate,M,~19,2009,1.8800000000000001,‰,e-Stat,0003413965,"인구동태 확정수, 그 해 동거 시작·신고분, 동거 시작 당시 연령, 해당 연령 인구 천 명당"
JP,marriage_rate,M,~19,2010,1.74,‰,e-Stat,0003413965,"인구동태 확정수, 그 해 동거 시작·신고분, 동거 시작 당시 연령, 해당 연령 인구 천 명당"
JP,marriage_rate,M,~19,2011,1.6300000000000001,‰,e-Stat,0003413965,"인구동태 확정수, 그 해 동거 시작·신고분, 동거 시작 당시 연령, 해당 연령 인구 천 명당"
JP,marriage_rate,M,~19,2012,1.66,‰,e-Stat,0003413965,"인구동태 확정수, 그 해 동거 시작·신고분, 동거 시작 당시 연령, 해당 연령 인구 천 명당"
JP,marriage_rate,M,~19,2013,1.77,‰,e-Stat,0003413965,"인구동태 확정수, 그 해 동거 시작·신고분, 동거 시작 당시 연령, 해당 연령 인구 천 명당"
JP,marriage_rate,M,~19,2014,1.77,‰,e-Stat,0003413965,"인구동태 확정수, 그 해 동거 시작·신고분, 동거 시작 당시 연령, 해당 연령 인구 천 명당"
JP,marriage_rate,M,~19,2015,1.69,‰,e-Stat,0003413965,"인구동태 확정수, 그 해 동거 시작·신고분, 동거 시작 당시 연령, 해당 연령 인구 천 명당"
JP,marriage_rate,M,~19,2016,1.6,‰,e-Stat,0003413965,"인구동태 확정수, 그 해 동거 시작·신고분, 동거 시작 당시 연령, 해당 연령 인구 천 명당"
JP,marriage_rate,M,~19,2017,1.49,‰,e-Stat,0003413965,"인구동태 확정수, 그 해 동거 시작·신고분, 동거 시작 당시 연령, 해당 연령 인구 천 명당"
JP,marriage_rate,M,~19,2018,1.3,‰,e-Stat,0003413965,"인구동태 확정수, 그 해 동거 시작·신고분, 동거 시작 당시 연령, 해당 연령 인구 천 명당"
JP,marriage_rate,M,~19,2019,1.19,‰,e-Stat,0003413965,"인구동태 확정수, 그 해 동거 시작·신고분, 동거 시작 당시 연령, 해당 연령 인구 천 명당"
JP,marriage_rate,M,~19,2020,1.03,‰,e-Stat,0003413965,"인구동태 확정수, 그 해 동거 시작·신고분, 동거 시작 당시 연령, 해당 연령 인구 천 명당"
JP,marriage_rate,M,~19,2021,0.81,‰,e-Stat,0003413965,"인구동태 확정수, 그 해 동거 시작·신고분, 동거 시작 당시 연령, 해당 연령 인구 천 명당"
JP,marriage_rate,M,~19,2022,0.72,‰,e-Stat,0003413965,"인구동태 확정수, 그 해 동거 시작·신고분, 동거 시작 당시 연령, 해당 연령 인구 천 명당"
JP,marriage_rate,M,~19,2023,0.69,‰,e-Stat,0003413965,"인구동태 확정수, 그 해 동거 시작·신고분, 동거 시작 당시 연령, 해당 연령 인구 천 명당"
JP,marriage_rate,M,~19,2024,0.61,‰,e-Stat,0003413965,"인구동태 확정수, 그 해 동거 시작·신고분, 동거 시작 당시 연령, 해당 연령 인구 천 명당"
KR,marriage_rate,F,20-24,1990,92.1,‰,KOSIS,DT_1B83A15,"인구동향조사, 신고 연도·혼인 당시 연령, 해당 연령 인구 천 명당"
KR,marriage_rate,F,20-24,1991,94.2,‰,KOSIS,DT_1B83A15,"인구동향조사, 신고 연도·혼인 당시 연령, 해당 연령 인구 천 명당"
KR,marriage_rate,F,20-24,1992,91.6,‰,KOSIS,DT_1B83A15,"인구동향조사, 신고 연도·혼인 당시 연령, 해당 연령 인구 천 명당"
KR,marriage_rate,F,20-24,1993,80.3,‰,KOSIS,DT_1B83A15,"인구동향조사, 신고 연도·혼인 당시 연령, 해당 연령 인구 천 명당"
KR,marriage_rate,F,20-24,1994,75.1,‰,KOSIS,DT_1B83A15,"인구동향조사, 신고 연도·혼인 당시 연령, 해당 연령 인구 천 명당"
KR,marriage_rate,F,20-24,1995,73.6,‰,KOSIS,DT_1B83A15,"인구동향조사, 신고 연도·혼인 당시 연령, 해당 연령 인구 천 명당"
KR,marriage_rate,F,20-24,1996,78.7,‰,KOSIS,DT_1B83A15,"인구동향조사, 신고 연도·혼인 당시 연령, 해당 연령 인구 천 명당"
KR,marriage_rate,F,20-24,1997,66.9,‰,KOSIS,DT_1B83A15,"인구동향조사, 신고 연도·혼인 당시 연령, 해당 연령 인구 천 명당"
KR,marriage_rate,F,20-24,1998,60.2,‰,KOSIS,DT_1B83A15,"인구동향조사, 신고 연도·혼인 당시 연령, 해당 연령 인구 천 명당"
KR,marriage_rate,F,20-24,1999,52.5,‰,KOSIS,DT_1B83A15,"인구동향조사, 신고 연도·혼인 당시 연령, 해당 연령 인구 천 명당"
KR,marriage_rate,F,20-24,2000,44.8,‰,KOSIS,DT_1B83A15,"인구동향조사, 신고 연도·혼인 당시 연령, 해당 연령 인구 천 명당"
KR,marriage_rate,F,20-24,2001,37.9,‰,KOSIS,DT_1B83A15,"인구동향조사, 신고 연도·혼인 당시 연령, 해당 연령 인구 천 명당"
KR,marriage_rate,F,20-24,2002,33.1,‰,KOSIS,DT_1B83A15,"인구동향조사, 신고 연도·혼인 당시 연령, 해당 연령 인구 천 명당"
KR,marriage_rate,F,20-24,2003,29.6,‰,KOSIS,DT_1B83A15,"인구동향조사, 신고 연도·혼인 당시 연령, 해당 연령 인구 천 명당"
KR,marriage_rate,F,20-24,2004,27.6,‰,KOSIS,DT_1B83A15,"인구동향조사, 신고 연도·혼인 당시 연령, 해당 연령 인구 천 명당"
KR,marriage_rate,F,20-24,2005,26.2,‰,KOSIS,DT_1B83A15,"인구동향조사, 신고 연도·혼인 당시 연령, 해당 연령 인구 천 명당"
KR,marriage_rate,F,20-24,2006,28.1,‰,KOSIS,DT_1B83A15,"인구동향조사, 신고 연도·혼인 당시 연령, 해당 연령 인구 천 명당"
KR,marriage_rate,F,20-24,2007,27.2,‰,KOSIS,DT_1B83A15,"인구동향조사, 신고 연도·혼인 당시 연령, 해당 연령 인구 천 명당"
KR,marriage_rate,F,20-24,2008,24.1,‰,KOSIS,DT_1B83A15,"인구동향조사, 신고 연도·혼인 당시 연령, 해당 연령 인구 천 명당"
KR,marriage_rate,F,20-24,2009,20.4,‰,KOSIS,DT_1B83A15,"인구동향조사, 신고 연도·혼인 당시 연령, 해당 연령 인구 천 명당"
KR,marriage_rate,F,20-24,2010,21.5,‰,KOSIS,DT_1B83A15,"인구동향조사, 신고 연도·혼인 당시 연령, 해당 연령 인구 천 명당"
KR,marriage_rate,F,20-24,2011,20.4,‰,KOSIS,DT_1B83A15,"인구동향조사, 신고 연도·혼인 당시 연령, 해당 연령 인구 천 명당"
KR,marriage_rate,F,20-24,2012,18.5,‰,KOSIS,DT_1B83A15,"인구동향조사, 신고 연도·혼인 당시 연령, 해당 연령 인구 천 명당"
KR,marriage_rate,F,20-24,2013,17.6,‰,KOSIS,DT_1B83A15,"인구동향조사, 신고 연도·혼인 당시 연령, 해당 연령 인구 천 명당"
KR,marriage_rate,F,20-24,2014,16.0,‰,KOSIS,DT_1B83A15,"인구동향조사, 신고 연도·혼인 당시 연령, 해당 연령 인구 천 명당"
KR,marriage_rate,F,20-24,2015,15.5,‰,KOSIS,DT_1B83A15,"인구동향조사, 신고 연도·혼인 당시 연령, 해당 연령 인구 천 명당"
KR,marriage_rate,F,20-24,2016,13.8,‰,KOSIS,DT_1B83A15,"인구동향조사, 신고 연도·혼인 당시 연령, 해당 연령 인구 천 명당"
KR,marriage_rate,F,20-24,2017,12.3,‰,KOSIS,DT_1B83A15,"인구동향조사, 신고 연도·혼인 당시 연령, 해당 연령 인구 천 명당"
KR,marriage_rate,F,20-24,2018,11.5,‰,KOSIS,DT_1B83A15,"인구동향조사, 신고 연도·혼인 당시 연령, 해당 연령 인구 천 명당"
KR,marriage_rate,F,20-24,2019,10.1,‰,KOSIS,DT_1B83A15,"인구동향조사, 신고 연도·혼인 당시 연령, 해당 연령 인구 천 명당"
KR,marriage_rate,F,20-24,2020,8.0,‰,KOSIS,DT_1B83A15,"인구동향조사, 신고 연도·혼인 당시 연령, 해당 연령 인구 천 명당"
KR,marriage_rate,F,20-24,2021,6.6,‰,KOSIS,DT_1B83A15,"인구동향조사, 신고 연도·혼인 당시 연령, 해당 연령 인구 천 명당"
KR,marriage_rate,F,20-24,2022,7.0,‰,KOSIS,DT_1B83A15,"인구동향조사, 신고 연도·혼인 당시 연령, 해당 연령 인구 천 명당"
KR,marriage_rate,F,20-24,2023,7.0,‰,KOSIS,DT_1B83A15,"인구동향조사, 신고 연도·혼인 당시 연령, 해당 연령 인구 천 명당"
KR,marriage_rate,F,20-24,2024,7.4,‰,KOSIS,DT_1B83A15,"인구동향조사, 신고 연도·혼인 당시 연령, 해당 연령 인구 천 명당"
KR,marriage_rate,F,20-24,2025,7.6,‰,KOSIS,DT_1B83A15,"인구동향조사, 신고 연도·혼인 당시 연령, 해당 연령 인구 천 명당"
KR,marriage_rate,F,25-29,1990,70.9,‰,KOSIS,DT_1B83A15,"인구동향조사, 신고 연도·혼인 당시 연령, 해당 연령 인구 천 명당"
KR,marriage_rate,F,25-29,1991,73.9,‰,KOSIS,DT_1B83A15,"인구동향조사, 신고 연도·혼인 당시 연령, 해당 연령 인구 천 명당"
KR,marriage_rate,F,25-29,1992,75.5,‰,KOSIS,DT_1B83A15,"인구동향조사, 신고 연도·혼인 당시 연령, 해당 연령 인구 천 명당"
KR,marriage_rate,F,25-29,1993,72.7,‰,KOSIS,DT_1B83A15,"인구동향조사, 신고 연도·혼인 당시 연령, 해당 연령 인구 천 명당"
KR,marriage_rate,F,25-29,1994,73.5,‰,KOSIS,DT_1B83A15,"인구동향조사, 신고 연도·혼인 당시 연령, 해당 연령 인구 천 명당"
KR,marriage_rate,F,25-29,1995,76.1,‰,KOSIS,DT_1B83A15,"인구동향조사, 신고 연도·혼인 당시 연령, 해당 연령 인구 천 명당"
KR,marriage_rate,F,25-29,1996,84.5,‰,KOSIS,DT_1B83A15,"인구동향조사, 신고 연도·혼인 당시 연령, 해당 연령 인구 천 명당"
KR,marriage_rate,F,25-29,1997,78.7,‰,KOSIS,DT_1B83A15,"인구동향조사, 신고 연도·혼인 당시 연령, 해당 연령 인구 천 명당"
KR,marriage_rate,F,25-29,1998,78.2,‰,KOSIS,DT_1B83A15,"인구동향조사, 신고 연도·혼인 당시 연령, 해당 연령 인구 천 명당"
KR,marriage_rate,F,25-29,1999,78.4,‰,KOSIS,DT_1B83A15,"인구동향조사, 신고 연도·혼인 당시 연령, 해당 연령 인구 천 명당"
KR,marriage_rate,F,25-29,2000,74.9,‰,KOSIS,DT_1B83A15,"인구동향조사, 신고 연도·혼인 당시 연령, 해당 연령 인구 천 명당"
KR,marriage_rate,F,25-29,2001,74.5,‰,KOSIS,DT_1B83A15,"인구동향조사, 신고 연도·혼인 당시 연령, 해당 연령 인구 천 명당"
KR,marriage_rate,F,25-29,2002,73.9,‰,KOSIS,DT_1B83A15,"인구동향조사, 신고 연도·혼인 당시 연령, 해당 연령 인구 천 명당"
KR,marriage_rate,F,25-29,2003,75.3,‰,KOSIS,DT_1B83A15,"인구동향조사, 신고 연도·혼인 당시 연령, 해당 연령 인구 천 명당"
KR,marriage_rate,F,25-29,2004,76.4,‰,KOSIS,DT_1B83A15,"인구동향조사, 신고 연도·혼인 당시 연령, 해당 연령 인구 천 명당"
KR,marriage_rate,F,25-29,2005,76.9,‰,KOSIS,DT_1B83A15,"인구동향조사, 신고 연도·혼인 당시 연령, 해당 연령 인구 천 명당"
KR,marriage_rate,F,25-29,2006,81.8,‰,KOSIS,DT_1B83A15,"인구동향조사, 신고 연도·혼인 당시 연령, 해당 연령 인구 천 명당"
KR,marriage_rate,F,25-29,2007,85.6,‰,KOSIS,DT_1B83A15,"인구동향조사, 신고 연도·혼인 당시 연령, 해당 연령 인구 천 명당"
KR,marriage_rate,F,25-29,2008,79.0,‰,KOSIS,DT_1B83A15,"인구동향조사, 신고 연도·혼인 당시 연령, 해당 연령 인구 천 명당"
KR,marriage_rate,F,25-29,2009,74.3,‰,KOSIS,DT_1B83A15,"인구동향조사, 신고 연도·혼인 당시 연령, 해당 연령 인구 천 명당"
KR,marriage_rate,F,25-29,2010,79.1,‰,KOSIS,DT_1B83A15,"인구동향조사, 신고 연도·혼인 당시 연령, 해당 연령 인구 천 명당"
KR,marriage_rate,F,25-29,2011,81.2,‰,KOSIS,DT_1B83A15,"인구동향조사, 신고 연도·혼인 당시 연령, 해당 연령 인구 천 명당"
KR,marriage_rate,F,25-29,2012,80.3,‰,KOSIS,DT_1B83A15,"인구동향조사, 신고 연도·혼인 당시 연령, 해당 연령 인구 천 명당"
KR,marriage_rate,F,25-29,2013,79.9,‰,KOSIS,DT_1B83A15,"인구동향조사, 신고 연도·혼인 당시 연령, 해당 연령 인구 천 명당"
KR,marriage_rate,F,25-29,2014,73.6,‰,KOSIS,DT_1B83A15,"인구동향조사, 신고 연도·혼인 당시 연령, 해당 연령 인구 천 명당"
KR,marriage_rate,F,25-29,2015,72.9,‰,KOSIS,DT_1B83A15,"인구동향조사, 신고 연도·혼인 당시 연령, 해당 연령 인구 천 명당"
KR,marriage_rate,F,25-29,2016,66.5,‰,KOSIS,DT_1B83A15,"인구동향조사, 신고 연도·혼인 당시 연령, 해당 연령 인구 천 명당"
KR,marriage_rate,F,25-29,2017,60.6,‰,KOSIS,DT_1B83A15,"인구동향조사, 신고 연도·혼인 당시 연령, 해당 연령 인구 천 명당"
KR,marriage_rate,F,25-29,2018,57.0,‰,KOSIS,DT_1B83A15,"인구동향조사, 신고 연도·혼인 당시 연령, 해당 연령 인구 천 명당"
KR,marriage_rate,F,25-29,2019,50.4,‰,KOSIS,DT_1B83A15,"인구동향조사, 신고 연도·혼인 당시 연령, 해당 연령 인구 천 명당"
KR,marriage_rate,F,25-29,2020,44.9,‰,KOSIS,DT_1B83A15,"인구동향조사, 신고 연도·혼인 당시 연령, 해당 연령 인구 천 명당"
KR,marriage_rate,F,25-29,2021,38.2,‰,KOSIS,DT_1B83A15,"인구동향조사, 신고 연도·혼인 당시 연령, 해당 연령 인구 천 명당"
KR,marriage_rate,F,25-29,2022,35.7,‰,KOSIS,DT_1B83A15,"인구동향조사, 신고 연도·혼인 당시 연령, 해당 연령 인구 천 명당"
KR,marriage_rate,F,25-29,2023,34.2,‰,KOSIS,DT_1B83A15,"인구동향조사, 신고 연도·혼인 당시 연령, 해당 연령 인구 천 명당"
KR,marriage_rate,F,25-29,2024,40.3,‰,KOSIS,DT_1B83A15,"인구동향조사, 신고 연도·혼인 당시 연령, 해당 연령 인구 천 명당"
KR,marriage_rate,F,25-29,2025,44.3,‰,KOSIS,DT_1B83A15,"인구동향조사, 신고 연도·혼인 당시 연령, 해당 연령 인구 천 명당"
KR,marriage_rate,F,30-34,1990,11.7,‰,KOSIS,DT_1B83A15,"인구동향조사, 신고 연도·혼인 당시 연령, 해당 연령 인구 천 명당"
KR,marriage_rate,F,30-34,1991,12.6,‰,KOSIS,DT_1B83A15,"인구동향조사, 신고 연도·혼인 당시 연령, 해당 연령 인구 천 명당"
KR,marriage_rate,F,30-34,1992,13.3,‰,KOSIS,DT_1B83A15,"인구동향조사, 신고 연도·혼인 당시 연령, 해당 연령 인구 천 명당"
KR,marriage_rate,F,30-34,1993,12.5,‰,KOSIS,DT_1B83A15,"인구동향조사, 신고 연도·혼인 당시 연령, 해당 연령 인구 천 명당"
KR,marriage_rate,F,30-34,1994,12.6,‰,KOSIS,DT_1B83A15,"인구동향조사, 신고 연도·혼인 당시 연령, 해당 연령 인구 천 명당"
KR,marriage_rate,F,30-34,1995,13.7,‰,KOSIS,DT_1B83A15,"인구동향조사, 신고 연도·혼인 당시 연령, 해당 연령 인구 천 명당"
KR,marriage_rate,F,30-34,1996,15.8,‰,KOSIS,DT_1B83A15,"인구동향조사, 신고 연도·혼인 당시 연령, 해당 연령 인구 천 명당"
KR,marriage_rate,F,30-34,1997,14.8,‰,KOSIS,DT_1B83A15,"인구동향조사, 신고 연도·혼인 당시 연령, 해당 연령 인구 천 명당"
KR,marriage_rate,F,30-34,1998,15.7,‰,KOSIS,DT_1B83A15,"인구동향조사, 신고 연도·혼인 당시 연령, 해당 연령 인구 천 명당"
KR,marriage_rate,F,30-34,1999,16.8,‰,KOSIS,DT_1B83A15,"인구동향조사, 신고 연도·혼인 당시 연령, 해당 연령 인구 천 명당"
KR,marriage_rate,F,30-34,2000,17.4,‰,KOSIS,DT_1B83A15,"인구동향조사, 신고 연도·혼인 당시 연령, 해당 연령 인구 천 명당"
KR,marriage_rate,F,30-34,2001,18.5,‰,KOSIS,DT_1B83A15,"인구동향조사, 신고 연도·혼인 당시 연령, 해당 연령 인구 천 명당"
KR,marriage_rate,F,30-34,2002,19.5,‰,KOSIS,DT_1B83A15,"인구동향조사, 신고 연도·혼인 당시 연령, 해당 연령 인구 천 명당"
KR,marriage_rate,F,30-34,2003,21.4,‰,KOSIS,DT_1B83A15,"인구동향조사, 신고 연도·혼인 당시 연령, 해당 연령 인구 천 명당"
KR,marriage_rate,F,30-34,2004,23.8,‰,KOSIS,DT_1B83A15,"인구동향조사, 신고 연도·혼인 당시 연령, 해당 연령 인구 천 명당"
KR,marriage_rate,F,30-34,2005,26.3,‰,KOSIS,DT_1B83A15,"인구동향조사, 신고 연도·혼인 당시 연령, 해당 연령 인구 천 명당"
KR,marriage_rate,F,30-34,2006,29.7,‰,KOSIS,DT_1B83A15,"인구동향조사, 신고 연도·혼인 당시 연령, 해당 연령 인구 천 명당"
KR,marriage_rate,F,30-34,2007,33.6,‰,KOSIS,DT_1B83A15,"인구동향조사, 신고 연도·혼인 당시 연령, 해당 연령 인구 천 명당"
KR,marriage_rate,F,30-34,2008,35.4,‰,KOSIS,DT_1B83A15,"인구동향조사, 신고 연도·혼인 당시 연령, 해당 연령 인구 천 명당"
KR,marriage_rate,F,30-34,2009,37.0,‰,KOSIS,DT_1B83A15,"인구동향조사, 신고 연도·혼인 당시 연령, 해당 연령 인구 천 명당"
KR,marriage_rate,F,30-34,2010,42.0,‰,KOSIS,DT_1B83A15,"인구동향조사, 신고 연도·혼인 당시 연령, 해당 연령 인구 천 명당"
KR,marriage_rate,F,30-34,2011,46.4,‰,KOSIS,DT_1B83A15,"인구동향조사, 신고 연도·혼인 당시 연령, 해당 연령 인구 천 명당"
KR,marriage_rate,F,30-34,2012,50.0,‰,KOSIS,DT_1B83A15,"인구동향조사, 신고 연도·혼인 당시 연령, 해당 연령 인구 천 명당"
KR,marriage_rate,F,30-34,2013,51.7,‰,KOSIS,DT_1B83A15,"인구동향조사, 신고 연도·혼인 당시 연령, 해당 연령 인구 천 명당"
KR,marriage_rate,F,30-34,2014,50.3,‰,KOSIS,DT_1B83A15,"인구동향조사, 신고 연도·혼인 당시 연령, 해당 연령 인구 천 명당"
KR,marriage_rate,F,30-34,2015,51.8,‰,KOSIS,DT_1B83A15,"인구동향조사, 신고 연도·혼인 당시 연령, 해당 연령 인구 천 명당"
KR,marriage_rate,F,30-34,2016,50.1,‰,KOSIS,DT_1B83A15,"인구동향조사, 신고 연도·혼인 당시 연령, 해당 연령 인구 천 명당"
KR,marriage_rate,F,30-34,2017,48.4,‰,KOSIS,DT_1B83A15,"인구동향조사, 신고 연도·혼인 당시 연령, 해당 연령 인구 천 명당"
KR,marriage_rate,F,30-34,2018,49.2,‰,KOSIS,DT_1B83A15,"인구동향조사, 신고 연도·혼인 당시 연령, 해당 연령 인구 천 명당"
KR,marriage_rate,F,30-34,2019,46.9,‰,KOSIS,DT_1B83A15,"인구동향조사, 신고 연도·혼인 당시 연령, 해당 연령 인구 천 명당"
KR,marriage_rate,F,30-34,2020,44.0,‰,KOSIS,DT_1B83A15,"인구동향조사, 신고 연도·혼인 당시 연령, 해당 연령 인구 천 명당"
KR,marriage_rate,F,30-34,2021,40.8,‰,KOSIS,DT_1B83A15,"인구동향조사, 신고 연도·혼인 당시 연령, 해당 연령 인구 천 명당"
KR,marriage_rate,F,30-34,2022,41.3,‰,KOSIS,DT_1B83A15,"인구동향조사, 신고 연도·혼인 당시 연령, 해당 연령 인구 천 명당"
KR,marriage_rate,F,30-34,2023,42.7,‰,KOSIS,DT_1B83A15,"인구동향조사, 신고 연도·혼인 당시 연령, 해당 연령 인구 천 명당"
KR,marriage_rate,F,30-34,2024,51.9,‰,KOSIS,DT_1B83A15,"인구동향조사, 신고 연도·혼인 당시 연령, 해당 연령 인구 천 명당"
KR,marriage_rate,F,30-34,2025,57.6,‰,KOSIS,DT_1B83A15,"인구동향조사, 신고 연도·혼인 당시 연령, 해당 연령 인구 천 명당"
KR,marriage_rate,F,35-39,1990,4.9,‰,KOSIS,DT_1B83A15,"인구동향조사, 신고 연도·혼인 당시 연령, 해당 연령 인구 천 명당"
KR,marriage_rate,F,35-39,1991,5.4,‰,KOSIS,DT_1B83A15,"인구동향조사, 신고 연도·혼인 당시 연령, 해당 연령 인구 천 명당"
KR,marriage_rate,F,35-39,1992,5.8,‰,KOSIS,DT_1B83A15,"인구동향조사, 신고 연도·혼인 당시 연령, 해당 연령 인구 천 명당"
KR,marriage_rate,F,35-39,1993,5.9,‰,KOSIS,DT_1B83A15,"인구동향조사, 신고 연도·혼인 당시 연령, 해당 연령 인구 천 명당"
KR,marriage_rate,F,35-39,1994,6.0,‰,KOSIS,DT_1B83A15,"인구동향조사, 신고 연도·혼인 당시 연령, 해당 연령 인구 천 명당"
KR,marriage_rate,F,35-39,1995,6.7,‰,KOSIS,DT_1B83A15,"인구동향조사, 신고 연도·혼인 당시 연령, 해당 연령 인구 천 명당"
KR,marriage_rate,F,35-39,1996,7.4,‰,KOSIS,DT_1B83A15,"인구동향조사, 신고 연도·혼인 당시 연령, 해당 연령 인구 천 명당"
KR,marriage_rate,F,35-39,1997,7.0,‰,KOSIS,DT_1B83A15,"인구동향조사, 신고 연도·혼인 당시 연령, 해당 연령 인구 천 명당"
KR,marriage_rate,F,35-39,1998,7.4,‰,KOSIS,DT_1B83A15,"인구동향조사, 신고 연도·혼인 당시 연령, 해당 연령 인구 천 명당"
KR,marriage_rate,F,35-39,1999,8.3,‰,KOSIS,DT_1B83A15,"인구동향조사, 신고 연도·혼인 당시 연령, 해당 연령 인구 천 명당"
KR,marriage_rate,F,35-39,2000,7.8,‰,KOSIS,DT_1B83A15,"인구동향조사, 신고 연도·혼인 당시 연령, 해당 연령 인구 천 명당"
KR,marriage_rate,F,35-39,2001,8.4,‰,KOSIS,DT_1B83A15,"인구동향조사, 신고 연도·혼인 당시 연령, 해당 연령 인구 천 명당"
KR,marriage_rate,F,35-39,2002,8.3,‰,KOSIS,DT_1B83A15,"인구동향조사, 신고 연도·혼인 당시 연령, 해당 연령 인구 천 명당"
KR,marriage_rate,F,35-39,2003,8.5,‰,KOSIS,DT_1B83A15,"인구동향조사, 신고 연도·혼인 당시 연령, 해당 연령 인구 천 명당"
KR,marriage_rate,F,35-39,2004,9.5,‰,KOSIS,DT_1B83A15,"인구동향조사, 신고 연도·혼인 당시 연령, 해당 연령 인구 천 명당"
KR,marriage_rate,F,35-39,2005,10.2,‰,KOSIS,DT_1B83A15,"인구동향조사, 신고 연도·혼인 당시 연령, 해당 연령 인구 천 명당"
KR,marriage_rate,F,35-39,2006,10.3,‰,KOSIS,DT_1B83A15,"인구동향조사, 신고 연도·혼인 당시 연령, 해당 연령 인구 천 명당"
KR,marriage_rate,F,35-39,2007,11.1,‰,KOSIS,DT_1B83A15,"인구동향조사, 신고 연도·혼인 당시 연령, 해당 연령 인구 천 명당"
KR,marriage_rate,F,35-39,2008,11.3,‰,KOSIS,DT_1B83A15,"인구동향조사, 신고 연도·혼인 당시 연령, 해당 연령 인구 천 명당"
KR,marriage_rate,F,35-39,2009,11.3,‰,KOSIS,DT_1B83A15,"인구동향조사, 신고 연도·혼인 당시 연령, 해당 연령 인구 천 명당"
KR,marriage_rate,F,35-39,2010,12.2,‰,KOSIS,DT_1B83A15,"인구동향조사, 신고 연도·혼인 당시 연령, 해당 연령 인구 천 명당"
KR,marriage_rate,F,35-39,2011,12.6,‰,KOSIS,DT_1B83A15,"인구동향조사, 신고 연도·혼인 당시 연령, 해당 연령 인구 천 명당"
KR,marriage_rate,F,35-39,2012,13.4,‰,KOSIS,DT_1B83A15,"인구동향조사, 신고 연도·혼인 당시 연령, 해당 연령 인구 천 명당"
KR,marriage_rate,F,35-39,2013,14.0,‰,KOSIS,DT_1B83A15,"인구동향조사, 신고 연도·혼인 당시 연령, 해당 연령 인구 천 명당"
KR,marriage_rate,F,35-39,2014,14.9,‰,KOSIS,DT_1B83A15,"인구동향조사, 신고 연도·혼인 당시 연령, 해당 연령 인구 천 명당"
KR,marriage_rate,F,35-39,2015,15.7,‰,KOSIS,DT_1B83A15,"인구동향조사, 신고 연도·혼인 당시 연령, 해당 연령 인구 천 명당"
KR,marriage_rate,F,35-39,2016,15.6,‰,KOSIS,DT_1B83A15,"인구동향조사, 신고 연도·혼인 당시 연령, 해당 연령 인구 천 명당"
KR,marriage_rate,F,35-39,2017,15.6,‰,KOSIS,DT_1B83A15,"인구동향조사, 신고 연도·혼인 당시 연령, 해당 연령 인구 천 명당"
KR,marriage_rate,F,35-39,2018,16.0,‰,KOSIS,DT_1B83A15,"인구동향조사, 신고 연도·혼인 당시 연령, 해당 연령 인구 천 명당"
KR,marriage_rate,F,35-39,2019,15.7,‰,KOSIS,DT_1B83A15,"인구동향조사, 신고 연도·혼인 당시 연령, 해당 연령 인구 천 명당"
KR,marriage_rate,F,35-39,2020,14.3,‰,KOSIS,DT_1B83A15,"인구동향조사, 신고 연도·혼인 당시 연령, 해당 연령 인구 천 명당"
KR,marriage_rate,F,35-39,2021,13.8,‰,KOSIS,DT_1B83A15,"인구동향조사, 신고 연도·혼인 당시 연령, 해당 연령 인구 천 명당"
KR,marriage_rate,F,35-39,2022,15.0,‰,KOSIS,DT_1B83A15,"인구동향조사, 신고 연도·혼인 당시 연령, 해당 연령 인구 천 명당"
KR,marriage_rate,F,35-39,2023,16.3,‰,KOSIS,DT_1B83A15,"인구동향조사, 신고 연도·혼인 당시 연령, 해당 연령 인구 천 명당"
KR,marriage_rate,F,35-39,2024,19.2,‰,KOSIS,DT_1B83A15,"인구동향조사, 신고 연도·혼인 당시 연령, 해당 연령 인구 천 명당"
KR,marriage_rate,F,35-39,2025,21.1,‰,KOSIS,DT_1B83A15,"인구동향조사, 신고 연도·혼인 당시 연령, 해당 연령 인구 천 명당"
KR,marriage_rate,F,40-44,1990,2.9,‰,KOSIS,DT_1B83A15,"인구동향조사, 신고 연도·혼인 당시 연령, 해당 연령 인구 천 명당"
KR,marriage_rate,F,40-44,1991,3.0,‰,KOSIS,DT_1B83A15,"인구동향조사, 신고 연도·혼인 당시 연령, 해당 연령 인구 천 명당"
KR,marriage_rate,F,40-44,1992,3.3,‰,KOSIS,DT_1B83A15,"인구동향조사, 신고 연도·혼인 당시 연령, 해당 연령 인구 천 명당"
KR,marriage_rate,F,40-44,1993,3.4,‰,KOSIS,DT_1B83A15,"인구동향조사, 신고 연도·혼인 당시 연령, 해당 연령 인구 천 명당"
KR,marriage_rate,F,40-44,1994,3.5,‰,KOSIS,DT_1B83A15,"인구동향조사, 신고 연도·혼인 당시 연령, 해당 연령 인구 천 명당"
KR,marriage_rate,F,40-44,1995,4.2,‰,KOSIS,DT_1B83A15,"인구동향조사, 신고 연도·혼인 당시 연령, 해당 연령 인구 천 명당"
KR,marriage_rate,F,40-44,1996,4.6,‰,KOSIS,DT_1B83A15,"인구동향조사, 신고 연도·혼인 당시 연령, 해당 연령 인구 천 명당"
KR,marriage_rate,F,40-44,1997,4.4,‰,KOSIS,DT_1B83A15,"인구동향조사, 신고 연도·혼인 당시 연령, 해당 연령 인구 천 명당"
KR,marriage_rate,F,40-44,1998,5.0,‰,KOSIS,DT_1B83A15,"인구동향조사, 신고 연도·혼인 당시 연령, 해당 연령 인구 천 명당"
KR,marriage_rate,F,40-44,1999,5.6,‰,KOSIS,DT_1B83A15,"인구동향조사, 신고 연도·혼인 당시 연령, 해당 연령 인구 천 명당"
KR,marriage_rate,F,40-44,2000,5.0,‰,KOSIS,DT_1B83A15,"인구동향조사, 신고 연도·혼인 당시 연령, 해당 연령 인구 천 명당"
KR,marriage_rate,F,40-44,2001,5.5,‰,KOSIS,DT_1B83A15,"인구동향조사, 신고 연도·혼인 당시 연령, 해당 연령 인구 천 명당"
KR,marriage_rate,F,40-44,2002,5.4,‰,KOSIS,DT_1B83A15,"인구동향조사, 신고 연도·혼인 당시 연령, 해당 연령 인구 천 명당"
KR,marriage_rate,F,40-44,2003,5.9,‰,KOSIS,DT_1B83A15,"인구동향조사, 신고 연도·혼인 당시 연령, 해당 연령 인구 천 명당"
KR,marriage_rate,F,40-44,2004,6.9,‰,KOSIS,DT_1B83A15,"인구동향조사, 신고 연도·혼인 당시 연령, 해당 연령 인구 천 명당"
KR,marriage_rate,F,40-44,2005,7.4,‰,KOSIS,DT_1B83A15,"인구동향조사, 신고 연도·혼인 당시 연령, 해당 연령 인구 천 명당"
KR,marriage_rate,F,40-44,2006,6.6,‰,KOSIS,DT_1B83A15,"인구동향조사, 신고 연도·혼인 당시 연령, 해당 연령 인구 천 명당"
KR,marriage_rate,F,40-44,2007,6.8,‰,KOSIS,DT_1B83A15,"인구동향조사, 신고 연도·혼인 당시 연령, 해당 연령 인구 천 명당"
KR,marriage_rate,F,40-44,2008,6.6,‰,KOSIS,DT_1B83A15,"인구동향조사, 신고 연도·혼인 당시 연령, 해당 연령 인구 천 명당"
KR,marriage_rate,F,40-44,2009,6.4,‰,KOSIS,DT_1B83A15,"인구동향조사, 신고 연도·혼인 당시 연령, 해당 연령 인구 천 명당"
KR,marriage_rate,F,40-44,2010,6.4,‰,KOSIS,DT_1B83A15,"인구동향조사, 신고 연도·혼인 당시 연령, 해당 연령 인구 천 명당"
KR,marriage_rate,F,40-44,2011,6.1,‰,KOSIS,DT_1B83A15,"인구동향조사, 신고 연도·혼인 당시 연령, 해당 연령 인구 천 명당"
KR,marriage_rate,F,40-44,2012,6.2,‰,KOSIS,DT_1B83A15,"인구동향조사, 신고 연도·혼인 당시 연령, 해당 연령 인구 천 명당"
KR,marriage_rate,F,40-44,2013,6.2,‰,KOSIS,DT_1B83A15,"인구동향조사, 신고 연도·혼인 당시 연령, 해당 연령 인구 천 명당"
KR,marriage_rate,F,40-44,2014,6.3,‰,KOSIS,DT_1B83A15,"인구동향조사, 신고 연도·혼인 당시 연령, 해당 연령 인구 천 명당"
KR,marriage_rate,F,40-44,2015,6.5,‰,KOSIS,DT_1B83A15,"인구동향조사, 신고 연도·혼인 당시 연령, 해당 연령 인구 천 명당"
KR,marriage_rate,F,40-44,2016,6.3,‰,KOSIS,DT_1B83A15,"인구동향조사, 신고 연도·혼인 당시 연령, 해당 연령 인구 천 명당"
KR,marriage_rate,F,40-44,2017,6.3,‰,KOSIS,DT_1B83A15,"인구동향조사, 신고 연도·혼인 당시 연령, 해당 연령 인구 천 명당"
KR,marriage_rate,F,40-44,2018,6.4,‰,KOSIS,DT_1B83A15,"인구동향조사, 신고 연도·혼인 당시 연령, 해당 연령 인구 천 명당"
KR,marriage_rate,F,40-44,2019,6.3,‰,KOSIS,DT_1B83A15,"인구동향조사, 신고 연도·혼인 당시 연령, 해당 연령 인구 천 명당"
KR,marriage_rate,F,40-44,2020,5.5,‰,KOSIS,DT_1B83A15,"인구동향조사, 신고 연도·혼인 당시 연령, 해당 연령 인구 천 명당"
KR,marriage_rate,F,40-44,2021,5.4,‰,KOSIS,DT_1B83A15,"인구동향조사, 신고 연도·혼인 당시 연령, 해당 연령 인구 천 명당"
KR,marriage_rate,F,40-44,2022,5.6,‰,KOSIS,DT_1B83A15,"인구동향조사, 신고 연도·혼인 당시 연령, 해당 연령 인구 천 명당"
KR,marriage_rate,F,40-44,2023,5.9,‰,KOSIS,DT_1B83A15,"인구동향조사, 신고 연도·혼인 당시 연령, 해당 연령 인구 천 명당"
KR,marriage_rate,F,40-44,2024,6.2,‰,KOSIS,DT_1B83A15,"인구동향조사, 신고 연도·혼인 당시 연령, 해당 연령 인구 천 명당"
KR,marriage_rate,F,40-44,2025,6.5,‰,KOSIS,DT_1B83A15,"인구동향조사, 신고 연도·혼인 당시 연령, 해당 연령 인구 천 명당"
KR,marriage_rate,F,45-49,1990,2.0,‰,KOSIS,DT_1B83A15,"인구동향조사, 신고 연도·혼인 당시 연령, 해당 연령 인구 천 명당"
KR,marriage_rate,F,45-49,1991,2.0,‰,KOSIS,DT_1B83A15,"인구동향조사, 신고 연도·혼인 당시 연령, 해당 연령 인구 천 명당"
KR,marriage_rate,F,45-49,1992,2.1,‰,KOSIS,DT_1B83A15,"인구동향조사, 신고 연도·혼인 당시 연령, 해당 연령 인구 천 명당"
KR,marriage_rate,F,45-49,1993,2.2,‰,KOSIS,DT_1B83A15,"인구동향조사, 신고 연도·혼인 당시 연령, 해당 연령 인구 천 명당"
KR,marriage_rate,F,45-49,1994,2.3,‰,KOSIS,DT_1B83A15,"인구동향조사, 신고 연도·혼인 당시 연령, 해당 연령 인구 천 명당"
KR,marriage_rate,F,45-49,1995,2.6,‰,KOSIS,DT_1B83A15,"인구동향조사, 신고 연도·혼인 당시 연령, 해당 연령 인구 천 명당"
KR,marriage_rate,F,45-49,1996,2.8,‰,KOSIS,DT_1B83A15,"인구동향조사, 신고 연도·혼인 당시 연령, 해당 연령 인구 천 명당"
KR,marriage_rate,F,45-49,1997,2.9,‰,KOSIS,DT_1B83A15,"인구동향조사, 신고 연도·혼인 당시 연령, 해당 연령 인구 천 명당"
KR,marriage_rate,F,45-49,1998,3.2,‰,KOSIS,DT_1B83A15,"인구동향조사, 신고 연도·혼인 당시 연령, 해당 연령 인구 천 명당"
KR,marriage_rate,F,45-49,1999,3.7,‰,KOSIS,DT_1B83A15,"인구동향조사, 신고 연도·혼인 당시 연령, 해당 연령 인구 천 명당"
KR,marriage_rate,F,45-49,2000,3.4,‰,KOSIS,DT_1B83A15,"인구동향조사, 신고 연도·혼인 당시 연령, 해당 연령 인구 천 명당"
KR,marriage_rate,F,45-49,2001,3.6,‰,KOSIS,DT_1B83A15,"인구동향조사, 신고 연도·혼인 당시 연령, 해당 연령 인구 천 명당"
KR,marriage_rate,F,45-49,2002,3.6,‰,KOSIS,DT_1B83A15,"인구동향조사, 신고 연도·혼인 당시 연령, 해당 연령 인구 천 명당"
KR,marriage_rate,F,45-49,2003,4.1,‰,KOSIS,DT_1B83A15,"인구동향조사, 신고 연도·혼인 당시 연령, 해당 연령 인구 천 명당"
KR,marriage_rate,F,45-49,2004,5.1,‰,KOSIS,DT_1B83A15,"인구동향조사, 신고 연도·혼인 당시 연령, 해당 연령 인구 천 명당"
KR,marriage_rate,F,45-49,2005,5.4,‰,KOSIS,DT_1B83A15,"인구동향조사, 신고 연도·혼인 당시 연령, 해당 연령 인구 천 명당"
KR,marriage_rate,F,45-49,2006,4.6,‰,KOSIS,DT_1B83A15,"인구동향조사, 신고 연도·혼인 당시 연령, 해당 연령 인구 천 명당"
KR,marriage_rate,F,45-49,2007,4.6,‰,KOSIS,DT_1B83A15,"인구동향조사, 신고 연도·혼인 당시 연령, 해당 연령 인구 천 명당"
KR,marriage_rate,F,45-49,2008,4.8,‰,KOSIS,DT_1B83A15,"인구동향조사, 신고 연도·혼인 당시 연령, 해당 연령 인구 천 명당"
KR,marriage_rate,F,45-49,2009,4.9,‰,KOSIS,DT_1B83A15,"인구동향조사, 신고 연도·혼인 당시 연령, 해당 연령 인구 천 명당"
KR,marriage_rate,F,45-49,2010,5.0,‰,KOSIS,DT_1B83A15,"인구동향조사, 신고 연도·혼인 당시 연령, 해당 연령 인구 천 명당"
KR,marriage_rate,F,45-49,2011,4.8,‰,KOSIS,DT_1B83A15,"인구동향조사, 신고 연도·혼인 당시 연령, 해당 연령 인구 천 명당"
KR,marriage_rate,F,45-49,2012,4.8,‰,KOSIS,DT_1B83A15,"인구동향조사, 신고 연도·혼인 당시 연령, 해당 연령 인구 천 명당"
KR,marriage_rate,F,45-49,2013,4.6,‰,KOSIS,DT_1B83A15,"인구동향조사, 신고 연도·혼인 당시 연령, 해당 연령 인구 천 명당"
KR,marriage_rate,F,45-49,2014,4.7,‰,KOSIS,DT_1B83A15,"인구동향조사, 신고 연도·혼인 당시 연령, 해당 연령 인구 천 명당"
KR,marriage_rate,F,45-49,2015,4.5,‰,KOSIS,DT_1B83A15,"인구동향조사, 신고 연도·혼인 당시 연령, 해당 연령 인구 천 명당"
KR,marriage_rate,F,45-49,2016,4.3,‰,KOSIS,DT_1B83A15,"인구동향조사, 신고 연도·혼인 당시 연령, 해당 연령 인구 천 명당"
KR,marriage_rate,F,45-49,2017,4.3,‰,KOSIS,DT_1B83A15,"인구동향조사, 신고 연도·혼인 당시 연령, 해당 연령 인구 천 명당"
KR,marriage_rate,F,45-49,2018,4.2,‰,KOSIS,DT_1B83A15,"인구동향조사, 신고 연도·혼인 당시 연령, 해당 연령 인구 천 명당"
KR,marriage_rate,F,45-49,2019,4.1,‰,KOSIS,DT_1B83A15,"인구동향조사, 신고 연도·혼인 당시 연령, 해당 연령 인구 천 명당"
KR,marriage_rate,F,45-49,2020,3.5,‰,KOSIS,DT_1B83A15,"인구동향조사, 신고 연도·혼인 당시 연령, 해당 연령 인구 천 명당"
KR,marriage_rate,F,45-49,2021,3.4,‰,KOSIS,DT_1B83A15,"인구동향조사, 신고 연도·혼인 당시 연령, 해당 연령 인구 천 명당"
KR,marriage_rate,F,45-49,2022,3.4,‰,KOSIS,DT_1B83A15,"인구동향조사, 신고 연도·혼인 당시 연령, 해당 연령 인구 천 명당"
KR,marriage_rate,F,45-49,2023,3.4,‰,KOSIS,DT_1B83A15,"인구동향조사, 신고 연도·혼인 당시 연령, 해당 연령 인구 천 명당"
KR,marriage_rate,F,45-49,2024,3.4,‰,KOSIS,DT_1B83A15,"인구동향조사, 신고 연도·혼인 당시 연령, 해당 연령 인구 천 명당"
KR,marriage_rate,F,45-49,2025,3.3,‰,KOSIS,DT_1B83A15,"인구동향조사, 신고 연도·혼인 당시 연령, 해당 연령 인구 천 명당"
KR,marriage_rate,F,50-54,1990,1.1,‰,KOSIS,DT_1B83A15,"인구동향조사, 신고 연도·혼인 당시 연령, 해당 연령 인구 천 명당"
KR,marriage_rate,F,50-54,1991,1.2,‰,KOSIS,DT_1B83A15,"인구동향조사, 신고 연도·혼인 당시 연령, 해당 연령 인구 천 명당"
KR,marriage_rate,F,50-54,1992,1.3,‰,KOSIS,DT_1B83A15,"인구동향조사, 신고 연도·혼인 당시 연령, 해당 연령 인구 천 명당"
KR,marriage_rate,F,50-54,1993,1.3,‰,KOSIS,DT_1B83A15,"인구동향조사, 신고 연도·혼인 당시 연령, 해당 연령 인구 천 명당"
KR,marriage_rate,F,50-54,1994,1.3,‰,KOSIS,DT_1B83A15,"인구동향조사, 신고 연도·혼인 당시 연령, 해당 연령 인구 천 명당"
KR,marriage_rate,F,50-54,1995,1.6,‰,KOSIS,DT_1B83A15,"인구동향조사, 신고 연도·혼인 당시 연령, 해당 연령 인구 천 명당"
KR,marriage_rate,F,50-54,1996,1.7,‰,KOSIS,DT_1B83A15,"인구동향조사, 신고 연도·혼인 당시 연령, 해당 연령 인구 천 명당"
KR,marriage_rate,F,50-54,1997,1.7,‰,KOSIS,DT_1B83A15,"인구동향조사, 신고 연도·혼인 당시 연령, 해당 연령 인구 천 명당"
KR,marriage_rate,F,50-54,1998,2.0,‰,KOSIS,DT_1B83A15,"인구동향조사, 신고 연도·혼인 당시 연령, 해당 연령 인구 천 명당"
KR,marriage_rate,F,50-54,1999,2.3,‰,KOSIS,DT_1B83A15,"인구동향조사, 신고 연도·혼인 당시 연령, 해당 연령 인구 천 명당"
KR,marriage_rate,F,50-54,2000,2.0,‰,KOSIS,DT_1B83A15,"인구동향조사, 신고 연도·혼인 당시 연령, 해당 연령 인구 천 명당"
KR,marriage_rate,F,50-54,2001,2.1,‰,KOSIS,DT_1B83A15,"인구동향조사, 신고 연도·혼인 당시 연령, 해당 연령 인구 천 명당"
KR,marriage_rate,F,50-54,2002,2.1,‰,KOSIS,DT_1B83A15,"인구동향조사, 신고 연도·혼인 당시 연령, 해당 연령 인구 천 명당"
KR,marriage_rate,F,50-54,2003,2.4,‰,KOSIS,DT_1B83A15,"인구동향조사, 신고 연도·혼인 당시 연령, 해당 연령 인구 천 명당"
KR,marriage_rate,F,50-54,2004,3.2,‰,KOSIS,DT_1B83A15,"인구동향조사, 신고 연도·혼인 당시 연령, 해당 연령 인구 천 명당"
KR,marriage_rate,F,50-54,2005,3.6,‰,KOSIS,DT_1B83A15,"인구동향조사, 신고 연도·혼인 당시 연령, 해당 연령 인구 천 명당"
KR,marriage_rate,F,50-54,2006,3.0,‰,KOSIS,DT_1B83A15,"인구동향조사, 신고 연도·혼인 당시 연령, 해당 연령 인구 천 명당"
KR,marriage_rate,F,50-54,2007,3.0,‰,KOSIS,DT_1B83A15,"인구동향조사, 신고 연도·혼인 당시 연령, 해당 연령 인구 천 명당"
KR,marriage_rate,F,50-54,2008,3.2,‰,KOSIS,DT_1B83A15,"인구동향조사, 신고 연도·혼인 당시 연령, 해당 연령 인구 천 명당"
KR,marriage_rate,F,50-54,2009,3.2,‰,KOSIS,DT_1B83A15,"인구동향조사, 신고 연도·혼인 당시 연령, 해당 연령 인구 천 명당"
KR,marriage_rate,F,50-54,2010,3.3,‰,KOSIS,DT_1B83A15,"인구동향조사, 신고 연도·혼인 당시 연령, 해당 연령 인구 천 명당"
KR,marriage_rate,F,50-54,2011,3.3,‰,KOSIS,DT_1B83A15,"인구동향조사, 신고 연도·혼인 당시 연령, 해당 연령 인구 천 명당"
KR,marriage_rate,F,50-54,2012,3.4,‰,KOSIS,DT_1B83A15,"인구동향조사, 신고 연도·혼인 당시 연령, 해당 연령 인구 천 명당"
KR,marriage_rate,F,50-54,2013,3.3,‰,KOSIS,DT_1B83A15,"인구동향조사, 신고 연도·혼인 당시 연령, 해당 연령 인구 천 명당"
KR,marriage_rate,F,50-54,2014,3.5,‰,KOSIS,DT_1B83A15,"인구동향조사, 신고 연도·혼인 당시 연령, 해당 연령 인구 천 명당"
KR,marriage_rate,F,50-54,2015,3.5,‰,KOSIS,DT_1B83A15,"인구동향조사, 신고 연도·혼인 당시 연령, 해당 연령 인구 천 명당"
KR,marriage_rate,F,50-54,2016,3.5,‰,KOSIS,DT_1B83A15,"인구동향조사, 신고 연도·혼인 당시 연령, 해당 연령 인구 천 명당"
KR,marriage_rate,F,50-54,2017,3.5,‰,KOSIS,DT_1B83A15,"인구동향조사, 신고 연도·혼인 당시 연령, 해당 연령 인구 천 명당"
KR,marriage_rate,F,50-54,2018,3.4,‰,KOSIS,DT_1B83A15,"인구동향조사, 신고 연도·혼인 당시 연령, 해당 연령 인구 천 명당"
KR,marriage_rate,F,50-54,2019,3.3,‰,KOSIS,DT_1B83A15,"인구동향조사, 신고 연도·혼인 당시 연령, 해당 연령 인구 천 명당"
KR,marriage_rate,F,50-54,2020,2.9,‰,KOSIS,DT_1B83A15,"인구동향조사, 신고 연도·혼인 당시 연령, 해당 연령 인구 천 명당"
KR,marriage_rate,F,50-54,2021,2.8,‰,KOSIS,DT_1B83A15,"인구동향조사, 신고 연도·혼인 당시 연령, 해당 연령 인구 천 명당"
KR,marriage_rate,F,50-54,2022,2.7,‰,KOSIS,DT_1B83A15,"인구동향조사, 신고 연도·혼인 당시 연령, 해당 연령 인구 천 명당"
KR,marriage_rate,F,50-54,2023,2.8,‰,KOSIS,DT_1B83A15,"인구동향조사, 신고 연도·혼인 당시 연령, 해당 연령 인구 천 명당"
KR,marriage_rate,F,50-54,2024,2.6,‰,KOSIS,DT_1B83A15,"인구동향조사, 신고 연도·혼인 당시 연령, 해당 연령 인구 천 명당"
KR,marriage_rate,F,50-54,2025,2.5,‰,KOSIS,DT_1B83A15,"인구동향조사, 신고 연도·혼인 당시 연령, 해당 연령 인구 천 명당"
KR,marriage_rate,F,~19,1990,8.4,‰,KOSIS,DT_1B83A15,"인구동향조사, 신고 연도·혼인 당시 연령, 해당 연령 인구 천 명당"
KR,marriage_rate,F,~19,1991,8.6,‰,KOSIS,DT_1B83A15,"인구동향조사, 신고 연도·혼인 당시 연령, 해당 연령 인구 천 명당"
KR,marriage_rate,F,~19,1992,8.8,‰,KOSIS,DT_1B83A15,"인구동향조사, 신고 연도·혼인 당시 연령, 해당 연령 인구 천 명당"
KR,marriage_rate,F,~19,1993,8.4,‰,KOSIS,DT_1B83A15,"인구동향조사, 신고 연도·혼인 당시 연령, 해당 연령 인구 천 명당"
KR,marriage_rate,F,~19,1994,7.5,‰,KOSIS,DT_1B83A15,"인구동향조사, 신고 연도·혼인 당시 연령, 해당 연령 인구 천 명당"
KR,marriage_rate,F,~19,1995,6.8,‰,KOSIS,DT_1B83A15,"인구동향조사, 신고 연도·혼인 당시 연령, 해당 연령 인구 천 명당"
KR,marriage_rate,F,~19,1996,7.4,‰,KOSIS,DT_1B83A15,"인구동향조사, 신고 연도·혼인 당시 연령, 해당 연령 인구 천 명당"
KR,marriage_rate,F,~19,1997,5.7,‰,KOSIS,DT_1B83A15,"인구동향조사, 신고 연도·혼인 당시 연령, 해당 연령 인구 천 명당"
KR,marriage_rate,F,~19,1998,5.1,‰,KOSIS,DT_1B83A15,"인구동향조사, 신고 연도·혼인 당시 연령, 해당 연령 인구 천 명당"
KR,marriage_rate,F,~19,1999,4.9,‰,KOSIS,DT_1B83A15,"인구동향조사, 신고 연도·혼인 당시 연령, 해당 연령 인구 천 명당"
KR,marriage_rate,F,~19,2000,4.4,‰,KOSIS,DT_1B83A15,"인구동향조사, 신고 연도·혼인 당시 연령, 해당 연령 인구 천 명당"
KR,marriage_rate,F,~19,2001,3.9,‰,KOSIS,DT_1B83A15,"인구동향조사, 신고 연도·혼인 당시 연령, 해당 연령 인구 천 명당"
KR,marriage_rate,F,~19,2002,3.5,‰,KOSIS,DT_1B83A15,"인구동향조사, 신고 연도·혼인 당시 연령, 해당 연령 인구 천 명당"
KR,marriage_rate,F,~19,2003,3.3,‰,KOSIS,DT_1B83A15,"인구동향조사, 신고 연도·혼인 당시 연령, 해당 연령 인구 천 명당"
KR,marriage_rate,F,~19,2004,3.3,‰,KOSIS,DT_1B83A15,"인구동향조사, 신고 연도·혼인 당시 연령, 해당 연령 인구 천 명당"
KR,marriage_rate,F,~19,2005,3.9,‰,KOSIS,DT_1B83A15,"인구동향조사, 신고 연도·혼인 당시 연령, 해당 연령 인구 천 명당"
KR,marriage_rate,F,~19,2006,5.1,‰,KOSIS,DT_1B83A15,"인구동향조사, 신고 연도·혼인 당시 연령, 해당 연령 인구 천 명당"
KR,marriage_rate,F,~19,2007,3.9,‰,KOSIS,DT_1B83A15,"인구동향조사, 신고 연도·혼인 당시 연령, 해당 연령 인구 천 명당"
KR,marriage_rate,F,~19,2008,4.1,‰,KOSIS,DT_1B83A15,"인구동향조사, 신고 연도·혼인 당시 연령, 해당 연령 인구 천 명당"
KR,marriage_rate,F,~19,2009,3.3,‰,KOSIS,DT_1B83A15,"인구동향조사, 신고 연도·혼인 당시 연령, 해당 연령 인구 천 명당"
KR,marriage_rate,F,~19,2010,3.5,‰,KOSIS,DT_1B83A15,"인구동향조사, 신고 연도·혼인 당시 연령, 해당 연령 인구 천 명당"
KR,marriage_rate,F,~19,2011,3.1,‰,KOSIS,DT_1B83A15,"인구동향조사, 신고 연도·혼인 당시 연령, 해당 연령 인구 천 명당"
KR,marriage_rate,F,~19,2012,2.9,‰,KOSIS,DT_1B83A15,"인구동향조사, 신고 연도·혼인 당시 연령, 해당 연령 인구 천 명당"
KR,marriage_rate,F,~19,2013,2.7,‰,KOSIS,DT_1B83A15,"인구동향조사, 신고 연도·혼인 당시 연령, 해당 연령 인구 천 명당"
KR,marriage_rate,F,~19,2014,2.4,‰,KOSIS,DT_1B83A15,"인구동향조사, 신고 연도·혼인 당시 연령, 해당 연령 인구 천 명당"
KR,marriage_rate,F,~19,2015,2.2,‰,KOSIS,DT_1B83A15,"인구동향조사, 신고 연도·혼인 당시 연령, 해당 연령 인구 천 명당"
KR,marriage_rate,F,~19,2016,2.2,‰,KOSIS,DT_1B83A15,"인구동향조사, 신고 연도·혼인 당시 연령, 해당 연령 인구 천 명당"
KR,marriage_rate,F,~19,2017,1.9,‰,KOSIS,DT_1B83A15,"인구동향조사, 신고 연도·혼인 당시 연령, 해당 연령 인구 천 명당"
KR,marriage_rate,F,~19,2018,1.9,‰,KOSIS,DT_1B83A15,"인구동향조사, 신고 연도·혼인 당시 연령, 해당 연령 인구 천 명당"
KR,marriage_rate,F,~19,2019,2.0,‰,KOSIS,DT_1B83A15,"인구동향조사, 신고 연도·혼인 당시 연령, 해당 연령 인구 천 명당"
KR,marriage_rate,F,~19,2020,1.2,‰,KOSIS,DT_1B83A15,"인구동향조사, 신고 연도·혼인 당시 연령, 해당 연령 인구 천 명당"
KR,marriage_rate,F,~19,2021,0.7,‰,KOSIS,DT_1B83A15,"인구동향조사, 신고 연도·혼인 당시 연령, 해당 연령 인구 천 명당"
KR,marriage_rate,F,~19,2022,0.9,‰,KOSIS,DT_1B83A15,"인구동향조사, 신고 연도·혼인 당시 연령, 해당 연령 인구 천 명당"
KR,marriage_rate,F,~19,2023,1.2,‰,KOSIS,DT_1B83A15,"인구동향조사, 신고 연도·혼인 당시 연령, 해당 연령 인구 천 명당"
KR,marriage_rate,F,~19,2024,1.3,‰,KOSIS,DT_1B83A15,"인구동향조사, 신고 연도·혼인 당시 연령, 해당 연령 인구 천 명당"
KR,marriage_rate,F,~19,2025,1.3,‰,KOSIS,DT_1B83A15,"인구동향조사, 신고 연도·혼인 당시 연령, 해당 연령 인구 천 명당"
KR,marriage_rate,M,20-24,1990,26.3,‰,KOSIS,DT_1B83A15,"인구동향조사, 신고 연도·혼인 당시 연령, 해당 연령 인구 천 명당"
KR,marriage_rate,M,20-24,1991,26.3,‰,KOSIS,DT_1B83A15,"인구동향조사, 신고 연도·혼인 당시 연령, 해당 연령 인구 천 명당"
KR,marriage_rate,M,20-24,1992,25.0,‰,KOSIS,DT_1B83A15,"인구동향조사, 신고 연도·혼인 당시 연령, 해당 연령 인구 천 명당"
KR,marriage_rate,M,20-24,1993,22.5,‰,KOSIS,DT_1B83A15,"인구동향조사, 신고 연도·혼인 당시 연령, 해당 연령 인구 천 명당"
KR,marriage_rate,M,20-24,1994,20.4,‰,KOSIS,DT_1B83A15,"인구동향조사, 신고 연도·혼인 당시 연령, 해당 연령 인구 천 명당"
KR,marriage_rate,M,20-24,1995,20.0,‰,KOSIS,DT_1B83A15,"인구동향조사, 신고 연도·혼인 당시 연령, 해당 연령 인구 천 명당"
KR,marriage_rate,M,20-24,1996,23.3,‰,KOSIS,DT_1B83A15,"인구동향조사, 신고 연도·혼인 당시 연령, 해당 연령 인구 천 명당"
KR,marriage_rate,M,20-24,1997,19.2,‰,KOSIS,DT_1B83A15,"인구동향조사, 신고 연도·혼인 당시 연령, 해당 연령 인구 천 명당"
KR,marriage_rate,M,20-24,1998,17.0,‰,KOSIS,DT_1B83A15,"인구동향조사, 신고 연도·혼인 당시 연령, 해당 연령 인구 천 명당"
KR,marriage_rate,M,20-24,1999,14.6,‰,KOSIS,DT_1B83A15,"인구동향조사, 신고 연도·혼인 당시 연령, 해당 연령 인구 천 명당"
KR,marriage_rate,M,20-24,2000,12.3,‰,KOSIS,DT_1B83A15,"인구동향조사, 신고 연도·혼인 당시 연령, 해당 연령 인구 천 명당"
KR,marriage_rate,M,20-24,2001,10.6,‰,KOSIS,DT_1B83A15,"인구동향조사, 신고 연도·혼인 당시 연령, 해당 연령 인구 천 명당"
KR,marriage_rate,M,20-24,2002,9.2,‰,KOSIS,DT_1B83A15,"인구동향조사, 신고 연도·혼인 당시 연령, 해당 연령 인구 천 명당"
KR,marriage_rate,M,20-24,2003,8.1,‰,KOSIS,DT_1B83A15,"인구동향조사, 신고 연도·혼인 당시 연령, 해당 연령 인구 천 명당"
KR,marriage_rate,M,20-24,2004,7.8,‰,KOSIS,DT_1B83A15,"인구동향조사, 신고 연도·혼인 당시 연령, 해당 연령 인구 천 명당"
KR,marriage_rate,M,20-24,2005,7.5,‰,KOSIS,DT_1B83A15,"인구동향조사, 신고 연도·혼인 당시 연령, 해당 연령 인구 천 명당"
KR,marriage_rate,M,20-24,2006,8.0,‰,KOSIS,DT_1B83A15,"인구동향조사, 신고 연도·혼인 당시 연령, 해당 연령 인구 천 명당"
KR,marriage_rate,M,20-24,2007,7.7,‰,KOSIS,DT_1B83A15,"인구동향조사, 신고 연도·혼인 당시 연령, 해당 연령 인구 천 명당"
KR,marriage_rate,M,20-24,2008,6.6,‰,KOSIS,DT_1B83A15,"인구동향조사, 신고 연도·혼인 당시 연령, 해당 연령 인구 천 명당"
KR,marriage_rate,M,20-24,2009,5.6,‰,KOSIS,DT_1B83A15,"인구동향조사, 신고 연도·혼인 당시 연령, 해당 연령 인구 천 명당"
KR,marriage_rate,M,20-24,2010,5.9,‰,KOSIS,DT_1B83A15,"인구동향조사, 신고 연도·혼인 당시 연령, 해당 연령 인구 천 명당"
KR,marriage_rate,M,20-24,2011,5.7,‰,KOSIS,DT_1B83A15,"인구동향조사, 신고 연도·혼인 당시 연령, 해당 연령 인구 천 명당"
KR,marriage_rate,M,20-24,2012,5.3,‰,KOSIS,DT_1B83A15,"인구동향조사, 신고 연도·혼인 당시 연령, 해당 연령 인구 천 명당"
KR,marriage_rate,M,20-24,2013,5.3,‰,KOSIS,DT_1B83A15,"인구동향조사, 신고 연도·혼인 당시 연령, 해당 연령 인구 천 명당"
KR,marriage_rate,M,20-24,2014,5.3,‰,KOSIS,DT_1B83A15,"인구동향조사, 신고 연도·혼인 당시 연령, 해당 연령 인구 천 명당"
KR,marriage_rate,M,20-24,2015,5.2,‰,KOSIS,DT_1B83A15,"인구동향조사, 신고 연도·혼인 당시 연령, 해당 연령 인구 천 명당"
KR,marriage_rate,M,20-24,2016,4.5,‰,KOSIS,DT_1B83A15,"인구동향조사, 신고 연도·혼인 당시 연령, 해당 연령 인구 천 명당"
KR,marriage_rate,M,20-24,2017,4.2,‰,KOSIS,DT_1B83A15,"인구동향조사, 신고 연도·혼인 당시 연령, 해당 연령 인구 천 명당"
KR,marriage_rate,M,20-24,2018,3.7,‰,KOSIS,DT_1B83A15,"인구동향조사, 신고 연도·혼인 당시 연령, 해당 연령 인구 천 명당"
KR,marriage_rate,M,20-24,2019,3.3,‰,KOSIS,DT_1B83A15,"인구동향조사, 신고 연도·혼인 당시 연령, 해당 연령 인구 천 명당"
KR,marriage_rate,M,20-24,2020,2.9,‰,KOSIS,DT_1B83A15,"인구동향조사, 신고 연도·혼인 당시 연령, 해당 연령 인구 천 명당"
KR,marriage_rate,M,20-24,2021,2.6,‰,KOSIS,DT_1B83A15,"인구동향조사, 신고 연도·혼인 당시 연령, 해당 연령 인구 천 명당"
KR,marriage_rate,M,20-24,2022,2.6,‰,KOSIS,DT_1B83A15,"인구동향조사, 신고 연도·혼인 당시 연령, 해당 연령 인구 천 명당"
KR,marriage_rate,M,20-24,2023,2.5,‰,KOSIS,DT_1B83A15,"인구동향조사, 신고 연도·혼인 당시 연령, 해당 연령 인구 천 명당"
KR,marriage_rate,M,20-24,2024,2.6,‰,KOSIS,DT_1B83A15,"인구동향조사, 신고 연도·혼인 당시 연령, 해당 연령 인구 천 명당"
KR,marriage_rate,M,20-24,2025,2.7,‰,KOSIS,DT_1B83A15,"인구동향조사, 신고 연도·혼인 당시 연령, 해당 연령 인구 천 명당"
KR,marriage_rate,M,25-29,1990,106.1,‰,KOSIS,DT_1B83A15,"인구동향조사, 신고 연도·혼인 당시 연령, 해당 연령 인구 천 명당"
KR,marriage_rate,M,25-29,1991,109.3,‰,KOSIS,DT_1B83A15,"인구동향조사, 신고 연도·혼인 당시 연령, 해당 연령 인구 천 명당"
KR,marriage_rate,M,25-29,1992,109.3,‰,KOSIS,DT_1B83A15,"인구동향조사, 신고 연도·혼인 당시 연령, 해당 연령 인구 천 명당"
KR,marriage_rate,M,25-29,1993,98.7,‰,KOSIS,DT_1B83A15,"인구동향조사, 신고 연도·혼인 당시 연령, 해당 연령 인구 천 명당"
KR,marriage_rate,M,25-29,1994,94.9,‰,KOSIS,DT_1B83A15,"인구동향조사, 신고 연도·혼인 당시 연령, 해당 연령 인구 천 명당"
KR,marriage_rate,M,25-29,1995,93.9,‰,KOSIS,DT_1B83A15,"인구동향조사, 신고 연도·혼인 당시 연령, 해당 연령 인구 천 명당"
KR,marriage_rate,M,25-29,1996,99.2,‰,KOSIS,DT_1B83A15,"인구동향조사, 신고 연도·혼인 당시 연령, 해당 연령 인구 천 명당"
KR,marriage_rate,M,25-29,1997,87.9,‰,KOSIS,DT_1B83A15,"인구동향조사, 신고 연도·혼인 당시 연령, 해당 연령 인구 천 명당"
KR,marriage_rate,M,25-29,1998,82.5,‰,KOSIS,DT_1B83A15,"인구동향조사, 신고 연도·혼인 당시 연령, 해당 연령 인구 천 명당"
KR,marriage_rate,M,25-29,1999,77.3,‰,KOSIS,DT_1B83A15,"인구동향조사, 신고 연도·혼인 당시 연령, 해당 연령 인구 천 명당"
KR,marriage_rate,M,25-29,2000,70.7,‰,KOSIS,DT_1B83A15,"인구동향조사, 신고 연도·혼인 당시 연령, 해당 연령 인구 천 명당"
KR,marriage_rate,M,25-29,2001,66.3,‰,KOSIS,DT_1B83A15,"인구동향조사, 신고 연도·혼인 당시 연령, 해당 연령 인구 천 명당"
KR,marriage_rate,M,25-29,2002,62.7,‰,KOSIS,DT_1B83A15,"인구동향조사, 신고 연도·혼인 당시 연령, 해당 연령 인구 천 명당"
KR,marriage_rate,M,25-29,2003,60.3,‰,KOSIS,DT_1B83A15,"인구동향조사, 신고 연도·혼인 당시 연령, 해당 연령 인구 천 명당"
KR,marriage_rate,M,25-29,2004,56.8,‰,KOSIS,DT_1B83A15,"인구동향조사, 신고 연도·혼인 당시 연령, 해당 연령 인구 천 명당"
KR,marriage_rate,M,25-29,2005,54.5,‰,KOSIS,DT_1B83A15,"인구동향조사, 신고 연도·혼인 당시 연령, 해당 연령 인구 천 명당"
KR,marriage_rate,M,25-29,2006,56.7,‰,KOSIS,DT_1B83A15,"인구동향조사, 신고 연도·혼인 당시 연령, 해당 연령 인구 천 명당"
KR,marriage_rate,M,25-29,2007,56.8,‰,KOSIS,DT_1B83A15,"인구동향조사, 신고 연도·혼인 당시 연령, 해당 연령 인구 천 명당"
KR,marriage_rate,M,25-29,2008,51.8,‰,KOSIS,DT_1B83A15,"인구동향조사, 신고 연도·혼인 당시 연령, 해당 연령 인구 천 명당"
KR,marriage_rate,M,25-29,2009,48.0,‰,KOSIS,DT_1B83A15,"인구동향조사, 신고 연도·혼인 당시 연령, 해당 연령 인구 천 명당"
KR,marriage_rate,M,25-29,2010,49.6,‰,KOSIS,DT_1B83A15,"인구동향조사, 신고 연도·혼인 당시 연령, 해당 연령 인구 천 명당"
KR,marriage_rate,M,25-29,2011,50.5,‰,KOSIS,DT_1B83A15,"인구동향조사, 신고 연도·혼인 당시 연령, 해당 연령 인구 천 명당"
KR,marriage_rate,M,25-29,2012,48.2,‰,KOSIS,DT_1B83A15,"인구동향조사, 신고 연도·혼인 당시 연령, 해당 연령 인구 천 명당"
KR,marriage_rate,M,25-29,2013,47.1,‰,KOSIS,DT_1B83A15,"인구동향조사, 신고 연도·혼인 당시 연령, 해당 연령 인구 천 명당"
KR,marriage_rate,M,25-29,2014,42.7,‰,KOSIS,DT_1B83A15,"인구동향조사, 신고 연도·혼인 당시 연령, 해당 연령 인구 천 명당"
KR,marriage_rate,M,25-29,2015,41.2,‰,KOSIS,DT_1B83A15,"인구동향조사, 신고 연도·혼인 당시 연령, 해당 연령 인구 천 명당"
KR,marriage_rate,M,25-29,2016,36.8,‰,KOSIS,DT_1B83A15,"인구동향조사, 신고 연도·혼인 당시 연령, 해당 연령 인구 천 명당"
KR,marriage_rate,M,25-29,2017,33.5,‰,KOSIS,DT_1B83A15,"인구동향조사, 신고 연도·혼인 당시 연령, 해당 연령 인구 천 명당"
KR,marriage_rate,M,25-29,2018,31.3,‰,KOSIS,DT_1B83A15,"인구동향조사, 신고 연도·혼인 당시 연령, 해당 연령 인구 천 명당"
KR,marriage_rate,M,25-29,2019,27.8,‰,KOSIS,DT_1B83A15,"인구동향조사, 신고 연도·혼인 당시 연령, 해당 연령 인구 천 명당"
KR,marriage_rate,M,25-29,2020,25.2,‰,KOSIS,DT_1B83A15,"인구동향조사, 신고 연도·혼인 당시 연령, 해당 연령 인구 천 명당"
KR,marriage_rate,M,25-29,2021,22.0,‰,KOSIS,DT_1B83A15,"인구동향조사, 신고 연도·혼인 당시 연령, 해당 연령 인구 천 명당"
KR,marriage_rate,M,25-29,2022,20.4,‰,KOSIS,DT_1B83A15,"인구동향조사, 신고 연도·혼인 당시 연령, 해당 연령 인구 천 명당"
KR,marriage_rate,M,25-29,2023,19.2,‰,KOSIS,DT_1B83A15,"인구동향조사, 신고 연도·혼인 당시 연령, 해당 연령 인구 천 명당"
KR,marriage_rate,M,25-29,2024,22.8,‰,KOSIS,DT_1B83A15,"인구동향조사, 신고 연도·혼인 당시 연령, 해당 연령 인구 천 명당"
KR,marriage_rate,M,25-29,2025,25.0,‰,KOSIS,DT_1B83A15,"인구동향조사, 신고 연도·혼인 당시 연령, 해당 연령 인구 천 명당"
KR,marriage_rate,M,30-34,1990,34.8,‰,KOSIS,DT_1B83A15,"인구동향조사, 신고 연도·혼인 당시 연령, 해당 연령 인구 천 명당"
KR,marriage_rate,M,30-34,1991,38.3,‰,KOSIS,DT_1B83A15,"인구동향조사, 신고 연도·혼인 당시 연령, 해당 연령 인구 천 명당"
KR,marriage_rate,M,30-34,1992,39.7,‰,KOSIS,DT_1B83A15,"인구동향조사, 신고 연도·혼인 당시 연령, 해당 연령 인구 천 명당"
KR,marriage_rate,M,30-34,1993,37.3,‰,KOSIS,DT_1B83A15,"인구동향조사, 신고 연도·혼인 당시 연령, 해당 연령 인구 천 명당"
KR,marriage_rate,M,30-34,1994,37.3,‰,KOSIS,DT_1B83A15,"인구동향조사, 신고 연도·혼인 당시 연령, 해당 연령 인구 천 명당"
KR,marriage_rate,M,30-34,1995,38.1,‰,KOSIS,DT_1B83A15,"인구동향조사, 신고 연도·혼인 당시 연령, 해당 연령 인구 천 명당"
KR,marriage_rate,M,30-34,1996,42.4,‰,KOSIS,DT_1B83A15,"인구동향조사, 신고 연도·혼인 당시 연령, 해당 연령 인구 천 명당"
KR,marriage_rate,M,30-34,1997,39.5,‰,KOSIS,DT_1B83A15,"인구동향조사, 신고 연도·혼인 당시 연령, 해당 연령 인구 천 명당"
KR,marriage_rate,M,30-34,1998,39.3,‰,KOSIS,DT_1B83A15,"인구동향조사, 신고 연도·혼인 당시 연령, 해당 연령 인구 천 명당"
KR,marriage_rate,M,30-34,1999,40.1,‰,KOSIS,DT_1B83A15,"인구동향조사, 신고 연도·혼인 당시 연령, 해당 연령 인구 천 명당"
KR,marriage_rate,M,30-34,2000,39.0,‰,KOSIS,DT_1B83A15,"인구동향조사, 신고 연도·혼인 당시 연령, 해당 연령 인구 천 명당"
KR,marriage_rate,M,30-34,2001,39.0,‰,KOSIS,DT_1B83A15,"인구동향조사, 신고 연도·혼인 당시 연령, 해당 연령 인구 천 명당"
KR,marriage_rate,M,30-34,2002,39.8,‰,KOSIS,DT_1B83A15,"인구동향조사, 신고 연도·혼인 당시 연령, 해당 연령 인구 천 명당"
KR,marriage_rate,M,30-34,2003,41.1,‰,KOSIS,DT_1B83A15,"인구동향조사, 신고 연도·혼인 당시 연령, 해당 연령 인구 천 명당"
KR,marriage_rate,M,30-34,2004,44.0,‰,KOSIS,DT_1B83A15,"인구동향조사, 신고 연도·혼인 당시 연령, 해당 연령 인구 천 명당"
KR,marriage_rate,M,30-34,2005,46.0,‰,KOSIS,DT_1B83A15,"인구동향조사, 신고 연도·혼인 당시 연령, 해당 연령 인구 천 명당"
KR,marriage_rate,M,30-34,2006,51.0,‰,KOSIS,DT_1B83A15,"인구동향조사, 신고 연도·혼인 당시 연령, 해당 연령 인구 천 명당"
KR,marriage_rate,M,30-34,2007,55.7,‰,KOSIS,DT_1B83A15,"인구동향조사, 신고 연도·혼인 당시 연령, 해당 연령 인구 천 명당"
KR,marriage_rate,M,30-34,2008,54.5,‰,KOSIS,DT_1B83A15,"인구동향조사, 신고 연도·혼인 당시 연령, 해당 연령 인구 천 명당"
KR,marriage_rate,M,30-34,2009,53.6,‰,KOSIS,DT_1B83A15,"인구동향조사, 신고 연도·혼인 당시 연령, 해당 연령 인구 천 명당"
KR,marriage_rate,M,30-34,2010,58.5,‰,KOSIS,DT_1B83A15,"인구동향조사, 신고 연도·혼인 당시 연령, 해당 연령 인구 천 명당"
KR,marriage_rate,M,30-34,2011,61.2,‰,KOSIS,DT_1B83A15,"인구동향조사, 신고 연도·혼인 당시 연령, 해당 연령 인구 천 명당"
KR,marriage_rate,M,30-34,2012,63.4,‰,KOSIS,DT_1B83A15,"인구동향조사, 신고 연도·혼인 당시 연령, 해당 연령 인구 천 명당"
KR,marriage_rate,M,30-34,2013,64.2,‰,KOSIS,DT_1B83A15,"인구동향조사, 신고 연도·혼인 당시 연령, 해당 연령 인구 천 명당"
KR,marriage_rate,M,30-34,2014,61.0,‰,KOSIS,DT_1B83A15,"인구동향조사, 신고 연도·혼인 당시 연령, 해당 연령 인구 천 명당"
KR,marriage_rate,M,30-34,2015,62.4,‰,KOSIS,DT_1B83A15,"인구동향조사, 신고 연도·혼인 당시 연령, 해당 연령 인구 천 명당"
KR,marriage_rate,M,30-34,2016,59.3,‰,KOSIS,DT_1B83A15,"인구동향조사, 신고 연도·혼인 당시 연령, 해당 연령 인구 천 명당"
KR,marriage_rate,M,30-34,2017,56.4,‰,KOSIS,DT_1B83A15,"인구동향조사, 신고 연도·혼인 당시 연령, 해당 연령 인구 천 명당"
KR,marriage_rate,M,30-34,2018,55.9,‰,KOSIS,DT_1B83A15,"인구동향조사, 신고 연도·혼인 당시 연령, 해당 연령 인구 천 명당"
KR,marriage_rate,M,30-34,2019,51.1,‰,KOSIS,DT_1B83A15,"인구동향조사, 신고 연도·혼인 당시 연령, 해당 연령 인구 천 명당"
KR,marriage_rate,M,30-34,2020,47.6,‰,KOSIS,DT_1B83A15,"인구동향조사, 신고 연도·혼인 당시 연령, 해당 연령 인구 천 명당"
KR,marriage_rate,M,30-34,2021,42.1,‰,KOSIS,DT_1B83A15,"인구동향조사, 신고 연도·혼인 당시 연령, 해당 연령 인구 천 명당"
KR,marriage_rate,M,30-34,2022,40.3,‰,KOSIS,DT_1B83A15,"인구동향조사, 신고 연도·혼인 당시 연령, 해당 연령 인구 천 명당"
KR,marriage_rate,M,30-34,2023,40.1,‰,KOSIS,DT_1B83A15,"인구동향조사, 신고 연도·혼인 당시 연령, 해당 연령 인구 천 명당"
KR,marriage_rate,M,30-34,2024,48.3,‰,KOSIS,DT_1B83A15,"인구동향조사, 신고 연도·혼인 당시 연령, 해당 연령 인구 천 명당"
KR,marriage_rate,M,30-34,2025,53.6,‰,KOSIS,DT_1B83A15,"인구동향조사, 신고 연도·혼인 당시 연령, 해당 연령 인구 천 명당"
KR,marriage_rate,M,35-39,1990,8.4,‰,KOSIS,DT_1B83A15,"인구동향조사, 신고 연도·혼인 당시 연령, 해당 연령 인구 천 명당"
KR,marriage_rate,M,35-39,1991,8.8,‰,KOSIS,DT_1B83A15,"인구동향조사, 신고 연도·혼인 당시 연령, 해당 연령 인구 천 명당"
KR,marriage_rate,M,35-39,1992,9.4,‰,KOSIS,DT_1B83A15,"인구동향조사, 신고 연도·혼인 당시 연령, 해당 연령 인구 천 명당"
KR,marriage_rate,M,35-39,1993,9.3,‰,KOSIS,DT_1B83A15,"인구동향조사, 신고 연도·혼인 당시 연령, 해당 연령 인구 천 명당"
KR,marriage_rate,M,35-39,1994,9.3,‰,KOSIS,DT_1B83A15,"인구동향조사, 신고 연도·혼인 당시 연령, 해당 연령 인구 천 명당"
KR,marriage_rate,M,35-39,1995,10.3,‰,KOSIS,DT_1B83A15,"인구동향조사, 신고 연도·혼인 당시 연령, 해당 연령 인구 천 명당"
KR,marriage_rate,M,35-39,1996,11.8,‰,KOSIS,DT_1B83A15,"인구동향조사, 신고 연도·혼인 당시 연령, 해당 연령 인구 천 명당"
KR,marriage_rate,M,35-39,1997,10.6,‰,KOSIS,DT_1B83A15,"인구동향조사, 신고 연도·혼인 당시 연령, 해당 연령 인구 천 명당"
KR,marriage_rate,M,35-39,1998,11.1,‰,KOSIS,DT_1B83A15,"인구동향조사, 신고 연도·혼인 당시 연령, 해당 연령 인구 천 명당"
KR,marriage_rate,M,35-39,1999,11.6,‰,KOSIS,DT_1B83A15,"인구동향조사, 신고 연도·혼인 당시 연령, 해당 연령 인구 천 명당"
KR,marriage_rate,M,35-39,2000,11.2,‰,KOSIS,DT_1B83A15,"인구동향조사, 신고 연도·혼인 당시 연령, 해당 연령 인구 천 명당"
KR,marriage_rate,M,35-39,2001,11.7,‰,KOSIS,DT_1B83A15,"인구동향조사, 신고 연도·혼인 당시 연령, 해당 연령 인구 천 명당"
KR,marriage_rate,M,35-39,2002,11.7,‰,KOSIS,DT_1B83A15,"인구동향조사, 신고 연도·혼인 당시 연령, 해당 연령 인구 천 명당"
KR,marriage_rate,M,35-39,2003,12.6,‰,KOSIS,DT_1B83A15,"인구동향조사, 신고 연도·혼인 당시 연령, 해당 연령 인구 천 명당"
KR,marriage_rate,M,35-39,2004,14.0,‰,KOSIS,DT_1B83A15,"인구동향조사, 신고 연도·혼인 당시 연령, 해당 연령 인구 천 명당"
KR,marriage_rate,M,35-39,2005,15.7,‰,KOSIS,DT_1B83A15,"인구동향조사, 신고 연도·혼인 당시 연령, 해당 연령 인구 천 명당"
KR,marriage_rate,M,35-39,2006,17.4,‰,KOSIS,DT_1B83A15,"인구동향조사, 신고 연도·혼인 당시 연령, 해당 연령 인구 천 명당"
KR,marriage_rate,M,35-39,2007,19.2,‰,KOSIS,DT_1B83A15,"인구동향조사, 신고 연도·혼인 당시 연령, 해당 연령 인구 천 명당"
KR,marriage_rate,M,35-39,2008,19.7,‰,KOSIS,DT_1B83A15,"인구동향조사, 신고 연도·혼인 당시 연령, 해당 연령 인구 천 명당"
KR,marriage_rate,M,35-39,2009,19.5,‰,KOSIS,DT_1B83A15,"인구동향조사, 신고 연도·혼인 당시 연령, 해당 연령 인구 천 명당"
KR,marriage_rate,M,35-39,2010,21.7,‰,KOSIS,DT_1B83A15,"인구동향조사, 신고 연도·혼인 당시 연령, 해당 연령 인구 천 명당"
KR,marriage_rate,M,35-39,2011,22.6,‰,KOSIS,DT_1B83A15,"인구동향조사, 신고 연도·혼인 당시 연령, 해당 연령 인구 천 명당"
KR,marriage_rate,M,35-39,2012,23.4,‰,KOSIS,DT_1B83A15,"인구동향조사, 신고 연도·혼인 당시 연령, 해당 연령 인구 천 명당"
KR,marriage_rate,M,35-39,2013,24.0,‰,KOSIS,DT_1B83A15,"인구동향조사, 신고 연도·혼인 당시 연령, 해당 연령 인구 천 명당"
KR,marriage_rate,M,35-39,2014,24.1,‰,KOSIS,DT_1B83A15,"인구동향조사, 신고 연도·혼인 당시 연령, 해당 연령 인구 천 명당"
KR,marriage_rate,M,35-39,2015,25.1,‰,KOSIS,DT_1B83A15,"인구동향조사, 신고 연도·혼인 당시 연령, 해당 연령 인구 천 명당"
KR,marriage_rate,M,35-39,2016,24.3,‰,KOSIS,DT_1B83A15,"인구동향조사, 신고 연도·혼인 당시 연령, 해당 연령 인구 천 명당"
KR,marriage_rate,M,35-39,2017,23.6,‰,KOSIS,DT_1B83A15,"인구동향조사, 신고 연도·혼인 당시 연령, 해당 연령 인구 천 명당"
KR,marriage_rate,M,35-39,2018,23.8,‰,KOSIS,DT_1B83A15,"인구동향조사, 신고 연도·혼인 당시 연령, 해당 연령 인구 천 명당"
KR,marriage_rate,M,35-39,2019,22.9,‰,KOSIS,DT_1B83A15,"인구동향조사, 신고 연도·혼인 당시 연령, 해당 연령 인구 천 명당"
KR,marriage_rate,M,35-39,2020,20.5,‰,KOSIS,DT_1B83A15,"인구동향조사, 신고 연도·혼인 당시 연령, 해당 연령 인구 천 명당"
KR,marriage_rate,M,35-39,2021,19.5,‰,KOSIS,DT_1B83A15,"인구동향조사, 신고 연도·혼인 당시 연령, 해당 연령 인구 천 명당"
KR,marriage_rate,M,35-39,2022,20.9,‰,KOSIS,DT_1B83A15,"인구동향조사, 신고 연도·혼인 당시 연령, 해당 연령 인구 천 명당"
KR,marriage_rate,M,35-39,2023,22.5,‰,KOSIS,DT_1B83A15,"인구동향조사, 신고 연도·혼인 당시 연령, 해당 연령 인구 천 명당"
KR,marriage_rate,M,35-39,2024,26.7,‰,KOSIS,DT_1B83A15,"인구동향조사, 신고 연도·혼인 당시 연령, 해당 연령 인구 천 명당"
KR,marriage_rate,M,35-39,2025,29.2,‰,KOSIS,DT_1B83A15,"인구동향조사, 신고 연도·혼인 당시 연령, 해당 연령 인구 천 명당"
KR,marriage_rate,M,40-44,1990,4.8,‰,KOSIS,DT_1B83A15,"인구동향조사, 신고 연도·혼인 당시 연령, 해당 연령 인구 천 명당"
KR,marriage_rate,M,40-44,1991,4.9,‰,KOSIS,DT_1B83A15,"인구동향조사, 신고 연도·혼인 당시 연령, 해당 연령 인구 천 명당"
KR,marriage_rate,M,40-44,1992,5.1,‰,KOSIS,DT_1B83A15,"인구동향조사, 신고 연도·혼인 당시 연령, 해당 연령 인구 천 명당"
KR,marriage_rate,M,40-44,1993,5.1,‰,KOSIS,DT_1B83A15,"인구동향조사, 신고 연도·혼인 당시 연령, 해당 연령 인구 천 명당"
KR,marriage_rate,M,40-44,1994,5.0,‰,KOSIS,DT_1B83A15,"인구동향조사, 신고 연도·혼인 당시 연령, 해당 연령 인구 천 명당"
KR,marriage_rate,M,40-44,1995,5.8,‰,KOSIS,DT_1B83A15,"인구동향조사, 신고 연도·혼인 당시 연령, 해당 연령 인구 천 명당"
KR,marriage_rate,M,40-44,1996,6.4,‰,KOSIS,DT_1B83A15,"인구동향조사, 신고 연도·혼인 당시 연령, 해당 연령 인구 천 명당"
KR,marriage_rate,M,40-44,1997,5.8,‰,KOSIS,DT_1B83A15,"인구동향조사, 신고 연도·혼인 당시 연령, 해당 연령 인구 천 명당"
KR,marriage_rate,M,40-44,1998,6.1,‰,KOSIS,DT_1B83A15,"인구동향조사, 신고 연도·혼인 당시 연령, 해당 연령 인구 천 명당"
KR,marriage_rate,M,40-44,1999,6.6,‰,KOSIS,DT_1B83A15,"인구동향조사, 신고 연도·혼인 당시 연령, 해당 연령 인구 천 명당"
KR,marriage_rate,M,40-44,2000,6.1,‰,KOSIS,DT_1B83A15,"인구동향조사, 신고 연도·혼인 당시 연령, 해당 연령 인구 천 명당"
KR,marriage_rate,M,40-44,2001,6.6,‰,KOSIS,DT_1B83A15,"인구동향조사, 신고 연도·혼인 당시 연령, 해당 연령 인구 천 명당"
KR,marriage_rate,M,40-44,2002,6.3,‰,KOSIS,DT_1B83A15,"인구동향조사, 신고 연도·혼인 당시 연령, 해당 연령 인구 천 명당"
KR,marriage_rate,M,40-44,2003,6.9,‰,KOSIS,DT_1B83A15,"인구동향조사, 신고 연도·혼인 당시 연령, 해당 연령 인구 천 명당"
KR,marriage_rate,M,40-44,2004,8.1,‰,KOSIS,DT_1B83A15,"인구동향조사, 신고 연도·혼인 당시 연령, 해당 연령 인구 천 명당"
KR,marriage_rate,M,40-44,2005,9.0,‰,KOSIS,DT_1B83A15,"인구동향조사, 신고 연도·혼인 당시 연령, 해당 연령 인구 천 명당"
KR,marriage_rate,M,40-44,2006,8.9,‰,KOSIS,DT_1B83A15,"인구동향조사, 신고 연도·혼인 당시 연령, 해당 연령 인구 천 명당"
KR,marriage_rate,M,40-44,2007,9.2,‰,KOSIS,DT_1B83A15,"인구동향조사, 신고 연도·혼인 당시 연령, 해당 연령 인구 천 명당"
KR,marriage_rate,M,40-44,2008,9.4,‰,KOSIS,DT_1B83A15,"인구동향조사, 신고 연도·혼인 당시 연령, 해당 연령 인구 천 명당"
KR,marriage_rate,M,40-44,2009,8.8,‰,KOSIS,DT_1B83A15,"인구동향조사, 신고 연도·혼인 당시 연령, 해당 연령 인구 천 명당"
KR,marriage_rate,M,40-44,2010,9.6,‰,KOSIS,DT_1B83A15,"인구동향조사, 신고 연도·혼인 당시 연령, 해당 연령 인구 천 명당"
KR,marriage_rate,M,40-44,2011,9.4,‰,KOSIS,DT_1B83A15,"인구동향조사, 신고 연도·혼인 당시 연령, 해당 연령 인구 천 명당"
KR,marriage_rate,M,40-44,2012,9.6,‰,KOSIS,DT_1B83A15,"인구동향조사, 신고 연도·혼인 당시 연령, 해당 연령 인구 천 명당"
KR,marriage_rate,M,40-44,2013,9.5,‰,KOSIS,DT_1B83A15,"인구동향조사, 신고 연도·혼인 당시 연령, 해당 연령 인구 천 명당"
KR,marriage_rate,M,40-44,2014,9.7,‰,KOSIS,DT_1B83A15,"인구동향조사, 신고 연도·혼인 당시 연령, 해당 연령 인구 천 명당"
KR,marriage_rate,M,40-44,2015,9.9,‰,KOSIS,DT_1B83A15,"인구동향조사, 신고 연도·혼인 당시 연령, 해당 연령 인구 천 명당"
KR,marriage_rate,M,40-44,2016,9.8,‰,KOSIS,DT_1B83A15,"인구동향조사, 신고 연도·혼인 당시 연령, 해당 연령 인구 천 명당"
KR,marriage_rate,M,40-44,2017,9.5,‰,KOSIS,DT_1B83A15,"인구동향조사, 신고 연도·혼인 당시 연령, 해당 연령 인구 천 명당"
KR,marriage_rate,M,40-44,2018,10.0,‰,KOSIS,DT_1B83A15,"인구동향조사, 신고 연도·혼인 당시 연령, 해당 연령 인구 천 명당"
KR,marriage_rate,M,40-44,2019,9.8,‰,KOSIS,DT_1B83A15,"인구동향조사, 신고 연도·혼인 당시 연령, 해당 연령 인구 천 명당"
KR,marriage_rate,M,40-44,2020,8.2,‰,KOSIS,DT_1B83A15,"인구동향조사, 신고 연도·혼인 당시 연령, 해당 연령 인구 천 명당"
KR,marriage_rate,M,40-44,2021,7.5,‰,KOSIS,DT_1B83A15,"인구동향조사, 신고 연도·혼인 당시 연령, 해당 연령 인구 천 명당"
KR,marriage_rate,M,40-44,2022,8.1,‰,KOSIS,DT_1B83A15,"인구동향조사, 신고 연도·혼인 당시 연령, 해당 연령 인구 천 명당"
KR,marriage_rate,M,40-44,2023,8.7,‰,KOSIS,DT_1B83A15,"인구동향조사, 신고 연도·혼인 당시 연령, 해당 연령 인구 천 명당"
KR,marriage_rate,M,40-44,2024,9.4,‰,KOSIS,DT_1B83A15,"인구동향조사, 신고 연도·혼인 당시 연령, 해당 연령 인구 천 명당"
KR,marriage_rate,M,40-44,2025,9.9,‰,KOSIS,DT_1B83A15,"인구동향조사, 신고 연도·혼인 당시 연령, 해당 연령 인구 천 명당"
KR,marriage_rate,M,45-49,1990,3.2,‰,KOSIS,DT_1B83A15,"인구동향조사, 신고 연도·혼인 당시 연령, 해당 연령 인구 천 명당"
KR,marriage_rate,M,45-49,1991,3.3,‰,KOSIS,DT_1B83A15,"인구동향조사, 신고 연도·혼인 당시 연령, 해당 연령 인구 천 명당"
KR,marriage_rate,M,45-49,1992,3.4,‰,KOSIS,DT_1B83A15,"인구동향조사, 신고 연도·혼인 당시 연령, 해당 연령 인구 천 명당"
KR,marriage_rate,M,45-49,1993,3.5,‰,KOSIS,DT_1B83A15,"인구동향조사, 신고 연도·혼인 당시 연령, 해당 연령 인구 천 명당"
KR,marriage_rate,M,45-49,1994,3.6,‰,KOSIS,DT_1B83A15,"인구동향조사, 신고 연도·혼인 당시 연령, 해당 연령 인구 천 명당"
KR,marriage_rate,M,45-49,1995,4.2,‰,KOSIS,DT_1B83A15,"인구동향조사, 신고 연도·혼인 당시 연령, 해당 연령 인구 천 명당"
KR,marriage_rate,M,45-49,1996,4.5,‰,KOSIS,DT_1B83A15,"인구동향조사, 신고 연도·혼인 당시 연령, 해당 연령 인구 천 명당"
KR,marriage_rate,M,45-49,1997,4.2,‰,KOSIS,DT_1B83A15,"인구동향조사, 신고 연도·혼인 당시 연령, 해당 연령 인구 천 명당"
KR,marriage_rate,M,45-49,1998,4.5,‰,KOSIS,DT_1B83A15,"인구동향조사, 신고 연도·혼인 당시 연령, 해당 연령 인구 천 명당"
KR,marriage_rate,M,45-49,1999,4.9,‰,KOSIS,DT_1B83A15,"인구동향조사, 신고 연도·혼인 당시 연령, 해당 연령 인구 천 명당"
KR,marriage_rate,M,45-49,2000,4.5,‰,KOSIS,DT_1B83A15,"인구동향조사, 신고 연도·혼인 당시 연령, 해당 연령 인구 천 명당"
KR,marriage_rate,M,45-49,2001,4.7,‰,KOSIS,DT_1B83A15,"인구동향조사, 신고 연도·혼인 당시 연령, 해당 연령 인구 천 명당"
KR,marriage_rate,M,45-49,2002,4.7,‰,KOSIS,DT_1B83A15,"인구동향조사, 신고 연도·혼인 당시 연령, 해당 연령 인구 천 명당"
KR,marriage_rate,M,45-49,2003,5.4,‰,KOSIS,DT_1B83A15,"인구동향조사, 신고 연도·혼인 당시 연령, 해당 연령 인구 천 명당"
KR,marriage_rate,M,45-49,2004,6.5,‰,KOSIS,DT_1B83A15,"인구동향조사, 신고 연도·혼인 당시 연령, 해당 연령 인구 천 명당"
KR,marriage_rate,M,45-49,2005,7.0,‰,KOSIS,DT_1B83A15,"인구동향조사, 신고 연도·혼인 당시 연령, 해당 연령 인구 천 명당"
KR,marriage_rate,M,45-49,2006,6.3,‰,KOSIS,DT_1B83A15,"인구동향조사, 신고 연도·혼인 당시 연령, 해당 연령 인구 천 명당"
KR,marriage_rate,M,45-49,2007,6.3,‰,KOSIS,DT_1B83A15,"인구동향조사, 신고 연도·혼인 당시 연령, 해당 연령 인구 천 명당"
KR,marriage_rate,M,45-49,2008,6.2,‰,KOSIS,DT_1B83A15,"인구동향조사, 신고 연도·혼인 당시 연령, 해당 연령 인구 천 명당"
KR,marriage_rate,M,45-49,2009,6.0,‰,KOSIS,DT_1B83A15,"인구동향조사, 신고 연도·혼인 당시 연령, 해당 연령 인구 천 명당"
KR,marriage_rate,M,45-49,2010,6.2,‰,KOSIS,DT_1B83A15,"인구동향조사, 신고 연도·혼인 당시 연령, 해당 연령 인구 천 명당"
KR,marriage_rate,M,45-49,2011,5.7,‰,KOSIS,DT_1B83A15,"인구동향조사, 신고 연도·혼인 당시 연령, 해당 연령 인구 천 명당"
KR,marriage_rate,M,45-49,2012,5.7,‰,KOSIS,DT_1B83A15,"인구동향조사, 신고 연도·혼인 당시 연령, 해당 연령 인구 천 명당"
KR,marriage_rate,M,45-49,2013,5.5,‰,KOSIS,DT_1B83A15,"인구동향조사, 신고 연도·혼인 당시 연령, 해당 연령 인구 천 명당"
KR,marriage_rate,M,45-49,2014,5.4,‰,KOSIS,DT_1B83A15,"인구동향조사, 신고 연도·혼인 당시 연령, 해당 연령 인구 천 명당"
KR,marriage_rate,M,45-49,2015,5.4,‰,KOSIS,DT_1B83A15,"인구동향조사, 신고 연도·혼인 당시 연령, 해당 연령 인구 천 명당"
KR,marriage_rate,M,45-49,2016,5.4,‰,KOSIS,DT_1B83A15,"인구동향조사, 신고 연도·혼인 당시 연령, 해당 연령 인구 천 명당"
KR,marriage_rate,M,45-49,2017,5.4,‰,KOSIS,DT_1B83A15,"인구동향조사, 신고 연도·혼인 당시 연령, 해당 연령 인구 천 명당"
KR,marriage_rate,M,45-49,2018,5.5,‰,KOSIS,DT_1B83A15,"인구동향조사, 신고 연도·혼인 당시 연령, 해당 연령 인구 천 명당"
KR,marriage_rate,M,45-49,2019,5.4,‰,KOSIS,DT_1B83A15,"인구동향조사, 신고 연도·혼인 당시 연령, 해당 연령 인구 천 명당"
KR,marriage_rate,M,45-49,2020,4.4,‰,KOSIS,DT_1B83A15,"인구동향조사, 신고 연도·혼인 당시 연령, 해당 연령 인구 천 명당"
KR,marriage_rate,M,45-49,2021,4.0,‰,KOSIS,DT_1B83A15,"인구동향조사, 신고 연도·혼인 당시 연령, 해당 연령 인구 천 명당"
KR,marriage_rate,M,45-49,2022,4.4,‰,KOSIS,DT_1B83A15,"인구동향조사, 신고 연도·혼인 당시 연령, 해당 연령 인구 천 명당"
KR,marriage_rate,M,45-49,2023,4.7,‰,KOSIS,DT_1B83A15,"인구동향조사, 신고 연도·혼인 당시 연령, 해당 연령 인구 천 명당"
KR,marriage_rate,M,45-49,2024,4.7,‰,KOSIS,DT_1B83A15,"인구동향조사, 신고 연도·혼인 당시 연령, 해당 연령 인구 천 명당"
KR,marriage_rate,M,45-49,2025,4.7,‰,KOSIS,DT_1B83A15,"인구동향조사, 신고 연도·혼인 당시 연령, 해당 연령 인구 천 명당"
KR,marriage_rate,M,50-54,1990,2.1,‰,KOSIS,DT_1B83A15,"인구동향조사, 신고 연도·혼인 당시 연령, 해당 연령 인구 천 명당"
KR,marriage_rate,M,50-54,1991,2.2,‰,KOSIS,DT_1B83A15,"인구동향조사, 신고 연도·혼인 당시 연령, 해당 연령 인구 천 명당"
KR,marriage_rate,M,50-54,1992,2.4,‰,KOSIS,DT_1B83A15,"인구동향조사, 신고 연도·혼인 당시 연령, 해당 연령 인구 천 명당"
KR,marriage_rate,M,50-54,1993,2.4,‰,KOSIS,DT_1B83A15,"인구동향조사, 신고 연도·혼인 당시 연령, 해당 연령 인구 천 명당"
KR,marriage_rate,M,50-54,1994,2.6,‰,KOSIS,DT_1B83A15,"인구동향조사, 신고 연도·혼인 당시 연령, 해당 연령 인구 천 명당"
KR,marriage_rate,M,50-54,1995,3.1,‰,KOSIS,DT_1B83A15,"인구동향조사, 신고 연도·혼인 당시 연령, 해당 연령 인구 천 명당"
KR,marriage_rate,M,50-54,1996,3.2,‰,KOSIS,DT_1B83A15,"인구동향조사, 신고 연도·혼인 당시 연령, 해당 연령 인구 천 명당"
KR,marriage_rate,M,50-54,1997,3.1,‰,KOSIS,DT_1B83A15,"인구동향조사, 신고 연도·혼인 당시 연령, 해당 연령 인구 천 명당"
KR,marriage_rate,M,50-54,1998,3.5,‰,KOSIS,DT_1B83A15,"인구동향조사, 신고 연도·혼인 당시 연령, 해당 연령 인구 천 명당"
KR,marriage_rate,M,50-54,1999,3.8,‰,KOSIS,DT_1B83A15,"인구동향조사, 신고 연도·혼인 당시 연령, 해당 연령 인구 천 명당"
KR,marriage_rate,M,50-54,2000,3.5,‰,KOSIS,DT_1B83A15,"인구동향조사, 신고 연도·혼인 당시 연령, 해당 연령 인구 천 명당"
KR,marriage_rate,M,50-54,2001,3.8,‰,KOSIS,DT_1B83A15,"인구동향조사, 신고 연도·혼인 당시 연령, 해당 연령 인구 천 명당"
KR,marriage_rate,M,50-54,2002,3.7,‰,KOSIS,DT_1B83A15,"인구동향조사, 신고 연도·혼인 당시 연령, 해당 연령 인구 천 명당"
KR,marriage_rate,M,50-54,2003,4.2,‰,KOSIS,DT_1B83A15,"인구동향조사, 신고 연도·혼인 당시 연령, 해당 연령 인구 천 명당"
KR,marriage_rate,M,50-54,2004,5.3,‰,KOSIS,DT_1B83A15,"인구동향조사, 신고 연도·혼인 당시 연령, 해당 연령 인구 천 명당"
KR,marriage_rate,M,50-54,2005,5.7,‰,KOSIS,DT_1B83A15,"인구동향조사, 신고 연도·혼인 당시 연령, 해당 연령 인구 천 명당"
KR,marriage_rate,M,50-54,2006,4.9,‰,KOSIS,DT_1B83A15,"인구동향조사, 신고 연도·혼인 당시 연령, 해당 연령 인구 천 명당"
KR,marriage_rate,M,50-54,2007,4.8,‰,KOSIS,DT_1B83A15,"인구동향조사, 신고 연도·혼인 당시 연령, 해당 연령 인구 천 명당"
KR,marriage_rate,M,50-54,2008,4.7,‰,KOSIS,DT_1B83A15,"인구동향조사, 신고 연도·혼인 당시 연령, 해당 연령 인구 천 명당"
KR,marriage_rate,M,50-54,2009,4.5,‰,KOSIS,DT_1B83A15,"인구동향조사, 신고 연도·혼인 당시 연령, 해당 연령 인구 천 명당"
KR,marriage_rate,M,50-54,2010,4.6,‰,KOSIS,DT_1B83A15,"인구동향조사, 신고 연도·혼인 당시 연령, 해당 연령 인구 천 명당"
KR,marriage_rate,M,50-54,2011,4.3,‰,KOSIS,DT_1B83A15,"인구동향조사, 신고 연도·혼인 당시 연령, 해당 연령 인구 천 명당"
KR,marriage_rate,M,50-54,2012,4.2,‰,KOSIS,DT_1B83A15,"인구동향조사, 신고 연도·혼인 당시 연령, 해당 연령 인구 천 명당"
KR,marriage_rate,M,50-54,2013,4.0,‰,KOSIS,DT_1B83A15,"인구동향조사, 신고 연도·혼인 당시 연령, 해당 연령 인구 천 명당"
KR,marriage_rate,M,50-54,2014,4.0,‰,KOSIS,DT_1B83A15,"인구동향조사, 신고 연도·혼인 당시 연령, 해당 연령 인구 천 명당"
KR,marriage_rate,M,50-54,2015,4.0,‰,KOSIS,DT_1B83A15,"인구동향조사, 신고 연도·혼인 당시 연령, 해당 연령 인구 천 명당"
KR,marriage_rate,M,50-54,2016,3.9,‰,KOSIS,DT_1B83A15,"인구동향조사, 신고 연도·혼인 당시 연령, 해당 연령 인구 천 명당"
KR,marriage_rate,M,50-54,2017,4.0,‰,KOSIS,DT_1B83A15,"인구동향조사, 신고 연도·혼인 당시 연령, 해당 연령 인구 천 명당"
KR,marriage_rate,M,50-54,2018,3.9,‰,KOSIS,DT_1B83A15,"인구동향조사, 신고 연도·혼인 당시 연령, 해당 연령 인구 천 명당"
KR,marriage_rate,M,50-54,2019,3.9,‰,KOSIS,DT_1B83A15,"인구동향조사, 신고 연도·혼인 당시 연령, 해당 연령 인구 천 명당"
KR,marriage_rate,M,50-54,2020,3.2,‰,KOSIS,DT_1B83A15,"인구동향조사, 신고 연도·혼인 당시 연령, 해당 연령 인구 천 명당"
KR,marriage_rate,M,50-54,2021,3.0,‰,KOSIS,DT_1B83A15,"인구동향조사, 신고 연도·혼인 당시 연령, 해당 연령 인구 천 명당"
KR,marriage_rate,M,50-54,2022,3.2,‰,KOSIS,DT_1B83A15,"인구동향조사, 신고 연도·혼인 당시 연령, 해당 연령 인구 천 명당"
KR,marriage_rate,M,50-54,2023,3.3,‰,KOSIS,DT_1B83A15,"인구동향조사, 신고 연도·혼인 당시 연령, 해당 연령 인구 천 명당"
KR,marriage_rate,M,50-54,2024,3.2,‰,KOSIS,DT_1B83A15,"인구동향조사, 신고 연도·혼인 당시 연령, 해당 연령 인구 천 명당"
KR,marriage_rate,M,50-54,2025,3.1,‰,KOSIS,DT_1B83A15,"인구동향조사, 신고 연도·혼인 당시 연령, 해당 연령 인구 천 명당"
KR,marriage_rate,M,~19,1990,1.4,‰,KOSIS,DT_1B83A15,"인구동향조사, 신고 연도·혼인 당시 연령, 해당 연령 인구 천 명당"
KR,marriage_rate,M,~19,1991,1.4,‰,KOSIS,DT_1B83A15,"인구동향조사, 신고 연도·혼인 당시 연령, 해당 연령 인구 천 명당"
KR,marriage_rate,M,~19,1992,1.5,‰,KOSIS,DT_1B83A15,"인구동향조사, 신고 연도·혼인 당시 연령, 해당 연령 인구 천 명당"
KR,marriage_rate,M,~19,1993,1.5,‰,KOSIS,DT_1B83A15,"인구동향조사, 신고 연도·혼인 당시 연령, 해당 연령 인구 천 명당"
KR,marriage_rate,M,~19,1994,1.5,‰,KOSIS,DT_1B83A15,"인구동향조사, 신고 연도·혼인 당시 연령, 해당 연령 인구 천 명당"
KR,marriage_rate,M,~19,1995,1.4,‰,KOSIS,DT_1B83A15,"인구동향조사, 신고 연도·혼인 당시 연령, 해당 연령 인구 천 명당"
KR,marriage_rate,M,~19,1996,1.6,‰,KOSIS,DT_1B83A15,"인구동향조사, 신고 연도·혼인 당시 연령, 해당 연령 인구 천 명당"
KR,marriage_rate,M,~19,1997,1.3,‰,KOSIS,DT_1B83A15,"인구동향조사, 신고 연도·혼인 당시 연령, 해당 연령 인구 천 명당"
KR,marriage_rate,M,~19,1998,1.2,‰,KOSIS,DT_1B83A15,"인구동향조사, 신고 연도·혼인 당시 연령, 해당 연령 인구 천 명당"
KR,marriage_rate,M,~19,1999,1.2,‰,KOSIS,DT_1B83A15,"인구동향조사, 신고 연도·혼인 당시 연령, 해당 연령 인구 천 명당"
KR,marriage_rate,M,~19,2000,1.0,‰,KOSIS,DT_1B83A15,"인구동향조사, 신고 연도·혼인 당시 연령, 해당 연령 인구 천 명당"
KR,marriage_rate,M,~19,2001,1.0,‰,KOSIS,DT_1B83A15,"인구동향조사, 신고 연도·혼인 당시 연령, 해당 연령 인구 천 명당"
KR,marriage_rate,M,~19,2002,0.9,‰,KOSIS,DT_1B83A15,"인구동향조사, 신고 연도·혼인 당시 연령, 해당 연령 인구 천 명당"
KR,marriage_rate,M,~19,2003,0.8,‰,KOSIS,DT_1B83A15,"인구동향조사, 신고 연도·혼인 당시 연령, 해당 연령 인구 천 명당"
KR,marriage_rate,M,~19,2004,0.7,‰,KOSIS,DT_1B83A15,"인구동향조사, 신고 연도·혼인 당시 연령, 해당 연령 인구 천 명당"
KR,marriage_rate,M,~19,2005,0.6,‰,KOSIS,DT_1B83A15,"인구동향조사, 신고 연도·혼인 당시 연령, 해당 연령 인구 천 명당"
KR,marriage_rate,M,~19,2006,0.6,‰,KOSIS,DT_1B83A15,"인구동향조사, 신고 연도·혼인 당시 연령, 해당 연령 인구 천 명당"
KR,marriage_rate,M,~19,2007,0.5,‰,KOSIS,DT_1B83A15,"인구동향조사, 신고 연도·혼인 당시 연령, 해당 연령 인구 천 명당"
KR,marriage_rate,M,~19,2008,0.5,‰,KOSIS,DT_1B83A15,"인구동향조사, 신고 연도·혼인 당시 연령, 해당 연령 인구 천 명당"
KR,marriage_rate,M,~19,2009,0.3,‰,KOSIS,DT_1B83A15,"인구동향조사, 신고 연도·혼인 당시 연령, 해당 연령 인구 천 명당"
KR,marriage_rate,M,~19,2010,0.4,‰,KOSIS,DT_1B83A15,"인구동향조사, 신고 연도·혼인 당시 연령, 해당 연령 인구 천 명당"
KR,marriage_rate,M,~19,2011,0.4,‰,KOSIS,DT_1B83A15,"인구동향조사, 신고 연도·혼인 당시 연령, 해당 연령 인구 천 명당"
KR,marriage_rate,M,~19,2012,0.4,‰,KOSIS,DT_1B83A15,"인구동향조사, 신고 연도·혼인 당시 연령, 해당 연령 인구 천 명당"
KR,marriage_rate,M,~19,2013,0.5,‰,KOSIS,DT_1B83A15,"인구동향조사, 신고 연도·혼인 당시 연령, 해당 연령 인구 천 명당"
KR,marriage_rate,M,~19,2014,0.6,‰,KOSIS,DT_1B83A15,"인구동향조사, 신고 연도·혼인 당시 연령, 해당 연령 인구 천 명당"
KR,marriage_rate,M,~19,2015,0.5,‰,KOSIS,DT_1B83A15,"인구동향조사, 신고 연도·혼인 당시 연령, 해당 연령 인구 천 명당"
KR,marriage_rate,M,~19,2016,0.5,‰,KOSIS,DT_1B83A15,"인구동향조사, 신고 연도·혼인 당시 연령, 해당 연령 인구 천 명당"
KR,marriage_rate,M,~19,2017,0.4,‰,KOSIS,DT_1B83A15,"인구동향조사, 신고 연도·혼인 당시 연령, 해당 연령 인구 천 명당"
KR,marriage_rate,M,~19,2018,0.3,‰,KOSIS,DT_1B83A15,"인구동향조사, 신고 연도·혼인 당시 연령, 해당 연령 인구 천 명당"
KR,marriage_rate,M,~19,2019,0.3,‰,KOSIS,DT_1B83A15,"인구동향조사, 신고 연도·혼인 당시 연령, 해당 연령 인구 천 명당"
KR,marriage_rate,M,~19,2020,0.2,‰,KOSIS,DT_1B83A15,"인구동향조사, 신고 연도·혼인 당시 연령, 해당 연령 인구 천 명당"
KR,marriage_rate,M,~19,2021,0.2,‰,KOSIS,DT_1B83A15,"인구동향조사, 신고 연도·혼인 당시 연령, 해당 연령 인구 천 명당"
KR,marriage_rate,M,~19,2022,0.2,‰,KOSIS,DT_1B83A15,"인구동향조사, 신고 연도·혼인 당시 연령, 해당 연령 인구 천 명당"
KR,marriage_rate,M,~19,2023,0.2,‰,KOSIS,DT_1B83A15,"인구동향조사, 신고 연도·혼인 당시 연령, 해당 연령 인구 천 명당"
KR,marriage_rate,M,~19,2024,0.2,‰,KOSIS,DT_1B83A15,"인구동향조사, 신고 연도·혼인 당시 연령, 해당 연령 인구 천 명당"
KR,marriage_rate,M,~19,2025,0.1,‰,KOSIS,DT_1B83A15,"인구동향조사, 신고 연도·혼인 당시 연령, 해당 연령 인구 천 명당"
JP,unmarried_pct,F,20-24,1920,31.35,%,e-Stat,0003410382,"국세조사 전수, 일본 거주 전체(외국인 포함), 배우관계 불상 제외"
JP,unmarried_pct,F,20-24,1925,29.56,%,e-Stat,0003410382,"국세조사 전수, 일본 거주 전체(외국인 포함), 배우관계 불상 제외"
JP,unmarried_pct,F,20-24,1930,37.66,%,e-Stat,0003410382,"국세조사 전수, 일본 거주 전체(외국인 포함), 배우관계 불상 제외"
JP,unmarried_pct,F,20-24,1935,44.87,%,e-Stat,0003410382,"국세조사 전수, 일본 거주 전체(외국인 포함), 배우관계 불상 제외"
JP,unmarried_pct,F,20-24,1940,53.47,%,e-Stat,0003410382,"국세조사 전수, 일본 거주 전체(외국인 포함), 배우관계 불상 제외"
JP,unmarried_pct,F,20-24,1950,55.18,%,e-Stat,0003410382,"국세조사 전수, 일본 거주 전체(외국인 포함), 배우관계 불상 제외"
JP,unmarried_pct,F,20-24,1955,66.45,%,e-Stat,0003410382,"국세조사 전수, 일본 거주 전체(외국인 포함), 배우관계 불상 제외"
JP,unmarried_pct,F,20-24,1960,68.28,%,e-Stat,0003410382,"국세조사 전수, 일본 거주 전체(외국인 포함), 배우관계 불상 제외"
JP,unmarried_pct,F,20-24,1965,68.13,%,e-Stat,0003410382,"국세조사 전수, 일본 거주 전체(외국인 포함), 배우관계 불상 제외"
JP,unmarried_pct,F,20-24,1970,71.66,%,e-Stat,0003410382,"국세조사 전수, 일본 거주 전체(외국인 포함), 배우관계 불상 제외"
JP,unmarried_pct,F,20-24,1975,69.27,%,e-Stat,0003410382,"국세조사 전수, 일본 거주 전체(외국인 포함), 배우관계 불상 제외"
JP,unmarried_pct,F,20-24,1980,77.79,%,e-Stat,0003410382,"국세조사 전수, 일본 거주 전체(외국인 포함), 배우관계 불상 제외"
JP,unmarried_pct,F,20-24,1985,81.59,%,e-Stat,0003410382,"국세조사 전수, 일본 거주 전체(외국인 포함), 배우관계 불상 제외"
JP,unmarried_pct,F,20-24,1990,85.95,%,e-Stat,0003410382,"국세조사 전수, 일본 거주 전체(외국인 포함), 배우관계 불상 제외"
JP,unmarried_pct,F,20-24,1995,86.83,%,e-Stat,0003410382,"국세조사 전수, 일본 거주 전체(외국인 포함), 배우관계 불상 제외"
JP,unmarried_pct,F,20-24,2000,87.97,%,e-Stat,0003410382,"국세조사 전수, 일본 거주 전체(외국인 포함), 배우관계 불상 제외"
JP,unmarried_pct,F,20-24,2005,88.74,%,e-Stat,0003410382,"국세조사 전수, 일본 거주 전체(외국인 포함), 배우관계 불상 제외"
JP,unmarried_pct,F,20-24,2010,89.64,%,e-Stat,0003410382,"국세조사 전수, 일본 거주 전체(외국인 포함), 배우관계 불상 제외"
JP,unmarried_pct,F,20-24,2015,91.36,%,e-Stat,0003410382,"국세조사 전수, 일본 거주 전체(외국인 포함), 배우관계 불상 제외"
JP,unmarried_pct,F,20-24,2020,92.34,%,e-Stat,0003410382,"국세조사 전수, 일본 거주 전체(외국인 포함), 배우관계 불상 제외"
JP,unmarried_pct,F,25-29,1920,9.16,%,e-Stat,0003410382,"국세조사 전수, 일본 거주 전체(외국인 포함), 배우관계 불상 제외"
JP,unmarried_pct,F,25-29,1925,7.81,%,e-Stat,0003410382,"국세조사 전수, 일본 거주 전체(외국인 포함), 배우관계 불상 제외"
JP,unmarried_pct,F,25-29,1930,8.45,%,e-Stat,0003410382,"국세조사 전수, 일본 거주 전체(외국인 포함), 배우관계 불상 제외"
JP,unmarried_pct,F,25-29,1935,11.06,%,e-Stat,0003410382,"국세조사 전수, 일본 거주 전체(외국인 포함), 배우관계 불상 제외"
JP,unmarried_pct,F,25-29,1940,13.53,%,e-Stat,0003410382,"국세조사 전수, 일본 거주 전체(외국인 포함), 배우관계 불상 제외"
JP,unmarried_pct,F,25-29,1950,15.19,%,e-Stat,0003410382,"국세조사 전수, 일본 거주 전체(외국인 포함), 배우관계 불상 제외"
JP,unmarried_pct,F,25-29,1955,20.55,%,e-Stat,0003410382,"국세조사 전수, 일본 거주 전체(외국인 포함), 배우관계 불상 제외"
JP,unmarried_pct,F,25-29,1960,21.67,%,e-Stat,0003410382,"국세조사 전수, 일본 거주 전체(외국인 포함), 배우관계 불상 제외"
JP,unmarried_pct,F,25-29,1965,19.01,%,e-Stat,0003410382,"국세조사 전수, 일본 거주 전체(외국인 포함), 배우관계 불상 제외"
JP,unmarried_pct,F,25-29,1970,18.13,%,e-Stat,0003410382,"국세조사 전수, 일본 거주 전체(외국인 포함), 배우관계 불상 제외"
JP,unmarried_pct,F,25-29,1975,20.91,%,e-Stat,0003410382,"국세조사 전수, 일본 거주 전체(외국인 포함), 배우관계 불상 제외"
JP,unmarried_pct,F,25-29,1980,23.97,%,e-Stat,0003410382,"국세조사 전수, 일본 거주 전체(외국인 포함), 배우관계 불상 제외"
JP,unmarried_pct,F,25-29,1985,30.63,%,e-Stat,0003410382,"국세조사 전수, 일본 거주 전체(외국인 포함), 배우관계 불상 제외"
JP,unmarried_pct,F,25-29,1990,40.43,%,e-Stat,0003410382,"국세조사 전수, 일본 거주 전체(외국인 포함), 배우관계 불상 제외"
JP,unmarried_pct,F,25-29,1995,48.23,%,e-Stat,0003410382,"국세조사 전수, 일본 거주 전체(외국인 포함), 배우관계 불상 제외"
JP,unmarried_pct,F,25-29,2000,54.0,%,e-Stat,0003410382,"국세조사 전수, 일본 거주 전체(외국인 포함), 배우관계 불상 제외"
JP,unmarried_pct,F,25-29,2005,59.07,%,e-Stat,0003410382,"국세조사 전수, 일본 거주 전체(외국인 포함), 배우관계 불상 제외"
JP,unmarried_pct,F,25-29,2010,60.33,%,e-Stat,0003410382,"국세조사 전수, 일본 거주 전체(외국인 포함), 배우관계 불상 제외"
JP,unmarried_pct,F,25-29,2015,61.34,%,e-Stat,0003410382,"국세조사 전수, 일본 거주 전체(외국인 포함), 배우관계 불상 제외"
JP,unmarried_pct,F,25-29,2020,62.43,%,e-Stat,0003410382,"국세조사 전수, 일본 거주 전체(외국인 포함), 배우관계 불상 제외"
JP,unmarried_pct,F,30-34,1920,4.09,%,e-Stat,0003410382,"국세조사 전수, 일본 거주 전체(외국인 포함), 배우관계 불상 제외"
JP,unmarried_pct,F,30-34,1925,3.54,%,e-Stat,0003410382,"국세조사 전수, 일본 거주 전체(외국인 포함), 배우관계 불상 제외"
JP,unmarried_pct,F,30-34,1930,3.74,%,e-Stat,0003410382,"국세조사 전수, 일본 거주 전체(외국인 포함), 배우관계 불상 제외"
JP,unmarried_pct,F,30-34,1935,4.0,%,e-Stat,0003410382,"국세조사 전수, 일본 거주 전체(외국인 포함), 배우관계 불상 제외"
JP,unmarried_pct,F,30-34,1940,5.25,%,e-Stat,0003410382,"국세조사 전수, 일본 거주 전체(외국인 포함), 배우관계 불상 제외"
JP,unmarried_pct,F,30-34,1950,5.69,%,e-Stat,0003410382,"국세조사 전수, 일본 거주 전체(외국인 포함), 배우관계 불상 제외"
JP,unmarried_pct,F,30-34,1955,7.9,%,e-Stat,0003410382,"국세조사 전수, 일본 거주 전체(외국인 포함), 배우관계 불상 제외"
JP,unmarried_pct,F,30-34,1960,9.38,%,e-Stat,0003410382,"국세조사 전수, 일본 거주 전체(외국인 포함), 배우관계 불상 제외"
JP,unmarried_pct,F,30-34,1965,9.04,%,e-Stat,0003410382,"국세조사 전수, 일본 거주 전체(외국인 포함), 배우관계 불상 제외"
JP,unmarried_pct,F,30-34,1970,7.22,%,e-Stat,0003410382,"국세조사 전수, 일본 거주 전체(외국인 포함), 배우관계 불상 제외"
JP,unmarried_pct,F,30-34,1975,7.67,%,e-Stat,0003410382,"국세조사 전수, 일본 거주 전체(외국인 포함), 배우관계 불상 제외"
JP,unmarried_pct,F,30-34,1980,9.09,%,e-Stat,0003410382,"국세조사 전수, 일본 거주 전체(외국인 포함), 배우관계 불상 제외"
JP,unmarried_pct,F,30-34,1985,10.43,%,e-Stat,0003410382,"국세조사 전수, 일본 거주 전체(외국인 포함), 배우관계 불상 제외"
JP,unmarried_pct,F,30-34,1990,13.89,%,e-Stat,0003410382,"국세조사 전수, 일본 거주 전체(외국인 포함), 배우관계 불상 제외"
JP,unmarried_pct,F,30-34,1995,19.74,%,e-Stat,0003410382,"국세조사 전수, 일본 거주 전체(외국인 포함), 배우관계 불상 제외"
JP,unmarried_pct,F,30-34,2000,26.58,%,e-Stat,0003410382,"국세조사 전수, 일본 거주 전체(외국인 포함), 배우관계 불상 제외"
JP,unmarried_pct,F,30-34,2005,32.02,%,e-Stat,0003410382,"국세조사 전수, 일본 거주 전체(외국인 포함), 배우관계 불상 제외"
JP,unmarried_pct,F,30-34,2010,34.52,%,e-Stat,0003410382,"국세조사 전수, 일본 거주 전체(외국인 포함), 배우관계 불상 제외"
JP,unmarried_pct,F,30-34,2015,34.62,%,e-Stat,0003410382,"국세조사 전수, 일본 거주 전체(외국인 포함), 배우관계 불상 제외"
JP,unmarried_pct,F,30-34,2020,35.25,%,e-Stat,0003410382,"국세조사 전수, 일본 거주 전체(외국인 포함), 배우관계 불상 제외"
JP,unmarried_pct,F,35-39,1920,2.69,%,e-Stat,0003410382,"국세조사 전수, 일본 거주 전체(외국인 포함), 배우관계 불상 제외"
JP,unmarried_pct,F,35-39,1925,2.29,%,e-Stat,0003410382,"국세조사 전수, 일본 거주 전체(외국인 포함), 배우관계 불상 제외"
JP,unmarried_pct,F,35-39,1930,2.41,%,e-Stat,0003410382,"국세조사 전수, 일본 거주 전체(외국인 포함), 배우관계 불상 제외"
JP,unmarried_pct,F,35-39,1935,2.43,%,e-Stat,0003410382,"국세조사 전수, 일본 거주 전체(외국인 포함), 배우관계 불상 제외"
JP,unmarried_pct,F,35-39,1940,2.86,%,e-Stat,0003410382,"국세조사 전수, 일본 거주 전체(외국인 포함), 배우관계 불상 제외"
JP,unmarried_pct,F,35-39,1950,3.01,%,e-Stat,0003410382,"국세조사 전수, 일본 거주 전체(외국인 포함), 배우관계 불상 제외"
JP,unmarried_pct,F,35-39,1955,3.92,%,e-Stat,0003410382,"국세조사 전수, 일본 거주 전체(외국인 포함), 배우관계 불상 제외"
JP,unmarried_pct,F,35-39,1960,5.45,%,e-Stat,0003410382,"국세조사 전수, 일본 거주 전체(외국인 포함), 배우관계 불상 제외"
JP,unmarried_pct,F,35-39,1965,6.75,%,e-Stat,0003410382,"국세조사 전수, 일본 거주 전체(외국인 포함), 배우관계 불상 제외"
JP,unmarried_pct,F,35-39,1970,5.81,%,e-Stat,0003410382,"국세조사 전수, 일본 거주 전체(외국인 포함), 배우관계 불상 제외"
JP,unmarried_pct,F,35-39,1975,5.29,%,e-Stat,0003410382,"국세조사 전수, 일본 거주 전체(외국인 포함), 배우관계 불상 제외"
JP,unmarried_pct,F,35-39,1980,5.51,%,e-Stat,0003410382,"국세조사 전수, 일본 거주 전체(외국인 포함), 배우관계 불상 제외"
JP,unmarried_pct,F,35-39,1985,6.64,%,e-Stat,0003410382,"국세조사 전수, 일본 거주 전체(외국인 포함), 배우관계 불상 제외"
JP,unmarried_pct,F,35-39,1990,7.52,%,e-Stat,0003410382,"국세조사 전수, 일본 거주 전체(외국인 포함), 배우관계 불상 제외"
JP,unmarried_pct,F,35-39,1995,10.06,%,e-Stat,0003410382,"국세조사 전수, 일본 거주 전체(외국인 포함), 배우관계 불상 제외"
JP,unmarried_pct,F,35-39,2000,13.94,%,e-Stat,0003410382,"국세조사 전수, 일본 거주 전체(외국인 포함), 배우관계 불상 제외"
JP,unmarried_pct,F,35-39,2005,18.75,%,e-Stat,0003410382,"국세조사 전수, 일본 거주 전체(외국인 포함), 배우관계 불상 제외"
JP,unmarried_pct,F,35-39,2010,23.08,%,e-Stat,0003410382,"국세조사 전수, 일본 거주 전체(외국인 포함), 배우관계 불상 제외"
JP,unmarried_pct,F,35-39,2015,23.86,%,e-Stat,0003410382,"국세조사 전수, 일본 거주 전체(외국인 포함), 배우관계 불상 제외"
JP,unmarried_pct,F,35-39,2020,23.64,%,e-Stat,0003410382,"국세조사 전수, 일본 거주 전체(외국인 포함), 배우관계 불상 제외"
JP,unmarried_pct,F,40-44,1920,2.15,%,e-Stat,0003410382,"국세조사 전수, 일본 거주 전체(외국인 포함), 배우관계 불상 제외"
JP,unmarried_pct,F,40-44,1925,1.89,%,e-Stat,0003410382,"국세조사 전수, 일본 거주 전체(외국인 포함), 배우관계 불상 제외"
JP,unmarried_pct,F,40-44,1930,1.8,%,e-Stat,0003410382,"국세조사 전수, 일본 거주 전체(외국인 포함), 배우관계 불상 제외"
JP,unmarried_pct,F,40-44,1935,1.79,%,e-Stat,0003410382,"국세조사 전수, 일본 거주 전체(외국인 포함), 배우관계 불상 제외"
JP,unmarried_pct,F,40-44,1940,2.0,%,e-Stat,0003410382,"국세조사 전수, 일본 거주 전체(외국인 포함), 배우관계 불상 제외"
JP,unmarried_pct,F,40-44,1950,2.0,%,e-Stat,0003410382,"국세조사 전수, 일본 거주 전체(외국인 포함), 배우관계 불상 제외"
JP,unmarried_pct,F,40-44,1955,2.34,%,e-Stat,0003410382,"국세조사 전수, 일본 거주 전체(외국인 포함), 배우관계 불상 제외"
JP,unmarried_pct,F,40-44,1960,3.14,%,e-Stat,0003410382,"국세조사 전수, 일본 거주 전체(외국인 포함), 배우관계 불상 제외"
JP,unmarried_pct,F,40-44,1965,4.67,%,e-Stat,0003410382,"국세조사 전수, 일본 거주 전체(외국인 포함), 배우관계 불상 제외"
JP,unmarried_pct,F,40-44,1970,5.3,%,e-Stat,0003410382,"국세조사 전수, 일본 거주 전체(외국인 포함), 배우관계 불상 제외"
JP,unmarried_pct,F,40-44,1975,4.99,%,e-Stat,0003410382,"국세조사 전수, 일본 거주 전체(외국인 포함), 배우관계 불상 제외"
JP,unmarried_pct,F,40-44,1980,4.45,%,e-Stat,0003410382,"국세조사 전수, 일본 거주 전체(외국인 포함), 배우관계 불상 제외"
JP,unmarried_pct,F,40-44,1985,4.9,%,e-Stat,0003410382,"국세조사 전수, 일본 거주 전체(외국인 포함), 배우관계 불상 제외"
JP,unmarried_pct,F,40-44,1990,5.78,%,e-Stat,0003410382,"국세조사 전수, 일본 거주 전체(외국인 포함), 배우관계 불상 제외"
JP,unmarried_pct,F,40-44,1995,6.76,%,e-Stat,0003410382,"국세조사 전수, 일본 거주 전체(외국인 포함), 배우관계 불상 제외"
JP,unmarried_pct,F,40-44,2000,8.64,%,e-Stat,0003410382,"국세조사 전수, 일본 거주 전체(외국인 포함), 배우관계 불상 제외"
JP,unmarried_pct,F,40-44,2005,12.24,%,e-Stat,0003410382,"국세조사 전수, 일본 거주 전체(외국인 포함), 배우관계 불상 제외"
JP,unmarried_pct,F,40-44,2010,17.37,%,e-Stat,0003410382,"국세조사 전수, 일본 거주 전체(외국인 포함), 배우관계 불상 제외"
JP,unmarried_pct,F,40-44,2015,19.3,%,e-Stat,0003410382,"국세조사 전수, 일본 거주 전체(외국인 포함), 배우관계 불상 제외"
JP,unmarried_pct,F,40-44,2020,19.39,%,e-Stat,0003410382,"국세조사 전수, 일본 거주 전체(외국인 포함), 배우관계 불상 제외"
JP,unmarried_pct,F,45-49,1920,1.95,%,e-Stat,0003410382,"국세조사 전수, 일본 거주 전체(외국인 포함), 배우관계 불상 제외"
JP,unmarried_pct,F,45-49,1925,1.79,%,e-Stat,0003410382,"국세조사 전수, 일본 거주 전체(외국인 포함), 배우관계 불상 제외"
JP,unmarried_pct,F,45-49,1930,1.56,%,e-Stat,0003410382,"국세조사 전수, 일본 거주 전체(외국인 포함), 배우관계 불상 제외"
JP,unmarried_pct,F,45-49,1935,1.5,%,e-Stat,0003410382,"국세조사 전수, 일본 거주 전체(외국인 포함), 배우관계 불상 제외"
JP,unmarried_pct,F,45-49,1940,1.59,%,e-Stat,0003410382,"국세조사 전수, 일본 거주 전체(외국인 포함), 배우관계 불상 제외"
JP,unmarried_pct,F,45-49,1950,1.47,%,e-Stat,0003410382,"국세조사 전수, 일본 거주 전체(외국인 포함), 배우관계 불상 제외"
JP,unmarried_pct,F,45-49,1955,1.7,%,e-Stat,0003410382,"국세조사 전수, 일본 거주 전체(외국인 포함), 배우관계 불상 제외"
JP,unmarried_pct,F,45-49,1960,2.1,%,e-Stat,0003410382,"국세조사 전수, 일본 거주 전체(외국인 포함), 배우관계 불상 제외"
JP,unmarried_pct,F,45-49,1965,2.96,%,e-Stat,0003410382,"국세조사 전수, 일본 거주 전체(외국인 포함), 배우관계 불상 제외"
JP,unmarried_pct,F,45-49,1970,3.97,%,e-Stat,0003410382,"국세조사 전수, 일본 거주 전체(외국인 포함), 배우관계 불상 제외"
JP,unmarried_pct,F,45-49,1975,4.87,%,e-Stat,0003410382,"국세조사 전수, 일본 거주 전체(외국인 포함), 배우관계 불상 제외"
JP,unmarried_pct,F,45-49,1980,4.45,%,e-Stat,0003410382,"국세조사 전수, 일본 거주 전체(외국인 포함), 배우관계 불상 제외"
JP,unmarried_pct,F,45-49,1985,4.28,%,e-Stat,0003410382,"국세조사 전수, 일본 거주 전체(외국인 포함), 배우관계 불상 제외"
JP,unmarried_pct,F,45-49,1990,4.58,%,e-Stat,0003410382,"국세조사 전수, 일본 거주 전체(외국인 포함), 배우관계 불상 제외"
JP,unmarried_pct,F,45-49,1995,5.64,%,e-Stat,0003410382,"국세조사 전수, 일본 거주 전체(외국인 포함), 배우관계 불상 제외"
JP,unmarried_pct,F,45-49,2000,6.31,%,e-Stat,0003410382,"국세조사 전수, 일본 거주 전체(외국인 포함), 배우관계 불상 제외"
JP,unmarried_pct,F,45-49,2005,8.3,%,e-Stat,0003410382,"국세조사 전수, 일본 거주 전체(외국인 포함), 배우관계 불상 제외"
JP,unmarried_pct,F,45-49,2010,12.55,%,e-Stat,0003410382,"국세조사 전수, 일본 거주 전체(외국인 포함), 배우관계 불상 제외"
JP,unmarried_pct,F,45-49,2015,16.14,%,e-Stat,0003410382,"국세조사 전수, 일본 거주 전체(외국인 포함), 배우관계 불상 제외"
JP,unmarried_pct,F,45-49,2020,17.57,%,e-Stat,0003410382,"국세조사 전수, 일본 거주 전체(외국인 포함), 배우관계 불상 제외"
JP,unmarried_pct,F,50-54,1920,1.66,%,e-Stat,0003410382,"국세조사 전수, 일본 거주 전체(외국인 포함), 배우관계 불상 제외"
JP,unmarried_pct,F,50-54,1925,1.43,%,e-Stat,0003410382,"국세조사 전수, 일본 거주 전체(외국인 포함), 배우관계 불상 제외"
JP,unmarried_pct,F,50-54,1930,1.4,%,e-Stat,0003410382,"국세조사 전수, 일본 거주 전체(외국인 포함), 배우관계 불상 제외"
JP,unmarried_pct,F,50-54,1935,1.37,%,e-Stat,0003410382,"국세조사 전수, 일본 거주 전체(외국인 포함), 배우관계 불상 제외"
JP,unmarried_pct,F,50-54,1940,1.35,%,e-Stat,0003410382,"국세조사 전수, 일본 거주 전체(외국인 포함), 배우관계 불상 제외"
JP,unmarried_pct,F,50-54,1950,1.24,%,e-Stat,0003410382,"국세조사 전수, 일본 거주 전체(외국인 포함), 배우관계 불상 제외"
JP,unmarried_pct,F,50-54,1955,1.23,%,e-Stat,0003410382,"국세조사 전수, 일본 거주 전체(외국인 포함), 배우관계 불상 제외"
JP,unmarried_pct,F,50-54,1960,1.65,%,e-Stat,0003410382,"국세조사 전수, 일본 거주 전체(외국인 포함), 배우관계 불상 제외"
JP,unmarried_pct,F,50-54,1965,2.09,%,e-Stat,0003410382,"국세조사 전수, 일본 거주 전체(외국인 포함), 배우관계 불상 제외"
JP,unmarried_pct,F,50-54,1970,2.69,%,e-Stat,0003410382,"국세조사 전수, 일본 거주 전체(외국인 포함), 배우관계 불상 제외"
JP,unmarried_pct,F,50-54,1975,3.77,%,e-Stat,0003410382,"국세조사 전수, 일본 거주 전체(외국인 포함), 배우관계 불상 제외"
JP,unmarried_pct,F,50-54,1980,4.44,%,e-Stat,0003410382,"국세조사 전수, 일본 거주 전체(외국인 포함), 배우관계 불상 제외"
JP,unmarried_pct,F,50-54,1985,4.35,%,e-Stat,0003410382,"국세조사 전수, 일본 거주 전체(외국인 포함), 배우관계 불상 제외"
JP,unmarried_pct,F,50-54,1990,4.08,%,e-Stat,0003410382,"국세조사 전수, 일본 거주 전체(외국인 포함), 배우관계 불상 제외"
JP,unmarried_pct,F,50-54,1995,4.56,%,e-Stat,0003410382,"국세조사 전수, 일본 거주 전체(외국인 포함), 배우관계 불상 제외"
JP,unmarried_pct,F,50-54,2000,5.33,%,e-Stat,0003410382,"국세조사 전수, 일본 거주 전체(외국인 포함), 배우관계 불상 제외"
JP,unmarried_pct,F,50-54,2005,6.2,%,e-Stat,0003410382,"국세조사 전수, 일본 거주 전체(외국인 포함), 배우관계 불상 제외"
JP,unmarried_pct,F,50-54,2010,8.68,%,e-Stat,0003410382,"국세조사 전수, 일본 거주 전체(외국인 포함), 배우관계 불상 제외"
JP,unmarried_pct,F,50-54,2015,11.98,%,e-Stat,0003410382,"국세조사 전수, 일본 거주 전체(외국인 포함), 배우관계 불상 제외"
JP,unmarried_pct,F,50-54,2020,15.17,%,e-Stat,0003410382,"국세조사 전수, 일본 거주 전체(외국인 포함), 배우관계 불상 제외"
JP,unmarried_pct,F,~19,1920,82.27,%,e-Stat,0003410382,"국세조사 전수, 일본 거주 전체(외국인 포함), 배우관계 불상 제외"
JP,unmarried_pct,F,~19,1925,85.92,%,e-Stat,0003410382,"국세조사 전수, 일본 거주 전체(외국인 포함), 배우관계 불상 제외"
JP,unmarried_pct,F,~19,1930,89.26,%,e-Stat,0003410382,"국세조사 전수, 일본 거주 전체(외국인 포함), 배우관계 불상 제외"
JP,unmarried_pct,F,~19,1935,92.48,%,e-Stat,0003410382,"국세조사 전수, 일본 거주 전체(외국인 포함), 배우관계 불상 제외"
JP,unmarried_pct,F,~19,1940,95.64,%,e-Stat,0003410382,"국세조사 전수, 일본 거주 전체(외국인 포함), 배우관계 불상 제외"
JP,unmarried_pct,F,~19,1950,96.53,%,e-Stat,0003410382,"국세조사 전수, 일본 거주 전체(외국인 포함), 배우관계 불상 제외"
JP,unmarried_pct,F,~19,1955,98.24,%,e-Stat,0003410382,"국세조사 전수, 일본 거주 전체(외국인 포함), 배우관계 불상 제외"
JP,unmarried_pct,F,~19,1960,98.62,%,e-Stat,0003410382,"국세조사 전수, 일본 거주 전체(외국인 포함), 배우관계 불상 제외"
JP,unmarried_pct,F,~19,1965,98.56,%,e-Stat,0003410382,"국세조사 전수, 일본 거주 전체(외국인 포함), 배우관계 불상 제외"
JP,unmarried_pct,F,~19,1970,97.88,%,e-Stat,0003410382,"국세조사 전수, 일본 거주 전체(외국인 포함), 배우관계 불상 제외"
JP,unmarried_pct,F,~19,1975,98.61,%,e-Stat,0003410382,"국세조사 전수, 일본 거주 전체(외국인 포함), 배우관계 불상 제외"
JP,unmarried_pct,F,~19,1980,99.04,%,e-Stat,0003410382,"국세조사 전수, 일본 거주 전체(외국인 포함), 배우관계 불상 제외"
JP,unmarried_pct,F,~19,1985,99.12,%,e-Stat,0003410382,"국세조사 전수, 일본 거주 전체(외국인 포함), 배우관계 불상 제외"
JP,unmarried_pct,F,~19,1990,99.25,%,e-Stat,0003410382,"국세조사 전수, 일본 거주 전체(외국인 포함), 배우관계 불상 제외"
JP,unmarried_pct,F,~19,1995,99.32,%,e-Stat,0003410382,"국세조사 전수, 일본 거주 전체(외국인 포함), 배우관계 불상 제외"
JP,unmarried_pct,F,~19,2000,99.1,%,e-Stat,0003410382,"국세조사 전수, 일본 거주 전체(외국인 포함), 배우관계 불상 제외"
JP,unmarried_pct,F,~19,2005,99.15,%,e-Stat,0003410382,"국세조사 전수, 일본 거주 전체(외국인 포함), 배우관계 불상 제외"
JP,unmarried_pct,F,~19,2010,99.36,%,e-Stat,0003410382,"국세조사 전수, 일본 거주 전체(외국인 포함), 배우관계 불상 제외"
JP,unmarried_pct,F,~19,2015,99.44,%,e-Stat,0003410382,"국세조사 전수, 일본 거주 전체(외국인 포함), 배우관계 불상 제외"
JP,unmarried_pct,F,~19,2020,99.63,%,e-Stat,0003410382,"국세조사 전수, 일본 거주 전체(외국인 포함), 배우관계 불상 제외"
JP,unmarried_pct,M,20-24,1920,70.89,%,e-Stat,0003410382,"국세조사 전수, 일본 거주 전체(외국인 포함), 배우관계 불상 제외"
JP,unmarried_pct,M,20-24,1925,72.45,%,e-Stat,0003410382,"국세조사 전수, 일본 거주 전체(외국인 포함), 배우관계 불상 제외"
JP,unmarried_pct,M,20-24,1930,79.61,%,e-Stat,0003410382,"국세조사 전수, 일본 거주 전체(외국인 포함), 배우관계 불상 제외"
JP,unmarried_pct,M,20-24,1935,84.02,%,e-Stat,0003410382,"국세조사 전수, 일본 거주 전체(외국인 포함), 배우관계 불상 제외"
JP,unmarried_pct,M,20-24,1940,90.8,%,e-Stat,0003410382,"국세조사 전수, 일본 거주 전체(외국인 포함), 배우관계 불상 제외"
JP,unmarried_pct,M,20-24,1950,82.71,%,e-Stat,0003410382,"국세조사 전수, 일본 거주 전체(외국인 포함), 배우관계 불상 제외"
JP,unmarried_pct,M,20-24,1955,90.08,%,e-Stat,0003410382,"국세조사 전수, 일본 거주 전체(외국인 포함), 배우관계 불상 제외"
JP,unmarried_pct,M,20-24,1960,91.61,%,e-Stat,0003410382,"국세조사 전수, 일본 거주 전체(외국인 포함), 배우관계 불상 제외"
JP,unmarried_pct,M,20-24,1965,90.36,%,e-Stat,0003410382,"국세조사 전수, 일본 거주 전체(외국인 포함), 배우관계 불상 제외"
JP,unmarried_pct,M,20-24,1970,90.07,%,e-Stat,0003410382,"국세조사 전수, 일본 거주 전체(외국인 포함), 배우관계 불상 제외"
JP,unmarried_pct,M,20-24,1975,88.07,%,e-Stat,0003410382,"국세조사 전수, 일본 거주 전체(외국인 포함), 배우관계 불상 제외"
JP,unmarried_pct,M,20-24,1980,91.76,%,e-Stat,0003410382,"국세조사 전수, 일본 거주 전체(외국인 포함), 배우관계 불상 제외"
JP,unmarried_pct,M,20-24,1985,92.45,%,e-Stat,0003410382,"국세조사 전수, 일본 거주 전체(외국인 포함), 배우관계 불상 제외"
JP,unmarried_pct,M,20-24,1990,93.57,%,e-Stat,0003410382,"국세조사 전수, 일본 거주 전체(외국인 포함), 배우관계 불상 제외"
JP,unmarried_pct,M,20-24,1995,93.29,%,e-Stat,0003410382,"국세조사 전수, 일본 거주 전체(외국인 포함), 배우관계 불상 제외"
JP,unmarried_pct,M,20-24,2000,92.9,%,e-Stat,0003410382,"국세조사 전수, 일본 거주 전체(외국인 포함), 배우관계 불상 제외"
JP,unmarried_pct,M,20-24,2005,93.46,%,e-Stat,0003410382,"국세조사 전수, 일본 거주 전체(외국인 포함), 배우관계 불상 제외"
JP,unmarried_pct,M,20-24,2010,94.02,%,e-Stat,0003410382,"국세조사 전수, 일본 거주 전체(외국인 포함), 배우관계 불상 제외"
JP,unmarried_pct,M,20-24,2015,95.0,%,e-Stat,0003410382,"국세조사 전수, 일본 거주 전체(외국인 포함), 배우관계 불상 제외"
JP,unmarried_pct,M,20-24,2020,95.24,%,e-Stat,0003410382,"국세조사 전수, 일본 거주 전체(외국인 포함), 배우관계 불상 제외"
JP,unmarried_pct,M,25-29,1920,25.74,%,e-Stat,0003410382,"국세조사 전수, 일본 거주 전체(외국인 포함), 배우관계 불상 제외"
JP,unmarried_pct,M,25-29,1925,24.95,%,e-Stat,0003410382,"국세조사 전수, 일본 거주 전체(외국인 포함), 배우관계 불상 제외"
JP,unmarried_pct,M,25-29,1930,28.71,%,e-Stat,0003410382,"국세조사 전수, 일본 거주 전체(외국인 포함), 배우관계 불상 제외"
JP,unmarried_pct,M,25-29,1935,34.83,%,e-Stat,0003410382,"국세조사 전수, 일본 거주 전체(외국인 포함), 배우관계 불상 제외"
JP,unmarried_pct,M,25-29,1940,41.92,%,e-Stat,0003410382,"국세조사 전수, 일본 거주 전체(외국인 포함), 배우관계 불상 제외"
JP,unmarried_pct,M,25-29,1950,34.34,%,e-Stat,0003410382,"국세조사 전수, 일본 거주 전체(외국인 포함), 배우관계 불상 제외"
JP,unmarried_pct,M,25-29,1955,40.99,%,e-Stat,0003410382,"국세조사 전수, 일본 거주 전체(외국인 포함), 배우관계 불상 제외"
JP,unmarried_pct,M,25-29,1960,46.11,%,e-Stat,0003410382,"국세조사 전수, 일본 거주 전체(외국인 포함), 배우관계 불상 제외"
JP,unmarried_pct,M,25-29,1965,45.72,%,e-Stat,0003410382,"국세조사 전수, 일본 거주 전체(외국인 포함), 배우관계 불상 제외"
JP,unmarried_pct,M,25-29,1970,46.51,%,e-Stat,0003410382,"국세조사 전수, 일본 거주 전체(외국인 포함), 배우관계 불상 제외"
JP,unmarried_pct,M,25-29,1975,48.3,%,e-Stat,0003410382,"국세조사 전수, 일본 거주 전체(외국인 포함), 배우관계 불상 제외"
JP,unmarried_pct,M,25-29,1980,55.23,%,e-Stat,0003410382,"국세조사 전수, 일본 거주 전체(외국인 포함), 배우관계 불상 제외"
JP,unmarried_pct,M,25-29,1985,60.57,%,e-Stat,0003410382,"국세조사 전수, 일본 거주 전체(외국인 포함), 배우관계 불상 제외"
JP,unmarried_pct,M,25-29,1990,65.07,%,e-Stat,0003410382,"국세조사 전수, 일본 거주 전체(외국인 포함), 배우관계 불상 제외"
JP,unmarried_pct,M,25-29,1995,67.36,%,e-Stat,0003410382,"국세조사 전수, 일본 거주 전체(외국인 포함), 배우관계 불상 제외"
JP,unmarried_pct,M,25-29,2000,69.36,%,e-Stat,0003410382,"국세조사 전수, 일본 거주 전체(외국인 포함), 배우관계 불상 제외"
JP,unmarried_pct,M,25-29,2005,71.44,%,e-Stat,0003410382,"국세조사 전수, 일본 거주 전체(외국인 포함), 배우관계 불상 제외"
JP,unmarried_pct,M,25-29,2010,71.76,%,e-Stat,0003410382,"국세조사 전수, 일본 거주 전체(외국인 포함), 배우관계 불상 제외"
JP,unmarried_pct,M,25-29,2015,72.73,%,e-Stat,0003410382,"국세조사 전수, 일본 거주 전체(외국인 포함), 배우관계 불상 제외"
JP,unmarried_pct,M,25-29,2020,72.88,%,e-Stat,0003410382,"국세조사 전수, 일본 거주 전체(외국인 포함), 배우관계 불상 제외"
JP,unmarried_pct,M,30-34,1920,8.15,%,e-Stat,0003410382,"국세조사 전수, 일본 거주 전체(외국인 포함), 배우관계 불상 제외"
JP,unmarried_pct,M,30-34,1925,7.14,%,e-Stat,0003410382,"국세조사 전수, 일본 거주 전체(외국인 포함), 배우관계 불상 제외"
JP,unmarried_pct,M,30-34,1930,8.05,%,e-Stat,0003410382,"국세조사 전수, 일본 거주 전체(외국인 포함), 배우관계 불상 제외"
JP,unmarried_pct,M,30-34,1935,8.89,%,e-Stat,0003410382,"국세조사 전수, 일본 거주 전체(외국인 포함), 배우관계 불상 제외"
JP,unmarried_pct,M,30-34,1940,10.31,%,e-Stat,0003410382,"국세조사 전수, 일본 거주 전체(외국인 포함), 배우관계 불상 제외"
JP,unmarried_pct,M,30-34,1950,7.95,%,e-Stat,0003410382,"국세조사 전수, 일본 거주 전체(외국인 포함), 배우관계 불상 제외"
JP,unmarried_pct,M,30-34,1955,9.09,%,e-Stat,0003410382,"국세조사 전수, 일본 거주 전체(외국인 포함), 배우관계 불상 제외"
JP,unmarried_pct,M,30-34,1960,9.93,%,e-Stat,0003410382,"국세조사 전수, 일본 거주 전체(외국인 포함), 배우관계 불상 제외"
JP,unmarried_pct,M,30-34,1965,11.06,%,e-Stat,0003410382,"국세조사 전수, 일본 거주 전체(외국인 포함), 배우관계 불상 제외"
JP,unmarried_pct,M,30-34,1970,11.73,%,e-Stat,0003410382,"국세조사 전수, 일본 거주 전체(외국인 포함), 배우관계 불상 제외"
JP,unmarried_pct,M,30-34,1975,14.32,%,e-Stat,0003410382,"국세조사 전수, 일본 거주 전체(외국인 포함), 배우관계 불상 제외"
JP,unmarried_pct,M,30-34,1980,21.54,%,e-Stat,0003410382,"국세조사 전수, 일본 거주 전체(외국인 포함), 배우관계 불상 제외"
JP,unmarried_pct,M,30-34,1985,28.19,%,e-Stat,0003410382,"국세조사 전수, 일본 거주 전체(외국인 포함), 배우관계 불상 제외"
JP,unmarried_pct,M,30-34,1990,32.83,%,e-Stat,0003410382,"국세조사 전수, 일본 거주 전체(외국인 포함), 배우관계 불상 제외"
JP,unmarried_pct,M,30-34,1995,37.51,%,e-Stat,0003410382,"국세조사 전수, 일본 거주 전체(외국인 포함), 배우관계 불상 제외"
JP,unmarried_pct,M,30-34,2000,42.91,%,e-Stat,0003410382,"국세조사 전수, 일본 거주 전체(외국인 포함), 배우관계 불상 제외"
JP,unmarried_pct,M,30-34,2005,47.1,%,e-Stat,0003410382,"국세조사 전수, 일본 거주 전체(외국인 포함), 배우관계 불상 제외"
JP,unmarried_pct,M,30-34,2010,47.32,%,e-Stat,0003410382,"국세조사 전수, 일본 거주 전체(외국인 포함), 배우관계 불상 제외"
JP,unmarried_pct,M,30-34,2015,47.09,%,e-Stat,0003410382,"국세조사 전수, 일본 거주 전체(외국인 포함), 배우관계 불상 제외"
JP,unmarried_pct,M,30-34,2020,47.35,%,e-Stat,0003410382,"국세조사 전수, 일본 거주 전체(외국인 포함), 배우관계 불상 제외"
JP,unmarried_pct,M,35-39,1920,4.11,%,e-Stat,0003410382,"국세조사 전수, 일본 거주 전체(외국인 포함), 배우관계 불상 제외"
JP,unmarried_pct,M,35-39,1925,3.43,%,e-Stat,0003410382,"국세조사 전수, 일본 거주 전체(외국인 포함), 배우관계 불상 제외"
JP,unmarried_pct,M,35-39,1930,3.92,%,e-Stat,0003410382,"국세조사 전수, 일본 거주 전체(외국인 포함), 배우관계 불상 제외"
JP,unmarried_pct,M,35-39,1935,4.01,%,e-Stat,0003410382,"국세조사 전수, 일본 거주 전체(외국인 포함), 배우관계 불상 제외"
JP,unmarried_pct,M,35-39,1940,4.43,%,e-Stat,0003410382,"국세조사 전수, 일본 거주 전체(외국인 포함), 배우관계 불상 제외"
JP,unmarried_pct,M,35-39,1950,3.17,%,e-Stat,0003410382,"국세조사 전수, 일본 거주 전체(외국인 포함), 배우관계 불상 제외"
JP,unmarried_pct,M,35-39,1955,3.11,%,e-Stat,0003410382,"국세조사 전수, 일본 거주 전체(외국인 포함), 배우관계 불상 제외"
JP,unmarried_pct,M,35-39,1960,3.65,%,e-Stat,0003410382,"국세조사 전수, 일본 거주 전체(외국인 포함), 배우관계 불상 제외"
JP,unmarried_pct,M,35-39,1965,4.17,%,e-Stat,0003410382,"국세조사 전수, 일본 거주 전체(외국인 포함), 배우관계 불상 제외"
JP,unmarried_pct,M,35-39,1970,4.7,%,e-Stat,0003410382,"국세조사 전수, 일본 거주 전체(외국인 포함), 배우관계 불상 제외"
JP,unmarried_pct,M,35-39,1975,6.07,%,e-Stat,0003410382,"국세조사 전수, 일본 거주 전체(외국인 포함), 배우관계 불상 제외"
JP,unmarried_pct,M,35-39,1980,8.54,%,e-Stat,0003410382,"국세조사 전수, 일본 거주 전체(외국인 포함), 배우관계 불상 제외"
JP,unmarried_pct,M,35-39,1985,14.2,%,e-Stat,0003410382,"국세조사 전수, 일본 거주 전체(외국인 포함), 배우관계 불상 제외"
JP,unmarried_pct,M,35-39,1990,19.09,%,e-Stat,0003410382,"국세조사 전수, 일본 거주 전체(외국인 포함), 배우관계 불상 제외"
JP,unmarried_pct,M,35-39,1995,22.74,%,e-Stat,0003410382,"국세조사 전수, 일본 거주 전체(외국인 포함), 배우관계 불상 제외"
JP,unmarried_pct,M,35-39,2000,26.22,%,e-Stat,0003410382,"국세조사 전수, 일본 거주 전체(외국인 포함), 배우관계 불상 제외"
JP,unmarried_pct,M,35-39,2005,31.15,%,e-Stat,0003410382,"국세조사 전수, 일본 거주 전체(외국인 포함), 배우관계 불상 제외"
JP,unmarried_pct,M,35-39,2010,35.62,%,e-Stat,0003410382,"국세조사 전수, 일본 거주 전체(외국인 포함), 배우관계 불상 제외"
JP,unmarried_pct,M,35-39,2015,35.03,%,e-Stat,0003410382,"국세조사 전수, 일본 거주 전체(외국인 포함), 배우관계 불상 제외"
JP,unmarried_pct,M,35-39,2020,34.54,%,e-Stat,0003410382,"국세조사 전수, 일본 거주 전체(외국인 포함), 배우관계 불상 제외"
JP,unmarried_pct,M,40-44,1920,2.82,%,e-Stat,0003410382,"국세조사 전수, 일본 거주 전체(외국인 포함), 배우관계 불상 제외"
JP,unmarried_pct,M,40-44,1925,2.26,%,e-Stat,0003410382,"국세조사 전수, 일본 거주 전체(외국인 포함), 배우관계 불상 제외"
JP,unmarried_pct,M,40-44,1930,2.43,%,e-Stat,0003410382,"국세조사 전수, 일본 거주 전체(외국인 포함), 배우관계 불상 제외"
JP,unmarried_pct,M,40-44,1935,2.43,%,e-Stat,0003410382,"국세조사 전수, 일본 거주 전체(외국인 포함), 배우관계 불상 제외"
JP,unmarried_pct,M,40-44,1940,2.73,%,e-Stat,0003410382,"국세조사 전수, 일본 거주 전체(외국인 포함), 배우관계 불상 제외"
JP,unmarried_pct,M,40-44,1950,1.88,%,e-Stat,0003410382,"국세조사 전수, 일본 거주 전체(외국인 포함), 배우관계 불상 제외"
JP,unmarried_pct,M,40-44,1955,1.73,%,e-Stat,0003410382,"국세조사 전수, 일본 거주 전체(외국인 포함), 배우관계 불상 제외"
JP,unmarried_pct,M,40-44,1960,2.03,%,e-Stat,0003410382,"국세조사 전수, 일본 거주 전체(외국인 포함), 배우관계 불상 제외"
JP,unmarried_pct,M,40-44,1965,2.44,%,e-Stat,0003410382,"국세조사 전수, 일본 거주 전체(외국인 포함), 배우관계 불상 제외"
JP,unmarried_pct,M,40-44,1970,2.82,%,e-Stat,0003410382,"국세조사 전수, 일본 거주 전체(외국인 포함), 배우관계 불상 제외"
JP,unmarried_pct,M,40-44,1975,3.66,%,e-Stat,0003410382,"국세조사 전수, 일본 거주 전체(외국인 포함), 배우관계 불상 제외"
JP,unmarried_pct,M,40-44,1980,4.75,%,e-Stat,0003410382,"국세조사 전수, 일본 거주 전체(외국인 포함), 배우관계 불상 제외"
JP,unmarried_pct,M,40-44,1985,7.44,%,e-Stat,0003410382,"국세조사 전수, 일본 거주 전체(외국인 포함), 배우관계 불상 제외"
JP,unmarried_pct,M,40-44,1990,11.78,%,e-Stat,0003410382,"국세조사 전수, 일본 거주 전체(외국인 포함), 배우관계 불상 제외"
JP,unmarried_pct,M,40-44,1995,16.52,%,e-Stat,0003410382,"국세조사 전수, 일본 거주 전체(외국인 포함), 배우관계 불상 제외"
JP,unmarried_pct,M,40-44,2000,18.69,%,e-Stat,0003410382,"국세조사 전수, 일본 거주 전체(외국인 포함), 배우관계 불상 제외"
JP,unmarried_pct,M,40-44,2005,22.7,%,e-Stat,0003410382,"국세조사 전수, 일본 거주 전체(외국인 포함), 배우관계 불상 제외"
JP,unmarried_pct,M,40-44,2010,28.61,%,e-Stat,0003410382,"국세조사 전수, 일본 거주 전체(외국인 포함), 배우관계 불상 제외"
JP,unmarried_pct,M,40-44,2015,29.96,%,e-Stat,0003410382,"국세조사 전수, 일본 거주 전체(외국인 포함), 배우관계 불상 제외"
JP,unmarried_pct,M,40-44,2020,29.07,%,e-Stat,0003410382,"국세조사 전수, 일본 거주 전체(외국인 포함), 배우관계 불상 제외"
JP,unmarried_pct,M,45-49,1920,2.32,%,e-Stat,0003410382,"국세조사 전수, 일본 거주 전체(외국인 포함), 배우관계 불상 제외"
JP,unmarried_pct,M,45-49,1925,1.93,%,e-Stat,0003410382,"국세조사 전수, 일본 거주 전체(외국인 포함), 배우관계 불상 제외"
JP,unmarried_pct,M,45-49,1930,1.85,%,e-Stat,0003410382,"국세조사 전수, 일본 거주 전체(외국인 포함), 배우관계 불상 제외"
JP,unmarried_pct,M,45-49,1935,1.81,%,e-Stat,0003410382,"국세조사 전수, 일본 거주 전체(외국인 포함), 배우관계 불상 제외"
JP,unmarried_pct,M,45-49,1940,1.96,%,e-Stat,0003410382,"국세조사 전수, 일본 거주 전체(외국인 포함), 배우관계 불상 제외"
JP,unmarried_pct,M,45-49,1950,1.56,%,e-Stat,0003410382,"국세조사 전수, 일본 거주 전체(외국인 포함), 배우관계 불상 제외"
JP,unmarried_pct,M,45-49,1955,1.27,%,e-Stat,0003410382,"국세조사 전수, 일본 거주 전체(외국인 포함), 배우관계 불상 제외"
JP,unmarried_pct,M,45-49,1960,1.39,%,e-Stat,0003410382,"국세조사 전수, 일본 거주 전체(외국인 포함), 배우관계 불상 제외"
JP,unmarried_pct,M,45-49,1965,1.69,%,e-Stat,0003410382,"국세조사 전수, 일본 거주 전체(외국인 포함), 배우관계 불상 제외"
JP,unmarried_pct,M,45-49,1970,1.92,%,e-Stat,0003410382,"국세조사 전수, 일본 거주 전체(외국인 포함), 배우관계 불상 제외"
JP,unmarried_pct,M,45-49,1975,2.48,%,e-Stat,0003410382,"국세조사 전수, 일본 거주 전체(외국인 포함), 배우관계 불상 제외"
JP,unmarried_pct,M,45-49,1980,3.1,%,e-Stat,0003410382,"국세조사 전수, 일본 거주 전체(외국인 포함), 배우관계 불상 제외"
JP,unmarried_pct,M,45-49,1985,4.67,%,e-Stat,0003410382,"국세조사 전수, 일본 거주 전체(외국인 포함), 배우관계 불상 제외"
JP,unmarried_pct,M,45-49,1990,6.77,%,e-Stat,0003410382,"국세조사 전수, 일본 거주 전체(외국인 포함), 배우관계 불상 제외"
JP,unmarried_pct,M,45-49,1995,11.27,%,e-Stat,0003410382,"국세조사 전수, 일본 거주 전체(외국인 포함), 배우관계 불상 제외"
JP,unmarried_pct,M,45-49,2000,14.84,%,e-Stat,0003410382,"국세조사 전수, 일본 거주 전체(외국인 포함), 배우관계 불상 제외"
JP,unmarried_pct,M,45-49,2005,17.56,%,e-Stat,0003410382,"국세조사 전수, 일본 거주 전체(외국인 포함), 배우관계 불상 제외"
JP,unmarried_pct,M,45-49,2010,22.46,%,e-Stat,0003410382,"국세조사 전수, 일본 거주 전체(외국인 포함), 배우관계 불상 제외"
JP,unmarried_pct,M,45-49,2015,25.88,%,e-Stat,0003410382,"국세조사 전수, 일본 거주 전체(외국인 포함), 배우관계 불상 제외"
JP,unmarried_pct,M,45-49,2020,27.15,%,e-Stat,0003410382,"국세조사 전수, 일본 거주 전체(외국인 포함), 배우관계 불상 제외"
JP,unmarried_pct,M,50-54,1920,2.01,%,e-Stat,0003410382,"국세조사 전수, 일본 거주 전체(외국인 포함), 배우관계 불상 제외"
JP,unmarried_pct,M,50-54,1925,1.5,%,e-Stat,0003410382,"국세조사 전수, 일본 거주 전체(외국인 포함), 배우관계 불상 제외"
JP,unmarried_pct,M,50-54,1930,1.52,%,e-Stat,0003410382,"국세조사 전수, 일본 거주 전체(외국인 포함), 배우관계 불상 제외"
JP,unmarried_pct,M,50-54,1935,1.49,%,e-Stat,0003410382,"국세조사 전수, 일본 거주 전체(외국인 포함), 배우관계 불상 제외"
JP,unmarried_pct,M,50-54,1940,1.53,%,e-Stat,0003410382,"국세조사 전수, 일본 거주 전체(외국인 포함), 배우관계 불상 제외"
JP,unmarried_pct,M,50-54,1950,1.37,%,e-Stat,0003410382,"국세조사 전수, 일본 거주 전체(외국인 포함), 배우관계 불상 제외"
JP,unmarried_pct,M,50-54,1955,1.09,%,e-Stat,0003410382,"국세조사 전수, 일본 거주 전체(외국인 포함), 배우관계 불상 제외"
JP,unmarried_pct,M,50-54,1960,1.13,%,e-Stat,0003410382,"국세조사 전수, 일본 거주 전체(외국인 포함), 배우관계 불상 제외"
JP,unmarried_pct,M,50-54,1965,1.31,%,e-Stat,0003410382,"국세조사 전수, 일본 거주 전체(외국인 포함), 배우관계 불상 제외"
JP,unmarried_pct,M,50-54,1970,1.49,%,e-Stat,0003410382,"국세조사 전수, 일본 거주 전체(외국인 포함), 배우관계 불상 제외"
JP,unmarried_pct,M,50-54,1975,1.75,%,e-Stat,0003410382,"국세조사 전수, 일본 거주 전체(외국인 포함), 배우관계 불상 제외"
JP,unmarried_pct,M,50-54,1980,2.1,%,e-Stat,0003410382,"국세조사 전수, 일본 거주 전체(외국인 포함), 배우관계 불상 제외"
JP,unmarried_pct,M,50-54,1985,3.11,%,e-Stat,0003410382,"국세조사 전수, 일본 거주 전체(외국인 포함), 배우관계 불상 제외"
JP,unmarried_pct,M,50-54,1990,4.36,%,e-Stat,0003410382,"국세조사 전수, 일본 거주 전체(외국인 포함), 배우관계 불상 제외"
JP,unmarried_pct,M,50-54,1995,6.71,%,e-Stat,0003410382,"국세조사 전수, 일본 거주 전체(외국인 포함), 배우관계 불상 제외"
JP,unmarried_pct,M,50-54,2000,10.3,%,e-Stat,0003410382,"국세조사 전수, 일본 거주 전체(외국인 포함), 배우관계 불상 제외"
JP,unmarried_pct,M,50-54,2005,14.36,%,e-Stat,0003410382,"국세조사 전수, 일본 거주 전체(외국인 포함), 배우관계 불상 제외"
JP,unmarried_pct,M,50-54,2010,17.81,%,e-Stat,0003410382,"국세조사 전수, 일본 거주 전체(외국인 포함), 배우관계 불상 제외"
JP,unmarried_pct,M,50-54,2015,20.86,%,e-Stat,0003410382,"국세조사 전수, 일본 거주 전체(외국인 포함), 배우관계 불상 제외"
JP,unmarried_pct,M,50-54,2020,24.23,%,e-Stat,0003410382,"국세조사 전수, 일본 거주 전체(외국인 포함), 배우관계 불상 제외"
JP,unmarried_pct,M,~19,1920,97.2,%,e-Stat,0003410382,"국세조사 전수, 일본 거주 전체(외국인 포함), 배우관계 불상 제외"
JP,unmarried_pct,M,~19,1925,98.22,%,e-Stat,0003410382,"국세조사 전수, 일본 거주 전체(외국인 포함), 배우관계 불상 제외"
JP,unmarried_pct,M,~19,1930,98.97,%,e-Stat,0003410382,"국세조사 전수, 일본 거주 전체(외국인 포함), 배우관계 불상 제외"
JP,unmarried_pct,M,~19,1935,99.43,%,e-Stat,0003410382,"국세조사 전수, 일본 거주 전체(외국인 포함), 배우관계 불상 제외"
JP,unmarried_pct,M,~19,1940,99.56,%,e-Stat,0003410382,"국세조사 전수, 일본 거주 전체(외국인 포함), 배우관계 불상 제외"
JP,unmarried_pct,M,~19,1950,99.52,%,e-Stat,0003410382,"국세조사 전수, 일본 거주 전체(외국인 포함), 배우관계 불상 제외"
JP,unmarried_pct,M,~19,1955,99.85,%,e-Stat,0003410382,"국세조사 전수, 일본 거주 전체(외국인 포함), 배우관계 불상 제외"
JP,unmarried_pct,M,~19,1960,99.81,%,e-Stat,0003410382,"국세조사 전수, 일본 거주 전체(외국인 포함), 배우관계 불상 제외"
JP,unmarried_pct,M,~19,1965,99.63,%,e-Stat,0003410382,"국세조사 전수, 일본 거주 전체(외국인 포함), 배우관계 불상 제외"
JP,unmarried_pct,M,~19,1970,99.31,%,e-Stat,0003410382,"국세조사 전수, 일본 거주 전체(외국인 포함), 배우관계 불상 제외"
JP,unmarried_pct,M,~19,1975,99.48,%,e-Stat,0003410382,"국세조사 전수, 일본 거주 전체(외국인 포함), 배우관계 불상 제외"
JP,unmarried_pct,M,~19,1980,99.67,%,e-Stat,0003410382,"국세조사 전수, 일본 거주 전체(외국인 포함), 배우관계 불상 제외"
JP,unmarried_pct,M,~19,1985,99.74,%,e-Stat,0003410382,"국세조사 전수, 일본 거주 전체(외국인 포함), 배우관계 불상 제외"
JP,unmarried_pct,M,~19,1990,99.72,%,e-Stat,0003410382,"국세조사 전수, 일본 거주 전체(외국인 포함), 배우관계 불상 제외"
JP,unmarried_pct,M,~19,1995,99.73,%,e-Stat,0003410382,"국세조사 전수, 일본 거주 전체(외국인 포함), 배우관계 불상 제외"
JP,unmarried_pct,M,~19,2000,99.54,%,e-Stat,0003410382,"국세조사 전수, 일본 거주 전체(외국인 포함), 배우관계 불상 제외"
JP,unmarried_pct,M,~19,2005,99.63,%,e-Stat,0003410382,"국세조사 전수, 일본 거주 전체(외국인 포함), 배우관계 불상 제외"
JP,unmarried_pct,M,~19,2010,99.66,%,e-Stat,0003410382,"국세조사 전수, 일본 거주 전체(외국인 포함), 배우관계 불상 제외"
JP,unmarried_pct,M,~19,2015,99.66,%,e-Stat,0003410382,"국세조사 전수, 일본 거주 전체(외국인 포함), 배우관계 불상 제외"
JP,unmarried_pct,M,~19,2020,99.75,%,e-Stat,0003410382,"국세조사 전수, 일본 거주 전체(외국인 포함), 배우관계 불상 제외"
KR,unmarried_pct,F,20-24,2005,93.68,%,KOSIS,DT_1IN0508,"인구총조사 전수, 내국인 15세+"
KR,unmarried_pct,F,20-24,2010,96.0,%,KOSIS,DT_1IN1005,"인구총조사 전수, 내국인 15세+"
KR,unmarried_pct,F,20-24,2015,96.81,%,KOSIS,DT_1PM1504,"인구총조사 표본(20%), 내국인 15세+"
KR,unmarried_pct,F,20-24,2022,98.69,%,KOSIS,DT_1MR2060,"등록 기반 인구, 내국인 18세+"
KR,unmarried_pct,F,20-24,2023,98.81,%,KOSIS,DT_1MR2060,"등록 기반 인구, 내국인 18세+"
KR,unmarried_pct,F,20-24,2024,98.93,%,KOSIS,DT_1MR2060,"등록 기반 인구, 내국인 18세+"
KR,unmarried_pct,F,20-24,2025,99.02,%,KOSIS,DT_1MR2060,"등록 기반 인구, 내국인 18세+"
KR,unmarried_pct,F,25-29,2005,59.12,%,KOSIS,DT_1IN0508,"인구총조사 전수, 내국인 15세+"
KR,unmarried_pct,F,25-29,2010,69.28,%,KOSIS,DT_1IN1005,"인구총조사 전수, 내국인 15세+"
KR,unmarried_pct,F,25-29,2015,77.33,%,KOSIS,DT_1PM1504,"인구총조사 표본(20%), 내국인 15세+"
KR,unmarried_pct,F,25-29,2020,80.57,%,KOSIS,DT_1PB2004,"인구총조사 표본(20%), 15세+ (출생지 유형 표)"
KR,unmarried_pct,F,25-29,2022,87.24,%,KOSIS,DT_1MR2060,"등록 기반 인구, 내국인 18세+"
KR,unmarried_pct,F,25-29,2023,88.6,%,KOSIS,DT_1MR2060,"등록 기반 인구, 내국인 18세+"
KR,unmarried_pct,F,25-29,2024,89.24,%,KOSIS,DT_1MR2060,"등록 기반 인구, 내국인 18세+"
KR,unmarried_pct,F,25-29,2025,89.48,%,KOSIS,DT_1MR2060,"등록 기반 인구, 내국인 18세+"
KR,unmarried_pct,F,30-34,2005,19.05,%,KOSIS,DT_1IN0508,"인구총조사 전수, 내국인 15세+"
KR,unmarried_pct,F,30-34,2010,29.14,%,KOSIS,DT_1IN1005,"인구총조사 전수, 내국인 15세+"
KR,unmarried_pct,F,30-34,2015,37.53,%,KOSIS,DT_1PM1504,"인구총조사 표본(20%), 내국인 15세+"
KR,unmarried_pct,F,30-34,2020,44.95,%,KOSIS,DT_1PB2004,"인구총조사 표본(20%), 15세+ (출생지 유형 표)"
KR,unmarried_pct,F,30-34,2022,52.81,%,KOSIS,DT_1MR2060,"등록 기반 인구, 내국인 18세+"
KR,unmarried_pct,F,30-34,2023,55.83,%,KOSIS,DT_1MR2060,"등록 기반 인구, 내국인 18세+"
KR,unmarried_pct,F,30-34,2024,57.98,%,KOSIS,DT_1MR2060,"등록 기반 인구, 내국인 18세+"
KR,unmarried_pct,F,30-34,2025,59.1,%,KOSIS,DT_1MR2060,"등록 기반 인구, 내국인 18세+"
KR,unmarried_pct,F,35-39,2005,7.6,%,KOSIS,DT_1IN0508,"인구총조사 전수, 내국인 15세+"
KR,unmarried_pct,F,35-39,2010,12.57,%,KOSIS,DT_1IN1005,"인구총조사 전수, 내국인 15세+"
KR,unmarried_pct,F,35-39,2015,19.19,%,KOSIS,DT_1PM1504,"인구총조사 표본(20%), 내국인 15세+"
KR,unmarried_pct,F,35-39,2020,22.9,%,KOSIS,DT_1PB2004,"인구총조사 표본(20%), 15세+ (출생지 유형 표)"
KR,unmarried_pct,F,35-39,2022,26.04,%,KOSIS,DT_1MR2060,"등록 기반 인구, 내국인 18세+"
KR,unmarried_pct,F,35-39,2023,27.99,%,KOSIS,DT_1MR2060,"등록 기반 인구, 내국인 18세+"
KR,unmarried_pct,F,35-39,2024,29.86,%,KOSIS,DT_1MR2060,"등록 기반 인구, 내국인 18세+"
KR,unmarried_pct,F,35-39,2025,31.54,%,KOSIS,DT_1MR2060,"등록 기반 인구, 내국인 18세+"
KR,unmarried_pct,F,40-44,2005,3.62,%,KOSIS,DT_1IN0508,"인구총조사 전수, 내국인 15세+"
KR,unmarried_pct,F,40-44,2010,6.16,%,KOSIS,DT_1IN1005,"인구총조사 전수, 내국인 15세+"
KR,unmarried_pct,F,40-44,2015,11.35,%,KOSIS,DT_1PM1504,"인구총조사 표본(20%), 내국인 15세+"
KR,unmarried_pct,F,40-44,2020,14.57,%,KOSIS,DT_1PB2004,"인구총조사 표본(20%), 15세+ (출생지 유형 표)"
KR,unmarried_pct,F,40-44,2022,15.91,%,KOSIS,DT_1MR2060,"등록 기반 인구, 내국인 18세+"
KR,unmarried_pct,F,40-44,2023,16.86,%,KOSIS,DT_1MR2060,"등록 기반 인구, 내국인 18세+"
KR,unmarried_pct,F,40-44,2024,17.94,%,KOSIS,DT_1MR2060,"등록 기반 인구, 내국인 18세+"
KR,unmarried_pct,F,40-44,2025,19.15,%,KOSIS,DT_1MR2060,"등록 기반 인구, 내국인 18세+"
KR,unmarried_pct,F,45-49,2005,2.38,%,KOSIS,DT_1IN0508,"인구총조사 전수, 내국인 15세+"
KR,unmarried_pct,F,45-49,2010,3.34,%,KOSIS,DT_1IN1005,"인구총조사 전수, 내국인 15세+"
KR,unmarried_pct,F,45-49,2015,6.36,%,KOSIS,DT_1PM1504,"인구총조사 표본(20%), 내국인 15세+"
KR,unmarried_pct,F,45-49,2020,9.69,%,KOSIS,DT_1PB2004,"인구총조사 표본(20%), 15세+ (출생지 유형 표)"
KR,unmarried_pct,F,45-49,2022,10.42,%,KOSIS,DT_1MR2060,"등록 기반 인구, 내국인 18세+"
KR,unmarried_pct,F,45-49,2023,11.24,%,KOSIS,DT_1MR2060,"등록 기반 인구, 내국인 18세+"
KR,unmarried_pct,F,45-49,2024,12.16,%,KOSIS,DT_1MR2060,"등록 기반 인구, 내국인 18세+"
KR,unmarried_pct,F,45-49,2025,13.04,%,KOSIS,DT_1MR2060,"등록 기반 인구, 내국인 18세+"
KR,unmarried_pct,F,50-54,2005,1.66,%,KOSIS,DT_1IN0508,"인구총조사 전수, 내국인 15세+"
KR,unmarried_pct,F,50-54,2010,2.33,%,KOSIS,DT_1IN1005,"인구총조사 전수, 내국인 15세+"
KR,unmarried_pct,F,50-54,2015,3.72,%,KOSIS,DT_1PM1504,"인구총조사 표본(20%), 내국인 15세+"
KR,unmarried_pct,F,50-54,2020,5.46,%,KOSIS,DT_1PB2004,"인구총조사 표본(20%), 15세+ (출생지 유형 표)"
KR,unmarried_pct,F,50-54,2022,6.46,%,KOSIS,DT_1MR2060,"등록 기반 인구, 내국인 18세+"
KR,unmarried_pct,F,50-54,2023,7.2,%,KOSIS,DT_1MR2060,"등록 기반 인구, 내국인 18세+"
KR,unmarried_pct,F,50-54,2024,7.97,%,KOSIS,DT_1MR2060,"등록 기반 인구, 내국인 18세+"
KR,unmarried_pct,F,50-54,2025,8.69,%,KOSIS,DT_1MR2060,"등록 기반 인구, 내국인 18세+"
KR,unmarried_pct,F,~19,2005,99.59,%,KOSIS,DT_1IN0508,"인구총조사 전수, 내국인 15세+"
KR,unmarried_pct,F,~19,2010,99.64,%,KOSIS,DT_1IN1005,"인구총조사 전수, 내국인 15세+"
KR,unmarried_pct,F,~19,2015,99.76,%,KOSIS,DT_1PM1504,"인구총조사 표본(20%), 내국인 15세+"
KR,unmarried_pct,M,20-24,2005,98.17,%,KOSIS,DT_1IN0508,"인구총조사 전수, 내국인 15세+"
KR,unmarried_pct,M,20-24,2010,98.85,%,KOSIS,DT_1IN1005,"인구총조사 전수, 내국인 15세+"
KR,unmarried_pct,M,20-24,2015,98.85,%,KOSIS,DT_1PM1504,"인구총조사 표본(20%), 내국인 15세+"
KR,unmarried_pct,M,20-24,2022,99.53,%,KOSIS,DT_1MR2060,"등록 기반 인구, 내국인 18세+"
KR,unmarried_pct,M,20-24,2023,99.57,%,KOSIS,DT_1MR2060,"등록 기반 인구, 내국인 18세+"
KR,unmarried_pct,M,20-24,2024,99.6,%,KOSIS,DT_1MR2060,"등록 기반 인구, 내국인 18세+"
KR,unmarried_pct,M,20-24,2025,99.61,%,KOSIS,DT_1MR2060,"등록 기반 인구, 내국인 18세+"
KR,unmarried_pct,M,25-29,2005,81.75,%,KOSIS,DT_1IN0508,"인구총조사 전수, 내국인 15세+"
KR,unmarried_pct,M,25-29,2010,85.45,%,KOSIS,DT_1IN1005,"인구총조사 전수, 내국인 15세+"
KR,unmarried_pct,M,25-29,2015,90.0,%,KOSIS,DT_1PM1504,"인구총조사 표본(20%), 내국인 15세+"
KR,unmarried_pct,M,25-29,2020,92.3,%,KOSIS,DT_1PB2004,"인구총조사 표본(20%), 15세+ (출생지 유형 표)"
KR,unmarried_pct,M,25-29,2022,94.19,%,KOSIS,DT_1MR2060,"등록 기반 인구, 내국인 18세+"
KR,unmarried_pct,M,25-29,2023,94.74,%,KOSIS,DT_1MR2060,"등록 기반 인구, 내국인 18세+"
KR,unmarried_pct,M,25-29,2024,94.96,%,KOSIS,DT_1MR2060,"등록 기반 인구, 내국인 18세+"
KR,unmarried_pct,M,25-29,2025,94.98,%,KOSIS,DT_1MR2060,"등록 기반 인구, 내국인 18세+"
KR,unmarried_pct,M,30-34,2005,41.26,%,KOSIS,DT_1IN0508,"인구총조사 전수, 내국인 15세+"
KR,unmarried_pct,M,30-34,2010,50.18,%,KOSIS,DT_1IN1005,"인구총조사 전수, 내국인 15세+"
KR,unmarried_pct,M,30-34,2015,55.83,%,KOSIS,DT_1PM1504,"인구총조사 표본(20%), 내국인 15세+"
KR,unmarried_pct,M,30-34,2020,65.71,%,KOSIS,DT_1PB2004,"인구총조사 표본(20%), 15세+ (출생지 유형 표)"
KR,unmarried_pct,M,30-34,2022,71.66,%,KOSIS,DT_1MR2060,"등록 기반 인구, 내국인 18세+"
KR,unmarried_pct,M,30-34,2023,73.61,%,KOSIS,DT_1MR2060,"등록 기반 인구, 내국인 18세+"
KR,unmarried_pct,M,30-34,2024,74.7,%,KOSIS,DT_1MR2060,"등록 기반 인구, 내국인 18세+"
KR,unmarried_pct,M,30-34,2025,74.83,%,KOSIS,DT_1MR2060,"등록 기반 인구, 내국인 18세+"
KR,unmarried_pct,M,35-39,2005,18.38,%,KOSIS,DT_1IN0508,"인구총조사 전수, 내국인 15세+"
KR,unmarried_pct,M,35-39,2010,26.72,%,KOSIS,DT_1IN1005,"인구총조사 전수, 내국인 15세+"
KR,unmarried_pct,M,35-39,2015,32.97,%,KOSIS,DT_1PM1504,"인구총조사 표본(20%), 내국인 15세+"
KR,unmarried_pct,M,35-39,2020,37.79,%,KOSIS,DT_1PB2004,"인구총조사 표본(20%), 15세+ (출생지 유형 표)"
KR,unmarried_pct,M,35-39,2022,42.08,%,KOSIS,DT_1MR2060,"등록 기반 인구, 내국인 18세+"
KR,unmarried_pct,M,35-39,2023,44.55,%,KOSIS,DT_1MR2060,"등록 기반 인구, 내국인 18세+"
KR,unmarried_pct,M,35-39,2024,46.76,%,KOSIS,DT_1MR2060,"등록 기반 인구, 내국인 18세+"
KR,unmarried_pct,M,35-39,2025,48.44,%,KOSIS,DT_1MR2060,"등록 기반 인구, 내국인 18세+"
KR,unmarried_pct,M,40-44,2005,8.49,%,KOSIS,DT_1IN0508,"인구총조사 전수, 내국인 15세+"
KR,unmarried_pct,M,40-44,2010,14.35,%,KOSIS,DT_1IN1005,"인구총조사 전수, 내국인 15세+"
KR,unmarried_pct,M,40-44,2015,22.49,%,KOSIS,DT_1PM1504,"인구총조사 표본(20%), 내국인 15세+"
KR,unmarried_pct,M,40-44,2020,27.13,%,KOSIS,DT_1PB2004,"인구총조사 표본(20%), 15세+ (출생지 유형 표)"
KR,unmarried_pct,M,40-44,2022,28.1,%,KOSIS,DT_1MR2060,"등록 기반 인구, 내국인 18세+"
KR,unmarried_pct,M,40-44,2023,28.99,%,KOSIS,DT_1MR2060,"등록 기반 인구, 내국인 18세+"
KR,unmarried_pct,M,40-44,2024,30.12,%,KOSIS,DT_1MR2060,"등록 기반 인구, 내국인 18세+"
KR,unmarried_pct,M,40-44,2025,31.4,%,KOSIS,DT_1MR2060,"등록 기반 인구, 내국인 18세+"
KR,unmarried_pct,M,45-49,2005,4.46,%,KOSIS,DT_1IN0508,"인구총조사 전수, 내국인 15세+"
KR,unmarried_pct,M,45-49,2010,7.5,%,KOSIS,DT_1IN1005,"인구총조사 전수, 내국인 15세+"
KR,unmarried_pct,M,45-49,2015,13.92,%,KOSIS,DT_1PM1504,"인구총조사 표본(20%), 내국인 15세+"
KR,unmarried_pct,M,45-49,2020,20.44,%,KOSIS,DT_1PB2004,"인구총조사 표본(20%), 15세+ (출생지 유형 표)"
KR,unmarried_pct,M,45-49,2022,21.47,%,KOSIS,DT_1MR2060,"등록 기반 인구, 내국인 18세+"
KR,unmarried_pct,M,45-49,2023,22.24,%,KOSIS,DT_1MR2060,"등록 기반 인구, 내국인 18세+"
KR,unmarried_pct,M,45-49,2024,23.11,%,KOSIS,DT_1MR2060,"등록 기반 인구, 내국인 18세+"
KR,unmarried_pct,M,45-49,2025,23.95,%,KOSIS,DT_1MR2060,"등록 기반 인구, 내국인 18세+"
KR,unmarried_pct,M,50-54,2005,2.36,%,KOSIS,DT_1IN0508,"인구총조사 전수, 내국인 15세+"
KR,unmarried_pct,M,50-54,2010,4.11,%,KOSIS,DT_1IN1005,"인구총조사 전수, 내국인 15세+"
KR,unmarried_pct,M,50-54,2015,7.93,%,KOSIS,DT_1PM1504,"인구총조사 표본(20%), 내국인 15세+"
KR,unmarried_pct,M,50-54,2020,13.11,%,KOSIS,DT_1PB2004,"인구총조사 표본(20%), 15세+ (출생지 유형 표)"
KR,unmarried_pct,M,50-54,2022,15.22,%,KOSIS,DT_1MR2060,"등록 기반 인구, 내국인 18세+"
KR,unmarried_pct,M,50-54,2023,16.48,%,KOSIS,DT_1MR2060,"등록 기반 인구, 내국인 18세+"
KR,unmarried_pct,M,50-54,2024,17.71,%,KOSIS,DT_1MR2060,"등록 기반 인구, 내국인 18세+"
KR,unmarried_pct,M,50-54,2025,18.8,%,KOSIS,DT_1MR2060,"등록 기반 인구, 내국인 18세+"
KR,unmarried_pct,M,~19,2005,99.82,%,KOSIS,DT_1IN0508,"인구총조사 전수, 내국인 15세+"
KR,unmarried_pct,M,~19,2010,99.73,%,KOSIS,DT_1IN1005,"인구총조사 전수, 내국인 15세+"
KR,unmarried_pct,M,~19,2015,99.85,%,KOSIS,DT_1PM1504,"인구총조사 표본(20%), 내국인 15세+"
