unit,name,ym,value
15133JYB00,지역별,2008,5234702
15133JYB00,지역별,2009,5419526
15133JYB00,지역별,2010,5602091
15133JYB00,지역별,2011,5772495
15133JYB00,지역별,2012,5918551
15133JYB00,지역별,2013,6057678
15133JYB00,지역별,2014,6348919
15133JYB00,지역별,2015,6702456
15133JYB00,지역별,2016,6886938
15133JYB00,지역별,2017,7226329
15133JYB00,지역별,2018,7673637
15133JYB00,지역별,2019,8046119
15133JYB00,지역별,2020,8651833
15133JYB00,지역별,2021,9206659
15133JYB00,지역별,2022,9677375
15133JYB00,지역별,2023,9950368
15133JYB00,지역별,2024,10145150
15133JYB00,지역별,2025,10321407
15133JYB07,서울,2008,1286515
15133JYB07,서울,2009,1316164
15133JYB07,서울,2010,1346475
15133JYB07,서울,2011,1380689
15133JYB07,서울,2012,1404848
15133JYB07,서울,2013,1423774
15133JYB07,서울,2014,1481289
15133JYB07,서울,2015,1545885
15133JYB07,서울,2016,1557426
15133JYB07,서울,2017,1601469
15133JYB07,서울,2018,1696443
15133JYB07,서울,2019,1764508
15133JYB07,서울,2020,1884980
15133JYB07,서울,2021,1973679
15133JYB07,서울,2022,2041642
15133JYB07,서울,2023,2071814
15133JYB07,서울,2024,2088436
15133JYB07,서울,2025,2111981
15133JYB0701,강남구,2008,120852
15133JYB0701,강남구,2009,123740
15133JYB0701,강남구,2010,126609
15133JYB0701,강남구,2011,129855
15133JYB0701,강남구,2012,133802
15133JYB0701,강남구,2013,137490
15133JYB0701,강남구,2014,143740
15133JYB0701,강남구,2015,150299
15133JYB0701,강남구,2016,150849
15133JYB0701,강남구,2017,155704
15133JYB0701,강남구,2018,162925
15133JYB0701,강남구,2019,169610
15133JYB0701,강남구,2020,181431
15133JYB0701,강남구,2021,192456
15133JYB0701,강남구,2022,200712
15133JYB0701,강남구,2023,205547
15133JYB0701,강남구,2024,209325
15133JYB0701,강남구,2025,213589
15133JYB0702,강동구,2008,41666
15133JYB0702,강동구,2009,43678
15133JYB0702,강동구,2010,45275
15133JYB0702,강동구,2011,46545
15133JYB0702,강동구,2012,48030
15133JYB0702,강동구,2013,48706
15133JYB0702,강동구,2014,50062
15133JYB0702,강동구,2015,51225
15133JYB0702,강동구,2016,50995
15133JYB0702,강동구,2017,51711
15133JYB0702,강동구,2018,55581
15133JYB0702,강동구,2019,58701
15133JYB0702,강동구,2020,63529
15133JYB0702,강동구,2021,67508
15133JYB0702,강동구,2022,70645
15133JYB0702,강동구,2023,72614
15133JYB0702,강동구,2024,74895
15133JYB0702,강동구,2025,76766
15133JYB0703,강북구,2008,26962
15133JYB0703,강북구,2009,27654
15133JYB0703,강북구,2010,28326
15133JYB0703,강북구,2011,29114
15133JYB0703,강북구,2012,29832
15133JYB0703,강북구,2013,29795
15133JYB0703,강북구,2014,30566
15133JYB0703,강북구,2015,31583
15133JYB0703,강북구,2016,31822
15133JYB0703,강북구,2017,32477
15133JYB0703,강북구,2018,34065
15133JYB0703,강북구,2019,35268
15133JYB0703,강북구,2020,37533
15133JYB0703,강북구,2021,39434
15133JYB0703,강북구,2022,40770
15133JYB0703,강북구,2023,41036
15133JYB0703,강북구,2024,40817
15133JYB0703,강북구,2025,40969
15133JYB0704,강서구,2008,48829
15133JYB0704,강서구,2009,50297
15133JYB0704,강서구,2010,51672
15133JYB0704,강서구,2011,53517
15133JYB0704,강서구,2012,54381
15133JYB0704,강서구,2013,56025
15133JYB0704,강서구,2014,64489
15133JYB0704,강서구,2015,71679
15133JYB0704,강서구,2016,73021
15133JYB0704,강서구,2017,80804
15133JYB0704,강서구,2018,89737
15133JYB0704,강서구,2019,94970
15133JYB0704,강서구,2020,102837
15133JYB0704,강서구,2021,109103
15133JYB0704,강서구,2022,112822
15133JYB0704,강서구,2023,114329
15133JYB0704,강서구,2024,115205
15133JYB0704,강서구,2025,116636
15133JYB0705,관악구,2008,43116
15133JYB0705,관악구,2009,44212
15133JYB0705,관악구,2010,44993
15133JYB0705,관악구,2011,45920
15133JYB0705,관악구,2012,46610
15133JYB0705,관악구,2013,46305
15133JYB0705,관악구,2014,47686
15133JYB0705,관악구,2015,49128
15133JYB0705,관악구,2016,49204
15133JYB0705,관악구,2017,50432
15133JYB0705,관악구,2018,53199
15133JYB0705,관악구,2019,55492
15133JYB0705,관악구,2020,59936
15133JYB0705,관악구,2021,62002
15133JYB0705,관악구,2022,63928
15133JYB0705,관악구,2023,65417
15133JYB0705,관악구,2024,66259
15133JYB0705,관악구,2025,67674
15133JYB0706,광진구,2008,37689
15133JYB0706,광진구,2009,38763
15133JYB0706,광진구,2010,39633
15133JYB0706,광진구,2011,40194
15133JYB0706,광진구,2012,41464
15133JYB0706,광진구,2013,41832
15133JYB0706,광진구,2014,42964
15133JYB0706,광진구,2015,45128
15133JYB0706,광진구,2016,45305
15133JYB0706,광진구,2017,45850
15133JYB0706,광진구,2018,48846
15133JYB0706,광진구,2019,51697
15133JYB0706,광진구,2020,55395
15133JYB0706,광진구,2021,57844
15133JYB0706,광진구,2022,60595
15133JYB0706,광진구,2023,61254
15133JYB0706,광진구,2024,61609
15133JYB0706,광진구,2025,62989
15133JYB0707,구로구,2008,59198
15133JYB0707,구로구,2009,60879
15133JYB0707,구로구,2010,62221
15133JYB0707,구로구,2011,64104
15133JYB0707,구로구,2012,65371
15133JYB0707,구로구,2013,66446
15133JYB0707,구로구,2014,68439
15133JYB0707,구로구,2015,70374
15133JYB0707,구로구,2016,71080
15133JYB0707,구로구,2017,72499
15133JYB0707,구로구,2018,75149
15133JYB0707,구로구,2019,76548
15133JYB0707,구로구,2020,81000
15133JYB0707,구로구,2021,84123
15133JYB0707,구로구,2022,86375
15133JYB0707,구로구,2023,86982
15133JYB0707,구로구,2024,87128
15133JYB0707,구로구,2025,87167
15133JYB0708,금천구,2008,34055
15133JYB0708,금천구,2009,35846
15133JYB0708,금천구,2010,37420
15133JYB0708,금천구,2011,39333
15133JYB0708,금천구,2012,41118
15133JYB0708,금천구,2013,42557
15133JYB0708,금천구,2014,45062
15133JYB0708,금천구,2015,47893
15133JYB0708,금천구,2016,49742
15133JYB0708,금천구,2017,52623
15133JYB0708,금천구,2018,56320
15133JYB0708,금천구,2019,58919
15133JYB0708,금천구,2020,63555
15133JYB0708,금천구,2021,68611
15133JYB0708,금천구,2022,71764
15133JYB0708,금천구,2023,73634
15133JYB0708,금천구,2024,74965
15133JYB0708,금천구,2025,75779
15133JYB0709,노원구,2008,38781
15133JYB0709,노원구,2009,39878
15133JYB0709,노원구,2010,40118
15133JYB0709,노원구,2011,41263
15133JYB0709,노원구,2012,42242
15133JYB0709,노원구,2013,42884
15133JYB0709,노원구,2014,44505
15133JYB0709,노원구,2015,46069
15133JYB0709,노원구,2016,46446
15133JYB0709,노원구,2017,47429
15133JYB0709,노원구,2018,51470
15133JYB0709,노원구,2019,53656
15133JYB0709,노원구,2020,57896
15133JYB0709,노원구,2021,60167
15133JYB0709,노원구,2022,62023
15133JYB0709,노원구,2023,62548
15133JYB0709,노원구,2024,62076
15133JYB0709,노원구,2025,61875
15133JYB070A,도봉구,2008,25696
15133JYB070A,도봉구,2009,26355
15133JYB070A,도봉구,2010,26621
15133JYB070A,도봉구,2011,27369
15133JYB070A,도봉구,2012,28101
15133JYB070A,도봉구,2013,28743
15133JYB070A,도봉구,2014,29727
15133JYB070A,도봉구,2015,30617
15133JYB070A,도봉구,2016,30535
15133JYB070A,도봉구,2017,31366
15133JYB070A,도봉구,2018,33281
15133JYB070A,도봉구,2019,34548
15133JYB070A,도봉구,2020,36969
15133JYB070A,도봉구,2021,38773
15133JYB070A,도봉구,2022,41143
15133JYB070A,도봉구,2023,41634
15133JYB070A,도봉구,2024,41707
15133JYB070A,도봉구,2025,41760
15133JYB070B,동대문구,2008,51652
15133JYB070B,동대문구,2009,50947
15133JYB070B,동대문구,2010,51817
15133JYB070B,동대문구,2011,52614
15133JYB070B,동대문구,2012,53221
15133JYB070B,동대문구,2013,53978
15133JYB070B,동대문구,2014,54771
15133JYB070B,동대문구,2015,56321
15133JYB070B,동대문구,2016,55870
15133JYB070B,동대문구,2017,56150
15133JYB070B,동대문구,2018,59215
15133JYB070B,동대문구,2019,60379
15133JYB070B,동대문구,2020,65619
15133JYB070B,동대문구,2021,68872
15133JYB070B,동대문구,2022,70942
15133JYB070B,동대문구,2023,72059
15133JYB070B,동대문구,2024,73088
15133JYB070B,동대문구,2025,74619
15133JYB070C,동작구,2008,29666
15133JYB070C,동작구,2009,30173
15133JYB070C,동작구,2010,30999
15133JYB070C,동작구,2011,31825
15133JYB070C,동작구,2012,32306
15133JYB070C,동작구,2013,32776
15133JYB070C,동작구,2014,34134
15133JYB070C,동작구,2015,35537
15133JYB070C,동작구,2016,35804
15133JYB070C,동작구,2017,37265
15133JYB070C,동작구,2018,40566
15133JYB070C,동작구,2019,42740
15133JYB070C,동작구,2020,46166
15133JYB070C,동작구,2021,47403
15133JYB070C,동작구,2022,48855
15133JYB070C,동작구,2023,49475
15133JYB070C,동작구,2024,49559
15133JYB070C,동작구,2025,50634
15133JYB070D,마포구,2008,57739
15133JYB070D,마포구,2009,59350
15133JYB070D,마포구,2010,60670
15133JYB070D,마포구,2011,63136
15133JYB070D,마포구,2012,64527
15133JYB070D,마포구,2013,66190
15133JYB070D,마포구,2014,69370
15133JYB070D,마포구,2015,74641
15133JYB070D,마포구,2016,75882
15133JYB070D,마포구,2017,77744
15133JYB070D,마포구,2018,82290
15133JYB070D,마포구,2019,85795
15133JYB070D,마포구,2020,91366
15133JYB070D,마포구,2021,96004
15133JYB070D,마포구,2022,99523
15133JYB070D,마포구,2023,101195
15133JYB070D,마포구,2024,102589
15133JYB070D,마포구,2025,103981
15133JYB070E,서대문구,2008,33486
15133JYB070E,서대문구,2009,33620
15133JYB070E,서대문구,2010,33547
15133JYB070E,서대문구,2011,33605
15133JYB070E,서대문구,2012,33438
15133JYB070E,서대문구,2013,33549
15133JYB070E,서대문구,2014,34748
15133JYB070E,서대문구,2015,36191
15133JYB070E,서대문구,2016,36361
15133JYB070E,서대문구,2017,37343
15133JYB070E,서대문구,2018,40140
15133JYB070E,서대문구,2019,42219
15133JYB070E,서대문구,2020,45434
15133JYB070E,서대문구,2021,47488
15133JYB070E,서대문구,2022,49770
15133JYB070E,서대문구,2023,50030
15133JYB070E,서대문구,2024,49836
15133JYB070E,서대문구,2025,50275
15133JYB070F,서초구,2008,83890
15133JYB070F,서초구,2009,86096
15133JYB070F,서초구,2010,88359
15133JYB070F,서초구,2011,91023
15133JYB070F,서초구,2012,91725
15133JYB070F,서초구,2013,93196
15133JYB070F,서초구,2014,97406
15133JYB070F,서초구,2015,101527
15133JYB070F,서초구,2016,102351
15133JYB070F,서초구,2017,104098
15133JYB070F,서초구,2018,110031
15133JYB070F,서초구,2019,114549
15133JYB070F,서초구,2020,122656
15133JYB070F,서초구,2021,126865
15133JYB070F,서초구,2022,130391
15133JYB070F,서초구,2023,133755
15133JYB070F,서초구,2024,135991
15133JYB070F,서초구,2025,138871
15133JYB070G,성동구,2008,35571
15133JYB070G,성동구,2009,35853
15133JYB070G,성동구,2010,36811
15133JYB070G,성동구,2011,37550
15133JYB070G,성동구,2012,38358
15133JYB070G,성동구,2013,39097
15133JYB070G,성동구,2014,41594
15133JYB070G,성동구,2015,43832
15133JYB070G,성동구,2016,44640
15133JYB070G,성동구,2017,47223
15133JYB070G,성동구,2018,52070
15133JYB070G,성동구,2019,55179
15133JYB070G,성동구,2020,60838
15133JYB070G,성동구,2021,64150
15133JYB070G,성동구,2022,65954
15133JYB070G,성동구,2023,67138
15133JYB070G,성동구,2024,67260
15133JYB070G,성동구,2025,67501
15133JYB070H,성북구,2008,35955
15133JYB070H,성북구,2009,37261
15133JYB070H,성북구,2010,38580
15133JYB070H,성북구,2011,39704
15133JYB070H,성북구,2012,40251
15133JYB070H,성북구,2013,40785
15133JYB070H,성북구,2014,42079
15133JYB070H,성북구,2015,43239
15133JYB070H,성북구,2016,42921
15133JYB070H,성북구,2017,43911
15133JYB070H,성북구,2018,47017
15133JYB070H,성북구,2019,49063
15133JYB070H,성북구,2020,52691
15133JYB070H,성북구,2021,54572
15133JYB070H,성북구,2022,56541
15133JYB070H,성북구,2023,57444
15133JYB070H,성북구,2024,57929
15133JYB070H,성북구,2025,58779
15133JYB070I,송파구,2008,68683
15133JYB070I,송파구,2009,72555
15133JYB070I,송파구,2010,76242
15133JYB070I,송파구,2011,81103
15133JYB070I,송파구,2012,83277
15133JYB070I,송파구,2013,83659
15133JYB070I,송파구,2014,88835
15133JYB070I,송파구,2015,95902
15133JYB070I,송파구,2016,99294
15133JYB070I,송파구,2017,105229
15133JYB070I,송파구,2018,114130
15133JYB070I,송파구,2019,121067
15133JYB070I,송파구,2020,129590
15133JYB070I,송파구,2021,135553
15133JYB070I,송파구,2022,139694
15133JYB070I,송파구,2023,141434
15133JYB070I,송파구,2024,143245
15133JYB070I,송파구,2025,145142
15133JYB070J,양천구,2008,40986
15133JYB070J,양천구,2009,41971
15133JYB070J,양천구,2010,42780
15133JYB070J,양천구,2011,43611
15133JYB070J,양천구,2012,44123
15133JYB070J,양천구,2013,44686
15133JYB070J,양천구,2014,45918
15133JYB070J,양천구,2015,47553
15133JYB070J,양천구,2016,47901
15133JYB070J,양천구,2017,49091
15133JYB070J,양천구,2018,52924
15133JYB070J,양천구,2019,54904
15133JYB070J,양천구,2020,58845
15133JYB070J,양천구,2021,61052
15133JYB070J,양천구,2022,62632
15133JYB070J,양천구,2023,63186
15133JYB070J,양천구,2024,63232
15133JYB070J,양천구,2025,63521
15133JYB070K,영등포구,2008,83401
15133JYB070K,영등포구,2009,85405
15133JYB070K,영등포구,2010,87731
15133JYB070K,영등포구,2011,88794
15133JYB070K,영등포구,2012,89520
15133JYB070K,영등포구,2013,90700
15133JYB070K,영등포구,2014,94095
15133JYB070K,영등포구,2015,97452
15133JYB070K,영등포구,2016,98352
15133JYB070K,영등포구,2017,100379
15133JYB070K,영등포구,2018,104282
15133JYB070K,영등포구,2019,108704
15133JYB070K,영등포구,2020,116378
15133JYB070K,영등포구,2021,123901
15133JYB070K,영등포구,2022,130294
15133JYB070K,영등포구,2023,132082
15133JYB070K,영등포구,2024,132797
15133JYB070K,영등포구,2025,133670
15133JYB070L,용산구,2008,40265
15133JYB070L,용산구,2009,40979
15133JYB070L,용산구,2010,41694
15133JYB070L,용산구,2011,42087
15133JYB070L,용산구,2012,42182
15133JYB070L,용산구,2013,42399
15133JYB070L,용산구,2014,44123
15133JYB070L,용산구,2015,45598
15133JYB070L,용산구,2016,44871
15133JYB070L,용산구,2017,45387
15133JYB070L,용산구,2018,48054
15133JYB070L,용산구,2019,49576
15133JYB070L,용산구,2020,53502
15133JYB070L,용산구,2021,56303
15133JYB070L,용산구,2022,58260
15133JYB070L,용산구,2023,58814
15133JYB070L,용산구,2024,58897
15133JYB070L,용산구,2025,59918
15133JYB070M,은평구,2008,35517
15133JYB070M,은평구,2009,37272
15133JYB070M,은평구,2010,38960
15133JYB070M,은평구,2011,40621
15133JYB070M,은평구,2012,41381
15133JYB070M,은평구,2013,42012
15133JYB070M,은평구,2014,43739
15133JYB070M,은평구,2015,46697
15133JYB070M,은평구,2016,47625
15133JYB070M,은평구,2017,48800
15133JYB070M,은평구,2018,52683
15133JYB070M,은평구,2019,54911
15133JYB070M,은평구,2020,59122
15133JYB070M,은평구,2021,61987
15133JYB070M,은평구,2022,64070
15133JYB070M,은평구,2023,64764
15133JYB070M,은평구,2024,65152
15133JYB070M,은평구,2025,65043
15133JYB070N,종로구,2008,64358
15133JYB070N,종로구,2009,64483
15133JYB070N,종로구,2010,64908
15133JYB070N,종로구,2011,65122
15133JYB070N,종로구,2012,65646
15133JYB070N,종로구,2013,65618
15133JYB070N,종로구,2014,66778
15133JYB070N,종로구,2015,68356
15133JYB070N,종로구,2016,68069
15133JYB070N,종로구,2017,69050
15133JYB070N,종로구,2018,70982
15133JYB070N,종로구,2019,71839
15133JYB070N,종로구,2020,74588
15133JYB070N,종로구,2021,76198
15133JYB070N,종로구,2022,77557
15133JYB070N,종로구,2023,78097
15133JYB070N,종로구,2024,78293
15133JYB070N,종로구,2025,79085
15133JYB070O,중구,2008,111545
15133JYB070O,중구,2009,111921
15133JYB070O,중구,2010,112288
15133JYB070O,중구,2011,113826
15133JYB070O,중구,2012,114386
15133JYB070O,중구,2013,114385
15133JYB070O,중구,2014,114903
15133JYB070O,중구,2015,115752
15133JYB070O,중구,2016,114682
15133JYB070O,중구,2017,114391
15133JYB070O,중구,2018,114677
15133JYB070O,중구,2019,115466
15133JYB070O,중구,2020,115416
15133JYB070O,중구,2021,117785
15133JYB070O,중구,2022,118628
15133JYB070O,중구,2023,117727
15133JYB070O,중구,2024,116500
15133JYB070O,중구,2025,115031
15133JYB070P,중랑구,2008,36957
15133JYB070P,중랑구,2009,36976
15133JYB070P,중랑구,2010,38201
15133JYB070P,중랑구,2011,38854
15133JYB070P,중랑구,2012,39556
15133JYB070P,중랑구,2013,39961
15133JYB070P,중랑구,2014,41556
15133JYB070P,중랑구,2015,43292
15133JYB070P,중랑구,2016,43804
15133JYB070P,중랑구,2017,44513
15133JYB070P,중랑구,2018,46809
15133JYB070P,중랑구,2019,48708
15133JYB070P,중랑구,2020,52688
15133JYB070P,중랑구,2021,55525
15133JYB070P,중랑구,2022,57754
15133JYB070P,중랑구,2023,59619
15133JYB070P,중랑구,2024,60082
15133JYB070P,중랑구,2025,60707
15133JYB08,인천,2008,265737
15133JYB08,인천,2009,278897
15133JYB08,인천,2010,290513
15133JYB08,인천,2011,299332
15133JYB08,인천,2012,304173
15133JYB08,인천,2013,310950
15133JYB08,인천,2014,325231
15133JYB08,인천,2015,342928
15133JYB08,인천,2016,355102
15133JYB08,인천,2017,379301
15133JYB08,인천,2018,408291
15133JYB08,인천,2019,431526
15133JYB08,인천,2020,472614
15133JYB08,인천,2021,517140
15133JYB08,인천,2022,550511
15133JYB08,인천,2023,568522
15133JYB08,인천,2024,582907
15133JYB08,인천,2025,595004
15133JYB0801,강화군,2008,6833
15133JYB0801,강화군,2009,7217
15133JYB0801,강화군,2010,7559
15133JYB0801,강화군,2011,7814
15133JYB0801,강화군,2012,8000
15133JYB0801,강화군,2013,7924
15133JYB0801,강화군,2014,8240
15133JYB0801,강화군,2015,8742
15133JYB0801,강화군,2016,9046
15133JYB0801,강화군,2017,9851
15133JYB0801,강화군,2018,10665
15133JYB0801,강화군,2019,11447
15133JYB0801,강화군,2020,12231
15133JYB0801,강화군,2021,13137
15133JYB0801,강화군,2022,14023
15133JYB0801,강화군,2023,14658
15133JYB0801,강화군,2024,15166
15133JYB0801,강화군,2025,15624
15133JYB0802,계양구,2008,26744
15133JYB0802,계양구,2009,28168
15133JYB0802,계양구,2010,28905
15133JYB0802,계양구,2011,28995
15133JYB0802,계양구,2012,29196
15133JYB0802,계양구,2013,29474
15133JYB0802,계양구,2014,30735
15133JYB0802,계양구,2015,32229
15133JYB0802,계양구,2016,32399
15133JYB0802,계양구,2017,32784
15133JYB0802,계양구,2018,33840
15133JYB0802,계양구,2019,34831
15133JYB0802,계양구,2020,37245
15133JYB0802,계양구,2021,39167
15133JYB0802,계양구,2022,40664
15133JYB0802,계양구,2023,41795
15133JYB0802,계양구,2024,42118
15133JYB0802,계양구,2025,42445
15133JYB0803,미추홀구,2008,41064
15133JYB0803,미추홀구,2009,42945
15133JYB0803,미추홀구,2010,44013
15133JYB0803,미추홀구,2011,45046
15133JYB0803,미추홀구,2012,45240
15133JYB0803,미추홀구,2013,45610
15133JYB0803,미추홀구,2014,46616
15133JYB0803,미추홀구,2015,47910
15133JYB0803,미추홀구,2016,48018
15133JYB0803,미추홀구,2017,52142
15133JYB0803,미추홀구,2018,54897
15133JYB0803,미추홀구,2019,57119
15133JYB0803,미추홀구,2020,59734
15133JYB0803,미추홀구,2021,63048
15133JYB0803,미추홀구,2022,65749
15133JYB0803,미추홀구,2023,66971
15133JYB0803,미추홀구,2024,67797
15133JYB0803,미추홀구,2025,68480
15133JYB0804,남동구,2008,48917
15133JYB0804,남동구,2009,51528
15133JYB0804,남동구,2010,54776
15133JYB0804,남동구,2011,57612
15133JYB0804,남동구,2012,58911
15133JYB0804,남동구,2013,60288
15133JYB0804,남동구,2014,62930
15133JYB0804,남동구,2015,66157
15133JYB0804,남동구,2016,68524
15133JYB0804,남동구,2017,71578
15133JYB0804,남동구,2018,74500
15133JYB0804,남동구,2019,77356
15133JYB0804,남동구,2020,81905
15133JYB0804,남동구,2021,86375
15133JYB0804,남동구,2022,89379
15133JYB0804,남동구,2023,90349
15133JYB0804,남동구,2024,91330
15133JYB0804,남동구,2025,91953
15133JYB0805,동구,2008,12289
15133JYB0805,동구,2009,12613
15133JYB0805,동구,2010,12931
15133JYB0805,동구,2011,13069
15133JYB0805,동구,2012,13207
15133JYB0805,동구,2013,13367
15133JYB0805,동구,2014,13613
15133JYB0805,동구,2015,13684
15133JYB0805,동구,2016,13522
15133JYB0805,동구,2017,13762
15133JYB0805,동구,2018,13805
15133JYB0805,동구,2019,13823
15133JYB0805,동구,2020,14485
15133JYB0805,동구,2021,14741
15133JYB0805,동구,2022,15005
15133JYB0805,동구,2023,15052
15133JYB0805,동구,2024,14991
15133JYB0805,동구,2025,15012
15133JYB0806,부평구,2008,45512
15133JYB0806,부평구,2009,47661
15133JYB0806,부평구,2010,48593
15133JYB0806,부평구,2011,50390
15133JYB0806,부평구,2012,49686
15133JYB0806,부평구,2013,50354
15133JYB0806,부평구,2014,52368
15133JYB0806,부평구,2015,54231
15133JYB0806,부평구,2016,54733
15133JYB0806,부평구,2017,55916
15133JYB0806,부평구,2018,58607
15133JYB0806,부평구,2019,60949
15133JYB0806,부평구,2020,66270
15133JYB0806,부평구,2021,71328
15133JYB0806,부평구,2022,77024
15133JYB0806,부평구,2023,78600
15133JYB0806,부평구,2024,78961
15133JYB0806,부평구,2025,78838
15133JYB0807,서구,2008,41579
15133JYB0807,서구,2009,43559
15133JYB0807,서구,2010,46160
15133JYB0807,서구,2011,47463
15133JYB0807,서구,2012,49339
15133JYB0807,서구,2013,50807
15133JYB0807,서구,2014,53745
15133JYB0807,서구,2015,57736
15133JYB0807,서구,2016,62535
15133JYB0807,서구,2017,69015
15133JYB0807,서구,2018,76201
15133JYB0807,서구,2019,82615
15133JYB0807,서구,2020,94155
15133JYB0807,서구,2021,109538
15133JYB0807,서구,2022,119667
15133JYB0807,서구,2023,125853
15133JYB0807,서구,2024,131084
15133JYB0807,서구,2025,136447
15133JYB0808,연수구,2008,20520
15133JYB0808,연수구,2009,21952
15133JYB0808,연수구,2010,23594
15133JYB0808,연수구,2011,24454
15133JYB0808,연수구,2012,25776
15133JYB0808,연수구,2013,27821
15133JYB0808,연수구,2014,30566
15133JYB0808,연수구,2015,33473
15133JYB0808,연수구,2016,35846
15133JYB0808,연수구,2017,39834
15133JYB0808,연수구,2018,45923
15133JYB0808,연수구,2019,50324
15133JYB0808,연수구,2020,58552
15133JYB0808,연수구,2021,67753
15133JYB0808,연수구,2022,74542
15133JYB0808,연수구,2023,79559
15133JYB0808,연수구,2024,84608
15133JYB0808,연수구,2025,88677
15133JYB0809,옹진군,2008,1577
15133JYB0809,옹진군,2009,1747
15133JYB0809,옹진군,2010,1955
15133JYB0809,옹진군,2011,2108
15133JYB0809,옹진군,2012,2258
15133JYB0809,옹진군,2013,2379
15133JYB0809,옹진군,2014,2514
15133JYB0809,옹진군,2015,2610
15133JYB0809,옹진군,2016,2647
15133JYB0809,옹진군,2017,2804
15133JYB0809,옹진군,2018,2903
15133JYB0809,옹진군,2019,3112
15133JYB0809,옹진군,2020,3311
15133JYB0809,옹진군,2021,3571
15133JYB0809,옹진군,2022,3736
15133JYB0809,옹진군,2023,3829
15133JYB0809,옹진군,2024,3967
15133JYB0809,옹진군,2025,4048
15133JYB080A,중구,2008,20702
15133JYB080A,중구,2009,21507
15133JYB080A,중구,2010,22027
15133JYB080A,중구,2011,22381
15133JYB080A,중구,2012,22560
15133JYB080A,중구,2013,22926
15133JYB080A,중구,2014,23904
15133JYB080A,중구,2015,26156
15133JYB080A,중구,2016,27832
15133JYB080A,중구,2017,31615
15133JYB080A,중구,2018,36950
15133JYB080A,중구,2019,39950
15133JYB080A,중구,2020,44726
15133JYB080A,중구,2021,48482
15133JYB080A,중구,2022,50722
15133JYB080A,중구,2023,51856
15133JYB080A,중구,2024,52885
15133JYB080A,중구,2025,53480
15133JYB09,경기,2008,1191642
15133JYB09,경기,2009,1248391
15133JYB09,경기,2010,1306632
15133JYB09,경기,2011,1360898
15133JYB09,경기,2012,1405420
15133JYB09,경기,2013,1441912
15133JYB09,경기,2014,1516008
15133JYB09,경기,2015,1617283
15133JYB09,경기,2016,1695675
15133JYB09,경기,2017,1814719
15133JYB09,경기,2018,1966143
15133JYB09,경기,2019,2093499
15133JYB09,경기,2020,2294938
15133JYB09,경기,2021,2500190
15133JYB09,경기,2022,2668358
15133JYB09,경기,2023,2772936
15133JYB09,경기,2024,2848544
15133JYB09,경기,2025,2918655
15133JYB0901,가평군,2008,5902
15133JYB0901,가평군,2009,6235
15133JYB0901,가평군,2010,6702
15133JYB0901,가평군,2011,7263
15133JYB0901,가평군,2012,7418
15133JYB0901,가평군,2013,7771
15133JYB0901,가평군,2014,8398
15133JYB0901,가평군,2015,8907
15133JYB0901,가평군,2016,9247
15133JYB0901,가평군,2017,9920
15133JYB0901,가평군,2018,10704
15133JYB0901,가평군,2019,11308
15133JYB0901,가평군,2020,11929
15133JYB0901,가평군,2021,12818
15133JYB0901,가평군,2022,13822
15133JYB0901,가평군,2023,14330
15133JYB0901,가평군,2024,14877
15133JYB0901,가평군,2025,15286
15133JYB0902,고양시,2008,102585
15133JYB0902,고양시,2009,106218
15133JYB0902,고양시,2010,108660
15133JYB0902,고양시,2011,109778
15133JYB0902,고양시,2012,112915
15133JYB0902,고양시,2013,115027
15133JYB0902,고양시,2014,121489
15133JYB0902,고양시,2015,129176
15133JYB0902,고양시,2016,135129
15133JYB0902,고양시,2017,142528
15133JYB0902,고양시,2018,156172
15133JYB0902,고양시,2019,165289
15133JYB0902,고양시,2020,181744
15133JYB0902,고양시,2021,203227
15133JYB0902,고양시,2022,214400
15133JYB0902,고양시,2023,221270
15133JYB0902,고양시,2024,225640
15133JYB0902,고양시,2025,228890
15133JYB0903,과천시,2008,6781
15133JYB0903,과천시,2009,7138
15133JYB0903,과천시,2010,7428
15133JYB0903,과천시,2011,7646
15133JYB0903,과천시,2012,7856
15133JYB0903,과천시,2013,7857
15133JYB0903,과천시,2014,8062
15133JYB0903,과천시,2015,8300
15133JYB0903,과천시,2016,8308
15133JYB0903,과천시,2017,8225
15133JYB0903,과천시,2018,8793
15133JYB0903,과천시,2019,10001
15133JYB0903,과천시,2020,10878
15133JYB0903,과천시,2021,12195
15133JYB0903,과천시,2022,13706
15133JYB0903,과천시,2023,15025
15133JYB0903,과천시,2024,15942
15133JYB0903,과천시,2025,16471
15133JYB0904,광명시,2008,23304
15133JYB0904,광명시,2009,24746
15133JYB0904,광명시,2010,26795
15133JYB0904,광명시,2011,28273
15133JYB0904,광명시,2012,29428
15133JYB0904,광명시,2013,29646
15133JYB0904,광명시,2014,31577
15133JYB0904,광명시,2015,34113
15133JYB0904,광명시,2016,35529
15133JYB0904,광명시,2017,38232
15133JYB0904,광명시,2018,41103
15133JYB0904,광명시,2019,42846
15133JYB0904,광명시,2020,46077
15133JYB0904,광명시,2021,48507
15133JYB0904,광명시,2022,50284
15133JYB0904,광명시,2023,51341
15133JYB0904,광명시,2024,52017
15133JYB0904,광명시,2025,53308
15133JYB0905,광주시,2008,32124
15133JYB0905,광주시,2009,33495
15133JYB0905,광주시,2010,35230
15133JYB0905,광주시,2011,37248
15133JYB0905,광주시,2012,39489
15133JYB0905,광주시,2013,41155
15133JYB0905,광주시,2014,43737
15133JYB0905,광주시,2015,46525
15133JYB0905,광주시,2016,48541
15133JYB0905,광주시,2017,51345
15133JYB0905,광주시,2018,55176
15133JYB0905,광주시,2019,58777
15133JYB0905,광주시,2020,64024
15133JYB0905,광주시,2021,68490
15133JYB0905,광주시,2022,73124
15133JYB0905,광주시,2023,76358
15133JYB0905,광주시,2024,78950
15133JYB0905,광주시,2025,81609
15133JYB0906,구리시,2008,19533
15133JYB0906,구리시,2009,20179
15133JYB0906,구리시,2010,20679
15133JYB0906,구리시,2011,20940
15133JYB0906,구리시,2012,20980
15133JYB0906,구리시,2013,21410
15133JYB0906,구리시,2014,22308
15133JYB0906,구리시,2015,23488
15133JYB0906,구리시,2016,24485
15133JYB0906,구리시,2017,26767
15133JYB0906,구리시,2018,29630
15133JYB0906,구리시,2019,31484
15133JYB0906,구리시,2020,35115
15133JYB0906,구리시,2021,38970
15133JYB0906,구리시,2022,40025
15133JYB0906,구리시,2023,41194
15133JYB0906,구리시,2024,42634
15133JYB0906,구리시,2025,42836
15133JYB0907,군포시,2008,24639
15133JYB0907,군포시,2009,25640
15133JYB0907,군포시,2010,26529
15133JYB0907,군포시,2011,27151
15133JYB0907,군포시,2012,27871
15133JYB0907,군포시,2013,28120
15133JYB0907,군포시,2014,28936
15133JYB0907,군포시,2015,30417
15133JYB0907,군포시,2016,31010
15133JYB0907,군포시,2017,32249
15133JYB0907,군포시,2018,34204
15133JYB0907,군포시,2019,36466
15133JYB0907,군포시,2020,39000
15133JYB0907,군포시,2021,40868
15133JYB0907,군포시,2022,42832
15133JYB0907,군포시,2023,43312
15133JYB0907,군포시,2024,43253
15133JYB0907,군포시,2025,43037
15133JYB0908,김포시,2008,31076
15133JYB0908,김포시,2009,33291
15133JYB0908,김포시,2010,35779
15133JYB0908,김포시,2011,38094
15133JYB0908,김포시,2012,40290
15133JYB0908,김포시,2013,42177
15133JYB0908,김포시,2014,46581
15133JYB0908,김포시,2015,51543
15133JYB0908,김포시,2016,58381
15133JYB0908,김포시,2017,67716
15133JYB0908,김포시,2018,78433
15133JYB0908,김포시,2019,85852
15133JYB0908,김포시,2020,97868
15133JYB0908,김포시,2021,108611
15133JYB0908,김포시,2022,118069
15133JYB0908,김포시,2023,124501
15133JYB0908,김포시,2024,132125
15133JYB0908,김포시,2025,140312
15133JYB0909,남양주시,2008,43138
15133JYB0909,남양주시,2009,46673
15133JYB0909,남양주시,2010,50681
15133JYB0909,남양주시,2011,54356
15133JYB0909,남양주시,2012,57498
15133JYB0909,남양주시,2013,61424
15133JYB0909,남양주시,2014,66565
15133JYB0909,남양주시,2015,71623
15133JYB0909,남양주시,2016,75055
15133JYB0909,남양주시,2017,81945
15133JYB0909,남양주시,2018,90823
15133JYB0909,남양주시,2019,101136
15133JYB0909,남양주시,2020,114517
15133JYB0909,남양주시,2021,126965
15133JYB0909,남양주시,2022,137347
15133JYB0909,남양주시,2023,143375
15133JYB0909,남양주시,2024,148714
15133JYB0909,남양주시,2025,153686
15133JYB090A,동두천시,2008,7841
15133JYB090A,동두천시,2009,8341
15133JYB090A,동두천시,2010,8933
15133JYB090A,동두천시,2011,9268
15133JYB090A,동두천시,2012,9405
15133JYB090A,동두천시,2013,9510
15133JYB090A,동두천시,2014,9937
15133JYB090A,동두천시,2015,10252
15133JYB090A,동두천시,2016,10432
15133JYB090A,동두천시,2017,10625
15133JYB090A,동두천시,2018,11004
15133JYB090A,동두천시,2019,11351
15133JYB090A,동두천시,2020,12119
15133JYB090A,동두천시,2021,12563
15133JYB090A,동두천시,2022,13196
15133JYB090A,동두천시,2023,13422
15133JYB090A,동두천시,2024,13487
15133JYB090A,동두천시,2025,13718
15133JYB090B,부천시,2008,92180
15133JYB090B,부천시,2009,95832
15133JYB090B,부천시,2010,99198
15133JYB090B,부천시,2011,102128
15133JYB090B,부천시,2012,101887
15133JYB090B,부천시,2013,103125
15133JYB090B,부천시,2014,105448
15133JYB090B,부천시,2015,108132
15133JYB090B,부천시,2016,110686
15133JYB090B,부천시,2017,114075
15133JYB090B,부천시,2018,119127
15133JYB090B,부천시,2019,125504
15133JYB090B,부천시,2020,133151
15133JYB090B,부천시,2021,139633
15133JYB090B,부천시,2022,145163
15133JYB090B,부천시,2023,148256
15133JYB090B,부천시,2024,148958
15133JYB090B,부천시,2025,150209
15133JYB090C,성남시,2008,94952
15133JYB090C,성남시,2009,98822
15133JYB090C,성남시,2010,103316
15133JYB090C,성남시,2011,108807
15133JYB090C,성남시,2012,113108
15133JYB090C,성남시,2013,116573
15133JYB090C,성남시,2014,120458
15133JYB090C,성남시,2015,129447
15133JYB090C,성남시,2016,131679
15133JYB090C,성남시,2017,136201
15133JYB090C,성남시,2018,145497
15133JYB090C,성남시,2019,151939
15133JYB090C,성남시,2020,162284
15133JYB090C,성남시,2021,169698
15133JYB090C,성남시,2022,175263
15133JYB090C,성남시,2023,178172
15133JYB090C,성남시,2024,178230
15133JYB090C,성남시,2025,179250
15133JYB090D,수원시,2008,101214
15133JYB090D,수원시,2009,104379
15133JYB090D,수원시,2010,107376
15133JYB090D,수원시,2011,111710
15133JYB090D,수원시,2012,116382
15133JYB090D,수원시,2013,119576
15133JYB090D,수원시,2014,125444
15133JYB090D,수원시,2015,134878
15133JYB090D,수원시,2016,139141
15133JYB090D,수원시,2017,146422
15133JYB090D,수원시,2018,154330
15133JYB090D,수원시,2019,161181
15133JYB090D,수원시,2020,175255
15133JYB090D,수원시,2021,187265
15133JYB090D,수원시,2022,197360
15133JYB090D,수원시,2023,203070
15133JYB090D,수원시,2024,205465
15133JYB090D,수원시,2025,207408
15133JYB090E,시흥시,2008,56138
15133JYB090E,시흥시,2009,58507
15133JYB090E,시흥시,2010,61238
15133JYB090E,시흥시,2011,62995
15133JYB090E,시흥시,2012,64212
15133JYB090E,시흥시,2013,64820
15133JYB090E,시흥시,2014,67526
15133JYB090E,시흥시,2015,71366
15133JYB090E,시흥시,2016,77462
15133JYB090E,시흥시,2017,83027
15133JYB090E,시흥시,2018,88266
15133JYB090E,시흥시,2019,93320
15133JYB090E,시흥시,2020,103034
15133JYB090E,시흥시,2021,114358
15133JYB090E,시흥시,2022,122535
15133JYB090E,시흥시,2023,126202
15133JYB090E,시흥시,2024,127848
15133JYB090E,시흥시,2025,129405
15133JYB090F,안산시,2008,78730
15133JYB090F,안산시,2009,81510
15133JYB090F,안산시,2010,83968
15133JYB090F,안산시,2011,85712
15133JYB090F,안산시,2012,87436
15133JYB090F,안산시,2013,90428
15133JYB090F,안산시,2014,94532
15133JYB090F,안산시,2015,98582
15133JYB090F,안산시,2016,99829
15133JYB090F,안산시,2017,103280
15133JYB090F,안산시,2018,107224
15133JYB090F,안산시,2019,110957
15133JYB090F,안산시,2020,119027
15133JYB090F,안산시,2021,133311
15133JYB090F,안산시,2022,141664
15133JYB090F,안산시,2023,145837
15133JYB090F,안산시,2024,149019
15133JYB090F,안산시,2025,147581
15133JYB090G,안성시,2008,17754
15133JYB090G,안성시,2009,18886
15133JYB090G,안성시,2010,20059
15133JYB090G,안성시,2011,21102
15133JYB090G,안성시,2012,22137
15133JYB090G,안성시,2013,22616
15133JYB090G,안성시,2014,23588
15133JYB090G,안성시,2015,24809
15133JYB090G,안성시,2016,25740
15133JYB090G,안성시,2017,27081
15133JYB090G,안성시,2018,28692
15133JYB090G,안성시,2019,29999
15133JYB090G,안성시,2020,32614
15133JYB090G,안성시,2021,34959
15133JYB090G,안성시,2022,37006
15133JYB090G,안성시,2023,38504
15133JYB090G,안성시,2024,40075
15133JYB090G,안성시,2025,41516
15133JYB090H,안양시,2008,66432
15133JYB090H,안양시,2009,68398
15133JYB090H,안양시,2010,70608
15133JYB090H,안양시,2011,71897
15133JYB090H,안양시,2012,72533
15133JYB090H,안양시,2013,73013
15133JYB090H,안양시,2014,75810
15133JYB090H,안양시,2015,78669
15133JYB090H,안양시,2016,80414
15133JYB090H,안양시,2017,82429
15133JYB090H,안양시,2018,88476
15133JYB090H,안양시,2019,92006
15133JYB090H,안양시,2020,97584
15133JYB090H,안양시,2021,102376
15133JYB090H,안양시,2022,106895
15133JYB090H,안양시,2023,108687
15133JYB090H,안양시,2024,111094
15133JYB090H,안양시,2025,113157
15133JYB090I,양주시,2008,20655
15133JYB090I,양주시,2009,21197
15133JYB090I,양주시,2010,22337
15133JYB090I,양주시,2011,23291
15133JYB090I,양주시,2012,23908
15133JYB090I,양주시,2013,24296
15133JYB090I,양주시,2014,25370
15133JYB090I,양주시,2015,26787
15133JYB090I,양주시,2016,28028
15133JYB090I,양주시,2017,30181
15133JYB090I,양주시,2018,32631
15133JYB090I,양주시,2019,35148
15133JYB090I,양주시,2020,39057
15133JYB090I,양주시,2021,43505
15133JYB090I,양주시,2022,48215
15133JYB090I,양주시,2023,53116
15133JYB090I,양주시,2024,56101
15133JYB090I,양주시,2025,61302
15133JYB090J,양평군,2008,8177
15133JYB090J,양평군,2009,8716
15133JYB090J,양평군,2010,9219
15133JYB090J,양평군,2011,9955
15133JYB090J,양평군,2012,10224
15133JYB090J,양평군,2013,10975
15133JYB090J,양평군,2014,11713
15133JYB090J,양평군,2015,12607
15133JYB090J,양평군,2016,13267
15133JYB090J,양평군,2017,14362
15133JYB090J,양평군,2018,15745
15133JYB090J,양평군,2019,16927
15133JYB090J,양평군,2020,18620
15133JYB090J,양평군,2021,20288
15133JYB090J,양평군,2022,21959
15133JYB090J,양평군,2023,23932
15133JYB090J,양평군,2024,26012
15133JYB090J,양평군,2025,31051
15133JYB090K,여주시,2008,15212
15133JYB090K,여주시,2009,15721
15133JYB090K,여주시,2010,16196
15133JYB090K,여주시,2011,16531
15133JYB090K,여주시,2012,16464
15133JYB090K,여주시,2013,16770
15133JYB090K,여주시,2014,17279
15133JYB090K,여주시,2015,18092
15133JYB090K,여주시,2016,18610
15133JYB090K,여주시,2017,19420
15133JYB090K,여주시,2018,20633
15133JYB090K,여주시,2019,21293
15133JYB090K,여주시,2020,22491
15133JYB090K,여주시,2021,23579
15133JYB090K,여주시,2022,25218
15133JYB090K,여주시,2023,26762
15133JYB090K,여주시,2024,27835
15133JYB090K,여주시,2025,28642
15133JYB090L,연천군,2008,9065
15133JYB090L,연천군,2009,9116
15133JYB090L,연천군,2010,8818
15133JYB090L,연천군,2011,9023
15133JYB090L,연천군,2012,9027
15133JYB090L,연천군,2013,8868
15133JYB090L,연천군,2014,9056
15133JYB090L,연천군,2015,9353
15133JYB090L,연천군,2016,9408
15133JYB090L,연천군,2017,9486
15133JYB090L,연천군,2018,9766
15133JYB090L,연천군,2019,10129
15133JYB090L,연천군,2020,10576
15133JYB090L,연천군,2021,11000
15133JYB090L,연천군,2022,11397
15133JYB090L,연천군,2023,11410
15133JYB090L,연천군,2024,11716
15133JYB090L,연천군,2025,11985
15133JYB090M,오산시,2008,14438
15133JYB090M,오산시,2009,15402
15133JYB090M,오산시,2010,16625
15133JYB090M,오산시,2011,17438
15133JYB090M,오산시,2012,18348
15133JYB090M,오산시,2013,19032
15133JYB090M,오산시,2014,19992
15133JYB090M,오산시,2015,21139
15133JYB090M,오산시,2016,22301
15133JYB090M,오산시,2017,25132
15133JYB090M,오산시,2018,27077
15133JYB090M,오산시,2019,28304
15133JYB090M,오산시,2020,31434
15133JYB090M,오산시,2021,34545
15133JYB090M,오산시,2022,37620
15133JYB090M,오산시,2023,39167
15133JYB090M,오산시,2024,41185
15133JYB090M,오산시,2025,42368
15133JYB090N,용인시,2008,67163
15133JYB090N,용인시,2009,72020
15133JYB090N,용인시,2010,76834
15133JYB090N,용인시,2011,81783
15133JYB090N,용인시,2012,85829
15133JYB090N,용인시,2013,88577
15133JYB090N,용인시,2014,94627
15133JYB090N,용인시,2015,102595
15133JYB090N,용인시,2016,107760
15133JYB090N,용인시,2017,117473
15133JYB090N,용인시,2018,130697
15133JYB090N,용인시,2019,142819
15133JYB090N,용인시,2020,159427
15133JYB090N,용인시,2021,172767
15133JYB090N,용인시,2022,184990
15133JYB090N,용인시,2023,198136
15133JYB090N,용인시,2024,207782
15133JYB090N,용인시,2025,214156
15133JYB090O,의왕시,2008,10938
15133JYB090O,의왕시,2009,11609
15133JYB090O,의왕시,2010,12130
15133JYB090O,의왕시,2011,12548
15133JYB090O,의왕시,2012,12790
15133JYB090O,의왕시,2013,13094
15133JYB090O,의왕시,2014,14169
15133JYB090O,의왕시,2015,15181
15133JYB090O,의왕시,2016,15911
15133JYB090O,의왕시,2017,16699
15133JYB090O,의왕시,2018,17919
15133JYB090O,의왕시,2019,19461
15133JYB090O,의왕시,2020,20981
15133JYB090O,의왕시,2021,22954
15133JYB090O,의왕시,2022,24034
15133JYB090O,의왕시,2023,24447
15133JYB090O,의왕시,2024,24563
15133JYB090O,의왕시,2025,25007
15133JYB090P,의정부시,2008,36401
15133JYB090P,의정부시,2009,38031
15133JYB090P,의정부시,2010,39131
15133JYB090P,의정부시,2011,40517
15133JYB090P,의정부시,2012,41442
15133JYB090P,의정부시,2013,41937
15133JYB090P,의정부시,2014,43902
15133JYB090P,의정부시,2015,46865
15133JYB090P,의정부시,2016,48323
15133JYB090P,의정부시,2017,50213
15133JYB090P,의정부시,2018,53469
15133JYB090P,의정부시,2019,55932
15133JYB090P,의정부시,2020,60754
15133JYB090P,의정부시,2021,65180
15133JYB090P,의정부시,2022,69225
15133JYB090P,의정부시,2023,71731
15133JYB090P,의정부시,2024,72683
15133JYB090P,의정부시,2025,73826
15133JYB090Q,이천시,2008,21573
15133JYB090Q,이천시,2009,22008
15133JYB090Q,이천시,2010,22618
15133JYB090Q,이천시,2011,23337
15133JYB090Q,이천시,2012,24205
15133JYB090Q,이천시,2013,24957
15133JYB090Q,이천시,2014,26285
15133JYB090Q,이천시,2015,27702
15133JYB090Q,이천시,2016,29065
15133JYB090Q,이천시,2017,31733
15133JYB090Q,이천시,2018,34263
15133JYB090Q,이천시,2019,35658
15133JYB090Q,이천시,2020,37810
15133JYB090Q,이천시,2021,40411
15133JYB090Q,이천시,2022,42569
15133JYB090Q,이천시,2023,43849
15133JYB090Q,이천시,2024,45042
15133JYB090Q,이천시,2025,46731
15133JYB090R,파주시,2008,35385
15133JYB090R,파주시,2009,37816
15133JYB090R,파주시,2010,40761
15133JYB090R,파주시,2011,43816
15133JYB090R,파주시,2012,45508
15133JYB090R,파주시,2013,46682
15133JYB090R,파주시,2014,49028
15133JYB090R,파주시,2015,52493
15133JYB090R,파주시,2016,55527
15133JYB090R,파주시,2017,61075
15133JYB090R,파주시,2018,67430
15133JYB090R,파주시,2019,73713
15133JYB090R,파주시,2020,81753
15133JYB090R,파주시,2021,91272
15133JYB090R,파주시,2022,102191
15133JYB090R,파주시,2023,108409
15133JYB090R,파주시,2024,113377
15133JYB090R,파주시,2025,117574
15133JYB090S,평택시,2008,43715
15133JYB090S,평택시,2009,46455
15133JYB090S,평택시,2010,48456
15133JYB090S,평택시,2011,50257
15133JYB090S,평택시,2012,52045
15133JYB090S,평택시,2013,53828
15133JYB090S,평택시,2014,57110
15133JYB090S,평택시,2015,62879
15133JYB090S,평택시,2016,68030
15133JYB090S,평택시,2017,73820
15133JYB090S,평택시,2018,80442
15133JYB090S,평택시,2019,86189
15133JYB090S,평택시,2020,97164
15133JYB090S,평택시,2021,112064
15133JYB090S,평택시,2022,124272
15133JYB090S,평택시,2023,131041
15133JYB090S,평택시,2024,134914
15133JYB090S,평택시,2025,137635
15133JYB090T,포천시,2008,24615
15133JYB090T,포천시,2009,25858
15133JYB090T,포천시,2010,27026
15133JYB090T,포천시,2011,28053
15133JYB090T,포천시,2012,28617
15133JYB090T,포천시,2013,29593
15133JYB090T,포천시,2014,30601
15133JYB090T,포천시,2015,31661
15133JYB090T,포천시,2016,32207
15133JYB090T,포천시,2017,33119
15133JYB090T,포천시,2018,34288
15133JYB090T,포천시,2019,35741
15133JYB090T,포천시,2020,37758
15133JYB090T,포천시,2021,39978
15133JYB090T,포천시,2022,42261
15133JYB090T,포천시,2023,42905
15133JYB090T,포천시,2024,43734
15133JYB090T,포천시,2025,46230
15133JYB090U,하남시,2008,18261
15133JYB090U,하남시,2009,19744
15133JYB090U,하남시,2010,21130
15133JYB090U,하남시,2011,21437
15133JYB090U,하남시,2012,22092
15133JYB090U,하남시,2013,22059
15133JYB090U,하남시,2014,23909
15133JYB090U,하남시,2015,27033
15133JYB090U,하남시,2016,34529
15133JYB090U,하남시,2017,44738
15133JYB090U,하남시,2018,52721
15133JYB090U,하남시,2019,57191
15133JYB090U,하남시,2020,64947
15133JYB090U,하남시,2021,72358
15133JYB090U,하남시,2022,77465
15133JYB090U,하남시,2023,79863
15133JYB090U,하남시,2024,81056
15133JYB090U,하남시,2025,81487
15133JYB090V,화성시,2008,61721
15133JYB090V,화성시,2009,66408
15133JYB090V,화성시,2010,72172
15133JYB090V,화성시,2011,78544
15133JYB090V,화성시,2012,84076
15133JYB090V,화성시,2013,86996
15133JYB090V,화성시,2014,92571
15133JYB090V,화성시,2015,102669
15133JYB090V,화성시,2016,111641
15133JYB090V,화성시,2017,125201
15133JYB090V,화성시,2018,141408
15133JYB090V,화성시,2019,155578
15133JYB090V,화성시,2020,175946
15133JYB090V,화성시,2021,195475
15133JYB090V,화성시,2022,214251
15133JYB090V,화성시,2023,225312
15133JYB090V,화성시,2024,234216
15133JYB090V,화성시,2025,242982
15133JYB0A,강원,2008,163021
15133JYB0A,강원,2009,168343
15133JYB0A,강원,2010,173353
15133JYB0A,강원,2011,177206
15133JYB0A,강원,2012,180332
15133JYB0A,강원,2013,183571
15133JYB0A,강원,2014,191072
15133JYB0A,강원,2015,200066
15133JYB0A,강원,2016,205922
15133JYB0A,강원,2017,216103
15133JYB0A,강원,2018,226824
15133JYB0A,강원,2019,237534
15133JYB0A,강원,2020,255813
15133JYB0A,강원,2021,271461
15133JYB0A,강원,2022,287179
15133JYB0A,강원,2023,296615
15133JYB0A,강원,2024,302897
15133JYB0A,강원,2025,308979
15133JYB0A01,강릉시,2008,24524
15133JYB0A01,강릉시,2009,25047
15133JYB0A01,강릉시,2010,25700
15133JYB0A01,강릉시,2011,25849
15133JYB0A01,강릉시,2012,26216
15133JYB0A01,강릉시,2013,26718
15133JYB0A01,강릉시,2014,27499
15133JYB0A01,강릉시,2015,28339
15133JYB0A01,강릉시,2016,30021
15133JYB0A01,강릉시,2017,31558
15133JYB0A01,강릉시,2018,33152
15133JYB0A01,강릉시,2019,34738
15133JYB0A01,강릉시,2020,37082
15133JYB0A01,강릉시,2021,39190
15133JYB0A01,강릉시,2022,41623
15133JYB0A01,강릉시,2023,42653
15133JYB0A01,강릉시,2024,43331
15133JYB0A01,강릉시,2025,43864
15133JYB0A02,고성군,2008,3695
15133JYB0A02,고성군,2009,3733
15133JYB0A02,고성군,2010,3815
15133JYB0A02,고성군,2011,3811
15133JYB0A02,고성군,2012,3771
15133JYB0A02,고성군,2013,3856
15133JYB0A02,고성군,2014,4008
15133JYB0A02,고성군,2015,4126
15133JYB0A02,고성군,2016,4176
15133JYB0A02,고성군,2017,4409
15133JYB0A02,고성군,2018,4642
15133JYB0A02,고성군,2019,4904
15133JYB0A02,고성군,2020,5307
15133JYB0A02,고성군,2021,5793
15133JYB0A02,고성군,2022,6371
15133JYB0A02,고성군,2023,6807
15133JYB0A02,고성군,2024,6897
15133JYB0A02,고성군,2025,7045
15133JYB0A03,동해시,2008,10180
15133JYB0A03,동해시,2009,10283
15133JYB0A03,동해시,2010,10432
15133JYB0A03,동해시,2011,10632
15133JYB0A03,동해시,2012,10867
15133JYB0A03,동해시,2013,11081
15133JYB0A03,동해시,2014,11563
15133JYB0A03,동해시,2015,11892
15133JYB0A03,동해시,2016,12066
15133JYB0A03,동해시,2017,12426
15133JYB0A03,동해시,2018,12626
15133JYB0A03,동해시,2019,12972
15133JYB0A03,동해시,2020,13627
15133JYB0A03,동해시,2021,14213
15133JYB0A03,동해시,2022,14766
15133JYB0A03,동해시,2023,15040
15133JYB0A03,동해시,2024,15193
15133JYB0A03,동해시,2025,15241
15133JYB0A04,삼척시,2008,6732
15133JYB0A04,삼척시,2009,6868
15133JYB0A04,삼척시,2010,7016
15133JYB0A04,삼척시,2011,7310
15133JYB0A04,삼척시,2012,7499
15133JYB0A04,삼척시,2013,7698
15133JYB0A04,삼척시,2014,7901
15133JYB0A04,삼척시,2015,8135
15133JYB0A04,삼척시,2016,8070
15133JYB0A04,삼척시,2017,8221
15133JYB0A04,삼척시,2018,8661
15133JYB0A04,삼척시,2019,9088
15133JYB0A04,삼척시,2020,9598
15133JYB0A04,삼척시,2021,9984
15133JYB0A04,삼척시,2022,10343
15133JYB0A04,삼척시,2023,10494
15133JYB0A04,삼척시,2024,10543
15133JYB0A04,삼척시,2025,10609
15133JYB0A05,속초시,2008,10365
15133JYB0A05,속초시,2009,10596
15133JYB0A05,속초시,2010,10925
15133JYB0A05,속초시,2011,10847
15133JYB0A05,속초시,2012,11023
15133JYB0A05,속초시,2013,11295
15133JYB0A05,속초시,2014,11822
15133JYB0A05,속초시,2015,12369
15133JYB0A05,속초시,2016,13503
15133JYB0A05,속초시,2017,14568
15133JYB0A05,속초시,2018,15624
15133JYB0A05,속초시,2019,16783
15133JYB0A05,속초시,2020,19452
15133JYB0A05,속초시,2021,21569
15133JYB0A05,속초시,2022,23051
15133JYB0A05,속초시,2023,23971
15133JYB0A05,속초시,2024,24120
15133JYB0A05,속초시,2025,24190
15133JYB0A06,양구군,2008,1786
15133JYB0A06,양구군,2009,1870
15133JYB0A06,양구군,2010,1915
15133JYB0A06,양구군,2011,1982
15133JYB0A06,양구군,2012,2127
15133JYB0A06,양구군,2013,2240
15133JYB0A06,양구군,2014,2358
15133JYB0A06,양구군,2015,2541
15133JYB0A06,양구군,2016,2591
15133JYB0A06,양구군,2017,2821
15133JYB0A06,양구군,2018,3151
15133JYB0A06,양구군,2019,3382
15133JYB0A06,양구군,2020,3562
15133JYB0A06,양구군,2021,3730
15133JYB0A06,양구군,2022,3907
15133JYB0A06,양구군,2023,4052
15133JYB0A06,양구군,2024,4110
15133JYB0A06,양구군,2025,4171
15133JYB0A07,양양군,2008,3776
15133JYB0A07,양양군,2009,3883
15133JYB0A07,양양군,2010,3987
15133JYB0A07,양양군,2011,4002
15133JYB0A07,양양군,2012,3958
15133JYB0A07,양양군,2013,3966
15133JYB0A07,양양군,2014,4085
15133JYB0A07,양양군,2015,4269
15133JYB0A07,양양군,2016,4364
15133JYB0A07,양양군,2017,4599
15133JYB0A07,양양군,2018,5028
15133JYB0A07,양양군,2019,5328
15133JYB0A07,양양군,2020,5910
15133JYB0A07,양양군,2021,7254
15133JYB0A07,양양군,2022,8435
15133JYB0A07,양양군,2023,9110
15133JYB0A07,양양군,2024,9430
15133JYB0A07,양양군,2025,9452
15133JYB0A08,영월군,2008,4178
15133JYB0A08,영월군,2009,4247
15133JYB0A08,영월군,2010,4386
15133JYB0A08,영월군,2011,4534
15133JYB0A08,영월군,2012,4579
15133JYB0A08,영월군,2013,4607
15133JYB0A08,영월군,2014,4767
15133JYB0A08,영월군,2015,4918
15133JYB0A08,영월군,2016,5000
15133JYB0A08,영월군,2017,5170
15133JYB0A08,영월군,2018,5423
15133JYB0A08,영월군,2019,5669
15133JYB0A08,영월군,2020,6128
15133JYB0A08,영월군,2021,6473
15133JYB0A08,영월군,2022,6739
15133JYB0A08,영월군,2023,6922
15133JYB0A08,영월군,2024,7048
15133JYB0A08,영월군,2025,7140
15133JYB0A09,원주시,2008,32910
15133JYB0A09,원주시,2009,34462
15133JYB0A09,원주시,2010,35412
15133JYB0A09,원주시,2011,36782
15133JYB0A09,원주시,2012,37804
15133JYB0A09,원주시,2013,38445
15133JYB0A09,원주시,2014,40744
15133JYB0A09,원주시,2015,43689
15133JYB0A09,원주시,2016,44950
15133JYB0A09,원주시,2017,47621
15133JYB0A09,원주시,2018,49779
15133JYB0A09,원주시,2019,52318
15133JYB0A09,원주시,2020,57112
15133JYB0A09,원주시,2021,60047
15133JYB0A09,원주시,2022,63157
15133JYB0A09,원주시,2023,65547
15133JYB0A09,원주시,2024,68089
15133JYB0A09,원주시,2025,71071
15133JYB0A0A,인제군,2008,3381
15133JYB0A0A,인제군,2009,3442
15133JYB0A0A,인제군,2010,3408
15133JYB0A0A,인제군,2011,3573
15133JYB0A0A,인제군,2012,3788
15133JYB0A0A,인제군,2013,3947
15133JYB0A0A,인제군,2014,4108
15133JYB0A0A,인제군,2015,4305
15133JYB0A0A,인제군,2016,4339
15133JYB0A0A,인제군,2017,4557
15133JYB0A0A,인제군,2018,4979
15133JYB0A0A,인제군,2019,5327
15133JYB0A0A,인제군,2020,5666
15133JYB0A0A,인제군,2021,6093
15133JYB0A0A,인제군,2022,6438
15133JYB0A0A,인제군,2023,6632
15133JYB0A0A,인제군,2024,6803
15133JYB0A0A,인제군,2025,6945
15133JYB0A0B,정선군,2008,4339
15133JYB0A0B,정선군,2009,4452
15133JYB0A0B,정선군,2010,4675
15133JYB0A0B,정선군,2011,4871
15133JYB0A0B,정선군,2012,4975
15133JYB0A0B,정선군,2013,5096
15133JYB0A0B,정선군,2014,5208
15133JYB0A0B,정선군,2015,5532
15133JYB0A0B,정선군,2016,5612
15133JYB0A0B,정선군,2017,5700
15133JYB0A0B,정선군,2018,5931
15133JYB0A0B,정선군,2019,6065
15133JYB0A0B,정선군,2020,6339
15133JYB0A0B,정선군,2021,6630
15133JYB0A0B,정선군,2022,7054
15133JYB0A0B,정선군,2023,7217
15133JYB0A0B,정선군,2024,7210
15133JYB0A0B,정선군,2025,7278
15133JYB0A0C,철원군,2008,4256
15133JYB0A0C,철원군,2009,4433
15133JYB0A0C,철원군,2010,4530
15133JYB0A0C,철원군,2011,4592
15133JYB0A0C,철원군,2012,4669
15133JYB0A0C,철원군,2013,4725
15133JYB0A0C,철원군,2014,4863
15133JYB0A0C,철원군,2015,5059
15133JYB0A0C,철원군,2016,5186
15133JYB0A0C,철원군,2017,5417
15133JYB0A0C,철원군,2018,5619
15133JYB0A0C,철원군,2019,5905
15133JYB0A0C,철원군,2020,6203
15133JYB0A0C,철원군,2021,6510
15133JYB0A0C,철원군,2022,6784
15133JYB0A0C,철원군,2023,7100
15133JYB0A0C,철원군,2024,7238
15133JYB0A0C,철원군,2025,7448
15133JYB0A0D,춘천시,2008,28353
15133JYB0A0D,춘천시,2009,29533
15133JYB0A0D,춘천시,2010,30674
15133JYB0A0D,춘천시,2011,31469
15133JYB0A0D,춘천시,2012,31811
15133JYB0A0D,춘천시,2013,32042
15133JYB0A0D,춘천시,2014,33398
15133JYB0A0D,춘천시,2015,35069
15133JYB0A0D,춘천시,2016,35648
15133JYB0A0D,춘천시,2017,36883
15133JYB0A0D,춘천시,2018,38416
15133JYB0A0D,춘천시,2019,39918
15133JYB0A0D,춘천시,2020,42679
15133JYB0A0D,춘천시,2021,45062
15133JYB0A0D,춘천시,2022,47850
15133JYB0A0D,춘천시,2023,49142
15133JYB0A0D,춘천시,2024,49929
15133JYB0A0D,춘천시,2025,50773
15133JYB0A0E,태백시,2008,4980
15133JYB0A0E,태백시,2009,5169
15133JYB0A0E,태백시,2010,5240
15133JYB0A0E,태백시,2011,5049
15133JYB0A0E,태백시,2012,5003
15133JYB0A0E,태백시,2013,5016
15133JYB0A0E,태백시,2014,5175
15133JYB0A0E,태백시,2015,5457
15133JYB0A0E,태백시,2016,5428
15133JYB0A0E,태백시,2017,5509
15133JYB0A0E,태백시,2018,5593
15133JYB0A0E,태백시,2019,5784
15133JYB0A0E,태백시,2020,5980
15133JYB0A0E,태백시,2021,6077
15133JYB0A0E,태백시,2022,6240
15133JYB0A0E,태백시,2023,6321
15133JYB0A0E,태백시,2024,6308
15133JYB0A0E,태백시,2025,6214
15133JYB0A0F,평창군,2008,5439
15133JYB0A0F,평창군,2009,5687
15133JYB0A0F,평창군,2010,6043
15133JYB0A0F,평창군,2011,6238
15133JYB0A0F,평창군,2012,6391
15133JYB0A0F,평창군,2013,6535
15133JYB0A0F,평창군,2014,6731
15133JYB0A0F,평창군,2015,6889
15133JYB0A0F,평창군,2016,7200
15133JYB0A0F,평창군,2017,8039
15133JYB0A0F,평창군,2018,8351
15133JYB0A0F,평창군,2019,8569
15133JYB0A0F,평창군,2020,9019
15133JYB0A0F,평창군,2021,9388
15133JYB0A0F,평창군,2022,9824
15133JYB0A0F,평창군,2023,10026
15133JYB0A0F,평창군,2024,10192
15133JYB0A0F,평창군,2025,10306
15133JYB0A0G,홍천군,2008,7901
15133JYB0A0G,홍천군,2009,8056
15133JYB0A0G,홍천군,2010,8262
15133JYB0A0G,홍천군,2011,8419
15133JYB0A0G,홍천군,2012,8544
15133JYB0A0G,홍천군,2013,8690
15133JYB0A0G,홍천군,2014,8930
15133JYB0A0G,홍천군,2015,9159
15133JYB0A0G,홍천군,2016,9287
15133JYB0A0G,홍천군,2017,9777
15133JYB0A0G,홍천군,2018,10337
15133JYB0A0G,홍천군,2019,10857
15133JYB0A0G,홍천군,2020,11550
15133JYB0A0G,홍천군,2021,12238
15133JYB0A0G,홍천군,2022,12875
15133JYB0A0G,홍천군,2023,13453
15133JYB0A0G,홍천군,2024,14008
15133JYB0A0G,홍천군,2025,14310
15133JYB0A0H,화천군,2008,1956
15133JYB0A0H,화천군,2009,2045
15133JYB0A0H,화천군,2010,2098
15133JYB0A0H,화천군,2011,2222
15133JYB0A0H,화천군,2012,2282
15133JYB0A0H,화천군,2013,2363
15133JYB0A0H,화천군,2014,2462
15133JYB0A0H,화천군,2015,2626
15133JYB0A0H,화천군,2016,2634
15133JYB0A0H,화천군,2017,2793
15133JYB0A0H,화천군,2018,3189
15133JYB0A0H,화천군,2019,3337
15133JYB0A0H,화천군,2020,3561
15133JYB0A0H,화천군,2021,3767
15133JYB0A0H,화천군,2022,3894
15133JYB0A0H,화천군,2023,3997
15133JYB0A0H,화천군,2024,4053
15133JYB0A0H,화천군,2025,4088
15133JYB0A0I,횡성군,2008,4270
15133JYB0A0I,횡성군,2009,4537
15133JYB0A0I,횡성군,2010,4835
15133JYB0A0I,횡성군,2011,5024
15133JYB0A0I,횡성군,2012,5025
15133JYB0A0I,횡성군,2013,5251
15133JYB0A0I,횡성군,2014,5450
15133JYB0A0I,횡성군,2015,5692
15133JYB0A0I,횡성군,2016,5847
15133JYB0A0I,횡성군,2017,6035
15133JYB0A0I,횡성군,2018,6323
15133JYB0A0I,횡성군,2019,6590
15133JYB0A0I,횡성군,2020,7038
15133JYB0A0I,횡성군,2021,7443
15133JYB0A0I,횡성군,2022,7828
15133JYB0A0I,횡성군,2023,8131
15133JYB0A0I,횡성군,2024,8395
15133JYB0A0I,횡성군,2025,8834
15133JYB0B,대전,2008,150340
15133JYB0B,대전,2009,154290
15133JYB0B,대전,2010,156667
15133JYB0B,대전,2011,161408
15133JYB0B,대전,2012,166017
15133JYB0B,대전,2013,168921
15133JYB0B,대전,2014,175746
15133JYB0B,대전,2015,182716
15133JYB0B,대전,2016,184530
15133JYB0B,대전,2017,190144
15133JYB0B,대전,2018,197689
15133JYB0B,대전,2019,205994
15133JYB0B,대전,2020,220787
15133JYB0B,대전,2021,232979
15133JYB0B,대전,2022,243407
15133JYB0B,대전,2023,249686
15133JYB0B,대전,2024,253395
15133JYB0B,대전,2025,258031
15133JYB0B01,대덕구,2008,25245
15133JYB0B01,대덕구,2009,25665
15133JYB0B01,대덕구,2010,25923
15133JYB0B01,대덕구,2011,26220
15133JYB0B01,대덕구,2012,26674
15133JYB0B01,대덕구,2013,26950
15133JYB0B01,대덕구,2014,27804
15133JYB0B01,대덕구,2015,28398
15133JYB0B01,대덕구,2016,28304
15133JYB0B01,대덕구,2017,28479
15133JYB0B01,대덕구,2018,28751
15133JYB0B01,대덕구,2019,29545
15133JYB0B01,대덕구,2020,30961
15133JYB0B01,대덕구,2021,32269
15133JYB0B01,대덕구,2022,33455
15133JYB0B01,대덕구,2023,34059
15133JYB0B01,대덕구,2024,34339
15133JYB0B01,대덕구,2025,34755
15133JYB0B02,동구,2008,23514
15133JYB0B02,동구,2009,23804
15133JYB0B02,동구,2010,24233
15133JYB0B02,동구,2011,24847
15133JYB0B02,동구,2012,25324
15133JYB0B02,동구,2013,25335
15133JYB0B02,동구,2014,25915
15133JYB0B02,동구,2015,26391
15133JYB0B02,동구,2016,26056
15133JYB0B02,동구,2017,26536
15133JYB0B02,동구,2018,27219
15133JYB0B02,동구,2019,28124
15133JYB0B02,동구,2020,29749
15133JYB0B02,동구,2021,31178
15133JYB0B02,동구,2022,32589
15133JYB0B02,동구,2023,33022
15133JYB0B02,동구,2024,33444
15133JYB0B02,동구,2025,33833
15133JYB0B03,서구,2008,47393
15133JYB0B03,서구,2009,48095
15133JYB0B03,서구,2010,48230
15133JYB0B03,서구,2011,49583
15133JYB0B03,서구,2012,50674
15133JYB0B03,서구,2013,51528
15133JYB0B03,서구,2014,53853
15133JYB0B03,서구,2015,56054
15133JYB0B03,서구,2016,56534
15133JYB0B03,서구,2017,57997
15133JYB0B03,서구,2018,60636
15133JYB0B03,서구,2019,63365
15133JYB0B03,서구,2020,68776
15133JYB0B03,서구,2021,72440
15133JYB0B03,서구,2022,75731
15133JYB0B03,서구,2023,78026
15133JYB0B03,서구,2024,79323
15133JYB0B03,서구,2025,81281
15133JYB0B04,유성구,2008,24441
15133JYB0B04,유성구,2009,26053
15133JYB0B04,유성구,2010,27148
15133JYB0B04,유성구,2011,29259
15133JYB0B04,유성구,2012,31508
15133JYB0B04,유성구,2013,33261
15133JYB0B04,유성구,2014,35587
15133JYB0B04,유성구,2015,38672
15133JYB0B04,유성구,2016,40576
15133JYB0B04,유성구,2017,43273
15133JYB0B04,유성구,2018,46644
15133JYB0B04,유성구,2019,49571
15133JYB0B04,유성구,2020,54243
15133JYB0B04,유성구,2021,58794
15133JYB0B04,유성구,2022,62727
15133JYB0B04,유성구,2023,65358
15133JYB0B04,유성구,2024,66718
15133JYB0B04,유성구,2025,68238
15133JYB0B05,중구,2008,29747
15133JYB0B05,중구,2009,30673
15133JYB0B05,중구,2010,31133
15133JYB0B05,중구,2011,31499
15133JYB0B05,중구,2012,31837
15133JYB0B05,중구,2013,31847
15133JYB0B05,중구,2014,32587
15133JYB0B05,중구,2015,33201
15133JYB0B05,중구,2016,33060
15133JYB0B05,중구,2017,33859
15133JYB0B05,중구,2018,34439
15133JYB0B05,중구,2019,35389
15133JYB0B05,중구,2020,37058
15133JYB0B05,중구,2021,38298
15133JYB0B05,중구,2022,38905
15133JYB0B05,중구,2023,39221
15133JYB0B05,중구,2024,39571
15133JYB0B05,중구,2025,39924
15133JYB0C,충북,2008,153803
15133JYB0C,충북,2009,159993
15133JYB0C,충북,2010,165122
15133JYB0C,충북,2011,168500
15133JYB0C,충북,2012,173811
15133JYB0C,충북,2013,177640
15133JYB0C,충북,2014,187079
15133JYB0C,충북,2015,198101
15133JYB0C,충북,2016,202612
15133JYB0C,충북,2017,211029
15133JYB0C,충북,2018,221580
15133JYB0C,충북,2019,232560
15133JYB0C,충북,2020,248729
15133JYB0C,충북,2021,263823
15133JYB0C,충북,2022,278343
15133JYB0C,충북,2023,287202
15133JYB0C,충북,2024,294071
15133JYB0C,충북,2025,301242
15133JYB0C01,괴산군,2008,2902
15133JYB0C01,괴산군,2009,3108
15133JYB0C01,괴산군,2010,3219
15133JYB0C01,괴산군,2011,3434
15133JYB0C01,괴산군,2012,3562
15133JYB0C01,괴산군,2013,3702
15133JYB0C01,괴산군,2014,3966
15133JYB0C01,괴산군,2015,4314
15133JYB0C01,괴산군,2016,4482
15133JYB0C01,괴산군,2017,4727
15133JYB0C01,괴산군,2018,4996
15133JYB0C01,괴산군,2019,5306
15133JYB0C01,괴산군,2020,5659
15133JYB0C01,괴산군,2021,6136
15133JYB0C01,괴산군,2022,6496
15133JYB0C01,괴산군,2023,6888
15133JYB0C01,괴산군,2024,7184
15133JYB0C01,괴산군,2025,7512
15133JYB0C02,단양군,2008,3464
15133JYB0C02,단양군,2009,3600
15133JYB0C02,단양군,2010,3546
15133JYB0C02,단양군,2011,3587
15133JYB0C02,단양군,2012,3618
15133JYB0C02,단양군,2013,3614
15133JYB0C02,단양군,2014,3705
15133JYB0C02,단양군,2015,3905
15133JYB0C02,단양군,2016,3967
15133JYB0C02,단양군,2017,4212
15133JYB0C02,단양군,2018,4497
15133JYB0C02,단양군,2019,4756
15133JYB0C02,단양군,2020,4959
15133JYB0C02,단양군,2021,5168
15133JYB0C02,단양군,2022,5328
15133JYB0C02,단양군,2023,5413
15133JYB0C02,단양군,2024,5552
15133JYB0C02,단양군,2025,5692
15133JYB0C03,보은군,2008,3556
15133JYB0C03,보은군,2009,3731
15133JYB0C03,보은군,2010,3826
15133JYB0C03,보은군,2011,3868
15133JYB0C03,보은군,2012,3848
15133JYB0C03,보은군,2013,3965
15133JYB0C03,보은군,2014,4131
15133JYB0C03,보은군,2015,4345
15133JYB0C03,보은군,2016,4382
15133JYB0C03,보은군,2017,4464
15133JYB0C03,보은군,2018,4673
15133JYB0C03,보은군,2019,4938
15133JYB0C03,보은군,2020,5309
15133JYB0C03,보은군,2021,5631
15133JYB0C03,보은군,2022,5844
15133JYB0C03,보은군,2023,6036
15133JYB0C03,보은군,2024,6063
15133JYB0C03,보은군,2025,6205
15133JYB0C04,영동군,2008,4081
15133JYB0C04,영동군,2009,4331
15133JYB0C04,영동군,2010,4409
15133JYB0C04,영동군,2011,4437
15133JYB0C04,영동군,2012,4470
15133JYB0C04,영동군,2013,4564
15133JYB0C04,영동군,2014,4704
15133JYB0C04,영동군,2015,4836
15133JYB0C04,영동군,2016,4935
15133JYB0C04,영동군,2017,5085
15133JYB0C04,영동군,2018,5304
15133JYB0C04,영동군,2019,5678
15133JYB0C04,영동군,2020,6080
15133JYB0C04,영동군,2021,6562
15133JYB0C04,영동군,2022,6837
15133JYB0C04,영동군,2023,7162
15133JYB0C04,영동군,2024,7359
15133JYB0C04,영동군,2025,7543
15133JYB0C05,옥천군,2008,5296
15133JYB0C05,옥천군,2009,5593
15133JYB0C05,옥천군,2010,5845
15133JYB0C05,옥천군,2011,5974
15133JYB0C05,옥천군,2012,6088
15133JYB0C05,옥천군,2013,6230
15133JYB0C05,옥천군,2014,6506
15133JYB0C05,옥천군,2015,6821
15133JYB0C05,옥천군,2016,6975
15133JYB0C05,옥천군,2017,7254
15133JYB0C05,옥천군,2018,7677
15133JYB0C05,옥천군,2019,8226
15133JYB0C05,옥천군,2020,8764
15133JYB0C05,옥천군,2021,9201
15133JYB0C05,옥천군,2022,9704
15133JYB0C05,옥천군,2023,10132
15133JYB0C05,옥천군,2024,10491
15133JYB0C05,옥천군,2025,10780
15133JYB0C06,음성군,2008,10104
15133JYB0C06,음성군,2009,10528
15133JYB0C06,음성군,2010,10912
15133JYB0C06,음성군,2011,11482
15133JYB0C06,음성군,2012,11818
15133JYB0C06,음성군,2013,12295
15133JYB0C06,음성군,2014,13188
15133JYB0C06,음성군,2015,14514
15133JYB0C06,음성군,2016,15183
15133JYB0C06,음성군,2017,16049
15133JYB0C06,음성군,2018,17114
15133JYB0C06,음성군,2019,18292
15133JYB0C06,음성군,2020,19797
15133JYB0C06,음성군,2021,21549
15133JYB0C06,음성군,2022,23317
15133JYB0C06,음성군,2023,24120
15133JYB0C06,음성군,2024,24713
15133JYB0C06,음성군,2025,25490
15133JYB0C07,제천시,2008,15375
15133JYB0C07,제천시,2009,15868
15133JYB0C07,제천시,2010,16317
15133JYB0C07,제천시,2011,16780
15133JYB0C07,제천시,2012,17337
15133JYB0C07,제천시,2013,17475
15133JYB0C07,제천시,2014,17873
15133JYB0C07,제천시,2015,18550
15133JYB0C07,제천시,2016,18863
15133JYB0C07,제천시,2017,19541
15133JYB0C07,제천시,2018,20125
15133JYB0C07,제천시,2019,20829
15133JYB0C07,제천시,2020,21825
15133JYB0C07,제천시,2021,22586
15133JYB0C07,제천시,2022,23302
15133JYB0C07,제천시,2023,23649
15133JYB0C07,제천시,2024,23786
15133JYB0C07,제천시,2025,24131
15133JYB0C08,증평군,2008,3386
15133JYB0C08,증평군,2009,3576
15133JYB0C08,증평군,2010,3686
15133JYB0C08,증평군,2011,3751
15133JYB0C08,증평군,2012,3772
15133JYB0C08,증평군,2013,3795
15133JYB0C08,증평군,2014,4017
15133JYB0C08,증평군,2015,4213
15133JYB0C08,증평군,2016,4408
15133JYB0C08,증평군,2017,4562
15133JYB0C08,증평군,2018,4791
15133JYB0C08,증평군,2019,5125
15133JYB0C08,증평군,2020,5374
15133JYB0C08,증평군,2021,5569
15133JYB0C08,증평군,2022,5846
15133JYB0C08,증평군,2023,6012
15133JYB0C08,증평군,2024,6232
15133JYB0C08,증평군,2025,6360
15133JYB0C09,진천군,2008,7291
15133JYB0C09,진천군,2009,7687
15133JYB0C09,진천군,2010,7986
15133JYB0C09,진천군,2011,8251
15133JYB0C09,진천군,2012,8582
15133JYB0C09,진천군,2013,8807
15133JYB0C09,진천군,2014,9383
15133JYB0C09,진천군,2015,10235
15133JYB0C09,진천군,2016,10596
15133JYB0C09,진천군,2017,11266
15133JYB0C09,진천군,2018,12142
15133JYB0C09,진천군,2019,13020
15133JYB0C09,진천군,2020,14027
15133JYB0C09,진천군,2021,15043
15133JYB0C09,진천군,2022,15856
15133JYB0C09,진천군,2023,16293
15133JYB0C09,진천군,2024,16726
15133JYB0C09,진천군,2025,16938
15133JYB0C0A,청원군,2008,14015
15133JYB0C0A,청원군,2009,14857
15133JYB0C0A,청원군,2010,15934
15133JYB0C0A,청원군,2011,15998
15133JYB0C0A,청원군,2012,17319
15133JYB0C0B,청주시,2008,62737
15133JYB0C0B,청주시,2009,64795
15133JYB0C0B,청주시,2010,66310
15133JYB0C0B,청주시,2011,67403
15133JYB0C0B,청주시,2012,69357
15133JYB0C0B,청주시,2013,88805
15133JYB0C0B,청주시,2014,94253
15133JYB0C0B,청주시,2015,99885
15133JYB0C0B,청주시,2016,101882
15133JYB0C0B,청주시,2017,105892
15133JYB0C0B,청주시,2018,111029
15133JYB0C0B,청주시,2019,115716
15133JYB0C0B,청주시,2020,124027
15133JYB0C0B,청주시,2021,131713
15133JYB0C0B,청주시,2022,139459
15133JYB0C0B,청주시,2023,144450
15133JYB0C0B,청주시,2024,148411
15133JYB0C0B,청주시,2025,152319
15133JYB0C0C,충주시,2008,21596
15133JYB0C0C,충주시,2009,22319
15133JYB0C0C,충주시,2010,23132
15133JYB0C0C,충주시,2011,23535
15133JYB0C0C,충주시,2012,24040
15133JYB0C0C,충주시,2013,24388
15133JYB0C0C,충주시,2014,25353
15133JYB0C0C,충주시,2015,26483
15133JYB0C0C,충주시,2016,26939
15133JYB0C0C,충주시,2017,27977
15133JYB0C0C,충주시,2018,29232
15133JYB0C0C,충주시,2019,30674
15133JYB0C0C,충주시,2020,32908
15133JYB0C0C,충주시,2021,34665
15133JYB0C0C,충주시,2022,36354
15133JYB0C0C,충주시,2023,37047
15133JYB0C0C,충주시,2024,37554
15133JYB0C0C,충주시,2025,38272
15133JYB0D,충남,2008,204142
15133JYB0D,충남,2009,212206
15133JYB0D,충남,2010,220314
15133JYB0D,충남,2011,228705
15133JYB0D,충남,2012,224980
15133JYB0D,충남,2013,232026
15133JYB0D,충남,2014,245273
15133JYB0D,충남,2015,260405
15133JYB0D,충남,2016,268310
15133JYB0D,충남,2017,282687
15133JYB0D,충남,2018,299466
15133JYB0D,충남,2019,314566
15133JYB0D,충남,2020,338765
15133JYB0D,충남,2021,362822
15133JYB0D,충남,2022,387865
15133JYB0D,충남,2023,402311
15133JYB0D,충남,2024,413793
15133JYB0D,충남,2025,424957
15133JYB0D01,계룡시,2008,2528
15133JYB0D01,계룡시,2009,2639
15133JYB0D01,계룡시,2010,2603
15133JYB0D01,계룡시,2011,2774
15133JYB0D01,계룡시,2012,2853
15133JYB0D01,계룡시,2013,2927
15133JYB0D01,계룡시,2014,3080
15133JYB0D01,계룡시,2015,3283
15133JYB0D01,계룡시,2016,3337
15133JYB0D01,계룡시,2017,3431
15133JYB0D01,계룡시,2018,3675
15133JYB0D01,계룡시,2019,3790
15133JYB0D01,계룡시,2020,4218
15133JYB0D01,계룡시,2021,4483
15133JYB0D01,계룡시,2022,4763
15133JYB0D01,계룡시,2023,5040
15133JYB0D01,계룡시,2024,5216
15133JYB0D01,계룡시,2025,5349
15133JYB0D02,공주시,2008,12009
15133JYB0D02,공주시,2009,12351
15133JYB0D02,공주시,2010,12740
15133JYB0D02,공주시,2011,12626
15133JYB0D02,공주시,2012,12795
15133JYB0D02,공주시,2013,13149
15133JYB0D02,공주시,2014,13733
15133JYB0D02,공주시,2015,14341
15133JYB0D02,공주시,2016,14452
15133JYB0D02,공주시,2017,14970
15133JYB0D02,공주시,2018,15752
15133JYB0D02,공주시,2019,16332
15133JYB0D02,공주시,2020,17469
15133JYB0D02,공주시,2021,18620
15133JYB0D02,공주시,2022,19233
15133JYB0D02,공주시,2023,19901
15133JYB0D02,공주시,2024,20532
15133JYB0D02,공주시,2025,21018
15133JYB0D03,금산군,2008,6472
15133JYB0D03,금산군,2009,6652
15133JYB0D03,금산군,2010,6968
15133JYB0D03,금산군,2011,7288
15133JYB0D03,금산군,2012,7510
15133JYB0D03,금산군,2013,7615
15133JYB0D03,금산군,2014,7973
15133JYB0D03,금산군,2015,8452
15133JYB0D03,금산군,2016,8579
15133JYB0D03,금산군,2017,8861
15133JYB0D03,금산군,2018,9518
15133JYB0D03,금산군,2019,9845
15133JYB0D03,금산군,2020,10496
15133JYB0D03,금산군,2021,11053
15133JYB0D03,금산군,2022,11647
15133JYB0D03,금산군,2023,11931
15133JYB0D03,금산군,2024,12183
15133JYB0D03,금산군,2025,12332
15133JYB0D04,논산시,2008,12283
15133JYB0D04,논산시,2009,12602
15133JYB0D04,논산시,2010,12854
15133JYB0D04,논산시,2011,13048
15133JYB0D04,논산시,2012,13478
15133JYB0D04,논산시,2013,13859
15133JYB0D04,논산시,2014,14810
15133JYB0D04,논산시,2015,15384
15133JYB0D04,논산시,2016,15575
15133JYB0D04,논산시,2017,16334
15133JYB0D04,논산시,2018,17404
15133JYB0D04,논산시,2019,18407
15133JYB0D04,논산시,2020,19711
15133JYB0D04,논산시,2021,20629
15133JYB0D04,논산시,2022,21716
15133JYB0D04,논산시,2023,22504
15133JYB0D04,논산시,2024,22912
15133JYB0D04,논산시,2025,23255
15133JYB0D05,당진시,2012,18936
15133JYB0D05,당진시,2013,19216
15133JYB0D05,당진시,2014,20392
15133JYB0D05,당진시,2015,21751
15133JYB0D05,당진시,2016,22304
15133JYB0D05,당진시,2017,23247
15133JYB0D05,당진시,2018,24152
15133JYB0D05,당진시,2019,25218
15133JYB0D05,당진시,2020,27190
15133JYB0D05,당진시,2021,29055
15133JYB0D05,당진시,2022,30995
15133JYB0D05,당진시,2023,32327
15133JYB0D05,당진시,2024,33469
15133JYB0D05,당진시,2025,34496
15133JYB0D06,보령시,2008,12380
15133JYB0D06,보령시,2009,12496
15133JYB0D06,보령시,2010,12722
15133JYB0D06,보령시,2011,12724
15133JYB0D06,보령시,2012,12785
15133JYB0D06,보령시,2013,12972
15133JYB0D06,보령시,2014,13647
15133JYB0D06,보령시,2015,14332
15133JYB0D06,보령시,2016,14614
15133JYB0D06,보령시,2017,15076
15133JYB0D06,보령시,2018,15899
15133JYB0D06,보령시,2019,16475
15133JYB0D06,보령시,2020,17376
15133JYB0D06,보령시,2021,18127
15133JYB0D06,보령시,2022,18943
15133JYB0D06,보령시,2023,19417
15133JYB0D06,보령시,2024,19674
15133JYB0D06,보령시,2025,20028
15133JYB0D07,부여군,2008,6082
15133JYB0D07,부여군,2009,6233
15133JYB0D07,부여군,2010,6323
15133JYB0D07,부여군,2011,6526
15133JYB0D07,부여군,2012,6580
15133JYB0D07,부여군,2013,6848
15133JYB0D07,부여군,2014,7228
15133JYB0D07,부여군,2015,7433
15133JYB0D07,부여군,2016,7473
15133JYB0D07,부여군,2017,8087
15133JYB0D07,부여군,2018,8854
15133JYB0D07,부여군,2019,9261
15133JYB0D07,부여군,2020,9645
15133JYB0D07,부여군,2021,10095
15133JYB0D07,부여군,2022,10518
15133JYB0D07,부여군,2023,10836
15133JYB0D07,부여군,2024,11042
15133JYB0D07,부여군,2025,11260
15133JYB0D08,서산시,2008,14634
15133JYB0D08,서산시,2009,15405
15133JYB0D08,서산시,2010,15952
15133JYB0D08,서산시,2011,16421
15133JYB0D08,서산시,2012,17091
15133JYB0D08,서산시,2013,17749
15133JYB0D08,서산시,2014,18668
15133JYB0D08,서산시,2015,19773
15133JYB0D08,서산시,2016,20392
15133JYB0D08,서산시,2017,21618
15133JYB0D08,서산시,2018,22962
15133JYB0D08,서산시,2019,24001
15133JYB0D08,서산시,2020,25408
15133JYB0D08,서산시,2021,26919
15133JYB0D08,서산시,2022,28084
15133JYB0D08,서산시,2023,28849
15133JYB0D08,서산시,2024,29359
15133JYB0D08,서산시,2025,30164
15133JYB0D09,서천군,2008,6053
15133JYB0D09,서천군,2009,6171
15133JYB0D09,서천군,2010,6305
15133JYB0D09,서천군,2011,6276
15133JYB0D09,서천군,2012,6322
15133JYB0D09,서천군,2013,6388
15133JYB0D09,서천군,2014,6815
15133JYB0D09,서천군,2015,7243
15133JYB0D09,서천군,2016,7363
15133JYB0D09,서천군,2017,7518
15133JYB0D09,서천군,2018,7763
15133JYB0D09,서천군,2019,8170
15133JYB0D09,서천군,2020,8813
15133JYB0D09,서천군,2021,9304
15133JYB0D09,서천군,2022,9818
15133JYB0D09,서천군,2023,10128
15133JYB0D09,서천군,2024,10479
15133JYB0D09,서천군,2025,10622
15133JYB0D0A,아산시,2008,21894
15133JYB0D0A,아산시,2009,23474
15133JYB0D0A,아산시,2010,25027
15133JYB0D0A,아산시,2011,26670
15133JYB0D0A,아산시,2012,28127
15133JYB0D0A,아산시,2013,29648
15133JYB0D0A,아산시,2014,31818
15133JYB0D0A,아산시,2015,34234
15133JYB0D0A,아산시,2016,36175
15133JYB0D0A,아산시,2017,38816
15133JYB0D0A,아산시,2018,41598
15133JYB0D0A,아산시,2019,44603
15133JYB0D0A,아산시,2020,48940
15133JYB0D0A,아산시,2021,54522
15133JYB0D0A,아산시,2022,61819
15133JYB0D0A,아산시,2023,65122
15133JYB0D0A,아산시,2024,66856
15133JYB0D0A,아산시,2025,68576
15133JYB0D0B,연기군,2008,8127
15133JYB0D0B,연기군,2009,8430
15133JYB0D0B,연기군,2010,8713
15133JYB0D0B,연기군,2011,10740
15133JYB0D0B,연기군,2012,15
15133JYB0D0B,연기군,2013,8
15133JYB0D0C,예산군,2008,8880
15133JYB0D0C,예산군,2009,9071
15133JYB0D0C,예산군,2010,9196
15133JYB0D0C,예산군,2011,9335
15133JYB0D0C,예산군,2012,9611
15133JYB0D0C,예산군,2013,9846
15133JYB0D0C,예산군,2014,10315
15133JYB0D0C,예산군,2015,10704
15133JYB0D0C,예산군,2016,10916
15133JYB0D0C,예산군,2017,11330
15133JYB0D0C,예산군,2018,11954
15133JYB0D0C,예산군,2019,12512
15133JYB0D0C,예산군,2020,13277
15133JYB0D0C,예산군,2021,13899
15133JYB0D0C,예산군,2022,14697
15133JYB0D0C,예산군,2023,15211
15133JYB0D0C,예산군,2024,15778
15133JYB0D0C,예산군,2025,16375
15133JYB0D0D,천안시,2008,57467
15133JYB0D0D,천안시,2009,59597
15133JYB0D0D,천안시,2010,61818
15133JYB0D0D,천안시,2011,63779
15133JYB0D0D,천안시,2012,66179
15133JYB0D0D,천안시,2013,68183
15133JYB0D0D,천안시,2014,71805
15133JYB0D0D,천안시,2015,76642
15133JYB0D0D,천안시,2016,79431
15133JYB0D0D,천안시,2017,84941
15133JYB0D0D,천안시,2018,90313
15133JYB0D0D,천안시,2019,95139
15133JYB0D0D,천안시,2020,103301
15133JYB0D0D,천안시,2021,111157
15133JYB0D0D,천안시,2022,118650
15133JYB0D0D,천안시,2023,123034
15133JYB0D0D,천안시,2024,127382
15133JYB0D0D,천안시,2025,131428
15133JYB0D0E,청양군,2008,2751
15133JYB0D0E,청양군,2009,2870
15133JYB0D0E,청양군,2010,3094
15133JYB0D0E,청양군,2011,3233
15133JYB0D0E,청양군,2012,3263
15133JYB0D0E,청양군,2013,3345
15133JYB0D0E,청양군,2014,3572
15133JYB0D0E,청양군,2015,3796
15133JYB0D0E,청양군,2016,3974
15133JYB0D0E,청양군,2017,4085
15133JYB0D0E,청양군,2018,4249
15133JYB0D0E,청양군,2019,4446
15133JYB0D0E,청양군,2020,4698
15133JYB0D0E,청양군,2021,4987
15133JYB0D0E,청양군,2022,5168
15133JYB0D0E,청양군,2023,5329
15133JYB0D0E,청양군,2024,5514
15133JYB0D0E,청양군,2025,5944
15133JYB0D0EE,당진군,2008,15152
15133JYB0D0EE,당진군,2009,16202
15133JYB0D0EE,당진군,2010,17467
15133JYB0D0EE,당진군,2011,18201
15133JYB0D0F,태안군,2008,7942
15133JYB0D0F,태안군,2009,8301
15133JYB0D0F,태안군,2010,8410
15133JYB0D0F,태안군,2011,8531
15133JYB0D0F,태안군,2012,8714
15133JYB0D0F,태안군,2013,9003
15133JYB0D0F,태안군,2014,9508
15133JYB0D0F,태안군,2015,10209
15133JYB0D0F,태안군,2016,10288
15133JYB0D0F,태안군,2017,10453
15133JYB0D0F,태안군,2018,10788
15133JYB0D0F,태안군,2019,11129
15133JYB0D0F,태안군,2020,11931
15133JYB0D0F,태안군,2021,12648
15133JYB0D0F,태안군,2022,13504
15133JYB0D0F,태안군,2023,14020
15133JYB0D0F,태안군,2024,14332
15133JYB0D0F,태안군,2025,14560
15133JYB0D0G,홍성군,2008,9488
15133JYB0D0G,홍성군,2009,9712
15133JYB0D0G,홍성군,2010,10122
15133JYB0D0G,홍성군,2011,10533
15133JYB0D0G,홍성군,2012,10721
15133JYB0D0G,홍성군,2013,11270
15133JYB0D0G,홍성군,2014,11909
15133JYB0D0G,홍성군,2015,12828
15133JYB0D0G,홍성군,2016,13437
15133JYB0D0G,홍성군,2017,13920
15133JYB0D0G,홍성군,2018,14585
15133JYB0D0G,홍성군,2019,15238
15133JYB0D0G,홍성군,2020,16292
15133JYB0D0G,홍성군,2021,17324
15133JYB0D0G,홍성군,2022,18310
15133JYB0D0G,홍성군,2023,18662
15133JYB0D0G,홍성군,2024,19065
15133JYB0D0G,홍성군,2025,19550
15133JYB0D0GA01,세종,2012,13973
15133JYB0D0GA01,세종,2013,16866
15133JYB0D0GA01,세종,2014,21014
15133JYB0D0GA01,세종,2015,27519
15133JYB0D0GA01,세종,2016,33291
15133JYB0D0GA01,세종,2017,39683
15133JYB0D0GA01,세종,2018,45164
15133JYB0D0GA01,세종,2019,49706
15133JYB0D0GA01,세종,2020,55623
15133JYB0D0GA01,세종,2021,59861
15133JYB0D0GA01,세종,2022,64081
15133JYB0D0GA01,세종,2023,66474
15133JYB0D0GA01,세종,2024,68395
15133JYB0D0GA01,세종,2025,69309
15133JYB0E,광주,2008,135073
15133JYB0E,광주,2009,140316
15133JYB0E,광주,2010,145391
15133JYB0E,광주,2011,149818
15133JYB0E,광주,2012,153227
15133JYB0E,광주,2013,158349
15133JYB0E,광주,2014,166286
15133JYB0E,광주,2015,175168
15133JYB0E,광주,2016,177475
15133JYB0E,광주,2017,184033
15133JYB0E,광주,2018,194566
15133JYB0E,광주,2019,204232
15133JYB0E,광주,2020,218647
15133JYB0E,광주,2021,229913
15133JYB0E,광주,2022,240098
15133JYB0E,광주,2023,245634
15133JYB0E,광주,2024,248626
15133JYB0E,광주,2025,250917
15133JYB0E01,광산구,2008,27454
15133JYB0E01,광산구,2009,29394
15133JYB0E01,광산구,2010,31751
15133JYB0E01,광산구,2011,34225
15133JYB0E01,광산구,2012,36197
15133JYB0E01,광산구,2013,38372
15133JYB0E01,광산구,2014,41261
15133JYB0E01,광산구,2015,43960
15133JYB0E01,광산구,2016,45602
15133JYB0E01,광산구,2017,48297
15133JYB0E01,광산구,2018,51904
15133JYB0E01,광산구,2019,55061
15133JYB0E01,광산구,2020,59618
15133JYB0E01,광산구,2021,62494
15133JYB0E01,광산구,2022,65569
15133JYB0E01,광산구,2023,67702
15133JYB0E01,광산구,2024,69018
15133JYB0E01,광산구,2025,70287
15133JYB0E02,남구,2008,13306
15133JYB0E02,남구,2009,13871
15133JYB0E02,남구,2010,14408
15133JYB0E02,남구,2011,14808
15133JYB0E02,남구,2012,15017
15133JYB0E02,남구,2013,15519
15133JYB0E02,남구,2014,16523
15133JYB0E02,남구,2015,17695
15133JYB0E02,남구,2016,18085
15133JYB0E02,남구,2017,18984
15133JYB0E02,남구,2018,20382
15133JYB0E02,남구,2019,21767
15133JYB0E02,남구,2020,23576
15133JYB0E02,남구,2021,25081
15133JYB0E02,남구,2022,26211
15133JYB0E02,남구,2023,26515
15133JYB0E02,남구,2024,27061
15133JYB0E02,남구,2025,27201
15133JYB0E03,동구,2008,18563
15133JYB0E03,동구,2009,18339
15133JYB0E03,동구,2010,19061
15133JYB0E03,동구,2011,18872
15133JYB0E03,동구,2012,18828
15133JYB0E03,동구,2013,18861
15133JYB0E03,동구,2014,19258
15133JYB0E03,동구,2015,19706
15133JYB0E03,동구,2016,19279
15133JYB0E03,동구,2017,19467
15133JYB0E03,동구,2018,20148
15133JYB0E03,동구,2019,20577
15133JYB0E03,동구,2020,22010
15133JYB0E03,동구,2021,23249
15133JYB0E03,동구,2022,24317
15133JYB0E03,동구,2023,24823
15133JYB0E03,동구,2024,24888
15133JYB0E03,동구,2025,24748
15133JYB0E04,북구,2008,44485
15133JYB0E04,북구,2009,46002
15133JYB0E04,북구,2010,45692
15133JYB0E04,북구,2011,46552
15133JYB0E04,북구,2012,47120
15133JYB0E04,북구,2013,48422
15133JYB0E04,북구,2014,50415
15133JYB0E04,북구,2015,52118
15133JYB0E04,북구,2016,52503
15133JYB0E04,북구,2017,53730
15133JYB0E04,북구,2018,56360
15133JYB0E04,북구,2019,58859
15133JYB0E04,북구,2020,62355
15133JYB0E04,북구,2021,65220
15133JYB0E04,북구,2022,67904
15133JYB0E04,북구,2023,69365
15133JYB0E04,북구,2024,70302
15133JYB0E04,북구,2025,71082
15133JYB0E05,서구,2008,31265
15133JYB0E05,서구,2009,32710
15133JYB0E05,서구,2010,34479
15133JYB0E05,서구,2011,35361
15133JYB0E05,서구,2012,36065
15133JYB0E05,서구,2013,37175
15133JYB0E05,서구,2014,38829
15133JYB0E05,서구,2015,41689
15133JYB0E05,서구,2016,42006
15133JYB0E05,서구,2017,43555
15133JYB0E05,서구,2018,45772
15133JYB0E05,서구,2019,47968
15133JYB0E05,서구,2020,51088
15133JYB0E05,서구,2021,53869
15133JYB0E05,서구,2022,56097
15133JYB0E05,서구,2023,57229
15133JYB0E05,서구,2024,57357
15133JYB0E05,서구,2025,57599
15133JYB0F,전북,2008,169983
15133JYB0F,전북,2009,176985
15133JYB0F,전북,2010,183000
15133JYB0F,전북,2011,188696
15133JYB0F,전북,2012,193653
15133JYB0F,전북,2013,201014
15133JYB0F,전북,2014,212068
15133JYB0F,전북,2015,222670
15133JYB0F,전북,2016,226243
15133JYB0F,전북,2017,241237
15133JYB0F,전북,2018,259554
15133JYB0F,전북,2019,272077
15133JYB0F,전북,2020,288754
15133JYB0F,전북,2021,302792
15133JYB0F,전북,2022,317319
15133JYB0F,전북,2023,330228
15133JYB0F,전북,2024,343919
15133JYB0F,전북,2025,352115
15133JYB0F01,고창군,2008,4503
15133JYB0F01,고창군,2009,4730
15133JYB0F01,고창군,2010,4826
15133JYB0F01,고창군,2011,4975
15133JYB0F01,고창군,2012,5219
15133JYB0F01,고창군,2013,5477
15133JYB0F01,고창군,2014,5829
15133JYB0F01,고창군,2015,6126
15133JYB0F01,고창군,2016,6316
15133JYB0F01,고창군,2017,6973
15133JYB0F01,고창군,2018,8145
15133JYB0F01,고창군,2019,8631
15133JYB0F01,고창군,2020,9199
15133JYB0F01,고창군,2021,9609
15133JYB0F01,고창군,2022,10080
15133JYB0F01,고창군,2023,10678
15133JYB0F01,고창군,2024,11225
15133JYB0F01,고창군,2025,11529
15133JYB0F02,군산시,2008,25881
15133JYB0F02,군산시,2009,27474
15133JYB0F02,군산시,2010,29172
15133JYB0F02,군산시,2011,30087
15133JYB0F02,군산시,2012,30947
15133JYB0F02,군산시,2013,31975
15133JYB0F02,군산시,2014,33192
15133JYB0F02,군산시,2015,34688
15133JYB0F02,군산시,2016,35191
15133JYB0F02,군산시,2017,36078
15133JYB0F02,군산시,2018,37473
15133JYB0F02,군산시,2019,38922
15133JYB0F02,군산시,2020,41115
15133JYB0F02,군산시,2021,42952
15133JYB0F02,군산시,2022,44711
15133JYB0F02,군산시,2023,46104
15133JYB0F02,군산시,2024,47416
15133JYB0F02,군산시,2025,48651
15133JYB0F03,김제시,2008,7533
15133JYB0F03,김제시,2009,7940
15133JYB0F03,김제시,2010,8171
15133JYB0F03,김제시,2011,8433
15133JYB0F03,김제시,2012,8658
15133JYB0F03,김제시,2013,9033
15133JYB0F03,김제시,2014,9723
15133JYB0F03,김제시,2015,10113
15133JYB0F03,김제시,2016,10327
15133JYB0F03,김제시,2017,12296
15133JYB0F03,김제시,2018,13603
15133JYB0F03,김제시,2019,14527
15133JYB0F03,김제시,2020,15718
15133JYB0F03,김제시,2021,16669
15133JYB0F03,김제시,2022,17835
15133JYB0F03,김제시,2023,18906
15133JYB0F03,김제시,2024,19990
15133JYB0F03,김제시,2025,20426
15133JYB0F04,남원시,2008,8731
15133JYB0F04,남원시,2009,9043
15133JYB0F04,남원시,2010,9225
15133JYB0F04,남원시,2011,9435
15133JYB0F04,남원시,2012,9598
15133JYB0F04,남원시,2013,9965
15133JYB0F04,남원시,2014,10346
15133JYB0F04,남원시,2015,10736
15133JYB0F04,남원시,2016,10824
15133JYB0F04,남원시,2017,11733
15133JYB0F04,남원시,2018,13604
15133JYB0F04,남원시,2019,13994
15133JYB0F04,남원시,2020,14716
15133JYB0F04,남원시,2021,15458
15133JYB0F04,남원시,2022,16405
15133JYB0F04,남원시,2023,17282
15133JYB0F04,남원시,2024,17991
15133JYB0F04,남원시,2025,18247
15133JYB0F05,무주군,2008,2660
15133JYB0F05,무주군,2009,2772
15133JYB0F05,무주군,2010,2855
15133JYB0F05,무주군,2011,2892
15133JYB0F05,무주군,2012,2927
15133JYB0F05,무주군,2013,3008
15133JYB0F05,무주군,2014,3090
15133JYB0F05,무주군,2015,3226
15133JYB0F05,무주군,2016,3260
15133JYB0F05,무주군,2017,3475
15133JYB0F05,무주군,2018,3687
15133JYB0F05,무주군,2019,3932
15133JYB0F05,무주군,2020,4080
15133JYB0F05,무주군,2021,4282
15133JYB0F05,무주군,2022,4525
15133JYB0F05,무주군,2023,4714
15133JYB0F05,무주군,2024,5306
15133JYB0F05,무주군,2025,5315
15133JYB0F06,부안군,2008,5424
15133JYB0F06,부안군,2009,5583
15133JYB0F06,부안군,2010,5374
15133JYB0F06,부안군,2011,5546
15133JYB0F06,부안군,2012,5719
15133JYB0F06,부안군,2013,6024
15133JYB0F06,부안군,2014,6415
15133JYB0F06,부안군,2015,6659
15133JYB0F06,부안군,2016,6772
15133JYB0F06,부안군,2017,7865
15133JYB0F06,부안군,2018,8703
15133JYB0F06,부안군,2019,9165
15133JYB0F06,부안군,2020,9640
15133JYB0F06,부안군,2021,10048
15133JYB0F06,부안군,2022,10580
15133JYB0F06,부안군,2023,11236
15133JYB0F06,부안군,2024,11959
15133JYB0F06,부안군,2025,12417
15133JYB0F07,순창군,2008,2080
15133JYB0F07,순창군,2009,2226
15133JYB0F07,순창군,2010,2310
15133JYB0F07,순창군,2011,2375
15133JYB0F07,순창군,2012,2428
15133JYB0F07,순창군,2013,2538
15133JYB0F07,순창군,2014,2683
15133JYB0F07,순창군,2015,2828
15133JYB0F07,순창군,2016,2850
15133JYB0F07,순창군,2017,3092
15133JYB0F07,순창군,2018,3486
15133JYB0F07,순창군,2019,3721
15133JYB0F07,순창군,2020,3934
15133JYB0F07,순창군,2021,4102
15133JYB0F07,순창군,2022,4355
15133JYB0F07,순창군,2023,4860
15133JYB0F07,순창군,2024,5357
15133JYB0F07,순창군,2025,5501
15133JYB0F08,완주군,2008,7205
15133JYB0F08,완주군,2009,7461
15133JYB0F08,완주군,2010,7909
15133JYB0F08,완주군,2011,8360
15133JYB0F08,완주군,2012,8671
15133JYB0F08,완주군,2013,9250
15133JYB0F08,완주군,2014,10238
15133JYB0F08,완주군,2015,11233
15133JYB0F08,완주군,2016,11635
15133JYB0F08,완주군,2017,12457
15133JYB0F08,완주군,2018,13404
15133JYB0F08,완주군,2019,14329
15133JYB0F08,완주군,2020,15396
15133JYB0F08,완주군,2021,16610
15133JYB0F08,완주군,2022,17738
15133JYB0F08,완주군,2023,18806
15133JYB0F08,완주군,2024,20005
15133JYB0F08,완주군,2025,20759
15133JYB0F09,익산시,2008,27382
15133JYB0F09,익산시,2009,28486
15133JYB0F09,익산시,2010,29304
15133JYB0F09,익산시,2011,29909
15133JYB0F09,익산시,2012,30211
15133JYB0F09,익산시,2013,31150
15133JYB0F09,익산시,2014,32653
15133JYB0F09,익산시,2015,34310
15133JYB0F09,익산시,2016,34671
15133JYB0F09,익산시,2017,36152
15133JYB0F09,익산시,2018,38765
15133JYB0F09,익산시,2019,39959
15133JYB0F09,익산시,2020,42137
15133JYB0F09,익산시,2021,43772
15133JYB0F09,익산시,2022,45900
15133JYB0F09,익산시,2023,47576
15133JYB0F09,익산시,2024,48797
15133JYB0F09,익산시,2025,49737
15133JYB0F0A,임실군,2008,2421
15133JYB0F0A,임실군,2009,2519
15133JYB0F0A,임실군,2010,2618
15133JYB0F0A,임실군,2011,2698
15133JYB0F0A,임실군,2012,2741
15133JYB0F0A,임실군,2013,2916
15133JYB0F0A,임실군,2014,3183
15133JYB0F0A,임실군,2015,3302
15133JYB0F0A,임실군,2016,3338
15133JYB0F0A,임실군,2017,4169
15133JYB0F0A,임실군,2018,4806
15133JYB0F0A,임실군,2019,5071
15133JYB0F0A,임실군,2020,5364
15133JYB0F0A,임실군,2021,5589
15133JYB0F0A,임실군,2022,5943
15133JYB0F0A,임실군,2023,6515
15133JYB0F0A,임실군,2024,7421
15133JYB0F0A,임실군,2025,7623
15133JYB0F0B,장수군,2008,1663
15133JYB0F0B,장수군,2009,1773
15133JYB0F0B,장수군,2010,1788
15133JYB0F0B,장수군,2011,1775
15133JYB0F0B,장수군,2012,1809
15133JYB0F0B,장수군,2013,1904
15133JYB0F0B,장수군,2014,2106
15133JYB0F0B,장수군,2015,2257
15133JYB0F0B,장수군,2016,2296
15133JYB0F0B,장수군,2017,2717
15133JYB0F0B,장수군,2018,3233
15133JYB0F0B,장수군,2019,3451
15133JYB0F0B,장수군,2020,3832
15133JYB0F0B,장수군,2021,4061
15133JYB0F0B,장수군,2022,4177
15133JYB0F0B,장수군,2023,4396
15133JYB0F0B,장수군,2024,4640
15133JYB0F0B,장수군,2025,4787
15133JYB0F0C,전주시,2008,61455
15133JYB0F0C,전주시,2009,63413
15133JYB0F0C,전주시,2010,65821
15133JYB0F0C,전주시,2011,68279
15133JYB0F0C,전주시,2012,70402
15133JYB0F0C,전주시,2013,72707
15133JYB0F0C,전주시,2014,76516
15133JYB0F0C,전주시,2015,80517
15133JYB0F0C,전주시,2016,81735
15133JYB0F0C,전주시,2017,84747
15133JYB0F0C,전주시,2018,89134
15133JYB0F0C,전주시,2019,93822
15133JYB0F0C,전주시,2020,99576
15133JYB0F0C,전주시,2021,104304
15133JYB0F0C,전주시,2022,108496
15133JYB0F0C,전주시,2023,111442
15133JYB0F0C,전주시,2024,114696
15133JYB0F0C,전주시,2025,117395
15133JYB0F0D,정읍시,2008,11058
15133JYB0F0D,정읍시,2009,11512
15133JYB0F0D,정읍시,2010,11503
15133JYB0F0D,정읍시,2011,11729
15133JYB0F0D,정읍시,2012,12080
15133JYB0F0D,정읍시,2013,12714
15133JYB0F0D,정읍시,2014,13533
15133JYB0F0D,정읍시,2015,13950
15133JYB0F0D,정읍시,2016,14181
15133JYB0F0D,정읍시,2017,16415
15133JYB0F0D,정읍시,2018,18209
15133JYB0F0D,정읍시,2019,19007
15133JYB0F0D,정읍시,2020,20032
15133JYB0F0D,정읍시,2021,20838
15133JYB0F0D,정읍시,2022,21628
15133JYB0F0D,정읍시,2023,22533
15133JYB0F0D,정읍시,2024,23568
15133JYB0F0D,정읍시,2025,24047
15133JYB0F0E,진안군,2008,1987
15133JYB0F0E,진안군,2009,2053
15133JYB0F0E,진안군,2010,2124
15133JYB0F0E,진안군,2011,2203
15133JYB0F0E,진안군,2012,2243
15133JYB0F0E,진안군,2013,2353
15133JYB0F0E,진안군,2014,2561
15133JYB0F0E,진안군,2015,2725
15133JYB0F0E,진안군,2016,2847
15133JYB0F0E,진안군,2017,3068
15133JYB0F0E,진안군,2018,3302
15133JYB0F0E,진안군,2019,3546
15133JYB0F0E,진안군,2020,4015
15133JYB0F0E,진안군,2021,4498
15133JYB0F0E,진안군,2022,4946
15133JYB0F0E,진안군,2023,5180
15133JYB0F0E,진안군,2024,5548
15133JYB0F0E,진안군,2025,5681
15133JYB0G,전남,2008,178063
15133JYB0G,전남,2009,185337
15133JYB0G,전남,2010,191599
15133JYB0G,전남,2011,196740
15133JYB0G,전남,2012,200392
15133JYB0G,전남,2013,206764
15133JYB0G,전남,2014,218890
15133JYB0G,전남,2015,230200
15133JYB0G,전남,2016,236364
15133JYB0G,전남,2017,249792
15133JYB0G,전남,2018,266571
15133JYB0G,전남,2019,279787
15133JYB0G,전남,2020,297802
15133JYB0G,전남,2021,313872
15133JYB0G,전남,2022,328546
15133JYB0G,전남,2023,339454
15133JYB0G,전남,2024,349815
15133JYB0G,전남,2025,355862
15133JYB0G01,강진군,2008,3963
15133JYB0G01,강진군,2009,4173
15133JYB0G01,강진군,2010,4261
15133JYB0G01,강진군,2011,4387
15133JYB0G01,강진군,2012,4406
15133JYB0G01,강진군,2013,4511
15133JYB0G01,강진군,2014,4603
15133JYB0G01,강진군,2015,4736
15133JYB0G01,강진군,2016,4740
15133JYB0G01,강진군,2017,5184
15133JYB0G01,강진군,2018,5827
15133JYB0G01,강진군,2019,6077
15133JYB0G01,강진군,2020,6329
15133JYB0G01,강진군,2021,6667
15133JYB0G01,강진군,2022,6814
15133JYB0G01,강진군,2023,7120
15133JYB0G01,강진군,2024,7451
15133JYB0G01,강진군,2025,7649
15133JYB0G02,고흥군,2008,5723
15133JYB0G02,고흥군,2009,5961
15133JYB0G02,고흥군,2010,5997
15133JYB0G02,고흥군,2011,6154
15133JYB0G02,고흥군,2012,6300
15133JYB0G02,고흥군,2013,6433
15133JYB0G02,고흥군,2014,6966
15133JYB0G02,고흥군,2015,7149
15133JYB0G02,고흥군,2016,7212
15133JYB0G02,고흥군,2017,8379
15133JYB0G02,고흥군,2018,8947
15133JYB0G02,고흥군,2019,9412
15133JYB0G02,고흥군,2020,10049
15133JYB0G02,고흥군,2021,10677
15133JYB0G02,고흥군,2022,11341
15133JYB0G02,고흥군,2023,11921
15133JYB0G02,고흥군,2024,12448
15133JYB0G02,고흥군,2025,12878
15133JYB0G03,곡성군,2008,2109
15133JYB0G03,곡성군,2009,2236
15133JYB0G03,곡성군,2010,2334
15133JYB0G03,곡성군,2011,2557
15133JYB0G03,곡성군,2012,2659
15133JYB0G03,곡성군,2013,2780
15133JYB0G03,곡성군,2014,3036
15133JYB0G03,곡성군,2015,3158
15133JYB0G03,곡성군,2016,3281
15133JYB0G03,곡성군,2017,3369
15133JYB0G03,곡성군,2018,3540
15133JYB0G03,곡성군,2019,3797
15133JYB0G03,곡성군,2020,4129
15133JYB0G03,곡성군,2021,4337
15133JYB0G03,곡성군,2022,4477
15133JYB0G03,곡성군,2023,4674
15133JYB0G03,곡성군,2024,4858
15133JYB0G03,곡성군,2025,4982
15133JYB0G04,광양시,2008,12608
15133JYB0G04,광양시,2009,13463
15133JYB0G04,광양시,2010,14239
15133JYB0G04,광양시,2011,14838
15133JYB0G04,광양시,2012,15508
15133JYB0G04,광양시,2013,16224
15133JYB0G04,광양시,2014,17161
15133JYB0G04,광양시,2015,17996
15133JYB0G04,광양시,2016,18498
15133JYB0G04,광양시,2017,19290
15133JYB0G04,광양시,2018,20004
15133JYB0G04,광양시,2019,21028
15133JYB0G04,광양시,2020,22384
15133JYB0G04,광양시,2021,23455
15133JYB0G04,광양시,2022,24608
15133JYB0G04,광양시,2023,25022
15133JYB0G04,광양시,2024,25510
15133JYB0G04,광양시,2025,26134
15133JYB0G05,구례군,2008,2481
15133JYB0G05,구례군,2009,2590
15133JYB0G05,구례군,2010,2661
15133JYB0G05,구례군,2011,2596
15133JYB0G05,구례군,2012,2694
15133JYB0G05,구례군,2013,2688
15133JYB0G05,구례군,2014,2791
15133JYB0G05,구례군,2015,2898
15133JYB0G05,구례군,2016,2972
15133JYB0G05,구례군,2017,2989
15133JYB0G05,구례군,2018,3108
15133JYB0G05,구례군,2019,3260
15133JYB0G05,구례군,2020,3548
15133JYB0G05,구례군,2021,3743
15133JYB0G05,구례군,2022,3930
15133JYB0G05,구례군,2023,4104
15133JYB0G05,구례군,2024,4230
15133JYB0G05,구례군,2025,4300
15133JYB0G06,나주시,2008,8641
15133JYB0G06,나주시,2009,9228
15133JYB0G06,나주시,2010,9615
15133JYB0G06,나주시,2011,9804
15133JYB0G06,나주시,2012,10034
15133JYB0G06,나주시,2013,10590
15133JYB0G06,나주시,2014,12362
15133JYB0G06,나주시,2015,14754
15133JYB0G06,나주시,2016,16008
15133JYB0G06,나주시,2017,17610
15133JYB0G06,나주시,2018,19404
15133JYB0G06,나주시,2019,20885
15133JYB0G06,나주시,2020,23326
15133JYB0G06,나주시,2021,25111
15133JYB0G06,나주시,2022,26721
15133JYB0G06,나주시,2023,28332
15133JYB0G06,나주시,2024,29485
15133JYB0G06,나주시,2025,30140
15133JYB0G07,담양군,2008,4850
15133JYB0G07,담양군,2009,5007
15133JYB0G07,담양군,2010,5166
15133JYB0G07,담양군,2011,5407
15133JYB0G07,담양군,2012,5534
15133JYB0G07,담양군,2013,5760
15133JYB0G07,담양군,2014,6120
15133JYB0G07,담양군,2015,6572
15133JYB0G07,담양군,2016,6629
15133JYB0G07,담양군,2017,6864
15133JYB0G07,담양군,2018,7079
15133JYB0G07,담양군,2019,7542
15133JYB0G07,담양군,2020,8061
15133JYB0G07,담양군,2021,8643
15133JYB0G07,담양군,2022,9280
15133JYB0G07,담양군,2023,9818
15133JYB0G07,담양군,2024,10453
15133JYB0G07,담양군,2025,10649
15133JYB0G08,목포시,2008,25904
15133JYB0G08,목포시,2009,26905
15133JYB0G08,목포시,2010,27702
15133JYB0G08,목포시,2011,28264
15133JYB0G08,목포시,2012,28397
15133JYB0G08,목포시,2013,28719
15133JYB0G08,목포시,2014,29905
15133JYB0G08,목포시,2015,31103
15133JYB0G08,목포시,2016,31518
15133JYB0G08,목포시,2017,32045
15133JYB0G08,목포시,2018,32627
15133JYB0G08,목포시,2019,33269
15133JYB0G08,목포시,2020,34593
15133JYB0G08,목포시,2021,35788
15133JYB0G08,목포시,2022,36851
15133JYB0G08,목포시,2023,37365
15133JYB0G08,목포시,2024,37776
15133JYB0G08,목포시,2025,37984
15133JYB0G09,무안군,2008,5085
15133JYB0G09,무안군,2009,5509
15133JYB0G09,무안군,2010,5964
15133JYB0G09,무안군,2011,6484
15133JYB0G09,무안군,2012,7033
15133JYB0G09,무안군,2013,7632
15133JYB0G09,무안군,2014,8338
15133JYB0G09,무안군,2015,8976
15133JYB0G09,무안군,2016,9545
15133JYB0G09,무안군,2017,10744
15133JYB0G09,무안군,2018,12239
15133JYB0G09,무안군,2019,12690
15133JYB0G09,무안군,2020,13568
15133JYB0G09,무안군,2021,14500
15133JYB0G09,무안군,2022,15306
15133JYB0G09,무안군,2023,16059
15133JYB0G09,무안군,2024,16522
15133JYB0G09,무안군,2025,17027
15133JYB0G0A,보성군,2008,4335
15133JYB0G0A,보성군,2009,4441
15133JYB0G0A,보성군,2010,4509
15133JYB0G0A,보성군,2011,4543
15133JYB0G0A,보성군,2012,4490
15133JYB0G0A,보성군,2013,4592
15133JYB0G0A,보성군,2014,4883
15133JYB0G0A,보성군,2015,5054
15133JYB0G0A,보성군,2016,5126
15133JYB0G0A,보성군,2017,5345
15133JYB0G0A,보성군,2018,6026
15133JYB0G0A,보성군,2019,6271
15133JYB0G0A,보성군,2020,6515
15133JYB0G0A,보성군,2021,6663
15133JYB0G0A,보성군,2022,6917
15133JYB0G0A,보성군,2023,7249
15133JYB0G0A,보성군,2024,7831
15133JYB0G0A,보성군,2025,8036
15133JYB0G0B,순천시,2008,26016
15133JYB0G0B,순천시,2009,27010
15133JYB0G0B,순천시,2010,27932
15133JYB0G0B,순천시,2011,28429
15133JYB0G0B,순천시,2012,29103
15133JYB0G0B,순천시,2013,30153
15133JYB0G0B,순천시,2014,31374
15133JYB0G0B,순천시,2015,32748
15133JYB0G0B,순천시,2016,33384
15133JYB0G0B,순천시,2017,34874
15133JYB0G0B,순천시,2018,36652
15133JYB0G0B,순천시,2019,38111
15133JYB0G0B,순천시,2020,40313
15133JYB0G0B,순천시,2021,42206
15133JYB0G0B,순천시,2022,43950
15133JYB0G0B,순천시,2023,45140
15133JYB0G0B,순천시,2024,45618
15133JYB0G0B,순천시,2025,46293
15133JYB0G0C,신안군,2008,3585
15133JYB0G0C,신안군,2009,3983
15133JYB0G0C,신안군,2010,4111
15133JYB0G0C,신안군,2011,4140
15133JYB0G0C,신안군,2012,3975
15133JYB0G0C,신안군,2013,4072
15133JYB0G0C,신안군,2014,4271
15133JYB0G0C,신안군,2015,4406
15133JYB0G0C,신안군,2016,4715
15133JYB0G0C,신안군,2017,5079
15133JYB0G0C,신안군,2018,6258
15133JYB0G0C,신안군,2019,6574
15133JYB0G0C,신안군,2020,6978
15133JYB0G0C,신안군,2021,7455
15133JYB0G0C,신안군,2022,7801
15133JYB0G0C,신안군,2023,8083
15133JYB0G0C,신안군,2024,8470
15133JYB0G0C,신안군,2025,8676
15133JYB0G0D,여수시,2008,31662
15133JYB0G0D,여수시,2009,32140
15133JYB0G0D,여수시,2010,32483
15133JYB0G0D,여수시,2011,33205
15133JYB0G0D,여수시,2012,33436
15133JYB0G0D,여수시,2013,34191
15133JYB0G0D,여수시,2014,35428
15133JYB0G0D,여수시,2015,36823
15133JYB0G0D,여수시,2016,37802
15133JYB0G0D,여수시,2017,39776
15133JYB0G0D,여수시,2018,42437
15133JYB0G0D,여수시,2019,44616
15133JYB0G0D,여수시,2020,47406
15133JYB0G0D,여수시,2021,50177
15133JYB0G0D,여수시,2022,52068
15133JYB0G0D,여수시,2023,52448
15133JYB0G0D,여수시,2024,52799
15133JYB0G0D,여수시,2025,52724
15133JYB0G0E,영광군,2008,5319
15133JYB0G0E,영광군,2009,5712
15133JYB0G0E,영광군,2010,5952
15133JYB0G0E,영광군,2011,6155
15133JYB0G0E,영광군,2012,6306
15133JYB0G0E,영광군,2013,6385
15133JYB0G0E,영광군,2014,6673
15133JYB0G0E,영광군,2015,6922
15133JYB0G0E,영광군,2016,6970
15133JYB0G0E,영광군,2017,7180
15133JYB0G0E,영광군,2018,7522
15133JYB0G0E,영광군,2019,7912
15133JYB0G0E,영광군,2020,8366
15133JYB0G0E,영광군,2021,8743
15133JYB0G0E,영광군,2022,9257
15133JYB0G0E,영광군,2023,9532
15133JYB0G0E,영광군,2024,10018
15133JYB0G0E,영광군,2025,10414
15133JYB0G0F,영암군,2008,5742
15133JYB0G0F,영암군,2009,6132
15133JYB0G0F,영암군,2010,6400
15133JYB0G0F,영암군,2011,6570
15133JYB0G0F,영암군,2012,6608
15133JYB0G0F,영암군,2013,6672
15133JYB0G0F,영암군,2014,7208
15133JYB0G0F,영암군,2015,7512
15133JYB0G0F,영암군,2016,7477
15133JYB0G0F,영암군,2017,8183
15133JYB0G0F,영암군,2018,8867
15133JYB0G0F,영암군,2019,9362
15133JYB0G0F,영암군,2020,10194
15133JYB0G0F,영암군,2021,10738
15133JYB0G0F,영암군,2022,11454
15133JYB0G0F,영암군,2023,12021
15133JYB0G0F,영암군,2024,12797
15133JYB0G0F,영암군,2025,12926
15133JYB0G0G,완도군,2008,5529
15133JYB0G0G,완도군,2009,5365
15133JYB0G0G,완도군,2010,5611
15133JYB0G0G,완도군,2011,5808
15133JYB0G0G,완도군,2012,5889
15133JYB0G0G,완도군,2013,6277
15133JYB0G0G,완도군,2014,6713
15133JYB0G0G,완도군,2015,7129
15133JYB0G0G,완도군,2016,7385
15133JYB0G0G,완도군,2017,7811
15133JYB0G0G,완도군,2018,8200
15133JYB0G0G,완도군,2019,8596
15133JYB0G0G,완도군,2020,8917
15133JYB0G0G,완도군,2021,9196
15133JYB0G0G,완도군,2022,9528
15133JYB0G0G,완도군,2023,9733
15133JYB0G0G,완도군,2024,9970
15133JYB0G0G,완도군,2025,10063
15133JYB0G0H,장성군,2008,3614
15133JYB0G0H,장성군,2009,3829
15133JYB0G0H,장성군,2010,4073
15133JYB0G0H,장성군,2011,4315
15133JYB0G0H,장성군,2012,4544
15133JYB0G0H,장성군,2013,4660
15133JYB0G0H,장성군,2014,5081
15133JYB0G0H,장성군,2015,5360
15133JYB0G0H,장성군,2016,5600
15133JYB0G0H,장성군,2017,5922
15133JYB0G0H,장성군,2018,6465
15133JYB0G0H,장성군,2019,7029
15133JYB0G0H,장성군,2020,7524
15133JYB0G0H,장성군,2021,8061
15133JYB0G0H,장성군,2022,8476
15133JYB0G0H,장성군,2023,8788
15133JYB0G0H,장성군,2024,9151
15133JYB0G0H,장성군,2025,9446
15133JYB0G0I,장흥군,2008,3513
15133JYB0G0I,장흥군,2009,3681
15133JYB0G0I,장흥군,2010,3778
15133JYB0G0I,장흥군,2011,3917
15133JYB0G0I,장흥군,2012,3886
15133JYB0G0I,장흥군,2013,4091
15133JYB0G0I,장흥군,2014,4325
15133JYB0G0I,장흥군,2015,4484
15133JYB0G0I,장흥군,2016,4665
15133JYB0G0I,장흥군,2017,4823
15133JYB0G0I,장흥군,2018,5181
15133JYB0G0I,장흥군,2019,5431
15133JYB0G0I,장흥군,2020,5687
15133JYB0G0I,장흥군,2021,6061
15133JYB0G0I,장흥군,2022,6397
15133JYB0G0I,장흥군,2023,6898
15133JYB0G0I,장흥군,2024,7229
15133JYB0G0I,장흥군,2025,7397
15133JYB0G0J,진도군,2008,2710
15133JYB0G0J,진도군,2009,2810
15133JYB0G0J,진도군,2010,3033
15133JYB0G0J,진도군,2011,3104
15133JYB0G0J,진도군,2012,3165
15133JYB0G0J,진도군,2013,3376
15133JYB0G0J,진도군,2014,3561
15133JYB0G0J,진도군,2015,3691
15133JYB0G0J,진도군,2016,3833
15133JYB0G0J,진도군,2017,3955
15133JYB0G0J,진도군,2018,4194
15133JYB0G0J,진도군,2019,4560
15133JYB0G0J,진도군,2020,4862
15133JYB0G0J,진도군,2021,5122
15133JYB0G0J,진도군,2022,5313
15133JYB0G0J,진도군,2023,5598
15133JYB0G0J,진도군,2024,5787
15133JYB0G0J,진도군,2025,5892
15133JYB0G0K,함평군,2008,2773
15133JYB0G0K,함평군,2009,2804
15133JYB0G0K,함평군,2010,2978
15133JYB0G0K,함평군,2011,3075
15133JYB0G0K,함평군,2012,3273
15133JYB0G0K,함평군,2013,3440
15133JYB0G0K,함평군,2014,3662
15133JYB0G0K,함평군,2015,3660
15133JYB0G0K,함평군,2016,3665
15133JYB0G0K,함평군,2017,3868
15133JYB0G0K,함평군,2018,4211
15133JYB0G0K,함평군,2019,4470
15133JYB0G0K,함평군,2020,4750
15133JYB0G0K,함평군,2021,5097
15133JYB0G0K,함평군,2022,5418
15133JYB0G0K,함평군,2023,5808
15133JYB0G0K,함평군,2024,6445
15133JYB0G0K,함평군,2025,6687
15133JYB0G0L,해남군,2008,6641
15133JYB0G0L,해남군,2009,6856
15133JYB0G0L,해남군,2010,7150
15133JYB0G0L,해남군,2011,7232
15133JYB0G0L,해남군,2012,7338
15133JYB0G0L,해남군,2013,7537
15133JYB0G0L,해남군,2014,8015
15133JYB0G0L,해남군,2015,8361
15133JYB0G0L,해남군,2016,8578
15133JYB0G0L,해남군,2017,9250
15133JYB0G0L,해남군,2018,10021
15133JYB0G0L,해남군,2019,10513
15133JYB0G0L,해남군,2020,11141
15133JYB0G0L,해남군,2021,11778
15133JYB0G0L,해남군,2022,12276
15133JYB0G0L,해남군,2023,12807
15133JYB0G0L,해남군,2024,13702
15133JYB0G0L,해남군,2025,14099
15133JYB0G0M,화순군,2008,5260
15133JYB0G0M,화순군,2009,5502
15133JYB0G0M,화순군,2010,5650
15133JYB0G0M,화순군,2011,5756
15133JYB0G0M,화순군,2012,5814
15133JYB0G0M,화순군,2013,5981
15133JYB0G0M,화순군,2014,6414
15133JYB0G0M,화순군,2015,6708
15133JYB0G0M,화순군,2016,6761
15133JYB0G0M,화순군,2017,7252
15133JYB0G0M,화순군,2018,7762
15133JYB0G0M,화순군,2019,8382
15133JYB0G0M,화순군,2020,9162
15133JYB0G0M,화순군,2021,9654
15133JYB0G0M,화순군,2022,10363
15133JYB0G0M,화순군,2023,10934
15133JYB0G0M,화순군,2024,11265
15133JYB0G0M,화순군,2025,11466
15133JYB0H,대구,2008,242063
15133JYB0H,대구,2009,249528
15133JYB0H,대구,2010,258640
15133JYB0H,대구,2011,263821
15133JYB0H,대구,2012,268950
15133JYB0H,대구,2013,274835
15133JYB0H,대구,2014,286322
15133JYB0H,대구,2015,300623
15133JYB0H,대구,2016,305950
15133JYB0H,대구,2017,316520
15133JYB0H,대구,2018,328815
15133JYB0H,대구,2019,339937
15133JYB0H,대구,2020,358635
15133JYB0H,대구,2021,375574
15133JYB0H,대구,2022,390608
15133JYB0H,대구,2023,402903
15133JYB0H,대구,2024,407161
15133JYB0H,대구,2025,409872
15133JYB0H01,남구,2008,15611
15133JYB0H01,남구,2009,16011
15133JYB0H01,남구,2010,16613
15133JYB0H01,남구,2011,16733
15133JYB0H01,남구,2012,16812
15133JYB0H01,남구,2013,17197
15133JYB0H01,남구,2014,17794
15133JYB0H01,남구,2015,18327
15133JYB0H01,남구,2016,18414
15133JYB0H01,남구,2017,18523
15133JYB0H01,남구,2018,19193
15133JYB0H01,남구,2019,19625
15133JYB0H01,남구,2020,20722
15133JYB0H01,남구,2021,21852
15133JYB0H01,남구,2022,22774
15133JYB0H01,남구,2023,23087
15133JYB0H01,남구,2024,23116
15133JYB0H01,남구,2025,23226
15133JYB0H02,달서구,2008,51272
15133JYB0H02,달서구,2009,53328
15133JYB0H02,달서구,2010,55354
15133JYB0H02,달서구,2011,56453
15133JYB0H02,달서구,2012,57360
15133JYB0H02,달서구,2013,58539
15133JYB0H02,달서구,2014,60635
15133JYB0H02,달서구,2015,63351
15133JYB0H02,달서구,2016,64251
15133JYB0H02,달서구,2017,66591
15133JYB0H02,달서구,2018,68997
15133JYB0H02,달서구,2019,71324
15133JYB0H02,달서구,2020,74695
15133JYB0H02,달서구,2021,77127
15133JYB0H02,달서구,2022,79932
15133JYB0H02,달서구,2023,81345
15133JYB0H02,달서구,2024,81931
15133JYB0H02,달서구,2025,82305
15133JYB0H03,달성군,2008,16230
15133JYB0H03,달성군,2009,16858
15133JYB0H03,달성군,2010,17780
15133JYB0H03,달성군,2011,18630
15133JYB0H03,달성군,2012,19709
15133JYB0H03,달성군,2013,20698
15133JYB0H03,달성군,2014,22470
15133JYB0H03,달성군,2015,24821
15133JYB0H03,달성군,2016,27040
15133JYB0H03,달성군,2017,29219
15133JYB0H03,달성군,2018,31058
15133JYB0H03,달성군,2019,32943
15133JYB0H03,달성군,2020,35710
15133JYB0H03,달성군,2021,38059
15133JYB0H03,달성군,2022,39902
15133JYB0H03,달성군,2023,40961
15133JYB0H03,달성군,2024,41535
15133JYB0H03,달성군,2025,41918
15133JYB0H04,동구,2008,27354
15133JYB0H04,동구,2009,28351
15133JYB0H04,동구,2010,29679
15133JYB0H04,동구,2011,30405
15133JYB0H04,동구,2012,31556
15133JYB0H04,동구,2013,32995
15133JYB0H04,동구,2014,36270
15133JYB0H04,동구,2015,38830
15133JYB0H04,동구,2016,39673
15133JYB0H04,동구,2017,41224
15133JYB0H04,동구,2018,42892
15133JYB0H04,동구,2019,44559
15133JYB0H04,동구,2020,47115
15133JYB0H04,동구,2021,49919
15133JYB0H04,동구,2022,52258
15133JYB0H04,동구,2023,53273
15133JYB0H04,동구,2024,53965
15133JYB0H04,동구,2025,54285
15133JYB0H05,북구,2008,49188
15133JYB0H05,북구,2009,50528
15133JYB0H05,북구,2010,51948
15133JYB0H05,북구,2011,53014
15133JYB0H05,북구,2012,53706
15133JYB0H05,북구,2013,54442
15133JYB0H05,북구,2014,55853
15133JYB0H05,북구,2015,58356
15133JYB0H05,북구,2016,59067
15133JYB0H05,북구,2017,60680
15133JYB0H05,북구,2018,62588
15133JYB0H05,북구,2019,64176
15133JYB0H05,북구,2020,67212
15133JYB0H05,북구,2021,70014
15133JYB0H05,북구,2022,72315
15133JYB0H05,북구,2023,73007
15133JYB0H05,북구,2024,73232
15133JYB0H05,북구,2025,73308
15133JYB0H06,서구,2008,22664
15133JYB0H06,서구,2009,23212
15133JYB0H06,서구,2010,23790
15133JYB0H06,서구,2011,23970
15133JYB0H06,서구,2012,24035
15133JYB0H06,서구,2013,24167
15133JYB0H06,서구,2014,24515
15133JYB0H06,서구,2015,25143
15133JYB0H06,서구,2016,24912
15133JYB0H06,서구,2017,25046
15133JYB0H06,서구,2018,25233
15133JYB0H06,서구,2019,25260
15133JYB0H06,서구,2020,26043
15133JYB0H06,서구,2021,26891
15133JYB0H06,서구,2022,27504
15133JYB0H06,서구,2023,28028
15133JYB0H06,서구,2024,28305
15133JYB0H06,서구,2025,28634
15133JYB0H07,수성구,2008,32294
15133JYB0H07,수성구,2009,33967
15133JYB0H07,수성구,2010,35851
15133JYB0H07,수성구,2011,36467
15133JYB0H07,수성구,2012,37271
15133JYB0H07,수성구,2013,37956
15133JYB0H07,수성구,2014,39318
15133JYB0H07,수성구,2015,41577
15133JYB0H07,수성구,2016,42615
15133JYB0H07,수성구,2017,44380
15133JYB0H07,수성구,2018,47550
15133JYB0H07,수성구,2019,50417
15133JYB0H07,수성구,2020,54480
15133JYB0H07,수성구,2021,57765
15133JYB0H07,수성구,2022,60685
15133JYB0H07,수성구,2023,62763
15133JYB0H07,수성구,2024,64196
15133JYB0H07,수성구,2025,65040
15133JYB0H08,중구,2008,27450
15133JYB0H08,중구,2009,27273
15133JYB0H08,중구,2010,27625
15133JYB0H08,중구,2011,28149
15133JYB0H08,중구,2012,28501
15133JYB0H08,중구,2013,28841
15133JYB0H08,중구,2014,29467
15133JYB0H08,중구,2015,30218
15133JYB0H08,중구,2016,29978
15133JYB0H08,중구,2017,30857
15133JYB0H08,중구,2018,31304
15133JYB0H08,중구,2019,31633
15133JYB0H08,중구,2020,32658
15133JYB0H08,중구,2021,33947
15133JYB0H08,중구,2022,35238
15133JYB0H08,중구,2023,36227
15133JYB0H08,중구,2024,36587
15133JYB0H08,중구,2025,36788
15133JYB0H09,군위군,2023,4212
15133JYB0H09,군위군,2024,4294
15133JYB0H09,군위군,2025,4368
15133JYB0I,경북,2008,253537
15133JYB0I,경북,2009,263457
15133JYB0I,경북,2010,273317
15133JYB0I,경북,2011,280891
15133JYB0I,경북,2012,288423
15133JYB0I,경북,2013,296471
15133JYB0I,경북,2014,310992
15133JYB0I,경북,2015,327779
15133JYB0I,경북,2016,333359
15133JYB0I,경북,2017,347197
15133JYB0I,경북,2018,362353
15133JYB0I,경북,2019,377583
15133JYB0I,경북,2020,399120
15133JYB0I,경북,2021,420064
15133JYB0I,경북,2022,440323
15133JYB0I,경북,2023,450389
15133JYB0I,경북,2024,462069
15133JYB0I,경북,2025,470174
15133JYB0I01,경산시,2008,21212
15133JYB0I01,경산시,2009,22204
15133JYB0I01,경산시,2010,23484
15133JYB0I01,경산시,2011,24197
15133JYB0I01,경산시,2012,25507
15133JYB0I01,경산시,2013,26812
15133JYB0I01,경산시,2014,28067
15133JYB0I01,경산시,2015,29756
15133JYB0I01,경산시,2016,30191
15133JYB0I01,경산시,2017,31689
15133JYB0I01,경산시,2018,33574
15133JYB0I01,경산시,2019,35493
15133JYB0I01,경산시,2020,38234
15133JYB0I01,경산시,2021,40693
15133JYB0I01,경산시,2022,42801
15133JYB0I01,경산시,2023,44084
15133JYB0I01,경산시,2024,45159
15133JYB0I01,경산시,2025,45985
15133JYB0I02,경주시,2008,27041
15133JYB0I02,경주시,2009,28103
15133JYB0I02,경주시,2010,29110
15133JYB0I02,경주시,2011,30050
15133JYB0I02,경주시,2012,30874
15133JYB0I02,경주시,2013,31686
15133JYB0I02,경주시,2014,33262
15133JYB0I02,경주시,2015,34636
15133JYB0I02,경주시,2016,34976
15133JYB0I02,경주시,2017,35908
15133JYB0I02,경주시,2018,37230
15133JYB0I02,경주시,2019,38821
15133JYB0I02,경주시,2020,40871
15133JYB0I02,경주시,2021,43086
15133JYB0I02,경주시,2022,45271
15133JYB0I02,경주시,2023,46563
15133JYB0I02,경주시,2024,47950
15133JYB0I02,경주시,2025,48893
15133JYB0I03,고령군,2008,3642
15133JYB0I03,고령군,2009,3787
15133JYB0I03,고령군,2010,4022
15133JYB0I03,고령군,2011,4361
15133JYB0I03,고령군,2012,4548
15133JYB0I03,고령군,2013,4659
15133JYB0I03,고령군,2014,4956
15133JYB0I03,고령군,2015,5235
15133JYB0I03,고령군,2016,5323
15133JYB0I03,고령군,2017,5591
15133JYB0I03,고령군,2018,5855
15133JYB0I03,고령군,2019,6095
15133JYB0I03,고령군,2020,6433
15133JYB0I03,고령군,2021,6773
15133JYB0I03,고령군,2022,7038
15133JYB0I03,고령군,2023,7376
15133JYB0I03,고령군,2024,7560
15133JYB0I03,고령군,2025,7788
15133JYB0I04,구미시,2008,38417
15133JYB0I04,구미시,2009,39847
15133JYB0I04,구미시,2010,41390
15133JYB0I04,구미시,2011,42602
15133JYB0I04,구미시,2012,43548
15133JYB0I04,구미시,2013,44308
15133JYB0I04,구미시,2014,46470
15133JYB0I04,구미시,2015,48918
15133JYB0I04,구미시,2016,49794
15133JYB0I04,구미시,2017,51855
15133JYB0I04,구미시,2018,53504
15133JYB0I04,구미시,2019,55328
15133JYB0I04,구미시,2020,58114
15133JYB0I04,구미시,2021,60396
15133JYB0I04,구미시,2022,62577
15133JYB0I04,구미시,2023,63743
15133JYB0I04,구미시,2024,64902
15133JYB0I04,구미시,2025,66070
15133JYB0I05,군위군,2008,2033
15133JYB0I05,군위군,2009,2093
15133JYB0I05,군위군,2010,2167
15133JYB0I05,군위군,2011,2169
15133JYB0I05,군위군,2012,2180
15133JYB0I05,군위군,2013,2253
15133JYB0I05,군위군,2014,2424
15133JYB0I05,군위군,2015,2595
15133JYB0I05,군위군,2016,2738
15133JYB0I05,군위군,2017,2963
15133JYB0I05,군위군,2018,3260
15133JYB0I05,군위군,2019,3431
15133JYB0I05,군위군,2020,3656
15133JYB0I05,군위군,2021,3937
15133JYB0I05,군위군,2022,4133
15133JYB0I06,김천시,2008,11681
15133JYB0I06,김천시,2009,12028
15133JYB0I06,김천시,2010,12307
15133JYB0I06,김천시,2011,12519
15133JYB0I06,김천시,2012,12698
15133JYB0I06,김천시,2013,13005
15133JYB0I06,김천시,2014,14411
15133JYB0I06,김천시,2015,15842
15133JYB0I06,김천시,2016,16330
15133JYB0I06,김천시,2017,17111
15133JYB0I06,김천시,2018,17798
15133JYB0I06,김천시,2019,18316
15133JYB0I06,김천시,2020,19639
15133JYB0I06,김천시,2021,20744
15133JYB0I06,김천시,2022,21939
15133JYB0I06,김천시,2023,22623
15133JYB0I06,김천시,2024,23097
15133JYB0I06,김천시,2025,23501
15133JYB0I07,문경시,2008,6818
15133JYB0I07,문경시,2009,7083
15133JYB0I07,문경시,2010,7257
15133JYB0I07,문경시,2011,7519
15133JYB0I07,문경시,2012,7702
15133JYB0I07,문경시,2013,7877
15133JYB0I07,문경시,2014,8144
15133JYB0I07,문경시,2015,8486
15133JYB0I07,문경시,2016,8622
15133JYB0I07,문경시,2017,8901
15133JYB0I07,문경시,2018,9438
15133JYB0I07,문경시,2019,9909
15133JYB0I07,문경시,2020,10545
15133JYB0I07,문경시,2021,11052
15133JYB0I07,문경시,2022,11605
15133JYB0I07,문경시,2023,12155
15133JYB0I07,문경시,2024,12472
15133JYB0I07,문경시,2025,12607
15133JYB0I08,봉화군,2008,2553
15133JYB0I08,봉화군,2009,2653
15133JYB0I08,봉화군,2010,2697
15133JYB0I08,봉화군,2011,2694
15133JYB0I08,봉화군,2012,2755
15133JYB0I08,봉화군,2013,2863
15133JYB0I08,봉화군,2014,3035
15133JYB0I08,봉화군,2015,3124
15133JYB0I08,봉화군,2016,3206
15133JYB0I08,봉화군,2017,3324
15133JYB0I08,봉화군,2018,3643
15133JYB0I08,봉화군,2019,4293
15133JYB0I08,봉화군,2020,4446
15133JYB0I08,봉화군,2021,4754
15133JYB0I08,봉화군,2022,5071
15133JYB0I08,봉화군,2023,5265
15133JYB0I08,봉화군,2024,5400
15133JYB0I08,봉화군,2025,5497
15133JYB0I09,상주시,2008,9419
15133JYB0I09,상주시,2009,10002
15133JYB0I09,상주시,2010,10280
15133JYB0I09,상주시,2011,10585
15133JYB0I09,상주시,2012,10821
15133JYB0I09,상주시,2013,11121
15133JYB0I09,상주시,2014,11538
15133JYB0I09,상주시,2015,12140
15133JYB0I09,상주시,2016,12289
15133JYB0I09,상주시,2017,13244
15133JYB0I09,상주시,2018,14125
15133JYB0I09,상주시,2019,14463
15133JYB0I09,상주시,2020,14972
15133JYB0I09,상주시,2021,15676
15133JYB0I09,상주시,2022,16636
15133JYB0I09,상주시,2023,17797
15133JYB0I09,상주시,2024,18523
15133JYB0I09,상주시,2025,18624
15133JYB0I0A,성주군,2008,4485
15133JYB0I0A,성주군,2009,4872
15133JYB0I0A,성주군,2010,5184
15133JYB0I0A,성주군,2011,5529
15133JYB0I0A,성주군,2012,5862
15133JYB0I0A,성주군,2013,6189
15133JYB0I0A,성주군,2014,6681
15133JYB0I0A,성주군,2015,7107
15133JYB0I0A,성주군,2016,7185
15133JYB0I0A,성주군,2017,7556
15133JYB0I0A,성주군,2018,7943
15133JYB0I0A,성주군,2019,8287
15133JYB0I0A,성주군,2020,8712
15133JYB0I0A,성주군,2021,9226
15133JYB0I0A,성주군,2022,9600
15133JYB0I0A,성주군,2023,9857
15133JYB0I0A,성주군,2024,10150
15133JYB0I0A,성주군,2025,10341
15133JYB0I0B,안동시,2008,15830
15133JYB0I0B,안동시,2009,16509
15133JYB0I0B,안동시,2010,17208
15133JYB0I0B,안동시,2011,17709
15133JYB0I0B,안동시,2012,18237
15133JYB0I0B,안동시,2013,18762
15133JYB0I0B,안동시,2014,19343
15133JYB0I0B,안동시,2015,20521
15133JYB0I0B,안동시,2016,21015
15133JYB0I0B,안동시,2017,22057
15133JYB0I0B,안동시,2018,22941
15133JYB0I0B,안동시,2019,23755
15133JYB0I0B,안동시,2020,25226
15133JYB0I0B,안동시,2021,26653
15133JYB0I0B,안동시,2022,27815
15133JYB0I0B,안동시,2023,29128
15133JYB0I0B,안동시,2024,30078
15133JYB0I0B,안동시,2025,30598
15133JYB0I0C,영덕군,2008,4770
15133JYB0I0C,영덕군,2009,4868
15133JYB0I0C,영덕군,2010,4929
15133JYB0I0C,영덕군,2011,5049
15133JYB0I0C,영덕군,2012,5207
15133JYB0I0C,영덕군,2013,5330
15133JYB0I0C,영덕군,2014,5522
15133JYB0I0C,영덕군,2015,5816
15133JYB0I0C,영덕군,2016,5697
15133JYB0I0C,영덕군,2017,5928
15133JYB0I0C,영덕군,2018,6278
15133JYB0I0C,영덕군,2019,6531
15133JYB0I0C,영덕군,2020,6931
15133JYB0I0C,영덕군,2021,7469
15133JYB0I0C,영덕군,2022,7933
15133JYB0I0C,영덕군,2023,8234
15133JYB0I0C,영덕군,2024,8378
15133JYB0I0C,영덕군,2025,8575
15133JYB0I0D,영양군,2008,1284
15133JYB0I0D,영양군,2009,1335
15133JYB0I0D,영양군,2010,1393
15133JYB0I0D,영양군,2011,1445
15133JYB0I0D,영양군,2012,1430
15133JYB0I0D,영양군,2013,1467
15133JYB0I0D,영양군,2014,1533
15133JYB0I0D,영양군,2015,1611
15133JYB0I0D,영양군,2016,1616
15133JYB0I0D,영양군,2017,1839
15133JYB0I0D,영양군,2018,2040
15133JYB0I0D,영양군,2019,2226
15133JYB0I0D,영양군,2020,2424
15133JYB0I0D,영양군,2021,2609
15133JYB0I0D,영양군,2022,2833
15133JYB0I0D,영양군,2023,2945
15133JYB0I0D,영양군,2024,3091
15133JYB0I0D,영양군,2025,3196
15133JYB0I0E,영주시,2008,11963
15133JYB0I0E,영주시,2009,12270
15133JYB0I0E,영주시,2010,12615
15133JYB0I0E,영주시,2011,12612
15133JYB0I0E,영주시,2012,12785
15133JYB0I0E,영주시,2013,12953
15133JYB0I0E,영주시,2014,13493
15133JYB0I0E,영주시,2015,13973
15133JYB0I0E,영주시,2016,14166
15133JYB0I0E,영주시,2017,14789
15133JYB0I0E,영주시,2018,15346
15133JYB0I0E,영주시,2019,15760
15133JYB0I0E,영주시,2020,16322
15133JYB0I0E,영주시,2021,17040
15133JYB0I0E,영주시,2022,17682
15133JYB0I0E,영주시,2023,18241
15133JYB0I0E,영주시,2024,19115
15133JYB0I0E,영주시,2025,19359
15133JYB0I0F,영천시,2008,10211
15133JYB0I0F,영천시,2009,10704
15133JYB0I0F,영천시,2010,11234
15133JYB0I0F,영천시,2011,11523
15133JYB0I0F,영천시,2012,11958
15133JYB0I0F,영천시,2013,12333
15133JYB0I0F,영천시,2014,12979
15133JYB0I0F,영천시,2015,13657
15133JYB0I0F,영천시,2016,13806
15133JYB0I0F,영천시,2017,14469
15133JYB0I0F,영천시,2018,15150
15133JYB0I0F,영천시,2019,15736
15133JYB0I0F,영천시,2020,16384
15133JYB0I0F,영천시,2021,17086
15133JYB0I0F,영천시,2022,17810
15133JYB0I0F,영천시,2023,18411
15133JYB0I0F,영천시,2024,19035
15133JYB0I0F,영천시,2025,19623
15133JYB0I0G,예천군,2008,3505
15133JYB0I0G,예천군,2009,3613
15133JYB0I0G,예천군,2010,3683
15133JYB0I0G,예천군,2011,3717
15133JYB0I0G,예천군,2012,3820
15133JYB0I0G,예천군,2013,3802
15133JYB0I0G,예천군,2014,3981
15133JYB0I0G,예천군,2015,4326
15133JYB0I0G,예천군,2016,4760
15133JYB0I0G,예천군,2017,5332
15133JYB0I0G,예천군,2018,6106
15133JYB0I0G,예천군,2019,6826
15133JYB0I0G,예천군,2020,7545
15133JYB0I0G,예천군,2021,8117
15133JYB0I0G,예천군,2022,8882
15133JYB0I0G,예천군,2023,9634
15133JYB0I0G,예천군,2024,10024
15133JYB0I0G,예천군,2025,10378
15133JYB0I0H,울릉군,2008,1302
15133JYB0I0H,울릉군,2009,1318
15133JYB0I0H,울릉군,2010,1267
15133JYB0I0H,울릉군,2011,1302
15133JYB0I0H,울릉군,2012,1403
15133JYB0I0H,울릉군,2013,1398
15133JYB0I0H,울릉군,2014,1486
15133JYB0I0H,울릉군,2015,1555
15133JYB0I0H,울릉군,2016,1540
15133JYB0I0H,울릉군,2017,1528
15133JYB0I0H,울릉군,2018,1532
15133JYB0I0H,울릉군,2019,1591
15133JYB0I0H,울릉군,2020,1663
15133JYB0I0H,울릉군,2021,1921
15133JYB0I0H,울릉군,2022,2028
15133JYB0I0H,울릉군,2023,2056
15133JYB0I0H,울릉군,2024,2115
15133JYB0I0H,울릉군,2025,2137
15133JYB0I0I,울진군,2008,5109
15133JYB0I0I,울진군,2009,5155
15133JYB0I0I,울진군,2010,5344
15133JYB0I0I,울진군,2011,5472
15133JYB0I0I,울진군,2012,5608
15133JYB0I0I,울진군,2013,5704
15133JYB0I0I,울진군,2014,5858
15133JYB0I0I,울진군,2015,6138
15133JYB0I0I,울진군,2016,6154
15133JYB0I0I,울진군,2017,6293
15133JYB0I0I,울진군,2018,6473
15133JYB0I0I,울진군,2019,6737
15133JYB0I0I,울진군,2020,7076
15133JYB0I0I,울진군,2021,7342
15133JYB0I0I,울진군,2022,7611
15133JYB0I0I,울진군,2023,7702
15133JYB0I0I,울진군,2024,7962
15133JYB0I0I,울진군,2025,8111
15133JYB0I0J,의성군,2008,4554
15133JYB0I0J,의성군,2009,4705
15133JYB0I0J,의성군,2010,4768
15133JYB0I0J,의성군,2011,4786
15133JYB0I0J,의성군,2012,4891
15133JYB0I0J,의성군,2013,5159
15133JYB0I0J,의성군,2014,5386
15133JYB0I0J,의성군,2015,5570
15133JYB0I0J,의성군,2016,5728
15133JYB0I0J,의성군,2017,5983
15133JYB0I0J,의성군,2018,6412
15133JYB0I0J,의성군,2019,6810
15133JYB0I0J,의성군,2020,7494
15133JYB0I0J,의성군,2021,8005
15133JYB0I0J,의성군,2022,8435
15133JYB0I0J,의성군,2023,8874
15133JYB0I0J,의성군,2024,9312
15133JYB0I0J,의성군,2025,9510
15133JYB0I0K,청도군,2008,3169
15133JYB0I0K,청도군,2009,3353
15133JYB0I0K,청도군,2010,3508
15133JYB0I0K,청도군,2011,3647
15133JYB0I0K,청도군,2012,3762
15133JYB0I0K,청도군,2013,3873
15133JYB0I0K,청도군,2014,4120
15133JYB0I0K,청도군,2015,4374
15133JYB0I0K,청도군,2016,4447
15133JYB0I0K,청도군,2017,4701
15133JYB0I0K,청도군,2018,4923
15133JYB0I0K,청도군,2019,5377
15133JYB0I0K,청도군,2020,5767
15133JYB0I0K,청도군,2021,6234
15133JYB0I0K,청도군,2022,6620
15133JYB0I0K,청도군,2023,6893
15133JYB0I0K,청도군,2024,7194
15133JYB0I0K,청도군,2025,7573
15133JYB0I0L,청송군,2008,2449
15133JYB0I0L,청송군,2009,2570
15133JYB0I0L,청송군,2010,2606
15133JYB0I0L,청송군,2011,2649
15133JYB0I0L,청송군,2012,2725
15133JYB0I0L,청송군,2013,2822
15133JYB0I0L,청송군,2014,2957
15133JYB0I0L,청송군,2015,3070
15133JYB0I0L,청송군,2016,3074
15133JYB0I0L,청송군,2017,3108
15133JYB0I0L,청송군,2018,3164
15133JYB0I0L,청송군,2019,3396
15133JYB0I0L,청송군,2020,3669
15133JYB0I0L,청송군,2021,3921
15133JYB0I0L,청송군,2022,4202
15133JYB0I0L,청송군,2023,4409
15133JYB0I0L,청송군,2024,4566
15133JYB0I0L,청송군,2025,4700
15133JYB0I0M,칠곡군,2008,11972
15133JYB0I0M,칠곡군,2009,12603
15133JYB0I0M,칠곡군,2010,13182
15133JYB0I0M,칠곡군,2011,13691
15133JYB0I0M,칠곡군,2012,14071
15133JYB0I0M,칠곡군,2013,14720
15133JYB0I0M,칠곡군,2014,15849
15133JYB0I0M,칠곡군,2015,16919
15133JYB0I0M,칠곡군,2016,17461
15133JYB0I0M,칠곡군,2017,18458
15133JYB0I0M,칠곡군,2018,19172
15133JYB0I0M,칠곡군,2019,20030
15133JYB0I0M,칠곡군,2020,21155
15133JYB0I0M,칠곡군,2021,22342
15133JYB0I0M,칠곡군,2022,23594
15133JYB0I0M,칠곡군,2023,24377
15133JYB0I0M,칠곡군,2024,24798
15133JYB0I0M,칠곡군,2025,25199
15133JYB0I0N,포항시,2008,50118
15133JYB0I0N,포항시,2009,51782
15133JYB0I0N,포항시,2010,53682
15133JYB0I0N,포항시,2011,55064
15133JYB0I0N,포항시,2012,56031
15133JYB0I0N,포항시,2013,57375
15133JYB0I0N,포항시,2014,59497
15133JYB0I0N,포항시,2015,62410
15133JYB0I0N,포항시,2016,63241
15133JYB0I0N,포항시,2017,64570
15133JYB0I0N,포항시,2018,66446
15133JYB0I0N,포항시,2019,68372
15133JYB0I0N,포항시,2020,71842
15133JYB0I0N,포항시,2021,74988
15133JYB0I0N,포항시,2022,78207
15133JYB0I0N,포항시,2023,80022
15133JYB0I0N,포항시,2024,81188
15133JYB0I0N,포항시,2025,81909
15133JYB0J,부산,2008,357384
15133JYB0J,부산,2009,365522
15133JYB0J,부산,2010,374155
15133JYB0J,부산,2011,383130
15133JYB0J,부산,2012,392028
15133JYB0J,부산,2013,399671
15133JYB0J,부산,2014,415001
15133JYB0J,부산,2015,434797
15133JYB0J,부산,2016,443785
15133JYB0J,부산,2017,460578
15133JYB0J,부산,2018,479542
15133JYB0J,부산,2019,496345
15133JYB0J,부산,2020,528612
15133JYB0J,부산,2021,556589
15133JYB0J,부산,2022,577255
15133JYB0J,부산,2023,586374
15133JYB0J,부산,2024,590171
15133JYB0J,부산,2025,593221
15133JYB0J01,강서구,2008,14821
15133JYB0J01,강서구,2009,15591
15133JYB0J01,강서구,2010,16636
15133JYB0J01,강서구,2011,17925
15133JYB0J01,강서구,2012,19592
15133JYB0J01,강서구,2013,20908
15133JYB0J01,강서구,2014,23065
15133JYB0J01,강서구,2015,25770
15133JYB0J01,강서구,2016,28930
15133JYB0J01,강서구,2017,32244
15133JYB0J01,강서구,2018,34984
15133JYB0J01,강서구,2019,37009
15133JYB0J01,강서구,2020,39549
15133JYB0J01,강서구,2021,42649
15133JYB0J01,강서구,2022,45382
15133JYB0J01,강서구,2023,47711
15133JYB0J01,강서구,2024,48363
15133JYB0J01,강서구,2025,49439
15133JYB0J02,금정구,2008,25640
15133JYB0J02,금정구,2009,26072
15133JYB0J02,금정구,2010,26493
15133JYB0J02,금정구,2011,27381
15133JYB0J02,금정구,2012,27761
15133JYB0J02,금정구,2013,27990
15133JYB0J02,금정구,2014,28428
15133JYB0J02,금정구,2015,29274
15133JYB0J02,금정구,2016,30008
15133JYB0J02,금정구,2017,30734
15133JYB0J02,금정구,2018,31697
15133JYB0J02,금정구,2019,32819
15133JYB0J02,금정구,2020,34282
15133JYB0J02,금정구,2021,35396
15133JYB0J02,금정구,2022,36231
15133JYB0J02,금정구,2023,36131
15133JYB0J02,금정구,2024,35987
15133JYB0J02,금정구,2025,35835
15133JYB0J03,기장군,2008,8303
15133JYB0J03,기장군,2009,8904
15133JYB0J03,기장군,2010,9847
15133JYB0J03,기장군,2011,11002
15133JYB0J03,기장군,2012,12272
15133JYB0J03,기장군,2013,13496
15133JYB0J03,기장군,2014,15883
15133JYB0J03,기장군,2015,18013
15133JYB0J03,기장군,2016,19204
15133JYB0J03,기장군,2017,20887
15133JYB0J03,기장군,2018,22411
15133JYB0J03,기장군,2019,23847
15133JYB0J03,기장군,2020,26908
15133JYB0J03,기장군,2021,29803
15133JYB0J03,기장군,2022,32087
15133JYB0J03,기장군,2023,32957
15133JYB0J03,기장군,2024,33311
15133JYB0J03,기장군,2025,33808
15133JYB0J04,남구,2008,23366
15133JYB0J04,남구,2009,23369
15133JYB0J04,남구,2010,23629
15133JYB0J04,남구,2011,24093
15133JYB0J04,남구,2012,24732
15133JYB0J04,남구,2013,25368
15133JYB0J04,남구,2014,26363
15133JYB0J04,남구,2015,27870
15133JYB0J04,남구,2016,28444
15133JYB0J04,남구,2017,29266
15133JYB0J04,남구,2018,30637
15133JYB0J04,남구,2019,31695
15133JYB0J04,남구,2020,33420
15133JYB0J04,남구,2021,34774
15133JYB0J04,남구,2022,35937
15133JYB0J04,남구,2023,36417
15133JYB0J04,남구,2024,36691
15133JYB0J04,남구,2025,37135
15133JYB0J05,동구,2008,17162
15133JYB0J05,동구,2009,17768
15133JYB0J05,동구,2010,18011
15133JYB0J05,동구,2011,17482
15133JYB0J05,동구,2012,17387
15133JYB0J05,동구,2013,17983
15133JYB0J05,동구,2014,18517
15133JYB0J05,동구,2015,19180
15133JYB0J05,동구,2016,19060
15133JYB0J05,동구,2017,19581
15133JYB0J05,동구,2018,19976
15133JYB0J05,동구,2019,20532
15133JYB0J05,동구,2020,21976
15133JYB0J05,동구,2021,23949
15133JYB0J05,동구,2022,24420
15133JYB0J05,동구,2023,24416
15133JYB0J05,동구,2024,24444
15133JYB0J05,동구,2025,24651
15133JYB0J06,동래구,2008,25832
15133JYB0J06,동래구,2009,26497
15133JYB0J06,동래구,2010,27225
15133JYB0J06,동래구,2011,27691
15133JYB0J06,동래구,2012,28291
15133JYB0J06,동래구,2013,28609
15133JYB0J06,동래구,2014,29537
15133JYB0J06,동래구,2015,30731
15133JYB0J06,동래구,2016,30784
15133JYB0J06,동래구,2017,31748
15133JYB0J06,동래구,2018,32997
15133JYB0J06,동래구,2019,33984
15133JYB0J06,동래구,2020,36107
15133JYB0J06,동래구,2021,37650
15133JYB0J06,동래구,2022,38848
15133JYB0J06,동래구,2023,39391
15133JYB0J06,동래구,2024,39905
15133JYB0J06,동래구,2025,40151
15133JYB0J07,부산진구,2008,45724
15133JYB0J07,부산진구,2009,45541
15133JYB0J07,부산진구,2010,45994
15133JYB0J07,부산진구,2011,46642
15133JYB0J07,부산진구,2012,47373
15133JYB0J07,부산진구,2013,47595
15133JYB0J07,부산진구,2014,48893
15133JYB0J07,부산진구,2015,50557
15133JYB0J07,부산진구,2016,50925
15133JYB0J07,부산진구,2017,51761
15133JYB0J07,부산진구,2018,53188
15133JYB0J07,부산진구,2019,54824
15133JYB0J07,부산진구,2020,58311
15133JYB0J07,부산진구,2021,61114
15133JYB0J07,부산진구,2022,63728
15133JYB0J07,부산진구,2023,65245
15133JYB0J07,부산진구,2024,65888
15133JYB0J07,부산진구,2025,66105
15133JYB0J08,북구,2008,19155
15133JYB0J08,북구,2009,19564
15133JYB0J08,북구,2010,20043
15133JYB0J08,북구,2011,20387
15133JYB0J08,북구,2012,20551
15133JYB0J08,북구,2013,20879
15133JYB0J08,북구,2014,21677
15133JYB0J08,북구,2015,22625
15133JYB0J08,북구,2016,23075
15133JYB0J08,북구,2017,23649
15133JYB0J08,북구,2018,24375
15133JYB0J08,북구,2019,25218
15133JYB0J08,북구,2020,27227
15133JYB0J08,북구,2021,29198
15133JYB0J08,북구,2022,29467
15133JYB0J08,북구,2023,29652
15133JYB0J08,북구,2024,29750
15133JYB0J08,북구,2025,29733
15133JYB0J09,사상구,2008,39100
15133JYB0J09,사상구,2009,39664
15133JYB0J09,사상구,2010,40054
15133JYB0J09,사상구,2011,40291
15133JYB0J09,사상구,2012,40173
15133JYB0J09,사상구,2013,40064
15133JYB0J09,사상구,2014,40755
15133JYB0J09,사상구,2015,41563
15133JYB0J09,사상구,2016,41198
15133JYB0J09,사상구,2017,41416
15133JYB0J09,사상구,2018,41957
15133JYB0J09,사상구,2019,42800
15133JYB0J09,사상구,2020,43728
15133JYB0J09,사상구,2021,44884
15133JYB0J09,사상구,2022,45259
15133JYB0J09,사상구,2023,45287
15133JYB0J09,사상구,2024,45051
15133JYB0J09,사상구,2025,44645
15133JYB0J0A,사하구,2008,27473
15133JYB0J0A,사하구,2009,27900
15133JYB0J0A,사하구,2010,28021
15133JYB0J0A,사하구,2011,28572
15133JYB0J0A,사하구,2012,28626
15133JYB0J0A,사하구,2013,28893
15133JYB0J0A,사하구,2014,29588
15133JYB0J0A,사하구,2015,30386
15133JYB0J0A,사하구,2016,30625
15133JYB0J0A,사하구,2017,31501
15133JYB0J0A,사하구,2018,32517
15133JYB0J0A,사하구,2019,33304
15133JYB0J0A,사하구,2020,35022
15133JYB0J0A,사하구,2021,36217
15133JYB0J0A,사하구,2022,37582
15133JYB0J0A,사하구,2023,38332
15133JYB0J0A,사하구,2024,38692
15133JYB0J0A,사하구,2025,38654
15133JYB0J0B,서구,2008,10763
15133JYB0J0B,서구,2009,10962
15133JYB0J0B,서구,2010,11395
15133JYB0J0B,서구,2011,11527
15133JYB0J0B,서구,2012,11552
15133JYB0J0B,서구,2013,11476
15133JYB0J0B,서구,2014,11676
15133JYB0J0B,서구,2015,11962
15133JYB0J0B,서구,2016,11971
15133JYB0J0B,서구,2017,12445
15133JYB0J0B,서구,2018,12747
15133JYB0J0B,서구,2019,13095
15133JYB0J0B,서구,2020,14071
15133JYB0J0B,서구,2021,14355
15133JYB0J0B,서구,2022,14973
15133JYB0J0B,서구,2023,15088
15133JYB0J0B,서구,2024,14997
15133JYB0J0B,서구,2025,14909
15133JYB0J0C,수영구,2008,16237
15133JYB0J0C,수영구,2009,17038
15133JYB0J0C,수영구,2010,17643
15133JYB0J0C,수영구,2011,17758
15133JYB0J0C,수영구,2012,18350
15133JYB0J0C,수영구,2013,18858
15133JYB0J0C,수영구,2014,19859
15133JYB0J0C,수영구,2015,20919
15133JYB0J0C,수영구,2016,21402
15133JYB0J0C,수영구,2017,22966
15133JYB0J0C,수영구,2018,24599
15133JYB0J0C,수영구,2019,26307
15133JYB0J0C,수영구,2020,28863
15133JYB0J0C,수영구,2021,30747
15133JYB0J0C,수영구,2022,32658
15133JYB0J0C,수영구,2023,33785
15133JYB0J0C,수영구,2024,34234
15133JYB0J0C,수영구,2025,35054
15133JYB0J0D,연제구,2008,21327
15133JYB0J0D,연제구,2009,21626
15133JYB0J0D,연제구,2010,21995
15133JYB0J0D,연제구,2011,22370
15133JYB0J0D,연제구,2012,22881
15133JYB0J0D,연제구,2013,23219
15133JYB0J0D,연제구,2014,23939
15133JYB0J0D,연제구,2015,25080
15133JYB0J0D,연제구,2016,25127
15133JYB0J0D,연제구,2017,25945
15133JYB0J0D,연제구,2018,27103
15133JYB0J0D,연제구,2019,28210
15133JYB0J0D,연제구,2020,30213
15133JYB0J0D,연제구,2021,31789
15133JYB0J0D,연제구,2022,32870
15133JYB0J0D,연제구,2023,33615
15133JYB0J0D,연제구,2024,34269
15133JYB0J0D,연제구,2025,34437
15133JYB0J0E,영도구,2008,10853
15133JYB0J0E,영도구,2009,10882
15133JYB0J0E,영도구,2010,10940
15133JYB0J0E,영도구,2011,11081
15133JYB0J0E,영도구,2012,11123
15133JYB0J0E,영도구,2013,11110
15133JYB0J0E,영도구,2014,11208
15133JYB0J0E,영도구,2015,11862
15133JYB0J0E,영도구,2016,12107
15133JYB0J0E,영도구,2017,12330
15133JYB0J0E,영도구,2018,12517
15133JYB0J0E,영도구,2019,12687
15133JYB0J0E,영도구,2020,13451
15133JYB0J0E,영도구,2021,14190
15133JYB0J0E,영도구,2022,14776
15133JYB0J0E,영도구,2023,14883
15133JYB0J0E,영도구,2024,14826
15133JYB0J0E,영도구,2025,14752
15133JYB0J0F,중구,2008,19289
15133JYB0J0F,중구,2009,19922
15133JYB0J0F,중구,2010,19946
15133JYB0J0F,중구,2011,20227
15133JYB0J0F,중구,2012,20230
15133JYB0J0F,중구,2013,20396
15133JYB0J0F,중구,2014,20539
15133JYB0J0F,중구,2015,20693
15133JYB0J0F,중구,2016,20833
15133JYB0J0F,중구,2017,21164
15133JYB0J0F,중구,2018,21646
15133JYB0J0F,중구,2019,21491
15133JYB0J0F,중구,2020,21496
15133JYB0J0F,중구,2021,22160
15133JYB0J0F,중구,2022,22492
15133JYB0J0F,중구,2023,22347
15133JYB0J0F,중구,2024,21931
15133JYB0J0F,중구,2025,21745
15133JYB0J0G,해운대구,2008,32339
15133JYB0J0G,해운대구,2009,34222
15133JYB0J0G,해운대구,2010,36283
15133JYB0J0G,해운대구,2011,38701
15133JYB0J0G,해운대구,2012,41134
15133JYB0J0G,해운대구,2013,42827
15133JYB0J0G,해운대구,2014,45074
15133JYB0J0G,해운대구,2015,48312
15133JYB0J0G,해운대구,2016,50092
15133JYB0J0G,해운대구,2017,52941
15133JYB0J0G,해운대구,2018,56191
15133JYB0J0G,해운대구,2019,58523
15133JYB0J0G,해운대구,2020,63988
15133JYB0J0G,해운대구,2021,67714
15133JYB0J0G,해운대구,2022,70545
15133JYB0J0G,해운대구,2023,71117
15133JYB0J0G,해운대구,2024,71832
15133JYB0J0G,해운대구,2025,72168
15133JYB0K,울산,2008,98938
15133JYB0K,울산,2009,102240
15133JYB0K,울산,2010,105962
15133JYB0K,울산,2011,109071
15133JYB0K,울산,2012,111692
15133JYB0K,울산,2013,114729
15133JYB0K,울산,2014,120671
15133JYB0K,울산,2015,127494
15133JYB0K,울산,2016,130767
15133JYB0K,울산,2017,135792
15133JYB0K,울산,2018,140086
15133JYB0K,울산,2019,144295
15133JYB0K,울산,2020,152736
15133JYB0K,울산,2021,158157
15133JYB0K,울산,2022,164788
15133JYB0K,울산,2023,167679
15133JYB0K,울산,2024,168488
15133JYB0K,울산,2025,169112
15133JYB0K01,남구,2008,41293
15133JYB0K01,남구,2009,42147
15133JYB0K01,남구,2010,42995
15133JYB0K01,남구,2011,43996
15133JYB0K01,남구,2012,43952
15133JYB0K01,남구,2013,44815
15133JYB0K01,남구,2014,46496
15133JYB0K01,남구,2015,48278
15133JYB0K01,남구,2016,48741
15133JYB0K01,남구,2017,49841
15133JYB0K01,남구,2018,50764
15133JYB0K01,남구,2019,51881
15133JYB0K01,남구,2020,54243
15133JYB0K01,남구,2021,55293
15133JYB0K01,남구,2022,56459
15133JYB0K01,남구,2023,56856
15133JYB0K01,남구,2024,56875
15133JYB0K01,남구,2025,56976
15133JYB0K02,동구,2008,10094
15133JYB0K02,동구,2009,10237
15133JYB0K02,동구,2010,10635
15133JYB0K02,동구,2011,10896
15133JYB0K02,동구,2012,11354
15133JYB0K02,동구,2013,11881
15133JYB0K02,동구,2014,12769
15133JYB0K02,동구,2015,13455
15133JYB0K02,동구,2016,13270
15133JYB0K02,동구,2017,13459
15133JYB0K02,동구,2018,13608
15133JYB0K02,동구,2019,13807
15133JYB0K02,동구,2020,14544
15133JYB0K02,동구,2021,15175
15133JYB0K02,동구,2022,15823
15133JYB0K02,동구,2023,16187
15133JYB0K02,동구,2024,16060
15133JYB0K02,동구,2025,16210
15133JYB0K03,북구,2008,11899
15133JYB0K03,북구,2009,12825
15133JYB0K03,북구,2010,13717
15133JYB0K03,북구,2011,14413
15133JYB0K03,북구,2012,14860
15133JYB0K03,북구,2013,15269
15133JYB0K03,북구,2014,16177
15133JYB0K03,북구,2015,17426
15133JYB0K03,북구,2016,18307
15133JYB0K03,북구,2017,19541
15133JYB0K03,북구,2018,20675
15133JYB0K03,북구,2019,21828
15133JYB0K03,북구,2020,23532
15133JYB0K03,북구,2021,25006
15133JYB0K03,북구,2022,27605
15133JYB0K03,북구,2023,28152
15133JYB0K03,북구,2024,28257
15133JYB0K03,북구,2025,28317
15133JYB0K04,울주군,2008,17359
15133JYB0K04,울주군,2009,18404
15133JYB0K04,울주군,2010,19495
15133JYB0K04,울주군,2011,20341
15133JYB0K04,울주군,2012,21513
15133JYB0K04,울주군,2013,22390
15133JYB0K04,울주군,2014,23857
15133JYB0K04,울주군,2015,25588
15133JYB0K04,울주군,2016,26785
15133JYB0K04,울주군,2017,28412
15133JYB0K04,울주군,2018,29840
15133JYB0K04,울주군,2019,31064
15133JYB0K04,울주군,2020,33606
15133JYB0K04,울주군,2021,35139
15133JYB0K04,울주군,2022,36621
15133JYB0K04,울주군,2023,37677
15133JYB0K04,울주군,2024,38548
15133JYB0K04,울주군,2025,39068
15133JYB0K05,중구,2008,18293
15133JYB0K05,중구,2009,18627
15133JYB0K05,중구,2010,19120
15133JYB0K05,중구,2011,19425
15133JYB0K05,중구,2012,20013
15133JYB0K05,중구,2013,20374
15133JYB0K05,중구,2014,21372
15133JYB0K05,중구,2015,22747
15133JYB0K05,중구,2016,23664
15133JYB0K05,중구,2017,24539
15133JYB0K05,중구,2018,25199
15133JYB0K05,중구,2019,25715
15133JYB0K05,중구,2020,26811
15133JYB0K05,중구,2021,27544
15133JYB0K05,중구,2022,28280
15133JYB0K05,중구,2023,28807
15133JYB0K05,중구,2024,28748
15133JYB0K05,중구,2025,28541
15133JYB0L,경남,2008,320901
15133JYB0L,경남,2009,332391
15133JYB0L,경남,2010,343599
15133JYB0L,경남,2011,354283
15133JYB0L,경남,2012,364006
15133JYB0L,경남,2013,373194
15133JYB0L,경남,2014,390494
15133JYB0L,경남,2015,413253
15133JYB0L,경남,2016,425492
15133JYB0L,경남,2017,441912
15133JYB0L,경남,2018,457827
15133JYB0L,경남,2019,472383
15133JYB0L,경남,2020,496596
15133JYB0L,경남,2021,520128
15133JYB0L,경남,2022,541555
15133JYB0L,경남,2023,552705
15133JYB0L,경남,2024,559787
15133JYB0L,경남,2025,566513
15133JYB0L01,거제시,2008,19795
15133JYB0L01,거제시,2009,20686
15133JYB0L01,거제시,2010,21416
15133JYB0L01,거제시,2011,22710
15133JYB0L01,거제시,2012,23435
15133JYB0L01,거제시,2013,24635
15133JYB0L01,거제시,2014,26606
15133JYB0L01,거제시,2015,28986
15133JYB0L01,거제시,2016,30074
15133JYB0L01,거제시,2017,30328
15133JYB0L01,거제시,2018,30807
15133JYB0L01,거제시,2019,31636
15133JYB0L01,거제시,2020,32826
15133JYB0L01,거제시,2021,33838
15133JYB0L01,거제시,2022,35034
15133JYB0L01,거제시,2023,35977
15133JYB0L01,거제시,2024,36678
15133JYB0L01,거제시,2025,37213
15133JYB0L02,거창군,2008,5930
15133JYB0L02,거창군,2009,6127
15133JYB0L02,거창군,2010,6215
15133JYB0L02,거창군,2011,6341
15133JYB0L02,거창군,2012,6469
15133JYB0L02,거창군,2013,6628
15133JYB0L02,거창군,2014,6912
15133JYB0L02,거창군,2015,7193
15133JYB0L02,거창군,2016,7388
15133JYB0L02,거창군,2017,7654
15133JYB0L02,거창군,2018,8062
15133JYB0L02,거창군,2019,8503
15133JYB0L02,거창군,2020,9101
15133JYB0L02,거창군,2021,9663
15133JYB0L02,거창군,2022,10211
15133JYB0L02,거창군,2023,10646
15133JYB0L02,거창군,2024,10741
15133JYB0L02,거창군,2025,10809
15133JYB0L03,고성군,2008,5975
15133JYB0L03,고성군,2009,6210
15133JYB0L03,고성군,2010,6301
15133JYB0L03,고성군,2011,6562
15133JYB0L03,고성군,2012,6630
15133JYB0L03,고성군,2013,6755
15133JYB0L03,고성군,2014,7054
15133JYB0L03,고성군,2015,7427
15133JYB0L03,고성군,2016,7327
15133JYB0L03,고성군,2017,7426
15133JYB0L03,고성군,2018,7680
15133JYB0L03,고성군,2019,7931
15133JYB0L03,고성군,2020,8070
15133JYB0L03,고성군,2021,8417
15133JYB0L03,고성군,2022,8795
15133JYB0L03,고성군,2023,8988
15133JYB0L03,고성군,2024,9023
15133JYB0L03,고성군,2025,9331
15133JYB0L04,김해시,2008,51177
15133JYB0L04,김해시,2009,53516
15133JYB0L04,김해시,2010,56134
15133JYB0L04,김해시,2011,58848
15133JYB0L04,김해시,2012,61528
15133JYB0L04,김해시,2013,63668
15133JYB0L04,김해시,2014,66465
15133JYB0L04,김해시,2015,69554
15133JYB0L04,김해시,2016,71392
15133JYB0L04,김해시,2017,73947
15133JYB0L04,김해시,2018,76751
15133JYB0L04,김해시,2019,80062
15133JYB0L04,김해시,2020,84809
15133JYB0L04,김해시,2021,89511
15133JYB0L04,김해시,2022,93595
15133JYB0L04,김해시,2023,95748
15133JYB0L04,김해시,2024,97088
15133JYB0L04,김해시,2025,98801
15133JYB0L05,남해군,2008,4814
15133JYB0L05,남해군,2009,4882
15133JYB0L05,남해군,2010,4895
15133JYB0L05,남해군,2011,4894
15133JYB0L05,남해군,2012,4987
15133JYB0L05,남해군,2013,5121
15133JYB0L05,남해군,2014,5307
15133JYB0L05,남해군,2015,5437
15133JYB0L05,남해군,2016,5596
15133JYB0L05,남해군,2017,5869
15133JYB0L05,남해군,2018,6190
15133JYB0L05,남해군,2019,6480
15133JYB0L05,남해군,2020,6836
15133JYB0L05,남해군,2021,7252
15133JYB0L05,남해군,2022,7818
15133JYB0L05,남해군,2023,8157
15133JYB0L05,남해군,2024,8474
15133JYB0L05,남해군,2025,8773
15133JYB0L06,마산시,2008,42688
15133JYB0L06,마산시,2009,43637
15133JYB0L07,밀양시,2008,11300
15133JYB0L07,밀양시,2009,11601
15133JYB0L07,밀양시,2010,11803
15133JYB0L07,밀양시,2011,11975
15133JYB0L07,밀양시,2012,12108
15133JYB0L07,밀양시,2013,12404
15133JYB0L07,밀양시,2014,12922
15133JYB0L07,밀양시,2015,13432
15133JYB0L07,밀양시,2016,13670
15133JYB0L07,밀양시,2017,14014
15133JYB0L07,밀양시,2018,14350
15133JYB0L07,밀양시,2019,14784
15133JYB0L07,밀양시,2020,15571
15133JYB0L07,밀양시,2021,16288
15133JYB0L07,밀양시,2022,17170
15133JYB0L07,밀양시,2023,17800
15133JYB0L07,밀양시,2024,18255
15133JYB0L07,밀양시,2025,18755
15133JYB0L08,사천시,2008,11291
15133JYB0L08,사천시,2009,12004
15133JYB0L08,사천시,2010,12388
15133JYB0L08,사천시,2011,12640
15133JYB0L08,사천시,2012,12958
15133JYB0L08,사천시,2013,13196
15133JYB0L08,사천시,2014,13594
15133JYB0L08,사천시,2015,14136
15133JYB0L08,사천시,2016,14228
15133JYB0L08,사천시,2017,14832
15133JYB0L08,사천시,2018,15442
15133JYB0L08,사천시,2019,15830
15133JYB0L08,사천시,2020,16512
15133JYB0L08,사천시,2021,17348
15133JYB0L08,사천시,2022,17966
15133JYB0L08,사천시,2023,18343
15133JYB0L08,사천시,2024,18657
15133JYB0L08,사천시,2025,18912
15133JYB0L09,산청군,2008,3119
15133JYB0L09,산청군,2009,3258
15133JYB0L09,산청군,2010,3371
15133JYB0L09,산청군,2011,3552
15133JYB0L09,산청군,2012,3688
15133JYB0L09,산청군,2013,3924
15133JYB0L09,산청군,2014,4078
15133JYB0L09,산청군,2015,4325
15133JYB0L09,산청군,2016,4451
15133JYB0L09,산청군,2017,4813
15133JYB0L09,산청군,2018,5118
15133JYB0L09,산청군,2019,5294
15133JYB0L09,산청군,2020,5537
15133JYB0L09,산청군,2021,5925
15133JYB0L09,산청군,2022,6203
15133JYB0L09,산청군,2023,6384
15133JYB0L09,산청군,2024,6579
15133JYB0L09,산청군,2025,6797
15133JYB0L0A,양산시,2008,25374
15133JYB0L0A,양산시,2009,26593
15133JYB0L0A,양산시,2010,28613
15133JYB0L0A,양산시,2011,30573
15133JYB0L0A,양산시,2012,32189
15133JYB0L0A,양산시,2013,33372
15133JYB0L0A,양산시,2014,35810
15133JYB0L0A,양산시,2015,40099
15133JYB0L0A,양산시,2016,43763
15133JYB0L0A,양산시,2017,47372
15133JYB0L0A,양산시,2018,50518
15133JYB0L0A,양산시,2019,52730
15133JYB0L0A,양산시,2020,56120
15133JYB0L0A,양산시,2021,59078
15133JYB0L0A,양산시,2022,62037
15133JYB0L0A,양산시,2023,63666
15133JYB0L0A,양산시,2024,64656
15133JYB0L0A,양산시,2025,65150
15133JYB0L0B,의령군,2008,2601
15133JYB0L0B,의령군,2009,2721
15133JYB0L0B,의령군,2010,2717
15133JYB0L0B,의령군,2011,2699
15133JYB0L0B,의령군,2012,2733
15133JYB0L0B,의령군,2013,2802
15133JYB0L0B,의령군,2014,2935
15133JYB0L0B,의령군,2015,2920
15133JYB0L0B,의령군,2016,2973
15133JYB0L0B,의령군,2017,3084
15133JYB0L0B,의령군,2018,3194
15133JYB0L0B,의령군,2019,3303
15133JYB0L0B,의령군,2020,3433
15133JYB0L0B,의령군,2021,3680
15133JYB0L0B,의령군,2022,3786
15133JYB0L0B,의령군,2023,3917
15133JYB0L0B,의령군,2024,4043
15133JYB0L0B,의령군,2025,4096
15133JYB0L0C,진주시,2008,34223
15133JYB0L0C,진주시,2009,35286
15133JYB0L0C,진주시,2010,36195
15133JYB0L0C,진주시,2011,36727
15133JYB0L0C,진주시,2012,37298
15133JYB0L0C,진주시,2013,37698
15133JYB0L0C,진주시,2014,39423
15133JYB0L0C,진주시,2015,41862
15133JYB0L0C,진주시,2016,43503
15133JYB0L0C,진주시,2017,45763
15133JYB0L0C,진주시,2018,47417
15133JYB0L0C,진주시,2019,49234
15133JYB0L0C,진주시,2020,52316
15133JYB0L0C,진주시,2021,54707
15133JYB0L0C,진주시,2022,56733
15133JYB0L0C,진주시,2023,57415
15133JYB0L0C,진주시,2024,57970
15133JYB0L0C,진주시,2025,58549
15133JYB0L0D,진해시,2008,12205
15133JYB0L0D,진해시,2009,12704
15133JYB0L0E,창녕군,2008,5518
15133JYB0L0E,창녕군,2009,5764
15133JYB0L0E,창녕군,2010,5891
15133JYB0L0E,창녕군,2011,5970
15133JYB0L0E,창녕군,2012,6060
15133JYB0L0E,창녕군,2013,6286
15133JYB0L0E,창녕군,2014,6548
15133JYB0L0E,창녕군,2015,6869
15133JYB0L0E,창녕군,2016,6757
15133JYB0L0E,창녕군,2017,7000
15133JYB0L0E,창녕군,2018,7378
15133JYB0L0E,창녕군,2019,7689
15133JYB0L0E,창녕군,2020,8050
15133JYB0L0E,창녕군,2021,8421
15133JYB0L0E,창녕군,2022,8733
15133JYB0L0E,창녕군,2023,8932
15133JYB0L0E,창녕군,2024,9255
15133JYB0L0E,창녕군,2025,9538
15133JYB0L0F,창원시,2008,48985
15133JYB0L0F,창원시,2009,50061
15133JYB0L0F,창원시,2010,108742
15133JYB0L0F,창원시,2011,110965
15133JYB0L0F,창원시,2012,113082
15133JYB0L0F,창원시,2013,114852
15133JYB0L0F,창원시,2014,119144
15133JYB0L0F,창원시,2015,125329
15133JYB0L0F,창원시,2016,128498
15133JYB0L0F,창원시,2017,132881
15133JYB0L0F,창원시,2018,136385
15133JYB0L0F,창원시,2019,138972
15133JYB0L0F,창원시,2020,145482
15133JYB0L0F,창원시,2021,151637
15133JYB0L0F,창원시,2022,157009
15133JYB0L0F,창원시,2023,158913
15133JYB0L0F,창원시,2024,159692
15133JYB0L0F,창원시,2025,160377
15133JYB0L0G,통영시,2008,16307
15133JYB0L0G,통영시,2009,16823
15133JYB0L0G,통영시,2010,17656
15133JYB0L0G,통영시,2011,17856
15133JYB0L0G,통영시,2012,18113
15133JYB0L0G,통영시,2013,18376
15133JYB0L0G,통영시,2014,19115
15133JYB0L0G,통영시,2015,19993
15133JYB0L0G,통영시,2016,19977
15133JYB0L0G,통영시,2017,20421
15133JYB0L0G,통영시,2018,20725
15133JYB0L0G,통영시,2019,20990
15133JYB0L0G,통영시,2020,21546
15133JYB0L0G,통영시,2021,22132
15133JYB0L0G,통영시,2022,22689
15133JYB0L0G,통영시,2023,22762
15133JYB0L0G,통영시,2024,22766
15133JYB0L0G,통영시,2025,22890
15133JYB0L0H,하동군,2008,4968
15133JYB0L0H,하동군,2009,5206
15133JYB0L0H,하동군,2010,5253
15133JYB0L0H,하동군,2011,5345
15133JYB0L0H,하동군,2012,5345
15133JYB0L0H,하동군,2013,5459
15133JYB0L0H,하동군,2014,5692
15133JYB0L0H,하동군,2015,5831
15133JYB0L0H,하동군,2016,5975
15133JYB0L0H,하동군,2017,6164
15133JYB0L0H,하동군,2018,6550
15133JYB0L0H,하동군,2019,6745
15133JYB0L0H,하동군,2020,6961
15133JYB0L0H,하동군,2021,7386
15133JYB0L0H,하동군,2022,7801
15133JYB0L0H,하동군,2023,8107
15133JYB0L0H,하동군,2024,8350
15133JYB0L0H,하동군,2025,8419
15133JYB0L0I,함안군,2008,7606
15133JYB0L0I,함안군,2009,7982
15133JYB0L0I,함안군,2010,8445
15133JYB0L0I,함안군,2011,8839
15133JYB0L0I,함안군,2012,9363
15133JYB0L0I,함안군,2013,9819
15133JYB0L0I,함안군,2014,10441
15133JYB0L0I,함안군,2015,11066
15133JYB0L0I,함안군,2016,11072
15133JYB0L0I,함안군,2017,11427
15133JYB0L0I,함안군,2018,11800
15133JYB0L0I,함안군,2019,12102
15133JYB0L0I,함안군,2020,12529
15133JYB0L0I,함안군,2021,13103
15133JYB0L0I,함안군,2022,13574
15133JYB0L0I,함안군,2023,13889
15133JYB0L0I,함안군,2024,14023
15133JYB0L0I,함안군,2025,14306
15133JYB0L0J,함양군,2008,3249
15133JYB0L0J,함양군,2009,3449
15133JYB0L0J,함양군,2010,3614
15133JYB0L0J,함양군,2011,3732
15133JYB0L0J,함양군,2012,3835
15133JYB0L0J,함양군,2013,3954
15133JYB0L0J,함양군,2014,4039
15133JYB0L0J,함양군,2015,4165
15133JYB0L0J,함양군,2016,4236
15133JYB0L0J,함양군,2017,4405
15133JYB0L0J,함양군,2018,4595
15133JYB0L0J,함양군,2019,4893
15133JYB0L0J,함양군,2020,5310
15133JYB0L0J,함양군,2021,5646
15133JYB0L0J,함양군,2022,5923
15133JYB0L0J,함양군,2023,6305
15133JYB0L0J,함양군,2024,6716
15133JYB0L0J,함양군,2025,6824
15133JYB0L0K,합천군,2008,3776
15133JYB0L0K,합천군,2009,3881
15133JYB0L0K,합천군,2010,3950
15133JYB0L0K,합천군,2011,4055
15133JYB0L0K,합천군,2012,4185
15133JYB0L0K,합천군,2013,4245
15133JYB0L0K,합천군,2014,4409
15133JYB0L0K,합천군,2015,4629
15133JYB0L0K,합천군,2016,4612
15133JYB0L0K,합천군,2017,4512
15133JYB0L0K,합천군,2018,4865
15133JYB0L0K,합천군,2019,5205
15133JYB0L0K,합천군,2020,5587
15133JYB0L0K,합천군,2021,6096
15133JYB0L0K,합천군,2022,6478
15133JYB0L0K,합천군,2023,6756
15133JYB0L0K,합천군,2024,6821
15133JYB0L0K,합천군,2025,6973
15133JYB0M,제주,2008,63560
15133JYB0M,제주,2009,65466
15133JYB0M,제주,2010,67352
15133JYB0M,제주,2011,69307
15133JYB0M,제주,2012,72626
15133JYB0M,제주,2013,76991
15133JYB0M,제주,2014,85483
15133JYB0M,제주,2015,95569
15133JYB0M,제주,2016,104635
15133JYB0M,제주,2017,114133
15133JYB0M,제주,2018,122723
15133JYB0M,제주,2019,129587
15133JYB0M,제주,2020,138682
15133JYB0M,제주,2021,147615
15133JYB0M,제주,2022,155497
15133JYB0M,제주,2023,159442
15133JYB0M,제주,2024,162676
15133JYB0M,제주,2025,165463
15133JYB0M01,제주시,2008,15630
15133JYB0M01,제주시,2009,49341
15133JYB0M01,제주시,2010,16714
15133JYB0M01,제주시,2011,52135
15133JYB0M01,제주시,2012,54516
15133JYB0M01,제주시,2013,57288
15133JYB0M01,제주시,2014,62977
15133JYB0M01,제주시,2015,69246
15133JYB0M01,제주시,2016,74406
15133JYB0M01,제주시,2017,80795
15133JYB0M01,제주시,2018,86677
15133JYB0M01,제주시,2019,91659
15133JYB0M01,제주시,2020,98501
15133JYB0M01,제주시,2021,104966
15133JYB0M01,제주시,2022,110341
15133JYB0M01,제주시,2023,113399
15133JYB0M01,제주시,2024,115890
15133JYB0M01,제주시,2025,117777
15133JYB0M02,서귀포시,2008,47930
15133JYB0M02,서귀포시,2009,16125
15133JYB0M02,서귀포시,2010,50638
15133JYB0M02,서귀포시,2011,17172
15133JYB0M02,서귀포시,2012,18110
15133JYB0M02,서귀포시,2013,19703
15133JYB0M02,서귀포시,2014,22506
15133JYB0M02,서귀포시,2015,26323
15133JYB0M02,서귀포시,2016,30229
15133JYB0M02,서귀포시,2017,33338
15133JYB0M02,서귀포시,2018,36046
15133JYB0M02,서귀포시,2019,37928
15133JYB0M02,서귀포시,2020,40181
15133JYB0M02,서귀포시,2021,42649
15133JYB0M02,서귀포시,2022,45156
15133JYB0M02,서귀포시,2023,46043
15133JYB0M02,서귀포시,2024,46786
15133JYB0M02,서귀포시,2025,47686
