sido,sigungu,ym,unsold
서울,종로구,200705,19
서울,종로구,200706,93
서울,종로구,200707,89
서울,종로구,200708,89
서울,종로구,200709,89
서울,종로구,200710,89
서울,종로구,200711,81
서울,종로구,200712,73
서울,종로구,200801,73
서울,종로구,200802,67
서울,종로구,200803,64
서울,종로구,200804,62
서울,종로구,200805,61
서울,종로구,200806,51
서울,종로구,200807,48
서울,종로구,200808,48
서울,종로구,200809,46
서울,종로구,200810,46
서울,종로구,200811,45
서울,종로구,200812,46
서울,종로구,200901,46
서울,종로구,200902,46
서울,종로구,200903,46
서울,종로구,200904,46
서울,종로구,200905,45
서울,종로구,200906,45
서울,종로구,200907,45
서울,종로구,200908,44
서울,종로구,200909,43
서울,종로구,200910,42
서울,종로구,200911,42
서울,종로구,200912,41
서울,종로구,201001,41
서울,종로구,201002,41
서울,종로구,201003,46
서울,종로구,201004,46
서울,종로구,201005,46
서울,종로구,201006,68
서울,종로구,201007,68
서울,종로구,201008,68
서울,종로구,201009,68
서울,종로구,201010,68
서울,종로구,201011,68
서울,종로구,201012,68
서울,종로구,201101,68
서울,종로구,201102,68
서울,종로구,201103,68
서울,종로구,201104,68
서울,종로구,201105,68
서울,종로구,201106,68
서울,종로구,201107,68
서울,종로구,201108,68
서울,종로구,201109,68
서울,종로구,201110,68
서울,종로구,201111,68
서울,종로구,201112,68
서울,종로구,201201,68
서울,종로구,201202,55
서울,종로구,201203,51
서울,종로구,201204,51
서울,종로구,201205,47
서울,종로구,201206,44
서울,종로구,201207,44
서울,종로구,201208,40
서울,종로구,201209,40
서울,종로구,201210,35
서울,종로구,201211,31
서울,종로구,201212,28
서울,종로구,201301,27
서울,종로구,201302,25
서울,종로구,201303,24
서울,종로구,201304,21
서울,종로구,201305,19
서울,종로구,201306,16
서울,종로구,201307,8
서울,종로구,201308,90
서울,종로구,201309,69
서울,종로구,201310,52
서울,종로구,201311,47
서울,종로구,201312,32
서울,종로구,201401,28
서울,종로구,201402,20
서울,종로구,201403,15
서울,종로구,201404,14
서울,종로구,201405,11
서울,종로구,201406,6
서울,종로구,201407,1
서울,종로구,201408,1
서울,종로구,201409,1
서울,종로구,201410,1
서울,종로구,201411,1
서울,종로구,201412,1
서울,종로구,201501,211
서울,종로구,201502,201
서울,종로구,201503,151
서울,종로구,201504,116
서울,종로구,201505,71
서울,종로구,201506,53
서울,종로구,201507,44
서울,종로구,201508,33
서울,종로구,201509,15
서울,종로구,201510,5
서울,종로구,201511,5
서울,종로구,201512,5
서울,종로구,201601,5
서울,종로구,201602,5
서울,종로구,201603,5
서울,종로구,201604,5
서울,종로구,201605,5
서울,종로구,201606,5
서울,종로구,201607,5
서울,종로구,201608,5
서울,종로구,201609,5
서울,종로구,201610,2
서울,종로구,201611,2
서울,종로구,201612,1
서울,종로구,201701,1
서울,종로구,201702,1
서울,종로구,201703,1
서울,종로구,201704,1
서울,종로구,201705,1
서울,종로구,201706,1
서울,종로구,201707,1
서울,종로구,201708,1
서울,종로구,201709,1
서울,종로구,201710,1
서울,종로구,201711,1
서울,종로구,201712,1
서울,종로구,201801,1
서울,종로구,201802,1
서울,종로구,201803,1
서울,종로구,201804,1
서울,종로구,201805,1
서울,종로구,201806,1
서울,종로구,201807,1
서울,종로구,201808,1
서울,종로구,201809,1
서울,종로구,201810,1
서울,종로구,201811,1
서울,종로구,201812,0
서울,종로구,201901,0
서울,종로구,201902,0
서울,종로구,201903,0
서울,종로구,201907,0
서울,종로구,201908,0
서울,종로구,201909,0
서울,종로구,202102,0
서울,종로구,202103,0
서울,종로구,202104,0
서울,종로구,202105,0
서울,종로구,202106,0
서울,종로구,202107,0
서울,종로구,202108,0
서울,종로구,202109,0
서울,종로구,202110,0
서울,종로구,202111,0
서울,종로구,202112,0
서울,종로구,202201,0
서울,종로구,202202,0
서울,종로구,202203,0
서울,종로구,202204,0
서울,종로구,202205,0
서울,종로구,202206,0
서울,종로구,202207,0
서울,종로구,202208,0
서울,종로구,202209,0
서울,종로구,202210,0
서울,종로구,202211,0
서울,종로구,202212,0
서울,종로구,202301,0
서울,종로구,202302,0
서울,종로구,202303,0
서울,종로구,202304,0
서울,종로구,202305,0
서울,종로구,202306,0
서울,종로구,202307,0
서울,종로구,202308,0
서울,종로구,202309,0
서울,종로구,202310,0
서울,종로구,202311,0
서울,종로구,202312,0
서울,종로구,202401,0
서울,종로구,202402,0
서울,종로구,202403,0
서울,종로구,202404,0
서울,종로구,202405,0
서울,종로구,202406,0
서울,종로구,202407,0
서울,종로구,202408,0
서울,종로구,202409,0
서울,종로구,202410,0
서울,종로구,202411,0
서울,종로구,202412,0
서울,종로구,202501,0
서울,종로구,202502,0
서울,종로구,202503,0
서울,종로구,202504,0
서울,종로구,202505,0
서울,종로구,202506,0
서울,종로구,202507,0
서울,종로구,202508,0
서울,종로구,202509,0
서울,종로구,202510,0
서울,종로구,202511,0
서울,종로구,202512,0
서울,종로구,202601,0
서울,종로구,202602,0
서울,종로구,202603,0
서울,종로구,202604,0
서울,종로구,202605,0
서울,종로구,202606,0
서울,종로구,202607,0
서울,종로구,202608,0
서울,강남구,200708,0
서울,강남구,200801,19
서울,강남구,200802,19
서울,강남구,200803,19
서울,강남구,200804,19
서울,강남구,200805,19
서울,강남구,200806,19
서울,강남구,200807,19
서울,강남구,200808,19
서울,강남구,200809,19
서울,강남구,200810,19
서울,강남구,200811,19
서울,강남구,200812,19
서울,강남구,200901,19
서울,강남구,200902,19
서울,강남구,200903,19
서울,강남구,200904,19
서울,강남구,200905,19
서울,강남구,200906,18
서울,강남구,200907,14
서울,강남구,200908,14
서울,강남구,200909,14
서울,강남구,200910,14
서울,강남구,200911,14
서울,강남구,200912,14
서울,강남구,201001,14
서울,강남구,201002,14
서울,강남구,201003,14
서울,강남구,201004,60
서울,강남구,201005,45
서울,강남구,201006,21
서울,강남구,201007,21
서울,강남구,201008,21
서울,강남구,201009,21
서울,강남구,201010,21
서울,강남구,201011,21
서울,강남구,201012,21
서울,강남구,201101,21
서울,강남구,201102,21
서울,강남구,201103,21
서울,강남구,201104,14
서울,강남구,201105,10
서울,강남구,201106,10
서울,강남구,201107,10
서울,강남구,201108,7
서울,강남구,201109,7
서울,강남구,201110,7
서울,강남구,201111,7
서울,강남구,201112,7
서울,강남구,201201,7
서울,강남구,201202,7
서울,강남구,201203,7
서울,강남구,201204,7
서울,강남구,201205,7
서울,강남구,201206,7
서울,강남구,201207,7
서울,강남구,201208,7
서울,강남구,201209,7
서울,강남구,201210,7
서울,강남구,201211,7
서울,강남구,201212,7
서울,강남구,201301,7
서울,강남구,201302,7
서울,강남구,201303,0
서울,강남구,201304,0
서울,강남구,201305,0
서울,강남구,201306,12
서울,강남구,201307,11
서울,강남구,201308,8
서울,강남구,201309,8
서울,강남구,201310,7
서울,강남구,201311,7
서울,강남구,201312,1
서울,강남구,201401,1
서울,강남구,201402,1
서울,강남구,201403,1
서울,강남구,201404,0
서울,강남구,201405,43
서울,강남구,201406,35
서울,강남구,201407,50
서울,강남구,201408,36
서울,강남구,201409,20
서울,강남구,201410,18
서울,강남구,201411,15
서울,강남구,201412,13
서울,강남구,201501,12
서울,강남구,201502,8
서울,강남구,201503,6
서울,강남구,201504,5
서울,강남구,201505,4
서울,강남구,201506,4
서울,강남구,201507,4
서울,강남구,201508,3
서울,강남구,201509,3
서울,강남구,201510,3
서울,강남구,201511,3
서울,강남구,201512,3
서울,강남구,201601,3
서울,강남구,201602,4
서울,강남구,201603,3
서울,강남구,201604,3
서울,강남구,201605,3
서울,강남구,201606,3
서울,강남구,201607,2
서울,강남구,201608,2
서울,강남구,201609,2
서울,강남구,201610,2
서울,강남구,201611,2
서울,강남구,201612,0
서울,강남구,201701,0
서울,강남구,201702,0
서울,강남구,201703,0
서울,강남구,201704,0
서울,강남구,201705,0
서울,강남구,201706,0
서울,강남구,201707,0
서울,강남구,201708,0
서울,강남구,201709,0
서울,강남구,201710,0
서울,강남구,201711,0
서울,강남구,201712,0
서울,강남구,201801,0
서울,강남구,201802,0
서울,강남구,201803,0
서울,강남구,201804,0
서울,강남구,201805,0
서울,강남구,201806,0
서울,강남구,201807,0
서울,강남구,201808,0
서울,강남구,201811,0
서울,강남구,201812,0
서울,강남구,201901,0
서울,강남구,201902,0
서울,강남구,201903,0
서울,강남구,201905,20
서울,강남구,201907,0
서울,강남구,201908,0
서울,강남구,201909,0
서울,강남구,202102,0
서울,강남구,202103,0
서울,강남구,202104,0
서울,강남구,202105,0
서울,강남구,202106,0
서울,강남구,202107,0
서울,강남구,202108,0
서울,강남구,202109,0
서울,강남구,202110,0
서울,강남구,202111,0
서울,강남구,202112,0
서울,강남구,202201,0
서울,강남구,202202,0
서울,강남구,202203,0
서울,강남구,202204,0
서울,강남구,202205,0
서울,강남구,202206,0
서울,강남구,202207,0
서울,강남구,202208,0
서울,강남구,202209,0
서울,강남구,202210,0
서울,강남구,202211,0
서울,강남구,202212,0
서울,강남구,202301,0
서울,강남구,202302,0
서울,강남구,202303,0
서울,강남구,202304,0
서울,강남구,202305,0
서울,강남구,202306,0
서울,강남구,202307,0
서울,강남구,202308,0
서울,강남구,202309,0
서울,강남구,202310,0
서울,강남구,202311,0
서울,강남구,202312,0
서울,강남구,202401,0
서울,강남구,202402,0
서울,강남구,202403,0
서울,강남구,202404,0
서울,강남구,202405,0
서울,강남구,202406,0
서울,강남구,202407,0
서울,강남구,202408,0
서울,강남구,202409,0
서울,강남구,202410,0
서울,강남구,202411,0
서울,강남구,202412,0
서울,강남구,202501,0
서울,강남구,202502,0
서울,강남구,202503,0
서울,강남구,202504,0
서울,강남구,202505,0
서울,강남구,202506,0
서울,강남구,202507,0
서울,강남구,202508,0
서울,강남구,202509,0
서울,강남구,202510,0
서울,강남구,202511,0
서울,강남구,202512,0
서울,강남구,202601,0
서울,강남구,202602,0
서울,강남구,202603,0
서울,강남구,202604,0
서울,강남구,202605,0
서울,강남구,202606,0
서울,강남구,202607,0
서울,강남구,202608,0
서울,중구,200708,0
서울,중구,200711,133
서울,중구,200712,110
서울,중구,200801,100
서울,중구,200802,49
서울,중구,200803,83
서울,중구,200804,70
서울,중구,200805,65
서울,중구,200806,60
서울,중구,200807,60
서울,중구,200808,60
서울,중구,200809,57
서울,중구,200810,267
서울,중구,200811,267
서울,중구,200812,245
서울,중구,200901,242
서울,중구,200902,240
서울,중구,200903,231
서울,중구,200904,228
서울,중구,200905,225
서울,중구,200906,220
서울,중구,200907,210
서울,중구,200908,188
서울,중구,200909,188
서울,중구,200910,188
서울,중구,200911,188
서울,중구,200912,188
서울,중구,201001,188
서울,중구,201002,188
서울,중구,201003,76
서울,중구,201004,75
서울,중구,201005,73
서울,중구,201006,72
서울,중구,201007,72
서울,중구,201008,73
서울,중구,201009,74
서울,중구,201010,74
서울,중구,201011,71
서울,중구,201012,68
서울,중구,201101,68
서울,중구,201102,66
서울,중구,201103,69
서울,중구,201104,69
서울,중구,201105,69
서울,중구,201106,66
서울,중구,201107,67
서울,중구,201108,66
서울,중구,201109,63
서울,중구,201110,62
서울,중구,201111,62
서울,중구,201112,62
서울,중구,201201,61
서울,중구,201202,65
서울,중구,201203,62
서울,중구,201204,62
서울,중구,201205,61
서울,중구,201206,59
서울,중구,201207,65
서울,중구,201208,65
서울,중구,201209,64
서울,중구,201210,60
서울,중구,201211,53
서울,중구,201212,51
서울,중구,201301,51
서울,중구,201302,57
서울,중구,201303,57
서울,중구,201304,57
서울,중구,201305,57
서울,중구,201306,34
서울,중구,201307,31
서울,중구,201308,31
서울,중구,201309,27
서울,중구,201310,27
서울,중구,201311,27
서울,중구,201312,27
서울,중구,201401,27
서울,중구,201402,27
서울,중구,201403,27
서울,중구,201404,12
서울,중구,201405,11
서울,중구,201406,9
서울,중구,201407,8
서울,중구,201408,6
서울,중구,201409,5
서울,중구,201410,5
서울,중구,201411,2
서울,중구,201412,2
서울,중구,201501,2
서울,중구,201502,0
서울,중구,201503,0
서울,중구,201504,0
서울,중구,201505,0
서울,중구,201506,0
서울,중구,201507,0
서울,중구,201508,0
서울,중구,201509,0
서울,중구,201510,0
서울,중구,201511,0
서울,중구,201512,0
서울,중구,201601,0
서울,중구,201602,0
서울,중구,201604,0
서울,중구,201605,0
서울,중구,201606,0
서울,중구,201607,0
서울,중구,201608,0
서울,중구,201609,0
서울,중구,201610,0
서울,중구,201611,0
서울,중구,201612,0
서울,중구,201701,0
서울,중구,201702,0
서울,중구,201703,0
서울,중구,201704,0
서울,중구,201705,0
서울,중구,201706,0
서울,중구,201707,0
서울,중구,201708,0
서울,중구,201709,0
서울,중구,201710,0
서울,중구,201711,0
서울,중구,201712,0
서울,중구,201801,0
서울,중구,201802,0
서울,중구,201803,0
서울,중구,201804,0
서울,중구,201805,0
서울,중구,201806,0
서울,중구,201807,0
서울,중구,201808,0
서울,중구,201811,0
서울,중구,201812,0
서울,중구,201901,0
서울,중구,201902,0
서울,중구,201903,0
서울,중구,201907,0
서울,중구,201908,0
서울,중구,201909,0
서울,중구,202102,0
서울,중구,202103,0
서울,중구,202104,0
서울,중구,202105,0
서울,중구,202106,0
서울,중구,202107,0
서울,중구,202108,0
서울,중구,202109,0
서울,중구,202110,0
서울,중구,202111,2
서울,중구,202112,2
서울,중구,202201,2
서울,중구,202202,2
서울,중구,202203,2
서울,중구,202204,2
서울,중구,202205,2
서울,중구,202206,2
서울,중구,202207,2
서울,중구,202208,2
서울,중구,202209,2
서울,중구,202210,2
서울,중구,202211,2
서울,중구,202212,2
서울,중구,202301,2
서울,중구,202302,2
서울,중구,202303,2
서울,중구,202304,2
서울,중구,202305,2
서울,중구,202306,2
서울,중구,202307,2
서울,중구,202308,3
서울,중구,202309,3
서울,중구,202310,3
서울,중구,202311,3
서울,중구,202312,3
서울,중구,202401,3
서울,중구,202402,3
서울,중구,202403,3
서울,중구,202404,3
서울,중구,202405,3
서울,중구,202406,3
서울,중구,202407,1
서울,중구,202408,1
서울,중구,202409,1
서울,중구,202410,1
서울,중구,202411,1
서울,중구,202412,1
서울,중구,202501,1
서울,중구,202502,1
서울,중구,202503,1
서울,중구,202504,1
서울,중구,202505,1
서울,중구,202506,1
서울,중구,202507,1
서울,중구,202508,64
서울,중구,202509,54
서울,중구,202510,54
서울,중구,202511,47
서울,중구,202512,47
서울,중구,202601,47
서울,중구,202602,42
서울,중구,202603,37
서울,중구,202604,29
서울,중구,202605,29
서울,중구,202606,24
서울,중구,202607,24
서울,중구,202608,15
서울,용산구,200708,0
서울,용산구,200712,0
서울,용산구,200806,0
서울,용산구,200811,68
서울,용산구,200812,53
서울,용산구,200901,12
서울,용산구,200902,3
서울,용산구,200903,19
서울,용산구,200904,7
서울,용산구,200905,0
서울,용산구,200906,0
서울,용산구,200907,0
서울,용산구,200908,0
서울,용산구,200909,0
서울,용산구,200910,0
서울,용산구,200911,0
서울,용산구,200912,0
서울,용산구,201001,0
서울,용산구,201002,0
서울,용산구,201003,0
서울,용산구,201004,0
서울,용산구,201005,104
서울,용산구,201006,104
서울,용산구,201007,104
서울,용산구,201008,104
서울,용산구,201009,104
서울,용산구,201010,582
서울,용산구,201011,598
서울,용산구,201012,598
서울,용산구,201101,260
서울,용산구,201102,260
서울,용산구,201103,260
서울,용산구,201104,151
서울,용산구,201105,151
서울,용산구,201106,142
서울,용산구,201107,142
서울,용산구,201108,142
서울,용산구,201109,93
서울,용산구,201110,93
서울,용산구,201111,114
서울,용산구,201112,84
서울,용산구,201201,84
서울,용산구,201202,84
서울,용산구,201203,140
서울,용산구,201204,140
서울,용산구,201205,140
서울,용산구,201206,83
서울,용산구,201207,83
서울,용산구,201208,83
서울,용산구,201209,83
서울,용산구,201210,83
서울,용산구,201211,83
서울,용산구,201212,83
서울,용산구,201301,83
서울,용산구,201302,83
서울,용산구,201303,83
서울,용산구,201304,83
서울,용산구,201305,83
서울,용산구,201306,83
서울,용산구,201307,83
서울,용산구,201308,83
서울,용산구,201309,83
서울,용산구,201310,83
서울,용산구,201311,83
서울,용산구,201312,83
서울,용산구,201401,83
서울,용산구,201402,95
서울,용산구,201403,95
서울,용산구,201404,86
서울,용산구,201405,86
서울,용산구,201406,54
서울,용산구,201407,51
서울,용산구,201408,51
서울,용산구,201409,51
서울,용산구,201410,233
서울,용산구,201411,217
서울,용산구,201412,207
서울,용산구,201501,198
서울,용산구,201502,186
서울,용산구,201503,169
서울,용산구,201504,160
서울,용산구,201505,153
서울,용산구,201506,120
서울,용산구,201507,84
서울,용산구,201508,61
서울,용산구,201509,41
서울,용산구,201510,24
서울,용산구,201511,10
서울,용산구,201512,9
서울,용산구,201601,9
서울,용산구,201602,9
서울,용산구,201603,8
서울,용산구,201604,8
서울,용산구,201605,7
서울,용산구,201606,7
서울,용산구,201607,6
서울,용산구,201608,4
서울,용산구,201609,3
서울,용산구,201610,2
서울,용산구,201611,0
서울,용산구,201612,0
서울,용산구,201701,0
서울,용산구,201702,0
서울,용산구,201703,0
서울,용산구,201704,0
서울,용산구,201705,0
서울,용산구,201706,0
서울,용산구,201707,0
서울,용산구,201708,0
서울,용산구,201709,0
서울,용산구,201710,0
서울,용산구,201711,0
서울,용산구,201712,0
서울,용산구,201801,1
서울,용산구,201802,0
서울,용산구,201803,0
서울,용산구,201804,0
서울,용산구,201805,0
서울,용산구,201806,0
서울,용산구,201807,0
서울,용산구,201808,0
서울,용산구,201811,0
서울,용산구,201812,0
서울,용산구,201901,0
서울,용산구,201902,0
서울,용산구,201903,0
서울,용산구,201907,0
서울,용산구,201908,0
서울,용산구,201909,0
서울,용산구,202102,0
서울,용산구,202103,0
서울,용산구,202104,0
서울,용산구,202105,0
서울,용산구,202106,0
서울,용산구,202107,0
서울,용산구,202108,0
서울,용산구,202109,0
서울,용산구,202110,0
서울,용산구,202111,0
서울,용산구,202112,0
서울,용산구,202201,0
서울,용산구,202202,0
서울,용산구,202203,0
서울,용산구,202204,0
서울,용산구,202205,0
서울,용산구,202206,0
서울,용산구,202207,0
서울,용산구,202208,0
서울,용산구,202209,41
서울,용산구,202210,41
서울,용산구,202211,41
서울,용산구,202212,41
서울,용산구,202301,41
서울,용산구,202302,37
서울,용산구,202303,37
서울,용산구,202304,37
서울,용산구,202305,36
서울,용산구,202306,36
서울,용산구,202307,36
서울,용산구,202308,35
서울,용산구,202309,32
서울,용산구,202310,29
서울,용산구,202311,28
서울,용산구,202312,27
서울,용산구,202401,26
서울,용산구,202402,18
서울,용산구,202403,18
서울,용산구,202404,6
서울,용산구,202405,4
서울,용산구,202406,4
서울,용산구,202407,4
서울,용산구,202408,3
서울,용산구,202409,3
서울,용산구,202410,3
서울,용산구,202411,3
서울,용산구,202412,3
서울,용산구,202501,3
서울,용산구,202502,3
서울,용산구,202503,1
서울,용산구,202504,1
서울,용산구,202505,1
서울,용산구,202506,1
서울,용산구,202507,1
서울,용산구,202508,1
서울,용산구,202509,1
서울,용산구,202510,1
서울,용산구,202511,1
서울,용산구,202512,1
서울,용산구,202601,1
서울,용산구,202602,1
서울,용산구,202603,1
서울,용산구,202604,1
서울,용산구,202605,1
서울,용산구,202606,1
서울,용산구,202607,1
서울,용산구,202608,1
서울,강동구,200708,0
서울,강동구,200802,63
서울,강동구,200803,55
서울,강동구,200804,50
서울,강동구,200805,39
서울,강동구,200806,33
서울,강동구,200807,31
서울,강동구,200808,31
서울,강동구,200809,81
서울,강동구,200810,81
서울,강동구,200811,81
서울,강동구,200812,73
서울,강동구,200901,74
서울,강동구,200902,72
서울,강동구,200903,62
서울,강동구,200904,66
서울,강동구,200905,60
서울,강동구,200906,50
서울,강동구,200907,55
서울,강동구,200908,53
서울,강동구,200909,42
서울,강동구,200910,42
서울,강동구,200911,30
서울,강동구,200912,26
서울,강동구,201001,26
서울,강동구,201002,25
서울,강동구,201003,26
서울,강동구,201004,24
서울,강동구,201005,323
서울,강동구,201006,323
서울,강동구,201007,323
서울,강동구,201008,323
서울,강동구,201009,422
서울,강동구,201010,330
서울,강동구,201011,321
서울,강동구,201012,363
서울,강동구,201101,345
서울,강동구,201102,322
서울,강동구,201103,309
서울,강동구,201104,289
서울,강동구,201105,262
서울,강동구,201106,245
서울,강동구,201107,241
서울,강동구,201108,205
서울,강동구,201109,179
서울,강동구,201110,153
서울,강동구,201111,133
서울,강동구,201112,168
서울,강동구,201201,158
서울,강동구,201202,115
서울,강동구,201203,112
서울,강동구,201204,112
서울,강동구,201205,161
서울,강동구,201206,274
서울,강동구,201207,271
서울,강동구,201208,264
서울,강동구,201209,305
서울,강동구,201210,289
서울,강동구,201211,319
서울,강동구,201212,323
서울,강동구,201301,321
서울,강동구,201302,325
서울,강동구,201303,328
서울,강동구,201304,304
서울,강동구,201305,258
서울,강동구,201306,227
서울,강동구,201307,195
서울,강동구,201308,180
서울,강동구,201309,166
서울,강동구,201310,157
서울,강동구,201311,145
서울,강동구,201312,136
서울,강동구,201401,126
서울,강동구,201402,120
서울,강동구,201403,114
서울,강동구,201404,103
서울,강동구,201405,158
서울,강동구,201406,1019
서울,강동구,201407,1014
서울,강동구,201408,1003
서울,강동구,201409,988
서울,강동구,201410,934
서울,강동구,201411,782
서울,강동구,201412,726
서울,강동구,201501,653
서울,강동구,201502,448
서울,강동구,201503,112
서울,강동구,201504,51
서울,강동구,201505,44
서울,강동구,201506,39
서울,강동구,201507,25
서울,강동구,201508,16
서울,강동구,201509,24
서울,강동구,201510,12
서울,강동구,201511,3
서울,강동구,201512,3
서울,강동구,201601,3
서울,강동구,201602,3
서울,강동구,201603,3
서울,강동구,201604,9
서울,강동구,201605,7
서울,강동구,201606,5
서울,강동구,201607,4
서울,강동구,201608,3
서울,강동구,201609,3
서울,강동구,201610,1
서울,강동구,201611,0
서울,강동구,201612,0
서울,강동구,201701,36
서울,강동구,201702,36
서울,강동구,201703,30
서울,강동구,201704,20
서울,강동구,201705,20
서울,강동구,201706,0
서울,강동구,201707,0
서울,강동구,201708,0
서울,강동구,201709,0
서울,강동구,201710,0
서울,강동구,201711,0
서울,강동구,201712,0
서울,강동구,201801,0
서울,강동구,201802,0
서울,강동구,201803,0
서울,강동구,201804,0
서울,강동구,201805,0
서울,강동구,201806,0
서울,강동구,201807,0
서울,강동구,201808,0
서울,강동구,201811,0
서울,강동구,201812,0
서울,강동구,201901,0
서울,강동구,201902,15
서울,강동구,201903,14
서울,강동구,201904,13
서울,강동구,201905,13
서울,강동구,201906,13
서울,강동구,201907,137
서울,강동구,201908,137
서울,강동구,201909,136
서울,강동구,201910,134
서울,강동구,201911,123
서울,강동구,201912,116
서울,강동구,202001,105
서울,강동구,202002,91
서울,강동구,202003,71
서울,강동구,202004,58
서울,강동구,202005,56
서울,강동구,202006,52
서울,강동구,202007,50
서울,강동구,202008,50
서울,강동구,202009,50
서울,강동구,202010,50
서울,강동구,202011,50
서울,강동구,202012,48
서울,강동구,202101,48
서울,강동구,202102,48
서울,강동구,202103,47
서울,강동구,202104,47
서울,강동구,202105,47
서울,강동구,202106,47
서울,강동구,202107,47
서울,강동구,202108,46
서울,강동구,202109,46
서울,강동구,202110,46
서울,강동구,202111,46
서울,강동구,202112,46
서울,강동구,202201,41
서울,강동구,202202,41
서울,강동구,202203,41
서울,강동구,202204,36
서울,강동구,202205,33
서울,강동구,202206,32
서울,강동구,202207,32
서울,강동구,202208,32
서울,강동구,202209,32
서울,강동구,202210,32
서울,강동구,202211,32
서울,강동구,202212,32
서울,강동구,202301,32
서울,강동구,202302,1156
서울,강동구,202303,257
서울,강동구,202304,229
서울,강동구,202305,228
서울,강동구,202306,222
서울,강동구,202307,218
서울,강동구,202308,212
서울,강동구,202309,212
서울,강동구,202310,276
서울,강동구,202311,275
서울,강동구,202312,257
서울,강동구,202401,319
서울,강동구,202402,319
서울,강동구,202403,310
서울,강동구,202404,307
서울,강동구,202405,307
서울,강동구,202406,304
서울,강동구,202407,305
서울,강동구,202408,309
서울,강동구,202409,309
서울,강동구,202410,286
서울,강동구,202411,303
서울,강동구,202412,300
서울,강동구,202501,296
서울,강동구,202502,291
서울,강동구,202503,287
서울,강동구,202504,287
서울,강동구,202505,333
서울,강동구,202506,386
서울,강동구,202507,386
서울,강동구,202508,382
서울,강동구,202509,382
서울,강동구,202510,379
서울,강동구,202511,379
서울,강동구,202512,357
서울,강동구,202601,343
서울,강동구,202602,343
서울,강동구,202603,308
서울,강동구,202604,308
서울,강동구,202605,300
서울,강동구,202606,262
서울,강동구,202607,262
서울,강동구,202608,262
서울,성동구,200708,0
서울,성동구,200712,0
서울,성동구,200806,0
서울,성동구,200810,40
서울,성동구,200811,74
서울,성동구,200812,73
서울,성동구,200901,73
서울,성동구,200902,67
서울,성동구,200903,67
서울,성동구,200904,104
서울,성동구,200905,96
서울,성동구,200906,82
서울,성동구,200907,77
서울,성동구,200908,77
서울,성동구,200909,87
서울,성동구,200910,87
서울,성동구,200911,87
서울,성동구,200912,87
서울,성동구,201001,87
서울,성동구,201002,87
서울,성동구,201003,87
서울,성동구,201004,80
서울,성동구,201005,87
서울,성동구,201006,85
서울,성동구,201007,85
서울,성동구,201008,80
서울,성동구,201009,80
서울,성동구,201010,79
서울,성동구,201011,79
서울,성동구,201012,79
서울,성동구,201101,79
서울,성동구,201102,79
서울,성동구,201103,79
서울,성동구,201104,79
서울,성동구,201105,79
서울,성동구,201106,79
서울,성동구,201107,79
서울,성동구,201108,79
서울,성동구,201109,79
서울,성동구,201110,79
서울,성동구,201111,79
서울,성동구,201112,79
서울,성동구,201201,79
서울,성동구,201202,79
서울,성동구,201203,79
서울,성동구,201204,79
서울,성동구,201205,79
서울,성동구,201206,79
서울,성동구,201207,104
서울,성동구,201208,508
서울,성동구,201209,502
서울,성동구,201210,420
서울,성동구,201211,342
서울,성동구,201212,285
서울,성동구,201301,265
서울,성동구,201302,243
서울,성동구,201303,192
서울,성동구,201304,166
서울,성동구,201305,142
서울,성동구,201306,131
서울,성동구,201307,127
서울,성동구,201308,123
서울,성동구,201309,565
서울,성동구,201310,437
서울,성동구,201311,279
서울,성동구,201312,203
서울,성동구,201401,170
서울,성동구,201402,135
서울,성동구,201403,111
서울,성동구,201404,100
서울,성동구,201405,99
서울,성동구,201406,93
서울,성동구,201407,88
서울,성동구,201408,81
서울,성동구,201409,47
서울,성동구,201410,20
서울,성동구,201411,9
서울,성동구,201412,6
서울,성동구,201501,4
서울,성동구,201502,0
서울,성동구,201503,0
서울,성동구,201504,0
서울,성동구,201505,0
서울,성동구,201506,0
서울,성동구,201507,0
서울,성동구,201508,0
서울,성동구,201509,0
서울,성동구,201510,0
서울,성동구,201511,0
서울,성동구,201512,266
서울,성동구,201601,266
서울,성동구,201602,245
서울,성동구,201603,245
서울,성동구,201604,224
서울,성동구,201605,203
서울,성동구,201606,184
서울,성동구,201607,163
서울,성동구,201608,138
서울,성동구,201609,112
서울,성동구,201610,90
서울,성동구,201611,85
서울,성동구,201612,80
서울,성동구,201701,77
서울,성동구,201702,76
서울,성동구,201703,71
서울,성동구,201704,62
서울,성동구,201705,33
서울,성동구,201706,8
서울,성동구,201707,1
서울,성동구,201708,1
서울,성동구,201709,0
서울,성동구,201710,0
서울,성동구,201711,0
서울,성동구,201712,0
서울,성동구,201801,0
서울,성동구,201802,0
서울,성동구,201803,0
서울,성동구,201804,0
서울,성동구,201805,0
서울,성동구,201806,0
서울,성동구,201807,0
서울,성동구,201808,0
서울,성동구,201811,0
서울,성동구,201812,0
서울,성동구,201901,0
서울,성동구,201902,3
서울,성동구,201903,3
서울,성동구,201904,3
서울,성동구,201905,3
서울,성동구,201906,3
서울,성동구,201907,3
서울,성동구,201908,3
서울,성동구,201909,3
서울,성동구,201910,3
서울,성동구,201911,3
서울,성동구,201912,3
서울,성동구,202001,3
서울,성동구,202002,3
서울,성동구,202003,3
서울,성동구,202004,3
서울,성동구,202005,0
서울,성동구,202006,0
서울,성동구,202007,0
서울,성동구,202008,0
서울,성동구,202009,0
서울,성동구,202010,0
서울,성동구,202011,0
서울,성동구,202012,0
서울,성동구,202101,0
서울,성동구,202102,0
서울,성동구,202103,0
서울,성동구,202104,0
서울,성동구,202105,0
서울,성동구,202106,0
서울,성동구,202107,0
서울,성동구,202108,0
서울,성동구,202109,0
서울,성동구,202110,0
서울,성동구,202111,0
서울,성동구,202112,0
서울,성동구,202201,0
서울,성동구,202202,0
서울,성동구,202203,0
서울,성동구,202204,0
서울,성동구,202205,0
서울,성동구,202206,0
서울,성동구,202207,0
서울,성동구,202208,0
서울,성동구,202209,0
서울,성동구,202210,0
서울,성동구,202211,0
서울,성동구,202212,0
서울,성동구,202301,0
서울,성동구,202302,0
서울,성동구,202303,0
서울,성동구,202304,0
서울,성동구,202305,0
서울,성동구,202306,0
서울,성동구,202307,0
서울,성동구,202308,0
서울,성동구,202309,0
서울,성동구,202310,0
서울,성동구,202311,0
서울,성동구,202312,0
서울,성동구,202401,0
서울,성동구,202402,0
서울,성동구,202403,0
서울,성동구,202404,0
서울,성동구,202405,0
서울,성동구,202406,0
서울,성동구,202407,0
서울,성동구,202408,0
서울,성동구,202409,0
서울,성동구,202410,0
서울,성동구,202411,0
서울,성동구,202412,0
서울,성동구,202501,0
서울,성동구,202502,0
서울,성동구,202503,0
서울,성동구,202504,0
서울,성동구,202505,0
서울,성동구,202506,0
서울,성동구,202507,0
서울,성동구,202508,0
서울,성동구,202509,0
서울,성동구,202510,0
서울,성동구,202511,0
서울,성동구,202512,0
서울,성동구,202601,0
서울,성동구,202602,0
서울,성동구,202603,0
서울,성동구,202604,0
서울,성동구,202605,0
서울,성동구,202606,0
서울,성동구,202607,0
서울,성동구,202608,0
서울,강북구,200707,106
서울,강북구,200708,0
서울,강북구,200712,0
서울,강북구,200806,0
서울,강북구,200810,22
서울,강북구,200811,14
서울,강북구,200812,14
서울,강북구,200901,4
서울,강북구,200902,0
서울,강북구,200903,0
서울,강북구,200904,0
서울,강북구,200905,0
서울,강북구,200906,0
서울,강북구,200907,0
서울,강북구,200908,0
서울,강북구,200909,0
서울,강북구,200910,0
서울,강북구,200911,0
서울,강북구,200912,0
서울,강북구,201001,0
서울,강북구,201002,0
서울,강북구,201003,0
서울,강북구,201004,0
서울,강북구,201005,0
서울,강북구,201006,0
서울,강북구,201007,0
서울,강북구,201008,0
서울,강북구,201009,0
서울,강북구,201010,0
서울,강북구,201011,0
서울,강북구,201012,0
서울,강북구,201101,0
서울,강북구,201102,0
서울,강북구,201103,0
서울,강북구,201104,0
서울,강북구,201105,0
서울,강북구,201106,0
서울,강북구,201107,0
서울,강북구,201108,0
서울,강북구,201109,65
서울,강북구,201110,65
서울,강북구,201111,75
서울,강북구,201112,74
서울,강북구,201201,73
서울,강북구,201202,74
서울,강북구,201203,71
서울,강북구,201204,71
서울,강북구,201205,68
서울,강북구,201206,68
서울,강북구,201207,68
서울,강북구,201208,68
서울,강북구,201209,68
서울,강북구,201210,65
서울,강북구,201211,64
서울,강북구,201212,64
서울,강북구,201301,63
서울,강북구,201302,63
서울,강북구,201303,63
서울,강북구,201304,63
서울,강북구,201305,62
서울,강북구,201306,62
서울,강북구,201307,62
서울,강북구,201308,62
서울,강북구,201309,62
서울,강북구,201310,62
서울,강북구,201311,62
서울,강북구,201312,62
서울,강북구,201401,62
서울,강북구,201402,48
서울,강북구,201403,48
서울,강북구,201404,48
서울,강북구,201405,48
서울,강북구,201406,47
서울,강북구,201407,47
서울,강북구,201408,42
서울,강북구,201409,18
서울,강북구,201410,12
서울,강북구,201411,9
서울,강북구,201412,3
서울,강북구,201501,3
서울,강북구,201502,3
서울,강북구,201503,2
서울,강북구,201504,2
서울,강북구,201505,1
서울,강북구,201506,1
서울,강북구,201507,0
서울,강북구,201508,0
서울,강북구,201509,0
서울,강북구,201510,0
서울,강북구,201511,0
서울,강북구,201512,0
서울,강북구,201601,0
서울,강북구,201602,0
서울,강북구,201603,0
서울,강북구,201604,0
서울,강북구,201605,0
서울,강북구,201606,0
서울,강북구,201607,0
서울,강북구,201608,0
서울,강북구,201609,0
서울,강북구,201610,0
서울,강북구,201611,0
서울,강북구,201612,0
서울,강북구,201701,0
서울,강북구,201702,0
서울,강북구,201703,0
서울,강북구,201704,0
서울,강북구,201705,0
서울,강북구,201706,0
서울,강북구,201707,0
서울,강북구,201708,0
서울,강북구,201709,0
서울,강북구,201710,0
서울,강북구,201711,0
서울,강북구,201712,0
서울,강북구,201801,0
서울,강북구,201802,0
서울,강북구,201803,0
서울,강북구,201804,0
서울,강북구,201805,0
서울,강북구,201806,0
서울,강북구,201807,0
서울,강북구,201808,0
서울,강북구,201811,0
서울,강북구,201812,0
서울,강북구,201901,0
서울,강북구,201902,0
서울,강북구,201903,0
서울,강북구,201907,0
서울,강북구,201908,0
서울,강북구,201909,0
서울,강북구,202102,0
서울,강북구,202103,0
서울,강북구,202104,0
서울,강북구,202105,0
서울,강북구,202106,0
서울,강북구,202107,0
서울,강북구,202108,0
서울,강북구,202109,0
서울,강북구,202110,0
서울,강북구,202111,0
서울,강북구,202112,0
서울,강북구,202201,0
서울,강북구,202202,0
서울,강북구,202203,0
서울,강북구,202204,195
서울,강북구,202205,332
서울,강북구,202206,318
서울,강북구,202207,197
서울,강북구,202208,183
서울,강북구,202209,183
서울,강북구,202210,228
서울,강북구,202211,227
서울,강북구,202212,227
서울,강북구,202301,201
서울,강북구,202302,200
서울,강북구,202303,200
서울,강북구,202304,186
서울,강북구,202305,180
서울,강북구,202306,256
서울,강북구,202307,246
서울,강북구,202308,201
서울,강북구,202309,148
서울,강북구,202310,125
서울,강북구,202311,127
서울,강북구,202312,127
서울,강북구,202401,125
서울,강북구,202402,124
서울,강북구,202403,98
서울,강북구,202404,96
서울,강북구,202405,95
서울,강북구,202406,89
서울,강북구,202407,86
서울,강북구,202408,83
서울,강북구,202409,83
서울,강북구,202410,70
서울,강북구,202411,70
서울,강북구,202412,66
서울,강북구,202501,65
서울,강북구,202502,62
서울,강북구,202503,62
서울,강북구,202504,60
서울,강북구,202505,60
서울,강북구,202506,60
서울,강북구,202507,53
서울,강북구,202508,51
서울,강북구,202509,50
서울,강북구,202510,51
서울,강북구,202511,49
서울,강북구,202512,48
서울,강북구,202601,47
서울,강북구,202602,47
서울,강북구,202603,47
서울,강북구,202604,47
서울,강북구,202605,47
서울,강북구,202606,47
서울,강북구,202607,47
서울,강북구,202608,1
서울,광진구,200701,187
서울,광진구,200702,107
서울,광진구,200703,187
서울,광진구,200704,187
서울,광진구,200705,187
서울,광진구,200706,187
서울,광진구,200707,187
서울,광진구,200708,187
서울,광진구,200709,187
서울,광진구,200710,187
서울,광진구,200711,187
서울,광진구,200712,32
서울,광진구,200801,32
서울,광진구,200802,32
서울,광진구,200803,32
서울,광진구,200804,24
서울,광진구,200805,22
서울,광진구,200806,22
서울,광진구,200807,22
서울,광진구,200808,22
서울,광진구,200809,22
서울,광진구,200810,22
서울,광진구,200811,18
서울,광진구,200812,18
서울,광진구,200901,18
서울,광진구,200902,10
서울,광진구,200903,10
서울,광진구,200904,20
서울,광진구,200905,22
서울,광진구,200906,22
서울,광진구,200907,22
서울,광진구,200908,21
서울,광진구,200909,21
서울,광진구,200910,4
서울,광진구,200911,4
서울,광진구,200912,4
서울,광진구,201001,4
서울,광진구,201002,3
서울,광진구,201003,3
서울,광진구,201004,3
서울,광진구,201005,3
서울,광진구,201006,3
서울,광진구,201007,3
서울,광진구,201008,3
서울,광진구,201009,3
서울,광진구,201010,3
서울,광진구,201011,3
서울,광진구,201012,2
서울,광진구,201101,2
서울,광진구,201102,2
서울,광진구,201103,2
서울,광진구,201104,2
서울,광진구,201105,2
서울,광진구,201106,2
서울,광진구,201107,2
서울,광진구,201108,2
서울,광진구,201109,2
서울,광진구,201110,2
서울,광진구,201111,2
서울,광진구,201112,2
서울,광진구,201201,2
서울,광진구,201202,2
서울,광진구,201203,19
서울,광진구,201204,19
서울,광진구,201205,19
서울,광진구,201206,19
서울,광진구,201207,19
서울,광진구,201208,19
서울,광진구,201209,19
서울,광진구,201210,19
서울,광진구,201211,19
서울,광진구,201212,19
서울,광진구,201301,26
서울,광진구,201302,26
서울,광진구,201303,20
서울,광진구,201304,20
서울,광진구,201305,20
서울,광진구,201306,16
서울,광진구,201307,15
서울,광진구,201308,15
서울,광진구,201309,10
서울,광진구,201310,8
서울,광진구,201311,8
서울,광진구,201312,7
서울,광진구,201401,6
서울,광진구,201402,6
서울,광진구,201403,6
서울,광진구,201404,5
서울,광진구,201405,3
서울,광진구,201406,16
서울,광진구,201407,13
서울,광진구,201408,12
서울,광진구,201409,8
서울,광진구,201410,7
서울,광진구,201411,5
서울,광진구,201412,5
서울,광진구,201501,1
서울,광진구,201502,0
서울,광진구,201503,0
서울,광진구,201504,16
서울,광진구,201505,6
서울,광진구,201506,3
서울,광진구,201507,0
서울,광진구,201508,0
서울,광진구,201509,0
서울,광진구,201510,0
서울,광진구,201511,28
서울,광진구,201512,22
서울,광진구,201601,18
서울,광진구,201602,14
서울,광진구,201603,9
서울,광진구,201604,4
서울,광진구,201605,0
서울,광진구,201606,0
서울,광진구,201607,0
서울,광진구,201608,0
서울,광진구,201609,0
서울,광진구,201610,0
서울,광진구,201611,0
서울,광진구,201612,0
서울,광진구,201701,0
서울,광진구,201702,0
서울,광진구,201703,0
서울,광진구,201704,0
서울,광진구,201705,0
서울,광진구,201706,0
서울,광진구,201707,0
서울,광진구,201708,0
서울,광진구,201709,0
서울,광진구,201710,0
서울,광진구,201711,0
서울,광진구,201712,0
서울,광진구,201801,0
서울,광진구,201802,0
서울,광진구,201803,0
서울,광진구,201804,0
서울,광진구,201805,0
서울,광진구,201806,0
서울,광진구,201807,0
서울,광진구,201808,0
서울,광진구,201811,0
서울,광진구,201812,0
서울,광진구,201901,0
서울,광진구,201902,0
서울,광진구,201903,721
서울,광진구,201904,244
서울,광진구,201905,110
서울,광진구,201906,75
서울,광진구,201907,18
서울,광진구,201908,14
서울,광진구,201909,20
서울,광진구,201910,10
서울,광진구,201911,7
서울,광진구,201912,7
서울,광진구,202001,5
서울,광진구,202002,1
서울,광진구,202003,2
서울,광진구,202004,2
서울,광진구,202005,2
서울,광진구,202006,2
서울,광진구,202007,2
서울,광진구,202008,2
서울,광진구,202009,2
서울,광진구,202010,2
서울,광진구,202011,2
서울,광진구,202012,1
서울,광진구,202101,1
서울,광진구,202102,1
서울,광진구,202103,1
서울,광진구,202104,1
서울,광진구,202105,1
서울,광진구,202106,1
서울,광진구,202107,1
서울,광진구,202108,5
서울,광진구,202109,5
서울,광진구,202110,5
서울,광진구,202111,5
서울,광진구,202112,5
서울,광진구,202201,3
서울,광진구,202202,3
서울,광진구,202203,3
서울,광진구,202204,3
서울,광진구,202205,3
서울,광진구,202206,3
서울,광진구,202207,3
서울,광진구,202208,3
서울,광진구,202209,3
서울,광진구,202210,3
서울,광진구,202211,3
서울,광진구,202212,3
서울,광진구,202301,3
서울,광진구,202302,3
서울,광진구,202303,3
서울,광진구,202304,3
서울,광진구,202305,3
서울,광진구,202306,3
서울,광진구,202307,3
서울,광진구,202308,3
서울,광진구,202309,38
서울,광진구,202310,38
서울,광진구,202311,38
서울,광진구,202312,38
서울,광진구,202401,38
서울,광진구,202402,38
서울,광진구,202403,37
서울,광진구,202404,37
서울,광진구,202405,37
서울,광진구,202406,35
서울,광진구,202407,35
서울,광진구,202408,34
서울,광진구,202409,59
서울,광진구,202410,58
서울,광진구,202411,57
서울,광진구,202412,57
서울,광진구,202501,57
서울,광진구,202502,55
서울,광진구,202503,55
서울,광진구,202504,55
서울,광진구,202505,55
서울,광진구,202506,53
서울,광진구,202507,54
서울,광진구,202508,54
서울,광진구,202509,54
서울,광진구,202510,54
서울,광진구,202511,54
서울,광진구,202512,52
서울,광진구,202601,52
서울,광진구,202602,51
서울,광진구,202603,51
서울,광진구,202604,51
서울,광진구,202605,51
서울,광진구,202606,51
서울,광진구,202607,51
서울,광진구,202608,51
서울,강서구,200708,0
서울,강서구,200712,0
서울,강서구,200804,63
서울,강서구,200805,63
서울,강서구,200806,78
서울,강서구,200807,78
서울,강서구,200808,78
서울,강서구,200809,78
서울,강서구,200810,128
서울,강서구,200811,128
서울,강서구,200812,120
서울,강서구,200901,117
서울,강서구,200902,117
서울,강서구,200903,117
서울,강서구,200904,24
서울,강서구,200905,7
서울,강서구,200906,26
서울,강서구,200907,25
서울,강서구,200908,25
서울,강서구,200909,24
서울,강서구,200910,24
서울,강서구,200911,24
서울,강서구,200912,24
서울,강서구,201001,24
서울,강서구,201002,21
서울,강서구,201003,21
서울,강서구,201004,21
서울,강서구,201005,21
서울,강서구,201006,21
서울,강서구,201007,21
서울,강서구,201008,21
서울,강서구,201009,21
서울,강서구,201010,21
서울,강서구,201011,21
서울,강서구,201012,21
서울,강서구,201101,21
서울,강서구,201102,21
서울,강서구,201103,14
서울,강서구,201104,14
서울,강서구,201105,14
서울,강서구,201106,14
서울,강서구,201107,14
서울,강서구,201108,14
서울,강서구,201109,11
서울,강서구,201110,11
서울,강서구,201111,11
서울,강서구,201112,9
서울,강서구,201201,9
서울,강서구,201202,9
서울,강서구,201203,5
서울,강서구,201204,5
서울,강서구,201205,5
서울,강서구,201206,5
서울,강서구,201207,61
서울,강서구,201208,61
서울,강서구,201209,61
서울,강서구,201210,60
서울,강서구,201211,60
서울,강서구,201212,57
서울,강서구,201301,57
서울,강서구,201302,57
서울,강서구,201303,57
서울,강서구,201304,57
서울,강서구,201305,56
서울,강서구,201306,56
서울,강서구,201307,56
서울,강서구,201308,56
서울,강서구,201309,56
서울,강서구,201310,56
서울,강서구,201311,56
서울,강서구,201312,56
서울,강서구,201401,56
서울,강서구,201402,56
서울,강서구,201403,56
서울,강서구,201404,56
서울,강서구,201405,56
서울,강서구,201406,45
서울,강서구,201407,45
서울,강서구,201408,45
서울,강서구,201409,21
서울,강서구,201410,21
서울,강서구,201411,21
서울,강서구,201412,13
서울,강서구,201501,13
서울,강서구,201502,13
서울,강서구,201503,318
서울,강서구,201504,318
서울,강서구,201505,318
서울,강서구,201506,99
서울,강서구,201507,99
서울,강서구,201508,21
서울,강서구,201509,10
서울,강서구,201510,0
서울,강서구,201511,0
서울,강서구,201512,0
서울,강서구,201601,0
서울,강서구,201602,0
서울,강서구,201603,0
서울,강서구,201604,0
서울,강서구,201605,0
서울,강서구,201606,0
서울,강서구,201607,17
서울,강서구,201608,4
서울,강서구,201609,3
서울,강서구,201610,0
서울,강서구,201611,0
서울,강서구,201612,0
서울,강서구,201701,0
서울,강서구,201702,0
서울,강서구,201703,0
서울,강서구,201704,0
서울,강서구,201705,0
서울,강서구,201706,0
서울,강서구,201707,0
서울,강서구,201708,0
서울,강서구,201709,0
서울,강서구,201710,0
서울,강서구,201711,0
서울,강서구,201712,0
서울,강서구,201801,0
서울,강서구,201802,0
서울,강서구,201803,0
서울,강서구,201804,0
서울,강서구,201805,0
서울,강서구,201806,0
서울,강서구,201807,0
서울,강서구,201808,0
서울,강서구,201811,0
서울,강서구,201812,0
서울,강서구,201901,0
서울,강서구,201902,0
서울,강서구,201903,0
서울,강서구,201907,0
서울,강서구,201908,0
서울,강서구,201909,0
서울,강서구,202102,0
서울,강서구,202103,0
서울,강서구,202104,0
서울,강서구,202105,0
서울,강서구,202106,0
서울,강서구,202107,0
서울,강서구,202108,0
서울,강서구,202109,0
서울,강서구,202110,0
서울,강서구,202111,0
서울,강서구,202112,0
서울,강서구,202201,0
서울,강서구,202202,0
서울,강서구,202203,0
서울,강서구,202204,0
서울,강서구,202205,0
서울,강서구,202206,0
서울,강서구,202207,0
서울,강서구,202208,0
서울,강서구,202209,0
서울,강서구,202210,0
서울,강서구,202211,0
서울,강서구,202212,131
서울,강서구,202301,131
서울,강서구,202302,129
서울,강서구,202303,129
서울,강서구,202304,126
서울,강서구,202305,245
서울,강서구,202306,236
서울,강서구,202307,203
서울,강서구,202308,170
서울,강서구,202309,151
서울,강서구,202310,127
서울,강서구,202311,115
서울,강서구,202312,108
서울,강서구,202401,105
서울,강서구,202402,103
서울,강서구,202403,101
서울,강서구,202404,101
서울,강서구,202405,146
서울,강서구,202406,146
서울,강서구,202407,146
서울,강서구,202408,145
서울,강서구,202409,145
서울,강서구,202410,145
서울,강서구,202411,145
서울,강서구,202412,145
서울,강서구,202501,145
서울,강서구,202502,145
서울,강서구,202503,145
서울,강서구,202504,145
서울,강서구,202505,145
서울,강서구,202506,145
서울,강서구,202507,145
서울,강서구,202508,145
서울,강서구,202509,145
서울,강서구,202510,145
서울,강서구,202511,145
서울,강서구,202512,107
서울,강서구,202601,107
서울,강서구,202602,107
서울,강서구,202603,107
서울,강서구,202604,107
서울,강서구,202605,107
서울,강서구,202606,107
서울,강서구,202607,107
서울,강서구,202608,107
서울,관악구,200708,0
서울,관악구,200712,0
서울,관악구,200806,0
서울,관악구,200811,0
서울,관악구,200812,0
서울,관악구,200901,74
서울,관악구,200902,74
서울,관악구,200903,66
서울,관악구,200904,60
서울,관악구,200905,48
서울,관악구,200906,48
서울,관악구,200907,30
서울,관악구,200908,30
서울,관악구,200909,30
서울,관악구,200910,30
서울,관악구,200911,48
서울,관악구,200912,48
서울,관악구,201001,48
서울,관악구,201002,48
서울,관악구,201003,48
서울,관악구,201004,1
서울,관악구,201005,0
서울,관악구,201006,0
서울,관악구,201007,0
서울,관악구,201008,0
서울,관악구,201009,0
서울,관악구,201010,0
서울,관악구,201011,0
서울,관악구,201012,0
서울,관악구,201101,0
서울,관악구,201102,0
서울,관악구,201103,0
서울,관악구,201104,0
서울,관악구,201105,0
서울,관악구,201106,0
서울,관악구,201107,0
서울,관악구,201108,0
서울,관악구,201109,0
서울,관악구,201110,0
서울,관악구,201111,0
서울,관악구,201112,0
서울,관악구,201201,0
서울,관악구,201202,0
서울,관악구,201203,0
서울,관악구,201204,0
서울,관악구,201205,0
서울,관악구,201206,0
서울,관악구,201207,0
서울,관악구,201208,0
서울,관악구,201209,0
서울,관악구,201210,0
서울,관악구,201211,0
서울,관악구,201212,0
서울,관악구,201301,0
서울,관악구,201302,0
서울,관악구,201303,0
서울,관악구,201304,0
서울,관악구,201305,0
서울,관악구,201306,0
서울,관악구,201307,0
서울,관악구,201308,0
서울,관악구,201309,0
서울,관악구,201310,0
서울,관악구,201311,0
서울,관악구,201312,0
서울,관악구,201401,0
서울,관악구,201402,0
서울,관악구,201403,0
서울,관악구,201404,0
서울,관악구,201405,0
서울,관악구,201406,0
서울,관악구,201407,0
서울,관악구,201408,0
서울,관악구,201409,0
서울,관악구,201410,0
서울,관악구,201411,0
서울,관악구,201412,0
서울,관악구,201501,0
서울,관악구,201502,0
서울,관악구,201503,0
서울,관악구,201504,0
서울,관악구,201505,0
서울,관악구,201506,0
서울,관악구,201507,0
서울,관악구,201508,0
서울,관악구,201509,0
서울,관악구,201510,0
서울,관악구,201511,0
서울,관악구,201512,0
서울,관악구,201601,0
서울,관악구,201602,0
서울,관악구,201603,0
서울,관악구,201604,0
서울,관악구,201605,0
서울,관악구,201606,0
서울,관악구,201607,0
서울,관악구,201608,0
서울,관악구,201609,0
서울,관악구,201610,0
서울,관악구,201611,0
서울,관악구,201612,0
서울,관악구,201701,0
서울,관악구,201702,0
서울,관악구,201703,0
서울,관악구,201704,0
서울,관악구,201705,0
서울,관악구,201706,0
서울,관악구,201707,0
서울,관악구,201708,0
서울,관악구,201709,0
서울,관악구,201710,0
서울,관악구,201711,0
서울,관악구,201712,0
서울,관악구,201801,0
서울,관악구,201802,0
서울,관악구,201803,0
서울,관악구,201804,0
서울,관악구,201805,0
서울,관악구,201806,0
서울,관악구,201807,0
서울,관악구,201808,0
서울,관악구,201811,0
서울,관악구,201812,0
서울,관악구,201901,0
서울,관악구,201902,0
서울,관악구,201903,0
서울,관악구,201907,0
서울,관악구,201908,0
서울,관악구,201909,0
서울,관악구,201912,0
서울,관악구,202001,0
서울,관악구,202002,0
서울,관악구,202003,0
서울,관악구,202004,0
서울,관악구,202005,0
서울,관악구,202006,0
서울,관악구,202007,0
서울,관악구,202008,0
서울,관악구,202009,0
서울,관악구,202010,0
서울,관악구,202011,0
서울,관악구,202012,0
서울,관악구,202101,0
서울,관악구,202102,0
서울,관악구,202103,0
서울,관악구,202104,0
서울,관악구,202105,0
서울,관악구,202106,0
서울,관악구,202107,0
서울,관악구,202108,0
서울,관악구,202109,0
서울,관악구,202110,0
서울,관악구,202111,0
서울,관악구,202112,0
서울,관악구,202201,0
서울,관악구,202202,0
서울,관악구,202203,0
서울,관악구,202204,0
서울,관악구,202205,0
서울,관악구,202206,0
서울,관악구,202207,0
서울,관악구,202208,0
서울,관악구,202209,0
서울,관악구,202210,0
서울,관악구,202211,0
서울,관악구,202212,0
서울,관악구,202301,0
서울,관악구,202302,0
서울,관악구,202303,0
서울,관악구,202304,0
서울,관악구,202305,0
서울,관악구,202306,0
서울,관악구,202307,0
서울,관악구,202308,0
서울,관악구,202309,0
서울,관악구,202310,0
서울,관악구,202311,0
서울,관악구,202312,0
서울,관악구,202401,0
서울,관악구,202402,0
서울,관악구,202403,0
서울,관악구,202404,0
서울,관악구,202405,0
서울,관악구,202406,0
서울,관악구,202407,0
서울,관악구,202408,0
서울,관악구,202409,0
서울,관악구,202410,0
서울,관악구,202411,0
서울,관악구,202412,0
서울,관악구,202501,4
서울,관악구,202502,4
서울,관악구,202503,4
서울,관악구,202504,4
서울,관악구,202505,4
서울,관악구,202506,4
서울,관악구,202507,4
서울,관악구,202508,4
서울,관악구,202509,4
서울,관악구,202510,4
서울,관악구,202511,4
서울,관악구,202512,4
서울,관악구,202601,4
서울,관악구,202602,4
서울,관악구,202603,4
서울,관악구,202604,4
서울,관악구,202605,4
서울,관악구,202606,4
서울,관악구,202607,4
서울,관악구,202608,4
서울,동대문구,200708,0
서울,동대문구,200712,0
서울,동대문구,200806,0
서울,동대문구,200807,15
서울,동대문구,200808,72
서울,동대문구,200811,0
서울,동대문구,200812,0
서울,동대문구,200901,27
서울,동대문구,200902,27
서울,동대문구,200903,27
서울,동대문구,200904,7
서울,동대문구,200905,7
서울,동대문구,200906,24
서울,동대문구,200907,60
서울,동대문구,200908,60
서울,동대문구,200909,60
서울,동대문구,200910,60
서울,동대문구,200911,60
서울,동대문구,200912,60
서울,동대문구,201001,60
서울,동대문구,201002,60
서울,동대문구,201003,60
서울,동대문구,201004,60
서울,동대문구,201005,115
서울,동대문구,201006,112
서울,동대문구,201007,111
서울,동대문구,201008,111
서울,동대문구,201009,112
서울,동대문구,201010,108
서울,동대문구,201011,107
서울,동대문구,201012,105
서울,동대문구,201101,105
서울,동대문구,201102,102
서울,동대문구,201103,101
서울,동대문구,201104,90
서울,동대문구,201105,80
서울,동대문구,201106,76
서울,동대문구,201107,73
서울,동대문구,201108,72
서울,동대문구,201109,72
서울,동대문구,201110,72
서울,동대문구,201111,72
서울,동대문구,201112,72
서울,동대문구,201201,72
서울,동대문구,201202,72
서울,동대문구,201203,72
서울,동대문구,201204,72
서울,동대문구,201205,72
서울,동대문구,201206,31
서울,동대문구,201207,31
서울,동대문구,201208,28
서울,동대문구,201209,26
서울,동대문구,201210,26
서울,동대문구,201211,26
서울,동대문구,201212,26
서울,동대문구,201301,26
서울,동대문구,201302,26
서울,동대문구,201303,26
서울,동대문구,201304,3
서울,동대문구,201305,3
서울,동대문구,201306,4
서울,동대문구,201307,4
서울,동대문구,201308,4
서울,동대문구,201309,4
서울,동대문구,201310,2
서울,동대문구,201311,2
서울,동대문구,201312,2
서울,동대문구,201401,2
서울,동대문구,201402,2
서울,동대문구,201403,0
서울,동대문구,201404,0
서울,동대문구,201405,11
서울,동대문구,201406,11
서울,동대문구,201407,11
서울,동대문구,201408,6
서울,동대문구,201409,0
서울,동대문구,201411,0
서울,동대문구,201412,0
서울,동대문구,201501,0
서울,동대문구,201502,0
서울,동대문구,201503,0
서울,동대문구,201504,0
서울,동대문구,201505,0
서울,동대문구,201506,0
서울,동대문구,201507,0
서울,동대문구,201508,0
서울,동대문구,201509,0
서울,동대문구,201510,0
서울,동대문구,201511,0
서울,동대문구,201512,0
서울,동대문구,201601,0
서울,동대문구,201602,96
서울,동대문구,201603,64
서울,동대문구,201604,10
서울,동대문구,201605,0
서울,동대문구,201606,0
서울,동대문구,201607,0
서울,동대문구,201608,0
서울,동대문구,201609,0
서울,동대문구,201610,0
서울,동대문구,201611,0
서울,동대문구,201612,0
서울,동대문구,201701,0
서울,동대문구,201702,0
서울,동대문구,201703,0
서울,동대문구,201704,0
서울,동대문구,201705,0
서울,동대문구,201706,0
서울,동대문구,201707,0
서울,동대문구,201708,0
서울,동대문구,201709,0
서울,동대문구,201710,0
서울,동대문구,201711,0
서울,동대문구,201712,0
서울,동대문구,201801,0
서울,동대문구,201802,0
서울,동대문구,201803,0
서울,동대문구,201804,0
서울,동대문구,201805,0
서울,동대문구,201806,0
서울,동대문구,201807,0
서울,동대문구,201808,0
서울,동대문구,201811,0
서울,동대문구,201812,0
서울,동대문구,201901,0
서울,동대문구,201902,0
서울,동대문구,201903,0
서울,동대문구,201906,0
서울,동대문구,201907,0
서울,동대문구,201908,0
서울,동대문구,201909,0
서울,동대문구,202102,0
서울,동대문구,202103,0
서울,동대문구,202104,0
서울,동대문구,202105,0
서울,동대문구,202106,0
서울,동대문구,202107,0
서울,동대문구,202108,0
서울,동대문구,202109,0
서울,동대문구,202110,0
서울,동대문구,202111,0
서울,동대문구,202112,0
서울,동대문구,202201,0
서울,동대문구,202202,0
서울,동대문구,202203,133
서울,동대문구,202204,95
서울,동대문구,202205,69
서울,동대문구,202206,55
서울,동대문구,202207,52
서울,동대문구,202208,50
서울,동대문구,202209,50
서울,동대문구,202210,50
서울,동대문구,202211,50
서울,동대문구,202212,50
서울,동대문구,202301,52
서울,동대문구,202302,52
서울,동대문구,202303,52
서울,동대문구,202304,52
서울,동대문구,202305,52
서울,동대문구,202306,52
서울,동대문구,202307,52
서울,동대문구,202308,52
서울,동대문구,202309,52
서울,동대문구,202310,52
서울,동대문구,202311,52
서울,동대문구,202312,174
서울,동대문구,202401,170
서울,동대문구,202402,170
서울,동대문구,202403,170
서울,동대문구,202404,170
서울,동대문구,202405,170
서울,동대문구,202406,170
서울,동대문구,202407,170
서울,동대문구,202408,170
서울,동대문구,202409,170
서울,동대문구,202410,170
서울,동대문구,202411,170
서울,동대문구,202412,170
서울,동대문구,202501,170
서울,동대문구,202502,170
서울,동대문구,202503,170
서울,동대문구,202504,170
서울,동대문구,202505,170
서울,동대문구,202506,171
서울,동대문구,202507,171
서울,동대문구,202508,171
서울,동대문구,202509,94
서울,동대문구,202510,67
서울,동대문구,202511,63
서울,동대문구,202512,61
서울,동대문구,202601,58
서울,동대문구,202602,57
서울,동대문구,202603,57
서울,동대문구,202604,57
서울,동대문구,202605,57
서울,동대문구,202606,57
서울,동대문구,202607,57
서울,동대문구,202608,57
서울,중랑구,200708,0
서울,중랑구,200712,0
서울,중랑구,200806,0
서울,중랑구,200811,0
서울,중랑구,200812,0
서울,중랑구,200901,0
서울,중랑구,200902,0
서울,중랑구,200903,0
서울,중랑구,200904,0
서울,중랑구,200905,0
서울,중랑구,200906,0
서울,중랑구,200907,0
서울,중랑구,200908,0
서울,중랑구,200909,0
서울,중랑구,200910,0
서울,중랑구,200911,0
서울,중랑구,200912,0
서울,중랑구,201001,0
서울,중랑구,201002,0
서울,중랑구,201003,0
서울,중랑구,201004,0
서울,중랑구,201005,0
서울,중랑구,201006,0
서울,중랑구,201007,0
서울,중랑구,201008,140
서울,중랑구,201009,140
서울,중랑구,201010,132
서울,중랑구,201011,115
서울,중랑구,201012,108
서울,중랑구,201101,105
서울,중랑구,201102,92
서울,중랑구,201103,92
서울,중랑구,201104,92
서울,중랑구,201105,81
서울,중랑구,201106,78
서울,중랑구,201107,75
서울,중랑구,201108,73
서울,중랑구,201109,129
서울,중랑구,201110,127
서울,중랑구,201111,124
서울,중랑구,201112,119
서울,중랑구,201201,116
서울,중랑구,201202,94
서울,중랑구,201203,81
서울,중랑구,201204,79
서울,중랑구,201205,77
서울,중랑구,201206,73
서울,중랑구,201207,77
서울,중랑구,201208,76
서울,중랑구,201209,76
서울,중랑구,201210,76
서울,중랑구,201211,75
서울,중랑구,201212,69
서울,중랑구,201301,69
서울,중랑구,201302,69
서울,중랑구,201303,55
서울,중랑구,201304,55
서울,중랑구,201305,55
서울,중랑구,201306,43
서울,중랑구,201307,43
서울,중랑구,201308,43
서울,중랑구,201309,43
서울,중랑구,201310,43
서울,중랑구,201311,89
서울,중랑구,201312,89
서울,중랑구,201401,82
서울,중랑구,201402,72
서울,중랑구,201403,68
서울,중랑구,201404,61
서울,중랑구,201405,47
서울,중랑구,201406,42
서울,중랑구,201407,42
서울,중랑구,201408,42
서울,중랑구,201409,42
서울,중랑구,201410,29
서울,중랑구,201411,29
서울,중랑구,201412,3
서울,중랑구,201501,3
서울,중랑구,201502,0
서울,중랑구,201503,0
서울,중랑구,201504,0
서울,중랑구,201505,0
서울,중랑구,201506,0
서울,중랑구,201507,0
서울,중랑구,201508,0
서울,중랑구,201509,11
서울,중랑구,201510,4
서울,중랑구,201511,0
서울,중랑구,201512,0
서울,중랑구,201601,0
서울,중랑구,201602,0
서울,중랑구,201603,0
서울,중랑구,201604,0
서울,중랑구,201605,0
서울,중랑구,201606,0
서울,중랑구,201607,0
서울,중랑구,201608,0
서울,중랑구,201609,0
서울,중랑구,201610,0
서울,중랑구,201611,0
서울,중랑구,201612,0
서울,중랑구,201701,0
서울,중랑구,201702,0
서울,중랑구,201703,0
서울,중랑구,201704,0
서울,중랑구,201705,0
서울,중랑구,201706,0
서울,중랑구,201707,0
서울,중랑구,201708,0
서울,중랑구,201709,0
서울,중랑구,201710,0
서울,중랑구,201711,0
서울,중랑구,201712,0
서울,중랑구,201801,0
서울,중랑구,201802,0
서울,중랑구,201803,0
서울,중랑구,201804,0
서울,중랑구,201805,0
서울,중랑구,201806,0
서울,중랑구,201807,0
서울,중랑구,201808,0
서울,중랑구,201811,0
서울,중랑구,201812,0
서울,중랑구,201901,0
서울,중랑구,201902,0
서울,중랑구,201903,0
서울,중랑구,201907,0
서울,중랑구,201908,0
서울,중랑구,201909,0
서울,중랑구,202102,0
서울,중랑구,202103,0
서울,중랑구,202104,0
서울,중랑구,202105,0
서울,중랑구,202106,0
서울,중랑구,202107,0
서울,중랑구,202108,0
서울,중랑구,202109,0
서울,중랑구,202110,0
서울,중랑구,202111,0
서울,중랑구,202112,0
서울,중랑구,202201,0
서울,중랑구,202202,0
서울,중랑구,202203,0
서울,중랑구,202204,0
서울,중랑구,202205,0
서울,중랑구,202206,0
서울,중랑구,202207,0
서울,중랑구,202208,0
서울,중랑구,202209,0
서울,중랑구,202210,0
서울,중랑구,202211,0
서울,중랑구,202212,0
서울,중랑구,202301,0
서울,중랑구,202302,0
서울,중랑구,202303,0
서울,중랑구,202304,0
서울,중랑구,202305,0
서울,중랑구,202306,0
서울,중랑구,202307,0
서울,중랑구,202308,0
서울,중랑구,202309,0
서울,중랑구,202310,0
서울,중랑구,202311,0
서울,중랑구,202312,0
서울,중랑구,202401,0
서울,중랑구,202402,0
서울,중랑구,202403,0
서울,중랑구,202404,0
서울,중랑구,202405,0
서울,중랑구,202406,0
서울,중랑구,202407,0
서울,중랑구,202408,0
서울,중랑구,202409,0
서울,중랑구,202410,0
서울,중랑구,202411,0
서울,중랑구,202412,0
서울,중랑구,202501,267
서울,중랑구,202502,51
서울,중랑구,202503,0
서울,중랑구,202504,0
서울,중랑구,202505,0
서울,중랑구,202506,0
서울,중랑구,202507,0
서울,중랑구,202508,0
서울,중랑구,202509,0
서울,중랑구,202510,0
서울,중랑구,202511,0
서울,중랑구,202512,0
서울,중랑구,202601,0
서울,중랑구,202602,0
서울,중랑구,202603,0
서울,중랑구,202604,0
서울,중랑구,202605,0
서울,중랑구,202606,0
서울,중랑구,202607,0
서울,중랑구,202608,0
서울,성북구,200701,404
서울,성북구,200702,404
서울,성북구,200703,404
서울,성북구,200704,404
서울,성북구,200705,404
서울,성북구,200706,404
서울,성북구,200707,404
서울,성북구,200708,404
서울,성북구,200709,404
서울,성북구,200710,404
서울,성북구,200711,404
서울,성북구,200712,0
서울,성북구,200806,0
서울,성북구,200809,47
서울,성북구,200810,45
서울,성북구,200811,45
서울,성북구,200812,213
서울,성북구,200901,213
서울,성북구,200902,212
서울,성북구,200903,211
서울,성북구,200904,164
서울,성북구,200905,157
서울,성북구,200906,156
서울,성북구,200907,155
서울,성북구,200908,147
서울,성북구,200909,142
서울,성북구,200910,113
서울,성북구,200911,113
서울,성북구,200912,113
서울,성북구,201001,113
서울,성북구,201002,113
서울,성북구,201003,113
서울,성북구,201004,114
서울,성북구,201005,121
서울,성북구,201006,121
서울,성북구,201007,122
서울,성북구,201008,122
서울,성북구,201009,122
서울,성북구,201010,122
서울,성북구,201011,122
서울,성북구,201012,115
서울,성북구,201101,115
서울,성북구,201102,115
서울,성북구,201103,115
서울,성북구,201104,115
서울,성북구,201105,115
서울,성북구,201106,115
서울,성북구,201107,115
서울,성북구,201108,115
서울,성북구,201109,115
서울,성북구,201110,115
서울,성북구,201111,124
서울,성북구,201112,124
서울,성북구,201201,204
서울,성북구,201202,204
서울,성북구,201203,204
서울,성북구,201204,204
서울,성북구,201205,204
서울,성북구,201206,204
서울,성북구,201207,204
서울,성북구,201208,204
서울,성북구,201209,204
서울,성북구,201210,204
서울,성북구,201211,195
서울,성북구,201212,292
서울,성북구,201301,292
서울,성북구,201302,269
서울,성북구,201303,268
서울,성북구,201304,225
서울,성북구,201305,225
서울,성북구,201306,204
서울,성북구,201307,197
서울,성북구,201308,185
서울,성북구,201309,172
서울,성북구,201310,146
서울,성북구,201311,113
서울,성북구,201312,82
서울,성북구,201401,82
서울,성북구,201402,77
서울,성북구,201403,77
서울,성북구,201404,205
서울,성북구,201405,198
서울,성북구,201406,191
서울,성북구,201407,200
서울,성북구,201408,133
서울,성북구,201409,133
서울,성북구,201410,118
서울,성북구,201411,86
서울,성북구,201412,86
서울,성북구,201501,169
서울,성북구,201502,143
서울,성북구,201503,97
서울,성북구,201504,0
서울,성북구,201505,0
서울,성북구,201506,0
서울,성북구,201507,0
서울,성북구,201508,0
서울,성북구,201509,0
서울,성북구,201510,0
서울,성북구,201511,0
서울,성북구,201512,0
서울,성북구,201601,0
서울,성북구,201602,0
서울,성북구,201603,0
서울,성북구,201604,0
서울,성북구,201605,0
서울,성북구,201606,0
서울,성북구,201607,0
서울,성북구,201608,0
서울,성북구,201609,0
서울,성북구,201610,0
서울,성북구,201611,0
서울,성북구,201612,0
서울,성북구,201701,0
서울,성북구,201702,0
서울,성북구,201703,35
서울,성북구,201704,26
서울,성북구,201705,24
서울,성북구,201706,14
서울,성북구,201707,9
서울,성북구,201708,8
서울,성북구,201709,6
서울,성북구,201710,4
서울,성북구,201711,0
서울,성북구,201712,0
서울,성북구,201801,0
서울,성북구,201802,0
서울,성북구,201803,0
서울,성북구,201804,0
서울,성북구,201805,0
서울,성북구,201806,0
서울,성북구,201807,0
서울,성북구,201808,0
서울,성북구,201811,0
서울,성북구,201812,0
서울,성북구,201901,0
서울,성북구,201902,0
서울,성북구,201903,0
서울,성북구,201907,0
서울,성북구,201908,0
서울,성북구,201909,0
서울,성북구,202102,0
서울,성북구,202103,0
서울,성북구,202104,0
서울,성북구,202105,0
서울,성북구,202106,0
서울,성북구,202107,0
서울,성북구,202108,0
서울,성북구,202109,0
서울,성북구,202110,0
서울,성북구,202111,0
서울,성북구,202112,0
서울,성북구,202201,0
서울,성북구,202202,0
서울,성북구,202203,0
서울,성북구,202204,0
서울,성북구,202205,0
서울,성북구,202206,0
서울,성북구,202207,0
서울,성북구,202208,0
서울,성북구,202209,0
서울,성북구,202210,0
서울,성북구,202211,0
서울,성북구,202212,0
서울,성북구,202301,0
서울,성북구,202302,0
서울,성북구,202303,0
서울,성북구,202304,0
서울,성북구,202305,0
서울,성북구,202306,0
서울,성북구,202307,0
서울,성북구,202308,0
서울,성북구,202309,0
서울,성북구,202310,0
서울,성북구,202311,0
서울,성북구,202312,0
서울,성북구,202401,0
서울,성북구,202402,0
서울,성북구,202403,0
서울,성북구,202404,0
서울,성북구,202405,0
서울,성북구,202406,0
서울,성북구,202407,0
서울,성북구,202408,0
서울,성북구,202409,0
서울,성북구,202410,0
서울,성북구,202411,0
서울,성북구,202412,0
서울,성북구,202501,134
서울,성북구,202502,1
서울,성북구,202503,0
서울,성북구,202504,0
서울,성북구,202505,0
서울,성북구,202506,0
서울,성북구,202507,0
서울,성북구,202508,0
서울,성북구,202509,0
서울,성북구,202510,0
서울,성북구,202511,0
서울,성북구,202512,0
서울,성북구,202601,0
서울,성북구,202602,0
서울,성북구,202603,0
서울,성북구,202604,0
서울,성북구,202605,0
서울,성북구,202606,0
서울,성북구,202607,0
서울,성북구,202608,0
서울,구로구,200708,0
서울,구로구,200712,0
서울,구로구,200806,0
서울,구로구,200811,0
서울,구로구,200812,0
서울,구로구,200901,0
서울,구로구,200902,0
서울,구로구,200903,0
서울,구로구,200904,0
서울,구로구,200905,0
서울,구로구,200906,0
서울,구로구,200907,0
서울,구로구,200908,0
서울,구로구,200909,0
서울,구로구,200910,0
서울,구로구,200911,0
서울,구로구,200912,0
서울,구로구,201001,0
서울,구로구,201002,0
서울,구로구,201003,0
서울,구로구,201004,23
서울,구로구,201005,23
서울,구로구,201006,101
서울,구로구,201007,101
서울,구로구,201008,101
서울,구로구,201009,101
서울,구로구,201010,73
서울,구로구,201011,73
서울,구로구,201012,77
서울,구로구,201101,76
서울,구로구,201102,156
서울,구로구,201103,155
서울,구로구,201104,149
서울,구로구,201105,143
서울,구로구,201106,141
서울,구로구,201107,134
서울,구로구,201108,119
서울,구로구,201109,113
서울,구로구,201110,199
서울,구로구,201111,196
서울,구로구,201112,193
서울,구로구,201201,188
서울,구로구,201202,181
서울,구로구,201203,174
서울,구로구,201204,172
서울,구로구,201205,170
서울,구로구,201206,170
서울,구로구,201207,606
서울,구로구,201208,579
서울,구로구,201209,578
서울,구로구,201210,556
서울,구로구,201211,514
서울,구로구,201212,481
서울,구로구,201301,477
서울,구로구,201302,454
서울,구로구,201303,442
서울,구로구,201304,422
서울,구로구,201305,412
서울,구로구,201306,405
서울,구로구,201307,397
서울,구로구,201308,384
서울,구로구,201309,319
서울,구로구,201310,198
서울,구로구,201311,177
서울,구로구,201312,155
서울,구로구,201401,146
서울,구로구,201402,126
서울,구로구,201403,112
서울,구로구,201404,102
서울,구로구,201405,95
서울,구로구,201406,83
서울,구로구,201407,41
서울,구로구,201408,24
서울,구로구,201409,5
서울,구로구,201410,0
서울,구로구,201411,10
서울,구로구,201412,6
서울,구로구,201501,0
서울,구로구,201502,0
서울,구로구,201503,0
서울,구로구,201504,0
서울,구로구,201505,0
서울,구로구,201506,0
서울,구로구,201507,0
서울,구로구,201508,0
서울,구로구,201509,0
서울,구로구,201510,0
서울,구로구,201511,0
서울,구로구,201512,0
서울,구로구,201601,0
서울,구로구,201602,0
서울,구로구,201603,0
서울,구로구,201604,0
서울,구로구,201605,0
서울,구로구,201606,0
서울,구로구,201607,0
서울,구로구,201608,0
서울,구로구,201609,0
서울,구로구,201610,0
서울,구로구,201611,0
서울,구로구,201612,0
서울,구로구,201701,0
서울,구로구,201702,0
서울,구로구,201703,0
서울,구로구,201704,0
서울,구로구,201705,0
서울,구로구,201706,0
서울,구로구,201707,0
서울,구로구,201708,0
서울,구로구,201709,39
서울,구로구,201710,22
서울,구로구,201711,38
서울,구로구,201712,15
서울,구로구,201801,14
서울,구로구,201802,18
서울,구로구,201803,18
서울,구로구,201804,17
서울,구로구,201805,17
서울,구로구,201806,17
서울,구로구,201807,12
서울,구로구,201808,11
서울,구로구,201809,1
서울,구로구,201811,0
서울,구로구,201812,0
서울,구로구,201901,0
서울,구로구,201902,0
서울,구로구,201903,0
서울,구로구,201907,0
서울,구로구,201908,0
서울,구로구,201909,0
서울,구로구,202102,39
서울,구로구,202103,34
서울,구로구,202104,28
서울,구로구,202105,23
서울,구로구,202106,17
서울,구로구,202107,11
서울,구로구,202108,4
서울,구로구,202109,4
서울,구로구,202110,4
서울,구로구,202111,1
서울,구로구,202112,1
서울,구로구,202201,1
서울,구로구,202202,1
서울,구로구,202203,1
서울,구로구,202204,29
서울,구로구,202205,4
서울,구로구,202206,1
서울,구로구,202207,1
서울,구로구,202208,1
서울,구로구,202209,69
서울,구로구,202210,193
서울,구로구,202211,193
서울,구로구,202212,191
서울,구로구,202301,191
서울,구로구,202302,191
서울,구로구,202303,89
서울,구로구,202304,88
서울,구로구,202305,81
서울,구로구,202306,67
서울,구로구,202307,63
서울,구로구,202308,62
서울,구로구,202309,58
서울,구로구,202310,55
서울,구로구,202311,52
서울,구로구,202312,51
서울,구로구,202401,45
서울,구로구,202402,45
서울,구로구,202403,40
서울,구로구,202404,39
서울,구로구,202405,38
서울,구로구,202406,38
서울,구로구,202407,38
서울,구로구,202408,38
서울,구로구,202409,36
서울,구로구,202410,28
서울,구로구,202411,28
서울,구로구,202412,66
서울,구로구,202501,64
서울,구로구,202502,64
서울,구로구,202503,64
서울,구로구,202504,63
서울,구로구,202505,63
서울,구로구,202506,63
서울,구로구,202507,63
서울,구로구,202508,63
서울,구로구,202509,134
서울,구로구,202510,134
서울,구로구,202511,132
서울,구로구,202512,99
서울,구로구,202601,95
서울,구로구,202602,95
서울,구로구,202603,94
서울,구로구,202604,69
서울,구로구,202605,67
서울,구로구,202606,137
서울,구로구,202607,137
서울,구로구,202608,96
서울,금천구,200708,0
서울,금천구,200712,0
서울,금천구,200806,0
서울,금천구,200811,0
서울,금천구,200812,0
서울,금천구,200901,0
서울,금천구,200902,0
서울,금천구,200903,0
서울,금천구,200904,0
서울,금천구,200905,0
서울,금천구,200906,0
서울,금천구,200907,0
서울,금천구,200908,0
서울,금천구,200909,0
서울,금천구,200910,0
서울,금천구,200911,0
서울,금천구,200912,0
서울,금천구,201001,0
서울,금천구,201002,0
서울,금천구,201003,0
서울,금천구,201004,0
서울,금천구,201005,0
서울,금천구,201006,0
서울,금천구,201007,0
서울,금천구,201008,0
서울,금천구,201009,0
서울,금천구,201010,0
서울,금천구,201011,0
서울,금천구,201012,0
서울,금천구,201101,0
서울,금천구,201102,0
서울,금천구,201103,0
서울,금천구,201104,0
서울,금천구,201105,0
서울,금천구,201106,0
서울,금천구,201107,0
서울,금천구,201108,0
서울,금천구,201109,0
서울,금천구,201110,0
서울,금천구,201111,0
서울,금천구,201112,0
서울,금천구,201201,0
서울,금천구,201202,0
서울,금천구,201203,0
서울,금천구,201204,0
서울,금천구,201205,0
서울,금천구,201206,0
서울,금천구,201207,0
서울,금천구,201208,0
서울,금천구,201209,0
서울,금천구,201210,0
서울,금천구,201211,0
서울,금천구,201212,0
서울,금천구,201301,0
서울,금천구,201302,0
서울,금천구,201303,0
서울,금천구,201304,0
서울,금천구,201305,0
서울,금천구,201306,0
서울,금천구,201307,0
서울,금천구,201308,0
서울,금천구,201309,0
서울,금천구,201310,0
서울,금천구,201311,0
서울,금천구,201312,0
서울,금천구,201401,0
서울,금천구,201402,0
서울,금천구,201403,0
서울,금천구,201404,0
서울,금천구,201405,0
서울,금천구,201406,0
서울,금천구,201407,0
서울,금천구,201408,0
서울,금천구,201409,0
서울,금천구,201410,0
서울,금천구,201411,0
서울,금천구,201412,0
서울,금천구,201501,0
서울,금천구,201502,0
서울,금천구,201503,0
서울,금천구,201504,0
서울,금천구,201505,0
서울,금천구,201506,0
서울,금천구,201507,0
서울,금천구,201508,0
서울,금천구,201509,0
서울,금천구,201510,0
서울,금천구,201511,0
서울,금천구,201512,0
서울,금천구,201601,0
서울,금천구,201602,0
서울,금천구,201603,0
서울,금천구,201604,0
서울,금천구,201605,0
서울,금천구,201606,0
서울,금천구,201607,0
서울,금천구,201608,0
서울,금천구,201609,0
서울,금천구,201610,0
서울,금천구,201611,0
서울,금천구,201612,0
서울,금천구,201701,0
서울,금천구,201702,0
서울,금천구,201703,0
서울,금천구,201704,0
서울,금천구,201705,0
서울,금천구,201706,0
서울,금천구,201707,0
서울,금천구,201708,0
서울,금천구,201709,0
서울,금천구,201710,0
서울,금천구,201711,0
서울,금천구,201712,0
서울,금천구,201801,0
서울,금천구,201802,0
서울,금천구,201803,0
서울,금천구,201804,0
서울,금천구,201805,0
서울,금천구,201806,0
서울,금천구,201807,0
서울,금천구,201808,0
서울,금천구,201811,0
서울,금천구,201812,0
서울,금천구,201901,0
서울,금천구,201902,0
서울,금천구,201903,0
서울,금천구,201907,0
서울,금천구,201908,0
서울,금천구,201909,0
서울,금천구,202102,0
서울,금천구,202103,0
서울,금천구,202104,0
서울,금천구,202105,0
서울,금천구,202106,0
서울,금천구,202107,0
서울,금천구,202108,0
서울,금천구,202109,0
서울,금천구,202110,0
서울,금천구,202111,0
서울,금천구,202112,0
서울,금천구,202201,0
서울,금천구,202202,0
서울,금천구,202203,0
서울,금천구,202204,0
서울,금천구,202205,0
서울,금천구,202206,0
서울,금천구,202207,0
서울,금천구,202208,34
서울,금천구,202209,34
서울,금천구,202210,12
서울,금천구,202211,12
서울,금천구,202212,12
서울,금천구,202301,12
서울,금천구,202302,12
서울,금천구,202303,12
서울,금천구,202304,34
서울,금천구,202305,34
서울,금천구,202306,34
서울,금천구,202307,34
서울,금천구,202308,34
서울,금천구,202309,33
서울,금천구,202310,32
서울,금천구,202311,32
서울,금천구,202312,29
서울,금천구,202401,28
서울,금천구,202402,28
서울,금천구,202403,24
서울,금천구,202404,22
서울,금천구,202405,20
서울,금천구,202406,18
서울,금천구,202407,17
서울,금천구,202408,16
서울,금천구,202409,16
서울,금천구,202410,15
서울,금천구,202411,13
서울,금천구,202412,11
서울,금천구,202501,9
서울,금천구,202502,9
서울,금천구,202503,9
서울,금천구,202504,8
서울,금천구,202505,8
서울,금천구,202506,8
서울,금천구,202507,8
서울,금천구,202508,8
서울,금천구,202509,8
서울,금천구,202510,8
서울,금천구,202511,8
서울,금천구,202512,8
서울,금천구,202601,8
서울,금천구,202602,8
서울,금천구,202603,8
서울,금천구,202604,8
서울,금천구,202605,8
서울,금천구,202606,8
서울,금천구,202607,8
서울,금천구,202608,8
서울,노원구,200708,0
서울,노원구,200712,0
서울,노원구,200806,0
서울,노원구,200811,0
서울,노원구,200812,0
서울,노원구,200901,0
서울,노원구,200902,0
서울,노원구,200903,0
서울,노원구,200904,0
서울,노원구,200905,0
서울,노원구,200906,0
서울,노원구,200907,0
서울,노원구,200908,25
서울,노원구,200909,25
서울,노원구,200910,25
서울,노원구,200911,25
서울,노원구,200912,25
서울,노원구,201001,25
서울,노원구,201002,25
서울,노원구,201003,25
서울,노원구,201004,20
서울,노원구,201005,20
서울,노원구,201006,20
서울,노원구,201007,20
서울,노원구,201008,20
서울,노원구,201009,20
서울,노원구,201010,20
서울,노원구,201011,20
서울,노원구,201012,20
서울,노원구,201101,20
서울,노원구,201102,19
서울,노원구,201103,19
서울,노원구,201104,18
서울,노원구,201105,17
서울,노원구,201106,17
서울,노원구,201107,16
서울,노원구,201108,16
서울,노원구,201109,16
서울,노원구,201110,14
서울,노원구,201111,14
서울,노원구,201112,14
서울,노원구,201201,14
서울,노원구,201202,12
서울,노원구,201203,11
서울,노원구,201204,11
서울,노원구,201205,10
서울,노원구,201206,10
서울,노원구,201207,9
서울,노원구,201208,9
서울,노원구,201209,9
서울,노원구,201210,9
서울,노원구,201211,7
서울,노원구,201212,7
서울,노원구,201301,7
서울,노원구,201302,7
서울,노원구,201303,7
서울,노원구,201304,7
서울,노원구,201305,7
서울,노원구,201306,7
서울,노원구,201307,7
서울,노원구,201308,7
서울,노원구,201309,7
서울,노원구,201310,7
서울,노원구,201311,7
서울,노원구,201312,7
서울,노원구,201401,7
서울,노원구,201402,7
서울,노원구,201403,7
서울,노원구,201404,7
서울,노원구,201405,7
서울,노원구,201406,7
서울,노원구,201407,5
서울,노원구,201408,5
서울,노원구,201409,5
서울,노원구,201410,5
서울,노원구,201411,5
서울,노원구,201412,5
서울,노원구,201501,5
서울,노원구,201502,5
서울,노원구,201503,5
서울,노원구,201504,5
서울,노원구,201505,5
서울,노원구,201506,5
서울,노원구,201507,5
서울,노원구,201508,5
서울,노원구,201509,5
서울,노원구,201510,5
서울,노원구,201511,5
서울,노원구,201512,4
서울,노원구,201601,4
서울,노원구,201602,4
서울,노원구,201603,3
서울,노원구,201604,2
서울,노원구,201605,2
서울,노원구,201606,2
서울,노원구,201607,0
서울,노원구,201608,0
서울,노원구,201609,0
서울,노원구,201610,0
서울,노원구,201611,0
서울,노원구,201612,0
서울,노원구,201701,0
서울,노원구,201702,0
서울,노원구,201703,0
서울,노원구,201704,0
서울,노원구,201705,0
서울,노원구,201706,0
서울,노원구,201707,0
서울,노원구,201708,0
서울,노원구,201709,0
서울,노원구,201710,0
서울,노원구,201711,0
서울,노원구,201712,0
서울,노원구,201801,0
서울,노원구,201802,0
서울,노원구,201803,0
서울,노원구,201804,0
서울,노원구,201805,0
서울,노원구,201806,0
서울,노원구,201807,0
서울,노원구,201808,0
서울,노원구,201811,0
서울,노원구,201812,0
서울,노원구,201901,0
서울,노원구,201902,0
서울,노원구,201903,0
서울,노원구,201907,0
서울,노원구,201908,0
서울,노원구,201909,0
서울,노원구,202102,0
서울,노원구,202103,0
서울,노원구,202104,0
서울,노원구,202105,0
서울,노원구,202106,0
서울,노원구,202107,0
서울,노원구,202108,0
서울,노원구,202109,0
서울,노원구,202110,0
서울,노원구,202111,0
서울,노원구,202112,0
서울,노원구,202201,0
서울,노원구,202202,0
서울,노원구,202203,0
서울,노원구,202204,0
서울,노원구,202205,0
서울,노원구,202206,0
서울,노원구,202207,0
서울,노원구,202208,0
서울,노원구,202209,0
서울,노원구,202210,0
서울,노원구,202211,0
서울,노원구,202212,0
서울,노원구,202301,0
서울,노원구,202302,0
서울,노원구,202303,0
서울,노원구,202304,0
서울,노원구,202305,0
서울,노원구,202306,0
서울,노원구,202307,0
서울,노원구,202308,0
서울,노원구,202309,0
서울,노원구,202310,0
서울,노원구,202311,0
서울,노원구,202312,0
서울,노원구,202401,0
서울,노원구,202402,0
서울,노원구,202403,0
서울,노원구,202404,0
서울,노원구,202405,0
서울,노원구,202406,0
서울,노원구,202407,0
서울,노원구,202408,0
서울,노원구,202409,0
서울,노원구,202410,0
서울,노원구,202411,0
서울,노원구,202412,0
서울,노원구,202501,0
서울,노원구,202502,0
서울,노원구,202503,0
서울,노원구,202504,0
서울,노원구,202505,0
서울,노원구,202506,0
서울,노원구,202507,0
서울,노원구,202508,0
서울,노원구,202509,0
서울,노원구,202510,0
서울,노원구,202511,0
서울,노원구,202512,0
서울,노원구,202601,0
서울,노원구,202602,0
서울,노원구,202603,0
서울,노원구,202604,0
서울,노원구,202605,0
서울,노원구,202606,0
서울,노원구,202607,0
서울,노원구,202608,0
서울,도봉구,200708,0
서울,도봉구,200712,0
서울,도봉구,200806,0
서울,도봉구,200811,0
서울,도봉구,200812,12
서울,도봉구,200901,0
서울,도봉구,200902,0
서울,도봉구,200903,0
서울,도봉구,200904,0
서울,도봉구,200905,0
서울,도봉구,200906,0
서울,도봉구,200907,0
서울,도봉구,200908,0
서울,도봉구,200909,0
서울,도봉구,200910,0
서울,도봉구,200911,0
서울,도봉구,200912,0
서울,도봉구,201001,0
서울,도봉구,201002,0
서울,도봉구,201003,0
서울,도봉구,201004,0
서울,도봉구,201005,0
서울,도봉구,201006,0
서울,도봉구,201007,0
서울,도봉구,201008,0
서울,도봉구,201009,0
서울,도봉구,201010,0
서울,도봉구,201011,0
서울,도봉구,201012,0
서울,도봉구,201101,0
서울,도봉구,201102,0
서울,도봉구,201103,0
서울,도봉구,201104,0
서울,도봉구,201105,0
서울,도봉구,201106,0
서울,도봉구,201107,0
서울,도봉구,201108,0
서울,도봉구,201109,0
서울,도봉구,201110,0
서울,도봉구,201111,0
서울,도봉구,201112,0
서울,도봉구,201201,0
서울,도봉구,201202,0
서울,도봉구,201203,0
서울,도봉구,201204,0
서울,도봉구,201205,0
서울,도봉구,201206,0
서울,도봉구,201207,0
서울,도봉구,201208,0
서울,도봉구,201209,0
서울,도봉구,201210,0
서울,도봉구,201211,0
서울,도봉구,201212,0
서울,도봉구,201301,0
서울,도봉구,201302,0
서울,도봉구,201303,0
서울,도봉구,201304,0
서울,도봉구,201305,0
서울,도봉구,201306,0
서울,도봉구,201307,0
서울,도봉구,201308,0
서울,도봉구,201309,0
서울,도봉구,201310,0
서울,도봉구,201311,0
서울,도봉구,201312,0
서울,도봉구,201401,0
서울,도봉구,201402,0
서울,도봉구,201403,0
서울,도봉구,201404,0
서울,도봉구,201405,0
서울,도봉구,201406,0
서울,도봉구,201407,0
서울,도봉구,201408,0
서울,도봉구,201409,0
서울,도봉구,201410,0
서울,도봉구,201411,0
서울,도봉구,201412,0
서울,도봉구,201501,0
서울,도봉구,201502,0
서울,도봉구,201503,0
서울,도봉구,201504,0
서울,도봉구,201505,0
서울,도봉구,201506,0
서울,도봉구,201507,0
서울,도봉구,201508,0
서울,도봉구,201509,0
서울,도봉구,201510,0
서울,도봉구,201511,0
서울,도봉구,201512,0
서울,도봉구,201601,0
서울,도봉구,201602,0
서울,도봉구,201603,0
서울,도봉구,201604,0
서울,도봉구,201605,0
서울,도봉구,201606,0
서울,도봉구,201607,40
서울,도봉구,201608,40
서울,도봉구,201609,40
서울,도봉구,201610,31
서울,도봉구,201611,31
서울,도봉구,201612,31
서울,도봉구,201701,31
서울,도봉구,201702,34
서울,도봉구,201703,34
서울,도봉구,201704,21
서울,도봉구,201705,14
서울,도봉구,201706,14
서울,도봉구,201707,3
서울,도봉구,201708,2
서울,도봉구,201709,2
서울,도봉구,201710,2
서울,도봉구,201711,2
서울,도봉구,201712,2
서울,도봉구,201801,2
서울,도봉구,201802,2
서울,도봉구,201803,2
서울,도봉구,201804,2
서울,도봉구,201805,2
서울,도봉구,201806,2
서울,도봉구,201807,2
서울,도봉구,201808,0
서울,도봉구,201811,0
서울,도봉구,201812,0
서울,도봉구,201901,0
서울,도봉구,201902,5
서울,도봉구,201903,5
서울,도봉구,201904,5
서울,도봉구,201905,5
서울,도봉구,201906,5
서울,도봉구,201907,5
서울,도봉구,201908,24
서울,도봉구,201909,22
서울,도봉구,201910,18
서울,도봉구,201911,17
서울,도봉구,201912,15
서울,도봉구,202001,11
서울,도봉구,202002,10
서울,도봉구,202003,9
서울,도봉구,202004,9
서울,도봉구,202005,6
서울,도봉구,202006,6
서울,도봉구,202007,6
서울,도봉구,202008,4
서울,도봉구,202009,2
서울,도봉구,202010,0
서울,도봉구,202011,0
서울,도봉구,202012,0
서울,도봉구,202101,0
서울,도봉구,202102,0
서울,도봉구,202103,0
서울,도봉구,202104,0
서울,도봉구,202105,0
서울,도봉구,202106,0
서울,도봉구,202107,0
서울,도봉구,202108,0
서울,도봉구,202109,0
서울,도봉구,202110,0
서울,도봉구,202111,0
서울,도봉구,202112,0
서울,도봉구,202201,0
서울,도봉구,202202,0
서울,도봉구,202203,0
서울,도봉구,202204,0
서울,도봉구,202205,0
서울,도봉구,202206,63
서울,도봉구,202207,60
서울,도봉구,202208,60
서울,도봉구,202209,60
서울,도봉구,202210,60
서울,도봉구,202211,60
서울,도봉구,202212,60
서울,도봉구,202301,60
서울,도봉구,202302,60
서울,도봉구,202303,60
서울,도봉구,202304,60
서울,도봉구,202305,61
서울,도봉구,202306,61
서울,도봉구,202307,60
서울,도봉구,202308,60
서울,도봉구,202309,60
서울,도봉구,202310,60
서울,도봉구,202311,60
서울,도봉구,202312,59
서울,도봉구,202401,58
서울,도봉구,202402,58
서울,도봉구,202403,58
서울,도봉구,202404,58
서울,도봉구,202405,58
서울,도봉구,202406,58
서울,도봉구,202407,58
서울,도봉구,202408,58
서울,도봉구,202409,58
서울,도봉구,202410,55
서울,도봉구,202411,55
서울,도봉구,202412,52
서울,도봉구,202501,52
서울,도봉구,202502,63
서울,도봉구,202503,65
서울,도봉구,202504,70
서울,도봉구,202505,71
서울,도봉구,202506,66
서울,도봉구,202507,66
서울,도봉구,202508,65
서울,도봉구,202509,65
서울,도봉구,202510,64
서울,도봉구,202511,64
서울,도봉구,202512,64
서울,도봉구,202601,63
서울,도봉구,202602,63
서울,도봉구,202603,60
서울,도봉구,202604,60
서울,도봉구,202605,60
서울,도봉구,202606,60
서울,도봉구,202607,60
서울,도봉구,202608,60
서울,은평구,200708,0
서울,은평구,200712,0
서울,은평구,200806,0
서울,은평구,200810,144
서울,은평구,200811,224
서울,은평구,200812,224
서울,은평구,200901,221
서울,은평구,200902,221
서울,은평구,200903,221
서울,은평구,200904,208
서울,은평구,200905,185
서울,은평구,200906,183
서울,은평구,200907,174
서울,은평구,200908,116
서울,은평구,200909,98
서울,은평구,200910,46
서울,은평구,200911,46
서울,은평구,200912,46
서울,은평구,201001,46
서울,은평구,201002,46
서울,은평구,201003,46
서울,은평구,201004,33
서울,은평구,201005,33
서울,은평구,201006,33
서울,은평구,201007,33
서울,은평구,201008,66
서울,은평구,201009,66
서울,은평구,201010,66
서울,은평구,201011,225
서울,은평구,201012,208
서울,은평구,201101,198
서울,은평구,201102,174
서울,은평구,201103,164
서울,은평구,201104,88
서울,은평구,201105,83
서울,은평구,201106,83
서울,은평구,201107,80
서울,은평구,201108,80
서울,은평구,201109,90
서울,은평구,201110,100
서울,은평구,201111,82
서울,은평구,201112,82
서울,은평구,201201,72
서울,은평구,201202,6
서울,은평구,201203,16
서울,은평구,201204,16
서울,은평구,201205,16
서울,은평구,201206,13
서울,은평구,201207,13
서울,은평구,201208,276
서울,은평구,201209,261
서울,은평구,201210,277
서울,은평구,201211,257
서울,은평구,201212,222
서울,은평구,201301,195
서울,은평구,201302,178
서울,은평구,201303,153
서울,은평구,201304,130
서울,은평구,201305,107
서울,은평구,201306,94
서울,은평구,201307,83
서울,은평구,201308,75
서울,은평구,201309,59
서울,은평구,201310,36
서울,은평구,201311,24
서울,은평구,201312,20
서울,은평구,201401,20
서울,은평구,201402,11
서울,은평구,201403,9
서울,은평구,201404,7
서울,은평구,201405,5
서울,은평구,201406,3
서울,은평구,201407,3
서울,은평구,201408,3
서울,은평구,201409,3
서울,은평구,201410,2
서울,은평구,201411,2
서울,은평구,201412,2
서울,은평구,201501,2
서울,은평구,201502,2
서울,은평구,201503,2
서울,은평구,201504,0
서울,은평구,201505,0
서울,은평구,201506,0
서울,은평구,201507,0
서울,은평구,201508,0
서울,은평구,201509,0
서울,은평구,201510,86
서울,은평구,201511,71
서울,은평구,201512,71
서울,은평구,201601,52
서울,은평구,201602,35
서울,은평구,201603,105
서울,은평구,201604,104
서울,은평구,201605,74
서울,은평구,201606,62
서울,은평구,201607,57
서울,은평구,201608,52
서울,은평구,201609,48
서울,은평구,201610,43
서울,은평구,201611,37
서울,은평구,201612,32
서울,은평구,201701,0
서울,은평구,201702,0
서울,은평구,201703,0
서울,은평구,201704,0
서울,은평구,201705,0
서울,은평구,201706,0
서울,은평구,201707,0
서울,은평구,201708,0
서울,은평구,201709,0
서울,은평구,201710,0
서울,은평구,201711,0
서울,은평구,201712,0
서울,은평구,201801,0
서울,은평구,201802,0
서울,은평구,201803,0
서울,은평구,201804,0
서울,은평구,201805,0
서울,은평구,201806,0
서울,은평구,201807,0
서울,은평구,201808,0
서울,은평구,201811,0
서울,은평구,201812,0
서울,은평구,201901,0
서울,은평구,201902,0
서울,은평구,201903,0
서울,은평구,201907,0
서울,은평구,201908,0
서울,은평구,201909,0
서울,은평구,202102,0
서울,은평구,202103,0
서울,은평구,202104,0
서울,은평구,202105,0
서울,은평구,202106,0
서울,은평구,202107,0
서울,은평구,202108,0
서울,은평구,202109,0
서울,은평구,202110,0
서울,은평구,202111,0
서울,은평구,202112,0
서울,은평구,202201,0
서울,은평구,202202,0
서울,은평구,202203,0
서울,은평구,202204,0
서울,은평구,202205,0
서울,은평구,202206,0
서울,은평구,202207,0
서울,은평구,202208,0
서울,은평구,202209,0
서울,은평구,202210,0
서울,은평구,202211,0
서울,은평구,202212,0
서울,은평구,202301,0
서울,은평구,202302,0
서울,은평구,202303,0
서울,은평구,202304,0
서울,은평구,202305,0
서울,은평구,202306,0
서울,은평구,202307,0
서울,은평구,202308,0
서울,은평구,202309,0
서울,은평구,202310,0
서울,은평구,202311,0
서울,은평구,202312,0
서울,은평구,202401,0
서울,은평구,202402,0
서울,은평구,202403,0
서울,은평구,202404,0
서울,은평구,202405,0
서울,은평구,202406,0
서울,은평구,202407,0
서울,은평구,202408,0
서울,은평구,202409,0
서울,은평구,202410,0
서울,은평구,202411,0
서울,은평구,202412,0
서울,은평구,202501,0
서울,은평구,202502,0
서울,은평구,202503,0
서울,은평구,202504,0
서울,은평구,202505,0
서울,은평구,202506,0
서울,은평구,202507,20
서울,은평구,202508,20
서울,은평구,202509,20
서울,은평구,202510,20
서울,은평구,202511,20
서울,은평구,202512,20
서울,은평구,202601,20
서울,은평구,202602,20
서울,은평구,202603,20
서울,은평구,202604,20
서울,은평구,202605,20
서울,은평구,202606,20
서울,은평구,202607,0
서울,은평구,202608,0
서울,동작구,200708,0
서울,동작구,200712,0
서울,동작구,200801,72
서울,동작구,200802,335
서울,동작구,200803,326
서울,동작구,200804,319
서울,동작구,200805,599
서울,동작구,200806,596
서울,동작구,200807,596
서울,동작구,200808,596
서울,동작구,200809,596
서울,동작구,200810,596
서울,동작구,200811,596
서울,동작구,200812,601
서울,동작구,200901,601
서울,동작구,200902,601
서울,동작구,200903,601
서울,동작구,200904,601
서울,동작구,200905,662
서울,동작구,200906,662
서울,동작구,200907,662
서울,동작구,200908,662
서울,동작구,200909,662
서울,동작구,200910,653
서울,동작구,200911,650
서울,동작구,200912,650
서울,동작구,201001,650
서울,동작구,201002,650
서울,동작구,201003,650
서울,동작구,201004,546
서울,동작구,201005,534
서울,동작구,201006,513
서울,동작구,201007,481
서울,동작구,201008,473
서울,동작구,201009,461
서울,동작구,201010,429
서울,동작구,201011,412
서울,동작구,201012,406
서울,동작구,201101,327
서울,동작구,201102,310
서울,동작구,201103,287
서울,동작구,201104,279
서울,동작구,201105,273
서울,동작구,201106,271
서울,동작구,201107,271
서울,동작구,201108,271
서울,동작구,201109,257
서울,동작구,201110,238
서울,동작구,201111,223
서울,동작구,201112,337
서울,동작구,201201,317
서울,동작구,201202,296
서울,동작구,201203,281
서울,동작구,201204,265
서울,동작구,201205,248
서울,동작구,201206,240
서울,동작구,201207,240
서울,동작구,201208,235
서울,동작구,201209,232
서울,동작구,201210,275
서울,동작구,201211,256
서울,동작구,201212,231
서울,동작구,201301,214
서울,동작구,201302,194
서울,동작구,201303,172
서울,동작구,201304,160
서울,동작구,201305,150
서울,동작구,201306,129
서울,동작구,201307,108
서울,동작구,201308,145
서울,동작구,201309,103
서울,동작구,201310,70
서울,동작구,201311,83
서울,동작구,201312,64
서울,동작구,201401,40
서울,동작구,201402,31
서울,동작구,201403,13
서울,동작구,201404,1
서울,동작구,201405,1
서울,동작구,201406,1
서울,동작구,201407,0
서울,동작구,201408,0
서울,동작구,201409,0
서울,동작구,201410,0
서울,동작구,201411,0
서울,동작구,201412,0
서울,동작구,201501,0
서울,동작구,201502,0
서울,동작구,201503,0
서울,동작구,201504,0
서울,동작구,201505,0
서울,동작구,201506,0
서울,동작구,201507,0
서울,동작구,201508,0
서울,동작구,201509,0
서울,동작구,201510,0
서울,동작구,201511,0
서울,동작구,201512,0
서울,동작구,201601,0
서울,동작구,201602,0
서울,동작구,201603,0
서울,동작구,201604,0
서울,동작구,201605,0
서울,동작구,201606,0
서울,동작구,201607,0
서울,동작구,201608,0
서울,동작구,201609,0
서울,동작구,201610,35
서울,동작구,201611,35
서울,동작구,201612,0
서울,동작구,201701,0
서울,동작구,201702,0
서울,동작구,201703,0
서울,동작구,201704,0
서울,동작구,201705,0
서울,동작구,201706,0
서울,동작구,201707,0
서울,동작구,201708,0
서울,동작구,201709,0
서울,동작구,201710,0
서울,동작구,201711,0
서울,동작구,201712,0
서울,동작구,201801,0
서울,동작구,201802,0
서울,동작구,201803,0
서울,동작구,201804,0
서울,동작구,201805,0
서울,동작구,201806,0
서울,동작구,201807,0
서울,동작구,201808,0
서울,동작구,201811,0
서울,동작구,201812,0
서울,동작구,201901,0
서울,동작구,201902,0
서울,동작구,201903,0
서울,동작구,201907,0
서울,동작구,201908,0
서울,동작구,201909,0
서울,동작구,202102,0
서울,동작구,202103,0
서울,동작구,202104,0
서울,동작구,202105,0
서울,동작구,202106,0
서울,동작구,202107,0
서울,동작구,202108,0
서울,동작구,202109,0
서울,동작구,202110,0
서울,동작구,202111,0
서울,동작구,202112,0
서울,동작구,202201,0
서울,동작구,202202,0
서울,동작구,202203,0
서울,동작구,202204,0
서울,동작구,202205,0
서울,동작구,202206,0
서울,동작구,202207,0
서울,동작구,202208,0
서울,동작구,202209,0
서울,동작구,202210,0
서울,동작구,202211,0
서울,동작구,202212,0
서울,동작구,202301,0
서울,동작구,202302,0
서울,동작구,202303,0
서울,동작구,202304,0
서울,동작구,202305,0
서울,동작구,202306,0
서울,동작구,202307,0
서울,동작구,202308,0
서울,동작구,202309,0
서울,동작구,202310,0
서울,동작구,202311,0
서울,동작구,202312,0
서울,동작구,202401,0
서울,동작구,202402,0
서울,동작구,202403,0
서울,동작구,202404,0
서울,동작구,202405,0
서울,동작구,202406,0
서울,동작구,202407,0
서울,동작구,202408,0
서울,동작구,202409,0
서울,동작구,202410,0
서울,동작구,202411,0
서울,동작구,202412,0
서울,동작구,202501,1
서울,동작구,202502,1
서울,동작구,202503,1
서울,동작구,202504,1
서울,동작구,202505,1
서울,동작구,202506,1
서울,동작구,202507,0
서울,동작구,202508,0
서울,동작구,202509,0
서울,동작구,202510,0
서울,동작구,202511,0
서울,동작구,202512,0
서울,동작구,202601,0
서울,동작구,202602,0
서울,동작구,202603,0
서울,동작구,202604,0
서울,동작구,202605,0
서울,동작구,202606,0
서울,동작구,202607,0
서울,동작구,202608,0
서울,서대문구,200708,0
서울,서대문구,200712,0
서울,서대문구,200806,0
서울,서대문구,200811,0
서울,서대문구,200812,0
서울,서대문구,200901,0
서울,서대문구,200902,0
서울,서대문구,200903,0
서울,서대문구,200904,0
서울,서대문구,200905,0
서울,서대문구,200906,0
서울,서대문구,200907,0
서울,서대문구,200908,0
서울,서대문구,200909,0
서울,서대문구,200910,0
서울,서대문구,200911,0
서울,서대문구,200912,0
서울,서대문구,201001,0
서울,서대문구,201002,0
서울,서대문구,201003,0
서울,서대문구,201004,72
서울,서대문구,201005,72
서울,서대문구,201006,109
서울,서대문구,201007,109
서울,서대문구,201008,104
서울,서대문구,201009,104
서울,서대문구,201010,104
서울,서대문구,201011,98
서울,서대문구,201012,84
서울,서대문구,201101,84
서울,서대문구,201102,22
서울,서대문구,201103,22
서울,서대문구,201104,22
서울,서대문구,201105,22
서울,서대문구,201106,118
서울,서대문구,201107,118
서울,서대문구,201108,118
서울,서대문구,201109,118
서울,서대문구,201110,118
서울,서대문구,201111,118
서울,서대문구,201112,108
서울,서대문구,201201,108
서울,서대문구,201202,108
서울,서대문구,201203,108
서울,서대문구,201204,108
서울,서대문구,201205,108
서울,서대문구,201206,108
서울,서대문구,201207,108
서울,서대문구,201208,108
서울,서대문구,201209,12
서울,서대문구,201210,100
서울,서대문구,201211,88
서울,서대문구,201212,88
서울,서대문구,201301,88
서울,서대문구,201302,88
서울,서대문구,201303,88
서울,서대문구,201304,88
서울,서대문구,201305,88
서울,서대문구,201306,88
서울,서대문구,201307,88
서울,서대문구,201308,1536
서울,서대문구,201309,1536
서울,서대문구,201310,1456
서울,서대문구,201311,1456
서울,서대문구,201312,1252
서울,서대문구,201401,1252
서울,서대문구,201402,1233
서울,서대문구,201403,926
서울,서대문구,201404,918
서울,서대문구,201405,918
서울,서대문구,201406,548
서울,서대문구,201407,548
서울,서대문구,201408,548
서울,서대문구,201409,300
서울,서대문구,201410,192
서울,서대문구,201411,202
서울,서대문구,201412,156
서울,서대문구,201501,156
서울,서대문구,201502,156
서울,서대문구,201503,137
서울,서대문구,201504,249
서울,서대문구,201505,309
서울,서대문구,201506,259
서울,서대문구,201507,166
서울,서대문구,201508,123
서울,서대문구,201509,95
서울,서대문구,201510,78
서울,서대문구,201511,69
서울,서대문구,201512,64
서울,서대문구,201601,44
서울,서대문구,201602,89
서울,서대문구,201603,33
서울,서대문구,201604,18
서울,서대문구,201605,2
서울,서대문구,201606,0
서울,서대문구,201607,0
서울,서대문구,201608,0
서울,서대문구,201609,33
서울,서대문구,201610,0
서울,서대문구,201611,0
서울,서대문구,201612,16
서울,서대문구,201701,16
서울,서대문구,201702,0
서울,서대문구,201703,0
서울,서대문구,201704,0
서울,서대문구,201705,0
서울,서대문구,201706,0
서울,서대문구,201707,0
서울,서대문구,201708,0
서울,서대문구,201709,0
서울,서대문구,201710,0
서울,서대문구,201711,0
서울,서대문구,201712,0
서울,서대문구,201801,0
서울,서대문구,201802,0
서울,서대문구,201803,0
서울,서대문구,201804,0
서울,서대문구,201805,0
서울,서대문구,201806,0
서울,서대문구,201807,0
서울,서대문구,201808,0
서울,서대문구,201811,0
서울,서대문구,201812,0
서울,서대문구,201901,0
서울,서대문구,201902,0
서울,서대문구,201903,0
서울,서대문구,201907,0
서울,서대문구,201908,0
서울,서대문구,201909,0
서울,서대문구,202102,0
서울,서대문구,202103,0
서울,서대문구,202104,0
서울,서대문구,202105,0
서울,서대문구,202106,0
서울,서대문구,202107,0
서울,서대문구,202108,0
서울,서대문구,202109,0
서울,서대문구,202110,0
서울,서대문구,202111,0
서울,서대문구,202112,0
서울,서대문구,202201,0
서울,서대문구,202202,0
서울,서대문구,202203,0
서울,서대문구,202204,0
서울,서대문구,202205,0
서울,서대문구,202206,0
서울,서대문구,202207,0
서울,서대문구,202208,0
서울,서대문구,202209,0
서울,서대문구,202210,0
서울,서대문구,202211,0
서울,서대문구,202212,0
서울,서대문구,202301,0
서울,서대문구,202302,0
서울,서대문구,202303,0
서울,서대문구,202304,0
서울,서대문구,202305,0
서울,서대문구,202306,0
서울,서대문구,202307,0
서울,서대문구,202308,0
서울,서대문구,202309,0
서울,서대문구,202310,0
서울,서대문구,202311,0
서울,서대문구,202312,0
서울,서대문구,202401,0
서울,서대문구,202402,0
서울,서대문구,202403,0
서울,서대문구,202404,0
서울,서대문구,202405,0
서울,서대문구,202406,0
서울,서대문구,202407,0
서울,서대문구,202408,0
서울,서대문구,202409,0
서울,서대문구,202410,0
서울,서대문구,202411,0
서울,서대문구,202412,0
서울,서대문구,202501,0
서울,서대문구,202502,0
서울,서대문구,202503,0
서울,서대문구,202504,0
서울,서대문구,202505,0
서울,서대문구,202506,0
서울,서대문구,202507,0
서울,서대문구,202508,22
서울,서대문구,202509,21
서울,서대문구,202510,21
서울,서대문구,202511,18
서울,서대문구,202512,18
서울,서대문구,202601,17
서울,서대문구,202602,17
서울,서대문구,202603,17
서울,서대문구,202604,17
서울,서대문구,202605,17
서울,서대문구,202606,17
서울,서대문구,202607,18
서울,서대문구,202608,18
서울,마포구,200708,0
서울,마포구,200712,0
서울,마포구,200806,0
서울,마포구,200807,230
서울,마포구,200808,237
서울,마포구,200809,226
서울,마포구,200810,225
서울,마포구,200811,221
서울,마포구,200812,319
서울,마포구,200901,315
서울,마포구,200902,315
서울,마포구,200903,315
서울,마포구,200904,222
서울,마포구,200905,228
서울,마포구,200906,225
서울,마포구,200907,225
서울,마포구,200908,193
서울,마포구,200909,146
서울,마포구,200910,145
서울,마포구,200911,156
서울,마포구,200912,156
서울,마포구,201001,156
서울,마포구,201002,154
서울,마포구,201003,99
서울,마포구,201004,97
서울,마포구,201005,97
서울,마포구,201006,97
서울,마포구,201007,91
서울,마포구,201008,98
서울,마포구,201009,98
서울,마포구,201010,98
서울,마포구,201011,98
서울,마포구,201012,81
서울,마포구,201101,81
서울,마포구,201102,90
서울,마포구,201103,90
서울,마포구,201104,90
서울,마포구,201105,90
서울,마포구,201106,90
서울,마포구,201107,114
서울,마포구,201108,114
서울,마포구,201109,106
서울,마포구,201110,106
서울,마포구,201111,106
서울,마포구,201112,86
서울,마포구,201201,86
서울,마포구,201202,86
서울,마포구,201203,86
서울,마포구,201204,84
서울,마포구,201205,84
서울,마포구,201206,84
서울,마포구,201207,636
서울,마포구,201208,726
서울,마포구,201209,726
서울,마포구,201210,726
서울,마포구,201211,695
서울,마포구,201212,666
서울,마포구,201301,666
서울,마포구,201302,666
서울,마포구,201303,666
서울,마포구,201304,709
서울,마포구,201305,709
서울,마포구,201306,689
서울,마포구,201307,645
서울,마포구,201308,600
서울,마포구,201309,709
서울,마포구,201310,669
서울,마포구,201311,626
서울,마포구,201312,597
서울,마포구,201401,493
서울,마포구,201402,453
서울,마포구,201403,362
서울,마포구,201404,293
서울,마포구,201405,293
서울,마포구,201406,243
서울,마포구,201407,180
서울,마포구,201408,180
서울,마포구,201409,15
서울,마포구,201410,15
서울,마포구,201411,15
서울,마포구,201412,15
서울,마포구,201501,10
서울,마포구,201502,10
서울,마포구,201503,10
서울,마포구,201504,10
서울,마포구,201505,10
서울,마포구,201506,0
서울,마포구,201507,0
서울,마포구,201508,0
서울,마포구,201509,0
서울,마포구,201510,0
서울,마포구,201511,0
서울,마포구,201512,0
서울,마포구,201601,0
서울,마포구,201602,0
서울,마포구,201603,0
서울,마포구,201604,0
서울,마포구,201605,0
서울,마포구,201606,0
서울,마포구,201607,0
서울,마포구,201608,0
서울,마포구,201609,0
서울,마포구,201610,0
서울,마포구,201611,0
서울,마포구,201612,0
서울,마포구,201701,0
서울,마포구,201702,0
서울,마포구,201703,0
서울,마포구,201704,0
서울,마포구,201705,0
서울,마포구,201706,0
서울,마포구,201707,0
서울,마포구,201708,0
서울,마포구,201709,0
서울,마포구,201710,0
서울,마포구,201711,0
서울,마포구,201712,0
서울,마포구,201801,0
서울,마포구,201802,0
서울,마포구,201803,0
서울,마포구,201804,0
서울,마포구,201805,0
서울,마포구,201806,0
서울,마포구,201807,0
서울,마포구,201808,0
서울,마포구,201811,0
서울,마포구,201812,0
서울,마포구,201901,0
서울,마포구,201902,0
서울,마포구,201903,0
서울,마포구,201907,0
서울,마포구,201908,0
서울,마포구,201909,0
서울,마포구,202102,0
서울,마포구,202103,0
서울,마포구,202104,0
서울,마포구,202105,0
서울,마포구,202106,0
서울,마포구,202107,0
서울,마포구,202108,0
서울,마포구,202109,0
서울,마포구,202110,0
서울,마포구,202111,0
서울,마포구,202112,0
서울,마포구,202201,0
서울,마포구,202202,0
서울,마포구,202203,0
서울,마포구,202204,0
서울,마포구,202205,245
서울,마포구,202206,245
서울,마포구,202207,245
서울,마포구,202208,245
서울,마포구,202209,245
서울,마포구,202210,245
서울,마포구,202211,245
서울,마포구,202212,245
서울,마포구,202301,271
서울,마포구,202302,257
서울,마포구,202303,243
서울,마포구,202304,241
서울,마포구,202305,222
서울,마포구,202306,212
서울,마포구,202307,164
서울,마포구,202308,144
서울,마포구,202309,127
서울,마포구,202310,111
서울,마포구,202311,95
서울,마포구,202312,85
서울,마포구,202401,80
서울,마포구,202402,79
서울,마포구,202403,76
서울,마포구,202404,64
서울,마포구,202405,63
서울,마포구,202406,61
서울,마포구,202407,60
서울,마포구,202408,58
서울,마포구,202409,58
서울,마포구,202410,55
서울,마포구,202411,55
서울,마포구,202412,55
서울,마포구,202501,53
서울,마포구,202502,53
서울,마포구,202503,53
서울,마포구,202504,53
서울,마포구,202505,53
서울,마포구,202506,53
서울,마포구,202507,53
서울,마포구,202508,48
서울,마포구,202509,48
서울,마포구,202510,47
서울,마포구,202511,47
서울,마포구,202512,47
서울,마포구,202601,47
서울,마포구,202602,271
서울,마포구,202603,214
서울,마포구,202604,214
서울,마포구,202605,214
서울,마포구,202606,215
서울,마포구,202607,215
서울,마포구,202608,215
서울,양천구,200701,106
서울,양천구,200702,79
서울,양천구,200703,96
서울,양천구,200704,94
서울,양천구,200705,94
서울,양천구,200706,94
서울,양천구,200707,50
서울,양천구,200708,50
서울,양천구,200709,44
서울,양천구,200710,297
서울,양천구,200711,254
서울,양천구,200712,239
서울,양천구,200801,228
서울,양천구,200802,223
서울,양천구,200803,220
서울,양천구,200804,157
서울,양천구,200805,148
서울,양천구,200806,148
서울,양천구,200807,147
서울,양천구,200808,147
서울,양천구,200809,180
서울,양천구,200810,180
서울,양천구,200811,186
서울,양천구,200812,186
서울,양천구,200901,186
서울,양천구,200902,186
서울,양천구,200903,195
서울,양천구,200904,210
서울,양천구,200905,191
서울,양천구,200906,209
서울,양천구,200907,205
서울,양천구,200908,205
서울,양천구,200909,205
서울,양천구,200910,205
서울,양천구,200911,205
서울,양천구,200912,205
서울,양천구,201001,205
서울,양천구,201002,205
서울,양천구,201003,205
서울,양천구,201004,161
서울,양천구,201005,80
서울,양천구,201006,77
서울,양천구,201007,77
서울,양천구,201008,56
서울,양천구,201009,56
서울,양천구,201010,80
서울,양천구,201011,71
서울,양천구,201012,66
서울,양천구,201101,56
서울,양천구,201102,53
서울,양천구,201103,53
서울,양천구,201104,42
서울,양천구,201105,42
서울,양천구,201106,76
서울,양천구,201107,75
서울,양천구,201108,74
서울,양천구,201109,74
서울,양천구,201110,74
서울,양천구,201111,73
서울,양천구,201112,57
서울,양천구,201201,57
서울,양천구,201202,57
서울,양천구,201203,57
서울,양천구,201204,57
서울,양천구,201205,57
서울,양천구,201206,57
서울,양천구,201207,57
서울,양천구,201208,48
서울,양천구,201209,38
서울,양천구,201210,38
서울,양천구,201211,87
서울,양천구,201212,86
서울,양천구,201301,85
서울,양천구,201302,85
서울,양천구,201303,84
서울,양천구,201304,84
서울,양천구,201305,76
서울,양천구,201306,45
서울,양천구,201307,45
서울,양천구,201308,45
서울,양천구,201309,35
서울,양천구,201310,34
서울,양천구,201311,33
서울,양천구,201312,43
서울,양천구,201401,43
서울,양천구,201402,35
서울,양천구,201403,34
서울,양천구,201404,33
서울,양천구,201405,30
서울,양천구,201406,30
서울,양천구,201407,30
서울,양천구,201408,30
서울,양천구,201409,30
서울,양천구,201410,30
서울,양천구,201411,30
서울,양천구,201412,30
서울,양천구,201501,30
서울,양천구,201502,30
서울,양천구,201503,30
서울,양천구,201504,30
서울,양천구,201505,30
서울,양천구,201506,30
서울,양천구,201507,30
서울,양천구,201508,30
서울,양천구,201509,30
서울,양천구,201510,30
서울,양천구,201511,30
서울,양천구,201512,30
서울,양천구,201601,30
서울,양천구,201602,30
서울,양천구,201603,30
서울,양천구,201604,30
서울,양천구,201605,30
서울,양천구,201606,6
서울,양천구,201607,6
서울,양천구,201608,6
서울,양천구,201609,6
서울,양천구,201610,6
서울,양천구,201611,6
서울,양천구,201612,4
서울,양천구,201701,3
서울,양천구,201702,3
서울,양천구,201703,3
서울,양천구,201704,3
서울,양천구,201705,3
서울,양천구,201706,3
서울,양천구,201707,3
서울,양천구,201708,3
서울,양천구,201709,3
서울,양천구,201710,3
서울,양천구,201711,3
서울,양천구,201712,3
서울,양천구,201801,3
서울,양천구,201802,3
서울,양천구,201803,3
서울,양천구,201804,3
서울,양천구,201805,3
서울,양천구,201806,3
서울,양천구,201807,3
서울,양천구,201808,3
서울,양천구,201809,3
서울,양천구,201810,3
서울,양천구,201811,3
서울,양천구,201812,3
서울,양천구,201901,3
서울,양천구,201902,3
서울,양천구,201903,3
서울,양천구,201904,3
서울,양천구,201905,3
서울,양천구,201906,3
서울,양천구,201907,3
서울,양천구,201908,3
서울,양천구,201909,3
서울,양천구,201910,3
서울,양천구,201911,3
서울,양천구,201912,3
서울,양천구,202001,0
서울,양천구,202002,0
서울,양천구,202003,0
서울,양천구,202004,0
서울,양천구,202005,0
서울,양천구,202006,0
서울,양천구,202007,0
서울,양천구,202008,0
서울,양천구,202009,0
서울,양천구,202010,0
서울,양천구,202011,0
서울,양천구,202012,0
서울,양천구,202101,0
서울,양천구,202102,0
서울,양천구,202103,0
서울,양천구,202104,0
서울,양천구,202105,0
서울,양천구,202106,0
서울,양천구,202107,0
서울,양천구,202108,0
서울,양천구,202109,0
서울,양천구,202110,0
서울,양천구,202111,0
서울,양천구,202112,0
서울,양천구,202201,0
서울,양천구,202202,0
서울,양천구,202203,0
서울,양천구,202204,0
서울,양천구,202205,0
서울,양천구,202206,0
서울,양천구,202207,0
서울,양천구,202208,0
서울,양천구,202209,0
서울,양천구,202210,0
서울,양천구,202211,0
서울,양천구,202212,0
서울,양천구,202301,0
서울,양천구,202302,0
서울,양천구,202303,0
서울,양천구,202304,0
서울,양천구,202305,0
서울,양천구,202306,0
서울,양천구,202307,0
서울,양천구,202308,0
서울,양천구,202309,0
서울,양천구,202310,0
서울,양천구,202311,0
서울,양천구,202312,0
서울,양천구,202401,0
서울,양천구,202402,33
서울,양천구,202403,33
서울,양천구,202404,33
서울,양천구,202405,33
서울,양천구,202406,33
서울,양천구,202407,33
서울,양천구,202408,31
서울,양천구,202409,31
서울,양천구,202410,31
서울,양천구,202411,31
서울,양천구,202412,31
서울,양천구,202501,31
서울,양천구,202502,29
서울,양천구,202503,25
서울,양천구,202504,25
서울,양천구,202505,24
서울,양천구,202506,9
서울,양천구,202507,8
서울,양천구,202508,8
서울,양천구,202509,8
서울,양천구,202510,7
서울,양천구,202511,6
서울,양천구,202512,6
서울,양천구,202601,5
서울,양천구,202602,6
서울,양천구,202603,3
서울,양천구,202604,3
서울,양천구,202605,3
서울,양천구,202606,3
서울,양천구,202607,3
서울,양천구,202608,3
서울,서초구,200707,4
서울,서초구,200708,0
서울,서초구,200711,22
서울,서초구,200806,83
서울,서초구,200807,81
서울,서초구,200808,73
서울,서초구,200809,70
서울,서초구,200810,58
서울,서초구,200811,169
서울,서초구,200812,162
서울,서초구,200901,162
서울,서초구,200902,162
서울,서초구,200903,157
서울,서초구,200904,269
서울,서초구,200905,149
서울,서초구,200906,94
서울,서초구,200907,79
서울,서초구,200908,78
서울,서초구,200909,78
서울,서초구,200910,78
서울,서초구,200911,78
서울,서초구,200912,78
서울,서초구,201001,78
서울,서초구,201002,78
서울,서초구,201003,78
서울,서초구,201004,78
서울,서초구,201005,99
서울,서초구,201006,79
서울,서초구,201007,79
서울,서초구,201008,82
서울,서초구,201009,77
서울,서초구,201010,77
서울,서초구,201011,30
서울,서초구,201012,30
서울,서초구,201101,29
서울,서초구,201102,35
서울,서초구,201103,31
서울,서초구,201104,31
서울,서초구,201105,31
서울,서초구,201106,31
서울,서초구,201107,29
서울,서초구,201108,29
서울,서초구,201109,29
서울,서초구,201110,28
서울,서초구,201111,28
서울,서초구,201112,26
서울,서초구,201201,25
서울,서초구,201202,25
서울,서초구,201203,25
서울,서초구,201204,23
서울,서초구,201205,17
서울,서초구,201206,17
서울,서초구,201207,99
서울,서초구,201208,99
서울,서초구,201209,99
서울,서초구,201210,93
서울,서초구,201211,84
서울,서초구,201212,80
서울,서초구,201301,80
서울,서초구,201302,79
서울,서초구,201303,77
서울,서초구,201304,75
서울,서초구,201305,73
서울,서초구,201306,71
서울,서초구,201307,70
서울,서초구,201308,68
서울,서초구,201309,68
서울,서초구,201310,65
서울,서초구,201311,62
서울,서초구,201312,57
서울,서초구,201401,54
서울,서초구,201402,54
서울,서초구,201403,54
서울,서초구,201404,54
서울,서초구,201405,41
서울,서초구,201406,38
서울,서초구,201407,35
서울,서초구,201408,34
서울,서초구,201409,25
서울,서초구,201410,19
서울,서초구,201411,19
서울,서초구,201412,18
서울,서초구,201501,17
서울,서초구,201502,25
서울,서초구,201503,17
서울,서초구,201504,17
서울,서초구,201505,17
서울,서초구,201506,17
서울,서초구,201507,17
서울,서초구,201508,17
서울,서초구,201509,17
서울,서초구,201510,17
서울,서초구,201511,17
서울,서초구,201512,17
서울,서초구,201601,17
서울,서초구,201602,91
서울,서초구,201603,43
서울,서초구,201604,22
서울,서초구,201605,19
서울,서초구,201606,19
서울,서초구,201607,17
서울,서초구,201608,17
서울,서초구,201609,16
서울,서초구,201610,16
서울,서초구,201611,16
서울,서초구,201612,16
서울,서초구,201701,16
서울,서초구,201702,16
서울,서초구,201703,16
서울,서초구,201704,16
서울,서초구,201705,16
서울,서초구,201706,16
서울,서초구,201707,16
서울,서초구,201708,16
서울,서초구,201709,16
서울,서초구,201710,16
서울,서초구,201711,16
서울,서초구,201712,16
서울,서초구,201801,16
서울,서초구,201802,16
서울,서초구,201803,16
서울,서초구,201804,16
서울,서초구,201805,16
서울,서초구,201806,16
서울,서초구,201807,16
서울,서초구,201808,16
서울,서초구,201809,16
서울,서초구,201810,16
서울,서초구,201811,16
서울,서초구,201812,16
서울,서초구,201901,16
서울,서초구,201902,16
서울,서초구,201903,16
서울,서초구,201904,16
서울,서초구,201905,16
서울,서초구,201906,16
서울,서초구,201907,16
서울,서초구,201908,16
서울,서초구,201909,16
서울,서초구,201910,16
서울,서초구,201911,16
서울,서초구,201912,0
서울,서초구,202001,0
서울,서초구,202002,0
서울,서초구,202003,0
서울,서초구,202004,0
서울,서초구,202005,0
서울,서초구,202006,0
서울,서초구,202007,0
서울,서초구,202008,0
서울,서초구,202009,0
서울,서초구,202010,0
서울,서초구,202011,0
서울,서초구,202012,0
서울,서초구,202101,0
서울,서초구,202102,0
서울,서초구,202103,0
서울,서초구,202104,0
서울,서초구,202105,0
서울,서초구,202106,0
서울,서초구,202107,0
서울,서초구,202108,0
서울,서초구,202109,0
서울,서초구,202110,0
서울,서초구,202111,0
서울,서초구,202112,0
서울,서초구,202201,0
서울,서초구,202202,0
서울,서초구,202203,0
서울,서초구,202204,0
서울,서초구,202205,0
서울,서초구,202206,0
서울,서초구,202207,0
서울,서초구,202208,0
서울,서초구,202209,0
서울,서초구,202210,0
서울,서초구,202211,0
서울,서초구,202212,0
서울,서초구,202301,0
서울,서초구,202302,0
서울,서초구,202303,0
서울,서초구,202304,0
서울,서초구,202305,0
서울,서초구,202306,0
서울,서초구,202307,0
서울,서초구,202308,0
서울,서초구,202309,0
서울,서초구,202310,0
서울,서초구,202311,0
서울,서초구,202312,0
서울,서초구,202401,0
서울,서초구,202402,0
서울,서초구,202403,0
서울,서초구,202404,0
서울,서초구,202405,0
서울,서초구,202406,0
서울,서초구,202407,0
서울,서초구,202408,0
서울,서초구,202409,0
서울,서초구,202410,0
서울,서초구,202411,0
서울,서초구,202412,0
서울,서초구,202501,0
서울,서초구,202502,0
서울,서초구,202503,0
서울,서초구,202504,0
서울,서초구,202505,0
서울,서초구,202506,0
서울,서초구,202507,0
서울,서초구,202508,0
서울,서초구,202509,0
서울,서초구,202510,0
서울,서초구,202511,0
서울,서초구,202512,0
서울,서초구,202601,0
서울,서초구,202602,0
서울,서초구,202603,0
서울,서초구,202604,0
서울,서초구,202605,0
서울,서초구,202606,0
서울,서초구,202607,0
서울,서초구,202608,0
서울,영등포구,200708,0
서울,영등포구,200712,0
서울,영등포구,200806,0
서울,영등포구,200807,110
서울,영등포구,200808,108
서울,영등포구,200809,108
서울,영등포구,200810,108
서울,영등포구,200811,108
서울,영등포구,200812,108
서울,영등포구,200901,107
서울,영등포구,200902,88
서울,영등포구,200903,95
서울,영등포구,200904,40
서울,영등포구,200905,23
서울,영등포구,200906,21
서울,영등포구,200907,22
서울,영등포구,200908,22
서울,영등포구,200909,22
서울,영등포구,200910,22
서울,영등포구,200911,44
서울,영등포구,200912,38
서울,영등포구,201001,38
서울,영등포구,201002,55
서울,영등포구,201003,61
서울,영등포구,201004,61
서울,영등포구,201005,61
서울,영등포구,201006,20
서울,영등포구,201007,20
서울,영등포구,201008,19
서울,영등포구,201009,19
서울,영등포구,201010,19
서울,영등포구,201011,16
서울,영등포구,201012,16
서울,영등포구,201101,16
서울,영등포구,201102,16
서울,영등포구,201103,16
서울,영등포구,201104,16
서울,영등포구,201105,16
서울,영등포구,201106,16
서울,영등포구,201107,16
서울,영등포구,201108,16
서울,영등포구,201109,16
서울,영등포구,201110,16
서울,영등포구,201111,16
서울,영등포구,201112,16
서울,영등포구,201201,16
서울,영등포구,201202,16
서울,영등포구,201203,16
서울,영등포구,201204,1
서울,영등포구,201205,1
서울,영등포구,201206,1
서울,영등포구,201207,292
서울,영등포구,201208,292
서울,영등포구,201209,292
서울,영등포구,201210,189
서울,영등포구,201211,256
서울,영등포구,201212,256
서울,영등포구,201301,256
서울,영등포구,201302,255
서울,영등포구,201303,255
서울,영등포구,201304,255
서울,영등포구,201305,255
서울,영등포구,201306,255
서울,영등포구,201307,255
서울,영등포구,201308,179
서울,영등포구,201309,179
서울,영등포구,201310,142
서울,영등포구,201311,131
서울,영등포구,201312,131
서울,영등포구,201401,73
서울,영등포구,201402,73
서울,영등포구,201403,73
서울,영등포구,201404,29
서울,영등포구,201405,29
서울,영등포구,201406,29
서울,영등포구,201407,29
서울,영등포구,201408,29
서울,영등포구,201409,29
서울,영등포구,201410,12
서울,영등포구,201411,12
서울,영등포구,201412,8
서울,영등포구,201501,8
서울,영등포구,201502,8
서울,영등포구,201503,8
서울,영등포구,201504,8
서울,영등포구,201505,8
서울,영등포구,201506,8
서울,영등포구,201507,8
서울,영등포구,201508,8
서울,영등포구,201509,0
서울,영등포구,201510,0
서울,영등포구,201511,0
서울,영등포구,201512,0
서울,영등포구,201601,136
서울,영등포구,201602,169
서울,영등포구,201603,157
서울,영등포구,201604,141
서울,영등포구,201605,125
서울,영등포구,201606,116
서울,영등포구,201607,109
서울,영등포구,201608,101
서울,영등포구,201609,56
서울,영등포구,201610,55
서울,영등포구,201611,54
서울,영등포구,201612,54
서울,영등포구,201701,0
서울,영등포구,201702,0
서울,영등포구,201703,0
서울,영등포구,201704,0
서울,영등포구,201705,0
서울,영등포구,201706,0
서울,영등포구,201707,0
서울,영등포구,201708,0
서울,영등포구,201709,0
서울,영등포구,201710,0
서울,영등포구,201711,0
서울,영등포구,201712,0
서울,영등포구,201801,0
서울,영등포구,201802,0
서울,영등포구,201803,0
서울,영등포구,201804,0
서울,영등포구,201805,0
서울,영등포구,201806,0
서울,영등포구,201807,0
서울,영등포구,201808,0
서울,영등포구,201811,0
서울,영등포구,201812,0
서울,영등포구,201901,0
서울,영등포구,201902,0
서울,영등포구,201903,0
서울,영등포구,201907,0
서울,영등포구,201908,0
서울,영등포구,201909,0
서울,영등포구,202102,0
서울,영등포구,202103,0
서울,영등포구,202104,0
서울,영등포구,202105,0
서울,영등포구,202106,0
서울,영등포구,202107,0
서울,영등포구,202108,0
서울,영등포구,202109,0
서울,영등포구,202110,0
서울,영등포구,202111,0
서울,영등포구,202112,0
서울,영등포구,202201,0
서울,영등포구,202202,0
서울,영등포구,202203,0
서울,영등포구,202204,0
서울,영등포구,202205,0
서울,영등포구,202206,0
서울,영등포구,202207,0
서울,영등포구,202208,0
서울,영등포구,202209,0
서울,영등포구,202210,0
서울,영등포구,202211,0
서울,영등포구,202212,0
서울,영등포구,202301,0
서울,영등포구,202302,0
서울,영등포구,202303,0
서울,영등포구,202304,0
서울,영등포구,202305,0
서울,영등포구,202306,0
서울,영등포구,202307,0
서울,영등포구,202308,0
서울,영등포구,202309,0
서울,영등포구,202310,0
서울,영등포구,202311,0
서울,영등포구,202312,0
서울,영등포구,202401,0
서울,영등포구,202402,0
서울,영등포구,202403,0
서울,영등포구,202404,0
서울,영등포구,202405,0
서울,영등포구,202406,0
서울,영등포구,202407,0
서울,영등포구,202408,0
서울,영등포구,202409,0
서울,영등포구,202410,0
서울,영등포구,202411,0
서울,영등포구,202412,0
서울,영등포구,202501,0
서울,영등포구,202502,0
서울,영등포구,202503,0
서울,영등포구,202504,0
서울,영등포구,202505,0
서울,영등포구,202506,0
서울,영등포구,202507,0
서울,영등포구,202508,0
서울,영등포구,202509,0
서울,영등포구,202510,0
서울,영등포구,202511,0
서울,영등포구,202512,0
서울,영등포구,202601,0
서울,영등포구,202602,0
서울,영등포구,202603,0
서울,영등포구,202604,0
서울,영등포구,202605,0
서울,영등포구,202606,0
서울,영등포구,202607,0
서울,영등포구,202608,0
서울,송파구,200708,0
서울,송파구,200806,0
서울,송파구,200811,0
서울,송파구,200812,0
서울,송파구,200901,0
서울,송파구,200902,0
서울,송파구,200903,0
서울,송파구,200904,0
서울,송파구,200905,12
서울,송파구,200906,0
서울,송파구,200907,0
서울,송파구,200908,0
서울,송파구,200909,0
서울,송파구,200910,0
서울,송파구,200911,0
서울,송파구,200912,0
서울,송파구,201001,0
서울,송파구,201002,0
서울,송파구,201003,0
서울,송파구,201004,0
서울,송파구,201005,0
서울,송파구,201006,0
서울,송파구,201007,0
서울,송파구,201008,0
서울,송파구,201009,0
서울,송파구,201010,0
서울,송파구,201011,273
서울,송파구,201012,193
서울,송파구,201101,193
서울,송파구,201102,193
서울,송파구,201103,137
서울,송파구,201104,137
서울,송파구,201105,137
서울,송파구,201106,87
서울,송파구,201107,87
서울,송파구,201108,87
서울,송파구,201109,74
서울,송파구,201110,74
서울,송파구,201111,74
서울,송파구,201112,74
서울,송파구,201201,74
서울,송파구,201202,56
서울,송파구,201203,55
서울,송파구,201204,53
서울,송파구,201205,52
서울,송파구,201206,52
서울,송파구,201207,52
서울,송파구,201208,52
서울,송파구,201209,52
서울,송파구,201210,93
서울,송파구,201211,76
서울,송파구,201212,60
서울,송파구,201301,60
서울,송파구,201302,52
서울,송파구,201303,51
서울,송파구,201304,51
서울,송파구,201305,51
서울,송파구,201306,51
서울,송파구,201307,51
서울,송파구,201308,51
서울,송파구,201309,51
서울,송파구,201310,51
서울,송파구,201311,51
서울,송파구,201312,51
서울,송파구,201401,52
서울,송파구,201402,52
서울,송파구,201403,51
서울,송파구,201404,51
서울,송파구,201405,51
서울,송파구,201406,51
서울,송파구,201407,51
서울,송파구,201408,51
서울,송파구,201409,51
서울,송파구,201410,51
서울,송파구,201411,51
서울,송파구,201412,51
서울,송파구,201501,0
서울,송파구,201502,0
서울,송파구,201503,0
서울,송파구,201504,0
서울,송파구,201505,0
서울,송파구,201506,0
서울,송파구,201507,0
서울,송파구,201508,0
서울,송파구,201509,0
서울,송파구,201510,0
서울,송파구,201511,0
서울,송파구,201512,0
서울,송파구,201601,150
서울,송파구,201602,90
서울,송파구,201603,80
서울,송파구,201604,71
서울,송파구,201605,30
서울,송파구,201606,0
서울,송파구,201607,0
서울,송파구,201608,0
서울,송파구,201609,0
서울,송파구,201610,0
서울,송파구,201611,0
서울,송파구,201612,40
서울,송파구,201701,25
서울,송파구,201702,21
서울,송파구,201703,10
서울,송파구,201704,8
서울,송파구,201705,8
서울,송파구,201706,8
서울,송파구,201707,8
서울,송파구,201708,8
서울,송파구,201709,8
서울,송파구,201710,8
서울,송파구,201711,8
서울,송파구,201712,8
서울,송파구,201801,8
서울,송파구,201802,8
서울,송파구,201803,8
서울,송파구,201804,8
서울,송파구,201805,8
서울,송파구,201806,8
서울,송파구,201807,8
서울,송파구,201808,8
서울,송파구,201809,8
서울,송파구,201810,8
서울,송파구,201811,8
서울,송파구,201812,8
서울,송파구,201901,8
서울,송파구,201902,8
서울,송파구,201903,8
서울,송파구,201904,8
서울,송파구,201905,8
서울,송파구,201906,8
서울,송파구,201907,8
서울,송파구,201908,8
서울,송파구,201909,7
서울,송파구,201910,7
서울,송파구,201911,7
서울,송파구,201912,7
서울,송파구,202001,7
서울,송파구,202002,7
서울,송파구,202003,6
서울,송파구,202004,6
서울,송파구,202005,6
서울,송파구,202006,1
서울,송파구,202007,0
서울,송파구,202008,0
서울,송파구,202009,0
서울,송파구,202010,0
서울,송파구,202011,0
서울,송파구,202012,0
서울,송파구,202101,0
서울,송파구,202102,0
서울,송파구,202103,0
서울,송파구,202104,0
서울,송파구,202105,0
서울,송파구,202106,0
서울,송파구,202107,0
서울,송파구,202108,0
서울,송파구,202109,0
서울,송파구,202110,0
서울,송파구,202111,0
서울,송파구,202112,0
서울,송파구,202201,0
서울,송파구,202202,0
서울,송파구,202203,0
서울,송파구,202204,0
서울,송파구,202205,0
서울,송파구,202206,0
서울,송파구,202207,0
서울,송파구,202208,0
서울,송파구,202209,0
서울,송파구,202210,0
서울,송파구,202211,0
서울,송파구,202212,0
서울,송파구,202301,0
서울,송파구,202302,0
서울,송파구,202303,0
서울,송파구,202304,0
서울,송파구,202305,0
서울,송파구,202306,0
서울,송파구,202307,0
서울,송파구,202308,0
서울,송파구,202309,0
서울,송파구,202310,0
서울,송파구,202311,0
서울,송파구,202312,0
서울,송파구,202401,0
서울,송파구,202402,0
서울,송파구,202403,0
서울,송파구,202404,0
서울,송파구,202405,0
서울,송파구,202406,0
서울,송파구,202407,0
서울,송파구,202408,0
서울,송파구,202409,0
서울,송파구,202410,0
서울,송파구,202411,0
서울,송파구,202412,0
서울,송파구,202501,0
서울,송파구,202502,0
서울,송파구,202503,0
서울,송파구,202504,0
서울,송파구,202505,0
서울,송파구,202506,0
서울,송파구,202507,0
서울,송파구,202508,0
서울,송파구,202509,0
서울,송파구,202510,0
서울,송파구,202511,0
서울,송파구,202512,0
서울,송파구,202601,0
서울,송파구,202602,0
서울,송파구,202603,0
서울,송파구,202604,0
서울,송파구,202605,0
서울,송파구,202606,0
서울,송파구,202607,0
서울,송파구,202608,0
부산,중구,200701,7
부산,중구,200702,7
부산,중구,200703,6
부산,중구,200704,5
부산,중구,200705,5
부산,중구,200706,3
부산,중구,200707,1
부산,중구,200708,0
부산,중구,200709,0
부산,중구,200710,0
부산,중구,200711,0
부산,중구,200712,0
부산,중구,200801,0
부산,중구,200802,0
부산,중구,200803,0
부산,중구,200804,0
부산,중구,200805,0
부산,중구,200806,0
부산,중구,200807,0
부산,중구,200808,0
부산,중구,200809,0
부산,중구,200810,0
부산,중구,200811,0
부산,중구,200812,0
부산,중구,200901,0
부산,중구,200902,0
부산,중구,200903,0
부산,중구,200904,0
부산,중구,200905,0
부산,중구,200906,0
부산,중구,200907,0
부산,중구,200908,0
부산,중구,200909,0
부산,중구,200910,844
부산,중구,200911,0
부산,중구,200912,0
부산,중구,201001,0
부산,중구,201002,0
부산,중구,201003,0
부산,중구,201004,0
부산,중구,201005,0
부산,중구,201006,0
부산,중구,201007,0
부산,중구,201008,0
부산,중구,201009,0
부산,중구,201010,0
부산,중구,201011,0
부산,중구,201012,0
부산,중구,201101,0
부산,중구,201102,0
부산,중구,201103,0
부산,중구,201104,0
부산,중구,201105,0
부산,중구,201106,0
부산,중구,201107,0
부산,중구,201108,0
부산,중구,201109,0
부산,중구,201110,0
부산,중구,201111,0
부산,중구,201112,0
부산,중구,201201,0
부산,중구,201202,0
부산,중구,201203,0
부산,중구,201204,0
부산,중구,201205,0
부산,중구,201206,0
부산,중구,201207,0
부산,중구,201208,0
부산,중구,201209,0
부산,중구,201210,0
부산,중구,201211,0
부산,중구,201212,0
부산,중구,201301,0
부산,중구,201302,0
부산,중구,201303,0
부산,중구,201304,0
부산,중구,201305,0
부산,중구,201306,152
부산,중구,201307,147
부산,중구,201308,145
부산,중구,201309,116
부산,중구,201310,111
부산,중구,201311,111
부산,중구,201312,11
부산,중구,201401,11
부산,중구,201402,11
부산,중구,201403,9
부산,중구,201404,9
부산,중구,201405,9
부산,중구,201406,9
부산,중구,201407,9
부산,중구,201408,9
부산,중구,201409,9
부산,중구,201410,7
부산,중구,201411,7
부산,중구,201412,7
부산,중구,201501,7
부산,중구,201502,7
부산,중구,201503,5
부산,중구,201504,5
부산,중구,201505,5
부산,중구,201506,5
부산,중구,201507,5
부산,중구,201508,5
부산,중구,201509,5
부산,중구,201510,5
부산,중구,201511,5
부산,중구,201512,5
부산,중구,201601,5
부산,중구,201602,0
부산,중구,201603,0
부산,중구,201604,0
부산,중구,201605,0
부산,중구,201606,0
부산,중구,201607,0
부산,중구,201608,0
부산,중구,201609,0
부산,중구,201610,0
부산,중구,201611,0
부산,중구,201612,0
부산,중구,201701,0
부산,중구,201702,0
부산,중구,201703,0
부산,중구,201704,0
부산,중구,201705,0
부산,중구,201706,0
부산,중구,201707,0
부산,중구,201708,0
부산,중구,201709,0
부산,중구,201710,0
부산,중구,201711,0
부산,중구,201712,0
부산,중구,201801,0
부산,중구,201802,0
부산,중구,201805,0
부산,중구,201807,0
부산,중구,201808,0
부산,중구,201811,0
부산,중구,201812,0
부산,중구,201901,0
부산,중구,201902,0
부산,중구,201903,0
부산,중구,201904,0
부산,중구,201905,0
부산,중구,201906,0
부산,중구,201907,0
부산,중구,201908,0
부산,중구,201909,0
부산,중구,201910,0
부산,중구,201912,0
부산,중구,202001,0
부산,중구,202002,0
부산,중구,202003,0
부산,중구,202004,0
부산,중구,202005,0
부산,중구,202006,0
부산,중구,202007,0
부산,중구,202008,0
부산,중구,202009,0
부산,중구,202010,0
부산,중구,202011,0
부산,중구,202012,0
부산,중구,202101,0
부산,중구,202102,0
부산,중구,202103,0
부산,중구,202104,0
부산,중구,202105,0
부산,중구,202106,0
부산,중구,202107,0
부산,중구,202108,0
부산,중구,202109,0
부산,중구,202110,0
부산,중구,202111,0
부산,중구,202112,0
부산,중구,202201,0
부산,중구,202202,0
부산,중구,202203,0
부산,중구,202204,0
부산,중구,202205,0
부산,중구,202206,0
부산,중구,202207,0
부산,중구,202208,0
부산,중구,202209,0
부산,중구,202210,0
부산,중구,202211,0
부산,중구,202212,0
부산,중구,202301,0
부산,중구,202302,0
부산,중구,202303,0
부산,중구,202304,0
부산,중구,202305,0
부산,중구,202306,0
부산,중구,202307,0
부산,중구,202308,0
부산,중구,202309,0
부산,중구,202310,0
부산,중구,202311,0
부산,중구,202312,0
부산,중구,202401,0
부산,중구,202402,0
부산,중구,202403,0
부산,중구,202404,0
부산,중구,202405,0
부산,중구,202406,0
부산,중구,202407,0
부산,중구,202408,0
부산,중구,202409,0
부산,중구,202410,0
부산,중구,202411,0
부산,중구,202412,0
부산,중구,202501,0
부산,중구,202502,0
부산,중구,202503,0
부산,중구,202504,0
부산,중구,202505,0
부산,중구,202506,0
부산,중구,202507,0
부산,중구,202508,0
부산,중구,202509,0
부산,중구,202510,0
부산,중구,202511,0
부산,중구,202512,0
부산,중구,202601,0
부산,중구,202602,0
부산,중구,202603,0
부산,중구,202604,0
부산,중구,202605,0
부산,중구,202606,0
부산,중구,202607,0
부산,중구,202608,0
부산,강서구,200701,1720
부산,강서구,200702,1704
부산,강서구,200703,1683
부산,강서구,200704,1373
부산,강서구,200705,1365
부산,강서구,200706,1365
부산,강서구,200707,1337
부산,강서구,200708,1293
부산,강서구,200709,1286
부산,강서구,200710,1289
부산,강서구,200711,1286
부산,강서구,200712,1277
부산,강서구,200801,1255
부산,강서구,200802,1173
부산,강서구,200803,1160
부산,강서구,200804,1160
부산,강서구,200805,1125
부산,강서구,200806,1112
부산,강서구,200807,2089
부산,강서구,200808,1929
부산,강서구,200809,1868
부산,강서구,200810,1840
부산,강서구,200811,2170
부산,강서구,200812,1267
부산,강서구,200901,1253
부산,강서구,200902,1234
부산,강서구,200903,1405
부산,강서구,200904,1376
부산,강서구,200905,1214
부산,강서구,200906,1169
부산,강서구,200907,1137
부산,강서구,200908,1049
부산,강서구,200909,1014
부산,강서구,200910,897
부산,강서구,200911,803
부산,강서구,200912,1369
부산,강서구,201001,670
부산,강서구,201002,638
부산,강서구,201003,621
부산,강서구,201004,616
부산,강서구,201005,568
부산,강서구,201006,523
부산,강서구,201007,499
부산,강서구,201008,474
부산,강서구,201009,462
부산,강서구,201010,462
부산,강서구,201011,448
부산,강서구,201012,448
부산,강서구,201101,448
부산,강서구,201102,448
부산,강서구,201103,477
부산,강서구,201104,466
부산,강서구,201105,464
부산,강서구,201106,463
부산,강서구,201107,463
부산,강서구,201108,462
부산,강서구,201109,462
부산,강서구,201110,463
부산,강서구,201111,463
부산,강서구,201112,463
부산,강서구,201201,463
부산,강서구,201202,599
부산,강서구,201203,533
부산,강서구,201204,505
부산,강서구,201205,476
부산,강서구,201206,463
부산,강서구,201207,522
부산,강서구,201208,514
부산,강서구,201209,509
부산,강서구,201210,504
부산,강서구,201211,495
부산,강서구,201212,1273
부산,강서구,201301,2410
부산,강서구,201302,2244
부산,강서구,201303,2619
부산,강서구,201304,2388
부산,강서구,201305,2056
부산,강서구,201306,1728
부산,강서구,201307,1506
부산,강서구,201308,1289
부산,강서구,201309,1054
부산,강서구,201310,956
부산,강서구,201311,2115
부산,강서구,201312,1781
부산,강서구,201401,1614
부산,강서구,201402,1292
부산,강서구,201403,2032
부산,강서구,201404,1638
부산,강서구,201405,1421
부산,강서구,201406,1257
부산,강서구,201407,1541
부산,강서구,201408,728
부산,강서구,201409,767
부산,강서구,201410,546
부산,강서구,201411,625
부산,강서구,201412,500
부산,강서구,201501,471
부산,강서구,201502,452
부산,강서구,201503,362
부산,강서구,201504,189
부산,강서구,201505,163
부산,강서구,201506,185
부산,강서구,201507,185
부산,강서구,201508,185
부산,강서구,201509,184
부산,강서구,201510,184
부산,강서구,201511,183
부산,강서구,201512,180
부산,강서구,201601,281
부산,강서구,201602,281
부산,강서구,201603,154
부산,강서구,201604,154
부산,강서구,201605,154
부산,강서구,201606,152
부산,강서구,201607,152
부산,강서구,201608,148
부산,강서구,201609,142
부산,강서구,201610,142
부산,강서구,201611,142
부산,강서구,201612,142
부산,강서구,201701,142
부산,강서구,201702,142
부산,강서구,201703,141
부산,강서구,201704,141
부산,강서구,201705,141
부산,강서구,201706,141
부산,강서구,201707,141
부산,강서구,201708,141
부산,강서구,201709,141
부산,강서구,201710,141
부산,강서구,201711,141
부산,강서구,201712,141
부산,강서구,201801,141
부산,강서구,201802,141
부산,강서구,201803,141
부산,강서구,201804,141
부산,강서구,201805,141
부산,강서구,201806,141
부산,강서구,201807,141
부산,강서구,201808,141
부산,강서구,201809,141
부산,강서구,201810,141
부산,강서구,201811,141
부산,강서구,201812,141
부산,강서구,201901,141
부산,강서구,201902,141
부산,강서구,201903,141
부산,강서구,201904,141
부산,강서구,201905,141
부산,강서구,201906,141
부산,강서구,201907,141
부산,강서구,201908,141
부산,강서구,201909,141
부산,강서구,201910,141
부산,강서구,201911,141
부산,강서구,201912,141
부산,강서구,202001,218
부산,강서구,202002,189
부산,강서구,202003,187
부산,강서구,202004,179
부산,강서구,202005,175
부산,강서구,202006,167
부산,강서구,202007,161
부산,강서구,202008,157
부산,강서구,202009,150
부산,강서구,202010,144
부산,강서구,202011,137
부산,강서구,202012,110
부산,강서구,202101,110
부산,강서구,202102,110
부산,강서구,202103,110
부산,강서구,202104,110
부산,강서구,202105,110
부산,강서구,202106,110
부산,강서구,202107,50
부산,강서구,202108,50
부산,강서구,202109,50
부산,강서구,202110,50
부산,강서구,202111,50
부산,강서구,202112,50
부산,강서구,202201,27
부산,강서구,202202,27
부산,강서구,202203,27
부산,강서구,202204,27
부산,강서구,202205,27
부산,강서구,202206,20
부산,강서구,202207,17
부산,강서구,202208,17
부산,강서구,202209,17
부산,강서구,202210,16
부산,강서구,202211,10
부산,강서구,202212,10
부산,강서구,202301,10
부산,강서구,202302,10
부산,강서구,202303,9
부산,강서구,202304,20
부산,강서구,202305,249
부산,강서구,202306,596
부산,강서구,202307,7
부산,강서구,202308,7
부산,강서구,202309,7
부산,강서구,202310,7
부산,강서구,202311,256
부산,강서구,202312,657
부산,강서구,202401,298
부산,강서구,202402,101
부산,강서구,202403,15
부산,강서구,202404,14
부산,강서구,202405,13
부산,강서구,202406,11
부산,강서구,202407,10
부산,강서구,202408,8
부산,강서구,202409,8
부산,강서구,202410,8
부산,강서구,202411,8
부산,강서구,202412,7
부산,강서구,202501,7
부산,강서구,202502,225
부산,강서구,202503,167
부산,강서구,202504,118
부산,강서구,202505,86
부산,강서구,202506,611
부산,강서구,202507,566
부산,강서구,202508,499
부산,강서구,202509,459
부산,강서구,202510,434
부산,강서구,202511,405
부산,강서구,202512,360
부산,강서구,202601,283
부산,강서구,202602,226
부산,강서구,202603,181
부산,강서구,202604,895
부산,강서구,202605,827
부산,강서구,202606,795
부산,강서구,202607,1245
부산,강서구,202608,1184
부산,서구,200701,33
부산,서구,200702,21
부산,서구,200703,16
부산,서구,200704,13
부산,서구,200705,11
부산,서구,200706,10
부산,서구,200707,9
부산,서구,200708,151
부산,서구,200709,151
부산,서구,200710,151
부산,서구,200711,151
부산,서구,200712,149
부산,서구,200801,147
부산,서구,200802,147
부산,서구,200803,147
부산,서구,200804,147
부산,서구,200805,147
부산,서구,200806,145
부산,서구,200807,145
부산,서구,200808,145
부산,서구,200809,145
부산,서구,200810,145
부산,서구,200811,145
부산,서구,200812,2163
부산,서구,200901,2162
부산,서구,200902,2109
부산,서구,200903,2067
부산,서구,200904,1406
부산,서구,200905,1245
부산,서구,200906,1096
부산,서구,200907,1038
부산,서구,200908,928
부산,서구,200909,855
부산,서구,200910,0
부산,서구,200911,740
부산,서구,200912,711
부산,서구,201001,108
부산,서구,201002,89
부산,서구,201003,67
부산,서구,201004,62
부산,서구,201005,59
부산,서구,201006,115
부산,서구,201007,100
부산,서구,201008,90
부산,서구,201009,87
부산,서구,201010,83
부산,서구,201011,77
부산,서구,201012,73
부산,서구,201101,73
부산,서구,201102,66
부산,서구,201103,61
부산,서구,201104,56
부산,서구,201105,55
부산,서구,201106,51
부산,서구,201107,51
부산,서구,201108,33
부산,서구,201109,31
부산,서구,201110,18
부산,서구,201111,18
부산,서구,201112,18
부산,서구,201201,16
부산,서구,201202,16
부산,서구,201203,18
부산,서구,201204,14
부산,서구,201205,11
부산,서구,201206,11
부산,서구,201207,11
부산,서구,201208,2
부산,서구,201209,2
부산,서구,201210,2
부산,서구,201211,2
부산,서구,201212,2
부산,서구,201301,2
부산,서구,201302,2
부산,서구,201303,2
부산,서구,201304,2
부산,서구,201305,2
부산,서구,201306,2
부산,서구,201307,2
부산,서구,201308,2
부산,서구,201309,2
부산,서구,201310,2
부산,서구,201311,2
부산,서구,201312,2
부산,서구,201401,2
부산,서구,201402,0
부산,서구,201403,0
부산,서구,201404,0
부산,서구,201405,0
부산,서구,201406,0
부산,서구,201407,0
부산,서구,201408,0
부산,서구,201409,0
부산,서구,201410,26
부산,서구,201411,22
부산,서구,201412,86
부산,서구,201501,71
부산,서구,201502,60
부산,서구,201503,26
부산,서구,201504,13
부산,서구,201505,3
부산,서구,201506,60
부산,서구,201507,45
부산,서구,201508,43
부산,서구,201509,43
부산,서구,201510,42
부산,서구,201511,21
부산,서구,201512,10
부산,서구,201601,8
부산,서구,201602,5
부산,서구,201603,4
부산,서구,201604,2
부산,서구,201605,1
부산,서구,201606,1
부산,서구,201607,1
부산,서구,201608,1
부산,서구,201609,1
부산,서구,201610,1
부산,서구,201611,1
부산,서구,201612,1
부산,서구,201701,1
부산,서구,201702,0
부산,서구,201703,0
부산,서구,201704,0
부산,서구,201705,0
부산,서구,201706,0
부산,서구,201707,0
부산,서구,201708,0
부산,서구,201709,0
부산,서구,201710,0
부산,서구,201711,99
부산,서구,201712,97
부산,서구,201801,97
부산,서구,201802,828
부산,서구,201803,617
부산,서구,201804,464
부산,서구,201805,353
부산,서구,201806,302
부산,서구,201807,276
부산,서구,201808,247
부산,서구,201809,225
부산,서구,201810,199
부산,서구,201811,198
부산,서구,201812,197
부산,서구,201901,199
부산,서구,201902,199
부산,서구,201903,199
부산,서구,201904,263
부산,서구,201905,247
부산,서구,201906,235
부산,서구,201907,221
부산,서구,201908,211
부산,서구,201909,206
부산,서구,201910,199
부산,서구,201911,123
부산,서구,201912,67
부산,서구,202001,43
부산,서구,202002,38
부산,서구,202003,34
부산,서구,202004,34
부산,서구,202005,34
부산,서구,202006,35
부산,서구,202007,34
부산,서구,202008,31
부산,서구,202009,30
부산,서구,202010,29
부산,서구,202011,24
부산,서구,202012,21
부산,서구,202101,21
부산,서구,202102,21
부산,서구,202103,19
부산,서구,202104,19
부산,서구,202105,19
부산,서구,202106,19
부산,서구,202107,19
부산,서구,202108,19
부산,서구,202109,19
부산,서구,202110,17
부산,서구,202111,16
부산,서구,202112,15
부산,서구,202201,15
부산,서구,202202,15
부산,서구,202203,15
부산,서구,202204,14
부산,서구,202205,14
부산,서구,202206,14
부산,서구,202207,13
부산,서구,202208,13
부산,서구,202209,192
부산,서구,202210,129
부산,서구,202211,113
부산,서구,202212,112
부산,서구,202301,101
부산,서구,202302,89
부산,서구,202303,86
부산,서구,202304,78
부산,서구,202305,79
부산,서구,202306,67
부산,서구,202307,58
부산,서구,202308,46
부산,서구,202309,36
부산,서구,202310,35
부산,서구,202311,33
부산,서구,202312,32
부산,서구,202401,32
부산,서구,202402,32
부산,서구,202403,32
부산,서구,202404,32
부산,서구,202405,32
부산,서구,202406,30
부산,서구,202407,30
부산,서구,202408,29
부산,서구,202409,29
부산,서구,202410,29
부산,서구,202411,29
부산,서구,202412,29
부산,서구,202501,228
부산,서구,202502,226
부산,서구,202503,222
부산,서구,202504,218
부산,서구,202505,216
부산,서구,202506,213
부산,서구,202507,211
부산,서구,202508,211
부산,서구,202509,211
부산,서구,202510,211
부산,서구,202511,210
부산,서구,202512,203
부산,서구,202601,190
부산,서구,202602,189
부산,서구,202603,218
부산,서구,202604,172
부산,서구,202605,162
부산,서구,202606,143
부산,서구,202607,128
부산,서구,202608,115
부산,금정구,200701,594
부산,금정구,200702,722
부산,금정구,200703,738
부산,금정구,200704,735
부산,금정구,200705,722
부산,금정구,200706,710
부산,금정구,200707,703
부산,금정구,200708,701
부산,금정구,200709,695
부산,금정구,200710,1450
부산,금정구,200711,989
부산,금정구,200712,1091
부산,금정구,200801,1060
부산,금정구,200802,1019
부산,금정구,200803,940
부산,금정구,200804,1205
부산,금정구,200805,1166
부산,금정구,200806,1180
부산,금정구,200807,1180
부산,금정구,200808,1165
부산,금정구,200809,1113
부산,금정구,200810,1036
부산,금정구,200811,1510
부산,금정구,200812,727
부산,금정구,200901,652
부산,금정구,200902,668
부산,금정구,200903,665
부산,금정구,200904,1018
부산,금정구,200905,972
부산,금정구,200906,969
부산,금정구,200907,962
부산,금정구,200908,952
부산,금정구,200909,933
부산,금정구,200910,778
부산,금정구,200911,870
부산,금정구,200912,827
부산,금정구,201001,1317
부산,금정구,201002,1246
부산,금정구,201003,1240
부산,금정구,201004,1684
부산,금정구,201005,1280
부산,금정구,201006,1228
부산,금정구,201007,1197
부산,금정구,201008,1133
부산,금정구,201009,1117
부산,금정구,201010,980
부산,금정구,201011,740
부산,금정구,201012,594
부산,금정구,201101,493
부산,금정구,201102,405
부산,금정구,201103,338
부산,금정구,201104,301
부산,금정구,201105,300
부산,금정구,201106,561
부산,금정구,201107,616
부산,금정구,201108,351
부산,금정구,201109,328
부산,금정구,201110,306
부산,금정구,201111,288
부산,금정구,201112,272
부산,금정구,201201,250
부산,금정구,201202,236
부산,금정구,201203,215
부산,금정구,201204,183
부산,금정구,201205,170
부산,금정구,201206,160
부산,금정구,201207,148
부산,금정구,201208,142
부산,금정구,201209,142
부산,금정구,201210,253
부산,금정구,201211,248
부산,금정구,201212,192
부산,금정구,201301,179
부산,금정구,201302,179
부산,금정구,201303,160
부산,금정구,201304,176
부산,금정구,201305,161
부산,금정구,201306,148
부산,금정구,201307,128
부산,금정구,201308,109
부산,금정구,201309,100
부산,금정구,201310,57
부산,금정구,201311,22
부산,금정구,201312,3
부산,금정구,201401,199
부산,금정구,201402,131
부산,금정구,201403,50
부산,금정구,201404,41
부산,금정구,201405,12
부산,금정구,201406,10
부산,금정구,201407,70
부산,금정구,201408,73
부산,금정구,201409,73
부산,금정구,201410,73
부산,금정구,201411,73
부산,금정구,201412,73
부산,금정구,201501,71
부산,금정구,201502,71
부산,금정구,201503,66
부산,금정구,201504,66
부산,금정구,201505,66
부산,금정구,201506,66
부산,금정구,201507,63
부산,금정구,201508,62
부산,금정구,201509,75
부산,금정구,201510,34
부산,금정구,201511,30
부산,금정구,201512,163
부산,금정구,201601,122
부산,금정구,201602,34
부산,금정구,201603,143
부산,금정구,201604,131
부산,금정구,201605,112
부산,금정구,201606,99
부산,금정구,201607,89
부산,금정구,201608,77
부산,금정구,201609,80
부산,금정구,201610,53
부산,금정구,201611,28
부산,금정구,201612,24
부산,금정구,201701,19
부산,금정구,201702,18
부산,금정구,201703,18
부산,금정구,201704,18
부산,금정구,201705,17
부산,금정구,201706,16
부산,금정구,201707,16
부산,금정구,201708,16
부산,금정구,201709,16
부산,금정구,201710,74
부산,금정구,201711,76
부산,금정구,201712,75
부산,금정구,201801,68
부산,금정구,201802,145
부산,금정구,201803,165
부산,금정구,201804,160
부산,금정구,201805,153
부산,금정구,201806,134
부산,금정구,201807,142
부산,금정구,201808,136
부산,금정구,201809,134
부산,금정구,201810,134
부산,금정구,201811,212
부산,금정구,201812,214
부산,금정구,201901,215
부산,금정구,201902,214
부산,금정구,201903,213
부산,금정구,201904,208
부산,금정구,201905,208
부산,금정구,201906,207
부산,금정구,201907,208
부산,금정구,201908,208
부산,금정구,201909,208
부산,금정구,201910,208
부산,금정구,201911,200
부산,금정구,201912,155
부산,금정구,202001,148
부산,금정구,202002,145
부산,금정구,202003,143
부산,금정구,202004,143
부산,금정구,202005,140
부산,금정구,202006,138
부산,금정구,202007,136
부산,금정구,202008,135
부산,금정구,202009,131
부산,금정구,202010,129
부산,금정구,202011,108
부산,금정구,202012,103
부산,금정구,202101,102
부산,금정구,202102,102
부산,금정구,202103,103
부산,금정구,202104,173
부산,금정구,202105,172
부산,금정구,202106,169
부산,금정구,202107,169
부산,금정구,202108,160
부산,금정구,202109,137
부산,금정구,202110,123
부산,금정구,202111,117
부산,금정구,202112,115
부산,금정구,202201,114
부산,금정구,202202,113
부산,금정구,202203,113
부산,금정구,202204,111
부산,금정구,202205,111
부산,금정구,202206,110
부산,금정구,202207,110
부산,금정구,202208,110
부산,금정구,202209,110
부산,금정구,202210,110
부산,금정구,202211,202
부산,금정구,202212,202
부산,금정구,202301,209
부산,금정구,202302,209
부산,금정구,202303,209
부산,금정구,202304,209
부산,금정구,202305,209
부산,금정구,202306,209
부산,금정구,202307,209
부산,금정구,202308,208
부산,금정구,202309,224
부산,금정구,202310,223
부산,금정구,202311,253
부산,금정구,202312,252
부산,금정구,202401,252
부산,금정구,202402,251
부산,금정구,202403,250
부산,금정구,202404,419
부산,금정구,202405,453
부산,금정구,202406,407
부산,금정구,202407,343
부산,금정구,202408,314
부산,금정구,202409,303
부산,금정구,202410,282
부산,금정구,202411,262
부산,금정구,202412,259
부산,금정구,202501,259
부산,금정구,202502,257
부산,금정구,202503,295
부산,금정구,202504,295
부산,금정구,202505,294
부산,금정구,202506,293
부산,금정구,202507,305
부산,금정구,202508,300
부산,금정구,202509,299
부산,금정구,202510,295
부산,금정구,202511,286
부산,금정구,202512,278
부산,금정구,202601,265
부산,금정구,202602,291
부산,금정구,202603,499
부산,금정구,202604,518
부산,금정구,202605,499
부산,금정구,202606,478
부산,금정구,202607,384
부산,금정구,202608,376
부산,동구,200701,46
부산,동구,200702,46
부산,동구,200703,38
부산,동구,200704,38
부산,동구,200705,38
부산,동구,200706,309
부산,동구,200707,288
부산,동구,200708,246
부산,동구,200709,237
부산,동구,200710,219
부산,동구,200711,185
부산,동구,200712,176
부산,동구,200801,176
부산,동구,200802,172
부산,동구,200803,160
부산,동구,200804,150
부산,동구,200805,149
부산,동구,200806,149
부산,동구,200807,149
부산,동구,200808,149
부산,동구,200809,149
부산,동구,200810,149
부산,동구,200811,149
부산,동구,200812,145
부산,동구,200901,145
부산,동구,200902,145
부산,동구,200903,145
부산,동구,200904,194
부산,동구,200905,194
부산,동구,200906,194
부산,동구,200907,194
부산,동구,200908,175
부산,동구,200909,169
부산,동구,200910,842
부산,동구,200911,150
부산,동구,200912,138
부산,동구,201001,126
부산,동구,201002,106
부산,동구,201003,84
부산,동구,201004,73
부산,동구,201005,192
부산,동구,201006,159
부산,동구,201007,153
부산,동구,201008,143
부산,동구,201009,121
부산,동구,201010,118
부산,동구,201011,84
부산,동구,201012,74
부산,동구,201101,67
부산,동구,201102,94
부산,동구,201103,89
부산,동구,201104,89
부산,동구,201105,89
부산,동구,201106,89
부산,동구,201107,89
부산,동구,201108,89
부산,동구,201109,89
부산,동구,201110,89
부산,동구,201111,89
부산,동구,201112,89
부산,동구,201201,89
부산,동구,201202,89
부산,동구,201203,89
부산,동구,201204,89
부산,동구,201205,0
부산,동구,201206,0
부산,동구,201207,0
부산,동구,201208,0
부산,동구,201209,0
부산,동구,201210,0
부산,동구,201211,0
부산,동구,201212,0
부산,동구,201301,0
부산,동구,201302,0
부산,동구,201303,0
부산,동구,201304,0
부산,동구,201305,0
부산,동구,201306,0
부산,동구,201307,0
부산,동구,201308,0
부산,동구,201309,0
부산,동구,201310,0
부산,동구,201311,0
부산,동구,201312,0
부산,동구,201401,0
부산,동구,201402,0
부산,동구,201403,0
부산,동구,201404,0
부산,동구,201405,0
부산,동구,201406,0
부산,동구,201407,0
부산,동구,201408,0
부산,동구,201409,0
부산,동구,201410,0
부산,동구,201411,0
부산,동구,201412,0
부산,동구,201501,0
부산,동구,201502,0
부산,동구,201503,0
부산,동구,201504,0
부산,동구,201505,0
부산,동구,201506,0
부산,동구,201507,0
부산,동구,201508,0
부산,동구,201509,0
부산,동구,201510,0
부산,동구,201511,0
부산,동구,201512,132
부산,동구,201601,119
부산,동구,201602,104
부산,동구,201603,313
부산,동구,201604,273
부산,동구,201605,253
부산,동구,201606,358
부산,동구,201607,324
부산,동구,201608,300
부산,동구,201609,271
부산,동구,201610,220
부산,동구,201611,210
부산,동구,201612,209
부산,동구,201701,187
부산,동구,201702,155
부산,동구,201703,124
부산,동구,201704,111
부산,동구,201705,103
부산,동구,201706,89
부산,동구,201707,87
부산,동구,201708,86
부산,동구,201709,86
부산,동구,201710,85
부산,동구,201711,84
부산,동구,201712,108
부산,동구,201801,110
부산,동구,201802,103
부산,동구,201803,103
부산,동구,201804,96
부산,동구,201805,92
부산,동구,201806,92
부산,동구,201807,91
부산,동구,201808,91
부산,동구,201809,89
부산,동구,201810,89
부산,동구,201811,405
부산,동구,201812,468
부산,동구,201901,387
부산,동구,201902,353
부산,동구,201903,341
부산,동구,201904,421
부산,동구,201905,377
부산,동구,201906,327
부산,동구,201907,312
부산,동구,201908,300
부산,동구,201909,300
부산,동구,201910,287
부산,동구,201911,258
부산,동구,201912,237
부산,동구,202001,225
부산,동구,202002,208
부산,동구,202003,194
부산,동구,202004,185
부산,동구,202005,169
부산,동구,202006,137
부산,동구,202007,116
부산,동구,202008,105
부산,동구,202009,98
부산,동구,202010,87
부산,동구,202011,72
부산,동구,202012,64
부산,동구,202101,60
부산,동구,202102,57
부산,동구,202103,152
부산,동구,202104,147
부산,동구,202105,143
부산,동구,202106,141
부산,동구,202107,137
부산,동구,202108,133
부산,동구,202109,131
부산,동구,202110,129
부산,동구,202111,128
부산,동구,202112,122
부산,동구,202201,122
부산,동구,202202,237
부산,동구,202203,236
부산,동구,202204,235
부산,동구,202205,233
부산,동구,202206,232
부산,동구,202207,231
부산,동구,202208,440
부산,동구,202209,438
부산,동구,202210,437
부산,동구,202211,436
부산,동구,202212,435
부산,동구,202301,442
부산,동구,202302,437
부산,동구,202303,441
부산,동구,202304,436
부산,동구,202305,427
부산,동구,202306,417
부산,동구,202307,417
부산,동구,202308,415
부산,동구,202309,414
부산,동구,202310,414
부산,동구,202311,413
부산,동구,202312,412
부산,동구,202401,412
부산,동구,202402,412
부산,동구,202403,412
부산,동구,202404,411
부산,동구,202405,411
부산,동구,202406,411
부산,동구,202407,1308
부산,동구,202408,1236
부산,동구,202409,1122
부산,동구,202410,938
부산,동구,202411,751
부산,동구,202412,678
부산,동구,202501,557
부산,동구,202502,508
부산,동구,202503,479
부산,동구,202504,460
부산,동구,202505,446
부산,동구,202506,267
부산,동구,202507,210
부산,동구,202508,419
부산,동구,202509,413
부산,동구,202510,669
부산,동구,202511,653
부산,동구,202512,642
부산,동구,202601,583
부산,동구,202602,581
부산,동구,202603,569
부산,동구,202604,564
부산,동구,202605,557
부산,동구,202606,553
부산,동구,202607,545
부산,동구,202608,544
부산,영도구,200701,190
부산,영도구,200702,181
부산,영도구,200703,167
부산,영도구,200704,156
부산,영도구,200705,150
부산,영도구,200706,130
부산,영도구,200707,127
부산,영도구,200708,127
부산,영도구,200709,127
부산,영도구,200710,125
부산,영도구,200711,125
부산,영도구,200712,125
부산,영도구,200801,125
부산,영도구,200802,122
부산,영도구,200803,122
부산,영도구,200804,122
부산,영도구,200805,122
부산,영도구,200806,207
부산,영도구,200807,207
부산,영도구,200808,107
부산,영도구,200809,97
부산,영도구,200810,92
부산,영도구,200811,125
부산,영도구,200812,149
부산,영도구,200901,149
부산,영도구,200902,149
부산,영도구,200903,149
부산,영도구,200904,149
부산,영도구,200905,149
부산,영도구,200906,149
부산,영도구,200907,149
부산,영도구,200908,149
부산,영도구,200909,149
부산,영도구,200910,156
부산,영도구,200911,149
부산,영도구,200912,149
부산,영도구,201001,2
부산,영도구,201002,2
부산,영도구,201003,1
부산,영도구,201004,1
부산,영도구,201005,1
부산,영도구,201006,1
부산,영도구,201007,0
부산,영도구,201008,0
부산,영도구,201009,0
부산,영도구,201010,0
부산,영도구,201011,0
부산,영도구,201012,0
부산,영도구,201101,0
부산,영도구,201102,0
부산,영도구,201103,0
부산,영도구,201104,0
부산,영도구,201105,0
부산,영도구,201106,0
부산,영도구,201107,0
부산,영도구,201108,0
부산,영도구,201109,0
부산,영도구,201110,0
부산,영도구,201111,0
부산,영도구,201112,0
부산,영도구,201201,0
부산,영도구,201202,0
부산,영도구,201203,0
부산,영도구,201204,0
부산,영도구,201205,0
부산,영도구,201206,0
부산,영도구,201207,0
부산,영도구,201208,0
부산,영도구,201209,0
부산,영도구,201210,0
부산,영도구,201211,70
부산,영도구,201212,67
부산,영도구,201301,158
부산,영도구,201302,142
부산,영도구,201303,133
부산,영도구,201304,133
부산,영도구,201305,133
부산,영도구,201306,101
부산,영도구,201307,101
부산,영도구,201308,95
부산,영도구,201309,95
부산,영도구,201310,91
부산,영도구,201311,117
부산,영도구,201312,114
부산,영도구,201401,112
부산,영도구,201402,104
부산,영도구,201403,78
부산,영도구,201404,62
부산,영도구,201405,51
부산,영도구,201406,43
부산,영도구,201407,43
부산,영도구,201408,36
부산,영도구,201409,32
부산,영도구,201410,28
부산,영도구,201411,25
부산,영도구,201412,23
부산,영도구,201501,19
부산,영도구,201502,19
부산,영도구,201503,19
부산,영도구,201504,19
부산,영도구,201505,18
부산,영도구,201506,82
부산,영도구,201507,83
부산,영도구,201508,62
부산,영도구,201509,61
부산,영도구,201510,56
부산,영도구,201511,56
부산,영도구,201512,55
부산,영도구,201601,156
부산,영도구,201602,147
부산,영도구,201603,114
부산,영도구,201604,84
부산,영도구,201605,57
부산,영도구,201606,54
부산,영도구,201607,54
부산,영도구,201608,54
부산,영도구,201609,54
부산,영도구,201610,53
부산,영도구,201611,53
부산,영도구,201612,53
부산,영도구,201701,53
부산,영도구,201702,0
부산,영도구,201703,0
부산,영도구,201704,0
부산,영도구,201705,0
부산,영도구,201706,0
부산,영도구,201707,0
부산,영도구,201708,0
부산,영도구,201709,0
부산,영도구,201710,0
부산,영도구,201711,0
부산,영도구,201712,0
부산,영도구,201801,0
부산,영도구,201802,0
부산,영도구,201804,0
부산,영도구,201807,0
부산,영도구,201808,0
부산,영도구,201811,28
부산,영도구,201812,199
부산,영도구,201901,665
부산,영도구,201902,594
부산,영도구,201903,649
부산,영도구,201904,626
부산,영도구,201905,601
부산,영도구,201906,588
부산,영도구,201907,565
부산,영도구,201908,540
부산,영도구,201909,529
부산,영도구,201910,521
부산,영도구,201911,168
부산,영도구,201912,110
부산,영도구,202001,109
부산,영도구,202002,105
부산,영도구,202003,104
부산,영도구,202004,103
부산,영도구,202005,359
부산,영도구,202006,181
부산,영도구,202007,156
부산,영도구,202008,139
부산,영도구,202009,130
부산,영도구,202010,112
부산,영도구,202011,62
부산,영도구,202012,52
부산,영도구,202101,46
부산,영도구,202102,39
부산,영도구,202103,37
부산,영도구,202104,31
부산,영도구,202105,27
부산,영도구,202106,27
부산,영도구,202107,27
부산,영도구,202108,27
부산,영도구,202109,27
부산,영도구,202110,27
부산,영도구,202111,27
부산,영도구,202112,27
부산,영도구,202201,27
부산,영도구,202202,27
부산,영도구,202203,27
부산,영도구,202204,27
부산,영도구,202205,27
부산,영도구,202206,27
부산,영도구,202207,27
부산,영도구,202208,27
부산,영도구,202209,27
부산,영도구,202210,27
부산,영도구,202211,27
부산,영도구,202212,26
부산,영도구,202301,26
부산,영도구,202302,26
부산,영도구,202303,26
부산,영도구,202304,26
부산,영도구,202305,25
부산,영도구,202306,25
부산,영도구,202307,25
부산,영도구,202308,25
부산,영도구,202309,25
부산,영도구,202310,23
부산,영도구,202311,23
부산,영도구,202312,22
부산,영도구,202401,22
부산,영도구,202402,22
부산,영도구,202403,22
부산,영도구,202404,22
부산,영도구,202405,22
부산,영도구,202406,22
부산,영도구,202407,22
부산,영도구,202408,22
부산,영도구,202409,22
부산,영도구,202410,22
부산,영도구,202411,22
부산,영도구,202412,22
부산,영도구,202501,22
부산,영도구,202502,22
부산,영도구,202503,22
부산,영도구,202504,22
부산,영도구,202505,22
부산,영도구,202506,22
부산,영도구,202507,22
부산,영도구,202508,21
부산,영도구,202509,21
부산,영도구,202510,21
부산,영도구,202511,21
부산,영도구,202512,21
부산,영도구,202601,21
부산,영도구,202602,21
부산,영도구,202603,19
부산,영도구,202604,19
부산,영도구,202605,19
부산,영도구,202606,19
부산,영도구,202607,19
부산,영도구,202608,19
부산,기장군,200701,2391
부산,기장군,200702,2340
부산,기장군,200703,2262
부산,기장군,200704,2214
부산,기장군,200705,2163
부산,기장군,200706,2106
부산,기장군,200707,2041
부산,기장군,200708,1998
부산,기장군,200709,2998
부산,기장군,200710,2826
부산,기장군,200711,2514
부산,기장군,200712,2462
부산,기장군,200801,2427
부산,기장군,200802,2389
부산,기장군,200803,2330
부산,기장군,200804,2293
부산,기장군,200805,2248
부산,기장군,200806,1110
부산,기장군,200807,1869
부산,기장군,200808,1869
부산,기장군,200809,1834
부산,기장군,200810,1770
부산,기장군,200811,2228
부산,기장군,200812,2197
부산,기장군,200901,2205
부산,기장군,200902,2202
부산,기장군,200903,2193
부산,기장군,200904,2175
부산,기장군,200905,2099
부산,기장군,200906,1993
부산,기장군,200907,1974
부산,기장군,200908,1922
부산,기장군,200909,1801
부산,기장군,200910,1691
부산,기장군,200911,1550
부산,기장군,200912,1417
부산,기장군,201001,1347
부산,기장군,201002,1210
부산,기장군,201003,1158
부산,기장군,201004,1124
부산,기장군,201005,1084
부산,기장군,201006,970
부산,기장군,201007,1243
부산,기장군,201008,1153
부산,기장군,201009,1101
부산,기장군,201010,2341
부산,기장군,201011,1104
부산,기장군,201012,869
부산,기장군,201101,721
부산,기장군,201102,666
부산,기장군,201103,658
부산,기장군,201104,116
부산,기장군,201105,575
부산,기장군,201106,393
부산,기장군,201107,757
부산,기장군,201108,680
부산,기장군,201109,620
부산,기장군,201110,589
부산,기장군,201111,562
부산,기장군,201112,1966
부산,기장군,201201,1828
부산,기장군,201202,1750
부산,기장군,201203,1691
부산,기장군,201204,1671
부산,기장군,201205,1779
부산,기장군,201206,1743
부산,기장군,201207,1664
부산,기장군,201208,1652
부산,기장군,201209,1632
부산,기장군,201210,1662
부산,기장군,201211,1717
부산,기장군,201212,1702
부산,기장군,201301,1695
부산,기장군,201302,1694
부산,기장군,201303,1533
부산,기장군,201304,1481
부산,기장군,201305,1455
부산,기장군,201306,1435
부산,기장군,201307,1422
부산,기장군,201308,1976
부산,기장군,201309,1910
부산,기장군,201310,1764
부산,기장군,201311,1732
부산,기장군,201312,1229
부산,기장군,201401,1145
부산,기장군,201402,1003
부산,기장군,201403,1055
부산,기장군,201404,876
부산,기장군,201405,707
부산,기장군,201406,632
부산,기장군,201407,541
부산,기장군,201408,437
부산,기장군,201409,320
부산,기장군,201410,272
부산,기장군,201411,238
부산,기장군,201412,166
부산,기장군,201501,99
부산,기장군,201502,91
부산,기장군,201503,85
부산,기장군,201504,80
부산,기장군,201505,73
부산,기장군,201506,73
부산,기장군,201507,64
부산,기장군,201508,59
부산,기장군,201509,6
부산,기장군,201510,5
부산,기장군,201511,4
부산,기장군,201512,4
부산,기장군,201601,4
부산,기장군,201602,151
부산,기장군,201603,88
부산,기장군,201604,83
부산,기장군,201605,74
부산,기장군,201606,65
부산,기장군,201607,51
부산,기장군,201608,34
부산,기장군,201609,26
부산,기장군,201610,53
부산,기장군,201611,64
부산,기장군,201612,60
부산,기장군,201701,53
부산,기장군,201702,50
부산,기장군,201703,50
부산,기장군,201704,45
부산,기장군,201705,45
부산,기장군,201706,45
부산,기장군,201707,45
부산,기장군,201708,39
부산,기장군,201709,72
부산,기장군,201710,406
부산,기장군,201711,442
부산,기장군,201712,326
부산,기장군,201801,757
부산,기장군,201802,544
부산,기장군,201803,429
부산,기장군,201804,349
부산,기장군,201805,321
부산,기장군,201806,302
부산,기장군,201807,1466
부산,기장군,201808,1383
부산,기장군,201809,1339
부산,기장군,201810,1296
부산,기장군,201811,1243
부산,기장군,201812,1184
부산,기장군,201901,1099
부산,기장군,201902,1046
부산,기장군,201903,1016
부산,기장군,201904,951
부산,기장군,201905,883
부산,기장군,201906,816
부산,기장군,201907,757
부산,기장군,201908,716
부산,기장군,201909,657
부산,기장군,201910,586
부산,기장군,201911,313
부산,기장군,201912,132
부산,기장군,202001,238
부산,기장군,202002,214
부산,기장군,202003,195
부산,기장군,202004,175
부산,기장군,202005,166
부산,기장군,202006,136
부산,기장군,202007,118
부산,기장군,202008,97
부산,기장군,202009,79
부산,기장군,202010,46
부산,기장군,202011,36
부산,기장군,202012,36
부산,기장군,202101,36
부산,기장군,202102,34
부산,기장군,202103,33
부산,기장군,202104,32
부산,기장군,202105,31
부산,기장군,202106,30
부산,기장군,202107,30
부산,기장군,202108,30
부산,기장군,202109,30
부산,기장군,202110,25
부산,기장군,202111,25
부산,기장군,202112,25
부산,기장군,202201,30
부산,기장군,202202,30
부산,기장군,202203,29
부산,기장군,202204,28
부산,기장군,202205,25
부산,기장군,202206,25
부산,기장군,202207,25
부산,기장군,202208,25
부산,기장군,202209,25
부산,기장군,202210,28
부산,기장군,202211,28
부산,기장군,202212,27
부산,기장군,202301,27
부산,기장군,202302,27
부산,기장군,202303,24
부산,기장군,202304,22
부산,기장군,202305,21
부산,기장군,202306,19
부산,기장군,202307,19
부산,기장군,202308,19
부산,기장군,202309,19
부산,기장군,202310,19
부산,기장군,202311,18
부산,기장군,202312,18
부산,기장군,202401,18
부산,기장군,202402,18
부산,기장군,202403,18
부산,기장군,202404,18
부산,기장군,202405,814
부산,기장군,202406,826
부산,기장군,202407,384
부산,기장군,202408,225
부산,기장군,202409,134
부산,기장군,202410,106
부산,기장군,202411,104
부산,기장군,202412,104
부산,기장군,202501,102
부산,기장군,202502,101
부산,기장군,202503,104
부산,기장군,202504,107
부산,기장군,202505,480
부산,기장군,202506,348
부산,기장군,202507,272
부산,기장군,202508,221
부산,기장군,202509,210
부산,기장군,202510,203
부산,기장군,202511,151
부산,기장군,202512,136
부산,기장군,202601,127
부산,기장군,202602,121
부산,기장군,202603,114
부산,기장군,202604,105
부산,기장군,202605,233
부산,기장군,202606,221
부산,기장군,202607,211
부산,기장군,202608,205
부산,남구,200701,481
부산,남구,200702,480
부산,남구,200703,485
부산,남구,200704,486
부산,남구,200705,485
부산,남구,200706,485
부산,남구,200707,485
부산,남구,200708,485
부산,남구,200709,487
부산,남구,200710,487
부산,남구,200711,579
부산,남구,200712,522
부산,남구,200801,682
부산,남구,200802,767
부산,남구,200803,767
부산,남구,200804,767
부산,남구,200805,328
부산,남구,200806,520
부산,남구,200807,581
부산,남구,200808,573
부산,남구,200809,566
부산,남구,200810,575
부산,남구,200811,570
부산,남구,200812,1056
부산,남구,200901,1058
부산,남구,200902,1063
부산,남구,200903,1032
부산,남구,200904,1232
부산,남구,200905,1186
부산,남구,200906,1143
부산,남구,200907,1058
부산,남구,200908,1028
부산,남구,200909,988
부산,남구,200910,1062
부산,남구,200911,929
부산,남구,200912,798
부산,남구,201001,335
부산,남구,201002,319
부산,남구,201003,318
부산,남구,201004,318
부산,남구,201005,318
부산,남구,201006,313
부산,남구,201007,313
부산,남구,201008,26
부산,남구,201009,1
부산,남구,201010,0
부산,남구,201011,0
부산,남구,201012,0
부산,남구,201101,0
부산,남구,201102,0
부산,남구,201103,0
부산,남구,201104,0
부산,남구,201105,0
부산,남구,201106,0
부산,남구,201107,0
부산,남구,201108,0
부산,남구,201109,0
부산,남구,201110,0
부산,남구,201111,0
부산,남구,201112,0
부산,남구,201201,0
부산,남구,201202,0
부산,남구,201203,0
부산,남구,201204,0
부산,남구,201205,0
부산,남구,201206,0
부산,남구,201207,0
부산,남구,201208,0
부산,남구,201209,0
부산,남구,201210,0
부산,남구,201211,0
부산,남구,201212,0
부산,남구,201301,0
부산,남구,201302,0
부산,남구,201303,0
부산,남구,201304,0
부산,남구,201305,0
부산,남구,201306,0
부산,남구,201307,0
부산,남구,201308,0
부산,남구,201309,0
부산,남구,201310,0
부산,남구,201311,0
부산,남구,201312,0
부산,남구,201401,0
부산,남구,201402,0
부산,남구,201403,0
부산,남구,201404,0
부산,남구,201405,0
부산,남구,201406,0
부산,남구,201407,0
부산,남구,201408,360
부산,남구,201409,360
부산,남구,201410,227
부산,남구,201411,175
부산,남구,201412,126
부산,남구,201501,74
부산,남구,201502,24
부산,남구,201503,12
부산,남구,201504,12
부산,남구,201505,12
부산,남구,201506,12
부산,남구,201507,10
부산,남구,201508,10
부산,남구,201509,10
부산,남구,201510,9
부산,남구,201511,9
부산,남구,201512,9
부산,남구,201601,9
부산,남구,201602,9
부산,남구,201603,9
부산,남구,201604,9
부산,남구,201605,9
부산,남구,201606,9
부산,남구,201607,55
부산,남구,201608,52
부산,남구,201609,39
부산,남구,201610,34
부산,남구,201611,30
부산,남구,201612,24
부산,남구,201701,24
부산,남구,201702,26
부산,남구,201703,17
부산,남구,201704,16
부산,남구,201705,16
부산,남구,201706,15
부산,남구,201707,15
부산,남구,201708,15
부산,남구,201709,15
부산,남구,201710,15
부산,남구,201711,14
부산,남구,201712,14
부산,남구,201801,14
부산,남구,201802,14
부산,남구,201803,14
부산,남구,201804,14
부산,남구,201805,14
부산,남구,201806,14
부산,남구,201807,14
부산,남구,201808,14
부산,남구,201809,14
부산,남구,201810,40
부산,남구,201811,60
부산,남구,201812,60
부산,남구,201901,72
부산,남구,201902,68
부산,남구,201903,68
부산,남구,201904,64
부산,남구,201905,64
부산,남구,201906,63
부산,남구,201907,63
부산,남구,201908,60
부산,남구,201909,58
부산,남구,201910,56
부산,남구,201911,51
부산,남구,201912,51
부산,남구,202001,51
부산,남구,202002,51
부산,남구,202003,51
부산,남구,202004,59
부산,남구,202005,59
부산,남구,202006,59
부산,남구,202007,59
부산,남구,202008,59
부산,남구,202009,53
부산,남구,202010,53
부산,남구,202011,51
부산,남구,202012,51
부산,남구,202101,49
부산,남구,202102,49
부산,남구,202103,49
부산,남구,202104,49
부산,남구,202105,49
부산,남구,202106,49
부산,남구,202107,49
부산,남구,202108,49
부산,남구,202109,15
부산,남구,202110,33
부산,남구,202111,33
부산,남구,202112,33
부산,남구,202201,32
부산,남구,202202,32
부산,남구,202203,33
부산,남구,202204,33
부산,남구,202205,33
부산,남구,202206,31
부산,남구,202207,31
부산,남구,202208,31
부산,남구,202209,30
부산,남구,202210,29
부산,남구,202211,28
부산,남구,202212,26
부산,남구,202301,26
부산,남구,202302,25
부산,남구,202303,24
부산,남구,202304,24
부산,남구,202305,24
부산,남구,202306,24
부산,남구,202307,24
부산,남구,202308,24
부산,남구,202309,37
부산,남구,202310,36
부산,남구,202311,63
부산,남구,202312,63
부산,남구,202401,63
부산,남구,202402,60
부산,남구,202403,57
부산,남구,202404,1254
부산,남구,202405,1241
부산,남구,202406,1119
부산,남구,202407,1027
부산,남구,202408,913
부산,남구,202409,661
부산,남구,202410,454
부산,남구,202411,409
부산,남구,202412,442
부산,남구,202501,415
부산,남구,202502,372
부산,남구,202503,335
부산,남구,202504,303
부산,남구,202505,292
부산,남구,202506,232
부산,남구,202507,146
부산,남구,202508,83
부산,남구,202509,82
부산,남구,202510,78
부산,남구,202511,74
부산,남구,202512,73
부산,남구,202601,71
부산,남구,202602,69
부산,남구,202603,68
부산,남구,202604,165
부산,남구,202605,129
부산,남구,202606,116
부산,남구,202607,106
부산,남구,202608,123
부산,부산진구,200701,539
부산,부산진구,200702,551
부산,부산진구,200703,496
부산,부산진구,200704,450
부산,부산진구,200705,382
부산,부산진구,200706,366
부산,부산진구,200707,1396
부산,부산진구,200708,1556
부산,부산진구,200709,1494
부산,부산진구,200710,1504
부산,부산진구,200711,1518
부산,부산진구,200712,1617
부산,부산진구,200801,1010
부산,부산진구,200802,1557
부산,부산진구,200803,1516
부산,부산진구,200804,1502
부산,부산진구,200805,1488
부산,부산진구,200806,1539
부산,부산진구,200807,1287
부산,부산진구,200808,1313
부산,부산진구,200809,1303
부산,부산진구,200810,1286
부산,부산진구,200811,1329
부산,부산진구,200812,95
부산,부산진구,200901,76
부산,부산진구,200902,73
부산,부산진구,200903,68
부산,부산진구,200904,55
부산,부산진구,200905,44
부산,부산진구,200906,32
부산,부산진구,200907,29
부산,부산진구,200908,25
부산,부산진구,200909,22
부산,부산진구,200910,149
부산,부산진구,200911,2
부산,부산진구,200912,2
부산,부산진구,201001,841
부산,부산진구,201002,776
부산,부산진구,201003,731
부산,부산진구,201004,713
부산,부산진구,201005,688
부산,부산진구,201006,669
부산,부산진구,201007,655
부산,부산진구,201008,668
부산,부산진구,201009,493
부산,부산진구,201010,399
부산,부산진구,201011,255
부산,부산진구,201012,137
부산,부산진구,201101,103
부산,부산진구,201102,67
부산,부산진구,201103,60
부산,부산진구,201104,51
부산,부산진구,201105,47
부산,부산진구,201106,45
부산,부산진구,201107,158
부산,부산진구,201108,110
부산,부산진구,201109,78
부산,부산진구,201110,263
부산,부산진구,201111,183
부산,부산진구,201112,154
부산,부산진구,201201,121
부산,부산진구,201202,105
부산,부산진구,201203,69
부산,부산진구,201204,63
부산,부산진구,201205,63
부산,부산진구,201206,278
부산,부산진구,201207,309
부산,부산진구,201208,293
부산,부산진구,201209,294
부산,부산진구,201210,285
부산,부산진구,201211,277
부산,부산진구,201212,283
부산,부산진구,201301,293
부산,부산진구,201302,283
부산,부산진구,201303,274
부산,부산진구,201304,267
부산,부산진구,201305,241
부산,부산진구,201306,226
부산,부산진구,201307,213
부산,부산진구,201308,195
부산,부산진구,201309,167
부산,부산진구,201310,138
부산,부산진구,201311,110
부산,부산진구,201312,98
부산,부산진구,201401,91
부산,부산진구,201402,86
부산,부산진구,201403,77
부산,부산진구,201404,157
부산,부산진구,201405,115
부산,부산진구,201406,94
부산,부산진구,201407,64
부산,부산진구,201408,49
부산,부산진구,201409,47
부산,부산진구,201410,42
부산,부산진구,201411,39
부산,부산진구,201412,39
부산,부산진구,201501,39
부산,부산진구,201502,39
부산,부산진구,201503,39
부산,부산진구,201504,39
부산,부산진구,201505,39
부산,부산진구,201506,13
부산,부산진구,201507,474
부산,부산진구,201508,108
부산,부산진구,201509,57
부산,부산진구,201510,28
부산,부산진구,201511,26
부산,부산진구,201512,26
부산,부산진구,201601,26
부산,부산진구,201602,22
부산,부산진구,201603,22
부산,부산진구,201604,22
부산,부산진구,201605,19
부산,부산진구,201606,19
부산,부산진구,201607,18
부산,부산진구,201608,58
부산,부산진구,201609,58
부산,부산진구,201610,32
부산,부산진구,201611,10
부산,부산진구,201612,7
부산,부산진구,201701,7
부산,부산진구,201702,7
부산,부산진구,201703,7
부산,부산진구,201704,7
부산,부산진구,201705,7
부산,부산진구,201706,7
부산,부산진구,201707,31
부산,부산진구,201708,28
부산,부산진구,201709,28
부산,부산진구,201710,373
부산,부산진구,201711,372
부산,부산진구,201712,532
부산,부산진구,201801,528
부산,부산진구,201802,522
부산,부산진구,201803,511
부산,부산진구,201804,492
부산,부산진구,201805,491
부산,부산진구,201806,446
부산,부산진구,201807,429
부산,부산진구,201808,426
부산,부산진구,201809,423
부산,부산진구,201810,364
부산,부산진구,201811,359
부산,부산진구,201812,361
부산,부산진구,201901,1140
부산,부산진구,201902,1113
부산,부산진구,201903,1127
부산,부산진구,201904,1087
부산,부산진구,201905,1124
부산,부산진구,201906,1097
부산,부산진구,201907,1302
부산,부산진구,201908,1226
부산,부산진구,201909,1178
부산,부산진구,201910,1232
부산,부산진구,201911,696
부산,부산진구,201912,590
부산,부산진구,202001,655
부산,부산진구,202002,604
부산,부산진구,202003,578
부산,부산진구,202004,536
부산,부산진구,202005,486
부산,부산진구,202006,237
부산,부산진구,202007,177
부산,부산진구,202008,167
부산,부산진구,202009,156
부산,부산진구,202010,128
부산,부산진구,202011,94
부산,부산진구,202012,74
부산,부산진구,202101,67
부산,부산진구,202102,60
부산,부산진구,202103,48
부산,부산진구,202104,44
부산,부산진구,202105,43
부산,부산진구,202106,35
부산,부산진구,202107,35
부산,부산진구,202108,35
부산,부산진구,202109,35
부산,부산진구,202110,115
부산,부산진구,202111,110
부산,부산진구,202112,106
부산,부산진구,202201,104
부산,부산진구,202202,102
부산,부산진구,202203,102
부산,부산진구,202204,101
부산,부산진구,202205,101
부산,부산진구,202206,100
부산,부산진구,202207,171
부산,부산진구,202208,165
부산,부산진구,202209,165
부산,부산진구,202210,795
부산,부산진구,202211,789
부산,부산진구,202212,862
부산,부산진구,202301,861
부산,부산진구,202302,854
부산,부산진구,202303,847
부산,부산진구,202304,843
부산,부산진구,202305,840
부산,부산진구,202306,788
부산,부산진구,202307,554
부산,부산진구,202308,385
부산,부산진구,202309,381
부산,부산진구,202310,362
부산,부산진구,202311,349
부산,부산진구,202312,344
부산,부산진구,202401,407
부산,부산진구,202402,394
부산,부산진구,202403,607
부산,부산진구,202404,565
부산,부산진구,202405,531
부산,부산진구,202406,443
부산,부산진구,202407,496
부산,부산진구,202408,402
부산,부산진구,202409,383
부산,부산진구,202410,386
부산,부산진구,202411,409
부산,부산진구,202412,408
부산,부산진구,202501,406
부산,부산진구,202502,405
부산,부산진구,202503,402
부산,부산진구,202504,410
부산,부산진구,202505,474
부산,부산진구,202506,477
부산,부산진구,202507,875
부산,부산진구,202508,1564
부산,부산진구,202509,2209
부산,부산진구,202510,2703
부산,부산진구,202511,2053
부산,부산진구,202512,1781
부산,부산진구,202601,1747
부산,부산진구,202602,1540
부산,부산진구,202603,1452
부산,부산진구,202604,1369
부산,부산진구,202605,1375
부산,부산진구,202606,1327
부산,부산진구,202607,1284
부산,부산진구,202608,1231
부산,동래구,200701,409
부산,동래구,200702,266
부산,동래구,200703,373
부산,동래구,200704,360
부산,동래구,200705,422
부산,동래구,200706,1407
부산,동래구,200707,714
부산,동래구,200708,771
부산,동래구,200709,751
부산,동래구,200710,699
부산,동래구,200711,689
부산,동래구,200712,686
부산,동래구,200801,677
부산,동래구,200802,669
부산,동래구,200803,663
부산,동래구,200804,655
부산,동래구,200805,647
부산,동래구,200806,687
부산,동래구,200807,937
부산,동래구,200808,879
부산,동래구,200809,792
부산,동래구,200810,807
부산,동래구,200811,1064
부산,동래구,200812,1322
부산,동래구,200901,1303
부산,동래구,200902,1294
부산,동래구,200903,1288
부산,동래구,200904,1702
부산,동래구,200905,1683
부산,동래구,200906,1646
부산,동래구,200907,1610
부산,동래구,200908,1545
부산,동래구,200909,1330
부산,동래구,200910,11
부산,동래구,200911,1039
부산,동래구,200912,954
부산,동래구,201001,767
부산,동래구,201002,740
부산,동래구,201003,845
부산,동래구,201004,805
부산,동래구,201005,744
부산,동래구,201006,697
부산,동래구,201007,673
부산,동래구,201008,657
부산,동래구,201009,629
부산,동래구,201010,578
부산,동래구,201011,456
부산,동래구,201012,422
부산,동래구,201101,363
부산,동래구,201102,325
부산,동래구,201103,274
부산,동래구,201104,230
부산,동래구,201105,188
부산,동래구,201106,170
부산,동래구,201107,158
부산,동래구,201108,153
부산,동래구,201109,152
부산,동래구,201110,148
부산,동래구,201111,146
부산,동래구,201112,145
부산,동래구,201201,136
부산,동래구,201202,128
부산,동래구,201203,114
부산,동래구,201204,105
부산,동래구,201205,101
부산,동래구,201206,100
부산,동래구,201207,100
부산,동래구,201208,99
부산,동래구,201209,96
부산,동래구,201210,65
부산,동래구,201211,46
부산,동래구,201212,41
부산,동래구,201301,38
부산,동래구,201302,38
부산,동래구,201303,38
부산,동래구,201304,38
부산,동래구,201305,24
부산,동래구,201306,19
부산,동래구,201307,11
부산,동래구,201308,6
부산,동래구,201309,555
부산,동래구,201310,465
부산,동래구,201311,392
부산,동래구,201312,317
부산,동래구,201401,281
부산,동래구,201402,190
부산,동래구,201403,120
부산,동래구,201404,80
부산,동래구,201405,47
부산,동래구,201406,18
부산,동래구,201407,4
부산,동래구,201408,4
부산,동래구,201409,4
부산,동래구,201410,4
부산,동래구,201411,4
부산,동래구,201412,4
부산,동래구,201501,4
부산,동래구,201502,4
부산,동래구,201503,3
부산,동래구,201504,3
부산,동래구,201505,3
부산,동래구,201506,3
부산,동래구,201507,0
부산,동래구,201508,0
부산,동래구,201509,235
부산,동래구,201510,159
부산,동래구,201511,130
부산,동래구,201512,121
부산,동래구,201601,121
부산,동래구,201602,121
부산,동래구,201603,121
부산,동래구,201604,121
부산,동래구,201605,121
부산,동래구,201606,121
부산,동래구,201607,62
부산,동래구,201608,68
부산,동래구,201609,68
부산,동래구,201610,68
부산,동래구,201611,68
부산,동래구,201612,166
부산,동래구,201701,141
부산,동래구,201702,149
부산,동래구,201703,132
부산,동래구,201704,117
부산,동래구,201705,96
부산,동래구,201706,66
부산,동래구,201707,66
부산,동래구,201708,22
부산,동래구,201709,14
부산,동래구,201710,13
부산,동래구,201711,10
부산,동래구,201712,31
부산,동래구,201801,21
부산,동래구,201802,25
부산,동래구,201803,25
부산,동래구,201804,25
부산,동래구,201805,25
부산,동래구,201806,26
부산,동래구,201807,21
부산,동래구,201808,21
부산,동래구,201809,85
부산,동래구,201810,286
부산,동래구,201811,237
부산,동래구,201812,212
부산,동래구,201901,202
부산,동래구,201902,142
부산,동래구,201903,127
부산,동래구,201904,122
부산,동래구,201905,106
부산,동래구,201906,89
부산,동래구,201907,77
부산,동래구,201908,72
부산,동래구,201909,118
부산,동래구,201910,38
부산,동래구,201911,20
부산,동래구,201912,4
부산,동래구,202001,4
부산,동래구,202002,16
부산,동래구,202003,16
부산,동래구,202004,16
부산,동래구,202005,16
부산,동래구,202006,56
부산,동래구,202007,56
부산,동래구,202008,50
부산,동래구,202009,39
부산,동래구,202010,34
부산,동래구,202011,32
부산,동래구,202012,28
부산,동래구,202101,27
부산,동래구,202102,26
부산,동래구,202103,26
부산,동래구,202104,26
부산,동래구,202105,26
부산,동래구,202106,26
부산,동래구,202107,26
부산,동래구,202108,29
부산,동래구,202109,45
부산,동래구,202110,24
부산,동래구,202111,72
부산,동래구,202112,68
부산,동래구,202201,67
부산,동래구,202202,65
부산,동래구,202203,58
부산,동래구,202204,55
부산,동래구,202205,15
부산,동래구,202206,14
부산,동래구,202207,7
부산,동래구,202208,7
부산,동래구,202209,7
부산,동래구,202210,7
부산,동래구,202211,7
부산,동래구,202212,7
부산,동래구,202301,7
부산,동래구,202302,7
부산,동래구,202303,7
부산,동래구,202304,7
부산,동래구,202305,7
부산,동래구,202306,7
부산,동래구,202307,7
부산,동래구,202308,7
부산,동래구,202309,7
부산,동래구,202310,109
부산,동래구,202311,109
부산,동래구,202312,109
부산,동래구,202401,160
부산,동래구,202402,175
부산,동래구,202403,155
부산,동래구,202404,132
부산,동래구,202405,244
부산,동래구,202406,234
부산,동래구,202407,568
부산,동래구,202408,426
부산,동래구,202409,327
부산,동래구,202410,292
부산,동래구,202411,280
부산,동래구,202412,267
부산,동래구,202501,120
부산,동래구,202502,102
부산,동래구,202503,100
부산,동래구,202504,490
부산,동래구,202505,488
부산,동래구,202506,485
부산,동래구,202507,543
부산,동래구,202508,533
부산,동래구,202509,476
부산,동래구,202510,463
부산,동래구,202511,393
부산,동래구,202512,740
부산,동래구,202601,1123
부산,동래구,202602,1088
부산,동래구,202603,929
부산,동래구,202604,759
부산,동래구,202605,693
부산,동래구,202606,701
부산,동래구,202607,708
부산,동래구,202608,636
부산,북구,200701,504
부산,북구,200702,504
부산,북구,200703,504
부산,북구,200704,535
부산,북구,200705,535
부산,북구,200706,636
부산,북구,200707,411
부산,북구,200708,411
부산,북구,200709,396
부산,북구,200710,346
부산,북구,200711,308
부산,북구,200712,304
부산,북구,200801,283
부산,북구,200802,270
부산,북구,200803,241
부산,북구,200804,216
부산,북구,200805,199
부산,북구,200806,181
부산,북구,200807,160
부산,북구,200808,122
부산,북구,200809,106
부산,북구,200810,96
부산,북구,200811,96
부산,북구,200812,558
부산,북구,200901,552
부산,북구,200902,544
부산,북구,200903,528
부산,북구,200904,512
부산,북구,200905,454
부산,북구,200906,420
부산,북구,200907,389
부산,북구,200908,360
부산,북구,200909,349
부산,북구,200910,959
부산,북구,200911,340
부산,북구,200912,339
부산,북구,201001,256
부산,북구,201002,255
부산,북구,201003,255
부산,북구,201004,250
부산,북구,201005,247
부산,북구,201006,172
부산,북구,201007,137
부산,북구,201008,111
부산,북구,201009,88
부산,북구,201010,70
부산,북구,201011,50
부산,북구,201012,21
부산,북구,201101,16
부산,북구,201102,16
부산,북구,201103,14
부산,북구,201104,280
부산,북구,201105,258
부산,북구,201106,234
부산,북구,201107,208
부산,북구,201108,193
부산,북구,201109,165
부산,북구,201110,153
부산,북구,201111,183
부산,북구,201112,156
부산,북구,201201,138
부산,북구,201202,127
부산,북구,201203,687
부산,북구,201204,665
부산,북구,201205,648
부산,북구,201206,639
부산,북구,201207,1688
부산,북구,201208,1688
부산,북구,201209,1504
부산,북구,201210,1454
부산,북구,201211,1399
부산,북구,201212,1356
부산,북구,201301,1367
부산,북구,201302,1159
부산,북구,201303,1331
부산,북구,201304,904
부산,북구,201305,678
부산,북구,201306,498
부산,북구,201307,426
부산,북구,201308,349
부산,북구,201309,300
부산,북구,201310,192
부산,북구,201311,150
부산,북구,201312,124
부산,북구,201401,114
부산,북구,201402,79
부산,북구,201403,69
부산,북구,201404,63
부산,북구,201405,61
부산,북구,201406,56
부산,북구,201407,55
부산,북구,201408,49
부산,북구,201409,45
부산,북구,201410,40
부산,북구,201411,37
부산,북구,201412,33
부산,북구,201501,30
부산,북구,201502,24
부산,북구,201503,13
부산,북구,201504,13
부산,북구,201505,9
부산,북구,201506,9
부산,북구,201507,6
부산,북구,201508,4
부산,북구,201509,3
부산,북구,201510,1
부산,북구,201511,1
부산,북구,201512,1
부산,북구,201601,1
부산,북구,201602,1
부산,북구,201603,1
부산,북구,201604,1
부산,북구,201605,1
부산,북구,201606,1
부산,북구,201607,1
부산,북구,201608,1
부산,북구,201609,1
부산,북구,201610,2
부산,북구,201611,2
부산,북구,201612,0
부산,북구,201701,0
부산,북구,201702,0
부산,북구,201703,0
부산,북구,201704,0
부산,북구,201705,0
부산,북구,201706,0
부산,북구,201707,0
부산,북구,201708,0
부산,북구,201709,0
부산,북구,201710,0
부산,북구,201711,0
부산,북구,201712,165
부산,북구,201801,141
부산,북구,201802,231
부산,북구,201803,167
부산,북구,201804,197
부산,북구,201805,197
부산,북구,201806,197
부산,북구,201807,197
부산,북구,201808,198
부산,북구,201809,196
부산,북구,201810,209
부산,북구,201811,208
부산,북구,201812,203
부산,북구,201901,203
부산,북구,201902,203
부산,북구,201903,203
부산,북구,201904,440
부산,북구,201905,426
부산,북구,201906,423
부산,북구,201907,289
부산,북구,201908,287
부산,북구,201909,285
부산,북구,201910,278
부산,북구,201911,249
부산,북구,201912,154
부산,북구,202001,74
부산,북구,202002,59
부산,북구,202003,60
부산,북구,202004,58
부산,북구,202005,52
부산,북구,202006,51
부산,북구,202007,49
부산,북구,202008,37
부산,북구,202009,37
부산,북구,202010,36
부산,북구,202011,31
부산,북구,202012,24
부산,북구,202101,21
부산,북구,202102,19
부산,북구,202103,18
부산,북구,202104,18
부산,북구,202105,16
부산,북구,202106,16
부산,북구,202107,16
부산,북구,202108,16
부산,북구,202109,16
부산,북구,202110,15
부산,북구,202111,13
부산,북구,202112,13
부산,북구,202201,12
부산,북구,202202,12
부산,북구,202203,10
부산,북구,202204,10
부산,북구,202205,10
부산,북구,202206,10
부산,북구,202207,10
부산,북구,202208,10
부산,북구,202209,10
부산,북구,202210,10
부산,북구,202211,10
부산,북구,202212,10
부산,북구,202301,10
부산,북구,202302,28
부산,북구,202303,31
부산,북구,202304,137
부산,북구,202305,133
부산,북구,202306,129
부산,북구,202307,126
부산,북구,202308,126
부산,북구,202309,124
부산,북구,202310,124
부산,북구,202311,124
부산,북구,202312,123
부산,북구,202401,123
부산,북구,202402,123
부산,북구,202403,123
부산,북구,202404,122
부산,북구,202405,122
부산,북구,202406,123
부산,북구,202407,121
부산,북구,202408,120
부산,북구,202409,121
부산,북구,202410,114
부산,북구,202411,114
부산,북구,202412,114
부산,북구,202501,114
부산,북구,202502,219
부산,북구,202503,219
부산,북구,202504,219
부산,북구,202505,213
부산,북구,202506,210
부산,북구,202507,209
부산,북구,202508,203
부산,북구,202509,200
부산,북구,202510,191
부산,북구,202511,178
부산,북구,202512,162
부산,북구,202601,155
부산,북구,202602,153
부산,북구,202603,136
부산,북구,202604,124
부산,북구,202605,123
부산,북구,202606,336
부산,북구,202607,280
부산,북구,202608,263
부산,해운대구,200701,438
부산,해운대구,200702,434
부산,해운대구,200703,433
부산,해운대구,200704,410
부산,해운대구,200705,396
부산,해운대구,200706,381
부산,해운대구,200707,371
부산,해운대구,200708,512
부산,해운대구,200709,493
부산,해운대구,200710,469
부산,해운대구,200711,447
부산,해운대구,200712,447
부산,해운대구,200801,408
부산,해운대구,200802,401
부산,해운대구,200803,1897
부산,해운대구,200804,1868
부산,해운대구,200805,1526
부산,해운대구,200806,1456
부산,해운대구,200807,1372
부산,해운대구,200808,1344
부산,해운대구,200809,1298
부산,해운대구,200810,1287
부산,해운대구,200811,1287
부산,해운대구,200812,42
부산,해운대구,200901,41
부산,해운대구,200902,33
부산,해운대구,200903,32
부산,해운대구,200904,31
부산,해운대구,200905,31
부산,해운대구,200906,28
부산,해운대구,200907,28
부산,해운대구,200908,18
부산,해운대구,200909,13
부산,해운대구,200910,341
부산,해운대구,200911,283
부산,해운대구,200912,265
부산,해운대구,201001,565
부산,해운대구,201002,497
부산,해운대구,201003,490
부산,해운대구,201004,482
부산,해운대구,201005,488
부산,해운대구,201006,483
부산,해운대구,201007,468
부산,해운대구,201008,455
부산,해운대구,201009,440
부산,해운대구,201010,408
부산,해운대구,201011,380
부산,해운대구,201012,356
부산,해운대구,201101,320
부산,해운대구,201102,297
부산,해운대구,201103,267
부산,해운대구,201104,243
부산,해운대구,201105,231
부산,해운대구,201106,228
부산,해운대구,201107,224
부산,해운대구,201108,569
부산,해운대구,201109,564
부산,해운대구,201110,537
부산,해운대구,201111,524
부산,해운대구,201112,523
부산,해운대구,201201,527
부산,해운대구,201202,518
부산,해운대구,201203,517
부산,해운대구,201204,515
부산,해운대구,201205,519
부산,해운대구,201206,512
부산,해운대구,201207,497
부산,해운대구,201208,494
부산,해운대구,201209,490
부산,해운대구,201210,461
부산,해운대구,201211,398
부산,해운대구,201212,380
부산,해운대구,201301,380
부산,해운대구,201302,380
부산,해운대구,201303,380
부산,해운대구,201304,380
부산,해운대구,201305,380
부산,해운대구,201306,380
부산,해운대구,201307,380
부산,해운대구,201308,380
부산,해운대구,201309,380
부산,해운대구,201310,367
부산,해운대구,201311,367
부산,해운대구,201312,367
부산,해운대구,201401,367
부산,해운대구,201402,367
부산,해운대구,201403,352
부산,해운대구,201404,339
부산,해운대구,201405,339
부산,해운대구,201406,339
부산,해운대구,201407,339
부산,해운대구,201408,339
부산,해운대구,201409,339
부산,해운대구,201410,339
부산,해운대구,201411,328
부산,해운대구,201412,322
부산,해운대구,201501,322
부산,해운대구,201502,322
부산,해운대구,201503,322
부산,해운대구,201504,316
부산,해운대구,201505,313
부산,해운대구,201506,313
부산,해운대구,201507,313
부산,해운대구,201508,313
부산,해운대구,201509,313
부산,해운대구,201510,429
부산,해운대구,201511,423
부산,해운대구,201512,341
부산,해운대구,201601,252
부산,해운대구,201602,160
부산,해운대구,201603,117
부산,해운대구,201604,285
부산,해운대구,201605,233
부산,해운대구,201606,141
부산,해운대구,201607,137
부산,해운대구,201608,135
부산,해운대구,201609,125
부산,해운대구,201610,123
부산,해운대구,201611,122
부산,해운대구,201612,122
부산,해운대구,201701,121
부산,해운대구,201702,175
부산,해운대구,201703,170
부산,해운대구,201704,159
부산,해운대구,201705,131
부산,해운대구,201706,90
부산,해운대구,201707,90
부산,해운대구,201708,84
부산,해운대구,201709,40
부산,해운대구,201710,56
부산,해운대구,201711,55
부산,해운대구,201712,53
부산,해운대구,201801,54
부산,해운대구,201802,51
부산,해운대구,201803,199
부산,해운대구,201804,163
부산,해운대구,201805,125
부산,해운대구,201806,113
부산,해운대구,201807,101
부산,해운대구,201808,98
부산,해운대구,201809,92
부산,해운대구,201810,79
부산,해운대구,201811,68
부산,해운대구,201812,64
부산,해운대구,201901,62
부산,해운대구,201902,61
부산,해운대구,201903,59
부산,해운대구,201904,57
부산,해운대구,201905,56
부산,해운대구,201906,53
부산,해운대구,201907,52
부산,해운대구,201908,51
부산,해운대구,201909,51
부산,해운대구,201910,51
부산,해운대구,201911,49
부산,해운대구,201912,34
부산,해운대구,202001,32
부산,해운대구,202002,29
부산,해운대구,202003,31
부산,해운대구,202004,125
부산,해운대구,202005,126
부산,해운대구,202006,125
부산,해운대구,202007,124
부산,해운대구,202008,121
부산,해운대구,202009,118
부산,해운대구,202010,107
부산,해운대구,202011,105
부산,해운대구,202012,97
부산,해운대구,202101,102
부산,해운대구,202102,97
부산,해운대구,202103,94
부산,해운대구,202104,93
부산,해운대구,202105,91
부산,해운대구,202106,90
부산,해운대구,202107,90
부산,해운대구,202108,88
부산,해운대구,202109,87
부산,해운대구,202110,79
부산,해운대구,202111,57
부산,해운대구,202112,50
부산,해운대구,202201,48
부산,해운대구,202202,48
부산,해운대구,202203,45
부산,해운대구,202204,45
부산,해운대구,202205,44
부산,해운대구,202206,44
부산,해운대구,202207,44
부산,해운대구,202208,44
부산,해운대구,202209,44
부산,해운대구,202210,44
부산,해운대구,202211,44
부산,해운대구,202212,44
부산,해운대구,202301,44
부산,해운대구,202302,44
부산,해운대구,202303,44
부산,해운대구,202304,44
부산,해운대구,202305,100
부산,해운대구,202306,48
부산,해운대구,202307,44
부산,해운대구,202308,280
부산,해운대구,202309,181
부산,해운대구,202310,162
부산,해운대구,202311,154
부산,해운대구,202312,150
부산,해운대구,202401,285
부산,해운대구,202402,274
부산,해운대구,202403,257
부산,해운대구,202404,237
부산,해운대구,202405,218
부산,해운대구,202406,201
부산,해운대구,202407,194
부산,해운대구,202408,192
부산,해운대구,202409,190
부산,해운대구,202410,186
부산,해운대구,202411,175
부산,해운대구,202412,157
부산,해운대구,202501,133
부산,해운대구,202502,121
부산,해운대구,202503,96
부산,해운대구,202504,81
부산,해운대구,202505,288
부산,해운대구,202506,280
부산,해운대구,202507,280
부산,해운대구,202508,1284
부산,해운대구,202509,880
부산,해운대구,202510,986
부산,해운대구,202511,800
부산,해운대구,202512,756
부산,해운대구,202601,741
부산,해운대구,202602,730
부산,해운대구,202603,875
부산,해운대구,202604,870
부산,해운대구,202605,757
부산,해운대구,202606,838
부산,해운대구,202607,788
부산,해운대구,202608,759
부산,사하구,200701,548
부산,사하구,200702,541
부산,사하구,200703,537
부산,사하구,200704,533
부산,사하구,200705,528
부산,사하구,200706,525
부산,사하구,200707,523
부산,사하구,200708,523
부산,사하구,200709,475
부산,사하구,200710,475
부산,사하구,200711,475
부산,사하구,200712,475
부산,사하구,200801,475
부산,사하구,200802,462
부산,사하구,200803,459
부산,사하구,200804,739
부산,사하구,200805,718
부산,사하구,200806,678
부산,사하구,200807,678
부산,사하구,200808,668
부산,사하구,200809,664
부산,사하구,200810,657
부산,사하구,200811,652
부산,사하구,200812,1336
부산,사하구,200901,1355
부산,사하구,200902,1306
부산,사하구,200903,1331
부산,사하구,200904,1660
부산,사하구,200905,1547
부산,사하구,200906,1438
부산,사하구,200907,1333
부산,사하구,200908,1050
부산,사하구,200909,884
부산,사하구,200910,343
부산,사하구,200911,722
부산,사하구,200912,601
부산,사하구,201001,469
부산,사하구,201002,382
부산,사하구,201003,349
부산,사하구,201004,321
부산,사하구,201005,281
부산,사하구,201006,234
부산,사하구,201007,201
부산,사하구,201008,147
부산,사하구,201009,136
부산,사하구,201010,99
부산,사하구,201011,62
부산,사하구,201012,62
부산,사하구,201101,59
부산,사하구,201102,59
부산,사하구,201103,59
부산,사하구,201104,59
부산,사하구,201105,59
부산,사하구,201106,59
부산,사하구,201107,59
부산,사하구,201108,59
부산,사하구,201109,59
부산,사하구,201110,59
부산,사하구,201111,59
부산,사하구,201112,59
부산,사하구,201201,59
부산,사하구,201202,59
부산,사하구,201203,30
부산,사하구,201204,30
부산,사하구,201205,30
부산,사하구,201206,198
부산,사하구,201207,160
부산,사하구,201208,217
부산,사하구,201209,209
부산,사하구,201210,194
부산,사하구,201211,166
부산,사하구,201212,131
부산,사하구,201301,116
부산,사하구,201302,104
부산,사하구,201303,91
부산,사하구,201304,74
부산,사하구,201305,52
부산,사하구,201306,42
부산,사하구,201307,31
부산,사하구,201308,22
부산,사하구,201309,20
부산,사하구,201310,20
부산,사하구,201311,20
부산,사하구,201312,19
부산,사하구,201401,19
부산,사하구,201402,19
부산,사하구,201403,19
부산,사하구,201404,19
부산,사하구,201405,19
부산,사하구,201406,19
부산,사하구,201407,17
부산,사하구,201408,17
부산,사하구,201409,14
부산,사하구,201410,14
부산,사하구,201411,307
부산,사하구,201412,243
부산,사하구,201501,134
부산,사하구,201502,96
부산,사하구,201503,78
부산,사하구,201504,26
부산,사하구,201505,38
부산,사하구,201506,102
부산,사하구,201507,74
부산,사하구,201508,164
부산,사하구,201509,131
부산,사하구,201510,124
부산,사하구,201511,87
부산,사하구,201512,82
부산,사하구,201601,75
부산,사하구,201602,73
부산,사하구,201603,73
부산,사하구,201604,69
부산,사하구,201605,66
부산,사하구,201606,426
부산,사하구,201607,380
부산,사하구,201608,346
부산,사하구,201609,346
부산,사하구,201610,306
부산,사하구,201611,306
부산,사하구,201612,294
부산,사하구,201701,289
부산,사하구,201702,270
부산,사하구,201703,256
부산,사하구,201704,241
부산,사하구,201705,232
부산,사하구,201706,220
부산,사하구,201707,218
부산,사하구,201708,218
부산,사하구,201709,218
부산,사하구,201710,220
부산,사하구,201711,211
부산,사하구,201712,289
부산,사하구,201801,271
부산,사하구,201802,253
부산,사하구,201803,224
부산,사하구,201804,219
부산,사하구,201805,219
부산,사하구,201806,295
부산,사하구,201807,281
부산,사하구,201808,271
부산,사하구,201809,270
부산,사하구,201810,265
부산,사하구,201811,289
부산,사하구,201812,251
부산,사하구,201901,255
부산,사하구,201902,538
부산,사하구,201903,502
부산,사하구,201904,422
부산,사하구,201905,441
부산,사하구,201906,429
부산,사하구,201907,423
부산,사하구,201908,412
부산,사하구,201909,442
부산,사하구,201910,428
부산,사하구,201911,364
부산,사하구,201912,234
부산,사하구,202001,264
부산,사하구,202002,203
부산,사하구,202003,191
부산,사하구,202004,193
부산,사하구,202005,186
부산,사하구,202006,170
부산,사하구,202007,159
부산,사하구,202008,159
부산,사하구,202009,188
부산,사하구,202010,187
부산,사하구,202011,171
부산,사하구,202012,163
부산,사하구,202101,156
부산,사하구,202102,154
부산,사하구,202103,149
부산,사하구,202104,148
부산,사하구,202105,146
부산,사하구,202106,135
부산,사하구,202107,131
부산,사하구,202108,111
부산,사하구,202109,110
부산,사하구,202110,110
부산,사하구,202111,110
부산,사하구,202112,110
부산,사하구,202201,110
부산,사하구,202202,110
부산,사하구,202203,110
부산,사하구,202204,110
부산,사하구,202205,373
부산,사하구,202206,369
부산,사하구,202207,550
부산,사하구,202208,550
부산,사하구,202209,550
부산,사하구,202210,539
부산,사하구,202211,539
부산,사하구,202212,539
부산,사하구,202301,543
부산,사하구,202302,439
부산,사하구,202303,439
부산,사하구,202304,439
부산,사하구,202305,439
부산,사하구,202306,439
부산,사하구,202307,429
부산,사하구,202308,429
부산,사하구,202309,429
부산,사하구,202310,429
부산,사하구,202311,428
부산,사하구,202312,427
부산,사하구,202401,427
부산,사하구,202402,427
부산,사하구,202403,428
부산,사하구,202404,428
부산,사하구,202405,428
부산,사하구,202406,428
부산,사하구,202407,428
부산,사하구,202408,428
부산,사하구,202409,428
부산,사하구,202410,808
부산,사하구,202411,796
부산,사하구,202412,777
부산,사하구,202501,756
부산,사하구,202502,681
부산,사하구,202503,636
부산,사하구,202504,616
부산,사하구,202505,812
부산,사하구,202506,741
부산,사하구,202507,818
부산,사하구,202508,765
부산,사하구,202509,704
부산,사하구,202510,691
부산,사하구,202511,643
부산,사하구,202512,611
부산,사하구,202601,578
부산,사하구,202602,570
부산,사하구,202603,550
부산,사하구,202604,710
부산,사하구,202605,704
부산,사하구,202606,700
부산,사하구,202607,673
부산,사하구,202608,360
부산,사상구,200701,15
부산,사상구,200702,14
부산,사상구,200703,13
부산,사상구,200704,13
부산,사상구,200705,13
부산,사상구,200706,13
부산,사상구,200707,13
부산,사상구,200708,13
부산,사상구,200709,13
부산,사상구,200710,13
부산,사상구,200711,12
부산,사상구,200712,10
부산,사상구,200801,10
부산,사상구,200802,945
부산,사상구,200803,868
부산,사상구,200804,858
부산,사상구,200805,844
부산,사상구,200806,840
부산,사상구,200807,848
부산,사상구,200808,833
부산,사상구,200809,814
부산,사상구,200810,812
부산,사상구,200811,800
부산,사상구,200812,792
부산,사상구,200901,790
부산,사상구,200902,775
부산,사상구,200903,764
부산,사상구,200904,764
부산,사상구,200905,616
부산,사상구,200906,343
부산,사상구,200907,307
부산,사상구,200908,278
부산,사상구,200909,226
부산,사상구,200910,184
부산,사상구,200911,145
부산,사상구,200912,101
부산,사상구,201001,90
부산,사상구,201002,74
부산,사상구,201003,133
부산,사상구,201004,89
부산,사상구,201005,74
부산,사상구,201006,105
부산,사상구,201007,73
부산,사상구,201008,76
부산,사상구,201009,70
부산,사상구,201010,63
부산,사상구,201011,59
부산,사상구,201012,38
부산,사상구,201101,34
부산,사상구,201102,34
부산,사상구,201103,34
부산,사상구,201104,34
부산,사상구,201105,34
부산,사상구,201106,34
부산,사상구,201107,34
부산,사상구,201108,34
부산,사상구,201109,34
부산,사상구,201110,34
부산,사상구,201111,34
부산,사상구,201112,34
부산,사상구,201201,0
부산,사상구,201202,0
부산,사상구,201203,0
부산,사상구,201204,0
부산,사상구,201205,0
부산,사상구,201206,0
부산,사상구,201207,0
부산,사상구,201208,0
부산,사상구,201209,0
부산,사상구,201210,0
부산,사상구,201211,98
부산,사상구,201212,81
부산,사상구,201301,77
부산,사상구,201302,76
부산,사상구,201303,70
부산,사상구,201304,63
부산,사상구,201305,57
부산,사상구,201306,49
부산,사상구,201307,39
부산,사상구,201308,33
부산,사상구,201309,25
부산,사상구,201310,17
부산,사상구,201311,16
부산,사상구,201312,15
부산,사상구,201401,11
부산,사상구,201402,8
부산,사상구,201403,6
부산,사상구,201404,5
부산,사상구,201405,0
부산,사상구,201406,0
부산,사상구,201407,0
부산,사상구,201408,0
부산,사상구,201409,552
부산,사상구,201410,491
부산,사상구,201411,425
부산,사상구,201412,391
부산,사상구,201501,338
부산,사상구,201502,287
부산,사상구,201503,220
부산,사상구,201504,148
부산,사상구,201505,87
부산,사상구,201506,58
부산,사상구,201507,43
부산,사상구,201508,23
부산,사상구,201509,123
부산,사상구,201510,109
부산,사상구,201511,93
부산,사상구,201512,92
부산,사상구,201601,91
부산,사상구,201602,90
부산,사상구,201603,86
부산,사상구,201604,75
부산,사상구,201605,147
부산,사상구,201606,116
부산,사상구,201607,99
부산,사상구,201608,84
부산,사상구,201609,78
부산,사상구,201610,64
부산,사상구,201611,57
부산,사상구,201612,52
부산,사상구,201701,48
부산,사상구,201702,40
부산,사상구,201703,35
부산,사상구,201704,35
부산,사상구,201705,35
부산,사상구,201706,32
부산,사상구,201707,30
부산,사상구,201708,30
부산,사상구,201709,30
부산,사상구,201710,30
부산,사상구,201711,29
부산,사상구,201712,29
부산,사상구,201801,29
부산,사상구,201802,28
부산,사상구,201803,67
부산,사상구,201804,66
부산,사상구,201805,66
부산,사상구,201806,66
부산,사상구,201807,66
부산,사상구,201808,64
부산,사상구,201809,64
부산,사상구,201810,64
부산,사상구,201811,160
부산,사상구,201812,307
부산,사상구,201901,293
부산,사상구,201902,298
부산,사상구,201903,292
부산,사상구,201904,277
부산,사상구,201905,245
부산,사상구,201906,234
부산,사상구,201907,207
부산,사상구,201908,206
부산,사상구,201909,206
부산,사상구,201910,203
부산,사상구,201911,229
부산,사상구,201912,196
부산,사상구,202001,196
부산,사상구,202002,191
부산,사상구,202003,186
부산,사상구,202004,179
부산,사상구,202005,173
부산,사상구,202006,166
부산,사상구,202007,162
부산,사상구,202008,160
부산,사상구,202009,155
부산,사상구,202010,153
부산,사상구,202011,153
부산,사상구,202012,142
부산,사상구,202101,139
부산,사상구,202102,190
부산,사상구,202103,186
부산,사상구,202104,188
부산,사상구,202105,198
부산,사상구,202106,196
부산,사상구,202107,198
부산,사상구,202108,199
부산,사상구,202109,235
부산,사상구,202110,219
부산,사상구,202111,213
부산,사상구,202112,210
부산,사상구,202201,208
부산,사상구,202202,205
부산,사상구,202203,203
부산,사상구,202204,202
부산,사상구,202205,202
부산,사상구,202206,202
부산,사상구,202207,199
부산,사상구,202208,199
부산,사상구,202209,199
부산,사상구,202210,199
부산,사상구,202211,198
부산,사상구,202212,197
부산,사상구,202301,197
부산,사상구,202302,197
부산,사상구,202303,197
부산,사상구,202304,197
부산,사상구,202305,197
부산,사상구,202306,197
부산,사상구,202307,197
부산,사상구,202308,197
부산,사상구,202309,197
부산,사상구,202310,197
부산,사상구,202311,197
부산,사상구,202312,197
부산,사상구,202401,409
부산,사상구,202402,397
부산,사상구,202403,383
부산,사상구,202404,484
부산,사상구,202405,549
부산,사상구,202406,538
부산,사상구,202407,527
부산,사상구,202408,937
부산,사상구,202409,752
부산,사상구,202410,660
부산,사상구,202411,598
부산,사상구,202412,577
부산,사상구,202501,567
부산,사상구,202502,510
부산,사상구,202503,479
부산,사상구,202504,466
부산,사상구,202505,459
부산,사상구,202506,458
부산,사상구,202507,443
부산,사상구,202508,430
부산,사상구,202509,413
부산,사상구,202510,402
부산,사상구,202511,1230
부산,사상구,202512,1194
부산,사상구,202601,1166
부산,사상구,202602,1151
부산,사상구,202603,1121
부산,사상구,202604,1912
부산,사상구,202605,1764
부산,사상구,202606,1431
부산,사상구,202607,1243
부산,사상구,202608,1171
부산,수영구,200701,316
부산,수영구,200702,316
부산,수영구,200703,336
부산,수영구,200704,335
부산,수영구,200705,333
부산,수영구,200706,350
부산,수영구,200707,642
부산,수영구,200708,642
부산,수영구,200709,642
부산,수영구,200710,350
부산,수영구,200711,350
부산,수영구,200712,350
부산,수영구,200801,350
부산,수영구,200802,349
부산,수영구,200803,344
부산,수영구,200804,339
부산,수영구,200805,309
부산,수영구,200806,303
부산,수영구,200807,493
부산,수영구,200808,491
부산,수영구,200809,490
부산,수영구,200810,490
부산,수영구,200811,489
부산,수영구,200812,482
부산,수영구,200901,475
부산,수영구,200902,513
부산,수영구,200903,521
부산,수영구,200904,518
부산,수영구,200905,505
부산,수영구,200906,492
부산,수영구,200907,478
부산,수영구,200908,459
부산,수영구,200909,438
부산,수영구,200910,425
부산,수영구,200911,407
부산,수영구,200912,389
부산,수영구,201001,361
부산,수영구,201002,313
부산,수영구,201003,306
부산,수영구,201004,287
부산,수영구,201005,283
부산,수영구,201006,277
부산,수영구,201007,272
부산,수영구,201008,267
부산,수영구,201009,265
부산,수영구,201010,265
부산,수영구,201011,252
부산,수영구,201012,230
부산,수영구,201101,230
부산,수영구,201102,217
부산,수영구,201103,213
부산,수영구,201104,187
부산,수영구,201105,182
부산,수영구,201106,169
부산,수영구,201107,160
부산,수영구,201108,154
부산,수영구,201109,148
부산,수영구,201110,142
부산,수영구,201111,136
부산,수영구,201112,129
부산,수영구,201201,106
부산,수영구,201202,106
부산,수영구,201203,103
부산,수영구,201204,102
부산,수영구,201205,100
부산,수영구,201206,232
부산,수영구,201207,228
부산,수영구,201208,207
부산,수영구,201209,206
부산,수영구,201210,196
부산,수영구,201211,182
부산,수영구,201212,179
부산,수영구,201301,178
부산,수영구,201302,177
부산,수영구,201303,175
부산,수영구,201304,161
부산,수영구,201305,159
부산,수영구,201306,99
부산,수영구,201307,96
부산,수영구,201308,89
부산,수영구,201309,79
부산,수영구,201310,70
부산,수영구,201311,69
부산,수영구,201312,60
부산,수영구,201401,53
부산,수영구,201402,40
부산,수영구,201403,27
부산,수영구,201404,23
부산,수영구,201405,19
부산,수영구,201406,16
부산,수영구,201407,13
부산,수영구,201408,12
부산,수영구,201409,6
부산,수영구,201410,2
부산,수영구,201411,2
부산,수영구,201412,0
부산,수영구,201501,0
부산,수영구,201502,0
부산,수영구,201503,0
부산,수영구,201504,0
부산,수영구,201505,0
부산,수영구,201506,0
부산,수영구,201507,0
부산,수영구,201508,0
부산,수영구,201509,0
부산,수영구,201510,0
부산,수영구,201511,0
부산,수영구,201512,63
부산,수영구,201601,32
부산,수영구,201602,13
부산,수영구,201603,0
부산,수영구,201604,0
부산,수영구,201605,0
부산,수영구,201606,0
부산,수영구,201607,0
부산,수영구,201608,0
부산,수영구,201609,11
부산,수영구,201610,11
부산,수영구,201611,11
부산,수영구,201612,11
부산,수영구,201701,11
부산,수영구,201702,3
부산,수영구,201703,3
부산,수영구,201704,9
부산,수영구,201705,7
부산,수영구,201706,7
부산,수영구,201707,7
부산,수영구,201708,51
부산,수영구,201709,52
부산,수영구,201710,52
부산,수영구,201711,52
부산,수영구,201712,52
부산,수영구,201801,52
부산,수영구,201802,49
부산,수영구,201803,38
부산,수영구,201804,38
부산,수영구,201805,38
부산,수영구,201806,38
부산,수영구,201807,38
부산,수영구,201808,38
부산,수영구,201809,38
부산,수영구,201810,38
부산,수영구,201811,41
부산,수영구,201812,41
부산,수영구,201901,40
부산,수영구,201902,39
부산,수영구,201903,116
부산,수영구,201904,105
부산,수영구,201905,96
부산,수영구,201906,79
부산,수영구,201907,68
부산,수영구,201908,64
부산,수영구,201909,55
부산,수영구,201910,38
부산,수영구,201911,22
부산,수영구,201912,9
부산,수영구,202001,8
부산,수영구,202002,8
부산,수영구,202003,8
부산,수영구,202004,7
부산,수영구,202005,7
부산,수영구,202006,7
부산,수영구,202007,36
부산,수영구,202008,30
부산,수영구,202009,26
부산,수영구,202010,16
부산,수영구,202011,7
부산,수영구,202012,7
부산,수영구,202101,7
부산,수영구,202102,7
부산,수영구,202103,7
부산,수영구,202104,7
부산,수영구,202105,4
부산,수영구,202106,4
부산,수영구,202107,4
부산,수영구,202108,4
부산,수영구,202109,4
부산,수영구,202110,4
부산,수영구,202111,4
부산,수영구,202112,4
부산,수영구,202201,4
부산,수영구,202202,4
부산,수영구,202203,4
부산,수영구,202204,4
부산,수영구,202205,4
부산,수영구,202206,68
부산,수영구,202207,67
부산,수영구,202208,67
부산,수영구,202209,65
부산,수영구,202210,64
부산,수영구,202211,63
부산,수영구,202212,63
부산,수영구,202301,63
부산,수영구,202302,63
부산,수영구,202303,62
부산,수영구,202304,62
부산,수영구,202305,62
부산,수영구,202306,62
부산,수영구,202307,62
부산,수영구,202308,79
부산,수영구,202309,79
부산,수영구,202310,62
부산,수영구,202311,62
부산,수영구,202312,62
부산,수영구,202401,356
부산,수영구,202402,355
부산,수영구,202403,355
부산,수영구,202404,355
부산,수영구,202405,355
부산,수영구,202406,355
부산,수영구,202407,355
부산,수영구,202408,355
부산,수영구,202409,355
부산,수영구,202410,728
부산,수영구,202411,687
부산,수영구,202412,641
부산,수영구,202501,618
부산,수영구,202502,598
부산,수영구,202503,574
부산,수영구,202504,560
부산,수영구,202505,560
부산,수영구,202506,515
부산,수영구,202507,461
부산,수영구,202508,402
부산,수영구,202509,529
부산,수영구,202510,490
부산,수영구,202511,432
부산,수영구,202512,390
부산,수영구,202601,341
부산,수영구,202602,313
부산,수영구,202603,301
부산,수영구,202604,281
부산,수영구,202605,260
부산,수영구,202606,223
부산,수영구,202607,576
부산,수영구,202608,571
부산,연제구,200701,449
부산,연제구,200702,449
부산,연제구,200703,461
부산,연제구,200704,418
부산,연제구,200705,416
부산,연제구,200706,416
부산,연제구,200707,496
부산,연제구,200708,496
부산,연제구,200709,494
부산,연제구,200710,1609
부산,연제구,200711,1585
부산,연제구,200712,1811
부산,연제구,200801,1775
부산,연제구,200802,1742
부산,연제구,200803,1675
부산,연제구,200804,1621
부산,연제구,200805,1595
부산,연제구,200806,1435
부산,연제구,200807,1617
부산,연제구,200808,1384
부산,연제구,200809,1380
부산,연제구,200810,1365
부산,연제구,200811,1678
부산,연제구,200812,1666
부산,연제구,200901,1666
부산,연제구,200902,1655
부산,연제구,200903,1640
부산,연제구,200904,1998
부산,연제구,200905,1663
부산,연제구,200906,1573
부산,연제구,200907,1567
부산,연제구,200908,1513
부산,연제구,200909,1265
부산,연제구,200910,1209
부산,연제구,200911,1158
부산,연제구,200912,1140
부산,연제구,201001,1025
부산,연제구,201002,1010
부산,연제구,201003,997
부산,연제구,201004,989
부산,연제구,201005,965
부산,연제구,201006,964
부산,연제구,201007,763
부산,연제구,201008,731
부산,연제구,201009,213
부산,연제구,201010,185
부산,연제구,201011,169
부산,연제구,201012,134
부산,연제구,201101,137
부산,연제구,201102,130
부산,연제구,201103,190
부산,연제구,201104,193
부산,연제구,201105,189
부산,연제구,201106,186
부산,연제구,201107,181
부산,연제구,201108,159
부산,연제구,201109,112
부산,연제구,201110,207
부산,연제구,201111,202
부산,연제구,201112,185
부산,연제구,201201,176
부산,연제구,201202,237
부산,연제구,201203,125
부산,연제구,201204,121
부산,연제구,201205,117
부산,연제구,201206,112
부산,연제구,201207,303
부산,연제구,201208,176
부산,연제구,201209,309
부산,연제구,201210,185
부산,연제구,201211,101
부산,연제구,201212,97
부산,연제구,201301,92
부산,연제구,201302,90
부산,연제구,201303,90
부산,연제구,201304,64
부산,연제구,201305,87
부산,연제구,201306,77
부산,연제구,201307,73
부산,연제구,201308,158
부산,연제구,201309,151
부산,연제구,201310,135
부산,연제구,201311,127
부산,연제구,201312,119
부산,연제구,201401,112
부산,연제구,201402,103
부산,연제구,201403,91
부산,연제구,201404,178
부산,연제구,201405,162
부산,연제구,201406,147
부산,연제구,201407,126
부산,연제구,201408,114
부산,연제구,201409,103
부산,연제구,201410,88
부산,연제구,201411,68
부산,연제구,201412,47
부산,연제구,201501,31
부산,연제구,201502,19
부산,연제구,201503,8
부산,연제구,201504,6
부산,연제구,201505,6
부산,연제구,201506,6
부산,연제구,201507,6
부산,연제구,201508,6
부산,연제구,201509,6
부산,연제구,201510,6
부산,연제구,201511,6
부산,연제구,201512,6
부산,연제구,201601,6
부산,연제구,201602,6
부산,연제구,201603,6
부산,연제구,201604,6
부산,연제구,201605,6
부산,연제구,201606,6
부산,연제구,201607,6
부산,연제구,201608,6
부산,연제구,201609,6
부산,연제구,201610,6
부산,연제구,201611,6
부산,연제구,201612,6
부산,연제구,201701,6
부산,연제구,201702,6
부산,연제구,201703,6
부산,연제구,201704,6
부산,연제구,201705,6
부산,연제구,201706,6
부산,연제구,201707,6
부산,연제구,201708,8
부산,연제구,201709,8
부산,연제구,201710,8
부산,연제구,201711,8
부산,연제구,201712,8
부산,연제구,201801,8
부산,연제구,201802,3
부산,연제구,201803,3
부산,연제구,201804,3
부산,연제구,201805,3
부산,연제구,201806,3
부산,연제구,201807,3
부산,연제구,201808,1
부산,연제구,201809,1
부산,연제구,201810,1
부산,연제구,201811,271
부산,연제구,201812,251
부산,연제구,201901,251
부산,연제구,201902,219
부산,연제구,201903,243
부산,연제구,201904,217
부산,연제구,201905,205
부산,연제구,201906,201
부산,연제구,201907,170
부산,연제구,201908,150
부산,연제구,201909,128
부산,연제구,201910,114
부산,연제구,201911,1
부산,연제구,201912,1
부산,연제구,202001,1
부산,연제구,202002,1
부산,연제구,202003,1
부산,연제구,202004,1
부산,연제구,202005,1
부산,연제구,202006,1
부산,연제구,202007,1
부산,연제구,202008,7
부산,연제구,202009,7
부산,연제구,202010,1
부산,연제구,202011,1
부산,연제구,202012,1
부산,연제구,202101,1
부산,연제구,202102,1
부산,연제구,202103,1
부산,연제구,202104,1
부산,연제구,202105,1
부산,연제구,202106,1
부산,연제구,202107,1
부산,연제구,202108,1
부산,연제구,202109,21
부산,연제구,202110,3
부산,연제구,202111,1
부산,연제구,202112,1
부산,연제구,202201,1
부산,연제구,202202,1
부산,연제구,202203,1
부산,연제구,202204,1
부산,연제구,202205,1
부산,연제구,202206,1
부산,연제구,202207,1
부산,연제구,202208,94
부산,연제구,202209,94
부산,연제구,202210,80
부산,연제구,202211,80
부산,연제구,202212,80
부산,연제구,202301,80
부산,연제구,202302,80
부산,연제구,202303,80
부산,연제구,202304,80
부산,연제구,202305,80
부산,연제구,202306,80
부산,연제구,202307,80
부산,연제구,202308,80
부산,연제구,202309,75
부산,연제구,202310,75
부산,연제구,202311,52
부산,연제구,202312,129
부산,연제구,202401,108
부산,연제구,202402,108
부산,연제구,202403,108
부산,연제구,202404,73
부산,연제구,202405,63
부산,연제구,202406,57
부산,연제구,202407,49
부산,연제구,202408,45
부산,연제구,202409,36
부산,연제구,202410,25
부산,연제구,202411,256
부산,연제구,202412,238
부산,연제구,202501,222
부산,연제구,202502,218
부산,연제구,202503,359
부산,연제구,202504,344
부산,연제구,202505,290
부산,연제구,202506,223
부산,연제구,202507,212
부산,연제구,202508,211
부산,연제구,202509,210
부산,연제구,202510,203
부산,연제구,202511,198
부산,연제구,202512,194
부산,연제구,202601,193
부산,연제구,202602,193
부산,연제구,202603,192
부산,연제구,202604,191
부산,연제구,202605,190
부산,연제구,202606,190
부산,연제구,202607,189
부산,연제구,202608,37
대구,중구,200701,114
대구,중구,200702,198
대구,중구,200703,195
대구,중구,200704,189
대구,중구,200705,189
대구,중구,200706,746
대구,중구,200707,712
대구,중구,200708,712
대구,중구,200709,710
대구,중구,200710,709
대구,중구,200711,696
대구,중구,200712,684
대구,중구,200801,682
대구,중구,200802,874
대구,중구,200803,872
대구,중구,200804,863
대구,중구,200805,863
대구,중구,200806,861
대구,중구,200807,902
대구,중구,200808,902
대구,중구,200809,902
대구,중구,200810,902
대구,중구,200811,337
대구,중구,200812,365
대구,중구,200901,364
대구,중구,200902,366
대구,중구,200903,438
대구,중구,200904,429
대구,중구,200905,422
대구,중구,200906,401
대구,중구,200907,345
대구,중구,200908,344
대구,중구,200909,342
대구,중구,200910,335
대구,중구,200911,314
대구,중구,200912,309
대구,중구,201001,309
대구,중구,201002,307
대구,중구,201003,307
대구,중구,201004,279
대구,중구,201005,278
대구,중구,201006,414
대구,중구,201007,411
대구,중구,201008,404
대구,중구,201009,405
대구,중구,201010,388
대구,중구,201011,378
대구,중구,201012,368
대구,중구,201101,351
대구,중구,201102,337
대구,중구,201103,324
대구,중구,201104,314
대구,중구,201105,308
대구,중구,201106,307
대구,중구,201107,299
대구,중구,201108,295
대구,중구,201109,471
대구,중구,201110,396
대구,중구,201111,884
대구,중구,201112,654
대구,중구,201201,646
대구,중구,201202,619
대구,중구,201203,535
대구,중구,201204,490
대구,중구,201205,457
대구,중구,201206,560
대구,중구,201207,694
대구,중구,201208,673
대구,중구,201209,655
대구,중구,201210,835
대구,중구,201211,522
대구,중구,201212,470
대구,중구,201301,412
대구,중구,201302,362
대구,중구,201303,297
대구,중구,201304,203
대구,중구,201305,153
대구,중구,201306,130
대구,중구,201307,121
대구,중구,201308,99
대구,중구,201309,83
대구,중구,201310,63
대구,중구,201311,49
대구,중구,201312,42
대구,중구,201401,32
대구,중구,201402,6
대구,중구,201403,4
대구,중구,201404,3
대구,중구,201405,3
대구,중구,201406,3
대구,중구,201407,3
대구,중구,201408,3
대구,중구,201409,1
대구,중구,201410,1
대구,중구,201411,0
대구,중구,201412,5
대구,중구,201501,6
대구,중구,201502,0
대구,중구,201503,0
대구,중구,201504,0
대구,중구,201505,0
대구,중구,201506,0
대구,중구,201507,0
대구,중구,201508,0
대구,중구,201509,0
대구,중구,201510,0
대구,중구,201511,0
대구,중구,201512,0
대구,중구,201601,0
대구,중구,201602,0
대구,중구,201603,0
대구,중구,201604,0
대구,중구,201605,0
대구,중구,201606,0
대구,중구,201607,0
대구,중구,201608,0
대구,중구,201609,0
대구,중구,201610,0
대구,중구,201611,0
대구,중구,201612,0
대구,중구,201701,0
대구,중구,201702,0
대구,중구,201703,0
대구,중구,201704,0
대구,중구,201705,0
대구,중구,201706,0
대구,중구,201707,0
대구,중구,201708,0
대구,중구,201709,0
대구,중구,201710,0
대구,중구,201711,0
대구,중구,201712,0
대구,중구,201801,0
대구,중구,201802,0
대구,중구,201807,0
대구,중구,201808,0
대구,중구,201811,0
대구,중구,201812,0
대구,중구,201901,0
대구,중구,201902,0
대구,중구,201903,0
대구,중구,201904,0
대구,중구,201905,0
대구,중구,201906,115
대구,중구,201907,104
대구,중구,201908,100
대구,중구,201909,91
대구,중구,201910,84
대구,중구,201911,37
대구,중구,201912,3
대구,중구,202001,143
대구,중구,202002,62
대구,중구,202003,41
대구,중구,202004,33
대구,중구,202005,24
대구,중구,202006,3
대구,중구,202007,3
대구,중구,202008,3
대구,중구,202009,3
대구,중구,202010,21
대구,중구,202011,3
대구,중구,202012,3
대구,중구,202101,223
대구,중구,202102,32
대구,중구,202103,29
대구,중구,202104,24
대구,중구,202105,23
대구,중구,202106,47
대구,중구,202107,38
대구,중구,202108,193
대구,중구,202109,162
대구,중구,202110,295
대구,중구,202111,778
대구,중구,202112,688
대구,중구,202201,700
대구,중구,202202,685
대구,중구,202203,1201
대구,중구,202204,1115
대구,중구,202205,1048
대구,중구,202206,1022
대구,중구,202207,1004
대구,중구,202208,967
대구,중구,202209,1066
대구,중구,202210,1066
대구,중구,202211,1064
대구,중구,202212,1091
대구,중구,202301,1094
대구,중구,202302,1087
대구,중구,202303,1087
대구,중구,202304,1087
대구,중구,202305,1085
대구,중구,202306,1085
대구,중구,202307,1085
대구,중구,202308,1083
대구,중구,202309,1048
대구,중구,202310,1039
대구,중구,202311,1034
대구,중구,202312,1034
대구,중구,202401,1031
대구,중구,202402,997
대구,중구,202403,922
대구,중구,202404,900
대구,중구,202405,886
대구,중구,202406,866
대구,중구,202407,889
대구,중구,202408,868
대구,중구,202409,842
대구,중구,202410,828
대구,중구,202411,812
대구,중구,202412,770
대구,중구,202501,770
대구,중구,202502,764
대구,중구,202503,752
대구,중구,202504,885
대구,중구,202505,880
대구,중구,202506,871
대구,중구,202507,865
대구,중구,202508,853
대구,중구,202509,851
대구,중구,202510,508
대구,중구,202511,487
대구,중구,202512,472
대구,중구,202601,458
대구,중구,202602,456
대구,중구,202603,432
대구,중구,202604,420
대구,중구,202605,411
대구,중구,202606,729
대구,중구,202607,725
대구,중구,202608,722
대구,서구,200701,242
대구,서구,200702,29
대구,서구,200703,241
대구,서구,200704,240
대구,서구,200705,240
대구,서구,200706,333
대구,서구,200707,324
대구,서구,200708,323
대구,서구,200709,320
대구,서구,200710,319
대구,서구,200711,316
대구,서구,200712,313
대구,서구,200801,313
대구,서구,200802,312
대구,서구,200803,312
대구,서구,200804,311
대구,서구,200805,311
대구,서구,200806,311
대구,서구,200807,311
대구,서구,200808,311
대구,서구,200809,311
대구,서구,200810,311
대구,서구,200811,311
대구,서구,200812,3377
대구,서구,200901,3376
대구,서구,200902,3372
대구,서구,200903,2108
대구,서구,200904,2108
대구,서구,200905,2018
대구,서구,200906,2002
대구,서구,200907,1997
대구,서구,200908,1952
대구,서구,200909,1942
대구,서구,200910,918
대구,서구,200911,1763
대구,서구,200912,1775
대구,서구,201001,812
대구,서구,201002,812
대구,서구,201003,799
대구,서구,201004,800
대구,서구,201005,811
대구,서구,201006,825
대구,서구,201007,829
대구,서구,201008,814
대구,서구,201009,814
대구,서구,201010,817
대구,서구,201011,816
대구,서구,201012,814
대구,서구,201101,806
대구,서구,201102,805
대구,서구,201103,780
대구,서구,201104,761
대구,서구,201105,744
대구,서구,201106,1613
대구,서구,201107,1392
대구,서구,201108,1157
대구,서구,201109,1087
대구,서구,201110,984
대구,서구,201111,957
대구,서구,201112,939
대구,서구,201201,896
대구,서구,201202,816
대구,서구,201203,748
대구,서구,201204,699
대구,서구,201205,672
대구,서구,201206,650
대구,서구,201207,518
대구,서구,201208,495
대구,서구,201209,453
대구,서구,201210,437
대구,서구,201211,393
대구,서구,201212,371
대구,서구,201301,348
대구,서구,201302,332
대구,서구,201303,313
대구,서구,201304,287
대구,서구,201305,266
대구,서구,201306,248
대구,서구,201307,245
대구,서구,201308,244
대구,서구,201309,209
대구,서구,201310,152
대구,서구,201311,96
대구,서구,201312,69
대구,서구,201401,69
대구,서구,201402,69
대구,서구,201403,69
대구,서구,201404,69
대구,서구,201405,69
대구,서구,201406,69
대구,서구,201407,69
대구,서구,201408,69
대구,서구,201409,69
대구,서구,201410,69
대구,서구,201411,69
대구,서구,201412,69
대구,서구,201501,69
대구,서구,201502,69
대구,서구,201503,69
대구,서구,201504,41
대구,서구,201505,32
대구,서구,201506,16
대구,서구,201507,1
대구,서구,201508,1
대구,서구,201509,0
대구,서구,201510,0
대구,서구,201511,0
대구,서구,201512,0
대구,서구,201601,0
대구,서구,201602,0
대구,서구,201603,0
대구,서구,201604,0
대구,서구,201605,0
대구,서구,201606,0
대구,서구,201607,0
대구,서구,201608,0
대구,서구,201609,0
대구,서구,201610,0
대구,서구,201611,0
대구,서구,201612,0
대구,서구,201701,0
대구,서구,201702,0
대구,서구,201703,0
대구,서구,201704,22
대구,서구,201705,22
대구,서구,201706,22
대구,서구,201707,22
대구,서구,201708,22
대구,서구,201709,22
대구,서구,201710,19
대구,서구,201711,19
대구,서구,201712,19
대구,서구,201801,14
대구,서구,201802,14
대구,서구,201803,13
대구,서구,201804,8
대구,서구,201805,7
대구,서구,201806,6
대구,서구,201807,4
대구,서구,201808,2
대구,서구,201809,2
대구,서구,201810,2
대구,서구,201811,0
대구,서구,201812,0
대구,서구,201901,0
대구,서구,201902,0
대구,서구,201903,0
대구,서구,201904,0
대구,서구,201905,0
대구,서구,201906,0
대구,서구,201907,0
대구,서구,201908,0
대구,서구,201909,0
대구,서구,201910,0
대구,서구,201912,585
대구,서구,202001,128
대구,서구,202002,0
대구,서구,202003,0
대구,서구,202004,0
대구,서구,202005,0
대구,서구,202006,0
대구,서구,202007,0
대구,서구,202008,0
대구,서구,202009,0
대구,서구,202010,0
대구,서구,202011,0
대구,서구,202012,0
대구,서구,202101,0
대구,서구,202102,0
대구,서구,202103,0
대구,서구,202104,0
대구,서구,202105,0
대구,서구,202106,0
대구,서구,202107,0
대구,서구,202108,0
대구,서구,202109,0
대구,서구,202110,0
대구,서구,202111,0
대구,서구,202112,0
대구,서구,202201,0
대구,서구,202202,0
대구,서구,202203,0
대구,서구,202204,0
대구,서구,202205,0
대구,서구,202206,0
대구,서구,202207,0
대구,서구,202208,0
대구,서구,202209,739
대구,서구,202210,737
대구,서구,202211,778
대구,서구,202212,969
대구,서구,202301,907
대구,서구,202302,874
대구,서구,202303,831
대구,서구,202304,794
대구,서구,202305,738
대구,서구,202306,725
대구,서구,202307,720
대구,서구,202308,719
대구,서구,202309,719
대구,서구,202310,719
대구,서구,202311,719
대구,서구,202312,719
대구,서구,202401,719
대구,서구,202402,719
대구,서구,202403,959
대구,서구,202404,959
대구,서구,202405,959
대구,서구,202406,959
대구,서구,202407,911
대구,서구,202408,911
대구,서구,202409,911
대구,서구,202410,911
대구,서구,202411,896
대구,서구,202412,843
대구,서구,202501,831
대구,서구,202502,810
대구,서구,202503,793
대구,서구,202504,783
대구,서구,202505,777
대구,서구,202506,776
대구,서구,202507,774
대구,서구,202508,773
대구,서구,202509,765
대구,서구,202510,761
대구,서구,202511,750
대구,서구,202512,737
대구,서구,202601,713
대구,서구,202602,694
대구,서구,202603,666
대구,서구,202604,653
대구,서구,202605,146
대구,서구,202606,112
대구,서구,202607,65
대구,서구,202608,49
대구,동구,200701,1184
대구,동구,200702,1139
대구,동구,200703,1118
대구,동구,200704,1089
대구,동구,200705,1381
대구,동구,200706,1819
대구,동구,200707,1653
대구,동구,200708,1733
대구,동구,200709,1712
대구,동구,200710,1712
대구,동구,200711,2242
대구,동구,200712,2216
대구,동구,200801,2167
대구,동구,200802,2147
대구,동구,200803,2343
대구,동구,200804,2619
대구,동구,200805,3034
대구,동구,200806,3505
대구,동구,200807,3472
대구,동구,200808,3444
대구,동구,200809,3430
대구,동구,200810,3429
대구,동구,200811,3408
대구,동구,200812,319
대구,동구,200901,319
대구,동구,200902,310
대구,동구,200903,313
대구,동구,200904,1315
대구,동구,200905,1146
대구,동구,200906,952
대구,동구,200907,937
대구,동구,200908,926
대구,동구,200909,913
대구,동구,200910,1772
대구,동구,200911,881
대구,동구,200912,843
대구,동구,201001,1765
대구,동구,201002,1757
대구,동구,201003,1765
대구,동구,201004,1723
대구,동구,201005,1646
대구,동구,201006,1593
대구,동구,201007,1592
대구,동구,201008,1592
대구,동구,201009,1505
대구,동구,201010,1404
대구,동구,201011,1236
대구,동구,201012,1174
대구,동구,201101,1049
대구,동구,201102,951
대구,동구,201103,939
대구,동구,201104,933
대구,동구,201105,918
대구,동구,201106,1156
대구,동구,201107,1115
대구,동구,201108,1092
대구,동구,201109,1058
대구,동구,201110,1057
대구,동구,201111,1030
대구,동구,201112,986
대구,동구,201201,1003
대구,동구,201202,976
대구,동구,201203,755
대구,동구,201204,1003
대구,동구,201205,1145
대구,동구,201206,1170
대구,동구,201207,1150
대구,동구,201208,1253
대구,동구,201209,1033
대구,동구,201210,464
대구,동구,201211,495
대구,동구,201212,242
대구,동구,201301,132
대구,동구,201302,67
대구,동구,201303,41
대구,동구,201304,40
대구,동구,201305,20
대구,동구,201306,10
대구,동구,201307,10
대구,동구,201308,10
대구,동구,201309,19
대구,동구,201310,15
대구,동구,201311,15
대구,동구,201312,12
대구,동구,201401,10
대구,동구,201402,10
대구,동구,201403,25
대구,동구,201404,10
대구,동구,201405,10
대구,동구,201406,19
대구,동구,201407,19
대구,동구,201408,19
대구,동구,201409,19
대구,동구,201410,18
대구,동구,201411,8
대구,동구,201412,8
대구,동구,201501,0
대구,동구,201502,0
대구,동구,201503,0
대구,동구,201504,0
대구,동구,201505,0
대구,동구,201506,0
대구,동구,201507,0
대구,동구,201508,0
대구,동구,201509,98
대구,동구,201510,111
대구,동구,201511,104
대구,동구,201512,286
대구,동구,201601,283
대구,동구,201602,275
대구,동구,201603,362
대구,동구,201604,276
대구,동구,201605,243
대구,동구,201606,221
대구,동구,201607,214
대구,동구,201608,206
대구,동구,201609,202
대구,동구,201610,177
대구,동구,201611,166
대구,동구,201612,157
대구,동구,201701,152
대구,동구,201702,145
대구,동구,201703,133
대구,동구,201704,181
대구,동구,201705,169
대구,동구,201706,161
대구,동구,201707,152
대구,동구,201708,65
대구,동구,201709,63
대구,동구,201710,62
대구,동구,201711,62
대구,동구,201712,63
대구,동구,201801,59
대구,동구,201802,58
대구,동구,201803,58
대구,동구,201804,57
대구,동구,201805,56
대구,동구,201806,52
대구,동구,201807,426
대구,동구,201808,110
대구,동구,201809,67
대구,동구,201810,47
대구,동구,201811,44
대구,동구,201812,29
대구,동구,201901,23
대구,동구,201902,18
대구,동구,201903,13
대구,동구,201904,152
대구,동구,201905,374
대구,동구,201906,345
대구,동구,201907,340
대구,동구,201908,319
대구,동구,201909,290
대구,동구,201910,251
대구,동구,201911,218
대구,동구,201912,216
대구,동구,202001,150
대구,동구,202002,127
대구,동구,202003,126
대구,동구,202004,122
대구,동구,202005,116
대구,동구,202006,109
대구,동구,202007,103
대구,동구,202008,685
대구,동구,202009,413
대구,동구,202010,348
대구,동구,202011,233
대구,동구,202012,80
대구,동구,202101,56
대구,동구,202102,52
대구,동구,202103,45
대구,동구,202104,775
대구,동구,202105,1052
대구,동구,202106,848
대구,동구,202107,747
대구,동구,202108,1637
대구,동구,202109,1506
대구,동구,202110,1239
대구,동구,202111,1040
대구,동구,202112,905
대구,동구,202201,823
대구,동구,202202,1754
대구,동구,202203,1608
대구,동구,202204,1523
대구,동구,202205,1430
대구,동구,202206,1384
대구,동구,202207,1273
대구,동구,202208,1234
대구,동구,202209,1217
대구,동구,202210,1208
대구,동구,202211,1200
대구,동구,202212,1199
대구,동구,202301,1198
대구,동구,202302,1673
대구,동구,202303,1660
대구,동구,202304,1648
대구,동구,202305,1619
대구,동구,202306,1514
대구,동구,202307,1481
대구,동구,202308,1249
대구,동구,202309,1152
대구,동구,202310,1116
대구,동구,202311,1090
대구,동구,202312,1053
대구,동구,202401,1015
대구,동구,202402,987
대구,동구,202403,898
대구,동구,202404,839
대구,동구,202405,800
대구,동구,202406,768
대구,동구,202407,732
대구,동구,202408,659
대구,동구,202409,604
대구,동구,202410,544
대구,동구,202411,491
대구,동구,202412,477
대구,동구,202501,442
대구,동구,202502,850
대구,동구,202503,1079
대구,동구,202504,1059
대구,동구,202505,1042
대구,동구,202506,1561
대구,동구,202507,1427
대구,동구,202508,1362
대구,동구,202509,1299
대구,동구,202510,1083
대구,동구,202511,935
대구,동구,202512,838
대구,동구,202601,675
대구,동구,202602,652
대구,동구,202603,627
대구,동구,202604,593
대구,동구,202605,541
대구,동구,202606,504
대구,동구,202607,491
대구,동구,202608,470
대구,남구,200701,291
대구,남구,200702,286
대구,남구,200703,278
대구,남구,200704,270
대구,남구,200705,263
대구,남구,200706,260
대구,남구,200707,257
대구,남구,200708,254
대구,남구,200709,253
대구,남구,200710,249
대구,남구,200711,248
대구,남구,200712,526
대구,남구,200801,560
대구,남구,200802,471
대구,남구,200803,458
대구,남구,200804,436
대구,남구,200805,424
대구,남구,200806,461
대구,남구,200807,452
대구,남구,200808,455
대구,남구,200809,455
대구,남구,200810,448
대구,남구,200811,411
대구,남구,200812,411
대구,남구,200901,411
대구,남구,200902,407
대구,남구,200903,406
대구,남구,200904,399
대구,남구,200905,341
대구,남구,200906,360
대구,남구,200907,350
대구,남구,200908,344
대구,남구,200909,323
대구,남구,200910,308
대구,남구,200911,301
대구,남구,200912,295
대구,남구,201001,292
대구,남구,201002,551
대구,남구,201003,551
대구,남구,201004,552
대구,남구,201005,552
대구,남구,201006,552
대구,남구,201007,456
대구,남구,201008,456
대구,남구,201009,456
대구,남구,201010,536
대구,남구,201011,553
대구,남구,201012,541
대구,남구,201101,538
대구,남구,201102,536
대구,남구,201103,526
대구,남구,201104,507
대구,남구,201105,474
대구,남구,201106,451
대구,남구,201107,427
대구,남구,201108,413
대구,남구,201109,397
대구,남구,201110,372
대구,남구,201111,354
대구,남구,201112,331
대구,남구,201201,277
대구,남구,201202,231
대구,남구,201203,184
대구,남구,201204,153
대구,남구,201205,138
대구,남구,201206,128
대구,남구,201207,105
대구,남구,201208,82
대구,남구,201209,55
대구,남구,201210,3
대구,남구,201211,0
대구,남구,201212,0
대구,남구,201301,0
대구,남구,201302,0
대구,남구,201303,0
대구,남구,201304,0
대구,남구,201305,0
대구,남구,201306,0
대구,남구,201307,0
대구,남구,201308,0
대구,남구,201309,0
대구,남구,201310,0
대구,남구,201311,0
대구,남구,201312,0
대구,남구,201401,0
대구,남구,201402,0
대구,남구,201403,0
대구,남구,201404,0
대구,남구,201405,0
대구,남구,201406,0
대구,남구,201407,0
대구,남구,201408,0
대구,남구,201409,0
대구,남구,201410,0
대구,남구,201411,0
대구,남구,201412,0
대구,남구,201501,0
대구,남구,201502,0
대구,남구,201503,0
대구,남구,201504,0
대구,남구,201505,0
대구,남구,201506,0
대구,남구,201507,0
대구,남구,201508,0
대구,남구,201509,0
대구,남구,201510,0
대구,남구,201511,0
대구,남구,201512,0
대구,남구,201601,0
대구,남구,201602,0
대구,남구,201603,117
대구,남구,201604,52
대구,남구,201605,47
대구,남구,201606,38
대구,남구,201607,36
대구,남구,201608,53
대구,남구,201609,32
대구,남구,201610,32
대구,남구,201611,30
대구,남구,201612,29
대구,남구,201701,29
대구,남구,201702,28
대구,남구,201703,26
대구,남구,201704,22
대구,남구,201705,17
대구,남구,201706,1
대구,남구,201707,0
대구,남구,201708,0
대구,남구,201709,0
대구,남구,201710,0
대구,남구,201711,0
대구,남구,201712,0
대구,남구,201801,0
대구,남구,201802,0
대구,남구,201804,0
대구,남구,201807,0
대구,남구,201808,0
대구,남구,201811,0
대구,남구,201812,0
대구,남구,201901,0
대구,남구,201902,0
대구,남구,201903,0
대구,남구,201904,0
대구,남구,201905,0
대구,남구,201906,0
대구,남구,201907,0
대구,남구,201908,0
대구,남구,201909,0
대구,남구,201910,0
대구,남구,201912,0
대구,남구,202001,0
대구,남구,202002,0
대구,남구,202003,0
대구,남구,202004,0
대구,남구,202005,0
대구,남구,202006,0
대구,남구,202007,0
대구,남구,202008,0
대구,남구,202009,0
대구,남구,202010,0
대구,남구,202011,0
대구,남구,202012,0
대구,남구,202101,0
대구,남구,202102,0
대구,남구,202103,0
대구,남구,202104,0
대구,남구,202105,0
대구,남구,202106,0
대구,남구,202107,0
대구,남구,202108,0
대구,남구,202109,0
대구,남구,202110,0
대구,남구,202111,0
대구,남구,202112,0
대구,남구,202201,0
대구,남구,202202,0
대구,남구,202203,747
대구,남구,202204,730
대구,남구,202205,726
대구,남구,202206,720
대구,남구,202207,706
대구,남구,202208,1633
대구,남구,202209,1622
대구,남구,202210,1612
대구,남구,202211,1606
대구,남구,202212,3088
대구,남구,202301,3083
대구,남구,202302,3083
대구,남구,202303,3082
대구,남구,202304,3080
대구,남구,202305,3076
대구,남구,202306,2433
대구,남구,202307,2422
대구,남구,202308,2405
대구,남구,202309,2371
대구,남구,202310,2329
대구,남구,202311,2313
대구,남구,202312,2289
대구,남구,202401,2253
대구,남구,202402,2232
대구,남구,202403,2206
대구,남구,202404,2191
대구,남구,202405,2185
대구,남구,202406,2183
대구,남구,202407,1731
대구,남구,202408,1431
대구,남구,202409,1219
대구,남구,202410,1074
대구,남구,202411,992
대구,남구,202412,937
대구,남구,202501,914
대구,남구,202502,889
대구,남구,202503,861
대구,남구,202504,847
대구,남구,202505,837
대구,남구,202506,820
대구,남구,202507,803
대구,남구,202508,788
대구,남구,202509,764
대구,남구,202510,735
대구,남구,202511,709
대구,남구,202512,668
대구,남구,202601,602
대구,남구,202602,574
대구,남구,202603,570
대구,남구,202604,559
대구,남구,202605,549
대구,남구,202606,537
대구,남구,202607,524
대구,남구,202608,516
대구,북구,200701,866
대구,북구,200702,844
대구,북구,200703,799
대구,북구,200704,767
대구,북구,200705,738
대구,북구,200706,734
대구,북구,200707,726
대구,북구,200708,720
대구,북구,200709,717
대구,북구,200710,713
대구,북구,200711,714
대구,북구,200712,512
대구,북구,200801,1581
대구,북구,200802,1578
대구,북구,200803,1572
대구,북구,200804,1493
대구,북구,200805,1713
대구,북구,200806,2027
대구,북구,200807,2083
대구,북구,200808,2051
대구,북구,200809,2027
대구,북구,200810,1965
대구,북구,200811,2132
대구,북구,200812,2183
대구,북구,200901,2179
대구,북구,200902,2178
대구,북구,200903,2178
대구,북구,200904,2357
대구,북구,200905,2377
대구,북구,200906,2336
대구,북구,200907,2304
대구,북구,200908,2280
대구,북구,200909,1892
대구,북구,200910,1863
대구,북구,200911,1853
대구,북구,200912,1842
대구,북구,201001,1831
대구,북구,201002,1821
대구,북구,201003,1838
대구,북구,201004,1827
대구,북구,201005,1817
대구,북구,201006,1807
대구,북구,201007,1873
대구,북구,201008,1494
대구,북구,201009,637
대구,북구,201010,615
대구,북구,201011,845
대구,북구,201012,834
대구,북구,201101,804
대구,북구,201102,772
대구,북구,201103,679
대구,북구,201104,603
대구,북구,201105,510
대구,북구,201106,445
대구,북구,201107,408
대구,북구,201108,374
대구,북구,201109,354
대구,북구,201110,554
대구,북구,201111,517
대구,북구,201112,480
대구,북구,201201,581
대구,북구,201202,398
대구,북구,201203,357
대구,북구,201204,317
대구,북구,201205,254
대구,북구,201206,163
대구,북구,201207,134
대구,북구,201208,114
대구,북구,201209,108
대구,북구,201210,541
대구,북구,201211,283
대구,북구,201212,133
대구,북구,201301,97
대구,북구,201302,65
대구,북구,201303,37
대구,북구,201304,24
대구,북구,201305,19
대구,북구,201306,19
대구,북구,201307,13
대구,북구,201308,6
대구,북구,201309,4
대구,북구,201310,4
대구,북구,201311,4
대구,북구,201312,4
대구,북구,201401,4
대구,북구,201402,4
대구,북구,201403,21
대구,북구,201404,9
대구,북구,201405,8
대구,북구,201406,8
대구,북구,201407,8
대구,북구,201408,8
대구,북구,201409,8
대구,북구,201410,8
대구,북구,201411,8
대구,북구,201412,0
대구,북구,201501,0
대구,북구,201502,0
대구,북구,201503,0
대구,북구,201504,0
대구,북구,201505,0
대구,북구,201506,0
대구,북구,201507,0
대구,북구,201508,0
대구,북구,201509,0
대구,북구,201510,0
대구,북구,201511,0
대구,북구,201512,163
대구,북구,201601,107
대구,북구,201602,70
대구,북구,201603,70
대구,북구,201604,50
대구,북구,201605,50
대구,북구,201606,48
대구,북구,201607,48
대구,북구,201608,241
대구,북구,201609,160
대구,북구,201610,107
대구,북구,201611,79
대구,북구,201612,73
대구,북구,201701,56
대구,북구,201702,42
대구,북구,201703,71
대구,북구,201704,59
대구,북구,201705,52
대구,북구,201706,30
대구,북구,201707,5
대구,북구,201708,0
대구,북구,201709,0
대구,북구,201710,0
대구,북구,201711,0
대구,북구,201712,0
대구,북구,201801,0
대구,북구,201802,0
대구,북구,201804,0
대구,북구,201807,0
대구,북구,201808,0
대구,북구,201811,0
대구,북구,201812,0
대구,북구,201901,0
대구,북구,201902,0
대구,북구,201903,0
대구,북구,201904,0
대구,북구,201905,51
대구,북구,201906,47
대구,북구,201907,261
대구,북구,201908,209
대구,북구,201909,154
대구,북구,201910,125
대구,북구,201911,7
대구,북구,201912,6
대구,북구,202001,5
대구,북구,202002,5
대구,북구,202003,5
대구,북구,202004,5
대구,북구,202005,5
대구,북구,202006,3
대구,북구,202007,2
대구,북구,202008,231
대구,북구,202009,231
대구,북구,202010,170
대구,북구,202011,32
대구,북구,202012,0
대구,북구,202101,5
대구,북구,202102,5
대구,북구,202103,5
대구,북구,202104,5
대구,북구,202105,78
대구,북구,202106,76
대구,북구,202107,317
대구,북구,202108,327
대구,북구,202109,221
대구,북구,202110,181
대구,북구,202111,167
대구,북구,202112,158
대구,북구,202201,158
대구,북구,202202,158
대구,북구,202203,156
대구,북구,202204,155
대구,북구,202205,355
대구,북구,202206,352
대구,북구,202207,309
대구,북구,202208,295
대구,북구,202209,502
대구,북구,202210,709
대구,북구,202211,1514
대구,북구,202212,1515
대구,북구,202301,1514
대구,북구,202302,1512
대구,북구,202303,1515
대구,북구,202304,1491
대구,북구,202305,1482
대구,북구,202306,1472
대구,북구,202307,1456
대구,북구,202308,1446
대구,북구,202309,1432
대구,북구,202310,1431
대구,북구,202311,1430
대구,북구,202312,1430
대구,북구,202401,1432
대구,북구,202402,1393
대구,북구,202403,1378
대구,북구,202404,1377
대구,북구,202405,1372
대구,북구,202406,1356
대구,북구,202407,2324
대구,북구,202408,2239
대구,북구,202409,2086
대구,북구,202410,2032
대구,북구,202411,1924
대구,북구,202412,1835
대구,북구,202501,1794
대구,북구,202502,1766
대구,북구,202503,1710
대구,북구,202504,1671
대구,북구,202505,1608
대구,북구,202506,1540
대구,북구,202507,1267
대구,북구,202508,1219
대구,북구,202509,1188
대구,북구,202510,1163
대구,북구,202511,1110
대구,북구,202512,1079
대구,북구,202601,959
대구,북구,202602,898
대구,북구,202603,835
대구,북구,202604,806
대구,북구,202605,793
대구,북구,202606,781
대구,북구,202607,769
대구,북구,202608,701
대구,수성구,200701,2608
대구,수성구,200702,2514
대구,수성구,200703,2498
대구,수성구,200704,2437
대구,수성구,200705,2621
대구,수성구,200706,2510
대구,수성구,200707,2485
대구,수성구,200708,2350
대구,수성구,200709,2347
대구,수성구,200710,2324
대구,수성구,200711,2358
대구,수성구,200712,2319
대구,수성구,200801,2332
대구,수성구,200802,3322
대구,수성구,200803,3085
대구,수성구,200804,3072
대구,수성구,200805,3054
대구,수성구,200806,4800
대구,수성구,200807,4826
대구,수성구,200808,4817
대구,수성구,200809,4836
대구,수성구,200810,4798
대구,수성구,200811,5274
대구,수성구,200812,5257
대구,수성구,200901,5241
대구,수성구,200902,5129
대구,수성구,200903,5475
대구,수성구,200904,4589
대구,수성구,200905,4178
대구,수성구,200906,4107
대구,수성구,200907,3786
대구,수성구,200908,3582
대구,수성구,200909,3250
대구,수성구,200910,3168
대구,수성구,200911,2968
대구,수성구,200912,2934
대구,수성구,201001,2897
대구,수성구,201002,2902
대구,수성구,201003,2915
대구,수성구,201004,2900
대구,수성구,201005,2875
대구,수성구,201006,2943
대구,수성구,201007,2914
대구,수성구,201008,2905
대구,수성구,201009,2891
대구,수성구,201010,2369
대구,수성구,201011,2801
대구,수성구,201012,2735
대구,수성구,201101,2696
대구,수성구,201102,3070
대구,수성구,201103,2980
대구,수성구,201104,2825
대구,수성구,201105,2872
대구,수성구,201106,3750
대구,수성구,201107,3554
대구,수성구,201108,3387
대구,수성구,201109,3260
대구,수성구,201110,2912
대구,수성구,201111,2772
대구,수성구,201112,2567
대구,수성구,201201,2445
대구,수성구,201202,2294
대구,수성구,201203,2194
대구,수성구,201204,2000
대구,수성구,201205,1903
대구,수성구,201206,1844
대구,수성구,201207,1802
대구,수성구,201208,1755
대구,수성구,201209,1694
대구,수성구,201210,1556
대구,수성구,201211,1405
대구,수성구,201212,1325
대구,수성구,201301,1239
대구,수성구,201302,1194
대구,수성구,201303,1122
대구,수성구,201304,1084
대구,수성구,201305,1122
대구,수성구,201306,1042
대구,수성구,201307,990
대구,수성구,201308,906
대구,수성구,201309,831
대구,수성구,201310,777
대구,수성구,201311,755
대구,수성구,201312,429
대구,수성구,201401,402
대구,수성구,201402,372
대구,수성구,201403,335
대구,수성구,201404,167
대구,수성구,201405,122
대구,수성구,201406,109
대구,수성구,201407,96
대구,수성구,201408,80
대구,수성구,201409,80
대구,수성구,201410,77
대구,수성구,201411,77
대구,수성구,201412,59
대구,수성구,201501,59
대구,수성구,201502,39
대구,수성구,201503,27
대구,수성구,201504,17
대구,수성구,201505,6
대구,수성구,201506,0
대구,수성구,201507,0
대구,수성구,201508,0
대구,수성구,201509,0
대구,수성구,201510,0
대구,수성구,201511,0
대구,수성구,201512,0
대구,수성구,201601,0
대구,수성구,201602,0
대구,수성구,201603,0
대구,수성구,201604,105
대구,수성구,201605,46
대구,수성구,201606,1
대구,수성구,201607,41
대구,수성구,201608,39
대구,수성구,201609,39
대구,수성구,201610,39
대구,수성구,201611,31
대구,수성구,201612,21
대구,수성구,201701,17
대구,수성구,201702,13
대구,수성구,201703,9
대구,수성구,201704,7
대구,수성구,201705,6
대구,수성구,201706,1
대구,수성구,201707,1
대구,수성구,201708,1
대구,수성구,201709,0
대구,수성구,201710,0
대구,수성구,201711,0
대구,수성구,201712,0
대구,수성구,201801,27
대구,수성구,201802,27
대구,수성구,201803,27
대구,수성구,201804,27
대구,수성구,201805,27
대구,수성구,201806,26
대구,수성구,201807,26
대구,수성구,201808,99
대구,수성구,201809,89
대구,수성구,201810,86
대구,수성구,201811,79
대구,수성구,201812,77
대구,수성구,201901,74
대구,수성구,201902,72
대구,수성구,201903,70
대구,수성구,201904,69
대구,수성구,201905,124
대구,수성구,201906,65
대구,수성구,201907,61
대구,수성구,201908,58
대구,수성구,201909,56
대구,수성구,201910,51
대구,수성구,201911,249
대구,수성구,201912,410
대구,수성구,202001,393
대구,수성구,202002,371
대구,수성구,202003,368
대구,수성구,202004,361
대구,수성구,202005,350
대구,수성구,202006,323
대구,수성구,202007,286
대구,수성구,202008,204
대구,수성구,202009,132
대구,수성구,202010,72
대구,수성구,202011,46
대구,수성구,202012,45
대구,수성구,202101,44
대구,수성구,202102,34
대구,수성구,202103,27
대구,수성구,202104,26
대구,수성구,202105,25
대구,수성구,202106,24
대구,수성구,202107,24
대구,수성구,202108,186
대구,수성구,202109,182
대구,수성구,202110,197
대구,수성구,202111,171
대구,수성구,202112,163
대구,수성구,202201,439
대구,수성구,202202,431
대구,수성구,202203,412
대구,수성구,202204,886
대구,수성구,202205,858
대구,수성구,202206,844
대구,수성구,202207,2095
대구,수성구,202208,2073
대구,수성구,202209,3044
대구,수성구,202210,3116
대구,수성구,202211,3107
대구,수성구,202212,3105
대구,수성구,202301,3240
대구,수성구,202302,3224
대구,수성구,202303,2528
대구,수성구,202304,2449
대구,수성구,202305,2271
대구,수성구,202306,1740
대구,수성구,202307,1619
대구,수성구,202308,1513
대구,수성구,202309,1445
대구,수성구,202310,1428
대구,수성구,202311,1444
대구,수성구,202312,1440
대구,수성구,202401,1439
대구,수성구,202402,1429
대구,수성구,202403,1313
대구,수성구,202404,1271
대구,수성구,202405,1204
대구,수성구,202406,1525
대구,수성구,202407,1437
대구,수성구,202408,1321
대구,수성구,202409,1256
대구,수성구,202410,1196
대구,수성구,202411,1153
대구,수성구,202412,1066
대구,수성구,202501,1123
대구,수성구,202502,1092
대구,수성구,202503,1061
대구,수성구,202504,1031
대구,수성구,202505,708
대구,수성구,202506,710
대구,수성구,202507,1165
대구,수성구,202508,1055
대구,수성구,202509,954
대구,수성구,202510,835
대구,수성구,202511,749
대구,수성구,202512,686
대구,수성구,202601,630
대구,수성구,202602,597
대구,수성구,202603,572
대구,수성구,202604,533
대구,수성구,202605,518
대구,수성구,202606,512
대구,수성구,202607,510
대구,수성구,202608,507
대구,달서구,200701,3114
대구,달서구,200702,3076
대구,달서구,200703,3023
대구,달서구,200704,2982
대구,달서구,200705,4424
대구,달서구,200706,5059
대구,달서구,200707,4994
대구,달서구,200708,4955
대구,달서구,200709,4859
대구,달서구,200710,4842
대구,달서구,200711,4630
대구,달서구,200712,4622
대구,달서구,200801,4792
대구,달서구,200802,5928
대구,달서구,200803,5909
대구,달서구,200804,6073
대구,달서구,200805,6185
대구,달서구,200806,7565
대구,달서구,200807,7607
대구,달서구,200808,7713
대구,달서구,200809,7762
대구,달서구,200810,7746
대구,달서구,200811,7723
대구,달서구,200812,7739
대구,달서구,200901,8040
대구,달서구,200902,7992
대구,달서구,200903,7886
대구,달서구,200904,7883
대구,달서구,200905,7755
대구,달서구,200906,7636
대구,달서구,200907,7327
대구,달서구,200908,7111
대구,달서구,200909,7009
대구,달서구,200910,6729
대구,달서구,200911,6686
대구,달서구,200912,6665
대구,달서구,201001,6653
대구,달서구,201002,6607
대구,달서구,201003,6548
대구,달서구,201004,7110
대구,달서구,201005,7057
대구,달서구,201006,6998
대구,달서구,201007,6999
대구,달서구,201008,7164
대구,달서구,201009,6801
대구,달서구,201010,7949
대구,달서구,201011,6659
대구,달서구,201012,6017
대구,달서구,201101,5523
대구,달서구,201102,4952
대구,달서구,201103,4654
대구,달서구,201104,4245
대구,달서구,201105,3799
대구,달서구,201106,3641
대구,달서구,201107,3465
대구,달서구,201108,3318
대구,달서구,201109,3143
대구,달서구,201110,2943
대구,달서구,201111,2797
대구,달서구,201112,2642
대구,달서구,201201,1556
대구,달서구,201202,1400
대구,달서구,201203,1258
대구,달서구,201204,1165
대구,달서구,201205,1086
대구,달서구,201206,990
대구,달서구,201207,829
대구,달서구,201208,775
대구,달서구,201209,942
대구,달서구,201210,788
대구,달서구,201211,558
대구,달서구,201212,599
대구,달서구,201301,548
대구,달서구,201302,496
대구,달서구,201303,465
대구,달서구,201304,403
대구,달서구,201305,324
대구,달서구,201306,288
대구,달서구,201307,256
대구,달서구,201308,223
대구,달서구,201309,195
대구,달서구,201310,164
대구,달서구,201311,154
대구,달서구,201312,121
대구,달서구,201401,192
대구,달서구,201402,59
대구,달서구,201403,16
대구,달서구,201404,2
대구,달서구,201405,1
대구,달서구,201406,1
대구,달서구,201407,1
대구,달서구,201408,1
대구,달서구,201409,1
대구,달서구,201410,1
대구,달서구,201411,1
대구,달서구,201412,1
대구,달서구,201501,1
대구,달서구,201502,0
대구,달서구,201503,0
대구,달서구,201504,0
대구,달서구,201505,0
대구,달서구,201506,0
대구,달서구,201507,0
대구,달서구,201508,0
대구,달서구,201509,0
대구,달서구,201510,0
대구,달서구,201511,0
대구,달서구,201512,0
대구,달서구,201601,0
대구,달서구,201602,0
대구,달서구,201603,8
대구,달서구,201604,6
대구,달서구,201605,6
대구,달서구,201606,6
대구,달서구,201607,5
대구,달서구,201608,5
대구,달서구,201609,4
대구,달서구,201610,3
대구,달서구,201611,3
대구,달서구,201612,3
대구,달서구,201701,3
대구,달서구,201702,3
대구,달서구,201703,3
대구,달서구,201704,3
대구,달서구,201705,3
대구,달서구,201706,21
대구,달서구,201707,0
대구,달서구,201708,0
대구,달서구,201709,0
대구,달서구,201710,0
대구,달서구,201711,0
대구,달서구,201712,0
대구,달서구,201801,0
대구,달서구,201802,0
대구,달서구,201804,10
대구,달서구,201805,10
대구,달서구,201806,8
대구,달서구,201807,7
대구,달서구,201808,6
대구,달서구,201809,8
대구,달서구,201810,7
대구,달서구,201811,7
대구,달서구,201812,7
대구,달서구,201901,7
대구,달서구,201902,27
대구,달서구,201903,27
대구,달서구,201904,180
대구,달서구,201905,165
대구,달서구,201906,141
대구,달서구,201907,123
대구,달서구,201908,116
대구,달서구,201909,84
대구,달서구,201910,44
대구,달서구,201911,26
대구,달서구,201912,14
대구,달서구,202001,83
대구,달서구,202002,32
대구,달서구,202003,28
대구,달서구,202004,89
대구,달서구,202005,207
대구,달서구,202006,67
대구,달서구,202007,9
대구,달서구,202008,11
대구,달서구,202009,10
대구,달서구,202010,10
대구,달서구,202011,10
대구,달서구,202012,3
대구,달서구,202101,2
대구,달서구,202102,2
대구,달서구,202103,2
대구,달서구,202104,37
대구,달서구,202105,7
대구,달서구,202106,1
대구,달서구,202107,1
대구,달서구,202108,1
대구,달서구,202109,1
대구,달서구,202110,1
대구,달서구,202111,1
대구,달서구,202112,43
대구,달서구,202201,1538
대구,달서구,202202,1513
대구,달서구,202203,2409
대구,달서구,202204,2379
대구,달서구,202205,2360
대구,달서구,202206,2346
대구,달서구,202207,2086
대구,달서구,202208,2049
대구,달서구,202209,2306
대구,달서구,202210,2339
대구,달서구,202211,2388
대구,달서구,202212,2435
대구,달서구,202301,2486
대구,달서구,202302,2491
대구,달서구,202303,2453
대구,달서구,202304,2436
대구,달서구,202305,2419
대구,달서구,202306,2363
대구,달서구,202307,2320
대구,달서구,202308,2287
대구,달서구,202309,2257
대구,달서구,202310,2238
대구,달서구,202311,2223
대구,달서구,202312,2205
대구,달서구,202401,2160
대구,달서구,202402,2095
대구,달서구,202403,2063
대구,달서구,202404,2055
대구,달서구,202405,2052
대구,달서구,202406,2006
대구,달서구,202407,1971
대구,달서구,202408,1906
대구,달서구,202409,1871
대구,달서구,202410,1846
대구,달서구,202411,1833
대구,달서구,202412,2805
대구,달서구,202501,2795
대구,달서구,202502,2808
대구,달서구,202503,2849
대구,달서구,202504,2719
대구,달서구,202505,2670
대구,달서구,202506,2656
대구,달서구,202507,2618
대구,달서구,202508,2654
대구,달서구,202509,2661
대구,달서구,202510,2430
대구,달서구,202511,2430
대구,달서구,202512,1438
대구,달서구,202601,1351
대구,달서구,202602,1343
대구,달서구,202603,1253
대구,달서구,202604,1217
대구,달서구,202605,1305
대구,달서구,202606,1174
대구,달서구,202607,1164
대구,달서구,202608,1169
대구,달성군,200701,1048
대구,달성군,200702,1048
대구,달성군,200703,1037
대구,달성군,200704,1035
대구,달성군,200705,1032
대구,달성군,200706,1028
대구,달성군,200707,1028
대구,달성군,200708,1028
대구,달성군,200709,1026
대구,달성군,200710,1011
대구,달성군,200711,1008
대구,달성군,200712,1007
대구,달성군,200801,1007
대구,달성군,200802,1006
대구,달성군,200803,1006
대구,달성군,200804,1006
대구,달성군,200805,1006
대구,달성군,200806,1005
대구,달성군,200807,1725
대구,달성군,200808,1717
대구,달성군,200809,1680
대구,달성군,200810,1647
대구,달성군,200811,1728
대구,달성군,200812,1728
대구,달성군,200901,1630
대구,달성군,200902,1626
대구,달성군,200903,1598
대구,달성군,200904,1611
대구,달성군,200905,1614
대구,달성군,200906,1463
대구,달성군,200907,1427
대구,달성군,200908,1381
대구,달성군,200909,1372
대구,달성군,200910,1374
대구,달성군,200911,1353
대구,달성군,200912,1346
대구,달성군,201001,1316
대구,달성군,201002,1296
대구,달성군,201003,1279
대구,달성군,201004,1276
대구,달성군,201005,1267
대구,달성군,201006,1257
대구,달성군,201007,1251
대구,달성군,201008,1237
대구,달성군,201009,1234
대구,달성군,201010,1226
대구,달성군,201011,1217
대구,달성군,201012,680
대구,달성군,201101,613
대구,달성군,201102,506
대구,달성군,201103,443
대구,달성군,201104,373
대구,달성군,201105,291
대구,달성군,201106,214
대구,달성군,201107,168
대구,달성군,201108,116
대구,달성군,201109,91
대구,달성군,201110,77
대구,달성군,201111,73
대구,달성군,201112,73
대구,달성군,201201,73
대구,달성군,201202,73
대구,달성군,201203,73
대구,달성군,201204,68
대구,달성군,201205,66
대구,달성군,201206,59
대구,달성군,201207,57
대구,달성군,201208,55
대구,달성군,201209,53
대구,달성군,201210,54
대구,달성군,201211,51
대구,달성군,201212,148
대구,달성군,201301,122
대구,달성군,201302,106
대구,달성군,201303,72
대구,달성군,201304,48
대구,달성군,201305,35
대구,달성군,201306,23
대구,달성군,201307,14
대구,달성군,201308,4
대구,달성군,201309,261
대구,달성군,201310,184
대구,달성군,201311,123
대구,달성군,201312,557
대구,달성군,201401,246
대구,달성군,201402,95
대구,달성군,201403,53
대구,달성군,201404,36
대구,달성군,201405,349
대구,달성군,201406,158
대구,달성군,201407,1558
대구,달성군,201408,917
대구,달성군,201409,595
대구,달성군,201410,614
대구,달성군,201411,391
대구,달성군,201412,871
대구,달성군,201501,722
대구,달성군,201502,561
대구,달성군,201503,387
대구,달성군,201504,145
대구,달성군,201505,11
대구,달성군,201506,11
대구,달성군,201507,10
대구,달성군,201508,10
대구,달성군,201509,10
대구,달성군,201510,10
대구,달성군,201511,10
대구,달성군,201512,1947
대구,달성군,201601,1416
대구,달성군,201602,1321
대구,달성군,201603,1212
대구,달성군,201604,1149
대구,달성군,201605,1070
대구,달성군,201606,916
대구,달성군,201607,881
대구,달성군,201608,1087
대구,달성군,201609,967
대구,달성군,201610,777
대구,달성군,201611,669
대구,달성군,201612,632
대구,달성군,201701,571
대구,달성군,201702,472
대구,달성군,201703,385
대구,달성군,201704,235
대구,달성군,201705,114
대구,달성군,201706,63
대구,달성군,201707,57
대구,달성군,201708,51
대구,달성군,201709,48
대구,달성군,201710,44
대구,달성군,201711,44
대구,달성군,201712,44
대구,달성군,201801,43
대구,달성군,201802,36
대구,달성군,201803,55
대구,달성군,201804,128
대구,달성군,201805,94
대구,달성군,201806,414
대구,달성군,201807,882
대구,달성군,201808,728
대구,달성군,201809,579
대구,달성군,201810,433
대구,달성군,201811,299
대구,달성군,201812,249
대구,달성군,201901,187
대구,달성군,201902,621
대구,달성군,201903,596
대구,달성군,201904,1184
대구,달성군,201905,1100
대구,달성군,201906,1026
대구,달성군,201907,929
대구,달성군,201908,934
대구,달성군,201909,875
대구,달성군,201910,807
대구,달성군,201911,699
대구,달성군,201912,556
대구,달성군,202001,512
대구,달성군,202002,475
대구,달성군,202003,463
대구,달성군,202004,458
대구,달성군,202005,457
대구,달성군,202006,435
대구,달성군,202007,554
대구,달성군,202008,490
대구,달성군,202009,427
대구,달성군,202010,522
대구,달성군,202011,343
대구,달성군,202012,149
대구,달성군,202101,89
대구,달성군,202102,70
대구,달성군,202103,45
대구,달성군,202104,30
대구,달성군,202105,0
대구,달성군,202106,21
대구,달성군,202107,21
대구,달성군,202108,21
대구,달성군,202109,21
대구,달성군,202110,20
대구,달성군,202111,20
대구,달성군,202112,20
대구,달성군,202201,20
대구,달성군,202202,20
대구,달성군,202203,39
대구,달성군,202204,39
대구,달성군,202205,39
대구,달성군,202206,50
대구,달성군,202207,50
대구,달성군,202208,50
대구,달성군,202209,43
대구,달성군,202210,43
대구,달성군,202211,43
대구,달성군,202212,43
대구,달성군,202301,43
대구,달성군,202302,43
대구,달성군,202303,43
대구,달성군,202304,43
대구,달성군,202305,43
대구,달성군,202306,77
대구,달성군,202307,77
대구,달성군,202308,77
대구,달성군,202309,77
대구,달성군,202310,76
대구,달성군,202311,75
대구,달성군,202312,75
대구,달성군,202401,75
대구,달성군,202402,75
대구,달성군,202403,75
대구,달성군,202404,75
대구,달성군,202405,75
대구,달성군,202406,75
대구,달성군,202407,75
대구,달성군,202408,75
대구,달성군,202409,75
대구,달성군,202410,75
대구,달성군,202411,74
대구,달성군,202412,74
대구,달성군,202501,73
대구,달성군,202502,72
대구,달성군,202503,72
대구,달성군,202504,70
대구,달성군,202505,64
대구,달성군,202506,61
대구,달성군,202507,58
대구,달성군,202508,58
대구,달성군,202509,55
대구,달성군,202510,53
대구,달성군,202511,48
대구,달성군,202512,44
대구,달성군,202601,44
대구,달성군,202602,42
대구,달성군,202603,41
대구,달성군,202604,39
대구,달성군,202605,35
대구,달성군,202606,34
대구,달성군,202607,30
대구,달성군,202608,28
대구,군위군,202307,0
대구,군위군,202308,0
대구,군위군,202309,0
대구,군위군,202310,0
대구,군위군,202311,0
대구,군위군,202312,0
대구,군위군,202401,0
대구,군위군,202402,0
대구,군위군,202403,0
대구,군위군,202404,0
대구,군위군,202405,0
대구,군위군,202406,0
대구,군위군,202407,0
대구,군위군,202408,0
대구,군위군,202409,0
대구,군위군,202410,0
대구,군위군,202411,0
대구,군위군,202412,0
대구,군위군,202501,0
대구,군위군,202502,0
대구,군위군,202503,0
대구,군위군,202504,0
대구,군위군,202505,0
대구,군위군,202506,0
대구,군위군,202507,0
대구,군위군,202508,0
대구,군위군,202509,0
대구,군위군,202510,0
대구,군위군,202511,0
대구,군위군,202512,0
대구,군위군,202601,0
대구,군위군,202602,0
대구,군위군,202603,0
대구,군위군,202604,0
대구,군위군,202605,0
대구,군위군,202606,0
대구,군위군,202607,0
대구,군위군,202608,0
인천,중구,200701,0
인천,중구,200702,0
인천,중구,200703,0
인천,중구,200704,0
인천,중구,200705,0
인천,중구,200706,0
인천,중구,200707,0
인천,중구,200708,0
인천,중구,200709,0
인천,중구,200710,0
인천,중구,200711,0
인천,중구,200712,0
인천,중구,200801,0
인천,중구,200802,0
인천,중구,200803,0
인천,중구,200804,0
인천,중구,200805,0
인천,중구,200806,0
인천,중구,200807,0
인천,중구,200808,0
인천,중구,200809,0
인천,중구,200810,0
인천,중구,200811,0
인천,중구,200812,0
인천,중구,200901,0
인천,중구,200902,101
인천,중구,200903,101
인천,중구,200904,102
인천,중구,200905,102
인천,중구,200906,102
인천,중구,200907,102
인천,중구,200908,102
인천,중구,200909,99
인천,중구,200910,99
인천,중구,200911,3191
인천,중구,200912,2859
인천,중구,201001,1821
인천,중구,201002,1440
인천,중구,201003,1345
인천,중구,201004,1313
인천,중구,201005,1295
인천,중구,201006,1285
인천,중구,201007,1248
인천,중구,201008,1236
인천,중구,201009,1230
인천,중구,201010,1219
인천,중구,201011,1198
인천,중구,201012,1186
인천,중구,201101,1146
인천,중구,201102,1138
인천,중구,201103,1119
인천,중구,201104,1114
인천,중구,201105,1114
인천,중구,201106,1111
인천,중구,201107,1111
인천,중구,201108,1122
인천,중구,201109,1117
인천,중구,201110,1114
인천,중구,201111,1113
인천,중구,201112,1107
인천,중구,201201,1093
인천,중구,201202,1082
인천,중구,201203,1075
인천,중구,201204,1062
인천,중구,201205,1047
인천,중구,201206,1034
인천,중구,201207,986
인천,중구,201208,986
인천,중구,201209,986
인천,중구,201210,1118
인천,중구,201211,1115
인천,중구,201212,1119
인천,중구,201301,1122
인천,중구,201302,1123
인천,중구,201303,1198
인천,중구,201304,1238
인천,중구,201305,1239
인천,중구,201306,1237
인천,중구,201307,1229
인천,중구,201308,1225
인천,중구,201309,1217
인천,중구,201310,1079
인천,중구,201311,1136
인천,중구,201312,1171
인천,중구,201401,1254
인천,중구,201402,1290
인천,중구,201403,1282
인천,중구,201404,1324
인천,중구,201405,1485
인천,중구,201406,1412
인천,중구,201407,1278
인천,중구,201408,1172
인천,중구,201409,1052
인천,중구,201410,1004
인천,중구,201411,907
인천,중구,201412,836
인천,중구,201501,828
인천,중구,201502,825
인천,중구,201503,819
인천,중구,201504,819
인천,중구,201505,819
인천,중구,201506,818
인천,중구,201507,818
인천,중구,201508,818
인천,중구,201509,818
인천,중구,201510,818
인천,중구,201511,818
인천,중구,201512,797
인천,중구,201601,797
인천,중구,201602,797
인천,중구,201603,797
인천,중구,201604,797
인천,중구,201605,797
인천,중구,201606,1319
인천,중구,201607,1242
인천,중구,201608,1219
인천,중구,201609,1004
인천,중구,201610,1697
인천,중구,201611,2467
인천,중구,201612,2107
인천,중구,201701,1906
인천,중구,201702,1751
인천,중구,201703,2643
인천,중구,201704,2386
인천,중구,201705,2222
인천,중구,201706,2158
인천,중구,201707,1862
인천,중구,201708,1476
인천,중구,201709,1709
인천,중구,201710,1404
인천,중구,201711,1247
인천,중구,201712,998
인천,중구,201801,778
인천,중구,201802,720
인천,중구,201803,704
인천,중구,201804,693
인천,중구,201805,670
인천,중구,201806,653
인천,중구,201807,633
인천,중구,201808,629
인천,중구,201809,607
인천,중구,201810,607
인천,중구,201811,598
인천,중구,201812,582
인천,중구,201901,581
인천,중구,201902,581
인천,중구,201903,567
인천,중구,201904,563
인천,중구,201905,536
인천,중구,201906,513
인천,중구,201907,460
인천,중구,201908,671
인천,중구,201909,577
인천,중구,201910,437
인천,중구,201911,267
인천,중구,201912,516
인천,중구,202001,263
인천,중구,202002,104
인천,중구,202003,102
인천,중구,202004,91
인천,중구,202005,85
인천,중구,202006,77
인천,중구,202007,76
인천,중구,202008,76
인천,중구,202009,76
인천,중구,202010,358
인천,중구,202011,281
인천,중구,202012,196
인천,중구,202101,104
인천,중구,202102,75
인천,중구,202103,75
인천,중구,202104,75
인천,중구,202105,75
인천,중구,202106,75
인천,중구,202107,83
인천,중구,202108,83
인천,중구,202109,78
인천,중구,202110,75
인천,중구,202111,75
인천,중구,202112,75
인천,중구,202201,74
인천,중구,202202,74
인천,중구,202203,73
인천,중구,202204,73
인천,중구,202205,73
인천,중구,202206,72
인천,중구,202207,72
인천,중구,202208,70
인천,중구,202209,70
인천,중구,202210,70
인천,중구,202211,954
인천,중구,202212,877
인천,중구,202301,1020
인천,중구,202302,919
인천,중구,202303,765
인천,중구,202304,641
인천,중구,202305,490
인천,중구,202306,341
인천,중구,202307,177
인천,중구,202308,113
인천,중구,202309,81
인천,중구,202310,71
인천,중구,202311,65
인천,중구,202312,333
인천,중구,202401,261
인천,중구,202402,226
인천,중구,202403,208
인천,중구,202404,183
인천,중구,202405,622
인천,중구,202406,515
인천,중구,202407,299
인천,중구,202408,167
인천,중구,202409,75
인천,중구,202410,49
인천,중구,202411,47
인천,중구,202412,47
인천,중구,202501,47
인천,중구,202502,47
인천,중구,202503,37
인천,중구,202504,37
인천,중구,202505,36
인천,중구,202506,35
인천,중구,202507,35
인천,중구,202508,33
인천,중구,202509,33
인천,중구,202510,33
인천,중구,202511,33
인천,중구,202512,33
인천,중구,202601,1683
인천,중구,202602,1568
인천,중구,202603,1653
인천,중구,202604,1588
인천,중구,202605,1810
인천,중구,202606,1629
인천,서구,200701,40
인천,서구,200702,178
인천,서구,200703,169
인천,서구,200704,163
인천,서구,200705,144
인천,서구,200706,132
인천,서구,200707,125
인천,서구,200708,123
인천,서구,200709,123
인천,서구,200710,109
인천,서구,200711,109
인천,서구,200712,109
인천,서구,200801,107
인천,서구,200802,1050
인천,서구,200803,770
인천,서구,200804,665
인천,서구,200805,533
인천,서구,200806,547
인천,서구,200807,500
인천,서구,200808,455
인천,서구,200809,423
인천,서구,200810,411
인천,서구,200811,446
인천,서구,200812,49
인천,서구,200901,49
인천,서구,200902,49
인천,서구,200903,49
인천,서구,200904,49
인천,서구,200905,49
인천,서구,200906,49
인천,서구,200907,48
인천,서구,200908,48
인천,서구,200909,48
인천,서구,200910,285
인천,서구,200911,212
인천,서구,200912,211
인천,서구,201001,887
인천,서구,201002,790
인천,서구,201003,758
인천,서구,201004,741
인천,서구,201005,735
인천,서구,201006,733
인천,서구,201007,734
인천,서구,201008,735
인천,서구,201009,735
인천,서구,201010,1046
인천,서구,201011,1044
인천,서구,201012,803
인천,서구,201101,802
인천,서구,201102,802
인천,서구,201103,792
인천,서구,201104,791
인천,서구,201105,787
인천,서구,201106,792
인천,서구,201107,792
인천,서구,201108,794
인천,서구,201109,792
인천,서구,201110,775
인천,서구,201111,758
인천,서구,201112,739
인천,서구,201201,742
인천,서구,201202,747
인천,서구,201203,697
인천,서구,201204,689
인천,서구,201205,689
인천,서구,201206,688
인천,서구,201207,680
인천,서구,201208,678
인천,서구,201209,669
인천,서구,201210,684
인천,서구,201211,688
인천,서구,201212,704
인천,서구,201301,649
인천,서구,201302,646
인천,서구,201303,755
인천,서구,201304,964
인천,서구,201305,944
인천,서구,201306,905
인천,서구,201307,885
인천,서구,201308,850
인천,서구,201309,794
인천,서구,201310,627
인천,서구,201311,585
인천,서구,201312,787
인천,서구,201401,743
인천,서구,201402,700
인천,서구,201403,610
인천,서구,201404,527
인천,서구,201405,496
인천,서구,201406,471
인천,서구,201407,562
인천,서구,201408,521
인천,서구,201409,589
인천,서구,201410,537
인천,서구,201411,480
인천,서구,201412,447
인천,서구,201501,421
인천,서구,201502,389
인천,서구,201503,422
인천,서구,201504,339
인천,서구,201505,286
인천,서구,201506,274
인천,서구,201507,272
인천,서구,201508,1052
인천,서구,201509,736
인천,서구,201510,665
인천,서구,201511,2431
인천,서구,201512,2164
인천,서구,201601,2017
인천,서구,201602,1634
인천,서구,201603,1510
인천,서구,201604,1443
인천,서구,201605,1262
인천,서구,201606,802
인천,서구,201607,722
인천,서구,201608,474
인천,서구,201609,559
인천,서구,201610,408
인천,서구,201611,384
인천,서구,201612,227
인천,서구,201701,221
인천,서구,201702,218
인천,서구,201703,271
인천,서구,201704,263
인천,서구,201705,252
인천,서구,201706,221
인천,서구,201707,176
인천,서구,201708,145
인천,서구,201709,131
인천,서구,201710,128
인천,서구,201711,128
인천,서구,201712,10
인천,서구,201801,10
인천,서구,201802,32
인천,서구,201803,62
인천,서구,201804,48
인천,서구,201805,48
인천,서구,201806,45
인천,서구,201807,44
인천,서구,201808,44
인천,서구,201809,34
인천,서구,201810,67
인천,서구,201811,351
인천,서구,201812,322
인천,서구,201901,295
인천,서구,201902,739
인천,서구,201903,1386
인천,서구,201904,1055
인천,서구,201905,2246
인천,서구,201906,2607
인천,서구,201907,1894
인천,서구,201908,497
인천,서구,201909,87
인천,서구,201910,18
인천,서구,201911,96
인천,서구,201912,85
인천,서구,202001,411
인천,서구,202002,67
인천,서구,202003,64
인천,서구,202004,63
인천,서구,202005,63
인천,서구,202006,29
인천,서구,202007,29
인천,서구,202008,28
인천,서구,202009,26
인천,서구,202010,179
인천,서구,202011,136
인천,서구,202012,86
인천,서구,202101,26
인천,서구,202102,25
인천,서구,202103,25
인천,서구,202104,25
인천,서구,202105,25
인천,서구,202106,239
인천,서구,202107,239
인천,서구,202108,239
인천,서구,202109,238
인천,서구,202110,239
인천,서구,202111,235
인천,서구,202112,237
인천,서구,202201,237
인천,서구,202202,237
인천,서구,202203,237
인천,서구,202204,237
인천,서구,202205,235
인천,서구,202206,235
인천,서구,202207,235
인천,서구,202208,426
인천,서구,202209,473
인천,서구,202210,328
인천,서구,202211,306
인천,서구,202212,249
인천,서구,202301,264
인천,서구,202302,264
인천,서구,202303,264
인천,서구,202304,249
인천,서구,202305,249
인천,서구,202306,248
인천,서구,202307,244
인천,서구,202308,245
인천,서구,202309,760
인천,서구,202310,600
인천,서구,202311,518
인천,서구,202312,1869
인천,서구,202401,1770
인천,서구,202402,1695
인천,서구,202403,1599
인천,서구,202404,1644
인천,서구,202405,1210
인천,서구,202406,1265
인천,서구,202407,1248
인천,서구,202408,1248
인천,서구,202409,1161
인천,서구,202410,1155
인천,서구,202411,1152
인천,서구,202412,1152
인천,서구,202501,1424
인천,서구,202502,1310
인천,서구,202503,1287
인천,서구,202504,1272
인천,서구,202505,1234
인천,서구,202506,1190
인천,서구,202507,1139
인천,서구,202508,1101
인천,서구,202509,1040
인천,서구,202510,1009
인천,서구,202511,1000
인천,서구,202512,979
인천,서구,202601,979
인천,서구,202602,950
인천,서구,202603,950
인천,서구,202604,751
인천,서구,202605,765
인천,서구,202606,750
인천,동구,200701,0
인천,동구,200702,0
인천,동구,200703,0
인천,동구,200704,0
인천,동구,200705,0
인천,동구,200706,0
인천,동구,200707,0
인천,동구,200708,0
인천,동구,200709,0
인천,동구,200710,0
인천,동구,200711,0
인천,동구,200712,0
인천,동구,200801,0
인천,동구,200802,0
인천,동구,200803,0
인천,동구,200804,0
인천,동구,200805,0
인천,동구,200806,0
인천,동구,200807,0
인천,동구,200808,0
인천,동구,200809,0
인천,동구,200810,0
인천,동구,200811,0
인천,동구,200812,584
인천,동구,200901,586
인천,동구,200902,854
인천,동구,200903,649
인천,동구,200904,719
인천,동구,200905,631
인천,동구,200906,556
인천,동구,200907,546
인천,동구,200908,532
인천,동구,200909,446
인천,동구,200910,48
인천,동구,200911,474
인천,동구,200912,722
인천,동구,201001,0
인천,동구,201002,0
인천,동구,201003,0
인천,동구,201004,0
인천,동구,201005,0
인천,동구,201006,0
인천,동구,201007,0
인천,동구,201008,0
인천,동구,201009,0
인천,동구,201010,0
인천,동구,201011,0
인천,동구,201012,0
인천,동구,201101,0
인천,동구,201102,0
인천,동구,201103,0
인천,동구,201104,0
인천,동구,201105,0
인천,동구,201106,0
인천,동구,201107,0
인천,동구,201108,0
인천,동구,201109,0
인천,동구,201110,0
인천,동구,201111,0
인천,동구,201112,0
인천,동구,201201,0
인천,동구,201202,0
인천,동구,201203,0
인천,동구,201204,0
인천,동구,201205,0
인천,동구,201206,0
인천,동구,201207,0
인천,동구,201208,0
인천,동구,201209,0
인천,동구,201210,0
인천,동구,201211,0
인천,동구,201212,0
인천,동구,201301,0
인천,동구,201302,0
인천,동구,201303,0
인천,동구,201304,0
인천,동구,201305,0
인천,동구,201306,0
인천,동구,201307,0
인천,동구,201308,0
인천,동구,201309,0
인천,동구,201310,0
인천,동구,201311,0
인천,동구,201312,0
인천,동구,201401,0
인천,동구,201402,0
인천,동구,201403,0
인천,동구,201404,0
인천,동구,201405,0
인천,동구,201406,0
인천,동구,201407,0
인천,동구,201408,24
인천,동구,201409,19
인천,동구,201410,0
인천,동구,201411,0
인천,동구,201412,0
인천,동구,201501,0
인천,동구,201502,0
인천,동구,201503,0
인천,동구,201504,0
인천,동구,201505,0
인천,동구,201506,0
인천,동구,201507,0
인천,동구,201508,0
인천,동구,201509,0
인천,동구,201510,0
인천,동구,201511,0
인천,동구,201512,0
인천,동구,201601,0
인천,동구,201602,0
인천,동구,201603,0
인천,동구,201604,0
인천,동구,201605,0
인천,동구,201606,0
인천,동구,201607,0
인천,동구,201608,0
인천,동구,201609,0
인천,동구,201610,0
인천,동구,201611,0
인천,동구,201612,0
인천,동구,201701,0
인천,동구,201702,0
인천,동구,201703,0
인천,동구,201704,0
인천,동구,201706,0
인천,동구,201707,0
인천,동구,201708,0
인천,동구,201709,0
인천,동구,201710,0
인천,동구,201711,0
인천,동구,201712,0
인천,동구,201801,0
인천,동구,201802,0
인천,동구,201804,0
인천,동구,201806,180
인천,동구,201807,150
인천,동구,201808,116
인천,동구,201809,75
인천,동구,201810,46
인천,동구,201811,43
인천,동구,201812,34
인천,동구,201901,30
인천,동구,201902,17
인천,동구,201903,0
인천,동구,201904,0
인천,동구,201905,0
인천,동구,201906,0
인천,동구,201907,0
인천,동구,201908,0
인천,동구,201909,0
인천,동구,201910,0
인천,동구,201912,0
인천,동구,202001,0
인천,동구,202002,0
인천,동구,202003,0
인천,동구,202004,0
인천,동구,202005,0
인천,동구,202006,0
인천,동구,202007,0
인천,동구,202008,0
인천,동구,202009,0
인천,동구,202010,0
인천,동구,202011,0
인천,동구,202012,0
인천,동구,202101,0
인천,동구,202102,0
인천,동구,202103,0
인천,동구,202104,0
인천,동구,202105,0
인천,동구,202106,0
인천,동구,202107,0
인천,동구,202108,0
인천,동구,202109,0
인천,동구,202110,0
인천,동구,202111,0
인천,동구,202112,0
인천,동구,202201,0
인천,동구,202202,0
인천,동구,202203,0
인천,동구,202204,0
인천,동구,202205,0
인천,동구,202206,0
인천,동구,202207,0
인천,동구,202208,459
인천,동구,202209,449
인천,동구,202210,438
인천,동구,202211,406
인천,동구,202212,390
인천,동구,202301,383
인천,동구,202302,368
인천,동구,202303,222
인천,동구,202304,0
인천,동구,202305,0
인천,동구,202306,0
인천,동구,202307,0
인천,동구,202308,0
인천,동구,202309,0
인천,동구,202310,0
인천,동구,202311,0
인천,동구,202312,0
인천,동구,202401,0
인천,동구,202402,0
인천,동구,202403,0
인천,동구,202404,0
인천,동구,202405,0
인천,동구,202406,0
인천,동구,202407,0
인천,동구,202408,0
인천,동구,202409,0
인천,동구,202410,0
인천,동구,202411,0
인천,동구,202412,0
인천,동구,202501,0
인천,동구,202502,0
인천,동구,202503,0
인천,동구,202504,0
인천,동구,202505,0
인천,동구,202506,0
인천,동구,202507,0
인천,동구,202508,0
인천,동구,202509,0
인천,동구,202510,0
인천,동구,202511,52
인천,동구,202512,41
인천,동구,202601,41
인천,동구,202602,39
인천,동구,202603,38
인천,동구,202604,36
인천,동구,202605,36
인천,동구,202606,35
인천,남구,200701,38
인천,남구,200702,38
인천,남구,200703,0
인천,남구,200704,0
인천,남구,200705,167
인천,남구,200706,256
인천,남구,200707,209
인천,남구,200708,152
인천,남구,200709,108
인천,남구,200710,68
인천,남구,200711,52
인천,남구,200712,51
인천,남구,200801,45
인천,남구,200802,44
인천,남구,200803,460
인천,남구,200804,387
인천,남구,200805,363
인천,남구,200806,346
인천,남구,200807,336
인천,남구,200808,334
인천,남구,200809,333
인천,남구,200810,333
인천,남구,200811,640
인천,남구,200812,0
인천,남구,200901,0
인천,남구,200902,0
인천,남구,200903,0
인천,남구,200904,0
인천,남구,200905,0
인천,남구,200906,0
인천,남구,200907,0
인천,남구,200908,0
인천,남구,200909,0
인천,남구,200910,344
인천,남구,200911,0
인천,남구,200912,0
인천,남구,201001,379
인천,남구,201002,311
인천,남구,201003,311
인천,남구,201004,311
인천,남구,201005,311
인천,남구,201006,311
인천,남구,201007,311
인천,남구,201008,311
인천,남구,201009,310
인천,남구,201010,310
인천,남구,201011,310
인천,남구,201012,310
인천,남구,201101,310
인천,남구,201102,310
인천,남구,201103,309
인천,남구,201104,309
인천,남구,201105,280
인천,남구,201106,279
인천,남구,201107,279
인천,남구,201108,279
인천,남구,201109,279
인천,남구,201110,279
인천,남구,201111,279
인천,남구,201112,279
인천,남구,201201,246
인천,남구,201202,246
인천,남구,201203,246
인천,남구,201204,246
인천,남구,201205,521
인천,남구,201206,507
인천,남구,201207,507
인천,남구,201208,497
인천,남구,201209,497
인천,남구,201210,466
인천,남구,201211,663
인천,남구,201212,738
인천,남구,201301,724
인천,남구,201302,712
인천,남구,201303,663
인천,남구,201304,636
인천,남구,201305,611
인천,남구,201306,531
인천,남구,201307,526
인천,남구,201308,490
인천,남구,201309,437
인천,남구,201310,427
인천,남구,201311,382
인천,남구,201312,370
인천,남구,201401,2494
인천,남구,201402,2288
인천,남구,201403,2032
인천,남구,201404,1841
인천,남구,201405,1765
인천,남구,201406,1693
인천,남구,201407,1618
인천,남구,201408,1549
인천,남구,201409,1466
인천,남구,201410,1384
인천,남구,201411,1216
인천,남구,201412,998
인천,남구,201501,828
인천,남구,201502,691
인천,남구,201503,643
인천,남구,201504,551
인천,남구,201505,523
인천,남구,201506,481
인천,남구,201507,450
인천,남구,201508,434
인천,남구,201509,395
인천,남구,201510,371
인천,남구,201511,371
인천,남구,201512,368
인천,남구,201601,368
인천,남구,201602,368
인천,남구,201603,368
인천,남구,201604,368
인천,남구,201605,368
인천,남구,201606,423
인천,남구,201607,415
인천,남구,201608,413
인천,남구,201609,409
인천,남구,201610,406
인천,남구,201611,405
인천,남구,201612,404
인천,남구,201701,404
인천,남구,201702,434
인천,남구,201703,433
인천,남구,201704,432
인천,남구,201705,427
인천,남구,201706,420
인천,남구,201707,416
인천,남구,201708,398
인천,남구,201709,389
인천,남구,201710,368
인천,남구,201711,368
인천,남구,201712,368
인천,남구,201801,239
인천,남구,201802,239
인천,남구,201803,239
인천,남구,201804,239
인천,남구,201805,239
인천,남동구,200701,22
인천,남동구,200702,17
인천,남동구,200703,21
인천,남동구,200704,15
인천,남동구,200705,10
인천,남동구,200706,8
인천,남동구,200707,6
인천,남동구,200708,6
인천,남동구,200709,6
인천,남동구,200710,6
인천,남동구,200711,6
인천,남동구,200712,6
인천,남동구,200801,6
인천,남동구,200802,6
인천,남동구,200803,0
인천,남동구,200804,0
인천,남동구,200805,0
인천,남동구,200806,0
인천,남동구,200807,0
인천,남동구,200808,0
인천,남동구,200809,0
인천,남동구,200810,0
인천,남동구,200811,0
인천,남동구,200812,40
인천,남동구,200901,40
인천,남동구,200902,40
인천,남동구,200903,40
인천,남동구,200904,27
인천,남동구,200905,27
인천,남동구,200906,29
인천,남동구,200907,29
인천,남동구,200908,29
인천,남동구,200909,25
인천,남동구,200910,618
인천,남동구,200911,25
인천,남동구,200912,23
인천,남동구,201001,9
인천,남동구,201002,9
인천,남동구,201003,143
인천,남동구,201004,114
인천,남동구,201005,104
인천,남동구,201006,101
인천,남동구,201007,94
인천,남동구,201008,94
인천,남동구,201009,93
인천,남동구,201010,89
인천,남동구,201011,89
인천,남동구,201012,89
인천,남동구,201101,90
인천,남동구,201102,89
인천,남동구,201103,86
인천,남동구,201104,87
인천,남동구,201105,87
인천,남동구,201106,87
인천,남동구,201107,87
인천,남동구,201108,89
인천,남동구,201109,190
인천,남동구,201110,190
인천,남동구,201111,206
인천,남동구,201112,203
인천,남동구,201201,203
인천,남동구,201202,203
인천,남동구,201203,201
인천,남동구,201204,201
인천,남동구,201205,207
인천,남동구,201206,205
인천,남동구,201207,205
인천,남동구,201208,209
인천,남동구,201209,355
인천,남동구,201210,329
인천,남동구,201211,321
인천,남동구,201212,304
인천,남동구,201301,293
인천,남동구,201302,272
인천,남동구,201303,248
인천,남동구,201304,230
인천,남동구,201305,217
인천,남동구,201306,184
인천,남동구,201307,185
인천,남동구,201308,185
인천,남동구,201309,185
인천,남동구,201310,183
인천,남동구,201311,184
인천,남동구,201312,183
인천,남동구,201401,184
인천,남동구,201402,183
인천,남동구,201403,180
인천,남동구,201404,176
인천,남동구,201405,279
인천,남동구,201406,193
인천,남동구,201407,173
인천,남동구,201408,175
인천,남동구,201409,165
인천,남동구,201410,157
인천,남동구,201411,151
인천,남동구,201412,148
인천,남동구,201501,148
인천,남동구,201502,148
인천,남동구,201503,148
인천,남동구,201504,148
인천,남동구,201505,318
인천,남동구,201506,318
인천,남동구,201507,318
인천,남동구,201508,318
인천,남동구,201509,318
인천,남동구,201510,492
인천,남동구,201511,459
인천,남동구,201512,458
인천,남동구,201601,492
인천,남동구,201602,485
인천,남동구,201603,481
인천,남동구,201604,473
인천,남동구,201605,471
인천,남동구,201606,448
인천,남동구,201607,413
인천,남동구,201608,359
인천,남동구,201609,319
인천,남동구,201610,319
인천,남동구,201611,315
인천,남동구,201612,315
인천,남동구,201701,315
인천,남동구,201702,260
인천,남동구,201703,253
인천,남동구,201704,243
인천,남동구,201705,235
인천,남동구,201706,246
인천,남동구,201707,54
인천,남동구,201708,54
인천,남동구,201709,54
인천,남동구,201710,0
인천,남동구,201711,0
인천,남동구,201712,165
인천,남동구,201801,157
인천,남동구,201802,151
인천,남동구,201803,137
인천,남동구,201804,123
인천,남동구,201805,117
인천,남동구,201806,114
인천,남동구,201807,114
인천,남동구,201808,110
인천,남동구,201809,110
인천,남동구,201810,99
인천,남동구,201811,99
인천,남동구,201812,99
인천,남동구,201901,99
인천,남동구,201902,98
인천,남동구,201903,99
인천,남동구,201904,99
인천,남동구,201905,99
인천,남동구,201906,98
인천,남동구,201907,94
인천,남동구,201908,92
인천,남동구,201909,91
인천,남동구,201910,90
인천,남동구,201911,101
인천,남동구,201912,1
인천,남동구,202001,7
인천,남동구,202002,9
인천,남동구,202003,8
인천,남동구,202004,6
인천,남동구,202005,0
인천,남동구,202006,0
인천,남동구,202007,64
인천,남동구,202008,19
인천,남동구,202009,14
인천,남동구,202010,13
인천,남동구,202011,18
인천,남동구,202012,18
인천,남동구,202101,18
인천,남동구,202102,18
인천,남동구,202103,18
인천,남동구,202104,18
인천,남동구,202105,14
인천,남동구,202106,11
인천,남동구,202107,11
인천,남동구,202108,11
인천,남동구,202109,11
인천,남동구,202110,11
인천,남동구,202111,11
인천,남동구,202112,11
인천,남동구,202201,11
인천,남동구,202202,0
인천,남동구,202203,0
인천,남동구,202204,0
인천,남동구,202205,0
인천,남동구,202206,0
인천,남동구,202207,0
인천,남동구,202208,41
인천,남동구,202209,14
인천,남동구,202210,8
인천,남동구,202211,8
인천,남동구,202212,19
인천,남동구,202301,458
인천,남동구,202302,458
인천,남동구,202303,458
인천,남동구,202304,458
인천,남동구,202305,458
인천,남동구,202306,458
인천,남동구,202307,19
인천,남동구,202308,19
인천,남동구,202309,19
인천,남동구,202310,19
인천,남동구,202311,19
인천,남동구,202312,19
인천,남동구,202401,19
인천,남동구,202402,19
인천,남동구,202403,19
인천,남동구,202404,19
인천,남동구,202405,19
인천,남동구,202406,19
인천,남동구,202407,19
인천,남동구,202408,13
인천,남동구,202409,0
인천,남동구,202410,11
인천,남동구,202411,11
인천,남동구,202412,11
인천,남동구,202501,11
인천,남동구,202502,11
인천,남동구,202503,11
인천,남동구,202504,11
인천,남동구,202505,11
인천,남동구,202506,11
인천,남동구,202507,11
인천,남동구,202508,11
인천,남동구,202509,11
인천,남동구,202510,11
인천,남동구,202511,11
인천,남동구,202512,3
인천,남동구,202601,2
인천,남동구,202602,2
인천,남동구,202603,405
인천,남동구,202604,405
인천,남동구,202605,405
인천,남동구,202606,405
인천,남동구,202607,405
인천,남동구,202608,405
인천,연수구,200701,0
인천,연수구,200702,0
인천,연수구,200703,0
인천,연수구,200704,0
인천,연수구,200705,0
인천,연수구,200706,0
인천,연수구,200707,0
인천,연수구,200708,0
인천,연수구,200709,0
인천,연수구,200710,0
인천,연수구,200711,0
인천,연수구,200712,0
인천,연수구,200801,0
인천,연수구,200802,46
인천,연수구,200803,46
인천,연수구,200804,46
인천,연수구,200805,46
인천,연수구,200806,46
인천,연수구,200807,43
인천,연수구,200808,40
인천,연수구,200809,40
인천,연수구,200810,40
인천,연수구,200811,40
인천,연수구,200812,640
인천,연수구,200901,625
인천,연수구,200902,621
인천,연수구,200903,615
인천,연수구,200904,619
인천,연수구,200905,618
인천,연수구,200906,618
인천,연수구,200907,618
인천,연수구,200908,618
인천,연수구,200909,618
인천,연수구,200910,0
인천,연수구,200911,379
인천,연수구,200912,379
인천,연수구,201001,23
인천,연수구,201002,23
인천,연수구,201003,23
인천,연수구,201004,23
인천,연수구,201005,457
인천,연수구,201006,1491
인천,연수구,201007,1479
인천,연수구,201008,892
인천,연수구,201009,1009
인천,연수구,201010,1005
인천,연수구,201011,1004
인천,연수구,201012,1448
인천,연수구,201101,1394
인천,연수구,201102,1196
인천,연수구,201103,1107
인천,연수구,201104,733
인천,연수구,201105,1305
인천,연수구,201106,1192
인천,연수구,201107,1123
인천,연수구,201108,1104
인천,연수구,201109,1084
인천,연수구,201110,1060
인천,연수구,201111,979
인천,연수구,201112,901
인천,연수구,201201,862
인천,연수구,201202,1063
인천,연수구,201203,1241
인천,연수구,201204,1307
인천,연수구,201205,1227
인천,연수구,201206,1330
인천,연수구,201207,1511
인천,연수구,201208,1486
인천,연수구,201209,1448
인천,연수구,201210,1160
인천,연수구,201211,888
인천,연수구,201212,818
인천,연수구,201301,1501
인천,연수구,201302,1378
인천,연수구,201303,1888
인천,연수구,201304,1683
인천,연수구,201305,1595
인천,연수구,201306,2061
인천,연수구,201307,1999
인천,연수구,201308,1980
인천,연수구,201309,1848
인천,연수구,201310,1703
인천,연수구,201311,1641
인천,연수구,201312,2482
인천,연수구,201401,2316
인천,연수구,201402,2154
인천,연수구,201403,1939
인천,연수구,201404,1794
인천,연수구,201405,3146
인천,연수구,201406,2872
인천,연수구,201407,2451
인천,연수구,201408,1750
인천,연수구,201409,1028
인천,연수구,201410,643
인천,연수구,201411,610
인천,연수구,201412,959
인천,연수구,201501,773
인천,연수구,201502,680
인천,연수구,201503,559
인천,연수구,201504,435
인천,연수구,201505,797
인천,연수구,201506,383
인천,연수구,201507,327
인천,연수구,201508,267
인천,연수구,201509,242
인천,연수구,201510,216
인천,연수구,201511,323
인천,연수구,201512,293
인천,연수구,201601,278
인천,연수구,201602,228
인천,연수구,201603,227
인천,연수구,201604,224
인천,연수구,201605,186
인천,연수구,201606,163
인천,연수구,201607,908
인천,연수구,201608,635
인천,연수구,201609,107
인천,연수구,201610,0
인천,연수구,201611,0
인천,연수구,201612,0
인천,연수구,201701,795
인천,연수구,201702,672
인천,연수구,201703,901
인천,연수구,201704,379
인천,연수구,201705,22
인천,연수구,201706,4
인천,연수구,201707,0
인천,연수구,201708,0
인천,연수구,201709,0
인천,연수구,201710,0
인천,연수구,201711,0
인천,연수구,201712,0
인천,연수구,201801,0
인천,연수구,201802,0
인천,연수구,201804,0
인천,연수구,201807,0
인천,연수구,201808,0
인천,연수구,201811,0
인천,연수구,201812,0
인천,연수구,201901,0
인천,연수구,201902,0
인천,연수구,201903,0
인천,연수구,201904,0
인천,연수구,201905,214
인천,연수구,201906,63
인천,연수구,201907,5
인천,연수구,201908,0
인천,연수구,201909,0
인천,연수구,201910,0
인천,연수구,201911,6
인천,연수구,201912,0
인천,연수구,202001,0
인천,연수구,202002,0
인천,연수구,202003,0
인천,연수구,202004,52
인천,연수구,202005,0
인천,연수구,202006,0
인천,연수구,202007,0
인천,연수구,202008,0
인천,연수구,202009,0
인천,연수구,202010,0
인천,연수구,202011,0
인천,연수구,202012,0
인천,연수구,202101,0
인천,연수구,202102,0
인천,연수구,202103,0
인천,연수구,202104,0
인천,연수구,202105,0
인천,연수구,202106,0
인천,연수구,202107,0
인천,연수구,202108,1
인천,연수구,202109,1
인천,연수구,202110,1
인천,연수구,202111,0
인천,연수구,202112,0
인천,연수구,202201,0
인천,연수구,202202,0
인천,연수구,202203,129
인천,연수구,202204,64
인천,연수구,202205,35
인천,연수구,202206,30
인천,연수구,202207,159
인천,연수구,202208,148
인천,연수구,202209,244
인천,연수구,202210,245
인천,연수구,202211,244
인천,연수구,202212,376
인천,연수구,202301,377
인천,연수구,202302,469
인천,연수구,202303,460
인천,연수구,202304,379
인천,연수구,202305,369
인천,연수구,202306,349
인천,연수구,202307,353
인천,연수구,202308,343
인천,연수구,202309,343
인천,연수구,202310,188
인천,연수구,202311,180
인천,연수구,202312,180
인천,연수구,202401,180
인천,연수구,202402,173
인천,연수구,202403,168
인천,연수구,202404,1913
인천,연수구,202405,1815
인천,연수구,202406,1253
인천,연수구,202407,378
인천,연수구,202408,153
인천,연수구,202409,153
인천,연수구,202410,151
인천,연수구,202411,151
인천,연수구,202412,144
인천,연수구,202501,144
인천,연수구,202502,141
인천,연수구,202503,141
인천,연수구,202504,141
인천,연수구,202505,135
인천,연수구,202506,135
인천,연수구,202507,132
인천,연수구,202508,121
인천,연수구,202509,121
인천,연수구,202510,118
인천,연수구,202511,118
인천,연수구,202512,92
인천,연수구,202601,522
인천,연수구,202602,508
인천,연수구,202603,497
인천,연수구,202604,628
인천,연수구,202605,575
인천,연수구,202606,517
인천,연수구,202607,474
인천,연수구,202608,505
인천,미추홀구,201806,246
인천,미추홀구,201807,239
인천,미추홀구,201808,239
인천,미추홀구,201809,239
인천,미추홀구,201810,239
인천,미추홀구,201811,239
인천,미추홀구,201812,239
인천,미추홀구,201901,239
인천,미추홀구,201902,239
인천,미추홀구,201903,239
인천,미추홀구,201904,239
인천,미추홀구,201905,239
인천,미추홀구,201906,239
인천,미추홀구,201907,239
인천,미추홀구,201908,239
인천,미추홀구,201909,239
인천,미추홀구,201910,239
인천,미추홀구,201911,239
인천,미추홀구,201912,239
인천,미추홀구,202001,239
인천,미추홀구,202002,223
인천,미추홀구,202003,197
인천,미추홀구,202004,194
인천,미추홀구,202005,172
인천,미추홀구,202006,141
인천,미추홀구,202007,117
인천,미추홀구,202008,394
인천,미추홀구,202009,290
인천,미추홀구,202010,264
인천,미추홀구,202011,248
인천,미추홀구,202012,160
인천,미추홀구,202101,93
인천,미추홀구,202102,20
인천,미추홀구,202103,7
인천,미추홀구,202104,0
인천,미추홀구,202105,0
인천,미추홀구,202106,0
인천,미추홀구,202107,0
인천,미추홀구,202108,0
인천,미추홀구,202109,107
인천,미추홀구,202110,101
인천,미추홀구,202111,101
인천,미추홀구,202112,101
인천,미추홀구,202201,101
인천,미추홀구,202202,97
인천,미추홀구,202203,92
인천,미추홀구,202204,89
인천,미추홀구,202205,82
인천,미추홀구,202206,80
인천,미추홀구,202207,77
인천,미추홀구,202208,77
인천,미추홀구,202209,77
인천,미추홀구,202210,77
인천,미추홀구,202211,77
인천,미추홀구,202212,165
인천,미추홀구,202301,306
인천,미추홀구,202302,301
인천,미추홀구,202303,1054
인천,미추홀구,202304,1049
인천,미추홀구,202305,1033
인천,미추홀구,202306,696
인천,미추홀구,202307,360
인천,미추홀구,202308,520
인천,미추홀구,202309,526
인천,미추홀구,202310,435
인천,미추홀구,202311,405
인천,미추홀구,202312,812
인천,미추홀구,202401,807
인천,미추홀구,202402,673
인천,미추홀구,202403,619
인천,미추홀구,202404,445
인천,미추홀구,202405,380
인천,미추홀구,202406,343
인천,미추홀구,202407,309
인천,미추홀구,202408,243
인천,미추홀구,202409,242
인천,미추홀구,202410,219
인천,미추홀구,202411,219
인천,미추홀구,202412,210
인천,미추홀구,202501,209
인천,미추홀구,202502,208
인천,미추홀구,202503,206
인천,미추홀구,202504,390
인천,미추홀구,202505,385
인천,미추홀구,202506,384
인천,미추홀구,202507,384
인천,미추홀구,202508,366
인천,미추홀구,202509,366
인천,미추홀구,202510,707
인천,미추홀구,202511,690
인천,미추홀구,202512,676
인천,미추홀구,202601,679
인천,미추홀구,202602,678
인천,미추홀구,202603,677
인천,미추홀구,202604,677
인천,미추홀구,202605,979
인천,미추홀구,202606,864
인천,미추홀구,202607,799
인천,미추홀구,202608,466
인천,부평구,200701,127
인천,부평구,200702,68
인천,부평구,200703,68
인천,부평구,200704,38
인천,부평구,200705,37
인천,부평구,200706,482
인천,부평구,200707,454
인천,부평구,200708,351
인천,부평구,200709,267
인천,부평구,200710,144
인천,부평구,200711,138
인천,부평구,200712,133
인천,부평구,200801,125
인천,부평구,200802,114
인천,부평구,200803,108
인천,부평구,200804,99
인천,부평구,200805,98
인천,부평구,200806,98
인천,부평구,200807,98
인천,부평구,200808,98
인천,부평구,200809,88
인천,부평구,200810,88
인천,부평구,200811,317
인천,부평구,200812,23
인천,부평구,200901,4
인천,부평구,200902,4
인천,부평구,200903,4
인천,부평구,200904,43
인천,부평구,200905,35
인천,부평구,200906,14
인천,부평구,200907,14
인천,부평구,200908,13
인천,부평구,200909,13
인천,부평구,200910,25
인천,부평구,200911,13
인천,부평구,200912,8
인천,부평구,201001,306
인천,부평구,201002,308
인천,부평구,201003,308
인천,부평구,201004,308
인천,부평구,201005,305
인천,부평구,201006,209
인천,부평구,201007,253
인천,부평구,201008,252
인천,부평구,201009,257
인천,부평구,201010,255
인천,부평구,201011,252
인천,부평구,201012,250
인천,부평구,201101,250
인천,부평구,201102,250
인천,부평구,201103,250
인천,부평구,201104,250
인천,부평구,201105,228
인천,부평구,201106,224
인천,부평구,201107,221
인천,부평구,201108,217
인천,부평구,201109,206
인천,부평구,201110,194
인천,부평구,201111,194
인천,부평구,201112,90
인천,부평구,201201,75
인천,부평구,201202,52
인천,부평구,201203,50
인천,부평구,201204,46
인천,부평구,201205,44
인천,부평구,201206,34
인천,부평구,201207,34
인천,부평구,201208,34
인천,부평구,201209,144
인천,부평구,201210,117
인천,부평구,201211,80
인천,부평구,201212,64
인천,부평구,201301,56
인천,부평구,201302,56
인천,부평구,201303,37
인천,부평구,201304,37
인천,부평구,201305,37
인천,부평구,201306,29
인천,부평구,201307,182
인천,부평구,201308,130
인천,부평구,201309,89
인천,부평구,201310,46
인천,부평구,201311,32
인천,부평구,201312,21
인천,부평구,201401,21
인천,부평구,201402,21
인천,부평구,201403,16
인천,부평구,201404,16
인천,부평구,201405,17
인천,부평구,201406,83
인천,부평구,201407,81
인천,부평구,201408,66
인천,부평구,201409,66
인천,부평구,201410,16
인천,부평구,201411,8
인천,부평구,201412,6
인천,부평구,201501,4
인천,부평구,201502,3
인천,부평구,201503,0
인천,부평구,201504,0
인천,부평구,201505,0
인천,부평구,201506,0
인천,부평구,201507,0
인천,부평구,201508,0
인천,부평구,201509,0
인천,부평구,201510,0
인천,부평구,201511,0
인천,부평구,201512,0
인천,부평구,201601,0
인천,부평구,201602,0
인천,부평구,201603,0
인천,부평구,201604,0
인천,부평구,201605,0
인천,부평구,201606,0
인천,부평구,201607,0
인천,부평구,201608,0
인천,부평구,201609,0
인천,부평구,201610,0
인천,부평구,201611,0
인천,부평구,201612,0
인천,부평구,201701,0
인천,부평구,201702,0
인천,부평구,201703,0
인천,부평구,201704,0
인천,부평구,201706,8
인천,부평구,201707,8
인천,부평구,201708,8
인천,부평구,201709,8
인천,부평구,201710,8
인천,부평구,201711,8
인천,부평구,201712,8
인천,부평구,201801,8
인천,부평구,201802,58
인천,부평구,201803,47
인천,부평구,201804,163
인천,부평구,201805,73
인천,부평구,201806,53
인천,부평구,201807,44
인천,부평구,201808,36
인천,부평구,201809,36
인천,부평구,201810,30
인천,부평구,201811,30
인천,부평구,201812,14
인천,부평구,201901,79
인천,부평구,201902,95
인천,부평구,201903,133
인천,부평구,201904,119
인천,부평구,201905,114
인천,부평구,201906,82
인천,부평구,201907,56
인천,부평구,201908,29
인천,부평구,201909,23
인천,부평구,201910,23
인천,부평구,201911,34
인천,부평구,201912,34
인천,부평구,202001,32
인천,부평구,202002,13
인천,부평구,202003,10
인천,부평구,202004,10
인천,부평구,202005,8
인천,부평구,202006,8
인천,부평구,202007,8
인천,부평구,202008,8
인천,부평구,202009,8
인천,부평구,202010,8
인천,부평구,202011,8
인천,부평구,202012,6
인천,부평구,202101,4
인천,부평구,202102,4
인천,부평구,202103,5
인천,부평구,202104,5
인천,부평구,202105,11
인천,부평구,202106,9
인천,부평구,202107,8
인천,부평구,202108,5
인천,부평구,202109,5
인천,부평구,202110,1
인천,부평구,202111,1
인천,부평구,202112,1
인천,부평구,202201,0
인천,부평구,202202,1
인천,부평구,202203,1
인천,부평구,202204,1
인천,부평구,202205,1
인천,부평구,202206,1
인천,부평구,202207,1
인천,부평구,202208,1
인천,부평구,202209,214
인천,부평구,202210,194
인천,부평구,202211,184
인천,부평구,202212,157
인천,부평구,202301,129
인천,부평구,202302,126
인천,부평구,202303,122
인천,부평구,202304,122
인천,부평구,202305,87
인천,부평구,202306,52
인천,부평구,202307,52
인천,부평구,202308,52
인천,부평구,202309,52
인천,부평구,202310,52
인천,부평구,202311,52
인천,부평구,202312,52
인천,부평구,202401,52
인천,부평구,202402,52
인천,부평구,202403,52
인천,부평구,202404,52
인천,부평구,202405,52
인천,부평구,202406,52
인천,부평구,202407,52
인천,부평구,202408,0
인천,부평구,202409,0
인천,부평구,202410,0
인천,부평구,202411,0
인천,부평구,202412,86
인천,부평구,202501,54
인천,부평구,202502,59
인천,부평구,202503,33
인천,부평구,202504,32
인천,부평구,202505,356
인천,부평구,202506,65
인천,부평구,202507,32
인천,부평구,202508,32
인천,부평구,202509,32
인천,부평구,202510,32
인천,부평구,202511,103
인천,부평구,202512,103
인천,부평구,202601,81
인천,부평구,202602,73
인천,부평구,202603,55
인천,부평구,202604,13
인천,부평구,202605,4
인천,부평구,202606,4
인천,부평구,202607,4
인천,부평구,202608,4
인천,계양구,200701,2
인천,계양구,200702,2
인천,계양구,200703,2
인천,계양구,200704,2
인천,계양구,200705,2
인천,계양구,200706,3
인천,계양구,200707,3
인천,계양구,200708,3
인천,계양구,200709,3
인천,계양구,200710,3
인천,계양구,200711,3
인천,계양구,200712,228
인천,계양구,200801,226
인천,계양구,200802,227
인천,계양구,200803,210
인천,계양구,200804,168
인천,계양구,200805,76
인천,계양구,200806,62
인천,계양구,200807,49
인천,계양구,200808,49
인천,계양구,200809,49
인천,계양구,200810,49
인천,계양구,200811,49
인천,계양구,200812,311
인천,계양구,200901,301
인천,계양구,200902,651
인천,계양구,200903,643
인천,계양구,200904,598
인천,계양구,200905,554
인천,계양구,200906,472
인천,계양구,200907,345
인천,계양구,200908,322
인천,계양구,200909,292
인천,계양구,200910,13
인천,계양구,200911,284
인천,계양구,200912,337
인천,계양구,201001,166
인천,계양구,201002,165
인천,계양구,201003,145
인천,계양구,201004,139
인천,계양구,201005,134
인천,계양구,201006,132
인천,계양구,201007,167
인천,계양구,201008,163
인천,계양구,201009,155
인천,계양구,201010,145
인천,계양구,201011,145
인천,계양구,201012,138
인천,계양구,201101,455
인천,계양구,201102,367
인천,계양구,201103,122
인천,계양구,201104,116
인천,계양구,201105,106
인천,계양구,201106,98
인천,계양구,201107,98
인천,계양구,201108,87
인천,계양구,201109,77
인천,계양구,201110,74
인천,계양구,201111,306
인천,계양구,201112,285
인천,계양구,201201,273
인천,계양구,201202,263
인천,계양구,201203,254
인천,계양구,201204,240
인천,계양구,201205,229
인천,계양구,201206,222
인천,계양구,201207,251
인천,계양구,201208,284
인천,계양구,201209,283
인천,계양구,201210,269
인천,계양구,201211,266
인천,계양구,201212,241
인천,계양구,201301,241
인천,계양구,201302,240
인천,계양구,201303,240
인천,계양구,201304,240
인천,계양구,201305,238
인천,계양구,201306,238
인천,계양구,201307,238
인천,계양구,201308,238
인천,계양구,201309,238
인천,계양구,201310,238
인천,계양구,201311,238
인천,계양구,201312,238
인천,계양구,201401,238
인천,계양구,201402,238
인천,계양구,201403,238
인천,계양구,201404,238
인천,계양구,201405,238
인천,계양구,201406,238
인천,계양구,201407,238
인천,계양구,201408,238
인천,계양구,201409,238
인천,계양구,201410,238
인천,계양구,201411,324
인천,계양구,201412,324
인천,계양구,201501,238
인천,계양구,201502,238
인천,계양구,201503,238
인천,계양구,201504,238
인천,계양구,201505,238
인천,계양구,201506,238
인천,계양구,201507,238
인천,계양구,201508,238
인천,계양구,201509,238
인천,계양구,201510,238
인천,계양구,201511,124
인천,계양구,201512,124
인천,계양구,201601,82
인천,계양구,201602,82
인천,계양구,201603,82
인천,계양구,201604,24
인천,계양구,201605,24
인천,계양구,201606,24
인천,계양구,201607,24
인천,계양구,201608,24
인천,계양구,201609,0
인천,계양구,201610,0
인천,계양구,201611,0
인천,계양구,201612,0
인천,계양구,201701,0
인천,계양구,201702,0
인천,계양구,201703,0
인천,계양구,201704,0
인천,계양구,201706,0
인천,계양구,201707,0
인천,계양구,201708,0
인천,계양구,201709,0
인천,계양구,201710,0
인천,계양구,201711,0
인천,계양구,201712,0
인천,계양구,201801,0
인천,계양구,201802,46
인천,계양구,201803,48
인천,계양구,201804,45
인천,계양구,201805,39
인천,계양구,201806,36
인천,계양구,201807,36
인천,계양구,201808,34
인천,계양구,201809,34
인천,계양구,201810,34
인천,계양구,201811,34
인천,계양구,201812,34
인천,계양구,201901,34
인천,계양구,201902,30
인천,계양구,201903,30
인천,계양구,201904,30
인천,계양구,201905,30
인천,계양구,201906,30
인천,계양구,201907,30
인천,계양구,201908,29
인천,계양구,201909,29
인천,계양구,201910,29
인천,계양구,201911,96
인천,계양구,201912,91
인천,계양구,202001,83
인천,계양구,202002,71
인천,계양구,202003,68
인천,계양구,202004,65
인천,계양구,202005,14
인천,계양구,202006,11
인천,계양구,202007,0
인천,계양구,202008,0
인천,계양구,202009,0
인천,계양구,202010,0
인천,계양구,202011,0
인천,계양구,202012,0
인천,계양구,202101,0
인천,계양구,202102,0
인천,계양구,202103,0
인천,계양구,202104,0
인천,계양구,202105,0
인천,계양구,202106,0
인천,계양구,202107,0
인천,계양구,202108,0
인천,계양구,202109,0
인천,계양구,202110,0
인천,계양구,202111,0
인천,계양구,202112,0
인천,계양구,202201,0
인천,계양구,202202,0
인천,계양구,202203,0
인천,계양구,202204,0
인천,계양구,202205,0
인천,계양구,202206,0
인천,계양구,202207,0
인천,계양구,202208,0
인천,계양구,202209,0
인천,계양구,202210,306
인천,계양구,202211,292
인천,계양구,202212,261
인천,계양구,202301,246
인천,계양구,202302,223
인천,계양구,202303,201
인천,계양구,202304,154
인천,계양구,202305,0
인천,계양구,202306,0
인천,계양구,202307,0
인천,계양구,202308,0
인천,계양구,202309,0
인천,계양구,202310,322
인천,계양구,202311,54
인천,계양구,202312,0
인천,계양구,202401,0
인천,계양구,202402,0
인천,계양구,202403,0
인천,계양구,202404,0
인천,계양구,202405,809
인천,계양구,202406,684
인천,계양구,202407,539
인천,계양구,202408,275
인천,계양구,202409,1773
인천,계양구,202410,1671
인천,계양구,202411,1458
인천,계양구,202412,1415
인천,계양구,202501,1351
인천,계양구,202502,864
인천,계양구,202503,339
인천,계양구,202504,133
인천,계양구,202505,0
인천,계양구,202506,0
인천,계양구,202507,0
인천,계양구,202508,0
인천,계양구,202509,0
인천,계양구,202510,0
인천,계양구,202511,0
인천,계양구,202512,0
인천,계양구,202601,0
인천,계양구,202602,0
인천,계양구,202603,0
인천,계양구,202604,0
인천,계양구,202605,0
인천,계양구,202606,0
인천,계양구,202607,0
인천,계양구,202608,0
인천,강화군,200701,14
인천,강화군,200702,9
인천,강화군,200703,6
인천,강화군,200704,1
인천,강화군,200705,2
인천,강화군,200706,2
인천,강화군,200707,0
인천,강화군,200708,0
인천,강화군,200709,0
인천,강화군,200710,0
인천,강화군,200711,0
인천,강화군,200712,0
인천,강화군,200801,0
인천,강화군,200802,0
인천,강화군,200803,0
인천,강화군,200804,0
인천,강화군,200805,0
인천,강화군,200806,0
인천,강화군,200807,0
인천,강화군,200808,0
인천,강화군,200809,0
인천,강화군,200810,0
인천,강화군,200811,0
인천,강화군,200812,0
인천,강화군,200901,0
인천,강화군,200902,0
인천,강화군,200903,0
인천,강화군,200904,0
인천,강화군,200905,0
인천,강화군,200906,0
인천,강화군,200907,0
인천,강화군,200908,0
인천,강화군,200909,0
인천,강화군,200910,0
인천,강화군,200911,0
인천,강화군,200912,0
인천,강화군,201001,0
인천,강화군,201002,0
인천,강화군,201003,0
인천,강화군,201004,0
인천,강화군,201005,0
인천,강화군,201006,58
인천,강화군,201007,58
인천,강화군,201008,58
인천,강화군,201009,58
인천,강화군,201010,58
인천,강화군,201011,58
인천,강화군,201012,41
인천,강화군,201101,27
인천,강화군,201102,21
인천,강화군,201103,38
인천,강화군,201104,38
인천,강화군,201105,38
인천,강화군,201106,38
인천,강화군,201107,38
인천,강화군,201108,38
인천,강화군,201109,38
인천,강화군,201110,38
인천,강화군,201111,38
인천,강화군,201112,38
인천,강화군,201201,38
인천,강화군,201202,38
인천,강화군,201203,38
인천,강화군,201204,38
인천,강화군,201205,38
인천,강화군,201206,38
인천,강화군,201207,38
인천,강화군,201208,38
인천,강화군,201209,38
인천,강화군,201210,38
인천,강화군,201211,38
인천,강화군,201212,38
인천,강화군,201301,51
인천,강화군,201302,51
인천,강화군,201303,51
인천,강화군,201304,40
인천,강화군,201305,39
인천,강화군,201306,38
인천,강화군,201307,37
인천,강화군,201308,32
인천,강화군,201309,32
인천,강화군,201310,32
인천,강화군,201311,24
인천,강화군,201312,23
인천,강화군,201401,17
인천,강화군,201402,17
인천,강화군,201403,17
인천,강화군,201404,17
인천,강화군,201405,17
인천,강화군,201406,17
인천,강화군,201407,17
인천,강화군,201408,17
인천,강화군,201409,17
인천,강화군,201410,17
인천,강화군,201411,17
인천,강화군,201412,17
인천,강화군,201501,17
인천,강화군,201502,17
인천,강화군,201503,17
인천,강화군,201504,17
인천,강화군,201505,17
인천,강화군,201506,17
인천,강화군,201507,17
인천,강화군,201508,17
인천,강화군,201509,17
인천,강화군,201510,2
인천,강화군,201511,2
인천,강화군,201512,2
인천,강화군,201601,2
인천,강화군,201602,2
인천,강화군,201603,0
인천,강화군,201604,0
인천,강화군,201605,0
인천,강화군,201606,0
인천,강화군,201607,0
인천,강화군,201608,0
인천,강화군,201609,0
인천,강화군,201610,0
인천,강화군,201611,0
인천,강화군,201612,0
인천,강화군,201701,0
인천,강화군,201702,0
인천,강화군,201703,0
인천,강화군,201704,0
인천,강화군,201706,0
인천,강화군,201707,0
인천,강화군,201708,0
인천,강화군,201709,0
인천,강화군,201710,0
인천,강화군,201711,0
인천,강화군,201712,0
인천,강화군,201801,0
인천,강화군,201802,0
인천,강화군,201807,0
인천,강화군,201808,0
인천,강화군,201811,0
인천,강화군,201812,0
인천,강화군,201901,0
인천,강화군,201902,0
인천,강화군,201903,0
인천,강화군,201904,0
인천,강화군,201905,0
인천,강화군,201906,0
인천,강화군,201907,0
인천,강화군,201908,0
인천,강화군,201909,0
인천,강화군,201910,0
인천,강화군,201912,0
인천,강화군,202001,0
인천,강화군,202002,0
인천,강화군,202003,0
인천,강화군,202004,0
인천,강화군,202005,0
인천,강화군,202006,0
인천,강화군,202007,0
인천,강화군,202008,0
인천,강화군,202009,0
인천,강화군,202010,0
인천,강화군,202011,0
인천,강화군,202012,0
인천,강화군,202101,0
인천,강화군,202102,0
인천,강화군,202103,0
인천,강화군,202104,0
인천,강화군,202105,0
인천,강화군,202106,0
인천,강화군,202107,0
인천,강화군,202108,0
인천,강화군,202109,0
인천,강화군,202110,0
인천,강화군,202111,0
인천,강화군,202112,0
인천,강화군,202201,0
인천,강화군,202202,0
인천,강화군,202203,0
인천,강화군,202204,0
인천,강화군,202205,0
인천,강화군,202206,0
인천,강화군,202207,0
인천,강화군,202208,0
인천,강화군,202209,0
인천,강화군,202210,0
인천,강화군,202211,0
인천,강화군,202212,0
인천,강화군,202301,26
인천,강화군,202302,26
인천,강화군,202303,19
인천,강화군,202304,19
인천,강화군,202305,11
인천,강화군,202306,8
인천,강화군,202307,7
인천,강화군,202308,7
인천,강화군,202309,6
인천,강화군,202310,6
인천,강화군,202311,5
인천,강화군,202312,5
인천,강화군,202401,5
인천,강화군,202402,5
인천,강화군,202403,4
인천,강화군,202404,4
인천,강화군,202405,4
인천,강화군,202406,5
인천,강화군,202407,5
인천,강화군,202408,4
인천,강화군,202409,4
인천,강화군,202410,4
인천,강화군,202411,4
인천,강화군,202412,21
인천,강화군,202501,21
인천,강화군,202502,8
인천,강화군,202503,5
인천,강화군,202504,5
인천,강화군,202505,5
인천,강화군,202506,5
인천,강화군,202507,4
인천,강화군,202508,4
인천,강화군,202509,4
인천,강화군,202510,0
인천,강화군,202511,0
인천,강화군,202512,0
인천,강화군,202601,0
인천,강화군,202602,0
인천,강화군,202603,0
인천,강화군,202604,0
인천,강화군,202605,0
인천,강화군,202606,0
인천,강화군,202607,0
인천,강화군,202608,0
인천,옹진군,200708,0
인천,옹진군,200801,0
인천,옹진군,200802,0
인천,옹진군,200804,0
인천,옹진군,200805,0
인천,옹진군,200806,0
인천,옹진군,200807,0
인천,옹진군,200808,0
인천,옹진군,200811,0
인천,옹진군,200812,0
인천,옹진군,200901,0
인천,옹진군,200902,0
인천,옹진군,200903,0
인천,옹진군,200904,0
인천,옹진군,200905,0
인천,옹진군,200906,0
인천,옹진군,200907,0
인천,옹진군,200908,0
인천,옹진군,200909,0
인천,옹진군,200910,0
인천,옹진군,200911,0
인천,옹진군,200912,0
인천,옹진군,201001,0
인천,옹진군,201002,0
인천,옹진군,201003,0
인천,옹진군,201004,0
인천,옹진군,201005,0
인천,옹진군,201006,0
인천,옹진군,201007,0
인천,옹진군,201008,0
인천,옹진군,201009,0
인천,옹진군,201010,0
인천,옹진군,201011,0
인천,옹진군,201012,0
인천,옹진군,201101,0
인천,옹진군,201102,0
인천,옹진군,201103,0
인천,옹진군,201104,0
인천,옹진군,201105,0
인천,옹진군,201106,0
인천,옹진군,201107,0
인천,옹진군,201108,0
인천,옹진군,201109,0
인천,옹진군,201110,0
인천,옹진군,201111,0
인천,옹진군,201112,0
인천,옹진군,201201,0
인천,옹진군,201202,0
인천,옹진군,201203,0
인천,옹진군,201204,0
인천,옹진군,201205,0
인천,옹진군,201206,0
인천,옹진군,201207,0
인천,옹진군,201208,0
인천,옹진군,201209,0
인천,옹진군,201210,0
인천,옹진군,201211,0
인천,옹진군,201212,0
인천,옹진군,201301,0
인천,옹진군,201302,0
인천,옹진군,201303,0
인천,옹진군,201304,0
인천,옹진군,201305,0
인천,옹진군,201306,0
인천,옹진군,201307,0
인천,옹진군,201308,0
인천,옹진군,201309,0
인천,옹진군,201310,0
인천,옹진군,201311,0
인천,옹진군,201312,0
인천,옹진군,201401,0
인천,옹진군,201402,0
인천,옹진군,201403,0
인천,옹진군,201404,0
인천,옹진군,201405,0
인천,옹진군,201406,0
인천,옹진군,201407,0
인천,옹진군,201408,0
인천,옹진군,201409,0
인천,옹진군,201410,0
인천,옹진군,201411,0
인천,옹진군,201412,0
인천,옹진군,201501,0
인천,옹진군,201502,0
인천,옹진군,201503,0
인천,옹진군,201504,0
인천,옹진군,201505,0
인천,옹진군,201506,0
인천,옹진군,201507,0
인천,옹진군,201508,0
인천,옹진군,201509,0
인천,옹진군,201510,0
인천,옹진군,201511,0
인천,옹진군,201512,0
인천,옹진군,201601,0
인천,옹진군,201602,0
인천,옹진군,201603,0
인천,옹진군,201604,0
인천,옹진군,201606,0
인천,옹진군,201607,0
인천,옹진군,201608,0
인천,옹진군,201609,0
인천,옹진군,201610,0
인천,옹진군,201611,0
인천,옹진군,201612,0
인천,옹진군,201701,0
인천,옹진군,201702,0
인천,옹진군,201703,0
인천,옹진군,201704,0
인천,옹진군,201706,0
인천,옹진군,201707,0
인천,옹진군,201708,0
인천,옹진군,201709,0
인천,옹진군,201710,0
인천,옹진군,201711,0
인천,옹진군,201712,0
인천,옹진군,201801,0
인천,옹진군,201802,0
인천,옹진군,201807,0
인천,옹진군,201808,0
인천,옹진군,201811,0
인천,옹진군,201812,0
인천,옹진군,201901,0
인천,옹진군,201902,0
인천,옹진군,201903,0
인천,옹진군,201904,0
인천,옹진군,201905,0
인천,옹진군,201906,0
인천,옹진군,201907,0
인천,옹진군,201908,0
인천,옹진군,201909,0
인천,옹진군,201910,0
인천,옹진군,201912,0
인천,옹진군,202001,0
인천,옹진군,202002,0
인천,옹진군,202003,0
인천,옹진군,202004,0
인천,옹진군,202005,0
인천,옹진군,202006,0
인천,옹진군,202007,0
인천,옹진군,202008,0
인천,옹진군,202009,0
인천,옹진군,202010,0
인천,옹진군,202011,0
인천,옹진군,202012,0
인천,옹진군,202101,0
인천,옹진군,202102,0
인천,옹진군,202103,0
인천,옹진군,202104,0
인천,옹진군,202105,0
인천,옹진군,202106,0
인천,옹진군,202107,0
인천,옹진군,202108,0
인천,옹진군,202109,0
인천,옹진군,202110,0
인천,옹진군,202111,0
인천,옹진군,202112,0
인천,옹진군,202201,0
인천,옹진군,202202,0
인천,옹진군,202203,0
인천,옹진군,202204,0
인천,옹진군,202205,0
인천,옹진군,202206,0
인천,옹진군,202207,0
인천,옹진군,202208,0
인천,옹진군,202209,0
인천,옹진군,202210,0
인천,옹진군,202211,0
인천,옹진군,202212,0
인천,옹진군,202301,0
인천,옹진군,202302,0
인천,옹진군,202303,0
인천,옹진군,202304,0
인천,옹진군,202305,0
인천,옹진군,202306,0
인천,옹진군,202307,0
인천,옹진군,202308,0
인천,옹진군,202309,0
인천,옹진군,202310,0
인천,옹진군,202311,0
인천,옹진군,202312,0
인천,옹진군,202401,0
인천,옹진군,202402,0
인천,옹진군,202403,0
인천,옹진군,202404,0
인천,옹진군,202405,0
인천,옹진군,202406,0
인천,옹진군,202407,0
인천,옹진군,202408,0
인천,옹진군,202409,0
인천,옹진군,202410,0
인천,옹진군,202411,0
인천,옹진군,202412,0
인천,옹진군,202501,0
인천,옹진군,202502,0
인천,옹진군,202503,0
인천,옹진군,202504,0
인천,옹진군,202505,0
인천,옹진군,202506,0
인천,옹진군,202507,0
인천,옹진군,202508,0
인천,옹진군,202509,0
인천,옹진군,202510,0
인천,옹진군,202511,0
인천,옹진군,202512,0
인천,옹진군,202601,0
인천,옹진군,202602,0
인천,옹진군,202603,0
인천,옹진군,202604,0
인천,옹진군,202605,0
인천,옹진군,202606,0
인천,옹진군,202607,0
인천,옹진군,202608,0
인천,영종구,202607,1614
인천,영종구,202608,1578
인천,서해구,202607,0
인천,서해구,202608,0
인천,검단구,202607,741
인천,검단구,202608,737
인천,제물포구,202607,34
인천,제물포구,202608,34
광주,서구,200701,288
광주,서구,200702,624
광주,서구,200703,569
광주,서구,200704,500
광주,서구,200705,461
광주,서구,200706,807
광주,서구,200707,619
광주,서구,200708,549
광주,서구,200709,518
광주,서구,200710,507
광주,서구,200711,504
광주,서구,200712,488
광주,서구,200801,552
광주,서구,200802,541
광주,서구,200803,876
광주,서구,200804,604
광주,서구,200805,492
광주,서구,200806,481
광주,서구,200807,1068
광주,서구,200808,1550
광주,서구,200809,1429
광주,서구,200810,1429
광주,서구,200811,1356
광주,서구,200812,77
광주,서구,200901,56
광주,서구,200902,46
광주,서구,200903,37
광주,서구,200904,11
광주,서구,200905,11
광주,서구,200906,13
광주,서구,200907,10
광주,서구,200908,10
광주,서구,200909,6
광주,서구,200910,1134
광주,서구,200911,6
광주,서구,200912,6
광주,서구,201001,818
광주,서구,201002,749
광주,서구,201003,670
광주,서구,201004,644
광주,서구,201005,621
광주,서구,201006,559
광주,서구,201007,430
광주,서구,201008,584
광주,서구,201009,499
광주,서구,201010,462
광주,서구,201011,559
광주,서구,201012,523
광주,서구,201101,456
광주,서구,201102,356
광주,서구,201103,312
광주,서구,201104,294
광주,서구,201105,388
광주,서구,201106,342
광주,서구,201107,258
광주,서구,201108,234
광주,서구,201109,249
광주,서구,201110,251
광주,서구,201111,275
광주,서구,201112,231
광주,서구,201201,173
광주,서구,201202,160
광주,서구,201203,117
광주,서구,201204,93
광주,서구,201205,84
광주,서구,201206,76
광주,서구,201207,70
광주,서구,201208,201
광주,서구,201209,313
광주,서구,201210,272
광주,서구,201211,871
광주,서구,201212,591
광주,서구,201301,542
광주,서구,201302,499
광주,서구,201303,480
광주,서구,201304,453
광주,서구,201305,447
광주,서구,201306,406
광주,서구,201307,381
광주,서구,201308,380
광주,서구,201309,376
광주,서구,201310,362
광주,서구,201311,41
광주,서구,201312,34
광주,서구,201401,34
광주,서구,201402,24
광주,서구,201403,25
광주,서구,201404,24
광주,서구,201405,24
광주,서구,201406,18
광주,서구,201407,16
광주,서구,201408,279
광주,서구,201409,169
광주,서구,201410,57
광주,서구,201411,49
광주,서구,201412,41
광주,서구,201501,31
광주,서구,201502,19
광주,서구,201503,14
광주,서구,201504,14
광주,서구,201505,16
광주,서구,201506,14
광주,서구,201507,14
광주,서구,201508,14
광주,서구,201509,14
광주,서구,201510,14
광주,서구,201511,12
광주,서구,201512,11
광주,서구,201601,11
광주,서구,201602,11
광주,서구,201603,11
광주,서구,201604,10
광주,서구,201605,10
광주,서구,201606,10
광주,서구,201607,10
광주,서구,201608,10
광주,서구,201609,10
광주,서구,201610,10
광주,서구,201611,10
광주,서구,201612,10
광주,서구,201701,10
광주,서구,201702,7
광주,서구,201703,6
광주,서구,201704,6
광주,서구,201705,6
광주,서구,201706,5
광주,서구,201707,47
광주,서구,201708,46
광주,서구,201709,56
광주,서구,201710,56
광주,서구,201711,42
광주,서구,201712,36
광주,서구,201801,33
광주,서구,201802,24
광주,서구,201803,23
광주,서구,201804,21
광주,서구,201805,17
광주,서구,201806,14
광주,서구,201807,12
광주,서구,201808,5
광주,서구,201809,3
광주,서구,201810,3
광주,서구,201811,3
광주,서구,201812,3
광주,서구,201901,3
광주,서구,201902,3
광주,서구,201903,3
광주,서구,201904,3
광주,서구,201905,3
광주,서구,201906,3
광주,서구,201907,3
광주,서구,201908,0
광주,서구,201909,0
광주,서구,201910,0
광주,서구,201912,0
광주,서구,202001,0
광주,서구,202002,0
광주,서구,202003,0
광주,서구,202004,0
광주,서구,202005,0
광주,서구,202006,0
광주,서구,202007,0
광주,서구,202008,0
광주,서구,202009,0
광주,서구,202010,0
광주,서구,202011,0
광주,서구,202012,0
광주,서구,202101,0
광주,서구,202102,0
광주,서구,202103,0
광주,서구,202104,0
광주,서구,202105,0
광주,서구,202106,0
광주,서구,202107,0
광주,서구,202108,0
광주,서구,202109,0
광주,서구,202110,0
광주,서구,202111,0
광주,서구,202112,0
광주,서구,202201,0
광주,서구,202202,0
광주,서구,202203,0
광주,서구,202204,0
광주,서구,202205,0
광주,서구,202206,0
광주,서구,202207,1
광주,서구,202208,1
광주,서구,202209,1
광주,서구,202210,1
광주,서구,202211,1
광주,서구,202212,1
광주,서구,202301,1
광주,서구,202302,192
광주,서구,202303,192
광주,서구,202304,96
광주,서구,202305,92
광주,서구,202306,64
광주,서구,202307,57
광주,서구,202308,31
광주,서구,202309,31
광주,서구,202310,28
광주,서구,202311,26
광주,서구,202312,25
광주,서구,202401,25
광주,서구,202402,25
광주,서구,202403,25
광주,서구,202404,345
광주,서구,202405,345
광주,서구,202406,345
광주,서구,202407,247
광주,서구,202408,247
광주,서구,202409,247
광주,서구,202410,247
광주,서구,202411,247
광주,서구,202412,247
광주,서구,202501,247
광주,서구,202502,247
광주,서구,202503,247
광주,서구,202504,247
광주,서구,202505,247
광주,서구,202506,247
광주,서구,202507,247
광주,서구,202508,247
광주,서구,202509,247
광주,서구,202510,247
광주,서구,202511,247
광주,서구,202512,247
광주,서구,202601,247
광주,서구,202602,247
광주,서구,202603,247
광주,서구,202604,247
광주,서구,202605,247
광주,서구,202606,247
광주,동구,200701,7
광주,동구,200702,7
광주,동구,200703,7
광주,동구,200704,7
광주,동구,200705,68
광주,동구,200706,68
광주,동구,200707,68
광주,동구,200708,68
광주,동구,200709,65
광주,동구,200710,62
광주,동구,200711,50
광주,동구,200712,50
광주,동구,200801,38
광주,동구,200802,36
광주,동구,200803,28
광주,동구,200804,28
광주,동구,200805,26
광주,동구,200806,18
광주,동구,200807,27
광주,동구,200808,22
광주,동구,200809,23
광주,동구,200810,32
광주,동구,200811,70
광주,동구,200812,1373
광주,동구,200901,1387
광주,동구,200902,1374
광주,동구,200903,2064
광주,동구,200904,1744
광주,동구,200905,1447
광주,동구,200906,1458
광주,동구,200907,1451
광주,동구,200908,1250
광주,동구,200909,1159
광주,동구,200910,6
광주,동구,200911,914
광주,동구,200912,877
광주,동구,201001,6
광주,동구,201002,6
광주,동구,201003,6
광주,동구,201004,6
광주,동구,201005,5
광주,동구,201006,5
광주,동구,201007,5
광주,동구,201008,5
광주,동구,201009,5
광주,동구,201010,5
광주,동구,201011,5
광주,동구,201012,5
광주,동구,201101,5
광주,동구,201102,4
광주,동구,201103,3
광주,동구,201104,3
광주,동구,201105,3
광주,동구,201106,3
광주,동구,201107,3
광주,동구,201108,3
광주,동구,201109,3
광주,동구,201110,3
광주,동구,201111,3
광주,동구,201112,3
광주,동구,201201,3
광주,동구,201202,2
광주,동구,201203,2
광주,동구,201204,2
광주,동구,201205,2
광주,동구,201206,2
광주,동구,201207,2
광주,동구,201208,2
광주,동구,201209,2
광주,동구,201210,2
광주,동구,201211,2
광주,동구,201212,2
광주,동구,201301,2
광주,동구,201302,46
광주,동구,201303,45
광주,동구,201304,45
광주,동구,201305,39
광주,동구,201306,39
광주,동구,201307,39
광주,동구,201308,39
광주,동구,201309,39
광주,동구,201310,39
광주,동구,201311,39
광주,동구,201312,39
광주,동구,201401,37
광주,동구,201402,33
광주,동구,201403,32
광주,동구,201404,33
광주,동구,201405,33
광주,동구,201406,33
광주,동구,201407,29
광주,동구,201408,28
광주,동구,201409,28
광주,동구,201410,27
광주,동구,201411,26
광주,동구,201412,26
광주,동구,201501,25
광주,동구,201502,25
광주,동구,201503,15
광주,동구,201504,15
광주,동구,201505,15
광주,동구,201506,96
광주,동구,201507,96
광주,동구,201508,96
광주,동구,201509,96
광주,동구,201510,96
광주,동구,201511,96
광주,동구,201512,253
광주,동구,201601,215
광주,동구,201602,215
광주,동구,201603,215
광주,동구,201604,215
광주,동구,201605,134
광주,동구,201606,134
광주,동구,201607,109
광주,동구,201608,95
광주,동구,201609,454
광주,동구,201610,342
광주,동구,201611,255
광주,동구,201612,199
광주,동구,201701,163
광주,동구,201702,119
광주,동구,201703,96
광주,동구,201704,363
광주,동구,201705,363
광주,동구,201706,289
광주,동구,201707,289
광주,동구,201708,289
광주,동구,201709,289
광주,동구,201710,229
광주,동구,201711,226
광주,동구,201712,186
광주,동구,201801,186
광주,동구,201802,105
광주,동구,201803,105
광주,동구,201804,78
광주,동구,201805,78
광주,동구,201806,78
광주,동구,201807,60
광주,동구,201808,60
광주,동구,201809,37
광주,동구,201810,37
광주,동구,201811,8
광주,동구,201812,0
광주,동구,201901,0
광주,동구,201902,0
광주,동구,201903,0
광주,동구,201904,0
광주,동구,201905,0
광주,동구,201906,0
광주,동구,201907,0
광주,동구,201908,0
광주,동구,201909,0
광주,동구,201910,0
광주,동구,201912,0
광주,동구,202001,0
광주,동구,202002,0
광주,동구,202003,0
광주,동구,202004,0
광주,동구,202005,0
광주,동구,202006,0
광주,동구,202007,0
광주,동구,202008,0
광주,동구,202009,228
광주,동구,202010,214
광주,동구,202011,57
광주,동구,202012,0
광주,동구,202101,276
광주,동구,202102,13
광주,동구,202103,13
광주,동구,202104,13
광주,동구,202105,13
광주,동구,202106,13
광주,동구,202107,6
광주,동구,202108,6
광주,동구,202109,5
광주,동구,202110,4
광주,동구,202111,4
광주,동구,202112,3
광주,동구,202201,3
광주,동구,202202,2
광주,동구,202203,0
광주,동구,202204,0
광주,동구,202205,0
광주,동구,202206,90
광주,동구,202207,89
광주,동구,202208,90
광주,동구,202209,55
광주,동구,202210,54
광주,동구,202211,54
광주,동구,202212,54
광주,동구,202301,54
광주,동구,202302,95
광주,동구,202303,95
광주,동구,202304,144
광주,동구,202305,144
광주,동구,202306,144
광주,동구,202307,144
광주,동구,202308,144
광주,동구,202309,144
광주,동구,202310,144
광주,동구,202311,143
광주,동구,202312,143
광주,동구,202401,143
광주,동구,202402,143
광주,동구,202403,138
광주,동구,202404,138
광주,동구,202405,138
광주,동구,202406,138
광주,동구,202407,138
광주,동구,202408,138
광주,동구,202409,138
광주,동구,202410,138
광주,동구,202411,138
광주,동구,202412,138
광주,동구,202501,138
광주,동구,202502,138
광주,동구,202503,138
광주,동구,202504,71
광주,동구,202505,71
광주,동구,202506,71
광주,동구,202507,71
광주,동구,202508,0
광주,동구,202509,0
광주,동구,202510,0
광주,동구,202511,0
광주,동구,202512,0
광주,동구,202601,0
광주,동구,202602,0
광주,동구,202603,0
광주,동구,202604,0
광주,동구,202605,0
광주,동구,202606,0
광주,남구,200701,289
광주,남구,200702,284
광주,남구,200703,553
광주,남구,200704,544
광주,남구,200705,460
광주,남구,200706,451
광주,남구,200707,515
광주,남구,200708,504
광주,남구,200709,498
광주,남구,200710,953
광주,남구,200711,1315
광주,남구,200712,1390
광주,남구,200801,1392
광주,남구,200802,1370
광주,남구,200803,1455
광주,남구,200804,1407
광주,남구,200805,1348
광주,남구,200806,1438
광주,남구,200807,1455
광주,남구,200808,1394
광주,남구,200809,1383
광주,남구,200810,1377
광주,남구,200811,1303
광주,남구,200812,1287
광주,남구,200901,1353
광주,남구,200902,1337
광주,남구,200903,1293
광주,남구,200904,1276
광주,남구,200905,992
광주,남구,200906,968
광주,남구,200907,953
광주,남구,200908,922
광주,남구,200909,967
광주,남구,200910,947
광주,남구,200911,1115
광주,남구,200912,1084
광주,남구,201001,1069
광주,남구,201002,1054
광주,남구,201003,1019
광주,남구,201004,1013
광주,남구,201005,1001
광주,남구,201006,561
광주,남구,201007,555
광주,남구,201008,332
광주,남구,201009,327
광주,남구,201010,259
광주,남구,201011,231
광주,남구,201012,194
광주,남구,201101,146
광주,남구,201102,121
광주,남구,201103,96
광주,남구,201104,78
광주,남구,201105,76
광주,남구,201106,70
광주,남구,201107,113
광주,남구,201108,104
광주,남구,201109,169
광주,남구,201110,284
광주,남구,201111,353
광주,남구,201112,341
광주,남구,201201,328
광주,남구,201202,305
광주,남구,201203,405
광주,남구,201204,351
광주,남구,201205,593
광주,남구,201206,549
광주,남구,201207,505
광주,남구,201208,476
광주,남구,201209,461
광주,남구,201210,419
광주,남구,201211,393
광주,남구,201212,509
광주,남구,201301,606
광주,남구,201302,501
광주,남구,201303,605
광주,남구,201304,466
광주,남구,201305,409
광주,남구,201306,356
광주,남구,201307,323
광주,남구,201308,298
광주,남구,201309,175
광주,남구,201310,151
광주,남구,201311,79
광주,남구,201312,65
광주,남구,201401,95
광주,남구,201402,57
광주,남구,201403,44
광주,남구,201404,39
광주,남구,201405,37
광주,남구,201406,34
광주,남구,201407,33
광주,남구,201408,33
광주,남구,201409,25
광주,남구,201410,25
광주,남구,201411,21
광주,남구,201412,21
광주,남구,201501,68
광주,남구,201502,41
광주,남구,201503,41
광주,남구,201504,26
광주,남구,201505,80
광주,남구,201506,70
광주,남구,201507,65
광주,남구,201508,62
광주,남구,201509,105
광주,남구,201510,105
광주,남구,201511,105
광주,남구,201512,105
광주,남구,201601,105
광주,남구,201602,145
광주,남구,201603,120
광주,남구,201604,105
광주,남구,201605,105
광주,남구,201606,105
광주,남구,201607,105
광주,남구,201608,105
광주,남구,201609,105
광주,남구,201610,97
광주,남구,201611,97
광주,남구,201612,80
광주,남구,201701,76
광주,남구,201702,68
광주,남구,201703,62
광주,남구,201704,53
광주,남구,201705,50
광주,남구,201706,50
광주,남구,201707,49
광주,남구,201708,39
광주,남구,201709,36
광주,남구,201710,28
광주,남구,201711,152
광주,남구,201712,100
광주,남구,201801,26
광주,남구,201802,10
광주,남구,201803,4
광주,남구,201804,9
광주,남구,201805,9
광주,남구,201806,8
광주,남구,201807,8
광주,남구,201808,4
광주,남구,201811,0
광주,남구,201812,0
광주,남구,201901,0
광주,남구,201902,0
광주,남구,201903,0
광주,남구,201904,0
광주,남구,201905,0
광주,남구,201906,0
광주,남구,201907,0
광주,남구,201908,8
광주,남구,201909,8
광주,남구,201910,8
광주,남구,201911,8
광주,남구,201912,8
광주,남구,202001,8
광주,남구,202002,0
광주,남구,202003,0
광주,남구,202004,0
광주,남구,202005,0
광주,남구,202006,0
광주,남구,202007,0
광주,남구,202008,0
광주,남구,202009,0
광주,남구,202010,0
광주,남구,202011,0
광주,남구,202012,0
광주,남구,202101,0
광주,남구,202102,0
광주,남구,202103,0
광주,남구,202104,0
광주,남구,202105,0
광주,남구,202106,0
광주,남구,202107,0
광주,남구,202108,0
광주,남구,202109,0
광주,남구,202110,0
광주,남구,202111,0
광주,남구,202112,0
광주,남구,202201,0
광주,남구,202202,0
광주,남구,202203,0
광주,남구,202204,0
광주,남구,202205,0
광주,남구,202206,0
광주,남구,202207,0
광주,남구,202208,0
광주,남구,202209,0
광주,남구,202210,0
광주,남구,202211,0
광주,남구,202212,0
광주,남구,202301,0
광주,남구,202302,138
광주,남구,202303,137
광주,남구,202304,137
광주,남구,202305,137
광주,남구,202306,137
광주,남구,202307,200
광주,남구,202308,200
광주,남구,202309,200
광주,남구,202310,200
광주,남구,202311,200
광주,남구,202312,200
광주,남구,202401,183
광주,남구,202402,183
광주,남구,202403,183
광주,남구,202404,183
광주,남구,202405,183
광주,남구,202406,183
광주,남구,202407,101
광주,남구,202408,101
광주,남구,202409,101
광주,남구,202410,101
광주,남구,202411,101
광주,남구,202412,101
광주,남구,202501,101
광주,남구,202502,101
광주,남구,202503,101
광주,남구,202504,101
광주,남구,202505,101
광주,남구,202506,101
광주,남구,202507,161
광주,남구,202508,268
광주,남구,202509,261
광주,남구,202510,331
광주,남구,202511,308
광주,남구,202512,316
광주,남구,202601,284
광주,남구,202602,241
광주,남구,202603,223
광주,남구,202604,224
광주,남구,202605,212
광주,남구,202606,204
광주,북구,200701,998
광주,북구,200702,997
광주,북구,200703,997
광주,북구,200704,997
광주,북구,200705,1136
광주,북구,200706,1413
광주,북구,200707,1413
광주,북구,200708,1389
광주,북구,200709,1367
광주,북구,200710,1330
광주,북구,200711,1310
광주,북구,200712,1297
광주,북구,200801,1332
광주,북구,200802,1166
광주,북구,200803,1028
광주,북구,200804,985
광주,북구,200805,847
광주,북구,200806,844
광주,북구,200807,2183
광주,북구,200808,2068
광주,북구,200809,1941
광주,북구,200810,1886
광주,북구,200811,1259
광주,북구,200812,1186
광주,북구,200901,1145
광주,북구,200902,1673
광주,북구,200903,1769
광주,북구,200904,1460
광주,북구,200905,969
광주,북구,200906,922
광주,북구,200907,872
광주,북구,200908,846
광주,북구,200909,828
광주,북구,200910,910
광주,북구,200911,877
광주,북구,200912,870
광주,북구,201001,861
광주,북구,201002,840
광주,북구,201003,786
광주,북구,201004,791
광주,북구,201005,723
광주,북구,201006,701
광주,북구,201007,685
광주,북구,201008,611
광주,북구,201009,570
광주,북구,201010,521
광주,북구,201011,477
광주,북구,201012,424
광주,북구,201101,364
광주,북구,201102,301
광주,북구,201103,264
광주,북구,201104,226
광주,북구,201105,201
광주,북구,201106,194
광주,북구,201107,189
광주,북구,201108,19
광주,북구,201109,16
광주,북구,201110,11
광주,북구,201111,11
광주,북구,201112,36
광주,북구,201201,251
광주,북구,201202,242
광주,북구,201203,499
광주,북구,201204,393
광주,북구,201205,348
광주,북구,201206,281
광주,북구,201207,561
광주,북구,201208,2201
광주,북구,201209,1960
광주,북구,201210,1876
광주,북구,201211,1820
광주,북구,201212,1767
광주,북구,201301,1756
광주,북구,201302,1743
광주,북구,201303,58
광주,북구,201304,119
광주,북구,201305,91
광주,북구,201306,83
광주,북구,201307,62
광주,북구,201308,55
광주,북구,201309,49
광주,북구,201310,11
광주,북구,201311,7
광주,북구,201312,7
광주,북구,201401,5
광주,북구,201402,5
광주,북구,201403,314
광주,북구,201404,5
광주,북구,201405,5
광주,북구,201406,5
광주,북구,201407,553
광주,북구,201408,45
광주,북구,201409,21
광주,북구,201410,45
광주,북구,201411,45
광주,북구,201412,128
광주,북구,201501,104
광주,북구,201502,40
광주,북구,201503,26
광주,북구,201504,23
광주,북구,201505,3
광주,북구,201506,3
광주,북구,201507,3
광주,북구,201508,3
광주,북구,201509,3
광주,북구,201510,16
광주,북구,201511,48
광주,북구,201512,329
광주,북구,201601,304
광주,북구,201602,307
광주,북구,201603,385
광주,북구,201604,449
광주,북구,201605,751
광주,북구,201606,645
광주,북구,201607,629
광주,북구,201608,618
광주,북구,201609,494
광주,북구,201610,359
광주,북구,201611,286
광주,북구,201612,222
광주,북구,201701,206
광주,북구,201702,235
광주,북구,201703,225
광주,북구,201704,255
광주,북구,201705,284
광주,북구,201706,267
광주,북구,201707,261
광주,북구,201708,260
광주,북구,201709,257
광주,북구,201710,250
광주,북구,201711,241
광주,북구,201712,237
광주,북구,201801,229
광주,북구,201802,217
광주,북구,201803,186
광주,북구,201804,203
광주,북구,201805,182
광주,북구,201806,167
광주,북구,201807,141
광주,북구,201808,130
광주,북구,201809,121
광주,북구,201810,120
광주,북구,201811,44
광주,북구,201812,41
광주,북구,201901,38
광주,북구,201902,37
광주,북구,201903,36
광주,북구,201904,36
광주,북구,201905,36
광주,북구,201906,35
광주,북구,201907,35
광주,북구,201908,92
광주,북구,201909,84
광주,북구,201910,71
광주,북구,201911,58
광주,북구,201912,80
광주,북구,202001,47
광주,북구,202002,32
광주,북구,202003,32
광주,북구,202004,31
광주,북구,202005,31
광주,북구,202006,31
광주,북구,202007,31
광주,북구,202008,31
광주,북구,202009,31
광주,북구,202010,31
광주,북구,202011,31
광주,북구,202012,31
광주,북구,202101,31
광주,북구,202102,31
광주,북구,202103,31
광주,북구,202104,62
광주,북구,202105,60
광주,북구,202106,53
광주,북구,202107,48
광주,북구,202108,33
광주,북구,202109,31
광주,북구,202110,29
광주,북구,202111,25
광주,북구,202112,24
광주,북구,202201,3
광주,북구,202202,3
광주,북구,202203,2
광주,북구,202204,2
광주,북구,202205,46
광주,북구,202206,46
광주,북구,202207,46
광주,북구,202208,45
광주,북구,202209,45
광주,북구,202210,44
광주,북구,202211,44
광주,북구,202212,44
광주,북구,202301,44
광주,북구,202302,44
광주,북구,202303,44
광주,북구,202304,44
광주,북구,202305,44
광주,북구,202306,159
광주,북구,202307,158
광주,북구,202308,67
광주,북구,202309,67
광주,북구,202310,65
광주,북구,202311,144
광주,북구,202312,144
광주,북구,202401,425
광주,북구,202402,443
광주,북구,202403,431
광주,북구,202404,547
광주,북구,202405,544
광주,북구,202406,544
광주,북구,202407,541
광주,북구,202408,573
광주,북구,202409,473
광주,북구,202410,508
광주,북구,202411,508
광주,북구,202412,508
광주,북구,202501,517
광주,북구,202502,538
광주,북구,202503,538
광주,북구,202504,541
광주,북구,202505,541
광주,북구,202506,544
광주,북구,202507,544
광주,북구,202508,530
광주,북구,202509,527
광주,북구,202510,527
광주,북구,202511,527
광주,북구,202512,527
광주,북구,202601,526
광주,북구,202602,526
광주,북구,202603,526
광주,북구,202604,525
광주,북구,202605,525
광주,북구,202606,525
광주,광산구,200701,5423
광주,광산구,200702,4334
광주,광산구,200703,3779
광주,광산구,200704,3781
광주,광산구,200705,5717
광주,광산구,200706,5533
광주,광산구,200707,4571
광주,광산구,200708,4923
광주,광산구,200709,4846
광주,광산구,200710,4748
광주,광산구,200711,4732
광주,광산구,200712,4715
광주,광산구,200801,4695
광주,광산구,200802,4666
광주,광산구,200803,4622
광주,광산구,200804,4255
광주,광산구,200805,4239
광주,광산구,200806,4709
광주,광산구,200807,6041
광주,광산구,200808,6009
광주,광산구,200809,5852
광주,광산구,200810,6599
광주,광산구,200811,8684
광주,광산구,200812,8461
광주,광산구,200901,8454
광주,광산구,200902,8239
광주,광산구,200903,7658
광주,광산구,200904,6893
광주,광산구,200905,5146
광주,광산구,200906,4848
광주,광산구,200907,3978
광주,광산구,200908,3771
광주,광산구,200909,3142
광주,광산구,200910,2754
광주,광산구,200911,2062
광주,광산구,200912,1841
광주,광산구,201001,1550
광주,광산구,201002,1240
광주,광산구,201003,976
광주,광산구,201004,1321
광주,광산구,201005,1474
광주,광산구,201006,996
광주,광산구,201007,1184
광주,광산구,201008,942
광주,광산구,201009,749
광주,광산구,201010,652
광주,광산구,201011,1087
광주,광산구,201012,663
광주,광산구,201101,288
광주,광산구,201102,182
광주,광산구,201103,130
광주,광산구,201104,116
광주,광산구,201105,53
광주,광산구,201106,46
광주,광산구,201107,119
광주,광산구,201108,98
광주,광산구,201109,182
광주,광산구,201110,257
광주,광산구,201111,128
광주,광산구,201112,173
광주,광산구,201201,110
광주,광산구,201202,109
광주,광산구,201203,119
광주,광산구,201204,101
광주,광산구,201205,77
광주,광산구,201206,200
광주,광산구,201207,175
광주,광산구,201208,171
광주,광산구,201209,281
광주,광산구,201210,223
광주,광산구,201211,522
광주,광산구,201212,479
광주,광산구,201301,463
광주,광산구,201302,446
광주,광산구,201303,424
광주,광산구,201304,388
광주,광산구,201305,364
광주,광산구,201306,349
광주,광산구,201307,311
광주,광산구,201308,292
광주,광산구,201309,274
광주,광산구,201310,254
광주,광산구,201311,211
광주,광산구,201312,178
광주,광산구,201401,169
광주,광산구,201402,87
광주,광산구,201403,68
광주,광산구,201404,28
광주,광산구,201405,28
광주,광산구,201406,27
광주,광산구,201407,26
광주,광산구,201408,25
광주,광산구,201409,25
광주,광산구,201410,32
광주,광산구,201411,31
광주,광산구,201412,31
광주,광산구,201501,24
광주,광산구,201502,16
광주,광산구,201503,13
광주,광산구,201504,13
광주,광산구,201505,6
광주,광산구,201506,6
광주,광산구,201507,5
광주,광산구,201508,15
광주,광산구,201509,42
광주,광산구,201510,38
광주,광산구,201511,37
광주,광산구,201512,37
광주,광산구,201601,37
광주,광산구,201602,33
광주,광산구,201603,33
광주,광산구,201604,33
광주,광산구,201605,49
광주,광산구,201606,201
광주,광산구,201607,78
광주,광산구,201608,78
광주,광산구,201609,27
광주,광산구,201610,69
광주,광산구,201611,43
광주,광산구,201612,43
광주,광산구,201701,363
광주,광산구,201702,335
광주,광산구,201703,307
광주,광산구,201704,715
광주,광산구,201705,623
광주,광산구,201706,193
광주,광산구,201707,151
광주,광산구,201708,132
광주,광산구,201709,131
광주,광산구,201710,218
광주,광산구,201711,135
광주,광산구,201712,148
광주,광산구,201801,88
광주,광산구,201802,75
광주,광산구,201803,65
광주,광산구,201804,55
광주,광산구,201805,52
광주,광산구,201806,50
광주,광산구,201807,45
광주,광산구,201808,41
광주,광산구,201809,33
광주,광산구,201810,31
광주,광산구,201811,20
광주,광산구,201812,14
광주,광산구,201901,11
광주,광산구,201902,9
광주,광산구,201903,6
광주,광산구,201904,1
광주,광산구,201905,1
광주,광산구,201906,1
광주,광산구,201907,1
광주,광산구,201908,81
광주,광산구,201909,47
광주,광산구,201910,16
광주,광산구,201911,114
광주,광산구,201912,60
광주,광산구,202001,4
광주,광산구,202002,4
광주,광산구,202003,0
광주,광산구,202004,0
광주,광산구,202005,0
광주,광산구,202006,0
광주,광산구,202007,0
광주,광산구,202008,0
광주,광산구,202009,0
광주,광산구,202010,0
광주,광산구,202011,0
광주,광산구,202012,0
광주,광산구,202101,0
광주,광산구,202102,0
광주,광산구,202103,0
광주,광산구,202104,0
광주,광산구,202105,0
광주,광산구,202106,0
광주,광산구,202107,0
광주,광산구,202108,0
광주,광산구,202109,0
광주,광산구,202110,0
광주,광산구,202111,0
광주,광산구,202112,0
광주,광산구,202201,0
광주,광산구,202202,0
광주,광산구,202203,0
광주,광산구,202204,0
광주,광산구,202205,0
광주,광산구,202206,62
광주,광산구,202207,62
광주,광산구,202208,62
광주,광산구,202209,62
광주,광산구,202210,62
광주,광산구,202211,62
광주,광산구,202212,192
광주,광산구,202301,163
광주,광산구,202302,139
광주,광산구,202303,139
광주,광산구,202304,139
광주,광산구,202305,139
광주,광산구,202306,139
광주,광산구,202307,139
광주,광산구,202308,131
광주,광산구,202309,131
광주,광산구,202310,131
광주,광산구,202311,91
광주,광산구,202312,84
광주,광산구,202401,84
광주,광산구,202402,110
광주,광산구,202403,509
광주,광산구,202404,508
광주,광산구,202405,497
광주,광산구,202406,510
광주,광산구,202407,343
광주,광산구,202408,339
광주,광산구,202409,335
광주,광산구,202410,276
광주,광산구,202411,248
광주,광산구,202412,248
광주,광산구,202501,231
광주,광산구,202502,345
광주,광산구,202503,342
광주,광산구,202504,338
광주,광산구,202505,338
광주,광산구,202506,334
광주,광산구,202507,334
광주,광산구,202508,325
광주,광산구,202509,330
광주,광산구,202510,326
광주,광산구,202511,321
광주,광산구,202512,314
광주,광산구,202601,314
광주,광산구,202602,305
광주,광산구,202603,306
광주,광산구,202604,292
광주,광산구,202605,275
광주,광산구,202606,269
대전,중구,200701,159
대전,중구,200702,157
대전,중구,200703,449
대전,중구,200704,437
대전,중구,200705,436
대전,중구,200706,652
대전,중구,200707,690
대전,중구,200708,674
대전,중구,200709,657
대전,중구,200710,698
대전,중구,200711,668
대전,중구,200712,703
대전,중구,200801,680
대전,중구,200802,679
대전,중구,200803,677
대전,중구,200804,618
대전,중구,200805,610
대전,중구,200806,1036
대전,중구,200807,1031
대전,중구,200808,1022
대전,중구,200809,973
대전,중구,200810,933
대전,중구,200811,926
대전,중구,200812,355
대전,중구,200901,281
대전,중구,200902,254
대전,중구,200903,234
대전,중구,200904,226
대전,중구,200905,328
대전,중구,200906,1024
대전,중구,200907,954
대전,중구,200908,858
대전,중구,200909,676
대전,중구,200910,30
대전,중구,200911,449
대전,중구,200912,546
대전,중구,201001,358
대전,중구,201002,308
대전,중구,201003,281
대전,중구,201004,268
대전,중구,201005,265
대전,중구,201006,264
대전,중구,201007,260
대전,중구,201008,240
대전,중구,201009,240
대전,중구,201010,240
대전,중구,201011,240
대전,중구,201012,225
대전,중구,201101,224
대전,중구,201102,213
대전,중구,201103,194
대전,중구,201104,165
대전,중구,201105,159
대전,중구,201106,186
대전,중구,201107,158
대전,중구,201108,156
대전,중구,201109,151
대전,중구,201110,151
대전,중구,201111,151
대전,중구,201112,244
대전,중구,201201,177
대전,중구,201202,147
대전,중구,201203,138
대전,중구,201204,130
대전,중구,201205,123
대전,중구,201206,119
대전,중구,201207,118
대전,중구,201208,126
대전,중구,201209,124
대전,중구,201210,124
대전,중구,201211,123
대전,중구,201212,123
대전,중구,201301,123
대전,중구,201302,121
대전,중구,201303,198
대전,중구,201304,176
대전,중구,201305,162
대전,중구,201306,146
대전,중구,201307,151
대전,중구,201308,148
대전,중구,201309,148
대전,중구,201310,148
대전,중구,201311,136
대전,중구,201312,118
대전,중구,201401,118
대전,중구,201402,95
대전,중구,201403,95
대전,중구,201404,95
대전,중구,201405,95
대전,중구,201406,74
대전,중구,201407,69
대전,중구,201408,218
대전,중구,201409,206
대전,중구,201410,198
대전,중구,201411,195
대전,중구,201412,192
대전,중구,201501,192
대전,중구,201502,187
대전,중구,201503,272
대전,중구,201504,272
대전,중구,201505,265
대전,중구,201506,328
대전,중구,201507,307
대전,중구,201508,298
대전,중구,201509,271
대전,중구,201510,242
대전,중구,201511,169
대전,중구,201512,322
대전,중구,201601,250
대전,중구,201602,181
대전,중구,201603,311
대전,중구,201604,265
대전,중구,201605,261
대전,중구,201606,257
대전,중구,201607,223
대전,중구,201608,214
대전,중구,201609,157
대전,중구,201610,184
대전,중구,201611,128
대전,중구,201612,126
대전,중구,201701,112
대전,중구,201702,141
대전,중구,201703,138
대전,중구,201704,136
대전,중구,201705,131
대전,중구,201706,128
대전,중구,201707,125
대전,중구,201708,120
대전,중구,201709,66
대전,중구,201710,63
대전,중구,201711,62
대전,중구,201712,62
대전,중구,201801,61
대전,중구,201802,189
대전,중구,201803,177
대전,중구,201804,160
대전,중구,201805,157
대전,중구,201806,348
대전,중구,201807,322
대전,중구,201808,297
대전,중구,201809,282
대전,중구,201810,266
대전,중구,201811,249
대전,중구,201812,234
대전,중구,201901,226
대전,중구,201902,216
대전,중구,201903,210
대전,중구,201904,203
대전,중구,201905,194
대전,중구,201906,187
대전,중구,201907,179
대전,중구,201908,176
대전,중구,201909,170
대전,중구,201910,163
대전,중구,201911,163
대전,중구,201912,157
대전,중구,202001,391
대전,중구,202002,481
대전,중구,202003,463
대전,중구,202004,441
대전,중구,202005,399
대전,중구,202006,354
대전,중구,202007,317
대전,중구,202008,312
대전,중구,202009,307
대전,중구,202010,302
대전,중구,202011,302
대전,중구,202012,155
대전,중구,202101,153
대전,중구,202102,145
대전,중구,202103,141
대전,중구,202104,127
대전,중구,202105,123
대전,중구,202106,117
대전,중구,202107,111
대전,중구,202108,104
대전,중구,202109,103
대전,중구,202110,101
대전,중구,202111,97
대전,중구,202112,70
대전,중구,202201,70
대전,중구,202202,65
대전,중구,202203,62
대전,중구,202204,58
대전,중구,202205,58
대전,중구,202206,146
대전,중구,202207,144
대전,중구,202208,143
대전,중구,202209,142
대전,중구,202210,142
대전,중구,202211,147
대전,중구,202212,147
대전,중구,202301,147
대전,중구,202302,147
대전,중구,202303,968
대전,중구,202304,892
대전,중구,202305,861
대전,중구,202306,787
대전,중구,202307,647
대전,중구,202308,420
대전,중구,202309,251
대전,중구,202310,182
대전,중구,202311,178
대전,중구,202312,178
대전,중구,202401,178
대전,중구,202402,177
대전,중구,202403,173
대전,중구,202404,172
대전,중구,202405,169
대전,중구,202406,167
대전,중구,202407,164
대전,중구,202408,162
대전,중구,202409,159
대전,중구,202410,159
대전,중구,202411,159
대전,중구,202412,159
대전,중구,202501,201
대전,중구,202502,201
대전,중구,202503,201
대전,중구,202504,234
대전,중구,202505,234
대전,중구,202506,234
대전,중구,202507,234
대전,중구,202508,1333
대전,중구,202509,1263
대전,중구,202510,1159
대전,중구,202511,1008
대전,중구,202512,936
대전,중구,202601,866
대전,중구,202602,1129
대전,중구,202603,1035
대전,중구,202604,1421
대전,중구,202605,1342
대전,중구,202606,1289
대전,중구,202607,1231
대전,중구,202608,1202
대전,서구,200701,116
대전,서구,200702,116
대전,서구,200703,99
대전,서구,200704,103
대전,서구,200705,53
대전,서구,200706,96
대전,서구,200707,88
대전,서구,200708,88
대전,서구,200709,86
대전,서구,200710,84
대전,서구,200711,85
대전,서구,200712,65
대전,서구,200801,37
대전,서구,200802,36
대전,서구,200803,598
대전,서구,200804,472
대전,서구,200805,447
대전,서구,200806,485
대전,서구,200807,574
대전,서구,200808,485
대전,서구,200809,461
대전,서구,200810,420
대전,서구,200811,401
대전,서구,200812,45
대전,서구,200901,45
대전,서구,200902,42
대전,서구,200903,40
대전,서구,200904,39
대전,서구,200905,37
대전,서구,200906,36
대전,서구,200907,39
대전,서구,200908,36
대전,서구,200909,33
대전,서구,200910,369
대전,서구,200911,29
대전,서구,200912,26
대전,서구,201001,558
대전,서구,201002,504
대전,서구,201003,481
대전,서구,201004,457
대전,서구,201005,430
대전,서구,201006,362
대전,서구,201007,329
대전,서구,201008,314
대전,서구,201009,306
대전,서구,201010,279
대전,서구,201011,259
대전,서구,201012,190
대전,서구,201101,128
대전,서구,201102,66
대전,서구,201103,47
대전,서구,201104,30
대전,서구,201105,29
대전,서구,201106,27
대전,서구,201107,24
대전,서구,201108,21
대전,서구,201109,18
대전,서구,201110,15
대전,서구,201111,715
대전,서구,201112,702
대전,서구,201201,618
대전,서구,201202,541
대전,서구,201203,484
대전,서구,201204,446
대전,서구,201205,420
대전,서구,201206,387
대전,서구,201207,337
대전,서구,201208,325
대전,서구,201209,312
대전,서구,201210,273
대전,서구,201211,251
대전,서구,201212,243
대전,서구,201301,237
대전,서구,201302,236
대전,서구,201303,218
대전,서구,201304,188
대전,서구,201305,135
대전,서구,201306,101
대전,서구,201307,96
대전,서구,201308,64
대전,서구,201309,43
대전,서구,201310,10
대전,서구,201311,1
대전,서구,201312,248
대전,서구,201401,90
대전,서구,201402,52
대전,서구,201403,20
대전,서구,201404,5
대전,서구,201405,1
대전,서구,201406,1
대전,서구,201407,1
대전,서구,201408,204
대전,서구,201409,137
대전,서구,201410,114
대전,서구,201411,107
대전,서구,201412,68
대전,서구,201501,48
대전,서구,201502,34
대전,서구,201503,23
대전,서구,201504,17
대전,서구,201505,13
대전,서구,201506,68
대전,서구,201507,67
대전,서구,201508,52
대전,서구,201509,29
대전,서구,201510,20
대전,서구,201511,13
대전,서구,201512,0
대전,서구,201601,0
대전,서구,201602,0
대전,서구,201603,0
대전,서구,201604,38
대전,서구,201605,256
대전,서구,201606,244
대전,서구,201607,285
대전,서구,201608,324
대전,서구,201609,310
대전,서구,201610,333
대전,서구,201611,327
대전,서구,201612,299
대전,서구,201701,275
대전,서구,201702,255
대전,서구,201703,225
대전,서구,201704,208
대전,서구,201705,197
대전,서구,201706,185
대전,서구,201707,284
대전,서구,201708,266
대전,서구,201709,215
대전,서구,201710,185
대전,서구,201711,351
대전,서구,201712,133
대전,서구,201801,92
대전,서구,201802,142
대전,서구,201803,62
대전,서구,201804,254
대전,서구,201805,222
대전,서구,201806,200
대전,서구,201807,257
대전,서구,201808,245
대전,서구,201809,237
대전,서구,201810,215
대전,서구,201811,205
대전,서구,201812,145
대전,서구,201901,328
대전,서구,201902,477
대전,서구,201903,476
대전,서구,201904,430
대전,서구,201905,417
대전,서구,201906,489
대전,서구,201907,440
대전,서구,201908,431
대전,서구,201909,404
대전,서구,201910,386
대전,서구,201911,332
대전,서구,201912,294
대전,서구,202001,278
대전,서구,202002,261
대전,서구,202003,237
대전,서구,202004,224
대전,서구,202005,221
대전,서구,202006,270
대전,서구,202007,270
대전,서구,202008,239
대전,서구,202009,234
대전,서구,202010,301
대전,서구,202011,301
대전,서구,202012,295
대전,서구,202101,295
대전,서구,202102,293
대전,서구,202103,291
대전,서구,202104,291
대전,서구,202105,291
대전,서구,202106,290
대전,서구,202107,291
대전,서구,202108,291
대전,서구,202109,258
대전,서구,202110,258
대전,서구,202111,404
대전,서구,202112,294
대전,서구,202201,260
대전,서구,202202,319
대전,서구,202203,315
대전,서구,202204,313
대전,서구,202205,310
대전,서구,202206,294
대전,서구,202207,283
대전,서구,202208,289
대전,서구,202209,1055
대전,서구,202210,1003
대전,서구,202211,960
대전,서구,202212,1587
대전,서구,202301,1472
대전,서구,202302,1380
대전,서구,202303,1248
대전,서구,202304,1096
대전,서구,202305,702
대전,서구,202306,585
대전,서구,202307,510
대전,서구,202308,434
대전,서구,202309,420
대전,서구,202310,409
대전,서구,202311,388
대전,서구,202312,539
대전,서구,202401,532
대전,서구,202402,914
대전,서구,202403,825
대전,서구,202404,810
대전,서구,202405,781
대전,서구,202406,1579
대전,서구,202407,1091
대전,서구,202408,763
대전,서구,202409,715
대전,서구,202410,500
대전,서구,202411,488
대전,서구,202412,1143
대전,서구,202501,699
대전,서구,202502,669
대전,서구,202503,590
대전,서구,202504,564
대전,서구,202505,518
대전,서구,202506,473
대전,서구,202507,452
대전,서구,202508,428
대전,서구,202509,401
대전,서구,202510,373
대전,서구,202511,333
대전,서구,202512,308
대전,서구,202601,275
대전,서구,202602,246
대전,서구,202603,229
대전,서구,202604,224
대전,서구,202605,215
대전,서구,202606,437
대전,서구,202607,355
대전,서구,202608,299
대전,동구,200701,216
대전,동구,200702,211
대전,동구,200703,198
대전,동구,200704,195
대전,동구,200705,189
대전,동구,200706,164
대전,동구,200707,149
대전,동구,200708,157
대전,동구,200709,139
대전,동구,200710,102
대전,동구,200711,68
대전,동구,200712,89
대전,동구,200801,86
대전,동구,200802,75
대전,동구,200803,64
대전,동구,200804,58
대전,동구,200805,52
대전,동구,200806,153
대전,동구,200807,147
대전,동구,200808,142
대전,동구,200809,136
대전,동구,200810,128
대전,동구,200811,124
대전,동구,200812,923
대전,동구,200901,917
대전,동구,200902,913
대전,동구,200903,916
대전,동구,200904,982
대전,동구,200905,865
대전,동구,200906,477
대전,동구,200907,473
대전,동구,200908,411
대전,동구,200909,396
대전,동구,200910,563
대전,동구,200911,376
대전,동구,200912,348
대전,동구,201001,25
대전,동구,201002,24
대전,동구,201003,43
대전,동구,201004,41
대전,동구,201005,39
대전,동구,201006,642
대전,동구,201007,597
대전,동구,201008,571
대전,동구,201009,526
대전,동구,201010,430
대전,동구,201011,388
대전,동구,201012,377
대전,동구,201101,351
대전,동구,201102,277
대전,동구,201103,189
대전,동구,201104,150
대전,동구,201105,117
대전,동구,201106,104
대전,동구,201107,91
대전,동구,201108,85
대전,동구,201109,80
대전,동구,201110,26
대전,동구,201111,2
대전,동구,201112,1
대전,동구,201201,1
대전,동구,201202,1
대전,동구,201203,1
대전,동구,201204,1
대전,동구,201205,1
대전,동구,201206,1
대전,동구,201207,1
대전,동구,201208,1
대전,동구,201209,1
대전,동구,201210,1
대전,동구,201211,1
대전,동구,201212,1
대전,동구,201301,1
대전,동구,201302,1
대전,동구,201303,1
대전,동구,201304,1
대전,동구,201305,1
대전,동구,201306,1
대전,동구,201307,1
대전,동구,201308,1
대전,동구,201309,1
대전,동구,201310,1
대전,동구,201311,1
대전,동구,201312,1
대전,동구,201401,1
대전,동구,201402,1
대전,동구,201403,1
대전,동구,201404,1
대전,동구,201405,1
대전,동구,201406,1
대전,동구,201407,0
대전,동구,201408,0
대전,동구,201409,0
대전,동구,201410,0
대전,동구,201411,0
대전,동구,201412,0
대전,동구,201501,0
대전,동구,201502,0
대전,동구,201503,0
대전,동구,201504,0
대전,동구,201505,0
대전,동구,201506,261
대전,동구,201507,248
대전,동구,201508,12
대전,동구,201509,12
대전,동구,201510,12
대전,동구,201511,12
대전,동구,201512,12
대전,동구,201601,12
대전,동구,201602,12
대전,동구,201603,12
대전,동구,201604,12
대전,동구,201605,12
대전,동구,201606,12
대전,동구,201607,12
대전,동구,201608,12
대전,동구,201609,12
대전,동구,201610,12
대전,동구,201611,12
대전,동구,201612,70
대전,동구,201701,70
대전,동구,201702,239
대전,동구,201703,239
대전,동구,201704,238
대전,동구,201705,238
대전,동구,201706,238
대전,동구,201707,194
대전,동구,201708,255
대전,동구,201709,250
대전,동구,201710,247
대전,동구,201711,244
대전,동구,201712,242
대전,동구,201801,665
대전,동구,201802,641
대전,동구,201803,282
대전,동구,201804,216
대전,동구,201805,214
대전,동구,201806,214
대전,동구,201807,212
대전,동구,201808,205
대전,동구,201809,201
대전,동구,201810,169
대전,동구,201811,191
대전,동구,201812,153
대전,동구,201901,117
대전,동구,201902,93
대전,동구,201903,60
대전,동구,201904,53
대전,동구,201905,38
대전,동구,201906,38
대전,동구,201907,38
대전,동구,201908,38
대전,동구,201909,38
대전,동구,201910,38
대전,동구,201911,38
대전,동구,201912,38
대전,동구,202001,38
대전,동구,202002,38
대전,동구,202003,38
대전,동구,202004,38
대전,동구,202005,37
대전,동구,202006,37
대전,동구,202007,37
대전,동구,202008,37
대전,동구,202009,37
대전,동구,202010,37
대전,동구,202011,37
대전,동구,202012,19
대전,동구,202101,19
대전,동구,202102,19
대전,동구,202103,19
대전,동구,202104,19
대전,동구,202105,19
대전,동구,202106,19
대전,동구,202107,19
대전,동구,202108,19
대전,동구,202109,18
대전,동구,202110,18
대전,동구,202111,18
대전,동구,202112,18
대전,동구,202201,18
대전,동구,202202,18
대전,동구,202203,18
대전,동구,202204,18
대전,동구,202205,18
대전,동구,202206,18
대전,동구,202207,18
대전,동구,202208,172
대전,동구,202209,169
대전,동구,202210,165
대전,동구,202211,165
대전,동구,202212,531
대전,동구,202301,460
대전,동구,202302,405
대전,동구,202303,386
대전,동구,202304,373
대전,동구,202305,326
대전,동구,202306,220
대전,동구,202307,164
대전,동구,202308,186
대전,동구,202309,112
대전,동구,202310,74
대전,동구,202311,47
대전,동구,202312,43
대전,동구,202401,268
대전,동구,202402,219
대전,동구,202403,207
대전,동구,202404,206
대전,동구,202405,926
대전,동구,202406,896
대전,동구,202407,862
대전,동구,202408,839
대전,동구,202409,777
대전,동구,202410,708
대전,동구,202411,667
대전,동구,202412,646
대전,동구,202501,636
대전,동구,202502,603
대전,동구,202503,546
대전,동구,202504,880
대전,동구,202505,839
대전,동구,202506,776
대전,동구,202507,674
대전,동구,202508,577
대전,동구,202509,480
대전,동구,202510,416
대전,동구,202511,340
대전,동구,202512,275
대전,동구,202601,266
대전,동구,202602,248
대전,동구,202603,236
대전,동구,202604,313
대전,동구,202605,255
대전,동구,202606,228
대전,동구,202607,192
대전,동구,202608,163
대전,유성구,200701,282
대전,유성구,200702,273
대전,유성구,200703,256
대전,유성구,200704,249
대전,유성구,200705,243
대전,유성구,200706,233
대전,유성구,200707,231
대전,유성구,200708,327
대전,유성구,200709,982
대전,유성구,200710,979
대전,유성구,200711,979
대전,유성구,200712,811
대전,유성구,200801,1432
대전,유성구,200802,1422
대전,유성구,200803,1371
대전,유성구,200804,1092
대전,유성구,200805,1079
대전,유성구,200806,1289
대전,유성구,200807,1158
대전,유성구,200808,999
대전,유성구,200809,988
대전,유성구,200810,1257
대전,유성구,200811,1220
대전,유성구,200812,1267
대전,유성구,200901,1264
대전,유성구,200902,1266
대전,유성구,200903,962
대전,유성구,200904,724
대전,유성구,200905,617
대전,유성구,200906,1025
대전,유성구,200907,878
대전,유성구,200908,796
대전,유성구,200909,1180
대전,유성구,200910,991
대전,유성구,200911,975
대전,유성구,200912,933
대전,유성구,201001,883
대전,유성구,201002,806
대전,유성구,201003,777
대전,유성구,201004,768
대전,유성구,201005,734
대전,유성구,201006,715
대전,유성구,201007,707
대전,유성구,201008,662
대전,유성구,201009,637
대전,유성구,201010,615
대전,유성구,201011,596
대전,유성구,201012,553
대전,유성구,201101,514
대전,유성구,201102,466
대전,유성구,201103,418
대전,유성구,201104,398
대전,유성구,201105,325
대전,유성구,201106,799
대전,유성구,201107,490
대전,유성구,201108,337
대전,유성구,201109,300
대전,유성구,201110,317
대전,유성구,201111,275
대전,유성구,201112,274
대전,유성구,201201,268
대전,유성구,201202,276
대전,유성구,201203,268
대전,유성구,201204,279
대전,유성구,201205,299
대전,유성구,201206,385
대전,유성구,201207,405
대전,유성구,201208,713
대전,유성구,201209,788
대전,유성구,201210,643
대전,유성구,201211,777
대전,유성구,201212,750
대전,유성구,201301,725
대전,유성구,201302,625
대전,유성구,201303,571
대전,유성구,201304,719
대전,유성구,201305,640
대전,유성구,201306,624
대전,유성구,201307,600
대전,유성구,201308,545
대전,유성구,201309,515
대전,유성구,201310,480
대전,유성구,201311,649
대전,유성구,201312,592
대전,유성구,201401,487
대전,유성구,201402,429
대전,유성구,201403,402
대전,유성구,201404,359
대전,유성구,201405,333
대전,유성구,201406,314
대전,유성구,201407,287
대전,유성구,201408,259
대전,유성구,201409,225
대전,유성구,201410,186
대전,유성구,201411,311
대전,유성구,201412,137
대전,유성구,201501,126
대전,유성구,201502,117
대전,유성구,201503,113
대전,유성구,201504,107
대전,유성구,201505,101
대전,유성구,201506,77
대전,유성구,201507,77
대전,유성구,201508,71
대전,유성구,201509,67
대전,유성구,201510,63
대전,유성구,201511,741
대전,유성구,201512,794
대전,유성구,201601,718
대전,유성구,201602,641
대전,유성구,201603,426
대전,유성구,201604,364
대전,유성구,201605,280
대전,유성구,201606,254
대전,유성구,201607,220
대전,유성구,201608,309
대전,유성구,201609,214
대전,유성구,201610,201
대전,유성구,201611,139
대전,유성구,201612,149
대전,유성구,201701,94
대전,유성구,201702,91
대전,유성구,201703,301
대전,유성구,201704,270
대전,유성구,201705,244
대전,유성구,201706,454
대전,유성구,201707,416
대전,유성구,201708,394
대전,유성구,201709,362
대전,유성구,201710,312
대전,유성구,201711,263
대전,유성구,201712,234
대전,유성구,201801,205
대전,유성구,201802,189
대전,유성구,201803,183
대전,유성구,201804,177
대전,유성구,201805,259
대전,유성구,201806,269
대전,유성구,201807,178
대전,유성구,201808,227
대전,유성구,201809,224
대전,유성구,201810,340
대전,유성구,201811,488
대전,유성구,201812,471
대전,유성구,201901,587
대전,유성구,201902,572
대전,유성구,201903,646
대전,유성구,201904,487
대전,유성구,201905,458
대전,유성구,201906,444
대전,유성구,201907,391
대전,유성구,201908,373
대전,유성구,201909,352
대전,유성구,201910,348
대전,유성구,201911,346
대전,유성구,201912,235
대전,유성구,202001,234
대전,유성구,202002,232
대전,유성구,202003,230
대전,유성구,202004,214
대전,유성구,202005,214
대전,유성구,202006,214
대전,유성구,202007,225
대전,유성구,202008,195
대전,유성구,202009,195
대전,유성구,202010,192
대전,유성구,202011,191
대전,유성구,202012,169
대전,유성구,202101,168
대전,유성구,202102,142
대전,유성구,202103,141
대전,유성구,202104,141
대전,유성구,202105,139
대전,유성구,202106,139
대전,유성구,202107,106
대전,유성구,202108,89
대전,유성구,202109,92
대전,유성구,202110,92
대전,유성구,202111,83
대전,유성구,202112,78
대전,유성구,202201,75
대전,유성구,202202,75
대전,유성구,202203,74
대전,유성구,202204,74
대전,유성구,202205,74
대전,유성구,202206,65
대전,유성구,202207,64
대전,유성구,202208,64
대전,유성구,202209,64
대전,유성구,202210,64
대전,유성구,202211,581
대전,유성구,202212,974
대전,유성구,202301,870
대전,유성구,202302,690
대전,유성구,202303,64
대전,유성구,202304,64
대전,유성구,202305,64
대전,유성구,202306,64
대전,유성구,202307,64
대전,유성구,202308,64
대전,유성구,202309,62
대전,유성구,202310,61
대전,유성구,202311,61
대전,유성구,202312,61
대전,유성구,202401,61
대전,유성구,202402,61
대전,유성구,202403,61
대전,유성구,202404,56
대전,유성구,202405,589
대전,유성구,202406,584
대전,유성구,202407,528
대전,유성구,202408,337
대전,유성구,202409,271
대전,유성구,202410,222
대전,유성구,202411,201
대전,유성구,202412,308
대전,유성구,202501,266
대전,유성구,202502,242
대전,유성구,202503,197
대전,유성구,202504,167
대전,유성구,202505,157
대전,유성구,202506,147
대전,유성구,202507,145
대전,유성구,202508,144
대전,유성구,202509,135
대전,유성구,202510,126
대전,유성구,202511,200
대전,유성구,202512,157
대전,유성구,202601,141
대전,유성구,202602,128
대전,유성구,202603,103
대전,유성구,202604,79
대전,유성구,202605,73
대전,유성구,202606,89
대전,유성구,202607,87
대전,유성구,202608,856
대전,대덕구,200701,46
대전,대덕구,200702,46
대전,대덕구,200703,46
대전,대덕구,200704,36
대전,대덕구,200705,36
대전,대덕구,200706,34
대전,대덕구,200707,33
대전,대덕구,200708,232
대전,대덕구,200709,231
대전,대덕구,200710,225
대전,대덕구,200711,217
대전,대덕구,200712,213
대전,대덕구,200801,207
대전,대덕구,200802,202
대전,대덕구,200803,180
대전,대덕구,200804,103
대전,대덕구,200805,82
대전,대덕구,200806,113
대전,대덕구,200807,90
대전,대덕구,200808,70
대전,대덕구,200809,61
대전,대덕구,200810,50
대전,대덕구,200811,1337
대전,대덕구,200812,1212
대전,대덕구,200901,1208
대전,대덕구,200902,1201
대전,대덕구,200903,1208
대전,대덕구,200904,1198
대전,대덕구,200905,1165
대전,대덕구,200906,1134
대전,대덕구,200907,1084
대전,대덕구,200908,1049
대전,대덕구,200909,1015
대전,대덕구,200910,975
대전,대덕구,200911,947
대전,대덕구,200912,1248
대전,대덕구,201001,1218
대전,대덕구,201002,1197
대전,대덕구,201003,1186
대전,대덕구,201004,1128
대전,대덕구,201005,1040
대전,대덕구,201006,1004
대전,대덕구,201007,987
대전,대덕구,201008,954
대전,대덕구,201009,930
대전,대덕구,201010,897
대전,대덕구,201011,874
대전,대덕구,201012,860
대전,대덕구,201101,851
대전,대덕구,201102,825
대전,대덕구,201103,803
대전,대덕구,201104,787
대전,대덕구,201105,642
대전,대덕구,201106,513
대전,대덕구,201107,426
대전,대덕구,201108,398
대전,대덕구,201109,364
대전,대덕구,201110,345
대전,대덕구,201111,339
대전,대덕구,201112,336
대전,대덕구,201201,336
대전,대덕구,201202,336
대전,대덕구,201203,336
대전,대덕구,201204,336
대전,대덕구,201205,336
대전,대덕구,201206,336
대전,대덕구,201207,336
대전,대덕구,201208,336
대전,대덕구,201209,336
대전,대덕구,201210,336
대전,대덕구,201211,332
대전,대덕구,201212,324
대전,대덕구,201301,318
대전,대덕구,201302,317
대전,대덕구,201303,315
대전,대덕구,201304,315
대전,대덕구,201305,315
대전,대덕구,201306,315
대전,대덕구,201307,315
대전,대덕구,201308,308
대전,대덕구,201309,274
대전,대덕구,201310,237
대전,대덕구,201311,202
대전,대덕구,201312,187
대전,대덕구,201401,171
대전,대덕구,201402,163
대전,대덕구,201403,151
대전,대덕구,201404,148
대전,대덕구,201405,143
대전,대덕구,201406,141
대전,대덕구,201407,233
대전,대덕구,201408,146
대전,대덕구,201409,82
대전,대덕구,201410,64
대전,대덕구,201411,56
대전,대덕구,201412,47
대전,대덕구,201501,90
대전,대덕구,201502,86
대전,대덕구,201503,70
대전,대덕구,201504,61
대전,대덕구,201505,53
대전,대덕구,201506,46
대전,대덕구,201507,623
대전,대덕구,201508,476
대전,대덕구,201509,430
대전,대덕구,201510,215
대전,대덕구,201511,132
대전,대덕구,201512,115
대전,대덕구,201601,58
대전,대덕구,201602,32
대전,대덕구,201603,10
대전,대덕구,201604,5
대전,대덕구,201605,3
대전,대덕구,201606,0
대전,대덕구,201607,0
대전,대덕구,201608,0
대전,대덕구,201609,0
대전,대덕구,201610,0
대전,대덕구,201611,0
대전,대덕구,201612,0
대전,대덕구,201701,0
대전,대덕구,201702,0
대전,대덕구,201703,95
대전,대덕구,201704,83
대전,대덕구,201705,78
대전,대덕구,201706,68
대전,대덕구,201707,64
대전,대덕구,201708,58
대전,대덕구,201709,52
대전,대덕구,201710,47
대전,대덕구,201711,142
대전,대덕구,201712,88
대전,대덕구,201801,61
대전,대덕구,201802,49
대전,대덕구,201803,36
대전,대덕구,201804,36
대전,대덕구,201805,36
대전,대덕구,201806,4
대전,대덕구,201807,4
대전,대덕구,201808,4
대전,대덕구,201809,4
대전,대덕구,201811,293
대전,대덕구,201812,180
대전,대덕구,201901,149
대전,대덕구,201902,117
대전,대덕구,201903,83
대전,대덕구,201904,52
대전,대덕구,201905,30
대전,대덕구,201906,0
대전,대덕구,201907,0
대전,대덕구,201908,0
대전,대덕구,201909,0
대전,대덕구,201910,0
대전,대덕구,201912,0
대전,대덕구,202001,0
대전,대덕구,202002,0
대전,대덕구,202003,0
대전,대덕구,202004,0
대전,대덕구,202005,0
대전,대덕구,202006,0
대전,대덕구,202007,0
대전,대덕구,202008,0
대전,대덕구,202009,0
대전,대덕구,202010,0
대전,대덕구,202011,0
대전,대덕구,202012,0
대전,대덕구,202101,0
대전,대덕구,202102,0
대전,대덕구,202103,0
대전,대덕구,202104,0
대전,대덕구,202105,0
대전,대덕구,202106,0
대전,대덕구,202107,0
대전,대덕구,202108,0
대전,대덕구,202109,0
대전,대덕구,202110,0
대전,대덕구,202111,0
대전,대덕구,202112,0
대전,대덕구,202201,0
대전,대덕구,202202,0
대전,대덕구,202203,0
대전,대덕구,202204,0
대전,대덕구,202205,0
대전,대덕구,202206,0
대전,대덕구,202207,0
대전,대덕구,202208,0
대전,대덕구,202209,0
대전,대덕구,202210,0
대전,대덕구,202211,0
대전,대덕구,202212,0
대전,대덕구,202301,76
대전,대덕구,202302,76
대전,대덕구,202303,73
대전,대덕구,202304,73
대전,대덕구,202305,73
대전,대덕구,202306,73
대전,대덕구,202307,73
대전,대덕구,202308,73
대전,대덕구,202309,73
대전,대덕구,202310,73
대전,대덕구,202311,73
대전,대덕구,202312,73
대전,대덕구,202401,73
대전,대덕구,202402,73
대전,대덕구,202403,73
대전,대덕구,202404,73
대전,대덕구,202405,73
대전,대덕구,202406,73
대전,대덕구,202407,73
대전,대덕구,202408,73
대전,대덕구,202409,73
대전,대덕구,202410,65
대전,대덕구,202411,65
대전,대덕구,202412,63
대전,대덕구,202501,293
대전,대덕구,202502,286
대전,대덕구,202503,277
대전,대덕구,202504,260
대전,대덕구,202505,46
대전,대덕구,202506,33
대전,대덕구,202507,9
대전,대덕구,202508,3
대전,대덕구,202509,3
대전,대덕구,202510,1
대전,대덕구,202511,1
대전,대덕구,202512,1
대전,대덕구,202601,1
대전,대덕구,202602,1
대전,대덕구,202603,1
대전,대덕구,202604,1
대전,대덕구,202605,1
대전,대덕구,202606,1
대전,대덕구,202607,1
대전,대덕구,202608,1
울산,중구,200701,73
울산,중구,200702,67
울산,중구,200703,70
울산,중구,200704,68
울산,중구,200705,69
울산,중구,200706,71
울산,중구,200707,63
울산,중구,200708,62
울산,중구,200709,1169
울산,중구,200710,1052
울산,중구,200711,996
울산,중구,200712,1191
울산,중구,200801,1185
울산,중구,200802,1213
울산,중구,200803,2126
울산,중구,200804,2830
울산,중구,200805,3218
울산,중구,200806,3193
울산,중구,200807,3180
울산,중구,200808,3174
울산,중구,200809,3150
울산,중구,200810,3150
울산,중구,200811,3137
울산,중구,200812,3137
울산,중구,200901,3101
울산,중구,200902,3095
울산,중구,200903,3092
울산,중구,200904,2610
울산,중구,200905,2105
울산,중구,200906,2101
울산,중구,200907,2099
울산,중구,200908,1993
울산,중구,200909,1814
울산,중구,200910,1716
울산,중구,200911,1641
울산,중구,200912,1608
울산,중구,201001,1619
울산,중구,201002,1619
울산,중구,201003,1288
울산,중구,201004,1287
울산,중구,201005,1241
울산,중구,201006,1241
울산,중구,201007,1236
울산,중구,201008,1215
울산,중구,201009,1183
울산,중구,201010,1155
울산,중구,201011,1100
울산,중구,201012,1084
울산,중구,201101,1079
울산,중구,201102,1074
울산,중구,201103,1040
울산,중구,201104,1038
울산,중구,201105,1038
울산,중구,201106,1038
울산,중구,201107,971
울산,중구,201108,948
울산,중구,201109,918
울산,중구,201110,896
울산,중구,201111,650
울산,중구,201112,634
울산,중구,201201,629
울산,중구,201202,627
울산,중구,201203,430
울산,중구,201204,344
울산,중구,201205,339
울산,중구,201206,337
울산,중구,201207,368
울산,중구,201208,318
울산,중구,201209,308
울산,중구,201210,291
울산,중구,201211,873
울산,중구,201212,871
울산,중구,201301,803
울산,중구,201302,753
울산,중구,201303,700
울산,중구,201304,561
울산,중구,201305,429
울산,중구,201306,313
울산,중구,201307,279
울산,중구,201308,252
울산,중구,201309,227
울산,중구,201310,186
울산,중구,201311,118
울산,중구,201312,59
울산,중구,201401,40
울산,중구,201402,40
울산,중구,201403,9
울산,중구,201404,9
울산,중구,201405,9
울산,중구,201406,0
울산,중구,201407,0
울산,중구,201408,0
울산,중구,201409,0
울산,중구,201410,0
울산,중구,201411,53
울산,중구,201412,32
울산,중구,201501,121
울산,중구,201502,112
울산,중구,201503,72
울산,중구,201504,20
울산,중구,201505,5
울산,중구,201506,4
울산,중구,201507,3
울산,중구,201508,3
울산,중구,201509,3
울산,중구,201510,3
울산,중구,201511,3
울산,중구,201512,3
울산,중구,201601,3
울산,중구,201602,3
울산,중구,201603,3
울산,중구,201604,3
울산,중구,201605,2
울산,중구,201606,2
울산,중구,201607,2
울산,중구,201608,2
울산,중구,201609,8
울산,중구,201610,78
울산,중구,201611,72
울산,중구,201612,65
울산,중구,201701,60
울산,중구,201702,135
울산,중구,201703,131
울산,중구,201704,130
울산,중구,201705,126
울산,중구,201706,123
울산,중구,201707,123
울산,중구,201708,118
울산,중구,201709,117
울산,중구,201710,118
울산,중구,201711,112
울산,중구,201712,111
울산,중구,201801,108
울산,중구,201802,108
울산,중구,201803,105
울산,중구,201804,105
울산,중구,201805,104
울산,중구,201806,104
울산,중구,201807,104
울산,중구,201808,104
울산,중구,201809,104
울산,중구,201810,104
울산,중구,201811,104
울산,중구,201812,92
울산,중구,201901,101
울산,중구,201902,99
울산,중구,201903,99
울산,중구,201904,99
울산,중구,201905,96
울산,중구,201906,95
울산,중구,201907,85
울산,중구,201908,79
울산,중구,201909,72
울산,중구,201910,68
울산,중구,201911,48
울산,중구,201912,39
울산,중구,202001,25
울산,중구,202002,13
울산,중구,202003,72
울산,중구,202004,71
울산,중구,202005,61
울산,중구,202006,59
울산,중구,202007,59
울산,중구,202008,25
울산,중구,202009,25
울산,중구,202010,18
울산,중구,202011,5
울산,중구,202012,2
울산,중구,202101,2
울산,중구,202102,2
울산,중구,202103,2
울산,중구,202104,2
울산,중구,202105,2
울산,중구,202106,2
울산,중구,202107,2
울산,중구,202108,2
울산,중구,202109,2
울산,중구,202110,2
울산,중구,202111,2
울산,중구,202112,2
울산,중구,202201,2
울산,중구,202202,2
울산,중구,202203,2
울산,중구,202204,2
울산,중구,202205,2
울산,중구,202206,2
울산,중구,202207,2
울산,중구,202208,2
울산,중구,202209,2
울산,중구,202210,2
울산,중구,202211,2
울산,중구,202212,2
울산,중구,202301,108
울산,중구,202302,106
울산,중구,202303,106
울산,중구,202304,106
울산,중구,202305,106
울산,중구,202306,106
울산,중구,202307,106
울산,중구,202308,106
울산,중구,202309,104
울산,중구,202310,78
울산,중구,202311,71
울산,중구,202312,66
울산,중구,202401,61
울산,중구,202402,56
울산,중구,202403,136
울산,중구,202404,123
울산,중구,202405,112
울산,중구,202406,94
울산,중구,202407,66
울산,중구,202408,19
울산,중구,202409,14
울산,중구,202410,93
울산,중구,202411,89
울산,중구,202412,1113
울산,중구,202501,947
울산,중구,202502,864
울산,중구,202503,751
울산,중구,202504,657
울산,중구,202505,547
울산,중구,202506,483
울산,중구,202507,440
울산,중구,202508,350
울산,중구,202509,229
울산,중구,202510,524
울산,중구,202511,458
울산,중구,202512,395
울산,중구,202601,226
울산,중구,202602,134
울산,중구,202603,109
울산,중구,202604,40
울산,중구,202605,40
울산,중구,202606,40
울산,중구,202607,40
울산,중구,202608,40
울산,동구,200701,24
울산,동구,200702,24
울산,동구,200703,23
울산,동구,200704,22
울산,동구,200705,22
울산,동구,200706,22
울산,동구,200707,22
울산,동구,200708,21
울산,동구,200709,21
울산,동구,200710,19
울산,동구,200711,17
울산,동구,200712,43
울산,동구,200801,41
울산,동구,200802,40
울산,동구,200803,41
울산,동구,200804,39
울산,동구,200805,37
울산,동구,200806,37
울산,동구,200807,37
울산,동구,200808,37
울산,동구,200809,34
울산,동구,200810,32
울산,동구,200811,32
울산,동구,200812,3510
울산,동구,200901,3484
울산,동구,200902,3475
울산,동구,200903,3455
울산,동구,200904,3453
울산,동구,200905,2807
울산,동구,200906,2955
울산,동구,200907,2945
울산,동구,200908,2929
울산,동구,200909,2889
울산,동구,200910,67
울산,동구,200911,3954
울산,동구,200912,3085
울산,동구,201001,64
울산,동구,201002,61
울산,동구,201003,57
울산,동구,201004,55
울산,동구,201005,51
울산,동구,201006,48
울산,동구,201007,42
울산,동구,201008,42
울산,동구,201009,40
울산,동구,201010,36
울산,동구,201011,28
울산,동구,201012,23
울산,동구,201101,20
울산,동구,201102,229
울산,동구,201103,214
울산,동구,201104,208
울산,동구,201105,195
울산,동구,201106,123
울산,동구,201107,118
울산,동구,201108,79
울산,동구,201109,114
울산,동구,201110,145
울산,동구,201111,56
울산,동구,201112,41
울산,동구,201201,25
울산,동구,201202,18
울산,동구,201203,5
울산,동구,201204,1
울산,동구,201205,0
울산,동구,201206,0
울산,동구,201207,0
울산,동구,201208,0
울산,동구,201209,0
울산,동구,201210,95
울산,동구,201211,94
울산,동구,201212,93
울산,동구,201301,90
울산,동구,201302,83
울산,동구,201303,83
울산,동구,201304,81
울산,동구,201305,81
울산,동구,201306,66
울산,동구,201307,57
울산,동구,201308,51
울산,동구,201309,26
울산,동구,201310,21
울산,동구,201311,16
울산,동구,201312,8
울산,동구,201401,8
울산,동구,201402,8
울산,동구,201403,6
울산,동구,201404,6
울산,동구,201405,6
울산,동구,201406,6
울산,동구,201407,6
울산,동구,201408,6
울산,동구,201409,5
울산,동구,201410,5
울산,동구,201411,5
울산,동구,201412,5
울산,동구,201501,5
울산,동구,201502,5
울산,동구,201503,3
울산,동구,201504,3
울산,동구,201505,3
울산,동구,201506,3
울산,동구,201507,3
울산,동구,201508,3
울산,동구,201509,3
울산,동구,201510,3
울산,동구,201511,3
울산,동구,201512,3
울산,동구,201601,3
울산,동구,201602,3
울산,동구,201603,3
울산,동구,201604,3
울산,동구,201605,3
울산,동구,201606,3
울산,동구,201607,3
울산,동구,201608,3
울산,동구,201609,3
울산,동구,201610,3
울산,동구,201611,3
울산,동구,201612,3
울산,동구,201701,3
울산,동구,201702,64
울산,동구,201703,57
울산,동구,201704,57
울산,동구,201705,57
울산,동구,201706,57
울산,동구,201707,57
울산,동구,201708,91
울산,동구,201709,87
울산,동구,201710,87
울산,동구,201711,84
울산,동구,201712,96
울산,동구,201801,87
울산,동구,201802,86
울산,동구,201803,85
울산,동구,201804,85
울산,동구,201805,84
울산,동구,201806,84
울산,동구,201807,84
울산,동구,201808,84
울산,동구,201809,85
울산,동구,201810,85
울산,동구,201811,84
울산,동구,201812,84
울산,동구,201901,84
울산,동구,201902,84
울산,동구,201903,83
울산,동구,201904,82
울산,동구,201905,94
울산,동구,201906,99
울산,동구,201907,99
울산,동구,201908,99
울산,동구,201909,99
울산,동구,201910,99
울산,동구,201911,476
울산,동구,201912,365
울산,동구,202001,250
울산,동구,202002,97
울산,동구,202003,97
울산,동구,202004,97
울산,동구,202005,97
울산,동구,202006,97
울산,동구,202007,95
울산,동구,202008,95
울산,동구,202009,95
울산,동구,202010,95
울산,동구,202011,93
울산,동구,202012,92
울산,동구,202101,63
울산,동구,202102,63
울산,동구,202103,50
울산,동구,202104,50
울산,동구,202105,50
울산,동구,202106,41
울산,동구,202107,39
울산,동구,202108,38
울산,동구,202109,38
울산,동구,202110,38
울산,동구,202111,36
울산,동구,202112,36
울산,동구,202201,36
울산,동구,202202,36
울산,동구,202203,36
울산,동구,202204,2
울산,동구,202205,2
울산,동구,202206,2
울산,동구,202207,2
울산,동구,202208,2
울산,동구,202209,2
울산,동구,202210,2
울산,동구,202211,2
울산,동구,202212,2
울산,동구,202301,2
울산,동구,202302,64
울산,동구,202303,64
울산,동구,202304,64
울산,동구,202305,64
울산,동구,202306,64
울산,동구,202307,64
울산,동구,202308,64
울산,동구,202309,64
울산,동구,202310,64
울산,동구,202311,64
울산,동구,202312,64
울산,동구,202401,64
울산,동구,202402,64
울산,동구,202403,64
울산,동구,202404,64
울산,동구,202405,64
울산,동구,202406,64
울산,동구,202407,64
울산,동구,202408,64
울산,동구,202409,64
울산,동구,202410,64
울산,동구,202411,64
울산,동구,202412,64
울산,동구,202501,64
울산,동구,202502,64
울산,동구,202503,64
울산,동구,202504,64
울산,동구,202505,64
울산,동구,202506,64
울산,동구,202507,64
울산,동구,202508,64
울산,동구,202509,64
울산,동구,202510,64
울산,동구,202511,64
울산,동구,202512,64
울산,동구,202601,64
울산,동구,202602,64
울산,동구,202603,64
울산,동구,202604,64
울산,동구,202605,64
울산,동구,202606,64
울산,동구,202607,64
울산,동구,202608,64
울산,남구,200701,619
울산,남구,200702,658
울산,남구,200703,841
울산,남구,200704,695
울산,남구,200705,673
울산,남구,200706,725
울산,남구,200707,695
울산,남구,200708,687
울산,남구,200709,768
울산,남구,200710,1377
울산,남구,200711,1411
울산,남구,200712,2715
울산,남구,200801,2628
울산,남구,200802,2455
울산,남구,200803,2836
울산,남구,200804,2780
울산,남구,200805,3071
울산,남구,200806,3161
울산,남구,200807,3342
울산,남구,200808,3366
울산,남구,200809,3326
울산,남구,200810,3341
울산,남구,200811,3381
울산,남구,200812,32
울산,남구,200901,98
울산,남구,200902,98
울산,남구,200903,92
울산,남구,200904,91
울산,남구,200905,87
울산,남구,200906,84
울산,남구,200907,83
울산,남구,200908,73
울산,남구,200909,68
울산,남구,200910,3225
울산,남구,200911,65
울산,남구,200912,65
울산,남구,201001,2984
울산,남구,201002,2885
울산,남구,201003,2837
울산,남구,201004,2804
울산,남구,201005,2929
울산,남구,201006,2975
울산,남구,201007,2777
울산,남구,201008,2800
울산,남구,201009,2782
울산,남구,201010,2727
울산,남구,201011,2650
울산,남구,201012,2641
울산,남구,201101,2607
울산,남구,201102,2553
울산,남구,201103,2548
울산,남구,201104,2468
울산,남구,201105,2585
울산,남구,201106,2465
울산,남구,201107,2399
울산,남구,201108,2309
울산,남구,201109,2223
울산,남구,201110,2132
울산,남구,201111,1802
울산,남구,201112,1711
울산,남구,201201,1636
울산,남구,201202,1538
울산,남구,201203,1532
울산,남구,201204,1457
울산,남구,201205,2135
울산,남구,201206,1737
울산,남구,201207,1978
울산,남구,201208,1629
울산,남구,201209,1744
울산,남구,201210,1829
울산,남구,201211,1696
울산,남구,201212,1762
울산,남구,201301,1514
울산,남구,201302,1384
울산,남구,201303,1271
울산,남구,201304,1154
울산,남구,201305,1119
울산,남구,201306,1025
울산,남구,201307,994
울산,남구,201308,962
울산,남구,201309,826
울산,남구,201310,765
울산,남구,201311,790
울산,남구,201312,963
울산,남구,201401,904
울산,남구,201402,775
울산,남구,201403,638
울산,남구,201404,527
울산,남구,201405,446
울산,남구,201406,324
울산,남구,201407,269
울산,남구,201408,220
울산,남구,201409,165
울산,남구,201410,128
울산,남구,201411,114
울산,남구,201412,108
울산,남구,201501,105
울산,남구,201502,103
울산,남구,201503,102
울산,남구,201504,68
울산,남구,201505,68
울산,남구,201506,67
울산,남구,201507,67
울산,남구,201508,67
울산,남구,201509,67
울산,남구,201510,67
울산,남구,201511,343
울산,남구,201512,415
울산,남구,201601,408
울산,남구,201602,402
울산,남구,201603,402
울산,남구,201604,402
울산,남구,201605,389
울산,남구,201606,366
울산,남구,201607,366
울산,남구,201608,334
울산,남구,201609,334
울산,남구,201610,334
울산,남구,201611,334
울산,남구,201612,334
울산,남구,201701,334
울산,남구,201702,334
울산,남구,201703,334
울산,남구,201704,334
울산,남구,201705,334
울산,남구,201706,502
울산,남구,201707,502
울산,남구,201708,502
울산,남구,201709,483
울산,남구,201710,478
울산,남구,201711,471
울산,남구,201712,466
울산,남구,201801,713
울산,남구,201802,463
울산,남구,201803,459
울산,남구,201804,458
울산,남구,201805,456
울산,남구,201806,456
울산,남구,201807,458
울산,남구,201808,457
울산,남구,201809,458
울산,남구,201810,461
울산,남구,201811,461
울산,남구,201812,461
울산,남구,201901,461
울산,남구,201902,466
울산,남구,201903,467
울산,남구,201904,516
울산,남구,201905,516
울산,남구,201906,516
울산,남구,201907,684
울산,남구,201908,670
울산,남구,201909,644
울산,남구,201910,329
울산,남구,201911,328
울산,남구,201912,357
울산,남구,202001,365
울산,남구,202002,42
울산,남구,202003,41
울산,남구,202004,46
울산,남구,202005,46
울산,남구,202006,42
울산,남구,202007,47
울산,남구,202008,47
울산,남구,202009,47
울산,남구,202010,47
울산,남구,202011,47
울산,남구,202012,47
울산,남구,202101,47
울산,남구,202102,45
울산,남구,202103,45
울산,남구,202104,45
울산,남구,202105,45
울산,남구,202106,44
울산,남구,202107,44
울산,남구,202108,44
울산,남구,202109,44
울산,남구,202110,44
울산,남구,202111,44
울산,남구,202112,44
울산,남구,202201,44
울산,남구,202202,44
울산,남구,202203,44
울산,남구,202204,44
울산,남구,202205,44
울산,남구,202206,44
울산,남구,202207,44
울산,남구,202208,53
울산,남구,202209,53
울산,남구,202210,45
울산,남구,202211,732
울산,남구,202212,1319
울산,남구,202301,1905
울산,남구,202302,1847
울산,남구,202303,1847
울산,남구,202304,1783
울산,남구,202305,1783
울산,남구,202306,1266
울산,남구,202307,635
울산,남구,202308,448
울산,남구,202309,374
울산,남구,202310,526
울산,남구,202311,484
울산,남구,202312,446
울산,남구,202401,407
울산,남구,202402,477
울산,남구,202403,576
울산,남구,202404,1192
울산,남구,202405,1036
울산,남구,202406,902
울산,남구,202407,972
울산,남구,202408,1075
울산,남구,202409,937
울산,남구,202410,1305
울산,남구,202411,1199
울산,남구,202412,1629
울산,남구,202501,1615
울산,남구,202502,1585
울산,남구,202503,1316
울산,남구,202504,1228
울산,남구,202505,1070
울산,남구,202506,860
울산,남구,202507,764
울산,남구,202508,733
울산,남구,202509,707
울산,남구,202510,676
울산,남구,202511,585
울산,남구,202512,443
울산,남구,202601,288
울산,남구,202602,189
울산,남구,202603,85
울산,남구,202604,635
울산,남구,202605,609
울산,남구,202606,564
울산,남구,202607,562
울산,남구,202608,561
울산,북구,200701,104
울산,북구,200702,101
울산,북구,200703,101
울산,북구,200704,95
울산,북구,200705,95
울산,북구,200706,94
울산,북구,200707,92
울산,북구,200708,91
울산,북구,200709,551
울산,북구,200710,413
울산,북구,200711,390
울산,북구,200712,2493
울산,북구,200801,2053
울산,북구,200802,2631
울산,북구,200803,2482
울산,북구,200804,2384
울산,북구,200805,2077
울산,북구,200806,2068
울산,북구,200807,1982
울산,북구,200808,1928
울산,북구,200809,1797
울산,북구,200810,1759
울산,북구,200811,1745
울산,북구,200812,1723
울산,북구,200901,1718
울산,북구,200902,1713
울산,북구,200903,1692
울산,북구,200904,1697
울산,북구,200905,1742
울산,북구,200906,1737
울산,북구,200907,1736
울산,북구,200908,1719
울산,북구,200909,1709
울산,북구,200910,1574
울산,북구,200911,1508
울산,북구,200912,1495
울산,북구,201001,1475
울산,북구,201002,1472
울산,북구,201003,1442
울산,북구,201004,1415
울산,북구,201005,1379
울산,북구,201006,1365
울산,북구,201007,1310
울산,북구,201008,1265
울산,북구,201009,1228
울산,북구,201010,1162
울산,북구,201011,1145
울산,북구,201012,1070
울산,북구,201101,1012
울산,북구,201102,963
울산,북구,201103,924
울산,북구,201104,897
울산,북구,201105,866
울산,북구,201106,839
울산,북구,201107,819
울산,북구,201108,900
울산,북구,201109,832
울산,북구,201110,759
울산,북구,201111,748
울산,북구,201112,741
울산,북구,201201,739
울산,북구,201202,768
울산,북구,201203,765
울산,북구,201204,745
울산,북구,201205,735
울산,북구,201206,661
울산,북구,201207,659
울산,북구,201208,607
울산,북구,201209,571
울산,북구,201210,536
울산,북구,201211,514
울산,북구,201212,647
울산,북구,201301,563
울산,북구,201302,554
울산,북구,201303,489
울산,북구,201304,405
울산,북구,201305,352
울산,북구,201306,302
울산,북구,201307,295
울산,북구,201308,261
울산,북구,201309,257
울산,북구,201310,199
울산,북구,201311,812
울산,북구,201312,556
울산,북구,201401,442
울산,북구,201402,358
울산,북구,201403,229
울산,북구,201404,130
울산,북구,201405,117
울산,북구,201406,95
울산,북구,201407,63
울산,북구,201408,50
울산,북구,201409,0
울산,북구,201410,0
울산,북구,201411,0
울산,북구,201412,0
울산,북구,201501,0
울산,북구,201502,0
울산,북구,201503,0
울산,북구,201504,0
울산,북구,201505,0
울산,북구,201506,0
울산,북구,201507,0
울산,북구,201508,0
울산,북구,201509,0
울산,북구,201510,0
울산,북구,201511,0
울산,북구,201512,0
울산,북구,201601,238
울산,북구,201602,97
울산,북구,201603,84
울산,북구,201604,67
울산,북구,201605,1075
울산,북구,201606,585
울산,북구,201607,465
울산,북구,201608,302
울산,북구,201609,215
울산,북구,201610,74
울산,북구,201611,77
울산,북구,201612,64
울산,북구,201701,270
울산,북구,201702,259
울산,북구,201703,249
울산,북구,201704,197
울산,북구,201705,178
울산,북구,201706,173
울산,북구,201707,169
울산,북구,201708,169
울산,북구,201709,167
울산,북구,201710,165
울산,북구,201711,164
울산,북구,201712,164
울산,북구,201801,163
울산,북구,201802,163
울산,북구,201803,163
울산,북구,201804,163
울산,북구,201805,163
울산,북구,201806,163
울산,북구,201807,163
울산,북구,201808,163
울산,북구,201809,163
울산,북구,201810,163
울산,북구,201811,163
울산,북구,201812,163
울산,북구,201901,163
울산,북구,201902,163
울산,북구,201903,162
울산,북구,201904,182
울산,북구,201905,182
울산,북구,201906,294
울산,북구,201907,294
울산,북구,201908,294
울산,북구,201909,294
울산,북구,201910,283
울산,북구,201911,280
울산,북구,201912,275
울산,북구,202001,269
울산,북구,202002,274
울산,북구,202003,252
울산,북구,202004,252
울산,북구,202005,177
울산,북구,202006,124
울산,북구,202007,107
울산,북구,202008,95
울산,북구,202009,87
울산,북구,202010,74
울산,북구,202011,54
울산,북구,202012,53
울산,북구,202101,52
울산,북구,202102,52
울산,북구,202103,52
울산,북구,202104,52
울산,북구,202105,52
울산,북구,202106,52
울산,북구,202107,52
울산,북구,202108,52
울산,북구,202109,52
울산,북구,202110,52
울산,북구,202111,52
울산,북구,202112,50
울산,북구,202201,48
울산,북구,202202,48
울산,북구,202203,48
울산,북구,202204,48
울산,북구,202205,48
울산,북구,202206,47
울산,북구,202207,46
울산,북구,202208,46
울산,북구,202209,46
울산,북구,202210,46
울산,북구,202211,46
울산,북구,202212,46
울산,북구,202301,46
울산,북구,202302,45
울산,북구,202303,43
울산,북구,202304,42
울산,북구,202305,41
울산,북구,202306,39
울산,북구,202307,38
울산,북구,202308,390
울산,북구,202309,389
울산,북구,202310,387
울산,북구,202311,386
울산,북구,202312,368
울산,북구,202401,368
울산,북구,202402,368
울산,북구,202403,253
울산,북구,202404,233
울산,북구,202405,223
울산,북구,202406,223
울산,북구,202407,221
울산,북구,202408,173
울산,북구,202409,173
울산,북구,202410,173
울산,북구,202411,173
울산,북구,202412,173
울산,북구,202501,173
울산,북구,202502,173
울산,북구,202503,174
울산,북구,202504,175
울산,북구,202505,175
울산,북구,202506,178
울산,북구,202507,178
울산,북구,202508,178
울산,북구,202509,245
울산,북구,202510,226
울산,북구,202511,213
울산,북구,202512,192
울산,북구,202601,184
울산,북구,202602,174
울산,북구,202603,165
울산,북구,202604,159
울산,북구,202605,157
울산,북구,202606,155
울산,북구,202607,6
울산,북구,202608,9
울산,울주군,200701,360
울산,울주군,200702,360
울산,울주군,200703,652
울산,울주군,200704,641
울산,울주군,200705,641
울산,울주군,200706,616
울산,울주군,200707,869
울산,울주군,200708,703
울산,울주군,200709,731
울산,울주군,200710,729
울산,울주군,200711,722
울산,울주군,200712,1230
울산,울주군,200801,1015
울산,울주군,200802,1011
울산,울주군,200803,1011
울산,울주군,200804,1072
울산,울주군,200805,1172
울산,울주군,200806,1174
울산,울주군,200807,1177
울산,울주군,200808,1223
울산,울주군,200809,1213
울산,울주군,200810,1167
울산,울주군,200811,1176
울산,울주군,200812,1167
울산,울주군,200901,1085
울산,울주군,200902,1287
울산,울주군,200903,1246
울산,울주군,200904,1233
울산,울주군,200905,1250
울산,울주군,200906,1155
울산,울주군,200907,1099
울산,울주군,200908,1055
울산,울주군,200909,998
울산,울주군,200910,906
울산,울주군,200911,857
울산,울주군,200912,853
울산,울주군,201001,899
울산,울주군,201002,893
울산,울주군,201003,858
울산,울주군,201004,801
울산,울주군,201005,801
울산,울주군,201006,763
울산,울주군,201007,763
울산,울주군,201008,763
울산,울주군,201009,761
울산,울주군,201010,761
울산,울주군,201011,757
울산,울주군,201012,757
울산,울주군,201101,754
울산,울주군,201102,748
울산,울주군,201103,743
울산,울주군,201104,743
울산,울주군,201105,735
울산,울주군,201106,735
울산,울주군,201107,707
울산,울주군,201108,706
울산,울주군,201109,626
울산,울주군,201110,569
울산,울주군,201111,524
울산,울주군,201112,383
울산,울주군,201201,334
울산,울주군,201202,556
울산,울주군,201203,412
울산,울주군,201204,369
울산,울주군,201205,340
울산,울주군,201206,312
울산,울주군,201207,286
울산,울주군,201208,421
울산,울주군,201209,395
울산,울주군,201210,320
울산,울주군,201211,297
울산,울주군,201212,286
울산,울주군,201301,275
울산,울주군,201302,261
울산,울주군,201303,249
울산,울주군,201304,237
울산,울주군,201305,229
울산,울주군,201306,218
울산,울주군,201307,205
울산,울주군,201308,159
울산,울주군,201309,1480
울산,울주군,201310,1328
울산,울주군,201311,1159
울산,울주군,201312,1724
울산,울주군,201401,1549
울산,울주군,201402,1378
울산,울주군,201403,1199
울산,울주군,201404,1037
울산,울주군,201405,889
울산,울주군,201406,690
울산,울주군,201407,468
울산,울주군,201408,279
울산,울주군,201409,239
울산,울주군,201410,209
울산,울주군,201411,135
울산,울주군,201412,113
울산,울주군,201501,98
울산,울주군,201502,89
울산,울주군,201503,73
울산,울주군,201504,27
울산,울주군,201505,22
울산,울주군,201506,22
울산,울주군,201507,52
울산,울주군,201508,32
울산,울주군,201509,21
울산,울주군,201510,16
울산,울주군,201511,16
울산,울주군,201512,16
울산,울주군,201601,205
울산,울주군,201602,163
울산,울주군,201603,135
울산,울주군,201604,118
울산,울주군,201605,140
울산,울주군,201606,81
울산,울주군,201607,71
울산,울주군,201608,60
울산,울주군,201609,45
울산,울주군,201610,37
울산,울주군,201611,23
울산,울주군,201612,15
울산,울주군,201701,15
울산,울주군,201702,19
울산,울주군,201703,18
울산,울주군,201704,18
울산,울주군,201705,18
울산,울주군,201706,18
울산,울주군,201707,18
울산,울주군,201708,18
울산,울주군,201709,18
울산,울주군,201710,18
울산,울주군,201711,18
울산,울주군,201712,18
울산,울주군,201801,18
울산,울주군,201802,17
울산,울주군,201803,18
울산,울주군,201804,197
울산,울주군,201805,197
울산,울주군,201806,197
울산,울주군,201807,197
울산,울주군,201808,197
울산,울주군,201809,197
울산,울주군,201810,197
울산,울주군,201811,197
울산,울주군,201812,197
울산,울주군,201901,197
울산,울주군,201902,197
울산,울주군,201903,197
울산,울주군,201904,197
울산,울주군,201905,197
울산,울주군,201906,197
울산,울주군,201907,197
울산,울주군,201908,197
울산,울주군,201909,236
울산,울주군,201910,233
울산,울주군,201911,233
울산,울주군,201912,233
울산,울주군,202001,233
울산,울주군,202002,233
울산,울주군,202003,233
울산,울주군,202004,233
울산,울주군,202005,233
울산,울주군,202006,233
울산,울주군,202007,240
울산,울주군,202008,240
울산,울주군,202009,240
울산,울주군,202010,240
울산,울주군,202011,274
울산,울주군,202012,274
울산,울주군,202101,274
울산,울주군,202102,274
울산,울주군,202103,270
울산,울주군,202104,270
울산,울주군,202105,359
울산,울주군,202106,268
울산,울주군,202107,268
울산,울주군,202108,267
울산,울주군,202109,331
울산,울주군,202110,265
울산,울주군,202111,265
울산,울주군,202112,265
울산,울주군,202201,265
울산,울주군,202202,265
울산,울주군,202203,265
울산,울주군,202204,265
울산,울주군,202205,545
울산,울주군,202206,532
울산,울주군,202207,694
울산,울주군,202208,672
울산,울주군,202209,1323
울산,울주군,202210,1319
울산,울주군,202211,2217
울산,울주군,202212,2201
울산,울주군,202301,2192
울산,울주군,202302,2149
울산,울주군,202303,2074
울산,울주군,202304,2130
울산,울주군,202305,2083
울산,울주군,202306,2076
울산,울주군,202307,2066
울산,울주군,202308,2061
울산,울주군,202309,2059
울산,울주군,202310,2056
울산,울주군,202311,2064
울산,울주군,202312,1997
울산,울주군,202401,1825
울산,울주군,202402,1748
울산,울주군,202403,1611
울산,울주군,202404,1547
울산,울주군,202405,1541
울산,울주군,202406,1518
울산,울주군,202407,1105
울산,울주군,202408,1075
울산,울주군,202409,1228
울산,울주군,202410,1201
울산,울주군,202411,1186
울산,울주군,202412,1152
울산,울주군,202501,1144
울산,울주군,202502,1125
울산,울주군,202503,1421
울산,울주군,202504,1381
울산,울주군,202505,1284
울산,울주군,202506,1161
울산,울주군,202507,1085
울산,울주군,202508,983
울산,울주군,202509,907
울산,울주군,202510,1186
울산,울주군,202511,989
울산,울주군,202512,893
울산,울주군,202601,870
울산,울주군,202602,841
울산,울주군,202603,741
울산,울주군,202604,623
울산,울주군,202605,567
울산,울주군,202606,536
울산,울주군,202607,520
울산,울주군,202608,516
경기,수원시,200701,216
경기,수원시,200702,145
경기,수원시,200703,187
경기,수원시,200704,73
경기,수원시,200705,73
경기,수원시,200706,154
경기,수원시,200707,149
경기,수원시,200708,149
경기,수원시,200709,149
경기,수원시,200710,729
경기,수원시,200711,823
경기,수원시,200712,1364
경기,수원시,200801,2400
경기,수원시,200802,2802
경기,수원시,200803,3033
경기,수원시,200804,2963
경기,수원시,200805,2681
경기,수원시,200806,2763
경기,수원시,200807,2690
경기,수원시,200808,2681
경기,수원시,200809,2676
경기,수원시,200810,2664
경기,수원시,200811,2651
경기,수원시,200812,2709
경기,수원시,200901,2702
경기,수원시,200902,2630
경기,수원시,200903,2524
경기,수원시,200904,1796
경기,수원시,200905,1654
경기,수원시,200906,1618
경기,수원시,200907,1545
경기,수원시,200908,1378
경기,수원시,200909,1097
경기,수원시,200910,955
경기,수원시,200911,801
경기,수원시,200912,766
경기,수원시,201001,1642
경기,수원시,201002,1605
경기,수원시,201003,1605
경기,수원시,201004,2128
경기,수원시,201005,2516
경기,수원시,201006,2358
경기,수원시,201007,2358
경기,수원시,201008,2358
경기,수원시,201009,3527
경기,수원시,201010,3223
경기,수원시,201011,3223
경기,수원시,201012,3708
경기,수원시,201101,3344
경기,수원시,201102,3260
경기,수원시,201103,3136
경기,수원시,201104,2397
경기,수원시,201105,1992
경기,수원시,201106,1992
경기,수원시,201107,1941
경기,수원시,201108,1580
경기,수원시,201109,1555
경기,수원시,201110,1529
경기,수원시,201111,1473
경기,수원시,201112,1473
경기,수원시,201201,1256
경기,수원시,201202,1199
경기,수원시,201203,1189
경기,수원시,201204,1146
경기,수원시,201205,1146
경기,수원시,201206,1146
경기,수원시,201207,1123
경기,수원시,201208,1123
경기,수원시,201209,1123
경기,수원시,201210,1123
경기,수원시,201211,1122
경기,수원시,201212,1091
경기,수원시,201301,1091
경기,수원시,201302,1091
경기,수원시,201303,1091
경기,수원시,201304,1091
경기,수원시,201305,1089
경기,수원시,201306,1089
경기,수원시,201307,1089
경기,수원시,201308,1028
경기,수원시,201309,1028
경기,수원시,201310,2314
경기,수원시,201311,2158
경기,수원시,201312,1802
경기,수원시,201401,1279
경기,수원시,201402,936
경기,수원시,201403,936
경기,수원시,201404,936
경기,수원시,201405,670
경기,수원시,201406,609
경기,수원시,201407,606
경기,수원시,201408,606
경기,수원시,201409,606
경기,수원시,201410,605
경기,수원시,201411,605
경기,수원시,201412,605
경기,수원시,201501,605
경기,수원시,201502,605
경기,수원시,201503,605
경기,수원시,201504,605
경기,수원시,201505,605
경기,수원시,201506,518
경기,수원시,201507,518
경기,수원시,201508,518
경기,수원시,201509,436
경기,수원시,201510,128
경기,수원시,201511,109
경기,수원시,201512,97
경기,수원시,201601,92
경기,수원시,201602,90
경기,수원시,201603,88
경기,수원시,201604,36
경기,수원시,201605,36
경기,수원시,201606,36
경기,수원시,201607,36
경기,수원시,201608,36
경기,수원시,201609,36
경기,수원시,201610,32
경기,수원시,201611,32
경기,수원시,201612,32
경기,수원시,201701,10
경기,수원시,201702,10
경기,수원시,201703,10
경기,수원시,201704,10
경기,수원시,201705,8
경기,수원시,201706,8
경기,수원시,201707,8
경기,수원시,201708,7
경기,수원시,201709,7
경기,수원시,201710,7
경기,수원시,201711,7
경기,수원시,201712,7
경기,수원시,201801,7
경기,수원시,201802,7
경기,수원시,201803,7
경기,수원시,201804,7
경기,수원시,201805,7
경기,수원시,201806,7
경기,수원시,201807,5
경기,수원시,201808,5
경기,수원시,201809,5
경기,수원시,201810,5
경기,수원시,201811,5
경기,수원시,201812,5
경기,수원시,201901,5
경기,수원시,201902,5
경기,수원시,201903,5
경기,수원시,201904,4
경기,수원시,201905,4
경기,수원시,201906,4
경기,수원시,201907,4
경기,수원시,201908,2
경기,수원시,201909,2
경기,수원시,201910,2
경기,수원시,201911,2
경기,수원시,201912,2
경기,수원시,202001,2
경기,수원시,202002,0
경기,수원시,202003,0
경기,수원시,202004,0
경기,수원시,202005,0
경기,수원시,202006,0
경기,수원시,202007,0
경기,수원시,202008,0
경기,수원시,202009,0
경기,수원시,202010,0
경기,수원시,202011,0
경기,수원시,202012,0
경기,수원시,202101,0
경기,수원시,202102,0
경기,수원시,202103,0
경기,수원시,202104,0
경기,수원시,202105,0
경기,수원시,202106,0
경기,수원시,202107,0
경기,수원시,202108,0
경기,수원시,202109,0
경기,수원시,202110,0
경기,수원시,202111,0
경기,수원시,202112,0
경기,수원시,202201,0
경기,수원시,202202,0
경기,수원시,202203,0
경기,수원시,202204,0
경기,수원시,202205,0
경기,수원시,202206,0
경기,수원시,202207,0
경기,수원시,202208,0
경기,수원시,202209,0
경기,수원시,202210,0
경기,수원시,202211,95
경기,수원시,202212,70
경기,수원시,202301,63
경기,수원시,202302,58
경기,수원시,202303,413
경기,수원시,202304,360
경기,수원시,202305,20
경기,수원시,202306,20
경기,수원시,202307,15
경기,수원시,202308,15
경기,수원시,202309,16
경기,수원시,202310,205
경기,수원시,202311,204
경기,수원시,202312,205
경기,수원시,202401,203
경기,수원시,202402,203
경기,수원시,202403,169
경기,수원시,202404,159
경기,수원시,202405,140
경기,수원시,202406,139
경기,수원시,202407,126
경기,수원시,202408,89
경기,수원시,202409,77
경기,수원시,202410,364
경기,수원시,202411,300
경기,수원시,202412,275
경기,수원시,202501,236
경기,수원시,202502,179
경기,수원시,202503,142
경기,수원시,202504,103
경기,수원시,202505,10
경기,수원시,202506,0
경기,수원시,202507,0
경기,수원시,202508,0
경기,수원시,202509,0
경기,수원시,202510,0
경기,수원시,202511,0
경기,수원시,202512,19
경기,수원시,202601,19
경기,수원시,202602,19
경기,수원시,202603,19
경기,수원시,202604,19
경기,수원시,202605,21
경기,수원시,202606,74
경기,수원시,202607,55
경기,수원시,202608,43
경기,가평군,200706,50
경기,가평군,200707,50
경기,가평군,200708,50
경기,가평군,200709,50
경기,가평군,200710,50
경기,가평군,200711,50
경기,가평군,200712,24
경기,가평군,200801,24
경기,가평군,200802,24
경기,가평군,200803,23
경기,가평군,200804,23
경기,가평군,200805,13
경기,가평군,200806,13
경기,가평군,200807,13
경기,가평군,200808,5
경기,가평군,200809,5
경기,가평군,200810,1
경기,가평군,200811,1
경기,가평군,200812,1
경기,가평군,200901,1
경기,가평군,200902,1
경기,가평군,200903,31
경기,가평군,200904,30
경기,가평군,200905,30
경기,가평군,200906,30
경기,가평군,200907,30
경기,가평군,200908,28
경기,가평군,200909,28
경기,가평군,200910,28
경기,가평군,200911,28
경기,가평군,200912,28
경기,가평군,201001,28
경기,가평군,201002,49
경기,가평군,201003,49
경기,가평군,201004,49
경기,가평군,201005,48
경기,가평군,201006,48
경기,가평군,201007,244
경기,가평군,201008,217
경기,가평군,201009,174
경기,가평군,201010,153
경기,가평군,201011,125
경기,가평군,201012,107
경기,가평군,201101,98
경기,가평군,201102,87
경기,가평군,201103,80
경기,가평군,201104,77
경기,가평군,201105,76
경기,가평군,201106,76
경기,가평군,201107,76
경기,가평군,201108,74
경기,가평군,201109,74
경기,가평군,201110,74
경기,가평군,201111,74
경기,가평군,201112,237
경기,가평군,201201,237
경기,가평군,201202,177
경기,가평군,201203,190
경기,가평군,201204,190
경기,가평군,201205,179
경기,가평군,201206,179
경기,가평군,201207,179
경기,가평군,201208,349
경기,가평군,201209,336
경기,가평군,201210,328
경기,가평군,201211,296
경기,가평군,201212,293
경기,가평군,201301,289
경기,가평군,201302,289
경기,가평군,201303,288
경기,가평군,201304,266
경기,가평군,201305,257
경기,가평군,201306,257
경기,가평군,201307,244
경기,가평군,201308,244
경기,가평군,201309,244
경기,가평군,201310,236
경기,가평군,201311,236
경기,가평군,201312,223
경기,가평군,201401,215
경기,가평군,201402,209
경기,가평군,201403,209
경기,가평군,201404,197
경기,가평군,201405,179
경기,가평군,201406,177
경기,가평군,201407,177
경기,가평군,201408,177
경기,가평군,201409,170
경기,가평군,201410,165
경기,가평군,201411,165
경기,가평군,201412,159
경기,가평군,201501,159
경기,가평군,201502,159
경기,가평군,201503,159
경기,가평군,201504,159
경기,가평군,201505,159
경기,가평군,201506,159
경기,가평군,201507,159
경기,가평군,201508,159
경기,가평군,201509,159
경기,가평군,201510,0
경기,가평군,201511,0
경기,가평군,201512,0
경기,가평군,201601,0
경기,가평군,201602,0
경기,가평군,201603,0
경기,가평군,201604,0
경기,가평군,201605,0
경기,가평군,201606,0
경기,가평군,201607,0
경기,가평군,201608,0
경기,가평군,201609,0
경기,가평군,201610,0
경기,가평군,201611,0
경기,가평군,201612,0
경기,가평군,201701,0
경기,가평군,201702,0
경기,가평군,201703,0
경기,가평군,201704,0
경기,가평군,201705,0
경기,가평군,201706,0
경기,가평군,201707,0
경기,가평군,201708,0
경기,가평군,201709,0
경기,가평군,201710,0
경기,가평군,201711,0
경기,가평군,201712,0
경기,가평군,201801,0
경기,가평군,201802,0
경기,가평군,201804,75
경기,가평군,201805,71
경기,가평군,201806,47
경기,가평군,201807,44
경기,가평군,201808,35
경기,가평군,201809,33
경기,가평군,201810,25
경기,가평군,201811,21
경기,가평군,201812,18
경기,가평군,201901,18
경기,가평군,201902,17
경기,가평군,201903,14
경기,가평군,201904,14
경기,가평군,201905,14
경기,가평군,201906,14
경기,가평군,201907,14
경기,가평군,201908,221
경기,가평군,201909,215
경기,가평군,201910,210
경기,가평군,201911,202
경기,가평군,201912,191
경기,가평군,202001,183
경기,가평군,202002,181
경기,가평군,202003,179
경기,가평군,202004,170
경기,가평군,202005,146
경기,가평군,202006,69
경기,가평군,202007,39
경기,가평군,202008,38
경기,가평군,202009,33
경기,가평군,202010,122
경기,가평군,202011,22
경기,가평군,202012,12
경기,가평군,202101,9
경기,가평군,202102,9
경기,가평군,202103,8
경기,가평군,202104,7
경기,가평군,202105,7
경기,가평군,202106,7
경기,가평군,202107,7
경기,가평군,202108,7
경기,가평군,202109,7
경기,가평군,202110,7
경기,가평군,202111,7
경기,가평군,202112,7
경기,가평군,202201,7
경기,가평군,202202,7
경기,가평군,202203,7
경기,가평군,202204,7
경기,가평군,202205,7
경기,가평군,202206,7
경기,가평군,202207,7
경기,가평군,202208,7
경기,가평군,202209,7
경기,가평군,202210,7
경기,가평군,202211,7
경기,가평군,202212,7
경기,가평군,202301,7
경기,가평군,202302,7
경기,가평군,202303,7
경기,가평군,202304,7
경기,가평군,202305,7
경기,가평군,202306,3
경기,가평군,202307,3
경기,가평군,202308,3
경기,가평군,202309,3
경기,가평군,202310,0
경기,가평군,202311,0
경기,가평군,202312,0
경기,가평군,202401,0
경기,가평군,202402,0
경기,가평군,202403,0
경기,가평군,202404,0
경기,가평군,202405,0
경기,가평군,202406,0
경기,가평군,202407,0
경기,가평군,202408,0
경기,가평군,202409,0
경기,가평군,202410,0
경기,가평군,202411,22
경기,가평군,202412,252
경기,가평군,202501,686
경기,가평군,202502,629
경기,가평군,202503,499
경기,가평군,202504,460
경기,가평군,202505,424
경기,가평군,202506,405
경기,가평군,202507,361
경기,가평군,202508,330
경기,가평군,202509,280
경기,가평군,202510,280
경기,가평군,202511,230
경기,가평군,202512,209
경기,가평군,202601,202
경기,가평군,202602,197
경기,가평군,202603,191
경기,가평군,202604,176
경기,가평군,202605,935
경기,가평군,202606,892
경기,가평군,202607,884
경기,가평군,202608,875
경기,성남시,200701,159
경기,성남시,200702,0
경기,성남시,200703,0
경기,성남시,200704,0
경기,성남시,200705,0
경기,성남시,200706,0
경기,성남시,200707,0
경기,성남시,200708,0
경기,성남시,200709,0
경기,성남시,200710,0
경기,성남시,200711,0
경기,성남시,200712,0
경기,성남시,200801,0
경기,성남시,200802,0
경기,성남시,200803,0
경기,성남시,200804,0
경기,성남시,200805,0
경기,성남시,200806,0
경기,성남시,200807,0
경기,성남시,200808,0
경기,성남시,200809,0
경기,성남시,200810,0
경기,성남시,200811,10
경기,성남시,200812,10
경기,성남시,200901,12
경기,성남시,200902,10
경기,성남시,200903,80
경기,성남시,200904,80
경기,성남시,200905,67
경기,성남시,200906,60
경기,성남시,200907,59
경기,성남시,200908,56
경기,성남시,200909,50
경기,성남시,200910,45
경기,성남시,200911,43
경기,성남시,200912,42
경기,성남시,201001,41
경기,성남시,201002,31
경기,성남시,201003,31
경기,성남시,201004,30
경기,성남시,201005,91
경기,성남시,201006,81
경기,성남시,201007,81
경기,성남시,201008,81
경기,성남시,201009,78
경기,성남시,201010,82
경기,성남시,201011,102
경기,성남시,201012,98
경기,성남시,201101,100
경기,성남시,201102,85
경기,성남시,201103,107
경기,성남시,201104,90
경기,성남시,201105,81
경기,성남시,201106,75
경기,성남시,201107,66
경기,성남시,201108,64
경기,성남시,201109,64
경기,성남시,201110,60
경기,성남시,201111,60
경기,성남시,201112,58
경기,성남시,201201,58
경기,성남시,201202,58
경기,성남시,201203,58
경기,성남시,201204,58
경기,성남시,201205,59
경기,성남시,201206,59
경기,성남시,201207,59
경기,성남시,201208,59
경기,성남시,201209,59
경기,성남시,201210,59
경기,성남시,201211,145
경기,성남시,201212,145
경기,성남시,201301,145
경기,성남시,201302,138
경기,성남시,201303,138
경기,성남시,201304,138
경기,성남시,201305,138
경기,성남시,201306,137
경기,성남시,201307,136
경기,성남시,201308,136
경기,성남시,201309,136
경기,성남시,201310,136
경기,성남시,201311,136
경기,성남시,201312,136
경기,성남시,201401,136
경기,성남시,201402,136
경기,성남시,201403,136
경기,성남시,201404,136
경기,성남시,201405,136
경기,성남시,201406,136
경기,성남시,201407,136
경기,성남시,201408,136
경기,성남시,201409,136
경기,성남시,201410,136
경기,성남시,201411,111
경기,성남시,201412,43
경기,성남시,201501,43
경기,성남시,201502,43
경기,성남시,201503,9
경기,성남시,201504,9
경기,성남시,201505,9
경기,성남시,201506,9
경기,성남시,201507,9
경기,성남시,201508,9
경기,성남시,201509,9
경기,성남시,201510,0
경기,성남시,201511,0
경기,성남시,201601,0
경기,성남시,201602,0
경기,성남시,201603,0
경기,성남시,201604,0
경기,성남시,201605,0
경기,성남시,201606,0
경기,성남시,201607,0
경기,성남시,201608,0
경기,성남시,201609,0
경기,성남시,201610,0
경기,성남시,201611,0
경기,성남시,201612,0
경기,성남시,201701,0
경기,성남시,201702,0
경기,성남시,201703,0
경기,성남시,201704,0
경기,성남시,201705,0
경기,성남시,201706,0
경기,성남시,201707,0
경기,성남시,201708,0
경기,성남시,201709,0
경기,성남시,201710,0
경기,성남시,201711,0
경기,성남시,201712,0
경기,성남시,201801,0
경기,성남시,201802,0
경기,성남시,201807,0
경기,성남시,201808,0
경기,성남시,201811,0
경기,성남시,201812,0
경기,성남시,201901,401
경기,성남시,201902,245
경기,성남시,201903,108
경기,성남시,201904,60
경기,성남시,201905,31
경기,성남시,201906,0
경기,성남시,201907,0
경기,성남시,201908,0
경기,성남시,201909,0
경기,성남시,201910,0
경기,성남시,201912,0
경기,성남시,202001,0
경기,성남시,202002,0
경기,성남시,202003,0
경기,성남시,202004,0
경기,성남시,202005,0
경기,성남시,202006,0
경기,성남시,202007,0
경기,성남시,202008,0
경기,성남시,202009,0
경기,성남시,202010,0
경기,성남시,202011,0
경기,성남시,202012,0
경기,성남시,202101,0
경기,성남시,202102,0
경기,성남시,202103,0
경기,성남시,202104,0
경기,성남시,202105,0
경기,성남시,202106,0
경기,성남시,202107,0
경기,성남시,202108,0
경기,성남시,202109,0
경기,성남시,202110,0
경기,성남시,202111,0
경기,성남시,202112,0
경기,성남시,202201,0
경기,성남시,202202,0
경기,성남시,202203,0
경기,성남시,202204,0
경기,성남시,202205,0
경기,성남시,202206,74
경기,성남시,202207,74
경기,성남시,202208,74
경기,성남시,202209,74
경기,성남시,202210,74
경기,성남시,202211,74
경기,성남시,202212,74
경기,성남시,202301,74
경기,성남시,202302,74
경기,성남시,202303,74
경기,성남시,202304,74
경기,성남시,202305,74
경기,성남시,202306,102
경기,성남시,202307,96
경기,성남시,202308,94
경기,성남시,202309,91
경기,성남시,202310,90
경기,성남시,202311,90
경기,성남시,202312,90
경기,성남시,202401,88
경기,성남시,202402,88
경기,성남시,202403,88
경기,성남시,202404,86
경기,성남시,202405,116
경기,성남시,202406,84
경기,성남시,202407,83
경기,성남시,202408,81
경기,성남시,202409,68
경기,성남시,202410,68
경기,성남시,202411,63
경기,성남시,202412,61
경기,성남시,202501,61
경기,성남시,202502,60
경기,성남시,202503,60
경기,성남시,202504,57
경기,성남시,202505,55
경기,성남시,202506,55
경기,성남시,202507,55
경기,성남시,202508,55
경기,성남시,202509,55
경기,성남시,202510,55
경기,성남시,202511,55
경기,성남시,202512,55
경기,성남시,202601,55
경기,성남시,202602,55
경기,성남시,202603,55
경기,성남시,202604,55
경기,성남시,202605,55
경기,성남시,202606,55
경기,성남시,202607,32
경기,성남시,202608,24
경기,의정부시,200701,116
경기,의정부시,200702,86
경기,의정부시,200703,110
경기,의정부시,200704,105
경기,의정부시,200705,105
경기,의정부시,200706,103
경기,의정부시,200707,133
경기,의정부시,200708,112
경기,의정부시,200709,86
경기,의정부시,200710,75
경기,의정부시,200711,106
경기,의정부시,200712,77
경기,의정부시,200801,68
경기,의정부시,200802,13
경기,의정부시,200803,45
경기,의정부시,200804,9
경기,의정부시,200805,3
경기,의정부시,200806,2
경기,의정부시,200807,2
경기,의정부시,200808,2
경기,의정부시,200809,2
경기,의정부시,200810,3
경기,의정부시,200811,3
경기,의정부시,200812,0
경기,의정부시,200901,0
경기,의정부시,200902,0
경기,의정부시,200903,0
경기,의정부시,200904,0
경기,의정부시,200905,0
경기,의정부시,200906,0
경기,의정부시,200907,0
경기,의정부시,200908,0
경기,의정부시,200909,0
경기,의정부시,200910,0
경기,의정부시,200911,0
경기,의정부시,200912,0
경기,의정부시,201001,0
경기,의정부시,201002,0
경기,의정부시,201003,0
경기,의정부시,201004,73
경기,의정부시,201005,69
경기,의정부시,201006,59
경기,의정부시,201007,45
경기,의정부시,201008,18
경기,의정부시,201009,6
경기,의정부시,201010,0
경기,의정부시,201011,0
경기,의정부시,201012,0
경기,의정부시,201101,0
경기,의정부시,201102,0
경기,의정부시,201103,0
경기,의정부시,201104,0
경기,의정부시,201105,0
경기,의정부시,201106,0
경기,의정부시,201107,0
경기,의정부시,201108,0
경기,의정부시,201109,0
경기,의정부시,201110,0
경기,의정부시,201111,0
경기,의정부시,201112,0
경기,의정부시,201201,0
경기,의정부시,201202,0
경기,의정부시,201203,0
경기,의정부시,201204,0
경기,의정부시,201205,0
경기,의정부시,201206,0
경기,의정부시,201207,0
경기,의정부시,201208,0
경기,의정부시,201209,0
경기,의정부시,201210,0
경기,의정부시,201211,0
경기,의정부시,201212,0
경기,의정부시,201301,0
경기,의정부시,201302,0
경기,의정부시,201303,0
경기,의정부시,201304,0
경기,의정부시,201305,0
경기,의정부시,201306,0
경기,의정부시,201307,554
경기,의정부시,201308,484
경기,의정부시,201309,423
경기,의정부시,201310,386
경기,의정부시,201311,356
경기,의정부시,201312,272
경기,의정부시,201401,272
경기,의정부시,201402,85
경기,의정부시,201403,34
경기,의정부시,201404,32
경기,의정부시,201405,30
경기,의정부시,201406,29
경기,의정부시,201407,140
경기,의정부시,201408,131
경기,의정부시,201409,121
경기,의정부시,201410,109
경기,의정부시,201411,477
경기,의정부시,201412,263
경기,의정부시,201501,128
경기,의정부시,201502,128
경기,의정부시,201503,128
경기,의정부시,201504,243
경기,의정부시,201505,243
경기,의정부시,201506,243
경기,의정부시,201507,930
경기,의정부시,201508,670
경기,의정부시,201509,350
경기,의정부시,201510,138
경기,의정부시,201511,137
경기,의정부시,201512,130
경기,의정부시,201601,130
경기,의정부시,201602,96
경기,의정부시,201603,92
경기,의정부시,201604,92
경기,의정부시,201605,91
경기,의정부시,201606,78
경기,의정부시,201607,78
경기,의정부시,201608,78
경기,의정부시,201609,215
경기,의정부시,201610,97
경기,의정부시,201611,24
경기,의정부시,201612,16
경기,의정부시,201701,14
경기,의정부시,201702,13
경기,의정부시,201703,101
경기,의정부시,201704,82
경기,의정부시,201705,55
경기,의정부시,201706,232
경기,의정부시,201707,50
경기,의정부시,201708,8
경기,의정부시,201709,3
경기,의정부시,201710,60
경기,의정부시,201711,57
경기,의정부시,201712,54
경기,의정부시,201801,54
경기,의정부시,201802,51
경기,의정부시,201803,48
경기,의정부시,201804,46
경기,의정부시,201805,44
경기,의정부시,201806,461
경기,의정부시,201807,425
경기,의정부시,201808,337
경기,의정부시,201809,216
경기,의정부시,201810,152
경기,의정부시,201811,140
경기,의정부시,201812,131
경기,의정부시,201901,129
경기,의정부시,201902,127
경기,의정부시,201903,200
경기,의정부시,201904,233
경기,의정부시,201905,209
경기,의정부시,201906,179
경기,의정부시,201907,151
경기,의정부시,201908,131
경기,의정부시,201909,115
경기,의정부시,201910,210
경기,의정부시,201911,361
경기,의정부시,201912,345
경기,의정부시,202001,226
경기,의정부시,202002,279
경기,의정부시,202003,226
경기,의정부시,202004,192
경기,의정부시,202005,183
경기,의정부시,202006,152
경기,의정부시,202007,140
경기,의정부시,202008,100
경기,의정부시,202009,70
경기,의정부시,202010,47
경기,의정부시,202011,92
경기,의정부시,202012,65
경기,의정부시,202101,51
경기,의정부시,202102,33
경기,의정부시,202103,19
경기,의정부시,202104,12
경기,의정부시,202105,5
경기,의정부시,202106,5
경기,의정부시,202107,18
경기,의정부시,202108,5
경기,의정부시,202109,5
경기,의정부시,202110,38
경기,의정부시,202111,20
경기,의정부시,202112,24
경기,의정부시,202201,14
경기,의정부시,202202,9
경기,의정부시,202203,11
경기,의정부시,202204,24
경기,의정부시,202205,17
경기,의정부시,202206,11
경기,의정부시,202207,11
경기,의정부시,202208,59
경기,의정부시,202209,59
경기,의정부시,202210,118
경기,의정부시,202211,112
경기,의정부시,202212,106
경기,의정부시,202301,103
경기,의정부시,202302,210
경기,의정부시,202303,220
경기,의정부시,202304,220
경기,의정부시,202305,220
경기,의정부시,202306,220
경기,의정부시,202307,218
경기,의정부시,202308,218
경기,의정부시,202309,217
경기,의정부시,202310,217
경기,의정부시,202311,217
경기,의정부시,202312,896
경기,의정부시,202401,640
경기,의정부시,202402,554
경기,의정부시,202403,435
경기,의정부시,202404,360
경기,의정부시,202405,360
경기,의정부시,202406,234
경기,의정부시,202407,198
경기,의정부시,202408,198
경기,의정부시,202409,198
경기,의정부시,202410,581
경기,의정부시,202411,559
경기,의정부시,202412,540
경기,의정부시,202501,513
경기,의정부시,202502,490
경기,의정부시,202503,490
경기,의정부시,202504,481
경기,의정부시,202505,465
경기,의정부시,202506,453
경기,의정부시,202507,402
경기,의정부시,202508,357
경기,의정부시,202509,662
경기,의정부시,202510,1335
경기,의정부시,202511,1102
경기,의정부시,202512,908
경기,의정부시,202601,439
경기,의정부시,202602,421
경기,의정부시,202603,707
경기,의정부시,202604,707
경기,의정부시,202605,712
경기,의정부시,202606,868
경기,의정부시,202607,829
경기,의정부시,202608,800
경기,고양시,200701,104
경기,고양시,200702,12
경기,고양시,200703,12
경기,고양시,200704,0
경기,고양시,200705,0
경기,고양시,200706,317
경기,고양시,200707,292
경기,고양시,200708,265
경기,고양시,200709,244
경기,고양시,200710,612
경기,고양시,200711,575
경기,고양시,200712,556
경기,고양시,200801,6956
경기,고양시,200802,6838
경기,고양시,200803,6356
경기,고양시,200804,5676
경기,고양시,200805,5530
경기,고양시,200806,5661
경기,고양시,200807,5502
경기,고양시,200808,5267
경기,고양시,200809,5286
경기,고양시,200810,5325
경기,고양시,200811,5319
경기,고양시,200812,5360
경기,고양시,200901,4848
경기,고양시,200902,4011
경기,고양시,200903,4406
경기,고양시,200904,3787
경기,고양시,200905,3305
경기,고양시,200906,3005
경기,고양시,200907,2768
경기,고양시,200908,2423
경기,고양시,200909,2185
경기,고양시,200910,2094
경기,고양시,200911,1864
경기,고양시,200912,4615
경기,고양시,201001,4328
경기,고양시,201002,4187
경기,고양시,201003,4096
경기,고양시,201004,4000
경기,고양시,201005,4748
경기,고양시,201006,4670
경기,고양시,201007,4631
경기,고양시,201008,4622
경기,고양시,201009,4592
경기,고양시,201010,4952
경기,고양시,201011,4948
경기,고양시,201012,4948
경기,고양시,201101,5029
경기,고양시,201102,5029
경기,고양시,201103,4995
경기,고양시,201104,4605
경기,고양시,201105,3773
경기,고양시,201106,4549
경기,고양시,201107,4308
경기,고양시,201108,4171
경기,고양시,201109,4178
경기,고양시,201110,4063
경기,고양시,201111,3785
경기,고양시,201112,3764
경기,고양시,201201,3630
경기,고양시,201202,3569
경기,고양시,201203,3673
경기,고양시,201204,3429
경기,고양시,201205,3427
경기,고양시,201206,3258
경기,고양시,201207,3253
경기,고양시,201208,3253
경기,고양시,201209,3253
경기,고양시,201210,3253
경기,고양시,201211,2983
경기,고양시,201212,2964
경기,고양시,201301,2925
경기,고양시,201302,2925
경기,고양시,201303,2617
경기,고양시,201304,2575
경기,고양시,201305,2559
경기,고양시,201306,2502
경기,고양시,201307,2764
경기,고양시,201308,4310
경기,고양시,201309,4000
경기,고양시,201310,4246
경기,고양시,201311,3914
경기,고양시,201312,3791
경기,고양시,201401,3784
경기,고양시,201402,3155
경기,고양시,201403,2942
경기,고양시,201404,2527
경기,고양시,201405,2318
경기,고양시,201406,2157
경기,고양시,201407,2024
경기,고양시,201408,1898
경기,고양시,201409,1735
경기,고양시,201410,1542
경기,고양시,201411,1821
경기,고양시,201412,1658
경기,고양시,201501,1528
경기,고양시,201502,1277
경기,고양시,201503,886
경기,고양시,201504,722
경기,고양시,201505,677
경기,고양시,201506,719
경기,고양시,201507,641
경기,고양시,201508,641
경기,고양시,201509,565
경기,고양시,201510,450
경기,고양시,201511,602
경기,고양시,201512,1178
경기,고양시,201601,1068
경기,고양시,201602,981
경기,고양시,201603,898
경기,고양시,201604,1989
경기,고양시,201605,1972
경기,고양시,201606,1187
경기,고양시,201607,646
경기,고양시,201608,469
경기,고양시,201609,469
경기,고양시,201610,469
경기,고양시,201611,469
경기,고양시,201612,469
경기,고양시,201701,439
경기,고양시,201702,439
경기,고양시,201703,439
경기,고양시,201704,439
경기,고양시,201705,441
경기,고양시,201706,430
경기,고양시,201707,540
경기,고양시,201708,427
경기,고양시,201709,463
경기,고양시,201710,457
경기,고양시,201711,451
경기,고양시,201712,448
경기,고양시,201801,433
경기,고양시,201802,431
경기,고양시,201803,431
경기,고양시,201804,430
경기,고양시,201805,427
경기,고양시,201806,446
경기,고양시,201807,446
경기,고양시,201808,446
경기,고양시,201809,443
경기,고양시,201810,443
경기,고양시,201811,413
경기,고양시,201812,413
경기,고양시,201901,889
경기,고양시,201902,413
경기,고양시,201903,408
경기,고양시,201904,407
경기,고양시,201905,416
경기,고양시,201906,412
경기,고양시,201907,431
경기,고양시,201908,399
경기,고양시,201909,381
경기,고양시,201910,336
경기,고양시,201911,292
경기,고양시,201912,277
경기,고양시,202001,263
경기,고양시,202002,225
경기,고양시,202003,201
경기,고양시,202004,176
경기,고양시,202005,140
경기,고양시,202006,128
경기,고양시,202007,453
경기,고양시,202008,413
경기,고양시,202009,357
경기,고양시,202010,293
경기,고양시,202011,227
경기,고양시,202012,218
경기,고양시,202101,192
경기,고양시,202102,190
경기,고양시,202103,176
경기,고양시,202104,202
경기,고양시,202105,133
경기,고양시,202106,127
경기,고양시,202107,119
경기,고양시,202108,113
경기,고양시,202109,113
경기,고양시,202110,113
경기,고양시,202111,113
경기,고양시,202112,113
경기,고양시,202201,113
경기,고양시,202202,113
경기,고양시,202203,113
경기,고양시,202204,113
경기,고양시,202205,113
경기,고양시,202206,113
경기,고양시,202207,113
경기,고양시,202208,113
경기,고양시,202209,113
경기,고양시,202210,113
경기,고양시,202211,113
경기,고양시,202212,113
경기,고양시,202301,113
경기,고양시,202302,113
경기,고양시,202303,113
경기,고양시,202304,113
경기,고양시,202305,113
경기,고양시,202306,113
경기,고양시,202307,113
경기,고양시,202308,113
경기,고양시,202309,113
경기,고양시,202310,113
경기,고양시,202311,79
경기,고양시,202312,79
경기,고양시,202401,74
경기,고양시,202402,74
경기,고양시,202403,72
경기,고양시,202404,71
경기,고양시,202405,70
경기,고양시,202406,68
경기,고양시,202407,66
경기,고양시,202408,682
경기,고양시,202409,469
경기,고양시,202410,448
경기,고양시,202411,211
경기,고양시,202412,182
경기,고양시,202501,191
경기,고양시,202502,142
경기,고양시,202503,141
경기,고양시,202504,133
경기,고양시,202505,129
경기,고양시,202506,99
경기,고양시,202507,95
경기,고양시,202508,73
경기,고양시,202509,68
경기,고양시,202510,56
경기,고양시,202511,56
경기,고양시,202512,56
경기,고양시,202601,55
경기,고양시,202602,55
경기,고양시,202603,55
경기,고양시,202604,55
경기,고양시,202605,55
경기,고양시,202606,55
경기,고양시,202607,54
경기,고양시,202608,54
경기,안양시,200701,282
경기,안양시,200702,0
경기,안양시,200703,0
경기,안양시,200704,0
경기,안양시,200705,0
경기,안양시,200706,0
경기,안양시,200707,0
경기,안양시,200708,0
경기,안양시,200709,0
경기,안양시,200710,0
경기,안양시,200711,0
경기,안양시,200712,0
경기,안양시,200801,0
경기,안양시,200802,0
경기,안양시,200803,0
경기,안양시,200804,0
경기,안양시,200805,0
경기,안양시,200806,0
경기,안양시,200807,0
경기,안양시,200808,444
경기,안양시,200809,444
경기,안양시,200810,413
경기,안양시,200811,413
경기,안양시,200812,389
경기,안양시,200901,389
경기,안양시,200902,365
경기,안양시,200903,372
경기,안양시,200904,346
경기,안양시,200905,157
경기,안양시,200906,149
경기,안양시,200907,160
경기,안양시,200908,156
경기,안양시,200909,150
경기,안양시,200910,133
경기,안양시,200911,103
경기,안양시,200912,88
경기,안양시,201001,73
경기,안양시,201002,70
경기,안양시,201003,70
경기,안양시,201004,60
경기,안양시,201005,60
경기,안양시,201006,60
경기,안양시,201007,47
경기,안양시,201008,47
경기,안양시,201009,47
경기,안양시,201010,47
경기,안양시,201011,44
경기,안양시,201012,17
경기,안양시,201101,16
경기,안양시,201102,16
경기,안양시,201103,16
경기,안양시,201104,16
경기,안양시,201105,16
경기,안양시,201106,15
경기,안양시,201107,15
경기,안양시,201108,15
경기,안양시,201109,15
경기,안양시,201110,15
경기,안양시,201111,25
경기,안양시,201112,19
경기,안양시,201201,19
경기,안양시,201202,19
경기,안양시,201203,19
경기,안양시,201204,19
경기,안양시,201205,19
경기,안양시,201206,9
경기,안양시,201207,9
경기,안양시,201208,9
경기,안양시,201209,9
경기,안양시,201210,9
경기,안양시,201211,10
경기,안양시,201212,10
경기,안양시,201301,10
경기,안양시,201302,10
경기,안양시,201303,10
경기,안양시,201304,10
경기,안양시,201305,58
경기,안양시,201306,58
경기,안양시,201307,58
경기,안양시,201308,58
경기,안양시,201309,58
경기,안양시,201310,58
경기,안양시,201311,173
경기,안양시,201312,133
경기,안양시,201401,133
경기,안양시,201402,133
경기,안양시,201403,121
경기,안양시,201404,121
경기,안양시,201405,121
경기,안양시,201406,121
경기,안양시,201407,121
경기,안양시,201408,121
경기,안양시,201409,121
경기,안양시,201410,121
경기,안양시,201411,121
경기,안양시,201412,121
경기,안양시,201501,121
경기,안양시,201502,121
경기,안양시,201503,121
경기,안양시,201504,121
경기,안양시,201505,121
경기,안양시,201506,121
경기,안양시,201507,121
경기,안양시,201508,121
경기,안양시,201509,121
경기,안양시,201510,76
경기,안양시,201511,68
경기,안양시,201512,68
경기,안양시,201601,68
경기,안양시,201602,68
경기,안양시,201603,68
경기,안양시,201604,68
경기,안양시,201605,68
경기,안양시,201606,68
경기,안양시,201607,68
경기,안양시,201608,68
경기,안양시,201609,68
경기,안양시,201610,68
경기,안양시,201611,68
경기,안양시,201612,68
경기,안양시,201701,68
경기,안양시,201702,68
경기,안양시,201703,68
경기,안양시,201704,68
경기,안양시,201705,68
경기,안양시,201706,68
경기,안양시,201707,68
경기,안양시,201708,68
경기,안양시,201709,68
경기,안양시,201710,44
경기,안양시,201711,44
경기,안양시,201712,44
경기,안양시,201801,43
경기,안양시,201802,43
경기,안양시,201803,43
경기,안양시,201804,43
경기,안양시,201805,43
경기,안양시,201806,43
경기,안양시,201807,43
경기,안양시,201808,43
경기,안양시,201809,43
경기,안양시,201810,43
경기,안양시,201811,43
경기,안양시,201812,43
경기,안양시,201901,43
경기,안양시,201902,43
경기,안양시,201903,43
경기,안양시,201904,73
경기,안양시,201905,73
경기,안양시,201906,67
경기,안양시,201907,43
경기,안양시,201908,43
경기,안양시,201909,43
경기,안양시,201910,43
경기,안양시,201911,175
경기,안양시,201912,43
경기,안양시,202001,43
경기,안양시,202002,43
경기,안양시,202003,43
경기,안양시,202004,43
경기,안양시,202005,43
경기,안양시,202006,43
경기,안양시,202007,43
경기,안양시,202008,43
경기,안양시,202009,43
경기,안양시,202010,3
경기,안양시,202011,3
경기,안양시,202012,3
경기,안양시,202101,3
경기,안양시,202102,0
경기,안양시,202103,0
경기,안양시,202104,0
경기,안양시,202105,0
경기,안양시,202106,0
경기,안양시,202107,0
경기,안양시,202108,0
경기,안양시,202109,0
경기,안양시,202110,0
경기,안양시,202111,0
경기,안양시,202112,0
경기,안양시,202201,0
경기,안양시,202202,0
경기,안양시,202203,0
경기,안양시,202204,0
경기,안양시,202205,0
경기,안양시,202206,0
경기,안양시,202207,0
경기,안양시,202208,0
경기,안양시,202209,0
경기,안양시,202210,142
경기,안양시,202211,97
경기,안양시,202212,95
경기,안양시,202301,95
경기,안양시,202302,94
경기,안양시,202303,84
경기,안양시,202304,69
경기,안양시,202305,55
경기,안양시,202306,55
경기,안양시,202307,130
경기,안양시,202308,126
경기,안양시,202309,104
경기,안양시,202310,100
경기,안양시,202311,89
경기,안양시,202312,82
경기,안양시,202401,79
경기,안양시,202402,79
경기,안양시,202403,79
경기,안양시,202404,315
경기,안양시,202405,176
경기,안양시,202406,95
경기,안양시,202407,64
경기,안양시,202408,61
경기,안양시,202409,61
경기,안양시,202410,63
경기,안양시,202411,61
경기,안양시,202412,295
경기,안양시,202501,273
경기,안양시,202502,230
경기,안양시,202503,99
경기,안양시,202504,82
경기,안양시,202505,79
경기,안양시,202506,73
경기,안양시,202507,70
경기,안양시,202508,70
경기,안양시,202509,61
경기,안양시,202510,61
경기,안양시,202511,61
경기,안양시,202512,61
경기,안양시,202601,61
경기,안양시,202602,61
경기,안양시,202603,61
경기,안양시,202604,110
경기,안양시,202605,69
경기,안양시,202606,65
경기,안양시,202607,61
경기,안양시,202608,61
경기,과천시,200701,360
경기,과천시,200702,0
경기,과천시,200703,0
경기,과천시,200704,0
경기,과천시,200705,0
경기,과천시,200706,0
경기,과천시,200707,0
경기,과천시,200708,0
경기,과천시,200709,0
경기,과천시,200710,0
경기,과천시,200711,0
경기,과천시,200712,0
경기,과천시,200801,0
경기,과천시,200802,0
경기,과천시,200803,0
경기,과천시,200804,0
경기,과천시,200805,0
경기,과천시,200806,0
경기,과천시,200807,0
경기,과천시,200808,0
경기,과천시,200809,0
경기,과천시,200810,0
경기,과천시,200811,0
경기,과천시,200812,0
경기,과천시,200901,0
경기,과천시,200902,0
경기,과천시,200903,0
경기,과천시,200904,0
경기,과천시,200905,0
경기,과천시,200906,0
경기,과천시,200907,0
경기,과천시,200908,0
경기,과천시,200909,0
경기,과천시,200910,0
경기,과천시,200911,0
경기,과천시,200912,0
경기,과천시,201001,0
경기,과천시,201002,0
경기,과천시,201003,0
경기,과천시,201004,0
경기,과천시,201005,0
경기,과천시,201006,0
경기,과천시,201007,0
경기,과천시,201008,0
경기,과천시,201009,0
경기,과천시,201010,0
경기,과천시,201011,0
경기,과천시,201012,0
경기,과천시,201101,0
경기,과천시,201102,0
경기,과천시,201103,0
경기,과천시,201104,0
경기,과천시,201105,0
경기,과천시,201106,0
경기,과천시,201107,0
경기,과천시,201108,0
경기,과천시,201109,0
경기,과천시,201110,0
경기,과천시,201111,0
경기,과천시,201112,0
경기,과천시,201201,0
경기,과천시,201202,0
경기,과천시,201203,0
경기,과천시,201204,0
경기,과천시,201205,0
경기,과천시,201206,0
경기,과천시,201207,0
경기,과천시,201208,0
경기,과천시,201209,0
경기,과천시,201210,0
경기,과천시,201211,0
경기,과천시,201212,0
경기,과천시,201301,0
경기,과천시,201302,0
경기,과천시,201303,0
경기,과천시,201304,0
경기,과천시,201305,0
경기,과천시,201306,0
경기,과천시,201307,0
경기,과천시,201308,0
경기,과천시,201309,0
경기,과천시,201310,0
경기,과천시,201311,0
경기,과천시,201312,0
경기,과천시,201401,0
경기,과천시,201402,0
경기,과천시,201403,0
경기,과천시,201404,0
경기,과천시,201405,0
경기,과천시,201406,0
경기,과천시,201407,0
경기,과천시,201408,0
경기,과천시,201409,0
경기,과천시,201410,0
경기,과천시,201411,0
경기,과천시,201412,0
경기,과천시,201501,0
경기,과천시,201502,0
경기,과천시,201503,0
경기,과천시,201504,0
경기,과천시,201505,0
경기,과천시,201506,0
경기,과천시,201507,0
경기,과천시,201508,0
경기,과천시,201509,0
경기,과천시,201510,0
경기,과천시,201511,0
경기,과천시,201512,0
경기,과천시,201601,0
경기,과천시,201602,0
경기,과천시,201603,0
경기,과천시,201604,0
경기,과천시,201605,0
경기,과천시,201606,0
경기,과천시,201607,0
경기,과천시,201608,0
경기,과천시,201609,0
경기,과천시,201610,0
경기,과천시,201611,0
경기,과천시,201612,0
경기,과천시,201701,0
경기,과천시,201702,0
경기,과천시,201703,0
경기,과천시,201704,0
경기,과천시,201705,0
경기,과천시,201706,0
경기,과천시,201707,0
경기,과천시,201708,0
경기,과천시,201709,0
경기,과천시,201710,0
경기,과천시,201711,0
경기,과천시,201712,0
경기,과천시,201801,0
경기,과천시,201802,0
경기,과천시,201804,0
경기,과천시,201807,0
경기,과천시,201808,0
경기,과천시,201811,0
경기,과천시,201812,0
경기,과천시,201901,0
경기,과천시,201902,0
경기,과천시,201903,0
경기,과천시,201904,0
경기,과천시,201905,0
경기,과천시,201906,0
경기,과천시,201907,0
경기,과천시,201908,58
경기,과천시,201909,6
경기,과천시,201910,2
경기,과천시,201912,0
경기,과천시,202001,0
경기,과천시,202002,0
경기,과천시,202003,0
경기,과천시,202004,0
경기,과천시,202005,0
경기,과천시,202006,0
경기,과천시,202007,0
경기,과천시,202008,0
경기,과천시,202009,0
경기,과천시,202010,0
경기,과천시,202011,0
경기,과천시,202012,0
경기,과천시,202101,0
경기,과천시,202102,0
경기,과천시,202103,0
경기,과천시,202104,0
경기,과천시,202105,0
경기,과천시,202106,0
경기,과천시,202107,0
경기,과천시,202108,0
경기,과천시,202109,0
경기,과천시,202110,0
경기,과천시,202111,0
경기,과천시,202112,0
경기,과천시,202201,0
경기,과천시,202202,0
경기,과천시,202203,0
경기,과천시,202204,0
경기,과천시,202205,0
경기,과천시,202206,0
경기,과천시,202207,0
경기,과천시,202208,0
경기,과천시,202209,0
경기,과천시,202210,0
경기,과천시,202211,0
경기,과천시,202212,0
경기,과천시,202301,0
경기,과천시,202302,0
경기,과천시,202303,0
경기,과천시,202304,0
경기,과천시,202305,0
경기,과천시,202306,0
경기,과천시,202307,0
경기,과천시,202308,0
경기,과천시,202309,0
경기,과천시,202310,0
경기,과천시,202311,0
경기,과천시,202312,0
경기,과천시,202401,0
경기,과천시,202402,0
경기,과천시,202403,0
경기,과천시,202404,0
경기,과천시,202405,0
경기,과천시,202406,0
경기,과천시,202407,0
경기,과천시,202408,0
경기,과천시,202409,0
경기,과천시,202410,0
경기,과천시,202411,0
경기,과천시,202412,0
경기,과천시,202501,0
경기,과천시,202502,0
경기,과천시,202503,0
경기,과천시,202504,0
경기,과천시,202505,0
경기,과천시,202506,0
경기,과천시,202507,0
경기,과천시,202508,0
경기,과천시,202509,0
경기,과천시,202510,0
경기,과천시,202511,0
경기,과천시,202512,0
경기,과천시,202601,0
경기,과천시,202602,0
경기,과천시,202603,0
경기,과천시,202604,0
경기,과천시,202605,0
경기,과천시,202606,0
경기,과천시,202607,0
경기,과천시,202608,0
경기,광명시,200701,1180
경기,광명시,200702,0
경기,광명시,200703,0
경기,광명시,200704,0
경기,광명시,200705,0
경기,광명시,200706,0
경기,광명시,200707,0
경기,광명시,200708,0
경기,광명시,200709,0
경기,광명시,200710,0
경기,광명시,200711,0
경기,광명시,200712,0
경기,광명시,200801,0
경기,광명시,200802,0
경기,광명시,200803,0
경기,광명시,200804,0
경기,광명시,200805,0
경기,광명시,200806,0
경기,광명시,200807,0
경기,광명시,200808,0
경기,광명시,200809,0
경기,광명시,200810,0
경기,광명시,200811,0
경기,광명시,200812,0
경기,광명시,200901,0
경기,광명시,200902,0
경기,광명시,200903,0
경기,광명시,200904,0
경기,광명시,200905,0
경기,광명시,200906,0
경기,광명시,200907,0
경기,광명시,200908,0
경기,광명시,200909,0
경기,광명시,200910,0
경기,광명시,200911,0
경기,광명시,200912,0
경기,광명시,201001,0
경기,광명시,201002,73
경기,광명시,201003,69
경기,광명시,201004,69
경기,광명시,201005,66
경기,광명시,201006,66
경기,광명시,201007,66
경기,광명시,201008,47
경기,광명시,201009,29
경기,광명시,201010,24
경기,광명시,201011,14
경기,광명시,201012,14
경기,광명시,201101,6
경기,광명시,201102,6
경기,광명시,201103,260
경기,광명시,201104,242
경기,광명시,201105,224
경기,광명시,201106,224
경기,광명시,201107,216
경기,광명시,201108,216
경기,광명시,201109,216
경기,광명시,201110,214
경기,광명시,201111,214
경기,광명시,201112,214
경기,광명시,201201,214
경기,광명시,201202,214
경기,광명시,201203,48
경기,광명시,201204,28
경기,광명시,201205,28
경기,광명시,201206,12
경기,광명시,201207,12
경기,광명시,201208,12
경기,광명시,201209,3
경기,광명시,201210,3
경기,광명시,201211,3
경기,광명시,201212,3
경기,광명시,201301,3
경기,광명시,201302,3
경기,광명시,201303,3
경기,광명시,201304,3
경기,광명시,201305,3
경기,광명시,201306,3
경기,광명시,201307,3
경기,광명시,201308,3
경기,광명시,201309,3
경기,광명시,201310,3
경기,광명시,201311,3
경기,광명시,201312,3
경기,광명시,201401,3
경기,광명시,201402,3
경기,광명시,201403,1
경기,광명시,201404,1
경기,광명시,201405,0
경기,광명시,201406,0
경기,광명시,201407,0
경기,광명시,201408,0
경기,광명시,201409,0
경기,광명시,201410,0
경기,광명시,201411,0
경기,광명시,201412,0
경기,광명시,201501,0
경기,광명시,201502,0
경기,광명시,201503,0
경기,광명시,201504,0
경기,광명시,201505,0
경기,광명시,201506,0
경기,광명시,201507,0
경기,광명시,201508,0
경기,광명시,201509,0
경기,광명시,201510,0
경기,광명시,201511,0
경기,광명시,201601,0
경기,광명시,201602,0
경기,광명시,201603,0
경기,광명시,201604,0
경기,광명시,201605,0
경기,광명시,201606,0
경기,광명시,201607,0
경기,광명시,201608,0
경기,광명시,201609,0
경기,광명시,201610,0
경기,광명시,201611,0
경기,광명시,201612,0
경기,광명시,201701,0
경기,광명시,201702,0
경기,광명시,201703,0
경기,광명시,201704,0
경기,광명시,201705,0
경기,광명시,201706,0
경기,광명시,201707,0
경기,광명시,201708,0
경기,광명시,201709,0
경기,광명시,201710,0
경기,광명시,201711,0
경기,광명시,201712,0
경기,광명시,201801,0
경기,광명시,201802,0
경기,광명시,201804,0
경기,광명시,201807,0
경기,광명시,201808,0
경기,광명시,201811,0
경기,광명시,201812,0
경기,광명시,201901,0
경기,광명시,201902,0
경기,광명시,201903,0
경기,광명시,201904,0
경기,광명시,201905,0
경기,광명시,201906,0
경기,광명시,201907,0
경기,광명시,201908,0
경기,광명시,201909,0
경기,광명시,201910,0
경기,광명시,201912,0
경기,광명시,202001,0
경기,광명시,202002,0
경기,광명시,202003,0
경기,광명시,202004,0
경기,광명시,202005,0
경기,광명시,202006,0
경기,광명시,202007,0
경기,광명시,202008,0
경기,광명시,202009,0
경기,광명시,202010,0
경기,광명시,202011,0
경기,광명시,202012,0
경기,광명시,202101,0
경기,광명시,202102,0
경기,광명시,202103,0
경기,광명시,202104,0
경기,광명시,202105,0
경기,광명시,202106,0
경기,광명시,202107,0
경기,광명시,202108,0
경기,광명시,202109,0
경기,광명시,202110,0
경기,광명시,202111,0
경기,광명시,202112,0
경기,광명시,202201,0
경기,광명시,202202,0
경기,광명시,202203,0
경기,광명시,202204,0
경기,광명시,202205,0
경기,광명시,202206,0
경기,광명시,202207,0
경기,광명시,202208,0
경기,광명시,202209,0
경기,광명시,202210,0
경기,광명시,202211,0
경기,광명시,202212,37
경기,광명시,202301,37
경기,광명시,202302,233
경기,광명시,202303,70
경기,광명시,202304,0
경기,광명시,202305,0
경기,광명시,202306,0
경기,광명시,202307,0
경기,광명시,202308,0
경기,광명시,202309,0
경기,광명시,202310,0
경기,광명시,202311,0
경기,광명시,202312,4
경기,광명시,202401,0
경기,광명시,202402,0
경기,광명시,202403,0
경기,광명시,202404,0
경기,광명시,202405,0
경기,광명시,202406,0
경기,광명시,202407,0
경기,광명시,202408,0
경기,광명시,202409,0
경기,광명시,202410,0
경기,광명시,202411,0
경기,광명시,202412,360
경기,광명시,202501,328
경기,광명시,202502,266
경기,광명시,202503,207
경기,광명시,202504,166
경기,광명시,202505,126
경기,광명시,202506,15
경기,광명시,202507,6
경기,광명시,202508,6
경기,광명시,202509,6
경기,광명시,202510,6
경기,광명시,202511,6
경기,광명시,202512,6
경기,광명시,202601,6
경기,광명시,202602,6
경기,광명시,202603,6
경기,광명시,202604,6
경기,광명시,202605,6
경기,광명시,202606,6
경기,광명시,202607,2
경기,광명시,202608,2
경기,부천시,200701,46
경기,부천시,200702,88
경기,부천시,200703,87
경기,부천시,200704,87
경기,부천시,200705,87
경기,부천시,200706,87
경기,부천시,200707,80
경기,부천시,200708,80
경기,부천시,200709,73
경기,부천시,200710,175
경기,부천시,200711,77
경기,부천시,200712,73
경기,부천시,200801,66
경기,부천시,200802,66
경기,부천시,200803,224
경기,부천시,200804,107
경기,부천시,200805,33
경기,부천시,200806,13
경기,부천시,200807,13
경기,부천시,200808,13
경기,부천시,200809,13
경기,부천시,200810,45
경기,부천시,200811,45
경기,부천시,200812,750
경기,부천시,200901,748
경기,부천시,200902,743
경기,부천시,200903,1710
경기,부천시,200904,1710
경기,부천시,200905,1593
경기,부천시,200906,1461
경기,부천시,200907,1208
경기,부천시,200908,1052
경기,부천시,200909,923
경기,부천시,200910,806
경기,부천시,200911,770
경기,부천시,200912,731
경기,부천시,201001,681
경기,부천시,201002,628
경기,부천시,201003,615
경기,부천시,201004,602
경기,부천시,201005,602
경기,부천시,201006,597
경기,부천시,201007,597
경기,부천시,201008,597
경기,부천시,201009,597
경기,부천시,201010,597
경기,부천시,201011,597
경기,부천시,201012,584
경기,부천시,201101,466
경기,부천시,201102,450
경기,부천시,201103,443
경기,부천시,201104,440
경기,부천시,201105,439
경기,부천시,201106,438
경기,부천시,201107,426
경기,부천시,201108,426
경기,부천시,201109,422
경기,부천시,201110,421
경기,부천시,201111,835
경기,부천시,201112,835
경기,부천시,201201,834
경기,부천시,201202,834
경기,부천시,201203,798
경기,부천시,201204,701
경기,부천시,201205,700
경기,부천시,201206,696
경기,부천시,201207,695
경기,부천시,201208,659
경기,부천시,201209,655
경기,부천시,201210,651
경기,부천시,201211,889
경기,부천시,201212,871
경기,부천시,201301,871
경기,부천시,201302,864
경기,부천시,201303,858
경기,부천시,201304,847
경기,부천시,201305,815
경기,부천시,201306,907
경기,부천시,201307,907
경기,부천시,201308,892
경기,부천시,201309,907
경기,부천시,201310,1167
경기,부천시,201311,999
경기,부천시,201312,892
경기,부천시,201401,820
경기,부천시,201402,782
경기,부천시,201403,774
경기,부천시,201404,672
경기,부천시,201405,720
경기,부천시,201406,693
경기,부천시,201407,677
경기,부천시,201408,859
경기,부천시,201409,793
경기,부천시,201410,698
경기,부천시,201411,648
경기,부천시,201412,602
경기,부천시,201501,538
경기,부천시,201502,358
경기,부천시,201503,279
경기,부천시,201504,258
경기,부천시,201505,251
경기,부천시,201506,243
경기,부천시,201507,238
경기,부천시,201508,217
경기,부천시,201509,186
경기,부천시,201510,164
경기,부천시,201511,139
경기,부천시,201512,132
경기,부천시,201601,20
경기,부천시,201602,91
경기,부천시,201603,78
경기,부천시,201604,63
경기,부천시,201605,63
경기,부천시,201606,38
경기,부천시,201607,29
경기,부천시,201608,19
경기,부천시,201609,11
경기,부천시,201610,131
경기,부천시,201611,65
경기,부천시,201612,35
경기,부천시,201701,30
경기,부천시,201702,23
경기,부천시,201703,9
경기,부천시,201704,2
경기,부천시,201705,1
경기,부천시,201706,1
경기,부천시,201707,25
경기,부천시,201708,9
경기,부천시,201709,52
경기,부천시,201710,44
경기,부천시,201711,41
경기,부천시,201712,39
경기,부천시,201801,61
경기,부천시,201802,69
경기,부천시,201803,64
경기,부천시,201804,63
경기,부천시,201805,104
경기,부천시,201806,103
경기,부천시,201807,92
경기,부천시,201808,81
경기,부천시,201809,74
경기,부천시,201810,49
경기,부천시,201811,44
경기,부천시,201812,44
경기,부천시,201901,65
경기,부천시,201902,59
경기,부천시,201903,50
경기,부천시,201904,41
경기,부천시,201905,37
경기,부천시,201906,31
경기,부천시,201907,0
경기,부천시,201908,33
경기,부천시,201909,370
경기,부천시,201910,18
경기,부천시,201911,8
경기,부천시,201912,48
경기,부천시,202001,0
경기,부천시,202002,153
경기,부천시,202003,153
경기,부천시,202004,128
경기,부천시,202005,112
경기,부천시,202006,101
경기,부천시,202007,85
경기,부천시,202008,113
경기,부천시,202009,102
경기,부천시,202010,102
경기,부천시,202011,94
경기,부천시,202012,94
경기,부천시,202101,78
경기,부천시,202102,114
경기,부천시,202103,227
경기,부천시,202104,197
경기,부천시,202105,192
경기,부천시,202106,180
경기,부천시,202107,59
경기,부천시,202108,52
경기,부천시,202109,43
경기,부천시,202110,30
경기,부천시,202111,13
경기,부천시,202112,10
경기,부천시,202201,7
경기,부천시,202202,7
경기,부천시,202203,7
경기,부천시,202204,7
경기,부천시,202205,7
경기,부천시,202206,7
경기,부천시,202207,203
경기,부천시,202208,173
경기,부천시,202209,162
경기,부천시,202210,160
경기,부천시,202211,160
경기,부천시,202212,160
경기,부천시,202301,133
경기,부천시,202302,133
경기,부천시,202303,131
경기,부천시,202304,131
경기,부천시,202305,122
경기,부천시,202306,122
경기,부천시,202307,116
경기,부천시,202308,115
경기,부천시,202309,115
경기,부천시,202310,115
경기,부천시,202311,112
경기,부천시,202312,112
경기,부천시,202401,382
경기,부천시,202402,252
경기,부천시,202403,174
경기,부천시,202404,179
경기,부천시,202405,203
경기,부천시,202406,192
경기,부천시,202407,185
경기,부천시,202408,183
경기,부천시,202409,182
경기,부천시,202410,160
경기,부천시,202411,213
경기,부천시,202412,198
경기,부천시,202501,185
경기,부천시,202502,215
경기,부천시,202503,207
경기,부천시,202504,163
경기,부천시,202505,203
경기,부천시,202506,181
경기,부천시,202507,169
경기,부천시,202508,148
경기,부천시,202509,144
경기,부천시,202510,145
경기,부천시,202511,151
경기,부천시,202512,139
경기,부천시,202601,132
경기,부천시,202602,131
경기,부천시,202603,126
경기,부천시,202604,184
경기,부천시,202605,175
경기,부천시,202606,538
경기,부천시,202607,345
경기,부천시,202608,79
경기,광주시,200701,87
경기,광주시,200708,0
경기,광주시,200807,0
경기,광주시,200809,532
경기,광주시,200810,865
경기,광주시,200811,0
경기,광주시,200812,0
경기,광주시,200901,0
경기,광주시,200902,0
경기,광주시,200903,0
경기,광주시,200904,0
경기,광주시,200905,0
경기,광주시,200906,0
경기,광주시,200907,0
경기,광주시,200908,877
경기,광주시,200909,0
경기,광주시,200910,767
경기,광주시,200911,649
경기,광주시,200912,623
경기,광주시,201001,591
경기,광주시,201002,561
경기,광주시,201003,564
경기,광주시,201004,561
경기,광주시,201005,558
경기,광주시,201006,555
경기,광주시,201007,553
경기,광주시,201008,547
경기,광주시,201009,532
경기,광주시,201010,520
경기,광주시,201011,515
경기,광주시,201012,515
경기,광주시,201101,515
경기,광주시,201102,509
경기,광주시,201103,500
경기,광주시,201104,494
경기,광주시,201105,482
경기,광주시,201106,479
경기,광주시,201107,478
경기,광주시,201108,469
경기,광주시,201109,589
경기,광주시,201110,587
경기,광주시,201111,575
경기,광주시,201112,573
경기,광주시,201201,499
경기,광주시,201202,217
경기,광주시,201203,217
경기,광주시,201204,124
경기,광주시,201205,124
경기,광주시,201206,91
경기,광주시,201207,91
경기,광주시,201208,91
경기,광주시,201209,91
경기,광주시,201210,268
경기,광주시,201211,264
경기,광주시,201212,264
경기,광주시,201301,248
경기,광주시,201302,241
경기,광주시,201303,234
경기,광주시,201304,203
경기,광주시,201305,140
경기,광주시,201306,112
경기,광주시,201307,103
경기,광주시,201308,84
경기,광주시,201309,81
경기,광주시,201310,75
경기,광주시,201311,74
경기,광주시,201312,73
경기,광주시,201401,31
경기,광주시,201402,30
경기,광주시,201403,30
경기,광주시,201404,30
경기,광주시,201405,29
경기,광주시,201406,29
경기,광주시,201407,26
경기,광주시,201408,214
경기,광주시,201409,23
경기,광주시,201410,23
경기,광주시,201411,21
경기,광주시,201412,21
경기,광주시,201501,153
경기,광주시,201502,117
경기,광주시,201503,89
경기,광주시,201504,89
경기,광주시,201505,77
경기,광주시,201506,1426
경기,광주시,201507,1303
경기,광주시,201508,778
경기,광주시,201509,778
경기,광주시,201510,416
경기,광주시,201511,1114
경기,광주시,201512,871
경기,광주시,201601,898
경기,광주시,201602,775
경기,광주시,201603,669
경기,광주시,201604,1598
경기,광주시,201605,1507
경기,광주시,201606,1304
경기,광주시,201607,1196
경기,광주시,201608,1020
경기,광주시,201609,716
경기,광주시,201610,528
경기,광주시,201611,1000
경기,광주시,201612,965
경기,광주시,201701,734
경기,광주시,201702,561
경기,광주시,201703,675
경기,광주시,201704,531
경기,광주시,201705,430
경기,광주시,201706,317
경기,광주시,201707,253
경기,광주시,201708,197
경기,광주시,201709,368
경기,광주시,201710,330
경기,광주시,201711,284
경기,광주시,201712,268
경기,광주시,201801,240
경기,광주시,201802,230
경기,광주시,201803,206
경기,광주시,201804,192
경기,광주시,201805,177
경기,광주시,201806,144
경기,광주시,201807,137
경기,광주시,201808,134
경기,광주시,201809,116
경기,광주시,201810,113
경기,광주시,201811,109
경기,광주시,201812,109
경기,광주시,201901,108
경기,광주시,201902,108
경기,광주시,201903,108
경기,광주시,201904,106
경기,광주시,201905,106
경기,광주시,201906,106
경기,광주시,201907,106
경기,광주시,201908,100
경기,광주시,201909,193
경기,광주시,201910,193
경기,광주시,201911,193
경기,광주시,201912,193
경기,광주시,202001,193
경기,광주시,202002,193
경기,광주시,202003,100
경기,광주시,202004,100
경기,광주시,202005,100
경기,광주시,202006,100
경기,광주시,202007,100
경기,광주시,202008,100
경기,광주시,202009,100
경기,광주시,202010,20
경기,광주시,202011,20
경기,광주시,202012,20
경기,광주시,202101,20
경기,광주시,202102,20
경기,광주시,202103,20
경기,광주시,202104,18
경기,광주시,202105,17
경기,광주시,202106,17
경기,광주시,202107,15
경기,광주시,202108,15
경기,광주시,202109,15
경기,광주시,202110,15
경기,광주시,202111,15
경기,광주시,202112,15
경기,광주시,202201,15
경기,광주시,202202,15
경기,광주시,202203,15
경기,광주시,202204,15
경기,광주시,202205,14
경기,광주시,202206,14
경기,광주시,202207,6
경기,광주시,202208,6
경기,광주시,202209,6
경기,광주시,202210,6
경기,광주시,202211,198
경기,광주시,202212,189
경기,광주시,202301,679
경기,광주시,202302,606
경기,광주시,202303,522
경기,광주시,202304,450
경기,광주시,202305,205
경기,광주시,202306,13
경기,광주시,202307,6
경기,광주시,202308,6
경기,광주시,202309,6
경기,광주시,202310,6
경기,광주시,202311,6
경기,광주시,202312,6
경기,광주시,202401,6
경기,광주시,202402,6
경기,광주시,202403,6
경기,광주시,202404,6
경기,광주시,202405,6
경기,광주시,202406,6
경기,광주시,202407,6
경기,광주시,202408,6
경기,광주시,202409,468
경기,광주시,202410,542
경기,광주시,202411,458
경기,광주시,202412,682
경기,광주시,202501,899
경기,광주시,202502,805
경기,광주시,202503,654
경기,광주시,202504,486
경기,광주시,202505,479
경기,광주시,202506,346
경기,광주시,202507,261
경기,광주시,202508,614
경기,광주시,202509,485
경기,광주시,202510,305
경기,광주시,202511,219
경기,광주시,202512,158
경기,광주시,202601,80
경기,광주시,202602,75
경기,광주시,202603,73
경기,광주시,202604,69
경기,광주시,202605,63
경기,광주시,202606,263
경기,광주시,202607,93
경기,광주시,202608,58
경기,구리시,200701,32
경기,구리시,200702,26
경기,구리시,200703,25
경기,구리시,200704,21
경기,구리시,200705,21
경기,구리시,200706,58
경기,구리시,200707,58
경기,구리시,200708,56
경기,구리시,200709,127
경기,구리시,200710,126
경기,구리시,200711,121
경기,구리시,200712,118
경기,구리시,200801,118
경기,구리시,200802,118
경기,구리시,200803,118
경기,구리시,200804,41
경기,구리시,200805,39
경기,구리시,200806,33
경기,구리시,200807,30
경기,구리시,200808,30
경기,구리시,200809,30
경기,구리시,200810,30
경기,구리시,200811,29
경기,구리시,200812,29
경기,구리시,200901,27
경기,구리시,200902,23
경기,구리시,200903,26
경기,구리시,200904,42
경기,구리시,200905,41
경기,구리시,200906,34
경기,구리시,200907,34
경기,구리시,200908,32
경기,구리시,200909,31
경기,구리시,200910,28
경기,구리시,200911,27
경기,구리시,200912,27
경기,구리시,201001,27
경기,구리시,201002,26
경기,구리시,201003,26
경기,구리시,201004,26
경기,구리시,201005,26
경기,구리시,201006,26
경기,구리시,201007,26
경기,구리시,201008,26
경기,구리시,201009,26
경기,구리시,201010,26
경기,구리시,201011,26
경기,구리시,201012,26
경기,구리시,201101,15
경기,구리시,201102,15
경기,구리시,201103,12
경기,구리시,201104,12
경기,구리시,201105,12
경기,구리시,201106,109
경기,구리시,201107,109
경기,구리시,201108,77
경기,구리시,201109,127
경기,구리시,201110,110
경기,구리시,201111,104
경기,구리시,201112,97
경기,구리시,201201,97
경기,구리시,201202,91
경기,구리시,201203,89
경기,구리시,201204,88
경기,구리시,201205,88
경기,구리시,201206,86
경기,구리시,201207,83
경기,구리시,201208,83
경기,구리시,201209,83
경기,구리시,201210,78
경기,구리시,201211,77
경기,구리시,201212,178
경기,구리시,201301,105
경기,구리시,201302,100
경기,구리시,201303,100
경기,구리시,201304,97
경기,구리시,201305,93
경기,구리시,201306,93
경기,구리시,201307,88
경기,구리시,201308,87
경기,구리시,201309,86
경기,구리시,201310,84
경기,구리시,201311,83
경기,구리시,201312,125
경기,구리시,201401,105
경기,구리시,201402,87
경기,구리시,201403,65
경기,구리시,201404,56
경기,구리시,201405,56
경기,구리시,201406,260
경기,구리시,201407,214
경기,구리시,201408,96
경기,구리시,201409,36
경기,구리시,201410,151
경기,구리시,201411,127
경기,구리시,201412,115
경기,구리시,201501,190
경기,구리시,201502,144
경기,구리시,201503,91
경기,구리시,201504,56
경기,구리시,201505,36
경기,구리시,201506,16
경기,구리시,201507,9
경기,구리시,201508,5
경기,구리시,201509,2
경기,구리시,201510,0
경기,구리시,201511,0
경기,구리시,201512,0
경기,구리시,201601,0
경기,구리시,201602,0
경기,구리시,201603,0
경기,구리시,201604,0
경기,구리시,201605,0
경기,구리시,201606,0
경기,구리시,201607,0
경기,구리시,201608,0
경기,구리시,201609,0
경기,구리시,201610,0
경기,구리시,201611,0
경기,구리시,201612,0
경기,구리시,201701,0
경기,구리시,201702,0
경기,구리시,201703,0
경기,구리시,201704,0
경기,구리시,201705,0
경기,구리시,201706,0
경기,구리시,201707,0
경기,구리시,201708,115
경기,구리시,201709,113
경기,구리시,201710,105
경기,구리시,201711,103
경기,구리시,201712,97
경기,구리시,201801,97
경기,구리시,201802,97
경기,구리시,201803,86
경기,구리시,201804,78
경기,구리시,201805,76
경기,구리시,201806,76
경기,구리시,201807,70
경기,구리시,201808,67
경기,구리시,201809,61
경기,구리시,201810,61
경기,구리시,201811,54
경기,구리시,201812,52
경기,구리시,201901,49
경기,구리시,201902,49
경기,구리시,201903,47
경기,구리시,201904,47
경기,구리시,201905,47
경기,구리시,201906,43
경기,구리시,201907,43
경기,구리시,201908,43
경기,구리시,201909,43
경기,구리시,201910,43
경기,구리시,201911,43
경기,구리시,201912,27
경기,구리시,202001,25
경기,구리시,202002,25
경기,구리시,202003,16
경기,구리시,202004,14
경기,구리시,202005,14
경기,구리시,202006,13
경기,구리시,202007,11
경기,구리시,202008,10
경기,구리시,202009,9
경기,구리시,202010,8
경기,구리시,202011,8
경기,구리시,202012,8
경기,구리시,202101,8
경기,구리시,202102,8
경기,구리시,202103,5
경기,구리시,202104,5
경기,구리시,202105,5
경기,구리시,202106,2
경기,구리시,202107,2
경기,구리시,202108,2
경기,구리시,202109,2
경기,구리시,202110,2
경기,구리시,202111,2
경기,구리시,202112,2
경기,구리시,202201,2
경기,구리시,202202,2
경기,구리시,202203,2
경기,구리시,202204,2
경기,구리시,202205,2
경기,구리시,202206,2
경기,구리시,202207,2
경기,구리시,202208,2
경기,구리시,202209,2
경기,구리시,202210,2
경기,구리시,202211,2
경기,구리시,202212,2
경기,구리시,202301,2
경기,구리시,202302,2
경기,구리시,202303,2
경기,구리시,202304,2
경기,구리시,202305,2
경기,구리시,202306,2
경기,구리시,202307,2
경기,구리시,202308,0
경기,구리시,202309,0
경기,구리시,202310,0
경기,구리시,202311,0
경기,구리시,202312,0
경기,구리시,202401,0
경기,구리시,202402,0
경기,구리시,202403,0
경기,구리시,202404,0
경기,구리시,202405,0
경기,구리시,202406,0
경기,구리시,202407,0
경기,구리시,202408,0
경기,구리시,202409,0
경기,구리시,202410,0
경기,구리시,202411,0
경기,구리시,202412,0
경기,구리시,202501,0
경기,구리시,202502,0
경기,구리시,202503,0
경기,구리시,202504,0
경기,구리시,202505,0
경기,구리시,202506,0
경기,구리시,202507,68
경기,구리시,202508,68
경기,구리시,202509,38
경기,구리시,202510,20
경기,구리시,202511,20
경기,구리시,202512,20
경기,구리시,202601,20
경기,구리시,202602,13
경기,구리시,202603,13
경기,구리시,202604,13
경기,구리시,202605,12
경기,구리시,202606,12
경기,구리시,202607,12
경기,구리시,202608,12
경기,평택시,200701,73
경기,평택시,200702,132
경기,평택시,200703,99
경기,평택시,200704,218
경기,평택시,200705,218
경기,평택시,200706,249
경기,평택시,200707,180
경기,평택시,200708,154
경기,평택시,200709,159
경기,평택시,200710,327
경기,평택시,200711,248
경기,평택시,200712,189
경기,평택시,200801,89
경기,평택시,200802,547
경기,평택시,200803,502
경기,평택시,200804,507
경기,평택시,200805,423
경기,평택시,200806,443
경기,평택시,200807,1548
경기,평택시,200808,1476
경기,평택시,200809,2567
경기,평택시,200810,2142
경기,평택시,200811,2140
경기,평택시,200812,2124
경기,평택시,200901,2118
경기,평택시,200902,2171
경기,평택시,200903,1849
경기,평택시,200904,2314
경기,평택시,200905,1999
경기,평택시,200906,1922
경기,평택시,200907,1866
경기,평택시,200908,1713
경기,평택시,200909,1479
경기,평택시,200910,1400
경기,평택시,200911,1346
경기,평택시,200912,1309
경기,평택시,201001,1278
경기,평택시,201002,1041
경기,평택시,201003,1027
경기,평택시,201004,987
경기,평택시,201005,964
경기,평택시,201006,961
경기,평택시,201007,951
경기,평택시,201008,935
경기,평택시,201009,923
경기,평택시,201010,890
경기,평택시,201011,816
경기,평택시,201012,784
경기,평택시,201101,834
경기,평택시,201102,760
경기,평택시,201103,801
경기,평택시,201104,605
경기,평택시,201105,2514
경기,평택시,201106,2394
경기,평택시,201107,2175
경기,평택시,201108,2183
경기,평택시,201109,2003
경기,평택시,201110,1868
경기,평택시,201111,1607
경기,평택시,201112,1607
경기,평택시,201201,1365
경기,평택시,201202,1225
경기,평택시,201203,1161
경기,평택시,201204,1049
경기,평택시,201205,991
경기,평택시,201206,952
경기,평택시,201207,905
경기,평택시,201208,792
경기,평택시,201209,721
경기,평택시,201210,725
경기,평택시,201211,673
경기,평택시,201212,598
경기,평택시,201301,555
경기,평택시,201302,524
경기,평택시,201303,491
경기,평택시,201304,457
경기,평택시,201305,710
경기,평택시,201306,632
경기,평택시,201307,600
경기,평택시,201308,578
경기,평택시,201309,299
경기,평택시,201310,2151
경기,평택시,201311,1984
경기,평택시,201312,1343
경기,평택시,201401,1205
경기,평택시,201402,1090
경기,평택시,201403,939
경기,평택시,201404,859
경기,평택시,201405,571
경기,평택시,201406,2133
경기,평택시,201407,1508
경기,평택시,201408,773
경기,평택시,201409,585
경기,평택시,201410,585
경기,평택시,201411,585
경기,평택시,201412,762
경기,평택시,201501,472
경기,평택시,201502,472
경기,평택시,201503,165
경기,평택시,201504,165
경기,평택시,201505,80
경기,평택시,201506,80
경기,평택시,201507,187
경기,평택시,201508,11
경기,평택시,201509,95
경기,평택시,201510,557
경기,평택시,201511,1040
경기,평택시,201512,2360
경기,평택시,201601,2092
경기,평택시,201602,1509
경기,평택시,201603,1295
경기,평택시,201604,1169
경기,평택시,201605,1239
경기,평택시,201606,2969
경기,평택시,201607,3134
경기,평택시,201608,4596
경기,평택시,201609,4261
경기,평택시,201610,3394
경기,평택시,201611,2880
경기,평택시,201612,2773
경기,평택시,201701,2532
경기,평택시,201702,2301
경기,평택시,201703,2950
경기,평택시,201704,2256
경기,평택시,201705,1913
경기,평택시,201706,1565
경기,평택시,201707,1229
경기,평택시,201708,1028
경기,평택시,201709,1007
경기,평택시,201710,859
경기,평택시,201711,778
경기,평택시,201712,837
경기,평택시,201801,779
경기,평택시,201802,754
경기,평택시,201803,736
경기,평택시,201804,1080
경기,평택시,201805,1056
경기,평택시,201806,1047
경기,평택시,201807,1026
경기,평택시,201808,1275
경기,평택시,201809,1147
경기,평택시,201810,911
경기,평택시,201811,868
경기,평택시,201812,857
경기,평택시,201901,843
경기,평택시,201902,831
경기,평택시,201903,2056
경기,평택시,201904,1960
경기,평택시,201905,1872
경기,평택시,201906,2066
경기,평택시,201907,2213
경기,평택시,201908,2663
경기,평택시,201909,2690
경기,평택시,201910,2227
경기,평택시,201911,1619
경기,평택시,201912,927
경기,평택시,202001,748
경기,평택시,202002,732
경기,평택시,202003,707
경기,평택시,202004,686
경기,평택시,202005,611
경기,평택시,202006,332
경기,평택시,202007,319
경기,평택시,202008,442
경기,평택시,202009,395
경기,평택시,202010,367
경기,평택시,202011,334
경기,평택시,202012,292
경기,평택시,202101,253
경기,평택시,202102,190
경기,평택시,202103,133
경기,평택시,202104,132
경기,평택시,202105,112
경기,평택시,202106,131
경기,평택시,202107,112
경기,평택시,202108,112
경기,평택시,202109,112
경기,평택시,202110,44
경기,평택시,202111,0
경기,평택시,202112,0
경기,평택시,202201,8
경기,평택시,202202,0
경기,평택시,202203,415
경기,평택시,202204,328
경기,평택시,202205,288
경기,평택시,202206,257
경기,평택시,202207,194
경기,평택시,202208,27
경기,평택시,202209,1329
경기,평택시,202210,742
경기,평택시,202211,2011
경기,평택시,202212,1684
경기,평택시,202301,1447
경기,평택시,202302,1176
경기,평택시,202303,974
경기,평택시,202304,2025
경기,평택시,202305,1749
경기,평택시,202306,1376
경기,평택시,202307,1088
경기,평택시,202308,972
경기,평택시,202309,868
경기,평택시,202310,595
경기,평택시,202311,508
경기,평택시,202312,430
경기,평택시,202401,361
경기,평택시,202402,1647
경기,평택시,202403,2360
경기,평택시,202404,2641
경기,평택시,202405,2473
경기,평택시,202406,3289
경기,평택시,202407,3632
경기,평택시,202408,3159
경기,평택시,202409,2847
경기,평택시,202410,2609
경기,평택시,202411,2497
경기,평택시,202412,4071
경기,평택시,202501,6438
경기,평택시,202502,5868
경기,평택시,202503,5281
경기,평택시,202504,4855
경기,평택시,202505,4442
경기,평택시,202506,3996
경기,평택시,202507,3482
경기,평택시,202508,4197
경기,평택시,202509,3769
경기,평택시,202510,4067
경기,평택시,202511,3594
경기,평택시,202512,3292
경기,평택시,202601,2942
경기,평택시,202602,2612
경기,평택시,202603,3854
경기,평택시,202604,3389
경기,평택시,202605,3090
경기,평택시,202606,3076
경기,평택시,202607,3511
경기,평택시,202608,3608
경기,군포시,200701,0
경기,군포시,200702,0
경기,군포시,200703,0
경기,군포시,200704,0
경기,군포시,200705,0
경기,군포시,200706,0
경기,군포시,200707,0
경기,군포시,200708,50
경기,군포시,200709,88
경기,군포시,200710,137
경기,군포시,200711,139
경기,군포시,200712,204
경기,군포시,200801,195
경기,군포시,200802,190
경기,군포시,200803,182
경기,군포시,200804,173
경기,군포시,200805,168
경기,군포시,200806,159
경기,군포시,200807,156
경기,군포시,200808,148
경기,군포시,200809,148
경기,군포시,200810,148
경기,군포시,200811,148
경기,군포시,200812,149
경기,군포시,200901,148
경기,군포시,200902,148
경기,군포시,200903,146
경기,군포시,200904,155
경기,군포시,200905,152
경기,군포시,200906,151
경기,군포시,200907,150
경기,군포시,200908,146
경기,군포시,200909,140
경기,군포시,200910,135
경기,군포시,200911,126
경기,군포시,200912,124
경기,군포시,201001,117
경기,군포시,201002,323
경기,군포시,201003,318
경기,군포시,201004,315
경기,군포시,201005,308
경기,군포시,201006,303
경기,군포시,201007,308
경기,군포시,201008,292
경기,군포시,201009,279
경기,군포시,201010,269
경기,군포시,201011,257
경기,군포시,201012,244
경기,군포시,201101,233
경기,군포시,201102,233
경기,군포시,201103,217
경기,군포시,201104,200
경기,군포시,201105,209
경기,군포시,201106,204
경기,군포시,201107,194
경기,군포시,201108,190
경기,군포시,201109,178
경기,군포시,201110,169
경기,군포시,201111,164
경기,군포시,201112,164
경기,군포시,201201,164
경기,군포시,201202,135
경기,군포시,201203,129
경기,군포시,201204,129
경기,군포시,201205,127
경기,군포시,201206,119
경기,군포시,201207,116
경기,군포시,201208,115
경기,군포시,201209,245
경기,군포시,201210,203
경기,군포시,201211,179
경기,군포시,201212,161
경기,군포시,201301,140
경기,군포시,201302,116
경기,군포시,201303,105
경기,군포시,201304,105
경기,군포시,201305,78
경기,군포시,201306,75
경기,군포시,201307,61
경기,군포시,201308,61
경기,군포시,201309,55
경기,군포시,201310,54
경기,군포시,201311,54
경기,군포시,201312,53
경기,군포시,201401,53
경기,군포시,201402,53
경기,군포시,201403,53
경기,군포시,201404,53
경기,군포시,201405,53
경기,군포시,201406,53
경기,군포시,201407,53
경기,군포시,201408,53
경기,군포시,201409,53
경기,군포시,201410,53
경기,군포시,201411,50
경기,군포시,201412,50
경기,군포시,201501,50
경기,군포시,201502,50
경기,군포시,201503,101
경기,군포시,201504,80
경기,군포시,201505,69
경기,군포시,201506,64
경기,군포시,201507,64
경기,군포시,201508,63
경기,군포시,201509,63
경기,군포시,201510,52
경기,군포시,201511,65
경기,군포시,201512,51
경기,군포시,201601,2
경기,군포시,201602,2
경기,군포시,201603,2
경기,군포시,201604,2
경기,군포시,201605,0
경기,군포시,201606,0
경기,군포시,201607,0
경기,군포시,201608,0
경기,군포시,201609,0
경기,군포시,201610,0
경기,군포시,201611,0
경기,군포시,201612,0
경기,군포시,201701,0
경기,군포시,201702,0
경기,군포시,201703,0
경기,군포시,201704,0
경기,군포시,201705,0
경기,군포시,201706,0
경기,군포시,201707,0
경기,군포시,201708,0
경기,군포시,201709,0
경기,군포시,201710,0
경기,군포시,201711,0
경기,군포시,201712,0
경기,군포시,201801,0
경기,군포시,201802,0
경기,군포시,201807,0
경기,군포시,201808,0
경기,군포시,201811,0
경기,군포시,201812,0
경기,군포시,201901,47
경기,군포시,201902,47
경기,군포시,201903,47
경기,군포시,201904,47
경기,군포시,201905,47
경기,군포시,201906,47
경기,군포시,201907,0
경기,군포시,201908,0
경기,군포시,201909,0
경기,군포시,201910,0
경기,군포시,201912,0
경기,군포시,202001,0
경기,군포시,202002,0
경기,군포시,202003,0
경기,군포시,202004,0
경기,군포시,202005,0
경기,군포시,202006,0
경기,군포시,202007,0
경기,군포시,202008,0
경기,군포시,202009,0
경기,군포시,202010,0
경기,군포시,202011,0
경기,군포시,202012,0
경기,군포시,202101,0
경기,군포시,202102,0
경기,군포시,202103,0
경기,군포시,202104,0
경기,군포시,202105,0
경기,군포시,202106,0
경기,군포시,202107,0
경기,군포시,202108,0
경기,군포시,202109,0
경기,군포시,202110,0
경기,군포시,202111,0
경기,군포시,202112,0
경기,군포시,202201,0
경기,군포시,202202,0
경기,군포시,202203,0
경기,군포시,202204,0
경기,군포시,202205,0
경기,군포시,202206,0
경기,군포시,202207,0
경기,군포시,202208,0
경기,군포시,202209,0
경기,군포시,202210,0
경기,군포시,202211,0
경기,군포시,202212,0
경기,군포시,202301,0
경기,군포시,202302,0
경기,군포시,202303,0
경기,군포시,202304,0
경기,군포시,202305,0
경기,군포시,202306,0
경기,군포시,202307,0
경기,군포시,202308,0
경기,군포시,202309,0
경기,군포시,202310,0
경기,군포시,202311,0
경기,군포시,202312,0
경기,군포시,202401,0
경기,군포시,202402,0
경기,군포시,202403,0
경기,군포시,202404,0
경기,군포시,202405,0
경기,군포시,202406,0
경기,군포시,202407,0
경기,군포시,202408,0
경기,군포시,202409,0
경기,군포시,202410,0
경기,군포시,202411,0
경기,군포시,202412,0
경기,군포시,202501,0
경기,군포시,202502,0
경기,군포시,202503,0
경기,군포시,202504,0
경기,군포시,202505,0
경기,군포시,202506,0
경기,군포시,202507,0
경기,군포시,202508,0
경기,군포시,202509,0
경기,군포시,202510,0
경기,군포시,202511,0
경기,군포시,202512,0
경기,군포시,202601,0
경기,군포시,202602,0
경기,군포시,202603,0
경기,군포시,202604,0
경기,군포시,202605,0
경기,군포시,202606,0
경기,군포시,202607,0
경기,군포시,202608,0
경기,동두천시,200701,619
경기,동두천시,200702,0
경기,동두천시,200703,0
경기,동두천시,200704,3
경기,동두천시,200705,3
경기,동두천시,200706,336
경기,동두천시,200707,62
경기,동두천시,200708,0
경기,동두천시,200709,29
경기,동두천시,200710,13
경기,동두천시,200711,0
경기,동두천시,200712,0
경기,동두천시,200801,0
경기,동두천시,200802,0
경기,동두천시,200803,0
경기,동두천시,200804,0
경기,동두천시,200805,0
경기,동두천시,200806,0
경기,동두천시,200807,0
경기,동두천시,200808,0
경기,동두천시,200809,0
경기,동두천시,200810,0
경기,동두천시,200811,0
경기,동두천시,200812,0
경기,동두천시,200901,0
경기,동두천시,200902,0
경기,동두천시,200903,0
경기,동두천시,200904,0
경기,동두천시,200905,0
경기,동두천시,200906,0
경기,동두천시,200907,0
경기,동두천시,200908,0
경기,동두천시,200909,0
경기,동두천시,200910,162
경기,동두천시,200911,84
경기,동두천시,200912,60
경기,동두천시,201001,58
경기,동두천시,201002,58
경기,동두천시,201003,58
경기,동두천시,201004,57
경기,동두천시,201005,57
경기,동두천시,201006,57
경기,동두천시,201007,57
경기,동두천시,201008,57
경기,동두천시,201009,57
경기,동두천시,201010,57
경기,동두천시,201011,57
경기,동두천시,201012,57
경기,동두천시,201101,57
경기,동두천시,201102,57
경기,동두천시,201103,57
경기,동두천시,201104,57
경기,동두천시,201105,57
경기,동두천시,201106,57
경기,동두천시,201107,57
경기,동두천시,201108,57
경기,동두천시,201109,57
경기,동두천시,201110,57
경기,동두천시,201111,57
경기,동두천시,201112,0
경기,동두천시,201201,0
경기,동두천시,201202,0
경기,동두천시,201203,0
경기,동두천시,201204,0
경기,동두천시,201205,0
경기,동두천시,201206,0
경기,동두천시,201207,0
경기,동두천시,201208,0
경기,동두천시,201209,0
경기,동두천시,201210,0
경기,동두천시,201211,0
경기,동두천시,201212,0
경기,동두천시,201301,0
경기,동두천시,201302,0
경기,동두천시,201303,0
경기,동두천시,201304,0
경기,동두천시,201305,0
경기,동두천시,201306,0
경기,동두천시,201307,512
경기,동두천시,201308,509
경기,동두천시,201309,509
경기,동두천시,201310,506
경기,동두천시,201311,502
경기,동두천시,201312,496
경기,동두천시,201401,496
경기,동두천시,201402,493
경기,동두천시,201403,493
경기,동두천시,201404,480
경기,동두천시,201405,480
경기,동두천시,201406,479
경기,동두천시,201407,479
경기,동두천시,201408,476
경기,동두천시,201409,476
경기,동두천시,201410,475
경기,동두천시,201411,475
경기,동두천시,201412,475
경기,동두천시,201501,475
경기,동두천시,201502,475
경기,동두천시,201503,475
경기,동두천시,201504,475
경기,동두천시,201505,475
경기,동두천시,201506,475
경기,동두천시,201507,475
경기,동두천시,201508,475
경기,동두천시,201509,475
경기,동두천시,201510,68
경기,동두천시,201511,5
경기,동두천시,201512,5
경기,동두천시,201601,0
경기,동두천시,201602,0
경기,동두천시,201603,0
경기,동두천시,201604,0
경기,동두천시,201605,0
경기,동두천시,201606,0
경기,동두천시,201607,0
경기,동두천시,201608,0
경기,동두천시,201609,0
경기,동두천시,201610,0
경기,동두천시,201611,0
경기,동두천시,201612,0
경기,동두천시,201701,0
경기,동두천시,201702,0
경기,동두천시,201703,0
경기,동두천시,201704,0
경기,동두천시,201705,0
경기,동두천시,201706,0
경기,동두천시,201707,0
경기,동두천시,201708,0
경기,동두천시,201709,0
경기,동두천시,201710,0
경기,동두천시,201711,0
경기,동두천시,201712,0
경기,동두천시,201801,0
경기,동두천시,201802,0
경기,동두천시,201804,0
경기,동두천시,201807,0
경기,동두천시,201808,0
경기,동두천시,201811,0
경기,동두천시,201812,176
경기,동두천시,201901,190
경기,동두천시,201902,170
경기,동두천시,201903,145
경기,동두천시,201904,129
경기,동두천시,201905,123
경기,동두천시,201906,114
경기,동두천시,201907,105
경기,동두천시,201908,95
경기,동두천시,201909,90
경기,동두천시,201910,90
경기,동두천시,201911,74
경기,동두천시,201912,64
경기,동두천시,202001,61
경기,동두천시,202002,55
경기,동두천시,202003,45
경기,동두천시,202004,41
경기,동두천시,202005,0
경기,동두천시,202006,0
경기,동두천시,202007,0
경기,동두천시,202008,0
경기,동두천시,202009,0
경기,동두천시,202010,0
경기,동두천시,202011,0
경기,동두천시,202012,0
경기,동두천시,202101,0
경기,동두천시,202102,0
경기,동두천시,202103,0
경기,동두천시,202104,0
경기,동두천시,202105,0
경기,동두천시,202106,0
경기,동두천시,202107,0
경기,동두천시,202108,0
경기,동두천시,202109,0
경기,동두천시,202110,0
경기,동두천시,202111,0
경기,동두천시,202112,0
경기,동두천시,202201,0
경기,동두천시,202202,0
경기,동두천시,202203,0
경기,동두천시,202204,0
경기,동두천시,202205,214
경기,동두천시,202206,196
경기,동두천시,202207,190
경기,동두천시,202208,188
경기,동두천시,202209,185
경기,동두천시,202210,182
경기,동두천시,202211,181
경기,동두천시,202212,177
경기,동두천시,202301,177
경기,동두천시,202302,171
경기,동두천시,202303,177
경기,동두천시,202304,178
경기,동두천시,202305,178
경기,동두천시,202306,178
경기,동두천시,202307,178
경기,동두천시,202308,178
경기,동두천시,202309,178
경기,동두천시,202310,178
경기,동두천시,202311,178
경기,동두천시,202312,178
경기,동두천시,202401,178
경기,동두천시,202402,178
경기,동두천시,202403,178
경기,동두천시,202404,166
경기,동두천시,202405,153
경기,동두천시,202406,146
경기,동두천시,202407,144
경기,동두천시,202408,141
경기,동두천시,202409,139
경기,동두천시,202410,137
경기,동두천시,202411,136
경기,동두천시,202412,137
경기,동두천시,202501,137
경기,동두천시,202502,137
경기,동두천시,202503,137
경기,동두천시,202504,137
경기,동두천시,202505,137
경기,동두천시,202506,137
경기,동두천시,202507,137
경기,동두천시,202508,137
경기,동두천시,202509,137
경기,동두천시,202510,137
경기,동두천시,202511,137
경기,동두천시,202512,137
경기,동두천시,202601,137
경기,동두천시,202602,137
경기,동두천시,202603,137
경기,동두천시,202604,137
경기,동두천시,202605,137
경기,동두천시,202606,137
경기,동두천시,202607,137
경기,동두천시,202608,137
경기,안산시,200701,24
경기,안산시,200702,0
경기,안산시,200703,0
경기,안산시,200704,0
경기,안산시,200705,0
경기,안산시,200706,0
경기,안산시,200707,0
경기,안산시,200708,0
경기,안산시,200709,0
경기,안산시,200710,0
경기,안산시,200711,0
경기,안산시,200712,0
경기,안산시,200801,0
경기,안산시,200802,0
경기,안산시,200803,0
경기,안산시,200804,0
경기,안산시,200805,0
경기,안산시,200806,0
경기,안산시,200807,0
경기,안산시,200808,0
경기,안산시,200809,0
경기,안산시,200810,0
경기,안산시,200811,0
경기,안산시,200812,55
경기,안산시,200901,39
경기,안산시,200902,35
경기,안산시,200903,35
경기,안산시,200904,35
경기,안산시,200905,32
경기,안산시,200906,29
경기,안산시,200907,29
경기,안산시,200908,29
경기,안산시,200909,31
경기,안산시,200910,30
경기,안산시,200911,28
경기,안산시,200912,26
경기,안산시,201001,45
경기,안산시,201002,38
경기,안산시,201003,38
경기,안산시,201004,36
경기,안산시,201005,34
경기,안산시,201006,34
경기,안산시,201007,34
경기,안산시,201008,33
경기,안산시,201009,32
경기,안산시,201010,121
경기,안산시,201011,116
경기,안산시,201012,112
경기,안산시,201101,104
경기,안산시,201102,103
경기,안산시,201103,86
경기,안산시,201104,76
경기,안산시,201105,67
경기,안산시,201106,63
경기,안산시,201107,60
경기,안산시,201108,56
경기,안산시,201109,52
경기,안산시,201110,47
경기,안산시,201111,78
경기,안산시,201112,73
경기,안산시,201201,68
경기,안산시,201202,61
경기,안산시,201203,61
경기,안산시,201204,56
경기,안산시,201205,54
경기,안산시,201206,91
경기,안산시,201207,88
경기,안산시,201208,86
경기,안산시,201209,86
경기,안산시,201210,78
경기,안산시,201211,141
경기,안산시,201212,132
경기,안산시,201301,130
경기,안산시,201302,130
경기,안산시,201303,108
경기,안산시,201304,100
경기,안산시,201305,91
경기,안산시,201306,85
경기,안산시,201307,79
경기,안산시,201308,79
경기,안산시,201309,70
경기,안산시,201310,70
경기,안산시,201311,70
경기,안산시,201312,70
경기,안산시,201401,62
경기,안산시,201402,35
경기,안산시,201403,35
경기,안산시,201404,62
경기,안산시,201405,62
경기,안산시,201406,60
경기,안산시,201407,55
경기,안산시,201408,55
경기,안산시,201409,45
경기,안산시,201410,38
경기,안산시,201411,38
경기,안산시,201412,38
경기,안산시,201501,38
경기,안산시,201502,27
경기,안산시,201503,18
경기,안산시,201504,13
경기,안산시,201505,11
경기,안산시,201506,10
경기,안산시,201507,8
경기,안산시,201508,8
경기,안산시,201509,7
경기,안산시,201510,7
경기,안산시,201511,7
경기,안산시,201512,7
경기,안산시,201601,6
경기,안산시,201602,6
경기,안산시,201603,6
경기,안산시,201604,5
경기,안산시,201605,5
경기,안산시,201606,5
경기,안산시,201607,5
경기,안산시,201608,470
경기,안산시,201609,418
경기,안산시,201610,367
경기,안산시,201611,344
경기,안산시,201612,317
경기,안산시,201701,312
경기,안산시,201702,292
경기,안산시,201703,263
경기,안산시,201704,256
경기,안산시,201705,238
경기,안산시,201706,519
경기,안산시,201707,318
경기,안산시,201708,174
경기,안산시,201709,98
경기,안산시,201710,72
경기,안산시,201711,176
경기,안산시,201712,143
경기,안산시,201801,177
경기,안산시,201802,153
경기,안산시,201803,138
경기,안산시,201804,184
경기,안산시,201805,120
경기,안산시,201806,105
경기,안산시,201807,103
경기,안산시,201808,101
경기,안산시,201809,98
경기,안산시,201810,81
경기,안산시,201811,77
경기,안산시,201812,77
경기,안산시,201901,77
경기,안산시,201902,77
경기,안산시,201903,77
경기,안산시,201904,77
경기,안산시,201905,77
경기,안산시,201906,77
경기,안산시,201907,76
경기,안산시,201908,76
경기,안산시,201909,75
경기,안산시,201910,74
경기,안산시,201911,74
경기,안산시,201912,32
경기,안산시,202001,25
경기,안산시,202002,10
경기,안산시,202003,0
경기,안산시,202004,0
경기,안산시,202005,0
경기,안산시,202006,0
경기,안산시,202007,0
경기,안산시,202008,0
경기,안산시,202009,0
경기,안산시,202010,0
경기,안산시,202011,0
경기,안산시,202012,0
경기,안산시,202101,0
경기,안산시,202102,0
경기,안산시,202103,0
경기,안산시,202104,0
경기,안산시,202105,0
경기,안산시,202106,0
경기,안산시,202107,0
경기,안산시,202108,0
경기,안산시,202109,0
경기,안산시,202110,0
경기,안산시,202111,0
경기,안산시,202112,0
경기,안산시,202201,0
경기,안산시,202202,0
경기,안산시,202203,0
경기,안산시,202204,0
경기,안산시,202205,0
경기,안산시,202206,0
경기,안산시,202207,0
경기,안산시,202208,0
경기,안산시,202209,0
경기,안산시,202210,0
경기,안산시,202211,0
경기,안산시,202212,0
경기,안산시,202301,0
경기,안산시,202302,0
경기,안산시,202303,0
경기,안산시,202304,0
경기,안산시,202305,0
경기,안산시,202306,0
경기,안산시,202307,0
경기,안산시,202308,0
경기,안산시,202309,0
경기,안산시,202310,0
경기,안산시,202311,0
경기,안산시,202312,0
경기,안산시,202401,0
경기,안산시,202402,0
경기,안산시,202403,0
경기,안산시,202404,0
경기,안산시,202405,0
경기,안산시,202406,0
경기,안산시,202407,0
경기,안산시,202408,0
경기,안산시,202409,0
경기,안산시,202410,0
경기,안산시,202411,0
경기,안산시,202412,0
경기,안산시,202501,0
경기,안산시,202502,0
경기,안산시,202503,0
경기,안산시,202504,0
경기,안산시,202505,0
경기,안산시,202506,0
경기,안산시,202507,0
경기,안산시,202508,0
경기,안산시,202509,0
경기,안산시,202510,0
경기,안산시,202511,0
경기,안산시,202512,0
경기,안산시,202601,0
경기,안산시,202602,0
경기,안산시,202603,0
경기,안산시,202604,0
경기,안산시,202605,0
경기,안산시,202606,0
경기,안산시,202607,0
경기,안산시,202608,0
경기,김포시,200701,119
경기,김포시,200702,38
경기,김포시,200703,38
경기,김포시,200704,38
경기,김포시,200705,38
경기,김포시,200706,119
경기,김포시,200707,175
경기,김포시,200708,174
경기,김포시,200709,174
경기,김포시,200710,174
경기,김포시,200711,174
경기,김포시,200712,1798
경기,김포시,200801,1765
경기,김포시,200802,1623
경기,김포시,200803,1536
경기,김포시,200804,1231
경기,김포시,200805,1028
경기,김포시,200806,968
경기,김포시,200807,968
경기,김포시,200808,907
경기,김포시,200809,1176
경기,김포시,200810,1168
경기,김포시,200811,1063
경기,김포시,200812,982
경기,김포시,200901,970
경기,김포시,200902,892
경기,김포시,200903,867
경기,김포시,200904,746
경기,김포시,200905,670
경기,김포시,200906,511
경기,김포시,200907,482
경기,김포시,200908,1513
경기,김포시,200909,1233
경기,김포시,200910,1120
경기,김포시,200911,2112
경기,김포시,200912,2351
경기,김포시,201001,2518
경기,김포시,201002,2118
경기,김포시,201003,1588
경기,김포시,201004,1479
경기,김포시,201005,1402
경기,김포시,201006,1402
경기,김포시,201007,1391
경기,김포시,201008,1390
경기,김포시,201009,1380
경기,김포시,201010,1433
경기,김포시,201011,1412
경기,김포시,201012,1411
경기,김포시,201101,1378
경기,김포시,201102,1003
경기,김포시,201103,1013
경기,김포시,201104,969
경기,김포시,201105,2219
경기,김포시,201106,1848
경기,김포시,201107,1598
경기,김포시,201108,1523
경기,김포시,201109,1552
경기,김포시,201110,1547
경기,김포시,201111,1463
경기,김포시,201112,1048
경기,김포시,201201,2597
경기,김포시,201202,2419
경기,김포시,201203,2293
경기,김포시,201204,2883
경기,김포시,201205,2702
경기,김포시,201206,2606
경기,김포시,201207,3327
경기,김포시,201208,3327
경기,김포시,201209,3327
경기,김포시,201210,3797
경기,김포시,201211,3823
경기,김포시,201212,3584
경기,김포시,201301,3459
경기,김포시,201302,3188
경기,김포시,201303,3188
경기,김포시,201304,2577
경기,김포시,201305,2473
경기,김포시,201306,2405
경기,김포시,201307,4491
경기,김포시,201308,4062
경기,김포시,201309,3973
경기,김포시,201310,3874
경기,김포시,201311,3771
경기,김포시,201312,3530
경기,김포시,201401,3247
경기,김포시,201402,2611
경기,김포시,201403,1793
경기,김포시,201404,1386
경기,김포시,201405,4200
경기,김포시,201406,3856
경기,김포시,201407,2811
경기,김포시,201408,2320
경기,김포시,201409,1697
경기,김포시,201410,1114
경기,김포시,201411,677
경기,김포시,201412,1074
경기,김포시,201501,648
경기,김포시,201502,319
경기,김포시,201503,355
경기,김포시,201504,261
경기,김포시,201505,170
경기,김포시,201506,518
경기,김포시,201507,330
경기,김포시,201508,238
경기,김포시,201509,238
경기,김포시,201510,2008
경기,김포시,201511,2994
경기,김포시,201512,2708
경기,김포시,201601,2696
경기,김포시,201602,2377
경기,김포시,201603,1952
경기,김포시,201604,1575
경기,김포시,201605,1326
경기,김포시,201606,1157
경기,김포시,201607,935
경기,김포시,201608,675
경기,김포시,201609,194
경기,김포시,201610,132
경기,김포시,201611,355
경기,김포시,201612,270
경기,김포시,201701,219
경기,김포시,201702,153
경기,김포시,201703,88
경기,김포시,201704,47
경기,김포시,201705,29
경기,김포시,201706,0
경기,김포시,201707,0
경기,김포시,201708,0
경기,김포시,201709,0
경기,김포시,201710,388
경기,김포시,201711,181
경기,김포시,201712,81
경기,김포시,201801,374
경기,김포시,201802,741
경기,김포시,201803,538
경기,김포시,201804,1436
경기,김포시,201805,1295
경기,김포시,201806,1075
경기,김포시,201807,945
경기,김포시,201808,772
경기,김포시,201809,375
경기,김포시,201810,91
경기,김포시,201811,47
경기,김포시,201812,44
경기,김포시,201901,42
경기,김포시,201902,40
경기,김포시,201903,36
경기,김포시,201904,35
경기,김포시,201905,35
경기,김포시,201906,35
경기,김포시,201907,36
경기,김포시,201908,36
경기,김포시,201909,39
경기,김포시,201910,36
경기,김포시,201911,36
경기,김포시,201912,36
경기,김포시,202001,36
경기,김포시,202002,36
경기,김포시,202003,36
경기,김포시,202004,34
경기,김포시,202005,23
경기,김포시,202006,17
경기,김포시,202007,16
경기,김포시,202008,28
경기,김포시,202009,188
경기,김포시,202010,88
경기,김포시,202011,16
경기,김포시,202012,5
경기,김포시,202101,5
경기,김포시,202102,5
경기,김포시,202103,5
경기,김포시,202104,1
경기,김포시,202105,1
경기,김포시,202106,1
경기,김포시,202107,1
경기,김포시,202108,1
경기,김포시,202109,1
경기,김포시,202110,1
경기,김포시,202111,1
경기,김포시,202112,1
경기,김포시,202201,1
경기,김포시,202202,1
경기,김포시,202203,1
경기,김포시,202204,1
경기,김포시,202205,1
경기,김포시,202206,1
경기,김포시,202207,1
경기,김포시,202208,1
경기,김포시,202209,1
경기,김포시,202210,1
경기,김포시,202211,1
경기,김포시,202212,1
경기,김포시,202301,1
경기,김포시,202302,1
경기,김포시,202303,1
경기,김포시,202304,1
경기,김포시,202305,1
경기,김포시,202306,1
경기,김포시,202307,1
경기,김포시,202308,1
경기,김포시,202309,1
경기,김포시,202310,1
경기,김포시,202311,1
경기,김포시,202312,567
경기,김포시,202401,510
경기,김포시,202402,486
경기,김포시,202403,465
경기,김포시,202404,445
경기,김포시,202405,430
경기,김포시,202406,417
경기,김포시,202407,424
경기,김포시,202408,368
경기,김포시,202409,330
경기,김포시,202410,289
경기,김포시,202411,265
경기,김포시,202412,253
경기,김포시,202501,238
경기,김포시,202502,226
경기,김포시,202503,217
경기,김포시,202504,709
경기,김포시,202505,659
경기,김포시,202506,571
경기,김포시,202507,492
경기,김포시,202508,648
경기,김포시,202509,1873
경기,김포시,202510,1476
경기,김포시,202511,1210
경기,김포시,202512,1536
경기,김포시,202601,1355
경기,김포시,202602,1260
경기,김포시,202603,1162
경기,김포시,202604,1067
경기,김포시,202605,948
경기,김포시,202606,879
경기,김포시,202607,830
경기,김포시,202608,787
경기,남양주시,200701,204
경기,남양주시,200702,178
경기,남양주시,200703,153
경기,남양주시,200704,123
경기,남양주시,200705,123
경기,남양주시,200706,129
경기,남양주시,200707,537
경기,남양주시,200708,815
경기,남양주시,200709,3397
경기,남양주시,200710,2986
경기,남양주시,200711,2719
경기,남양주시,200712,2877
경기,남양주시,200801,3087
경기,남양주시,200802,2936
경기,남양주시,200803,2677
경기,남양주시,200804,2393
경기,남양주시,200805,2268
경기,남양주시,200806,2241
경기,남양주시,200807,2227
경기,남양주시,200808,1465
경기,남양주시,200809,1427
경기,남양주시,200810,1066
경기,남양주시,200811,1061
경기,남양주시,200812,1055
경기,남양주시,200901,1055
경기,남양주시,200902,1043
경기,남양주시,200903,1378
경기,남양주시,200904,1277
경기,남양주시,200905,1267
경기,남양주시,200906,1221
경기,남양주시,200907,1193
경기,남양주시,200908,1146
경기,남양주시,200909,998
경기,남양주시,200910,912
경기,남양주시,200911,745
경기,남양주시,200912,673
경기,남양주시,201001,662
경기,남양주시,201002,640
경기,남양주시,201003,614
경기,남양주시,201004,614
경기,남양주시,201005,614
경기,남양주시,201006,608
경기,남양주시,201007,608
경기,남양주시,201008,551
경기,남양주시,201009,551
경기,남양주시,201010,551
경기,남양주시,201011,548
경기,남양주시,201012,546
경기,남양주시,201101,410
경기,남양주시,201102,410
경기,남양주시,201103,410
경기,남양주시,201104,410
경기,남양주시,201105,410
경기,남양주시,201106,405
경기,남양주시,201107,352
경기,남양주시,201108,352
경기,남양주시,201109,352
경기,남양주시,201110,355
경기,남양주시,201111,952
경기,남양주시,201112,1179
경기,남양주시,201201,1069
경기,남양주시,201202,952
경기,남양주시,201203,674
경기,남양주시,201204,628
경기,남양주시,201205,602
경기,남양주시,201206,585
경기,남양주시,201207,1008
경기,남양주시,201208,1008
경기,남양주시,201209,1001
경기,남양주시,201210,1153
경기,남양주시,201211,1892
경기,남양주시,201212,1571
경기,남양주시,201301,1544
경기,남양주시,201302,1512
경기,남양주시,201303,1475
경기,남양주시,201304,1425
경기,남양주시,201305,1254
경기,남양주시,201306,1361
경기,남양주시,201307,1318
경기,남양주시,201308,1203
경기,남양주시,201309,1072
경기,남양주시,201310,977
경기,남양주시,201311,937
경기,남양주시,201312,935
경기,남양주시,201401,881
경기,남양주시,201402,804
경기,남양주시,201403,732
경기,남양주시,201404,707
경기,남양주시,201405,681
경기,남양주시,201406,654
경기,남양주시,201407,627
경기,남양주시,201408,570
경기,남양주시,201409,521
경기,남양주시,201410,461
경기,남양주시,201411,434
경기,남양주시,201412,420
경기,남양주시,201501,841
경기,남양주시,201502,723
경기,남양주시,201503,576
경기,남양주시,201504,425
경기,남양주시,201505,314
경기,남양주시,201506,276
경기,남양주시,201507,196
경기,남양주시,201508,168
경기,남양주시,201509,141
경기,남양주시,201510,88
경기,남양주시,201511,1000
경기,남양주시,201512,867
경기,남양주시,201601,603
경기,남양주시,201602,529
경기,남양주시,201603,1068
경기,남양주시,201604,1003
경기,남양주시,201605,949
경기,남양주시,201606,2341
경기,남양주시,201607,1687
경기,남양주시,201608,1555
경기,남양주시,201609,1391
경기,남양주시,201610,1216
경기,남양주시,201611,1124
경기,남양주시,201612,1073
경기,남양주시,201701,1027
경기,남양주시,201702,1258
경기,남양주시,201703,1099
경기,남양주시,201704,984
경기,남양주시,201705,828
경기,남양주시,201706,752
경기,남양주시,201707,694
경기,남양주시,201708,656
경기,남양주시,201709,1222
경기,남양주시,201710,916
경기,남양주시,201711,1260
경기,남양주시,201712,2044
경기,남양주시,201801,1689
경기,남양주시,201802,1773
경기,남양주시,201803,1544
경기,남양주시,201804,1719
경기,남양주시,201805,1434
경기,남양주시,201806,1275
경기,남양주시,201807,1145
경기,남양주시,201808,987
경기,남양주시,201809,830
경기,남양주시,201810,699
경기,남양주시,201811,617
경기,남양주시,201812,558
경기,남양주시,201901,521
경기,남양주시,201902,491
경기,남양주시,201903,450
경기,남양주시,201904,498
경기,남양주시,201905,475
경기,남양주시,201906,407
경기,남양주시,201907,390
경기,남양주시,201908,370
경기,남양주시,201909,376
경기,남양주시,201910,347
경기,남양주시,201911,300
경기,남양주시,201912,262
경기,남양주시,202001,216
경기,남양주시,202002,157
경기,남양주시,202003,129
경기,남양주시,202004,123
경기,남양주시,202005,120
경기,남양주시,202006,116
경기,남양주시,202007,95
경기,남양주시,202008,95
경기,남양주시,202009,92
경기,남양주시,202010,92
경기,남양주시,202011,90
경기,남양주시,202012,67
경기,남양주시,202101,67
경기,남양주시,202102,57
경기,남양주시,202103,57
경기,남양주시,202104,30
경기,남양주시,202105,30
경기,남양주시,202106,30
경기,남양주시,202107,29
경기,남양주시,202108,7
경기,남양주시,202109,7
경기,남양주시,202110,4
경기,남양주시,202111,7
경기,남양주시,202112,8
경기,남양주시,202201,10
경기,남양주시,202202,11
경기,남양주시,202203,16
경기,남양주시,202204,20
경기,남양주시,202205,20
경기,남양주시,202206,37
경기,남양주시,202207,41
경기,남양주시,202208,41
경기,남양주시,202209,48
경기,남양주시,202210,52
경기,남양주시,202211,63
경기,남양주시,202212,68
경기,남양주시,202301,77
경기,남양주시,202302,107
경기,남양주시,202303,132
경기,남양주시,202304,158
경기,남양주시,202305,168
경기,남양주시,202306,187
경기,남양주시,202307,546
경기,남양주시,202308,493
경기,남양주시,202309,421
경기,남양주시,202310,405
경기,남양주시,202311,393
경기,남양주시,202312,384
경기,남양주시,202401,378
경기,남양주시,202402,374
경기,남양주시,202403,365
경기,남양주시,202404,363
경기,남양주시,202405,353
경기,남양주시,202406,347
경기,남양주시,202407,340
경기,남양주시,202408,340
경기,남양주시,202409,339
경기,남양주시,202410,343
경기,남양주시,202411,346
경기,남양주시,202412,348
경기,남양주시,202501,344
경기,남양주시,202502,345
경기,남양주시,202503,346
경기,남양주시,202504,354
경기,남양주시,202505,359
경기,남양주시,202506,358
경기,남양주시,202507,358
경기,남양주시,202508,355
경기,남양주시,202509,352
경기,남양주시,202510,345
경기,남양주시,202511,346
경기,남양주시,202512,344
경기,남양주시,202601,337
경기,남양주시,202602,334
경기,남양주시,202603,331
경기,남양주시,202604,335
경기,남양주시,202605,328
경기,남양주시,202606,322
경기,남양주시,202607,322
경기,남양주시,202608,461
경기,오산시,200701,433
경기,오산시,200702,433
경기,오산시,200703,0
경기,오산시,200704,0
경기,오산시,200705,0
경기,오산시,200706,0
경기,오산시,200707,0
경기,오산시,200708,0
경기,오산시,200709,0
경기,오산시,200710,0
경기,오산시,200711,0
경기,오산시,200712,0
경기,오산시,200801,726
경기,오산시,200802,726
경기,오산시,200803,487
경기,오산시,200804,397
경기,오산시,200805,358
경기,오산시,200806,350
경기,오산시,200807,290
경기,오산시,200808,280
경기,오산시,200809,257
경기,오산시,200810,256
경기,오산시,200811,248
경기,오산시,200812,248
경기,오산시,200901,289
경기,오산시,200902,289
경기,오산시,200903,289
경기,오산시,200904,348
경기,오산시,200905,329
경기,오산시,200906,302
경기,오산시,200907,247
경기,오산시,200908,207
경기,오산시,200909,182
경기,오산시,200910,165
경기,오산시,200911,155
경기,오산시,200912,147
경기,오산시,201001,146
경기,오산시,201002,139
경기,오산시,201003,139
경기,오산시,201004,138
경기,오산시,201005,137
경기,오산시,201006,137
경기,오산시,201007,181
경기,오산시,201008,149
경기,오산시,201009,147
경기,오산시,201010,146
경기,오산시,201011,143
경기,오산시,201012,154
경기,오산시,201101,191
경기,오산시,201102,201
경기,오산시,201103,167
경기,오산시,201104,143
경기,오산시,201105,111
경기,오산시,201106,96
경기,오산시,201107,89
경기,오산시,201108,25
경기,오산시,201109,25
경기,오산시,201110,14
경기,오산시,201111,14
경기,오산시,201112,14
경기,오산시,201201,0
경기,오산시,201202,0
경기,오산시,201203,0
경기,오산시,201204,0
경기,오산시,201205,0
경기,오산시,201206,154
경기,오산시,201207,154
경기,오산시,201208,154
경기,오산시,201209,154
경기,오산시,201210,154
경기,오산시,201211,167
경기,오산시,201212,167
경기,오산시,201301,159
경기,오산시,201302,159
경기,오산시,201303,159
경기,오산시,201304,157
경기,오산시,201305,157
경기,오산시,201306,157
경기,오산시,201307,154
경기,오산시,201308,154
경기,오산시,201309,153
경기,오산시,201310,153
경기,오산시,201311,153
경기,오산시,201312,153
경기,오산시,201401,146
경기,오산시,201402,146
경기,오산시,201403,146
경기,오산시,201404,146
경기,오산시,201405,146
경기,오산시,201406,146
경기,오산시,201407,146
경기,오산시,201408,141
경기,오산시,201409,136
경기,오산시,201410,125
경기,오산시,201411,560
경기,오산시,201412,520
경기,오산시,201501,425
경기,오산시,201502,425
경기,오산시,201503,98
경기,오산시,201504,322
경기,오산시,201505,530
경기,오산시,201506,204
경기,오산시,201507,214
경기,오산시,201508,111
경기,오산시,201509,111
경기,오산시,201510,50
경기,오산시,201511,461
경기,오산시,201512,438
경기,오산시,201601,420
경기,오산시,201602,405
경기,오산시,201603,316
경기,오산시,201604,274
경기,오산시,201605,251
경기,오산시,201606,227
경기,오산시,201607,160
경기,오산시,201608,65
경기,오산시,201609,0
경기,오산시,201610,502
경기,오산시,201611,613
경기,오산시,201612,368
경기,오산시,201701,331
경기,오산시,201702,320
경기,오산시,201703,1306
경기,오산시,201704,1154
경기,오산시,201705,1029
경기,오산시,201706,787
경기,오산시,201707,539
경기,오산시,201708,330
경기,오산시,201709,157
경기,오산시,201710,68
경기,오산시,201711,18
경기,오산시,201712,0
경기,오산시,201801,0
경기,오산시,201802,0
경기,오산시,201807,0
경기,오산시,201808,0
경기,오산시,201811,3
경기,오산시,201812,3
경기,오산시,201901,312
경기,오산시,201902,316
경기,오산시,201903,286
경기,오산시,201904,263
경기,오산시,201905,196
경기,오산시,201906,159
경기,오산시,201907,133
경기,오산시,201908,106
경기,오산시,201909,75
경기,오산시,201910,67
경기,오산시,201911,38
경기,오산시,201912,25
경기,오산시,202001,18
경기,오산시,202002,7
경기,오산시,202003,7
경기,오산시,202004,7
경기,오산시,202005,7
경기,오산시,202006,4
경기,오산시,202007,4
경기,오산시,202008,4
경기,오산시,202009,4
경기,오산시,202010,4
경기,오산시,202011,4
경기,오산시,202012,4
경기,오산시,202101,4
경기,오산시,202102,4
경기,오산시,202103,4
경기,오산시,202104,156
경기,오산시,202105,4
경기,오산시,202106,4
경기,오산시,202107,4
경기,오산시,202108,4
경기,오산시,202109,4
경기,오산시,202110,4
경기,오산시,202111,4
경기,오산시,202112,4
경기,오산시,202201,4
경기,오산시,202202,4
경기,오산시,202203,4
경기,오산시,202204,4
경기,오산시,202205,4
경기,오산시,202206,4
경기,오산시,202207,4
경기,오산시,202208,4
경기,오산시,202209,15
경기,오산시,202210,6
경기,오산시,202211,382
경기,오산시,202212,330
경기,오산시,202301,255
경기,오산시,202302,14
경기,오산시,202303,4
경기,오산시,202304,4
경기,오산시,202305,4
경기,오산시,202306,5
경기,오산시,202307,5
경기,오산시,202308,0
경기,오산시,202309,0
경기,오산시,202310,0
경기,오산시,202311,0
경기,오산시,202312,0
경기,오산시,202401,0
경기,오산시,202402,0
경기,오산시,202403,0
경기,오산시,202404,0
경기,오산시,202405,0
경기,오산시,202406,152
경기,오산시,202407,434
경기,오산시,202408,227
경기,오산시,202409,91
경기,오산시,202410,44
경기,오산시,202411,1360
경기,오산시,202412,994
경기,오산시,202501,340
경기,오산시,202502,154
경기,오산시,202503,99
경기,오산시,202504,50
경기,오산시,202505,29
경기,오산시,202506,20
경기,오산시,202507,4
경기,오산시,202508,4
경기,오산시,202509,4
경기,오산시,202510,857
경기,오산시,202511,842
경기,오산시,202512,202
경기,오산시,202601,16
경기,오산시,202602,560
경기,오산시,202603,194
경기,오산시,202604,43
경기,오산시,202605,34
경기,오산시,202606,31
경기,오산시,202607,1082
경기,오산시,202608,1846
경기,시흥시,200701,23
경기,시흥시,200702,69
경기,시흥시,200703,40
경기,시흥시,200704,25
경기,시흥시,200705,25
경기,시흥시,200706,17
경기,시흥시,200707,8
경기,시흥시,200708,8
경기,시흥시,200709,6
경기,시흥시,200710,6
경기,시흥시,200711,6
경기,시흥시,200712,6
경기,시흥시,200801,35
경기,시흥시,200802,22
경기,시흥시,200803,13
경기,시흥시,200804,7
경기,시흥시,200805,7
경기,시흥시,200806,69
경기,시흥시,200807,60
경기,시흥시,200808,48
경기,시흥시,200809,42
경기,시흥시,200810,37
경기,시흥시,200811,35
경기,시흥시,200812,35
경기,시흥시,200901,35
경기,시흥시,200902,71
경기,시흥시,200903,118
경기,시흥시,200904,118
경기,시흥시,200905,87
경기,시흥시,200906,81
경기,시흥시,200907,74
경기,시흥시,200908,47
경기,시흥시,200909,41
경기,시흥시,200910,26
경기,시흥시,200911,22
경기,시흥시,200912,388
경기,시흥시,201001,371
경기,시흥시,201002,359
경기,시흥시,201003,358
경기,시흥시,201004,301
경기,시흥시,201005,301
경기,시흥시,201006,232
경기,시흥시,201007,188
경기,시흥시,201008,188
경기,시흥시,201009,188
경기,시흥시,201010,188
경기,시흥시,201011,157
경기,시흥시,201012,131
경기,시흥시,201101,131
경기,시흥시,201102,122
경기,시흥시,201103,113
경기,시흥시,201104,110
경기,시흥시,201105,87
경기,시흥시,201106,87
경기,시흥시,201107,414
경기,시흥시,201108,414
경기,시흥시,201109,215
경기,시흥시,201110,196
경기,시흥시,201111,163
경기,시흥시,201112,136
경기,시흥시,201201,118
경기,시흥시,201202,112
경기,시흥시,201203,110
경기,시흥시,201204,34
경기,시흥시,201205,705
경기,시흥시,201206,657
경기,시흥시,201207,540
경기,시흥시,201208,492
경기,시흥시,201209,482
경기,시흥시,201210,482
경기,시흥시,201211,516
경기,시흥시,201212,516
경기,시흥시,201301,516
경기,시흥시,201302,1405
경기,시흥시,201303,1183
경기,시흥시,201304,984
경기,시흥시,201305,821
경기,시흥시,201306,861
경기,시흥시,201307,577
경기,시흥시,201308,401
경기,시흥시,201309,228
경기,시흥시,201310,134
경기,시흥시,201311,82
경기,시흥시,201312,61
경기,시흥시,201401,57
경기,시흥시,201402,57
경기,시흥시,201403,19
경기,시흥시,201404,15
경기,시흥시,201405,1101
경기,시흥시,201406,719
경기,시흥시,201407,267
경기,시흥시,201408,47
경기,시흥시,201409,14
경기,시흥시,201410,14
경기,시흥시,201411,812
경기,시흥시,201412,749
경기,시흥시,201501,636
경기,시흥시,201502,296
경기,시흥시,201503,0
경기,시흥시,201504,1087
경기,시흥시,201505,0
경기,시흥시,201506,765
경기,시흥시,201507,683
경기,시흥시,201508,62
경기,시흥시,201509,0
경기,시흥시,201510,0
경기,시흥시,201511,283
경기,시흥시,201512,224
경기,시흥시,201601,19
경기,시흥시,201602,0
경기,시흥시,201603,0
경기,시흥시,201604,0
경기,시흥시,201605,0
경기,시흥시,201606,630
경기,시흥시,201607,419
경기,시흥시,201608,304
경기,시흥시,201609,211
경기,시흥시,201610,76
경기,시흥시,201611,37
경기,시흥시,201612,0
경기,시흥시,201701,357
경기,시흥시,201702,225
경기,시흥시,201703,130
경기,시흥시,201704,105
경기,시흥시,201705,57
경기,시흥시,201706,6
경기,시흥시,201707,0
경기,시흥시,201708,0
경기,시흥시,201709,0
경기,시흥시,201710,0
경기,시흥시,201711,0
경기,시흥시,201712,73
경기,시흥시,201801,46
경기,시흥시,201802,37
경기,시흥시,201803,26
경기,시흥시,201804,40
경기,시흥시,201805,40
경기,시흥시,201806,38
경기,시흥시,201807,38
경기,시흥시,201808,38
경기,시흥시,201809,38
경기,시흥시,201810,38
경기,시흥시,201811,33
경기,시흥시,201812,31
경기,시흥시,201901,32
경기,시흥시,201902,30
경기,시흥시,201903,30
경기,시흥시,201904,30
경기,시흥시,201905,28
경기,시흥시,201906,161
경기,시흥시,201907,137
경기,시흥시,201908,215
경기,시흥시,201909,353
경기,시흥시,201910,286
경기,시흥시,201911,267
경기,시흥시,201912,199
경기,시흥시,202001,161
경기,시흥시,202002,86
경기,시흥시,202003,88
경기,시흥시,202004,84
경기,시흥시,202005,84
경기,시흥시,202006,81
경기,시흥시,202007,80
경기,시흥시,202008,78
경기,시흥시,202009,78
경기,시흥시,202010,78
경기,시흥시,202011,78
경기,시흥시,202012,78
경기,시흥시,202101,78
경기,시흥시,202102,76
경기,시흥시,202103,71
경기,시흥시,202104,83
경기,시흥시,202105,76
경기,시흥시,202106,75
경기,시흥시,202107,75
경기,시흥시,202108,42
경기,시흥시,202109,42
경기,시흥시,202110,42
경기,시흥시,202111,42
경기,시흥시,202112,42
경기,시흥시,202201,42
경기,시흥시,202202,42
경기,시흥시,202203,22
경기,시흥시,202204,22
경기,시흥시,202205,22
경기,시흥시,202206,22
경기,시흥시,202207,22
경기,시흥시,202208,22
경기,시흥시,202209,19
경기,시흥시,202210,19
경기,시흥시,202211,19
경기,시흥시,202212,19
경기,시흥시,202301,19
경기,시흥시,202302,19
경기,시흥시,202303,19
경기,시흥시,202304,19
경기,시흥시,202305,19
경기,시흥시,202306,19
경기,시흥시,202307,19
경기,시흥시,202308,19
경기,시흥시,202309,19
경기,시흥시,202310,19
경기,시흥시,202311,19
경기,시흥시,202312,19
경기,시흥시,202401,19
경기,시흥시,202402,19
경기,시흥시,202403,8
경기,시흥시,202404,8
경기,시흥시,202405,3
경기,시흥시,202406,1
경기,시흥시,202407,86
경기,시흥시,202408,39
경기,시흥시,202409,35
경기,시흥시,202410,35
경기,시흥시,202411,29
경기,시흥시,202412,28
경기,시흥시,202501,28
경기,시흥시,202502,28
경기,시흥시,202503,28
경기,시흥시,202504,26
경기,시흥시,202505,26
경기,시흥시,202506,37
경기,시흥시,202507,32
경기,시흥시,202508,29
경기,시흥시,202509,25
경기,시흥시,202510,25
경기,시흥시,202511,24
경기,시흥시,202512,22
경기,시흥시,202601,648
경기,시흥시,202602,512
경기,시흥시,202603,353
경기,시흥시,202604,257
경기,시흥시,202605,416
경기,시흥시,202606,275
경기,시흥시,202607,535
경기,시흥시,202608,400
경기,안성시,200701,619
경기,안성시,200702,606
경기,안성시,200703,576
경기,안성시,200704,569
경기,안성시,200705,569
경기,안성시,200706,500
경기,안성시,200707,460
경기,안성시,200708,428
경기,안성시,200709,736
경기,안성시,200710,691
경기,안성시,200711,634
경기,안성시,200712,577
경기,안성시,200801,508
경기,안성시,200802,470
경기,안성시,200803,1054
경기,안성시,200804,886
경기,안성시,200805,1978
경기,안성시,200806,1410
경기,안성시,200807,1292
경기,안성시,200808,1225
경기,안성시,200809,1133
경기,안성시,200810,1560
경기,안성시,200811,1536
경기,안성시,200812,1518
경기,안성시,200901,1032
경기,안성시,200902,1031
경기,안성시,200903,1348
경기,안성시,200904,1264
경기,안성시,200905,1177
경기,안성시,200906,1089
경기,안성시,200907,1042
경기,안성시,200908,958
경기,안성시,200909,844
경기,안성시,200910,803
경기,안성시,200911,772
경기,안성시,200912,749
경기,안성시,201001,718
경기,안성시,201002,684
경기,안성시,201003,673
경기,안성시,201004,637
경기,안성시,201005,612
경기,안성시,201006,570
경기,안성시,201007,535
경기,안성시,201008,480
경기,안성시,201009,474
경기,안성시,201010,431
경기,안성시,201011,419
경기,안성시,201012,405
경기,안성시,201101,358
경기,안성시,201102,317
경기,안성시,201103,311
경기,안성시,201104,342
경기,안성시,201105,318
경기,안성시,201106,315
경기,안성시,201107,283
경기,안성시,201108,261
경기,안성시,201109,226
경기,안성시,201110,193
경기,안성시,201111,164
경기,안성시,201112,152
경기,안성시,201201,146
경기,안성시,201202,129
경기,안성시,201203,129
경기,안성시,201204,80
경기,안성시,201205,69
경기,안성시,201206,69
경기,안성시,201207,61
경기,안성시,201208,61
경기,안성시,201209,61
경기,안성시,201210,49
경기,안성시,201211,37
경기,안성시,201212,8
경기,안성시,201301,8
경기,안성시,201302,8
경기,안성시,201303,8
경기,안성시,201304,8
경기,안성시,201305,8
경기,안성시,201306,8
경기,안성시,201307,8
경기,안성시,201308,8
경기,안성시,201309,7
경기,안성시,201310,7
경기,안성시,201311,7
경기,안성시,201312,7
경기,안성시,201401,7
경기,안성시,201402,7
경기,안성시,201403,7
경기,안성시,201404,7
경기,안성시,201405,7
경기,안성시,201406,7
경기,안성시,201407,7
경기,안성시,201408,7
경기,안성시,201409,7
경기,안성시,201410,7
경기,안성시,201411,7
경기,안성시,201412,7
경기,안성시,201501,7
경기,안성시,201502,7
경기,안성시,201503,7
경기,안성시,201504,7
경기,안성시,201505,7
경기,안성시,201506,7
경기,안성시,201507,7
경기,안성시,201508,7
경기,안성시,201509,7
경기,안성시,201510,23
경기,안성시,201511,23
경기,안성시,201512,429
경기,안성시,201601,826
경기,안성시,201602,668
경기,안성시,201603,1865
경기,안성시,201604,1673
경기,안성시,201605,1475
경기,안성시,201606,1964
경기,안성시,201607,1773
경기,안성시,201608,2116
경기,안성시,201609,2023
경기,안성시,201610,1919
경기,안성시,201611,1810
경기,안성시,201612,1718
경기,안성시,201701,1628
경기,안성시,201702,1487
경기,안성시,201703,1386
경기,안성시,201704,1284
경기,안성시,201705,1199
경기,안성시,201706,1555
경기,안성시,201707,1458
경기,안성시,201708,1330
경기,안성시,201709,1224
경기,안성시,201710,1701
경기,안성시,201711,1574
경기,안성시,201712,1521
경기,안성시,201801,1463
경기,안성시,201802,1422
경기,안성시,201803,1382
경기,안성시,201804,1363
경기,안성시,201805,1309
경기,안성시,201806,1278
경기,안성시,201807,1253
경기,안성시,201808,1236
경기,안성시,201809,1216
경기,안성시,201810,1196
경기,안성시,201811,1181
경기,안성시,201812,1168
경기,안성시,201901,1274
경기,안성시,201902,1263
경기,안성시,201903,1239
경기,안성시,201904,1220
경기,안성시,201905,1186
경기,안성시,201906,1145
경기,안성시,201907,1111
경기,안성시,201908,1079
경기,안성시,201909,1068
경기,안성시,201910,1007
경기,안성시,201911,963
경기,안성시,201912,967
경기,안성시,202001,795
경기,안성시,202002,874
경기,안성시,202003,793
경기,안성시,202004,798
경기,안성시,202005,730
경기,안성시,202006,689
경기,안성시,202007,617
경기,안성시,202008,565
경기,안성시,202009,497
경기,안성시,202010,428
경기,안성시,202011,352
경기,안성시,202012,267
경기,안성시,202101,192
경기,안성시,202102,68
경기,안성시,202103,25
경기,안성시,202104,16
경기,안성시,202105,12
경기,안성시,202106,8
경기,안성시,202107,5
경기,안성시,202108,0
경기,안성시,202109,0
경기,안성시,202110,0
경기,안성시,202111,0
경기,안성시,202112,0
경기,안성시,202201,0
경기,안성시,202202,1068
경기,안성시,202203,799
경기,안성시,202204,1045
경기,안성시,202205,1004
경기,안성시,202206,779
경기,안성시,202207,628
경기,안성시,202208,565
경기,안성시,202209,1468
경기,안성시,202210,1357
경기,안성시,202211,1295
경기,안성시,202212,1239
경기,안성시,202301,1113
경기,안성시,202302,1074
경기,안성시,202303,902
경기,안성시,202304,811
경기,안성시,202305,1679
경기,안성시,202306,1629
경기,안성시,202307,1352
경기,안성시,202308,1060
경기,안성시,202309,846
경기,안성시,202310,625
경기,안성시,202311,533
경기,안성시,202312,499
경기,안성시,202401,459
경기,안성시,202402,1689
경기,안성시,202403,1581
경기,안성시,202404,1495
경기,안성시,202405,1388
경기,안성시,202406,1274
경기,안성시,202407,1113
경기,안성시,202408,899
경기,안성시,202409,739
경기,안성시,202410,654
경기,안성시,202411,625
경기,안성시,202412,581
경기,안성시,202501,553
경기,안성시,202502,512
경기,안성시,202503,461
경기,안성시,202504,437
경기,안성시,202505,411
경기,안성시,202506,392
경기,안성시,202507,376
경기,안성시,202508,368
경기,안성시,202509,618
경기,안성시,202510,605
경기,안성시,202511,594
경기,안성시,202512,577
경기,안성시,202601,951
경기,안성시,202602,951
경기,안성시,202603,952
경기,안성시,202604,938
경기,안성시,202605,936
경기,안성시,202606,940
경기,안성시,202607,919
경기,안성시,202608,919
경기,의왕시,200701,0
경기,의왕시,200702,0
경기,의왕시,200703,0
경기,의왕시,200704,0
경기,의왕시,200705,0
경기,의왕시,200706,0
경기,의왕시,200707,0
경기,의왕시,200708,0
경기,의왕시,200709,0
경기,의왕시,200710,0
경기,의왕시,200711,0
경기,의왕시,200712,0
경기,의왕시,200801,0
경기,의왕시,200802,0
경기,의왕시,200803,0
경기,의왕시,200804,0
경기,의왕시,200805,0
경기,의왕시,200806,0
경기,의왕시,200807,0
경기,의왕시,200808,0
경기,의왕시,200809,0
경기,의왕시,200810,0
경기,의왕시,200811,0
경기,의왕시,200812,0
경기,의왕시,200901,0
경기,의왕시,200902,0
경기,의왕시,200903,0
경기,의왕시,200904,0
경기,의왕시,200905,0
경기,의왕시,200906,0
경기,의왕시,200907,0
경기,의왕시,200908,0
경기,의왕시,200909,0
경기,의왕시,200910,0
경기,의왕시,200911,0
경기,의왕시,200912,0
경기,의왕시,201001,0
경기,의왕시,201002,0
경기,의왕시,201003,0
경기,의왕시,201004,0
경기,의왕시,201005,0
경기,의왕시,201006,0
경기,의왕시,201007,0
경기,의왕시,201008,0
경기,의왕시,201009,0
경기,의왕시,201010,0
경기,의왕시,201011,0
경기,의왕시,201012,0
경기,의왕시,201101,0
경기,의왕시,201102,0
경기,의왕시,201103,0
경기,의왕시,201104,0
경기,의왕시,201105,0
경기,의왕시,201106,0
경기,의왕시,201107,0
경기,의왕시,201108,279
경기,의왕시,201109,331
경기,의왕시,201110,331
경기,의왕시,201111,331
경기,의왕시,201112,331
경기,의왕시,201201,331
경기,의왕시,201202,331
경기,의왕시,201203,309
경기,의왕시,201204,309
경기,의왕시,201205,309
경기,의왕시,201206,502
경기,의왕시,201207,502
경기,의왕시,201208,502
경기,의왕시,201209,502
경기,의왕시,201210,502
경기,의왕시,201211,502
경기,의왕시,201212,502
경기,의왕시,201301,502
경기,의왕시,201302,502
경기,의왕시,201303,502
경기,의왕시,201304,502
경기,의왕시,201305,502
경기,의왕시,201306,502
경기,의왕시,201307,502
경기,의왕시,201308,502
경기,의왕시,201309,502
경기,의왕시,201310,502
경기,의왕시,201311,502
경기,의왕시,201312,502
경기,의왕시,201401,502
경기,의왕시,201402,502
경기,의왕시,201403,502
경기,의왕시,201404,502
경기,의왕시,201405,502
경기,의왕시,201406,502
경기,의왕시,201407,502
경기,의왕시,201408,502
경기,의왕시,201409,502
경기,의왕시,201410,502
경기,의왕시,201411,502
경기,의왕시,201412,502
경기,의왕시,201501,502
경기,의왕시,201502,502
경기,의왕시,201503,502
경기,의왕시,201504,502
경기,의왕시,201505,502
경기,의왕시,201506,502
경기,의왕시,201507,502
경기,의왕시,201508,502
경기,의왕시,201509,502
경기,의왕시,201510,505
경기,의왕시,201511,505
경기,의왕시,201512,505
경기,의왕시,201601,505
경기,의왕시,201602,505
경기,의왕시,201603,505
경기,의왕시,201604,504
경기,의왕시,201605,504
경기,의왕시,201606,504
경기,의왕시,201607,504
경기,의왕시,201608,502
경기,의왕시,201609,502
경기,의왕시,201610,502
경기,의왕시,201611,0
경기,의왕시,201612,0
경기,의왕시,201701,0
경기,의왕시,201702,0
경기,의왕시,201703,0
경기,의왕시,201704,0
경기,의왕시,201705,0
경기,의왕시,201706,0
경기,의왕시,201707,0
경기,의왕시,201708,0
경기,의왕시,201709,0
경기,의왕시,201710,0
경기,의왕시,201711,0
경기,의왕시,201712,0
경기,의왕시,201801,0
경기,의왕시,201802,0
경기,의왕시,201807,0
경기,의왕시,201808,0
경기,의왕시,201811,1
경기,의왕시,201812,1
경기,의왕시,201901,1
경기,의왕시,201902,1
경기,의왕시,201903,1
경기,의왕시,201904,1
경기,의왕시,201905,0
경기,의왕시,201906,0
경기,의왕시,201907,0
경기,의왕시,201908,0
경기,의왕시,201909,0
경기,의왕시,201910,0
경기,의왕시,201912,0
경기,의왕시,202001,0
경기,의왕시,202002,10
경기,의왕시,202003,6
경기,의왕시,202004,6
경기,의왕시,202005,0
경기,의왕시,202006,0
경기,의왕시,202007,0
경기,의왕시,202008,0
경기,의왕시,202009,0
경기,의왕시,202010,0
경기,의왕시,202011,0
경기,의왕시,202012,0
경기,의왕시,202101,0
경기,의왕시,202102,0
경기,의왕시,202103,0
경기,의왕시,202104,0
경기,의왕시,202105,0
경기,의왕시,202106,0
경기,의왕시,202107,0
경기,의왕시,202108,0
경기,의왕시,202109,0
경기,의왕시,202110,0
경기,의왕시,202111,0
경기,의왕시,202112,0
경기,의왕시,202201,0
경기,의왕시,202202,0
경기,의왕시,202203,0
경기,의왕시,202204,0
경기,의왕시,202205,0
경기,의왕시,202206,0
경기,의왕시,202207,0
경기,의왕시,202208,0
경기,의왕시,202209,0
경기,의왕시,202210,499
경기,의왕시,202211,376
경기,의왕시,202212,350
경기,의왕시,202301,303
경기,의왕시,202302,283
경기,의왕시,202303,248
경기,의왕시,202304,208
경기,의왕시,202305,182
경기,의왕시,202306,141
경기,의왕시,202307,0
경기,의왕시,202308,0
경기,의왕시,202309,0
경기,의왕시,202310,0
경기,의왕시,202311,0
경기,의왕시,202312,0
경기,의왕시,202401,0
경기,의왕시,202402,0
경기,의왕시,202403,0
경기,의왕시,202404,0
경기,의왕시,202405,0
경기,의왕시,202406,0
경기,의왕시,202407,0
경기,의왕시,202408,0
경기,의왕시,202409,0
경기,의왕시,202410,0
경기,의왕시,202411,0
경기,의왕시,202412,0
경기,의왕시,202501,0
경기,의왕시,202502,105
경기,의왕시,202503,22
경기,의왕시,202504,0
경기,의왕시,202505,0
경기,의왕시,202506,0
경기,의왕시,202507,0
경기,의왕시,202508,0
경기,의왕시,202509,0
경기,의왕시,202510,0
경기,의왕시,202511,0
경기,의왕시,202512,0
경기,의왕시,202601,0
경기,의왕시,202602,0
경기,의왕시,202603,0
경기,의왕시,202604,0
경기,의왕시,202605,0
경기,의왕시,202606,0
경기,의왕시,202607,0
경기,의왕시,202608,0
경기,양주시,200702,256
경기,양주시,200703,224
경기,양주시,200704,211
경기,양주시,200705,211
경기,양주시,200706,172
경기,양주시,200707,168
경기,양주시,200708,683
경기,양주시,200709,1102
경기,양주시,200710,1166
경기,양주시,200711,1236
경기,양주시,200712,1145
경기,양주시,200801,1074
경기,양주시,200802,838
경기,양주시,200803,720
경기,양주시,200804,475
경기,양주시,200805,378
경기,양주시,200806,191
경기,양주시,200807,0
경기,양주시,200808,110
경기,양주시,200809,108
경기,양주시,200810,107
경기,양주시,200811,102
경기,양주시,200812,102
경기,양주시,200901,34
경기,양주시,200902,34
경기,양주시,200903,34
경기,양주시,200904,248
경기,양주시,200905,534
경기,양주시,200906,478
경기,양주시,200907,415
경기,양주시,200908,34
경기,양주시,200909,178
경기,양주시,200910,31
경기,양주시,200911,229
경기,양주시,200912,124
경기,양주시,201001,102
경기,양주시,201002,95
경기,양주시,201003,87
경기,양주시,201004,87
경기,양주시,201005,96
경기,양주시,201006,99
경기,양주시,201007,97
경기,양주시,201008,115
경기,양주시,201009,109
경기,양주시,201010,100
경기,양주시,201011,99
경기,양주시,201012,93
경기,양주시,201101,84
경기,양주시,201102,82
경기,양주시,201103,79
경기,양주시,201104,73
경기,양주시,201105,66
경기,양주시,201106,65
경기,양주시,201107,63
경기,양주시,201108,61
경기,양주시,201109,57
경기,양주시,201110,52
경기,양주시,201111,51
경기,양주시,201112,49
경기,양주시,201201,660
경기,양주시,201202,416
경기,양주시,201203,450
경기,양주시,201204,348
경기,양주시,201205,296
경기,양주시,201206,260
경기,양주시,201207,260
경기,양주시,201208,240
경기,양주시,201209,240
경기,양주시,201210,239
경기,양주시,201211,239
경기,양주시,201212,239
경기,양주시,201301,239
경기,양주시,201302,239
경기,양주시,201303,229
경기,양주시,201304,226
경기,양주시,201305,223
경기,양주시,201306,223
경기,양주시,201307,199
경기,양주시,201308,197
경기,양주시,201309,189
경기,양주시,201310,160
경기,양주시,201311,131
경기,양주시,201312,114
경기,양주시,201401,114
경기,양주시,201402,94
경기,양주시,201403,88
경기,양주시,201404,78
경기,양주시,201405,78
경기,양주시,201406,78
경기,양주시,201407,415
경기,양주시,201408,358
경기,양주시,201409,285
경기,양주시,201410,826
경기,양주시,201411,810
경기,양주시,201412,647
경기,양주시,201501,647
경기,양주시,201502,560
경기,양주시,201503,9
경기,양주시,201504,9
경기,양주시,201505,71
경기,양주시,201506,31
경기,양주시,201507,31
경기,양주시,201508,31
경기,양주시,201509,31
경기,양주시,201510,323
경기,양주시,201511,300
경기,양주시,201512,282
경기,양주시,201601,263
경기,양주시,201602,238
경기,양주시,201603,232
경기,양주시,201604,221
경기,양주시,201605,328
경기,양주시,201606,388
경기,양주시,201607,336
경기,양주시,201608,246
경기,양주시,201609,180
경기,양주시,201610,113
경기,양주시,201611,90
경기,양주시,201612,76
경기,양주시,201701,73
경기,양주시,201702,68
경기,양주시,201703,59
경기,양주시,201704,920
경기,양주시,201705,864
경기,양주시,201706,640
경기,양주시,201707,441
경기,양주시,201708,213
경기,양주시,201709,27
경기,양주시,201710,25
경기,양주시,201711,24
경기,양주시,201712,21
경기,양주시,201801,15
경기,양주시,201802,13
경기,양주시,201803,13
경기,양주시,201804,12
경기,양주시,201805,482
경기,양주시,201806,285
경기,양주시,201807,167
경기,양주시,201808,93
경기,양주시,201809,40
경기,양주시,201810,11
경기,양주시,201811,11
경기,양주시,201812,11
경기,양주시,201901,11
경기,양주시,201902,10
경기,양주시,201903,9
경기,양주시,201904,9
경기,양주시,201905,9
경기,양주시,201906,358
경기,양주시,201907,169
경기,양주시,201908,7
경기,양주시,201909,7
경기,양주시,201910,7
경기,양주시,201911,1142
경기,양주시,201912,335
경기,양주시,202001,122
경기,양주시,202002,28
경기,양주시,202003,470
경기,양주시,202004,256
경기,양주시,202005,23
경기,양주시,202006,339
경기,양주시,202007,530
경기,양주시,202008,192
경기,양주시,202009,1057
경기,양주시,202010,706
경기,양주시,202011,629
경기,양주시,202012,42
경기,양주시,202101,18
경기,양주시,202102,17
경기,양주시,202103,17
경기,양주시,202104,17
경기,양주시,202105,17
경기,양주시,202106,12
경기,양주시,202107,13
경기,양주시,202108,14
경기,양주시,202109,14
경기,양주시,202110,14
경기,양주시,202111,315
경기,양주시,202112,227
경기,양주시,202201,110
경기,양주시,202202,88
경기,양주시,202203,346
경기,양주시,202204,94
경기,양주시,202205,45
경기,양주시,202206,847
경기,양주시,202207,847
경기,양주시,202208,914
경기,양주시,202209,1149
경기,양주시,202210,729
경기,양주시,202211,685
경기,양주시,202212,1094
경기,양주시,202301,1075
경기,양주시,202302,1157
경기,양주시,202303,1116
경기,양주시,202304,1075
경기,양주시,202305,1027
경기,양주시,202306,1012
경기,양주시,202307,915
경기,양주시,202308,785
경기,양주시,202309,818
경기,양주시,202310,773
경기,양주시,202311,1040
경기,양주시,202312,941
경기,양주시,202401,848
경기,양주시,202402,798
경기,양주시,202403,744
경기,양주시,202404,686
경기,양주시,202405,680
경기,양주시,202406,679
경기,양주시,202407,679
경기,양주시,202408,679
경기,양주시,202409,698
경기,양주시,202410,712
경기,양주시,202411,726
경기,양주시,202412,730
경기,양주시,202501,730
경기,양주시,202502,801
경기,양주시,202503,1837
경기,양주시,202504,1722
경기,양주시,202505,1663
경기,양주시,202506,1774
경기,양주시,202507,1642
경기,양주시,202508,1499
경기,양주시,202509,1376
경기,양주시,202510,2397
경기,양주시,202511,2736
경기,양주시,202512,2601
경기,양주시,202601,2476
경기,양주시,202602,2371
경기,양주시,202603,2119
경기,양주시,202604,1922
경기,양주시,202605,2446
경기,양주시,202606,2407
경기,양주시,202607,2125
경기,양주시,202608,1937
경기,하남시,200701,0
경기,하남시,200702,0
경기,하남시,200703,0
경기,하남시,200704,0
경기,하남시,200705,0
경기,하남시,200706,0
경기,하남시,200707,0
경기,하남시,200708,0
경기,하남시,200709,0
경기,하남시,200710,0
경기,하남시,200711,0
경기,하남시,200712,0
경기,하남시,200801,0
경기,하남시,200802,189
경기,하남시,200803,189
경기,하남시,200804,179
경기,하남시,200805,179
경기,하남시,200806,179
경기,하남시,200807,159
경기,하남시,200808,157
경기,하남시,200809,157
경기,하남시,200810,157
경기,하남시,200811,157
경기,하남시,200812,157
경기,하남시,200901,157
경기,하남시,200902,157
경기,하남시,200903,377
경기,하남시,200904,377
경기,하남시,200905,362
경기,하남시,200906,360
경기,하남시,200907,357
경기,하남시,200908,355
경기,하남시,200909,351
경기,하남시,200910,351
경기,하남시,200911,345
경기,하남시,200912,343
경기,하남시,201001,343
경기,하남시,201002,343
경기,하남시,201003,338
경기,하남시,201004,337
경기,하남시,201005,337
경기,하남시,201006,327
경기,하남시,201007,316
경기,하남시,201008,313
경기,하남시,201009,312
경기,하남시,201010,309
경기,하남시,201011,305
경기,하남시,201012,294
경기,하남시,201101,287
경기,하남시,201102,281
경기,하남시,201103,277
경기,하남시,201104,271
경기,하남시,201105,270
경기,하남시,201106,265
경기,하남시,201107,265
경기,하남시,201108,265
경기,하남시,201109,265
경기,하남시,201110,256
경기,하남시,201111,256
경기,하남시,201112,256
경기,하남시,201201,222
경기,하남시,201202,222
경기,하남시,201203,222
경기,하남시,201204,222
경기,하남시,201205,258
경기,하남시,201206,258
경기,하남시,201207,246
경기,하남시,201208,245
경기,하남시,201209,245
경기,하남시,201210,245
경기,하남시,201211,240
경기,하남시,201212,134
경기,하남시,201301,133
경기,하남시,201302,133
경기,하남시,201303,133
경기,하남시,201304,133
경기,하남시,201305,133
경기,하남시,201306,133
경기,하남시,201307,133
경기,하남시,201308,133
경기,하남시,201309,132
경기,하남시,201310,132
경기,하남시,201311,132
경기,하남시,201312,132
경기,하남시,201401,132
경기,하남시,201402,132
경기,하남시,201403,132
경기,하남시,201404,132
경기,하남시,201405,132
경기,하남시,201406,1122
경기,하남시,201407,1122
경기,하남시,201408,302
경기,하남시,201409,302
경기,하남시,201410,302
경기,하남시,201411,302
경기,하남시,201412,302
경기,하남시,201501,302
경기,하남시,201502,302
경기,하남시,201503,302
경기,하남시,201504,174
경기,하남시,201505,172
경기,하남시,201506,174
경기,하남시,201507,174
경기,하남시,201508,174
경기,하남시,201509,174
경기,하남시,201510,86
경기,하남시,201511,73
경기,하남시,201512,27
경기,하남시,201601,24
경기,하남시,201602,18
경기,하남시,201603,18
경기,하남시,201604,18
경기,하남시,201605,18
경기,하남시,201606,18
경기,하남시,201607,18
경기,하남시,201608,242
경기,하남시,201609,18
경기,하남시,201610,18
경기,하남시,201611,18
경기,하남시,201612,18
경기,하남시,201701,18
경기,하남시,201702,18
경기,하남시,201703,18
경기,하남시,201704,18
경기,하남시,201705,18
경기,하남시,201706,18
경기,하남시,201707,18
경기,하남시,201708,18
경기,하남시,201709,18
경기,하남시,201710,18
경기,하남시,201711,18
경기,하남시,201712,18
경기,하남시,201801,18
경기,하남시,201802,18
경기,하남시,201803,18
경기,하남시,201804,18
경기,하남시,201805,18
경기,하남시,201806,18
경기,하남시,201807,18
경기,하남시,201808,18
경기,하남시,201809,18
경기,하남시,201810,18
경기,하남시,201811,18
경기,하남시,201812,18
경기,하남시,201901,20
경기,하남시,201902,20
경기,하남시,201903,20
경기,하남시,201904,20
경기,하남시,201905,20
경기,하남시,201906,20
경기,하남시,201907,20
경기,하남시,201908,20
경기,하남시,201909,20
경기,하남시,201910,20
경기,하남시,201911,20
경기,하남시,201912,20
경기,하남시,202001,20
경기,하남시,202002,20
경기,하남시,202003,20
경기,하남시,202004,22
경기,하남시,202005,22
경기,하남시,202006,22
경기,하남시,202007,22
경기,하남시,202008,22
경기,하남시,202009,22
경기,하남시,202010,22
경기,하남시,202011,22
경기,하남시,202012,22
경기,하남시,202101,22
경기,하남시,202102,22
경기,하남시,202103,22
경기,하남시,202104,22
경기,하남시,202105,22
경기,하남시,202106,22
경기,하남시,202107,22
경기,하남시,202108,22
경기,하남시,202109,22
경기,하남시,202110,22
경기,하남시,202111,22
경기,하남시,202112,22
경기,하남시,202201,22
경기,하남시,202202,22
경기,하남시,202203,22
경기,하남시,202204,22
경기,하남시,202205,22
경기,하남시,202206,22
경기,하남시,202207,22
경기,하남시,202208,22
경기,하남시,202209,22
경기,하남시,202210,4
경기,하남시,202211,4
경기,하남시,202212,4
경기,하남시,202301,4
경기,하남시,202302,2
경기,하남시,202303,2
경기,하남시,202304,2
경기,하남시,202305,2
경기,하남시,202306,2
경기,하남시,202307,2
경기,하남시,202308,2
경기,하남시,202309,2
경기,하남시,202310,2
경기,하남시,202311,2
경기,하남시,202312,2
경기,하남시,202401,2
경기,하남시,202402,2
경기,하남시,202403,2
경기,하남시,202404,2
경기,하남시,202405,2
경기,하남시,202406,2
경기,하남시,202407,2
경기,하남시,202408,0
경기,하남시,202409,0
경기,하남시,202410,2
경기,하남시,202411,2
경기,하남시,202412,2
경기,하남시,202501,2
경기,하남시,202502,2
경기,하남시,202503,2
경기,하남시,202504,2
경기,하남시,202505,2
경기,하남시,202506,2
경기,하남시,202507,2
경기,하남시,202508,2
경기,하남시,202509,3
경기,하남시,202510,3
경기,하남시,202511,3
경기,하남시,202512,3
경기,하남시,202601,3
경기,하남시,202602,3
경기,하남시,202603,3
경기,하남시,202604,3
경기,하남시,202605,3
경기,하남시,202606,3
경기,하남시,202607,3
경기,하남시,202608,3
경기,양평군,200708,0
경기,양평군,200802,576
경기,양평군,200803,576
경기,양평군,200804,315
경기,양평군,200805,210
경기,양평군,200806,144
경기,양평군,200807,151
경기,양평군,200808,142
경기,양평군,200809,121
경기,양평군,200810,117
경기,양평군,200811,102
경기,양평군,200812,102
경기,양평군,200901,102
경기,양평군,200902,99
경기,양평군,200903,292
경기,양평군,200904,289
경기,양평군,200905,284
경기,양평군,200906,284
경기,양평군,200907,227
경기,양평군,200908,201
경기,양평군,200909,196
경기,양평군,200910,192
경기,양평군,200911,192
경기,양평군,200912,190
경기,양평군,201001,183
경기,양평군,201002,181
경기,양평군,201003,181
경기,양평군,201004,181
경기,양평군,201005,181
경기,양평군,201006,181
경기,양평군,201007,181
경기,양평군,201008,181
경기,양평군,201009,181
경기,양평군,201010,181
경기,양평군,201011,181
경기,양평군,201012,181
경기,양평군,201101,143
경기,양평군,201102,143
경기,양평군,201103,143
경기,양평군,201104,143
경기,양평군,201105,143
경기,양평군,201106,143
경기,양평군,201107,143
경기,양평군,201108,141
경기,양평군,201109,141
경기,양평군,201110,141
경기,양평군,201111,141
경기,양평군,201112,141
경기,양평군,201201,141
경기,양평군,201202,141
경기,양평군,201203,96
경기,양평군,201204,96
경기,양평군,201205,96
경기,양평군,201206,96
경기,양평군,201207,96
경기,양평군,201208,96
경기,양평군,201209,96
경기,양평군,201210,61
경기,양평군,201211,61
경기,양평군,201212,61
경기,양평군,201301,61
경기,양평군,201302,61
경기,양평군,201303,61
경기,양평군,201304,61
경기,양평군,201305,61
경기,양평군,201306,61
경기,양평군,201307,61
경기,양평군,201308,61
경기,양평군,201309,61
경기,양평군,201310,61
경기,양평군,201311,61
경기,양평군,201312,61
경기,양평군,201401,61
경기,양평군,201402,61
경기,양평군,201403,61
경기,양평군,201404,61
경기,양평군,201405,61
경기,양평군,201406,61
경기,양평군,201407,61
경기,양평군,201408,61
경기,양평군,201409,0
경기,양평군,201410,230
경기,양평군,201411,96
경기,양평군,201412,675
경기,양평군,201501,675
경기,양평군,201502,562
경기,양평군,201503,498
경기,양평군,201504,446
경기,양평군,201505,395
경기,양평군,201506,356
경기,양평군,201507,334
경기,양평군,201508,302
경기,양평군,201509,282
경기,양평군,201510,254
경기,양평군,201511,232
경기,양평군,201512,217
경기,양평군,201601,207
경기,양평군,201602,201
경기,양평군,201603,185
경기,양평군,201604,168
경기,양평군,201605,151
경기,양평군,201606,134
경기,양평군,201607,111
경기,양평군,201608,95
경기,양평군,201609,91
경기,양평군,201610,77
경기,양평군,201611,45
경기,양평군,201612,41
경기,양평군,201701,33
경기,양평군,201702,31
경기,양평군,201703,31
경기,양평군,201704,30
경기,양평군,201705,25
경기,양평군,201706,14
경기,양평군,201707,10
경기,양평군,201708,3
경기,양평군,201709,0
경기,양평군,201710,0
경기,양평군,201711,59
경기,양평군,201712,58
경기,양평군,201801,92
경기,양평군,201802,94
경기,양평군,201803,87
경기,양평군,201804,80
경기,양평군,201805,63
경기,양평군,201806,57
경기,양평군,201807,53
경기,양평군,201808,50
경기,양평군,201809,48
경기,양평군,201810,42
경기,양평군,201811,41
경기,양평군,201812,37
경기,양평군,201901,37
경기,양평군,201902,37
경기,양평군,201903,37
경기,양평군,201904,43
경기,양평군,201905,40
경기,양평군,201906,39
경기,양평군,201907,38
경기,양평군,201908,130
경기,양평군,201909,130
경기,양평군,201910,72
경기,양평군,201911,37
경기,양평군,201912,37
경기,양평군,202001,37
경기,양평군,202002,37
경기,양평군,202003,29
경기,양평군,202004,29
경기,양평군,202005,29
경기,양평군,202006,29
경기,양평군,202007,29
경기,양평군,202008,134
경기,양평군,202009,89
경기,양평군,202010,157
경기,양평군,202011,261
경기,양평군,202012,247
경기,양평군,202101,241
경기,양평군,202102,241
경기,양평군,202103,241
경기,양평군,202104,241
경기,양평군,202105,222
경기,양평군,202106,188
경기,양평군,202107,171
경기,양평군,202108,131
경기,양평군,202109,93
경기,양평군,202110,33
경기,양평군,202111,18
경기,양평군,202112,14
경기,양평군,202201,13
경기,양평군,202202,11
경기,양평군,202203,10
경기,양평군,202204,10
경기,양평군,202205,10
경기,양평군,202206,52
경기,양평군,202207,231
경기,양평군,202208,214
경기,양평군,202209,183
경기,양평군,202210,172
경기,양평군,202211,169
경기,양평군,202212,167
경기,양평군,202301,166
경기,양평군,202302,166
경기,양평군,202303,166
경기,양평군,202304,166
경기,양평군,202305,166
경기,양평군,202306,165
경기,양평군,202307,165
경기,양평군,202308,165
경기,양평군,202309,165
경기,양평군,202310,161
경기,양평군,202311,155
경기,양평군,202312,151
경기,양평군,202401,152
경기,양평군,202402,146
경기,양평군,202403,145
경기,양평군,202404,137
경기,양평군,202405,134
경기,양평군,202406,305
경기,양평군,202407,277
경기,양평군,202408,250
경기,양평군,202409,230
경기,양평군,202410,163
경기,양평군,202411,151
경기,양평군,202412,149
경기,양평군,202501,147
경기,양평군,202502,143
경기,양평군,202503,141
경기,양평군,202504,141
경기,양평군,202505,142
경기,양평군,202506,142
경기,양평군,202507,156
경기,양평군,202508,172
경기,양평군,202509,158
경기,양평군,202510,153
경기,양평군,202511,135
경기,양평군,202512,482
경기,양평군,202601,458
경기,양평군,202602,439
경기,양평군,202603,399
경기,양평군,202604,365
경기,양평군,202605,338
경기,양평군,202606,315
경기,양평군,202607,305
경기,양평군,202608,299
경기,용인시,200701,0
경기,용인시,200702,0
경기,용인시,200703,0
경기,용인시,200704,0
경기,용인시,200705,0
경기,용인시,200706,0
경기,용인시,200707,0
경기,용인시,200708,0
경기,용인시,200709,0
경기,용인시,200710,0
경기,용인시,200711,0
경기,용인시,200712,0
경기,용인시,200801,0
경기,용인시,200802,0
경기,용인시,200803,0
경기,용인시,200804,0
경기,용인시,200805,0
경기,용인시,200806,0
경기,용인시,200807,3365
경기,용인시,200808,3649
경기,용인시,200809,4617
경기,용인시,200810,4618
경기,용인시,200811,4500
경기,용인시,200812,4500
경기,용인시,200901,4221
경기,용인시,200902,4157
경기,용인시,200903,5168
경기,용인시,200904,6909
경기,용인시,200905,6703
경기,용인시,200906,6011
경기,용인시,200907,5740
경기,용인시,200908,5510
경기,용인시,200909,5270
경기,용인시,200910,5072
경기,용인시,200911,4790
경기,용인시,200912,4678
경기,용인시,201001,4565
경기,용인시,201002,7193
경기,용인시,201003,6913
경기,용인시,201004,6724
경기,용인시,201005,6650
경기,용인시,201006,6674
경기,용인시,201007,6422
경기,용인시,201008,6355
경기,용인시,201009,6248
경기,용인시,201010,6161
경기,용인시,201011,6085
경기,용인시,201012,5989
경기,용인시,201101,5921
경기,용인시,201102,5532
경기,용인시,201103,4646
경기,용인시,201104,4670
경기,용인시,201105,4487
경기,용인시,201106,4511
경기,용인시,201107,4511
경기,용인시,201108,5450
경기,용인시,201109,5339
경기,용인시,201110,5675
경기,용인시,201111,5494
경기,용인시,201112,6214
경기,용인시,201201,6214
경기,용인시,201202,6138
경기,용인시,201203,6034
경기,용인시,201204,5684
경기,용인시,201205,5667
경기,용인시,201206,5660
경기,용인시,201207,5643
경기,용인시,201208,5628
경기,용인시,201209,5552
경기,용인시,201210,6054
경기,용인시,201211,7296
경기,용인시,201212,6676
경기,용인시,201301,6556
경기,용인시,201302,6442
경기,용인시,201303,6191
경기,용인시,201304,6191
경기,용인시,201305,5945
경기,용인시,201306,5912
경기,용인시,201307,5911
경기,용인시,201308,5896
경기,용인시,201309,5171
경기,용인시,201310,5085
경기,용인시,201311,4971
경기,용인시,201312,4827
경기,용인시,201401,4702
경기,용인시,201402,4515
경기,용인시,201403,4258
경기,용인시,201404,4216
경기,용인시,201405,4154
경기,용인시,201406,4003
경기,용인시,201407,3942
경기,용인시,201408,3836
경기,용인시,201409,3750
경기,용인시,201410,3619
경기,용인시,201411,3556
경기,용인시,201412,3476
경기,용인시,201501,3516
경기,용인시,201502,3416
경기,용인시,201503,3271
경기,용인시,201504,3271
경기,용인시,201505,3698
경기,용인시,201506,3844
경기,용인시,201507,4019
경기,용인시,201508,4603
경기,용인시,201509,4247
경기,용인시,201510,3920
경기,용인시,201511,8156
경기,용인시,201512,7237
경기,용인시,201601,6870
경기,용인시,201602,6449
경기,용인시,201603,5966
경기,용인시,201604,5635
경기,용인시,201605,5328
경기,용인시,201606,5301
경기,용인시,201607,5010
경기,용인시,201608,4406
경기,용인시,201609,4374
경기,용인시,201610,4260
경기,용인시,201611,4944
경기,용인시,201612,4699
경기,용인시,201701,5285
경기,용인시,201702,4931
경기,용인시,201703,4000
경기,용인시,201704,3471
경기,용인시,201705,3196
경기,용인시,201706,2521
경기,용인시,201707,2267
경기,용인시,201708,1766
경기,용인시,201709,1548
경기,용인시,201710,1508
경기,용인시,201711,1241
경기,용인시,201712,1160
경기,용인시,201801,1080
경기,용인시,201802,1023
경기,용인시,201803,833
경기,용인시,201804,792
경기,용인시,201805,758
경기,용인시,201806,626
경기,용인시,201807,568
경기,용인시,201808,437
경기,용인시,201809,416
경기,용인시,201810,381
경기,용인시,201811,378
경기,용인시,201812,358
경기,용인시,201901,349
경기,용인시,201902,330
경기,용인시,201903,377
경기,용인시,201904,364
경기,용인시,201905,260
경기,용인시,201906,259
경기,용인시,201907,178
경기,용인시,201908,147
경기,용인시,201909,141
경기,용인시,201910,117
경기,용인시,201911,109
경기,용인시,201912,105
경기,용인시,202001,53
경기,용인시,202002,53
경기,용인시,202003,53
경기,용인시,202004,53
경기,용인시,202005,53
경기,용인시,202006,53
경기,용인시,202007,53
경기,용인시,202008,53
경기,용인시,202009,53
경기,용인시,202010,53
경기,용인시,202011,53
경기,용인시,202012,40
경기,용인시,202101,30
경기,용인시,202102,29
경기,용인시,202103,29
경기,용인시,202104,20
경기,용인시,202105,16
경기,용인시,202106,12
경기,용인시,202107,4
경기,용인시,202108,1
경기,용인시,202109,248
경기,용인시,202110,232
경기,용인시,202111,232
경기,용인시,202112,232
경기,용인시,202201,232
경기,용인시,202202,222
경기,용인시,202203,222
경기,용인시,202204,222
경기,용인시,202205,222
경기,용인시,202206,222
경기,용인시,202207,234
경기,용인시,202208,234
경기,용인시,202209,234
경기,용인시,202210,234
경기,용인시,202211,326
경기,용인시,202212,616
경기,용인시,202301,507
경기,용인시,202302,426
경기,용인시,202303,334
경기,용인시,202304,331
경기,용인시,202305,326
경기,용인시,202306,785
경기,용인시,202307,603
경기,용인시,202308,482
경기,용인시,202309,443
경기,용인시,202310,440
경기,용인시,202311,604
경기,용인시,202312,601
경기,용인시,202401,1001
경기,용인시,202402,891
경기,용인시,202403,920
경기,용인시,202404,843
경기,용인시,202405,772
경기,용인시,202406,695
경기,용인시,202407,618
경기,용인시,202408,552
경기,용인시,202409,530
경기,용인시,202410,523
경기,용인시,202411,516
경기,용인시,202412,529
경기,용인시,202501,524
경기,용인시,202502,510
경기,용인시,202503,474
경기,용인시,202504,466
경기,용인시,202505,461
경기,용인시,202506,460
경기,용인시,202507,459
경기,용인시,202508,452
경기,용인시,202509,452
경기,용인시,202510,455
경기,용인시,202511,450
경기,용인시,202512,447
경기,용인시,202601,314
경기,용인시,202602,486
경기,용인시,202603,447
경기,용인시,202604,428
경기,용인시,202605,425
경기,용인시,202606,603
경기,용인시,202607,667
경기,용인시,202608,692
경기,여주군,200701,167
경기,여주군,200702,155
경기,여주군,200703,144
경기,여주군,200704,131
경기,여주군,200705,131
경기,여주군,200706,53
경기,여주군,200707,16
경기,여주군,200708,16
경기,여주군,200807,0
경기,여주군,200811,941
경기,여주군,200812,936
경기,여주군,200901,936
경기,여주군,200902,940
경기,여주군,200903,1130
경기,여주군,200904,1088
경기,여주군,200905,1079
경기,여주군,200906,1026
경기,여주군,200907,940
경기,여주군,200908,0
경기,여주군,200909,63
경기,여주군,200910,0
경기,여주군,200911,0
경기,여주군,200912,0
경기,여주군,201001,0
경기,여주군,201002,0
경기,여주군,201003,0
경기,여주군,201004,0
경기,여주군,201005,0
경기,여주군,201006,0
경기,여주군,201007,0
경기,여주군,201008,0
경기,여주군,201009,0
경기,여주군,201010,0
경기,여주군,201011,0
경기,여주군,201012,0
경기,여주군,201101,0
경기,여주군,201102,0
경기,여주군,201103,0
경기,여주군,201104,0
경기,여주군,201105,0
경기,여주군,201106,0
경기,여주군,201107,0
경기,여주군,201108,0
경기,여주군,201109,0
경기,여주군,201110,0
경기,여주군,201111,0
경기,여주군,201112,0
경기,여주군,201201,0
경기,여주군,201202,0
경기,여주군,201203,0
경기,여주군,201204,0
경기,여주군,201205,0
경기,여주군,201206,0
경기,여주군,201207,0
경기,여주군,201208,0
경기,여주군,201209,0
경기,여주군,201210,0
경기,여주군,201211,0
경기,여주군,201212,0
경기,여주군,201301,0
경기,여주군,201302,0
경기,여주군,201303,0
경기,여주군,201304,0
경기,여주군,201305,0
경기,여주군,201306,0
경기,여주군,201307,0
경기,여주군,201308,0
경기,여주군,201309,0
경기,여주군,201310,0
경기,여주군,201311,0
경기,여주군,201312,0
경기,여주군,201401,0
경기,여주군,201402,0
경기,여주군,201403,0
경기,여주군,201404,0
경기,여주군,201405,0
경기,여주군,201406,0
경기,여주군,201407,0
경기,여주군,201408,0
경기,여주군,201409,0
경기,파주시,200701,1
경기,파주시,200702,0
경기,파주시,200703,0
경기,파주시,200704,0
경기,파주시,200705,0
경기,파주시,200706,220
경기,파주시,200707,196
경기,파주시,200708,174
경기,파주시,200709,157
경기,파주시,200710,133
경기,파주시,200711,1187
경기,파주시,200712,2708
경기,파주시,200801,1848
경기,파주시,200802,1633
경기,파주시,200803,1367
경기,파주시,200804,1169
경기,파주시,200805,887
경기,파주시,200806,623
경기,파주시,200807,548
경기,파주시,200808,546
경기,파주시,200809,417
경기,파주시,200810,410
경기,파주시,200811,407
경기,파주시,200812,403
경기,파주시,200901,403
경기,파주시,200902,411
경기,파주시,200903,683
경기,파주시,200904,611
경기,파주시,200905,562
경기,파주시,200906,847
경기,파주시,200907,732
경기,파주시,200908,649
경기,파주시,200909,590
경기,파주시,200910,557
경기,파주시,200911,546
경기,파주시,200912,536
경기,파주시,201001,998
경기,파주시,201002,1079
경기,파주시,201003,1039
경기,파주시,201004,1021
경기,파주시,201005,1013
경기,파주시,201006,1004
경기,파주시,201007,985
경기,파주시,201008,1799
경기,파주시,201009,1796
경기,파주시,201010,1442
경기,파주시,201011,1411
경기,파주시,201012,1388
경기,파주시,201101,1363
경기,파주시,201102,1328
경기,파주시,201103,2324
경기,파주시,201104,2317
경기,파주시,201105,2304
경기,파주시,201106,2301
경기,파주시,201107,2143
경기,파주시,201108,2955
경기,파주시,201109,2871
경기,파주시,201110,2774
경기,파주시,201111,2717
경기,파주시,201112,2743
경기,파주시,201201,2624
경기,파주시,201202,2618
경기,파주시,201203,2591
경기,파주시,201204,2407
경기,파주시,201205,2407
경기,파주시,201206,2362
경기,파주시,201207,2349
경기,파주시,201208,2339
경기,파주시,201209,2339
경기,파주시,201210,2339
경기,파주시,201211,2535
경기,파주시,201212,2535
경기,파주시,201301,2489
경기,파주시,201302,2483
경기,파주시,201303,2493
경기,파주시,201304,2493
경기,파주시,201305,2477
경기,파주시,201306,2523
경기,파주시,201307,2610
경기,파주시,201308,2826
경기,파주시,201309,2807
경기,파주시,201310,2773
경기,파주시,201311,2665
경기,파주시,201312,2588
경기,파주시,201401,2282
경기,파주시,201402,2048
경기,파주시,201403,1814
경기,파주시,201404,1751
경기,파주시,201405,1720
경기,파주시,201406,1674
경기,파주시,201407,1025
경기,파주시,201408,911
경기,파주시,201409,789
경기,파주시,201410,726
경기,파주시,201411,618
경기,파주시,201412,603
경기,파주시,201501,560
경기,파주시,201502,526
경기,파주시,201503,460
경기,파주시,201504,421
경기,파주시,201505,731
경기,파주시,201506,588
경기,파주시,201507,283
경기,파주시,201508,237
경기,파주시,201509,237
경기,파주시,201510,574
경기,파주시,201511,1545
경기,파주시,201512,4285
경기,파주시,201601,3732
경기,파주시,201602,2470
경기,파주시,201603,1207
경기,파주시,201604,546
경기,파주시,201605,326
경기,파주시,201606,225
경기,파주시,201607,220
경기,파주시,201608,195
경기,파주시,201609,194
경기,파주시,201610,135
경기,파주시,201611,100
경기,파주시,201612,64
경기,파주시,201701,62
경기,파주시,201702,47
경기,파주시,201703,19
경기,파주시,201704,19
경기,파주시,201705,19
경기,파주시,201706,19
경기,파주시,201707,19
경기,파주시,201708,18
경기,파주시,201709,18
경기,파주시,201710,18
경기,파주시,201711,18
경기,파주시,201712,18
경기,파주시,201801,18
경기,파주시,201802,18
경기,파주시,201803,16
경기,파주시,201804,16
경기,파주시,201805,16
경기,파주시,201806,16
경기,파주시,201807,16
경기,파주시,201808,16
경기,파주시,201809,14
경기,파주시,201810,14
경기,파주시,201811,13
경기,파주시,201812,13
경기,파주시,201901,13
경기,파주시,201902,12
경기,파주시,201903,12
경기,파주시,201904,12
경기,파주시,201905,10
경기,파주시,201906,10
경기,파주시,201907,10
경기,파주시,201908,432
경기,파주시,201909,138
경기,파주시,201910,71
경기,파주시,201911,9
경기,파주시,201912,9
경기,파주시,202001,9
경기,파주시,202002,9
경기,파주시,202003,9
경기,파주시,202004,9
경기,파주시,202005,9
경기,파주시,202006,8
경기,파주시,202007,11
경기,파주시,202008,9
경기,파주시,202009,9
경기,파주시,202010,8
경기,파주시,202011,7
경기,파주시,202012,5
경기,파주시,202101,3
경기,파주시,202102,2
경기,파주시,202103,2
경기,파주시,202104,2
경기,파주시,202105,1
경기,파주시,202106,1
경기,파주시,202107,1
경기,파주시,202108,1
경기,파주시,202109,1
경기,파주시,202110,1
경기,파주시,202111,1
경기,파주시,202112,1
경기,파주시,202201,1
경기,파주시,202202,1
경기,파주시,202203,1
경기,파주시,202204,1
경기,파주시,202205,1
경기,파주시,202206,1
경기,파주시,202207,1
경기,파주시,202208,1
경기,파주시,202209,1
경기,파주시,202210,1
경기,파주시,202211,1
경기,파주시,202212,1
경기,파주시,202301,1
경기,파주시,202302,1
경기,파주시,202303,1
경기,파주시,202304,1
경기,파주시,202305,1
경기,파주시,202306,1
경기,파주시,202307,1
경기,파주시,202308,1
경기,파주시,202309,1
경기,파주시,202310,1
경기,파주시,202311,1
경기,파주시,202312,1
경기,파주시,202401,1
경기,파주시,202402,1
경기,파주시,202403,1
경기,파주시,202404,1
경기,파주시,202405,1
경기,파주시,202406,1
경기,파주시,202407,1
경기,파주시,202408,1
경기,파주시,202409,1
경기,파주시,202410,1
경기,파주시,202411,1
경기,파주시,202412,1
경기,파주시,202501,1
경기,파주시,202502,1
경기,파주시,202503,1
경기,파주시,202504,1
경기,파주시,202505,1
경기,파주시,202506,1
경기,파주시,202507,1
경기,파주시,202508,1
경기,파주시,202509,1
경기,파주시,202510,1
경기,파주시,202511,1
경기,파주시,202512,1
경기,파주시,202601,1
경기,파주시,202602,1
경기,파주시,202603,1
경기,파주시,202604,1
경기,파주시,202605,1
경기,파주시,202606,1
경기,파주시,202607,1
경기,파주시,202608,1
경기,연천군,200701,262
경기,연천군,200702,337
경기,연천군,200703,337
경기,연천군,200704,337
경기,연천군,200705,337
경기,연천군,200706,337
경기,연천군,200707,337
경기,연천군,200708,301
경기,연천군,200709,301
경기,연천군,200710,301
경기,연천군,200711,301
경기,연천군,200712,301
경기,연천군,200802,232
경기,연천군,200804,192
경기,연천군,200805,137
경기,연천군,200806,137
경기,연천군,200807,91
경기,연천군,200808,74
경기,연천군,200809,63
경기,연천군,200810,26
경기,연천군,200811,0
경기,연천군,200812,0
경기,연천군,200901,0
경기,연천군,200902,0
경기,연천군,200903,0
경기,연천군,200904,0
경기,연천군,200905,0
경기,연천군,200906,0
경기,연천군,200907,0
경기,연천군,200908,63
경기,연천군,200909,0
경기,연천군,200910,63
경기,연천군,200911,10
경기,연천군,200912,10
경기,연천군,201001,10
경기,연천군,201002,10
경기,연천군,201003,10
경기,연천군,201004,0
경기,연천군,201005,0
경기,연천군,201006,0
경기,연천군,201007,0
경기,연천군,201008,0
경기,연천군,201009,0
경기,연천군,201010,0
경기,연천군,201011,0
경기,연천군,201012,0
경기,연천군,201101,0
경기,연천군,201102,0
경기,연천군,201103,0
경기,연천군,201104,0
경기,연천군,201105,0
경기,연천군,201106,0
경기,연천군,201107,0
경기,연천군,201108,0
경기,연천군,201109,0
경기,연천군,201110,0
경기,연천군,201111,0
경기,연천군,201112,0
경기,연천군,201201,0
경기,연천군,201202,0
경기,연천군,201203,0
경기,연천군,201204,0
경기,연천군,201205,0
경기,연천군,201206,0
경기,연천군,201207,0
경기,연천군,201208,0
경기,연천군,201209,0
경기,연천군,201210,0
경기,연천군,201211,0
경기,연천군,201212,0
경기,연천군,201301,0
경기,연천군,201302,0
경기,연천군,201303,0
경기,연천군,201304,0
경기,연천군,201305,0
경기,연천군,201306,0
경기,연천군,201307,0
경기,연천군,201308,0
경기,연천군,201309,0
경기,연천군,201310,0
경기,연천군,201311,0
경기,연천군,201312,0
경기,연천군,201401,0
경기,연천군,201402,0
경기,연천군,201403,0
경기,연천군,201404,0
경기,연천군,201405,0
경기,연천군,201406,0
경기,연천군,201407,0
경기,연천군,201408,0
경기,연천군,201409,0
경기,연천군,201410,0
경기,연천군,201411,0
경기,연천군,201412,0
경기,연천군,201501,0
경기,연천군,201502,0
경기,연천군,201503,0
경기,연천군,201504,0
경기,연천군,201505,0
경기,연천군,201506,0
경기,연천군,201507,0
경기,연천군,201508,0
경기,연천군,201509,0
경기,연천군,201510,126
경기,연천군,201511,126
경기,연천군,201512,126
경기,연천군,201601,125
경기,연천군,201602,125
경기,연천군,201603,121
경기,연천군,201604,121
경기,연천군,201605,121
경기,연천군,201606,106
경기,연천군,201607,98
경기,연천군,201608,86
경기,연천군,201609,83
경기,연천군,201610,51
경기,연천군,201611,43
경기,연천군,201612,39
경기,연천군,201701,38
경기,연천군,201702,34
경기,연천군,201703,22
경기,연천군,201704,32
경기,연천군,201705,27
경기,연천군,201706,27
경기,연천군,201707,27
경기,연천군,201708,21
경기,연천군,201709,21
경기,연천군,201710,15
경기,연천군,201711,14
경기,연천군,201712,14
경기,연천군,201801,317
경기,연천군,201802,202
경기,연천군,201803,193
경기,연천군,201804,185
경기,연천군,201805,161
경기,연천군,201806,147
경기,연천군,201807,141
경기,연천군,201808,136
경기,연천군,201809,127
경기,연천군,201810,83
경기,연천군,201811,64
경기,연천군,201812,59
경기,연천군,201901,47
경기,연천군,201902,41
경기,연천군,201903,29
경기,연천군,201904,24
경기,연천군,201905,22
경기,연천군,201906,19
경기,연천군,201907,18
경기,연천군,201908,16
경기,연천군,201909,16
경기,연천군,201910,16
경기,연천군,201911,16
경기,연천군,201912,13
경기,연천군,202001,10
경기,연천군,202002,8
경기,연천군,202003,5
경기,연천군,202004,2
경기,연천군,202005,1
경기,연천군,202006,1
경기,연천군,202007,0
경기,연천군,202008,0
경기,연천군,202009,0
경기,연천군,202010,0
경기,연천군,202011,0
경기,연천군,202012,0
경기,연천군,202101,0
경기,연천군,202102,0
경기,연천군,202103,0
경기,연천군,202104,0
경기,연천군,202105,0
경기,연천군,202106,0
경기,연천군,202107,40
경기,연천군,202108,0
경기,연천군,202109,0
경기,연천군,202110,0
경기,연천군,202111,0
경기,연천군,202112,0
경기,연천군,202201,0
경기,연천군,202202,0
경기,연천군,202203,0
경기,연천군,202204,0
경기,연천군,202205,0
경기,연천군,202206,441
경기,연천군,202207,347
경기,연천군,202208,299
경기,연천군,202209,272
경기,연천군,202210,255
경기,연천군,202211,246
경기,연천군,202212,246
경기,연천군,202301,246
경기,연천군,202302,247
경기,연천군,202303,247
경기,연천군,202304,247
경기,연천군,202305,228
경기,연천군,202306,199
경기,연천군,202307,196
경기,연천군,202308,183
경기,연천군,202309,174
경기,연천군,202310,169
경기,연천군,202311,147
경기,연천군,202312,132
경기,연천군,202401,125
경기,연천군,202402,115
경기,연천군,202403,97
경기,연천군,202404,67
경기,연천군,202405,56
경기,연천군,202406,46
경기,연천군,202407,46
경기,연천군,202408,46
경기,연천군,202409,43
경기,연천군,202410,41
경기,연천군,202411,41
경기,연천군,202412,41
경기,연천군,202501,41
경기,연천군,202502,40
경기,연천군,202503,40
경기,연천군,202504,40
경기,연천군,202505,40
경기,연천군,202506,40
경기,연천군,202507,39
경기,연천군,202508,39
경기,연천군,202509,39
경기,연천군,202510,39
경기,연천군,202511,37
경기,연천군,202512,37
경기,연천군,202601,37
경기,연천군,202602,37
경기,연천군,202603,36
경기,연천군,202604,36
경기,연천군,202605,36
경기,연천군,202606,34
경기,연천군,202607,33
경기,연천군,202608,32
경기,이천시,200701,473
경기,이천시,200702,473
경기,이천시,200703,218
경기,이천시,200704,218
경기,이천시,200705,218
경기,이천시,200706,456
경기,이천시,200707,455
경기,이천시,200708,455
경기,이천시,200709,455
경기,이천시,200710,455
경기,이천시,200711,658
경기,이천시,200712,1268
경기,이천시,200801,1195
경기,이천시,200802,1100
경기,이천시,200803,1167
경기,이천시,200804,1178
경기,이천시,200805,1173
경기,이천시,200806,1171
경기,이천시,200807,1140
경기,이천시,200808,1122
경기,이천시,200809,1104
경기,이천시,200810,1100
경기,이천시,200811,1086
경기,이천시,200812,1083
경기,이천시,200901,1071
경기,이천시,200902,1068
경기,이천시,200903,1074
경기,이천시,200904,1033
경기,이천시,200905,1008
경기,이천시,200906,932
경기,이천시,200907,852
경기,이천시,200908,706
경기,이천시,200909,612
경기,이천시,200910,599
경기,이천시,200911,528
경기,이천시,200912,500
경기,이천시,201001,477
경기,이천시,201002,592
경기,이천시,201003,577
경기,이천시,201004,567
경기,이천시,201005,556
경기,이천시,201006,547
경기,이천시,201007,654
경기,이천시,201008,618
경기,이천시,201009,590
경기,이천시,201010,489
경기,이천시,201011,341
경기,이천시,201012,321
경기,이천시,201101,238
경기,이천시,201102,219
경기,이천시,201103,206
경기,이천시,201104,201
경기,이천시,201105,198
경기,이천시,201106,133
경기,이천시,201107,106
경기,이천시,201108,106
경기,이천시,201109,104
경기,이천시,201110,98
경기,이천시,201111,88
경기,이천시,201112,88
경기,이천시,201201,83
경기,이천시,201202,81
경기,이천시,201203,81
경기,이천시,201204,81
경기,이천시,201205,63
경기,이천시,201206,492
경기,이천시,201207,461
경기,이천시,201208,441
경기,이천시,201209,438
경기,이천시,201210,415
경기,이천시,201211,613
경기,이천시,201212,518
경기,이천시,201301,460
경기,이천시,201302,452
경기,이천시,201303,422
경기,이천시,201304,396
경기,이천시,201305,380
경기,이천시,201306,337
경기,이천시,201307,291
경기,이천시,201308,252
경기,이천시,201309,214
경기,이천시,201310,181
경기,이천시,201311,148
경기,이천시,201312,121
경기,이천시,201401,93
경기,이천시,201402,75
경기,이천시,201403,75
경기,이천시,201404,49
경기,이천시,201405,48
경기,이천시,201406,48
경기,이천시,201407,45
경기,이천시,201408,114
경기,이천시,201409,88
경기,이천시,201410,88
경기,이천시,201411,46
경기,이천시,201412,74
경기,이천시,201501,44
경기,이천시,201502,34
경기,이천시,201503,34
경기,이천시,201504,34
경기,이천시,201505,33
경기,이천시,201506,33
경기,이천시,201507,33
경기,이천시,201508,33
경기,이천시,201509,33
경기,이천시,201510,54
경기,이천시,201511,79
경기,이천시,201512,76
경기,이천시,201601,75
경기,이천시,201602,67
경기,이천시,201603,51
경기,이천시,201604,41
경기,이천시,201605,222
경기,이천시,201606,177
경기,이천시,201607,145
경기,이천시,201608,114
경기,이천시,201609,100
경기,이천시,201610,81
경기,이천시,201611,73
경기,이천시,201612,81
경기,이천시,201701,54
경기,이천시,201702,51
경기,이천시,201703,27
경기,이천시,201704,26
경기,이천시,201705,25
경기,이천시,201706,23
경기,이천시,201707,22
경기,이천시,201708,18
경기,이천시,201709,173
경기,이천시,201710,127
경기,이천시,201711,932
경기,이천시,201712,842
경기,이천시,201801,712
경기,이천시,201802,584
경기,이천시,201803,411
경기,이천시,201804,241
경기,이천시,201805,150
경기,이천시,201806,136
경기,이천시,201807,128
경기,이천시,201808,106
경기,이천시,201809,94
경기,이천시,201810,151
경기,이천시,201811,71
경기,이천시,201812,57
경기,이천시,201901,554
경기,이천시,201902,503
경기,이천시,201903,453
경기,이천시,201904,411
경기,이천시,201905,365
경기,이천시,201906,570
경기,이천시,201907,457
경기,이천시,201908,408
경기,이천시,201909,334
경기,이천시,201910,283
경기,이천시,201911,333
경기,이천시,201912,277
경기,이천시,202001,215
경기,이천시,202002,158
경기,이천시,202003,111
경기,이천시,202004,59
경기,이천시,202005,5
경기,이천시,202006,4
경기,이천시,202007,4
경기,이천시,202008,4
경기,이천시,202009,4
경기,이천시,202010,4
경기,이천시,202011,4
경기,이천시,202012,4
경기,이천시,202101,3
경기,이천시,202102,3
경기,이천시,202103,3
경기,이천시,202104,3
경기,이천시,202105,3
경기,이천시,202106,158
경기,이천시,202107,54
경기,이천시,202108,3
경기,이천시,202109,3
경기,이천시,202110,3
경기,이천시,202111,3
경기,이천시,202112,3
경기,이천시,202201,3
경기,이천시,202202,3
경기,이천시,202203,3
경기,이천시,202204,3
경기,이천시,202205,230
경기,이천시,202206,4
경기,이천시,202207,3
경기,이천시,202208,3
경기,이천시,202209,3
경기,이천시,202210,3
경기,이천시,202211,3
경기,이천시,202212,3
경기,이천시,202301,3
경기,이천시,202302,3
경기,이천시,202303,3
경기,이천시,202304,3
경기,이천시,202305,3
경기,이천시,202306,3
경기,이천시,202307,3
경기,이천시,202308,3
경기,이천시,202309,3
경기,이천시,202310,3
경기,이천시,202311,3
경기,이천시,202312,3
경기,이천시,202401,154
경기,이천시,202402,100
경기,이천시,202403,67
경기,이천시,202404,1045
경기,이천시,202405,989
경기,이천시,202406,1405
경기,이천시,202407,1301
경기,이천시,202408,1217
경기,이천시,202409,1585
경기,이천시,202410,1612
경기,이천시,202411,1600
경기,이천시,202412,1911
경기,이천시,202501,1873
경기,이천시,202502,1729
경기,이천시,202503,1610
경기,이천시,202504,1531
경기,이천시,202505,1479
경기,이천시,202506,1327
경기,이천시,202507,1190
경기,이천시,202508,1667
경기,이천시,202509,1522
경기,이천시,202510,1279
경기,이천시,202511,1015
경기,이천시,202512,1251
경기,이천시,202601,1795
경기,이천시,202602,1713
경기,이천시,202603,1602
경기,이천시,202604,1492
경기,이천시,202605,1414
경기,이천시,202606,1326
경기,이천시,202607,1194
경기,이천시,202608,1028
경기,여주시,201410,0
경기,여주시,201411,0
경기,여주시,201412,0
경기,여주시,201501,0
경기,여주시,201502,0
경기,여주시,201503,0
경기,여주시,201504,0
경기,여주시,201505,0
경기,여주시,201506,0
경기,여주시,201507,0
경기,여주시,201508,0
경기,여주시,201509,0
경기,여주시,201510,0
경기,여주시,201511,0
경기,여주시,201512,0
경기,여주시,201601,0
경기,여주시,201602,0
경기,여주시,201603,0
경기,여주시,201604,0
경기,여주시,201605,0
경기,여주시,201606,0
경기,여주시,201607,0
경기,여주시,201608,0
경기,여주시,201609,0
경기,여주시,201610,0
경기,여주시,201611,0
경기,여주시,201612,0
경기,여주시,201701,0
경기,여주시,201702,0
경기,여주시,201703,0
경기,여주시,201704,0
경기,여주시,201705,0
경기,여주시,201706,0
경기,여주시,201707,0
경기,여주시,201708,0
경기,여주시,201709,0
경기,여주시,201710,0
경기,여주시,201711,0
경기,여주시,201712,0
경기,여주시,201801,0
경기,여주시,201802,0
경기,여주시,201804,0
경기,여주시,201807,0
경기,여주시,201808,273
경기,여주시,201809,244
경기,여주시,201810,216
경기,여주시,201811,201
경기,여주시,201812,191
경기,여주시,201901,187
경기,여주시,201902,183
경기,여주시,201903,177
경기,여주시,201904,168
경기,여주시,201905,155
경기,여주시,201906,148
경기,여주시,201907,139
경기,여주시,201908,136
경기,여주시,201909,131
경기,여주시,201910,125
경기,여주시,201911,124
경기,여주시,201912,122
경기,여주시,202001,115
경기,여주시,202002,102
경기,여주시,202003,85
경기,여주시,202004,52
경기,여주시,202005,12
경기,여주시,202006,7
경기,여주시,202007,5
경기,여주시,202008,5
경기,여주시,202009,5
경기,여주시,202010,1
경기,여주시,202011,1
경기,여주시,202012,0
경기,여주시,202101,31
경기,여주시,202102,27
경기,여주시,202103,8
경기,여주시,202104,0
경기,여주시,202105,0
경기,여주시,202106,0
경기,여주시,202107,0
경기,여주시,202108,0
경기,여주시,202109,0
경기,여주시,202110,0
경기,여주시,202111,0
경기,여주시,202112,0
경기,여주시,202201,0
경기,여주시,202202,0
경기,여주시,202203,0
경기,여주시,202204,0
경기,여주시,202205,0
경기,여주시,202206,0
경기,여주시,202207,0
경기,여주시,202208,0
경기,여주시,202209,0
경기,여주시,202210,0
경기,여주시,202211,0
경기,여주시,202212,0
경기,여주시,202301,0
경기,여주시,202302,0
경기,여주시,202303,0
경기,여주시,202304,0
경기,여주시,202305,0
경기,여주시,202306,0
경기,여주시,202307,0
경기,여주시,202308,0
경기,여주시,202309,0
경기,여주시,202310,0
경기,여주시,202311,0
경기,여주시,202312,0
경기,여주시,202401,0
경기,여주시,202402,0
경기,여주시,202403,0
경기,여주시,202404,0
경기,여주시,202405,0
경기,여주시,202406,20
경기,여주시,202407,13
경기,여주시,202408,7
경기,여주시,202409,7
경기,여주시,202410,6
경기,여주시,202411,6
경기,여주시,202412,6
경기,여주시,202501,6
경기,여주시,202502,5
경기,여주시,202503,5
경기,여주시,202504,5
경기,여주시,202505,5
경기,여주시,202506,5
경기,여주시,202507,448
경기,여주시,202508,378
경기,여주시,202509,339
경기,여주시,202510,293
경기,여주시,202511,279
경기,여주시,202512,265
경기,여주시,202601,254
경기,여주시,202602,243
경기,여주시,202603,226
경기,여주시,202604,214
경기,여주시,202605,203
경기,여주시,202606,192
경기,여주시,202607,183
경기,여주시,202608,171
경기,화성시,200701,117
경기,화성시,200702,96
경기,화성시,200703,98
경기,화성시,200704,98
경기,화성시,200705,98
경기,화성시,200706,311
경기,화성시,200707,296
경기,화성시,200708,251
경기,화성시,200709,342
경기,화성시,200710,186
경기,화성시,200711,168
경기,화성시,200712,127
경기,화성시,200801,126
경기,화성시,200802,125
경기,화성시,200803,106
경기,화성시,200804,105
경기,화성시,200805,90
경기,화성시,200806,85
경기,화성시,200807,85
경기,화성시,200808,85
경기,화성시,200809,84
경기,화성시,200810,102
경기,화성시,200811,88
경기,화성시,200812,72
경기,화성시,200901,52
경기,화성시,200902,51
경기,화성시,200903,40
경기,화성시,200904,38
경기,화성시,200905,37
경기,화성시,200906,35
경기,화성시,200907,35
경기,화성시,200908,459
경기,화성시,200909,34
경기,화성시,200910,164
경기,화성시,200911,158
경기,화성시,200912,197
경기,화성시,201001,430
경기,화성시,201002,344
경기,화성시,201003,325
경기,화성시,201004,307
경기,화성시,201005,303
경기,화성시,201006,313
경기,화성시,201007,310
경기,화성시,201008,310
경기,화성시,201009,310
경기,화성시,201010,309
경기,화성시,201011,306
경기,화성시,201012,291
경기,화성시,201101,832
경기,화성시,201102,780
경기,화성시,201103,763
경기,화성시,201104,755
경기,화성시,201105,748
경기,화성시,201106,735
경기,화성시,201107,731
경기,화성시,201108,727
경기,화성시,201109,716
경기,화성시,201110,710
경기,화성시,201111,710
경기,화성시,201112,913
경기,화성시,201201,893
경기,화성시,201202,848
경기,화성시,201203,806
경기,화성시,201204,806
경기,화성시,201205,774
경기,화성시,201206,774
경기,화성시,201207,774
경기,화성시,201208,774
경기,화성시,201209,763
경기,화성시,201210,2299
경기,화성시,201211,2029
경기,화성시,201212,1819
경기,화성시,201301,3094
경기,화성시,201302,2873
경기,화성시,201303,2424
경기,화성시,201304,4119
경기,화성시,201305,4476
경기,화성시,201306,4123
경기,화성시,201307,4011
경기,화성시,201308,3555
경기,화성시,201309,3092
경기,화성시,201310,2874
경기,화성시,201311,2111
경기,화성시,201312,2317
경기,화성시,201401,1707
경기,화성시,201402,1374
경기,화성시,201403,1114
경기,화성시,201404,962
경기,화성시,201405,1107
경기,화성시,201406,826
경기,화성시,201407,701
경기,화성시,201408,576
경기,화성시,201409,514
경기,화성시,201410,1284
경기,화성시,201411,875
경기,화성시,201412,762
경기,화성시,201501,898
경기,화성시,201502,1047
경기,화성시,201503,1047
경기,화성시,201504,1022
경기,화성시,201505,1022
경기,화성시,201506,1546
경기,화성시,201507,1546
경기,화성시,201508,2285
경기,화성시,201509,2285
경기,화성시,201510,2443
경기,화성시,201511,2746
경기,화성시,201512,3617
경기,화성시,201601,3354
경기,화성시,201602,2695
경기,화성시,201603,2282
경기,화성시,201604,1540
경기,화성시,201605,1272
경기,화성시,201606,865
경기,화성시,201607,632
경기,화성시,201608,501
경기,화성시,201609,741
경기,화성시,201610,426
경기,화성시,201611,262
경기,화성시,201612,240
경기,화성시,201701,1828
경기,화성시,201702,2162
경기,화성시,201703,1765
경기,화성시,201704,1575
경기,화성시,201705,1488
경기,화성시,201706,1727
경기,화성시,201707,1574
경기,화성시,201708,1190
경기,화성시,201709,1358
경기,화성시,201710,1150
경기,화성시,201711,1095
경기,화성시,201712,1006
경기,화성시,201801,896
경기,화성시,201802,916
경기,화성시,201803,602
경기,화성시,201804,903
경기,화성시,201805,749
경기,화성시,201806,704
경기,화성시,201807,667
경기,화성시,201808,601
경기,화성시,201809,580
경기,화성시,201810,513
경기,화성시,201811,455
경기,화성시,201812,415
경기,화성시,201901,375
경기,화성시,201902,290
경기,화성시,201903,742
경기,화성시,201904,662
경기,화성시,201905,609
경기,화성시,201906,1263
경기,화성시,201907,1738
경기,화성시,201908,1560
경기,화성시,201909,1321
경기,화성시,201910,1043
경기,화성시,201911,823
경기,화성시,201912,500
경기,화성시,202001,135
경기,화성시,202002,135
경기,화성시,202003,133
경기,화성시,202004,122
경기,화성시,202005,119
경기,화성시,202006,119
경기,화성시,202007,119
경기,화성시,202008,119
경기,화성시,202009,114
경기,화성시,202010,113
경기,화성시,202011,106
경기,화성시,202012,106
경기,화성시,202101,257
경기,화성시,202102,250
경기,화성시,202103,232
경기,화성시,202104,224
경기,화성시,202105,230
경기,화성시,202106,214
경기,화성시,202107,230
경기,화성시,202108,208
경기,화성시,202109,186
경기,화성시,202110,202
경기,화성시,202111,180
경기,화성시,202112,305
경기,화성시,202201,251
경기,화성시,202202,236
경기,화성시,202203,193
경기,화성시,202204,206
경기,화성시,202205,206
경기,화성시,202206,206
경기,화성시,202207,212
경기,화성시,202208,211
경기,화성시,202209,201
경기,화성시,202210,202
경기,화성시,202211,417
경기,화성시,202212,736
경기,화성시,202301,1352
경기,화성시,202302,911
경기,화성시,202303,423
경기,화성시,202304,825
경기,화성시,202305,407
경기,화성시,202306,873
경기,화성시,202307,768
경기,화성시,202308,367
경기,화성시,202309,367
경기,화성시,202310,357
경기,화성시,202311,347
경기,화성시,202312,335
경기,화성시,202401,325
경기,화성시,202402,309
경기,화성시,202403,301
경기,화성시,202404,301
경기,화성시,202405,288
경기,화성시,202406,276
경기,화성시,202407,266
경기,화성시,202408,259
경기,화성시,202409,254
경기,화성시,202410,244
경기,화성시,202411,210
경기,화성시,202412,205
경기,화성시,202501,238
경기,화성시,202502,205
경기,화성시,202503,204
경기,화성시,202504,211
경기,화성시,202505,206
경기,화성시,202506,81
경기,화성시,202507,85
경기,화성시,202508,65
경기,화성시,202509,66
경기,화성시,202510,67
경기,화성시,202511,65
경기,화성시,202512,66
경기,화성시,202601,64
경기,화성시,202602,64
경기,화성시,202603,64
경기,화성시,202604,61
경기,화성시,202605,61
경기,화성시,202606,61
경기,화성시,202607,57
경기,화성시,202608,57
경기,포천시,200701,231
경기,포천시,200702,231
경기,포천시,200703,231
경기,포천시,200704,231
경기,포천시,200705,231
경기,포천시,200706,231
경기,포천시,200707,231
경기,포천시,200708,231
경기,포천시,200709,231
경기,포천시,200710,231
경기,포천시,200711,231
경기,포천시,200712,231
경기,포천시,200801,1848
경기,포천시,200802,110
경기,포천시,200803,78
경기,포천시,200804,78
경기,포천시,200805,78
경기,포천시,200806,78
경기,포천시,200807,46
경기,포천시,200808,46
경기,포천시,200809,46
경기,포천시,200811,26
경기,포천시,200812,26
경기,포천시,200901,26
경기,포천시,200902,25
경기,포천시,200903,63
경기,포천시,200904,63
경기,포천시,200905,63
경기,포천시,200906,63
경기,포천시,200907,63
경기,포천시,200908,0
경기,포천시,200909,828
경기,포천시,200910,0
경기,포천시,200911,0
경기,포천시,200912,0
경기,포천시,201001,0
경기,포천시,201002,0
경기,포천시,201003,0
경기,포천시,201004,0
경기,포천시,201005,0
경기,포천시,201006,0
경기,포천시,201007,0
경기,포천시,201008,0
경기,포천시,201009,0
경기,포천시,201010,0
경기,포천시,201011,0
경기,포천시,201012,0
경기,포천시,201101,0
경기,포천시,201102,0
경기,포천시,201103,0
경기,포천시,201104,0
경기,포천시,201105,0
경기,포천시,201106,0
경기,포천시,201107,0
경기,포천시,201108,0
경기,포천시,201109,0
경기,포천시,201110,0
경기,포천시,201111,0
경기,포천시,201112,0
경기,포천시,201201,0
경기,포천시,201202,0
경기,포천시,201203,0
경기,포천시,201204,0
경기,포천시,201205,0
경기,포천시,201206,0
경기,포천시,201207,0
경기,포천시,201208,0
경기,포천시,201209,0
경기,포천시,201210,0
경기,포천시,201211,0
경기,포천시,201212,0
경기,포천시,201301,0
경기,포천시,201302,0
경기,포천시,201303,0
경기,포천시,201304,0
경기,포천시,201305,0
경기,포천시,201306,0
경기,포천시,201307,0
경기,포천시,201308,0
경기,포천시,201309,0
경기,포천시,201310,0
경기,포천시,201311,0
경기,포천시,201312,0
경기,포천시,201401,0
경기,포천시,201402,0
경기,포천시,201403,0
경기,포천시,201404,0
경기,포천시,201405,0
경기,포천시,201406,0
경기,포천시,201407,0
경기,포천시,201408,0
경기,포천시,201409,0
경기,포천시,201410,0
경기,포천시,201411,0
경기,포천시,201412,0
경기,포천시,201501,0
경기,포천시,201502,0
경기,포천시,201503,0
경기,포천시,201504,0
경기,포천시,201505,0
경기,포천시,201506,0
경기,포천시,201507,0
경기,포천시,201508,0
경기,포천시,201509,0
경기,포천시,201510,0
경기,포천시,201511,0
경기,포천시,201512,0
경기,포천시,201601,181
경기,포천시,201602,126
경기,포천시,201603,83
경기,포천시,201604,24
경기,포천시,201605,20
경기,포천시,201606,15
경기,포천시,201607,3
경기,포천시,201608,2
경기,포천시,201609,0
경기,포천시,201610,0
경기,포천시,201611,0
경기,포천시,201612,0
경기,포천시,201701,0
경기,포천시,201702,0
경기,포천시,201703,0
경기,포천시,201704,0
경기,포천시,201705,0
경기,포천시,201706,0
경기,포천시,201707,0
경기,포천시,201708,0
경기,포천시,201709,0
경기,포천시,201710,0
경기,포천시,201711,0
경기,포천시,201712,0
경기,포천시,201801,0
경기,포천시,201802,0
경기,포천시,201804,0
경기,포천시,201807,0
경기,포천시,201808,0
경기,포천시,201809,211
경기,포천시,201810,193
경기,포천시,201811,170
경기,포천시,201812,79
경기,포천시,201901,130
경기,포천시,201902,120
경기,포천시,201903,99
경기,포천시,201904,90
경기,포천시,201905,96
경기,포천시,201906,100
경기,포천시,201907,61
경기,포천시,201908,43
경기,포천시,201909,41
경기,포천시,201910,31
경기,포천시,201911,40
경기,포천시,201912,29
경기,포천시,202001,24
경기,포천시,202002,18
경기,포천시,202003,18
경기,포천시,202004,18
경기,포천시,202005,18
경기,포천시,202006,18
경기,포천시,202007,18
경기,포천시,202008,18
경기,포천시,202009,17
경기,포천시,202010,17
경기,포천시,202011,17
경기,포천시,202012,17
경기,포천시,202101,2
경기,포천시,202102,2
경기,포천시,202103,4
경기,포천시,202104,2
경기,포천시,202105,2
경기,포천시,202106,73
경기,포천시,202107,0
경기,포천시,202108,49
경기,포천시,202109,0
경기,포천시,202110,0
경기,포천시,202111,0
경기,포천시,202112,0
경기,포천시,202201,0
경기,포천시,202202,0
경기,포천시,202203,0
경기,포천시,202204,0
경기,포천시,202205,0
경기,포천시,202206,0
경기,포천시,202207,0
경기,포천시,202208,0
경기,포천시,202209,0
경기,포천시,202210,0
경기,포천시,202211,0
경기,포천시,202212,0
경기,포천시,202301,0
경기,포천시,202302,0
경기,포천시,202303,0
경기,포천시,202304,0
경기,포천시,202305,0
경기,포천시,202306,0
경기,포천시,202307,0
경기,포천시,202308,0
경기,포천시,202309,0
경기,포천시,202310,151
경기,포천시,202311,95
경기,포천시,202312,86
경기,포천시,202401,84
경기,포천시,202402,84
경기,포천시,202403,83
경기,포천시,202404,83
경기,포천시,202405,83
경기,포천시,202406,83
경기,포천시,202407,83
경기,포천시,202408,83
경기,포천시,202409,130
경기,포천시,202410,130
경기,포천시,202411,123
경기,포천시,202412,123
경기,포천시,202501,123
경기,포천시,202502,123
경기,포천시,202503,123
경기,포천시,202504,123
경기,포천시,202505,123
경기,포천시,202506,123
경기,포천시,202507,123
경기,포천시,202508,123
경기,포천시,202509,123
경기,포천시,202510,123
경기,포천시,202511,123
경기,포천시,202512,123
경기,포천시,202601,123
경기,포천시,202602,123
경기,포천시,202603,123
경기,포천시,202604,123
경기,포천시,202605,123
경기,포천시,202606,123
경기,포천시,202607,123
경기,포천시,202608,123
강원,춘천시,200701,932
강원,춘천시,200702,929
강원,춘천시,200703,1588
강원,춘천시,200704,1486
강원,춘천시,200705,1346
강원,춘천시,200706,1955
강원,춘천시,200707,1789
강원,춘천시,200708,1672
강원,춘천시,200709,1574
강원,춘천시,200710,1840
강원,춘천시,200711,1757
강원,춘천시,200712,1732
강원,춘천시,200801,1664
강원,춘천시,200802,1438
강원,춘천시,200803,1399
강원,춘천시,200804,1218
강원,춘천시,200805,1194
강원,춘천시,200806,1738
강원,춘천시,200807,1449
강원,춘천시,200808,1294
강원,춘천시,200809,1296
강원,춘천시,200810,1363
강원,춘천시,200811,1330
강원,춘천시,200812,1267
강원,춘천시,200901,1215
강원,춘천시,200902,1121
강원,춘천시,200903,1105
강원,춘천시,200904,1160
강원,춘천시,200905,1103
강원,춘천시,200906,999
강원,춘천시,200907,896
강원,춘천시,200908,772
강원,춘천시,200909,643
강원,춘천시,200910,544
강원,춘천시,200911,510
강원,춘천시,200912,485
강원,춘천시,201001,312
강원,춘천시,201002,257
강원,춘천시,201003,232
강원,춘천시,201004,215
강원,춘천시,201005,174
강원,춘천시,201006,127
강원,춘천시,201007,108
강원,춘천시,201008,102
강원,춘천시,201009,101
강원,춘천시,201010,36
강원,춘천시,201011,4
강원,춘천시,201012,2
강원,춘천시,201101,2
강원,춘천시,201102,2
강원,춘천시,201103,2
강원,춘천시,201104,2
강원,춘천시,201105,2
강원,춘천시,201106,2
강원,춘천시,201107,2
강원,춘천시,201108,2
강원,춘천시,201109,2
강원,춘천시,201110,2
강원,춘천시,201111,2
강원,춘천시,201112,2
강원,춘천시,201201,179
강원,춘천시,201202,228
강원,춘천시,201203,227
강원,춘천시,201204,215
강원,춘천시,201205,194
강원,춘천시,201206,238
강원,춘천시,201207,548
강원,춘천시,201208,538
강원,춘천시,201209,526
강원,춘천시,201210,812
강원,춘천시,201211,1158
강원,춘천시,201212,1097
강원,춘천시,201301,961
강원,춘천시,201302,1044
강원,춘천시,201303,1037
강원,춘천시,201304,1017
강원,춘천시,201305,992
강원,춘천시,201306,876
강원,춘천시,201307,853
강원,춘천시,201308,780
강원,춘천시,201309,721
강원,춘천시,201310,689
강원,춘천시,201311,640
강원,춘천시,201312,610
강원,춘천시,201401,588
강원,춘천시,201402,565
강원,춘천시,201403,538
강원,춘천시,201404,508
강원,춘천시,201405,495
강원,춘천시,201406,478
강원,춘천시,201407,452
강원,춘천시,201408,430
강원,춘천시,201409,421
강원,춘천시,201410,403
강원,춘천시,201411,403
강원,춘천시,201412,400
강원,춘천시,201501,396
강원,춘천시,201502,396
강원,춘천시,201503,392
강원,춘천시,201504,389
강원,춘천시,201505,384
강원,춘천시,201506,373
강원,춘천시,201507,333
강원,춘천시,201508,321
강원,춘천시,201509,357
강원,춘천시,201510,357
강원,춘천시,201511,419
강원,춘천시,201512,409
강원,춘천시,201601,403
강원,춘천시,201602,394
강원,춘천시,201603,392
강원,춘천시,201604,355
강원,춘천시,201605,354
강원,춘천시,201606,362
강원,춘천시,201607,593
강원,춘천시,201608,553
강원,춘천시,201609,510
강원,춘천시,201610,471
강원,춘천시,201611,421
강원,춘천시,201612,382
강원,춘천시,201701,330
강원,춘천시,201702,313
강원,춘천시,201703,306
강원,춘천시,201704,297
강원,춘천시,201705,292
강원,춘천시,201706,284
강원,춘천시,201707,344
강원,춘천시,201708,364
강원,춘천시,201709,362
강원,춘천시,201710,311
강원,춘천시,201711,287
강원,춘천시,201712,273
강원,춘천시,201801,263
강원,춘천시,201802,259
강원,춘천시,201803,257
강원,춘천시,201804,249
강원,춘천시,201805,249
강원,춘천시,201806,249
강원,춘천시,201807,249
강원,춘천시,201808,247
강원,춘천시,201809,337
강원,춘천시,201810,306
강원,춘천시,201811,276
강원,춘천시,201812,262
강원,춘천시,201901,243
강원,춘천시,201902,631
강원,춘천시,201903,763
강원,춘천시,201904,605
강원,춘천시,201905,561
강원,춘천시,201906,527
강원,춘천시,201907,484
강원,춘천시,201908,1157
강원,춘천시,201909,1075
강원,춘천시,201910,950
강원,춘천시,201911,849
강원,춘천시,201912,777
강원,춘천시,202001,638
강원,춘천시,202002,527
강원,춘천시,202003,330
강원,춘천시,202004,224
강원,춘천시,202005,199
강원,춘천시,202006,199
강원,춘천시,202007,199
강원,춘천시,202008,200
강원,춘천시,202009,200
강원,춘천시,202010,200
강원,춘천시,202011,200
강원,춘천시,202012,200
강원,춘천시,202101,200
강원,춘천시,202102,200
강원,춘천시,202103,196
강원,춘천시,202104,196
강원,춘천시,202105,196
강원,춘천시,202106,142
강원,춘천시,202107,142
강원,춘천시,202108,142
강원,춘천시,202109,142
강원,춘천시,202110,140
강원,춘천시,202111,140
강원,춘천시,202112,131
강원,춘천시,202201,131
강원,춘천시,202202,131
강원,춘천시,202203,121
강원,춘천시,202204,121
강원,춘천시,202205,121
강원,춘천시,202206,103
강원,춘천시,202207,97
강원,춘천시,202208,187
강원,춘천시,202209,177
강원,춘천시,202210,174
강원,춘천시,202211,171
강원,춘천시,202212,170
강원,춘천시,202301,166
강원,춘천시,202302,164
강원,춘천시,202303,160
강원,춘천시,202304,161
강원,춘천시,202305,157
강원,춘천시,202306,153
강원,춘천시,202307,152
강원,춘천시,202308,144
강원,춘천시,202309,139
강원,춘천시,202310,137
강원,춘천시,202311,136
강원,춘천시,202312,129
강원,춘천시,202401,126
강원,춘천시,202402,118
강원,춘천시,202403,109
강원,춘천시,202404,218
강원,춘천시,202405,180
강원,춘천시,202406,152
강원,춘천시,202407,144
강원,춘천시,202408,137
강원,춘천시,202409,133
강원,춘천시,202410,125
강원,춘천시,202411,340
강원,춘천시,202412,282
강원,춘천시,202501,265
강원,춘천시,202502,251
강원,춘천시,202503,238
강원,춘천시,202504,220
강원,춘천시,202505,212
강원,춘천시,202506,203
강원,춘천시,202507,189
강원,춘천시,202508,173
강원,춘천시,202509,170
강원,춘천시,202510,167
강원,춘천시,202511,166
강원,춘천시,202512,165
강원,춘천시,202601,166
강원,춘천시,202602,166
강원,춘천시,202603,166
강원,춘천시,202604,166
강원,춘천시,202605,167
강원,춘천시,202606,167
강원,춘천시,202607,262
강원,춘천시,202608,260
강원,원주시,200701,1534
강원,원주시,200702,1808
강원,원주시,200703,1666
강원,원주시,200704,1579
강원,원주시,200705,1529
강원,원주시,200706,2321
강원,원주시,200707,2226
강원,원주시,200708,2191
강원,원주시,200709,2184
강원,원주시,200710,2167
강원,원주시,200711,2101
강원,원주시,200712,2082
강원,원주시,200801,2069
강원,원주시,200802,2049
강원,원주시,200803,1759
강원,원주시,200804,1755
강원,원주시,200805,1720
강원,원주시,200806,3212
강원,원주시,200807,3211
강원,원주시,200808,2911
강원,원주시,200809,2815
강원,원주시,200810,3091
강원,원주시,200811,4344
강원,원주시,200812,4269
강원,원주시,200901,4058
강원,원주시,200902,4086
강원,원주시,200903,4070
강원,원주시,200904,4006
강원,원주시,200905,3932
강원,원주시,200906,3869
강원,원주시,200907,3823
강원,원주시,200908,3784
강원,원주시,200909,3722
강원,원주시,200910,3644
강원,원주시,200911,3605
강원,원주시,200912,3566
강원,원주시,201001,2332
강원,원주시,201002,2301
강원,원주시,201003,2266
강원,원주시,201004,2254
강원,원주시,201005,2080
강원,원주시,201006,1915
강원,원주시,201007,1784
강원,원주시,201008,1673
강원,원주시,201009,1626
강원,원주시,201010,1533
강원,원주시,201011,1472
강원,원주시,201012,1404
강원,원주시,201101,1358
강원,원주시,201102,1302
강원,원주시,201103,1230
강원,원주시,201104,1171
강원,원주시,201105,1136
강원,원주시,201106,1078
강원,원주시,201107,982
강원,원주시,201108,885
강원,원주시,201109,779
강원,원주시,201110,699
강원,원주시,201111,494
강원,원주시,201112,618
강원,원주시,201201,529
강원,원주시,201202,470
강원,원주시,201203,448
강원,원주시,201204,343
강원,원주시,201205,308
강원,원주시,201206,627
강원,원주시,201207,573
강원,원주시,201208,495
강원,원주시,201209,1244
강원,원주시,201210,1151
강원,원주시,201211,1082
강원,원주시,201212,978
강원,원주시,201301,936
강원,원주시,201302,936
강원,원주시,201303,724
강원,원주시,201304,1083
강원,원주시,201305,762
강원,원주시,201306,622
강원,원주시,201307,556
강원,원주시,201308,531
강원,원주시,201309,497
강원,원주시,201310,438
강원,원주시,201311,370
강원,원주시,201312,362
강원,원주시,201401,330
강원,원주시,201402,304
강원,원주시,201403,276
강원,원주시,201404,250
강원,원주시,201405,229
강원,원주시,201406,218
강원,원주시,201407,207
강원,원주시,201408,197
강원,원주시,201409,188
강원,원주시,201410,1791
강원,원주시,201411,1627
강원,원주시,201412,1541
강원,원주시,201501,1470
강원,원주시,201502,1418
강원,원주시,201503,1300
강원,원주시,201504,1226
강원,원주시,201505,1133
강원,원주시,201506,1031
강원,원주시,201507,110
강원,원주시,201508,84
강원,원주시,201509,71
강원,원주시,201510,13
강원,원주시,201511,188
강원,원주시,201512,170
강원,원주시,201601,376
강원,원주시,201602,436
강원,원주시,201603,126
강원,원주시,201604,388
강원,원주시,201605,293
강원,원주시,201606,173
강원,원주시,201607,504
강원,원주시,201608,278
강원,원주시,201609,458
강원,원주시,201610,274
강원,원주시,201611,1439
강원,원주시,201612,1130
강원,원주시,201701,1338
강원,원주시,201702,1298
강원,원주시,201703,1143
강원,원주시,201704,1058
강원,원주시,201705,945
강원,원주시,201706,1086
강원,원주시,201707,708
강원,원주시,201708,569
강원,원주시,201709,830
강원,원주시,201710,618
강원,원주시,201711,468
강원,원주시,201712,390
강원,원주시,201801,338
강원,원주시,201802,1821
강원,원주시,201803,1756
강원,원주시,201804,1690
강원,원주시,201805,1638
강원,원주시,201806,1551
강원,원주시,201807,1809
강원,원주시,201808,1722
강원,원주시,201809,1515
강원,원주시,201810,1407
강원,원주시,201811,1335
강원,원주시,201812,1291
강원,원주시,201901,1238
강원,원주시,201902,1178
강원,원주시,201903,1114
강원,원주시,201904,3350
강원,원주시,201905,3396
강원,원주시,201906,3352
강원,원주시,201907,3281
강원,원주시,201908,3228
강원,원주시,201909,3115
강원,원주시,201910,2983
강원,원주시,201911,2701
강원,원주시,201912,1763
강원,원주시,202001,900
강원,원주시,202002,384
강원,원주시,202003,344
강원,원주시,202004,53
강원,원주시,202005,22
강원,원주시,202006,17
강원,원주시,202007,6
강원,원주시,202008,6
강원,원주시,202009,28
강원,원주시,202010,6
강원,원주시,202011,6
강원,원주시,202012,822
강원,원주시,202101,735
강원,원주시,202102,632
강원,원주시,202103,533
강원,원주시,202104,405
강원,원주시,202105,237
강원,원주시,202106,142
강원,원주시,202107,22
강원,원주시,202108,22
강원,원주시,202109,0
강원,원주시,202110,0
강원,원주시,202111,0
강원,원주시,202112,0
강원,원주시,202201,0
강원,원주시,202202,0
강원,원주시,202203,0
강원,원주시,202204,0
강원,원주시,202205,0
강원,원주시,202206,0
강원,원주시,202207,0
강원,원주시,202208,0
강원,원주시,202209,0
강원,원주시,202210,1049
강원,원주시,202211,952
강원,원주시,202212,1255
강원,원주시,202301,1987
강원,원주시,202302,1868
강원,원주시,202303,1652
강원,원주시,202304,1537
강원,원주시,202305,1270
강원,원주시,202306,1175
강원,원주시,202307,1938
강원,원주시,202308,1870
강원,원주시,202309,2175
강원,원주시,202310,1894
강원,원주시,202311,1693
강원,원주시,202312,1410
강원,원주시,202401,1218
강원,원주시,202402,1082
강원,원주시,202403,1107
강원,원주시,202404,1014
강원,원주시,202405,963
강원,원주시,202406,2096
강원,원주시,202407,2014
강원,원주시,202408,1777
강원,원주시,202409,1799
강원,원주시,202410,1516
강원,원주시,202411,1371
강원,원주시,202412,1228
강원,원주시,202501,1095
강원,원주시,202502,985
강원,원주시,202503,920
강원,원주시,202504,849
강원,원주시,202505,704
강원,원주시,202506,617
강원,원주시,202507,576
강원,원주시,202508,506
강원,원주시,202509,483
강원,원주시,202510,470
강원,원주시,202511,448
강원,원주시,202512,427
강원,원주시,202601,414
강원,원주시,202602,405
강원,원주시,202603,328
강원,원주시,202604,364
강원,원주시,202605,404
강원,원주시,202606,389
강원,원주시,202607,325
강원,원주시,202608,298
강원,강릉시,200701,692
강원,강릉시,200702,673
강원,강릉시,200703,577
강원,강릉시,200704,560
강원,강릉시,200705,547
강원,강릉시,200706,534
강원,강릉시,200707,1041
강원,강릉시,200708,1023
강원,강릉시,200709,1023
강원,강릉시,200710,960
강원,강릉시,200711,899
강원,강릉시,200712,1071
강원,강릉시,200801,943
강원,강릉시,200802,938
강원,강릉시,200803,935
강원,강릉시,200804,1196
강원,강릉시,200805,1200
강원,강릉시,200806,1622
강원,강릉시,200807,1618
강원,강릉시,200808,1747
강원,강릉시,200809,1745
강원,강릉시,200810,1721
강원,강릉시,200811,2042
강원,강릉시,200812,1888
강원,강릉시,200901,1871
강원,강릉시,200902,1838
강원,강릉시,200903,1795
강원,강릉시,200904,1786
강원,강릉시,200905,1775
강원,강릉시,200906,1760
강원,강릉시,200907,1747
강원,강릉시,200908,1750
강원,강릉시,200909,1416
강원,강릉시,200910,1368
강원,강릉시,200911,1350
강원,강릉시,200912,1337
강원,강릉시,201001,1313
강원,강릉시,201002,1167
강원,강릉시,201003,1139
강원,강릉시,201004,1137
강원,강릉시,201005,1137
강원,강릉시,201006,1137
강원,강릉시,201007,1067
강원,강릉시,201008,1063
강원,강릉시,201009,1008
강원,강릉시,201010,984
강원,강릉시,201011,956
강원,강릉시,201012,931
강원,강릉시,201101,919
강원,강릉시,201102,895
강원,강릉시,201103,853
강원,강릉시,201104,804
강원,강릉시,201105,787
강원,강릉시,201106,761
강원,강릉시,201107,735
강원,강릉시,201108,734
강원,강릉시,201109,630
강원,강릉시,201110,555
강원,강릉시,201111,529
강원,강릉시,201112,502
강원,강릉시,201201,494
강원,강릉시,201202,484
강원,강릉시,201203,442
강원,강릉시,201204,419
강원,강릉시,201205,400
강원,강릉시,201206,370
강원,강릉시,201207,358
강원,강릉시,201208,349
강원,강릉시,201209,342
강원,강릉시,201210,326
강원,강릉시,201211,316
강원,강릉시,201212,566
강원,강릉시,201301,534
강원,강릉시,201302,528
강원,강릉시,201303,519
강원,강릉시,201304,519
강원,강릉시,201305,489
강원,강릉시,201306,463
강원,강릉시,201307,690
강원,강릉시,201308,678
강원,강릉시,201309,622
강원,강릉시,201310,601
강원,강릉시,201311,562
강원,강릉시,201312,540
강원,강릉시,201401,510
강원,강릉시,201402,490
강원,강릉시,201403,383
강원,강릉시,201404,365
강원,강릉시,201405,312
강원,강릉시,201406,290
강원,강릉시,201407,284
강원,강릉시,201408,264
강원,강릉시,201409,234
강원,강릉시,201410,304
강원,강릉시,201411,304
강원,강릉시,201412,304
강원,강릉시,201501,304
강원,강릉시,201502,304
강원,강릉시,201503,304
강원,강릉시,201504,274
강원,강릉시,201505,360
강원,강릉시,201506,355
강원,강릉시,201507,330
강원,강릉시,201508,321
강원,강릉시,201509,313
강원,강릉시,201510,313
강원,강릉시,201511,313
강원,강릉시,201512,313
강원,강릉시,201601,548
강원,강릉시,201602,515
강원,강릉시,201603,437
강원,강릉시,201604,341
강원,강릉시,201605,319
강원,강릉시,201606,302
강원,강릉시,201607,292
강원,강릉시,201608,285
강원,강릉시,201609,282
강원,강릉시,201610,279
강원,강릉시,201611,282
강원,강릉시,201612,382
강원,강릉시,201701,367
강원,강릉시,201702,355
강원,강릉시,201703,338
강원,강릉시,201704,563
강원,강릉시,201705,524
강원,강릉시,201706,478
강원,강릉시,201707,442
강원,강릉시,201708,384
강원,강릉시,201709,342
강원,강릉시,201710,335
강원,강릉시,201711,323
강원,강릉시,201712,867
강원,강릉시,201801,699
강원,강릉시,201802,691
강원,강릉시,201803,651
강원,강릉시,201804,624
강원,강릉시,201805,558
강원,강릉시,201806,528
강원,강릉시,201807,504
강원,강릉시,201808,470
강원,강릉시,201809,451
강원,강릉시,201810,430
강원,강릉시,201811,434
강원,강릉시,201812,420
강원,강릉시,201901,400
강원,강릉시,201902,394
강원,강릉시,201903,388
강원,강릉시,201904,365
강원,강릉시,201905,348
강원,강릉시,201906,526
강원,강릉시,201907,493
강원,강릉시,201908,538
강원,강릉시,201909,527
강원,강릉시,201910,510
강원,강릉시,201911,485
강원,강릉시,201912,445
강원,강릉시,202001,428
강원,강릉시,202002,390
강원,강릉시,202003,313
강원,강릉시,202004,304
강원,강릉시,202005,332
강원,강릉시,202006,306
강원,강릉시,202007,293
강원,강릉시,202008,265
강원,강릉시,202009,482
강원,강릉시,202010,540
강원,강릉시,202011,474
강원,강릉시,202012,418
강원,강릉시,202101,333
강원,강릉시,202102,273
강원,강릉시,202103,245
강원,강릉시,202104,224
강원,강릉시,202105,204
강원,강릉시,202106,158
강원,강릉시,202107,154
강원,강릉시,202108,84
강원,강릉시,202109,184
강원,강릉시,202110,177
강원,강릉시,202111,166
강원,강릉시,202112,151
강원,강릉시,202201,142
강원,강릉시,202202,135
강원,강릉시,202203,73
강원,강릉시,202204,71
강원,강릉시,202205,70
강원,강릉시,202206,139
강원,강릉시,202207,130
강원,강릉시,202208,130
강원,강릉시,202209,127
강원,강릉시,202210,162
강원,강릉시,202211,309
강원,강릉시,202212,306
강원,강릉시,202301,326
강원,강릉시,202302,308
강원,강릉시,202303,303
강원,강릉시,202304,303
강원,강릉시,202305,300
강원,강릉시,202306,296
강원,강릉시,202307,296
강원,강릉시,202308,294
강원,강릉시,202309,294
강원,강릉시,202310,507
강원,강릉시,202311,737
강원,강릉시,202312,1139
강원,강릉시,202401,1345
강원,강릉시,202402,1308
강원,강릉시,202403,1252
강원,강릉시,202404,1248
강원,강릉시,202405,1225
강원,강릉시,202406,1216
강원,강릉시,202407,1211
강원,강릉시,202408,1165
강원,강릉시,202409,1060
강원,강릉시,202410,1008
강원,강릉시,202411,972
강원,강릉시,202412,1252
강원,강릉시,202501,1203
강원,강릉시,202502,1188
강원,강릉시,202503,1185
강원,강릉시,202504,1212
강원,강릉시,202505,1341
강원,강릉시,202506,1214
강원,강릉시,202507,1120
강원,강릉시,202508,1115
강원,강릉시,202509,1051
강원,강릉시,202510,1015
강원,강릉시,202511,982
강원,강릉시,202512,941
강원,강릉시,202601,922
강원,강릉시,202602,888
강원,강릉시,202603,901
강원,강릉시,202604,873
강원,강릉시,202605,846
강원,강릉시,202606,1466
강원,강릉시,202607,1311
강원,강릉시,202608,1154
강원,동해시,200701,63
강원,동해시,200702,56
강원,동해시,200703,58
강원,동해시,200704,49
강원,동해시,200705,41
강원,동해시,200706,38
강원,동해시,200707,36
강원,동해시,200708,36
강원,동해시,200709,10
강원,동해시,200710,10
강원,동해시,200711,191
강원,동해시,200712,180
강원,동해시,200801,170
강원,동해시,200802,165
강원,동해시,200803,165
강원,동해시,200804,115
강원,동해시,200805,110
강원,동해시,200806,274
강원,동해시,200807,274
강원,동해시,200808,268
강원,동해시,200809,267
강원,동해시,200810,258
강원,동해시,200811,253
강원,동해시,200812,253
강원,동해시,200901,241
강원,동해시,200902,241
강원,동해시,200903,209
강원,동해시,200904,202
강원,동해시,200905,195
강원,동해시,200906,195
강원,동해시,200907,185
강원,동해시,200908,176
강원,동해시,200909,170
강원,동해시,200910,165
강원,동해시,200911,152
강원,동해시,200912,151
강원,동해시,201001,151
강원,동해시,201002,107
강원,동해시,201003,107
강원,동해시,201004,107
강원,동해시,201005,98
강원,동해시,201006,98
강원,동해시,201007,98
강원,동해시,201008,98
강원,동해시,201009,98
강원,동해시,201010,98
강원,동해시,201011,98
강원,동해시,201012,98
강원,동해시,201101,98
강원,동해시,201102,98
강원,동해시,201103,59
강원,동해시,201104,59
강원,동해시,201105,280
강원,동해시,201106,269
강원,동해시,201107,260
강원,동해시,201108,247
강원,동해시,201109,241
강원,동해시,201110,218
강원,동해시,201111,204
강원,동해시,201112,193
강원,동해시,201201,183
강원,동해시,201202,168
강원,동해시,201203,159
강원,동해시,201204,644
강원,동해시,201205,629
강원,동해시,201206,597
강원,동해시,201207,524
강원,동해시,201208,602
강원,동해시,201209,414
강원,동해시,201210,399
강원,동해시,201211,716
강원,동해시,201212,692
강원,동해시,201301,651
강원,동해시,201302,635
강원,동해시,201303,610
강원,동해시,201304,571
강원,동해시,201305,570
강원,동해시,201306,570
강원,동해시,201307,530
강원,동해시,201308,515
강원,동해시,201309,502
강원,동해시,201310,484
강원,동해시,201311,441
강원,동해시,201312,428
강원,동해시,201401,425
강원,동해시,201402,425
강원,동해시,201403,416
강원,동해시,201404,395
강원,동해시,201405,376
강원,동해시,201406,364
강원,동해시,201407,355
강원,동해시,201408,42
강원,동해시,201409,29
강원,동해시,201410,116
강원,동해시,201411,65
강원,동해시,201412,161
강원,동해시,201501,124
강원,동해시,201502,118
강원,동해시,201503,98
강원,동해시,201504,79
강원,동해시,201505,67
강원,동해시,201506,46
강원,동해시,201507,37
강원,동해시,201508,32
강원,동해시,201509,24
강원,동해시,201510,17
강원,동해시,201511,23
강원,동해시,201512,18
강원,동해시,201601,14
강원,동해시,201602,13
강원,동해시,201603,10
강원,동해시,201604,9
강원,동해시,201605,9
강원,동해시,201606,9
강원,동해시,201607,109
강원,동해시,201608,97
강원,동해시,201609,92
강원,동해시,201610,88
강원,동해시,201611,176
강원,동해시,201612,161
강원,동해시,201701,184
강원,동해시,201702,161
강원,동해시,201703,152
강원,동해시,201704,330
강원,동해시,201705,272
강원,동해시,201706,246
강원,동해시,201707,236
강원,동해시,201708,192
강원,동해시,201709,883
강원,동해시,201710,850
강원,동해시,201711,829
강원,동해시,201712,682
강원,동해시,201801,742
강원,동해시,201802,1284
강원,동해시,201803,1243
강원,동해시,201804,1214
강원,동해시,201805,1182
강원,동해시,201806,1154
강원,동해시,201807,1145
강원,동해시,201808,1126
강원,동해시,201809,1077
강원,동해시,201810,1056
강원,동해시,201811,1031
강원,동해시,201812,1014
강원,동해시,201901,1000
강원,동해시,201902,978
강원,동해시,201903,953
강원,동해시,201904,1108
강원,동해시,201905,1047
강원,동해시,201906,1016
강원,동해시,201907,1001
강원,동해시,201908,901
강원,동해시,201909,873
강원,동해시,201910,832
강원,동해시,201911,786
강원,동해시,201912,750
강원,동해시,202001,687
강원,동해시,202002,633
강원,동해시,202003,585
강원,동해시,202004,488
강원,동해시,202005,468
강원,동해시,202006,361
강원,동해시,202007,314
강원,동해시,202008,266
강원,동해시,202009,226
강원,동해시,202010,172
강원,동해시,202011,152
강원,동해시,202012,127
강원,동해시,202101,54
강원,동해시,202102,40
강원,동해시,202103,6
강원,동해시,202104,5
강원,동해시,202105,3
강원,동해시,202106,206
강원,동해시,202107,175
강원,동해시,202108,149
강원,동해시,202109,145
강원,동해시,202110,85
강원,동해시,202111,38
강원,동해시,202112,32
강원,동해시,202201,31
강원,동해시,202202,30
강원,동해시,202203,28
강원,동해시,202204,27
강원,동해시,202205,25
강원,동해시,202206,22
강원,동해시,202207,21
강원,동해시,202208,20
강원,동해시,202209,20
강원,동해시,202210,19
강원,동해시,202211,19
강원,동해시,202212,19
강원,동해시,202301,18
강원,동해시,202302,18
강원,동해시,202303,18
강원,동해시,202304,16
강원,동해시,202305,16
강원,동해시,202306,15
강원,동해시,202307,12
강원,동해시,202308,10
강원,동해시,202309,10
강원,동해시,202310,10
강원,동해시,202311,7
강원,동해시,202312,5
강원,동해시,202401,7
강원,동해시,202402,6
강원,동해시,202403,3
강원,동해시,202404,1
강원,동해시,202405,1
강원,동해시,202406,0
강원,동해시,202407,0
강원,동해시,202408,0
강원,동해시,202409,0
강원,동해시,202410,0
강원,동해시,202411,0
강원,동해시,202412,0
강원,동해시,202501,0
강원,동해시,202502,0
강원,동해시,202503,0
강원,동해시,202504,0
강원,동해시,202505,0
강원,동해시,202506,0
강원,동해시,202507,0
강원,동해시,202508,0
강원,동해시,202509,0
강원,동해시,202510,0
강원,동해시,202511,0
강원,동해시,202512,0
강원,동해시,202601,0
강원,동해시,202602,0
강원,동해시,202603,0
강원,동해시,202604,0
강원,동해시,202605,0
강원,동해시,202606,0
강원,동해시,202607,0
강원,동해시,202608,0
강원,태백시,200701,300
강원,태백시,200702,294
강원,태백시,200703,290
강원,태백시,200704,274
강원,태백시,200705,261
강원,태백시,200706,254
강원,태백시,200707,230
강원,태백시,200708,280
강원,태백시,200709,536
강원,태백시,200710,484
강원,태백시,200711,458
강원,태백시,200712,387
강원,태백시,200801,361
강원,태백시,200802,353
강원,태백시,200803,350
강원,태백시,200804,348
강원,태백시,200805,345
강원,태백시,200806,766
강원,태백시,200807,763
강원,태백시,200808,734
강원,태백시,200809,677
강원,태백시,200810,663
강원,태백시,200811,734
강원,태백시,200812,728
강원,태백시,200901,710
강원,태백시,200902,705
강원,태백시,200903,702
강원,태백시,200904,712
강원,태백시,200905,711
강원,태백시,200906,710
강원,태백시,200907,708
강원,태백시,200908,694
강원,태백시,200909,693
강원,태백시,200910,692
강원,태백시,200911,688
강원,태백시,200912,684
강원,태백시,201001,681
강원,태백시,201002,677
강원,태백시,201003,672
강원,태백시,201004,555
강원,태백시,201005,551
강원,태백시,201006,539
강원,태백시,201007,533
강원,태백시,201008,476
강원,태백시,201009,457
강원,태백시,201010,430
강원,태백시,201011,405
강원,태백시,201012,365
강원,태백시,201101,351
강원,태백시,201102,327
강원,태백시,201103,315
강원,태백시,201104,309
강원,태백시,201105,259
강원,태백시,201106,210
강원,태백시,201107,192
강원,태백시,201108,124
강원,태백시,201109,114
강원,태백시,201110,100
강원,태백시,201111,96
강원,태백시,201112,84
강원,태백시,201201,81
강원,태백시,201202,78
강원,태백시,201203,78
강원,태백시,201204,78
강원,태백시,201205,78
강원,태백시,201206,77
강원,태백시,201207,69
강원,태백시,201208,69
강원,태백시,201209,66
강원,태백시,201210,66
강원,태백시,201211,122
강원,태백시,201212,122
강원,태백시,201301,122
강원,태백시,201302,122
강원,태백시,201303,31
강원,태백시,201304,31
강원,태백시,201305,31
강원,태백시,201306,28
강원,태백시,201307,28
강원,태백시,201308,28
강원,태백시,201309,423
강원,태백시,201310,326
강원,태백시,201311,465
강원,태백시,201312,445
강원,태백시,201401,415
강원,태백시,201402,408
강원,태백시,201403,402
강원,태백시,201404,402
강원,태백시,201405,123
강원,태백시,201406,98
강원,태백시,201407,98
강원,태백시,201408,87
강원,태백시,201409,85
강원,태백시,201410,82
강원,태백시,201411,79
강원,태백시,201412,78
강원,태백시,201501,58
강원,태백시,201502,58
강원,태백시,201503,57
강원,태백시,201504,56
강원,태백시,201505,56
강원,태백시,201506,52
강원,태백시,201507,51
강원,태백시,201508,51
강원,태백시,201509,51
강원,태백시,201510,51
강원,태백시,201511,51
강원,태백시,201512,51
강원,태백시,201601,51
강원,태백시,201602,51
강원,태백시,201603,51
강원,태백시,201604,51
강원,태백시,201605,51
강원,태백시,201606,51
강원,태백시,201607,51
강원,태백시,201608,46
강원,태백시,201609,46
강원,태백시,201610,3
강원,태백시,201611,3
강원,태백시,201612,3
강원,태백시,201701,3
강원,태백시,201702,3
강원,태백시,201703,3
강원,태백시,201704,3
강원,태백시,201705,13
강원,태백시,201706,13
강원,태백시,201707,13
강원,태백시,201708,13
강원,태백시,201709,13
강원,태백시,201710,13
강원,태백시,201711,13
강원,태백시,201712,8
강원,태백시,201801,8
강원,태백시,201802,8
강원,태백시,201803,8
강원,태백시,201804,8
강원,태백시,201805,8
강원,태백시,201806,8
강원,태백시,201807,8
강원,태백시,201808,8
강원,태백시,201809,138
강원,태백시,201810,138
강원,태백시,201811,133
강원,태백시,201812,125
강원,태백시,201901,119
강원,태백시,201902,110
강원,태백시,201903,110
강원,태백시,201904,105
강원,태백시,201905,97
강원,태백시,201906,72
강원,태백시,201907,70
강원,태백시,201908,46
강원,태백시,201909,46
강원,태백시,201910,32
강원,태백시,201911,17
강원,태백시,201912,5
강원,태백시,202001,3
강원,태백시,202002,0
강원,태백시,202003,0
강원,태백시,202004,0
강원,태백시,202005,0
강원,태백시,202006,0
강원,태백시,202007,0
강원,태백시,202008,0
강원,태백시,202009,0
강원,태백시,202010,0
강원,태백시,202011,0
강원,태백시,202012,0
강원,태백시,202101,0
강원,태백시,202102,0
강원,태백시,202103,0
강원,태백시,202104,0
강원,태백시,202105,0
강원,태백시,202106,0
강원,태백시,202107,0
강원,태백시,202108,0
강원,태백시,202109,0
강원,태백시,202110,0
강원,태백시,202111,0
강원,태백시,202112,0
강원,태백시,202201,0
강원,태백시,202202,0
강원,태백시,202203,0
강원,태백시,202204,0
강원,태백시,202205,0
강원,태백시,202206,0
강원,태백시,202207,0
강원,태백시,202208,0
강원,태백시,202209,0
강원,태백시,202210,0
강원,태백시,202211,0
강원,태백시,202212,0
강원,태백시,202301,0
강원,태백시,202302,0
강원,태백시,202303,0
강원,태백시,202304,0
강원,태백시,202305,0
강원,태백시,202306,0
강원,태백시,202307,0
강원,태백시,202308,0
강원,태백시,202309,0
강원,태백시,202310,0
강원,태백시,202311,0
강원,태백시,202312,0
강원,태백시,202401,0
강원,태백시,202402,0
강원,태백시,202403,0
강원,태백시,202404,0
강원,태백시,202405,0
강원,태백시,202406,0
강원,태백시,202407,0
강원,태백시,202408,0
강원,태백시,202409,0
강원,태백시,202410,0
강원,태백시,202411,0
강원,태백시,202412,0
강원,태백시,202501,0
강원,태백시,202502,0
강원,태백시,202503,0
강원,태백시,202504,0
강원,태백시,202505,0
강원,태백시,202506,0
강원,태백시,202507,0
강원,태백시,202508,0
강원,태백시,202509,0
강원,태백시,202510,0
강원,태백시,202511,0
강원,태백시,202512,0
강원,태백시,202601,0
강원,태백시,202602,0
강원,태백시,202603,0
강원,태백시,202604,0
강원,태백시,202605,0
강원,태백시,202606,0
강원,태백시,202607,0
강원,태백시,202608,0
강원,속초시,200701,0
강원,속초시,200702,0
강원,속초시,200703,0
강원,속초시,200704,0
강원,속초시,200705,0
강원,속초시,200706,0
강원,속초시,200707,0
강원,속초시,200708,0
강원,속초시,200709,0
강원,속초시,200710,0
강원,속초시,200711,0
강원,속초시,200712,0
강원,속초시,200801,0
강원,속초시,200802,0
강원,속초시,200803,0
강원,속초시,200804,0
강원,속초시,200805,0
강원,속초시,200806,1208
강원,속초시,200807,1195
강원,속초시,200808,1189
강원,속초시,200809,1172
강원,속초시,200810,126
강원,속초시,200811,129
강원,속초시,200812,129
강원,속초시,200901,129
강원,속초시,200902,129
강원,속초시,200903,127
강원,속초시,200904,126
강원,속초시,200905,122
강원,속초시,200906,122
강원,속초시,200907,122
강원,속초시,200908,122
강원,속초시,200909,119
강원,속초시,200910,90
강원,속초시,200911,87
강원,속초시,200912,22
강원,속초시,201001,21
강원,속초시,201002,19
강원,속초시,201003,16
강원,속초시,201004,16
강원,속초시,201005,16
강원,속초시,201006,16
강원,속초시,201007,16
강원,속초시,201008,16
강원,속초시,201009,10
강원,속초시,201010,10
강원,속초시,201011,10
강원,속초시,201012,0
강원,속초시,201101,0
강원,속초시,201102,0
강원,속초시,201103,0
강원,속초시,201104,0
강원,속초시,201105,0
강원,속초시,201106,0
강원,속초시,201107,0
강원,속초시,201108,0
강원,속초시,201109,0
강원,속초시,201110,0
강원,속초시,201111,0
강원,속초시,201112,0
강원,속초시,201201,0
강원,속초시,201202,328
강원,속초시,201203,328
강원,속초시,201204,328
강원,속초시,201205,239
강원,속초시,201206,239
강원,속초시,201207,239
강원,속초시,201208,220
강원,속초시,201209,210
강원,속초시,201210,210
강원,속초시,201211,200
강원,속초시,201212,200
강원,속초시,201301,200
강원,속초시,201302,200
강원,속초시,201303,200
강원,속초시,201304,200
강원,속초시,201305,200
강원,속초시,201306,200
강원,속초시,201307,248
강원,속초시,201308,248
강원,속초시,201309,209
강원,속초시,201310,155
강원,속초시,201311,155
강원,속초시,201312,153
강원,속초시,201401,153
강원,속초시,201402,343
강원,속초시,201403,323
강원,속초시,201404,312
강원,속초시,201405,279
강원,속초시,201406,241
강원,속초시,201407,210
강원,속초시,201408,171
강원,속초시,201409,148
강원,속초시,201410,145
강원,속초시,201411,107
강원,속초시,201412,88
강원,속초시,201501,84
강원,속초시,201502,71
강원,속초시,201503,71
강원,속초시,201504,49
강원,속초시,201505,33
강원,속초시,201506,18
강원,속초시,201507,7
강원,속초시,201508,7
강원,속초시,201509,6
강원,속초시,201510,6
강원,속초시,201511,6
강원,속초시,201512,6
강원,속초시,201601,6
강원,속초시,201602,6
강원,속초시,201603,6
강원,속초시,201604,6
강원,속초시,201605,6
강원,속초시,201606,6
강원,속초시,201607,19
강원,속초시,201608,16
강원,속초시,201609,23
강원,속초시,201610,67
강원,속초시,201611,12
강원,속초시,201612,12
강원,속초시,201701,12
강원,속초시,201702,14
강원,속초시,201703,26
강원,속초시,201704,18
강원,속초시,201705,17
강원,속초시,201706,17
강원,속초시,201707,17
강원,속초시,201708,14
강원,속초시,201709,14
강원,속초시,201710,12
강원,속초시,201711,60
강원,속초시,201712,185
강원,속초시,201801,265
강원,속초시,201802,217
강원,속초시,201803,202
강원,속초시,201804,192
강원,속초시,201805,183
강원,속초시,201806,182
강원,속초시,201807,176
강원,속초시,201808,250
강원,속초시,201809,232
강원,속초시,201810,392
강원,속초시,201811,522
강원,속초시,201812,755
강원,속초시,201901,721
강원,속초시,201902,681
강원,속초시,201903,647
강원,속초시,201904,611
강원,속초시,201905,365
강원,속초시,201906,351
강원,속초시,201907,342
강원,속초시,201908,340
강원,속초시,201909,330
강원,속초시,201910,327
강원,속초시,201911,323
강원,속초시,201912,317
강원,속초시,202001,313
강원,속초시,202002,311
강원,속초시,202003,306
강원,속초시,202004,730
강원,속초시,202005,585
강원,속초시,202006,537
강원,속초시,202007,452
강원,속초시,202008,398
강원,속초시,202009,553
강원,속초시,202010,495
강원,속초시,202011,424
강원,속초시,202012,261
강원,속초시,202101,153
강원,속초시,202102,122
강원,속초시,202103,118
강원,속초시,202104,115
강원,속초시,202105,110
강원,속초시,202106,110
강원,속초시,202107,109
강원,속초시,202108,90
강원,속초시,202109,77
강원,속초시,202110,77
강원,속초시,202111,77
강원,속초시,202112,112
강원,속초시,202201,86
강원,속초시,202202,74
강원,속초시,202203,68
강원,속초시,202204,67
강원,속초시,202205,63
강원,속초시,202206,62
강원,속초시,202207,62
강원,속초시,202208,203
강원,속초시,202209,193
강원,속초시,202210,169
강원,속초시,202211,170
강원,속초시,202212,170
강원,속초시,202301,168
강원,속초시,202302,168
강원,속초시,202303,168
강원,속초시,202304,168
강원,속초시,202305,165
강원,속초시,202306,165
강원,속초시,202307,165
강원,속초시,202308,711
강원,속초시,202309,670
강원,속초시,202310,661
강원,속초시,202311,648
강원,속초시,202312,686
강원,속초시,202401,691
강원,속초시,202402,692
강원,속초시,202403,690
강원,속초시,202404,692
강원,속초시,202405,687
강원,속초시,202406,714
강원,속초시,202407,1268
강원,속초시,202408,1116
강원,속초시,202409,1074
강원,속초시,202410,1052
강원,속초시,202411,1023
강원,속초시,202412,1019
강원,속초시,202501,1020
강원,속초시,202502,1021
강원,속초시,202503,1021
강원,속초시,202504,999
강원,속초시,202505,963
강원,속초시,202506,934
강원,속초시,202507,910
강원,속초시,202508,845
강원,속초시,202509,788
강원,속초시,202510,750
강원,속초시,202511,715
강원,속초시,202512,686
강원,속초시,202601,658
강원,속초시,202602,645
강원,속초시,202603,612
강원,속초시,202604,600
강원,속초시,202605,591
강원,속초시,202606,565
강원,속초시,202607,556
강원,속초시,202608,551
강원,삼척시,200701,380
강원,삼척시,200702,335
강원,삼척시,200703,333
강원,삼척시,200704,328
강원,삼척시,200705,328
강원,삼척시,200706,328
강원,삼척시,200707,321
강원,삼척시,200708,311
강원,삼척시,200709,309
강원,삼척시,200710,296
강원,삼척시,200711,296
강원,삼척시,200712,292
강원,삼척시,200801,292
강원,삼척시,200802,290
강원,삼척시,200803,290
강원,삼척시,200804,290
강원,삼척시,200805,290
강원,삼척시,200806,451
강원,삼척시,200807,434
강원,삼척시,200808,430
강원,삼척시,200809,429
강원,삼척시,200810,429
강원,삼척시,200811,407
강원,삼척시,200812,413
강원,삼척시,200901,413
강원,삼척시,200902,399
강원,삼척시,200903,387
강원,삼척시,200904,383
강원,삼척시,200905,59
강원,삼척시,200906,59
강원,삼척시,200907,53
강원,삼척시,200908,49
강원,삼척시,200909,49
강원,삼척시,200910,49
강원,삼척시,200911,49
강원,삼척시,200912,33
강원,삼척시,201001,34
강원,삼척시,201002,34
강원,삼척시,201003,0
강원,삼척시,201004,0
강원,삼척시,201005,0
강원,삼척시,201006,0
강원,삼척시,201007,0
강원,삼척시,201008,0
강원,삼척시,201009,0
강원,삼척시,201010,0
강원,삼척시,201011,0
강원,삼척시,201012,0
강원,삼척시,201101,0
강원,삼척시,201102,0
강원,삼척시,201103,0
강원,삼척시,201104,0
강원,삼척시,201105,0
강원,삼척시,201106,0
강원,삼척시,201107,0
강원,삼척시,201108,0
강원,삼척시,201109,0
강원,삼척시,201110,0
강원,삼척시,201111,0
강원,삼척시,201112,0
강원,삼척시,201201,0
강원,삼척시,201202,0
강원,삼척시,201203,0
강원,삼척시,201204,0
강원,삼척시,201205,0
강원,삼척시,201206,0
강원,삼척시,201207,0
강원,삼척시,201208,0
강원,삼척시,201209,0
강원,삼척시,201210,0
강원,삼척시,201211,0
강원,삼척시,201212,0
강원,삼척시,201301,0
강원,삼척시,201302,0
강원,삼척시,201303,0
강원,삼척시,201304,0
강원,삼척시,201305,0
강원,삼척시,201306,0
강원,삼척시,201307,0
강원,삼척시,201308,0
강원,삼척시,201309,0
강원,삼척시,201310,0
강원,삼척시,201311,0
강원,삼척시,201312,0
강원,삼척시,201401,0
강원,삼척시,201402,0
강원,삼척시,201403,54
강원,삼척시,201404,108
강원,삼척시,201405,103
강원,삼척시,201406,92
강원,삼척시,201407,99
강원,삼척시,201408,84
강원,삼척시,201409,77
강원,삼척시,201410,72
강원,삼척시,201411,70
강원,삼척시,201412,68
강원,삼척시,201501,65
강원,삼척시,201502,61
강원,삼척시,201503,57
강원,삼척시,201504,49
강원,삼척시,201505,281
강원,삼척시,201506,982
강원,삼척시,201507,713
강원,삼척시,201508,682
강원,삼척시,201509,682
강원,삼척시,201510,645
강원,삼척시,201511,626
강원,삼척시,201512,610
강원,삼척시,201601,595
강원,삼척시,201602,578
강원,삼척시,201603,574
강원,삼척시,201604,559
강원,삼척시,201605,542
강원,삼척시,201606,505
강원,삼척시,201607,485
강원,삼척시,201608,471
강원,삼척시,201609,462
강원,삼척시,201610,332
강원,삼척시,201611,334
강원,삼척시,201612,331
강원,삼척시,201701,330
강원,삼척시,201702,177
강원,삼척시,201703,162
강원,삼척시,201704,146
강원,삼척시,201705,133
강원,삼척시,201706,118
강원,삼척시,201707,117
강원,삼척시,201708,95
강원,삼척시,201709,91
강원,삼척시,201710,81
강원,삼척시,201711,61
강원,삼척시,201712,23
강원,삼척시,201801,45
강원,삼척시,201802,41
강원,삼척시,201803,39
강원,삼척시,201804,35
강원,삼척시,201805,56
강원,삼척시,201806,57
강원,삼척시,201807,45
강원,삼척시,201808,43
강원,삼척시,201809,43
강원,삼척시,201810,36
강원,삼척시,201811,36
강원,삼척시,201812,35
강원,삼척시,201901,32
강원,삼척시,201902,32
강원,삼척시,201903,32
강원,삼척시,201904,31
강원,삼척시,201905,31
강원,삼척시,201906,31
강원,삼척시,201907,31
강원,삼척시,201908,24
강원,삼척시,201909,20
강원,삼척시,201910,18
강원,삼척시,201911,278
강원,삼척시,201912,270
강원,삼척시,202001,262
강원,삼척시,202002,243
강원,삼척시,202003,240
강원,삼척시,202004,231
강원,삼척시,202005,223
강원,삼척시,202006,217
강원,삼척시,202007,207
강원,삼척시,202008,202
강원,삼척시,202009,198
강원,삼척시,202010,189
강원,삼척시,202011,182
강원,삼척시,202012,175
강원,삼척시,202101,159
강원,삼척시,202102,143
강원,삼척시,202103,108
강원,삼척시,202104,82
강원,삼척시,202105,72
강원,삼척시,202106,56
강원,삼척시,202107,242
강원,삼척시,202108,196
강원,삼척시,202109,177
강원,삼척시,202110,138
강원,삼척시,202111,112
강원,삼척시,202112,99
강원,삼척시,202201,94
강원,삼척시,202202,77
강원,삼척시,202203,70
강원,삼척시,202204,49
강원,삼척시,202205,30
강원,삼척시,202206,91
강원,삼척시,202207,91
강원,삼척시,202208,87
강원,삼척시,202209,82
강원,삼척시,202210,79
강원,삼척시,202211,62
강원,삼척시,202212,61
강원,삼척시,202301,59
강원,삼척시,202302,56
강원,삼척시,202303,54
강원,삼척시,202304,54
강원,삼척시,202305,54
강원,삼척시,202306,54
강원,삼척시,202307,53
강원,삼척시,202308,49
강원,삼척시,202309,43
강원,삼척시,202310,43
강원,삼척시,202311,40
강원,삼척시,202312,40
강원,삼척시,202401,40
강원,삼척시,202402,40
강원,삼척시,202403,37
강원,삼척시,202404,35
강원,삼척시,202405,32
강원,삼척시,202406,33
강원,삼척시,202407,33
강원,삼척시,202408,32
강원,삼척시,202409,30
강원,삼척시,202410,79
강원,삼척시,202411,79
강원,삼척시,202412,78
강원,삼척시,202501,78
강원,삼척시,202502,77
강원,삼척시,202503,77
강원,삼척시,202504,76
강원,삼척시,202505,76
강원,삼척시,202506,76
강원,삼척시,202507,76
강원,삼척시,202508,76
강원,삼척시,202509,323
강원,삼척시,202510,317
강원,삼척시,202511,299
강원,삼척시,202512,279
강원,삼척시,202601,261
강원,삼척시,202602,249
강원,삼척시,202603,155
강원,삼척시,202604,140
강원,삼척시,202605,120
강원,삼척시,202606,106
강원,삼척시,202607,88
강원,삼척시,202608,73
강원,홍천군,200701,246
강원,홍천군,200702,233
강원,홍천군,200703,225
강원,홍천군,200704,216
강원,홍천군,200705,215
강원,홍천군,200706,213
강원,홍천군,200707,213
강원,홍천군,200708,209
강원,홍천군,200709,202
강원,홍천군,200710,202
강원,홍천군,200711,198
강원,홍천군,200712,191
강원,홍천군,200801,188
강원,홍천군,200802,188
강원,홍천군,200803,186
강원,홍천군,200804,183
강원,홍천군,200805,180
강원,홍천군,200806,221
강원,홍천군,200807,151
강원,홍천군,200808,145
강원,홍천군,200809,85
강원,홍천군,200810,75
강원,홍천군,200811,54
강원,홍천군,200812,88
강원,홍천군,200901,84
강원,홍천군,200902,78
강원,홍천군,200903,45
강원,홍천군,200904,45
강원,홍천군,200905,45
강원,홍천군,200906,45
강원,홍천군,200907,45
강원,홍천군,200908,45
강원,홍천군,200909,45
강원,홍천군,200910,37
강원,홍천군,200911,37
강원,홍천군,200912,37
강원,홍천군,201001,37
강원,홍천군,201002,37
강원,홍천군,201003,37
강원,홍천군,201004,37
강원,홍천군,201005,37
강원,홍천군,201006,37
강원,홍천군,201007,37
강원,홍천군,201008,37
강원,홍천군,201009,37
강원,홍천군,201010,37
강원,홍천군,201011,37
강원,홍천군,201012,37
강원,홍천군,201101,0
강원,홍천군,201102,0
강원,홍천군,201103,0
강원,홍천군,201104,0
강원,홍천군,201105,0
강원,홍천군,201106,0
강원,홍천군,201107,0
강원,홍천군,201108,0
강원,홍천군,201109,0
강원,홍천군,201110,0
강원,홍천군,201111,0
강원,홍천군,201112,0
강원,홍천군,201201,0
강원,홍천군,201202,0
강원,홍천군,201203,0
강원,홍천군,201204,147
강원,홍천군,201205,105
강원,홍천군,201206,102
강원,홍천군,201207,101
강원,홍천군,201208,86
강원,홍천군,201209,48
강원,홍천군,201210,43
강원,홍천군,201211,42
강원,홍천군,201212,41
강원,홍천군,201301,41
강원,홍천군,201302,41
강원,홍천군,201303,36
강원,홍천군,201304,42
강원,홍천군,201305,40
강원,홍천군,201306,35
강원,홍천군,201307,26
강원,홍천군,201308,15
강원,홍천군,201309,11
강원,홍천군,201310,9
강원,홍천군,201311,9
강원,홍천군,201312,8
강원,홍천군,201401,8
강원,홍천군,201402,7
강원,홍천군,201403,6
강원,홍천군,201404,6
강원,홍천군,201405,4
강원,홍천군,201406,4
강원,홍천군,201407,4
강원,홍천군,201408,4
강원,홍천군,201409,4
강원,홍천군,201410,4
강원,홍천군,201411,4
강원,홍천군,201412,4
강원,홍천군,201501,33
강원,홍천군,201502,33
강원,홍천군,201503,33
강원,홍천군,201504,33
강원,홍천군,201505,238
강원,홍천군,201506,222
강원,홍천군,201507,222
강원,홍천군,201508,180
강원,홍천군,201509,171
강원,홍천군,201510,155
강원,홍천군,201511,141
강원,홍천군,201512,130
강원,홍천군,201601,115
강원,홍천군,201602,107
강원,홍천군,201603,99
강원,홍천군,201604,92
강원,홍천군,201605,86
강원,홍천군,201606,80
강원,홍천군,201607,66
강원,홍천군,201608,55
강원,홍천군,201609,41
강원,홍천군,201610,34
강원,홍천군,201611,28
강원,홍천군,201612,28
강원,홍천군,201701,28
강원,홍천군,201702,26
강원,홍천군,201703,26
강원,홍천군,201704,21
강원,홍천군,201705,21
강원,홍천군,201706,20
강원,홍천군,201707,20
강원,홍천군,201708,20
강원,홍천군,201709,20
강원,홍천군,201710,20
강원,홍천군,201711,20
강원,홍천군,201712,20
강원,홍천군,201801,20
강원,홍천군,201802,20
강원,홍천군,201803,20
강원,홍천군,201804,19
강원,홍천군,201805,18
강원,홍천군,201806,18
강원,홍천군,201807,18
강원,홍천군,201808,18
강원,홍천군,201809,18
강원,홍천군,201810,18
강원,홍천군,201811,17
강원,홍천군,201812,15
강원,홍천군,201901,14
강원,홍천군,201902,14
강원,홍천군,201903,14
강원,홍천군,201904,14
강원,홍천군,201905,14
강원,홍천군,201906,14
강원,홍천군,201907,14
강원,홍천군,201908,14
강원,홍천군,201909,14
강원,홍천군,201910,14
강원,홍천군,201911,14
강원,홍천군,201912,8
강원,홍천군,202001,7
강원,홍천군,202002,7
강원,홍천군,202003,7
강원,홍천군,202004,7
강원,홍천군,202005,7
강원,홍천군,202006,7
강원,홍천군,202007,7
강원,홍천군,202008,7
강원,홍천군,202009,7
강원,홍천군,202010,7
강원,홍천군,202011,7
강원,홍천군,202012,7
강원,홍천군,202101,7
강원,홍천군,202102,7
강원,홍천군,202103,7
강원,홍천군,202104,7
강원,홍천군,202105,7
강원,홍천군,202106,7
강원,홍천군,202107,7
강원,홍천군,202108,7
강원,홍천군,202109,7
강원,홍천군,202110,7
강원,홍천군,202111,7
강원,홍천군,202112,7
강원,홍천군,202201,6
강원,홍천군,202202,6
강원,홍천군,202203,5
강원,홍천군,202204,5
강원,홍천군,202205,5
강원,홍천군,202206,5
강원,홍천군,202207,5
강원,홍천군,202208,5
강원,홍천군,202209,5
강원,홍천군,202210,5
강원,홍천군,202211,5
강원,홍천군,202212,5
강원,홍천군,202301,5
강원,홍천군,202302,5
강원,홍천군,202303,5
강원,홍천군,202304,5
강원,홍천군,202305,5
강원,홍천군,202306,5
강원,홍천군,202307,5
강원,홍천군,202308,5
강원,홍천군,202309,5
강원,홍천군,202310,5
강원,홍천군,202311,5
강원,홍천군,202312,5
강원,홍천군,202401,5
강원,홍천군,202402,5
강원,홍천군,202403,5
강원,홍천군,202404,5
강원,홍천군,202405,5
강원,홍천군,202406,5
강원,홍천군,202407,5
강원,홍천군,202408,5
강원,홍천군,202409,5
강원,홍천군,202410,5
강원,홍천군,202411,5
강원,홍천군,202412,5
강원,홍천군,202501,5
강원,홍천군,202502,5
강원,홍천군,202503,5
강원,홍천군,202504,5
강원,홍천군,202505,0
강원,홍천군,202506,0
강원,홍천군,202507,0
강원,홍천군,202508,0
강원,홍천군,202509,0
강원,홍천군,202510,0
강원,홍천군,202511,0
강원,홍천군,202512,0
강원,홍천군,202601,0
강원,홍천군,202602,122
강원,홍천군,202603,117
강원,홍천군,202604,132
강원,홍천군,202605,124
강원,홍천군,202606,112
강원,홍천군,202607,104
강원,홍천군,202608,100
강원,횡성군,200701,18
강원,횡성군,200702,18
강원,횡성군,200703,5
강원,횡성군,200704,5
강원,횡성군,200705,5
강원,횡성군,200706,5
강원,횡성군,200707,5
강원,횡성군,200708,5
강원,횡성군,200709,5
강원,횡성군,200710,5
강원,횡성군,200711,130
강원,횡성군,200712,139
강원,횡성군,200801,147
강원,횡성군,200802,150
강원,횡성군,200803,183
강원,횡성군,200804,202
강원,횡성군,200805,221
강원,횡성군,200806,271
강원,횡성군,200807,229
강원,횡성군,200808,271
강원,횡성군,200809,266
강원,횡성군,200810,262
강원,횡성군,200811,262
강원,횡성군,200812,262
강원,횡성군,200901,261
강원,횡성군,200902,254
강원,횡성군,200903,252
강원,횡성군,200904,252
강원,횡성군,200905,239
강원,횡성군,200906,231
강원,횡성군,200907,222
강원,횡성군,200908,218
강원,횡성군,200909,49
강원,횡성군,200910,37
강원,횡성군,200911,37
강원,횡성군,200912,30
강원,횡성군,201001,30
강원,횡성군,201002,30
강원,횡성군,201003,30
강원,횡성군,201004,21
강원,횡성군,201005,14
강원,횡성군,201006,14
강원,횡성군,201007,14
강원,횡성군,201008,14
강원,횡성군,201009,14
강원,횡성군,201010,14
강원,횡성군,201011,13
강원,횡성군,201012,13
강원,횡성군,201101,13
강원,횡성군,201102,13
강원,횡성군,201103,13
강원,횡성군,201104,13
강원,횡성군,201105,11
강원,횡성군,201106,11
강원,횡성군,201107,11
강원,횡성군,201108,11
강원,횡성군,201109,11
강원,횡성군,201110,11
강원,횡성군,201111,11
강원,횡성군,201112,11
강원,횡성군,201201,11
강원,횡성군,201202,0
강원,횡성군,201203,0
강원,횡성군,201204,0
강원,횡성군,201205,0
강원,횡성군,201206,0
강원,횡성군,201207,0
강원,횡성군,201208,0
강원,횡성군,201209,0
강원,횡성군,201210,0
강원,횡성군,201211,0
강원,횡성군,201212,0
강원,횡성군,201301,0
강원,횡성군,201302,0
강원,횡성군,201303,0
강원,횡성군,201304,0
강원,횡성군,201305,0
강원,횡성군,201306,0
강원,횡성군,201307,0
강원,횡성군,201308,0
강원,횡성군,201309,0
강원,횡성군,201310,0
강원,횡성군,201311,0
강원,횡성군,201312,0
강원,횡성군,201401,0
강원,횡성군,201402,0
강원,횡성군,201403,0
강원,횡성군,201404,0
강원,횡성군,201405,0
강원,횡성군,201406,0
강원,횡성군,201407,0
강원,횡성군,201408,0
강원,횡성군,201409,0
강원,횡성군,201410,0
강원,횡성군,201411,0
강원,횡성군,201412,0
강원,횡성군,201501,0
강원,횡성군,201502,0
강원,횡성군,201503,0
강원,횡성군,201504,0
강원,횡성군,201505,0
강원,횡성군,201506,0
강원,횡성군,201507,0
강원,횡성군,201508,0
강원,횡성군,201509,0
강원,횡성군,201510,0
강원,횡성군,201511,0
강원,횡성군,201512,0
강원,횡성군,201601,0
강원,횡성군,201602,0
강원,횡성군,201603,0
강원,횡성군,201604,130
강원,횡성군,201605,118
강원,횡성군,201606,114
강원,횡성군,201607,112
강원,횡성군,201608,92
강원,횡성군,201609,186
강원,횡성군,201610,165
강원,횡성군,201611,151
강원,횡성군,201612,140
강원,횡성군,201701,133
강원,횡성군,201702,149
강원,횡성군,201703,139
강원,횡성군,201704,134
강원,횡성군,201705,131
강원,횡성군,201706,119
강원,횡성군,201707,110
강원,횡성군,201708,107
강원,횡성군,201709,101
강원,횡성군,201710,97
강원,횡성군,201711,94
강원,횡성군,201712,89
강원,횡성군,201801,80
강원,횡성군,201802,80
강원,횡성군,201803,79
강원,횡성군,201804,77
강원,횡성군,201805,76
강원,횡성군,201806,74
강원,횡성군,201807,72
강원,횡성군,201808,72
강원,횡성군,201809,77
강원,횡성군,201810,75
강원,횡성군,201811,72
강원,횡성군,201812,73
강원,횡성군,201901,70
강원,횡성군,201902,67
강원,횡성군,201903,64
강원,횡성군,201904,63
강원,횡성군,201905,364
강원,횡성군,201906,334
강원,횡성군,201907,321
강원,횡성군,201908,315
강원,횡성군,201909,308
강원,횡성군,201910,303
강원,횡성군,201911,291
강원,횡성군,201912,276
강원,횡성군,202001,265
강원,횡성군,202002,246
강원,횡성군,202003,237
강원,횡성군,202004,225
강원,횡성군,202005,213
강원,횡성군,202006,192
강원,횡성군,202007,175
강원,횡성군,202008,152
강원,횡성군,202009,138
강원,횡성군,202010,120
강원,횡성군,202011,113
강원,횡성군,202012,97
강원,횡성군,202101,80
강원,횡성군,202102,59
강원,횡성군,202103,47
강원,횡성군,202104,42
강원,횡성군,202105,184
강원,횡성군,202106,170
강원,횡성군,202107,161
강원,횡성군,202108,150
강원,횡성군,202109,145
강원,횡성군,202110,140
강원,횡성군,202111,137
강원,횡성군,202112,127
강원,횡성군,202201,124
강원,횡성군,202202,118
강원,횡성군,202203,107
강원,횡성군,202204,105
강원,횡성군,202205,99
강원,횡성군,202206,94
강원,횡성군,202207,88
강원,횡성군,202208,69
강원,횡성군,202209,58
강원,횡성군,202210,52
강원,횡성군,202211,50
강원,횡성군,202212,42
강원,횡성군,202301,38
강원,횡성군,202302,36
강원,횡성군,202303,34
강원,횡성군,202304,30
강원,횡성군,202305,26
강원,횡성군,202306,24
강원,횡성군,202307,21
강원,횡성군,202308,16
강원,횡성군,202309,10
강원,횡성군,202310,9
강원,횡성군,202311,8
강원,횡성군,202312,7
강원,횡성군,202401,4
강원,횡성군,202402,3
강원,횡성군,202403,1
강원,횡성군,202404,1
강원,횡성군,202405,0
강원,횡성군,202406,0
강원,횡성군,202407,0
강원,횡성군,202408,0
강원,횡성군,202409,0
강원,횡성군,202410,0
강원,횡성군,202411,0
강원,횡성군,202412,0
강원,횡성군,202501,0
강원,횡성군,202502,0
강원,횡성군,202503,0
강원,횡성군,202504,0
강원,횡성군,202505,0
강원,횡성군,202506,0
강원,횡성군,202507,0
강원,횡성군,202508,0
강원,횡성군,202509,0
강원,횡성군,202510,0
강원,횡성군,202511,0
강원,횡성군,202512,0
강원,횡성군,202601,0
강원,횡성군,202602,0
강원,횡성군,202603,0
강원,횡성군,202604,0
강원,횡성군,202605,0
강원,횡성군,202606,0
강원,횡성군,202607,0
강원,횡성군,202608,0
강원,영월군,200701,0
강원,영월군,200703,0
강원,영월군,200704,0
강원,영월군,200705,0
강원,영월군,200706,0
강원,영월군,200707,0
강원,영월군,200708,0
강원,영월군,200709,0
강원,영월군,200710,0
강원,영월군,200711,0
강원,영월군,200712,0
강원,영월군,200801,0
강원,영월군,200802,0
강원,영월군,200803,0
강원,영월군,200804,0
강원,영월군,200805,0
강원,영월군,200806,0
강원,영월군,200807,0
강원,영월군,200808,0
강원,영월군,200809,0
강원,영월군,200810,0
강원,영월군,200811,0
강원,영월군,200812,0
강원,영월군,200901,0
강원,영월군,200902,0
강원,영월군,200903,0
강원,영월군,200904,0
강원,영월군,200905,0
강원,영월군,200906,0
강원,영월군,200907,0
강원,영월군,200908,0
강원,영월군,200909,0
강원,영월군,200910,0
강원,영월군,200911,0
강원,영월군,200912,0
강원,영월군,201001,0
강원,영월군,201002,0
강원,영월군,201003,0
강원,영월군,201004,0
강원,영월군,201005,0
강원,영월군,201006,131
강원,영월군,201007,116
강원,영월군,201008,111
강원,영월군,201009,104
강원,영월군,201010,98
강원,영월군,201011,93
강원,영월군,201012,89
강원,영월군,201101,86
강원,영월군,201102,84
강원,영월군,201103,81
강원,영월군,201104,77
강원,영월군,201105,73
강원,영월군,201106,68
강원,영월군,201107,120
강원,영월군,201108,110
강원,영월군,201109,105
강원,영월군,201110,105
강원,영월군,201111,102
강원,영월군,201112,102
강원,영월군,201201,102
강원,영월군,201202,148
강원,영월군,201203,147
강원,영월군,201204,139
강원,영월군,201205,139
강원,영월군,201206,123
강원,영월군,201207,119
강원,영월군,201208,111
강원,영월군,201209,110
강원,영월군,201210,106
강원,영월군,201211,99
강원,영월군,201212,94
강원,영월군,201301,94
강원,영월군,201302,94
강원,영월군,201303,91
강원,영월군,201304,87
강원,영월군,201305,85
강원,영월군,201306,85
강원,영월군,201307,71
강원,영월군,201308,71
강원,영월군,201309,67
강원,영월군,201310,67
강원,영월군,201311,67
강원,영월군,201312,63
강원,영월군,201401,63
강원,영월군,201402,63
강원,영월군,201403,63
강원,영월군,201404,63
강원,영월군,201405,63
강원,영월군,201406,63
강원,영월군,201407,37
강원,영월군,201408,37
강원,영월군,201409,37
강원,영월군,201410,37
강원,영월군,201411,26
강원,영월군,201412,26
강원,영월군,201501,26
강원,영월군,201502,26
강원,영월군,201503,26
강원,영월군,201504,26
강원,영월군,201505,7
강원,영월군,201506,7
강원,영월군,201507,0
강원,영월군,201508,0
강원,영월군,201509,0
강원,영월군,201510,0
강원,영월군,201511,0
강원,영월군,201512,0
강원,영월군,201601,0
강원,영월군,201602,0
강원,영월군,201603,0
강원,영월군,201604,0
강원,영월군,201605,13
강원,영월군,201606,84
강원,영월군,201607,71
강원,영월군,201608,56
강원,영월군,201609,56
강원,영월군,201610,56
강원,영월군,201611,56
강원,영월군,201612,56
강원,영월군,201701,55
강원,영월군,201702,105
강원,영월군,201703,104
강원,영월군,201704,73
강원,영월군,201705,62
강원,영월군,201706,51
강원,영월군,201707,48
강원,영월군,201708,41
강원,영월군,201709,35
강원,영월군,201710,25
강원,영월군,201711,19
강원,영월군,201712,19
강원,영월군,201801,19
강원,영월군,201802,16
강원,영월군,201803,14
강원,영월군,201804,13
강원,영월군,201805,12
강원,영월군,201806,12
강원,영월군,201807,12
강원,영월군,201808,12
강원,영월군,201809,12
강원,영월군,201810,12
강원,영월군,201811,1
강원,영월군,201812,337
강원,영월군,201901,384
강원,영월군,201902,374
강원,영월군,201903,354
강원,영월군,201904,349
강원,영월군,201905,348
강원,영월군,201906,337
강원,영월군,201907,322
강원,영월군,201908,318
강원,영월군,201909,311
강원,영월군,201910,308
강원,영월군,201911,303
강원,영월군,201912,291
강원,영월군,202001,282
강원,영월군,202002,270
강원,영월군,202003,265
강원,영월군,202004,249
강원,영월군,202005,235
강원,영월군,202006,222
강원,영월군,202007,214
강원,영월군,202008,202
강원,영월군,202009,194
강원,영월군,202010,183
강원,영월군,202011,174
강원,영월군,202012,162
강원,영월군,202101,153
강원,영월군,202102,139
강원,영월군,202103,138
강원,영월군,202104,118
강원,영월군,202105,105
강원,영월군,202106,87
강원,영월군,202107,71
강원,영월군,202108,57
강원,영월군,202109,35
강원,영월군,202110,25
강원,영월군,202111,17
강원,영월군,202112,9
강원,영월군,202201,8
강원,영월군,202202,8
강원,영월군,202203,8
강원,영월군,202204,0
강원,영월군,202205,0
강원,영월군,202206,0
강원,영월군,202207,0
강원,영월군,202208,0
강원,영월군,202209,0
강원,영월군,202210,0
강원,영월군,202211,0
강원,영월군,202212,0
강원,영월군,202301,0
강원,영월군,202302,0
강원,영월군,202303,0
강원,영월군,202304,0
강원,영월군,202305,0
강원,영월군,202306,0
강원,영월군,202307,0
강원,영월군,202308,0
강원,영월군,202309,0
강원,영월군,202310,0
강원,영월군,202311,0
강원,영월군,202312,0
강원,영월군,202401,0
강원,영월군,202402,0
강원,영월군,202403,0
강원,영월군,202404,0
강원,영월군,202405,0
강원,영월군,202406,0
강원,영월군,202407,0
강원,영월군,202408,0
강원,영월군,202409,0
강원,영월군,202410,0
강원,영월군,202411,0
강원,영월군,202412,0
강원,영월군,202501,0
강원,영월군,202502,0
강원,영월군,202503,0
강원,영월군,202504,0
강원,영월군,202505,0
강원,영월군,202506,0
강원,영월군,202507,0
강원,영월군,202508,0
강원,영월군,202509,0
강원,영월군,202510,0
강원,영월군,202511,0
강원,영월군,202512,0
강원,영월군,202601,0
강원,영월군,202602,0
강원,영월군,202603,0
강원,영월군,202604,0
강원,영월군,202605,0
강원,영월군,202606,0
강원,영월군,202607,0
강원,영월군,202608,0
강원,평창군,200701,610
강원,평창군,200702,511
강원,평창군,200703,542
강원,평창군,200704,497
강원,평창군,200705,476
강원,평창군,200706,498
강원,평창군,200707,498
강원,평창군,200708,407
강원,평창군,200709,224
강원,평창군,200710,218
강원,평창군,200711,218
강원,평창군,200712,349
강원,평창군,200801,347
강원,평창군,200802,347
강원,평창군,200803,347
강원,평창군,200804,347
강원,평창군,200805,347
강원,평창군,200806,694
강원,평창군,200807,694
강원,평창군,200808,667
강원,평창군,200809,666
강원,평창군,200810,650
강원,평창군,200811,649
강원,평창군,200812,570
강원,평창군,200901,480
강원,평창군,200902,479
강원,평창군,200903,479
강원,평창군,200904,494
강원,평창군,200905,494
강원,평창군,200906,485
강원,평창군,200907,484
강원,평창군,200908,472
강원,평창군,200909,426
강원,평창군,200910,424
강원,평창군,200911,424
강원,평창군,200912,418
강원,평창군,201001,418
강원,평창군,201002,418
강원,평창군,201003,413
강원,평창군,201004,409
강원,평창군,201005,409
강원,평창군,201006,409
강원,평창군,201007,384
강원,평창군,201008,384
강원,평창군,201009,380
강원,평창군,201010,373
강원,평창군,201011,373
강원,평창군,201012,373
강원,평창군,201101,372
강원,평창군,201102,372
강원,평창군,201103,372
강원,평창군,201104,371
강원,평창군,201105,371
강원,평창군,201106,371
강원,평창군,201107,371
강원,평창군,201108,368
강원,평창군,201109,368
강원,평창군,201110,368
강원,평창군,201111,368
강원,평창군,201112,368
강원,평창군,201201,368
강원,평창군,201202,368
강원,평창군,201203,368
강원,평창군,201204,368
강원,평창군,201205,368
강원,평창군,201206,368
강원,평창군,201207,368
강원,평창군,201208,368
강원,평창군,201209,368
강원,평창군,201210,368
강원,평창군,201211,368
강원,평창군,201212,368
강원,평창군,201301,372
강원,평창군,201302,372
강원,평창군,201303,372
강원,평창군,201304,372
강원,평창군,201305,367
강원,평창군,201306,367
강원,평창군,201307,367
강원,평창군,201308,367
강원,평창군,201309,285
강원,평창군,201310,281
강원,평창군,201311,214
강원,평창군,201312,214
강원,평창군,201401,214
강원,평창군,201402,214
강원,평창군,201403,208
강원,평창군,201404,208
강원,평창군,201405,208
강원,평창군,201406,208
강원,평창군,201407,208
강원,평창군,201408,208
강원,평창군,201409,208
강원,평창군,201410,208
강원,평창군,201411,208
강원,평창군,201412,208
강원,평창군,201501,207
강원,평창군,201502,207
강원,평창군,201503,207
강원,평창군,201504,207
강원,평창군,201505,207
강원,평창군,201506,207
강원,평창군,201507,207
강원,평창군,201508,9
강원,평창군,201509,9
강원,평창군,201510,9
강원,평창군,201511,9
강원,평창군,201512,17
강원,평창군,201601,17
강원,평창군,201602,17
강원,평창군,201603,17
강원,평창군,201604,17
강원,평창군,201605,17
강원,평창군,201606,9
강원,평창군,201607,444
강원,평창군,201608,424
강원,평창군,201609,424
강원,평창군,201610,424
강원,평창군,201611,424
강원,평창군,201612,424
강원,평창군,201701,425
강원,평창군,201702,425
강원,평창군,201703,425
강원,평창군,201704,425
강원,평창군,201705,383
강원,평창군,201706,375
강원,평창군,201707,367
강원,평창군,201708,289
강원,평창군,201709,198
강원,평창군,201710,138
강원,평창군,201711,105
강원,평창군,201712,68
강원,평창군,201801,24
강원,평창군,201802,13
강원,평창군,201803,10
강원,평창군,201804,9
강원,평창군,201805,9
강원,평창군,201806,9
강원,평창군,201807,9
강원,평창군,201808,9
강원,평창군,201809,9
강원,평창군,201810,9
강원,평창군,201811,9
강원,평창군,201812,9
강원,평창군,201901,9
강원,평창군,201902,9
강원,평창군,201903,9
강원,평창군,201904,9
강원,평창군,201905,9
강원,평창군,201906,9
강원,평창군,201907,9
강원,평창군,201908,9
강원,평창군,201909,9
강원,평창군,201910,9
강원,평창군,201911,9
강원,평창군,201912,9
강원,평창군,202001,56
강원,평창군,202002,56
강원,평창군,202003,206
강원,평창군,202004,206
강원,평창군,202005,206
강원,평창군,202006,206
강원,평창군,202007,248
강원,평창군,202008,243
강원,평창군,202009,241
강원,평창군,202010,241
강원,평창군,202011,239
강원,평창군,202012,239
강원,평창군,202101,238
강원,평창군,202102,238
강원,평창군,202103,238
강원,평창군,202104,238
강원,평창군,202105,238
강원,평창군,202106,238
강원,평창군,202107,238
강원,평창군,202108,238
강원,평창군,202109,238
강원,평창군,202110,236
강원,평창군,202111,235
강원,평창군,202112,696
강원,평창군,202201,668
강원,평창군,202202,653
강원,평창군,202203,633
강원,평창군,202204,622
강원,평창군,202205,604
강원,평창군,202206,583
강원,평창군,202207,547
강원,평창군,202208,449
강원,평창군,202209,417
강원,평창군,202210,396
강원,평창군,202211,379
강원,평창군,202212,375
강원,평창군,202301,368
강원,평창군,202302,362
강원,평창군,202303,361
강원,평창군,202304,359
강원,평창군,202305,350
강원,평창군,202306,342
강원,평창군,202307,336
강원,평창군,202308,335
강원,평창군,202309,335
강원,평창군,202310,335
강원,평창군,202311,335
강원,평창군,202312,335
강원,평창군,202401,335
강원,평창군,202402,346
강원,평창군,202403,344
강원,평창군,202404,344
강원,평창군,202405,361
강원,평창군,202406,342
강원,평창군,202407,326
강원,평창군,202408,312
강원,평창군,202409,292
강원,평창군,202410,285
강원,평창군,202411,284
강원,평창군,202412,283
강원,평창군,202501,282
강원,평창군,202502,282
강원,평창군,202503,280
강원,평창군,202504,274
강원,평창군,202505,271
강원,평창군,202506,269
강원,평창군,202507,267
강원,평창군,202508,266
강원,평창군,202509,263
강원,평창군,202510,257
강원,평창군,202511,254
강원,평창군,202512,251
강원,평창군,202601,251
강원,평창군,202602,251
강원,평창군,202603,243
강원,평창군,202604,242
강원,평창군,202605,240
강원,평창군,202606,239
강원,평창군,202607,237
강원,평창군,202608,237
강원,정선군,200701,0
강원,정선군,200703,0
강원,정선군,200704,0
강원,정선군,200705,0
강원,정선군,200707,0
강원,정선군,200708,0
강원,정선군,200709,0
강원,정선군,200710,0
강원,정선군,200711,0
강원,정선군,200712,0
강원,정선군,200801,0
강원,정선군,200802,0
강원,정선군,200803,0
강원,정선군,200804,0
강원,정선군,200805,0
강원,정선군,200806,0
강원,정선군,200807,0
강원,정선군,200808,0
강원,정선군,200809,0
강원,정선군,200810,0
강원,정선군,200811,0
강원,정선군,200812,0
강원,정선군,200901,0
강원,정선군,200902,0
강원,정선군,200903,0
강원,정선군,200904,0
강원,정선군,200905,0
강원,정선군,200906,0
강원,정선군,200907,0
강원,정선군,200908,0
강원,정선군,200909,0
강원,정선군,200910,0
강원,정선군,200911,0
강원,정선군,200912,0
강원,정선군,201001,0
강원,정선군,201002,0
강원,정선군,201003,0
강원,정선군,201004,0
강원,정선군,201005,0
강원,정선군,201006,0
강원,정선군,201007,0
강원,정선군,201008,0
강원,정선군,201009,0
강원,정선군,201010,0
강원,정선군,201011,0
강원,정선군,201012,0
강원,정선군,201101,0
강원,정선군,201102,0
강원,정선군,201103,0
강원,정선군,201104,0
강원,정선군,201105,0
강원,정선군,201106,0
강원,정선군,201107,0
강원,정선군,201108,0
강원,정선군,201109,0
강원,정선군,201110,0
강원,정선군,201111,0
강원,정선군,201112,0
강원,정선군,201201,0
강원,정선군,201202,0
강원,정선군,201203,0
강원,정선군,201204,0
강원,정선군,201205,0
강원,정선군,201206,0
강원,정선군,201207,0
강원,정선군,201208,0
강원,정선군,201209,0
강원,정선군,201210,0
강원,정선군,201211,0
강원,정선군,201212,0
강원,정선군,201301,0
강원,정선군,201302,0
강원,정선군,201303,0
강원,정선군,201304,0
강원,정선군,201305,0
강원,정선군,201306,0
강원,정선군,201307,0
강원,정선군,201308,0
강원,정선군,201309,0
강원,정선군,201310,0
강원,정선군,201311,0
강원,정선군,201312,0
강원,정선군,201401,0
강원,정선군,201402,0
강원,정선군,201403,0
강원,정선군,201404,0
강원,정선군,201405,0
강원,정선군,201406,0
강원,정선군,201407,0
강원,정선군,201408,0
강원,정선군,201409,0
강원,정선군,201410,0
강원,정선군,201411,0
강원,정선군,201412,0
강원,정선군,201501,0
강원,정선군,201502,0
강원,정선군,201503,0
강원,정선군,201504,0
강원,정선군,201505,0
강원,정선군,201506,0
강원,정선군,201507,0
강원,정선군,201508,0
강원,정선군,201509,0
강원,정선군,201510,0
강원,정선군,201511,0
강원,정선군,201512,0
강원,정선군,201601,0
강원,정선군,201602,17
강원,정선군,201603,17
강원,정선군,201604,17
강원,정선군,201605,17
강원,정선군,201606,316
강원,정선군,201607,199
강원,정선군,201608,194
강원,정선군,201609,192
강원,정선군,201610,186
강원,정선군,201611,183
강원,정선군,201612,176
강원,정선군,201701,172
강원,정선군,201702,169
강원,정선군,201703,166
강원,정선군,201704,160
강원,정선군,201705,151
강원,정선군,201706,143
강원,정선군,201707,164
강원,정선군,201708,159
강원,정선군,201709,155
강원,정선군,201710,151
강원,정선군,201711,146
강원,정선군,201712,143
강원,정선군,201801,141
강원,정선군,201802,140
강원,정선군,201803,137
강원,정선군,201804,134
강원,정선군,201805,132
강원,정선군,201806,131
강원,정선군,201807,127
강원,정선군,201808,123
강원,정선군,201809,121
강원,정선군,201810,120
강원,정선군,201811,116
강원,정선군,201812,114
강원,정선군,201901,113
강원,정선군,201902,112
강원,정선군,201903,114
강원,정선군,201904,113
강원,정선군,201905,113
강원,정선군,201906,113
강원,정선군,201907,123
강원,정선군,201908,123
강원,정선군,201909,123
강원,정선군,201910,122
강원,정선군,201911,122
강원,정선군,201912,122
강원,정선군,202001,104
강원,정선군,202002,104
강원,정선군,202003,104
강원,정선군,202004,104
강원,정선군,202005,103
강원,정선군,202006,103
강원,정선군,202007,103
강원,정선군,202008,103
강원,정선군,202009,109
강원,정선군,202010,109
강원,정선군,202011,109
강원,정선군,202012,109
강원,정선군,202101,109
강원,정선군,202102,109
강원,정선군,202103,107
강원,정선군,202104,107
강원,정선군,202105,185
강원,정선군,202106,167
강원,정선군,202107,158
강원,정선군,202108,151
강원,정선군,202109,148
강원,정선군,202110,147
강원,정선군,202111,147
강원,정선군,202112,145
강원,정선군,202201,143
강원,정선군,202202,141
강원,정선군,202203,135
강원,정선군,202204,134
강원,정선군,202205,131
강원,정선군,202206,130
강원,정선군,202207,127
강원,정선군,202208,127
강원,정선군,202209,124
강원,정선군,202210,123
강원,정선군,202211,120
강원,정선군,202212,120
강원,정선군,202301,120
강원,정선군,202302,120
강원,정선군,202303,112
강원,정선군,202304,102
강원,정선군,202305,102
강원,정선군,202306,101
강원,정선군,202307,98
강원,정선군,202308,85
강원,정선군,202309,81
강원,정선군,202310,76
강원,정선군,202311,71
강원,정선군,202312,68
강원,정선군,202401,63
강원,정선군,202402,58
강원,정선군,202403,52
강원,정선군,202404,47
강원,정선군,202405,44
강원,정선군,202406,44
강원,정선군,202407,42
강원,정선군,202408,42
강원,정선군,202409,41
강원,정선군,202410,41
강원,정선군,202411,39
강원,정선군,202412,36
강원,정선군,202501,29
강원,정선군,202502,26
강원,정선군,202503,24
강원,정선군,202504,24
강원,정선군,202505,23
강원,정선군,202506,22
강원,정선군,202507,20
강원,정선군,202508,19
강원,정선군,202509,17
강원,정선군,202510,16
강원,정선군,202511,12
강원,정선군,202512,9
강원,정선군,202601,9
강원,정선군,202602,9
강원,정선군,202603,9
강원,정선군,202604,9
강원,정선군,202605,7
강원,정선군,202606,0
강원,정선군,202607,0
강원,정선군,202608,0
강원,철원군,200701,342
강원,철원군,200702,332
강원,철원군,200703,322
강원,철원군,200704,311
강원,철원군,200705,309
강원,철원군,200706,301
강원,철원군,200707,296
강원,철원군,200708,296
강원,철원군,200709,296
강원,철원군,200710,296
강원,철원군,200711,296
강원,철원군,200712,293
강원,철원군,200801,287
강원,철원군,200802,283
강원,철원군,200803,283
강원,철원군,200804,283
강원,철원군,200805,283
강원,철원군,200806,351
강원,철원군,200807,351
강원,철원군,200808,344
강원,철원군,200809,335
강원,철원군,200810,335
강원,철원군,200811,335
강원,철원군,200812,335
강원,철원군,200901,295
강원,철원군,200902,295
강원,철원군,200903,295
강원,철원군,200904,295
강원,철원군,200905,295
강원,철원군,200906,234
강원,철원군,200907,234
강원,철원군,200908,234
강원,철원군,200909,234
강원,철원군,200910,234
강원,철원군,200911,171
강원,철원군,200912,171
강원,철원군,201001,141
강원,철원군,201002,149
강원,철원군,201003,144
강원,철원군,201004,144
강원,철원군,201005,144
강원,철원군,201006,143
강원,철원군,201007,143
강원,철원군,201008,143
강원,철원군,201009,143
강원,철원군,201010,142
강원,철원군,201011,142
강원,철원군,201012,142
강원,철원군,201101,141
강원,철원군,201102,141
강원,철원군,201103,141
강원,철원군,201104,141
강원,철원군,201105,141
강원,철원군,201106,141
강원,철원군,201107,141
강원,철원군,201108,141
강원,철원군,201109,141
강원,철원군,201110,141
강원,철원군,201111,140
강원,철원군,201112,140
강원,철원군,201201,140
강원,철원군,201202,140
강원,철원군,201203,140
강원,철원군,201204,140
강원,철원군,201205,140
강원,철원군,201206,140
강원,철원군,201207,140
강원,철원군,201208,140
강원,철원군,201209,83
강원,철원군,201210,83
강원,철원군,201211,74
강원,철원군,201212,74
강원,철원군,201301,73
강원,철원군,201302,73
강원,철원군,201303,60
강원,철원군,201304,60
강원,철원군,201305,48
강원,철원군,201306,48
강원,철원군,201307,46
강원,철원군,201308,46
강원,철원군,201309,44
강원,철원군,201310,43
강원,철원군,201311,43
강원,철원군,201312,42
강원,철원군,201401,40
강원,철원군,201402,40
강원,철원군,201403,40
강원,철원군,201404,33
강원,철원군,201405,31
강원,철원군,201406,30
강원,철원군,201407,29
강원,철원군,201408,29
강원,철원군,201409,16
강원,철원군,201410,14
강원,철원군,201411,13
강원,철원군,201412,11
강원,철원군,201501,5
강원,철원군,201502,2
강원,철원군,201503,2
강원,철원군,201504,0
강원,철원군,201505,0
강원,철원군,201506,0
강원,철원군,201507,0
강원,철원군,201508,0
강원,철원군,201509,0
강원,철원군,201510,0
강원,철원군,201511,0
강원,철원군,201512,0
강원,철원군,201601,0
강원,철원군,201602,0
강원,철원군,201603,0
강원,철원군,201604,0
강원,철원군,201605,0
강원,철원군,201606,0
강원,철원군,201607,0
강원,철원군,201608,0
강원,철원군,201609,0
강원,철원군,201610,0
강원,철원군,201611,0
강원,철원군,201612,0
강원,철원군,201701,0
강원,철원군,201702,0
강원,철원군,201703,0
강원,철원군,201704,0
강원,철원군,201705,0
강원,철원군,201706,0
강원,철원군,201707,0
강원,철원군,201708,0
강원,철원군,201709,0
강원,철원군,201710,0
강원,철원군,201711,0
강원,철원군,201712,0
강원,철원군,201801,0
강원,철원군,201802,0
강원,철원군,201804,0
강원,철원군,201807,0
강원,철원군,201808,0
강원,철원군,201811,0
강원,철원군,201812,0
강원,철원군,201901,0
강원,철원군,201902,0
강원,철원군,201903,0
강원,철원군,201904,0
강원,철원군,201905,0
강원,철원군,201906,0
강원,철원군,201907,0
강원,철원군,201908,0
강원,철원군,201909,0
강원,철원군,201910,0
강원,철원군,201912,0
강원,철원군,202001,0
강원,철원군,202002,0
강원,철원군,202003,0
강원,철원군,202004,0
강원,철원군,202005,0
강원,철원군,202006,0
강원,철원군,202007,0
강원,철원군,202008,0
강원,철원군,202009,0
강원,철원군,202010,0
강원,철원군,202011,0
강원,철원군,202012,0
강원,철원군,202101,0
강원,철원군,202102,0
강원,철원군,202103,0
강원,철원군,202104,0
강원,철원군,202105,0
강원,철원군,202106,0
강원,철원군,202107,0
강원,철원군,202108,0
강원,철원군,202109,0
강원,철원군,202110,0
강원,철원군,202111,0
강원,철원군,202112,139
강원,철원군,202201,133
강원,철원군,202202,125
강원,철원군,202203,115
강원,철원군,202204,107
강원,철원군,202205,94
강원,철원군,202206,74
강원,철원군,202207,71
강원,철원군,202208,71
강원,철원군,202209,59
강원,철원군,202210,59
강원,철원군,202211,58
강원,철원군,202212,55
강원,철원군,202301,54
강원,철원군,202302,52
강원,철원군,202303,51
강원,철원군,202304,51
강원,철원군,202305,51
강원,철원군,202306,50
강원,철원군,202307,49
강원,철원군,202308,48
강원,철원군,202309,47
강원,철원군,202310,47
강원,철원군,202311,47
강원,철원군,202312,47
강원,철원군,202401,42
강원,철원군,202402,38
강원,철원군,202403,34
강원,철원군,202404,33
강원,철원군,202405,33
강원,철원군,202406,33
강원,철원군,202407,27
강원,철원군,202408,26
강원,철원군,202409,25
강원,철원군,202410,25
강원,철원군,202411,25
강원,철원군,202412,25
강원,철원군,202501,25
강원,철원군,202502,24
강원,철원군,202503,24
강원,철원군,202504,22
강원,철원군,202505,21
강원,철원군,202506,21
강원,철원군,202507,21
강원,철원군,202508,21
강원,철원군,202509,21
강원,철원군,202510,20
강원,철원군,202511,18
강원,철원군,202512,18
강원,철원군,202601,14
강원,철원군,202602,14
강원,철원군,202603,13
강원,철원군,202604,13
강원,철원군,202605,12
강원,철원군,202606,12
강원,철원군,202607,12
강원,철원군,202608,11
강원,화천군,200708,0
강원,화천군,200802,0
강원,화천군,200806,83
강원,화천군,200807,83
강원,화천군,200808,64
강원,화천군,200809,62
강원,화천군,200810,61
강원,화천군,200811,59
강원,화천군,200812,58
강원,화천군,200901,53
강원,화천군,200902,53
강원,화천군,200903,52
강원,화천군,200904,54
강원,화천군,200905,53
강원,화천군,200906,55
강원,화천군,200907,55
강원,화천군,200908,51
강원,화천군,200909,46
강원,화천군,200910,46
강원,화천군,200911,43
강원,화천군,200912,38
강원,화천군,201001,37
강원,화천군,201002,36
강원,화천군,201003,34
강원,화천군,201004,29
강원,화천군,201005,27
강원,화천군,201006,26
강원,화천군,201007,24
강원,화천군,201008,23
강원,화천군,201009,21
강원,화천군,201010,18
강원,화천군,201011,18
강원,화천군,201012,17
강원,화천군,201101,15
강원,화천군,201102,15
강원,화천군,201103,15
강원,화천군,201104,10
강원,화천군,201105,8
강원,화천군,201106,8
강원,화천군,201107,5
강원,화천군,201108,5
강원,화천군,201109,4
강원,화천군,201110,3
강원,화천군,201111,3
강원,화천군,201112,2
강원,화천군,201201,2
강원,화천군,201202,2
강원,화천군,201203,2
강원,화천군,201204,2
강원,화천군,201205,2
강원,화천군,201206,2
강원,화천군,201207,2
강원,화천군,201208,2
강원,화천군,201209,2
강원,화천군,201210,2
강원,화천군,201211,1
강원,화천군,201212,0
강원,화천군,201301,0
강원,화천군,201302,0
강원,화천군,201303,0
강원,화천군,201304,0
강원,화천군,201305,0
강원,화천군,201306,0
강원,화천군,201307,0
강원,화천군,201308,0
강원,화천군,201309,0
강원,화천군,201310,0
강원,화천군,201311,0
강원,화천군,201312,0
강원,화천군,201401,0
강원,화천군,201402,0
강원,화천군,201403,0
강원,화천군,201404,0
강원,화천군,201405,0
강원,화천군,201406,0
강원,화천군,201407,0
강원,화천군,201408,0
강원,화천군,201409,0
강원,화천군,201410,0
강원,화천군,201411,0
강원,화천군,201412,0
강원,화천군,201501,0
강원,화천군,201502,0
강원,화천군,201503,0
강원,화천군,201504,0
강원,화천군,201505,0
강원,화천군,201506,0
강원,화천군,201507,0
강원,화천군,201508,0
강원,화천군,201509,0
강원,화천군,201510,0
강원,화천군,201511,86
강원,화천군,201512,86
강원,화천군,201601,74
강원,화천군,201602,72
강원,화천군,201603,72
강원,화천군,201604,70
강원,화천군,201605,57
강원,화천군,201606,57
강원,화천군,201607,57
강원,화천군,201608,54
강원,화천군,201609,46
강원,화천군,201610,44
강원,화천군,201611,41
강원,화천군,201612,41
강원,화천군,201701,41
강원,화천군,201702,41
강원,화천군,201703,30
강원,화천군,201704,25
강원,화천군,201705,25
강원,화천군,201706,25
강원,화천군,201707,25
강원,화천군,201708,25
강원,화천군,201709,6
강원,화천군,201710,6
강원,화천군,201711,5
강원,화천군,201712,5
강원,화천군,201801,5
강원,화천군,201802,2
강원,화천군,201803,2
강원,화천군,201804,2
강원,화천군,201805,2
강원,화천군,201806,1
강원,화천군,201807,1
강원,화천군,201808,1
강원,화천군,201809,1
강원,화천군,201810,1
강원,화천군,201811,0
강원,화천군,201812,0
강원,화천군,201901,0
강원,화천군,201902,0
강원,화천군,201903,0
강원,화천군,201904,0
강원,화천군,201905,0
강원,화천군,201906,0
강원,화천군,201907,0
강원,화천군,201908,0
강원,화천군,201909,0
강원,화천군,201910,0
강원,화천군,201912,0
강원,화천군,202001,0
강원,화천군,202002,0
강원,화천군,202003,0
강원,화천군,202004,0
강원,화천군,202005,0
강원,화천군,202006,0
강원,화천군,202007,0
강원,화천군,202008,0
강원,화천군,202009,0
강원,화천군,202010,0
강원,화천군,202011,0
강원,화천군,202012,0
강원,화천군,202101,0
강원,화천군,202102,0
강원,화천군,202103,0
강원,화천군,202104,0
강원,화천군,202105,0
강원,화천군,202106,0
강원,화천군,202107,0
강원,화천군,202108,0
강원,화천군,202109,0
강원,화천군,202110,0
강원,화천군,202111,0
강원,화천군,202112,0
강원,화천군,202201,0
강원,화천군,202202,0
강원,화천군,202203,0
강원,화천군,202204,0
강원,화천군,202205,0
강원,화천군,202206,0
강원,화천군,202207,0
강원,화천군,202208,0
강원,화천군,202209,0
강원,화천군,202210,0
강원,화천군,202211,0
강원,화천군,202212,0
강원,화천군,202301,0
강원,화천군,202302,0
강원,화천군,202303,0
강원,화천군,202304,0
강원,화천군,202305,0
강원,화천군,202306,0
강원,화천군,202307,0
강원,화천군,202308,0
강원,화천군,202309,0
강원,화천군,202310,0
강원,화천군,202311,0
강원,화천군,202312,0
강원,화천군,202401,0
강원,화천군,202402,0
강원,화천군,202403,0
강원,화천군,202404,0
강원,화천군,202405,0
강원,화천군,202406,0
강원,화천군,202407,0
강원,화천군,202408,0
강원,화천군,202409,0
강원,화천군,202410,0
강원,화천군,202411,0
강원,화천군,202412,0
강원,화천군,202501,0
강원,화천군,202502,0
강원,화천군,202503,0
강원,화천군,202504,0
강원,화천군,202505,0
강원,화천군,202506,0
강원,화천군,202507,0
강원,화천군,202508,0
강원,화천군,202509,0
강원,화천군,202510,0
강원,화천군,202511,0
강원,화천군,202512,0
강원,화천군,202601,0
강원,화천군,202602,0
강원,화천군,202603,0
강원,화천군,202604,0
강원,화천군,202605,0
강원,화천군,202606,0
강원,화천군,202607,0
강원,화천군,202608,0
강원,양구군,200708,0
강원,양구군,200806,0
강원,양구군,200807,0
강원,양구군,200808,0
강원,양구군,200809,0
강원,양구군,200810,0
강원,양구군,200811,0
강원,양구군,200812,0
강원,양구군,200901,0
강원,양구군,200902,0
강원,양구군,200903,0
강원,양구군,200904,0
강원,양구군,200905,0
강원,양구군,200906,0
강원,양구군,200907,0
강원,양구군,200908,0
강원,양구군,200909,0
강원,양구군,200910,0
강원,양구군,200911,0
강원,양구군,200912,0
강원,양구군,201001,0
강원,양구군,201002,0
강원,양구군,201003,0
강원,양구군,201004,0
강원,양구군,201005,234
강원,양구군,201006,234
강원,양구군,201007,234
강원,양구군,201008,234
강원,양구군,201009,234
강원,양구군,201010,234
강원,양구군,201011,234
강원,양구군,201012,234
강원,양구군,201101,234
강원,양구군,201102,165
강원,양구군,201103,165
강원,양구군,201104,165
강원,양구군,201105,165
강원,양구군,201106,165
강원,양구군,201107,165
강원,양구군,201108,165
강원,양구군,201109,165
강원,양구군,201110,128
강원,양구군,201111,128
강원,양구군,201112,105
강원,양구군,201201,112
강원,양구군,201202,111
강원,양구군,201203,111
강원,양구군,201204,110
강원,양구군,201205,106
강원,양구군,201206,104
강원,양구군,201207,104
강원,양구군,201208,105
강원,양구군,201209,104
강원,양구군,201210,104
강원,양구군,201211,104
강원,양구군,201212,104
강원,양구군,201301,90
강원,양구군,201302,90
강원,양구군,201303,82
강원,양구군,201304,82
강원,양구군,201305,82
강원,양구군,201306,82
강원,양구군,201307,82
강원,양구군,201308,82
강원,양구군,201309,81
강원,양구군,201310,80
강원,양구군,201311,80
강원,양구군,201312,80
강원,양구군,201401,80
강원,양구군,201402,80
강원,양구군,201403,80
강원,양구군,201404,80
강원,양구군,201405,80
강원,양구군,201406,80
강원,양구군,201407,79
강원,양구군,201408,79
강원,양구군,201409,79
강원,양구군,201410,79
강원,양구군,201411,79
강원,양구군,201412,79
강원,양구군,201501,79
강원,양구군,201502,79
강원,양구군,201503,79
강원,양구군,201504,79
강원,양구군,201505,79
강원,양구군,201506,6
강원,양구군,201507,6
강원,양구군,201508,6
강원,양구군,201509,6
강원,양구군,201510,6
강원,양구군,201511,6
강원,양구군,201512,6
강원,양구군,201601,6
강원,양구군,201602,6
강원,양구군,201603,6
강원,양구군,201604,6
강원,양구군,201605,6
강원,양구군,201606,5
강원,양구군,201607,5
강원,양구군,201608,5
강원,양구군,201609,5
강원,양구군,201610,5
강원,양구군,201611,5
강원,양구군,201612,0
강원,양구군,201701,0
강원,양구군,201702,0
강원,양구군,201703,0
강원,양구군,201704,0
강원,양구군,201705,0
강원,양구군,201706,0
강원,양구군,201707,0
강원,양구군,201708,0
강원,양구군,201709,0
강원,양구군,201710,0
강원,양구군,201711,0
강원,양구군,201712,0
강원,양구군,201801,0
강원,양구군,201802,0
강원,양구군,201804,0
강원,양구군,201807,0
강원,양구군,201808,0
강원,양구군,201811,0
강원,양구군,201812,0
강원,양구군,201901,0
강원,양구군,201902,0
강원,양구군,201903,0
강원,양구군,201904,0
강원,양구군,201905,0
강원,양구군,201906,0
강원,양구군,201907,0
강원,양구군,201908,0
강원,양구군,201909,0
강원,양구군,201910,0
강원,양구군,201912,0
강원,양구군,202001,0
강원,양구군,202002,0
강원,양구군,202003,0
강원,양구군,202004,0
강원,양구군,202005,0
강원,양구군,202006,0
강원,양구군,202007,0
강원,양구군,202008,0
강원,양구군,202009,0
강원,양구군,202010,0
강원,양구군,202011,0
강원,양구군,202012,0
강원,양구군,202101,0
강원,양구군,202102,0
강원,양구군,202103,0
강원,양구군,202104,0
강원,양구군,202105,0
강원,양구군,202106,0
강원,양구군,202107,0
강원,양구군,202108,0
강원,양구군,202109,0
강원,양구군,202110,0
강원,양구군,202111,0
강원,양구군,202112,0
강원,양구군,202201,0
강원,양구군,202202,0
강원,양구군,202203,0
강원,양구군,202204,0
강원,양구군,202205,0
강원,양구군,202206,0
강원,양구군,202207,0
강원,양구군,202208,0
강원,양구군,202209,0
강원,양구군,202210,0
강원,양구군,202211,0
강원,양구군,202212,0
강원,양구군,202301,0
강원,양구군,202302,0
강원,양구군,202303,0
강원,양구군,202304,0
강원,양구군,202305,0
강원,양구군,202306,0
강원,양구군,202307,0
강원,양구군,202308,0
강원,양구군,202309,0
강원,양구군,202310,0
강원,양구군,202311,0
강원,양구군,202312,0
강원,양구군,202401,0
강원,양구군,202402,0
강원,양구군,202403,0
강원,양구군,202404,0
강원,양구군,202405,0
강원,양구군,202406,0
강원,양구군,202407,0
강원,양구군,202408,0
강원,양구군,202409,0
강원,양구군,202410,0
강원,양구군,202411,0
강원,양구군,202412,0
강원,양구군,202501,0
강원,양구군,202502,0
강원,양구군,202503,0
강원,양구군,202504,0
강원,양구군,202505,0
강원,양구군,202506,0
강원,양구군,202507,0
강원,양구군,202508,0
강원,양구군,202509,0
강원,양구군,202510,0
강원,양구군,202511,0
강원,양구군,202512,0
강원,양구군,202601,0
강원,양구군,202602,0
강원,양구군,202603,0
강원,양구군,202604,0
강원,양구군,202605,0
강원,양구군,202606,0
강원,양구군,202607,0
강원,양구군,202608,0
강원,인제군,200701,40
강원,인제군,200702,40
강원,인제군,200703,40
강원,인제군,200704,40
강원,인제군,200705,40
강원,인제군,200706,40
강원,인제군,200707,40
강원,인제군,200708,40
강원,인제군,200709,40
강원,인제군,200710,40
강원,인제군,200711,40
강원,인제군,200712,40
강원,인제군,200801,40
강원,인제군,200802,40
강원,인제군,200806,0
강원,인제군,200807,0
강원,인제군,200808,0
강원,인제군,200809,0
강원,인제군,200810,0
강원,인제군,200811,0
강원,인제군,200812,0
강원,인제군,200901,0
강원,인제군,200902,0
강원,인제군,200903,0
강원,인제군,200904,0
강원,인제군,200905,0
강원,인제군,200906,0
강원,인제군,200907,0
강원,인제군,200908,0
강원,인제군,200909,0
강원,인제군,200910,0
강원,인제군,200911,0
강원,인제군,200912,0
강원,인제군,201001,0
강원,인제군,201002,0
강원,인제군,201003,0
강원,인제군,201004,0
강원,인제군,201005,0
강원,인제군,201006,0
강원,인제군,201007,0
강원,인제군,201008,0
강원,인제군,201009,0
강원,인제군,201010,0
강원,인제군,201011,0
강원,인제군,201012,0
강원,인제군,201101,0
강원,인제군,201102,0
강원,인제군,201103,0
강원,인제군,201104,0
강원,인제군,201105,0
강원,인제군,201106,0
강원,인제군,201107,0
강원,인제군,201108,0
강원,인제군,201109,0
강원,인제군,201110,0
강원,인제군,201111,0
강원,인제군,201112,0
강원,인제군,201201,0
강원,인제군,201202,0
강원,인제군,201203,0
강원,인제군,201204,0
강원,인제군,201205,0
강원,인제군,201206,0
강원,인제군,201207,0
강원,인제군,201208,0
강원,인제군,201209,0
강원,인제군,201210,0
강원,인제군,201211,0
강원,인제군,201212,0
강원,인제군,201301,0
강원,인제군,201302,0
강원,인제군,201303,0
강원,인제군,201304,0
강원,인제군,201305,0
강원,인제군,201306,0
강원,인제군,201307,0
강원,인제군,201308,0
강원,인제군,201309,25
강원,인제군,201310,25
강원,인제군,201311,25
강원,인제군,201312,25
강원,인제군,201401,25
강원,인제군,201402,25
강원,인제군,201403,25
강원,인제군,201404,25
강원,인제군,201405,25
강원,인제군,201406,25
강원,인제군,201407,23
강원,인제군,201408,23
강원,인제군,201409,20
강원,인제군,201410,18
강원,인제군,201411,17
강원,인제군,201412,17
강원,인제군,201501,10
강원,인제군,201502,8
강원,인제군,201503,8
강원,인제군,201504,8
강원,인제군,201505,6
강원,인제군,201506,5
강원,인제군,201507,4
강원,인제군,201508,4
강원,인제군,201509,2
강원,인제군,201510,0
강원,인제군,201511,0
강원,인제군,201512,0
강원,인제군,201601,0
강원,인제군,201602,0
강원,인제군,201603,0
강원,인제군,201604,0
강원,인제군,201605,0
강원,인제군,201606,0
강원,인제군,201607,0
강원,인제군,201608,0
강원,인제군,201609,0
강원,인제군,201610,0
강원,인제군,201611,0
강원,인제군,201612,0
강원,인제군,201701,0
강원,인제군,201702,0
강원,인제군,201703,0
강원,인제군,201704,0
강원,인제군,201705,0
강원,인제군,201706,0
강원,인제군,201707,0
강원,인제군,201708,0
강원,인제군,201709,0
강원,인제군,201710,0
강원,인제군,201711,0
강원,인제군,201712,0
강원,인제군,201801,0
강원,인제군,201802,0
강원,인제군,201803,351
강원,인제군,201804,348
강원,인제군,201805,346
강원,인제군,201806,342
강원,인제군,201807,325
강원,인제군,201808,323
강원,인제군,201809,323
강원,인제군,201810,317
강원,인제군,201811,316
강원,인제군,201812,314
강원,인제군,201901,309
강원,인제군,201902,307
강원,인제군,201903,298
강원,인제군,201904,292
강원,인제군,201905,289
강원,인제군,201906,286
강원,인제군,201907,255
강원,인제군,201908,242
강원,인제군,201909,227
강원,인제군,201910,220
강원,인제군,201911,209
강원,인제군,201912,200
강원,인제군,202001,181
강원,인제군,202002,172
강원,인제군,202003,159
강원,인제군,202004,147
강원,인제군,202005,137
강원,인제군,202006,131
강원,인제군,202007,125
강원,인제군,202008,116
강원,인제군,202009,104
강원,인제군,202010,95
강원,인제군,202011,88
강원,인제군,202012,84
강원,인제군,202101,82
강원,인제군,202102,80
강원,인제군,202103,77
강원,인제군,202104,74
강원,인제군,202105,0
강원,인제군,202106,0
강원,인제군,202107,0
강원,인제군,202108,0
강원,인제군,202109,0
강원,인제군,202110,0
강원,인제군,202111,0
강원,인제군,202112,0
강원,인제군,202201,0
강원,인제군,202202,0
강원,인제군,202203,0
강원,인제군,202204,0
강원,인제군,202205,0
강원,인제군,202206,0
강원,인제군,202207,0
강원,인제군,202208,0
강원,인제군,202209,0
강원,인제군,202210,0
강원,인제군,202211,0
강원,인제군,202212,0
강원,인제군,202301,0
강원,인제군,202302,0
강원,인제군,202303,0
강원,인제군,202304,0
강원,인제군,202305,0
강원,인제군,202306,0
강원,인제군,202307,0
강원,인제군,202308,0
강원,인제군,202309,0
강원,인제군,202310,0
강원,인제군,202311,0
강원,인제군,202312,0
강원,인제군,202401,0
강원,인제군,202402,0
강원,인제군,202403,0
강원,인제군,202404,0
강원,인제군,202405,0
강원,인제군,202406,0
강원,인제군,202407,0
강원,인제군,202408,0
강원,인제군,202409,0
강원,인제군,202410,118
강원,인제군,202411,112
강원,인제군,202412,112
강원,인제군,202501,107
강원,인제군,202502,98
강원,인제군,202503,91
강원,인제군,202504,86
강원,인제군,202505,86
강원,인제군,202506,85
강원,인제군,202507,85
강원,인제군,202508,85
강원,인제군,202509,85
강원,인제군,202510,85
강원,인제군,202511,85
강원,인제군,202512,85
강원,인제군,202601,72
강원,인제군,202602,59
강원,인제군,202603,59
강원,인제군,202604,54
강원,인제군,202605,53
강원,인제군,202606,52
강원,인제군,202607,52
강원,인제군,202608,49
강원,고성군,200701,155
강원,고성군,200702,115
강원,고성군,200703,155
강원,고성군,200704,115
강원,고성군,200705,115
강원,고성군,200706,155
강원,고성군,200707,155
강원,고성군,200708,155
강원,고성군,200709,155
강원,고성군,200710,155
강원,고성군,200711,155
강원,고성군,200712,155
강원,고성군,200801,150
강원,고성군,200802,139
강원,고성군,200803,139
강원,고성군,200804,134
강원,고성군,200805,134
강원,고성군,200806,134
강원,고성군,200807,101
강원,고성군,200808,101
강원,고성군,200809,101
강원,고성군,200810,101
강원,고성군,200811,93
강원,고성군,200812,82
강원,고성군,200901,132
강원,고성군,200902,132
강원,고성군,200903,132
강원,고성군,200904,132
강원,고성군,200905,132
강원,고성군,200906,132
강원,고성군,200907,132
강원,고성군,200908,132
강원,고성군,200909,132
강원,고성군,200910,132
강원,고성군,200911,132
강원,고성군,200912,117
강원,고성군,201001,116
강원,고성군,201002,116
강원,고성군,201003,116
강원,고성군,201004,116
강원,고성군,201005,116
강원,고성군,201006,115
강원,고성군,201007,115
강원,고성군,201008,114
강원,고성군,201009,113
강원,고성군,201010,112
강원,고성군,201011,112
강원,고성군,201012,112
강원,고성군,201101,112
강원,고성군,201102,111
강원,고성군,201103,111
강원,고성군,201104,111
강원,고성군,201105,111
강원,고성군,201106,111
강원,고성군,201107,111
강원,고성군,201108,111
강원,고성군,201109,111
강원,고성군,201110,111
강원,고성군,201111,111
강원,고성군,201112,98
강원,고성군,201201,98
강원,고성군,201202,98
강원,고성군,201203,98
강원,고성군,201204,98
강원,고성군,201205,98
강원,고성군,201206,98
강원,고성군,201207,98
강원,고성군,201208,98
강원,고성군,201209,98
강원,고성군,201210,98
강원,고성군,201211,84
강원,고성군,201212,84
강원,고성군,201301,84
강원,고성군,201302,84
강원,고성군,201303,84
강원,고성군,201304,84
강원,고성군,201305,84
강원,고성군,201306,84
강원,고성군,201307,84
강원,고성군,201308,84
강원,고성군,201309,84
강원,고성군,201310,84
강원,고성군,201311,84
강원,고성군,201312,84
강원,고성군,201401,84
강원,고성군,201402,84
강원,고성군,201403,84
강원,고성군,201404,84
강원,고성군,201405,84
강원,고성군,201406,84
강원,고성군,201407,84
강원,고성군,201408,84
강원,고성군,201409,84
강원,고성군,201410,84
강원,고성군,201411,84
강원,고성군,201412,69
강원,고성군,201501,69
강원,고성군,201502,69
강원,고성군,201503,69
강원,고성군,201504,69
강원,고성군,201505,69
강원,고성군,201506,69
강원,고성군,201507,69
강원,고성군,201508,69
강원,고성군,201509,69
강원,고성군,201510,69
강원,고성군,201511,69
강원,고성군,201512,60
강원,고성군,201601,59
강원,고성군,201602,59
강원,고성군,201603,56
강원,고성군,201604,56
강원,고성군,201605,55
강원,고성군,201606,54
강원,고성군,201607,54
강원,고성군,201608,52
강원,고성군,201609,51
강원,고성군,201610,51
강원,고성군,201611,50
강원,고성군,201612,48
강원,고성군,201701,48
강원,고성군,201702,45
강원,고성군,201703,44
강원,고성군,201704,44
강원,고성군,201705,44
강원,고성군,201706,44
강원,고성군,201707,44
강원,고성군,201708,44
강원,고성군,201709,44
강원,고성군,201710,44
강원,고성군,201711,44
강원,고성군,201712,44
강원,고성군,201801,44
강원,고성군,201802,44
강원,고성군,201803,44
강원,고성군,201804,44
강원,고성군,201805,44
강원,고성군,201806,44
강원,고성군,201807,44
강원,고성군,201808,474
강원,고성군,201809,425
강원,고성군,201810,705
강원,고성군,201811,682
강원,고성군,201812,656
강원,고성군,201901,621
강원,고성군,201902,603
강원,고성군,201903,578
강원,고성군,201904,560
강원,고성군,201905,493
강원,고성군,201906,466
강원,고성군,201907,450
강원,고성군,201908,568
강원,고성군,201909,548
강원,고성군,201910,486
강원,고성군,201911,469
강원,고성군,201912,455
강원,고성군,202001,584
강원,고성군,202002,571
강원,고성군,202003,556
강원,고성군,202004,532
강원,고성군,202005,509
강원,고성군,202006,476
강원,고성군,202007,461
강원,고성군,202008,457
강원,고성군,202009,399
강원,고성군,202010,361
강원,고성군,202011,332
강원,고성군,202012,286
강원,고성군,202101,257
강원,고성군,202102,231
강원,고성군,202103,197
강원,고성군,202104,178
강원,고성군,202105,64
강원,고성군,202106,34
강원,고성군,202107,17
강원,고성군,202108,10
강원,고성군,202109,3
강원,고성군,202110,0
강원,고성군,202111,0
강원,고성군,202112,0
강원,고성군,202201,0
강원,고성군,202202,0
강원,고성군,202203,0
강원,고성군,202204,0
강원,고성군,202205,0
강원,고성군,202206,0
강원,고성군,202207,0
강원,고성군,202208,0
강원,고성군,202209,0
강원,고성군,202210,0
강원,고성군,202211,0
강원,고성군,202212,0
강원,고성군,202301,178
강원,고성군,202302,123
강원,고성군,202303,72
강원,고성군,202304,43
강원,고성군,202305,32
강원,고성군,202306,21
강원,고성군,202307,7
강원,고성군,202308,0
강원,고성군,202309,0
강원,고성군,202310,0
강원,고성군,202311,0
강원,고성군,202312,0
강원,고성군,202401,0
강원,고성군,202402,0
강원,고성군,202403,0
강원,고성군,202404,0
강원,고성군,202405,0
강원,고성군,202406,0
강원,고성군,202407,0
강원,고성군,202408,0
강원,고성군,202409,0
강원,고성군,202410,0
강원,고성군,202411,0
강원,고성군,202412,0
강원,고성군,202501,0
강원,고성군,202502,0
강원,고성군,202503,0
강원,고성군,202504,0
강원,고성군,202505,0
강원,고성군,202506,0
강원,고성군,202507,0
강원,고성군,202508,0
강원,고성군,202509,0
강원,고성군,202510,0
강원,고성군,202511,0
강원,고성군,202512,0
강원,고성군,202601,0
강원,고성군,202602,0
강원,고성군,202603,0
강원,고성군,202604,0
강원,고성군,202605,213
강원,고성군,202606,194
강원,고성군,202607,186
강원,고성군,202608,172
강원,양양군,200708,0
강원,양양군,200712,203
강원,양양군,200801,203
강원,양양군,200802,203
강원,양양군,200803,203
강원,양양군,200804,193
강원,양양군,200805,193
강원,양양군,200806,221
강원,양양군,200807,216
강원,양양군,200808,212
강원,양양군,200809,209
강원,양양군,200810,248
강원,양양군,200811,239
강원,양양군,200812,239
강원,양양군,200901,130
강원,양양군,200902,130
강원,양양군,200903,130
강원,양양군,200904,99
강원,양양군,200905,94
강원,양양군,200906,91
강원,양양군,200907,82
강원,양양군,200908,78
강원,양양군,200909,73
강원,양양군,200910,68
강원,양양군,200911,68
강원,양양군,200912,68
강원,양양군,201001,68
강원,양양군,201002,68
강원,양양군,201003,68
강원,양양군,201004,68
강원,양양군,201005,68
강원,양양군,201006,68
강원,양양군,201007,68
강원,양양군,201008,68
강원,양양군,201009,67
강원,양양군,201010,44
강원,양양군,201011,21
강원,양양군,201012,20
강원,양양군,201101,19
강원,양양군,201102,19
강원,양양군,201103,19
강원,양양군,201104,19
강원,양양군,201105,19
강원,양양군,201106,19
강원,양양군,201107,19
강원,양양군,201108,19
강원,양양군,201109,19
강원,양양군,201110,19
강원,양양군,201111,19
강원,양양군,201112,19
강원,양양군,201201,19
강원,양양군,201202,19
강원,양양군,201203,19
강원,양양군,201204,3
강원,양양군,201205,3
강원,양양군,201206,1
강원,양양군,201207,1
강원,양양군,201208,1
강원,양양군,201209,1
강원,양양군,201210,1
강원,양양군,201211,1
강원,양양군,201212,1
강원,양양군,201301,1
강원,양양군,201302,1
강원,양양군,201303,0
강원,양양군,201304,1
강원,양양군,201305,1
강원,양양군,201306,1
강원,양양군,201307,1
강원,양양군,201308,1
강원,양양군,201309,1
강원,양양군,201310,1
강원,양양군,201311,1
강원,양양군,201312,1
강원,양양군,201401,1
강원,양양군,201402,1
강원,양양군,201403,1
강원,양양군,201404,1
강원,양양군,201405,1
강원,양양군,201406,0
강원,양양군,201407,0
강원,양양군,201408,0
강원,양양군,201409,0
강원,양양군,201410,0
강원,양양군,201411,0
강원,양양군,201412,0
강원,양양군,201501,0
강원,양양군,201502,0
강원,양양군,201503,0
강원,양양군,201504,33
강원,양양군,201505,26
강원,양양군,201506,0
강원,양양군,201507,0
강원,양양군,201508,0
강원,양양군,201509,0
강원,양양군,201510,0
강원,양양군,201511,0
강원,양양군,201512,0
강원,양양군,201601,0
강원,양양군,201602,0
강원,양양군,201603,0
강원,양양군,201604,0
강원,양양군,201605,0
강원,양양군,201606,0
강원,양양군,201607,0
강원,양양군,201608,0
강원,양양군,201609,0
강원,양양군,201610,0
강원,양양군,201611,0
강원,양양군,201612,0
강원,양양군,201701,0
강원,양양군,201702,0
강원,양양군,201703,0
강원,양양군,201704,0
강원,양양군,201705,0
강원,양양군,201706,0
강원,양양군,201707,0
강원,양양군,201708,0
강원,양양군,201709,0
강원,양양군,201710,0
강원,양양군,201711,0
강원,양양군,201712,0
강원,양양군,201801,0
강원,양양군,201802,0
강원,양양군,201803,402
강원,양양군,201804,380
강원,양양군,201805,370
강원,양양군,201806,369
강원,양양군,201807,362
강원,양양군,201808,342
강원,양양군,201809,333
강원,양양군,201810,328
강원,양양군,201811,320
강원,양양군,201812,316
강원,양양군,201901,316
강원,양양군,201902,312
강원,양양군,201903,310
강원,양양군,201904,307
강원,양양군,201905,301
강원,양양군,201906,278
강원,양양군,201907,278
강원,양양군,201908,274
강원,양양군,201909,271
강원,양양군,201910,268
강원,양양군,201911,264
강원,양양군,201912,257
강원,양양군,202001,254
강원,양양군,202002,254
강원,양양군,202003,250
강원,양양군,202004,242
강원,양양군,202005,231
강원,양양군,202006,228
강원,양양군,202007,211
강원,양양군,202008,199
강원,양양군,202009,181
강원,양양군,202010,166
강원,양양군,202011,148
강원,양양군,202012,128
강원,양양군,202101,111
강원,양양군,202102,67
강원,양양군,202103,46
강원,양양군,202104,26
강원,양양군,202105,0
강원,양양군,202106,0
강원,양양군,202107,0
강원,양양군,202108,0
강원,양양군,202109,0
강원,양양군,202110,0
강원,양양군,202111,0
강원,양양군,202112,0
강원,양양군,202201,0
강원,양양군,202202,0
강원,양양군,202203,0
강원,양양군,202204,0
강원,양양군,202205,0
강원,양양군,202206,0
강원,양양군,202207,0
강원,양양군,202208,0
강원,양양군,202209,0
강원,양양군,202210,0
강원,양양군,202211,70
강원,양양군,202212,70
강원,양양군,202301,69
강원,양양군,202302,60
강원,양양군,202303,58
강원,양양군,202304,58
강원,양양군,202305,58
강원,양양군,202306,60
강원,양양군,202307,192
강원,양양군,202308,161
강원,양양군,202309,149
강원,양양군,202310,137
강원,양양군,202311,134
강원,양양군,202312,130
강원,양양군,202401,120
강원,양양군,202402,118
강원,양양군,202403,114
강원,양양군,202404,109
강원,양양군,202405,108
강원,양양군,202406,105
강원,양양군,202407,102
강원,양양군,202408,100
강원,양양군,202409,98
강원,양양군,202410,93
강원,양양군,202411,92
강원,양양군,202412,88
강원,양양군,202501,88
강원,양양군,202502,88
강원,양양군,202503,88
강원,양양군,202504,88
강원,양양군,202505,86
강원,양양군,202506,85
강원,양양군,202507,84
강원,양양군,202508,84
강원,양양군,202509,83
강원,양양군,202510,82
강원,양양군,202511,82
강원,양양군,202512,82
강원,양양군,202601,82
강원,양양군,202602,82
강원,양양군,202603,83
강원,양양군,202604,81
강원,양양군,202605,117
강원,양양군,202606,118
강원,양양군,202607,115
강원,양양군,202608,113
충북,청주시,200701,279
충북,청주시,200702,481
충북,청주시,200703,429
충북,청주시,200704,1573
충북,청주시,200705,1684
충북,청주시,200706,1673
충북,청주시,200707,1841
충북,청주시,200708,1882
충북,청주시,200709,1678
충북,청주시,200710,1646
충북,청주시,200711,1618
충북,청주시,200712,2042
충북,청주시,200801,2596
충북,청주시,200802,2408
충북,청주시,200803,2337
충북,청주시,200804,2597
충북,청주시,200805,2484
충북,청주시,200806,2335
충북,청주시,200807,2852
충북,청주시,200808,2778
충북,청주시,200809,2411
충북,청주시,200810,2322
충북,청주시,200811,2491
충북,청주시,200812,2490
충북,청주시,200901,2464
충북,청주시,200902,2569
충북,청주시,200903,3352
충북,청주시,200904,2786
충북,청주시,200905,2371
충북,청주시,200906,2254
충북,청주시,200907,2246
충북,청주시,200908,2236
충북,청주시,200909,2225
충북,청주시,200910,2183
충북,청주시,200911,2172
충북,청주시,200912,2074
충북,청주시,201001,2016
충북,청주시,201002,1991
충북,청주시,201003,1970
충북,청주시,201004,1418
충북,청주시,201005,1440
충북,청주시,201006,2534
충북,청주시,201007,2475
충북,청주시,201008,2441
충북,청주시,201009,2407
충북,청주시,201010,2338
충북,청주시,201011,2285
충북,청주시,201012,2179
충북,청주시,201101,2150
충북,청주시,201102,2087
충북,청주시,201103,2021
충북,청주시,201104,1968
충북,청주시,201105,1052
충북,청주시,201106,996
충북,청주시,201107,915
충북,청주시,201108,851
충북,청주시,201109,819
충북,청주시,201110,740
충북,청주시,201111,678
충북,청주시,201112,618
충북,청주시,201201,649
충북,청주시,201202,587
충북,청주시,201203,537
충북,청주시,201204,389
충북,청주시,201205,423
충북,청주시,201206,395
충북,청주시,201207,381
충북,청주시,201208,340
충북,청주시,201209,350
충북,청주시,201210,314
충북,청주시,201211,344
충북,청주시,201212,220
충북,청주시,201301,166
충북,청주시,201302,138
충북,청주시,201303,339
충북,청주시,201304,226
충북,청주시,201305,167
충북,청주시,201306,103
충북,청주시,201307,55
충북,청주시,201308,41
충북,청주시,201309,32
충북,청주시,201310,31
충북,청주시,201311,29
충북,청주시,201312,18
충북,청주시,201401,15
충북,청주시,201402,12
충북,청주시,201403,10
충북,청주시,201404,10
충북,청주시,201405,10
충북,청주시,201406,9
충북,청주시,201407,54
충북,청주시,201408,53
충북,청주시,201409,49
충북,청주시,201410,50
충북,청주시,201411,48
충북,청주시,201412,47
충북,청주시,201501,43
충북,청주시,201502,41
충북,청주시,201503,35
충북,청주시,201504,33
충북,청주시,201505,55
충북,청주시,201506,51
충북,청주시,201507,49
충북,청주시,201508,62
충북,청주시,201509,48
충북,청주시,201510,38
충북,청주시,201511,30
충북,청주시,201512,232
충북,청주시,201601,1169
충북,청주시,201602,890
충북,청주시,201603,713
충북,청주시,201604,652
충북,청주시,201605,587
충북,청주시,201606,1926
충북,청주시,201607,1469
충북,청주시,201608,1389
충북,청주시,201609,1619
충북,청주시,201610,1419
충북,청주시,201611,1306
충북,청주시,201612,1259
충북,청주시,201701,1201
충북,청주시,201702,1123
충북,청주시,201703,1633
충북,청주시,201704,2751
충북,청주시,201705,2521
충북,청주시,201706,3501
충북,청주시,201707,3439
충북,청주시,201708,2165
충북,청주시,201709,1873
충북,청주시,201710,1633
충북,청주시,201711,2434
충북,청주시,201712,2234
충북,청주시,201801,2013
충북,청주시,201802,2010
충북,청주시,201803,1783
충북,청주시,201804,2078
충북,청주시,201805,2271
충북,청주시,201806,3072
충북,청주시,201807,2935
충북,청주시,201808,3022
충북,청주시,201809,2806
충북,청주시,201810,2548
충북,청주시,201811,2384
충북,청주시,201812,2258
충북,청주시,201901,2012
충북,청주시,201902,1899
충북,청주시,201903,1838
충북,청주시,201904,1768
충북,청주시,201905,1683
충북,청주시,201906,1571
충북,청주시,201907,1829
충북,청주시,201908,1666
충북,청주시,201909,1443
충북,청주시,201910,1589
충북,청주시,201911,1292
충북,청주시,201912,503
충북,청주시,202001,225
충북,청주시,202002,162
충북,청주시,202003,152
충북,청주시,202004,69
충북,청주시,202005,31
충북,청주시,202006,28
충북,청주시,202007,28
충북,청주시,202008,28
충북,청주시,202009,28
충북,청주시,202010,28
충북,청주시,202011,27
충북,청주시,202012,24
충북,청주시,202101,0
충북,청주시,202102,0
충북,청주시,202103,0
충북,청주시,202104,0
충북,청주시,202105,0
충북,청주시,202106,0
충북,청주시,202107,0
충북,청주시,202108,0
충북,청주시,202109,0
충북,청주시,202110,0
충북,청주시,202111,0
충북,청주시,202112,0
충북,청주시,202201,0
충북,청주시,202202,0
충북,청주시,202203,275
충북,청주시,202204,270
충북,청주시,202205,256
충북,청주시,202206,241
충북,청주시,202207,221
충북,청주시,202208,214
충북,청주시,202209,199
충북,청주시,202210,228
충북,청주시,202211,218
충북,청주시,202212,206
충북,청주시,202301,197
충북,청주시,202302,178
충북,청주시,202303,171
충북,청주시,202304,161
충북,청주시,202305,151
충북,청주시,202306,150
충북,청주시,202307,148
충북,청주시,202308,202
충북,청주시,202309,108
충북,청주시,202310,251
충북,청주시,202311,215
충북,청주시,202312,230
충북,청주시,202401,199
충북,청주시,202402,254
충북,청주시,202403,185
충북,청주시,202404,972
충북,청주시,202405,931
충북,청주시,202406,790
충북,청주시,202407,700
충북,청주시,202408,627
충북,청주시,202409,558
충북,청주시,202410,508
충북,청주시,202411,377
충북,청주시,202412,241
충북,청주시,202501,597
충북,청주시,202502,537
충북,청주시,202503,511
충북,청주시,202504,447
충북,청주시,202505,352
충북,청주시,202506,254
충북,청주시,202507,178
충북,청주시,202508,178
충북,청주시,202509,86
충북,청주시,202510,900
충북,청주시,202511,1184
충북,청주시,202512,748
충북,청주시,202601,346
충북,청주시,202602,218
충북,청주시,202603,154
충북,청주시,202604,103
충북,청주시,202605,333
충북,청주시,202606,543
충북,청주시,202607,402
충북,청주시,202608,369
충북,괴산군,200701,0
충북,괴산군,200702,0
충북,괴산군,200703,0
충북,괴산군,200704,0
충북,괴산군,200705,0
충북,괴산군,200706,0
충북,괴산군,200707,0
충북,괴산군,200708,0
충북,괴산군,200709,0
충북,괴산군,200710,0
충북,괴산군,200711,0
충북,괴산군,200712,0
충북,괴산군,200801,0
충북,괴산군,200802,0
충북,괴산군,200803,0
충북,괴산군,200804,0
충북,괴산군,200805,0
충북,괴산군,200806,0
충북,괴산군,200807,0
충북,괴산군,200808,0
충북,괴산군,200809,0
충북,괴산군,200810,0
충북,괴산군,200811,0
충북,괴산군,200812,0
충북,괴산군,200901,0
충북,괴산군,200902,0
충북,괴산군,200903,0
충북,괴산군,200904,0
충북,괴산군,200905,0
충북,괴산군,200906,0
충북,괴산군,200907,0
충북,괴산군,200908,0
충북,괴산군,200909,0
충북,괴산군,200910,0
충북,괴산군,200911,0
충북,괴산군,200912,0
충북,괴산군,201001,0
충북,괴산군,201002,0
충북,괴산군,201003,0
충북,괴산군,201004,0
충북,괴산군,201005,0
충북,괴산군,201006,0
충북,괴산군,201007,0
충북,괴산군,201008,0
충북,괴산군,201009,0
충북,괴산군,201010,0
충북,괴산군,201011,0
충북,괴산군,201012,0
충북,괴산군,201101,0
충북,괴산군,201102,0
충북,괴산군,201103,0
충북,괴산군,201104,0
충북,괴산군,201105,0
충북,괴산군,201106,0
충북,괴산군,201107,0
충북,괴산군,201108,0
충북,괴산군,201109,0
충북,괴산군,201110,0
충북,괴산군,201111,0
충북,괴산군,201112,0
충북,괴산군,201201,0
충북,괴산군,201202,0
충북,괴산군,201203,0
충북,괴산군,201204,0
충북,괴산군,201205,0
충북,괴산군,201206,0
충북,괴산군,201207,0
충북,괴산군,201208,0
충북,괴산군,201209,0
충북,괴산군,201210,0
충북,괴산군,201211,0
충북,괴산군,201212,0
충북,괴산군,201301,0
충북,괴산군,201302,0
충북,괴산군,201303,0
충북,괴산군,201304,0
충북,괴산군,201305,0
충북,괴산군,201306,0
충북,괴산군,201307,0
충북,괴산군,201308,0
충북,괴산군,201309,0
충북,괴산군,201310,0
충북,괴산군,201311,0
충북,괴산군,201312,0
충북,괴산군,201401,0
충북,괴산군,201402,0
충북,괴산군,201403,0
충북,괴산군,201404,0
충북,괴산군,201405,0
충북,괴산군,201406,0
충북,괴산군,201407,0
충북,괴산군,201408,0
충북,괴산군,201409,0
충북,괴산군,201410,0
충북,괴산군,201411,0
충북,괴산군,201412,0
충북,괴산군,201501,0
충북,괴산군,201502,0
충북,괴산군,201503,0
충북,괴산군,201504,0
충북,괴산군,201505,0
충북,괴산군,201506,0
충북,괴산군,201507,0
충북,괴산군,201508,0
충북,괴산군,201509,19
충북,괴산군,201510,16
충북,괴산군,201511,15
충북,괴산군,201512,13
충북,괴산군,201601,11
충북,괴산군,201602,8
충북,괴산군,201603,0
충북,괴산군,201604,0
충북,괴산군,201605,0
충북,괴산군,201606,0
충북,괴산군,201607,0
충북,괴산군,201608,0
충북,괴산군,201609,0
충북,괴산군,201610,0
충북,괴산군,201612,0
충북,괴산군,201702,0
충북,괴산군,201703,0
충북,괴산군,201704,0
충북,괴산군,201705,0
충북,괴산군,201706,0
충북,괴산군,201707,0
충북,괴산군,201708,0
충북,괴산군,201709,0
충북,괴산군,201710,0
충북,괴산군,201711,0
충북,괴산군,201712,0
충북,괴산군,201801,0
충북,괴산군,201802,0
충북,괴산군,201804,0
충북,괴산군,201807,0
충북,괴산군,201808,0
충북,괴산군,201811,0
충북,괴산군,201812,0
충북,괴산군,201901,0
충북,괴산군,201902,0
충북,괴산군,201903,0
충북,괴산군,201904,0
충북,괴산군,201905,0
충북,괴산군,201906,0
충북,괴산군,201907,0
충북,괴산군,201908,0
충북,괴산군,201909,0
충북,괴산군,201910,0
충북,괴산군,201912,0
충북,괴산군,202001,0
충북,괴산군,202002,0
충북,괴산군,202003,0
충북,괴산군,202004,0
충북,괴산군,202005,0
충북,괴산군,202006,0
충북,괴산군,202007,0
충북,괴산군,202008,0
충북,괴산군,202009,0
충북,괴산군,202010,0
충북,괴산군,202011,0
충북,괴산군,202012,0
충북,괴산군,202101,0
충북,괴산군,202102,0
충북,괴산군,202103,0
충북,괴산군,202104,0
충북,괴산군,202105,0
충북,괴산군,202106,0
충북,괴산군,202107,0
충북,괴산군,202108,0
충북,괴산군,202109,0
충북,괴산군,202110,0
충북,괴산군,202111,0
충북,괴산군,202112,0
충북,괴산군,202201,0
충북,괴산군,202202,0
충북,괴산군,202203,0
충북,괴산군,202204,0
충북,괴산군,202205,0
충북,괴산군,202206,0
충북,괴산군,202207,0
충북,괴산군,202208,0
충북,괴산군,202209,0
충북,괴산군,202210,0
충북,괴산군,202211,0
충북,괴산군,202212,0
충북,괴산군,202301,0
충북,괴산군,202302,0
충북,괴산군,202303,0
충북,괴산군,202304,0
충북,괴산군,202305,0
충북,괴산군,202306,0
충북,괴산군,202307,0
충북,괴산군,202308,0
충북,괴산군,202309,0
충북,괴산군,202310,0
충북,괴산군,202311,0
충북,괴산군,202312,0
충북,괴산군,202401,0
충북,괴산군,202402,0
충북,괴산군,202403,0
충북,괴산군,202404,0
충북,괴산군,202405,0
충북,괴산군,202406,0
충북,괴산군,202407,0
충북,괴산군,202408,0
충북,괴산군,202409,0
충북,괴산군,202410,0
충북,괴산군,202411,0
충북,괴산군,202412,0
충북,괴산군,202501,0
충북,괴산군,202502,0
충북,괴산군,202503,0
충북,괴산군,202504,0
충북,괴산군,202505,0
충북,괴산군,202506,0
충북,괴산군,202507,0
충북,괴산군,202508,0
충북,괴산군,202509,0
충북,괴산군,202510,0
충북,괴산군,202511,0
충북,괴산군,202512,0
충북,괴산군,202601,0
충북,괴산군,202602,0
충북,괴산군,202603,0
충북,괴산군,202604,0
충북,괴산군,202605,0
충북,괴산군,202606,0
충북,괴산군,202607,0
충북,괴산군,202608,0
충북,충주시,200701,541
충북,충주시,200702,533
충북,충주시,200703,517
충북,충주시,200704,485
충북,충주시,200705,480
충북,충주시,200706,475
충북,충주시,200707,714
충북,충주시,200708,673
충북,충주시,200709,676
충북,충주시,200710,663
충북,충주시,200711,661
충북,충주시,200712,657
충북,충주시,200801,658
충북,충주시,200802,648
충북,충주시,200803,646
충북,충주시,200804,635
충북,충주시,200805,511
충북,충주시,200806,824
충북,충주시,200807,558
충북,충주시,200808,499
충북,충주시,200809,489
충북,충주시,200810,484
충북,충주시,200811,445
충북,충주시,200812,444
충북,충주시,200901,437
충북,충주시,200902,437
충북,충주시,200903,581
충북,충주시,200904,575
충북,충주시,200905,575
충북,충주시,200906,578
충북,충주시,200907,551
충북,충주시,200908,520
충북,충주시,200909,493
충북,충주시,200910,488
충북,충주시,200911,486
충북,충주시,200912,483
충북,충주시,201001,480
충북,충주시,201002,475
충북,충주시,201003,467
충북,충주시,201004,453
충북,충주시,201005,441
충북,충주시,201006,423
충북,충주시,201007,401
충북,충주시,201008,363
충북,충주시,201009,346
충북,충주시,201010,304
충북,충주시,201011,274
충북,충주시,201012,246
충북,충주시,201101,231
충북,충주시,201102,216
충북,충주시,201103,206
충북,충주시,201104,197
충북,충주시,201105,182
충북,충주시,201106,162
충북,충주시,201107,156
충북,충주시,201108,108
충북,충주시,201109,9
충북,충주시,201110,9
충북,충주시,201111,9
충북,충주시,201112,9
충북,충주시,201201,5
충북,충주시,201202,5
충북,충주시,201203,5
충북,충주시,201204,5
충북,충주시,201205,5
충북,충주시,201206,5
충북,충주시,201207,5
충북,충주시,201208,2
충북,충주시,201209,2
충북,충주시,201210,20
충북,충주시,201211,18
충북,충주시,201212,17
충북,충주시,201301,17
충북,충주시,201302,17
충북,충주시,201303,261
충북,충주시,201304,251
충북,충주시,201305,235
충북,충주시,201306,221
충북,충주시,201307,205
충북,충주시,201308,198
충북,충주시,201309,185
충북,충주시,201310,168
충북,충주시,201311,155
충북,충주시,201312,135
충북,충주시,201401,116
충북,충주시,201402,100
충북,충주시,201403,94
충북,충주시,201404,482
충북,충주시,201405,647
충북,충주시,201406,586
충북,충주시,201407,452
충북,충주시,201408,339
충북,충주시,201409,246
충북,충주시,201410,142
충북,충주시,201411,98
충북,충주시,201412,76
충북,충주시,201501,50
충북,충주시,201502,285
충북,충주시,201503,216
충북,충주시,201504,154
충북,충주시,201505,124
충북,충주시,201506,457
충북,충주시,201507,417
충북,충주시,201508,409
충북,충주시,201509,399
충북,충주시,201510,377
충북,충주시,201511,2212
충북,충주시,201512,1679
충북,충주시,201601,1710
충북,충주시,201602,1683
충북,충주시,201603,1466
충북,충주시,201604,1455
충북,충주시,201605,1314
충북,충주시,201606,1014
충북,충주시,201607,838
충북,충주시,201608,715
충북,충주시,201609,646
충북,충주시,201610,596
충북,충주시,201611,524
충북,충주시,201612,467
충북,충주시,201701,426
충북,충주시,201702,406
충북,충주시,201703,392
충북,충주시,201704,387
충북,충주시,201705,379
충북,충주시,201706,1147
충북,충주시,201707,1029
충북,충주시,201708,955
충북,충주시,201709,849
충북,충주시,201710,793
충북,충주시,201711,763
충북,충주시,201712,734
충북,충주시,201801,685
충북,충주시,201802,658
충북,충주시,201803,614
충북,충주시,201804,604
충북,충주시,201805,588
충북,충주시,201806,580
충북,충주시,201807,436
충북,충주시,201808,435
충북,충주시,201809,387
충북,충주시,201810,358
충북,충주시,201811,339
충북,충주시,201812,316
충북,충주시,201901,293
충북,충주시,201902,290
충북,충주시,201903,286
충북,충주시,201904,270
충북,충주시,201905,231
충북,충주시,201906,181
충북,충주시,201907,113
충북,충주시,201908,25
충북,충주시,201909,0
충북,충주시,201910,0
충북,충주시,201912,0
충북,충주시,202001,0
충북,충주시,202002,0
충북,충주시,202003,0
충북,충주시,202004,0
충북,충주시,202005,0
충북,충주시,202006,0
충북,충주시,202007,0
충북,충주시,202008,0
충북,충주시,202009,0
충북,충주시,202010,0
충북,충주시,202011,0
충북,충주시,202012,0
충북,충주시,202101,0
충북,충주시,202102,0
충북,충주시,202103,0
충북,충주시,202104,0
충북,충주시,202105,0
충북,충주시,202106,0
충북,충주시,202107,149
충북,충주시,202108,7
충북,충주시,202109,5
충북,충주시,202110,5
충북,충주시,202111,5
충북,충주시,202112,5
충북,충주시,202201,5
충북,충주시,202202,5
충북,충주시,202203,5
충북,충주시,202204,5
충북,충주시,202205,160
충북,충주시,202206,56
충북,충주시,202207,41
충북,충주시,202208,30
충북,충주시,202209,26
충북,충주시,202210,22
충북,충주시,202211,22
충북,충주시,202212,22
충북,충주시,202301,21
충북,충주시,202302,21
충북,충주시,202303,21
충북,충주시,202304,21
충북,충주시,202305,21
충북,충주시,202306,21
충북,충주시,202307,21
충북,충주시,202308,21
충북,충주시,202309,21
충북,충주시,202310,19
충북,충주시,202311,19
충북,충주시,202312,19
충북,충주시,202401,19
충북,충주시,202402,19
충북,충주시,202403,19
충북,충주시,202404,19
충북,충주시,202405,19
충북,충주시,202406,19
충북,충주시,202407,19
충북,충주시,202408,19
충북,충주시,202409,19
충북,충주시,202410,19
충북,충주시,202411,19
충북,충주시,202412,19
충북,충주시,202501,19
충북,충주시,202502,19
충북,충주시,202503,19
충북,충주시,202504,19
충북,충주시,202505,19
충북,충주시,202506,19
충북,충주시,202507,304
충북,충주시,202508,210
충북,충주시,202509,413
충북,충주시,202510,396
충북,충주시,202511,340
충북,충주시,202512,298
충북,충주시,202601,275
충북,충주시,202602,244
충북,충주시,202603,242
충북,충주시,202604,227
충북,충주시,202605,159
충북,충주시,202606,122
충북,충주시,202607,55
충북,충주시,202608,44
충북,제천시,200701,1364
충북,제천시,200702,1319
충북,제천시,200703,1241
충북,제천시,200704,1207
충북,제천시,200705,1201
충북,제천시,200706,1068
충북,제천시,200707,874
충북,제천시,200708,869
충북,제천시,200709,851
충북,제천시,200710,982
충북,제천시,200711,977
충북,제천시,200712,725
충북,제천시,200801,1074
충북,제천시,200802,963
충북,제천시,200803,1015
충북,제천시,200804,997
충북,제천시,200805,980
충북,제천시,200806,873
충북,제천시,200807,873
충북,제천시,200808,852
충북,제천시,200809,1007
충북,제천시,200810,771
충북,제천시,200811,772
충북,제천시,200812,772
충북,제천시,200901,772
충북,제천시,200902,772
충북,제천시,200903,1390
충북,제천시,200904,1299
충북,제천시,200905,1299
충북,제천시,200906,1023
충북,제천시,200907,1023
충북,제천시,200908,1012
충북,제천시,200909,1012
충북,제천시,200910,1009
충북,제천시,200911,1009
충북,제천시,200912,1009
충북,제천시,201001,986
충북,제천시,201002,959
충북,제천시,201003,935
충북,제천시,201004,885
충북,제천시,201005,791
충북,제천시,201006,788
충북,제천시,201007,217
충북,제천시,201008,158
충북,제천시,201009,154
충북,제천시,201010,147
충북,제천시,201011,144
충북,제천시,201012,142
충북,제천시,201101,140
충북,제천시,201102,133
충북,제천시,201103,129
충북,제천시,201104,79
충북,제천시,201105,46
충북,제천시,201106,40
충북,제천시,201107,40
충북,제천시,201108,24
충북,제천시,201109,24
충북,제천시,201110,0
충북,제천시,201111,0
충북,제천시,201112,0
충북,제천시,201201,0
충북,제천시,201202,0
충북,제천시,201203,0
충북,제천시,201204,0
충북,제천시,201205,0
충북,제천시,201206,0
충북,제천시,201207,0
충북,제천시,201208,0
충북,제천시,201209,0
충북,제천시,201210,0
충북,제천시,201211,0
충북,제천시,201212,0
충북,제천시,201301,0
충북,제천시,201302,0
충북,제천시,201303,0
충북,제천시,201304,48
충북,제천시,201305,42
충북,제천시,201306,42
충북,제천시,201307,320
충북,제천시,201308,320
충북,제천시,201309,271
충북,제천시,201310,237
충북,제천시,201311,213
충북,제천시,201312,189
충북,제천시,201401,171
충북,제천시,201402,160
충북,제천시,201403,154
충북,제천시,201404,327
충북,제천시,201405,311
충북,제천시,201406,242
충북,제천시,201407,809
충북,제천시,201408,702
충북,제천시,201409,624
충북,제천시,201410,562
충북,제천시,201411,514
충북,제천시,201412,454
충북,제천시,201501,408
충북,제천시,201502,373
충북,제천시,201503,344
충북,제천시,201504,326
충북,제천시,201505,250
충북,제천시,201506,217
충북,제천시,201507,353
충북,제천시,201508,242
충북,제천시,201509,197
충북,제천시,201510,164
충북,제천시,201511,549
충북,제천시,201512,493
충북,제천시,201601,423
충북,제천시,201602,391
충북,제천시,201603,370
충북,제천시,201604,999
충북,제천시,201605,842
충북,제천시,201606,661
충북,제천시,201607,795
충북,제천시,201608,755
충북,제천시,201609,721
충북,제천시,201610,676
충북,제천시,201611,720
충북,제천시,201612,642
충북,제천시,201701,607
충북,제천시,201702,588
충북,제천시,201703,559
충북,제천시,201704,540
충북,제천시,201705,501
충북,제천시,201706,476
충북,제천시,201707,454
충북,제천시,201708,432
충북,제천시,201709,420
충북,제천시,201710,405
충북,제천시,201711,390
충북,제천시,201712,374
충북,제천시,201801,356
충북,제천시,201802,340
충북,제천시,201803,310
충북,제천시,201804,303
충북,제천시,201805,303
충북,제천시,201806,303
충북,제천시,201807,303
충북,제천시,201808,299
충북,제천시,201809,299
충북,제천시,201810,281
충북,제천시,201811,281
충북,제천시,201812,265
충북,제천시,201901,261
충북,제천시,201902,258
충북,제천시,201903,256
충북,제천시,201904,241
충북,제천시,201905,239
충북,제천시,201906,233
충북,제천시,201907,233
충북,제천시,201908,231
충북,제천시,201909,210
충북,제천시,201910,210
충북,제천시,201911,202
충북,제천시,201912,192
충북,제천시,202001,60
충북,제천시,202002,53
충북,제천시,202003,52
충북,제천시,202004,45
충북,제천시,202005,32
충북,제천시,202006,27
충북,제천시,202007,18
충북,제천시,202008,13
충북,제천시,202009,8
충북,제천시,202010,8
충북,제천시,202011,0
충북,제천시,202012,0
충북,제천시,202101,0
충북,제천시,202102,0
충북,제천시,202103,0
충북,제천시,202104,0
충북,제천시,202105,0
충북,제천시,202106,0
충북,제천시,202107,0
충북,제천시,202108,0
충북,제천시,202109,0
충북,제천시,202110,0
충북,제천시,202111,0
충북,제천시,202112,0
충북,제천시,202201,0
충북,제천시,202202,0
충북,제천시,202203,0
충북,제천시,202204,0
충북,제천시,202205,0
충북,제천시,202206,0
충북,제천시,202207,0
충북,제천시,202208,0
충북,제천시,202209,0
충북,제천시,202210,0
충북,제천시,202211,0
충북,제천시,202212,0
충북,제천시,202301,522
충북,제천시,202302,660
충북,제천시,202303,660
충북,제천시,202304,657
충북,제천시,202305,654
충북,제천시,202306,643
충북,제천시,202307,639
충북,제천시,202308,637
충북,제천시,202309,629
충북,제천시,202310,620
충북,제천시,202311,619
충북,제천시,202312,610
충북,제천시,202401,598
충북,제천시,202402,580
충북,제천시,202403,564
충북,제천시,202404,553
충북,제천시,202405,545
충북,제천시,202406,528
충북,제천시,202407,511
충북,제천시,202408,482
충북,제천시,202409,459
충북,제천시,202410,432
충북,제천시,202411,410
충북,제천시,202412,395
충북,제천시,202501,362
충북,제천시,202502,335
충북,제천시,202503,288
충북,제천시,202504,264
충북,제천시,202505,250
충북,제천시,202506,228
충북,제천시,202507,198
충북,제천시,202508,165
충북,제천시,202509,130
충북,제천시,202510,125
충북,제천시,202511,117
충북,제천시,202512,109
충북,제천시,202601,92
충북,제천시,202602,79
충북,제천시,202603,68
충북,제천시,202604,53
충북,제천시,202605,34
충북,제천시,202606,34
충북,제천시,202607,3
충북,제천시,202608,1
충북,단양군,200701,82
충북,단양군,200702,82
충북,단양군,200703,82
충북,단양군,200704,80
충북,단양군,200705,80
충북,단양군,200706,80
충북,단양군,200707,80
충북,단양군,200708,80
충북,단양군,200709,78
충북,단양군,200710,78
충북,단양군,200711,78
충북,단양군,200712,78
충북,단양군,200801,78
충북,단양군,200802,78
충북,단양군,200803,78
충북,단양군,200804,78
충북,단양군,200805,78
충북,단양군,200806,107
충북,단양군,200807,107
충북,단양군,200808,106
충북,단양군,200809,18
충북,단양군,200810,18
충북,단양군,200811,18
충북,단양군,200812,18
충북,단양군,200901,18
충북,단양군,200902,18
충북,단양군,200903,18
충북,단양군,200904,18
충북,단양군,200905,18
충북,단양군,200906,18
충북,단양군,200907,18
충북,단양군,200908,18
충북,단양군,200909,18
충북,단양군,200910,18
충북,단양군,200911,18
충북,단양군,200912,18
충북,단양군,201001,18
충북,단양군,201002,16
충북,단양군,201003,16
충북,단양군,201004,10
충북,단양군,201005,8
충북,단양군,201006,5
충북,단양군,201007,2
충북,단양군,201008,2
충북,단양군,201009,0
충북,단양군,201010,0
충북,단양군,201011,0
충북,단양군,201012,0
충북,단양군,201101,0
충북,단양군,201102,0
충북,단양군,201103,0
충북,단양군,201104,0
충북,단양군,201105,0
충북,단양군,201106,0
충북,단양군,201107,0
충북,단양군,201108,0
충북,단양군,201109,0
충북,단양군,201110,0
충북,단양군,201111,0
충북,단양군,201112,0
충북,단양군,201201,0
충북,단양군,201202,0
충북,단양군,201203,0
충북,단양군,201204,0
충북,단양군,201205,0
충북,단양군,201206,0
충북,단양군,201207,0
충북,단양군,201208,0
충북,단양군,201209,0
충북,단양군,201210,0
충북,단양군,201211,0
충북,단양군,201212,0
충북,단양군,201301,0
충북,단양군,201302,0
충북,단양군,201303,0
충북,단양군,201304,0
충북,단양군,201305,0
충북,단양군,201306,0
충북,단양군,201307,0
충북,단양군,201308,0
충북,단양군,201309,0
충북,단양군,201310,0
충북,단양군,201311,0
충북,단양군,201312,0
충북,단양군,201401,0
충북,단양군,201402,0
충북,단양군,201403,0
충북,단양군,201404,0
충북,단양군,201405,0
충북,단양군,201406,0
충북,단양군,201407,0
충북,단양군,201408,0
충북,단양군,201409,0
충북,단양군,201410,0
충북,단양군,201411,0
충북,단양군,201412,0
충북,단양군,201502,0
충북,단양군,201503,0
충북,단양군,201504,0
충북,단양군,201505,0
충북,단양군,201506,0
충북,단양군,201507,0
충북,단양군,201508,0
충북,단양군,201509,0
충북,단양군,201510,0
충북,단양군,201511,0
충북,단양군,201512,0
충북,단양군,201601,0
충북,단양군,201602,0
충북,단양군,201603,0
충북,단양군,201604,0
충북,단양군,201605,0
충북,단양군,201606,0
충북,단양군,201607,0
충북,단양군,201608,0
충북,단양군,201609,0
충북,단양군,201610,0
충북,단양군,201612,0
충북,단양군,201701,0
충북,단양군,201702,0
충북,단양군,201703,0
충북,단양군,201704,0
충북,단양군,201705,0
충북,단양군,201706,0
충북,단양군,201707,0
충북,단양군,201708,0
충북,단양군,201709,0
충북,단양군,201710,0
충북,단양군,201711,0
충북,단양군,201712,0
충북,단양군,201801,0
충북,단양군,201802,0
충북,단양군,201804,0
충북,단양군,201807,0
충북,단양군,201808,0
충북,단양군,201811,0
충북,단양군,201812,0
충북,단양군,201901,0
충북,단양군,201902,0
충북,단양군,201903,0
충북,단양군,201904,0
충북,단양군,201905,0
충북,단양군,201906,0
충북,단양군,201907,0
충북,단양군,201908,0
충북,단양군,201909,0
충북,단양군,201910,0
충북,단양군,201912,0
충북,단양군,202001,0
충북,단양군,202002,0
충북,단양군,202003,0
충북,단양군,202004,0
충북,단양군,202005,0
충북,단양군,202006,0
충북,단양군,202007,0
충북,단양군,202008,0
충북,단양군,202009,0
충북,단양군,202010,0
충북,단양군,202011,0
충북,단양군,202012,0
충북,단양군,202101,0
충북,단양군,202102,0
충북,단양군,202103,0
충북,단양군,202104,0
충북,단양군,202105,0
충북,단양군,202106,0
충북,단양군,202107,0
충북,단양군,202108,0
충북,단양군,202109,0
충북,단양군,202110,0
충북,단양군,202111,0
충북,단양군,202112,0
충북,단양군,202201,0
충북,단양군,202202,0
충북,단양군,202203,0
충북,단양군,202204,0
충북,단양군,202205,0
충북,단양군,202206,0
충북,단양군,202207,0
충북,단양군,202208,0
충북,단양군,202209,0
충북,단양군,202210,0
충북,단양군,202211,0
충북,단양군,202212,0
충북,단양군,202301,0
충북,단양군,202302,0
충북,단양군,202303,0
충북,단양군,202304,0
충북,단양군,202305,0
충북,단양군,202306,0
충북,단양군,202307,0
충북,단양군,202308,0
충북,단양군,202309,0
충북,단양군,202310,0
충북,단양군,202311,0
충북,단양군,202312,0
충북,단양군,202401,0
충북,단양군,202402,0
충북,단양군,202403,0
충북,단양군,202404,0
충북,단양군,202405,0
충북,단양군,202406,0
충북,단양군,202407,0
충북,단양군,202408,0
충북,단양군,202409,0
충북,단양군,202410,0
충북,단양군,202411,0
충북,단양군,202412,0
충북,단양군,202501,0
충북,단양군,202502,0
충북,단양군,202503,0
충북,단양군,202504,0
충북,단양군,202505,0
충북,단양군,202506,0
충북,단양군,202507,0
충북,단양군,202508,0
충북,단양군,202509,0
충북,단양군,202510,0
충북,단양군,202511,0
충북,단양군,202512,0
충북,단양군,202601,0
충북,단양군,202602,0
충북,단양군,202603,0
충북,단양군,202604,0
충북,단양군,202605,0
충북,단양군,202606,0
충북,단양군,202607,0
충북,단양군,202608,0
충북,청원군,200701,140
충북,청원군,200702,130
충북,청원군,200703,132
충북,청원군,200704,127
충북,청원군,200705,425
충북,청원군,200706,453
충북,청원군,200707,447
충북,청원군,200708,447
충북,청원군,200709,457
충북,청원군,200710,300
충북,청원군,200711,302
충북,청원군,200712,277
충북,청원군,200801,301
충북,청원군,200802,283
충북,청원군,200803,276
충북,청원군,200804,248
충북,청원군,200805,295
충북,청원군,200806,467
충북,청원군,200807,401
충북,청원군,200808,386
충북,청원군,200809,329
충북,청원군,200810,325
충북,청원군,200811,1141
충북,청원군,200812,1137
충북,청원군,200901,1125
충북,청원군,200902,1121
충북,청원군,200903,1216
충북,청원군,200904,1341
충북,청원군,200905,1192
충북,청원군,200906,1104
충북,청원군,200907,1134
충북,청원군,200908,879
충북,청원군,200909,595
충북,청원군,200910,575
충북,청원군,200911,526
충북,청원군,200912,394
충북,청원군,201001,335
충북,청원군,201002,221
충북,청원군,201003,195
충북,청원군,201004,186
충북,청원군,201005,94
충북,청원군,201006,94
충북,청원군,201007,52
충북,청원군,201008,42
충북,청원군,201009,51
충북,청원군,201010,53
충북,청원군,201011,55
충북,청원군,201012,55
충북,청원군,201101,56
충북,청원군,201102,102
충북,청원군,201103,85
충북,청원군,201104,61
충북,청원군,201105,70
충북,청원군,201106,54
충북,청원군,201107,50
충북,청원군,201108,41
충북,청원군,201109,33
충북,청원군,201110,27
충북,청원군,201111,14
충북,청원군,201112,14
충북,청원군,201201,63
충북,청원군,201202,63
충북,청원군,201203,114
충북,청원군,201204,115
충북,청원군,201205,103
충북,청원군,201206,99
충북,청원군,201207,46
충북,청원군,201208,45
충북,청원군,201209,59
충북,청원군,201210,60
충북,청원군,201211,90
충북,청원군,201212,84
충북,청원군,201301,81
충북,청원군,201302,64
충북,청원군,201303,72
충북,청원군,201304,65
충북,청원군,201305,99
충북,청원군,201306,97
충북,청원군,201307,96
충북,청원군,201308,96
충북,청원군,201309,95
충북,청원군,201310,93
충북,청원군,201311,93
충북,청원군,201312,62
충북,청원군,201401,54
충북,청원군,201402,56
충북,청원군,201403,57
충북,청원군,201404,56
충북,청원군,201405,52
충북,청원군,201406,48
충북,청원군,201407,0
충북,청원군,201701,0
충북,청원군,201702,0
충북,청원군,201703,0
충북,보은군,200701,0
충북,보은군,200702,0
충북,보은군,200703,0
충북,보은군,200704,0
충북,보은군,200705,0
충북,보은군,200706,0
충북,보은군,200707,0
충북,보은군,200708,0
충북,보은군,200709,0
충북,보은군,200710,0
충북,보은군,200711,0
충북,보은군,200712,10
충북,보은군,200801,10
충북,보은군,200802,10
충북,보은군,200803,6
충북,보은군,200804,6
충북,보은군,200805,6
충북,보은군,200806,0
충북,보은군,200807,0
충북,보은군,200808,0
충북,보은군,200809,0
충북,보은군,200810,0
충북,보은군,200811,0
충북,보은군,200812,0
충북,보은군,200901,0
충북,보은군,200902,0
충북,보은군,200903,0
충북,보은군,200904,0
충북,보은군,200905,0
충북,보은군,200906,0
충북,보은군,200907,0
충북,보은군,200908,0
충북,보은군,200909,0
충북,보은군,200910,0
충북,보은군,200911,0
충북,보은군,200912,0
충북,보은군,201001,0
충북,보은군,201002,0
충북,보은군,201003,0
충북,보은군,201004,0
충북,보은군,201005,0
충북,보은군,201006,0
충북,보은군,201007,0
충북,보은군,201008,0
충북,보은군,201009,0
충북,보은군,201010,0
충북,보은군,201011,0
충북,보은군,201012,0
충북,보은군,201101,0
충북,보은군,201102,0
충북,보은군,201103,0
충북,보은군,201104,0
충북,보은군,201105,0
충북,보은군,201106,0
충북,보은군,201107,0
충북,보은군,201108,0
충북,보은군,201109,0
충북,보은군,201110,0
충북,보은군,201111,0
충북,보은군,201112,0
충북,보은군,201201,0
충북,보은군,201202,0
충북,보은군,201203,0
충북,보은군,201204,0
충북,보은군,201205,0
충북,보은군,201206,0
충북,보은군,201207,0
충북,보은군,201208,0
충북,보은군,201209,0
충북,보은군,201210,0
충북,보은군,201211,0
충북,보은군,201212,0
충북,보은군,201301,0
충북,보은군,201302,0
충북,보은군,201303,0
충북,보은군,201304,0
충북,보은군,201305,0
충북,보은군,201306,0
충북,보은군,201307,0
충북,보은군,201308,0
충북,보은군,201309,0
충북,보은군,201310,0
충북,보은군,201311,0
충북,보은군,201312,0
충북,보은군,201401,0
충북,보은군,201402,0
충북,보은군,201403,0
충북,보은군,201404,0
충북,보은군,201405,0
충북,보은군,201406,0
충북,보은군,201407,0
충북,보은군,201408,0
충북,보은군,201409,0
충북,보은군,201410,0
충북,보은군,201411,0
충북,보은군,201412,0
충북,보은군,201501,0
충북,보은군,201502,0
충북,보은군,201503,0
충북,보은군,201504,0
충북,보은군,201505,0
충북,보은군,201506,0
충북,보은군,201507,0
충북,보은군,201508,0
충북,보은군,201509,0
충북,보은군,201510,0
충북,보은군,201511,0
충북,보은군,201512,0
충북,보은군,201601,0
충북,보은군,201602,0
충북,보은군,201603,0
충북,보은군,201604,0
충북,보은군,201605,0
충북,보은군,201606,0
충북,보은군,201607,0
충북,보은군,201608,0
충북,보은군,201609,0
충북,보은군,201610,0
충북,보은군,201612,293
충북,보은군,201701,512
충북,보은군,201702,496
충북,보은군,201703,482
충북,보은군,201704,476
충북,보은군,201705,472
충북,보은군,201706,468
충북,보은군,201707,467
충북,보은군,201708,464
충북,보은군,201709,463
충북,보은군,201710,446
충북,보은군,201711,431
충북,보은군,201712,417
충북,보은군,201801,400
충북,보은군,201802,392
충북,보은군,201803,388
충북,보은군,201804,386
충북,보은군,201805,378
충북,보은군,201806,375
충북,보은군,201807,363
충북,보은군,201808,357
충북,보은군,201809,348
충북,보은군,201810,345
충북,보은군,201811,341
충북,보은군,201812,338
충북,보은군,201901,335
충북,보은군,201902,332
충북,보은군,201903,332
충북,보은군,201904,332
충북,보은군,201905,332
충북,보은군,201906,332
충북,보은군,201907,332
충북,보은군,201908,332
충북,보은군,201909,332
충북,보은군,201910,332
충북,보은군,201911,332
충북,보은군,201912,0
충북,보은군,202001,0
충북,보은군,202002,0
충북,보은군,202003,0
충북,보은군,202004,0
충북,보은군,202005,0
충북,보은군,202006,0
충북,보은군,202007,0
충북,보은군,202008,0
충북,보은군,202009,0
충북,보은군,202010,0
충북,보은군,202011,0
충북,보은군,202012,0
충북,보은군,202101,0
충북,보은군,202102,0
충북,보은군,202103,0
충북,보은군,202104,0
충북,보은군,202105,0
충북,보은군,202106,0
충북,보은군,202107,0
충북,보은군,202108,0
충북,보은군,202109,0
충북,보은군,202110,0
충북,보은군,202111,0
충북,보은군,202112,0
충북,보은군,202201,0
충북,보은군,202202,0
충북,보은군,202203,0
충북,보은군,202204,0
충북,보은군,202205,0
충북,보은군,202206,0
충북,보은군,202207,0
충북,보은군,202208,0
충북,보은군,202209,0
충북,보은군,202210,0
충북,보은군,202211,0
충북,보은군,202212,0
충북,보은군,202301,0
충북,보은군,202302,0
충북,보은군,202303,0
충북,보은군,202304,0
충북,보은군,202305,0
충북,보은군,202306,0
충북,보은군,202307,59
충북,보은군,202308,59
충북,보은군,202309,59
충북,보은군,202310,59
충북,보은군,202311,59
충북,보은군,202312,59
충북,보은군,202401,59
충북,보은군,202402,59
충북,보은군,202403,59
충북,보은군,202404,59
충북,보은군,202405,59
충북,보은군,202406,59
충북,보은군,202407,59
충북,보은군,202408,59
충북,보은군,202409,59
충북,보은군,202410,59
충북,보은군,202411,59
충북,보은군,202412,59
충북,보은군,202501,59
충북,보은군,202502,59
충북,보은군,202503,59
충북,보은군,202504,59
충북,보은군,202505,59
충북,보은군,202506,59
충북,보은군,202507,59
충북,보은군,202508,59
충북,보은군,202509,59
충북,보은군,202510,59
충북,보은군,202511,59
충북,보은군,202512,59
충북,보은군,202601,59
충북,보은군,202602,59
충북,보은군,202603,59
충북,보은군,202604,59
충북,보은군,202605,59
충북,보은군,202606,59
충북,보은군,202607,59
충북,보은군,202608,59
충북,영동군,200701,34
충북,영동군,200702,18
충북,영동군,200703,18
충북,영동군,200704,15
충북,영동군,200705,15
충북,영동군,200706,13
충북,영동군,200707,13
충북,영동군,200708,13
충북,영동군,200709,13
충북,영동군,200710,13
충북,영동군,200711,13
충북,영동군,200712,13
충북,영동군,200801,13
충북,영동군,200802,13
충북,영동군,200803,13
충북,영동군,200804,88
충북,영동군,200805,76
충북,영동군,200806,94
충북,영동군,200807,59
충북,영동군,200808,59
충북,영동군,200809,59
충북,영동군,200810,59
충북,영동군,200811,76
충북,영동군,200812,42
충북,영동군,200901,37
충북,영동군,200902,35
충북,영동군,200903,39
충북,영동군,200904,36
충북,영동군,200905,27
충북,영동군,200906,11
충북,영동군,200907,5
충북,영동군,200908,5
충북,영동군,200909,2
충북,영동군,200910,1
충북,영동군,200911,1
충북,영동군,200912,1
충북,영동군,201001,1
충북,영동군,201002,1
충북,영동군,201003,1
충북,영동군,201004,1
충북,영동군,201005,1
충북,영동군,201006,1
충북,영동군,201007,1
충북,영동군,201008,1
충북,영동군,201009,1
충북,영동군,201010,1
충북,영동군,201011,1
충북,영동군,201012,1
충북,영동군,201101,1
충북,영동군,201102,1
충북,영동군,201103,1
충북,영동군,201104,1
충북,영동군,201105,1
충북,영동군,201106,1
충북,영동군,201107,1
충북,영동군,201108,1
충북,영동군,201109,1
충북,영동군,201110,1
충북,영동군,201111,1
충북,영동군,201112,1
충북,영동군,201201,1
충북,영동군,201202,1
충북,영동군,201203,1
충북,영동군,201204,1
충북,영동군,201205,1
충북,영동군,201206,1
충북,영동군,201207,1
충북,영동군,201208,0
충북,영동군,201209,0
충북,영동군,201210,0
충북,영동군,201211,0
충북,영동군,201212,0
충북,영동군,201301,0
충북,영동군,201302,0
충북,영동군,201303,0
충북,영동군,201304,0
충북,영동군,201305,0
충북,영동군,201306,0
충북,영동군,201307,0
충북,영동군,201308,0
충북,영동군,201309,0
충북,영동군,201310,0
충북,영동군,201311,0
충북,영동군,201312,0
충북,영동군,201401,0
충북,영동군,201402,0
충북,영동군,201403,0
충북,영동군,201404,0
충북,영동군,201405,0
충북,영동군,201406,0
충북,영동군,201407,0
충북,영동군,201408,0
충북,영동군,201409,0
충북,영동군,201410,0
충북,영동군,201411,0
충북,영동군,201412,0
충북,영동군,201501,0
충북,영동군,201502,0
충북,영동군,201503,0
충북,영동군,201504,0
충북,영동군,201505,0
충북,영동군,201506,0
충북,영동군,201507,0
충북,영동군,201508,0
충북,영동군,201509,0
충북,영동군,201510,55
충북,영동군,201511,52
충북,영동군,201512,91
충북,영동군,201601,88
충북,영동군,201602,76
충북,영동군,201603,74
충북,영동군,201604,70
충북,영동군,201605,68
충북,영동군,201606,53
충북,영동군,201607,51
충북,영동군,201608,49
충북,영동군,201609,48
충북,영동군,201610,37
충북,영동군,201611,36
충북,영동군,201612,36
충북,영동군,201701,36
충북,영동군,201702,33
충북,영동군,201703,29
충북,영동군,201704,28
충북,영동군,201705,27
충북,영동군,201706,26
충북,영동군,201707,25
충북,영동군,201708,25
충북,영동군,201709,25
충북,영동군,201710,25
충북,영동군,201711,25
충북,영동군,201712,25
충북,영동군,201801,24
충북,영동군,201802,24
충북,영동군,201803,24
충북,영동군,201804,24
충북,영동군,201805,24
충북,영동군,201806,24
충북,영동군,201807,24
충북,영동군,201808,24
충북,영동군,201809,24
충북,영동군,201810,24
충북,영동군,201811,24
충북,영동군,201812,24
충북,영동군,201901,24
충북,영동군,201902,24
충북,영동군,201903,24
충북,영동군,201904,24
충북,영동군,201905,24
충북,영동군,201906,24
충북,영동군,201907,23
충북,영동군,201908,23
충북,영동군,201909,23
충북,영동군,201910,23
충북,영동군,201911,23
충북,영동군,201912,23
충북,영동군,202001,23
충북,영동군,202002,23
충북,영동군,202003,23
충북,영동군,202004,23
충북,영동군,202005,23
충북,영동군,202006,23
충북,영동군,202007,43
충북,영동군,202008,40
충북,영동군,202009,40
충북,영동군,202010,40
충북,영동군,202011,34
충북,영동군,202012,46
충북,영동군,202101,45
충북,영동군,202102,36
충북,영동군,202103,32
충북,영동군,202104,27
충북,영동군,202105,25
충북,영동군,202106,25
충북,영동군,202107,23
충북,영동군,202108,19
충북,영동군,202109,18
충북,영동군,202110,18
충북,영동군,202111,15
충북,영동군,202112,37
충북,영동군,202201,31
충북,영동군,202202,26
충북,영동군,202203,26
충북,영동군,202204,25
충북,영동군,202205,12
충북,영동군,202206,9
충북,영동군,202207,8
충북,영동군,202208,7
충북,영동군,202209,7
충북,영동군,202210,7
충북,영동군,202211,7
충북,영동군,202212,7
충북,영동군,202301,7
충북,영동군,202302,7
충북,영동군,202303,5
충북,영동군,202304,4
충북,영동군,202305,9
충북,영동군,202306,8
충북,영동군,202307,8
충북,영동군,202308,8
충북,영동군,202309,8
충북,영동군,202310,8
충북,영동군,202311,8
충북,영동군,202312,8
충북,영동군,202401,8
충북,영동군,202402,8
충북,영동군,202403,4
충북,영동군,202404,4
충북,영동군,202405,4
충북,영동군,202406,4
충북,영동군,202407,4
충북,영동군,202408,4
충북,영동군,202409,4
충북,영동군,202410,4
충북,영동군,202411,4
충북,영동군,202412,4
충북,영동군,202501,4
충북,영동군,202502,4
충북,영동군,202503,4
충북,영동군,202504,4
충북,영동군,202505,4
충북,영동군,202506,4
충북,영동군,202507,4
충북,영동군,202508,4
충북,영동군,202509,4
충북,영동군,202510,4
충북,영동군,202511,4
충북,영동군,202512,4
충북,영동군,202601,4
충북,영동군,202602,4
충북,영동군,202603,4
충북,영동군,202604,4
충북,영동군,202605,4
충북,영동군,202606,4
충북,영동군,202607,4
충북,영동군,202608,4
충북,옥천군,200701,0
충북,옥천군,200702,0
충북,옥천군,200703,0
충북,옥천군,200704,0
충북,옥천군,200705,1
충북,옥천군,200706,0
충북,옥천군,200707,0
충북,옥천군,200708,1
충북,옥천군,200709,1
충북,옥천군,200710,0
충북,옥천군,200711,0
충북,옥천군,200712,0
충북,옥천군,200801,32
충북,옥천군,200802,32
충북,옥천군,200803,32
충북,옥천군,200804,32
충북,옥천군,200805,32
충북,옥천군,200806,95
충북,옥천군,200807,100
충북,옥천군,200808,100
충북,옥천군,200809,100
충북,옥천군,200810,100
충북,옥천군,200811,100
충북,옥천군,200812,100
충북,옥천군,200901,100
충북,옥천군,200902,100
충북,옥천군,200903,100
충북,옥천군,200904,0
충북,옥천군,200905,0
충북,옥천군,200906,0
충북,옥천군,200907,0
충북,옥천군,200908,100
충북,옥천군,200909,0
충북,옥천군,200910,0
충북,옥천군,200911,0
충북,옥천군,200912,0
충북,옥천군,201001,0
충북,옥천군,201002,0
충북,옥천군,201003,0
충북,옥천군,201004,0
충북,옥천군,201005,0
충북,옥천군,201006,0
충북,옥천군,201007,0
충북,옥천군,201008,0
충북,옥천군,201009,0
충북,옥천군,201010,0
충북,옥천군,201011,0
충북,옥천군,201012,0
충북,옥천군,201101,0
충북,옥천군,201102,0
충북,옥천군,201103,0
충북,옥천군,201104,0
충북,옥천군,201105,0
충북,옥천군,201106,0
충북,옥천군,201107,0
충북,옥천군,201108,0
충북,옥천군,201109,0
충북,옥천군,201110,0
충북,옥천군,201111,0
충북,옥천군,201112,0
충북,옥천군,201201,0
충북,옥천군,201202,0
충북,옥천군,201203,0
충북,옥천군,201204,0
충북,옥천군,201205,0
충북,옥천군,201206,0
충북,옥천군,201207,0
충북,옥천군,201208,0
충북,옥천군,201209,0
충북,옥천군,201210,0
충북,옥천군,201211,0
충북,옥천군,201212,0
충북,옥천군,201301,0
충북,옥천군,201302,0
충북,옥천군,201303,0
충북,옥천군,201304,0
충북,옥천군,201305,0
충북,옥천군,201306,0
충북,옥천군,201307,0
충북,옥천군,201308,0
충북,옥천군,201309,0
충북,옥천군,201310,0
충북,옥천군,201311,0
충북,옥천군,201312,0
충북,옥천군,201401,0
충북,옥천군,201402,0
충북,옥천군,201403,0
충북,옥천군,201404,0
충북,옥천군,201405,0
충북,옥천군,201406,0
충북,옥천군,201407,0
충북,옥천군,201408,0
충북,옥천군,201409,0
충북,옥천군,201410,0
충북,옥천군,201411,0
충북,옥천군,201412,0
충북,옥천군,201501,0
충북,옥천군,201502,0
충북,옥천군,201503,0
충북,옥천군,201504,0
충북,옥천군,201505,0
충북,옥천군,201506,0
충북,옥천군,201507,0
충북,옥천군,201508,0
충북,옥천군,201509,0
충북,옥천군,201510,0
충북,옥천군,201511,0
충북,옥천군,201512,0
충북,옥천군,201601,0
충북,옥천군,201602,0
충북,옥천군,201603,0
충북,옥천군,201604,0
충북,옥천군,201605,0
충북,옥천군,201606,0
충북,옥천군,201607,0
충북,옥천군,201608,0
충북,옥천군,201609,0
충북,옥천군,201610,0
충북,옥천군,201612,0
충북,옥천군,201701,0
충북,옥천군,201702,97
충북,옥천군,201703,97
충북,옥천군,201704,365
충북,옥천군,201705,338
충북,옥천군,201706,318
충북,옥천군,201707,287
충북,옥천군,201708,241
충북,옥천군,201709,197
충북,옥천군,201710,182
충북,옥천군,201711,163
충북,옥천군,201712,146
충북,옥천군,201801,135
충북,옥천군,201802,129
충북,옥천군,201803,117
충북,옥천군,201804,112
충북,옥천군,201805,105
충북,옥천군,201806,88
충북,옥천군,201807,74
충북,옥천군,201808,60
충북,옥천군,201809,52
충북,옥천군,201810,44
충북,옥천군,201811,39
충북,옥천군,201812,31
충북,옥천군,201901,27
충북,옥천군,201902,22
충북,옥천군,201903,257
충북,옥천군,201904,257
충북,옥천군,201905,226
충북,옥천군,201906,206
충북,옥천군,201907,193
충북,옥천군,201908,180
충북,옥천군,201909,160
충북,옥천군,201910,143
충북,옥천군,201911,129
충북,옥천군,201912,115
충북,옥천군,202001,98
충북,옥천군,202002,86
충북,옥천군,202003,78
충북,옥천군,202004,69
충북,옥천군,202005,55
충북,옥천군,202006,45
충북,옥천군,202007,36
충북,옥천군,202008,34
충북,옥천군,202009,26
충북,옥천군,202010,23
충북,옥천군,202011,15
충북,옥천군,202012,11
충북,옥천군,202101,8
충북,옥천군,202102,2
충북,옥천군,202103,0
충북,옥천군,202104,0
충북,옥천군,202105,0
충북,옥천군,202106,0
충북,옥천군,202107,0
충북,옥천군,202108,0
충북,옥천군,202109,0
충북,옥천군,202110,0
충북,옥천군,202111,0
충북,옥천군,202112,0
충북,옥천군,202201,0
충북,옥천군,202202,0
충북,옥천군,202203,0
충북,옥천군,202204,0
충북,옥천군,202205,0
충북,옥천군,202206,0
충북,옥천군,202207,0
충북,옥천군,202208,0
충북,옥천군,202209,0
충북,옥천군,202210,789
충북,옥천군,202211,766
충북,옥천군,202212,750
충북,옥천군,202301,746
충북,옥천군,202302,735
충북,옥천군,202303,719
충북,옥천군,202304,710
충북,옥천군,202305,699
충북,옥천군,202306,689
충북,옥천군,202307,678
충북,옥천군,202308,667
충북,옥천군,202309,645
충북,옥천군,202310,629
충북,옥천군,202311,613
충북,옥천군,202312,578
충북,옥천군,202401,525
충북,옥천군,202402,489
충북,옥천군,202403,450
충북,옥천군,202404,422
충북,옥천군,202405,397
충북,옥천군,202406,376
충북,옥천군,202407,353
충북,옥천군,202408,333
충북,옥천군,202409,314
충북,옥천군,202410,300
충북,옥천군,202411,282
충북,옥천군,202412,276
충북,옥천군,202501,270
충북,옥천군,202502,268
충북,옥천군,202503,265
충북,옥천군,202504,261
충북,옥천군,202505,259
충북,옥천군,202506,256
충북,옥천군,202507,258
충북,옥천군,202508,252
충북,옥천군,202509,247
충북,옥천군,202510,243
충북,옥천군,202511,232
충북,옥천군,202512,216
충북,옥천군,202601,187
충북,옥천군,202602,168
충북,옥천군,202603,153
충북,옥천군,202604,134
충북,옥천군,202605,121
충북,옥천군,202606,118
충북,옥천군,202607,104
충북,옥천군,202608,95
충북,증평군,200701,80
충북,증평군,200702,73
충북,증평군,200703,83
충북,증평군,200704,82
충북,증평군,200705,79
충북,증평군,200706,78
충북,증평군,200707,73
충북,증평군,200708,71
충북,증평군,200709,71
충북,증평군,200710,70
충북,증평군,200711,66
충북,증평군,200712,65
충북,증평군,200801,64
충북,증평군,200802,63
충북,증평군,200803,61
충북,증평군,200804,56
충북,증평군,200805,46
충북,증평군,200806,105
충북,증평군,200807,104
충북,증평군,200808,64
충북,증평군,200809,45
충북,증평군,200810,21
충북,증평군,200811,21
충북,증평군,200812,21
충북,증평군,200901,21
충북,증평군,200902,21
충북,증평군,200903,21
충북,증평군,200904,21
충북,증평군,200905,21
충북,증평군,200906,19
충북,증평군,200907,19
충북,증평군,200908,19
충북,증평군,200909,19
충북,증평군,200910,19
충북,증평군,200911,19
충북,증평군,200912,19
충북,증평군,201001,19
충북,증평군,201002,12
충북,증평군,201003,1
충북,증평군,201004,1
충북,증평군,201005,0
충북,증평군,201006,0
충북,증평군,201007,0
충북,증평군,201008,0
충북,증평군,201009,0
충북,증평군,201010,0
충북,증평군,201011,0
충북,증평군,201012,0
충북,증평군,201101,0
충북,증평군,201102,0
충북,증평군,201103,0
충북,증평군,201104,0
충북,증평군,201105,0
충북,증평군,201106,0
충북,증평군,201107,0
충북,증평군,201108,0
충북,증평군,201109,0
충북,증평군,201110,0
충북,증평군,201111,0
충북,증평군,201112,0
충북,증평군,201201,0
충북,증평군,201202,0
충북,증평군,201203,0
충북,증평군,201204,0
충북,증평군,201205,0
충북,증평군,201206,0
충북,증평군,201207,0
충북,증평군,201208,0
충북,증평군,201209,0
충북,증평군,201210,0
충북,증평군,201211,0
충북,증평군,201212,0
충북,증평군,201301,0
충북,증평군,201302,0
충북,증평군,201303,0
충북,증평군,201304,0
충북,증평군,201305,0
충북,증평군,201306,0
충북,증평군,201307,0
충북,증평군,201308,0
충북,증평군,201309,0
충북,증평군,201310,0
충북,증평군,201311,0
충북,증평군,201312,0
충북,증평군,201401,0
충북,증평군,201402,0
충북,증평군,201403,0
충북,증평군,201404,0
충북,증평군,201405,0
충북,증평군,201406,132
충북,증평군,201407,90
충북,증평군,201408,37
충북,증평군,201409,18
충북,증평군,201410,15
충북,증평군,201411,4
충북,증평군,201412,0
충북,증평군,201501,0
충북,증평군,201502,0
충북,증평군,201503,0
충북,증평군,201504,0
충북,증평군,201505,0
충북,증평군,201506,0
충북,증평군,201507,0
충북,증평군,201508,0
충북,증평군,201509,0
충북,증평군,201510,0
충북,증평군,201511,0
충북,증평군,201512,0
충북,증평군,201601,0
충북,증평군,201602,0
충북,증평군,201603,0
충북,증평군,201604,0
충북,증평군,201605,0
충북,증평군,201606,0
충북,증평군,201607,0
충북,증평군,201608,0
충북,증평군,201609,0
충북,증평군,201610,0
충북,증평군,201612,0
충북,증평군,201701,0
충북,증평군,201703,0
충북,증평군,201704,0
충북,증평군,201705,0
충북,증평군,201706,0
충북,증평군,201707,0
충북,증평군,201708,0
충북,증평군,201709,0
충북,증평군,201710,0
충북,증평군,201711,0
충북,증평군,201712,0
충북,증평군,201801,0
충북,증평군,201802,0
충북,증평군,201804,0
충북,증평군,201807,0
충북,증평군,201808,0
충북,증평군,201811,0
충북,증평군,201812,0
충북,증평군,201901,0
충북,증평군,201902,0
충북,증평군,201903,0
충북,증평군,201904,0
충북,증평군,201905,0
충북,증평군,201906,0
충북,증평군,201907,0
충북,증평군,201908,0
충북,증평군,201909,0
충북,증평군,201910,0
충북,증평군,201912,681
충북,증평군,202001,615
충북,증평군,202002,570
충북,증평군,202003,505
충북,증평군,202004,441
충북,증평군,202005,0
충북,증평군,202006,0
충북,증평군,202007,0
충북,증평군,202008,0
충북,증평군,202009,0
충북,증평군,202010,0
충북,증평군,202011,0
충북,증평군,202012,0
충북,증평군,202101,0
충북,증평군,202102,0
충북,증평군,202103,0
충북,증평군,202104,0
충북,증평군,202105,0
충북,증평군,202106,0
충북,증평군,202107,0
충북,증평군,202108,0
충북,증평군,202109,0
충북,증평군,202110,0
충북,증평군,202111,0
충북,증평군,202112,0
충북,증평군,202201,0
충북,증평군,202202,0
충북,증평군,202203,0
충북,증평군,202204,0
충북,증평군,202205,0
충북,증평군,202206,0
충북,증평군,202207,0
충북,증평군,202208,0
충북,증평군,202209,0
충북,증평군,202210,0
충북,증평군,202211,0
충북,증평군,202212,0
충북,증평군,202301,0
충북,증평군,202302,0
충북,증평군,202303,0
충북,증평군,202304,0
충북,증평군,202305,0
충북,증평군,202306,0
충북,증평군,202307,0
충북,증평군,202308,0
충북,증평군,202309,0
충북,증평군,202310,0
충북,증평군,202311,0
충북,증평군,202312,0
충북,증평군,202401,0
충북,증평군,202402,0
충북,증평군,202403,0
충북,증평군,202404,0
충북,증평군,202405,0
충북,증평군,202406,0
충북,증평군,202407,0
충북,증평군,202408,0
충북,증평군,202409,0
충북,증평군,202410,0
충북,증평군,202411,0
충북,증평군,202412,0
충북,증평군,202501,0
충북,증평군,202502,0
충북,증평군,202503,0
충북,증평군,202504,0
충북,증평군,202505,0
충북,증평군,202506,0
충북,증평군,202507,0
충북,증평군,202508,0
충북,증평군,202509,0
충북,증평군,202510,0
충북,증평군,202511,0
충북,증평군,202512,0
충북,증평군,202601,0
충북,증평군,202602,0
충북,증평군,202603,0
충북,증평군,202604,0
충북,증평군,202605,0
충북,증평군,202606,0
충북,증평군,202607,0
충북,증평군,202608,0
충북,음성군,200701,28
충북,음성군,200702,9
충북,음성군,200703,63
충북,음성군,200704,63
충북,음성군,200705,47
충북,음성군,200706,46
충북,음성군,200707,29
충북,음성군,200708,20
충북,음성군,200709,20
충북,음성군,200710,190
충북,음성군,200711,309
충북,음성군,200712,309
충북,음성군,200801,309
충북,음성군,200802,309
충북,음성군,200803,299
충북,음성군,200804,299
충북,음성군,200805,296
충북,음성군,200806,452
충북,음성군,200807,452
충북,음성군,200808,488
충북,음성군,200809,488
충북,음성군,200810,464
충북,음성군,200811,465
충북,음성군,200812,389
충북,음성군,200901,378
충북,음성군,200902,378
충북,음성군,200903,398
충북,음성군,200904,406
충북,음성군,200905,393
충북,음성군,200906,362
충북,음성군,200907,360
충북,음성군,200908,356
충북,음성군,200909,341
충북,음성군,200910,295
충북,음성군,200911,291
충북,음성군,200912,329
충북,음성군,201001,318
충북,음성군,201002,272
충북,음성군,201003,272
충북,음성군,201004,266
충북,음성군,201005,255
충북,음성군,201006,492
충북,음성군,201007,488
충북,음성군,201008,456
충북,음성군,201009,439
충북,음성군,201010,431
충북,음성군,201011,420
충북,음성군,201012,412
충북,음성군,201101,404
충북,음성군,201102,394
충북,음성군,201103,387
충북,음성군,201104,380
충북,음성군,201105,374
충북,음성군,201106,374
충북,음성군,201107,320
충북,음성군,201108,320
충북,음성군,201109,314
충북,음성군,201110,309
충북,음성군,201111,305
충북,음성군,201112,305
충북,음성군,201201,295
충북,음성군,201202,287
충북,음성군,201203,277
충북,음성군,201204,277
충북,음성군,201205,258
충북,음성군,201206,246
충북,음성군,201207,234
충북,음성군,201208,211
충북,음성군,201209,210
충북,음성군,201210,202
충북,음성군,201211,200
충북,음성군,201212,196
충북,음성군,201301,196
충북,음성군,201302,196
충북,음성군,201303,196
충북,음성군,201304,193
충북,음성군,201305,193
충북,음성군,201306,193
충북,음성군,201307,202
충북,음성군,201308,195
충북,음성군,201309,190
충북,음성군,201310,172
충북,음성군,201311,158
충북,음성군,201312,158
충북,음성군,201401,158
충북,음성군,201402,158
충북,음성군,201403,158
충북,음성군,201404,158
충북,음성군,201405,158
충북,음성군,201406,157
충북,음성군,201407,155
충북,음성군,201408,155
충북,음성군,201409,155
충북,음성군,201410,155
충북,음성군,201411,155
충북,음성군,201412,152
충북,음성군,201501,152
충북,음성군,201502,152
충북,음성군,201503,152
충북,음성군,201504,152
충북,음성군,201505,152
충북,음성군,201506,430
충북,음성군,201507,397
충북,음성군,201508,372
충북,음성군,201509,367
충북,음성군,201510,353
충북,음성군,201511,392
충북,음성군,201512,386
충북,음성군,201601,874
충북,음성군,201602,576
충북,음성군,201603,799
충북,음성군,201604,773
충북,음성군,201605,736
충북,음성군,201606,717
충북,음성군,201607,700
충북,음성군,201608,688
충북,음성군,201609,670
충북,음성군,201610,643
충북,음성군,201611,635
충북,음성군,201612,623
충북,음성군,201701,616
충북,음성군,201702,612
충북,음성군,201703,606
충북,음성군,201704,598
충북,음성군,201705,597
충북,음성군,201706,586
충북,음성군,201707,582
충북,음성군,201708,631
충북,음성군,201709,619
충북,음성군,201710,717
충북,음성군,201711,692
충북,음성군,201712,669
충북,음성군,201801,653
충북,음성군,201802,655
충북,음성군,201803,630
충북,음성군,201804,614
충북,음성군,201805,605
충북,음성군,201806,600
충북,음성군,201807,497
충북,음성군,201808,447
충북,음성군,201809,282
충북,음성군,201810,1076
충북,음성군,201811,1051
충북,음성군,201812,1061
충북,음성군,201901,310
충북,음성군,201902,305
충북,음성군,201903,297
충북,음성군,201904,290
충북,음성군,201905,345
충북,음성군,201906,343
충북,음성군,201907,339
충북,음성군,201908,303
충북,음성군,201909,259
충북,음성군,201910,165
충북,음성군,201911,135
충북,음성군,201912,64
충북,음성군,202001,63
충북,음성군,202002,249
충북,음성군,202003,240
충북,음성군,202004,213
충북,음성군,202005,165
충북,음성군,202006,142
충북,음성군,202007,137
충북,음성군,202008,132
충북,음성군,202009,127
충북,음성군,202010,118
충북,음성군,202011,109
충북,음성군,202012,102
충북,음성군,202101,91
충북,음성군,202102,83
충북,음성군,202103,69
충북,음성군,202104,65
충북,음성군,202105,248
충북,음성군,202106,168
충북,음성군,202107,148
충북,음성군,202108,139
충북,음성군,202109,128
충북,음성군,202110,112
충북,음성군,202111,106
충북,음성군,202112,103
충북,음성군,202201,97
충북,음성군,202202,689
충북,음성군,202203,591
충북,음성군,202204,365
충북,음성군,202205,285
충북,음성군,202206,205
충북,음성군,202207,333
충북,음성군,202208,105
충북,음성군,202209,624
충북,음성군,202210,442
충북,음성군,202211,1376
충북,음성군,202212,1999
충북,음성군,202301,2642
충북,음성군,202302,2550
충북,음성군,202303,2498
충북,음성군,202304,2397
충북,음성군,202305,2325
충북,음성군,202306,2215
충북,음성군,202307,2104
충북,음성군,202308,1991
충북,음성군,202309,1897
충북,음성군,202310,1834
충북,음성군,202311,1768
충북,음성군,202312,1732
충북,음성군,202401,1667
충북,음성군,202402,1603
충북,음성군,202403,1538
충북,음성군,202404,1457
충북,음성군,202405,1385
충북,음성군,202406,1325
충북,음성군,202407,1247
충북,음성군,202408,1197
충북,음성군,202409,1119
충북,음성군,202410,1076
충북,음성군,202411,1039
충북,음성군,202412,998
충북,음성군,202501,982
충북,음성군,202502,988
충북,음성군,202503,973
충북,음성군,202504,958
충북,음성군,202505,937
충북,음성군,202506,906
충북,음성군,202507,898
충북,음성군,202508,898
충북,음성군,202509,898
충북,음성군,202510,870
충북,음성군,202511,869
충북,음성군,202512,866
충북,음성군,202601,866
충북,음성군,202602,862
충북,음성군,202603,880
충북,음성군,202604,796
충북,음성군,202605,739
충북,음성군,202606,720
충북,음성군,202607,634
충북,음성군,202608,579
충북,진천군,200701,0
충북,진천군,200702,0
충북,진천군,200703,0
충북,진천군,200704,0
충북,진천군,200705,0
충북,진천군,200706,192
충북,진천군,200707,192
충북,진천군,200708,322
충북,진천군,200709,322
충북,진천군,200710,210
충북,진천군,200711,210
충북,진천군,200712,198
충북,진천군,200801,198
충북,진천군,200802,696
충북,진천군,200803,696
충북,진천군,200804,652
충북,진천군,200805,632
충북,진천군,200806,722
충북,진천군,200807,1017
충북,진천군,200808,966
충북,진천군,200809,786
충북,진천군,200810,782
충북,진천군,200811,1036
충북,진천군,200812,999
충북,진천군,200901,939
충북,진천군,200902,934
충북,진천군,200903,972
충북,진천군,200904,921
충북,진천군,200905,925
충북,진천군,200906,893
충북,진천군,200907,889
충북,진천군,200908,882
충북,진천군,200909,863
충북,진천군,200910,837
충북,진천군,200911,829
충북,진천군,200912,801
충북,진천군,201001,745
충북,진천군,201002,724
충북,진천군,201003,724
충북,진천군,201004,718
충북,진천군,201005,706
충북,진천군,201006,702
충북,진천군,201007,251
충북,진천군,201008,395
충북,진천군,201009,395
충북,진천군,201010,393
충북,진천군,201011,393
충북,진천군,201012,393
충북,진천군,201101,300
충북,진천군,201102,221
충북,진천군,201103,187
충북,진천군,201104,229
충북,진천군,201105,218
충북,진천군,201106,208
충북,진천군,201107,203
충북,진천군,201108,170
충북,진천군,201109,150
충북,진천군,201110,109
충북,진천군,201111,93
충북,진천군,201112,84
충북,진천군,201201,64
충북,진천군,201202,52
충북,진천군,201203,48
충북,진천군,201204,46
충북,진천군,201205,43
충북,진천군,201206,40
충북,진천군,201207,33
충북,진천군,201208,33
충북,진천군,201209,32
충북,진천군,201210,32
충북,진천군,201211,51
충북,진천군,201212,68
충북,진천군,201301,44
충북,진천군,201302,40
충북,진천군,201303,34
충북,진천군,201304,28
충북,진천군,201305,27
충북,진천군,201306,28
충북,진천군,201307,36
충북,진천군,201308,33
충북,진천군,201309,24
충북,진천군,201310,24
충북,진천군,201311,37
충북,진천군,201312,37
충북,진천군,201401,156
충북,진천군,201402,147
충북,진천군,201403,145
충북,진천군,201404,409
충북,진천군,201405,342
충북,진천군,201406,312
충북,진천군,201407,291
충북,진천군,201408,267
충북,진천군,201409,234
충북,진천군,201410,220
충북,진천군,201411,213
충북,진천군,201412,202
충북,진천군,201501,189
충북,진천군,201502,239
충북,진천군,201503,193
충북,진천군,201504,173
충북,진천군,201505,167
충북,진천군,201506,160
충북,진천군,201507,160
충북,진천군,201508,157
충북,진천군,201509,235
충북,진천군,201510,212
충북,진천군,201511,864
충북,진천군,201512,761
충북,진천군,201601,732
충북,진천군,201602,717
충북,진천군,201603,674
충북,진천군,201604,647
충북,진천군,201605,624
충북,진천군,201606,536
충북,진천군,201607,575
충북,진천군,201608,485
충북,진천군,201609,460
충북,진천군,201610,718
충북,진천군,201611,699
충북,진천군,201612,669
충북,진천군,201701,645
충북,진천군,201702,627
충북,진천군,201703,617
충북,진천군,201704,610
충북,진천군,201705,598
충북,진천군,201706,586
충북,진천군,201707,570
충북,진천군,201708,522
충북,진천군,201709,481
충북,진천군,201710,451
충북,진천군,201711,387
충북,진천군,201712,381
충북,진천군,201801,368
충북,진천군,201802,318
충북,진천군,201803,301
충북,진천군,201804,277
충북,진천군,201805,263
충북,진천군,201806,246
충북,진천군,201807,238
충북,진천군,201808,236
충북,진천군,201809,228
충북,진천군,201810,268
충북,진천군,201811,248
충북,진천군,201812,267
충북,진천군,201901,263
충북,진천군,201902,245
충북,진천군,201903,246
충북,진천군,201904,332
충북,진천군,201905,332
충북,진천군,201906,205
충북,진천군,201907,174
충북,진천군,201908,135
충북,진천군,201909,127
충북,진천군,201910,114
충북,진천군,201911,103
충북,진천군,201912,94
충북,진천군,202001,82
충북,진천군,202002,59
충북,진천군,202003,59
충북,진천군,202004,59
충북,진천군,202005,59
충북,진천군,202006,90
충북,진천군,202007,90
충북,진천군,202008,90
충북,진천군,202009,90
충북,진천군,202010,90
충북,진천군,202011,90
충북,진천군,202012,90
충북,진천군,202101,90
충북,진천군,202102,90
충북,진천군,202103,659
충북,진천군,202104,588
충북,진천군,202105,478
충북,진천군,202106,348
충북,진천군,202107,233
충북,진천군,202108,175
충북,진천군,202109,173
충북,진천군,202110,172
충북,진천군,202111,162
충북,진천군,202112,159
충북,진천군,202201,159
충북,진천군,202202,159
충북,진천군,202203,159
충북,진천군,202204,392
충북,진천군,202205,375
충북,진천군,202206,351
충북,진천군,202207,282
충북,진천군,202208,263
충북,진천군,202209,251
충북,진천군,202210,244
충북,진천군,202211,243
충북,진천군,202212,241
충북,진천군,202301,239
충북,진천군,202302,237
충북,진천군,202303,233
충북,진천군,202304,230
충북,진천군,202305,229
충북,진천군,202306,224
충북,진천군,202307,222
충북,진천군,202308,219
충북,진천군,202309,217
충북,진천군,202310,211
충북,진천군,202311,209
충북,진천군,202312,206
충북,진천군,202401,200
충북,진천군,202402,198
충북,진천군,202403,196
충북,진천군,202404,193
충북,진천군,202405,192
충북,진천군,202406,189
충북,진천군,202407,185
충북,진천군,202408,184
충북,진천군,202409,183
충북,진천군,202410,181
충북,진천군,202411,201
충북,진천군,202412,200
충북,진천군,202501,198
충북,진천군,202502,194
충북,진천군,202503,186
충북,진천군,202504,174
충북,진천군,202505,162
충북,진천군,202506,159
충북,진천군,202507,159
충북,진천군,202508,146
충북,진천군,202509,133
충북,진천군,202510,117
충북,진천군,202511,110
충북,진천군,202512,100
충북,진천군,202601,100
충북,진천군,202602,99
충북,진천군,202603,99
충북,진천군,202604,99
충북,진천군,202605,99
충북,진천군,202606,99
충북,진천군,202607,99
충북,진천군,202608,99
충남,천안시,200701,606
충남,천안시,200702,617
충남,천안시,200703,545
충남,천안시,200704,1297
충남,천안시,200705,2300
충남,천안시,200706,4512
충남,천안시,200707,4307
충남,천안시,200708,4578
충남,천안시,200709,4238
충남,천안시,200710,4261
충남,천안시,200711,4572
충남,천안시,200712,5444
충남,천안시,200801,5988
충남,천안시,200802,6365
충남,천안시,200803,6544
충남,천안시,200804,6315
충남,천안시,200805,7092
충남,천안시,200806,7242
충남,천안시,200807,7242
충남,천안시,200808,7913
충남,천안시,200809,7544
충남,천안시,200810,7356
충남,천안시,200811,7259
충남,천안시,200812,7255
충남,천안시,200901,7208
충남,천안시,200902,7735
충남,천안시,200903,8822
충남,천안시,200904,8747
충남,천안시,200905,8516
충남,천안시,200906,8378
충남,천안시,200907,8279
충남,천안시,200908,8151
충남,천안시,200909,7935
충남,천안시,200910,7705
충남,천안시,200911,7561
충남,천안시,200912,7396
충남,천안시,201001,7271
충남,천안시,201002,6655
충남,천안시,201003,6892
충남,천안시,201004,6834
충남,천안시,201005,6752
충남,천안시,201006,6638
충남,천안시,201007,6593
충남,천안시,201008,6365
충남,천안시,201009,6008
충남,천안시,201010,5846
충남,천안시,201011,5628
충남,천안시,201012,5488
충남,천안시,201101,5401
충남,천안시,201102,5307
충남,천안시,201103,5019
충남,천안시,201104,4864
충남,천안시,201105,4630
충남,천안시,201106,4515
충남,천안시,201107,4276
충남,천안시,201108,4106
충남,천안시,201109,3813
충남,천안시,201110,3443
충남,천안시,201111,3334
충남,천안시,201112,3229
충남,천안시,201201,3158
충남,천안시,201202,3059
충남,천안시,201203,2919
충남,천안시,201204,2804
충남,천안시,201205,2687
충남,천안시,201206,2601
충남,천안시,201207,2533
충남,천안시,201208,2516
충남,천안시,201209,3069
충남,천안시,201210,1503
충남,천안시,201211,1344
충남,천안시,201212,1203
충남,천안시,201301,1114
충남,천안시,201302,1089
충남,천안시,201303,1281
충남,천안시,201304,1104
충남,천안시,201305,967
충남,천안시,201306,1719
충남,천안시,201307,1411
충남,천안시,201308,1221
충남,천안시,201309,1155
충남,천안시,201310,952
충남,천안시,201311,1593
충남,천안시,201312,1391
충남,천안시,201401,1230
충남,천안시,201402,1056
충남,천안시,201403,861
충남,천안시,201404,661
충남,천안시,201405,535
충남,천안시,201406,395
충남,천안시,201407,742
충남,천안시,201408,347
충남,천안시,201409,115
충남,천안시,201410,659
충남,천안시,201411,811
충남,천안시,201412,834
충남,천안시,201501,464
충남,천안시,201502,347
충남,천안시,201503,241
충남,천안시,201504,558
충남,천안시,201505,570
충남,천안시,201506,1334
충남,천안시,201507,1081
충남,천안시,201508,916
충남,천안시,201509,1527
충남,천안시,201510,1462
충남,천안시,201511,1424
충남,천안시,201512,2328
충남,천안시,201601,2321
충남,천안시,201602,2246
충남,천안시,201603,2026
충남,천안시,201604,1865
충남,천안시,201605,1875
충남,천안시,201606,2286
충남,천안시,201607,3125
충남,천안시,201608,3111
충남,천안시,201609,3401
충남,천안시,201610,3238
충남,천안시,201611,3043
충남,천안시,201612,2892
충남,천안시,201701,2700
충남,천안시,201702,2567
충남,천안시,201703,2477
충남,천안시,201704,2384
충남,천안시,201705,2237
충남,천안시,201706,2080
충남,천안시,201707,1823
충남,천안시,201708,4010
충남,천안시,201709,3762
충남,천안시,201710,4774
충남,천안시,201711,4382
충남,천안시,201712,4541
충남,천안시,201801,4282
충남,천안시,201802,3918
충남,천안시,201803,3684
충남,천안시,201804,3516
충남,천안시,201805,3321
충남,천안시,201806,3195
충남,천안시,201807,3062
충남,천안시,201808,2920
충남,천안시,201809,2651
충남,천안시,201810,2523
충남,천안시,201811,2022
충남,천안시,201812,1517
충남,천안시,201901,1322
충남,천안시,201902,1319
충남,천안시,201903,1296
충남,천안시,201904,1162
충남,천안시,201905,1157
충남,천안시,201906,980
충남,천안시,201907,803
충남,천안시,201908,1538
충남,천안시,201909,1020
충남,천안시,201910,568
충남,천안시,201911,378
충남,천안시,201912,336
충남,천안시,202001,340
충남,천안시,202002,320
충남,천안시,202003,306
충남,천안시,202004,299
충남,천안시,202005,319
충남,천안시,202006,281
충남,천안시,202007,230
충남,천안시,202008,226
충남,천안시,202009,208
충남,천안시,202010,192
충남,천안시,202011,170
충남,천안시,202012,160
충남,천안시,202101,152
충남,천안시,202102,138
충남,천안시,202103,134
충남,천안시,202104,129
충남,천안시,202105,129
충남,천안시,202106,129
충남,천안시,202107,127
충남,천안시,202108,129
충남,천안시,202109,129
충남,천안시,202110,127
충남,천안시,202111,127
충남,천안시,202112,126
충남,천안시,202201,126
충남,천안시,202202,126
충남,천안시,202203,125
충남,천안시,202204,125
충남,천안시,202205,125
충남,천안시,202206,125
충남,천안시,202207,121
충남,천안시,202208,121
충남,천안시,202209,682
충남,천안시,202210,1129
충남,천안시,202211,3368
충남,천안시,202212,4145
충남,천안시,202301,3916
충남,천안시,202302,3774
충남,천안시,202303,3554
충남,천안시,202304,3291
충남,천안시,202305,2970
충남,천안시,202306,2934
충남,천안시,202307,2452
충남,천안시,202308,2032
충남,천안시,202309,1789
충남,천안시,202310,1536
충남,천안시,202311,1400
충남,천안시,202312,1297
충남,천안시,202401,1277
충남,천안시,202402,1219
충남,천안시,202403,1139
충남,천안시,202404,2119
충남,천안시,202405,1923
충남,천안시,202406,1746
충남,천안시,202407,1590
충남,천안시,202408,1415
충남,천안시,202409,1249
충남,천안시,202410,1134
충남,천안시,202411,1087
충남,천안시,202412,1331
충남,천안시,202501,1199
충남,천안시,202502,1089
충남,천안시,202503,1353
충남,천안시,202504,1353
충남,천안시,202505,1325
충남,천안시,202506,1126
충남,천안시,202507,1079
충남,천안시,202508,1106
충남,천안시,202509,1055
충남,천안시,202510,1032
충남,천안시,202511,2566
충남,천안시,202512,2769
충남,천안시,202601,2614
충남,천안시,202602,3361
충남,천안시,202603,3113
충남,천안시,202604,3060
충남,천안시,202605,3162
충남,천안시,202606,3939
충남,천안시,202607,5100
충남,천안시,202608,4874
충남,공주시,200701,175
충남,공주시,200702,175
충남,공주시,200703,386
충남,공주시,200704,340
충남,공주시,200705,338
충남,공주시,200706,328
충남,공주시,200707,323
충남,공주시,200708,318
충남,공주시,200709,312
충남,공주시,200710,307
충남,공주시,200711,293
충남,공주시,200712,270
충남,공주시,200801,255
충남,공주시,200802,255
충남,공주시,200803,207
충남,공주시,200804,187
충남,공주시,200805,163
충남,공주시,200806,163
충남,공주시,200807,283
충남,공주시,200808,194
충남,공주시,200809,189
충남,공주시,200810,189
충남,공주시,200811,173
충남,공주시,200812,172
충남,공주시,200901,171
충남,공주시,200902,208
충남,공주시,200903,205
충남,공주시,200904,252
충남,공주시,200905,248
충남,공주시,200906,233
충남,공주시,200907,242
충남,공주시,200908,242
충남,공주시,200909,237
충남,공주시,200910,234
충남,공주시,200911,240
충남,공주시,200912,234
충남,공주시,201001,236
충남,공주시,201002,221
충남,공주시,201003,222
충남,공주시,201004,224
충남,공주시,201005,215
충남,공주시,201006,206
충남,공주시,201007,203
충남,공주시,201008,225
충남,공주시,201009,219
충남,공주시,201010,214
충남,공주시,201011,200
충남,공주시,201012,193
충남,공주시,201101,195
충남,공주시,201102,183
충남,공주시,201103,183
충남,공주시,201104,156
충남,공주시,201105,152
충남,공주시,201106,147
충남,공주시,201107,148
충남,공주시,201108,140
충남,공주시,201109,138
충남,공주시,201110,114
충남,공주시,201111,106
충남,공주시,201112,101
충남,공주시,201201,97
충남,공주시,201202,83
충남,공주시,201203,81
충남,공주시,201204,79
충남,공주시,201205,73
충남,공주시,201206,70
충남,공주시,201207,69
충남,공주시,201208,69
충남,공주시,201209,57
충남,공주시,201210,46
충남,공주시,201211,39
충남,공주시,201212,24
충남,공주시,201301,14
충남,공주시,201302,10
충남,공주시,201303,3
충남,공주시,201304,0
충남,공주시,201305,0
충남,공주시,201306,0
충남,공주시,201307,0
충남,공주시,201308,0
충남,공주시,201309,0
충남,공주시,201310,0
충남,공주시,201311,0
충남,공주시,201312,0
충남,공주시,201401,0
충남,공주시,201402,0
충남,공주시,201403,0
충남,공주시,201404,0
충남,공주시,201405,0
충남,공주시,201406,0
충남,공주시,201407,0
충남,공주시,201408,0
충남,공주시,201409,0
충남,공주시,201410,0
충남,공주시,201411,0
충남,공주시,201412,0
충남,공주시,201501,0
충남,공주시,201502,0
충남,공주시,201503,0
충남,공주시,201504,0
충남,공주시,201505,552
충남,공주시,201506,398
충남,공주시,201507,388
충남,공주시,201508,326
충남,공주시,201509,303
충남,공주시,201510,289
충남,공주시,201511,262
충남,공주시,201512,440
충남,공주시,201601,376
충남,공주시,201602,376
충남,공주시,201603,324
충남,공주시,201604,282
충남,공주시,201605,802
충남,공주시,201606,638
충남,공주시,201607,577
충남,공주시,201608,560
충남,공주시,201609,537
충남,공주시,201610,513
충남,공주시,201611,491
충남,공주시,201612,477
충남,공주시,201701,471
충남,공주시,201702,433
충남,공주시,201703,412
충남,공주시,201704,402
충남,공주시,201705,394
충남,공주시,201706,456
충남,공주시,201707,427
충남,공주시,201708,406
충남,공주시,201709,393
충남,공주시,201710,430
충남,공주시,201711,417
충남,공주시,201712,461
충남,공주시,201801,402
충남,공주시,201802,330
충남,공주시,201803,312
충남,공주시,201804,297
충남,공주시,201805,291
충남,공주시,201806,282
충남,공주시,201807,271
충남,공주시,201808,263
충남,공주시,201809,256
충남,공주시,201810,220
충남,공주시,201811,260
충남,공주시,201812,299
충남,공주시,201901,295
충남,공주시,201902,294
충남,공주시,201903,289
충남,공주시,201904,284
충남,공주시,201905,284
충남,공주시,201906,282
충남,공주시,201907,278
충남,공주시,201908,277
충남,공주시,201909,277
충남,공주시,201910,342
충남,공주시,201911,342
충남,공주시,201912,283
충남,공주시,202001,339
충남,공주시,202002,333
충남,공주시,202003,333
충남,공주시,202004,323
충남,공주시,202005,310
충남,공주시,202006,310
충남,공주시,202007,191
충남,공주시,202008,183
충남,공주시,202009,157
충남,공주시,202010,146
충남,공주시,202011,105
충남,공주시,202012,70
충남,공주시,202101,55
충남,공주시,202102,49
충남,공주시,202103,34
충남,공주시,202104,29
충남,공주시,202105,24
충남,공주시,202106,22
충남,공주시,202107,21
충남,공주시,202108,21
충남,공주시,202109,21
충남,공주시,202110,21
충남,공주시,202111,21
충남,공주시,202112,21
충남,공주시,202201,21
충남,공주시,202202,300
충남,공주시,202203,300
충남,공주시,202204,300
충남,공주시,202205,271
충남,공주시,202206,269
충남,공주시,202207,269
충남,공주시,202208,269
충남,공주시,202209,266
충남,공주시,202210,260
충남,공주시,202211,258
충남,공주시,202212,259
충남,공주시,202301,259
충남,공주시,202302,256
충남,공주시,202303,254
충남,공주시,202304,253
충남,공주시,202305,252
충남,공주시,202306,248
충남,공주시,202307,246
충남,공주시,202308,245
충남,공주시,202309,245
충남,공주시,202310,245
충남,공주시,202311,243
충남,공주시,202312,243
충남,공주시,202401,243
충남,공주시,202402,242
충남,공주시,202403,242
충남,공주시,202404,242
충남,공주시,202405,242
충남,공주시,202406,242
충남,공주시,202407,241
충남,공주시,202408,241
충남,공주시,202409,240
충남,공주시,202410,240
충남,공주시,202411,282
충남,공주시,202412,278
충남,공주시,202501,292
충남,공주시,202502,292
충남,공주시,202503,291
충남,공주시,202504,290
충남,공주시,202505,288
충남,공주시,202506,287
충남,공주시,202507,287
충남,공주시,202508,285
충남,공주시,202509,277
충남,공주시,202510,259
충남,공주시,202511,256
충남,공주시,202512,248
충남,공주시,202601,240
충남,공주시,202602,230
충남,공주시,202603,221
충남,공주시,202604,211
충남,공주시,202605,201
충남,공주시,202606,201
충남,공주시,202607,512
충남,공주시,202608,472
충남,보령시,200701,878
충남,보령시,200702,878
충남,보령시,200703,846
충남,보령시,200704,853
충남,보령시,200705,813
충남,보령시,200706,808
충남,보령시,200707,803
충남,보령시,200708,790
충남,보령시,200709,777
충남,보령시,200710,966
충남,보령시,200711,704
충남,보령시,200712,701
충남,보령시,200801,599
충남,보령시,200802,592
충남,보령시,200803,592
충남,보령시,200804,575
충남,보령시,200805,573
충남,보령시,200806,573
충남,보령시,200807,717
충남,보령시,200808,686
충남,보령시,200809,605
충남,보령시,200810,598
충남,보령시,200811,572
충남,보령시,200812,797
충남,보령시,200901,779
충남,보령시,200902,751
충남,보령시,200903,464
충남,보령시,200904,237
충남,보령시,200905,204
충남,보령시,200906,177
충남,보령시,200907,152
충남,보령시,200908,145
충남,보령시,200909,125
충남,보령시,200910,52
충남,보령시,200911,47
충남,보령시,200912,41
충남,보령시,201001,36
충남,보령시,201002,33
충남,보령시,201003,29
충남,보령시,201004,26
충남,보령시,201005,25
충남,보령시,201006,19
충남,보령시,201007,18
충남,보령시,201008,18
충남,보령시,201009,17
충남,보령시,201010,16
충남,보령시,201011,13
충남,보령시,201012,10
충남,보령시,201101,10
충남,보령시,201102,5
충남,보령시,201103,5
충남,보령시,201104,5
충남,보령시,201105,2
충남,보령시,201106,2
충남,보령시,201107,2
충남,보령시,201108,2
충남,보령시,201109,305
충남,보령시,201110,297
충남,보령시,201111,294
충남,보령시,201112,291
충남,보령시,201201,288
충남,보령시,201202,286
충남,보령시,201203,284
충남,보령시,201204,279
충남,보령시,201205,274
충남,보령시,201206,270
충남,보령시,201207,265
충남,보령시,201208,262
충남,보령시,201209,257
충남,보령시,201210,125
충남,보령시,201211,103
충남,보령시,201212,94
충남,보령시,201301,93
충남,보령시,201302,93
충남,보령시,201303,93
충남,보령시,201304,93
충남,보령시,201305,67
충남,보령시,201306,47
충남,보령시,201307,42
충남,보령시,201308,36
충남,보령시,201309,224
충남,보령시,201310,187
충남,보령시,201311,172
충남,보령시,201312,164
충남,보령시,201401,146
충남,보령시,201402,128
충남,보령시,201403,77
충남,보령시,201404,65
충남,보령시,201405,52
충남,보령시,201406,40
충남,보령시,201407,25
충남,보령시,201408,11
충남,보령시,201409,7
충남,보령시,201410,3
충남,보령시,201411,3
충남,보령시,201412,0
충남,보령시,201501,0
충남,보령시,201502,401
충남,보령시,201503,269
충남,보령시,201504,223
충남,보령시,201505,177
충남,보령시,201506,76
충남,보령시,201507,42
충남,보령시,201508,38
충남,보령시,201509,33
충남,보령시,201510,29
충남,보령시,201511,27
충남,보령시,201512,10
충남,보령시,201601,10
충남,보령시,201602,10
충남,보령시,201603,8
충남,보령시,201604,7
충남,보령시,201605,6
충남,보령시,201606,5
충남,보령시,201607,5
충남,보령시,201608,4
충남,보령시,201609,4
충남,보령시,201610,4
충남,보령시,201611,4
충남,보령시,201612,4
충남,보령시,201701,4
충남,보령시,201702,4
충남,보령시,201703,4
충남,보령시,201704,42
충남,보령시,201705,32
충남,보령시,201706,29
충남,보령시,201707,29
충남,보령시,201708,33
충남,보령시,201709,294
충남,보령시,201710,286
충남,보령시,201711,282
충남,보령시,201712,814
충남,보령시,201801,784
충남,보령시,201802,758
충남,보령시,201803,733
충남,보령시,201804,714
충남,보령시,201805,685
충남,보령시,201806,666
충남,보령시,201807,655
충남,보령시,201808,638
충남,보령시,201809,625
충남,보령시,201810,598
충남,보령시,201811,576
충남,보령시,201812,567
충남,보령시,201901,555
충남,보령시,201902,538
충남,보령시,201903,466
충남,보령시,201904,428
충남,보령시,201905,400
충남,보령시,201906,391
충남,보령시,201907,377
충남,보령시,201908,358
충남,보령시,201909,332
충남,보령시,201910,308
충남,보령시,201911,287
충남,보령시,201912,272
충남,보령시,202001,225
충남,보령시,202002,187
충남,보령시,202003,186
충남,보령시,202004,148
충남,보령시,202005,112
충남,보령시,202006,109
충남,보령시,202007,79
충남,보령시,202008,48
충남,보령시,202009,18
충남,보령시,202010,0
충남,보령시,202011,0
충남,보령시,202012,0
충남,보령시,202101,0
충남,보령시,202102,0
충남,보령시,202103,0
충남,보령시,202104,0
충남,보령시,202105,0
충남,보령시,202106,0
충남,보령시,202107,0
충남,보령시,202108,0
충남,보령시,202109,0
충남,보령시,202110,0
충남,보령시,202111,0
충남,보령시,202112,0
충남,보령시,202201,0
충남,보령시,202202,0
충남,보령시,202203,0
충남,보령시,202204,0
충남,보령시,202205,0
충남,보령시,202206,0
충남,보령시,202207,0
충남,보령시,202208,0
충남,보령시,202209,0
충남,보령시,202210,0
충남,보령시,202211,0
충남,보령시,202212,0
충남,보령시,202301,0
충남,보령시,202302,0
충남,보령시,202303,0
충남,보령시,202304,0
충남,보령시,202305,0
충남,보령시,202306,0
충남,보령시,202307,0
충남,보령시,202308,0
충남,보령시,202309,0
충남,보령시,202310,0
충남,보령시,202311,0
충남,보령시,202312,0
충남,보령시,202401,0
충남,보령시,202402,0
충남,보령시,202403,0
충남,보령시,202404,0
충남,보령시,202405,0
충남,보령시,202406,0
충남,보령시,202407,0
충남,보령시,202408,0
충남,보령시,202409,0
충남,보령시,202410,0
충남,보령시,202411,0
충남,보령시,202412,0
충남,보령시,202501,0
충남,보령시,202502,537
충남,보령시,202503,525
충남,보령시,202504,525
충남,보령시,202505,525
충남,보령시,202506,460
충남,보령시,202507,506
충남,보령시,202508,497
충남,보령시,202509,488
충남,보령시,202510,482
충남,보령시,202511,477
충남,보령시,202512,474
충남,보령시,202601,464
충남,보령시,202602,461
충남,보령시,202603,458
충남,보령시,202604,452
충남,보령시,202605,449
충남,보령시,202606,444
충남,보령시,202607,437
충남,보령시,202608,459
충남,계룡시,200701,1027
충남,계룡시,200702,1027
충남,계룡시,200703,1027
충남,계룡시,200704,1027
충남,계룡시,200705,1027
충남,계룡시,200706,1027
충남,계룡시,200707,1027
충남,계룡시,200708,1023
충남,계룡시,200709,1023
충남,계룡시,200710,1023
충남,계룡시,200711,1023
충남,계룡시,200712,1023
충남,계룡시,200801,940
충남,계룡시,200802,940
충남,계룡시,200803,940
충남,계룡시,200804,940
충남,계룡시,200805,887
충남,계룡시,200806,887
충남,계룡시,200807,887
충남,계룡시,200808,710
충남,계룡시,200809,710
충남,계룡시,200810,691
충남,계룡시,200811,604
충남,계룡시,200812,614
충남,계룡시,200901,614
충남,계룡시,200902,534
충남,계룡시,200903,679
충남,계룡시,200904,679
충남,계룡시,200905,679
충남,계룡시,200906,679
충남,계룡시,200907,679
충남,계룡시,200908,679
충남,계룡시,200909,679
충남,계룡시,200910,679
충남,계룡시,200911,679
충남,계룡시,200912,679
충남,계룡시,201001,673
충남,계룡시,201002,673
충남,계룡시,201003,660
충남,계룡시,201004,660
충남,계룡시,201005,614
충남,계룡시,201006,614
충남,계룡시,201007,515
충남,계룡시,201008,437
충남,계룡시,201009,234
충남,계룡시,201010,222
충남,계룡시,201011,206
충남,계룡시,201012,197
충남,계룡시,201101,197
충남,계룡시,201102,197
충남,계룡시,201103,197
충남,계룡시,201104,90
충남,계룡시,201105,84
충남,계룡시,201106,84
충남,계룡시,201107,84
충남,계룡시,201108,84
충남,계룡시,201109,56
충남,계룡시,201110,47
충남,계룡시,201111,42
충남,계룡시,201112,375
충남,계룡시,201201,375
충남,계룡시,201202,371
충남,계룡시,201203,370
충남,계룡시,201204,368
충남,계룡시,201205,307
충남,계룡시,201206,307
충남,계룡시,201207,282
충남,계룡시,201208,275
충남,계룡시,201209,266
충남,계룡시,201210,255
충남,계룡시,201211,251
충남,계룡시,201212,99
충남,계룡시,201301,80
충남,계룡시,201302,80
충남,계룡시,201303,79
충남,계룡시,201304,77
충남,계룡시,201305,77
충남,계룡시,201306,77
충남,계룡시,201307,77
충남,계룡시,201308,77
충남,계룡시,201309,77
충남,계룡시,201310,77
충남,계룡시,201311,75
충남,계룡시,201312,75
충남,계룡시,201401,75
충남,계룡시,201402,73
충남,계룡시,201403,73
충남,계룡시,201404,73
충남,계룡시,201405,71
충남,계룡시,201406,71
충남,계룡시,201407,70
충남,계룡시,201408,68
충남,계룡시,201409,67
충남,계룡시,201410,65
충남,계룡시,201411,65
충남,계룡시,201412,65
충남,계룡시,201501,65
충남,계룡시,201502,65
충남,계룡시,201503,65
충남,계룡시,201504,65
충남,계룡시,201505,65
충남,계룡시,201506,65
충남,계룡시,201507,65
충남,계룡시,201508,269
충남,계룡시,201509,269
충남,계룡시,201510,269
충남,계룡시,201511,148
충남,계룡시,201512,148
충남,계룡시,201601,148
충남,계룡시,201602,103
충남,계룡시,201603,103
충남,계룡시,201604,103
충남,계룡시,201605,103
충남,계룡시,201606,103
충남,계룡시,201607,81
충남,계룡시,201608,81
충남,계룡시,201609,81
충남,계룡시,201610,81
충남,계룡시,201611,81
충남,계룡시,201612,81
충남,계룡시,201701,81
충남,계룡시,201702,81
충남,계룡시,201703,81
충남,계룡시,201704,81
충남,계룡시,201705,81
충남,계룡시,201706,81
충남,계룡시,201707,81
충남,계룡시,201708,81
충남,계룡시,201709,60
충남,계룡시,201710,60
충남,계룡시,201711,60
충남,계룡시,201712,183
충남,계룡시,201801,182
충남,계룡시,201802,182
충남,계룡시,201803,182
충남,계룡시,201804,182
충남,계룡시,201805,176
충남,계룡시,201806,176
충남,계룡시,201807,176
충남,계룡시,201808,175
충남,계룡시,201809,175
충남,계룡시,201810,172
충남,계룡시,201811,170
충남,계룡시,201812,166
충남,계룡시,201901,164
충남,계룡시,201902,160
충남,계룡시,201903,160
충남,계룡시,201904,158
충남,계룡시,201905,155
충남,계룡시,201906,153
충남,계룡시,201907,150
충남,계룡시,201908,145
충남,계룡시,201909,142
충남,계룡시,201910,141
충남,계룡시,201911,135
충남,계룡시,201912,144
충남,계룡시,202001,141
충남,계룡시,202002,140
충남,계룡시,202003,140
충남,계룡시,202004,135
충남,계룡시,202005,129
충남,계룡시,202006,122
충남,계룡시,202007,118
충남,계룡시,202008,118
충남,계룡시,202009,111
충남,계룡시,202010,107
충남,계룡시,202011,97
충남,계룡시,202012,97
충남,계룡시,202101,78
충남,계룡시,202102,70
충남,계룡시,202103,68
충남,계룡시,202104,68
충남,계룡시,202105,68
충남,계룡시,202106,60
충남,계룡시,202107,60
충남,계룡시,202108,60
충남,계룡시,202109,60
충남,계룡시,202110,60
충남,계룡시,202111,60
충남,계룡시,202112,60
충남,계룡시,202201,60
충남,계룡시,202202,60
충남,계룡시,202203,60
충남,계룡시,202204,60
충남,계룡시,202205,60
충남,계룡시,202206,60
충남,계룡시,202207,60
충남,계룡시,202208,60
충남,계룡시,202209,0
충남,계룡시,202210,0
충남,계룡시,202211,0
충남,계룡시,202212,0
충남,계룡시,202301,0
충남,계룡시,202302,0
충남,계룡시,202303,0
충남,계룡시,202304,0
충남,계룡시,202305,0
충남,계룡시,202306,0
충남,계룡시,202307,0
충남,계룡시,202308,0
충남,계룡시,202309,0
충남,계룡시,202310,0
충남,계룡시,202311,0
충남,계룡시,202312,0
충남,계룡시,202401,0
충남,계룡시,202402,0
충남,계룡시,202403,0
충남,계룡시,202404,0
충남,계룡시,202405,0
충남,계룡시,202406,0
충남,계룡시,202407,0
충남,계룡시,202408,0
충남,계룡시,202409,0
충남,계룡시,202410,0
충남,계룡시,202411,0
충남,계룡시,202412,0
충남,계룡시,202501,0
충남,계룡시,202502,483
충남,계룡시,202503,466
충남,계룡시,202504,446
충남,계룡시,202505,446
충남,계룡시,202506,446
충남,계룡시,202507,392
충남,계룡시,202508,370
충남,계룡시,202509,338
충남,계룡시,202510,338
충남,계룡시,202511,296
충남,계룡시,202512,272
충남,계룡시,202601,251
충남,계룡시,202602,230
충남,계룡시,202603,211
충남,계룡시,202604,191
충남,계룡시,202605,176
충남,계룡시,202606,166
충남,계룡시,202607,156
충남,계룡시,202608,140
충남,아산시,200701,1262
충남,아산시,200702,1200
충남,아산시,200703,1145
충남,아산시,200704,1092
충남,아산시,200705,1092
충남,아산시,200706,1042
충남,아산시,200707,1055
충남,아산시,200708,1055
충남,아산시,200709,1140
충남,아산시,200710,1111
충남,아산시,200711,1129
충남,아산시,200712,960
충남,아산시,200801,935
충남,아산시,200802,923
충남,아산시,200803,1672
충남,아산시,200804,2638
충남,아산시,200805,2392
충남,아산시,200806,2142
충남,아산시,200807,2235
충남,아산시,200808,1364
충남,아산시,200809,2080
충남,아산시,200810,2245
충남,아산시,200811,2230
충남,아산시,200812,2169
충남,아산시,200901,2153
충남,아산시,200902,2166
충남,아산시,200903,2554
충남,아산시,200904,2554
충남,아산시,200905,2290
충남,아산시,200906,2216
충남,아산시,200907,2552
충남,아산시,200908,2554
충남,아산시,200909,2538
충남,아산시,200910,2475
충남,아산시,200911,2450
충남,아산시,200912,2419
충남,아산시,201001,2407
충남,아산시,201002,2383
충남,아산시,201003,1951
충남,아산시,201004,1754
충남,아산시,201005,1723
충남,아산시,201006,1722
충남,아산시,201007,1654
충남,아산시,201008,1238
충남,아산시,201009,1210
충남,아산시,201010,1044
충남,아산시,201011,1022
충남,아산시,201012,510
충남,아산시,201101,491
충남,아산시,201102,463
충남,아산시,201103,450
충남,아산시,201104,439
충남,아산시,201105,434
충남,아산시,201106,421
충남,아산시,201107,409
충남,아산시,201108,400
충남,아산시,201109,364
충남,아산시,201110,336
충남,아산시,201111,2032
충남,아산시,201112,1916
충남,아산시,201201,1640
충남,아산시,201202,1383
충남,아산시,201203,1316
충남,아산시,201204,1101
충남,아산시,201205,1099
충남,아산시,201206,1448
충남,아산시,201207,1623
충남,아산시,201208,1536
충남,아산시,201209,1356
충남,아산시,201210,1066
충남,아산시,201211,841
충남,아산시,201212,619
충남,아산시,201301,560
충남,아산시,201302,480
충남,아산시,201303,462
충남,아산시,201304,547
충남,아산시,201305,581
충남,아산시,201306,507
충남,아산시,201307,436
충남,아산시,201308,407
충남,아산시,201309,365
충남,아산시,201310,320
충남,아산시,201311,1007
충남,아산시,201312,1439
충남,아산시,201401,1285
충남,아산시,201402,1067
충남,아산시,201403,893
충남,아산시,201404,704
충남,아산시,201405,569
충남,아산시,201406,505
충남,아산시,201407,454
충남,아산시,201408,366
충남,아산시,201409,263
충남,아산시,201410,1052
충남,아산시,201411,664
충남,아산시,201412,163
충남,아산시,201501,196
충남,아산시,201502,144
충남,아산시,201503,281
충남,아산시,201504,230
충남,아산시,201505,321
충남,아산시,201506,237
충남,아산시,201507,190
충남,아산시,201508,247
충남,아산시,201509,228
충남,아산시,201510,155
충남,아산시,201511,1057
충남,아산시,201512,719
충남,아산시,201601,591
충남,아산시,201602,443
충남,아산시,201603,406
충남,아산시,201604,375
충남,아산시,201605,380
충남,아산시,201606,346
충남,아산시,201607,331
충남,아산시,201608,1076
충남,아산시,201609,1020
충남,아산시,201610,937
충남,아산시,201611,1118
충남,아산시,201612,1392
충남,아산시,201701,1363
충남,아산시,201702,1308
충남,아산시,201703,1249
충남,아산시,201704,1208
충남,아산시,201705,1169
충남,아산시,201706,1101
충남,아산시,201707,1046
충남,아산시,201708,1077
충남,아산시,201709,923
충남,아산시,201710,860
충남,아산시,201711,798
충남,아산시,201712,740
충남,아산시,201801,661
충남,아산시,201802,619
충남,아산시,201803,578
충남,아산시,201804,523
충남,아산시,201805,492
충남,아산시,201806,453
충남,아산시,201807,410
충남,아산시,201808,371
충남,아산시,201809,362
충남,아산시,201810,316
충남,아산시,201811,309
충남,아산시,201812,281
충남,아산시,201901,249
충남,아산시,201902,244
충남,아산시,201903,262
충남,아산시,201904,208
충남,아산시,201905,198
충남,아산시,201906,197
충남,아산시,201907,272
충남,아산시,201908,268
충남,아산시,201909,471
충남,아산시,201910,472
충남,아산시,201911,476
충남,아산시,201912,471
충남,아산시,202001,452
충남,아산시,202002,425
충남,아산시,202003,400
충남,아산시,202004,371
충남,아산시,202005,300
충남,아산시,202006,269
충남,아산시,202007,242
충남,아산시,202008,235
충남,아산시,202009,229
충남,아산시,202010,223
충남,아산시,202011,220
충남,아산시,202012,217
충남,아산시,202101,215
충남,아산시,202102,214
충남,아산시,202103,207
충남,아산시,202104,204
충남,아산시,202105,204
충남,아산시,202106,638
충남,아산시,202107,589
충남,아산시,202108,258
충남,아산시,202109,285
충남,아산시,202110,196
충남,아산시,202111,197
충남,아산시,202112,197
충남,아산시,202201,521
충남,아산시,202202,497
충남,아산시,202203,479
충남,아산시,202204,479
충남,아산시,202205,422
충남,아산시,202206,396
충남,아산시,202207,556
충남,아산시,202208,551
충남,아산시,202209,1101
충남,아산시,202210,1082
충남,아산시,202211,1064
충남,아산시,202212,2403
충남,아산시,202301,2247
충남,아산시,202302,2215
충남,아산시,202303,2141
충남,아산시,202304,1915
충남,아산시,202305,1860
충남,아산시,202306,1811
충남,아산시,202307,2545
충남,아산시,202308,2215
충남,아산시,202309,2055
충남,아산시,202310,1971
충남,아산시,202311,2687
충남,아산시,202312,2266
충남,아산시,202401,2317
충남,아산시,202402,2185
충남,아산시,202403,2080
충남,아산시,202404,1989
충남,아산시,202405,1934
충남,아산시,202406,2351
충남,아산시,202407,2317
충남,아산시,202408,2275
충남,아산시,202409,1806
충남,아산시,202410,1746
충남,아산시,202411,1684
충남,아산시,202412,1610
충남,아산시,202501,1791
충남,아산시,202502,1683
충남,아산시,202503,1622
충남,아산시,202504,1437
충남,아산시,202505,1374
충남,아산시,202506,1287
충남,아산시,202507,1219
충남,아산시,202508,2096
충남,아산시,202509,1807
충남,아산시,202510,1579
충남,아산시,202511,2571
충남,아산시,202512,2335
충남,아산시,202601,2091
충남,아산시,202602,1884
충남,아산시,202603,1789
충남,아산시,202604,2365
충남,아산시,202605,2483
충남,아산시,202606,2455
충남,아산시,202607,2137
충남,아산시,202608,2043
충남,서산시,200701,1106
충남,서산시,200702,1106
충남,서산시,200703,1106
충남,서산시,200704,1096
충남,서산시,200705,1096
충남,서산시,200706,1046
충남,서산시,200707,1046
충남,서산시,200708,1046
충남,서산시,200709,1046
충남,서산시,200710,1046
충남,서산시,200711,1184
충남,서산시,200712,1621
충남,서산시,200801,1663
충남,서산시,200802,1597
충남,서산시,200803,1551
충남,서산시,200804,1546
충남,서산시,200805,1347
충남,서산시,200806,1309
충남,서산시,200807,983
충남,서산시,200808,670
충남,서산시,200809,597
충남,서산시,200810,534
충남,서산시,200811,533
충남,서산시,200812,422
충남,서산시,200901,385
충남,서산시,200902,384
충남,서산시,200903,379
충남,서산시,200904,370
충남,서산시,200905,347
충남,서산시,200906,321
충남,서산시,200907,307
충남,서산시,200908,302
충남,서산시,200909,292
충남,서산시,200910,271
충남,서산시,200911,249
충남,서산시,200912,214
충남,서산시,201001,193
충남,서산시,201002,187
충남,서산시,201003,178
충남,서산시,201004,525
충남,서산시,201005,484
충남,서산시,201006,474
충남,서산시,201007,445
충남,서산시,201008,532
충남,서산시,201009,502
충남,서산시,201010,491
충남,서산시,201011,480
충남,서산시,201012,466
충남,서산시,201101,461
충남,서산시,201102,453
충남,서산시,201103,444
충남,서산시,201104,435
충남,서산시,201105,634
충남,서산시,201106,576
충남,서산시,201107,454
충남,서산시,201108,424
충남,서산시,201109,405
충남,서산시,201110,361
충남,서산시,201111,365
충남,서산시,201112,360
충남,서산시,201201,388
충남,서산시,201202,361
충남,서산시,201203,350
충남,서산시,201204,322
충남,서산시,201205,310
충남,서산시,201206,301
충남,서산시,201207,300
충남,서산시,201208,293
충남,서산시,201209,180
충남,서산시,201210,176
충남,서산시,201211,154
충남,서산시,201212,143
충남,서산시,201301,145
충남,서산시,201302,145
충남,서산시,201303,145
충남,서산시,201304,136
충남,서산시,201305,123
충남,서산시,201306,95
충남,서산시,201307,92
충남,서산시,201308,91
충남,서산시,201309,91
충남,서산시,201310,72
충남,서산시,201311,65
충남,서산시,201312,167
충남,서산시,201401,139
충남,서산시,201402,93
충남,서산시,201403,57
충남,서산시,201404,51
충남,서산시,201405,39
충남,서산시,201406,30
충남,서산시,201407,311
충남,서산시,201408,219
충남,서산시,201409,58
충남,서산시,201410,55
충남,서산시,201411,43
충남,서산시,201412,560
충남,서산시,201501,538
충남,서산시,201502,528
충남,서산시,201503,516
충남,서산시,201504,862
충남,서산시,201505,742
충남,서산시,201506,603
충남,서산시,201507,498
충남,서산시,201508,468
충남,서산시,201509,1061
충남,서산시,201510,975
충남,서산시,201511,1072
충남,서산시,201512,1539
충남,서산시,201601,1233
충남,서산시,201602,1111
충남,서산시,201603,1063
충남,서산시,201604,994
충남,서산시,201605,920
충남,서산시,201606,1004
충남,서산시,201607,959
충남,서산시,201608,898
충남,서산시,201609,1089
충남,서산시,201610,972
충남,서산시,201611,927
충남,서산시,201612,1105
충남,서산시,201701,1146
충남,서산시,201702,1107
충남,서산시,201703,1003
충남,서산시,201704,966
충남,서산시,201705,921
충남,서산시,201706,864
충남,서산시,201707,817
충남,서산시,201708,787
충남,서산시,201709,774
충남,서산시,201710,1417
충남,서산시,201711,1388
충남,서산시,201712,1379
충남,서산시,201801,1366
충남,서산시,201802,1361
충남,서산시,201803,1356
충남,서산시,201804,1345
충남,서산시,201805,1341
충남,서산시,201806,1956
충남,서산시,201807,1928
충남,서산시,201808,2021
충남,서산시,201809,1993
충남,서산시,201810,1982
충남,서산시,201811,1941
충남,서산시,201812,1894
충남,서산시,201901,1842
충남,서산시,201902,1800
충남,서산시,201903,1775
충남,서산시,201904,1756
충남,서산시,201905,1823
충남,서산시,201906,1760
충남,서산시,201907,1689
충남,서산시,201908,1631
충남,서산시,201909,1568
충남,서산시,201910,1484
충남,서산시,201911,1409
충남,서산시,201912,1322
충남,서산시,202001,1227
충남,서산시,202002,1160
충남,서산시,202003,1061
충남,서산시,202004,907
충남,서산시,202005,807
충남,서산시,202006,705
충남,서산시,202007,608
충남,서산시,202008,474
충남,서산시,202009,433
충남,서산시,202010,369
충남,서산시,202011,328
충남,서산시,202012,139
충남,서산시,202101,135
충남,서산시,202102,252
충남,서산시,202103,246
충남,서산시,202104,242
충남,서산시,202105,237
충남,서산시,202106,229
충남,서산시,202107,227
충남,서산시,202108,224
충남,서산시,202109,211
충남,서산시,202110,204
충남,서산시,202111,191
충남,서산시,202112,170
충남,서산시,202201,162
충남,서산시,202202,138
충남,서산시,202203,130
충남,서산시,202204,123
충남,서산시,202205,119
충남,서산시,202206,117
충남,서산시,202207,115
충남,서산시,202208,109
충남,서산시,202209,107
충남,서산시,202210,104
충남,서산시,202211,102
충남,서산시,202212,102
충남,서산시,202301,101
충남,서산시,202302,181
충남,서산시,202303,181
충남,서산시,202304,178
충남,서산시,202305,224
충남,서산시,202306,220
충남,서산시,202307,218
충남,서산시,202308,218
충남,서산시,202309,216
충남,서산시,202310,212
충남,서산시,202311,210
충남,서산시,202312,209
충남,서산시,202401,208
충남,서산시,202402,205
충남,서산시,202403,202
충남,서산시,202404,194
충남,서산시,202405,181
충남,서산시,202406,163
충남,서산시,202407,162
충남,서산시,202408,131
충남,서산시,202409,131
충남,서산시,202410,123
충남,서산시,202411,122
충남,서산시,202412,121
충남,서산시,202501,119
충남,서산시,202502,118
충남,서산시,202503,116
충남,서산시,202504,116
충남,서산시,202505,116
충남,서산시,202506,113
충남,서산시,202507,112
충남,서산시,202508,111
충남,서산시,202509,111
충남,서산시,202510,111
충남,서산시,202511,110
충남,서산시,202512,524
충남,서산시,202601,510
충남,서산시,202602,501
충남,서산시,202603,440
충남,서산시,202604,411
충남,서산시,202605,372
충남,서산시,202606,338
충남,서산시,202607,313
충남,서산시,202608,297
충남,금산군,200701,2
충남,금산군,200702,2
충남,금산군,200703,66
충남,금산군,200704,66
충남,금산군,200705,66
충남,금산군,200706,66
충남,금산군,200707,66
충남,금산군,200708,66
충남,금산군,200709,66
충남,금산군,200710,39
충남,금산군,200711,39
충남,금산군,200712,39
충남,금산군,200801,6
충남,금산군,200802,4
충남,금산군,200803,4
충남,금산군,200804,4
충남,금산군,200805,4
충남,금산군,200806,7
충남,금산군,200807,7
충남,금산군,200808,7
충남,금산군,200809,7
충남,금산군,200810,5
충남,금산군,200811,3
충남,금산군,200812,3
충남,금산군,200901,3
충남,금산군,200902,3
충남,금산군,200903,3
충남,금산군,200904,3
충남,금산군,200905,3
충남,금산군,200906,3
충남,금산군,200907,3
충남,금산군,200908,3
충남,금산군,200909,3
충남,금산군,200910,1
충남,금산군,200911,1
충남,금산군,200912,1
충남,금산군,201001,1
충남,금산군,201002,1
충남,금산군,201003,1
충남,금산군,201004,0
충남,금산군,201005,0
충남,금산군,201006,0
충남,금산군,201007,0
충남,금산군,201008,0
충남,금산군,201009,0
충남,금산군,201010,0
충남,금산군,201011,0
충남,금산군,201012,0
충남,금산군,201101,0
충남,금산군,201102,0
충남,금산군,201103,0
충남,금산군,201104,0
충남,금산군,201105,0
충남,금산군,201106,0
충남,금산군,201107,0
충남,금산군,201108,0
충남,금산군,201109,0
충남,금산군,201110,0
충남,금산군,201111,0
충남,금산군,201112,0
충남,금산군,201201,0
충남,금산군,201202,0
충남,금산군,201203,0
충남,금산군,201204,0
충남,금산군,201205,0
충남,금산군,201206,0
충남,금산군,201207,0
충남,금산군,201208,0
충남,금산군,201209,0
충남,금산군,201210,0
충남,금산군,201211,0
충남,금산군,201212,0
충남,금산군,201301,0
충남,금산군,201302,0
충남,금산군,201303,0
충남,금산군,201304,0
충남,금산군,201305,0
충남,금산군,201306,0
충남,금산군,201307,0
충남,금산군,201308,0
충남,금산군,201309,0
충남,금산군,201310,0
충남,금산군,201311,0
충남,금산군,201312,0
충남,금산군,201401,0
충남,금산군,201402,0
충남,금산군,201403,0
충남,금산군,201404,0
충남,금산군,201405,0
충남,금산군,201406,0
충남,금산군,201407,0
충남,금산군,201408,0
충남,금산군,201409,0
충남,금산군,201410,0
충남,금산군,201411,0
충남,금산군,201412,0
충남,금산군,201501,0
충남,금산군,201502,0
충남,금산군,201503,0
충남,금산군,201504,0
충남,금산군,201505,0
충남,금산군,201506,0
충남,금산군,201507,0
충남,금산군,201508,0
충남,금산군,201509,0
충남,금산군,201510,0
충남,금산군,201511,0
충남,금산군,201512,0
충남,금산군,201601,0
충남,금산군,201602,0
충남,금산군,201603,0
충남,금산군,201604,0
충남,금산군,201605,0
충남,금산군,201606,0
충남,금산군,201607,0
충남,금산군,201608,0
충남,금산군,201609,0
충남,금산군,201610,0
충남,금산군,201611,0
충남,금산군,201612,0
충남,금산군,201701,0
충남,금산군,201702,0
충남,금산군,201703,0
충남,금산군,201704,0
충남,금산군,201705,0
충남,금산군,201706,0
충남,금산군,201707,0
충남,금산군,201708,0
충남,금산군,201709,0
충남,금산군,201710,0
충남,금산군,201711,0
충남,금산군,201712,0
충남,금산군,201801,0
충남,금산군,201802,0
충남,금산군,201804,0
충남,금산군,201807,0
충남,금산군,201808,0
충남,금산군,201812,0
충남,금산군,201901,0
충남,금산군,201902,0
충남,금산군,201903,0
충남,금산군,201904,0
충남,금산군,201905,0
충남,금산군,201906,0
충남,금산군,201907,0
충남,금산군,201908,0
충남,금산군,201909,0
충남,금산군,201910,0
충남,금산군,201912,0
충남,금산군,202001,0
충남,금산군,202002,0
충남,금산군,202003,0
충남,금산군,202004,0
충남,금산군,202005,0
충남,금산군,202006,0
충남,금산군,202007,0
충남,금산군,202008,0
충남,금산군,202009,0
충남,금산군,202010,0
충남,금산군,202011,0
충남,금산군,202012,0
충남,금산군,202101,0
충남,금산군,202102,0
충남,금산군,202103,0
충남,금산군,202104,0
충남,금산군,202105,0
충남,금산군,202106,0
충남,금산군,202107,0
충남,금산군,202108,0
충남,금산군,202109,0
충남,금산군,202110,70
충남,금산군,202111,70
충남,금산군,202112,70
충남,금산군,202201,64
충남,금산군,202202,64
충남,금산군,202203,64
충남,금산군,202204,65
충남,금산군,202205,58
충남,금산군,202206,47
충남,금산군,202207,47
충남,금산군,202208,47
충남,금산군,202209,47
충남,금산군,202210,47
충남,금산군,202211,47
충남,금산군,202212,47
충남,금산군,202301,47
충남,금산군,202302,46
충남,금산군,202303,38
충남,금산군,202304,38
충남,금산군,202305,47
충남,금산군,202306,47
충남,금산군,202307,38
충남,금산군,202308,38
충남,금산군,202309,38
충남,금산군,202310,38
충남,금산군,202311,38
충남,금산군,202312,38
충남,금산군,202401,34
충남,금산군,202402,34
충남,금산군,202403,34
충남,금산군,202404,34
충남,금산군,202405,34
충남,금산군,202406,34
충남,금산군,202407,34
충남,금산군,202408,34
충남,금산군,202409,34
충남,금산군,202410,31
충남,금산군,202411,31
충남,금산군,202412,38
충남,금산군,202501,32
충남,금산군,202502,34
충남,금산군,202503,31
충남,금산군,202504,30
충남,금산군,202505,30
충남,금산군,202506,29
충남,금산군,202507,28
충남,금산군,202508,28
충남,금산군,202509,28
충남,금산군,202510,28
충남,금산군,202511,28
충남,금산군,202512,20
충남,금산군,202601,20
충남,금산군,202602,20
충남,금산군,202603,20
충남,금산군,202604,20
충남,금산군,202605,20
충남,금산군,202606,19
충남,금산군,202607,16
충남,금산군,202608,15
충남,논산시,200701,39
충남,논산시,200702,26
충남,논산시,200703,26
충남,논산시,200704,26
충남,논산시,200705,26
충남,논산시,200706,26
충남,논산시,200707,26
충남,논산시,200708,26
충남,논산시,200709,233
충남,논산시,200710,233
충남,논산시,200711,233
충남,논산시,200712,222
충남,논산시,200801,222
충남,논산시,200802,212
충남,논산시,200803,212
충남,논산시,200804,198
충남,논산시,200805,190
충남,논산시,200806,179
충남,논산시,200807,179
충남,논산시,200808,422
충남,논산시,200809,422
충남,논산시,200810,406
충남,논산시,200811,402
충남,논산시,200812,379
충남,논산시,200901,379
충남,논산시,200902,378
충남,논산시,200903,370
충남,논산시,200904,357
충남,논산시,200905,256
충남,논산시,200906,240
충남,논산시,200907,208
충남,논산시,200908,111
충남,논산시,200909,98
충남,논산시,200910,98
충남,논산시,200911,82
충남,논산시,200912,78
충남,논산시,201001,78
충남,논산시,201002,61
충남,논산시,201003,57
충남,논산시,201004,44
충남,논산시,201005,41
충남,논산시,201006,40
충남,논산시,201007,36
충남,논산시,201008,33
충남,논산시,201009,30
충남,논산시,201010,29
충남,논산시,201011,28
충남,논산시,201012,27
충남,논산시,201101,26
충남,논산시,201102,26
충남,논산시,201103,0
충남,논산시,201104,0
충남,논산시,201105,0
충남,논산시,201106,0
충남,논산시,201107,0
충남,논산시,201108,0
충남,논산시,201109,0
충남,논산시,201110,0
충남,논산시,201111,0
충남,논산시,201112,0
충남,논산시,201201,0
충남,논산시,201202,0
충남,논산시,201203,0
충남,논산시,201204,16
충남,논산시,201205,13
충남,논산시,201206,12
충남,논산시,201207,12
충남,논산시,201208,12
충남,논산시,201209,12
충남,논산시,201210,11
충남,논산시,201211,11
충남,논산시,201212,11
충남,논산시,201301,11
충남,논산시,201302,11
충남,논산시,201303,11
충남,논산시,201304,11
충남,논산시,201305,11
충남,논산시,201306,11
충남,논산시,201307,11
충남,논산시,201308,11
충남,논산시,201309,11
충남,논산시,201310,11
충남,논산시,201311,11
충남,논산시,201312,11
충남,논산시,201401,11
충남,논산시,201402,11
충남,논산시,201403,11
충남,논산시,201404,11
충남,논산시,201405,11
충남,논산시,201406,11
충남,논산시,201407,11
충남,논산시,201408,11
충남,논산시,201409,11
충남,논산시,201410,11
충남,논산시,201411,11
충남,논산시,201412,11
충남,논산시,201501,12
충남,논산시,201502,12
충남,논산시,201503,12
충남,논산시,201504,1
충남,논산시,201505,1
충남,논산시,201506,1
충남,논산시,201507,1
충남,논산시,201508,1
충남,논산시,201509,1
충남,논산시,201510,1
충남,논산시,201511,7
충남,논산시,201512,7
충남,논산시,201601,215
충남,논산시,201602,276
충남,논산시,201603,271
충남,논산시,201604,271
충남,논산시,201605,271
충남,논산시,201606,271
충남,논산시,201607,312
충남,논산시,201608,311
충남,논산시,201609,307
충남,논산시,201610,293
충남,논산시,201611,295
충남,논산시,201612,293
충남,논산시,201701,268
충남,논산시,201702,268
충남,논산시,201703,268
충남,논산시,201704,258
충남,논산시,201705,303
충남,논산시,201706,313
충남,논산시,201707,358
충남,논산시,201708,355
충남,논산시,201709,354
충남,논산시,201710,349
충남,논산시,201711,346
충남,논산시,201712,341
충남,논산시,201801,338
충남,논산시,201802,334
충남,논산시,201803,321
충남,논산시,201804,317
충남,논산시,201805,317
충남,논산시,201806,313
충남,논산시,201807,313
충남,논산시,201808,247
충남,논산시,201809,247
충남,논산시,201810,247
충남,논산시,201811,247
충남,논산시,201812,247
충남,논산시,201901,243
충남,논산시,201902,243
충남,논산시,201903,243
충남,논산시,201904,243
충남,논산시,201905,243
충남,논산시,201906,243
충남,논산시,201907,243
충남,논산시,201908,243
충남,논산시,201909,243
충남,논산시,201910,243
충남,논산시,201911,243
충남,논산시,201912,220
충남,논산시,202001,220
충남,논산시,202002,171
충남,논산시,202003,166
충남,논산시,202004,157
충남,논산시,202005,131
충남,논산시,202006,88
충남,논산시,202007,78
충남,논산시,202008,62
충남,논산시,202009,43
충남,논산시,202010,43
충남,논산시,202011,27
충남,논산시,202012,22
충남,논산시,202101,19
충남,논산시,202102,15
충남,논산시,202103,11
충남,논산시,202104,10
충남,논산시,202105,8
충남,논산시,202106,8
충남,논산시,202107,8
충남,논산시,202108,5
충남,논산시,202109,0
충남,논산시,202110,0
충남,논산시,202111,0
충남,논산시,202112,0
충남,논산시,202201,0
충남,논산시,202202,0
충남,논산시,202203,0
충남,논산시,202204,0
충남,논산시,202205,0
충남,논산시,202206,0
충남,논산시,202207,0
충남,논산시,202208,0
충남,논산시,202209,0
충남,논산시,202210,0
충남,논산시,202211,0
충남,논산시,202212,0
충남,논산시,202301,124
충남,논산시,202302,114
충남,논산시,202303,111
충남,논산시,202304,108
충남,논산시,202305,104
충남,논산시,202306,100
충남,논산시,202307,96
충남,논산시,202308,93
충남,논산시,202309,89
충남,논산시,202310,85
충남,논산시,202311,80
충남,논산시,202312,299
충남,논산시,202401,243
충남,논산시,202402,211
충남,논산시,202403,149
충남,논산시,202404,81
충남,논산시,202405,35
충남,논산시,202406,3
충남,논산시,202407,3
충남,논산시,202408,3
충남,논산시,202409,3
충남,논산시,202410,3
충남,논산시,202411,3
충남,논산시,202412,3
충남,논산시,202501,3
충남,논산시,202502,84
충남,논산시,202503,83
충남,논산시,202504,80
충남,논산시,202505,80
충남,논산시,202506,79
충남,논산시,202507,79
충남,논산시,202508,79
충남,논산시,202509,79
충남,논산시,202510,79
충남,논산시,202511,79
충남,논산시,202512,79
충남,논산시,202601,79
충남,논산시,202602,79
충남,논산시,202603,79
충남,논산시,202604,78
충남,논산시,202605,78
충남,논산시,202606,68
충남,논산시,202607,67
충남,논산시,202608,64
충남,당진시,201205,647
충남,당진시,201206,629
충남,당진시,201209,627
충남,당진시,201210,569
충남,당진시,201211,491
충남,당진시,201212,387
충남,당진시,201301,345
충남,당진시,201302,326
충남,당진시,201303,303
충남,당진시,201304,269
충남,당진시,201305,216
충남,당진시,201306,206
충남,당진시,201307,205
충남,당진시,201310,144
충남,당진시,201311,129
충남,당진시,201312,113
충남,당진시,201401,113
충남,당진시,201402,112
충남,당진시,201403,91
충남,당진시,201404,71
충남,당진시,201405,71
충남,당진시,201406,62
충남,당진시,201407,52
충남,당진시,201408,40
충남,당진시,201409,31
충남,당진시,201410,17
충남,당진시,201411,11
충남,당진시,201412,524
충남,당진시,201501,353
충남,당진시,201502,278
충남,당진시,201503,189
충남,당진시,201504,166
충남,당진시,201505,125
충남,당진시,201506,96
충남,당진시,201507,397
충남,당진시,201508,670
충남,당진시,201509,1448
충남,당진시,201510,1198
충남,당진시,201511,1143
충남,당진시,201512,1078
충남,당진시,201601,1056
충남,당진시,201602,1030
충남,당진시,201603,1011
충남,당진시,201604,995
충남,당진시,201605,985
충남,당진시,201606,878
충남,당진시,201607,787
충남,당진시,201608,774
충남,당진시,201609,763
충남,당진시,201610,745
충남,당진시,201611,756
충남,당진시,201612,743
충남,당진시,201701,737
충남,당진시,201702,741
충남,당진시,201703,737
충남,당진시,201704,735
충남,당진시,201705,578
충남,당진시,201706,571
충남,당진시,201707,563
충남,당진시,201708,554
충남,당진시,201709,409
충남,당진시,201710,535
충남,당진시,201711,535
충남,당진시,201712,462
충남,당진시,201801,968
충남,당진시,201802,967
충남,당진시,201803,966
충남,당진시,201804,964
충남,당진시,201805,961
충남,당진시,201806,960
충남,당진시,201807,1719
충남,당진시,201808,1639
충남,당진시,201809,1557
충남,당진시,201810,1513
충남,당진시,201811,1467
충남,당진시,201812,1360
충남,당진시,201901,1115
충남,당진시,201902,1060
충남,당진시,201903,1009
충남,당진시,201904,968
충남,당진시,201905,929
충남,당진시,201906,914
충남,당진시,201907,1261
충남,당진시,201908,1234
충남,당진시,201909,1213
충남,당진시,201910,1194
충남,당진시,201911,1481
충남,당진시,201912,1400
충남,당진시,202001,1385
충남,당진시,202002,1382
충남,당진시,202003,1325
충남,당진시,202004,1192
충남,당진시,202005,1796
충남,당진시,202006,1018
충남,당진시,202007,942
충남,당진시,202008,1112
충남,당진시,202009,1062
충남,당진시,202010,1033
충남,당진시,202011,1693
충남,당진시,202012,1042
충남,당진시,202101,707
충남,당진시,202102,552
충남,당진시,202103,469
충남,당진시,202104,410
충남,당진시,202105,337
충남,당진시,202106,307
충남,당진시,202107,272
충남,당진시,202108,211
충남,당진시,202109,117
충남,당진시,202110,63
충남,당진시,202111,58
충남,당진시,202112,58
충남,당진시,202201,131
충남,당진시,202202,124
충남,당진시,202203,120
충남,당진시,202204,120
충남,당진시,202205,121
충남,당진시,202206,122
충남,당진시,202207,59
충남,당진시,202208,60
충남,당진시,202209,60
충남,당진시,202210,46
충남,당진시,202211,46
충남,당진시,202212,46
충남,당진시,202301,46
충남,당진시,202302,46
충남,당진시,202303,46
충남,당진시,202304,46
충남,당진시,202305,46
충남,당진시,202306,46
충남,당진시,202307,46
충남,당진시,202308,46
충남,당진시,202309,46
충남,당진시,202310,46
충남,당진시,202311,46
충남,당진시,202312,46
충남,당진시,202401,46
충남,당진시,202402,46
충남,당진시,202403,46
충남,당진시,202404,25
충남,당진시,202405,25
충남,당진시,202406,25
충남,당진시,202407,26
충남,당진시,202408,23
충남,당진시,202409,23
충남,당진시,202410,23
충남,당진시,202411,23
충남,당진시,202412,23
충남,당진시,202501,84
충남,당진시,202502,104
충남,당진시,202503,104
충남,당진시,202504,104
충남,당진시,202505,104
충남,당진시,202506,0
충남,당진시,202507,104
충남,당진시,202508,104
충남,당진시,202509,104
충남,당진시,202510,100
충남,당진시,202511,100
충남,당진시,202512,100
충남,당진시,202601,78
충남,당진시,202602,78
충남,당진시,202603,77
충남,당진시,202604,13
충남,당진시,202605,13
충남,당진시,202606,13
충남,당진시,202607,13
충남,당진시,202608,13
충남,부여군,200701,0
충남,부여군,200702,0
충남,부여군,200703,0
충남,부여군,200704,0
충남,부여군,200705,0
충남,부여군,200706,0
충남,부여군,200707,0
충남,부여군,200708,0
충남,부여군,200709,0
충남,부여군,200710,0
충남,부여군,200711,0
충남,부여군,200712,0
충남,부여군,200801,0
충남,부여군,200802,0
충남,부여군,200803,0
충남,부여군,200804,0
충남,부여군,200805,0
충남,부여군,200806,0
충남,부여군,200807,0
충남,부여군,200808,0
충남,부여군,200809,0
충남,부여군,200810,0
충남,부여군,200811,0
충남,부여군,200812,0
충남,부여군,200901,0
충남,부여군,200902,0
충남,부여군,200903,0
충남,부여군,200904,0
충남,부여군,200905,0
충남,부여군,200906,0
충남,부여군,200907,0
충남,부여군,200908,0
충남,부여군,200909,0
충남,부여군,200910,0
충남,부여군,200911,0
충남,부여군,200912,0
충남,부여군,201001,0
충남,부여군,201002,0
충남,부여군,201003,0
충남,부여군,201004,0
충남,부여군,201005,0
충남,부여군,201006,0
충남,부여군,201007,0
충남,부여군,201008,0
충남,부여군,201009,0
충남,부여군,201010,0
충남,부여군,201011,0
충남,부여군,201012,0
충남,부여군,201101,0
충남,부여군,201102,0
충남,부여군,201103,0
충남,부여군,201104,0
충남,부여군,201105,0
충남,부여군,201106,0
충남,부여군,201107,0
충남,부여군,201108,0
충남,부여군,201109,0
충남,부여군,201110,0
충남,부여군,201111,0
충남,부여군,201112,0
충남,부여군,201201,0
충남,부여군,201202,0
충남,부여군,201203,0
충남,부여군,201204,0
충남,부여군,201205,0
충남,부여군,201206,0
충남,부여군,201207,0
충남,부여군,201208,0
충남,부여군,201209,0
충남,부여군,201210,0
충남,부여군,201211,0
충남,부여군,201212,0
충남,부여군,201301,0
충남,부여군,201302,0
충남,부여군,201303,0
충남,부여군,201304,0
충남,부여군,201305,0
충남,부여군,201306,0
충남,부여군,201307,0
충남,부여군,201308,45
충남,부여군,201309,41
충남,부여군,201310,0
충남,부여군,201311,0
충남,부여군,201312,0
충남,부여군,201401,0
충남,부여군,201402,0
충남,부여군,201403,0
충남,부여군,201404,0
충남,부여군,201405,0
충남,부여군,201406,0
충남,부여군,201407,0
충남,부여군,201408,0
충남,부여군,201409,0
충남,부여군,201410,0
충남,부여군,201411,0
충남,부여군,201412,0
충남,부여군,201501,0
충남,부여군,201502,0
충남,부여군,201503,0
충남,부여군,201504,0
충남,부여군,201505,0
충남,부여군,201506,0
충남,부여군,201507,0
충남,부여군,201508,0
충남,부여군,201509,0
충남,부여군,201510,0
충남,부여군,201511,0
충남,부여군,201512,558
충남,부여군,201601,546
충남,부여군,201602,542
충남,부여군,201603,541
충남,부여군,201604,536
충남,부여군,201605,533
충남,부여군,201606,528
충남,부여군,201607,526
충남,부여군,201608,525
충남,부여군,201609,523
충남,부여군,201610,519
충남,부여군,201611,515
충남,부여군,201612,512
충남,부여군,201701,512
충남,부여군,201702,479
충남,부여군,201703,478
충남,부여군,201704,477
충남,부여군,201705,477
충남,부여군,201706,462
충남,부여군,201707,462
충남,부여군,201708,438
충남,부여군,201709,396
충남,부여군,201710,492
충남,부여군,201711,461
충남,부여군,201712,446
충남,부여군,201801,395
충남,부여군,201802,379
충남,부여군,201803,329
충남,부여군,201804,329
충남,부여군,201805,326
충남,부여군,201806,326
충남,부여군,201807,326
충남,부여군,201808,326
충남,부여군,201809,326
충남,부여군,201810,326
충남,부여군,201811,326
충남,부여군,201812,326
충남,부여군,201901,325
충남,부여군,201902,325
충남,부여군,201903,325
충남,부여군,201904,325
충남,부여군,201905,325
충남,부여군,201906,325
충남,부여군,201907,358
충남,부여군,201908,381
충남,부여군,201909,381
충남,부여군,201910,381
충남,부여군,201911,381
충남,부여군,201912,381
충남,부여군,202001,381
충남,부여군,202002,381
충남,부여군,202003,352
충남,부여군,202004,352
충남,부여군,202005,349
충남,부여군,202006,349
충남,부여군,202007,349
충남,부여군,202008,349
충남,부여군,202009,349
충남,부여군,202010,333
충남,부여군,202011,333
충남,부여군,202012,272
충남,부여군,202101,261
충남,부여군,202102,244
충남,부여군,202103,222
충남,부여군,202104,202
충남,부여군,202105,185
충남,부여군,202106,170
충남,부여군,202107,159
충남,부여군,202108,141
충남,부여군,202109,125
충남,부여군,202110,105
충남,부여군,202111,97
충남,부여군,202112,79
충남,부여군,202201,73
충남,부여군,202202,63
충남,부여군,202203,51
충남,부여군,202204,38
충남,부여군,202205,30
충남,부여군,202206,20
충남,부여군,202207,18
충남,부여군,202208,13
충남,부여군,202209,12
충남,부여군,202210,12
충남,부여군,202211,12
충남,부여군,202212,12
충남,부여군,202301,12
충남,부여군,202302,9
충남,부여군,202303,9
충남,부여군,202304,9
충남,부여군,202305,9
충남,부여군,202306,9
충남,부여군,202307,9
충남,부여군,202308,9
충남,부여군,202309,9
충남,부여군,202310,9
충남,부여군,202311,9
충남,부여군,202312,9
충남,부여군,202401,9
충남,부여군,202402,7
충남,부여군,202403,6
충남,부여군,202404,4
충남,부여군,202405,3
충남,부여군,202406,2
충남,부여군,202407,2
충남,부여군,202408,2
충남,부여군,202409,2
충남,부여군,202410,2
충남,부여군,202411,2
충남,부여군,202412,2
충남,부여군,202501,0
충남,부여군,202502,0
충남,부여군,202503,0
충남,부여군,202504,0
충남,부여군,202505,0
충남,부여군,202506,0
충남,부여군,202507,0
충남,부여군,202508,339
충남,부여군,202509,339
충남,부여군,202510,338
충남,부여군,202511,334
충남,부여군,202512,330
충남,부여군,202601,325
충남,부여군,202602,324
충남,부여군,202603,321
충남,부여군,202604,316
충남,부여군,202605,308
충남,부여군,202606,307
충남,부여군,202607,293
충남,부여군,202608,278
충남,연기군,200701,1076
충남,연기군,200702,1060
충남,연기군,200703,1035
충남,연기군,200704,929
충남,연기군,200705,926
충남,연기군,200706,893
충남,연기군,200707,890
충남,연기군,200708,869
충남,연기군,200709,869
충남,연기군,200710,929
충남,연기군,200711,909
충남,연기군,200712,899
충남,연기군,200801,1882
충남,연기군,200802,1868
충남,연기군,200803,1868
충남,연기군,200804,1820
충남,연기군,200805,1820
충남,연기군,200806,1820
충남,연기군,200807,1779
충남,연기군,200808,1825
충남,연기군,200809,1798
충남,연기군,200810,1793
충남,연기군,200811,1715
충남,연기군,200812,1715
충남,연기군,200901,2248
충남,연기군,200902,2248
충남,연기군,200903,2248
충남,연기군,200904,2231
충남,연기군,200905,2210
충남,연기군,200906,1228
충남,연기군,200907,1228
충남,연기군,200908,107
충남,연기군,200909,107
충남,연기군,200910,107
충남,연기군,200911,107
충남,연기군,200912,79
충남,연기군,201001,79
충남,연기군,201002,79
충남,연기군,201003,79
충남,연기군,201004,79
충남,연기군,201005,79
충남,연기군,201006,216
충남,연기군,201007,172
충남,연기군,201008,165
충남,연기군,201009,187
충남,연기군,201010,146
충남,연기군,201011,132
충남,연기군,201012,91
충남,연기군,201101,76
충남,연기군,201102,76
충남,연기군,201103,76
충남,연기군,201104,33
충남,연기군,201105,33
충남,연기군,201106,33
충남,연기군,201107,33
충남,연기군,201108,33
충남,연기군,201109,33
충남,연기군,201110,33
충남,연기군,201111,33
충남,연기군,201112,33
충남,연기군,201201,33
충남,연기군,201202,33
충남,연기군,201203,33
충남,연기군,201204,33
충남,연기군,201205,265
충남,연기군,201206,129
충남,연기군,201207,0
충남,연기군,201208,0
충남,연기군,201209,0
충남,연기군,201210,0
충남,연기군,201211,0
충남,연기군,201212,0
충남,연기군,201301,0
충남,연기군,201302,0
충남,연기군,201303,0
충남,연기군,201304,0
충남,연기군,201305,0
충남,연기군,201306,0
충남,연기군,201307,0
충남,연기군,201308,0
충남,연기군,201309,0
충남,연기군,201310,0
충남,연기군,201311,0
충남,연기군,201312,0
충남,연기군,201401,0
충남,연기군,201402,0
충남,연기군,201403,0
충남,연기군,201404,0
충남,연기군,201405,0
충남,연기군,201406,0
충남,연기군,201407,0
충남,연기군,201408,0
충남,연기군,201409,0
충남,서천군,200701,0
충남,서천군,200702,0
충남,서천군,200703,0
충남,서천군,200704,0
충남,서천군,200705,0
충남,서천군,200706,0
충남,서천군,200707,0
충남,서천군,200708,0
충남,서천군,200709,0
충남,서천군,200710,0
충남,서천군,200711,0
충남,서천군,200712,0
충남,서천군,200801,0
충남,서천군,200802,0
충남,서천군,200803,0
충남,서천군,200804,0
충남,서천군,200805,0
충남,서천군,200806,0
충남,서천군,200807,0
충남,서천군,200808,2
충남,서천군,200809,0
충남,서천군,200810,0
충남,서천군,200811,0
충남,서천군,200812,0
충남,서천군,200901,0
충남,서천군,200902,116
충남,서천군,200903,81
충남,서천군,200904,81
충남,서천군,200905,76
충남,서천군,200906,75
충남,서천군,200907,251
충남,서천군,200908,249
충남,서천군,200909,244
충남,서천군,200910,237
충남,서천군,200911,237
충남,서천군,200912,237
충남,서천군,201001,237
충남,서천군,201002,237
충남,서천군,201003,237
충남,서천군,201004,237
충남,서천군,201005,237
충남,서천군,201006,237
충남,서천군,201007,237
충남,서천군,201008,237
충남,서천군,201009,237
충남,서천군,201010,237
충남,서천군,201011,237
충남,서천군,201012,237
충남,서천군,201101,190
충남,서천군,201102,171
충남,서천군,201103,171
충남,서천군,201104,171
충남,서천군,201105,171
충남,서천군,201106,171
충남,서천군,201107,148
충남,서천군,201108,141
충남,서천군,201109,139
충남,서천군,201110,135
충남,서천군,201111,131
충남,서천군,201112,128
충남,서천군,201201,128
충남,서천군,201202,121
충남,서천군,201203,116
충남,서천군,201204,112
충남,서천군,201205,95
충남,서천군,201206,94
충남,서천군,201207,90
충남,서천군,201208,90
충남,서천군,201209,87
충남,서천군,201210,128
충남,서천군,201211,105
충남,서천군,201212,97
충남,서천군,201301,84
충남,서천군,201302,84
충남,서천군,201303,75
충남,서천군,201304,73
충남,서천군,201305,64
충남,서천군,201306,54
충남,서천군,201307,46
충남,서천군,201308,0
충남,서천군,201309,0
충남,서천군,201310,39
충남,서천군,201311,32
충남,서천군,201312,25
충남,서천군,201401,24
충남,서천군,201402,20
충남,서천군,201403,18
충남,서천군,201404,65
충남,서천군,201405,62
충남,서천군,201406,62
충남,서천군,201407,62
충남,서천군,201408,62
충남,서천군,201409,60
충남,서천군,201410,60
충남,서천군,201411,58
충남,서천군,201412,50
충남,서천군,201501,49
충남,서천군,201502,49
충남,서천군,201503,46
충남,서천군,201504,46
충남,서천군,201505,43
충남,서천군,201506,40
충남,서천군,201507,93
충남,서천군,201508,93
충남,서천군,201509,75
충남,서천군,201510,75
충남,서천군,201511,58
충남,서천군,201512,50
충남,서천군,201601,46
충남,서천군,201602,44
충남,서천군,201603,44
충남,서천군,201604,34
충남,서천군,201605,31
충남,서천군,201606,29
충남,서천군,201607,29
충남,서천군,201608,28
충남,서천군,201609,26
충남,서천군,201610,26
충남,서천군,201611,26
충남,서천군,201612,24
충남,서천군,201701,24
충남,서천군,201702,24
충남,서천군,201703,24
충남,서천군,201704,23
충남,서천군,201705,22
충남,서천군,201706,22
충남,서천군,201707,22
충남,서천군,201708,22
충남,서천군,201709,152
충남,서천군,201710,142
충남,서천군,201711,122
충남,서천군,201712,118
충남,서천군,201801,111
충남,서천군,201802,106
충남,서천군,201803,102
충남,서천군,201804,99
충남,서천군,201805,96
충남,서천군,201806,92
충남,서천군,201807,90
충남,서천군,201808,380
충남,서천군,201809,376
충남,서천군,201810,368
충남,서천군,201811,368
충남,서천군,201812,368
충남,서천군,201901,368
충남,서천군,201902,368
충남,서천군,201903,362
충남,서천군,201904,361
충남,서천군,201905,360
충남,서천군,201906,341
충남,서천군,201907,339
충남,서천군,201908,337
충남,서천군,201909,354
충남,서천군,201910,337
충남,서천군,201911,337
충남,서천군,201912,337
충남,서천군,202001,383
충남,서천군,202002,226
충남,서천군,202003,226
충남,서천군,202004,136
충남,서천군,202005,136
충남,서천군,202006,136
충남,서천군,202007,136
충남,서천군,202008,136
충남,서천군,202009,136
충남,서천군,202010,136
충남,서천군,202011,160
충남,서천군,202012,150
충남,서천군,202101,145
충남,서천군,202102,139
충남,서천군,202103,134
충남,서천군,202104,119
충남,서천군,202105,115
충남,서천군,202106,111
충남,서천군,202107,106
충남,서천군,202108,104
충남,서천군,202109,95
충남,서천군,202110,90
충남,서천군,202111,78
충남,서천군,202112,76
충남,서천군,202201,75
충남,서천군,202202,65
충남,서천군,202203,57
충남,서천군,202204,48
충남,서천군,202205,40
충남,서천군,202206,32
충남,서천군,202207,25
충남,서천군,202208,21
충남,서천군,202209,17
충남,서천군,202210,16
충남,서천군,202211,14
충남,서천군,202212,13
충남,서천군,202301,12
충남,서천군,202302,10
충남,서천군,202303,8
충남,서천군,202304,7
충남,서천군,202305,7
충남,서천군,202306,7
충남,서천군,202307,7
충남,서천군,202308,7
충남,서천군,202309,5
충남,서천군,202310,5
충남,서천군,202311,5
충남,서천군,202312,5
충남,서천군,202401,5
충남,서천군,202402,5
충남,서천군,202403,5
충남,서천군,202404,5
충남,서천군,202405,5
충남,서천군,202406,5
충남,서천군,202407,5
충남,서천군,202408,5
충남,서천군,202409,5
충남,서천군,202410,5
충남,서천군,202411,5
충남,서천군,202412,5
충남,서천군,202501,5
충남,서천군,202502,6
충남,서천군,202503,6
충남,서천군,202504,6
충남,서천군,202505,6
충남,서천군,202506,6
충남,서천군,202507,6
충남,서천군,202508,6
충남,서천군,202509,6
충남,서천군,202510,6
충남,서천군,202511,6
충남,서천군,202512,6
충남,서천군,202601,6
충남,서천군,202602,6
충남,서천군,202603,6
충남,서천군,202604,6
충남,서천군,202605,6
충남,서천군,202606,6
충남,서천군,202607,6
충남,서천군,202608,6
충남,청양군,200701,0
충남,청양군,200702,0
충남,청양군,200703,0
충남,청양군,200704,0
충남,청양군,200705,0
충남,청양군,200706,0
충남,청양군,200707,0
충남,청양군,200708,0
충남,청양군,200709,0
충남,청양군,200710,0
충남,청양군,200711,0
충남,청양군,200712,0
충남,청양군,200801,0
충남,청양군,200802,0
충남,청양군,200803,0
충남,청양군,200804,0
충남,청양군,200805,0
충남,청양군,200806,0
충남,청양군,200807,0
충남,청양군,200808,0
충남,청양군,200809,0
충남,청양군,200810,0
충남,청양군,200811,0
충남,청양군,200812,0
충남,청양군,200901,0
충남,청양군,200902,0
충남,청양군,200903,0
충남,청양군,200904,0
충남,청양군,200905,0
충남,청양군,200906,0
충남,청양군,200907,0
충남,청양군,200908,0
충남,청양군,200909,0
충남,청양군,200910,0
충남,청양군,200911,0
충남,청양군,200912,0
충남,청양군,201001,0
충남,청양군,201002,0
충남,청양군,201003,0
충남,청양군,201004,0
충남,청양군,201005,0
충남,청양군,201006,0
충남,청양군,201007,0
충남,청양군,201008,0
충남,청양군,201009,0
충남,청양군,201010,0
충남,청양군,201011,0
충남,청양군,201012,0
충남,청양군,201101,0
충남,청양군,201102,0
충남,청양군,201103,0
충남,청양군,201104,0
충남,청양군,201105,0
충남,청양군,201106,0
충남,청양군,201107,0
충남,청양군,201108,0
충남,청양군,201109,0
충남,청양군,201110,0
충남,청양군,201111,0
충남,청양군,201112,0
충남,청양군,201201,0
충남,청양군,201202,0
충남,청양군,201203,0
충남,청양군,201204,0
충남,청양군,201205,0
충남,청양군,201206,0
충남,청양군,201207,0
충남,청양군,201208,0
충남,청양군,201209,0
충남,청양군,201210,0
충남,청양군,201211,0
충남,청양군,201212,0
충남,청양군,201301,0
충남,청양군,201302,0
충남,청양군,201303,0
충남,청양군,201304,0
충남,청양군,201305,0
충남,청양군,201306,0
충남,청양군,201307,0
충남,청양군,201308,0
충남,청양군,201309,0
충남,청양군,201310,0
충남,청양군,201311,0
충남,청양군,201312,0
충남,청양군,201401,0
충남,청양군,201402,0
충남,청양군,201403,0
충남,청양군,201404,0
충남,청양군,201405,0
충남,청양군,201406,0
충남,청양군,201407,0
충남,청양군,201408,0
충남,청양군,201409,0
충남,청양군,201410,0
충남,청양군,201411,0
충남,청양군,201412,0
충남,청양군,201501,0
충남,청양군,201502,0
충남,청양군,201503,0
충남,청양군,201504,0
충남,청양군,201505,0
충남,청양군,201506,0
충남,청양군,201507,0
충남,청양군,201508,0
충남,청양군,201509,0
충남,청양군,201510,0
충남,청양군,201511,0
충남,청양군,201512,0
충남,청양군,201601,0
충남,청양군,201602,0
충남,청양군,201603,0
충남,청양군,201604,0
충남,청양군,201605,0
충남,청양군,201606,0
충남,청양군,201607,0
충남,청양군,201608,0
충남,청양군,201609,0
충남,청양군,201610,0
충남,청양군,201611,0
충남,청양군,201612,0
충남,청양군,201701,0
충남,청양군,201702,0
충남,청양군,201703,0
충남,청양군,201704,0
충남,청양군,201705,0
충남,청양군,201706,0
충남,청양군,201707,0
충남,청양군,201708,0
충남,청양군,201709,0
충남,청양군,201710,0
충남,청양군,201711,0
충남,청양군,201712,0
충남,청양군,201801,0
충남,청양군,201802,0
충남,청양군,201804,0
충남,청양군,201807,0
충남,청양군,201808,0
충남,청양군,201812,0
충남,청양군,201901,0
충남,청양군,201902,0
충남,청양군,201903,0
충남,청양군,201904,0
충남,청양군,201905,0
충남,청양군,201906,0
충남,청양군,201907,0
충남,청양군,201908,0
충남,청양군,201909,0
충남,청양군,201910,0
충남,청양군,201912,0
충남,청양군,202001,0
충남,청양군,202002,0
충남,청양군,202003,0
충남,청양군,202004,0
충남,청양군,202005,0
충남,청양군,202006,0
충남,청양군,202007,0
충남,청양군,202008,0
충남,청양군,202009,0
충남,청양군,202010,0
충남,청양군,202011,0
충남,청양군,202012,0
충남,청양군,202101,0
충남,청양군,202102,0
충남,청양군,202103,0
충남,청양군,202104,0
충남,청양군,202105,0
충남,청양군,202106,0
충남,청양군,202107,0
충남,청양군,202108,0
충남,청양군,202109,0
충남,청양군,202110,0
충남,청양군,202111,0
충남,청양군,202112,0
충남,청양군,202201,0
충남,청양군,202202,0
충남,청양군,202203,0
충남,청양군,202204,0
충남,청양군,202205,0
충남,청양군,202206,0
충남,청양군,202207,0
충남,청양군,202208,0
충남,청양군,202209,0
충남,청양군,202210,0
충남,청양군,202211,0
충남,청양군,202212,0
충남,청양군,202301,0
충남,청양군,202302,0
충남,청양군,202303,0
충남,청양군,202304,0
충남,청양군,202305,0
충남,청양군,202306,0
충남,청양군,202307,0
충남,청양군,202308,0
충남,청양군,202309,0
충남,청양군,202310,0
충남,청양군,202311,0
충남,청양군,202312,0
충남,청양군,202401,0
충남,청양군,202402,0
충남,청양군,202403,0
충남,청양군,202404,0
충남,청양군,202405,0
충남,청양군,202406,0
충남,청양군,202407,0
충남,청양군,202408,0
충남,청양군,202409,0
충남,청양군,202410,0
충남,청양군,202411,0
충남,청양군,202412,0
충남,청양군,202501,0
충남,청양군,202502,87
충남,청양군,202503,83
충남,청양군,202504,82
충남,청양군,202505,82
충남,청양군,202506,82
충남,청양군,202507,82
충남,청양군,202508,82
충남,청양군,202509,82
충남,청양군,202510,76
충남,청양군,202511,76
충남,청양군,202512,76
충남,청양군,202601,72
충남,청양군,202602,69
충남,청양군,202603,68
충남,청양군,202604,65
충남,청양군,202605,63
충남,청양군,202606,60
충남,청양군,202607,58
충남,청양군,202608,57
충남,홍성군,200701,37
충남,홍성군,200702,37
충남,홍성군,200703,37
충남,홍성군,200704,275
충남,홍성군,200705,275
충남,홍성군,200706,275
충남,홍성군,200707,275
충남,홍성군,200708,275
충남,홍성군,200709,246
충남,홍성군,200710,245
충남,홍성군,200711,242
충남,홍성군,200712,241
충남,홍성군,200801,241
충남,홍성군,200802,241
충남,홍성군,200803,241
충남,홍성군,200804,224
충남,홍성군,200805,224
충남,홍성군,200806,380
충남,홍성군,200807,380
충남,홍성군,200808,380
충남,홍성군,200809,380
충남,홍성군,200810,380
충남,홍성군,200811,380
충남,홍성군,200812,211
충남,홍성군,200901,209
충남,홍성군,200902,209
충남,홍성군,200903,271
충남,홍성군,200904,271
충남,홍성군,200905,236
충남,홍성군,200906,228
충남,홍성군,200907,222
충남,홍성군,200908,221
충남,홍성군,200909,221
충남,홍성군,200910,221
충남,홍성군,200911,209
충남,홍성군,200912,209
충남,홍성군,201001,183
충남,홍성군,201002,183
충남,홍성군,201003,163
충남,홍성군,201004,161
충남,홍성군,201005,158
충남,홍성군,201006,138
충남,홍성군,201007,138
충남,홍성군,201008,138
충남,홍성군,201009,138
충남,홍성군,201010,138
충남,홍성군,201011,138
충남,홍성군,201012,125
충남,홍성군,201101,120
충남,홍성군,201102,113
충남,홍성군,201103,109
충남,홍성군,201104,89
충남,홍성군,201105,89
충남,홍성군,201106,89
충남,홍성군,201107,89
충남,홍성군,201108,0
충남,홍성군,201109,0
충남,홍성군,201110,0
충남,홍성군,201111,0
충남,홍성군,201112,0
충남,홍성군,201201,0
충남,홍성군,201202,0
충남,홍성군,201203,0
충남,홍성군,201204,0
충남,홍성군,201205,0
충남,홍성군,201206,0
충남,홍성군,201207,0
충남,홍성군,201208,0
충남,홍성군,201209,0
충남,홍성군,201210,0
충남,홍성군,201211,0
충남,홍성군,201212,0
충남,홍성군,201301,0
충남,홍성군,201302,0
충남,홍성군,201303,0
충남,홍성군,201304,0
충남,홍성군,201305,0
충남,홍성군,201306,0
충남,홍성군,201307,0
충남,홍성군,201308,89
충남,홍성군,201309,89
충남,홍성군,201310,0
충남,홍성군,201311,0
충남,홍성군,201312,0
충남,홍성군,201401,0
충남,홍성군,201402,0
충남,홍성군,201403,0
충남,홍성군,201404,0
충남,홍성군,201405,0
충남,홍성군,201406,0
충남,홍성군,201407,0
충남,홍성군,201408,882
충남,홍성군,201409,824
충남,홍성군,201410,665
충남,홍성군,201411,583
충남,홍성군,201412,542
충남,홍성군,201501,433
충남,홍성군,201502,318
충남,홍성군,201503,236
충남,홍성군,201504,208
충남,홍성군,201505,194
충남,홍성군,201506,450
충남,홍성군,201507,416
충남,홍성군,201508,407
충남,홍성군,201509,399
충남,홍성군,201510,464
충남,홍성군,201511,460
충남,홍성군,201512,446
충남,홍성군,201601,301
충남,홍성군,201602,416
충남,홍성군,201603,409
충남,홍성군,201604,407
충남,홍성군,201605,405
충남,홍성군,201606,395
충남,홍성군,201607,395
충남,홍성군,201608,358
충남,홍성군,201609,339
충남,홍성군,201610,329
충남,홍성군,201611,322
충남,홍성군,201612,321
충남,홍성군,201701,315
충남,홍성군,201702,313
충남,홍성군,201703,296
충남,홍성군,201704,276
충남,홍성군,201705,254
충남,홍성군,201706,254
충남,홍성군,201707,254
충남,홍성군,201708,254
충남,홍성군,201709,225
충남,홍성군,201710,186
충남,홍성군,201711,176
충남,홍성군,201712,174
충남,홍성군,201801,275
충남,홍성군,201802,260
충남,홍성군,201803,235
충남,홍성군,201804,224
충남,홍성군,201805,210
충남,홍성군,201806,207
충남,홍성군,201807,202
충남,홍성군,201808,202
충남,홍성군,201809,194
충남,홍성군,201810,194
충남,홍성군,201811,152
충남,홍성군,201812,139
충남,홍성군,201901,108
충남,홍성군,201902,92
충남,홍성군,201903,58
충남,홍성군,201904,52
충남,홍성군,201905,47
충남,홍성군,201906,36
충남,홍성군,201907,32
충남,홍성군,201908,32
충남,홍성군,201909,30
충남,홍성군,201910,31
충남,홍성군,201911,30
충남,홍성군,201912,25
충남,홍성군,202001,10
충남,홍성군,202002,4
충남,홍성군,202003,2
충남,홍성군,202004,0
충남,홍성군,202005,0
충남,홍성군,202006,0
충남,홍성군,202007,0
충남,홍성군,202008,0
충남,홍성군,202009,0
충남,홍성군,202010,0
충남,홍성군,202011,0
충남,홍성군,202012,0
충남,홍성군,202101,0
충남,홍성군,202102,0
충남,홍성군,202103,0
충남,홍성군,202104,0
충남,홍성군,202105,0
충남,홍성군,202106,0
충남,홍성군,202107,0
충남,홍성군,202108,0
충남,홍성군,202109,0
충남,홍성군,202110,0
충남,홍성군,202111,0
충남,홍성군,202112,0
충남,홍성군,202201,0
충남,홍성군,202202,0
충남,홍성군,202203,0
충남,홍성군,202204,0
충남,홍성군,202205,0
충남,홍성군,202206,0
충남,홍성군,202207,0
충남,홍성군,202208,0
충남,홍성군,202209,0
충남,홍성군,202210,19
충남,홍성군,202211,11
충남,홍성군,202212,1362
충남,홍성군,202301,1348
충남,홍성군,202302,1269
충남,홍성군,202303,1177
충남,홍성군,202304,1167
충남,홍성군,202305,1156
충남,홍성군,202306,1145
충남,홍성군,202307,1035
충남,홍성군,202308,996
충남,홍성군,202309,993
충남,홍성군,202310,892
충남,홍성군,202311,805
충남,홍성군,202312,789
충남,홍성군,202401,785
충남,홍성군,202402,783
충남,홍성군,202403,782
충남,홍성군,202404,773
충남,홍성군,202405,762
충남,홍성군,202406,752
충남,홍성군,202407,433
충남,홍성군,202408,377
충남,홍성군,202409,307
충남,홍성군,202410,201
충남,홍성군,202411,201
충남,홍성군,202412,201
충남,홍성군,202501,203
충남,홍성군,202502,203
충남,홍성군,202503,203
충남,홍성군,202504,149
충남,홍성군,202505,149
충남,홍성군,202506,148
충남,홍성군,202507,198
충남,홍성군,202508,201
충남,홍성군,202509,336
충남,홍성군,202510,784
충남,홍성군,202511,784
충남,홍성군,202512,716
충남,홍성군,202601,725
충남,홍성군,202602,715
충남,홍성군,202603,708
충남,홍성군,202604,702
충남,홍성군,202605,695
충남,홍성군,202606,692
충남,홍성군,202607,689
충남,홍성군,202608,686
충남,예산군,200701,427
충남,예산군,200702,427
충남,예산군,200703,425
충남,예산군,200704,423
충남,예산군,200705,419
충남,예산군,200706,419
충남,예산군,200707,438
충남,예산군,200708,435
충남,예산군,200709,434
충남,예산군,200710,432
충남,예산군,200711,432
충남,예산군,200712,432
충남,예산군,200801,450
충남,예산군,200802,450
충남,예산군,200803,450
충남,예산군,200804,450
충남,예산군,200805,431
충남,예산군,200806,431
충남,예산군,200807,350
충남,예산군,200808,350
충남,예산군,200809,350
충남,예산군,200810,350
충남,예산군,200811,299
충남,예산군,200812,299
충남,예산군,200901,336
충남,예산군,200902,335
충남,예산군,200903,340
충남,예산군,200904,321
충남,예산군,200905,318
충남,예산군,200906,316
충남,예산군,200907,319
충남,예산군,200908,213
충남,예산군,200909,204
충남,예산군,200910,202
충남,예산군,200911,190
충남,예산군,200912,161
충남,예산군,201001,155
충남,예산군,201002,154
충남,예산군,201003,154
충남,예산군,201004,154
충남,예산군,201005,154
충남,예산군,201006,154
충남,예산군,201007,154
충남,예산군,201008,154
충남,예산군,201009,154
충남,예산군,201010,154
충남,예산군,201011,154
충남,예산군,201012,153
충남,예산군,201101,153
충남,예산군,201102,113
충남,예산군,201103,113
충남,예산군,201104,113
충남,예산군,201105,113
충남,예산군,201106,113
충남,예산군,201107,214
충남,예산군,201108,214
충남,예산군,201109,214
충남,예산군,201110,214
충남,예산군,201111,129
충남,예산군,201112,129
충남,예산군,201201,129
충남,예산군,201202,129
충남,예산군,201203,129
충남,예산군,201204,129
충남,예산군,201205,129
충남,예산군,201206,129
충남,예산군,201207,129
충남,예산군,201208,109
충남,예산군,201209,109
충남,예산군,201210,109
충남,예산군,201211,109
충남,예산군,201212,109
충남,예산군,201301,89
충남,예산군,201302,89
충남,예산군,201303,89
충남,예산군,201304,89
충남,예산군,201305,89
충남,예산군,201306,89
충남,예산군,201307,89
충남,예산군,201308,156
충남,예산군,201309,116
충남,예산군,201310,89
충남,예산군,201311,89
충남,예산군,201312,89
충남,예산군,201401,89
충남,예산군,201402,89
충남,예산군,201403,89
충남,예산군,201404,89
충남,예산군,201405,89
충남,예산군,201406,89
충남,예산군,201407,89
충남,예산군,201408,89
충남,예산군,201409,89
충남,예산군,201410,89
충남,예산군,201411,89
충남,예산군,201412,89
충남,예산군,201501,89
충남,예산군,201502,176
충남,예산군,201503,176
충남,예산군,201504,176
충남,예산군,201505,176
충남,예산군,201506,175
충남,예산군,201507,174
충남,예산군,201508,171
충남,예산군,201509,169
충남,예산군,201510,169
충남,예산군,201511,936
충남,예산군,201512,1719
충남,예산군,201601,1656
충남,예산군,201602,1621
충남,예산군,201603,1588
충남,예산군,201604,1559
충남,예산군,201605,1534
충남,예산군,201606,1512
충남,예산군,201607,1495
충남,예산군,201608,1485
충남,예산군,201609,1474
충남,예산군,201610,1460
충남,예산군,201611,1455
충남,예산군,201612,1446
충남,예산군,201701,1443
충남,예산군,201702,1436
충남,예산군,201703,1599
충남,예산군,201704,1579
충남,예산군,201705,1560
충남,예산군,201706,1535
충남,예산군,201707,1519
충남,예산군,201708,1501
충남,예산군,201709,1487
충남,예산군,201710,1545
충남,예산군,201711,1444
충남,예산군,201712,1434
충남,예산군,201801,1429
충남,예산군,201802,1418
충남,예산군,201803,589
충남,예산군,201804,576
충남,예산군,201805,549
충남,예산군,201806,527
충남,예산군,201807,506
충남,예산군,201808,482
충남,예산군,201809,467
충남,예산군,201810,435
충남,예산군,201811,406
충남,예산군,201812,376
충남,예산군,201901,351
충남,예산군,201902,320
충남,예산군,201903,294
충남,예산군,201904,266
충남,예산군,201905,238
충남,예산군,201906,224
충남,예산군,201907,213
충남,예산군,201908,212
충남,예산군,201909,210
충남,예산군,201910,205
충남,예산군,201911,203
충남,예산군,201912,203
충남,예산군,202001,201
충남,예산군,202002,200
충남,예산군,202003,200
충남,예산군,202004,171
충남,예산군,202005,171
충남,예산군,202006,171
충남,예산군,202007,171
충남,예산군,202008,170
충남,예산군,202009,169
충남,예산군,202010,468
충남,예산군,202011,272
충남,예산군,202012,167
충남,예산군,202101,165
충남,예산군,202102,164
충남,예산군,202103,163
충남,예산군,202104,162
충남,예산군,202105,159
충남,예산군,202106,158
충남,예산군,202107,157
충남,예산군,202108,156
충남,예산군,202109,152
충남,예산군,202110,152
충남,예산군,202111,148
충남,예산군,202112,145
충남,예산군,202201,140
충남,예산군,202202,140
충남,예산군,202203,136
충남,예산군,202204,134
충남,예산군,202205,130
충남,예산군,202206,128
충남,예산군,202207,128
충남,예산군,202208,128
충남,예산군,202209,119
충남,예산군,202210,119
충남,예산군,202211,119
충남,예산군,202212,115
충남,예산군,202301,536
충남,예산군,202302,532
충남,예산군,202303,513
충남,예산군,202304,492
충남,예산군,202305,453
충남,예산군,202306,453
충남,예산군,202307,372
충남,예산군,202308,334
충남,예산군,202309,329
충남,예산군,202310,285
충남,예산군,202311,284
충남,예산군,202312,283
충남,예산군,202401,269
충남,예산군,202402,267
충남,예산군,202403,248
충남,예산군,202404,231
충남,예산군,202405,217
충남,예산군,202406,213
충남,예산군,202407,212
충남,예산군,202408,209
충남,예산군,202409,209
충남,예산군,202410,208
충남,예산군,202411,206
충남,예산군,202412,202
충남,예산군,202501,201
충남,예산군,202502,201
충남,예산군,202503,201
충남,예산군,202504,199
충남,예산군,202505,199
충남,예산군,202506,197
충남,예산군,202507,197
충남,예산군,202508,195
충남,예산군,202509,194
충남,예산군,202510,193
충남,예산군,202511,192
충남,예산군,202512,191
충남,예산군,202601,189
충남,예산군,202602,188
충남,예산군,202603,188
충남,예산군,202604,187
충남,예산군,202605,187
충남,예산군,202606,186
충남,예산군,202607,185
충남,예산군,202608,175
충남,태안군,200701,9
충남,태안군,200702,9
충남,태안군,200703,9
충남,태안군,200704,9
충남,태안군,200705,9
충남,태안군,200706,9
충남,태안군,200707,8
충남,태안군,200708,8
충남,태안군,200709,138
충남,태안군,200710,137
충남,태안군,200711,137
충남,태안군,200712,137
충남,태안군,200801,113
충남,태안군,200802,113
충남,태안군,200803,83
충남,태안군,200804,61
충남,태안군,200805,638
충남,태안군,200806,567
충남,태안군,200807,554
충남,태안군,200808,536
충남,태안군,200809,503
충남,태안군,200810,273
충남,태안군,200811,273
충남,태안군,200812,282
충남,태안군,200901,285
충남,태안군,200902,285
충남,태안군,200903,284
충남,태안군,200904,285
충남,태안군,200905,295
충남,태안군,200906,293
충남,태안군,200907,293
충남,태안군,200908,279
충남,태안군,200909,278
충남,태안군,200910,278
충남,태안군,200911,280
충남,태안군,200912,285
충남,태안군,201001,280
충남,태안군,201002,285
충남,태안군,201003,294
충남,태안군,201004,299
충남,태안군,201005,297
충남,태안군,201006,297
충남,태안군,201007,297
충남,태안군,201008,291
충남,태안군,201009,291
충남,태안군,201010,291
충남,태안군,201011,309
충남,태안군,201012,288
충남,태안군,201101,288
충남,태안군,201102,270
충남,태안군,201103,263
충남,태안군,201104,263
충남,태안군,201105,263
충남,태안군,201106,263
충남,태안군,201107,263
충남,태안군,201108,263
충남,태안군,201109,263
충남,태안군,201110,263
충남,태안군,201111,263
충남,태안군,201112,263
충남,태안군,201201,263
충남,태안군,201202,263
충남,태안군,201203,260
충남,태안군,201204,260
충남,태안군,201205,166
충남,태안군,201206,166
충남,태안군,201207,100
충남,태안군,201208,167
충남,태안군,201209,167
충남,태안군,201210,160
충남,태안군,201211,160
충남,태안군,201212,156
충남,태안군,201301,156
충남,태안군,201302,156
충남,태안군,201303,156
충남,태안군,201304,156
충남,태안군,201305,156
충남,태안군,201306,156
충남,태안군,201307,156
충남,태안군,201308,188
충남,태안군,201309,177
충남,태안군,201310,116
충남,태안군,201311,92
충남,태안군,201312,92
충남,태안군,201401,92
충남,태안군,201402,92
충남,태안군,201403,90
충남,태안군,201404,88
충남,태안군,201405,88
충남,태안군,201406,88
충남,태안군,201407,0
충남,태안군,201408,0
충남,태안군,201409,0
충남,태안군,201410,0
충남,태안군,201411,0
충남,태안군,201412,0
충남,태안군,201501,0
충남,태안군,201502,0
충남,태안군,201503,0
충남,태안군,201504,0
충남,태안군,201505,0
충남,태안군,201506,0
충남,태안군,201507,0
충남,태안군,201508,30
충남,태안군,201509,24
충남,태안군,201510,24
충남,태안군,201511,24
충남,태안군,201512,23
충남,태안군,201601,31
충남,태안군,201602,31
충남,태안군,201603,29
충남,태안군,201604,24
충남,태안군,201605,24
충남,태안군,201606,22
충남,태안군,201607,22
충남,태안군,201608,21
충남,태안군,201609,21
충남,태안군,201610,50
충남,태안군,201611,40
충남,태안군,201612,33
충남,태안군,201701,30
충남,태안군,201702,209
충남,태안군,201703,157
충남,태안군,201704,284
충남,태안군,201705,284
충남,태안군,201706,252
충남,태안군,201707,244
충남,태안군,201708,247
충남,태안군,201709,241
충남,태안군,201710,233
충남,태안군,201711,213
충남,태안군,201712,190
충남,태안군,201801,159
충남,태안군,201802,370
충남,태안군,201803,351
충남,태안군,201804,349
충남,태안군,201805,346
충남,태안군,201806,341
충남,태안군,201807,305
충남,태안군,201808,289
충남,태안군,201809,260
충남,태안군,201810,247
충남,태안군,201811,232
충남,태안군,201812,223
충남,태안군,201901,212
충남,태안군,201902,207
충남,태안군,201903,204
충남,태안군,201904,202
충남,태안군,201905,196
충남,태안군,201906,192
충남,태안군,201907,186
충남,태안군,201908,191
충남,태안군,201909,188
충남,태안군,201910,200
충남,태안군,201911,193
충남,태안군,201912,175
충남,태안군,202001,166
충남,태안군,202002,156
충남,태안군,202003,146
충남,태안군,202004,143
충남,태안군,202005,135
충남,태안군,202006,125
충남,태안군,202007,122
충남,태안군,202008,120
충남,태안군,202009,115
충남,태안군,202010,185
충남,태안군,202011,177
충남,태안군,202012,174
충남,태안군,202101,129
충남,태안군,202102,76
충남,태안군,202103,70
충남,태안군,202104,62
충남,태안군,202105,42
충남,태안군,202106,24
충남,태안군,202107,12
충남,태안군,202108,11
충남,태안군,202109,10
충남,태안군,202110,10
충남,태안군,202111,10
충남,태안군,202112,10
충남,태안군,202201,10
충남,태안군,202202,10
충남,태안군,202203,10
충남,태안군,202204,10
충남,태안군,202205,10
충남,태안군,202206,10
충남,태안군,202207,8
충남,태안군,202208,7
충남,태안군,202209,7
충남,태안군,202210,6
충남,태안군,202211,5
충남,태안군,202212,5
충남,태안군,202301,5
충남,태안군,202302,4
충남,태안군,202303,4
충남,태안군,202304,4
충남,태안군,202305,3
충남,태안군,202306,3
충남,태안군,202307,2
충남,태안군,202308,1
충남,태안군,202309,0
충남,태안군,202310,0
충남,태안군,202311,0
충남,태안군,202312,0
충남,태안군,202401,0
충남,태안군,202402,0
충남,태안군,202403,0
충남,태안군,202404,0
충남,태안군,202405,0
충남,태안군,202406,0
충남,태안군,202407,0
충남,태안군,202408,0
충남,태안군,202409,0
충남,태안군,202410,0
충남,태안군,202411,0
충남,태안군,202412,0
충남,태안군,202501,0
충남,태안군,202502,0
충남,태안군,202503,0
충남,태안군,202504,0
충남,태안군,202505,0
충남,태안군,202506,0
충남,태안군,202507,0
충남,태안군,202508,0
충남,태안군,202509,0
충남,태안군,202510,0
충남,태안군,202511,0
충남,태안군,202512,0
충남,태안군,202601,0
충남,태안군,202602,0
충남,태안군,202603,0
충남,태안군,202604,0
충남,태안군,202605,0
충남,태안군,202606,0
충남,태안군,202607,0
충남,태안군,202608,0
충남,당진군,200701,805
충남,당진군,200702,799
충남,당진군,200703,793
충남,당진군,200704,817
충남,당진군,200705,808
충남,당진군,200706,794
충남,당진군,200707,443
충남,당진군,200708,441
충남,당진군,200709,441
충남,당진군,200710,603
충남,당진군,200711,603
충남,당진군,200712,781
충남,당진군,200801,781
충남,당진군,200802,1328
충남,당진군,200803,1269
충남,당진군,200804,1269
충남,당진군,200805,1149
충남,당진군,200806,1050
충남,당진군,200807,1050
충남,당진군,200808,1010
충남,당진군,200809,1001
충남,당진군,200810,842
충남,당진군,200811,834
충남,당진군,200812,1600
충남,당진군,200901,1579
충남,당진군,200902,1574
충남,당진군,200903,1551
충남,당진군,200904,1551
충남,당진군,200905,1551
충남,당진군,200906,1676
충남,당진군,200907,1607
충남,당진군,200908,1339
충남,당진군,200909,1234
충남,당진군,200910,1096
충남,당진군,200911,1816
충남,당진군,200912,2244
충남,당진군,201001,2121
충남,당진군,201002,2036
충남,당진군,201003,1989
충남,당진군,201004,1976
충남,당진군,201005,1842
충남,당진군,201006,1758
충남,당진군,201007,1760
충남,당진군,201008,1760
충남,당진군,201009,1624
충남,당진군,201010,1457
충남,당진군,201011,1277
충남,당진군,201012,1235
충남,당진군,201101,1142
충남,당진군,201102,1100
충남,당진군,201103,1052
충남,당진군,201104,962
충남,당진군,201105,854
충남,당진군,201106,815
충남,당진군,201107,783
충남,당진군,201108,739
충남,당진군,201109,649
충남,당진군,201110,660
충남,당진군,201111,662
충남,당진군,201112,646
충남,당진군,201201,660
충남,당진군,201202,657
충남,당진군,201203,644
충남,당진군,201204,677
충남,당진군,201207,632
충남,당진군,201208,636
전북,전주시,200701,759
전북,전주시,200702,744
전북,전주시,200703,803
전북,전주시,200704,689
전북,전주시,200705,689
전북,전주시,200706,892
전북,전주시,200707,1239
전북,전주시,200708,1186
전북,전주시,200709,1172
전북,전주시,200710,1172
전북,전주시,200711,1017
전북,전주시,200712,1198
전북,전주시,200801,1675
전북,전주시,200802,1654
전북,전주시,200803,1585
전북,전주시,200804,1423
전북,전주시,200805,1377
전북,전주시,200806,1546
전북,전주시,200807,2461
전북,전주시,200808,2350
전북,전주시,200809,2327
전북,전주시,200810,2237
전북,전주시,200811,2215
전북,전주시,200812,2176
전북,전주시,200901,2063
전북,전주시,200902,2054
전북,전주시,200903,2017
전북,전주시,200904,2618
전북,전주시,200905,2578
전북,전주시,200906,2522
전북,전주시,200907,2426
전북,전주시,200908,2243
전북,전주시,200909,2161
전북,전주시,200910,2008
전북,전주시,200911,1960
전북,전주시,200912,1709
전북,전주시,201001,1620
전북,전주시,201002,1569
전북,전주시,201003,1295
전북,전주시,201004,1280
전북,전주시,201005,1201
전북,전주시,201006,1071
전북,전주시,201007,984
전북,전주시,201008,926
전북,전주시,201009,510
전북,전주시,201010,409
전북,전주시,201011,334
전북,전주시,201012,270
전북,전주시,201101,189
전북,전주시,201102,156
전북,전주시,201103,146
전북,전주시,201104,130
전북,전주시,201105,113
전북,전주시,201106,104
전북,전주시,201107,103
전북,전주시,201108,89
전북,전주시,201109,82
전북,전주시,201110,60
전북,전주시,201111,57
전북,전주시,201112,49
전북,전주시,201201,72
전북,전주시,201202,64
전북,전주시,201203,54
전북,전주시,201204,53
전북,전주시,201205,44
전북,전주시,201206,44
전북,전주시,201207,154
전북,전주시,201208,151
전북,전주시,201209,363
전북,전주시,201210,310
전북,전주시,201211,196
전북,전주시,201212,105
전북,전주시,201301,83
전북,전주시,201302,94
전북,전주시,201303,358
전북,전주시,201304,383
전북,전주시,201305,479
전북,전주시,201306,529
전북,전주시,201307,515
전북,전주시,201308,464
전북,전주시,201309,401
전북,전주시,201310,404
전북,전주시,201311,365
전북,전주시,201312,403
전북,전주시,201401,381
전북,전주시,201402,354
전북,전주시,201403,332
전북,전주시,201404,517
전북,전주시,201405,179
전북,전주시,201406,237
전북,전주시,201407,233
전북,전주시,201408,218
전북,전주시,201409,124
전북,전주시,201410,116
전북,전주시,201411,106
전북,전주시,201412,104
전북,전주시,201501,112
전북,전주시,201502,104
전북,전주시,201503,99
전북,전주시,201504,121
전북,전주시,201505,90
전북,전주시,201506,74
전북,전주시,201507,22
전북,전주시,201508,24
전북,전주시,201509,113
전북,전주시,201510,96
전북,전주시,201511,335
전북,전주시,201512,357
전북,전주시,201601,261
전북,전주시,201602,407
전북,전주시,201603,450
전북,전주시,201604,345
전북,전주시,201605,294
전북,전주시,201606,258
전북,전주시,201607,211
전북,전주시,201608,452
전북,전주시,201609,693
전북,전주시,201610,765
전북,전주시,201611,655
전북,전주시,201612,583
전북,전주시,201701,769
전북,전주시,201702,635
전북,전주시,201703,505
전북,전주시,201704,408
전북,전주시,201705,288
전북,전주시,201706,645
전북,전주시,201707,563
전북,전주시,201708,529
전북,전주시,201709,530
전북,전주시,201710,464
전북,전주시,201711,496
전북,전주시,201712,306
전북,전주시,201801,283
전북,전주시,201802,239
전북,전주시,201803,381
전북,전주시,201804,272
전북,전주시,201805,605
전북,전주시,201806,633
전북,전주시,201807,622
전북,전주시,201808,482
전북,전주시,201809,382
전북,전주시,201810,287
전북,전주시,201811,246
전북,전주시,201812,225
전북,전주시,201901,216
전북,전주시,201902,137
전북,전주시,201903,124
전북,전주시,201904,113
전북,전주시,201905,234
전북,전주시,201906,216
전북,전주시,201907,379
전북,전주시,201908,315
전북,전주시,201909,288
전북,전주시,201910,280
전북,전주시,201911,305
전북,전주시,201912,244
전북,전주시,202001,223
전북,전주시,202002,209
전북,전주시,202003,168
전북,전주시,202004,165
전북,전주시,202005,151
전북,전주시,202006,141
전북,전주시,202007,87
전북,전주시,202008,77
전북,전주시,202009,68
전북,전주시,202010,52
전북,전주시,202011,36
전북,전주시,202012,29
전북,전주시,202101,20
전북,전주시,202102,15
전북,전주시,202103,2
전북,전주시,202104,0
전북,전주시,202105,0
전북,전주시,202106,0
전북,전주시,202107,1
전북,전주시,202108,0
전북,전주시,202109,0
전북,전주시,202110,0
전북,전주시,202111,0
전북,전주시,202112,0
전북,전주시,202201,0
전북,전주시,202202,0
전북,전주시,202203,0
전북,전주시,202204,0
전북,전주시,202205,0
전북,전주시,202206,0
전북,전주시,202207,0
전북,전주시,202208,0
전북,전주시,202209,0
전북,전주시,202210,135
전북,전주시,202211,135
전북,전주시,202212,135
전북,전주시,202301,111
전북,전주시,202302,111
전북,전주시,202303,111
전북,전주시,202304,103
전북,전주시,202305,95
전북,전주시,202306,87
전북,전주시,202307,80
전북,전주시,202308,66
전북,전주시,202309,51
전북,전주시,202310,42
전북,전주시,202311,42
전북,전주시,202312,36
전북,전주시,202401,35
전북,전주시,202402,28
전북,전주시,202403,28
전북,전주시,202404,28
전북,전주시,202405,28
전북,전주시,202406,28
전북,전주시,202407,28
전북,전주시,202408,28
전북,전주시,202409,28
전북,전주시,202410,28
전북,전주시,202411,28
전북,전주시,202412,28
전북,전주시,202501,116
전북,전주시,202502,53
전북,전주시,202503,106
전북,전주시,202504,316
전북,전주시,202505,227
전북,전주시,202506,197
전북,전주시,202507,192
전북,전주시,202508,170
전북,전주시,202509,160
전북,전주시,202510,145
전북,전주시,202511,140
전북,전주시,202512,513
전북,전주시,202601,510
전북,전주시,202602,483
전북,전주시,202603,393
전북,전주시,202604,327
전북,전주시,202605,298
전북,전주시,202606,545
전북,전주시,202607,406
전북,전주시,202608,337
전북,군산시,200701,2815
전북,군산시,200702,2704
전북,군산시,200703,2704
전북,군산시,200704,2338
전북,군산시,200705,2338
전북,군산시,200706,2209
전북,군산시,200707,2004
전북,군산시,200708,1966
전북,군산시,200709,1919
전북,군산시,200710,1813
전북,군산시,200711,1632
전북,군산시,200712,1551
전북,군산시,200801,1485
전북,군산시,200802,1740
전북,군산시,200803,1674
전북,군산시,200804,1456
전북,군산시,200805,1122
전북,군산시,200806,862
전북,군산시,200807,735
전북,군산시,200808,716
전북,군산시,200809,704
전북,군산시,200810,702
전북,군산시,200811,716
전북,군산시,200812,2096
전북,군산시,200901,2053
전북,군산시,200902,1858
전북,군산시,200903,1752
전북,군산시,200904,1671
전북,군산시,200905,1492
전북,군산시,200906,1376
전북,군산시,200907,1305
전북,군산시,200908,1191
전북,군산시,200909,1053
전북,군산시,200910,1005
전북,군산시,200911,883
전북,군산시,200912,834
전북,군산시,201001,791
전북,군산시,201002,719
전북,군산시,201003,693
전북,군산시,201004,647
전북,군산시,201005,603
전북,군산시,201006,564
전북,군산시,201007,531
전북,군산시,201008,486
전북,군산시,201009,449
전북,군산시,201010,425
전북,군산시,201011,349
전북,군산시,201012,270
전북,군산시,201101,225
전북,군산시,201102,166
전북,군산시,201103,110
전북,군산시,201104,86
전북,군산시,201105,67
전북,군산시,201106,27
전북,군산시,201107,15
전북,군산시,201108,8
전북,군산시,201109,3
전북,군산시,201110,3
전북,군산시,201111,0
전북,군산시,201112,0
전북,군산시,201201,0
전북,군산시,201202,0
전북,군산시,201203,0
전북,군산시,201204,0
전북,군산시,201205,0
전북,군산시,201206,0
전북,군산시,201207,0
전북,군산시,201208,0
전북,군산시,201209,0
전북,군산시,201210,0
전북,군산시,201211,0
전북,군산시,201212,0
전북,군산시,201301,0
전북,군산시,201302,431
전북,군산시,201303,402
전북,군산시,201304,370
전북,군산시,201305,602
전북,군산시,201306,568
전북,군산시,201307,665
전북,군산시,201308,632
전북,군산시,201309,586
전북,군산시,201310,508
전북,군산시,201311,467
전북,군산시,201312,419
전북,군산시,201401,386
전북,군산시,201402,364
전북,군산시,201403,334
전북,군산시,201404,321
전북,군산시,201405,307
전북,군산시,201406,300
전북,군산시,201407,173
전북,군산시,201408,155
전북,군산시,201409,144
전북,군산시,201410,134
전북,군산시,201411,125
전북,군산시,201412,109
전북,군산시,201501,101
전북,군산시,201502,91
전북,군산시,201503,130
전북,군산시,201504,124
전북,군산시,201505,232
전북,군산시,201506,641
전북,군산시,201507,598
전북,군산시,201508,569
전북,군산시,201509,545
전북,군산시,201510,519
전북,군산시,201511,582
전북,군산시,201512,504
전북,군산시,201601,484
전북,군산시,201602,470
전북,군산시,201603,382
전북,군산시,201604,914
전북,군산시,201605,1398
전북,군산시,201606,1619
전북,군산시,201607,1512
전북,군산시,201608,1429
전북,군산시,201609,1347
전북,군산시,201610,1321
전북,군산시,201611,1267
전북,군산시,201612,1220
전북,군산시,201701,1180
전북,군산시,201702,1135
전북,군산시,201703,1097
전북,군산시,201704,1050
전북,군산시,201705,1015
전북,군산시,201706,958
전북,군산시,201707,931
전북,군산시,201708,892
전북,군산시,201709,857
전북,군산시,201710,809
전북,군산시,201711,770
전북,군산시,201712,742
전북,군산시,201801,824
전북,군산시,201802,759
전북,군산시,201803,728
전북,군산시,201804,702
전북,군산시,201805,674
전북,군산시,201806,614
전북,군산시,201807,565
전북,군산시,201808,549
전북,군산시,201809,527
전북,군산시,201810,602
전북,군산시,201811,554
전북,군산시,201812,529
전북,군산시,201901,529
전북,군산시,201902,481
전북,군산시,201903,458
전북,군산시,201904,422
전북,군산시,201905,616
전북,군산시,201906,529
전북,군산시,201907,449
전북,군산시,201908,398
전북,군산시,201909,359
전북,군산시,201910,317
전북,군산시,201911,131
전북,군산시,201912,104
전북,군산시,202001,104
전북,군산시,202002,104
전북,군산시,202003,104
전북,군산시,202004,104
전북,군산시,202005,104
전북,군산시,202006,104
전북,군산시,202007,104
전북,군산시,202008,104
전북,군산시,202009,104
전북,군산시,202010,104
전북,군산시,202011,104
전북,군산시,202012,3
전북,군산시,202101,3
전북,군산시,202102,3
전북,군산시,202103,3
전북,군산시,202104,3
전북,군산시,202105,3
전북,군산시,202106,3
전북,군산시,202107,3
전북,군산시,202108,3
전북,군산시,202109,3
전북,군산시,202110,3
전북,군산시,202111,3
전북,군산시,202112,3
전북,군산시,202201,3
전북,군산시,202202,3
전북,군산시,202203,3
전북,군산시,202204,3
전북,군산시,202205,3
전북,군산시,202206,3
전북,군산시,202207,3
전북,군산시,202208,3
전북,군산시,202209,3
전북,군산시,202210,670
전북,군산시,202211,1245
전북,군산시,202212,1244
전북,군산시,202301,2544
전북,군산시,202302,2500
전북,군산시,202303,2463
전북,군산시,202304,2417
전북,군산시,202305,2257
전북,군산시,202306,2294
전북,군산시,202307,2122
전북,군산시,202308,1925
전북,군산시,202309,1830
전북,군산시,202310,1735
전북,군산시,202311,1677
전북,군산시,202312,1630
전북,군산시,202401,2016
전북,군산시,202402,1947
전북,군산시,202403,1876
전북,군산시,202404,1821
전북,군산시,202405,1753
전북,군산시,202406,1656
전북,군산시,202407,1577
전북,군산시,202408,1504
전북,군산시,202409,1427
전북,군산시,202410,1305
전북,군산시,202411,1232
전북,군산시,202412,1164
전북,군산시,202501,1126
전북,군산시,202502,1074
전북,군산시,202503,1024
전북,군산시,202504,975
전북,군산시,202505,922
전북,군산시,202506,866
전북,군산시,202507,849
전북,군산시,202508,831
전북,군산시,202509,784
전북,군산시,202510,752
전북,군산시,202511,728
전북,군산시,202512,713
전북,군산시,202601,692
전북,군산시,202602,681
전북,군산시,202603,506
전북,군산시,202604,460
전북,군산시,202605,356
전북,군산시,202606,295
전북,군산시,202607,268
전북,군산시,202608,256
전북,익산시,200701,490
전북,익산시,200702,490
전북,익산시,200703,484
전북,익산시,200704,598
전북,익산시,200705,584
전북,익산시,200706,572
전북,익산시,200707,508
전북,익산시,200708,478
전북,익산시,200709,267
전북,익산시,200710,120
전북,익산시,200711,109
전북,익산시,200712,90
전북,익산시,200801,90
전북,익산시,200802,86
전북,익산시,200803,83
전북,익산시,200804,78
전북,익산시,200805,23
전북,익산시,200806,8
전북,익산시,200807,32
전북,익산시,200808,20
전북,익산시,200809,16
전북,익산시,200810,13
전북,익산시,200811,15
전북,익산시,200812,19
전북,익산시,200901,19
전북,익산시,200902,16
전북,익산시,200903,71
전북,익산시,200904,34
전북,익산시,200905,31
전북,익산시,200906,27
전북,익산시,200907,27
전북,익산시,200908,27
전북,익산시,200909,27
전북,익산시,200910,27
전북,익산시,200911,21
전북,익산시,200912,21
전북,익산시,201001,21
전북,익산시,201002,21
전북,익산시,201003,21
전북,익산시,201004,21
전북,익산시,201005,21
전북,익산시,201006,21
전북,익산시,201007,21
전북,익산시,201008,21
전북,익산시,201009,21
전북,익산시,201010,21
전북,익산시,201011,21
전북,익산시,201012,21
전북,익산시,201101,21
전북,익산시,201102,21
전북,익산시,201103,21
전북,익산시,201104,21
전북,익산시,201105,21
전북,익산시,201106,21
전북,익산시,201107,21
전북,익산시,201108,0
전북,익산시,201109,0
전북,익산시,201110,0
전북,익산시,201111,0
전북,익산시,201112,0
전북,익산시,201201,0
전북,익산시,201202,0
전북,익산시,201203,0
전북,익산시,201204,0
전북,익산시,201205,0
전북,익산시,201206,0
전북,익산시,201207,0
전북,익산시,201208,0
전북,익산시,201209,0
전북,익산시,201210,0
전북,익산시,201211,0
전북,익산시,201212,0
전북,익산시,201301,0
전북,익산시,201302,0
전북,익산시,201303,23
전북,익산시,201304,588
전북,익산시,201305,583
전북,익산시,201306,608
전북,익산시,201307,608
전북,익산시,201308,596
전북,익산시,201309,534
전북,익산시,201310,518
전북,익산시,201311,518
전북,익산시,201312,518
전북,익산시,201401,518
전북,익산시,201402,516
전북,익산시,201403,515
전북,익산시,201404,513
전북,익산시,201405,508
전북,익산시,201406,506
전북,익산시,201407,506
전북,익산시,201408,501
전북,익산시,201409,493
전북,익산시,201410,487
전북,익산시,201411,481
전북,익산시,201412,478
전북,익산시,201501,130
전북,익산시,201502,118
전북,익산시,201503,113
전북,익산시,201504,105
전북,익산시,201505,95
전북,익산시,201506,89
전북,익산시,201507,69
전북,익산시,201508,56
전북,익산시,201509,56
전북,익산시,201510,56
전북,익산시,201511,56
전북,익산시,201512,56
전북,익산시,201601,56
전북,익산시,201602,56
전북,익산시,201603,56
전북,익산시,201604,56
전북,익산시,201605,56
전북,익산시,201606,56
전북,익산시,201607,56
전북,익산시,201608,56
전북,익산시,201609,56
전북,익산시,201610,56
전북,익산시,201611,56
전북,익산시,201612,56
전북,익산시,201701,15
전북,익산시,201702,15
전북,익산시,201703,12
전북,익산시,201704,12
전북,익산시,201705,12
전북,익산시,201706,64
전북,익산시,201707,59
전북,익산시,201708,56
전북,익산시,201709,199
전북,익산시,201710,162
전북,익산시,201711,118
전북,익산시,201712,98
전북,익산시,201801,83
전북,익산시,201802,75
전북,익산시,201803,72
전북,익산시,201804,63
전북,익산시,201805,138
전북,익산시,201806,310
전북,익산시,201807,256
전북,익산시,201808,211
전북,익산시,201809,182
전북,익산시,201810,168
전북,익산시,201811,150
전북,익산시,201812,139
전북,익산시,201901,122
전북,익산시,201902,118
전북,익산시,201903,105
전북,익산시,201904,99
전북,익산시,201905,93
전북,익산시,201906,83
전북,익산시,201907,71
전북,익산시,201908,68
전북,익산시,201909,160
전북,익산시,201910,91
전북,익산시,201911,171
전북,익산시,201912,170
전북,익산시,202001,149
전북,익산시,202002,127
전북,익산시,202003,113
전북,익산시,202004,107
전북,익산시,202005,96
전북,익산시,202006,87
전북,익산시,202007,74
전북,익산시,202008,65
전북,익산시,202009,60
전북,익산시,202010,45
전북,익산시,202011,34
전북,익산시,202012,387
전북,익산시,202101,48
전북,익산시,202102,30
전북,익산시,202103,12
전북,익산시,202104,10
전북,익산시,202105,7
전북,익산시,202106,7
전북,익산시,202107,3
전북,익산시,202108,119
전북,익산시,202109,2
전북,익산시,202110,8
전북,익산시,202111,6
전북,익산시,202112,6
전북,익산시,202201,6
전북,익산시,202202,6
전북,익산시,202203,6
전북,익산시,202204,11
전북,익산시,202205,9
전북,익산시,202206,8
전북,익산시,202207,8
전북,익산시,202208,8
전북,익산시,202209,385
전북,익산시,202210,347
전북,익산시,202211,340
전북,익산시,202212,915
전북,익산시,202301,1076
전북,익산시,202302,1067
전북,익산시,202303,1050
전북,익산시,202304,1038
전북,익산시,202305,1037
전북,익산시,202306,1028
전북,익산시,202307,1004
전북,익산시,202308,984
전북,익산시,202309,975
전북,익산시,202310,959
전북,익산시,202311,959
전북,익산시,202312,956
전북,익산시,202401,958
전북,익산시,202402,958
전북,익산시,202403,952
전북,익산시,202404,949
전북,익산시,202405,947
전북,익산시,202406,947
전북,익산시,202407,945
전북,익산시,202408,944
전북,익산시,202409,940
전북,익산시,202410,933
전북,익산시,202411,931
전북,익산시,202412,931
전북,익산시,202501,1173
전북,익산시,202502,1154
전북,익산시,202503,1135
전북,익산시,202504,1108
전북,익산시,202505,1074
전북,익산시,202506,1043
전북,익산시,202507,999
전북,익산시,202508,958
전북,익산시,202509,906
전북,익산시,202510,870
전북,익산시,202511,857
전북,익산시,202512,840
전북,익산시,202601,782
전북,익산시,202602,731
전북,익산시,202603,675
전북,익산시,202604,644
전북,익산시,202605,602
전북,익산시,202606,558
전북,익산시,202607,558
전북,익산시,202608,515
전북,정읍시,200701,0
전북,정읍시,200702,0
전북,정읍시,200703,0
전북,정읍시,200704,0
전북,정읍시,200705,0
전북,정읍시,200706,0
전북,정읍시,200707,0
전북,정읍시,200708,0
전북,정읍시,200709,0
전북,정읍시,200710,0
전북,정읍시,200711,0
전북,정읍시,200712,0
전북,정읍시,200801,0
전북,정읍시,200802,0
전북,정읍시,200803,0
전북,정읍시,200804,0
전북,정읍시,200805,0
전북,정읍시,200806,0
전북,정읍시,200807,0
전북,정읍시,200808,60
전북,정읍시,200809,53
전북,정읍시,200810,42
전북,정읍시,200811,31
전북,정읍시,200812,31
전북,정읍시,200901,31
전북,정읍시,200902,31
전북,정읍시,200903,40
전북,정읍시,200904,84
전북,정읍시,200905,73
전북,정읍시,200906,73
전북,정읍시,200907,58
전북,정읍시,200908,52
전북,정읍시,200909,42
전북,정읍시,200910,38
전북,정읍시,200911,37
전북,정읍시,200912,115
전북,정읍시,201001,102
전북,정읍시,201002,93
전북,정읍시,201003,78
전북,정읍시,201004,70
전북,정읍시,201005,53
전북,정읍시,201006,43
전북,정읍시,201007,26
전북,정읍시,201008,13
전북,정읍시,201009,10
전북,정읍시,201010,5
전북,정읍시,201011,1
전북,정읍시,201012,0
전북,정읍시,201101,0
전북,정읍시,201102,0
전북,정읍시,201103,0
전북,정읍시,201104,0
전북,정읍시,201105,0
전북,정읍시,201106,0
전북,정읍시,201107,0
전북,정읍시,201108,0
전북,정읍시,201109,0
전북,정읍시,201110,0
전북,정읍시,201111,0
전북,정읍시,201112,0
전북,정읍시,201201,0
전북,정읍시,201202,0
전북,정읍시,201203,0
전북,정읍시,201204,0
전북,정읍시,201205,0
전북,정읍시,201206,0
전북,정읍시,201207,0
전북,정읍시,201208,0
전북,정읍시,201209,0
전북,정읍시,201210,0
전북,정읍시,201211,0
전북,정읍시,201212,0
전북,정읍시,201301,0
전북,정읍시,201302,0
전북,정읍시,201303,0
전북,정읍시,201304,0
전북,정읍시,201305,0
전북,정읍시,201306,0
전북,정읍시,201307,0
전북,정읍시,201308,0
전북,정읍시,201309,0
전북,정읍시,201310,0
전북,정읍시,201311,0
전북,정읍시,201312,0
전북,정읍시,201401,0
전북,정읍시,201402,0
전북,정읍시,201403,0
전북,정읍시,201404,0
전북,정읍시,201405,196
전북,정읍시,201406,128
전북,정읍시,201407,124
전북,정읍시,201408,108
전북,정읍시,201409,93
전북,정읍시,201410,90
전북,정읍시,201411,89
전북,정읍시,201412,89
전북,정읍시,201501,89
전북,정읍시,201502,199
전북,정읍시,201503,146
전북,정읍시,201504,144
전북,정읍시,201505,143
전북,정읍시,201506,253
전북,정읍시,201507,209
전북,정읍시,201508,182
전북,정읍시,201509,149
전북,정읍시,201510,129
전북,정읍시,201511,109
전북,정읍시,201512,59
전북,정읍시,201601,84
전북,정읍시,201602,84
전북,정읍시,201603,73
전북,정읍시,201604,59
전북,정읍시,201605,45
전북,정읍시,201606,42
전북,정읍시,201607,40
전북,정읍시,201608,47
전북,정읍시,201609,43
전북,정읍시,201610,38
전북,정읍시,201611,37
전북,정읍시,201612,37
전북,정읍시,201701,36
전북,정읍시,201702,61
전북,정읍시,201703,59
전북,정읍시,201704,55
전북,정읍시,201705,55
전북,정읍시,201706,55
전북,정읍시,201707,41
전북,정읍시,201708,86
전북,정읍시,201709,121
전북,정읍시,201710,114
전북,정읍시,201711,103
전북,정읍시,201712,95
전북,정읍시,201801,87
전북,정읍시,201802,83
전북,정읍시,201803,53
전북,정읍시,201804,53
전북,정읍시,201805,53
전북,정읍시,201806,53
전북,정읍시,201807,48
전북,정읍시,201808,48
전북,정읍시,201809,44
전북,정읍시,201810,42
전북,정읍시,201811,36
전북,정읍시,201812,31
전북,정읍시,201901,31
전북,정읍시,201902,33
전북,정읍시,201903,30
전북,정읍시,201904,27
전북,정읍시,201905,25
전북,정읍시,201906,24
전북,정읍시,201907,24
전북,정읍시,201908,24
전북,정읍시,201909,8
전북,정읍시,201910,7
전북,정읍시,201911,5
전북,정읍시,201912,5
전북,정읍시,202001,17
전북,정읍시,202002,4
전북,정읍시,202003,3
전북,정읍시,202004,2
전북,정읍시,202005,1
전북,정읍시,202006,1
전북,정읍시,202007,1
전북,정읍시,202008,0
전북,정읍시,202009,0
전북,정읍시,202010,0
전북,정읍시,202011,0
전북,정읍시,202012,0
전북,정읍시,202101,0
전북,정읍시,202102,0
전북,정읍시,202103,0
전북,정읍시,202104,0
전북,정읍시,202105,0
전북,정읍시,202106,0
전북,정읍시,202107,0
전북,정읍시,202108,0
전북,정읍시,202109,0
전북,정읍시,202110,0
전북,정읍시,202111,0
전북,정읍시,202112,0
전북,정읍시,202201,0
전북,정읍시,202202,0
전북,정읍시,202203,0
전북,정읍시,202204,0
전북,정읍시,202205,0
전북,정읍시,202206,0
전북,정읍시,202207,0
전북,정읍시,202208,0
전북,정읍시,202209,0
전북,정읍시,202210,0
전북,정읍시,202211,0
전북,정읍시,202212,0
전북,정읍시,202301,0
전북,정읍시,202302,0
전북,정읍시,202303,0
전북,정읍시,202304,0
전북,정읍시,202305,207
전북,정읍시,202306,192
전북,정읍시,202307,184
전북,정읍시,202308,172
전북,정읍시,202309,154
전북,정읍시,202310,141
전북,정읍시,202311,114
전북,정읍시,202312,114
전북,정읍시,202401,90
전북,정읍시,202402,84
전북,정읍시,202403,81
전북,정읍시,202404,81
전북,정읍시,202405,81
전북,정읍시,202406,81
전북,정읍시,202407,69
전북,정읍시,202408,57
전북,정읍시,202409,47
전북,정읍시,202410,39
전북,정읍시,202411,36
전북,정읍시,202412,36
전북,정읍시,202501,34
전북,정읍시,202502,32
전북,정읍시,202503,27
전북,정읍시,202504,25
전북,정읍시,202505,21
전북,정읍시,202506,15
전북,정읍시,202507,5
전북,정읍시,202508,1
전북,정읍시,202509,0
전북,정읍시,202510,0
전북,정읍시,202511,0
전북,정읍시,202512,0
전북,정읍시,202601,59
전북,정읍시,202602,55
전북,정읍시,202603,46
전북,정읍시,202604,42
전북,정읍시,202605,41
전북,정읍시,202606,41
전북,정읍시,202607,36
전북,정읍시,202608,35
전북,남원시,200701,86
전북,남원시,200702,84
전북,남원시,200703,84
전북,남원시,200704,78
전북,남원시,200705,75
전북,남원시,200706,74
전북,남원시,200707,74
전북,남원시,200708,74
전북,남원시,200709,74
전북,남원시,200710,74
전북,남원시,200711,74
전북,남원시,200712,74
전북,남원시,200801,74
전북,남원시,200802,74
전북,남원시,200803,74
전북,남원시,200804,74
전북,남원시,200805,34
전북,남원시,200806,70
전북,남원시,200807,357
전북,남원시,200808,70
전북,남원시,200809,70
전북,남원시,200810,70
전북,남원시,200811,70
전북,남원시,200812,70
전북,남원시,200901,70
전북,남원시,200902,70
전북,남원시,200903,70
전북,남원시,200904,170
전북,남원시,200905,170
전북,남원시,200906,102
전북,남원시,200907,96
전북,남원시,200908,93
전북,남원시,200909,88
전북,남원시,200910,88
전북,남원시,200911,87
전북,남원시,200912,82
전북,남원시,201001,66
전북,남원시,201002,62
전북,남원시,201003,57
전북,남원시,201004,54
전북,남원시,201005,53
전북,남원시,201006,53
전북,남원시,201007,53
전북,남원시,201008,172
전북,남원시,201009,161
전북,남원시,201010,151
전북,남원시,201011,98
전북,남원시,201012,95
전북,남원시,201101,72
전북,남원시,201102,66
전북,남원시,201103,60
전북,남원시,201104,50
전북,남원시,201105,39
전북,남원시,201106,39
전북,남원시,201107,31
전북,남원시,201108,18
전북,남원시,201109,10
전북,남원시,201110,4
전북,남원시,201111,0
전북,남원시,201112,0
전북,남원시,201201,0
전북,남원시,201202,0
전북,남원시,201203,0
전북,남원시,201204,0
전북,남원시,201205,0
전북,남원시,201206,0
전북,남원시,201207,0
전북,남원시,201208,0
전북,남원시,201209,0
전북,남원시,201210,0
전북,남원시,201211,38
전북,남원시,201212,29
전북,남원시,201301,32
전북,남원시,201302,31
전북,남원시,201303,31
전북,남원시,201304,31
전북,남원시,201305,31
전북,남원시,201306,31
전북,남원시,201307,31
전북,남원시,201308,31
전북,남원시,201309,31
전북,남원시,201310,31
전북,남원시,201311,31
전북,남원시,201312,31
전북,남원시,201401,31
전북,남원시,201402,31
전북,남원시,201403,31
전북,남원시,201404,31
전북,남원시,201405,31
전북,남원시,201406,28
전북,남원시,201407,28
전북,남원시,201408,28
전북,남원시,201409,100
전북,남원시,201410,96
전북,남원시,201411,92
전북,남원시,201412,62
전북,남원시,201501,58
전북,남원시,201502,51
전북,남원시,201503,38
전북,남원시,201504,39
전북,남원시,201505,33
전북,남원시,201506,32
전북,남원시,201507,19
전북,남원시,201508,18
전북,남원시,201509,17
전북,남원시,201510,15
전북,남원시,201511,15
전북,남원시,201512,15
전북,남원시,201601,11
전북,남원시,201602,9
전북,남원시,201603,5
전북,남원시,201604,1
전북,남원시,201605,1
전북,남원시,201606,1
전북,남원시,201607,1
전북,남원시,201608,1
전북,남원시,201609,0
전북,남원시,201610,0
전북,남원시,201611,0
전북,남원시,201612,0
전북,남원시,201701,0
전북,남원시,201702,0
전북,남원시,201703,0
전북,남원시,201704,0
전북,남원시,201705,0
전북,남원시,201706,0
전북,남원시,201707,0
전북,남원시,201708,0
전북,남원시,201709,0
전북,남원시,201710,0
전북,남원시,201711,0
전북,남원시,201712,0
전북,남원시,201801,0
전북,남원시,201802,0
전북,남원시,201804,0
전북,남원시,201807,0
전북,남원시,201808,0
전북,남원시,201811,0
전북,남원시,201812,0
전북,남원시,201901,0
전북,남원시,201902,0
전북,남원시,201903,31
전북,남원시,201904,29
전북,남원시,201905,29
전북,남원시,201906,30
전북,남원시,201907,30
전북,남원시,201908,30
전북,남원시,201909,30
전북,남원시,201910,29
전북,남원시,201911,29
전북,남원시,201912,29
전북,남원시,202001,29
전북,남원시,202002,25
전북,남원시,202003,11
전북,남원시,202004,9
전북,남원시,202005,9
전북,남원시,202006,8
전북,남원시,202007,5
전북,남원시,202008,4
전북,남원시,202009,2
전북,남원시,202010,1
전북,남원시,202011,1
전북,남원시,202012,29
전북,남원시,202101,0
전북,남원시,202102,0
전북,남원시,202103,0
전북,남원시,202104,0
전북,남원시,202105,0
전북,남원시,202106,0
전북,남원시,202107,0
전북,남원시,202108,0
전북,남원시,202109,0
전북,남원시,202110,0
전북,남원시,202111,0
전북,남원시,202112,0
전북,남원시,202201,49
전북,남원시,202202,25
전북,남원시,202203,12
전북,남원시,202204,12
전북,남원시,202205,7
전북,남원시,202206,7
전북,남원시,202207,7
전북,남원시,202208,7
전북,남원시,202209,7
전북,남원시,202210,7
전북,남원시,202211,7
전북,남원시,202212,7
전북,남원시,202301,7
전북,남원시,202302,7
전북,남원시,202303,7
전북,남원시,202304,7
전북,남원시,202305,7
전북,남원시,202306,7
전북,남원시,202307,7
전북,남원시,202308,7
전북,남원시,202309,7
전북,남원시,202310,7
전북,남원시,202311,7
전북,남원시,202312,7
전북,남원시,202401,7
전북,남원시,202402,7
전북,남원시,202403,7
전북,남원시,202404,7
전북,남원시,202405,7
전북,남원시,202406,7
전북,남원시,202407,7
전북,남원시,202408,7
전북,남원시,202409,7
전북,남원시,202410,7
전북,남원시,202411,122
전북,남원시,202412,122
전북,남원시,202501,122
전북,남원시,202502,122
전북,남원시,202503,122
전북,남원시,202504,122
전북,남원시,202505,122
전북,남원시,202506,121
전북,남원시,202507,117
전북,남원시,202508,116
전북,남원시,202509,114
전북,남원시,202510,106
전북,남원시,202511,103
전북,남원시,202512,98
전북,남원시,202601,92
전북,남원시,202602,92
전북,남원시,202603,92
전북,남원시,202604,92
전북,남원시,202605,86
전북,남원시,202606,84
전북,남원시,202607,82
전북,남원시,202608,81
전북,김제시,200701,0
전북,김제시,200702,0
전북,김제시,200703,0
전북,김제시,200704,0
전북,김제시,200705,0
전북,김제시,200706,0
전북,김제시,200707,0
전북,김제시,200708,0
전북,김제시,200709,0
전북,김제시,200710,0
전북,김제시,200711,0
전북,김제시,200712,0
전북,김제시,200801,0
전북,김제시,200802,0
전북,김제시,200803,0
전북,김제시,200804,0
전북,김제시,200805,0
전북,김제시,200806,0
전북,김제시,200807,0
전북,김제시,200808,29
전북,김제시,200809,29
전북,김제시,200810,29
전북,김제시,200811,13
전북,김제시,200812,13
전북,김제시,200901,13
전북,김제시,200902,13
전북,김제시,200903,13
전북,김제시,200904,0
전북,김제시,200905,0
전북,김제시,200906,0
전북,김제시,200907,0
전북,김제시,200908,0
전북,김제시,200909,0
전북,김제시,200910,0
전북,김제시,200911,0
전북,김제시,200912,0
전북,김제시,201001,0
전북,김제시,201002,0
전북,김제시,201003,0
전북,김제시,201004,0
전북,김제시,201005,0
전북,김제시,201006,0
전북,김제시,201007,0
전북,김제시,201008,0
전북,김제시,201009,0
전북,김제시,201010,0
전북,김제시,201011,0
전북,김제시,201012,0
전북,김제시,201101,0
전북,김제시,201102,0
전북,김제시,201103,0
전북,김제시,201104,0
전북,김제시,201105,0
전북,김제시,201106,0
전북,김제시,201107,0
전북,김제시,201108,0
전북,김제시,201109,0
전북,김제시,201110,0
전북,김제시,201111,0
전북,김제시,201112,0
전북,김제시,201201,0
전북,김제시,201202,0
전북,김제시,201203,0
전북,김제시,201204,0
전북,김제시,201205,0
전북,김제시,201206,0
전북,김제시,201207,0
전북,김제시,201208,0
전북,김제시,201209,0
전북,김제시,201210,0
전북,김제시,201211,0
전북,김제시,201212,330
전북,김제시,201301,198
전북,김제시,201302,193
전북,김제시,201303,166
전북,김제시,201304,157
전북,김제시,201305,143
전북,김제시,201306,134
전북,김제시,201307,130
전북,김제시,201308,128
전북,김제시,201309,116
전북,김제시,201310,112
전북,김제시,201311,109
전북,김제시,201312,83
전북,김제시,201401,53
전북,김제시,201402,41
전북,김제시,201403,35
전북,김제시,201404,30
전북,김제시,201405,24
전북,김제시,201406,194
전북,김제시,201407,430
전북,김제시,201408,402
전북,김제시,201409,388
전북,김제시,201410,368
전북,김제시,201411,354
전북,김제시,201412,347
전북,김제시,201501,326
전북,김제시,201502,312
전북,김제시,201503,294
전북,김제시,201504,288
전북,김제시,201505,276
전북,김제시,201506,266
전북,김제시,201507,91
전북,김제시,201508,85
전북,김제시,201509,77
전북,김제시,201510,67
전북,김제시,201511,64
전북,김제시,201512,61
전북,김제시,201601,37
전북,김제시,201602,35
전북,김제시,201603,34
전북,김제시,201604,34
전북,김제시,201605,34
전북,김제시,201606,30
전북,김제시,201607,30
전북,김제시,201608,21
전북,김제시,201609,21
전북,김제시,201610,21
전북,김제시,201611,20
전북,김제시,201612,20
전북,김제시,201701,17
전북,김제시,201702,17
전북,김제시,201703,17
전북,김제시,201704,227
전북,김제시,201705,222
전북,김제시,201706,214
전북,김제시,201707,207
전북,김제시,201708,204
전북,김제시,201709,192
전북,김제시,201710,178
전북,김제시,201711,170
전북,김제시,201712,164
전북,김제시,201801,157
전북,김제시,201802,154
전북,김제시,201803,149
전북,김제시,201804,145
전북,김제시,201805,140
전북,김제시,201806,139
전북,김제시,201807,135
전북,김제시,201808,124
전북,김제시,201809,162
전북,김제시,201810,128
전북,김제시,201811,119
전북,김제시,201812,111
전북,김제시,201901,107
전북,김제시,201902,103
전북,김제시,201903,96
전북,김제시,201904,95
전북,김제시,201905,98
전북,김제시,201906,92
전북,김제시,201907,90
전북,김제시,201908,90
전북,김제시,201909,90
전북,김제시,201910,88
전북,김제시,201911,81
전북,김제시,201912,78
전북,김제시,202001,75
전북,김제시,202002,68
전북,김제시,202003,58
전북,김제시,202004,49
전북,김제시,202005,43
전북,김제시,202006,37
전북,김제시,202007,31
전북,김제시,202008,29
전북,김제시,202009,25
전북,김제시,202010,20
전북,김제시,202011,17
전북,김제시,202012,15
전북,김제시,202101,14
전북,김제시,202102,14
전북,김제시,202103,2
전북,김제시,202104,0
전북,김제시,202105,0
전북,김제시,202106,0
전북,김제시,202107,0
전북,김제시,202108,0
전북,김제시,202109,0
전북,김제시,202110,0
전북,김제시,202111,0
전북,김제시,202112,0
전북,김제시,202201,0
전북,김제시,202202,0
전북,김제시,202203,0
전북,김제시,202204,0
전북,김제시,202205,0
전북,김제시,202206,0
전북,김제시,202207,77
전북,김제시,202208,56
전북,김제시,202209,147
전북,김제시,202210,146
전북,김제시,202211,146
전북,김제시,202212,141
전북,김제시,202301,270
전북,김제시,202302,263
전북,김제시,202303,270
전북,김제시,202304,268
전북,김제시,202305,263
전북,김제시,202306,247
전북,김제시,202307,221
전북,김제시,202308,209
전북,김제시,202309,200
전북,김제시,202310,194
전북,김제시,202311,183
전북,김제시,202312,183
전북,김제시,202401,183
전북,김제시,202402,169
전북,김제시,202403,166
전북,김제시,202404,166
전북,김제시,202405,166
전북,김제시,202406,166
전북,김제시,202407,132
전북,김제시,202408,125
전북,김제시,202409,121
전북,김제시,202410,117
전북,김제시,202411,112
전북,김제시,202412,108
전북,김제시,202501,503
전북,김제시,202502,497
전북,김제시,202503,486
전북,김제시,202504,468
전북,김제시,202505,448
전북,김제시,202506,434
전북,김제시,202507,410
전북,김제시,202508,371
전북,김제시,202509,351
전북,김제시,202510,278
전북,김제시,202511,233
전북,김제시,202512,213
전북,김제시,202601,200
전북,김제시,202602,180
전북,김제시,202603,154
전북,김제시,202604,137
전북,김제시,202605,121
전북,김제시,202606,108
전북,김제시,202607,87
전북,김제시,202608,84
전북,완주군,200701,622
전북,완주군,200702,675
전북,완주군,200703,708
전북,완주군,200704,712
전북,완주군,200705,542
전북,완주군,200706,518
전북,완주군,200707,1082
전북,완주군,200708,944
전북,완주군,200709,921
전북,완주군,200710,860
전북,완주군,200711,753
전북,완주군,200712,761
전북,완주군,200801,678
전북,완주군,200802,577
전북,완주군,200803,556
전북,완주군,200804,524
전북,완주군,200805,536
전북,완주군,200806,513
전북,완주군,200807,157
전북,완주군,200808,157
전북,완주군,200809,157
전북,완주군,200810,157
전북,완주군,200811,0
전북,완주군,200812,0
전북,완주군,200901,0
전북,완주군,200902,21
전북,완주군,200903,21
전북,완주군,200904,21
전북,완주군,200905,21
전북,완주군,200906,21
전북,완주군,200907,21
전북,완주군,200908,21
전북,완주군,200909,616
전북,완주군,200910,601
전북,완주군,200911,581
전북,완주군,200912,576
전북,완주군,201001,569
전북,완주군,201002,562
전북,완주군,201003,562
전북,완주군,201004,538
전북,완주군,201005,525
전북,완주군,201006,517
전북,완주군,201007,517
전북,완주군,201008,498
전북,완주군,201009,465
전북,완주군,201010,454
전북,완주군,201011,436
전북,완주군,201012,415
전북,완주군,201101,399
전북,완주군,201102,374
전북,완주군,201103,363
전북,완주군,201104,347
전북,완주군,201105,314
전북,완주군,201106,306
전북,완주군,201107,295
전북,완주군,201108,281
전북,완주군,201109,252
전북,완주군,201110,238
전북,완주군,201111,222
전북,완주군,201112,199
전북,완주군,201201,179
전북,완주군,201202,148
전북,완주군,201203,132
전북,완주군,201204,121
전북,완주군,201205,100
전북,완주군,201206,94
전북,완주군,201207,89
전북,완주군,201208,83
전북,완주군,201209,77
전북,완주군,201210,74
전북,완주군,201211,71
전북,완주군,201212,69
전북,완주군,201301,67
전북,완주군,201302,58
전북,완주군,201303,0
전북,완주군,201304,0
전북,완주군,201305,0
전북,완주군,201306,0
전북,완주군,201307,0
전북,완주군,201308,0
전북,완주군,201309,0
전북,완주군,201310,0
전북,완주군,201311,0
전북,완주군,201312,0
전북,완주군,201401,0
전북,완주군,201402,0
전북,완주군,201403,0
전북,완주군,201404,0
전북,완주군,201405,0
전북,완주군,201406,0
전북,완주군,201407,0
전북,완주군,201408,0
전북,완주군,201409,0
전북,완주군,201410,0
전북,완주군,201411,0
전북,완주군,201412,0
전북,완주군,201501,0
전북,완주군,201502,0
전북,완주군,201503,0
전북,완주군,201504,0
전북,완주군,201505,225
전북,완주군,201506,225
전북,완주군,201507,211
전북,완주군,201508,189
전북,완주군,201509,183
전북,완주군,201510,177
전북,완주군,201511,175
전북,완주군,201512,175
전북,완주군,201601,378
전북,완주군,201602,379
전북,완주군,201603,470
전북,완주군,201604,457
전북,완주군,201605,450
전북,완주군,201606,440
전북,완주군,201607,417
전북,완주군,201608,387
전북,완주군,201609,363
전북,완주군,201610,341
전북,완주군,201611,330
전북,완주군,201612,308
전북,완주군,201701,291
전북,완주군,201702,275
전북,완주군,201703,274
전북,완주군,201704,255
전북,완주군,201705,241
전북,완주군,201706,232
전북,완주군,201707,220
전북,완주군,201708,212
전북,완주군,201709,204
전북,완주군,201710,192
전북,완주군,201711,186
전북,완주군,201712,427
전북,완주군,201801,339
전북,완주군,201802,288
전북,완주군,201803,224
전북,완주군,201804,202
전북,완주군,201805,199
전북,완주군,201806,353
전북,완주군,201807,336
전북,완주군,201808,324
전북,완주군,201809,312
전북,완주군,201810,534
전북,완주군,201811,513
전북,완주군,201812,498
전북,완주군,201901,493
전북,완주군,201902,474
전북,완주군,201903,465
전북,완주군,201904,358
전북,완주군,201905,356
전북,완주군,201906,350
전북,완주군,201907,346
전북,완주군,201908,346
전북,완주군,201909,219
전북,완주군,201910,221
전북,완주군,201911,221
전북,완주군,201912,221
전북,완주군,202001,221
전북,완주군,202002,221
전북,완주군,202003,221
전북,완주군,202004,221
전북,완주군,202005,102
전북,완주군,202006,102
전북,완주군,202007,102
전북,완주군,202008,111
전북,완주군,202009,114
전북,완주군,202010,116
전북,완주군,202011,112
전북,완주군,202012,112
전북,완주군,202101,114
전북,완주군,202102,118
전북,완주군,202103,110
전북,완주군,202104,82
전북,완주군,202105,81
전북,완주군,202106,81
전북,완주군,202107,81
전북,완주군,202108,81
전북,완주군,202109,81
전북,완주군,202110,81
전북,완주군,202111,80
전북,완주군,202112,80
전북,완주군,202201,80
전북,완주군,202202,80
전북,완주군,202203,80
전북,완주군,202204,80
전북,완주군,202205,80
전북,완주군,202206,80
전북,완주군,202207,80
전북,완주군,202208,80
전북,완주군,202209,76
전북,완주군,202210,75
전북,완주군,202211,75
전북,완주군,202212,75
전북,완주군,202301,75
전북,완주군,202302,67
전북,완주군,202303,67
전북,완주군,202304,67
전북,완주군,202305,146
전북,완주군,202306,146
전북,완주군,202307,146
전북,완주군,202308,146
전북,완주군,202309,146
전북,완주군,202310,146
전북,완주군,202311,146
전북,완주군,202312,146
전북,완주군,202401,146
전북,완주군,202402,146
전북,완주군,202403,146
전북,완주군,202404,164
전북,완주군,202405,163
전북,완주군,202406,299
전북,완주군,202407,292
전북,완주군,202408,278
전북,완주군,202409,277
전북,완주군,202410,264
전북,완주군,202411,254
전북,완주군,202412,248
전북,완주군,202501,245
전북,완주군,202502,245
전북,완주군,202503,240
전북,완주군,202504,237
전북,완주군,202505,225
전북,완주군,202506,218
전북,완주군,202507,207
전북,완주군,202508,186
전북,완주군,202509,165
전북,완주군,202510,158
전북,완주군,202511,153
전북,완주군,202512,148
전북,완주군,202601,138
전북,완주군,202602,126
전북,완주군,202603,125
전북,완주군,202604,124
전북,완주군,202605,123
전북,완주군,202606,122
전북,완주군,202607,122
전북,완주군,202608,122
전북,진안군,200701,0
전북,진안군,200702,0
전북,진안군,200703,0
전북,진안군,200704,0
전북,진안군,200705,0
전북,진안군,200706,0
전북,진안군,200707,0
전북,진안군,200708,177
전북,진안군,200709,177
전북,진안군,200710,177
전북,진안군,200711,177
전북,진안군,200712,177
전북,진안군,200801,156
전북,진안군,200802,156
전북,진안군,200803,120
전북,진안군,200804,103
전북,진안군,200805,103
전북,진안군,200806,81
전북,진안군,200807,179
전북,진안군,200808,79
전북,진안군,200809,78
전북,진안군,200810,77
전북,진안군,200811,75
전북,진안군,200812,114
전북,진안군,200901,97
전북,진안군,200902,96
전북,진안군,200903,91
전북,진안군,200904,91
전북,진안군,200905,91
전북,진안군,200906,91
전북,진안군,200907,90
전북,진안군,200908,89
전북,진안군,200909,37
전북,진안군,200910,37
전북,진안군,200911,35
전북,진안군,200912,35
전북,진안군,201001,34
전북,진안군,201002,34
전북,진안군,201003,34
전북,진안군,201004,32
전북,진안군,201005,31
전북,진안군,201006,30
전북,진안군,201007,25
전북,진안군,201008,24
전북,진안군,201009,23
전북,진안군,201010,23
전북,진안군,201011,21
전북,진안군,201012,20
전북,진안군,201101,18
전북,진안군,201102,17
전북,진안군,201103,12
전북,진안군,201104,0
전북,진안군,201105,0
전북,진안군,201106,0
전북,진안군,201107,0
전북,진안군,201108,0
전북,진안군,201109,0
전북,진안군,201110,0
전북,진안군,201111,0
전북,진안군,201112,0
전북,진안군,201201,0
전북,진안군,201202,0
전북,진안군,201203,0
전북,진안군,201204,0
전북,진안군,201205,0
전북,진안군,201206,0
전북,진안군,201207,0
전북,진안군,201208,0
전북,진안군,201209,0
전북,진안군,201210,0
전북,진안군,201211,0
전북,진안군,201212,0
전북,진안군,201301,0
전북,진안군,201302,0
전북,진안군,201303,0
전북,진안군,201304,0
전북,진안군,201305,0
전북,진안군,201306,0
전북,진안군,201307,0
전북,진안군,201308,0
전북,진안군,201309,0
전북,진안군,201310,0
전북,진안군,201311,0
전북,진안군,201312,0
전북,진안군,201401,0
전북,진안군,201402,0
전북,진안군,201403,0
전북,진안군,201404,0
전북,진안군,201405,0
전북,진안군,201406,0
전북,진안군,201407,0
전북,진안군,201408,0
전북,진안군,201409,0
전북,진안군,201410,0
전북,진안군,201411,0
전북,진안군,201412,0
전북,진안군,201501,0
전북,진안군,201502,0
전북,진안군,201503,0
전북,진안군,201504,0
전북,진안군,201505,0
전북,진안군,201506,0
전북,진안군,201507,0
전북,진안군,201508,0
전북,진안군,201509,0
전북,진안군,201510,0
전북,진안군,201511,0
전북,진안군,201512,0
전북,진안군,201601,0
전북,진안군,201602,0
전북,진안군,201603,0
전북,진안군,201604,0
전북,진안군,201605,0
전북,진안군,201606,0
전북,진안군,201607,0
전북,진안군,201608,0
전북,진안군,201609,0
전북,진안군,201610,0
전북,진안군,201611,0
전북,진안군,201612,0
전북,진안군,201701,0
전북,진안군,201702,0
전북,진안군,201703,0
전북,진안군,201704,0
전북,진안군,201705,0
전북,진안군,201706,0
전북,진안군,201707,0
전북,진안군,201708,0
전북,진안군,201709,0
전북,진안군,201710,0
전북,진안군,201711,0
전북,진안군,201712,0
전북,진안군,201801,0
전북,진안군,201802,0
전북,진안군,201807,0
전북,진안군,201808,0
전북,진안군,201811,0
전북,진안군,201812,0
전북,진안군,201901,0
전북,진안군,201902,0
전북,진안군,201903,0
전북,진안군,201904,0
전북,진안군,201905,0
전북,진안군,201906,0
전북,진안군,201907,0
전북,진안군,201908,0
전북,진안군,201909,0
전북,진안군,201910,0
전북,진안군,201912,0
전북,진안군,202001,0
전북,진안군,202002,0
전북,진안군,202003,0
전북,진안군,202004,0
전북,진안군,202005,0
전북,진안군,202006,0
전북,진안군,202007,0
전북,진안군,202008,0
전북,진안군,202009,0
전북,진안군,202010,0
전북,진안군,202011,0
전북,진안군,202012,0
전북,진안군,202101,0
전북,진안군,202102,0
전북,진안군,202103,0
전북,진안군,202104,0
전북,진안군,202105,0
전북,진안군,202106,0
전북,진안군,202107,0
전북,진안군,202108,0
전북,진안군,202109,0
전북,진안군,202110,0
전북,진안군,202111,0
전북,진안군,202112,0
전북,진안군,202201,0
전북,진안군,202202,0
전북,진안군,202203,0
전북,진안군,202204,0
전북,진안군,202205,0
전북,진안군,202206,0
전북,진안군,202207,0
전북,진안군,202208,0
전북,진안군,202209,0
전북,진안군,202210,0
전북,진안군,202211,0
전북,진안군,202212,0
전북,진안군,202301,0
전북,진안군,202302,0
전북,진안군,202303,0
전북,진안군,202304,0
전북,진안군,202305,0
전북,진안군,202306,0
전북,진안군,202307,0
전북,진안군,202308,0
전북,진안군,202309,0
전북,진안군,202310,0
전북,진안군,202311,0
전북,진안군,202312,0
전북,진안군,202401,0
전북,진안군,202402,0
전북,진안군,202403,0
전북,진안군,202404,0
전북,진안군,202405,0
전북,진안군,202406,0
전북,진안군,202407,0
전북,진안군,202408,0
전북,진안군,202409,0
전북,진안군,202410,0
전북,진안군,202411,0
전북,진안군,202412,0
전북,진안군,202501,0
전북,진안군,202502,0
전북,진안군,202503,0
전북,진안군,202504,0
전북,진안군,202505,0
전북,진안군,202506,0
전북,진안군,202507,0
전북,진안군,202508,0
전북,진안군,202509,0
전북,진안군,202510,0
전북,진안군,202511,0
전북,진안군,202512,0
전북,진안군,202601,0
전북,진안군,202602,0
전북,진안군,202603,0
전북,진안군,202604,0
전북,진안군,202605,0
전북,진안군,202606,0
전북,진안군,202607,0
전북,진안군,202608,0
전북,무주군,200701,52
전북,무주군,200702,52
전북,무주군,200703,52
전북,무주군,200704,52
전북,무주군,200705,52
전북,무주군,200706,52
전북,무주군,200707,52
전북,무주군,200708,52
전북,무주군,200709,52
전북,무주군,200710,52
전북,무주군,200711,0
전북,무주군,200712,0
전북,무주군,200802,0
전북,무주군,200806,0
전북,무주군,200809,0
전북,무주군,200810,0
전북,무주군,200811,0
전북,무주군,200812,0
전북,무주군,200901,0
전북,무주군,200902,0
전북,무주군,200903,0
전북,무주군,200904,0
전북,무주군,200905,0
전북,무주군,200906,0
전북,무주군,200907,0
전북,무주군,200908,0
전북,무주군,200909,0
전북,무주군,200910,0
전북,무주군,200911,0
전북,무주군,200912,0
전북,무주군,201001,0
전북,무주군,201002,0
전북,무주군,201003,0
전북,무주군,201004,0
전북,무주군,201005,0
전북,무주군,201006,0
전북,무주군,201007,0
전북,무주군,201008,0
전북,무주군,201009,0
전북,무주군,201010,0
전북,무주군,201011,0
전북,무주군,201012,0
전북,무주군,201101,0
전북,무주군,201102,0
전북,무주군,201103,0
전북,무주군,201104,0
전북,무주군,201105,0
전북,무주군,201106,0
전북,무주군,201107,0
전북,무주군,201108,0
전북,무주군,201109,0
전북,무주군,201110,0
전북,무주군,201111,0
전북,무주군,201112,0
전북,무주군,201201,0
전북,무주군,201202,0
전북,무주군,201203,0
전북,무주군,201204,0
전북,무주군,201205,0
전북,무주군,201206,0
전북,무주군,201207,0
전북,무주군,201208,0
전북,무주군,201209,0
전북,무주군,201210,0
전북,무주군,201211,0
전북,무주군,201212,0
전북,무주군,201301,0
전북,무주군,201302,0
전북,무주군,201303,0
전북,무주군,201304,0
전북,무주군,201305,0
전북,무주군,201306,0
전북,무주군,201307,0
전북,무주군,201308,0
전북,무주군,201309,0
전북,무주군,201310,0
전북,무주군,201311,0
전북,무주군,201312,0
전북,무주군,201401,0
전북,무주군,201402,0
전북,무주군,201403,0
전북,무주군,201404,0
전북,무주군,201405,0
전북,무주군,201406,0
전북,무주군,201407,0
전북,무주군,201408,0
전북,무주군,201409,0
전북,무주군,201410,0
전북,무주군,201411,0
전북,무주군,201412,0
전북,무주군,201501,0
전북,무주군,201502,0
전북,무주군,201503,0
전북,무주군,201504,0
전북,무주군,201505,0
전북,무주군,201506,0
전북,무주군,201507,0
전북,무주군,201508,0
전북,무주군,201509,0
전북,무주군,201510,0
전북,무주군,201511,0
전북,무주군,201512,0
전북,무주군,201601,0
전북,무주군,201602,0
전북,무주군,201603,0
전북,무주군,201604,0
전북,무주군,201605,0
전북,무주군,201606,0
전북,무주군,201607,0
전북,무주군,201608,0
전북,무주군,201609,0
전북,무주군,201610,0
전북,무주군,201611,0
전북,무주군,201612,0
전북,무주군,201701,0
전북,무주군,201702,0
전북,무주군,201703,0
전북,무주군,201704,0
전북,무주군,201705,0
전북,무주군,201706,0
전북,무주군,201707,0
전북,무주군,201708,0
전북,무주군,201709,0
전북,무주군,201710,0
전북,무주군,201711,0
전북,무주군,201712,0
전북,무주군,201801,0
전북,무주군,201802,0
전북,무주군,201807,0
전북,무주군,201808,0
전북,무주군,201811,0
전북,무주군,201812,0
전북,무주군,201901,0
전북,무주군,201902,0
전북,무주군,201903,0
전북,무주군,201904,0
전북,무주군,201905,0
전북,무주군,201906,0
전북,무주군,201907,0
전북,무주군,201908,0
전북,무주군,201909,0
전북,무주군,201910,0
전북,무주군,201912,0
전북,무주군,202001,0
전북,무주군,202002,0
전북,무주군,202003,0
전북,무주군,202004,0
전북,무주군,202005,0
전북,무주군,202006,0
전북,무주군,202007,0
전북,무주군,202008,0
전북,무주군,202009,0
전북,무주군,202010,0
전북,무주군,202011,0
전북,무주군,202012,0
전북,무주군,202101,0
전북,무주군,202102,0
전북,무주군,202103,0
전북,무주군,202104,0
전북,무주군,202105,0
전북,무주군,202106,0
전북,무주군,202107,0
전북,무주군,202108,0
전북,무주군,202109,0
전북,무주군,202110,0
전북,무주군,202111,0
전북,무주군,202112,0
전북,무주군,202201,0
전북,무주군,202202,0
전북,무주군,202203,0
전북,무주군,202204,0
전북,무주군,202205,0
전북,무주군,202206,0
전북,무주군,202207,0
전북,무주군,202208,0
전북,무주군,202209,0
전북,무주군,202210,0
전북,무주군,202211,0
전북,무주군,202212,0
전북,무주군,202301,0
전북,무주군,202302,0
전북,무주군,202303,0
전북,무주군,202304,0
전북,무주군,202305,0
전북,무주군,202306,0
전북,무주군,202307,0
전북,무주군,202308,0
전북,무주군,202309,0
전북,무주군,202310,0
전북,무주군,202311,0
전북,무주군,202312,0
전북,무주군,202401,0
전북,무주군,202402,0
전북,무주군,202403,0
전북,무주군,202404,0
전북,무주군,202405,0
전북,무주군,202406,0
전북,무주군,202407,0
전북,무주군,202408,0
전북,무주군,202409,0
전북,무주군,202410,0
전북,무주군,202411,0
전북,무주군,202412,0
전북,무주군,202501,0
전북,무주군,202502,0
전북,무주군,202503,0
전북,무주군,202504,0
전북,무주군,202505,0
전북,무주군,202506,0
전북,무주군,202507,0
전북,무주군,202508,0
전북,무주군,202509,0
전북,무주군,202510,0
전북,무주군,202511,0
전북,무주군,202512,0
전북,무주군,202601,0
전북,무주군,202602,0
전북,무주군,202603,0
전북,무주군,202604,0
전북,무주군,202605,0
전북,무주군,202606,0
전북,무주군,202607,0
전북,무주군,202608,0
전북,장수군,200708,0
전북,장수군,200802,0
전북,장수군,200806,0
전북,장수군,200809,0
전북,장수군,200811,0
전북,장수군,200812,0
전북,장수군,200901,0
전북,장수군,200902,0
전북,장수군,200903,0
전북,장수군,200904,0
전북,장수군,200905,0
전북,장수군,200906,0
전북,장수군,200907,0
전북,장수군,200908,0
전북,장수군,200909,0
전북,장수군,200910,0
전북,장수군,200911,0
전북,장수군,200912,0
전북,장수군,201001,0
전북,장수군,201002,0
전북,장수군,201003,0
전북,장수군,201004,0
전북,장수군,201005,0
전북,장수군,201006,0
전북,장수군,201007,0
전북,장수군,201008,0
전북,장수군,201009,0
전북,장수군,201010,0
전북,장수군,201011,0
전북,장수군,201012,0
전북,장수군,201101,0
전북,장수군,201102,0
전북,장수군,201103,0
전북,장수군,201104,0
전북,장수군,201105,0
전북,장수군,201106,0
전북,장수군,201107,0
전북,장수군,201108,0
전북,장수군,201109,0
전북,장수군,201110,0
전북,장수군,201111,0
전북,장수군,201112,0
전북,장수군,201201,0
전북,장수군,201202,0
전북,장수군,201203,0
전북,장수군,201204,0
전북,장수군,201205,0
전북,장수군,201206,0
전북,장수군,201207,0
전북,장수군,201208,0
전북,장수군,201209,0
전북,장수군,201210,0
전북,장수군,201211,0
전북,장수군,201212,0
전북,장수군,201301,0
전북,장수군,201302,0
전북,장수군,201303,0
전북,장수군,201304,0
전북,장수군,201305,0
전북,장수군,201306,0
전북,장수군,201307,0
전북,장수군,201308,0
전북,장수군,201309,0
전북,장수군,201310,0
전북,장수군,201311,0
전북,장수군,201312,0
전북,장수군,201401,0
전북,장수군,201402,0
전북,장수군,201403,0
전북,장수군,201404,0
전북,장수군,201405,0
전북,장수군,201406,0
전북,장수군,201407,0
전북,장수군,201408,0
전북,장수군,201409,0
전북,장수군,201410,0
전북,장수군,201411,0
전북,장수군,201412,0
전북,장수군,201501,0
전북,장수군,201502,0
전북,장수군,201503,0
전북,장수군,201504,0
전북,장수군,201505,0
전북,장수군,201506,0
전북,장수군,201507,0
전북,장수군,201508,0
전북,장수군,201509,0
전북,장수군,201510,0
전북,장수군,201511,0
전북,장수군,201512,0
전북,장수군,201601,0
전북,장수군,201602,0
전북,장수군,201603,0
전북,장수군,201604,0
전북,장수군,201605,0
전북,장수군,201606,0
전북,장수군,201607,0
전북,장수군,201608,0
전북,장수군,201609,0
전북,장수군,201610,0
전북,장수군,201611,0
전북,장수군,201612,0
전북,장수군,201701,0
전북,장수군,201702,0
전북,장수군,201703,0
전북,장수군,201704,0
전북,장수군,201705,0
전북,장수군,201706,0
전북,장수군,201707,0
전북,장수군,201708,0
전북,장수군,201709,0
전북,장수군,201710,0
전북,장수군,201711,0
전북,장수군,201712,0
전북,장수군,201801,0
전북,장수군,201802,0
전북,장수군,201807,0
전북,장수군,201808,0
전북,장수군,201811,0
전북,장수군,201812,0
전북,장수군,201901,0
전북,장수군,201902,0
전북,장수군,201903,0
전북,장수군,201904,0
전북,장수군,201905,0
전북,장수군,201906,0
전북,장수군,201907,0
전북,장수군,201908,0
전북,장수군,201909,0
전북,장수군,201910,0
전북,장수군,201912,0
전북,장수군,202001,0
전북,장수군,202002,0
전북,장수군,202003,0
전북,장수군,202004,0
전북,장수군,202005,0
전북,장수군,202006,0
전북,장수군,202007,0
전북,장수군,202008,0
전북,장수군,202009,0
전북,장수군,202010,0
전북,장수군,202011,0
전북,장수군,202012,0
전북,장수군,202101,0
전북,장수군,202102,0
전북,장수군,202103,0
전북,장수군,202104,0
전북,장수군,202105,0
전북,장수군,202106,0
전북,장수군,202107,0
전북,장수군,202108,0
전북,장수군,202109,0
전북,장수군,202110,0
전북,장수군,202111,0
전북,장수군,202112,0
전북,장수군,202201,0
전북,장수군,202202,0
전북,장수군,202203,0
전북,장수군,202204,0
전북,장수군,202205,0
전북,장수군,202206,0
전북,장수군,202207,0
전북,장수군,202208,0
전북,장수군,202209,0
전북,장수군,202210,0
전북,장수군,202211,0
전북,장수군,202212,0
전북,장수군,202301,0
전북,장수군,202302,0
전북,장수군,202303,0
전북,장수군,202304,0
전북,장수군,202305,0
전북,장수군,202306,0
전북,장수군,202307,0
전북,장수군,202308,0
전북,장수군,202309,0
전북,장수군,202310,0
전북,장수군,202311,0
전북,장수군,202312,0
전북,장수군,202401,0
전북,장수군,202402,0
전북,장수군,202403,0
전북,장수군,202404,0
전북,장수군,202405,0
전북,장수군,202406,0
전북,장수군,202407,0
전북,장수군,202408,0
전북,장수군,202409,0
전북,장수군,202410,0
전북,장수군,202411,0
전북,장수군,202412,0
전북,장수군,202501,0
전북,장수군,202502,0
전북,장수군,202503,0
전북,장수군,202504,0
전북,장수군,202505,0
전북,장수군,202506,0
전북,장수군,202507,0
전북,장수군,202508,0
전북,장수군,202509,0
전북,장수군,202510,0
전북,장수군,202511,0
전북,장수군,202512,0
전북,장수군,202601,0
전북,장수군,202602,0
전북,장수군,202603,0
전북,장수군,202604,0
전북,장수군,202605,0
전북,장수군,202606,0
전북,장수군,202607,0
전북,장수군,202608,0
전북,임실군,200701,197
전북,임실군,200702,197
전북,임실군,200703,197
전북,임실군,200704,197
전북,임실군,200705,197
전북,임실군,200706,197
전북,임실군,200707,197
전북,임실군,200708,194
전북,임실군,200709,194
전북,임실군,200710,194
전북,임실군,200711,194
전북,임실군,200712,194
전북,임실군,200802,0
전북,임실군,200804,5
전북,임실군,200806,0
전북,임실군,200809,0
전북,임실군,200811,0
전북,임실군,200812,0
전북,임실군,200901,0
전북,임실군,200902,0
전북,임실군,200903,0
전북,임실군,200904,0
전북,임실군,200905,0
전북,임실군,200906,0
전북,임실군,200907,0
전북,임실군,200908,0
전북,임실군,200909,0
전북,임실군,200910,0
전북,임실군,200911,0
전북,임실군,200912,0
전북,임실군,201001,0
전북,임실군,201002,0
전북,임실군,201003,0
전북,임실군,201004,0
전북,임실군,201005,0
전북,임실군,201006,192
전북,임실군,201007,191
전북,임실군,201008,190
전북,임실군,201009,190
전북,임실군,201010,190
전북,임실군,201011,190
전북,임실군,201012,189
전북,임실군,201101,189
전북,임실군,201102,189
전북,임실군,201103,188
전북,임실군,201104,187
전북,임실군,201105,183
전북,임실군,201106,183
전북,임실군,201107,167
전북,임실군,201108,142
전북,임실군,201109,129
전북,임실군,201110,122
전북,임실군,201111,106
전북,임실군,201112,106
전북,임실군,201201,103
전북,임실군,201202,73
전북,임실군,201203,73
전북,임실군,201204,73
전북,임실군,201205,72
전북,임실군,201206,72
전북,임실군,201207,72
전북,임실군,201208,72
전북,임실군,201209,72
전북,임실군,201210,72
전북,임실군,201211,71
전북,임실군,201212,71
전북,임실군,201301,40
전북,임실군,201302,39
전북,임실군,201303,39
전북,임실군,201304,14
전북,임실군,201305,14
전북,임실군,201306,14
전북,임실군,201307,14
전북,임실군,201308,14
전북,임실군,201309,14
전북,임실군,201310,13
전북,임실군,201311,13
전북,임실군,201312,13
전북,임실군,201401,13
전북,임실군,201402,13
전북,임실군,201403,7
전북,임실군,201404,8
전북,임실군,201405,8
전북,임실군,201406,8
전북,임실군,201407,8
전북,임실군,201408,8
전북,임실군,201409,8
전북,임실군,201410,8
전북,임실군,201411,8
전북,임실군,201412,8
전북,임실군,201501,8
전북,임실군,201502,8
전북,임실군,201503,8
전북,임실군,201504,8
전북,임실군,201505,8
전북,임실군,201506,8
전북,임실군,201507,8
전북,임실군,201508,8
전북,임실군,201509,0
전북,임실군,201510,0
전북,임실군,201511,0
전북,임실군,201512,0
전북,임실군,201601,0
전북,임실군,201602,0
전북,임실군,201603,0
전북,임실군,201604,79
전북,임실군,201605,69
전북,임실군,201606,164
전북,임실군,201607,157
전북,임실군,201608,154
전북,임실군,201609,154
전북,임실군,201610,140
전북,임실군,201611,145
전북,임실군,201612,144
전북,임실군,201701,144
전북,임실군,201702,123
전북,임실군,201703,111
전북,임실군,201704,111
전북,임실군,201705,111
전북,임실군,201706,66
전북,임실군,201707,58
전북,임실군,201708,58
전북,임실군,201709,51
전북,임실군,201710,45
전북,임실군,201711,43
전북,임실군,201712,41
전북,임실군,201801,39
전북,임실군,201802,38
전북,임실군,201803,35
전북,임실군,201804,33
전북,임실군,201805,33
전북,임실군,201806,27
전북,임실군,201807,27
전북,임실군,201808,27
전북,임실군,201809,27
전북,임실군,201810,29
전북,임실군,201811,30
전북,임실군,201812,30
전북,임실군,201901,30
전북,임실군,201902,30
전북,임실군,201903,30
전북,임실군,201904,30
전북,임실군,201905,30
전북,임실군,201906,30
전북,임실군,201907,30
전북,임실군,201908,30
전북,임실군,201909,27
전북,임실군,201910,27
전북,임실군,201911,27
전북,임실군,201912,27
전북,임실군,202001,26
전북,임실군,202002,26
전북,임실군,202003,42
전북,임실군,202004,42
전북,임실군,202005,42
전북,임실군,202006,42
전북,임실군,202007,42
전북,임실군,202008,42
전북,임실군,202009,42
전북,임실군,202010,42
전북,임실군,202011,42
전북,임실군,202012,42
전북,임실군,202101,19
전북,임실군,202102,19
전북,임실군,202103,19
전북,임실군,202104,19
전북,임실군,202105,19
전북,임실군,202106,19
전북,임실군,202107,19
전북,임실군,202108,19
전북,임실군,202109,19
전북,임실군,202110,19
전북,임실군,202111,19
전북,임실군,202112,19
전북,임실군,202201,19
전북,임실군,202202,0
전북,임실군,202203,0
전북,임실군,202204,0
전북,임실군,202205,0
전북,임실군,202206,0
전북,임실군,202207,0
전북,임실군,202208,0
전북,임실군,202209,0
전북,임실군,202210,0
전북,임실군,202211,0
전북,임실군,202212,0
전북,임실군,202301,0
전북,임실군,202302,0
전북,임실군,202303,0
전북,임실군,202304,0
전북,임실군,202305,0
전북,임실군,202306,0
전북,임실군,202307,0
전북,임실군,202308,0
전북,임실군,202309,0
전북,임실군,202310,0
전북,임실군,202311,0
전북,임실군,202312,0
전북,임실군,202401,0
전북,임실군,202402,0
전북,임실군,202403,0
전북,임실군,202404,0
전북,임실군,202405,0
전북,임실군,202406,0
전북,임실군,202407,0
전북,임실군,202408,0
전북,임실군,202409,0
전북,임실군,202410,103
전북,임실군,202411,103
전북,임실군,202412,103
전북,임실군,202501,103
전북,임실군,202502,85
전북,임실군,202503,85
전북,임실군,202504,85
전북,임실군,202505,85
전북,임실군,202506,82
전북,임실군,202507,63
전북,임실군,202508,61
전북,임실군,202509,60
전북,임실군,202510,60
전북,임실군,202511,72
전북,임실군,202512,72
전북,임실군,202601,69
전북,임실군,202602,68
전북,임실군,202603,69
전북,임실군,202604,69
전북,임실군,202605,67
전북,임실군,202606,99
전북,임실군,202607,98
전북,임실군,202608,98
전북,순창군,200701,33
전북,순창군,200702,27
전북,순창군,200703,27
전북,순창군,200704,23
전북,순창군,200705,23
전북,순창군,200706,23
전북,순창군,200707,8
전북,순창군,200708,6
전북,순창군,200709,2
전북,순창군,200710,2
전북,순창군,200711,2
전북,순창군,200712,2
전북,순창군,200802,0
전북,순창군,200806,0
전북,순창군,200809,0
전북,순창군,200812,0
전북,순창군,200901,0
전북,순창군,200902,0
전북,순창군,200903,0
전북,순창군,200904,0
전북,순창군,200905,0
전북,순창군,200906,0
전북,순창군,200907,0
전북,순창군,200908,0
전북,순창군,200909,0
전북,순창군,200910,0
전북,순창군,200911,0
전북,순창군,200912,0
전북,순창군,201001,0
전북,순창군,201002,0
전북,순창군,201003,0
전북,순창군,201004,0
전북,순창군,201005,0
전북,순창군,201006,0
전북,순창군,201007,0
전북,순창군,201008,0
전북,순창군,201009,0
전북,순창군,201010,0
전북,순창군,201011,0
전북,순창군,201012,0
전북,순창군,201101,0
전북,순창군,201102,0
전북,순창군,201103,0
전북,순창군,201104,0
전북,순창군,201105,0
전북,순창군,201106,0
전북,순창군,201107,0
전북,순창군,201108,0
전북,순창군,201109,0
전북,순창군,201110,0
전북,순창군,201111,0
전북,순창군,201112,0
전북,순창군,201201,0
전북,순창군,201202,0
전북,순창군,201203,0
전북,순창군,201204,0
전북,순창군,201205,33
전북,순창군,201206,29
전북,순창군,201207,26
전북,순창군,201208,26
전북,순창군,201209,25
전북,순창군,201210,25
전북,순창군,201211,25
전북,순창군,201212,25
전북,순창군,201301,23
전북,순창군,201302,22
전북,순창군,201303,22
전북,순창군,201304,22
전북,순창군,201305,21
전북,순창군,201306,19
전북,순창군,201307,19
전북,순창군,201308,19
전북,순창군,201309,12
전북,순창군,201310,9
전북,순창군,201311,8
전북,순창군,201312,3
전북,순창군,201401,1
전북,순창군,201402,0
전북,순창군,201403,0
전북,순창군,201404,0
전북,순창군,201405,0
전북,순창군,201406,0
전북,순창군,201407,0
전북,순창군,201408,0
전북,순창군,201409,0
전북,순창군,201410,0
전북,순창군,201411,0
전북,순창군,201412,0
전북,순창군,201501,0
전북,순창군,201502,0
전북,순창군,201503,0
전북,순창군,201504,0
전북,순창군,201505,0
전북,순창군,201506,0
전북,순창군,201507,0
전북,순창군,201508,0
전북,순창군,201509,0
전북,순창군,201510,0
전북,순창군,201511,0
전북,순창군,201512,0
전북,순창군,201601,0
전북,순창군,201602,0
전북,순창군,201603,0
전북,순창군,201604,0
전북,순창군,201605,27
전북,순창군,201606,27
전북,순창군,201607,27
전북,순창군,201608,27
전북,순창군,201609,27
전북,순창군,201610,27
전북,순창군,201611,0
전북,순창군,201612,0
전북,순창군,201701,0
전북,순창군,201702,0
전북,순창군,201703,0
전북,순창군,201704,0
전북,순창군,201705,0
전북,순창군,201706,0
전북,순창군,201707,0
전북,순창군,201708,0
전북,순창군,201709,0
전북,순창군,201710,0
전북,순창군,201711,9
전북,순창군,201712,8
전북,순창군,201801,8
전북,순창군,201802,9
전북,순창군,201803,9
전북,순창군,201804,49
전북,순창군,201805,49
전북,순창군,201806,45
전북,순창군,201807,45
전북,순창군,201808,45
전북,순창군,201809,45
전북,순창군,201810,44
전북,순창군,201811,44
전북,순창군,201812,44
전북,순창군,201901,39
전북,순창군,201902,39
전북,순창군,201903,35
전북,순창군,201904,32
전북,순창군,201905,32
전북,순창군,201906,32
전북,순창군,201907,32
전북,순창군,201908,17
전북,순창군,201909,17
전북,순창군,201910,17
전북,순창군,201911,17
전북,순창군,201912,15
전북,순창군,202001,15
전북,순창군,202002,8
전북,순창군,202003,8
전북,순창군,202004,11
전북,순창군,202005,11
전북,순창군,202006,12
전북,순창군,202007,2
전북,순창군,202008,2
전북,순창군,202009,1
전북,순창군,202010,0
전북,순창군,202011,0
전북,순창군,202012,0
전북,순창군,202101,0
전북,순창군,202102,0
전북,순창군,202103,0
전북,순창군,202104,0
전북,순창군,202105,159
전북,순창군,202106,143
전북,순창군,202107,116
전북,순창군,202108,86
전북,순창군,202109,68
전북,순창군,202110,58
전북,순창군,202111,30
전북,순창군,202112,23
전북,순창군,202201,19
전북,순창군,202202,16
전북,순창군,202203,14
전북,순창군,202204,11
전북,순창군,202205,8
전북,순창군,202206,5
전북,순창군,202207,3
전북,순창군,202208,3
전북,순창군,202209,3
전북,순창군,202210,3
전북,순창군,202211,3
전북,순창군,202212,3
전북,순창군,202301,3
전북,순창군,202302,3
전북,순창군,202303,3
전북,순창군,202304,3
전북,순창군,202305,3
전북,순창군,202306,3
전북,순창군,202307,3
전북,순창군,202308,3
전북,순창군,202309,3
전북,순창군,202310,3
전북,순창군,202311,3
전북,순창군,202312,3
전북,순창군,202401,3
전북,순창군,202402,3
전북,순창군,202403,3
전북,순창군,202404,3
전북,순창군,202405,3
전북,순창군,202406,3
전북,순창군,202407,3
전북,순창군,202408,3
전북,순창군,202409,3
전북,순창군,202410,3
전북,순창군,202411,3
전북,순창군,202412,3
전북,순창군,202501,3
전북,순창군,202502,3
전북,순창군,202503,3
전북,순창군,202504,0
전북,순창군,202505,0
전북,순창군,202506,0
전북,순창군,202507,0
전북,순창군,202508,0
전북,순창군,202509,0
전북,순창군,202510,0
전북,순창군,202511,0
전북,순창군,202512,0
전북,순창군,202601,0
전북,순창군,202602,0
전북,순창군,202603,0
전북,순창군,202604,0
전북,순창군,202605,0
전북,순창군,202606,0
전북,순창군,202607,0
전북,순창군,202608,0
전북,고창군,200708,0
전북,고창군,200802,0
전북,고창군,200804,58
전북,고창군,200805,58
전북,고창군,200806,55
전북,고창군,200807,55
전북,고창군,200808,111
전북,고창군,200809,107
전북,고창군,200810,101
전북,고창군,200811,101
전북,고창군,200812,98
전북,고창군,200901,233
전북,고창군,200902,233
전북,고창군,200903,189
전북,고창군,200904,187
전북,고창군,200905,187
전북,고창군,200906,183
전북,고창군,200907,183
전북,고창군,200908,183
전북,고창군,200909,170
전북,고창군,200910,150
전북,고창군,200911,139
전북,고창군,200912,126
전북,고창군,201001,124
전북,고창군,201002,112
전북,고창군,201003,112
전북,고창군,201004,89
전북,고창군,201005,82
전북,고창군,201006,77
전북,고창군,201007,71
전북,고창군,201008,64
전북,고창군,201009,64
전북,고창군,201010,44
전북,고창군,201011,38
전북,고창군,201012,31
전북,고창군,201101,31
전북,고창군,201102,26
전북,고창군,201103,25
전북,고창군,201104,22
전북,고창군,201105,13
전북,고창군,201106,7
전북,고창군,201107,7
전북,고창군,201108,3
전북,고창군,201109,2
전북,고창군,201110,1
전북,고창군,201111,1
전북,고창군,201112,1
전북,고창군,201201,0
전북,고창군,201202,0
전북,고창군,201203,0
전북,고창군,201204,0
전북,고창군,201205,0
전북,고창군,201206,0
전북,고창군,201207,0
전북,고창군,201208,0
전북,고창군,201209,0
전북,고창군,201210,0
전북,고창군,201211,0
전북,고창군,201212,0
전북,고창군,201301,0
전북,고창군,201302,0
전북,고창군,201303,0
전북,고창군,201304,0
전북,고창군,201305,0
전북,고창군,201306,0
전북,고창군,201307,0
전북,고창군,201308,0
전북,고창군,201309,0
전북,고창군,201310,0
전북,고창군,201311,0
전북,고창군,201312,0
전북,고창군,201401,0
전북,고창군,201402,0
전북,고창군,201403,0
전북,고창군,201404,0
전북,고창군,201405,0
전북,고창군,201406,0
전북,고창군,201407,0
전북,고창군,201408,0
전북,고창군,201409,0
전북,고창군,201410,0
전북,고창군,201411,0
전북,고창군,201412,0
전북,고창군,201501,0
전북,고창군,201502,0
전북,고창군,201503,0
전북,고창군,201504,0
전북,고창군,201505,0
전북,고창군,201506,0
전북,고창군,201507,0
전북,고창군,201508,0
전북,고창군,201509,0
전북,고창군,201510,0
전북,고창군,201511,0
전북,고창군,201512,0
전북,고창군,201601,0
전북,고창군,201602,0
전북,고창군,201603,0
전북,고창군,201604,0
전북,고창군,201605,0
전북,고창군,201606,108
전북,고창군,201607,67
전북,고창군,201608,45
전북,고창군,201609,32
전북,고창군,201610,28
전북,고창군,201611,23
전북,고창군,201612,14
전북,고창군,201701,16
전북,고창군,201702,17
전북,고창군,201703,12
전북,고창군,201704,12
전북,고창군,201705,12
전북,고창군,201706,8
전북,고창군,201707,3
전북,고창군,201708,0
전북,고창군,201709,0
전북,고창군,201710,0
전북,고창군,201711,0
전북,고창군,201712,0
전북,고창군,201801,26
전북,고창군,201802,22
전북,고창군,201807,0
전북,고창군,201808,0
전북,고창군,201811,0
전북,고창군,201812,0
전북,고창군,201901,0
전북,고창군,201902,0
전북,고창군,201903,0
전북,고창군,201904,0
전북,고창군,201905,0
전북,고창군,201906,0
전북,고창군,201907,0
전북,고창군,201908,0
전북,고창군,201909,0
전북,고창군,201910,0
전북,고창군,201912,0
전북,고창군,202001,0
전북,고창군,202002,0
전북,고창군,202003,0
전북,고창군,202004,0
전북,고창군,202005,0
전북,고창군,202006,0
전북,고창군,202007,0
전북,고창군,202008,0
전북,고창군,202009,0
전북,고창군,202010,0
전북,고창군,202011,0
전북,고창군,202012,0
전북,고창군,202101,0
전북,고창군,202102,0
전북,고창군,202103,0
전북,고창군,202104,0
전북,고창군,202105,0
전북,고창군,202106,0
전북,고창군,202107,0
전북,고창군,202108,0
전북,고창군,202109,0
전북,고창군,202110,0
전북,고창군,202111,0
전북,고창군,202112,0
전북,고창군,202201,0
전북,고창군,202202,0
전북,고창군,202203,0
전북,고창군,202204,0
전북,고창군,202205,0
전북,고창군,202206,0
전북,고창군,202207,0
전북,고창군,202208,0
전북,고창군,202209,0
전북,고창군,202210,0
전북,고창군,202211,0
전북,고창군,202212,0
전북,고창군,202301,0
전북,고창군,202302,0
전북,고창군,202303,0
전북,고창군,202304,0
전북,고창군,202305,0
전북,고창군,202306,0
전북,고창군,202307,0
전북,고창군,202308,0
전북,고창군,202309,0
전북,고창군,202310,0
전북,고창군,202311,0
전북,고창군,202312,0
전북,고창군,202401,0
전북,고창군,202402,0
전북,고창군,202403,0
전북,고창군,202404,0
전북,고창군,202405,0
전북,고창군,202406,0
전북,고창군,202407,0
전북,고창군,202408,0
전북,고창군,202409,0
전북,고창군,202410,0
전북,고창군,202411,0
전북,고창군,202412,0
전북,고창군,202501,0
전북,고창군,202502,0
전북,고창군,202503,0
전북,고창군,202504,0
전북,고창군,202505,0
전북,고창군,202506,0
전북,고창군,202507,0
전북,고창군,202508,0
전북,고창군,202509,0
전북,고창군,202510,0
전북,고창군,202511,0
전북,고창군,202512,0
전북,고창군,202601,0
전북,고창군,202602,0
전북,고창군,202603,0
전북,고창군,202604,0
전북,고창군,202605,0
전북,고창군,202606,0
전북,고창군,202607,0
전북,고창군,202608,0
전북,부안군,200701,125
전북,부안군,200702,125
전북,부안군,200703,125
전북,부안군,200704,125
전북,부안군,200705,125
전북,부안군,200706,125
전북,부안군,200707,125
전북,부안군,200708,125
전북,부안군,200709,125
전북,부안군,200710,72
전북,부안군,200711,72
전북,부안군,200712,35
전북,부안군,200801,28
전북,부안군,200802,28
전북,부안군,200803,28
전북,부안군,200804,35
전북,부안군,200805,28
전북,부안군,200806,28
전북,부안군,200807,28
전북,부안군,200808,2
전북,부안군,200809,0
전북,부안군,200812,0
전북,부안군,200901,0
전북,부안군,200902,0
전북,부안군,200903,0
전북,부안군,200904,0
전북,부안군,200905,0
전북,부안군,200906,0
전북,부안군,200907,0
전북,부안군,200908,0
전북,부안군,200909,0
전북,부안군,200910,0
전북,부안군,200911,0
전북,부안군,200912,0
전북,부안군,201001,0
전북,부안군,201002,0
전북,부안군,201003,0
전북,부안군,201004,0
전북,부안군,201005,0
전북,부안군,201006,0
전북,부안군,201007,0
전북,부안군,201008,0
전북,부안군,201009,0
전북,부안군,201010,0
전북,부안군,201011,0
전북,부안군,201012,0
전북,부안군,201101,0
전북,부안군,201102,0
전북,부안군,201103,0
전북,부안군,201104,0
전북,부안군,201105,0
전북,부안군,201106,0
전북,부안군,201107,0
전북,부안군,201108,0
전북,부안군,201109,0
전북,부안군,201110,0
전북,부안군,201111,0
전북,부안군,201112,0
전북,부안군,201201,0
전북,부안군,201202,0
전북,부안군,201203,0
전북,부안군,201204,0
전북,부안군,201205,0
전북,부안군,201206,0
전북,부안군,201207,0
전북,부안군,201208,0
전북,부안군,201209,0
전북,부안군,201210,0
전북,부안군,201211,0
전북,부안군,201212,0
전북,부안군,201301,0
전북,부안군,201302,0
전북,부안군,201303,0
전북,부안군,201304,0
전북,부안군,201305,0
전북,부안군,201306,0
전북,부안군,201307,0
전북,부안군,201308,0
전북,부안군,201309,0
전북,부안군,201310,0
전북,부안군,201311,0
전북,부안군,201312,0
전북,부안군,201401,0
전북,부안군,201402,0
전북,부안군,201403,0
전북,부안군,201404,0
전북,부안군,201405,0
전북,부안군,201406,0
전북,부안군,201407,0
전북,부안군,201408,0
전북,부안군,201409,0
전북,부안군,201410,0
전북,부안군,201411,0
전북,부안군,201412,0
전북,부안군,201501,0
전북,부안군,201502,0
전북,부안군,201503,0
전북,부안군,201504,0
전북,부안군,201505,0
전북,부안군,201506,0
전북,부안군,201507,0
전북,부안군,201508,0
전북,부안군,201509,0
전북,부안군,201510,0
전북,부안군,201511,0
전북,부안군,201512,0
전북,부안군,201601,0
전북,부안군,201602,0
전북,부안군,201603,0
전북,부안군,201604,0
전북,부안군,201605,0
전북,부안군,201606,0
전북,부안군,201607,0
전북,부안군,201608,0
전북,부안군,201609,0
전북,부안군,201610,0
전북,부안군,201611,0
전북,부안군,201612,0
전북,부안군,201701,0
전북,부안군,201702,0
전북,부안군,201703,0
전북,부안군,201704,0
전북,부안군,201705,0
전북,부안군,201706,0
전북,부안군,201707,0
전북,부안군,201708,0
전북,부안군,201709,0
전북,부안군,201710,0
전북,부안군,201711,0
전북,부안군,201712,0
전북,부안군,201801,0
전북,부안군,201802,0
전북,부안군,201807,0
전북,부안군,201808,0
전북,부안군,201811,0
전북,부안군,201812,0
전북,부안군,201901,0
전북,부안군,201902,0
전북,부안군,201903,0
전북,부안군,201904,0
전북,부안군,201905,0
전북,부안군,201906,0
전북,부안군,201907,0
전북,부안군,201908,0
전북,부안군,201909,0
전북,부안군,201910,0
전북,부안군,201912,150
전북,부안군,202001,150
전북,부안군,202002,132
전북,부안군,202003,121
전북,부안군,202004,112
전북,부안군,202005,102
전북,부안군,202006,97
전북,부안군,202007,86
전북,부안군,202008,77
전북,부안군,202009,72
전북,부안군,202010,64
전북,부안군,202011,54
전북,부안군,202012,44
전북,부안군,202101,33
전북,부안군,202102,28
전북,부안군,202103,22
전북,부안군,202104,11
전북,부안군,202105,6
전북,부안군,202106,5
전북,부안군,202107,4
전북,부안군,202108,3
전북,부안군,202109,3
전북,부안군,202110,2
전북,부안군,202111,2
전북,부안군,202112,2
전북,부안군,202201,2
전북,부안군,202202,1
전북,부안군,202203,1
전북,부안군,202204,0
전북,부안군,202205,0
전북,부안군,202206,0
전북,부안군,202207,0
전북,부안군,202208,0
전북,부안군,202209,0
전북,부안군,202210,0
전북,부안군,202211,0
전북,부안군,202212,0
전북,부안군,202301,0
전북,부안군,202302,0
전북,부안군,202303,0
전북,부안군,202304,0
전북,부안군,202305,0
전북,부안군,202306,0
전북,부안군,202307,0
전북,부안군,202308,0
전북,부안군,202309,0
전북,부안군,202310,0
전북,부안군,202311,0
전북,부안군,202312,0
전북,부안군,202401,0
전북,부안군,202402,0
전북,부안군,202403,0
전북,부안군,202404,0
전북,부안군,202405,0
전북,부안군,202406,0
전북,부안군,202407,0
전북,부안군,202408,0
전북,부안군,202409,0
전북,부안군,202410,0
전북,부안군,202411,0
전북,부안군,202412,0
전북,부안군,202501,0
전북,부안군,202502,0
전북,부안군,202503,0
전북,부안군,202504,0
전북,부안군,202505,0
전북,부안군,202506,0
전북,부안군,202507,0
전북,부안군,202508,0
전북,부안군,202509,0
전북,부안군,202510,0
전북,부안군,202511,0
전북,부안군,202512,0
전북,부안군,202601,0
전북,부안군,202602,0
전북,부안군,202603,0
전북,부안군,202604,0
전북,부안군,202605,0
전북,부안군,202606,0
전북,부안군,202607,0
전북,부안군,202608,0
전남,목포시,200701,1706
전남,목포시,200702,1660
전남,목포시,200703,1614
전남,목포시,200704,1576
전남,목포시,200705,1783
전남,목포시,200706,2393
전남,목포시,200707,2276
전남,목포시,200708,2474
전남,목포시,200709,2411
전남,목포시,200710,2237
전남,목포시,200711,1913
전남,목포시,200712,1876
전남,목포시,200801,1855
전남,목포시,200802,1754
전남,목포시,200803,1701
전남,목포시,200804,1432
전남,목포시,200805,1410
전남,목포시,200806,3633
전남,목포시,200807,3573
전남,목포시,200808,3490
전남,목포시,200809,3490
전남,목포시,200810,3264
전남,목포시,200811,3186
전남,목포시,200812,3124
전남,목포시,200901,3124
전남,목포시,200902,3124
전남,목포시,200903,3124
전남,목포시,200904,2702
전남,목포시,200905,2561
전남,목포시,200906,2196
전남,목포시,200907,2114
전남,목포시,200908,2051
전남,목포시,200909,1943
전남,목포시,200910,1845
전남,목포시,200911,1819
전남,목포시,200912,1773
전남,목포시,201001,1733
전남,목포시,201002,1714
전남,목포시,201003,1682
전남,목포시,201004,475
전남,목포시,201005,428
전남,목포시,201006,402
전남,목포시,201007,353
전남,목포시,201008,300
전남,목포시,201009,217
전남,목포시,201010,144
전남,목포시,201011,96
전남,목포시,201012,74
전남,목포시,201101,68
전남,목포시,201102,65
전남,목포시,201103,62
전남,목포시,201104,62
전남,목포시,201105,62
전남,목포시,201106,61
전남,목포시,201107,61
전남,목포시,201108,61
전남,목포시,201109,2
전남,목포시,201110,1
전남,목포시,201111,1
전남,목포시,201112,1
전남,목포시,201201,1
전남,목포시,201202,1
전남,목포시,201203,1
전남,목포시,201204,1
전남,목포시,201205,1
전남,목포시,201206,1
전남,목포시,201207,322
전남,목포시,201208,322
전남,목포시,201209,322
전남,목포시,201210,254
전남,목포시,201211,254
전남,목포시,201212,1134
전남,목포시,201301,1042
전남,목포시,201302,1017
전남,목포시,201303,1007
전남,목포시,201304,1003
전남,목포시,201305,1003
전남,목포시,201306,1001
전남,목포시,201307,1001
전남,목포시,201308,1001
전남,목포시,201309,1001
전남,목포시,201310,860
전남,목포시,201311,860
전남,목포시,201312,811
전남,목포시,201401,780
전남,목포시,201402,758
전남,목포시,201403,716
전남,목포시,201404,654
전남,목포시,201405,711
전남,목포시,201406,601
전남,목포시,201407,540
전남,목포시,201408,515
전남,목포시,201409,500
전남,목포시,201410,437
전남,목포시,201411,456
전남,목포시,201412,427
전남,목포시,201501,405
전남,목포시,201502,399
전남,목포시,201503,379
전남,목포시,201504,371
전남,목포시,201505,367
전남,목포시,201506,364
전남,목포시,201507,286
전남,목포시,201508,286
전남,목포시,201509,271
전남,목포시,201510,259
전남,목포시,201511,246
전남,목포시,201512,227
전남,목포시,201601,211
전남,목포시,201602,210
전남,목포시,201603,185
전남,목포시,201604,165
전남,목포시,201605,148
전남,목포시,201606,148
전남,목포시,201607,138
전남,목포시,201608,138
전남,목포시,201609,107
전남,목포시,201610,107
전남,목포시,201611,107
전남,목포시,201612,107
전남,목포시,201701,108
전남,목포시,201702,108
전남,목포시,201703,108
전남,목포시,201704,108
전남,목포시,201705,108
전남,목포시,201706,108
전남,목포시,201707,79
전남,목포시,201708,79
전남,목포시,201709,79
전남,목포시,201710,79
전남,목포시,201711,54
전남,목포시,201712,54
전남,목포시,201801,67
전남,목포시,201802,248
전남,목포시,201803,394
전남,목포시,201804,365
전남,목포시,201805,340
전남,목포시,201806,338
전남,목포시,201807,306
전남,목포시,201808,291
전남,목포시,201809,264
전남,목포시,201810,562
전남,목포시,201811,481
전남,목포시,201812,421
전남,목포시,201901,345
전남,목포시,201902,317
전남,목포시,201903,297
전남,목포시,201904,289
전남,목포시,201905,285
전남,목포시,201906,285
전남,목포시,201907,283
전남,목포시,201908,279
전남,목포시,201909,272
전남,목포시,201910,537
전남,목포시,201911,514
전남,목포시,201912,497
전남,목포시,202001,496
전남,목포시,202002,492
전남,목포시,202003,488
전남,목포시,202004,482
전남,목포시,202005,390
전남,목포시,202006,390
전남,목포시,202007,390
전남,목포시,202008,324
전남,목포시,202009,313
전남,목포시,202010,312
전남,목포시,202011,310
전남,목포시,202012,310
전남,목포시,202101,301
전남,목포시,202102,301
전남,목포시,202103,300
전남,목포시,202104,300
전남,목포시,202105,297
전남,목포시,202106,296
전남,목포시,202107,296
전남,목포시,202108,295
전남,목포시,202109,295
전남,목포시,202110,243
전남,목포시,202111,241
전남,목포시,202112,256
전남,목포시,202201,256
전남,목포시,202202,250
전남,목포시,202203,250
전남,목포시,202204,247
전남,목포시,202205,245
전남,목포시,202206,245
전남,목포시,202207,245
전남,목포시,202208,245
전남,목포시,202209,0
전남,목포시,202210,245
전남,목포시,202211,250
전남,목포시,202212,250
전남,목포시,202301,247
전남,목포시,202302,247
전남,목포시,202303,247
전남,목포시,202304,247
전남,목포시,202305,247
전남,목포시,202306,247
전남,목포시,202307,247
전남,목포시,202308,247
전남,목포시,202309,247
전남,목포시,202310,247
전남,목포시,202311,247
전남,목포시,202312,247
전남,목포시,202401,247
전남,목포시,202402,247
전남,목포시,202403,247
전남,목포시,202404,247
전남,목포시,202405,247
전남,목포시,202406,247
전남,목포시,202407,247
전남,목포시,202408,251
전남,목포시,202409,251
전남,목포시,202410,251
전남,목포시,202411,251
전남,목포시,202412,251
전남,목포시,202501,245
전남,목포시,202502,244
전남,목포시,202503,244
전남,목포시,202504,244
전남,목포시,202505,244
전남,목포시,202506,244
전남,목포시,202507,244
전남,목포시,202508,241
전남,목포시,202509,241
전남,목포시,202510,241
전남,목포시,202511,241
전남,목포시,202512,241
전남,목포시,202601,241
전남,목포시,202602,241
전남,목포시,202603,241
전남,목포시,202604,241
전남,목포시,202605,241
전남,목포시,202606,241
전남,여수시,200701,701
전남,여수시,200702,700
전남,여수시,200703,700
전남,여수시,200704,686
전남,여수시,200705,625
전남,여수시,200706,625
전남,여수시,200707,625
전남,여수시,200708,625
전남,여수시,200709,619
전남,여수시,200710,619
전남,여수시,200711,437
전남,여수시,200712,437
전남,여수시,200801,266
전남,여수시,200802,266
전남,여수시,200803,260
전남,여수시,200804,260
전남,여수시,200805,244
전남,여수시,200806,243
전남,여수시,200807,231
전남,여수시,200808,231
전남,여수시,200809,176
전남,여수시,200810,162
전남,여수시,200811,162
전남,여수시,200812,159
전남,여수시,200901,161
전남,여수시,200902,146
전남,여수시,200903,142
전남,여수시,200904,142
전남,여수시,200905,626
전남,여수시,200906,603
전남,여수시,200907,559
전남,여수시,200908,559
전남,여수시,200909,466
전남,여수시,200910,466
전남,여수시,200911,459
전남,여수시,200912,416
전남,여수시,201001,226
전남,여수시,201002,194
전남,여수시,201003,186
전남,여수시,201004,161
전남,여수시,201005,127
전남,여수시,201006,98
전남,여수시,201007,85
전남,여수시,201008,74
전남,여수시,201009,73
전남,여수시,201010,64
전남,여수시,201011,60
전남,여수시,201012,38
전남,여수시,201101,36
전남,여수시,201102,20
전남,여수시,201103,117
전남,여수시,201104,73
전남,여수시,201105,60
전남,여수시,201106,0
전남,여수시,201107,102
전남,여수시,201108,97
전남,여수시,201109,79
전남,여수시,201110,60
전남,여수시,201111,39
전남,여수시,201112,25
전남,여수시,201201,14
전남,여수시,201202,14
전남,여수시,201203,1
전남,여수시,201204,0
전남,여수시,201205,240
전남,여수시,201206,177
전남,여수시,201207,177
전남,여수시,201208,92
전남,여수시,201209,63
전남,여수시,201210,43
전남,여수시,201211,37
전남,여수시,201212,37
전남,여수시,201301,6
전남,여수시,201302,0
전남,여수시,201303,0
전남,여수시,201304,0
전남,여수시,201305,0
전남,여수시,201306,0
전남,여수시,201307,0
전남,여수시,201308,0
전남,여수시,201309,0
전남,여수시,201310,0
전남,여수시,201311,0
전남,여수시,201312,0
전남,여수시,201401,0
전남,여수시,201402,0
전남,여수시,201403,0
전남,여수시,201404,0
전남,여수시,201405,0
전남,여수시,201406,703
전남,여수시,201407,688
전남,여수시,201408,688
전남,여수시,201409,688
전남,여수시,201410,444
전남,여수시,201411,423
전남,여수시,201412,399
전남,여수시,201501,381
전남,여수시,201502,314
전남,여수시,201503,183
전남,여수시,201504,121
전남,여수시,201505,40
전남,여수시,201506,40
전남,여수시,201507,18
전남,여수시,201508,5
전남,여수시,201509,0
전남,여수시,201510,0
전남,여수시,201511,107
전남,여수시,201512,90
전남,여수시,201601,75
전남,여수시,201602,67
전남,여수시,201603,51
전남,여수시,201604,34
전남,여수시,201605,22
전남,여수시,201606,22
전남,여수시,201607,22
전남,여수시,201608,17
전남,여수시,201609,14
전남,여수시,201610,10
전남,여수시,201611,18
전남,여수시,201612,6
전남,여수시,201701,3
전남,여수시,201702,0
전남,여수시,201703,0
전남,여수시,201704,0
전남,여수시,201705,0
전남,여수시,201706,9
전남,여수시,201707,6
전남,여수시,201708,6
전남,여수시,201709,6
전남,여수시,201710,4
전남,여수시,201711,0
전남,여수시,201712,0
전남,여수시,201801,0
전남,여수시,201802,0
전남,여수시,201804,0
전남,여수시,201807,0
전남,여수시,201808,0
전남,여수시,201811,0
전남,여수시,201812,0
전남,여수시,201901,0
전남,여수시,201902,0
전남,여수시,201903,0
전남,여수시,201904,0
전남,여수시,201905,0
전남,여수시,201906,0
전남,여수시,201907,0
전남,여수시,201908,0
전남,여수시,201909,0
전남,여수시,201910,0
전남,여수시,201912,0
전남,여수시,202001,0
전남,여수시,202002,0
전남,여수시,202003,0
전남,여수시,202004,14
전남,여수시,202005,14
전남,여수시,202006,14
전남,여수시,202007,14
전남,여수시,202008,14
전남,여수시,202009,14
전남,여수시,202010,13
전남,여수시,202011,13
전남,여수시,202012,13
전남,여수시,202101,13
전남,여수시,202102,13
전남,여수시,202103,13
전남,여수시,202104,13
전남,여수시,202105,13
전남,여수시,202106,13
전남,여수시,202107,13
전남,여수시,202108,13
전남,여수시,202109,13
전남,여수시,202110,13
전남,여수시,202111,13
전남,여수시,202112,245
전남,여수시,202201,245
전남,여수시,202202,245
전남,여수시,202203,246
전남,여수시,202204,242
전남,여수시,202205,227
전남,여수시,202206,228
전남,여수시,202207,228
전남,여수시,202208,228
전남,여수시,202209,212
전남,여수시,202210,214
전남,여수시,202211,214
전남,여수시,202212,214
전남,여수시,202301,114
전남,여수시,202302,114
전남,여수시,202303,115
전남,여수시,202304,115
전남,여수시,202305,115
전남,여수시,202306,116
전남,여수시,202307,115
전남,여수시,202308,239
전남,여수시,202309,313
전남,여수시,202310,313
전남,여수시,202311,513
전남,여수시,202312,513
전남,여수시,202401,513
전남,여수시,202402,513
전남,여수시,202403,513
전남,여수시,202404,513
전남,여수시,202405,487
전남,여수시,202406,540
전남,여수시,202407,541
전남,여수시,202408,536
전남,여수시,202409,529
전남,여수시,202410,529
전남,여수시,202411,523
전남,여수시,202412,516
전남,여수시,202501,510
전남,여수시,202502,509
전남,여수시,202503,508
전남,여수시,202504,506
전남,여수시,202505,506
전남,여수시,202506,467
전남,여수시,202507,465
전남,여수시,202508,451
전남,여수시,202509,451
전남,여수시,202510,454
전남,여수시,202511,453
전남,여수시,202512,453
전남,여수시,202601,451
전남,여수시,202602,450
전남,여수시,202603,469
전남,여수시,202604,469
전남,여수시,202605,481
전남,여수시,202606,481
전남,순천시,200701,2111
전남,순천시,200702,2046
전남,순천시,200703,1741
전남,순천시,200704,1453
전남,순천시,200705,1432
전남,순천시,200706,1399
전남,순천시,200707,1417
전남,순천시,200708,1353
전남,순천시,200709,1261
전남,순천시,200710,1261
전남,순천시,200711,1186
전남,순천시,200712,722
전남,순천시,200801,485
전남,순천시,200802,691
전남,순천시,200803,597
전남,순천시,200804,597
전남,순천시,200805,410
전남,순천시,200806,551
전남,순천시,200807,543
전남,순천시,200808,533
전남,순천시,200809,533
전남,순천시,200810,533
전남,순천시,200811,533
전남,순천시,200812,533
전남,순천시,200901,437
전남,순천시,200902,463
전남,순천시,200903,461
전남,순천시,200904,461
전남,순천시,200905,461
전남,순천시,200906,461
전남,순천시,200907,414
전남,순천시,200908,380
전남,순천시,200909,362
전남,순천시,200910,334
전남,순천시,200911,1619
전남,순천시,200912,1277
전남,순천시,201001,1268
전남,순천시,201002,1224
전남,순천시,201003,1212
전남,순천시,201004,1198
전남,순천시,201005,1178
전남,순천시,201006,1172
전남,순천시,201007,1165
전남,순천시,201008,1148
전남,순천시,201009,1122
전남,순천시,201010,1098
전남,순천시,201011,1058
전남,순천시,201012,1035
전남,순천시,201101,993
전남,순천시,201102,936
전남,순천시,201103,871
전남,순천시,201104,818
전남,순천시,201105,769
전남,순천시,201106,729
전남,순천시,201107,688
전남,순천시,201108,648
전남,순천시,201109,1237
전남,순천시,201110,811
전남,순천시,201111,757
전남,순천시,201112,694
전남,순천시,201201,651
전남,순천시,201202,613
전남,순천시,201203,569
전남,순천시,201204,535
전남,순천시,201205,510
전남,순천시,201206,498
전남,순천시,201207,479
전남,순천시,201208,435
전남,순천시,201209,412
전남,순천시,201210,841
전남,순천시,201211,755
전남,순천시,201212,713
전남,순천시,201301,708
전남,순천시,201302,532
전남,순천시,201303,469
전남,순천시,201304,406
전남,순천시,201305,383
전남,순천시,201306,747
전남,순천시,201307,641
전남,순천시,201308,551
전남,순천시,201309,510
전남,순천시,201310,472
전남,순천시,201311,445
전남,순천시,201312,423
전남,순천시,201401,406
전남,순천시,201402,373
전남,순천시,201403,322
전남,순천시,201404,583
전남,순천시,201405,495
전남,순천시,201406,492
전남,순천시,201407,479
전남,순천시,201408,447
전남,순천시,201409,404
전남,순천시,201410,378
전남,순천시,201411,355
전남,순천시,201412,344
전남,순천시,201501,319
전남,순천시,201502,304
전남,순천시,201503,286
전남,순천시,201504,271
전남,순천시,201505,251
전남,순천시,201506,238
전남,순천시,201507,225
전남,순천시,201508,216
전남,순천시,201509,207
전남,순천시,201510,194
전남,순천시,201511,279
전남,순천시,201512,235
전남,순천시,201601,187
전남,순천시,201602,167
전남,순천시,201603,152
전남,순천시,201604,131
전남,순천시,201605,115
전남,순천시,201606,85
전남,순천시,201607,64
전남,순천시,201608,49
전남,순천시,201609,49
전남,순천시,201610,48
전남,순천시,201611,48
전남,순천시,201612,48
전남,순천시,201701,48
전남,순천시,201702,49
전남,순천시,201703,103
전남,순천시,201704,95
전남,순천시,201705,89
전남,순천시,201706,75
전남,순천시,201707,68
전남,순천시,201708,68
전남,순천시,201709,63
전남,순천시,201710,60
전남,순천시,201711,58
전남,순천시,201712,58
전남,순천시,201801,56
전남,순천시,201802,56
전남,순천시,201803,56
전남,순천시,201804,56
전남,순천시,201805,65
전남,순천시,201806,65
전남,순천시,201807,55
전남,순천시,201808,55
전남,순천시,201809,55
전남,순천시,201811,43
전남,순천시,201812,43
전남,순천시,201901,21
전남,순천시,201902,21
전남,순천시,201903,20
전남,순천시,201904,20
전남,순천시,201905,20
전남,순천시,201906,20
전남,순천시,201907,13
전남,순천시,201908,33
전남,순천시,201909,156
전남,순천시,201910,138
전남,순천시,201911,137
전남,순천시,201912,128
전남,순천시,202001,25
전남,순천시,202002,7
전남,순천시,202003,7
전남,순천시,202004,7
전남,순천시,202005,7
전남,순천시,202006,7
전남,순천시,202007,7
전남,순천시,202008,7
전남,순천시,202009,7
전남,순천시,202010,7
전남,순천시,202011,7
전남,순천시,202012,7
전남,순천시,202101,7
전남,순천시,202102,7
전남,순천시,202103,7
전남,순천시,202104,7
전남,순천시,202105,0
전남,순천시,202106,0
전남,순천시,202107,0
전남,순천시,202108,0
전남,순천시,202109,0
전남,순천시,202110,0
전남,순천시,202111,0
전남,순천시,202112,0
전남,순천시,202201,0
전남,순천시,202202,0
전남,순천시,202203,185
전남,순천시,202204,164
전남,순천시,202205,141
전남,순천시,202206,227
전남,순천시,202207,224
전남,순천시,202208,224
전남,순천시,202209,374
전남,순천시,202210,372
전남,순천시,202211,372
전남,순천시,202212,372
전남,순천시,202301,331
전남,순천시,202302,331
전남,순천시,202303,331
전남,순천시,202304,327
전남,순천시,202305,327
전남,순천시,202306,327
전남,순천시,202307,327
전남,순천시,202308,327
전남,순천시,202309,327
전남,순천시,202310,326
전남,순천시,202311,326
전남,순천시,202312,330
전남,순천시,202401,351
전남,순천시,202402,351
전남,순천시,202403,351
전남,순천시,202404,351
전남,순천시,202405,351
전남,순천시,202406,348
전남,순천시,202407,301
전남,순천시,202408,301
전남,순천시,202409,301
전남,순천시,202410,297
전남,순천시,202411,277
전남,순천시,202412,277
전남,순천시,202501,230
전남,순천시,202502,230
전남,순천시,202503,763
전남,순천시,202504,733
전남,순천시,202505,709
전남,순천시,202506,697
전남,순천시,202507,355
전남,순천시,202508,341
전남,순천시,202509,335
전남,순천시,202510,661
전남,순천시,202511,660
전남,순천시,202512,660
전남,순천시,202601,660
전남,순천시,202602,660
전남,순천시,202603,659
전남,순천시,202604,659
전남,순천시,202605,656
전남,순천시,202606,655
전남,나주시,200701,389
전남,나주시,200702,389
전남,나주시,200703,389
전남,나주시,200704,389
전남,나주시,200705,290
전남,나주시,200706,290
전남,나주시,200707,263
전남,나주시,200708,263
전남,나주시,200709,263
전남,나주시,200710,247
전남,나주시,200711,0
전남,나주시,200712,245
전남,나주시,200801,235
전남,나주시,200802,234
전남,나주시,200803,231
전남,나주시,200804,231
전남,나주시,200805,231
전남,나주시,200806,560
전남,나주시,200807,560
전남,나주시,200808,538
전남,나주시,200809,542
전남,나주시,200810,541
전남,나주시,200811,541
전남,나주시,200812,534
전남,나주시,200901,532
전남,나주시,200902,529
전남,나주시,200903,527
전남,나주시,200904,527
전남,나주시,200905,525
전남,나주시,200906,524
전남,나주시,200907,523
전남,나주시,200908,523
전남,나주시,200909,491
전남,나주시,200910,313
전남,나주시,200911,293
전남,나주시,200912,249
전남,나주시,201001,240
전남,나주시,201002,221
전남,나주시,201003,225
전남,나주시,201004,94
전남,나주시,201005,72
전남,나주시,201006,69
전남,나주시,201007,56
전남,나주시,201008,47
전남,나주시,201009,33
전남,나주시,201010,24
전남,나주시,201011,21
전남,나주시,201012,9
전남,나주시,201101,9
전남,나주시,201102,7
전남,나주시,201103,7
전남,나주시,201104,4
전남,나주시,201105,4
전남,나주시,201106,5
전남,나주시,201107,0
전남,나주시,201108,0
전남,나주시,201109,0
전남,나주시,201110,0
전남,나주시,201111,0
전남,나주시,201112,0
전남,나주시,201201,0
전남,나주시,201202,0
전남,나주시,201203,0
전남,나주시,201204,0
전남,나주시,201205,0
전남,나주시,201206,0
전남,나주시,201207,0
전남,나주시,201208,0
전남,나주시,201209,0
전남,나주시,201210,0
전남,나주시,201211,0
전남,나주시,201212,0
전남,나주시,201301,0
전남,나주시,201302,0
전남,나주시,201303,0
전남,나주시,201304,0
전남,나주시,201305,0
전남,나주시,201306,0
전남,나주시,201307,0
전남,나주시,201308,0
전남,나주시,201309,0
전남,나주시,201310,0
전남,나주시,201311,0
전남,나주시,201312,0
전남,나주시,201401,0
전남,나주시,201402,0
전남,나주시,201403,0
전남,나주시,201404,0
전남,나주시,201405,0
전남,나주시,201406,987
전남,나주시,201407,987
전남,나주시,201408,952
전남,나주시,201409,912
전남,나주시,201410,912
전남,나주시,201411,912
전남,나주시,201412,912
전남,나주시,201501,22
전남,나주시,201502,0
전남,나주시,201503,0
전남,나주시,201504,0
전남,나주시,201505,0
전남,나주시,201506,0
전남,나주시,201507,0
전남,나주시,201508,0
전남,나주시,201509,0
전남,나주시,201510,0
전남,나주시,201511,377
전남,나주시,201512,547
전남,나주시,201601,535
전남,나주시,201602,522
전남,나주시,201603,497
전남,나주시,201604,1212
전남,나주시,201605,1100
전남,나주시,201606,1046
전남,나주시,201607,987
전남,나주시,201608,936
전남,나주시,201609,884
전남,나주시,201610,840
전남,나주시,201611,811
전남,나주시,201612,713
전남,나주시,201701,630
전남,나주시,201702,604
전남,나주시,201703,563
전남,나주시,201704,492
전남,나주시,201705,464
전남,나주시,201706,428
전남,나주시,201707,287
전남,나주시,201708,222
전남,나주시,201709,181
전남,나주시,201710,148
전남,나주시,201711,116
전남,나주시,201712,106
전남,나주시,201801,98
전남,나주시,201802,90
전남,나주시,201803,77
전남,나주시,201804,68
전남,나주시,201805,63
전남,나주시,201806,62
전남,나주시,201807,52
전남,나주시,201808,46
전남,나주시,201809,31
전남,나주시,201810,20
전남,나주시,201811,18
전남,나주시,201812,0
전남,나주시,201901,0
전남,나주시,201902,0
전남,나주시,201903,0
전남,나주시,201904,0
전남,나주시,201905,0
전남,나주시,201906,0
전남,나주시,201907,0
전남,나주시,201908,0
전남,나주시,201909,0
전남,나주시,201910,0
전남,나주시,201912,0
전남,나주시,202001,0
전남,나주시,202002,0
전남,나주시,202003,0
전남,나주시,202004,0
전남,나주시,202005,0
전남,나주시,202006,0
전남,나주시,202007,0
전남,나주시,202008,0
전남,나주시,202009,0
전남,나주시,202010,440
전남,나주시,202011,326
전남,나주시,202012,326
전남,나주시,202101,120
전남,나주시,202102,41
전남,나주시,202103,5
전남,나주시,202104,0
전남,나주시,202105,0
전남,나주시,202106,0
전남,나주시,202107,0
전남,나주시,202108,0
전남,나주시,202109,0
전남,나주시,202110,0
전남,나주시,202111,0
전남,나주시,202112,0
전남,나주시,202201,0
전남,나주시,202202,0
전남,나주시,202203,0
전남,나주시,202204,0
전남,나주시,202205,0
전남,나주시,202206,0
전남,나주시,202207,0
전남,나주시,202208,0
전남,나주시,202209,0
전남,나주시,202210,0
전남,나주시,202211,130
전남,나주시,202212,130
전남,나주시,202301,130
전남,나주시,202302,130
전남,나주시,202303,129
전남,나주시,202304,128
전남,나주시,202305,128
전남,나주시,202306,128
전남,나주시,202307,128
전남,나주시,202308,128
전남,나주시,202309,128
전남,나주시,202310,128
전남,나주시,202311,128
전남,나주시,202312,129
전남,나주시,202401,129
전남,나주시,202402,129
전남,나주시,202403,129
전남,나주시,202404,129
전남,나주시,202405,129
전남,나주시,202406,129
전남,나주시,202407,135
전남,나주시,202408,135
전남,나주시,202409,135
전남,나주시,202410,135
전남,나주시,202411,135
전남,나주시,202412,112
전남,나주시,202501,112
전남,나주시,202502,112
전남,나주시,202503,112
전남,나주시,202504,112
전남,나주시,202505,112
전남,나주시,202506,111
전남,나주시,202507,142
전남,나주시,202508,142
전남,나주시,202509,142
전남,나주시,202510,142
전남,나주시,202511,142
전남,나주시,202512,142
전남,나주시,202601,142
전남,나주시,202602,100
전남,나주시,202603,100
전남,나주시,202604,100
전남,나주시,202605,98
전남,나주시,202606,98
전남,광양시,200701,36
전남,광양시,200702,36
전남,광양시,200703,36
전남,광양시,200704,125
전남,광양시,200705,121
전남,광양시,200706,85
전남,광양시,200707,85
전남,광양시,200708,108
전남,광양시,200709,67
전남,광양시,200710,62
전남,광양시,200711,58
전남,광양시,200712,94
전남,광양시,200801,458
전남,광양시,200802,452
전남,광양시,200803,435
전남,광양시,200804,424
전남,광양시,200805,382
전남,광양시,200806,800
전남,광양시,200807,1440
전남,광양시,200808,1440
전남,광양시,200809,986
전남,광양시,200810,964
전남,광양시,200811,961
전남,광양시,200812,942
전남,광양시,200901,936
전남,광양시,200902,914
전남,광양시,200903,901
전남,광양시,200904,916
전남,광양시,200905,916
전남,광양시,200906,916
전남,광양시,200907,930
전남,광양시,200908,899
전남,광양시,200909,877
전남,광양시,200910,888
전남,광양시,200911,846
전남,광양시,200912,810
전남,광양시,201001,796
전남,광양시,201002,790
전남,광양시,201003,970
전남,광양시,201004,834
전남,광양시,201005,761
전남,광양시,201006,758
전남,광양시,201007,758
전남,광양시,201008,753
전남,광양시,201009,741
전남,광양시,201010,741
전남,광양시,201011,735
전남,광양시,201012,691
전남,광양시,201101,646
전남,광양시,201102,586
전남,광양시,201103,585
전남,광양시,201104,578
전남,광양시,201105,566
전남,광양시,201106,556
전남,광양시,201107,532
전남,광양시,201108,527
전남,광양시,201109,523
전남,광양시,201110,625
전남,광양시,201111,604
전남,광양시,201112,562
전남,광양시,201201,540
전남,광양시,201202,539
전남,광양시,201203,522
전남,광양시,201204,361
전남,광양시,201205,817
전남,광양시,201206,674
전남,광양시,201207,663
전남,광양시,201208,816
전남,광양시,201209,549
전남,광양시,201210,523
전남,광양시,201211,512
전남,광양시,201212,434
전남,광양시,201301,434
전남,광양시,201302,363
전남,광양시,201303,363
전남,광양시,201304,349
전남,광양시,201305,348
전남,광양시,201306,340
전남,광양시,201307,364
전남,광양시,201308,361
전남,광양시,201309,351
전남,광양시,201310,349
전남,광양시,201311,621
전남,광양시,201312,612
전남,광양시,201401,607
전남,광양시,201402,594
전남,광양시,201403,581
전남,광양시,201404,573
전남,광양시,201405,560
전남,광양시,201406,443
전남,광양시,201407,439
전남,광양시,201408,433
전남,광양시,201409,429
전남,광양시,201410,414
전남,광양시,201411,408
전남,광양시,201412,821
전남,광양시,201501,821
전남,광양시,201502,821
전남,광양시,201503,818
전남,광양시,201504,818
전남,광양시,201505,781
전남,광양시,201506,780
전남,광양시,201507,716
전남,광양시,201508,714
전남,광양시,201509,706
전남,광양시,201510,619
전남,광양시,201511,530
전남,광양시,201512,486
전남,광양시,201601,478
전남,광양시,201602,441
전남,광양시,201603,427
전남,광양시,201604,407
전남,광양시,201605,404
전남,광양시,201606,403
전남,광양시,201607,399
전남,광양시,201608,317
전남,광양시,201609,317
전남,광양시,201610,317
전남,광양시,201611,324
전남,광양시,201612,350
전남,광양시,201701,344
전남,광양시,201702,366
전남,광양시,201703,318
전남,광양시,201704,312
전남,광양시,201705,302
전남,광양시,201706,299
전남,광양시,201707,294
전남,광양시,201708,293
전남,광양시,201709,293
전남,광양시,201710,277
전남,광양시,201711,267
전남,광양시,201712,263
전남,광양시,201801,257
전남,광양시,201802,158
전남,광양시,201803,156
전남,광양시,201804,152
전남,광양시,201805,116
전남,광양시,201806,110
전남,광양시,201807,110
전남,광양시,201808,90
전남,광양시,201809,68
전남,광양시,201810,60
전남,광양시,201811,60
전남,광양시,201812,57
전남,광양시,201901,57
전남,광양시,201902,57
전남,광양시,201903,57
전남,광양시,201904,57
전남,광양시,201905,57
전남,광양시,201906,56
전남,광양시,201907,55
전남,광양시,201908,112
전남,광양시,201909,318
전남,광양시,201910,309
전남,광양시,201911,230
전남,광양시,201912,194
전남,광양시,202001,132
전남,광양시,202002,71
전남,광양시,202003,26
전남,광양시,202004,24
전남,광양시,202005,24
전남,광양시,202006,23
전남,광양시,202007,23
전남,광양시,202008,22
전남,광양시,202009,21
전남,광양시,202010,18
전남,광양시,202011,219
전남,광양시,202012,219
전남,광양시,202101,551
전남,광양시,202102,548
전남,광양시,202103,536
전남,광양시,202104,528
전남,광양시,202105,525
전남,광양시,202106,517
전남,광양시,202107,485
전남,광양시,202108,448
전남,광양시,202109,439
전남,광양시,202110,1335
전남,광양시,202111,1222
전남,광양시,202112,1193
전남,광양시,202201,1249
전남,광양시,202202,1288
전남,광양시,202203,1276
전남,광양시,202204,1266
전남,광양시,202205,1264
전남,광양시,202206,1262
전남,광양시,202207,1260
전남,광양시,202208,1249
전남,광양시,202209,1247
전남,광양시,202210,1244
전남,광양시,202211,1242
전남,광양시,202212,1258
전남,광양시,202301,1257
전남,광양시,202302,1256
전남,광양시,202303,1215
전남,광양시,202304,1210
전남,광양시,202305,1209
전남,광양시,202306,1756
전남,광양시,202307,1724
전남,광양시,202308,1681
전남,광양시,202309,1654
전남,광양시,202310,1633
전남,광양시,202311,1624
전남,광양시,202312,1612
전남,광양시,202401,1605
전남,광양시,202402,1604
전남,광양시,202403,1593
전남,광양시,202404,1582
전남,광양시,202405,1574
전남,광양시,202406,1566
전남,광양시,202407,1552
전남,광양시,202408,1545
전남,광양시,202409,1530
전남,광양시,202410,1394
전남,광양시,202411,1372
전남,광양시,202412,1372
전남,광양시,202501,1292
전남,광양시,202502,1241
전남,광양시,202503,1224
전남,광양시,202504,1191
전남,광양시,202505,1191
전남,광양시,202506,1081
전남,광양시,202507,978
전남,광양시,202508,917
전남,광양시,202509,917
전남,광양시,202510,530
전남,광양시,202511,468
전남,광양시,202512,451
전남,광양시,202601,408
전남,광양시,202602,358
전남,광양시,202603,877
전남,광양시,202604,877
전남,광양시,202605,686
전남,광양시,202606,620
전남,담양군,200701,0
전남,담양군,200702,0
전남,담양군,200703,0
전남,담양군,200704,0
전남,담양군,200705,0
전남,담양군,200706,0
전남,담양군,200707,0
전남,담양군,200708,0
전남,담양군,200709,0
전남,담양군,200710,0
전남,담양군,200711,0
전남,담양군,200712,0
전남,담양군,200801,0
전남,담양군,200802,0
전남,담양군,200804,0
전남,담양군,200806,0
전남,담양군,200807,0
전남,담양군,200808,0
전남,담양군,200809,0
전남,담양군,200810,0
전남,담양군,200811,0
전남,담양군,200812,0
전남,담양군,200901,0
전남,담양군,200902,0
전남,담양군,200903,0
전남,담양군,200904,0
전남,담양군,200905,0
전남,담양군,200906,0
전남,담양군,200907,0
전남,담양군,200908,0
전남,담양군,200909,0
전남,담양군,200910,0
전남,담양군,200911,0
전남,담양군,200912,0
전남,담양군,201001,0
전남,담양군,201002,0
전남,담양군,201003,0
전남,담양군,201004,0
전남,담양군,201005,0
전남,담양군,201006,0
전남,담양군,201007,0
전남,담양군,201008,0
전남,담양군,201009,0
전남,담양군,201010,0
전남,담양군,201011,0
전남,담양군,201012,0
전남,담양군,201101,0
전남,담양군,201102,0
전남,담양군,201103,0
전남,담양군,201104,0
전남,담양군,201105,0
전남,담양군,201106,0
전남,담양군,201107,0
전남,담양군,201108,0
전남,담양군,201109,0
전남,담양군,201110,0
전남,담양군,201111,0
전남,담양군,201112,0
전남,담양군,201201,0
전남,담양군,201202,0
전남,담양군,201203,0
전남,담양군,201204,0
전남,담양군,201205,0
전남,담양군,201206,0
전남,담양군,201207,0
전남,담양군,201208,0
전남,담양군,201209,0
전남,담양군,201210,0
전남,담양군,201211,0
전남,담양군,201212,0
전남,담양군,201301,0
전남,담양군,201302,0
전남,담양군,201303,0
전남,담양군,201304,0
전남,담양군,201305,0
전남,담양군,201306,0
전남,담양군,201307,0
전남,담양군,201308,0
전남,담양군,201309,0
전남,담양군,201310,0
전남,담양군,201311,0
전남,담양군,201312,0
전남,담양군,201401,0
전남,담양군,201402,0
전남,담양군,201403,0
전남,담양군,201404,0
전남,담양군,201405,0
전남,담양군,201406,0
전남,담양군,201407,0
전남,담양군,201408,0
전남,담양군,201409,0
전남,담양군,201410,0
전남,담양군,201411,0
전남,담양군,201412,0
전남,담양군,201501,0
전남,담양군,201502,0
전남,담양군,201503,0
전남,담양군,201504,0
전남,담양군,201505,0
전남,담양군,201506,0
전남,담양군,201507,0
전남,담양군,201508,0
전남,담양군,201509,0
전남,담양군,201510,0
전남,담양군,201511,0
전남,담양군,201512,0
전남,담양군,201601,0
전남,담양군,201602,0
전남,담양군,201603,0
전남,담양군,201604,0
전남,담양군,201605,0
전남,담양군,201606,0
전남,담양군,201607,0
전남,담양군,201608,0
전남,담양군,201609,0
전남,담양군,201610,0
전남,담양군,201611,0
전남,담양군,201612,0
전남,담양군,201701,0
전남,담양군,201702,0
전남,담양군,201703,0
전남,담양군,201704,0
전남,담양군,201705,0
전남,담양군,201706,0
전남,담양군,201707,0
전남,담양군,201708,0
전남,담양군,201709,0
전남,담양군,201710,0
전남,담양군,201711,0
전남,담양군,201712,0
전남,담양군,201801,0
전남,담양군,201802,0
전남,담양군,201807,0
전남,담양군,201808,0
전남,담양군,201811,0
전남,담양군,201812,122
전남,담양군,201901,81
전남,담양군,201902,58
전남,담양군,201903,95
전남,담양군,201904,80
전남,담양군,201905,10
전남,담양군,201906,0
전남,담양군,201907,0
전남,담양군,201908,0
전남,담양군,201909,0
전남,담양군,201910,0
전남,담양군,201912,0
전남,담양군,202001,0
전남,담양군,202002,0
전남,담양군,202003,0
전남,담양군,202004,0
전남,담양군,202005,0
전남,담양군,202006,0
전남,담양군,202007,0
전남,담양군,202008,0
전남,담양군,202009,0
전남,담양군,202010,0
전남,담양군,202011,0
전남,담양군,202012,0
전남,담양군,202101,0
전남,담양군,202102,0
전남,담양군,202103,0
전남,담양군,202104,0
전남,담양군,202105,0
전남,담양군,202106,0
전남,담양군,202107,0
전남,담양군,202108,0
전남,담양군,202109,0
전남,담양군,202110,0
전남,담양군,202111,0
전남,담양군,202112,0
전남,담양군,202201,0
전남,담양군,202202,0
전남,담양군,202203,0
전남,담양군,202204,0
전남,담양군,202205,0
전남,담양군,202206,0
전남,담양군,202207,0
전남,담양군,202208,0
전남,담양군,202209,0
전남,담양군,202210,0
전남,담양군,202211,0
전남,담양군,202212,0
전남,담양군,202301,0
전남,담양군,202302,0
전남,담양군,202303,0
전남,담양군,202304,67
전남,담양군,202305,67
전남,담양군,202306,65
전남,담양군,202307,62
전남,담양군,202308,61
전남,담양군,202309,61
전남,담양군,202310,59
전남,담양군,202311,59
전남,담양군,202312,36
전남,담양군,202401,35
전남,담양군,202402,35
전남,담양군,202403,35
전남,담양군,202404,33
전남,담양군,202405,33
전남,담양군,202406,32
전남,담양군,202407,32
전남,담양군,202408,32
전남,담양군,202409,32
전남,담양군,202410,31
전남,담양군,202411,31
전남,담양군,202412,26
전남,담양군,202501,26
전남,담양군,202502,26
전남,담양군,202503,23
전남,담양군,202504,23
전남,담양군,202505,23
전남,담양군,202506,40
전남,담양군,202507,40
전남,담양군,202508,45
전남,담양군,202509,47
전남,담양군,202510,47
전남,담양군,202511,47
전남,담양군,202512,47
전남,담양군,202601,47
전남,담양군,202602,47
전남,담양군,202603,47
전남,담양군,202604,38
전남,담양군,202605,38
전남,담양군,202606,36
전남,곡성군,200701,0
전남,곡성군,200702,0
전남,곡성군,200703,0
전남,곡성군,200704,0
전남,곡성군,200705,0
전남,곡성군,200706,0
전남,곡성군,200707,0
전남,곡성군,200708,0
전남,곡성군,200710,18
전남,곡성군,200711,0
전남,곡성군,200712,18
전남,곡성군,200801,0
전남,곡성군,200802,0
전남,곡성군,200804,0
전남,곡성군,200806,0
전남,곡성군,200807,0
전남,곡성군,200808,0
전남,곡성군,200809,0
전남,곡성군,200810,0
전남,곡성군,200811,0
전남,곡성군,200812,0
전남,곡성군,200901,0
전남,곡성군,200902,0
전남,곡성군,200903,0
전남,곡성군,200904,0
전남,곡성군,200905,0
전남,곡성군,200906,0
전남,곡성군,200907,0
전남,곡성군,200908,0
전남,곡성군,200909,0
전남,곡성군,200910,0
전남,곡성군,200911,0
전남,곡성군,200912,0
전남,곡성군,201001,0
전남,곡성군,201002,0
전남,곡성군,201003,0
전남,곡성군,201004,0
전남,곡성군,201005,0
전남,곡성군,201006,0
전남,곡성군,201007,0
전남,곡성군,201008,0
전남,곡성군,201009,0
전남,곡성군,201010,0
전남,곡성군,201011,0
전남,곡성군,201012,0
전남,곡성군,201101,0
전남,곡성군,201102,0
전남,곡성군,201103,0
전남,곡성군,201104,0
전남,곡성군,201105,0
전남,곡성군,201106,0
전남,곡성군,201107,0
전남,곡성군,201108,0
전남,곡성군,201109,0
전남,곡성군,201110,0
전남,곡성군,201111,0
전남,곡성군,201112,0
전남,곡성군,201201,0
전남,곡성군,201202,0
전남,곡성군,201203,0
전남,곡성군,201204,0
전남,곡성군,201205,0
전남,곡성군,201206,0
전남,곡성군,201207,0
전남,곡성군,201208,0
전남,곡성군,201209,0
전남,곡성군,201210,0
전남,곡성군,201211,0
전남,곡성군,201212,0
전남,곡성군,201301,0
전남,곡성군,201302,0
전남,곡성군,201303,0
전남,곡성군,201304,0
전남,곡성군,201305,0
전남,곡성군,201306,0
전남,곡성군,201307,0
전남,곡성군,201308,0
전남,곡성군,201309,0
전남,곡성군,201310,0
전남,곡성군,201311,0
전남,곡성군,201312,0
전남,곡성군,201401,0
전남,곡성군,201402,0
전남,곡성군,201403,0
전남,곡성군,201404,0
전남,곡성군,201405,0
전남,곡성군,201406,0
전남,곡성군,201407,0
전남,곡성군,201408,0
전남,곡성군,201409,0
전남,곡성군,201410,0
전남,곡성군,201411,0
전남,곡성군,201412,0
전남,곡성군,201501,0
전남,곡성군,201502,0
전남,곡성군,201503,0
전남,곡성군,201504,0
전남,곡성군,201505,0
전남,곡성군,201506,0
전남,곡성군,201507,0
전남,곡성군,201508,0
전남,곡성군,201509,0
전남,곡성군,201510,0
전남,곡성군,201511,0
전남,곡성군,201512,0
전남,곡성군,201601,0
전남,곡성군,201602,0
전남,곡성군,201603,0
전남,곡성군,201604,0
전남,곡성군,201605,0
전남,곡성군,201606,0
전남,곡성군,201607,0
전남,곡성군,201608,0
전남,곡성군,201609,0
전남,곡성군,201610,0
전남,곡성군,201611,0
전남,곡성군,201612,0
전남,곡성군,201701,0
전남,곡성군,201702,0
전남,곡성군,201703,0
전남,곡성군,201704,0
전남,곡성군,201705,0
전남,곡성군,201706,0
전남,곡성군,201707,0
전남,곡성군,201708,0
전남,곡성군,201709,0
전남,곡성군,201710,0
전남,곡성군,201711,0
전남,곡성군,201712,0
전남,곡성군,201801,0
전남,곡성군,201802,0
전남,곡성군,201807,0
전남,곡성군,201808,0
전남,곡성군,201811,0
전남,곡성군,201812,0
전남,곡성군,201901,0
전남,곡성군,201902,0
전남,곡성군,201903,0
전남,곡성군,201904,0
전남,곡성군,201905,0
전남,곡성군,201906,0
전남,곡성군,201907,0
전남,곡성군,201908,0
전남,곡성군,201909,0
전남,곡성군,201910,0
전남,곡성군,201912,0
전남,곡성군,202001,0
전남,곡성군,202002,0
전남,곡성군,202003,0
전남,곡성군,202004,0
전남,곡성군,202005,0
전남,곡성군,202006,0
전남,곡성군,202007,0
전남,곡성군,202008,0
전남,곡성군,202009,0
전남,곡성군,202010,0
전남,곡성군,202011,0
전남,곡성군,202012,0
전남,곡성군,202101,0
전남,곡성군,202102,0
전남,곡성군,202103,0
전남,곡성군,202104,0
전남,곡성군,202105,0
전남,곡성군,202106,0
전남,곡성군,202107,0
전남,곡성군,202108,0
전남,곡성군,202109,0
전남,곡성군,202110,0
전남,곡성군,202111,0
전남,곡성군,202112,0
전남,곡성군,202201,0
전남,곡성군,202202,0
전남,곡성군,202203,0
전남,곡성군,202204,0
전남,곡성군,202205,0
전남,곡성군,202206,0
전남,곡성군,202207,0
전남,곡성군,202208,0
전남,곡성군,202209,0
전남,곡성군,202210,0
전남,곡성군,202211,0
전남,곡성군,202212,0
전남,곡성군,202301,0
전남,곡성군,202302,0
전남,곡성군,202303,0
전남,곡성군,202304,0
전남,곡성군,202305,0
전남,곡성군,202306,0
전남,곡성군,202307,0
전남,곡성군,202308,0
전남,곡성군,202309,0
전남,곡성군,202310,0
전남,곡성군,202311,0
전남,곡성군,202312,0
전남,곡성군,202401,0
전남,곡성군,202402,0
전남,곡성군,202403,0
전남,곡성군,202404,0
전남,곡성군,202405,0
전남,곡성군,202406,0
전남,곡성군,202407,0
전남,곡성군,202408,0
전남,곡성군,202409,0
전남,곡성군,202410,0
전남,곡성군,202411,0
전남,곡성군,202412,0
전남,곡성군,202501,0
전남,곡성군,202502,0
전남,곡성군,202503,0
전남,곡성군,202504,0
전남,곡성군,202505,0
전남,곡성군,202506,0
전남,곡성군,202507,0
전남,곡성군,202508,0
전남,곡성군,202509,0
전남,곡성군,202510,0
전남,곡성군,202511,0
전남,곡성군,202512,0
전남,곡성군,202601,0
전남,곡성군,202602,0
전남,곡성군,202603,0
전남,곡성군,202604,0
전남,곡성군,202605,0
전남,곡성군,202606,0
전남,구례군,200701,32
전남,구례군,200702,32
전남,구례군,200703,30
전남,구례군,200704,30
전남,구례군,200705,44
전남,구례군,200706,44
전남,구례군,200707,44
전남,구례군,200708,0
전남,구례군,200709,0
전남,구례군,200710,0
전남,구례군,200711,0
전남,구례군,200712,0
전남,구례군,200801,0
전남,구례군,200802,0
전남,구례군,200804,0
전남,구례군,200806,0
전남,구례군,200807,0
전남,구례군,200808,0
전남,구례군,200809,0
전남,구례군,200810,0
전남,구례군,200811,0
전남,구례군,200812,0
전남,구례군,200901,0
전남,구례군,200902,0
전남,구례군,200903,0
전남,구례군,200904,0
전남,구례군,200905,0
전남,구례군,200906,0
전남,구례군,200907,21
전남,구례군,200908,21
전남,구례군,200909,21
전남,구례군,200910,21
전남,구례군,200911,21
전남,구례군,200912,13
전남,구례군,201001,0
전남,구례군,201002,0
전남,구례군,201003,0
전남,구례군,201004,0
전남,구례군,201005,0
전남,구례군,201006,0
전남,구례군,201007,0
전남,구례군,201008,0
전남,구례군,201009,0
전남,구례군,201010,0
전남,구례군,201011,0
전남,구례군,201012,0
전남,구례군,201101,0
전남,구례군,201102,0
전남,구례군,201103,0
전남,구례군,201104,0
전남,구례군,201105,0
전남,구례군,201106,0
전남,구례군,201107,0
전남,구례군,201108,0
전남,구례군,201109,0
전남,구례군,201110,0
전남,구례군,201111,0
전남,구례군,201112,0
전남,구례군,201201,0
전남,구례군,201202,0
전남,구례군,201203,0
전남,구례군,201204,0
전남,구례군,201205,0
전남,구례군,201206,0
전남,구례군,201207,0
전남,구례군,201208,0
전남,구례군,201209,0
전남,구례군,201210,0
전남,구례군,201211,0
전남,구례군,201212,0
전남,구례군,201301,0
전남,구례군,201302,0
전남,구례군,201303,0
전남,구례군,201304,0
전남,구례군,201305,0
전남,구례군,201306,0
전남,구례군,201307,0
전남,구례군,201308,0
전남,구례군,201309,0
전남,구례군,201310,0
전남,구례군,201311,0
전남,구례군,201312,0
전남,구례군,201401,0
전남,구례군,201402,0
전남,구례군,201403,0
전남,구례군,201404,0
전남,구례군,201405,0
전남,구례군,201406,0
전남,구례군,201407,0
전남,구례군,201408,0
전남,구례군,201409,0
전남,구례군,201410,0
전남,구례군,201411,0
전남,구례군,201412,0
전남,구례군,201501,0
전남,구례군,201502,0
전남,구례군,201503,0
전남,구례군,201504,0
전남,구례군,201505,0
전남,구례군,201506,0
전남,구례군,201507,0
전남,구례군,201508,0
전남,구례군,201509,0
전남,구례군,201510,0
전남,구례군,201511,0
전남,구례군,201512,0
전남,구례군,201601,0
전남,구례군,201602,0
전남,구례군,201603,0
전남,구례군,201604,0
전남,구례군,201605,0
전남,구례군,201606,0
전남,구례군,201607,0
전남,구례군,201608,0
전남,구례군,201609,0
전남,구례군,201610,0
전남,구례군,201611,0
전남,구례군,201612,0
전남,구례군,201701,0
전남,구례군,201702,0
전남,구례군,201703,0
전남,구례군,201704,0
전남,구례군,201705,0
전남,구례군,201706,0
전남,구례군,201707,0
전남,구례군,201708,0
전남,구례군,201709,0
전남,구례군,201710,0
전남,구례군,201711,0
전남,구례군,201712,0
전남,구례군,201801,0
전남,구례군,201802,0
전남,구례군,201807,0
전남,구례군,201808,0
전남,구례군,201811,0
전남,구례군,201812,0
전남,구례군,201901,0
전남,구례군,201902,0
전남,구례군,201903,0
전남,구례군,201904,0
전남,구례군,201905,0
전남,구례군,201906,0
전남,구례군,201907,0
전남,구례군,201908,22
전남,구례군,201909,22
전남,구례군,201910,22
전남,구례군,201911,22
전남,구례군,201912,18
전남,구례군,202001,12
전남,구례군,202002,10
전남,구례군,202003,10
전남,구례군,202004,10
전남,구례군,202005,10
전남,구례군,202006,9
전남,구례군,202007,9
전남,구례군,202008,5
전남,구례군,202009,4
전남,구례군,202010,1
전남,구례군,202011,1
전남,구례군,202012,1
전남,구례군,202101,1
전남,구례군,202102,1
전남,구례군,202103,1
전남,구례군,202104,1
전남,구례군,202105,1
전남,구례군,202106,1
전남,구례군,202107,1
전남,구례군,202108,1
전남,구례군,202109,1
전남,구례군,202110,1
전남,구례군,202111,1
전남,구례군,202112,1
전남,구례군,202201,1
전남,구례군,202202,0
전남,구례군,202203,0
전남,구례군,202204,0
전남,구례군,202205,0
전남,구례군,202206,0
전남,구례군,202207,0
전남,구례군,202208,0
전남,구례군,202209,0
전남,구례군,202210,2
전남,구례군,202211,2
전남,구례군,202212,2
전남,구례군,202301,2
전남,구례군,202302,2
전남,구례군,202303,2
전남,구례군,202304,2
전남,구례군,202305,5
전남,구례군,202306,5
전남,구례군,202307,5
전남,구례군,202308,5
전남,구례군,202309,5
전남,구례군,202310,5
전남,구례군,202311,5
전남,구례군,202312,5
전남,구례군,202401,5
전남,구례군,202402,0
전남,구례군,202403,0
전남,구례군,202404,0
전남,구례군,202405,0
전남,구례군,202406,0
전남,구례군,202407,73
전남,구례군,202408,73
전남,구례군,202409,136
전남,구례군,202410,136
전남,구례군,202411,136
전남,구례군,202412,136
전남,구례군,202501,135
전남,구례군,202502,135
전남,구례군,202503,136
전남,구례군,202504,136
전남,구례군,202505,136
전남,구례군,202506,134
전남,구례군,202507,189
전남,구례군,202508,189
전남,구례군,202509,189
전남,구례군,202510,179
전남,구례군,202511,179
전남,구례군,202512,179
전남,구례군,202601,174
전남,구례군,202602,174
전남,구례군,202603,174
전남,구례군,202604,164
전남,구례군,202605,161
전남,구례군,202606,161
전남,고흥군,200701,22
전남,고흥군,200702,22
전남,고흥군,200703,21
전남,고흥군,200704,21
전남,고흥군,200705,21
전남,고흥군,200706,21
전남,고흥군,200707,21
전남,고흥군,200708,20
전남,고흥군,200709,20
전남,고흥군,200710,0
전남,고흥군,200711,18
전남,고흥군,200712,0
전남,고흥군,200801,0
전남,고흥군,200802,0
전남,고흥군,200804,0
전남,고흥군,200806,9
전남,고흥군,200807,8
전남,고흥군,200808,8
전남,고흥군,200809,8
전남,고흥군,200810,8
전남,고흥군,200811,8
전남,고흥군,200812,8
전남,고흥군,200901,8
전남,고흥군,200902,8
전남,고흥군,200903,8
전남,고흥군,200904,8
전남,고흥군,200905,8
전남,고흥군,200906,8
전남,고흥군,200907,1
전남,고흥군,200908,1
전남,고흥군,200909,1
전남,고흥군,200910,1
전남,고흥군,200911,1
전남,고흥군,200912,1
전남,고흥군,201001,1
전남,고흥군,201002,1
전남,고흥군,201003,1
전남,고흥군,201004,0
전남,고흥군,201005,0
전남,고흥군,201006,0
전남,고흥군,201007,0
전남,고흥군,201008,0
전남,고흥군,201009,0
전남,고흥군,201010,0
전남,고흥군,201011,0
전남,고흥군,201012,0
전남,고흥군,201101,0
전남,고흥군,201102,0
전남,고흥군,201103,0
전남,고흥군,201104,0
전남,고흥군,201105,0
전남,고흥군,201106,0
전남,고흥군,201107,0
전남,고흥군,201108,0
전남,고흥군,201109,0
전남,고흥군,201110,0
전남,고흥군,201111,0
전남,고흥군,201112,0
전남,고흥군,201201,0
전남,고흥군,201202,0
전남,고흥군,201203,0
전남,고흥군,201204,0
전남,고흥군,201205,0
전남,고흥군,201206,0
전남,고흥군,201207,0
전남,고흥군,201208,0
전남,고흥군,201209,0
전남,고흥군,201210,0
전남,고흥군,201211,0
전남,고흥군,201212,0
전남,고흥군,201301,0
전남,고흥군,201302,0
전남,고흥군,201303,0
전남,고흥군,201304,0
전남,고흥군,201305,0
전남,고흥군,201306,0
전남,고흥군,201307,0
전남,고흥군,201308,0
전남,고흥군,201309,0
전남,고흥군,201310,0
전남,고흥군,201311,0
전남,고흥군,201312,0
전남,고흥군,201401,0
전남,고흥군,201402,0
전남,고흥군,201403,0
전남,고흥군,201404,0
전남,고흥군,201405,0
전남,고흥군,201406,0
전남,고흥군,201407,0
전남,고흥군,201408,0
전남,고흥군,201409,0
전남,고흥군,201410,0
전남,고흥군,201411,0
전남,고흥군,201412,0
전남,고흥군,201501,0
전남,고흥군,201502,0
전남,고흥군,201503,0
전남,고흥군,201504,0
전남,고흥군,201505,0
전남,고흥군,201506,0
전남,고흥군,201507,0
전남,고흥군,201508,0
전남,고흥군,201509,0
전남,고흥군,201510,0
전남,고흥군,201511,0
전남,고흥군,201512,0
전남,고흥군,201601,0
전남,고흥군,201602,0
전남,고흥군,201603,0
전남,고흥군,201604,0
전남,고흥군,201605,0
전남,고흥군,201606,0
전남,고흥군,201607,0
전남,고흥군,201608,0
전남,고흥군,201609,0
전남,고흥군,201610,0
전남,고흥군,201611,0
전남,고흥군,201612,0
전남,고흥군,201701,0
전남,고흥군,201702,0
전남,고흥군,201703,0
전남,고흥군,201704,0
전남,고흥군,201705,0
전남,고흥군,201706,0
전남,고흥군,201707,0
전남,고흥군,201708,0
전남,고흥군,201709,63
전남,고흥군,201710,68
전남,고흥군,201711,64
전남,고흥군,201712,57
전남,고흥군,201801,53
전남,고흥군,201802,47
전남,고흥군,201803,39
전남,고흥군,201804,29
전남,고흥군,201805,26
전남,고흥군,201806,25
전남,고흥군,201807,25
전남,고흥군,201808,25
전남,고흥군,201809,20
전남,고흥군,201811,20
전남,고흥군,201812,30
전남,고흥군,201901,20
전남,고흥군,201902,20
전남,고흥군,201903,20
전남,고흥군,201904,20
전남,고흥군,201905,18
전남,고흥군,201906,18
전남,고흥군,201907,18
전남,고흥군,201908,18
전남,고흥군,201909,18
전남,고흥군,201910,18
전남,고흥군,201911,18
전남,고흥군,201912,18
전남,고흥군,202001,18
전남,고흥군,202002,18
전남,고흥군,202003,18
전남,고흥군,202004,18
전남,고흥군,202005,18
전남,고흥군,202006,18
전남,고흥군,202007,18
전남,고흥군,202008,20
전남,고흥군,202009,20
전남,고흥군,202010,10
전남,고흥군,202011,17
전남,고흥군,202012,17
전남,고흥군,202101,16
전남,고흥군,202102,16
전남,고흥군,202103,16
전남,고흥군,202104,14
전남,고흥군,202105,16
전남,고흥군,202106,19
전남,고흥군,202107,17
전남,고흥군,202108,16
전남,고흥군,202109,16
전남,고흥군,202110,24
전남,고흥군,202111,22
전남,고흥군,202112,20
전남,고흥군,202201,20
전남,고흥군,202202,20
전남,고흥군,202203,20
전남,고흥군,202204,19
전남,고흥군,202205,18
전남,고흥군,202206,18
전남,고흥군,202207,19
전남,고흥군,202208,19
전남,고흥군,202209,19
전남,고흥군,202210,19
전남,고흥군,202211,19
전남,고흥군,202212,19
전남,고흥군,202301,19
전남,고흥군,202302,19
전남,고흥군,202303,19
전남,고흥군,202304,19
전남,고흥군,202305,19
전남,고흥군,202306,19
전남,고흥군,202307,19
전남,고흥군,202308,19
전남,고흥군,202309,19
전남,고흥군,202310,19
전남,고흥군,202311,19
전남,고흥군,202312,19
전남,고흥군,202401,19
전남,고흥군,202402,19
전남,고흥군,202403,19
전남,고흥군,202404,19
전남,고흥군,202405,19
전남,고흥군,202406,19
전남,고흥군,202407,12
전남,고흥군,202408,12
전남,고흥군,202409,12
전남,고흥군,202410,12
전남,고흥군,202411,12
전남,고흥군,202412,12
전남,고흥군,202501,11
전남,고흥군,202502,11
전남,고흥군,202503,11
전남,고흥군,202504,11
전남,고흥군,202505,11
전남,고흥군,202506,11
전남,고흥군,202507,11
전남,고흥군,202508,11
전남,고흥군,202509,11
전남,고흥군,202510,4
전남,고흥군,202511,4
전남,고흥군,202512,4
전남,고흥군,202601,4
전남,고흥군,202602,4
전남,고흥군,202603,4
전남,고흥군,202604,0
전남,고흥군,202605,0
전남,고흥군,202606,0
전남,보성군,200701,0
전남,보성군,200702,0
전남,보성군,200703,0
전남,보성군,200704,0
전남,보성군,200705,0
전남,보성군,200706,0
전남,보성군,200707,0
전남,보성군,200708,0
전남,보성군,200709,0
전남,보성군,200710,0
전남,보성군,200711,0
전남,보성군,200712,0
전남,보성군,200801,0
전남,보성군,200802,0
전남,보성군,200804,0
전남,보성군,200806,0
전남,보성군,200807,0
전남,보성군,200808,0
전남,보성군,200809,0
전남,보성군,200810,0
전남,보성군,200811,0
전남,보성군,200812,0
전남,보성군,200901,0
전남,보성군,200902,0
전남,보성군,200903,0
전남,보성군,200904,0
전남,보성군,200905,0
전남,보성군,200906,0
전남,보성군,200907,0
전남,보성군,200908,0
전남,보성군,200909,0
전남,보성군,200910,0
전남,보성군,200911,0
전남,보성군,200912,0
전남,보성군,201001,0
전남,보성군,201002,0
전남,보성군,201003,0
전남,보성군,201004,0
전남,보성군,201005,0
전남,보성군,201006,0
전남,보성군,201007,0
전남,보성군,201008,0
전남,보성군,201009,0
전남,보성군,201010,0
전남,보성군,201011,0
전남,보성군,201012,0
전남,보성군,201101,0
전남,보성군,201102,0
전남,보성군,201103,0
전남,보성군,201104,0
전남,보성군,201105,0
전남,보성군,201106,0
전남,보성군,201107,0
전남,보성군,201108,0
전남,보성군,201109,0
전남,보성군,201110,0
전남,보성군,201111,0
전남,보성군,201112,0
전남,보성군,201201,0
전남,보성군,201202,0
전남,보성군,201203,0
전남,보성군,201204,0
전남,보성군,201205,0
전남,보성군,201206,0
전남,보성군,201207,0
전남,보성군,201208,0
전남,보성군,201209,0
전남,보성군,201210,0
전남,보성군,201211,0
전남,보성군,201212,0
전남,보성군,201301,0
전남,보성군,201302,0
전남,보성군,201303,0
전남,보성군,201304,0
전남,보성군,201305,0
전남,보성군,201306,0
전남,보성군,201307,0
전남,보성군,201308,0
전남,보성군,201309,0
전남,보성군,201310,0
전남,보성군,201311,0
전남,보성군,201312,0
전남,보성군,201401,0
전남,보성군,201402,0
전남,보성군,201403,0
전남,보성군,201404,0
전남,보성군,201405,0
전남,보성군,201406,0
전남,보성군,201407,0
전남,보성군,201408,0
전남,보성군,201409,0
전남,보성군,201410,0
전남,보성군,201411,0
전남,보성군,201412,0
전남,보성군,201501,0
전남,보성군,201502,0
전남,보성군,201503,0
전남,보성군,201504,0
전남,보성군,201505,0
전남,보성군,201506,0
전남,보성군,201507,0
전남,보성군,201508,0
전남,보성군,201509,0
전남,보성군,201510,0
전남,보성군,201511,0
전남,보성군,201512,0
전남,보성군,201601,0
전남,보성군,201602,0
전남,보성군,201603,0
전남,보성군,201604,0
전남,보성군,201605,0
전남,보성군,201606,0
전남,보성군,201607,0
전남,보성군,201608,0
전남,보성군,201609,0
전남,보성군,201610,0
전남,보성군,201611,0
전남,보성군,201612,0
전남,보성군,201701,0
전남,보성군,201702,0
전남,보성군,201703,0
전남,보성군,201704,0
전남,보성군,201705,0
전남,보성군,201706,0
전남,보성군,201707,0
전남,보성군,201708,0
전남,보성군,201709,0
전남,보성군,201710,0
전남,보성군,201711,0
전남,보성군,201712,0
전남,보성군,201801,0
전남,보성군,201802,0
전남,보성군,201807,0
전남,보성군,201808,0
전남,보성군,201811,0
전남,보성군,201812,0
전남,보성군,201901,0
전남,보성군,201902,0
전남,보성군,201903,0
전남,보성군,201904,0
전남,보성군,201905,0
전남,보성군,201906,0
전남,보성군,201907,0
전남,보성군,201908,0
전남,보성군,201909,0
전남,보성군,201910,0
전남,보성군,201912,0
전남,보성군,202001,0
전남,보성군,202002,0
전남,보성군,202003,0
전남,보성군,202004,0
전남,보성군,202005,0
전남,보성군,202006,0
전남,보성군,202007,0
전남,보성군,202008,0
전남,보성군,202009,0
전남,보성군,202010,0
전남,보성군,202011,0
전남,보성군,202012,0
전남,보성군,202101,0
전남,보성군,202102,0
전남,보성군,202103,0
전남,보성군,202104,0
전남,보성군,202105,0
전남,보성군,202106,0
전남,보성군,202107,0
전남,보성군,202108,0
전남,보성군,202109,0
전남,보성군,202110,0
전남,보성군,202111,0
전남,보성군,202112,0
전남,보성군,202201,0
전남,보성군,202202,0
전남,보성군,202203,0
전남,보성군,202204,0
전남,보성군,202205,0
전남,보성군,202206,0
전남,보성군,202207,0
전남,보성군,202208,0
전남,보성군,202209,0
전남,보성군,202210,0
전남,보성군,202211,0
전남,보성군,202212,0
전남,보성군,202301,0
전남,보성군,202302,0
전남,보성군,202303,0
전남,보성군,202304,0
전남,보성군,202305,0
전남,보성군,202306,0
전남,보성군,202307,0
전남,보성군,202308,0
전남,보성군,202309,0
전남,보성군,202310,0
전남,보성군,202311,0
전남,보성군,202312,0
전남,보성군,202401,0
전남,보성군,202402,0
전남,보성군,202403,0
전남,보성군,202404,0
전남,보성군,202405,0
전남,보성군,202406,0
전남,보성군,202407,0
전남,보성군,202408,0
전남,보성군,202409,0
전남,보성군,202410,0
전남,보성군,202411,0
전남,보성군,202412,0
전남,보성군,202501,0
전남,보성군,202502,0
전남,보성군,202503,0
전남,보성군,202504,0
전남,보성군,202505,0
전남,보성군,202506,0
전남,보성군,202507,0
전남,보성군,202508,0
전남,보성군,202509,0
전남,보성군,202510,0
전남,보성군,202511,0
전남,보성군,202512,0
전남,보성군,202601,0
전남,보성군,202602,0
전남,보성군,202603,0
전남,보성군,202604,0
전남,보성군,202605,0
전남,보성군,202606,0
전남,화순군,200701,0
전남,화순군,200702,0
전남,화순군,200703,0
전남,화순군,200704,0
전남,화순군,200705,0
전남,화순군,200706,0
전남,화순군,200707,0
전남,화순군,200708,0
전남,화순군,200709,0
전남,화순군,200710,0
전남,화순군,200711,0
전남,화순군,200712,11
전남,화순군,200801,0
전남,화순군,200802,0
전남,화순군,200804,0
전남,화순군,200806,0
전남,화순군,200807,0
전남,화순군,200808,0
전남,화순군,200809,0
전남,화순군,200810,0
전남,화순군,200811,0
전남,화순군,200812,0
전남,화순군,200901,0
전남,화순군,200902,0
전남,화순군,200903,0
전남,화순군,200904,0
전남,화순군,200905,0
전남,화순군,200906,0
전남,화순군,200907,0
전남,화순군,200908,0
전남,화순군,200909,286
전남,화순군,200910,283
전남,화순군,200911,282
전남,화순군,200912,277
전남,화순군,201001,273
전남,화순군,201002,270
전남,화순군,201003,271
전남,화순군,201004,260
전남,화순군,201005,253
전남,화순군,201006,249
전남,화순군,201007,243
전남,화순군,201008,191
전남,화순군,201009,175
전남,화순군,201010,161
전남,화순군,201011,156
전남,화순군,201012,115
전남,화순군,201101,98
전남,화순군,201102,67
전남,화순군,201103,25
전남,화순군,201104,9
전남,화순군,201105,2
전남,화순군,201106,2
전남,화순군,201107,2
전남,화순군,201108,0
전남,화순군,201109,0
전남,화순군,201110,0
전남,화순군,201111,0
전남,화순군,201112,0
전남,화순군,201201,0
전남,화순군,201202,0
전남,화순군,201203,0
전남,화순군,201204,0
전남,화순군,201205,0
전남,화순군,201206,0
전남,화순군,201207,0
전남,화순군,201208,0
전남,화순군,201209,0
전남,화순군,201210,0
전남,화순군,201211,0
전남,화순군,201212,0
전남,화순군,201301,0
전남,화순군,201302,0
전남,화순군,201303,0
전남,화순군,201304,0
전남,화순군,201305,0
전남,화순군,201306,0
전남,화순군,201307,0
전남,화순군,201308,0
전남,화순군,201309,0
전남,화순군,201310,0
전남,화순군,201311,0
전남,화순군,201312,0
전남,화순군,201401,0
전남,화순군,201402,0
전남,화순군,201403,0
전남,화순군,201404,0
전남,화순군,201405,0
전남,화순군,201406,0
전남,화순군,201407,0
전남,화순군,201408,0
전남,화순군,201409,0
전남,화순군,201410,0
전남,화순군,201411,0
전남,화순군,201412,0
전남,화순군,201501,0
전남,화순군,201502,0
전남,화순군,201503,0
전남,화순군,201504,0
전남,화순군,201505,0
전남,화순군,201506,0
전남,화순군,201507,0
전남,화순군,201508,0
전남,화순군,201509,0
전남,화순군,201510,0
전남,화순군,201511,0
전남,화순군,201512,0
전남,화순군,201601,0
전남,화순군,201602,0
전남,화순군,201603,0
전남,화순군,201604,0
전남,화순군,201605,0
전남,화순군,201606,0
전남,화순군,201607,0
전남,화순군,201608,0
전남,화순군,201609,0
전남,화순군,201610,0
전남,화순군,201611,0
전남,화순군,201612,0
전남,화순군,201701,0
전남,화순군,201702,0
전남,화순군,201703,0
전남,화순군,201704,0
전남,화순군,201705,0
전남,화순군,201706,0
전남,화순군,201707,0
전남,화순군,201708,0
전남,화순군,201709,0
전남,화순군,201710,0
전남,화순군,201711,0
전남,화순군,201712,0
전남,화순군,201801,0
전남,화순군,201802,0
전남,화순군,201805,61
전남,화순군,201806,51
전남,화순군,201807,35
전남,화순군,201808,34
전남,화순군,201809,35
전남,화순군,201810,33
전남,화순군,201811,32
전남,화순군,201812,32
전남,화순군,201901,21
전남,화순군,201902,20
전남,화순군,201903,18
전남,화순군,201904,15
전남,화순군,201905,15
전남,화순군,201906,14
전남,화순군,201907,14
전남,화순군,201908,12
전남,화순군,201909,0
전남,화순군,201910,0
전남,화순군,201912,0
전남,화순군,202001,0
전남,화순군,202002,0
전남,화순군,202003,0
전남,화순군,202004,0
전남,화순군,202005,0
전남,화순군,202006,0
전남,화순군,202007,0
전남,화순군,202008,0
전남,화순군,202009,0
전남,화순군,202010,0
전남,화순군,202011,0
전남,화순군,202012,0
전남,화순군,202101,0
전남,화순군,202102,0
전남,화순군,202103,0
전남,화순군,202104,0
전남,화순군,202105,0
전남,화순군,202106,0
전남,화순군,202107,0
전남,화순군,202108,0
전남,화순군,202109,0
전남,화순군,202110,0
전남,화순군,202111,0
전남,화순군,202112,0
전남,화순군,202201,0
전남,화순군,202202,0
전남,화순군,202203,0
전남,화순군,202204,0
전남,화순군,202205,0
전남,화순군,202206,37
전남,화순군,202207,35
전남,화순군,202208,33
전남,화순군,202209,33
전남,화순군,202210,32
전남,화순군,202211,32
전남,화순군,202212,119
전남,화순군,202301,119
전남,화순군,202302,119
전남,화순군,202303,119
전남,화순군,202304,118
전남,화순군,202305,118
전남,화순군,202306,117
전남,화순군,202307,117
전남,화순군,202308,117
전남,화순군,202309,119
전남,화순군,202310,119
전남,화순군,202311,119
전남,화순군,202312,119
전남,화순군,202401,119
전남,화순군,202402,119
전남,화순군,202403,119
전남,화순군,202404,119
전남,화순군,202405,167
전남,화순군,202406,167
전남,화순군,202407,167
전남,화순군,202408,168
전남,화순군,202409,168
전남,화순군,202410,168
전남,화순군,202411,168
전남,화순군,202412,170
전남,화순군,202501,170
전남,화순군,202502,170
전남,화순군,202503,170
전남,화순군,202504,170
전남,화순군,202505,170
전남,화순군,202506,170
전남,화순군,202507,170
전남,화순군,202508,166
전남,화순군,202509,166
전남,화순군,202510,166
전남,화순군,202511,165
전남,화순군,202512,165
전남,화순군,202601,164
전남,화순군,202602,164
전남,화순군,202603,130
전남,화순군,202604,80
전남,화순군,202605,80
전남,화순군,202606,8
전남,장흥군,200708,0
전남,장흥군,200801,0
전남,장흥군,200802,0
전남,장흥군,200806,0
전남,장흥군,200808,0
전남,장흥군,200809,0
전남,장흥군,200811,0
전남,장흥군,200812,0
전남,장흥군,200901,0
전남,장흥군,200902,0
전남,장흥군,200903,0
전남,장흥군,200904,0
전남,장흥군,200905,0
전남,장흥군,200906,0
전남,장흥군,200907,0
전남,장흥군,200908,0
전남,장흥군,200909,0
전남,장흥군,200910,0
전남,장흥군,200911,0
전남,장흥군,200912,0
전남,장흥군,201001,42
전남,장흥군,201002,37
전남,장흥군,201003,34
전남,장흥군,201004,31
전남,장흥군,201005,24
전남,장흥군,201006,17
전남,장흥군,201007,15
전남,장흥군,201008,11
전남,장흥군,201009,9
전남,장흥군,201010,8
전남,장흥군,201011,7
전남,장흥군,201012,6
전남,장흥군,201101,2
전남,장흥군,201102,1
전남,장흥군,201103,1
전남,장흥군,201104,1
전남,장흥군,201105,1
전남,장흥군,201106,1
전남,장흥군,201107,1
전남,장흥군,201108,1
전남,장흥군,201109,1
전남,장흥군,201110,1
전남,장흥군,201111,1
전남,장흥군,201112,1
전남,장흥군,201201,1
전남,장흥군,201202,1
전남,장흥군,201203,1
전남,장흥군,201204,1
전남,장흥군,201205,1
전남,장흥군,201206,1
전남,장흥군,201207,1
전남,장흥군,201208,1
전남,장흥군,201209,1
전남,장흥군,201210,1
전남,장흥군,201211,1
전남,장흥군,201212,0
전남,장흥군,201301,0
전남,장흥군,201302,0
전남,장흥군,201303,0
전남,장흥군,201304,0
전남,장흥군,201305,0
전남,장흥군,201306,0
전남,장흥군,201307,0
전남,장흥군,201308,0
전남,장흥군,201309,0
전남,장흥군,201310,0
전남,장흥군,201311,0
전남,장흥군,201312,0
전남,장흥군,201401,0
전남,장흥군,201402,0
전남,장흥군,201403,0
전남,장흥군,201404,0
전남,장흥군,201405,0
전남,장흥군,201406,0
전남,장흥군,201407,0
전남,장흥군,201408,0
전남,장흥군,201409,0
전남,장흥군,201410,0
전남,장흥군,201411,0
전남,장흥군,201412,0
전남,장흥군,201501,0
전남,장흥군,201502,0
전남,장흥군,201503,0
전남,장흥군,201504,0
전남,장흥군,201505,0
전남,장흥군,201506,0
전남,장흥군,201507,0
전남,장흥군,201508,0
전남,장흥군,201509,0
전남,장흥군,201510,0
전남,장흥군,201511,0
전남,장흥군,201512,0
전남,장흥군,201601,0
전남,장흥군,201602,0
전남,장흥군,201603,0
전남,장흥군,201604,0
전남,장흥군,201605,0
전남,장흥군,201606,0
전남,장흥군,201607,0
전남,장흥군,201608,0
전남,장흥군,201609,0
전남,장흥군,201610,0
전남,장흥군,201611,0
전남,장흥군,201612,0
전남,장흥군,201701,0
전남,장흥군,201702,0
전남,장흥군,201703,0
전남,장흥군,201704,0
전남,장흥군,201705,0
전남,장흥군,201706,0
전남,장흥군,201707,0
전남,장흥군,201708,0
전남,장흥군,201709,0
전남,장흥군,201710,0
전남,장흥군,201711,0
전남,장흥군,201712,0
전남,장흥군,201801,79
전남,장흥군,201802,74
전남,장흥군,201803,64
전남,장흥군,201804,62
전남,장흥군,201805,60
전남,장흥군,201806,58
전남,장흥군,201807,57
전남,장흥군,201808,54
전남,장흥군,201809,52
전남,장흥군,201810,52
전남,장흥군,201811,49
전남,장흥군,201812,49
전남,장흥군,201901,46
전남,장흥군,201902,46
전남,장흥군,201903,44
전남,장흥군,201904,40
전남,장흥군,201905,38
전남,장흥군,201906,34
전남,장흥군,201907,32
전남,장흥군,201908,24
전남,장흥군,201909,20
전남,장흥군,201910,12
전남,장흥군,201911,6
전남,장흥군,201912,2
전남,장흥군,202001,0
전남,장흥군,202002,0
전남,장흥군,202003,0
전남,장흥군,202004,0
전남,장흥군,202005,0
전남,장흥군,202006,0
전남,장흥군,202007,0
전남,장흥군,202008,0
전남,장흥군,202009,0
전남,장흥군,202010,0
전남,장흥군,202011,0
전남,장흥군,202012,0
전남,장흥군,202101,0
전남,장흥군,202102,0
전남,장흥군,202103,0
전남,장흥군,202104,0
전남,장흥군,202105,0
전남,장흥군,202106,0
전남,장흥군,202107,0
전남,장흥군,202108,0
전남,장흥군,202109,0
전남,장흥군,202110,0
전남,장흥군,202111,0
전남,장흥군,202112,0
전남,장흥군,202201,0
전남,장흥군,202202,0
전남,장흥군,202203,0
전남,장흥군,202204,0
전남,장흥군,202205,0
전남,장흥군,202206,0
전남,장흥군,202207,0
전남,장흥군,202208,0
전남,장흥군,202209,0
전남,장흥군,202210,99
전남,장흥군,202211,95
전남,장흥군,202212,95
전남,장흥군,202301,95
전남,장흥군,202302,91
전남,장흥군,202303,84
전남,장흥군,202304,83
전남,장흥군,202305,83
전남,장흥군,202306,83
전남,장흥군,202307,79
전남,장흥군,202308,76
전남,장흥군,202309,67
전남,장흥군,202310,64
전남,장흥군,202311,63
전남,장흥군,202312,63
전남,장흥군,202401,61
전남,장흥군,202402,61
전남,장흥군,202403,57
전남,장흥군,202404,54
전남,장흥군,202405,52
전남,장흥군,202406,52
전남,장흥군,202407,46
전남,장흥군,202408,91
전남,장흥군,202409,91
전남,장흥군,202410,90
전남,장흥군,202411,90
전남,장흥군,202412,90
전남,장흥군,202501,90
전남,장흥군,202502,89
전남,장흥군,202503,89
전남,장흥군,202504,89
전남,장흥군,202505,84
전남,장흥군,202506,82
전남,장흥군,202507,82
전남,장흥군,202508,82
전남,장흥군,202509,82
전남,장흥군,202510,82
전남,장흥군,202511,82
전남,장흥군,202512,76
전남,장흥군,202601,80
전남,장흥군,202602,76
전남,장흥군,202603,76
전남,장흥군,202604,76
전남,장흥군,202605,71
전남,장흥군,202606,71
전남,강진군,200701,24
전남,강진군,200702,23
전남,강진군,200703,23
전남,강진군,200704,23
전남,강진군,200705,23
전남,강진군,200706,23
전남,강진군,200707,23
전남,강진군,200708,23
전남,강진군,200709,23
전남,강진군,200710,23
전남,강진군,200711,23
전남,강진군,200712,23
전남,강진군,200801,28
전남,강진군,200806,0
전남,강진군,200809,0
전남,강진군,200811,0
전남,강진군,200812,0
전남,강진군,200901,0
전남,강진군,200902,0
전남,강진군,200903,0
전남,강진군,200904,14
전남,강진군,200905,14
전남,강진군,200906,14
전남,강진군,200907,14
전남,강진군,200908,14
전남,강진군,200909,14
전남,강진군,200910,14
전남,강진군,200911,14
전남,강진군,200912,14
전남,강진군,201001,14
전남,강진군,201002,14
전남,강진군,201003,14
전남,강진군,201004,14
전남,강진군,201005,14
전남,강진군,201006,14
전남,강진군,201007,0
전남,강진군,201008,0
전남,강진군,201009,0
전남,강진군,201010,0
전남,강진군,201011,0
전남,강진군,201012,0
전남,강진군,201101,0
전남,강진군,201102,0
전남,강진군,201103,0
전남,강진군,201104,0
전남,강진군,201105,0
전남,강진군,201106,0
전남,강진군,201107,0
전남,강진군,201108,0
전남,강진군,201109,0
전남,강진군,201110,0
전남,강진군,201111,0
전남,강진군,201112,0
전남,강진군,201201,0
전남,강진군,201202,0
전남,강진군,201203,0
전남,강진군,201204,0
전남,강진군,201205,0
전남,강진군,201206,0
전남,강진군,201207,0
전남,강진군,201208,0
전남,강진군,201209,0
전남,강진군,201210,0
전남,강진군,201211,0
전남,강진군,201212,0
전남,강진군,201301,0
전남,강진군,201302,0
전남,강진군,201303,0
전남,강진군,201304,0
전남,강진군,201305,0
전남,강진군,201306,0
전남,강진군,201307,0
전남,강진군,201308,0
전남,강진군,201309,0
전남,강진군,201310,0
전남,강진군,201311,0
전남,강진군,201312,0
전남,강진군,201401,0
전남,강진군,201402,0
전남,강진군,201403,0
전남,강진군,201404,0
전남,강진군,201405,0
전남,강진군,201406,0
전남,강진군,201407,0
전남,강진군,201408,0
전남,강진군,201409,0
전남,강진군,201410,0
전남,강진군,201411,0
전남,강진군,201412,0
전남,강진군,201501,0
전남,강진군,201502,0
전남,강진군,201503,0
전남,강진군,201504,0
전남,강진군,201505,0
전남,강진군,201506,0
전남,강진군,201507,0
전남,강진군,201508,0
전남,강진군,201509,0
전남,강진군,201510,0
전남,강진군,201511,0
전남,강진군,201512,0
전남,강진군,201601,0
전남,강진군,201602,0
전남,강진군,201603,0
전남,강진군,201604,0
전남,강진군,201605,0
전남,강진군,201606,0
전남,강진군,201607,0
전남,강진군,201608,0
전남,강진군,201609,0
전남,강진군,201610,0
전남,강진군,201611,0
전남,강진군,201612,0
전남,강진군,201701,0
전남,강진군,201702,0
전남,강진군,201703,0
전남,강진군,201704,0
전남,강진군,201705,0
전남,강진군,201706,0
전남,강진군,201707,0
전남,강진군,201708,0
전남,강진군,201709,0
전남,강진군,201710,0
전남,강진군,201711,0
전남,강진군,201712,0
전남,강진군,201801,0
전남,강진군,201802,0
전남,강진군,201803,143
전남,강진군,201804,132
전남,강진군,201805,132
전남,강진군,201806,154
전남,강진군,201807,146
전남,강진군,201808,121
전남,강진군,201809,121
전남,강진군,201810,108
전남,강진군,201811,102
전남,강진군,201812,84
전남,강진군,201901,80
전남,강진군,201902,78
전남,강진군,201903,78
전남,강진군,201904,78
전남,강진군,201905,74
전남,강진군,201906,74
전남,강진군,201907,67
전남,강진군,201908,64
전남,강진군,201909,64
전남,강진군,201910,64
전남,강진군,201911,61
전남,강진군,201912,61
전남,강진군,202001,56
전남,강진군,202002,52
전남,강진군,202003,52
전남,강진군,202004,52
전남,강진군,202005,52
전남,강진군,202006,52
전남,강진군,202007,52
전남,강진군,202008,68
전남,강진군,202009,68
전남,강진군,202010,56
전남,강진군,202011,53
전남,강진군,202012,53
전남,강진군,202101,29
전남,강진군,202102,29
전남,강진군,202103,24
전남,강진군,202104,22
전남,강진군,202105,19
전남,강진군,202106,19
전남,강진군,202107,19
전남,강진군,202108,11
전남,강진군,202109,11
전남,강진군,202110,11
전남,강진군,202111,11
전남,강진군,202112,4
전남,강진군,202201,4
전남,강진군,202202,4
전남,강진군,202203,0
전남,강진군,202204,0
전남,강진군,202205,0
전남,강진군,202206,0
전남,강진군,202207,0
전남,강진군,202208,0
전남,강진군,202209,0
전남,강진군,202210,0
전남,강진군,202211,0
전남,강진군,202212,0
전남,강진군,202301,0
전남,강진군,202302,0
전남,강진군,202303,0
전남,강진군,202304,0
전남,강진군,202305,0
전남,강진군,202306,0
전남,강진군,202307,0
전남,강진군,202308,0
전남,강진군,202309,0
전남,강진군,202310,0
전남,강진군,202311,0
전남,강진군,202312,0
전남,강진군,202401,0
전남,강진군,202402,0
전남,강진군,202403,0
전남,강진군,202404,0
전남,강진군,202405,0
전남,강진군,202406,0
전남,강진군,202407,0
전남,강진군,202408,0
전남,강진군,202409,0
전남,강진군,202410,0
전남,강진군,202411,0
전남,강진군,202412,0
전남,강진군,202501,0
전남,강진군,202502,0
전남,강진군,202503,0
전남,강진군,202504,0
전남,강진군,202505,0
전남,강진군,202506,0
전남,강진군,202507,0
전남,강진군,202508,0
전남,강진군,202509,0
전남,강진군,202510,0
전남,강진군,202511,0
전남,강진군,202512,0
전남,강진군,202601,0
전남,강진군,202602,0
전남,강진군,202603,0
전남,강진군,202604,0
전남,강진군,202605,0
전남,강진군,202606,0
전남,해남군,200701,32
전남,해남군,200702,30
전남,해남군,200703,30
전남,해남군,200704,30
전남,해남군,200705,28
전남,해남군,200706,28
전남,해남군,200707,28
전남,해남군,200708,28
전남,해남군,200709,28
전남,해남군,200710,28
전남,해남군,200711,28
전남,해남군,200712,28
전남,해남군,200801,0
전남,해남군,200802,28
전남,해남군,200803,28
전남,해남군,200804,28
전남,해남군,200805,28
전남,해남군,200806,65
전남,해남군,200807,65
전남,해남군,200808,65
전남,해남군,200809,65
전남,해남군,200810,65
전남,해남군,200811,61
전남,해남군,200812,61
전남,해남군,200901,61
전남,해남군,200902,24
전남,해남군,200903,24
전남,해남군,200904,22
전남,해남군,200905,22
전남,해남군,200906,22
전남,해남군,200907,16
전남,해남군,200908,15
전남,해남군,200909,14
전남,해남군,200910,13
전남,해남군,200911,11
전남,해남군,200912,11
전남,해남군,201001,11
전남,해남군,201002,11
전남,해남군,201003,10
전남,해남군,201004,10
전남,해남군,201005,10
전남,해남군,201006,7
전남,해남군,201007,7
전남,해남군,201008,7
전남,해남군,201009,7
전남,해남군,201010,7
전남,해남군,201011,4
전남,해남군,201012,4
전남,해남군,201101,4
전남,해남군,201102,4
전남,해남군,201103,2
전남,해남군,201104,0
전남,해남군,201105,0
전남,해남군,201106,0
전남,해남군,201107,0
전남,해남군,201108,0
전남,해남군,201109,0
전남,해남군,201110,0
전남,해남군,201111,0
전남,해남군,201112,0
전남,해남군,201201,0
전남,해남군,201202,0
전남,해남군,201203,0
전남,해남군,201204,0
전남,해남군,201205,0
전남,해남군,201206,0
전남,해남군,201207,0
전남,해남군,201208,0
전남,해남군,201209,0
전남,해남군,201210,0
전남,해남군,201211,0
전남,해남군,201212,0
전남,해남군,201301,0
전남,해남군,201302,0
전남,해남군,201303,0
전남,해남군,201304,0
전남,해남군,201305,0
전남,해남군,201306,0
전남,해남군,201307,0
전남,해남군,201308,0
전남,해남군,201309,0
전남,해남군,201310,0
전남,해남군,201311,0
전남,해남군,201312,0
전남,해남군,201401,0
전남,해남군,201402,0
전남,해남군,201403,0
전남,해남군,201404,0
전남,해남군,201405,0
전남,해남군,201406,0
전남,해남군,201407,0
전남,해남군,201408,0
전남,해남군,201409,0
전남,해남군,201410,0
전남,해남군,201411,0
전남,해남군,201412,0
전남,해남군,201501,0
전남,해남군,201502,0
전남,해남군,201503,0
전남,해남군,201504,0
전남,해남군,201505,0
전남,해남군,201506,0
전남,해남군,201507,0
전남,해남군,201508,0
전남,해남군,201509,0
전남,해남군,201510,0
전남,해남군,201511,0
전남,해남군,201512,0
전남,해남군,201601,0
전남,해남군,201602,0
전남,해남군,201603,0
전남,해남군,201604,0
전남,해남군,201605,0
전남,해남군,201606,0
전남,해남군,201607,0
전남,해남군,201608,0
전남,해남군,201609,0
전남,해남군,201610,0
전남,해남군,201611,0
전남,해남군,201612,0
전남,해남군,201701,0
전남,해남군,201702,0
전남,해남군,201703,0
전남,해남군,201704,0
전남,해남군,201705,0
전남,해남군,201706,0
전남,해남군,201707,6
전남,해남군,201708,6
전남,해남군,201709,60
전남,해남군,201710,58
전남,해남군,201711,58
전남,해남군,201712,58
전남,해남군,201801,58
전남,해남군,201802,51
전남,해남군,201803,48
전남,해남군,201804,48
전남,해남군,201805,48
전남,해남군,201806,48
전남,해남군,201807,48
전남,해남군,201808,48
전남,해남군,201809,46
전남,해남군,201810,46
전남,해남군,201811,44
전남,해남군,201812,41
전남,해남군,201901,38
전남,해남군,201902,61
전남,해남군,201903,53
전남,해남군,201904,45
전남,해남군,201905,42
전남,해남군,201906,38
전남,해남군,201907,40
전남,해남군,201908,40
전남,해남군,201909,115
전남,해남군,201910,116
전남,해남군,201911,115
전남,해남군,201912,115
전남,해남군,202001,115
전남,해남군,202002,33
전남,해남군,202003,30
전남,해남군,202004,19
전남,해남군,202005,16
전남,해남군,202006,14
전남,해남군,202007,14
전남,해남군,202008,11
전남,해남군,202009,10
전남,해남군,202010,9
전남,해남군,202011,9
전남,해남군,202012,9
전남,해남군,202101,8
전남,해남군,202102,8
전남,해남군,202103,7
전남,해남군,202104,6
전남,해남군,202105,5
전남,해남군,202106,5
전남,해남군,202107,3
전남,해남군,202108,3
전남,해남군,202109,2
전남,해남군,202110,2
전남,해남군,202111,2
전남,해남군,202112,2
전남,해남군,202201,2
전남,해남군,202202,1
전남,해남군,202203,0
전남,해남군,202204,0
전남,해남군,202205,0
전남,해남군,202206,34
전남,해남군,202207,34
전남,해남군,202208,34
전남,해남군,202209,33
전남,해남군,202210,33
전남,해남군,202211,32
전남,해남군,202212,31
전남,해남군,202301,31
전남,해남군,202302,31
전남,해남군,202303,29
전남,해남군,202304,29
전남,해남군,202305,28
전남,해남군,202306,25
전남,해남군,202307,23
전남,해남군,202308,21
전남,해남군,202309,20
전남,해남군,202310,20
전남,해남군,202311,19
전남,해남군,202312,18
전남,해남군,202401,16
전남,해남군,202402,15
전남,해남군,202403,15
전남,해남군,202404,15
전남,해남군,202405,15
전남,해남군,202406,7
전남,해남군,202407,7
전남,해남군,202408,6
전남,해남군,202409,5
전남,해남군,202410,5
전남,해남군,202411,5
전남,해남군,202412,5
전남,해남군,202501,5
전남,해남군,202502,5
전남,해남군,202503,4
전남,해남군,202504,4
전남,해남군,202505,4
전남,해남군,202506,4
전남,해남군,202507,4
전남,해남군,202508,4
전남,해남군,202509,4
전남,해남군,202510,4
전남,해남군,202511,4
전남,해남군,202512,3
전남,해남군,202601,3
전남,해남군,202602,3
전남,해남군,202603,3
전남,해남군,202604,3
전남,해남군,202605,3
전남,해남군,202606,3
전남,영암군,200701,49
전남,영암군,200702,49
전남,영암군,200703,48
전남,영암군,200704,74
전남,영암군,200705,48
전남,영암군,200706,11
전남,영암군,200707,11
전남,영암군,200708,11
전남,영암군,200709,11
전남,영암군,200710,11
전남,영암군,200711,11
전남,영암군,200712,11
전남,영암군,200801,882
전남,영암군,200806,54
전남,영암군,200807,54
전남,영암군,200808,54
전남,영암군,200809,54
전남,영암군,200810,54
전남,영암군,200811,54
전남,영암군,200812,54
전남,영암군,200901,54
전남,영암군,200902,54
전남,영암군,200903,54
전남,영암군,200904,54
전남,영암군,200905,54
전남,영암군,200906,54
전남,영암군,200907,0
전남,영암군,200908,0
전남,영암군,200909,0
전남,영암군,200910,0
전남,영암군,200911,0
전남,영암군,200912,0
전남,영암군,201001,0
전남,영암군,201002,0
전남,영암군,201003,0
전남,영암군,201004,0
전남,영암군,201005,0
전남,영암군,201006,0
전남,영암군,201007,0
전남,영암군,201008,0
전남,영암군,201009,0
전남,영암군,201010,0
전남,영암군,201011,0
전남,영암군,201012,0
전남,영암군,201101,0
전남,영암군,201102,0
전남,영암군,201103,0
전남,영암군,201104,0
전남,영암군,201105,0
전남,영암군,201106,0
전남,영암군,201107,0
전남,영암군,201108,0
전남,영암군,201109,0
전남,영암군,201110,0
전남,영암군,201111,0
전남,영암군,201112,0
전남,영암군,201201,0
전남,영암군,201202,0
전남,영암군,201203,0
전남,영암군,201204,0
전남,영암군,201205,0
전남,영암군,201206,0
전남,영암군,201207,0
전남,영암군,201208,0
전남,영암군,201209,0
전남,영암군,201210,0
전남,영암군,201211,0
전남,영암군,201212,0
전남,영암군,201301,0
전남,영암군,201302,0
전남,영암군,201303,0
전남,영암군,201304,0
전남,영암군,201305,0
전남,영암군,201306,0
전남,영암군,201307,0
전남,영암군,201308,0
전남,영암군,201309,0
전남,영암군,201310,0
전남,영암군,201311,0
전남,영암군,201312,0
전남,영암군,201401,0
전남,영암군,201402,0
전남,영암군,201403,0
전남,영암군,201404,0
전남,영암군,201405,0
전남,영암군,201406,0
전남,영암군,201407,0
전남,영암군,201408,0
전남,영암군,201409,0
전남,영암군,201410,0
전남,영암군,201411,0
전남,영암군,201412,0
전남,영암군,201501,0
전남,영암군,201502,0
전남,영암군,201503,0
전남,영암군,201504,0
전남,영암군,201505,0
전남,영암군,201506,0
전남,영암군,201507,0
전남,영암군,201508,0
전남,영암군,201509,0
전남,영암군,201510,0
전남,영암군,201511,0
전남,영암군,201512,0
전남,영암군,201601,0
전남,영암군,201602,0
전남,영암군,201603,0
전남,영암군,201604,0
전남,영암군,201605,0
전남,영암군,201606,0
전남,영암군,201607,0
전남,영암군,201608,0
전남,영암군,201609,0
전남,영암군,201610,0
전남,영암군,201611,0
전남,영암군,201612,0
전남,영암군,201701,0
전남,영암군,201702,0
전남,영암군,201703,0
전남,영암군,201704,0
전남,영암군,201705,0
전남,영암군,201706,0
전남,영암군,201707,0
전남,영암군,201708,0
전남,영암군,201709,20
전남,영암군,201710,19
전남,영암군,201711,19
전남,영암군,201712,17
전남,영암군,201801,16
전남,영암군,201802,15
전남,영암군,201803,14
전남,영암군,201804,28
전남,영암군,201805,21
전남,영암군,201806,20
전남,영암군,201807,18
전남,영암군,201808,517
전남,영암군,201809,512
전남,영암군,201810,703
전남,영암군,201811,698
전남,영암군,201812,645
전남,영암군,201901,579
전남,영암군,201902,568
전남,영암군,201903,554
전남,영암군,201904,695
전남,영암군,201905,687
전남,영암군,201906,681
전남,영암군,201907,680
전남,영암군,201908,744
전남,영암군,201909,694
전남,영암군,201910,688
전남,영암군,201911,681
전남,영암군,201912,681
전남,영암군,202001,673
전남,영암군,202002,669
전남,영암군,202003,667
전남,영암군,202004,664
전남,영암군,202005,643
전남,영암군,202006,643
전남,영암군,202007,643
전남,영암군,202008,315
전남,영암군,202009,248
전남,영암군,202010,154
전남,영암군,202011,51
전남,영암군,202012,51
전남,영암군,202101,0
전남,영암군,202102,0
전남,영암군,202103,0
전남,영암군,202104,0
전남,영암군,202105,0
전남,영암군,202106,365
전남,영암군,202107,365
전남,영암군,202108,365
전남,영암군,202109,365
전남,영암군,202110,355
전남,영암군,202111,355
전남,영암군,202112,355
전남,영암군,202201,355
전남,영암군,202202,355
전남,영암군,202203,355
전남,영암군,202204,355
전남,영암군,202205,355
전남,영암군,202206,355
전남,영암군,202207,355
전남,영암군,202208,355
전남,영암군,202209,355
전남,영암군,202210,355
전남,영암군,202211,355
전남,영암군,202212,357
전남,영암군,202301,357
전남,영암군,202302,357
전남,영암군,202303,357
전남,영암군,202304,357
전남,영암군,202305,357
전남,영암군,202306,357
전남,영암군,202307,357
전남,영암군,202308,357
전남,영암군,202309,357
전남,영암군,202310,357
전남,영암군,202311,357
전남,영암군,202312,259
전남,영암군,202401,259
전남,영암군,202402,357
전남,영암군,202403,357
전남,영암군,202404,357
전남,영암군,202405,357
전남,영암군,202406,357
전남,영암군,202407,357
전남,영암군,202408,357
전남,영암군,202409,357
전남,영암군,202410,357
전남,영암군,202411,357
전남,영암군,202412,357
전남,영암군,202501,357
전남,영암군,202502,357
전남,영암군,202503,357
전남,영암군,202504,357
전남,영암군,202505,357
전남,영암군,202506,0
전남,영암군,202507,0
전남,영암군,202508,0
전남,영암군,202509,0
전남,영암군,202510,0
전남,영암군,202511,0
전남,영암군,202512,0
전남,영암군,202601,0
전남,영암군,202602,0
전남,영암군,202603,0
전남,영암군,202604,0
전남,영암군,202605,0
전남,영암군,202606,0
전남,무안군,200702,124
전남,무안군,200703,127
전남,무안군,200704,146
전남,무안군,200706,139
전남,무안군,200707,139
전남,무안군,200708,137
전남,무안군,200709,723
전남,무안군,200710,1039
전남,무안군,200711,957
전남,무안군,200712,907
전남,무안군,200801,39
전남,무안군,200802,868
전남,무안군,200803,785
전남,무안군,200804,845
전남,무안군,200805,840
전남,무안군,200806,1327
전남,무안군,200807,1308
전남,무안군,200808,1270
전남,무안군,200809,1248
전남,무안군,200810,1186
전남,무안군,200811,1167
전남,무안군,200812,1065
전남,무안군,200901,706
전남,무안군,200902,904
전남,무안군,200903,655
전남,무안군,200904,949
전남,무안군,200905,943
전남,무안군,200906,943
전남,무안군,200907,909
전남,무안군,200908,905
전남,무안군,200909,900
전남,무안군,200910,884
전남,무안군,200911,862
전남,무안군,200912,844
전남,무안군,201001,778
전남,무안군,201002,757
전남,무안군,201003,720
전남,무안군,201004,656
전남,무안군,201005,622
전남,무안군,201006,608
전남,무안군,201007,608
전남,무안군,201008,608
전남,무안군,201009,608
전남,무안군,201010,601
전남,무안군,201011,587
전남,무안군,201012,532
전남,무안군,201101,522
전남,무안군,201102,420
전남,무안군,201103,370
전남,무안군,201104,340
전남,무안군,201105,328
전남,무안군,201106,301
전남,무안군,201107,414
전남,무안군,201108,394
전남,무안군,201109,349
전남,무안군,201110,349
전남,무안군,201111,326
전남,무안군,201112,244
전남,무안군,201201,229
전남,무안군,201202,208
전남,무안군,201203,191
전남,무안군,201204,165
전남,무안군,201205,150
전남,무안군,201206,135
전남,무안군,201207,124
전남,무안군,201208,209
전남,무안군,201209,201
전남,무안군,201210,188
전남,무안군,201211,181
전남,무안군,201212,160
전남,무안군,201301,158
전남,무안군,201302,157
전남,무안군,201303,154
전남,무안군,201304,188
전남,무안군,201305,186
전남,무안군,201306,183
전남,무안군,201307,177
전남,무안군,201308,174
전남,무안군,201309,159
전남,무안군,201310,148
전남,무안군,201311,139
전남,무안군,201312,135
전남,무안군,201401,128
전남,무안군,201402,126
전남,무안군,201403,123
전남,무안군,201404,117
전남,무안군,201405,113
전남,무안군,201406,112
전남,무안군,201407,111
전남,무안군,201408,104
전남,무안군,201409,98
전남,무안군,201410,93
전남,무안군,201411,87
전남,무안군,201412,78
전남,무안군,201501,58
전남,무안군,201502,50
전남,무안군,201503,50
전남,무안군,201504,39
전남,무안군,201505,41
전남,무안군,201506,41
전남,무안군,201507,41
전남,무안군,201508,25
전남,무안군,201509,24
전남,무안군,201510,23
전남,무안군,201511,23
전남,무안군,201512,23
전남,무안군,201601,77
전남,무안군,201602,71
전남,무안군,201603,68
전남,무안군,201604,68
전남,무안군,201605,55
전남,무안군,201606,54
전남,무안군,201607,51
전남,무안군,201608,51
전남,무안군,201609,49
전남,무안군,201610,42
전남,무안군,201611,36
전남,무안군,201612,21
전남,무안군,201701,20
전남,무안군,201702,18
전남,무안군,201703,16
전남,무안군,201704,16
전남,무안군,201705,16
전남,무안군,201706,16
전남,무안군,201707,16
전남,무안군,201708,16
전남,무안군,201709,15
전남,무안군,201710,15
전남,무안군,201711,15
전남,무안군,201712,14
전남,무안군,201801,558
전남,무안군,201802,466
전남,무안군,201803,412
전남,무안군,201804,384
전남,무안군,201805,309
전남,무안군,201806,280
전남,무안군,201807,251
전남,무안군,201808,213
전남,무안군,201809,146
전남,무안군,201810,158
전남,무안군,201811,142
전남,무안군,201812,131
전남,무안군,201901,126
전남,무안군,201902,120
전남,무안군,201903,116
전남,무안군,201904,113
전남,무안군,201905,113
전남,무안군,201906,116
전남,무안군,201907,116
전남,무안군,201908,116
전남,무안군,201909,185
전남,무안군,201910,168
전남,무안군,201911,144
전남,무안군,201912,142
전남,무안군,202001,126
전남,무안군,202002,102
전남,무안군,202003,88
전남,무안군,202004,82
전남,무안군,202005,74
전남,무안군,202006,74
전남,무안군,202007,74
전남,무안군,202008,74
전남,무안군,202009,53
전남,무안군,202010,53
전남,무안군,202011,53
전남,무안군,202012,53
전남,무안군,202101,0
전남,무안군,202102,0
전남,무안군,202103,0
전남,무안군,202104,0
전남,무안군,202105,0
전남,무안군,202106,0
전남,무안군,202107,0
전남,무안군,202108,0
전남,무안군,202109,0
전남,무안군,202110,0
전남,무안군,202111,0
전남,무안군,202112,0
전남,무안군,202201,0
전남,무안군,202202,0
전남,무안군,202203,0
전남,무안군,202204,0
전남,무안군,202205,0
전남,무안군,202206,102
전남,무안군,202207,57
전남,무안군,202208,39
전남,무안군,202209,215
전남,무안군,202210,40
전남,무안군,202211,39
전남,무안군,202212,39
전남,무안군,202301,39
전남,무안군,202302,39
전남,무안군,202303,39
전남,무안군,202304,39
전남,무안군,202305,39
전남,무안군,202306,36
전남,무안군,202307,36
전남,무안군,202308,36
전남,무안군,202309,36
전남,무안군,202310,36
전남,무안군,202311,36
전남,무안군,202312,36
전남,무안군,202401,36
전남,무안군,202402,36
전남,무안군,202403,36
전남,무안군,202404,36
전남,무안군,202405,36
전남,무안군,202406,36
전남,무안군,202407,36
전남,무안군,202408,36
전남,무안군,202409,36
전남,무안군,202410,36
전남,무안군,202411,36
전남,무안군,202412,36
전남,무안군,202501,33
전남,무안군,202502,31
전남,무안군,202503,31
전남,무안군,202504,8
전남,무안군,202505,8
전남,무안군,202506,8
전남,무안군,202507,8
전남,무안군,202508,8
전남,무안군,202509,8
전남,무안군,202510,8
전남,무안군,202511,3
전남,무안군,202512,3
전남,무안군,202601,3
전남,무안군,202602,3
전남,무안군,202603,3
전남,무안군,202604,3
전남,무안군,202605,3
전남,무안군,202606,3
전남,함평군,200708,0
전남,함평군,200801,0
전남,함평군,200806,0
전남,함평군,200809,0
전남,함평군,200811,0
전남,함평군,200812,0
전남,함평군,200901,0
전남,함평군,200902,9
전남,함평군,200903,5
전남,함평군,200904,5
전남,함평군,200905,5
전남,함평군,200906,5
전남,함평군,200907,5
전남,함평군,200908,4
전남,함평군,200909,3
전남,함평군,200910,3
전남,함평군,200911,3
전남,함평군,200912,3
전남,함평군,201001,3
전남,함평군,201002,3
전남,함평군,201003,3
전남,함평군,201004,3
전남,함평군,201005,3
전남,함평군,201006,3
전남,함평군,201007,3
전남,함평군,201008,3
전남,함평군,201009,3
전남,함평군,201010,0
전남,함평군,201011,0
전남,함평군,201012,0
전남,함평군,201101,0
전남,함평군,201102,0
전남,함평군,201103,0
전남,함평군,201104,0
전남,함평군,201105,0
전남,함평군,201106,0
전남,함평군,201107,0
전남,함평군,201108,0
전남,함평군,201109,0
전남,함평군,201110,0
전남,함평군,201111,0
전남,함평군,201112,0
전남,함평군,201201,0
전남,함평군,201202,0
전남,함평군,201203,0
전남,함평군,201204,0
전남,함평군,201205,0
전남,함평군,201206,0
전남,함평군,201207,0
전남,함평군,201208,0
전남,함평군,201209,0
전남,함평군,201210,0
전남,함평군,201211,0
전남,함평군,201212,0
전남,함평군,201301,0
전남,함평군,201302,0
전남,함평군,201303,0
전남,함평군,201304,0
전남,함평군,201305,0
전남,함평군,201306,0
전남,함평군,201307,0
전남,함평군,201308,0
전남,함평군,201309,0
전남,함평군,201310,0
전남,함평군,201311,0
전남,함평군,201312,0
전남,함평군,201401,0
전남,함평군,201402,0
전남,함평군,201403,0
전남,함평군,201404,0
전남,함평군,201405,0
전남,함평군,201406,0
전남,함평군,201407,0
전남,함평군,201408,0
전남,함평군,201409,0
전남,함평군,201410,0
전남,함평군,201411,0
전남,함평군,201412,0
전남,함평군,201501,0
전남,함평군,201502,0
전남,함평군,201503,0
전남,함평군,201504,0
전남,함평군,201505,0
전남,함평군,201506,0
전남,함평군,201507,0
전남,함평군,201508,0
전남,함평군,201509,0
전남,함평군,201510,0
전남,함평군,201511,0
전남,함평군,201512,0
전남,함평군,201601,0
전남,함평군,201602,0
전남,함평군,201603,0
전남,함평군,201604,0
전남,함평군,201605,0
전남,함평군,201606,0
전남,함평군,201607,0
전남,함평군,201608,0
전남,함평군,201609,0
전남,함평군,201610,0
전남,함평군,201611,0
전남,함평군,201612,0
전남,함평군,201701,0
전남,함평군,201702,0
전남,함평군,201703,0
전남,함평군,201704,0
전남,함평군,201705,0
전남,함평군,201706,0
전남,함평군,201707,0
전남,함평군,201709,0
전남,함평군,201710,0
전남,함평군,201711,0
전남,함평군,201712,0
전남,함평군,201801,0
전남,함평군,201802,0
전남,함평군,201807,0
전남,함평군,201808,0
전남,함평군,201811,0
전남,함평군,201812,0
전남,함평군,201901,0
전남,함평군,201902,0
전남,함평군,201903,0
전남,함평군,201904,0
전남,함평군,201905,0
전남,함평군,201906,0
전남,함평군,201907,0
전남,함평군,201908,3
전남,함평군,201909,3
전남,함평군,201910,1
전남,함평군,201911,1
전남,함평군,201912,0
전남,함평군,202001,0
전남,함평군,202002,0
전남,함평군,202003,0
전남,함평군,202004,0
전남,함평군,202005,0
전남,함평군,202006,0
전남,함평군,202007,0
전남,함평군,202008,0
전남,함평군,202009,0
전남,함평군,202010,0
전남,함평군,202011,0
전남,함평군,202012,0
전남,함평군,202101,0
전남,함평군,202102,0
전남,함평군,202103,108
전남,함평군,202104,108
전남,함평군,202105,105
전남,함평군,202106,100
전남,함평군,202107,99
전남,함평군,202108,95
전남,함평군,202109,93
전남,함평군,202110,90
전남,함평군,202111,87
전남,함평군,202112,87
전남,함평군,202201,87
전남,함평군,202202,87
전남,함평군,202203,78
전남,함평군,202204,78
전남,함평군,202205,77
전남,함평군,202206,77
전남,함평군,202207,77
전남,함평군,202208,77
전남,함평군,202209,77
전남,함평군,202210,80
전남,함평군,202211,80
전남,함평군,202212,80
전남,함평군,202301,80
전남,함평군,202302,80
전남,함평군,202303,80
전남,함평군,202304,235
전남,함평군,202305,226
전남,함평군,202306,226
전남,함평군,202307,225
전남,함평군,202308,225
전남,함평군,202309,195
전남,함평군,202310,195
전남,함평군,202311,195
전남,함평군,202312,168
전남,함평군,202401,167
전남,함평군,202402,167
전남,함평군,202403,167
전남,함평군,202404,167
전남,함평군,202405,171
전남,함평군,202406,171
전남,함평군,202407,171
전남,함평군,202408,171
전남,함평군,202409,171
전남,함평군,202410,171
전남,함평군,202411,171
전남,함평군,202412,171
전남,함평군,202501,158
전남,함평군,202502,158
전남,함평군,202503,158
전남,함평군,202504,158
전남,함평군,202505,158
전남,함평군,202506,158
전남,함평군,202507,158
전남,함평군,202508,158
전남,함평군,202509,249
전남,함평군,202510,249
전남,함평군,202511,249
전남,함평군,202512,218
전남,함평군,202601,218
전남,함평군,202602,218
전남,함평군,202603,218
전남,함평군,202604,210
전남,함평군,202605,210
전남,함평군,202606,210
전남,영광군,200701,55
전남,영광군,200702,51
전남,영광군,200703,51
전남,영광군,200705,51
전남,영광군,200706,51
전남,영광군,200707,51
전남,영광군,200708,51
전남,영광군,200709,51
전남,영광군,200710,51
전남,영광군,200711,51
전남,영광군,200712,51
전남,영광군,200801,0
전남,영광군,200802,39
전남,영광군,200803,39
전남,영광군,200804,39
전남,영광군,200805,39
전남,영광군,200806,39
전남,영광군,200807,39
전남,영광군,200808,39
전남,영광군,200809,39
전남,영광군,200810,39
전남,영광군,200811,39
전남,영광군,200812,39
전남,영광군,200901,39
전남,영광군,200902,39
전남,영광군,200903,39
전남,영광군,200904,39
전남,영광군,200905,39
전남,영광군,200906,39
전남,영광군,200907,0
전남,영광군,200908,0
전남,영광군,200909,0
전남,영광군,200910,0
전남,영광군,200911,0
전남,영광군,200912,0
전남,영광군,201001,0
전남,영광군,201002,0
전남,영광군,201003,0
전남,영광군,201004,0
전남,영광군,201005,0
전남,영광군,201006,0
전남,영광군,201007,0
전남,영광군,201008,0
전남,영광군,201009,0
전남,영광군,201010,0
전남,영광군,201011,0
전남,영광군,201012,0
전남,영광군,201101,0
전남,영광군,201102,0
전남,영광군,201103,0
전남,영광군,201104,0
전남,영광군,201105,0
전남,영광군,201106,0
전남,영광군,201107,0
전남,영광군,201108,0
전남,영광군,201109,0
전남,영광군,201110,0
전남,영광군,201111,0
전남,영광군,201112,0
전남,영광군,201201,0
전남,영광군,201202,0
전남,영광군,201203,0
전남,영광군,201204,0
전남,영광군,201205,0
전남,영광군,201206,0
전남,영광군,201207,0
전남,영광군,201208,0
전남,영광군,201209,0
전남,영광군,201210,0
전남,영광군,201211,0
전남,영광군,201212,0
전남,영광군,201301,0
전남,영광군,201302,0
전남,영광군,201303,0
전남,영광군,201304,0
전남,영광군,201305,0
전남,영광군,201306,0
전남,영광군,201307,0
전남,영광군,201308,0
전남,영광군,201309,0
전남,영광군,201310,0
전남,영광군,201311,0
전남,영광군,201312,0
전남,영광군,201401,0
전남,영광군,201402,0
전남,영광군,201403,0
전남,영광군,201404,0
전남,영광군,201405,0
전남,영광군,201406,0
전남,영광군,201407,0
전남,영광군,201408,0
전남,영광군,201409,0
전남,영광군,201410,0
전남,영광군,201411,0
전남,영광군,201412,0
전남,영광군,201501,0
전남,영광군,201502,0
전남,영광군,201503,0
전남,영광군,201504,0
전남,영광군,201505,0
전남,영광군,201506,0
전남,영광군,201507,0
전남,영광군,201508,0
전남,영광군,201509,0
전남,영광군,201510,0
전남,영광군,201511,0
전남,영광군,201512,0
전남,영광군,201601,0
전남,영광군,201602,0
전남,영광군,201603,0
전남,영광군,201604,0
전남,영광군,201605,0
전남,영광군,201606,0
전남,영광군,201607,0
전남,영광군,201608,0
전남,영광군,201609,0
전남,영광군,201610,0
전남,영광군,201611,0
전남,영광군,201612,0
전남,영광군,201701,0
전남,영광군,201702,0
전남,영광군,201703,0
전남,영광군,201704,0
전남,영광군,201705,0
전남,영광군,201706,0
전남,영광군,201707,0
전남,영광군,201709,0
전남,영광군,201710,0
전남,영광군,201711,0
전남,영광군,201712,0
전남,영광군,201801,0
전남,영광군,201802,0
전남,영광군,201807,0
전남,영광군,201808,0
전남,영광군,201811,0
전남,영광군,201812,0
전남,영광군,201901,0
전남,영광군,201902,0
전남,영광군,201903,0
전남,영광군,201904,0
전남,영광군,201905,0
전남,영광군,201906,0
전남,영광군,201907,0
전남,영광군,201908,0
전남,영광군,201909,0
전남,영광군,201910,0
전남,영광군,201912,0
전남,영광군,202001,0
전남,영광군,202002,0
전남,영광군,202003,0
전남,영광군,202004,0
전남,영광군,202005,0
전남,영광군,202006,0
전남,영광군,202007,0
전남,영광군,202008,0
전남,영광군,202009,0
전남,영광군,202010,0
전남,영광군,202011,0
전남,영광군,202012,0
전남,영광군,202101,0
전남,영광군,202102,0
전남,영광군,202103,0
전남,영광군,202104,0
전남,영광군,202105,0
전남,영광군,202106,0
전남,영광군,202107,0
전남,영광군,202108,0
전남,영광군,202109,0
전남,영광군,202110,0
전남,영광군,202111,0
전남,영광군,202112,0
전남,영광군,202201,0
전남,영광군,202202,0
전남,영광군,202203,0
전남,영광군,202204,0
전남,영광군,202205,0
전남,영광군,202206,0
전남,영광군,202207,0
전남,영광군,202208,0
전남,영광군,202209,0
전남,영광군,202210,0
전남,영광군,202211,0
전남,영광군,202212,0
전남,영광군,202301,0
전남,영광군,202302,0
전남,영광군,202303,0
전남,영광군,202304,0
전남,영광군,202305,0
전남,영광군,202306,0
전남,영광군,202307,0
전남,영광군,202308,0
전남,영광군,202309,0
전남,영광군,202310,0
전남,영광군,202311,0
전남,영광군,202312,0
전남,영광군,202401,0
전남,영광군,202402,0
전남,영광군,202403,0
전남,영광군,202404,0
전남,영광군,202405,0
전남,영광군,202406,0
전남,영광군,202407,0
전남,영광군,202408,0
전남,영광군,202409,0
전남,영광군,202410,0
전남,영광군,202411,0
전남,영광군,202412,0
전남,영광군,202501,0
전남,영광군,202502,0
전남,영광군,202503,0
전남,영광군,202504,0
전남,영광군,202505,0
전남,영광군,202506,0
전남,영광군,202507,0
전남,영광군,202508,0
전남,영광군,202509,0
전남,영광군,202510,0
전남,영광군,202511,0
전남,영광군,202512,0
전남,영광군,202601,0
전남,영광군,202602,0
전남,영광군,202603,0
전남,영광군,202604,0
전남,영광군,202605,0
전남,영광군,202606,0
전남,장성군,200708,0
전남,장성군,200801,43
전남,장성군,200806,0
전남,장성군,200809,0
전남,장성군,200811,0
전남,장성군,200812,0
전남,장성군,200901,0
전남,장성군,200902,0
전남,장성군,200903,0
전남,장성군,200904,0
전남,장성군,200905,0
전남,장성군,200906,0
전남,장성군,200907,0
전남,장성군,200908,0
전남,장성군,200909,0
전남,장성군,200910,0
전남,장성군,200911,0
전남,장성군,200912,0
전남,장성군,201001,0
전남,장성군,201002,0
전남,장성군,201003,0
전남,장성군,201004,0
전남,장성군,201005,0
전남,장성군,201006,0
전남,장성군,201007,0
전남,장성군,201008,0
전남,장성군,201009,0
전남,장성군,201010,0
전남,장성군,201011,0
전남,장성군,201012,0
전남,장성군,201101,0
전남,장성군,201102,0
전남,장성군,201103,0
전남,장성군,201104,0
전남,장성군,201105,0
전남,장성군,201106,0
전남,장성군,201107,0
전남,장성군,201108,0
전남,장성군,201109,0
전남,장성군,201110,0
전남,장성군,201111,0
전남,장성군,201112,0
전남,장성군,201201,0
전남,장성군,201202,0
전남,장성군,201203,0
전남,장성군,201204,0
전남,장성군,201205,0
전남,장성군,201206,0
전남,장성군,201207,0
전남,장성군,201208,0
전남,장성군,201209,0
전남,장성군,201210,0
전남,장성군,201211,0
전남,장성군,201212,0
전남,장성군,201301,0
전남,장성군,201302,0
전남,장성군,201303,0
전남,장성군,201304,0
전남,장성군,201305,0
전남,장성군,201306,0
전남,장성군,201307,0
전남,장성군,201308,0
전남,장성군,201309,0
전남,장성군,201310,0
전남,장성군,201311,0
전남,장성군,201312,0
전남,장성군,201401,0
전남,장성군,201402,0
전남,장성군,201403,0
전남,장성군,201404,0
전남,장성군,201405,0
전남,장성군,201406,0
전남,장성군,201407,0
전남,장성군,201408,0
전남,장성군,201409,0
전남,장성군,201410,0
전남,장성군,201411,0
전남,장성군,201412,0
전남,장성군,201501,0
전남,장성군,201502,0
전남,장성군,201503,0
전남,장성군,201504,0
전남,장성군,201505,0
전남,장성군,201506,0
전남,장성군,201507,0
전남,장성군,201508,0
전남,장성군,201509,0
전남,장성군,201510,0
전남,장성군,201511,0
전남,장성군,201512,0
전남,장성군,201601,0
전남,장성군,201602,0
전남,장성군,201603,0
전남,장성군,201604,0
전남,장성군,201605,0
전남,장성군,201606,0
전남,장성군,201607,0
전남,장성군,201608,0
전남,장성군,201609,0
전남,장성군,201610,0
전남,장성군,201611,0
전남,장성군,201612,0
전남,장성군,201701,0
전남,장성군,201702,0
전남,장성군,201703,0
전남,장성군,201704,0
전남,장성군,201705,0
전남,장성군,201706,0
전남,장성군,201707,0
전남,장성군,201709,0
전남,장성군,201710,0
전남,장성군,201711,0
전남,장성군,201712,0
전남,장성군,201801,0
전남,장성군,201802,0
전남,장성군,201807,0
전남,장성군,201808,0
전남,장성군,201811,0
전남,장성군,201812,0
전남,장성군,201901,0
전남,장성군,201902,0
전남,장성군,201903,0
전남,장성군,201904,0
전남,장성군,201905,0
전남,장성군,201906,0
전남,장성군,201907,0
전남,장성군,201908,0
전남,장성군,201909,0
전남,장성군,201910,0
전남,장성군,201912,0
전남,장성군,202001,0
전남,장성군,202002,0
전남,장성군,202003,0
전남,장성군,202004,0
전남,장성군,202005,0
전남,장성군,202006,0
전남,장성군,202007,0
전남,장성군,202008,0
전남,장성군,202009,0
전남,장성군,202010,0
전남,장성군,202011,0
전남,장성군,202012,0
전남,장성군,202101,0
전남,장성군,202102,0
전남,장성군,202103,0
전남,장성군,202104,0
전남,장성군,202105,0
전남,장성군,202106,0
전남,장성군,202107,0
전남,장성군,202108,0
전남,장성군,202109,0
전남,장성군,202110,0
전남,장성군,202111,0
전남,장성군,202112,0
전남,장성군,202201,0
전남,장성군,202202,0
전남,장성군,202203,0
전남,장성군,202204,0
전남,장성군,202205,0
전남,장성군,202206,0
전남,장성군,202207,0
전남,장성군,202208,0
전남,장성군,202209,62
전남,장성군,202210,62
전남,장성군,202211,63
전남,장성군,202212,63
전남,장성군,202301,63
전남,장성군,202302,53
전남,장성군,202303,53
전남,장성군,202304,53
전남,장성군,202305,53
전남,장성군,202306,53
전남,장성군,202307,53
전남,장성군,202308,52
전남,장성군,202309,52
전남,장성군,202310,64
전남,장성군,202311,64
전남,장성군,202312,64
전남,장성군,202401,63
전남,장성군,202402,63
전남,장성군,202403,63
전남,장성군,202404,63
전남,장성군,202405,63
전남,장성군,202406,60
전남,장성군,202407,61
전남,장성군,202408,61
전남,장성군,202409,71
전남,장성군,202410,71
전남,장성군,202411,67
전남,장성군,202412,67
전남,장성군,202501,73
전남,장성군,202502,73
전남,장성군,202503,73
전남,장성군,202504,73
전남,장성군,202505,73
전남,장성군,202506,73
전남,장성군,202507,73
전남,장성군,202508,73
전남,장성군,202509,73
전남,장성군,202510,73
전남,장성군,202511,73
전남,장성군,202512,73
전남,장성군,202601,73
전남,장성군,202602,71
전남,장성군,202603,71
전남,장성군,202604,70
전남,장성군,202605,70
전남,장성군,202606,62
전남,완도군,200702,20
전남,완도군,200703,20
전남,완도군,200704,10
전남,완도군,200706,10
전남,완도군,200707,10
전남,완도군,200708,10
전남,완도군,200709,10
전남,완도군,200806,0
전남,완도군,200809,0
전남,완도군,200811,0
전남,완도군,200812,0
전남,완도군,200901,0
전남,완도군,200902,0
전남,완도군,200903,0
전남,완도군,200904,0
전남,완도군,200905,0
전남,완도군,200906,0
전남,완도군,200907,0
전남,완도군,200908,0
전남,완도군,200909,0
전남,완도군,200910,0
전남,완도군,200911,0
전남,완도군,200912,0
전남,완도군,201001,0
전남,완도군,201002,0
전남,완도군,201003,0
전남,완도군,201004,0
전남,완도군,201005,0
전남,완도군,201006,0
전남,완도군,201007,0
전남,완도군,201008,0
전남,완도군,201009,0
전남,완도군,201010,0
전남,완도군,201011,0
전남,완도군,201012,0
전남,완도군,201101,0
전남,완도군,201102,0
전남,완도군,201103,0
전남,완도군,201104,0
전남,완도군,201105,0
전남,완도군,201106,0
전남,완도군,201107,0
전남,완도군,201108,0
전남,완도군,201109,0
전남,완도군,201110,0
전남,완도군,201111,0
전남,완도군,201112,0
전남,완도군,201201,0
전남,완도군,201202,0
전남,완도군,201203,0
전남,완도군,201204,0
전남,완도군,201205,0
전남,완도군,201206,0
전남,완도군,201207,0
전남,완도군,201208,0
전남,완도군,201209,0
전남,완도군,201210,0
전남,완도군,201211,0
전남,완도군,201212,0
전남,완도군,201301,0
전남,완도군,201302,0
전남,완도군,201303,0
전남,완도군,201304,0
전남,완도군,201305,0
전남,완도군,201306,0
전남,완도군,201307,0
전남,완도군,201308,0
전남,완도군,201309,0
전남,완도군,201310,0
전남,완도군,201311,0
전남,완도군,201312,0
전남,완도군,201401,0
전남,완도군,201402,0
전남,완도군,201403,0
전남,완도군,201404,0
전남,완도군,201405,0
전남,완도군,201406,0
전남,완도군,201407,0
전남,완도군,201408,0
전남,완도군,201409,0
전남,완도군,201410,0
전남,완도군,201411,0
전남,완도군,201412,0
전남,완도군,201501,0
전남,완도군,201502,0
전남,완도군,201503,0
전남,완도군,201504,0
전남,완도군,201505,0
전남,완도군,201506,0
전남,완도군,201507,0
전남,완도군,201508,0
전남,완도군,201509,0
전남,완도군,201510,0
전남,완도군,201511,0
전남,완도군,201512,0
전남,완도군,201601,0
전남,완도군,201602,0
전남,완도군,201603,0
전남,완도군,201604,0
전남,완도군,201605,0
전남,완도군,201606,0
전남,완도군,201607,0
전남,완도군,201608,0
전남,완도군,201609,0
전남,완도군,201610,0
전남,완도군,201611,0
전남,완도군,201612,0
전남,완도군,201701,0
전남,완도군,201702,0
전남,완도군,201703,0
전남,완도군,201704,0
전남,완도군,201705,0
전남,완도군,201706,0
전남,완도군,201707,0
전남,완도군,201709,0
전남,완도군,201710,0
전남,완도군,201711,0
전남,완도군,201712,0
전남,완도군,201801,7
전남,완도군,201802,6
전남,완도군,201803,6
전남,완도군,201804,1
전남,완도군,201806,1
전남,완도군,201807,0
전남,완도군,201808,0
전남,완도군,201811,0
전남,완도군,201812,0
전남,완도군,201901,0
전남,완도군,201902,0
전남,완도군,201903,0
전남,완도군,201904,0
전남,완도군,201905,0
전남,완도군,201906,0
전남,완도군,201907,0
전남,완도군,201908,0
전남,완도군,201910,0
전남,완도군,202009,0
전남,완도군,202010,0
전남,완도군,202011,0
전남,완도군,202012,0
전남,완도군,202101,0
전남,완도군,202102,0
전남,완도군,202103,0
전남,완도군,202104,0
전남,완도군,202105,0
전남,완도군,202106,0
전남,완도군,202107,0
전남,완도군,202108,0
전남,완도군,202109,0
전남,완도군,202110,0
전남,완도군,202111,0
전남,완도군,202112,0
전남,완도군,202201,0
전남,완도군,202202,0
전남,완도군,202203,0
전남,완도군,202204,0
전남,완도군,202205,0
전남,완도군,202206,0
전남,완도군,202207,0
전남,완도군,202208,0
전남,완도군,202209,0
전남,완도군,202210,0
전남,완도군,202211,0
전남,완도군,202212,0
전남,완도군,202301,0
전남,완도군,202302,0
전남,완도군,202303,0
전남,완도군,202304,0
전남,완도군,202305,0
전남,완도군,202306,0
전남,완도군,202307,0
전남,완도군,202308,0
전남,완도군,202309,0
전남,완도군,202310,0
전남,완도군,202311,0
전남,완도군,202312,0
전남,완도군,202401,0
전남,완도군,202402,0
전남,완도군,202403,0
전남,완도군,202404,0
전남,완도군,202405,0
전남,완도군,202406,0
전남,완도군,202407,0
전남,완도군,202408,0
전남,완도군,202409,0
전남,완도군,202410,0
전남,완도군,202411,0
전남,완도군,202412,0
전남,완도군,202501,0
전남,완도군,202502,0
전남,완도군,202503,0
전남,완도군,202504,0
전남,완도군,202505,0
전남,완도군,202506,0
전남,완도군,202507,0
전남,완도군,202508,0
전남,완도군,202509,0
전남,완도군,202510,0
전남,완도군,202511,0
전남,완도군,202512,0
전남,완도군,202601,0
전남,완도군,202602,0
전남,완도군,202603,0
전남,완도군,202604,0
전남,완도군,202605,0
전남,완도군,202606,0
전남,진도군,200701,73
전남,진도군,200702,71
전남,진도군,200703,57
전남,진도군,200704,50
전남,진도군,200705,49
전남,진도군,200706,49
전남,진도군,200707,48
전남,진도군,200708,47
전남,진도군,200709,45
전남,진도군,200710,45
전남,진도군,200711,44
전남,진도군,200712,44
전남,진도군,200802,43
전남,진도군,200803,40
전남,진도군,200804,34
전남,진도군,200805,32
전남,진도군,200806,32
전남,진도군,200807,32
전남,진도군,200808,29
전남,진도군,200809,29
전남,진도군,200810,28
전남,진도군,200811,13
전남,진도군,200812,11
전남,진도군,200901,11
전남,진도군,200902,7
전남,진도군,200903,4
전남,진도군,200904,4
전남,진도군,200905,4
전남,진도군,200906,4
전남,진도군,200907,4
전남,진도군,200908,4
전남,진도군,200909,2
전남,진도군,200910,2
전남,진도군,200911,2
전남,진도군,200912,2
전남,진도군,201001,2
전남,진도군,201002,2
전남,진도군,201003,2
전남,진도군,201004,0
전남,진도군,201005,0
전남,진도군,201006,0
전남,진도군,201007,0
전남,진도군,201008,0
전남,진도군,201009,0
전남,진도군,201010,0
전남,진도군,201011,0
전남,진도군,201012,0
전남,진도군,201101,0
전남,진도군,201102,0
전남,진도군,201103,0
전남,진도군,201104,0
전남,진도군,201105,0
전남,진도군,201106,0
전남,진도군,201107,0
전남,진도군,201108,0
전남,진도군,201109,0
전남,진도군,201110,0
전남,진도군,201111,0
전남,진도군,201112,0
전남,진도군,201201,0
전남,진도군,201202,0
전남,진도군,201203,0
전남,진도군,201204,0
전남,진도군,201205,0
전남,진도군,201206,0
전남,진도군,201207,0
전남,진도군,201208,0
전남,진도군,201209,0
전남,진도군,201210,0
전남,진도군,201211,0
전남,진도군,201212,0
전남,진도군,201301,0
전남,진도군,201302,0
전남,진도군,201303,0
전남,진도군,201304,0
전남,진도군,201305,0
전남,진도군,201306,0
전남,진도군,201307,0
전남,진도군,201308,0
전남,진도군,201309,0
전남,진도군,201310,0
전남,진도군,201311,0
전남,진도군,201312,0
전남,진도군,201401,0
전남,진도군,201402,0
전남,진도군,201403,0
전남,진도군,201404,0
전남,진도군,201405,0
전남,진도군,201406,0
전남,진도군,201407,0
전남,진도군,201408,0
전남,진도군,201409,0
전남,진도군,201410,0
전남,진도군,201411,0
전남,진도군,201412,0
전남,진도군,201501,0
전남,진도군,201502,0
전남,진도군,201503,0
전남,진도군,201504,0
전남,진도군,201505,0
전남,진도군,201506,0
전남,진도군,201507,0
전남,진도군,201508,0
전남,진도군,201509,0
전남,진도군,201510,0
전남,진도군,201511,0
전남,진도군,201512,0
전남,진도군,201601,0
전남,진도군,201602,0
전남,진도군,201603,0
전남,진도군,201604,0
전남,진도군,201605,0
전남,진도군,201606,0
전남,진도군,201607,0
전남,진도군,201608,0
전남,진도군,201609,0
전남,진도군,201610,0
전남,진도군,201611,0
전남,진도군,201612,0
전남,진도군,201701,0
전남,진도군,201702,0
전남,진도군,201703,0
전남,진도군,201704,0
전남,진도군,201705,0
전남,진도군,201706,0
전남,진도군,201707,0
전남,진도군,201709,0
전남,진도군,201710,0
전남,진도군,201711,0
전남,진도군,201712,0
전남,진도군,201801,0
전남,진도군,201802,0
전남,진도군,201807,0
전남,진도군,201808,0
전남,진도군,201811,0
전남,진도군,201812,8
전남,진도군,201901,7
전남,진도군,201902,23
전남,진도군,201903,22
전남,진도군,201904,22
전남,진도군,201905,20
전남,진도군,201906,13
전남,진도군,201907,13
전남,진도군,201908,9
전남,진도군,201909,8
전남,진도군,201910,8
전남,진도군,201911,1
전남,진도군,201912,1
전남,진도군,202001,1
전남,진도군,202002,1
전남,진도군,202003,1
전남,진도군,202004,1
전남,진도군,202005,1
전남,진도군,202006,0
전남,진도군,202007,0
전남,진도군,202008,0
전남,진도군,202009,0
전남,진도군,202010,0
전남,진도군,202011,0
전남,진도군,202012,0
전남,진도군,202101,0
전남,진도군,202102,0
전남,진도군,202103,0
전남,진도군,202104,0
전남,진도군,202105,0
전남,진도군,202106,0
전남,진도군,202107,0
전남,진도군,202108,0
전남,진도군,202109,0
전남,진도군,202110,0
전남,진도군,202111,0
전남,진도군,202112,0
전남,진도군,202201,0
전남,진도군,202202,0
전남,진도군,202203,0
전남,진도군,202204,0
전남,진도군,202205,0
전남,진도군,202206,0
전남,진도군,202207,0
전남,진도군,202208,0
전남,진도군,202209,0
전남,진도군,202210,0
전남,진도군,202211,0
전남,진도군,202212,0
전남,진도군,202301,0
전남,진도군,202302,0
전남,진도군,202303,0
전남,진도군,202304,0
전남,진도군,202305,0
전남,진도군,202306,0
전남,진도군,202307,0
전남,진도군,202308,0
전남,진도군,202309,0
전남,진도군,202310,0
전남,진도군,202311,0
전남,진도군,202312,0
전남,진도군,202401,0
전남,진도군,202402,0
전남,진도군,202403,0
전남,진도군,202404,0
전남,진도군,202405,0
전남,진도군,202406,0
전남,진도군,202407,0
전남,진도군,202408,0
전남,진도군,202409,0
전남,진도군,202410,0
전남,진도군,202411,0
전남,진도군,202412,0
전남,진도군,202501,0
전남,진도군,202502,0
전남,진도군,202503,0
전남,진도군,202504,0
전남,진도군,202505,0
전남,진도군,202506,0
전남,진도군,202507,0
전남,진도군,202508,0
전남,진도군,202509,0
전남,진도군,202510,0
전남,진도군,202511,0
전남,진도군,202512,0
전남,진도군,202601,0
전남,진도군,202602,0
전남,진도군,202603,0
전남,진도군,202604,0
전남,진도군,202605,0
전남,진도군,202606,0
전남,신안군,200708,0
전남,신안군,200806,0
전남,신안군,200809,0
전남,신안군,200811,0
전남,신안군,200812,0
전남,신안군,200901,0
전남,신안군,200902,0
전남,신안군,200903,0
전남,신안군,200904,0
전남,신안군,200905,0
전남,신안군,200906,0
전남,신안군,200907,0
전남,신안군,200908,0
전남,신안군,200909,0
전남,신안군,200910,0
전남,신안군,200911,0
전남,신안군,200912,0
전남,신안군,201001,0
전남,신안군,201002,0
전남,신안군,201003,0
전남,신안군,201004,0
전남,신안군,201005,0
전남,신안군,201006,0
전남,신안군,201007,0
전남,신안군,201008,0
전남,신안군,201009,0
전남,신안군,201010,0
전남,신안군,201011,0
전남,신안군,201012,0
전남,신안군,201101,0
전남,신안군,201102,0
전남,신안군,201103,0
전남,신안군,201104,0
전남,신안군,201105,0
전남,신안군,201106,0
전남,신안군,201107,0
전남,신안군,201108,0
전남,신안군,201109,0
전남,신안군,201110,0
전남,신안군,201111,0
전남,신안군,201112,0
전남,신안군,201201,0
전남,신안군,201202,0
전남,신안군,201203,0
전남,신안군,201204,0
전남,신안군,201205,0
전남,신안군,201206,0
전남,신안군,201207,0
전남,신안군,201208,0
전남,신안군,201209,0
전남,신안군,201210,0
전남,신안군,201211,0
전남,신안군,201212,0
전남,신안군,201301,0
전남,신안군,201302,0
전남,신안군,201303,0
전남,신안군,201304,0
전남,신안군,201305,0
전남,신안군,201306,0
전남,신안군,201307,0
전남,신안군,201308,0
전남,신안군,201309,0
전남,신안군,201310,0
전남,신안군,201311,0
전남,신안군,201312,0
전남,신안군,201401,0
전남,신안군,201402,0
전남,신안군,201403,0
전남,신안군,201404,0
전남,신안군,201405,0
전남,신안군,201406,0
전남,신안군,201407,0
전남,신안군,201408,0
전남,신안군,201409,0
전남,신안군,201410,0
전남,신안군,201411,0
전남,신안군,201412,0
전남,신안군,201501,0
전남,신안군,201502,0
전남,신안군,201503,0
전남,신안군,201504,0
전남,신안군,201505,0
전남,신안군,201506,0
전남,신안군,201507,0
전남,신안군,201508,0
전남,신안군,201509,0
전남,신안군,201510,0
전남,신안군,201511,0
전남,신안군,201512,0
전남,신안군,201601,0
전남,신안군,201602,0
전남,신안군,201603,0
전남,신안군,201604,0
전남,신안군,201605,0
전남,신안군,201606,0
전남,신안군,201607,0
전남,신안군,201608,0
전남,신안군,201609,0
전남,신안군,201610,0
전남,신안군,201611,0
전남,신안군,201612,0
전남,신안군,201701,0
전남,신안군,201702,0
전남,신안군,201703,0
전남,신안군,201704,0
전남,신안군,201705,0
전남,신안군,201706,0
전남,신안군,201707,0
전남,신안군,201709,0
전남,신안군,201710,0
전남,신안군,201711,0
전남,신안군,201712,0
전남,신안군,201801,0
전남,신안군,201802,0
전남,신안군,201807,0
전남,신안군,201808,0
전남,신안군,201811,0
전남,신안군,201812,0
전남,신안군,201901,0
전남,신안군,201902,0
전남,신안군,201903,0
전남,신안군,201904,0
전남,신안군,201905,0
전남,신안군,201906,0
전남,신안군,201907,0
전남,신안군,201908,0
전남,신안군,201909,0
전남,신안군,201910,0
전남,신안군,201912,0
전남,신안군,202001,0
전남,신안군,202002,0
전남,신안군,202003,0
전남,신안군,202004,0
전남,신안군,202005,0
전남,신안군,202006,0
전남,신안군,202007,0
전남,신안군,202008,0
전남,신안군,202009,0
전남,신안군,202010,0
전남,신안군,202011,0
전남,신안군,202012,0
전남,신안군,202101,0
전남,신안군,202102,0
전남,신안군,202103,0
전남,신안군,202104,0
전남,신안군,202105,0
전남,신안군,202106,0
전남,신안군,202107,0
전남,신안군,202108,0
전남,신안군,202109,0
전남,신안군,202110,0
전남,신안군,202111,0
전남,신안군,202112,0
전남,신안군,202201,0
전남,신안군,202202,0
전남,신안군,202203,0
전남,신안군,202204,0
전남,신안군,202205,0
전남,신안군,202206,0
전남,신안군,202207,0
전남,신안군,202208,0
전남,신안군,202209,0
전남,신안군,202210,0
전남,신안군,202211,0
전남,신안군,202212,0
전남,신안군,202301,0
전남,신안군,202302,0
전남,신안군,202303,0
전남,신안군,202304,0
전남,신안군,202305,0
전남,신안군,202306,0
전남,신안군,202307,0
전남,신안군,202308,0
전남,신안군,202309,0
전남,신안군,202310,0
전남,신안군,202311,0
전남,신안군,202312,0
전남,신안군,202401,0
전남,신안군,202402,0
전남,신안군,202403,0
전남,신안군,202404,0
전남,신안군,202405,0
전남,신안군,202406,0
전남,신안군,202407,0
전남,신안군,202408,0
전남,신안군,202409,0
전남,신안군,202410,0
전남,신안군,202411,0
전남,신안군,202412,0
전남,신안군,202501,0
전남,신안군,202502,0
전남,신안군,202503,0
전남,신안군,202504,0
전남,신안군,202505,0
전남,신안군,202506,0
전남,신안군,202507,0
전남,신안군,202508,0
전남,신안군,202509,0
전남,신안군,202510,0
전남,신안군,202511,0
전남,신안군,202512,0
전남,신안군,202601,0
전남,신안군,202602,0
전남,신안군,202603,0
전남,신안군,202604,0
전남,신안군,202605,0
전남,신안군,202606,0
경북,군위군,200708,0
경북,군위군,200811,0
경북,군위군,200812,0
경북,군위군,200901,0
경북,군위군,200902,0
경북,군위군,200903,0
경북,군위군,200904,0
경북,군위군,200905,0
경북,군위군,200906,0
경북,군위군,200907,0
경북,군위군,200908,0
경북,군위군,200909,0
경북,군위군,200910,0
경북,군위군,200911,0
경북,군위군,200912,0
경북,군위군,201001,0
경북,군위군,201002,0
경북,군위군,201003,0
경북,군위군,201004,0
경북,군위군,201005,0
경북,군위군,201006,0
경북,군위군,201007,0
경북,군위군,201008,0
경북,군위군,201009,0
경북,군위군,201010,0
경북,군위군,201011,0
경북,군위군,201012,0
경북,군위군,201101,0
경북,군위군,201102,0
경북,군위군,201103,0
경북,군위군,201104,0
경북,군위군,201105,0
경북,군위군,201106,0
경북,군위군,201107,0
경북,군위군,201108,0
경북,군위군,201109,0
경북,군위군,201110,0
경북,군위군,201111,0
경북,군위군,201112,0
경북,군위군,201201,0
경북,군위군,201202,0
경북,군위군,201203,0
경북,군위군,201204,0
경북,군위군,201205,0
경북,군위군,201206,0
경북,군위군,201207,0
경북,군위군,201208,0
경북,군위군,201209,0
경북,군위군,201210,0
경북,군위군,201211,0
경북,군위군,201212,0
경북,군위군,201301,0
경북,군위군,201302,0
경북,군위군,201303,0
경북,군위군,201304,0
경북,군위군,201305,0
경북,군위군,201306,0
경북,군위군,201307,0
경북,군위군,201308,0
경북,군위군,201309,0
경북,군위군,201310,0
경북,군위군,201311,0
경북,군위군,201312,0
경북,군위군,201401,0
경북,군위군,201402,0
경북,군위군,201403,0
경북,군위군,201404,0
경북,군위군,201405,0
경북,군위군,201406,0
경북,군위군,201407,0
경북,군위군,201408,0
경북,군위군,201409,0
경북,군위군,201410,0
경북,군위군,201411,0
경북,군위군,201412,0
경북,군위군,201501,0
경북,군위군,201502,0
경북,군위군,201503,0
경북,군위군,201504,0
경북,군위군,201505,0
경북,군위군,201506,0
경북,군위군,201507,0
경북,군위군,201508,0
경북,군위군,201509,0
경북,군위군,201510,0
경북,군위군,201511,0
경북,군위군,201512,0
경북,군위군,201601,0
경북,군위군,201602,0
경북,군위군,201603,0
경북,군위군,201604,0
경북,군위군,201605,0
경북,군위군,201606,0
경북,군위군,201607,0
경북,군위군,201608,0
경북,군위군,201609,0
경북,군위군,201610,0
경북,군위군,201611,0
경북,군위군,201612,0
경북,군위군,201701,0
경북,군위군,201702,0
경북,군위군,201703,0
경북,군위군,201704,0
경북,군위군,201705,0
경북,군위군,201706,0
경북,군위군,201707,0
경북,군위군,201708,0
경북,군위군,201709,0
경북,군위군,201710,0
경북,군위군,201711,0
경북,군위군,201712,0
경북,군위군,201801,0
경북,군위군,201802,0
경북,군위군,201807,0
경북,군위군,201808,0
경북,군위군,201811,0
경북,군위군,201812,0
경북,군위군,201901,0
경북,군위군,201902,0
경북,군위군,201903,0
경북,군위군,201904,0
경북,군위군,201905,0
경북,군위군,201906,0
경북,군위군,201907,0
경북,군위군,201908,0
경북,군위군,201909,0
경북,군위군,201910,0
경북,군위군,201912,0
경북,군위군,202001,0
경북,군위군,202002,0
경북,군위군,202003,0
경북,군위군,202004,0
경북,군위군,202005,0
경북,군위군,202006,0
경북,군위군,202007,0
경북,군위군,202008,0
경북,군위군,202009,0
경북,군위군,202010,0
경북,군위군,202011,0
경북,군위군,202012,0
경북,군위군,202101,0
경북,군위군,202102,0
경북,군위군,202103,0
경북,군위군,202104,0
경북,군위군,202105,0
경북,군위군,202106,0
경북,군위군,202107,0
경북,군위군,202108,0
경북,군위군,202109,0
경북,군위군,202110,0
경북,군위군,202111,0
경북,군위군,202112,0
경북,군위군,202201,0
경북,군위군,202202,0
경북,군위군,202203,0
경북,군위군,202204,0
경북,군위군,202205,0
경북,군위군,202206,0
경북,군위군,202207,0
경북,군위군,202208,0
경북,군위군,202209,0
경북,군위군,202210,0
경북,군위군,202211,0
경북,군위군,202212,0
경북,군위군,202301,0
경북,군위군,202302,0
경북,군위군,202303,0
경북,군위군,202304,0
경북,군위군,202305,0
경북,군위군,202306,0
경북,포항시,200701,647
경북,포항시,200702,640
경북,포항시,200703,631
경북,포항시,200704,612
경북,포항시,200705,1403
경북,포항시,200706,1403
경북,포항시,200707,2396
경북,포항시,200708,2387
경북,포항시,200709,2387
경북,포항시,200710,2311
경북,포항시,200711,2653
경북,포항시,200712,2786
경북,포항시,200801,4506
경북,포항시,200802,4587
경북,포항시,200803,4427
경북,포항시,200804,4298
경북,포항시,200805,3642
경북,포항시,200806,5013
경북,포항시,200807,5522
경북,포항시,200808,5627
경북,포항시,200809,5784
경북,포항시,200810,5748
경북,포항시,200811,5724
경북,포항시,200812,5717
경북,포항시,200901,6094
경북,포항시,200902,5601
경북,포항시,200903,5608
경북,포항시,200904,5974
경북,포항시,200905,5922
경북,포항시,200906,5790
경북,포항시,200907,5725
경북,포항시,200908,5648
경북,포항시,200909,5424
경북,포항시,200910,5052
경북,포항시,200911,5012
경북,포항시,200912,5094
경북,포항시,201001,5002
경북,포항시,201002,4585
경북,포항시,201003,4532
경북,포항시,201004,4744
경북,포항시,201005,5179
경북,포항시,201006,4981
경북,포항시,201007,4947
경북,포항시,201008,5075
경북,포항시,201009,4678
경북,포항시,201010,4549
경북,포항시,201011,4319
경북,포항시,201012,4105
경북,포항시,201101,4036
경북,포항시,201102,3832
경북,포항시,201103,3734
경북,포항시,201104,3539
경북,포항시,201105,3355
경북,포항시,201106,3184
경북,포항시,201107,3078
경북,포항시,201108,2854
경북,포항시,201109,2609
경북,포항시,201110,2503
경북,포항시,201111,2390
경북,포항시,201112,2318
경북,포항시,201201,2241
경북,포항시,201202,2035
경북,포항시,201203,1844
경북,포항시,201204,1810
경북,포항시,201205,1871
경북,포항시,201206,1836
경북,포항시,201207,1802
경북,포항시,201208,1720
경북,포항시,201209,1213
경북,포항시,201210,1164
경북,포항시,201211,1102
경북,포항시,201212,1109
경북,포항시,201301,1047
경북,포항시,201302,1033
경북,포항시,201303,940
경북,포항시,201304,801
경북,포항시,201305,779
경북,포항시,201306,674
경북,포항시,201307,599
경북,포항시,201308,486
경북,포항시,201309,436
경북,포항시,201310,303
경북,포항시,201311,253
경북,포항시,201312,277
경북,포항시,201401,248
경북,포항시,201402,228
경북,포항시,201403,192
경북,포항시,201404,172
경북,포항시,201405,152
경북,포항시,201406,124
경북,포항시,201407,114
경북,포항시,201408,468
경북,포항시,201409,401
경북,포항시,201410,691
경북,포항시,201411,462
경북,포항시,201412,332
경북,포항시,201501,343
경북,포항시,201502,262
경북,포항시,201503,197
경북,포항시,201504,156
경북,포항시,201505,114
경북,포항시,201506,90
경북,포항시,201507,72
경북,포항시,201508,52
경북,포항시,201509,46
경북,포항시,201510,44
경북,포항시,201511,36
경북,포항시,201512,657
경북,포항시,201601,940
경북,포항시,201602,930
경북,포항시,201603,1019
경북,포항시,201604,963
경북,포항시,201605,1481
경북,포항시,201606,1736
경북,포항시,201607,1862
경북,포항시,201608,1748
경북,포항시,201609,1786
경북,포항시,201610,1743
경북,포항시,201611,1560
경북,포항시,201612,1525
경북,포항시,201701,1523
경북,포항시,201702,1383
경북,포항시,201703,1337
경북,포항시,201704,1317
경북,포항시,201705,1380
경북,포항시,201706,1248
경북,포항시,201707,1704
경북,포항시,201708,2331
경북,포항시,201709,2132
경북,포항시,201710,2061
경북,포항시,201711,2316
경북,포항시,201712,2221
경북,포항시,201801,2146
경북,포항시,201802,2072
경북,포항시,201803,2031
경북,포항시,201804,2005
경북,포항시,201805,1996
경북,포항시,201806,1963
경북,포항시,201807,1922
경북,포항시,201808,1845
경북,포항시,201809,1751
경북,포항시,201810,1646
경북,포항시,201811,1578
경북,포항시,201812,1508
경북,포항시,201901,1434
경북,포항시,201902,1373
경북,포항시,201903,1392
경북,포항시,201904,1355
경북,포항시,201905,1310
경북,포항시,201906,1354
경북,포항시,201907,1256
경북,포항시,201908,1089
경북,포항시,201909,975
경북,포항시,201910,787
경북,포항시,201911,723
경북,포항시,201912,657
경북,포항시,202001,383
경북,포항시,202002,258
경북,포항시,202003,204
경북,포항시,202004,239
경북,포항시,202005,207
경북,포항시,202006,126
경북,포항시,202007,88
경북,포항시,202008,72
경북,포항시,202009,59
경북,포항시,202010,46
경북,포항시,202011,35
경북,포항시,202012,27
경북,포항시,202101,72
경북,포항시,202102,82
경북,포항시,202103,46
경북,포항시,202104,46
경북,포항시,202105,46
경북,포항시,202106,47
경북,포항시,202107,46
경북,포항시,202108,46
경북,포항시,202109,43
경북,포항시,202110,42
경북,포항시,202111,41
경북,포항시,202112,2919
경북,포항시,202201,2943
경북,포항시,202202,3240
경북,포항시,202203,3140
경북,포항시,202204,3120
경북,포항시,202205,2861
경북,포항시,202206,2509
경북,포항시,202207,4358
경북,포항시,202208,4209
경북,포항시,202209,4103
경북,포항시,202210,3995
경북,포항시,202211,4604
경북,포항시,202212,4546
경북,포항시,202301,5933
경북,포항시,202302,5821
경북,포항시,202303,5741
경북,포항시,202304,5649
경북,포항시,202305,5489
경북,포항시,202306,5212
경북,포항시,202307,4964
경북,포항시,202308,4620
경북,포항시,202309,4159
경북,포항시,202310,3896
경북,포항시,202311,3746
경북,포항시,202312,3660
경북,포항시,202401,3579
경북,포항시,202402,3447
경북,포항시,202403,3805
경북,포항시,202404,3623
경북,포항시,202405,3520
경북,포항시,202406,3414
경북,포항시,202407,3278
경북,포항시,202408,3155
경북,포항시,202409,3021
경북,포항시,202410,2889
경북,포항시,202411,2830
경북,포항시,202412,2751
경북,포항시,202501,2706
경북,포항시,202502,2650
경북,포항시,202503,2600
경북,포항시,202504,2551
경북,포항시,202505,2498
경북,포항시,202506,3092
경북,포항시,202507,3020
경북,포항시,202508,2880
경북,포항시,202509,2762
경북,포항시,202510,2632
경북,포항시,202511,2458
경북,포항시,202512,2344
경북,포항시,202601,2352
경북,포항시,202602,2290
경북,포항시,202603,2249
경북,포항시,202604,2103
경북,포항시,202605,2000
경북,포항시,202606,2013
경북,포항시,202607,2041
경북,포항시,202608,1971
경북,경주시,200701,130
경북,경주시,200702,121
경북,경주시,200703,114
경북,경주시,200704,109
경북,경주시,200705,105
경북,경주시,200706,270
경북,경주시,200707,234
경북,경주시,200708,232
경북,경주시,200709,587
경북,경주시,200710,587
경북,경주시,200711,543
경북,경주시,200712,543
경북,경주시,200801,1163
경북,경주시,200802,1068
경북,경주시,200803,1026
경북,경주시,200804,957
경북,경주시,200805,911
경북,경주시,200806,994
경북,경주시,200807,973
경북,경주시,200808,936
경북,경주시,200809,912
경북,경주시,200810,904
경북,경주시,200811,915
경북,경주시,200812,1426
경북,경주시,200901,1427
경북,경주시,200902,1481
경북,경주시,200903,1478
경북,경주시,200904,1377
경북,경주시,200905,1361
경북,경주시,200906,1350
경북,경주시,200907,1338
경북,경주시,200908,1401
경북,경주시,200909,1439
경북,경주시,200910,1432
경북,경주시,200911,1416
경북,경주시,200912,1403
경북,경주시,201001,1395
경북,경주시,201002,1391
경북,경주시,201003,1375
경북,경주시,201004,1356
경북,경주시,201005,1351
경북,경주시,201006,1139
경북,경주시,201007,769
경북,경주시,201008,772
경북,경주시,201009,768
경북,경주시,201010,764
경북,경주시,201011,705
경북,경주시,201012,702
경북,경주시,201101,640
경북,경주시,201102,627
경북,경주시,201103,588
경북,경주시,201104,540
경북,경주시,201105,540
경북,경주시,201106,770
경북,경주시,201107,752
경북,경주시,201108,550
경북,경주시,201109,471
경북,경주시,201110,466
경북,경주시,201111,457
경북,경주시,201112,454
경북,경주시,201201,296
경북,경주시,201202,270
경북,경주시,201203,243
경북,경주시,201204,243
경북,경주시,201205,227
경북,경주시,201206,222
경북,경주시,201207,212
경북,경주시,201208,191
경북,경주시,201209,140
경북,경주시,201210,133
경북,경주시,201211,120
경북,경주시,201212,118
경북,경주시,201301,112
경북,경주시,201302,112
경북,경주시,201303,95
경북,경주시,201304,76
경북,경주시,201305,61
경북,경주시,201306,52
경북,경주시,201307,52
경북,경주시,201308,46
경북,경주시,201309,46
경북,경주시,201310,41
경북,경주시,201311,41
경북,경주시,201312,97
경북,경주시,201401,92
경북,경주시,201402,89
경북,경주시,201403,89
경북,경주시,201404,89
경북,경주시,201405,89
경북,경주시,201406,89
경북,경주시,201407,86
경북,경주시,201408,86
경북,경주시,201409,74
경북,경주시,201410,74
경북,경주시,201411,73
경북,경주시,201412,73
경북,경주시,201501,72
경북,경주시,201502,20
경북,경주시,201503,12
경북,경주시,201504,7
경북,경주시,201505,7
경북,경주시,201506,6
경북,경주시,201507,7
경북,경주시,201508,7
경북,경주시,201509,7
경북,경주시,201510,26
경북,경주시,201511,63
경북,경주시,201512,1030
경북,경주시,201601,823
경북,경주시,201602,608
경북,경주시,201603,925
경북,경주시,201604,853
경북,경주시,201605,781
경북,경주시,201606,743
경북,경주시,201607,714
경북,경주시,201608,696
경북,경주시,201609,1625
경북,경주시,201610,1567
경북,경주시,201611,1632
경북,경주시,201612,1603
경북,경주시,201701,1677
경북,경주시,201702,1686
경북,경주시,201703,1608
경북,경주시,201704,1548
경북,경주시,201705,1539
경북,경주시,201706,1498
경북,경주시,201707,1440
경북,경주시,201708,1405
경북,경주시,201709,1368
경북,경주시,201710,1320
경북,경주시,201711,1282
경북,경주시,201712,1219
경북,경주시,201801,1194
경북,경주시,201802,1179
경북,경주시,201803,1107
경북,경주시,201804,1068
경북,경주시,201805,1037
경북,경주시,201806,2156
경북,경주시,201807,2119
경북,경주시,201808,2107
경북,경주시,201809,2096
경북,경주시,201810,2059
경북,경주시,201811,2042
경북,경주시,201812,2009
경북,경주시,201901,2004
경북,경주시,201902,1997
경북,경주시,201903,2005
경북,경주시,201904,1997
경북,경주시,201905,1994
경북,경주시,201906,1824
경북,경주시,201907,1805
경북,경주시,201908,1787
경북,경주시,201909,1773
경북,경주시,201910,1753
경북,경주시,201911,1730
경북,경주시,201912,1697
경북,경주시,202001,1668
경북,경주시,202002,1781
경북,경주시,202003,1781
경북,경주시,202004,1682
경북,경주시,202005,1416
경북,경주시,202006,923
경북,경주시,202007,891
경북,경주시,202008,810
경북,경주시,202009,751
경북,경주시,202010,669
경북,경주시,202011,476
경북,경주시,202012,315
경북,경주시,202101,277
경북,경주시,202102,243
경북,경주시,202103,220
경북,경주시,202104,201
경북,경주시,202105,185
경북,경주시,202106,162
경북,경주시,202107,142
경북,경주시,202108,128
경북,경주시,202109,119
경북,경주시,202110,105
경북,경주시,202111,122
경북,경주시,202112,120
경북,경주시,202201,509
경북,경주시,202202,1770
경북,경주시,202203,2076
경북,경주시,202204,1660
경북,경주시,202205,1415
경북,경주시,202206,1287
경북,경주시,202207,1173
경북,경주시,202208,1540
경북,경주시,202209,1494
경북,경주시,202210,1480
경북,경주시,202211,1458
경북,경주시,202212,1474
경북,경주시,202301,1460
경북,경주시,202302,1433
경북,경주시,202303,1427
경북,경주시,202304,1399
경북,경주시,202305,1381
경북,경주시,202306,1349
경북,경주시,202307,1294
경북,경주시,202308,1458
경북,경주시,202309,1432
경북,경주시,202310,1418
경북,경주시,202311,1398
경북,경주시,202312,1391
경북,경주시,202401,1387
경북,경주시,202402,1449
경북,경주시,202403,1437
경북,경주시,202404,1426
경북,경주시,202405,1415
경북,경주시,202406,1403
경북,경주시,202407,1397
경북,경주시,202408,1382
경북,경주시,202409,1378
경북,경주시,202410,1373
경북,경주시,202411,1360
경북,경주시,202412,1362
경북,경주시,202501,1360
경북,경주시,202502,1366
경북,경주시,202503,1029
경북,경주시,202504,1029
경북,경주시,202505,1023
경북,경주시,202506,1003
경북,경주시,202507,979
경북,경주시,202508,991
경북,경주시,202509,816
경북,경주시,202510,800
경북,경주시,202511,773
경북,경주시,202512,731
경북,경주시,202601,695
경북,경주시,202602,662
경북,경주시,202603,515
경북,경주시,202604,499
경북,경주시,202605,519
경북,경주시,202606,451
경북,경주시,202607,431
경북,경주시,202608,409
경북,김천시,200701,102
경북,김천시,200702,65
경북,김천시,200703,60
경북,김천시,200704,56
경북,김천시,200705,51
경북,김천시,200706,39
경북,김천시,200707,37
경북,김천시,200708,18
경북,김천시,200709,16
경북,김천시,200710,10
경북,김천시,200711,7
경북,김천시,200712,6
경북,김천시,200801,4
경북,김천시,200802,4
경북,김천시,200803,4
경북,김천시,200804,4
경북,김천시,200805,4
경북,김천시,200806,4
경북,김천시,200807,8
경북,김천시,200808,8
경북,김천시,200809,2
경북,김천시,200810,2
경북,김천시,200811,1
경북,김천시,200812,253
경북,김천시,200901,253
경북,김천시,200902,253
경북,김천시,200903,325
경북,김천시,200904,325
경북,김천시,200905,358
경북,김천시,200906,349
경북,김천시,200907,345
경북,김천시,200908,18
경북,김천시,200909,16
경북,김천시,200910,16
경북,김천시,200911,13
경북,김천시,200912,321
경북,김천시,201001,296
경북,김천시,201002,292
경북,김천시,201003,292
경북,김천시,201004,283
경북,김천시,201005,280
경북,김천시,201006,279
경북,김천시,201007,279
경북,김천시,201008,274
경북,김천시,201009,271
경북,김천시,201010,268
경북,김천시,201011,256
경북,김천시,201012,244
경북,김천시,201101,234
경북,김천시,201102,234
경북,김천시,201103,232
경북,김천시,201104,326
경북,김천시,201105,295
경북,김천시,201106,293
경북,김천시,201107,279
경북,김천시,201108,261
경북,김천시,201109,235
경북,김천시,201110,213
경북,김천시,201111,197
경북,김천시,201112,176
경북,김천시,201201,151
경북,김천시,201202,157
경북,김천시,201203,149
경북,김천시,201204,140
경북,김천시,201205,135
경북,김천시,201206,123
경북,김천시,201207,269
경북,김천시,201208,257
경북,김천시,201209,244
경북,김천시,201210,231
경북,김천시,201211,221
경북,김천시,201212,451
경북,김천시,201301,560
경북,김천시,201302,263
경북,김천시,201303,213
경북,김천시,201304,231
경북,김천시,201305,199
경북,김천시,201306,303
경북,김천시,201307,344
경북,김천시,201308,339
경북,김천시,201309,297
경북,김천시,201310,256
경북,김천시,201311,229
경북,김천시,201312,198
경북,김천시,201401,196
경북,김천시,201402,183
경북,김천시,201403,172
경북,김천시,201404,163
경북,김천시,201405,158
경북,김천시,201406,145
경북,김천시,201407,562
경북,김천시,201408,708
경북,김천시,201409,573
경북,김천시,201410,498
경북,김천시,201411,457
경북,김천시,201412,411
경북,김천시,201501,362
경북,김천시,201502,328
경북,김천시,201503,315
경북,김천시,201504,304
경북,김천시,201505,245
경북,김천시,201506,205
경북,김천시,201507,121
경북,김천시,201508,121
경북,김천시,201509,87
경북,김천시,201510,76
경북,김천시,201511,74
경북,김천시,201512,420
경북,김천시,201601,391
경북,김천시,201602,376
경북,김천시,201603,372
경북,김천시,201604,368
경북,김천시,201605,347
경북,김천시,201606,312
경북,김천시,201607,295
경북,김천시,201608,280
경북,김천시,201609,276
경북,김천시,201610,687
경북,김천시,201611,639
경북,김천시,201612,827
경북,김천시,201701,1642
경북,김천시,201702,1609
경북,김천시,201703,1628
경북,김천시,201704,1654
경북,김천시,201705,1641
경북,김천시,201706,1616
경북,김천시,201707,1587
경북,김천시,201708,1568
경북,김천시,201709,1529
경북,김천시,201710,1503
경북,김천시,201711,1510
경북,김천시,201712,1456
경북,김천시,201801,1430
경북,김천시,201802,1410
경북,김천시,201803,1396
경북,김천시,201804,1379
경북,김천시,201805,1373
경북,김천시,201806,1365
경북,김천시,201807,1329
경북,김천시,201808,1317
경북,김천시,201809,1309
경북,김천시,201810,1295
경북,김천시,201811,1263
경북,김천시,201812,1258
경북,김천시,201901,1253
경북,김천시,201902,1250
경북,김천시,201903,1236
경북,김천시,201904,1214
경북,김천시,201905,1171
경북,김천시,201906,1163
경북,김천시,201907,1157
경북,김천시,201908,1153
경북,김천시,201909,1151
경북,김천시,201910,1151
경북,김천시,201911,1151
경북,김천시,201912,1151
경북,김천시,202001,1151
경북,김천시,202002,1151
경북,김천시,202003,1151
경북,김천시,202004,1151
경북,김천시,202005,1151
경북,김천시,202006,1148
경북,김천시,202007,1098
경북,김천시,202008,1097
경북,김천시,202009,1097
경북,김천시,202010,1097
경북,김천시,202011,1097
경북,김천시,202012,1097
경북,김천시,202101,1094
경북,김천시,202102,1094
경북,김천시,202103,1244
경북,김천시,202104,1209
경북,김천시,202105,1162
경북,김천시,202106,989
경북,김천시,202107,894
경북,김천시,202108,829
경북,김천시,202109,801
경북,김천시,202110,748
경북,김천시,202111,723
경북,김천시,202112,696
경북,김천시,202201,811
경북,김천시,202202,789
경북,김천시,202203,735
경북,김천시,202204,679
경북,김천시,202205,650
경북,김천시,202206,621
경북,김천시,202207,593
경북,김천시,202208,581
경북,김천시,202209,574
경북,김천시,202210,565
경북,김천시,202211,561
경북,김천시,202212,555
경북,김천시,202301,547
경북,김천시,202302,545
경북,김천시,202303,542
경북,김천시,202304,537
경북,김천시,202305,526
경북,김천시,202306,510
경북,김천시,202307,422
경북,김천시,202308,399
경북,김천시,202309,385
경북,김천시,202310,370
경북,김천시,202311,352
경북,김천시,202312,331
경북,김천시,202401,316
경북,김천시,202402,296
경북,김천시,202403,277
경북,김천시,202404,249
경북,김천시,202405,225
경북,김천시,202406,209
경북,김천시,202407,182
경북,김천시,202408,161
경북,김천시,202409,151
경북,김천시,202410,132
경북,김천시,202411,84
경북,김천시,202412,83
경북,김천시,202501,70
경북,김천시,202502,85
경북,김천시,202503,73
경북,김천시,202504,70
경북,김천시,202505,69
경북,김천시,202506,67
경북,김천시,202507,66
경북,김천시,202508,64
경북,김천시,202509,64
경북,김천시,202510,62
경북,김천시,202511,209
경북,김천시,202512,243
경북,김천시,202601,225
경북,김천시,202602,201
경북,김천시,202603,187
경북,김천시,202604,174
경북,김천시,202605,161
경북,김천시,202606,153
경북,김천시,202607,145
경북,김천시,202608,129
경북,안동시,200701,379
경북,안동시,200702,375
경북,안동시,200703,364
경북,안동시,200704,400
경북,안동시,200705,393
경북,안동시,200706,395
경북,안동시,200707,393
경북,안동시,200708,387
경북,안동시,200709,387
경북,안동시,200710,386
경북,안동시,200711,386
경북,안동시,200712,385
경북,안동시,200801,31
경북,안동시,200802,30
경북,안동시,200803,535
경북,안동시,200804,402
경북,안동시,200805,390
경북,안동시,200806,85
경북,안동시,200807,245
경북,안동시,200808,225
경북,안동시,200809,215
경북,안동시,200810,197
경북,안동시,200811,191
경북,안동시,200812,191
경북,안동시,200901,183
경북,안동시,200902,178
경북,안동시,200903,180
경북,안동시,200904,174
경북,안동시,200905,172
경북,안동시,200906,252
경북,안동시,200907,237
경북,안동시,200908,236
경북,안동시,200909,234
경북,안동시,200910,222
경북,안동시,200911,207
경북,안동시,200912,207
경북,안동시,201001,204
경북,안동시,201002,197
경북,안동시,201003,178
경북,안동시,201004,166
경북,안동시,201005,160
경북,안동시,201006,143
경북,안동시,201007,138
경북,안동시,201008,136
경북,안동시,201009,100
경북,안동시,201010,78
경북,안동시,201011,65
경북,안동시,201012,61
경북,안동시,201101,61
경북,안동시,201102,56
경북,안동시,201103,55
경북,안동시,201104,55
경북,안동시,201105,57
경북,안동시,201106,53
경북,안동시,201107,52
경북,안동시,201108,52
경북,안동시,201109,162
경북,안동시,201110,120
경북,안동시,201111,174
경북,안동시,201112,171
경북,안동시,201201,153
경북,안동시,201202,153
경북,안동시,201203,227
경북,안동시,201204,219
경북,안동시,201205,247
경북,안동시,201206,382
경북,안동시,201207,343
경북,안동시,201208,336
경북,안동시,201209,308
경북,안동시,201210,875
경북,안동시,201211,450
경북,안동시,201212,513
경북,안동시,201301,472
경북,안동시,201302,420
경북,안동시,201303,379
경북,안동시,201304,492
경북,안동시,201305,418
경북,안동시,201306,395
경북,안동시,201307,383
경북,안동시,201308,374
경북,안동시,201309,270
경북,안동시,201310,263
경북,안동시,201311,222
경북,안동시,201312,176
경북,안동시,201401,168
경북,안동시,201402,161
경북,안동시,201403,105
경북,안동시,201404,74
경북,안동시,201405,57
경북,안동시,201406,51
경북,안동시,201407,48
경북,안동시,201408,46
경북,안동시,201409,32
경북,안동시,201410,450
경북,안동시,201411,21
경북,안동시,201412,21
경북,안동시,201501,12
경북,안동시,201502,12
경북,안동시,201503,9
경북,안동시,201504,9
경북,안동시,201505,9
경북,안동시,201506,4
경북,안동시,201507,67
경북,안동시,201508,59
경북,안동시,201509,51
경북,안동시,201510,46
경북,안동시,201511,46
경북,안동시,201512,46
경북,안동시,201601,46
경북,안동시,201602,46
경북,안동시,201603,46
경북,안동시,201604,174
경북,안동시,201605,152
경북,안동시,201606,133
경북,안동시,201607,126
경북,안동시,201608,117
경북,안동시,201609,105
경북,안동시,201610,96
경북,안동시,201611,96
경북,안동시,201612,108
경북,안동시,201701,87
경북,안동시,201702,81
경북,안동시,201703,71
경북,안동시,201704,67
경북,안동시,201705,63
경북,안동시,201706,43
경북,안동시,201707,42
경북,안동시,201708,37
경북,안동시,201709,239
경북,안동시,201710,232
경북,안동시,201711,199
경북,안동시,201712,191
경북,안동시,201801,538
경북,안동시,201802,569
경북,안동시,201803,552
경북,안동시,201804,543
경북,안동시,201805,536
경북,안동시,201806,533
경북,안동시,201807,531
경북,안동시,201808,527
경북,안동시,201809,524
경북,안동시,201810,514
경북,안동시,201811,511
경북,안동시,201812,504
경북,안동시,201901,499
경북,안동시,201902,494
경북,안동시,201903,484
경북,안동시,201904,480
경북,안동시,201905,478
경북,안동시,201906,478
경북,안동시,201907,479
경북,안동시,201908,477
경북,안동시,201909,476
경북,안동시,201910,433
경북,안동시,201911,388
경북,안동시,201912,318
경북,안동시,202001,260
경북,안동시,202002,182
경북,안동시,202003,169
경북,안동시,202004,131
경북,안동시,202005,125
경북,안동시,202006,121
경북,안동시,202007,112
경북,안동시,202008,95
경북,안동시,202009,76
경북,안동시,202010,53
경북,안동시,202011,36
경북,안동시,202012,16
경북,안동시,202101,0
경북,안동시,202102,578
경북,안동시,202103,505
경북,안동시,202104,340
경북,안동시,202105,218
경북,안동시,202106,132
경북,안동시,202107,85
경북,안동시,202108,45
경북,안동시,202109,1
경북,안동시,202110,363
경북,안동시,202111,273
경북,안동시,202112,233
경북,안동시,202201,219
경북,안동시,202202,190
경북,안동시,202203,167
경북,안동시,202204,138
경북,안동시,202205,117
경북,안동시,202206,97
경북,안동시,202207,92
경북,안동시,202208,81
경북,안동시,202209,74
경북,안동시,202210,69
경북,안동시,202211,68
경북,안동시,202212,66
경북,안동시,202301,62
경북,안동시,202302,59
경북,안동시,202303,58
경북,안동시,202304,58
경북,안동시,202305,58
경북,안동시,202306,57
경북,안동시,202307,56
경북,안동시,202308,56
경북,안동시,202309,55
경북,안동시,202310,54
경북,안동시,202311,53
경북,안동시,202312,53
경북,안동시,202401,375
경북,안동시,202402,350
경북,안동시,202403,328
경북,안동시,202404,293
경북,안동시,202405,276
경북,안동시,202406,243
경북,안동시,202407,207
경북,안동시,202408,135
경북,안동시,202409,89
경북,안동시,202410,52
경북,안동시,202411,44
경북,안동시,202412,41
경북,안동시,202501,34
경북,안동시,202502,29
경북,안동시,202503,476
경북,안동시,202504,455
경북,안동시,202505,405
경북,안동시,202506,574
경북,안동시,202507,416
경북,안동시,202508,289
경북,안동시,202509,216
경북,안동시,202510,166
경북,안동시,202511,133
경북,안동시,202512,106
경북,안동시,202601,86
경북,안동시,202602,274
경북,안동시,202603,259
경북,안동시,202604,212
경북,안동시,202605,119
경북,안동시,202606,109
경북,안동시,202607,90
경북,안동시,202608,85
경북,구미시,200701,2159
경북,구미시,200702,1743
경북,구미시,200703,1933
경북,구미시,200704,1867
경북,구미시,200705,1873
경북,구미시,200706,3129
경북,구미시,200707,3066
경북,구미시,200708,3031
경북,구미시,200709,3031
경북,구미시,200710,2990
경북,구미시,200711,2624
경북,구미시,200712,2644
경북,구미시,200801,2366
경북,구미시,200802,2327
경북,구미시,200803,2293
경북,구미시,200804,2261
경북,구미시,200805,2228
경북,구미시,200806,3055
경북,구미시,200807,3396
경북,구미시,200808,3802
경북,구미시,200809,3774
경북,구미시,200810,3746
경북,구미시,200811,3746
경북,구미시,200812,3832
경북,구미시,200901,3838
경북,구미시,200902,3773
경북,구미시,200903,4400
경북,구미시,200904,3540
경북,구미시,200905,3539
경북,구미시,200906,3257
경북,구미시,200907,3214
경북,구미시,200908,3188
경북,구미시,200909,3143
경북,구미시,200910,3083
경북,구미시,200911,3083
경북,구미시,200912,3353
경북,구미시,201001,3282
경북,구미시,201002,3238
경북,구미시,201003,3232
경북,구미시,201004,2995
경북,구미시,201005,2940
경북,구미시,201006,2503
경북,구미시,201007,2451
경북,구미시,201008,2423
경북,구미시,201009,2188
경북,구미시,201010,2073
경북,구미시,201011,1903
경북,구미시,201012,1751
경북,구미시,201101,1626
경북,구미시,201102,1420
경북,구미시,201103,1314
경북,구미시,201104,1120
경북,구미시,201105,995
경북,구미시,201106,862
경북,구미시,201107,767
경북,구미시,201108,678
경북,구미시,201109,594
경북,구미시,201110,509
경북,구미시,201111,445
경북,구미시,201112,397
경북,구미시,201201,375
경북,구미시,201202,318
경북,구미시,201203,281
경북,구미시,201204,660
경북,구미시,201205,405
경북,구미시,201206,272
경북,구미시,201207,329
경북,구미시,201208,265
경북,구미시,201209,236
경북,구미시,201210,214
경북,구미시,201211,201
경북,구미시,201212,504
경북,구미시,201301,452
경북,구미시,201302,326
경북,구미시,201303,277
경북,구미시,201304,254
경북,구미시,201305,220
경북,구미시,201306,334
경북,구미시,201307,232
경북,구미시,201308,177
경북,구미시,201309,416
경북,구미시,201310,316
경북,구미시,201311,272
경북,구미시,201312,311
경북,구미시,201401,174
경북,구미시,201402,136
경북,구미시,201403,95
경북,구미시,201404,76
경북,구미시,201405,71
경북,구미시,201406,68
경북,구미시,201407,60
경북,구미시,201408,55
경북,구미시,201409,80
경북,구미시,201410,299
경북,구미시,201411,1342
경북,구미시,201412,1037
경북,구미시,201501,903
경북,구미시,201502,807
경북,구미시,201503,743
경북,구미시,201504,654
경북,구미시,201505,469
경북,구미시,201506,1072
경북,구미시,201507,586
경북,구미시,201508,617
경북,구미시,201509,411
경북,구미시,201510,751
경북,구미시,201511,672
경북,구미시,201512,706
경북,구미시,201601,684
경북,구미시,201602,656
경북,구미시,201603,629
경북,구미시,201604,622
경북,구미시,201605,605
경북,구미시,201606,600
경북,구미시,201607,665
경북,구미시,201608,651
경북,구미시,201609,647
경북,구미시,201610,1316
경북,구미시,201611,1187
경북,구미시,201612,1132
경북,구미시,201701,1095
경북,구미시,201702,1062
경북,구미시,201703,1005
경북,구미시,201704,970
경북,구미시,201705,1179
경북,구미시,201706,1186
경북,구미시,201707,1207
경북,구미시,201708,1174
경북,구미시,201709,1150
경북,구미시,201710,1143
경북,구미시,201711,1122
경북,구미시,201712,1121
경북,구미시,201801,1064
경북,구미시,201802,1625
경북,구미시,201803,1403
경북,구미시,201804,1290
경북,구미시,201805,1175
경북,구미시,201806,1104
경북,구미시,201807,1069
경북,구미시,201808,1039
경북,구미시,201809,1017
경북,구미시,201810,1414
경북,구미시,201811,1344
경북,구미시,201812,1082
경북,구미시,201901,943
경북,구미시,201902,911
경북,구미시,201903,869
경북,구미시,201904,838
경북,구미시,201905,792
경북,구미시,201906,759
경북,구미시,201907,794
경북,구미시,201908,758
경북,구미시,201909,731
경북,구미시,201910,682
경북,구미시,201911,625
경북,구미시,201912,574
경북,구미시,202001,551
경북,구미시,202002,517
경북,구미시,202003,485
경북,구미시,202004,461
경북,구미시,202005,363
경북,구미시,202006,356
경북,구미시,202007,356
경북,구미시,202008,356
경북,구미시,202009,337
경북,구미시,202010,218
경북,구미시,202011,230
경북,구미시,202012,175
경북,구미시,202101,147
경북,구미시,202102,130
경북,구미시,202103,124
경북,구미시,202104,124
경북,구미시,202105,124
경북,구미시,202106,114
경북,구미시,202107,114
경북,구미시,202108,274
경북,구미시,202109,231
경북,구미시,202110,186
경북,구미시,202111,165
경북,구미시,202112,152
경북,구미시,202201,486
경북,구미시,202202,323
경북,구미시,202203,176
경북,구미시,202204,132
경북,구미시,202205,130
경북,구미시,202206,128
경북,구미시,202207,128
경북,구미시,202208,126
경북,구미시,202209,124
경북,구미시,202210,123
경북,구미시,202211,123
경북,구미시,202212,123
경북,구미시,202301,123
경북,구미시,202302,123
경북,구미시,202303,123
경북,구미시,202304,123
경북,구미시,202305,123
경북,구미시,202306,123
경북,구미시,202307,122
경북,구미시,202308,122
경북,구미시,202309,121
경북,구미시,202310,121
경북,구미시,202311,121
경북,구미시,202312,1950
경북,구미시,202401,1948
경북,구미시,202402,1943
경북,구미시,202403,1943
경북,구미시,202404,1883
경북,구미시,202405,1882
경북,구미시,202406,1807
경북,구미시,202407,1759
경북,구미시,202408,1715
경북,구미시,202409,2106
경북,구미시,202410,2093
경북,구미시,202411,2084
경북,구미시,202412,2076
경북,구미시,202501,2074
경북,구미시,202502,1085
경북,구미시,202503,1081
경북,구미시,202504,1084
경북,구미시,202505,1081
경북,구미시,202506,1106
경북,구미시,202507,1172
경북,구미시,202508,1140
경북,구미시,202509,1059
경북,구미시,202510,1033
경북,구미시,202511,981
경북,구미시,202512,951
경북,구미시,202601,922
경북,구미시,202602,890
경북,구미시,202603,873
경북,구미시,202604,773
경북,구미시,202605,756
경북,구미시,202606,745
경북,구미시,202607,715
경북,구미시,202608,613
경북,영주시,200701,347
경북,영주시,200702,301
경북,영주시,200703,233
경북,영주시,200704,213
경북,영주시,200705,213
경북,영주시,200706,179
경북,영주시,200707,178
경북,영주시,200708,120
경북,영주시,200709,120
경북,영주시,200710,120
경북,영주시,200711,120
경북,영주시,200712,120
경북,영주시,200801,199
경북,영주시,200802,218
경북,영주시,200803,225
경북,영주시,200804,404
경북,영주시,200805,404
경북,영주시,200806,491
경북,영주시,200807,944
경북,영주시,200808,907
경북,영주시,200809,871
경북,영주시,200810,812
경북,영주시,200811,751
경북,영주시,200812,658
경북,영주시,200901,631
경북,영주시,200902,562
경북,영주시,200903,434
경북,영주시,200904,421
경북,영주시,200905,548
경북,영주시,200906,490
경북,영주시,200907,417
경북,영주시,200908,381
경북,영주시,200909,369
경북,영주시,200910,360
경북,영주시,200911,338
경북,영주시,200912,315
경북,영주시,201001,287
경북,영주시,201002,257
경북,영주시,201003,198
경북,영주시,201004,135
경북,영주시,201005,134
경북,영주시,201006,131
경북,영주시,201007,128
경북,영주시,201008,128
경북,영주시,201009,127
경북,영주시,201010,127
경북,영주시,201011,127
경북,영주시,201012,126
경북,영주시,201101,126
경북,영주시,201102,127
경북,영주시,201103,116
경북,영주시,201104,98
경북,영주시,201105,65
경북,영주시,201106,52
경북,영주시,201107,52
경북,영주시,201108,54
경북,영주시,201109,45
경북,영주시,201110,38
경북,영주시,201111,32
경북,영주시,201112,29
경북,영주시,201201,22
경북,영주시,201202,16
경북,영주시,201203,12
경북,영주시,201204,6
경북,영주시,201205,2
경북,영주시,201206,1
경북,영주시,201207,1
경북,영주시,201208,1
경북,영주시,201209,0
경북,영주시,201210,0
경북,영주시,201211,0
경북,영주시,201212,0
경북,영주시,201301,0
경북,영주시,201302,0
경북,영주시,201303,0
경북,영주시,201304,0
경북,영주시,201305,0
경북,영주시,201306,0
경북,영주시,201307,0
경북,영주시,201308,0
경북,영주시,201309,0
경북,영주시,201310,0
경북,영주시,201311,18
경북,영주시,201312,11
경북,영주시,201401,11
경북,영주시,201402,11
경북,영주시,201403,11
경북,영주시,201404,11
경북,영주시,201405,11
경북,영주시,201406,5
경북,영주시,201407,5
경북,영주시,201408,5
경북,영주시,201409,5
경북,영주시,201410,5
경북,영주시,201411,5
경북,영주시,201412,5
경북,영주시,201501,5
경북,영주시,201502,3
경북,영주시,201503,3
경북,영주시,201504,3
경북,영주시,201505,3
경북,영주시,201506,3
경북,영주시,201507,3
경북,영주시,201508,3
경북,영주시,201509,3
경북,영주시,201510,3
경북,영주시,201511,0
경북,영주시,201512,0
경북,영주시,201601,0
경북,영주시,201602,0
경북,영주시,201603,0
경북,영주시,201604,0
경북,영주시,201605,0
경북,영주시,201606,0
경북,영주시,201607,0
경북,영주시,201608,0
경북,영주시,201609,0
경북,영주시,201610,0
경북,영주시,201611,0
경북,영주시,201612,0
경북,영주시,201701,0
경북,영주시,201702,0
경북,영주시,201703,0
경북,영주시,201704,0
경북,영주시,201705,0
경북,영주시,201706,0
경북,영주시,201707,0
경북,영주시,201708,0
경북,영주시,201709,0
경북,영주시,201710,0
경북,영주시,201711,0
경북,영주시,201712,0
경북,영주시,201801,0
경북,영주시,201802,0
경북,영주시,201807,0
경북,영주시,201808,0
경북,영주시,201811,0
경북,영주시,201812,0
경북,영주시,201901,0
경북,영주시,201902,0
경북,영주시,201903,0
경북,영주시,201904,0
경북,영주시,201905,0
경북,영주시,201906,0
경북,영주시,201907,0
경북,영주시,201908,0
경북,영주시,201909,0
경북,영주시,201910,0
경북,영주시,201912,0
경북,영주시,202001,0
경북,영주시,202002,0
경북,영주시,202003,0
경북,영주시,202004,0
경북,영주시,202005,0
경북,영주시,202006,0
경북,영주시,202007,0
경북,영주시,202008,0
경북,영주시,202009,0
경북,영주시,202010,0
경북,영주시,202011,0
경북,영주시,202012,0
경북,영주시,202101,0
경북,영주시,202102,0
경북,영주시,202103,0
경북,영주시,202104,0
경북,영주시,202105,0
경북,영주시,202106,0
경북,영주시,202107,0
경북,영주시,202108,0
경북,영주시,202109,0
경북,영주시,202110,0
경북,영주시,202111,0
경북,영주시,202112,0
경북,영주시,202201,0
경북,영주시,202202,0
경북,영주시,202203,0
경북,영주시,202204,0
경북,영주시,202205,0
경북,영주시,202206,0
경북,영주시,202207,0
경북,영주시,202208,0
경북,영주시,202209,0
경북,영주시,202210,0
경북,영주시,202211,0
경북,영주시,202212,0
경북,영주시,202301,189
경북,영주시,202302,188
경북,영주시,202303,156
경북,영주시,202304,146
경북,영주시,202305,119
경북,영주시,202306,101
경북,영주시,202307,69
경북,영주시,202308,43
경북,영주시,202309,31
경북,영주시,202310,31
경북,영주시,202311,28
경북,영주시,202312,27
경북,영주시,202401,239
경북,영주시,202402,219
경북,영주시,202403,213
경북,영주시,202404,207
경북,영주시,202405,150
경북,영주시,202406,99
경북,영주시,202407,66
경북,영주시,202408,41
경북,영주시,202409,27
경북,영주시,202410,13
경북,영주시,202411,8
경북,영주시,202412,6
경북,영주시,202501,6
경북,영주시,202502,6
경북,영주시,202503,6
경북,영주시,202504,6
경북,영주시,202505,6
경북,영주시,202506,6
경북,영주시,202507,6
경북,영주시,202508,6
경북,영주시,202509,6
경북,영주시,202510,6
경북,영주시,202511,6
경북,영주시,202512,6
경북,영주시,202601,6
경북,영주시,202602,4
경북,영주시,202603,4
경북,영주시,202604,3
경북,영주시,202605,3
경북,영주시,202606,2
경북,영주시,202607,2
경북,영주시,202608,2
경북,영천시,200701,68
경북,영천시,200702,67
경북,영천시,200703,67
경북,영천시,200704,66
경북,영천시,200705,65
경북,영천시,200706,65
경북,영천시,200707,65
경북,영천시,200708,65
경북,영천시,200709,65
경북,영천시,200710,235
경북,영천시,200711,233
경북,영천시,200712,232
경북,영천시,200801,222
경북,영천시,200802,222
경북,영천시,200803,221
경북,영천시,200804,221
경북,영천시,200805,208
경북,영천시,200806,279
경북,영천시,200807,279
경북,영천시,200808,311
경북,영천시,200809,311
경북,영천시,200810,206
경북,영천시,200811,206
경북,영천시,200812,206
경북,영천시,200901,206
경북,영천시,200902,206
경북,영천시,200903,204
경북,영천시,200904,204
경북,영천시,200905,204
경북,영천시,200906,200
경북,영천시,200907,174
경북,영천시,200908,121
경북,영천시,200909,111
경북,영천시,200910,73
경북,영천시,200911,70
경북,영천시,200912,70
경북,영천시,201001,65
경북,영천시,201002,62
경북,영천시,201003,62
경북,영천시,201004,59
경북,영천시,201005,59
경북,영천시,201006,59
경북,영천시,201007,59
경북,영천시,201008,59
경북,영천시,201009,22
경북,영천시,201010,22
경북,영천시,201011,22
경북,영천시,201012,22
경북,영천시,201101,22
경북,영천시,201102,22
경북,영천시,201103,22
경북,영천시,201104,18
경북,영천시,201105,18
경북,영천시,201106,18
경북,영천시,201107,18
경북,영천시,201108,18
경북,영천시,201109,18
경북,영천시,201110,18
경북,영천시,201111,18
경북,영천시,201112,18
경북,영천시,201201,18
경북,영천시,201202,18
경북,영천시,201203,12
경북,영천시,201204,11
경북,영천시,201205,10
경북,영천시,201206,10
경북,영천시,201207,10
경북,영천시,201208,10
경북,영천시,201209,10
경북,영천시,201210,10
경북,영천시,201211,10
경북,영천시,201212,9
경북,영천시,201301,9
경북,영천시,201302,9
경북,영천시,201303,9
경북,영천시,201304,9
경북,영천시,201305,9
경북,영천시,201306,8
경북,영천시,201307,8
경북,영천시,201308,7
경북,영천시,201309,7
경북,영천시,201310,7
경북,영천시,201311,7
경북,영천시,201312,7
경북,영천시,201401,7
경북,영천시,201402,7
경북,영천시,201403,7
경북,영천시,201404,7
경북,영천시,201405,6
경북,영천시,201406,5
경북,영천시,201407,5
경북,영천시,201408,5
경북,영천시,201409,5
경북,영천시,201410,5
경북,영천시,201411,5
경북,영천시,201412,0
경북,영천시,201501,0
경북,영천시,201502,0
경북,영천시,201503,0
경북,영천시,201504,0
경북,영천시,201505,0
경북,영천시,201506,254
경북,영천시,201507,246
경북,영천시,201508,246
경북,영천시,201509,246
경북,영천시,201510,223
경북,영천시,201511,204
경북,영천시,201512,193
경북,영천시,201601,186
경북,영천시,201602,176
경북,영천시,201603,168
경북,영천시,201604,158
경북,영천시,201605,548
경북,영천시,201606,558
경북,영천시,201607,559
경북,영천시,201608,557
경북,영천시,201609,556
경북,영천시,201610,549
경북,영천시,201611,549
경북,영천시,201612,555
경북,영천시,201701,402
경북,영천시,201702,417
경북,영천시,201703,405
경북,영천시,201704,394
경북,영천시,201705,377
경북,영천시,201706,351
경북,영천시,201707,322
경북,영천시,201708,307
경북,영천시,201709,291
경북,영천시,201710,277
경북,영천시,201711,260
경북,영천시,201712,249
경북,영천시,201801,236
경북,영천시,201802,233
경북,영천시,201803,230
경북,영천시,201804,227
경북,영천시,201805,227
경북,영천시,201806,227
경북,영천시,201807,227
경북,영천시,201808,225
경북,영천시,201809,972
경북,영천시,201810,970
경북,영천시,201811,944
경북,영천시,201812,900
경북,영천시,201901,888
경북,영천시,201902,879
경북,영천시,201903,871
경북,영천시,201904,858
경북,영천시,201905,845
경북,영천시,201906,836
경북,영천시,201907,820
경북,영천시,201908,807
경북,영천시,201909,676
경북,영천시,201910,667
경북,영천시,201911,664
경북,영천시,201912,661
경북,영천시,202001,658
경북,영천시,202002,657
경북,영천시,202003,656
경북,영천시,202004,651
경북,영천시,202005,405
경북,영천시,202006,281
경북,영천시,202007,277
경북,영천시,202008,269
경북,영천시,202009,269
경북,영천시,202010,260
경북,영천시,202011,256
경북,영천시,202012,241
경북,영천시,202101,223
경북,영천시,202102,210
경북,영천시,202103,203
경북,영천시,202104,202
경북,영천시,202105,201
경북,영천시,202106,198
경북,영천시,202107,190
경북,영천시,202108,174
경북,영천시,202109,158
경북,영천시,202110,141
경북,영천시,202111,108
경북,영천시,202112,103
경북,영천시,202201,96
경북,영천시,202202,80
경북,영천시,202203,68
경북,영천시,202204,58
경북,영천시,202205,45
경북,영천시,202206,33
경북,영천시,202207,30
경북,영천시,202208,27
경북,영천시,202209,26
경북,영천시,202210,26
경북,영천시,202211,25
경북,영천시,202212,25
경북,영천시,202301,24
경북,영천시,202302,24
경북,영천시,202303,24
경북,영천시,202304,22
경북,영천시,202305,21
경북,영천시,202306,18
경북,영천시,202307,18
경북,영천시,202308,6
경북,영천시,202309,6
경북,영천시,202310,6
경북,영천시,202311,6
경북,영천시,202312,5
경북,영천시,202401,5
경북,영천시,202402,5
경북,영천시,202403,5
경북,영천시,202404,5
경북,영천시,202405,5
경북,영천시,202406,4
경북,영천시,202407,4
경북,영천시,202408,4
경북,영천시,202409,4
경북,영천시,202410,4
경북,영천시,202411,4
경북,영천시,202412,4
경북,영천시,202501,4
경북,영천시,202502,4
경북,영천시,202503,4
경북,영천시,202504,4
경북,영천시,202505,3
경북,영천시,202506,3
경북,영천시,202507,3
경북,영천시,202508,3
경북,영천시,202509,3
경북,영천시,202510,3
경북,영천시,202511,2
경북,영천시,202512,2
경북,영천시,202601,1
경북,영천시,202602,1
경북,영천시,202603,1
경북,영천시,202604,1
경북,영천시,202605,1
경북,영천시,202606,1
경북,영천시,202607,1
경북,영천시,202608,1
경북,상주시,200701,28
경북,상주시,200702,27
경북,상주시,200703,27
경북,상주시,200704,26
경북,상주시,200705,26
경북,상주시,200706,26
경북,상주시,200707,31
경북,상주시,200708,27
경북,상주시,200709,27
경북,상주시,200710,2
경북,상주시,200711,2
경북,상주시,200712,2
경북,상주시,200801,2
경북,상주시,200802,2
경북,상주시,200803,2
경북,상주시,200804,2
경북,상주시,200805,0
경북,상주시,200806,0
경북,상주시,200807,0
경북,상주시,200808,0
경북,상주시,200809,0
경북,상주시,200810,9
경북,상주시,200811,9
경북,상주시,200812,6
경북,상주시,200901,6
경북,상주시,200902,4
경북,상주시,200903,4
경북,상주시,200904,4
경북,상주시,200905,4
경북,상주시,200906,14
경북,상주시,200907,14
경북,상주시,200908,6
경북,상주시,200909,5
경북,상주시,200910,3
경북,상주시,200911,3
경북,상주시,200912,0
경북,상주시,201001,0
경북,상주시,201002,0
경북,상주시,201003,0
경북,상주시,201004,0
경북,상주시,201005,0
경북,상주시,201006,0
경북,상주시,201007,0
경북,상주시,201008,0
경북,상주시,201009,0
경북,상주시,201010,76
경북,상주시,201011,60
경북,상주시,201012,35
경북,상주시,201101,24
경북,상주시,201102,83
경북,상주시,201103,72
경북,상주시,201104,63
경북,상주시,201105,57
경북,상주시,201106,82
경북,상주시,201107,76
경북,상주시,201108,76
경북,상주시,201109,50
경북,상주시,201110,40
경북,상주시,201111,40
경북,상주시,201112,27
경북,상주시,201201,21
경북,상주시,201202,21
경북,상주시,201203,13
경북,상주시,201204,13
경북,상주시,201205,10
경북,상주시,201206,7
경북,상주시,201207,7
경북,상주시,201208,5
경북,상주시,201209,4
경북,상주시,201210,0
경북,상주시,201211,0
경북,상주시,201212,0
경북,상주시,201301,0
경북,상주시,201302,0
경북,상주시,201303,0
경북,상주시,201304,0
경북,상주시,201305,0
경북,상주시,201306,0
경북,상주시,201307,0
경북,상주시,201308,0
경북,상주시,201309,0
경북,상주시,201310,0
경북,상주시,201311,0
경북,상주시,201312,0
경북,상주시,201401,0
경북,상주시,201402,0
경북,상주시,201403,0
경북,상주시,201404,0
경북,상주시,201405,0
경북,상주시,201406,0
경북,상주시,201407,0
경북,상주시,201408,0
경북,상주시,201409,0
경북,상주시,201410,0
경북,상주시,201411,0
경북,상주시,201412,0
경북,상주시,201501,0
경북,상주시,201502,9
경북,상주시,201503,6
경북,상주시,201504,6
경북,상주시,201505,4
경북,상주시,201506,141
경북,상주시,201507,139
경북,상주시,201508,127
경북,상주시,201509,120
경북,상주시,201510,105
경북,상주시,201511,90
경북,상주시,201512,90
경북,상주시,201601,90
경북,상주시,201602,89
경북,상주시,201603,49
경북,상주시,201604,49
경북,상주시,201605,24
경북,상주시,201606,20
경북,상주시,201607,6
경북,상주시,201608,5
경북,상주시,201609,21
경북,상주시,201610,12
경북,상주시,201611,7
경북,상주시,201612,7
경북,상주시,201701,7
경북,상주시,201702,6
경북,상주시,201703,4
경북,상주시,201704,4
경북,상주시,201705,3
경북,상주시,201706,2
경북,상주시,201707,2
경북,상주시,201708,2
경북,상주시,201709,1
경북,상주시,201710,1
경북,상주시,201711,0
경북,상주시,201712,0
경북,상주시,201801,0
경북,상주시,201802,0
경북,상주시,201804,68
경북,상주시,201805,61
경북,상주시,201806,55
경북,상주시,201807,53
경북,상주시,201808,51
경북,상주시,201809,203
경북,상주시,201810,171
경북,상주시,201811,144
경북,상주시,201812,125
경북,상주시,201901,109
경북,상주시,201902,102
경북,상주시,201903,94
경북,상주시,201904,86
경북,상주시,201905,83
경북,상주시,201906,261
경북,상주시,201907,233
경북,상주시,201908,219
경북,상주시,201909,210
경북,상주시,201910,314
경북,상주시,201911,307
경북,상주시,201912,304
경북,상주시,202001,292
경북,상주시,202002,276
경북,상주시,202003,260
경북,상주시,202004,237
경북,상주시,202005,197
경북,상주시,202006,211
경북,상주시,202007,163
경북,상주시,202008,137
경북,상주시,202009,120
경북,상주시,202010,107
경북,상주시,202011,96
경북,상주시,202012,87
경북,상주시,202101,82
경북,상주시,202102,81
경북,상주시,202103,71
경북,상주시,202104,62
경북,상주시,202105,59
경북,상주시,202106,53
경북,상주시,202107,51
경북,상주시,202108,50
경북,상주시,202109,48
경북,상주시,202110,46
경북,상주시,202111,46
경북,상주시,202112,46
경북,상주시,202201,46
경북,상주시,202202,43
경북,상주시,202203,40
경북,상주시,202204,34
경북,상주시,202205,34
경북,상주시,202206,30
경북,상주시,202207,27
경북,상주시,202208,25
경북,상주시,202209,23
경북,상주시,202210,23
경북,상주시,202211,22
경북,상주시,202212,21
경북,상주시,202301,19
경북,상주시,202302,17
경북,상주시,202303,17
경북,상주시,202304,17
경북,상주시,202305,16
경북,상주시,202306,16
경북,상주시,202307,15
경북,상주시,202308,15
경북,상주시,202309,15
경북,상주시,202310,15
경북,상주시,202311,13
경북,상주시,202312,13
경북,상주시,202401,18
경북,상주시,202402,18
경북,상주시,202403,18
경북,상주시,202404,17
경북,상주시,202405,16
경북,상주시,202406,16
경북,상주시,202407,100
경북,상주시,202408,99
경북,상주시,202409,98
경북,상주시,202410,97
경북,상주시,202411,97
경북,상주시,202412,88
경북,상주시,202501,87
경북,상주시,202502,86
경북,상주시,202503,86
경북,상주시,202504,86
경북,상주시,202505,86
경북,상주시,202506,85
경북,상주시,202507,85
경북,상주시,202508,85
경북,상주시,202509,85
경북,상주시,202510,85
경북,상주시,202511,85
경북,상주시,202512,85
경북,상주시,202601,85
경북,상주시,202602,85
경북,상주시,202603,84
경북,상주시,202604,83
경북,상주시,202605,83
경북,상주시,202606,347
경북,상주시,202607,330
경북,상주시,202608,321
경북,문경시,200701,0
경북,문경시,200702,0
경북,문경시,200703,0
경북,문경시,200704,0
경북,문경시,200705,0
경북,문경시,200706,0
경북,문경시,200707,0
경북,문경시,200708,0
경북,문경시,200709,0
경북,문경시,200710,0
경북,문경시,200711,0
경북,문경시,200712,0
경북,문경시,200801,178
경북,문경시,200802,178
경북,문경시,200803,178
경북,문경시,200804,178
경북,문경시,200805,178
경북,문경시,200806,236
경북,문경시,200807,225
경북,문경시,200808,225
경북,문경시,200809,225
경북,문경시,200810,177
경북,문경시,200811,177
경북,문경시,200812,177
경북,문경시,200901,158
경북,문경시,200902,158
경북,문경시,200903,91
경북,문경시,200904,70
경북,문경시,200905,70
경북,문경시,200906,56
경북,문경시,200907,54
경북,문경시,200908,52
경북,문경시,200909,47
경북,문경시,200910,47
경북,문경시,200911,34
경북,문경시,200912,34
경북,문경시,201001,25
경북,문경시,201002,25
경북,문경시,201003,25
경북,문경시,201004,25
경북,문경시,201005,25
경북,문경시,201006,25
경북,문경시,201007,25
경북,문경시,201008,0
경북,문경시,201009,0
경북,문경시,201010,0
경북,문경시,201011,0
경북,문경시,201012,0
경북,문경시,201101,0
경북,문경시,201102,0
경북,문경시,201103,0
경북,문경시,201104,0
경북,문경시,201105,0
경북,문경시,201106,0
경북,문경시,201107,37
경북,문경시,201108,34
경북,문경시,201109,28
경북,문경시,201110,28
경북,문경시,201111,26
경북,문경시,201112,30
경북,문경시,201201,29
경북,문경시,201202,27
경북,문경시,201203,26
경북,문경시,201204,274
경북,문경시,201205,270
경북,문경시,201206,278
경북,문경시,201207,268
경북,문경시,201208,261
경북,문경시,201209,254
경북,문경시,201210,246
경북,문경시,201211,240
경북,문경시,201212,235
경북,문경시,201301,225
경북,문경시,201302,219
경북,문경시,201303,214
경북,문경시,201304,196
경북,문경시,201305,183
경북,문경시,201306,168
경북,문경시,201307,158
경북,문경시,201308,147
경북,문경시,201309,132
경북,문경시,201310,125
경북,문경시,201311,111
경북,문경시,201312,95
경북,문경시,201401,82
경북,문경시,201402,67
경북,문경시,201403,52
경북,문경시,201404,34
경북,문경시,201405,19
경북,문경시,201406,15
경북,문경시,201407,9
경북,문경시,201408,0
경북,문경시,201409,0
경북,문경시,201410,0
경북,문경시,201411,0
경북,문경시,201412,0
경북,문경시,201501,0
경북,문경시,201502,0
경북,문경시,201503,0
경북,문경시,201504,0
경북,문경시,201505,0
경북,문경시,201506,0
경북,문경시,201507,0
경북,문경시,201508,0
경북,문경시,201509,0
경북,문경시,201510,0
경북,문경시,201511,7
경북,문경시,201512,2
경북,문경시,201601,0
경북,문경시,201602,0
경북,문경시,201603,0
경북,문경시,201604,0
경북,문경시,201605,0
경북,문경시,201606,0
경북,문경시,201607,0
경북,문경시,201608,0
경북,문경시,201609,0
경북,문경시,201610,0
경북,문경시,201611,0
경북,문경시,201612,0
경북,문경시,201701,0
경북,문경시,201702,0
경북,문경시,201703,0
경북,문경시,201704,0
경북,문경시,201705,0
경북,문경시,201706,0
경북,문경시,201707,0
경북,문경시,201708,0
경북,문경시,201709,0
경북,문경시,201710,0
경북,문경시,201711,0
경북,문경시,201712,0
경북,문경시,201801,0
경북,문경시,201802,0
경북,문경시,201807,0
경북,문경시,201808,0
경북,문경시,201811,0
경북,문경시,201812,0
경북,문경시,201901,0
경북,문경시,201902,0
경북,문경시,201903,0
경북,문경시,201904,0
경북,문경시,201905,0
경북,문경시,201906,0
경북,문경시,201907,0
경북,문경시,201908,0
경북,문경시,201909,0
경북,문경시,201910,0
경북,문경시,201912,0
경북,문경시,202001,0
경북,문경시,202002,0
경북,문경시,202003,0
경북,문경시,202004,0
경북,문경시,202005,0
경북,문경시,202006,0
경북,문경시,202007,0
경북,문경시,202008,0
경북,문경시,202009,0
경북,문경시,202010,0
경북,문경시,202011,0
경북,문경시,202012,0
경북,문경시,202101,0
경북,문경시,202102,0
경북,문경시,202103,0
경북,문경시,202104,0
경북,문경시,202105,0
경북,문경시,202106,0
경북,문경시,202107,0
경북,문경시,202108,0
경북,문경시,202109,0
경북,문경시,202110,0
경북,문경시,202111,47
경북,문경시,202112,47
경북,문경시,202201,47
경북,문경시,202202,47
경북,문경시,202203,47
경북,문경시,202204,47
경북,문경시,202205,47
경북,문경시,202206,47
경북,문경시,202207,37
경북,문경시,202208,27
경북,문경시,202209,25
경북,문경시,202210,25
경북,문경시,202211,22
경북,문경시,202212,24
경북,문경시,202301,24
경북,문경시,202302,24
경북,문경시,202303,24
경북,문경시,202304,23
경북,문경시,202305,21
경북,문경시,202306,15
경북,문경시,202307,15
경북,문경시,202308,15
경북,문경시,202309,7
경북,문경시,202310,6
경북,문경시,202311,3
경북,문경시,202312,2
경북,문경시,202401,1
경북,문경시,202402,0
경북,문경시,202403,0
경북,문경시,202404,0
경북,문경시,202405,0
경북,문경시,202406,0
경북,문경시,202407,0
경북,문경시,202408,0
경북,문경시,202409,0
경북,문경시,202410,0
경북,문경시,202411,0
경북,문경시,202412,0
경북,문경시,202501,0
경북,문경시,202502,0
경북,문경시,202503,0
경북,문경시,202504,0
경북,문경시,202505,0
경북,문경시,202506,0
경북,문경시,202507,0
경북,문경시,202508,0
경북,문경시,202509,0
경북,문경시,202510,0
경북,문경시,202511,0
경북,문경시,202512,0
경북,문경시,202601,0
경북,문경시,202602,0
경북,문경시,202603,0
경북,문경시,202604,0
경북,문경시,202605,0
경북,문경시,202606,0
경북,문경시,202607,0
경북,문경시,202608,0
경북,경산시,200701,1454
경북,경산시,200702,1717
경북,경산시,200703,1621
경북,경산시,200704,1595
경북,경산시,200705,1575
경북,경산시,200706,1569
경북,경산시,200707,1562
경북,경산시,200708,1534
경북,경산시,200709,1522
경북,경산시,200710,1506
경북,경산시,200711,1490
경북,경산시,200712,1490
경북,경산시,200801,1456
경북,경산시,200802,1448
경북,경산시,200803,1442
경북,경산시,200804,2650
경북,경산시,200805,2657
경북,경산시,200806,2942
경북,경산시,200807,2881
경북,경산시,200808,2854
경북,경산시,200809,2832
경북,경산시,200810,2809
경북,경산시,200811,2802
경북,경산시,200812,2834
경북,경산시,200901,2623
경북,경산시,200902,2619
경북,경산시,200903,2612
경북,경산시,200904,2133
경북,경산시,200905,2107
경북,경산시,200906,2013
경북,경산시,200907,1972
경북,경산시,200908,1962
경북,경산시,200909,1956
경북,경산시,200910,1954
경북,경산시,200911,1917
경북,경산시,200912,1587
경북,경산시,201001,1533
경북,경산시,201002,1460
경북,경산시,201003,1400
경북,경산시,201004,1345
경북,경산시,201005,1286
경북,경산시,201006,1223
경북,경산시,201007,1073
경북,경산시,201008,1048
경북,경산시,201009,962
경북,경산시,201010,871
경북,경산시,201011,781
경북,경산시,201012,459
경북,경산시,201101,393
경북,경산시,201102,346
경북,경산시,201103,310
경북,경산시,201104,269
경북,경산시,201105,234
경북,경산시,201106,208
경북,경산시,201107,184
경북,경산시,201108,157
경북,경산시,201109,153
경북,경산시,201110,141
경북,경산시,201111,137
경북,경산시,201112,135
경북,경산시,201201,124
경북,경산시,201202,135
경북,경산시,201203,126
경북,경산시,201204,112
경북,경산시,201205,112
경북,경산시,201206,100
경북,경산시,201207,87
경북,경산시,201208,56
경북,경산시,201209,56
경북,경산시,201210,18
경북,경산시,201211,18
경북,경산시,201212,18
경북,경산시,201301,18
경북,경산시,201302,18
경북,경산시,201303,18
경북,경산시,201304,18
경북,경산시,201305,18
경북,경산시,201306,18
경북,경산시,201307,73
경북,경산시,201308,131
경북,경산시,201309,86
경북,경산시,201310,62
경북,경산시,201311,180
경북,경산시,201312,40
경북,경산시,201401,23
경북,경산시,201402,18
경북,경산시,201403,28
경북,경산시,201404,18
경북,경산시,201405,18
경북,경산시,201406,18
경북,경산시,201407,55
경북,경산시,201408,27
경북,경산시,201409,0
경북,경산시,201410,2
경북,경산시,201411,0
경북,경산시,201412,0
경북,경산시,201501,0
경북,경산시,201502,0
경북,경산시,201503,0
경북,경산시,201504,0
경북,경산시,201505,0
경북,경산시,201506,0
경북,경산시,201507,45
경북,경산시,201508,43
경북,경산시,201509,37
경북,경산시,201510,37
경북,경산시,201511,37
경북,경산시,201512,293
경북,경산시,201601,293
경북,경산시,201602,293
경북,경산시,201603,293
경북,경산시,201604,293
경북,경산시,201605,293
경북,경산시,201606,293
경북,경산시,201607,293
경북,경산시,201608,293
경북,경산시,201609,293
경북,경산시,201610,293
경북,경산시,201611,416
경북,경산시,201612,474
경북,경산시,201701,474
경북,경산시,201702,467
경북,경산시,201703,467
경북,경산시,201704,544
경북,경산시,201705,527
경북,경산시,201706,512
경북,경산시,201707,500
경북,경산시,201708,474
경북,경산시,201709,457
경북,경산시,201710,446
경북,경산시,201711,50
경북,경산시,201712,45
경북,경산시,201801,41
경북,경산시,201802,39
경북,경산시,201803,33
경북,경산시,201804,32
경북,경산시,201805,23
경북,경산시,201806,23
경북,경산시,201807,22
경북,경산시,201808,22
경북,경산시,201809,22
경북,경산시,201810,22
경북,경산시,201811,759
경북,경산시,201812,797
경북,경산시,201901,695
경북,경산시,201902,673
경북,경산시,201903,624
경북,경산시,201904,592
경북,경산시,201905,546
경북,경산시,201906,482
경북,경산시,201907,447
경북,경산시,201908,408
경북,경산시,201909,378
경북,경산시,201910,448
경북,경산시,201911,411
경북,경산시,201912,370
경북,경산시,202001,318
경북,경산시,202002,268
경북,경산시,202003,252
경북,경산시,202004,208
경북,경산시,202005,146
경북,경산시,202006,43
경북,경산시,202007,28
경북,경산시,202008,352
경북,경산시,202009,402
경북,경산시,202010,282
경북,경산시,202011,159
경북,경산시,202012,72
경북,경산시,202101,30
경북,경산시,202102,30
경북,경산시,202103,30
경북,경산시,202104,30
경북,경산시,202105,30
경북,경산시,202106,212
경북,경산시,202107,190
경북,경산시,202108,132
경북,경산시,202109,51
경북,경산시,202110,29
경북,경산시,202111,30
경북,경산시,202112,30
경북,경산시,202201,30
경북,경산시,202202,30
경북,경산시,202203,30
경북,경산시,202204,30
경북,경산시,202205,30
경북,경산시,202206,31
경북,경산시,202207,31
경북,경산시,202208,31
경북,경산시,202209,31
경북,경산시,202210,17
경북,경산시,202211,738
경북,경산시,202212,737
경북,경산시,202301,737
경북,경산시,202302,737
경북,경산시,202303,801
경북,경산시,202304,801
경북,경산시,202305,782
경북,경산시,202306,772
경북,경산시,202307,757
경북,경산시,202308,745
경북,경산시,202309,749
경북,경산시,202310,746
경북,경산시,202311,745
경북,경산시,202312,752
경북,경산시,202401,753
경북,경산시,202402,753
경북,경산시,202403,753
경북,경산시,202404,749
경북,경산시,202405,28
경북,경산시,202406,28
경북,경산시,202407,28
경북,경산시,202408,29
경북,경산시,202409,29
경북,경산시,202410,23
경북,경산시,202411,23
경북,경산시,202412,25
경북,경산시,202501,25
경북,경산시,202502,25
경북,경산시,202503,25
경북,경산시,202504,25
경북,경산시,202505,25
경북,경산시,202506,15
경북,경산시,202507,15
경북,경산시,202508,15
경북,경산시,202509,15
경북,경산시,202510,15
경북,경산시,202511,15
경북,경산시,202512,15
경북,경산시,202601,15
경북,경산시,202602,15
경북,경산시,202603,15
경북,경산시,202604,15
경북,경산시,202605,15
경북,경산시,202606,841
경북,경산시,202607,757
경북,경산시,202608,1753
경북,의성군,200701,187
경북,의성군,200702,187
경북,의성군,200703,98
경북,의성군,200704,98
경북,의성군,200705,98
경북,의성군,200706,98
경북,의성군,200707,98
경북,의성군,200708,98
경북,의성군,200709,55
경북,의성군,200710,55
경북,의성군,200711,55
경북,의성군,200811,0
경북,의성군,200812,0
경북,의성군,200901,0
경북,의성군,200902,0
경북,의성군,200903,0
경북,의성군,200904,0
경북,의성군,200905,0
경북,의성군,200906,0
경북,의성군,200907,0
경북,의성군,200908,0
경북,의성군,200909,0
경북,의성군,200910,0
경북,의성군,200911,0
경북,의성군,200912,0
경북,의성군,201001,0
경북,의성군,201002,0
경북,의성군,201003,0
경북,의성군,201004,0
경북,의성군,201005,0
경북,의성군,201006,0
경북,의성군,201007,0
경북,의성군,201008,0
경북,의성군,201009,0
경북,의성군,201010,0
경북,의성군,201011,0
경북,의성군,201012,0
경북,의성군,201101,0
경북,의성군,201102,0
경북,의성군,201103,0
경북,의성군,201104,0
경북,의성군,201105,0
경북,의성군,201106,0
경북,의성군,201107,0
경북,의성군,201108,0
경북,의성군,201109,0
경북,의성군,201110,0
경북,의성군,201111,0
경북,의성군,201112,0
경북,의성군,201201,0
경북,의성군,201202,0
경북,의성군,201203,0
경북,의성군,201204,0
경북,의성군,201205,0
경북,의성군,201206,0
경북,의성군,201207,0
경북,의성군,201208,0
경북,의성군,201209,0
경북,의성군,201210,0
경북,의성군,201211,0
경북,의성군,201212,0
경북,의성군,201301,0
경북,의성군,201302,0
경북,의성군,201303,0
경북,의성군,201304,0
경북,의성군,201305,0
경북,의성군,201306,0
경북,의성군,201307,0
경북,의성군,201308,0
경북,의성군,201309,135
경북,의성군,201310,133
경북,의성군,201311,131
경북,의성군,201312,119
경북,의성군,201401,93
경북,의성군,201402,75
경북,의성군,201403,75
경북,의성군,201404,74
경북,의성군,201405,74
경북,의성군,201406,69
경북,의성군,201407,68
경북,의성군,201408,65
경북,의성군,201409,62
경북,의성군,201410,59
경북,의성군,201411,57
경북,의성군,201412,53
경북,의성군,201501,52
경북,의성군,201502,49
경북,의성군,201503,46
경북,의성군,201504,41
경북,의성군,201505,39
경북,의성군,201506,39
경북,의성군,201507,37
경북,의성군,201508,0
경북,의성군,201509,36
경북,의성군,201510,35
경북,의성군,201511,32
경북,의성군,201512,31
경북,의성군,201601,31
경북,의성군,201602,30
경북,의성군,201603,30
경북,의성군,201604,28
경북,의성군,201605,27
경북,의성군,201606,27
경북,의성군,201607,27
경북,의성군,201608,24
경북,의성군,201609,17
경북,의성군,201610,15
경북,의성군,201611,14
경북,의성군,201612,14
경북,의성군,201701,14
경북,의성군,201702,14
경북,의성군,201703,14
경북,의성군,201704,14
경북,의성군,201705,14
경북,의성군,201706,14
경북,의성군,201707,14
경북,의성군,201708,14
경북,의성군,201709,14
경북,의성군,201710,14
경북,의성군,201711,14
경북,의성군,201712,0
경북,의성군,201801,0
경북,의성군,201802,0
경북,의성군,201807,0
경북,의성군,201808,0
경북,의성군,201811,0
경북,의성군,201812,0
경북,의성군,201901,0
경북,의성군,201902,0
경북,의성군,201903,0
경북,의성군,201904,0
경북,의성군,201905,0
경북,의성군,201906,0
경북,의성군,201907,0
경북,의성군,201908,0
경북,의성군,201909,0
경북,의성군,201910,0
경북,의성군,201912,0
경북,의성군,202001,0
경북,의성군,202002,0
경북,의성군,202003,0
경북,의성군,202004,0
경북,의성군,202005,0
경북,의성군,202006,0
경북,의성군,202007,0
경북,의성군,202008,0
경북,의성군,202009,0
경북,의성군,202010,0
경북,의성군,202011,0
경북,의성군,202012,0
경북,의성군,202101,0
경북,의성군,202102,0
경북,의성군,202103,0
경북,의성군,202104,0
경북,의성군,202105,0
경북,의성군,202106,0
경북,의성군,202107,0
경북,의성군,202108,0
경북,의성군,202109,0
경북,의성군,202110,0
경북,의성군,202111,0
경북,의성군,202112,0
경북,의성군,202201,0
경북,의성군,202202,0
경북,의성군,202203,0
경북,의성군,202204,0
경북,의성군,202205,0
경북,의성군,202206,0
경북,의성군,202207,0
경북,의성군,202208,0
경북,의성군,202209,0
경북,의성군,202210,0
경북,의성군,202211,0
경북,의성군,202212,0
경북,의성군,202301,0
경북,의성군,202302,0
경북,의성군,202303,0
경북,의성군,202304,0
경북,의성군,202305,0
경북,의성군,202306,0
경북,의성군,202307,0
경북,의성군,202308,0
경북,의성군,202309,0
경북,의성군,202310,0
경북,의성군,202311,0
경북,의성군,202312,0
경북,의성군,202401,0
경북,의성군,202402,0
경북,의성군,202403,0
경북,의성군,202404,0
경북,의성군,202405,0
경북,의성군,202406,0
경북,의성군,202407,0
경북,의성군,202408,0
경북,의성군,202409,0
경북,의성군,202410,0
경북,의성군,202411,0
경북,의성군,202412,0
경북,의성군,202501,0
경북,의성군,202502,0
경북,의성군,202503,0
경북,의성군,202504,0
경북,의성군,202505,0
경북,의성군,202506,0
경북,의성군,202507,0
경북,의성군,202508,0
경북,의성군,202509,0
경북,의성군,202510,0
경북,의성군,202511,0
경북,의성군,202512,0
경북,의성군,202601,0
경북,의성군,202602,0
경북,의성군,202603,0
경북,의성군,202604,0
경북,의성군,202605,0
경북,의성군,202606,0
경북,의성군,202607,0
경북,의성군,202608,0
경북,청송군,200708,0
경북,청송군,200712,55
경북,청송군,200811,0
경북,청송군,200812,0
경북,청송군,200901,0
경북,청송군,200902,0
경북,청송군,200903,0
경북,청송군,200904,0
경북,청송군,200905,0
경북,청송군,200906,0
경북,청송군,200907,0
경북,청송군,200908,0
경북,청송군,200909,0
경북,청송군,200910,0
경북,청송군,200911,0
경북,청송군,200912,0
경북,청송군,201001,0
경북,청송군,201002,0
경북,청송군,201003,0
경북,청송군,201004,0
경북,청송군,201005,0
경북,청송군,201006,0
경북,청송군,201007,0
경북,청송군,201008,0
경북,청송군,201009,0
경북,청송군,201010,0
경북,청송군,201011,0
경북,청송군,201012,0
경북,청송군,201101,0
경북,청송군,201102,0
경북,청송군,201103,0
경북,청송군,201104,0
경북,청송군,201105,0
경북,청송군,201106,0
경북,청송군,201107,0
경북,청송군,201108,0
경북,청송군,201109,0
경북,청송군,201110,0
경북,청송군,201111,0
경북,청송군,201112,0
경북,청송군,201201,0
경북,청송군,201202,0
경북,청송군,201203,0
경북,청송군,201204,0
경북,청송군,201205,0
경북,청송군,201206,0
경북,청송군,201207,0
경북,청송군,201208,0
경북,청송군,201209,0
경북,청송군,201210,0
경북,청송군,201211,0
경북,청송군,201212,0
경북,청송군,201301,0
경북,청송군,201302,0
경북,청송군,201303,0
경북,청송군,201304,0
경북,청송군,201305,0
경북,청송군,201306,0
경북,청송군,201307,0
경북,청송군,201308,0
경북,청송군,201309,0
경북,청송군,201310,0
경북,청송군,201311,0
경북,청송군,201312,0
경북,청송군,201401,0
경북,청송군,201402,0
경북,청송군,201403,0
경북,청송군,201404,0
경북,청송군,201405,0
경북,청송군,201406,0
경북,청송군,201407,0
경북,청송군,201408,0
경북,청송군,201409,0
경북,청송군,201410,0
경북,청송군,201411,0
경북,청송군,201412,0
경북,청송군,201501,0
경북,청송군,201502,0
경북,청송군,201503,0
경북,청송군,201504,0
경북,청송군,201505,0
경북,청송군,201506,0
경북,청송군,201507,0
경북,청송군,201508,0
경북,청송군,201509,0
경북,청송군,201510,0
경북,청송군,201511,0
경북,청송군,201512,0
경북,청송군,201601,0
경북,청송군,201602,0
경북,청송군,201603,0
경북,청송군,201604,0
경북,청송군,201605,0
경북,청송군,201606,0
경북,청송군,201607,0
경북,청송군,201608,0
경북,청송군,201609,0
경북,청송군,201610,0
경북,청송군,201611,0
경북,청송군,201612,0
경북,청송군,201701,0
경북,청송군,201702,0
경북,청송군,201703,0
경북,청송군,201704,0
경북,청송군,201705,0
경북,청송군,201706,0
경북,청송군,201707,0
경북,청송군,201708,0
경북,청송군,201709,0
경북,청송군,201710,0
경북,청송군,201711,0
경북,청송군,201712,0
경북,청송군,201801,0
경북,청송군,201802,0
경북,청송군,201807,0
경북,청송군,201808,0
경북,청송군,201811,0
경북,청송군,201812,0
경북,청송군,201901,0
경북,청송군,201902,0
경북,청송군,201903,0
경북,청송군,201904,0
경북,청송군,201905,0
경북,청송군,201906,0
경북,청송군,201907,0
경북,청송군,201908,0
경북,청송군,201909,0
경북,청송군,201910,0
경북,청송군,201912,0
경북,청송군,202001,0
경북,청송군,202002,0
경북,청송군,202003,0
경북,청송군,202004,0
경북,청송군,202005,0
경북,청송군,202006,0
경북,청송군,202007,0
경북,청송군,202008,0
경북,청송군,202009,0
경북,청송군,202010,0
경북,청송군,202011,0
경북,청송군,202012,0
경북,청송군,202101,0
경북,청송군,202102,0
경북,청송군,202103,0
경북,청송군,202104,0
경북,청송군,202105,0
경북,청송군,202106,0
경북,청송군,202107,0
경북,청송군,202108,0
경북,청송군,202109,0
경북,청송군,202110,0
경북,청송군,202111,0
경북,청송군,202112,0
경북,청송군,202201,0
경북,청송군,202202,0
경북,청송군,202203,0
경북,청송군,202204,0
경북,청송군,202205,0
경북,청송군,202206,0
경북,청송군,202207,0
경북,청송군,202208,0
경북,청송군,202209,0
경북,청송군,202210,0
경북,청송군,202211,0
경북,청송군,202212,0
경북,청송군,202301,0
경북,청송군,202302,0
경북,청송군,202303,0
경북,청송군,202304,0
경북,청송군,202305,0
경북,청송군,202306,0
경북,청송군,202307,0
경북,청송군,202308,0
경북,청송군,202309,0
경북,청송군,202310,0
경북,청송군,202311,0
경북,청송군,202312,0
경북,청송군,202401,0
경북,청송군,202402,0
경북,청송군,202403,0
경북,청송군,202404,0
경북,청송군,202405,0
경북,청송군,202406,0
경북,청송군,202407,0
경북,청송군,202408,0
경북,청송군,202409,0
경북,청송군,202410,0
경북,청송군,202411,0
경북,청송군,202412,0
경북,청송군,202501,0
경북,청송군,202502,0
경북,청송군,202503,0
경북,청송군,202504,0
경북,청송군,202505,0
경북,청송군,202506,0
경북,청송군,202507,0
경북,청송군,202508,0
경북,청송군,202509,0
경북,청송군,202510,0
경북,청송군,202511,0
경북,청송군,202512,0
경북,청송군,202601,0
경북,청송군,202602,0
경북,청송군,202603,0
경북,청송군,202604,0
경북,청송군,202605,0
경북,청송군,202606,0
경북,청송군,202607,0
경북,청송군,202608,0
경북,영양군,200708,0
경북,영양군,200811,0
경북,영양군,200812,0
경북,영양군,200901,0
경북,영양군,200902,0
경북,영양군,200903,0
경북,영양군,200904,0
경북,영양군,200905,0
경북,영양군,200906,0
경북,영양군,200907,0
경북,영양군,200908,0
경북,영양군,200909,0
경북,영양군,200910,0
경북,영양군,200911,0
경북,영양군,200912,0
경북,영양군,201001,0
경북,영양군,201002,0
경북,영양군,201003,0
경북,영양군,201004,0
경북,영양군,201005,0
경북,영양군,201006,0
경북,영양군,201007,0
경북,영양군,201008,0
경북,영양군,201009,0
경북,영양군,201010,0
경북,영양군,201011,0
경북,영양군,201012,0
경북,영양군,201101,0
경북,영양군,201102,0
경북,영양군,201103,0
경북,영양군,201104,0
경북,영양군,201105,0
경북,영양군,201106,0
경북,영양군,201107,0
경북,영양군,201108,0
경북,영양군,201109,0
경북,영양군,201110,0
경북,영양군,201111,0
경북,영양군,201112,0
경북,영양군,201201,0
경북,영양군,201202,0
경북,영양군,201203,0
경북,영양군,201204,0
경북,영양군,201205,0
경북,영양군,201206,0
경북,영양군,201207,0
경북,영양군,201208,0
경북,영양군,201209,0
경북,영양군,201210,0
경북,영양군,201211,0
경북,영양군,201212,0
경북,영양군,201301,0
경북,영양군,201302,0
경북,영양군,201303,0
경북,영양군,201304,0
경북,영양군,201305,0
경북,영양군,201306,0
경북,영양군,201307,0
경북,영양군,201308,0
경북,영양군,201309,0
경북,영양군,201310,0
경북,영양군,201311,0
경북,영양군,201312,0
경북,영양군,201401,0
경북,영양군,201402,0
경북,영양군,201403,0
경북,영양군,201404,0
경북,영양군,201405,0
경북,영양군,201406,0
경북,영양군,201407,0
경북,영양군,201408,0
경북,영양군,201409,0
경북,영양군,201410,0
경북,영양군,201411,0
경북,영양군,201412,0
경북,영양군,201501,0
경북,영양군,201502,0
경북,영양군,201503,0
경북,영양군,201504,0
경북,영양군,201505,0
경북,영양군,201506,0
경북,영양군,201507,0
경북,영양군,201508,0
경북,영양군,201509,0
경북,영양군,201510,0
경북,영양군,201511,0
경북,영양군,201512,0
경북,영양군,201601,0
경북,영양군,201602,0
경북,영양군,201603,0
경북,영양군,201604,0
경북,영양군,201605,0
경북,영양군,201606,0
경북,영양군,201607,0
경북,영양군,201608,0
경북,영양군,201609,0
경북,영양군,201610,0
경북,영양군,201611,0
경북,영양군,201612,0
경북,영양군,201701,0
경북,영양군,201702,0
경북,영양군,201703,0
경북,영양군,201704,0
경북,영양군,201705,0
경북,영양군,201706,0
경북,영양군,201707,0
경북,영양군,201708,0
경북,영양군,201709,0
경북,영양군,201710,0
경북,영양군,201711,0
경북,영양군,201712,0
경북,영양군,201801,0
경북,영양군,201802,0
경북,영양군,201807,0
경북,영양군,201808,0
경북,영양군,201811,0
경북,영양군,201812,0
경북,영양군,201901,0
경북,영양군,201902,0
경북,영양군,201903,0
경북,영양군,201904,0
경북,영양군,201905,0
경북,영양군,201906,0
경북,영양군,201907,0
경북,영양군,201908,0
경북,영양군,201909,0
경북,영양군,201910,0
경북,영양군,201912,0
경북,영양군,202001,0
경북,영양군,202002,0
경북,영양군,202003,0
경북,영양군,202004,0
경북,영양군,202005,0
경북,영양군,202006,0
경북,영양군,202007,0
경북,영양군,202008,0
경북,영양군,202009,0
경북,영양군,202010,0
경북,영양군,202011,0
경북,영양군,202012,0
경북,영양군,202101,0
경북,영양군,202102,0
경북,영양군,202103,0
경북,영양군,202104,0
경북,영양군,202105,0
경북,영양군,202106,0
경북,영양군,202107,0
경북,영양군,202108,0
경북,영양군,202109,0
경북,영양군,202110,0
경북,영양군,202111,0
경북,영양군,202112,0
경북,영양군,202201,0
경북,영양군,202202,0
경북,영양군,202203,0
경북,영양군,202204,0
경북,영양군,202205,0
경북,영양군,202206,0
경북,영양군,202207,0
경북,영양군,202208,0
경북,영양군,202209,0
경북,영양군,202210,0
경북,영양군,202211,0
경북,영양군,202212,0
경북,영양군,202301,0
경북,영양군,202302,0
경북,영양군,202303,0
경북,영양군,202304,0
경북,영양군,202305,0
경북,영양군,202306,0
경북,영양군,202307,0
경북,영양군,202308,0
경북,영양군,202309,0
경북,영양군,202310,0
경북,영양군,202311,0
경북,영양군,202312,0
경북,영양군,202401,0
경북,영양군,202402,0
경북,영양군,202403,0
경북,영양군,202404,0
경북,영양군,202405,0
경북,영양군,202406,0
경북,영양군,202407,0
경북,영양군,202408,0
경북,영양군,202409,0
경북,영양군,202410,0
경북,영양군,202411,0
경북,영양군,202412,0
경북,영양군,202501,0
경북,영양군,202502,0
경북,영양군,202503,0
경북,영양군,202504,0
경북,영양군,202505,0
경북,영양군,202506,0
경북,영양군,202507,0
경북,영양군,202508,0
경북,영양군,202509,0
경북,영양군,202510,0
경북,영양군,202511,0
경북,영양군,202512,0
경북,영양군,202601,0
경북,영양군,202602,0
경북,영양군,202603,0
경북,영양군,202604,0
경북,영양군,202605,0
경북,영양군,202606,0
경북,영양군,202607,0
경북,영양군,202608,0
경북,영덕군,200708,0
경북,영덕군,200811,0
경북,영덕군,200812,0
경북,영덕군,200901,0
경북,영덕군,200902,0
경북,영덕군,200903,0
경북,영덕군,200904,0
경북,영덕군,200905,0
경북,영덕군,200906,0
경북,영덕군,200907,0
경북,영덕군,200908,0
경북,영덕군,200909,0
경북,영덕군,200910,0
경북,영덕군,200911,0
경북,영덕군,200912,0
경북,영덕군,201001,0
경북,영덕군,201002,0
경북,영덕군,201003,0
경북,영덕군,201004,0
경북,영덕군,201005,0
경북,영덕군,201006,0
경북,영덕군,201007,0
경북,영덕군,201008,0
경북,영덕군,201009,0
경북,영덕군,201010,0
경북,영덕군,201011,0
경북,영덕군,201012,0
경북,영덕군,201101,0
경북,영덕군,201102,0
경북,영덕군,201103,0
경북,영덕군,201104,0
경북,영덕군,201105,0
경북,영덕군,201106,0
경북,영덕군,201107,0
경북,영덕군,201108,0
경북,영덕군,201109,0
경북,영덕군,201110,0
경북,영덕군,201111,0
경북,영덕군,201112,0
경북,영덕군,201201,0
경북,영덕군,201202,0
경북,영덕군,201203,0
경북,영덕군,201204,0
경북,영덕군,201205,0
경북,영덕군,201206,0
경북,영덕군,201207,0
경북,영덕군,201208,0
경북,영덕군,201209,0
경북,영덕군,201210,0
경북,영덕군,201211,0
경북,영덕군,201212,0
경북,영덕군,201301,0
경북,영덕군,201302,0
경북,영덕군,201303,0
경북,영덕군,201304,0
경북,영덕군,201305,0
경북,영덕군,201306,0
경북,영덕군,201307,0
경북,영덕군,201308,0
경북,영덕군,201309,0
경북,영덕군,201310,0
경북,영덕군,201311,0
경북,영덕군,201312,0
경북,영덕군,201401,0
경북,영덕군,201402,0
경북,영덕군,201403,0
경북,영덕군,201404,0
경북,영덕군,201405,0
경북,영덕군,201406,0
경북,영덕군,201407,0
경북,영덕군,201408,0
경북,영덕군,201409,0
경북,영덕군,201410,0
경북,영덕군,201411,0
경북,영덕군,201412,0
경북,영덕군,201501,0
경북,영덕군,201502,0
경북,영덕군,201503,0
경북,영덕군,201504,0
경북,영덕군,201505,0
경북,영덕군,201506,0
경북,영덕군,201507,0
경북,영덕군,201508,0
경북,영덕군,201509,0
경북,영덕군,201510,0
경북,영덕군,201511,0
경북,영덕군,201512,0
경북,영덕군,201601,0
경북,영덕군,201602,0
경북,영덕군,201603,0
경북,영덕군,201604,0
경북,영덕군,201605,0
경북,영덕군,201606,0
경북,영덕군,201607,0
경북,영덕군,201608,0
경북,영덕군,201609,0
경북,영덕군,201610,0
경북,영덕군,201611,0
경북,영덕군,201612,0
경북,영덕군,201701,0
경북,영덕군,201702,0
경북,영덕군,201703,0
경북,영덕군,201704,0
경북,영덕군,201705,0
경북,영덕군,201706,0
경북,영덕군,201707,0
경북,영덕군,201708,0
경북,영덕군,201709,0
경북,영덕군,201710,0
경북,영덕군,201711,0
경북,영덕군,201712,0
경북,영덕군,201801,0
경북,영덕군,201802,0
경북,영덕군,201807,0
경북,영덕군,201808,0
경북,영덕군,201811,0
경북,영덕군,201812,0
경북,영덕군,201901,0
경북,영덕군,201902,0
경북,영덕군,201903,0
경북,영덕군,201904,0
경북,영덕군,201905,0
경북,영덕군,201906,0
경북,영덕군,201907,0
경북,영덕군,201908,0
경북,영덕군,201909,0
경북,영덕군,201910,0
경북,영덕군,201912,0
경북,영덕군,202001,0
경북,영덕군,202002,0
경북,영덕군,202003,0
경북,영덕군,202004,0
경북,영덕군,202005,0
경북,영덕군,202006,0
경북,영덕군,202007,0
경북,영덕군,202008,0
경북,영덕군,202009,0
경북,영덕군,202010,0
경북,영덕군,202011,0
경북,영덕군,202012,0
경북,영덕군,202101,0
경북,영덕군,202102,0
경북,영덕군,202103,0
경북,영덕군,202104,0
경북,영덕군,202105,0
경북,영덕군,202106,0
경북,영덕군,202107,0
경북,영덕군,202108,0
경북,영덕군,202109,0
경북,영덕군,202110,0
경북,영덕군,202111,0
경북,영덕군,202112,0
경북,영덕군,202201,0
경북,영덕군,202202,0
경북,영덕군,202203,0
경북,영덕군,202204,0
경북,영덕군,202205,0
경북,영덕군,202206,0
경북,영덕군,202207,0
경북,영덕군,202208,0
경북,영덕군,202209,0
경북,영덕군,202210,0
경북,영덕군,202211,0
경북,영덕군,202212,0
경북,영덕군,202301,0
경북,영덕군,202302,0
경북,영덕군,202303,0
경북,영덕군,202304,0
경북,영덕군,202305,0
경북,영덕군,202306,0
경북,영덕군,202307,0
경북,영덕군,202308,0
경북,영덕군,202309,0
경북,영덕군,202310,0
경북,영덕군,202311,0
경북,영덕군,202312,0
경북,영덕군,202401,0
경북,영덕군,202402,0
경북,영덕군,202403,0
경북,영덕군,202404,0
경북,영덕군,202405,0
경북,영덕군,202406,0
경북,영덕군,202407,0
경북,영덕군,202408,0
경북,영덕군,202409,0
경북,영덕군,202410,0
경북,영덕군,202411,0
경북,영덕군,202412,0
경북,영덕군,202501,0
경북,영덕군,202502,0
경북,영덕군,202503,0
경북,영덕군,202504,0
경북,영덕군,202505,0
경북,영덕군,202506,0
경북,영덕군,202507,0
경북,영덕군,202508,0
경북,영덕군,202509,0
경북,영덕군,202510,0
경북,영덕군,202511,0
경북,영덕군,202512,0
경북,영덕군,202601,0
경북,영덕군,202602,0
경북,영덕군,202603,0
경북,영덕군,202604,0
경북,영덕군,202605,0
경북,영덕군,202606,0
경북,영덕군,202607,0
경북,영덕군,202608,0
경북,청도군,200708,0
경북,청도군,200811,0
경북,청도군,200812,0
경북,청도군,200901,0
경북,청도군,200902,0
경북,청도군,200903,0
경북,청도군,200904,0
경북,청도군,200905,0
경북,청도군,200906,0
경북,청도군,200907,0
경북,청도군,200908,0
경북,청도군,200909,0
경북,청도군,200910,0
경북,청도군,200911,0
경북,청도군,200912,0
경북,청도군,201001,0
경북,청도군,201002,0
경북,청도군,201003,0
경북,청도군,201004,0
경북,청도군,201005,0
경북,청도군,201006,0
경북,청도군,201007,0
경북,청도군,201008,0
경북,청도군,201009,0
경북,청도군,201010,0
경북,청도군,201011,0
경북,청도군,201012,0
경북,청도군,201101,0
경북,청도군,201102,0
경북,청도군,201103,0
경북,청도군,201104,0
경북,청도군,201105,0
경북,청도군,201106,0
경북,청도군,201107,0
경북,청도군,201108,0
경북,청도군,201109,0
경북,청도군,201110,0
경북,청도군,201111,0
경북,청도군,201112,0
경북,청도군,201201,0
경북,청도군,201202,0
경북,청도군,201203,0
경북,청도군,201204,0
경북,청도군,201205,0
경북,청도군,201206,0
경북,청도군,201207,0
경북,청도군,201208,0
경북,청도군,201209,0
경북,청도군,201210,67
경북,청도군,201211,51
경북,청도군,201212,3
경북,청도군,201301,2
경북,청도군,201302,53
경북,청도군,201303,49
경북,청도군,201304,45
경북,청도군,201305,44
경북,청도군,201306,42
경북,청도군,201307,36
경북,청도군,201308,36
경북,청도군,201309,34
경북,청도군,201310,34
경북,청도군,201311,30
경북,청도군,201312,30
경북,청도군,201401,29
경북,청도군,201402,28
경북,청도군,201403,28
경북,청도군,201404,28
경북,청도군,201405,28
경북,청도군,201406,28
경북,청도군,201407,27
경북,청도군,201408,27
경북,청도군,201409,23
경북,청도군,201410,23
경북,청도군,201411,22
경북,청도군,201412,22
경북,청도군,201501,17
경북,청도군,201502,16
경북,청도군,201503,9
경북,청도군,201504,3
경북,청도군,201505,1
경북,청도군,201506,0
경북,청도군,201507,0
경북,청도군,201508,0
경북,청도군,201509,0
경북,청도군,201510,0
경북,청도군,201511,0
경북,청도군,201512,0
경북,청도군,201601,0
경북,청도군,201602,0
경북,청도군,201603,0
경북,청도군,201604,0
경북,청도군,201605,0
경북,청도군,201606,0
경북,청도군,201607,0
경북,청도군,201608,0
경북,청도군,201609,0
경북,청도군,201610,0
경북,청도군,201611,0
경북,청도군,201612,0
경북,청도군,201701,0
경북,청도군,201702,0
경북,청도군,201703,0
경북,청도군,201704,0
경북,청도군,201705,138
경북,청도군,201706,138
경북,청도군,201707,137
경북,청도군,201708,136
경북,청도군,201709,131
경북,청도군,201710,128
경북,청도군,201711,128
경북,청도군,201712,128
경북,청도군,201801,193
경북,청도군,201802,190
경북,청도군,201803,189
경북,청도군,201804,186
경북,청도군,201805,185
경북,청도군,201806,183
경북,청도군,201807,183
경북,청도군,201808,179
경북,청도군,201809,177
경북,청도군,201810,177
경북,청도군,201811,177
경북,청도군,201812,170
경북,청도군,201901,90
경북,청도군,201902,82
경북,청도군,201903,81
경북,청도군,201904,80
경북,청도군,201905,76
경북,청도군,201906,72
경북,청도군,201907,70
경북,청도군,201908,67
경북,청도군,201909,65
경북,청도군,201910,53
경북,청도군,201911,53
경북,청도군,201912,52
경북,청도군,202001,51
경북,청도군,202002,51
경북,청도군,202003,48
경북,청도군,202004,48
경북,청도군,202005,47
경북,청도군,202006,46
경북,청도군,202007,46
경북,청도군,202008,44
경북,청도군,202009,43
경북,청도군,202010,43
경북,청도군,202011,43
경북,청도군,202012,43
경북,청도군,202101,43
경북,청도군,202102,43
경북,청도군,202103,43
경북,청도군,202104,43
경북,청도군,202105,43
경북,청도군,202106,43
경북,청도군,202107,43
경북,청도군,202108,43
경북,청도군,202109,43
경북,청도군,202110,43
경북,청도군,202111,43
경북,청도군,202112,40
경북,청도군,202201,40
경북,청도군,202202,40
경북,청도군,202203,40
경북,청도군,202204,40
경북,청도군,202205,40
경북,청도군,202206,40
경북,청도군,202207,48
경북,청도군,202208,46
경북,청도군,202209,46
경북,청도군,202210,46
경북,청도군,202211,46
경북,청도군,202212,45
경북,청도군,202301,45
경북,청도군,202302,45
경북,청도군,202303,45
경북,청도군,202304,45
경북,청도군,202305,45
경북,청도군,202306,45
경북,청도군,202307,44
경북,청도군,202308,44
경북,청도군,202309,44
경북,청도군,202310,43
경북,청도군,202311,43
경북,청도군,202312,43
경북,청도군,202401,43
경북,청도군,202402,43
경북,청도군,202403,43
경북,청도군,202404,43
경북,청도군,202405,43
경북,청도군,202406,43
경북,청도군,202407,43
경북,청도군,202408,44
경북,청도군,202409,44
경북,청도군,202410,44
경북,청도군,202411,44
경북,청도군,202412,44
경북,청도군,202501,40
경북,청도군,202502,40
경북,청도군,202503,39
경북,청도군,202504,39
경북,청도군,202505,39
경북,청도군,202506,36
경북,청도군,202507,36
경북,청도군,202508,34
경북,청도군,202509,33
경북,청도군,202510,33
경북,청도군,202511,33
경북,청도군,202512,33
경북,청도군,202601,31
경북,청도군,202602,31
경북,청도군,202603,31
경북,청도군,202604,31
경북,청도군,202605,31
경북,청도군,202606,31
경북,청도군,202607,31
경북,청도군,202608,31
경북,고령군,200701,329
경북,고령군,200702,329
경북,고령군,200703,329
경북,고령군,200708,0
경북,고령군,200811,0
경북,고령군,200812,145
경북,고령군,200901,145
경북,고령군,200902,145
경북,고령군,200903,145
경북,고령군,200904,145
경북,고령군,200905,145
경북,고령군,200906,145
경북,고령군,200907,145
경북,고령군,200908,145
경북,고령군,200909,145
경북,고령군,200910,145
경북,고령군,200911,145
경북,고령군,200912,145
경북,고령군,201001,145
경북,고령군,201002,145
경북,고령군,201003,145
경북,고령군,201004,145
경북,고령군,201005,145
경북,고령군,201006,145
경북,고령군,201007,145
경북,고령군,201008,145
경북,고령군,201009,145
경북,고령군,201010,145
경북,고령군,201011,145
경북,고령군,201012,145
경북,고령군,201101,145
경북,고령군,201102,145
경북,고령군,201103,145
경북,고령군,201104,0
경북,고령군,201105,0
경북,고령군,201106,0
경북,고령군,201107,0
경북,고령군,201108,0
경북,고령군,201109,0
경북,고령군,201110,0
경북,고령군,201111,0
경북,고령군,201112,0
경북,고령군,201201,0
경북,고령군,201202,0
경북,고령군,201203,0
경북,고령군,201204,0
경북,고령군,201205,0
경북,고령군,201206,0
경북,고령군,201207,0
경북,고령군,201208,0
경북,고령군,201209,0
경북,고령군,201210,0
경북,고령군,201211,0
경북,고령군,201212,0
경북,고령군,201301,0
경북,고령군,201302,0
경북,고령군,201303,0
경북,고령군,201304,0
경북,고령군,201305,0
경북,고령군,201306,0
경북,고령군,201307,0
경북,고령군,201308,0
경북,고령군,201309,0
경북,고령군,201310,0
경북,고령군,201311,0
경북,고령군,201312,0
경북,고령군,201401,0
경북,고령군,201402,0
경북,고령군,201403,0
경북,고령군,201404,0
경북,고령군,201405,0
경북,고령군,201406,0
경북,고령군,201407,0
경북,고령군,201408,0
경북,고령군,201409,0
경북,고령군,201410,0
경북,고령군,201411,0
경북,고령군,201412,0
경북,고령군,201501,0
경북,고령군,201502,0
경북,고령군,201503,0
경북,고령군,201504,0
경북,고령군,201505,0
경북,고령군,201506,0
경북,고령군,201507,0
경북,고령군,201508,0
경북,고령군,201509,0
경북,고령군,201510,0
경북,고령군,201511,0
경북,고령군,201512,0
경북,고령군,201601,0
경북,고령군,201602,0
경북,고령군,201603,0
경북,고령군,201604,0
경북,고령군,201605,0
경북,고령군,201606,0
경북,고령군,201607,0
경북,고령군,201608,0
경북,고령군,201609,0
경북,고령군,201610,0
경북,고령군,201611,0
경북,고령군,201612,0
경북,고령군,201701,0
경북,고령군,201702,0
경북,고령군,201703,0
경북,고령군,201704,0
경북,고령군,201705,0
경북,고령군,201706,0
경북,고령군,201707,0
경북,고령군,201708,0
경북,고령군,201709,0
경북,고령군,201710,0
경북,고령군,201711,0
경북,고령군,201712,0
경북,고령군,201801,0
경북,고령군,201802,0
경북,고령군,201807,0
경북,고령군,201808,0
경북,고령군,201811,0
경북,고령군,201812,0
경북,고령군,201901,0
경북,고령군,201902,0
경북,고령군,201903,0
경북,고령군,201904,0
경북,고령군,201905,0
경북,고령군,201906,0
경북,고령군,201907,0
경북,고령군,201908,0
경북,고령군,201909,0
경북,고령군,201910,0
경북,고령군,201912,0
경북,고령군,202001,0
경북,고령군,202002,0
경북,고령군,202003,0
경북,고령군,202004,0
경북,고령군,202005,0
경북,고령군,202006,0
경북,고령군,202007,0
경북,고령군,202008,0
경북,고령군,202009,0
경북,고령군,202010,0
경북,고령군,202011,0
경북,고령군,202012,0
경북,고령군,202101,0
경북,고령군,202102,0
경북,고령군,202103,0
경북,고령군,202104,0
경북,고령군,202105,0
경북,고령군,202106,0
경북,고령군,202107,0
경북,고령군,202108,0
경북,고령군,202109,0
경북,고령군,202110,0
경북,고령군,202111,0
경북,고령군,202112,0
경북,고령군,202201,0
경북,고령군,202202,0
경북,고령군,202203,0
경북,고령군,202204,0
경북,고령군,202205,0
경북,고령군,202206,0
경북,고령군,202207,0
경북,고령군,202208,0
경북,고령군,202209,0
경북,고령군,202210,0
경북,고령군,202211,0
경북,고령군,202212,0
경북,고령군,202301,0
경북,고령군,202302,0
경북,고령군,202303,0
경북,고령군,202304,0
경북,고령군,202305,0
경북,고령군,202306,0
경북,고령군,202307,0
경북,고령군,202308,0
경북,고령군,202309,0
경북,고령군,202310,0
경북,고령군,202311,0
경북,고령군,202312,0
경북,고령군,202401,0
경북,고령군,202402,0
경북,고령군,202403,0
경북,고령군,202404,0
경북,고령군,202405,0
경북,고령군,202406,0
경북,고령군,202407,0
경북,고령군,202408,0
경북,고령군,202409,0
경북,고령군,202410,0
경북,고령군,202411,0
경북,고령군,202412,0
경북,고령군,202501,0
경북,고령군,202502,0
경북,고령군,202503,0
경북,고령군,202504,0
경북,고령군,202505,0
경북,고령군,202506,0
경북,고령군,202507,0
경북,고령군,202508,0
경북,고령군,202509,0
경북,고령군,202510,0
경북,고령군,202511,0
경북,고령군,202512,0
경북,고령군,202601,0
경북,고령군,202602,0
경북,고령군,202603,0
경북,고령군,202604,0
경북,고령군,202605,0
경북,고령군,202606,0
경북,고령군,202607,0
경북,고령군,202608,0
경북,성주군,200708,0
경북,성주군,200811,0
경북,성주군,200812,0
경북,성주군,200901,0
경북,성주군,200902,0
경북,성주군,200903,0
경북,성주군,200904,0
경북,성주군,200905,0
경북,성주군,200906,0
경북,성주군,200907,0
경북,성주군,200908,0
경북,성주군,200909,0
경북,성주군,200910,0
경북,성주군,200911,0
경북,성주군,200912,0
경북,성주군,201001,0
경북,성주군,201002,0
경북,성주군,201003,0
경북,성주군,201004,0
경북,성주군,201005,0
경북,성주군,201006,0
경북,성주군,201007,0
경북,성주군,201008,0
경북,성주군,201009,0
경북,성주군,201010,0
경북,성주군,201011,0
경북,성주군,201012,0
경북,성주군,201101,0
경북,성주군,201102,0
경북,성주군,201103,0
경북,성주군,201104,0
경북,성주군,201105,0
경북,성주군,201106,0
경북,성주군,201107,0
경북,성주군,201108,0
경북,성주군,201109,0
경북,성주군,201110,0
경북,성주군,201111,0
경북,성주군,201112,0
경북,성주군,201201,0
경북,성주군,201202,0
경북,성주군,201203,0
경북,성주군,201204,0
경북,성주군,201205,0
경북,성주군,201206,0
경북,성주군,201207,148
경북,성주군,201208,148
경북,성주군,201209,148
경북,성주군,201210,119
경북,성주군,201211,119
경북,성주군,201212,53
경북,성주군,201301,40
경북,성주군,201302,35
경북,성주군,201303,31
경북,성주군,201304,27
경북,성주군,201305,22
경북,성주군,201306,20
경북,성주군,201307,19
경북,성주군,201308,16
경북,성주군,201309,0
경북,성주군,201310,0
경북,성주군,201311,0
경북,성주군,201312,0
경북,성주군,201401,0
경북,성주군,201402,0
경북,성주군,201403,0
경북,성주군,201404,0
경북,성주군,201405,0
경북,성주군,201406,0
경북,성주군,201407,0
경북,성주군,201408,0
경북,성주군,201409,0
경북,성주군,201410,0
경북,성주군,201411,0
경북,성주군,201412,0
경북,성주군,201501,0
경북,성주군,201502,0
경북,성주군,201503,0
경북,성주군,201504,0
경북,성주군,201505,0
경북,성주군,201506,0
경북,성주군,201507,0
경북,성주군,201508,0
경북,성주군,201509,0
경북,성주군,201510,32
경북,성주군,201511,23
경북,성주군,201512,20
경북,성주군,201601,20
경북,성주군,201602,20
경북,성주군,201603,20
경북,성주군,201604,17
경북,성주군,201605,15
경북,성주군,201606,15
경북,성주군,201607,15
경북,성주군,201608,15
경북,성주군,201609,15
경북,성주군,201610,14
경북,성주군,201611,12
경북,성주군,201612,12
경북,성주군,201701,11
경북,성주군,201702,11
경북,성주군,201703,11
경북,성주군,201704,9
경북,성주군,201705,9
경북,성주군,201706,9
경북,성주군,201707,9
경북,성주군,201708,8
경북,성주군,201709,7
경북,성주군,201710,5
경북,성주군,201711,4
경북,성주군,201712,118
경북,성주군,201801,117
경북,성주군,201802,112
경북,성주군,201803,108
경북,성주군,201804,108
경북,성주군,201805,111
경북,성주군,201806,111
경북,성주군,201807,67
경북,성주군,201808,66
경북,성주군,201809,60
경북,성주군,201810,56
경북,성주군,201811,54
경북,성주군,201812,52
경북,성주군,201901,51
경북,성주군,201902,50
경북,성주군,201903,50
경북,성주군,201904,48
경북,성주군,201905,45
경북,성주군,201906,42
경북,성주군,201907,38
경북,성주군,201908,36
경북,성주군,201909,35
경북,성주군,201910,30
경북,성주군,201911,19
경북,성주군,201912,19
경북,성주군,202001,0
경북,성주군,202002,0
경북,성주군,202003,0
경북,성주군,202004,0
경북,성주군,202005,0
경북,성주군,202006,0
경북,성주군,202007,0
경북,성주군,202008,0
경북,성주군,202009,0
경북,성주군,202010,0
경북,성주군,202011,0
경북,성주군,202012,0
경북,성주군,202101,0
경북,성주군,202102,0
경북,성주군,202103,0
경북,성주군,202104,0
경북,성주군,202105,0
경북,성주군,202106,0
경북,성주군,202107,0
경북,성주군,202108,0
경북,성주군,202109,0
경북,성주군,202110,0
경북,성주군,202111,0
경북,성주군,202112,0
경북,성주군,202201,0
경북,성주군,202202,0
경북,성주군,202203,0
경북,성주군,202204,0
경북,성주군,202205,0
경북,성주군,202206,0
경북,성주군,202207,0
경북,성주군,202208,0
경북,성주군,202209,0
경북,성주군,202210,0
경북,성주군,202211,0
경북,성주군,202212,0
경북,성주군,202301,0
경북,성주군,202302,0
경북,성주군,202303,0
경북,성주군,202304,0
경북,성주군,202305,0
경북,성주군,202306,0
경북,성주군,202307,0
경북,성주군,202308,0
경북,성주군,202309,0
경북,성주군,202310,0
경북,성주군,202311,0
경북,성주군,202312,0
경북,성주군,202401,0
경북,성주군,202402,0
경북,성주군,202403,0
경북,성주군,202404,0
경북,성주군,202405,0
경북,성주군,202406,0
경북,성주군,202407,0
경북,성주군,202408,0
경북,성주군,202409,0
경북,성주군,202410,0
경북,성주군,202411,0
경북,성주군,202412,0
경북,성주군,202501,0
경북,성주군,202502,0
경북,성주군,202503,0
경북,성주군,202504,0
경북,성주군,202505,0
경북,성주군,202506,0
경북,성주군,202507,0
경북,성주군,202508,0
경북,성주군,202509,0
경북,성주군,202510,0
경북,성주군,202511,0
경북,성주군,202512,0
경북,성주군,202601,0
경북,성주군,202602,0
경북,성주군,202603,0
경북,성주군,202604,0
경북,성주군,202605,0
경북,성주군,202606,0
경북,성주군,202607,0
경북,성주군,202608,0
경북,칠곡군,200701,359
경북,칠곡군,200702,359
경북,칠곡군,200703,356
경북,칠곡군,200704,356
경북,칠곡군,200705,480
경북,칠곡군,200706,476
경북,칠곡군,200707,465
경북,칠곡군,200708,474
경북,칠곡군,200709,470
경북,칠곡군,200710,458
경북,칠곡군,200711,394
경북,칠곡군,200712,383
경북,칠곡군,200801,380
경북,칠곡군,200802,498
경북,칠곡군,200803,482
경북,칠곡군,200804,472
경북,칠곡군,200805,493
경북,칠곡군,200806,507
경북,칠곡군,200807,496
경북,칠곡군,200808,481
경북,칠곡군,200809,469
경북,칠곡군,200810,456
경북,칠곡군,200811,448
경북,칠곡군,200812,443
경북,칠곡군,200901,421
경북,칠곡군,200902,416
경북,칠곡군,200903,432
경북,칠곡군,200904,433
경북,칠곡군,200905,428
경북,칠곡군,200906,246
경북,칠곡군,200907,241
경북,칠곡군,200908,357
경북,칠곡군,200909,355
경북,칠곡군,200910,241
경북,칠곡군,200911,239
경북,칠곡군,200912,235
경북,칠곡군,201001,637
경북,칠곡군,201002,628
경북,칠곡군,201003,618
경북,칠곡군,201004,601
경북,칠곡군,201005,593
경북,칠곡군,201006,582
경북,칠곡군,201007,572
경북,칠곡군,201008,563
경북,칠곡군,201009,528
경북,칠곡군,201010,498
경북,칠곡군,201011,353
경북,칠곡군,201012,351
경북,칠곡군,201101,345
경북,칠곡군,201102,345
경북,칠곡군,201103,345
경북,칠곡군,201104,342
경북,칠곡군,201105,341
경북,칠곡군,201106,336
경북,칠곡군,201107,333
경북,칠곡군,201108,332
경북,칠곡군,201109,331
경북,칠곡군,201110,331
경북,칠곡군,201111,331
경북,칠곡군,201112,328
경북,칠곡군,201201,51
경북,칠곡군,201202,51
경북,칠곡군,201203,50
경북,칠곡군,201204,47
경북,칠곡군,201205,45
경북,칠곡군,201206,0
경북,칠곡군,201207,0
경북,칠곡군,201208,0
경북,칠곡군,201209,0
경북,칠곡군,201210,45
경북,칠곡군,201211,43
경북,칠곡군,201212,40
경북,칠곡군,201301,39
경북,칠곡군,201302,39
경북,칠곡군,201303,37
경북,칠곡군,201304,22
경북,칠곡군,201305,19
경북,칠곡군,201306,17
경북,칠곡군,201307,16
경북,칠곡군,201308,15
경북,칠곡군,201309,15
경북,칠곡군,201310,13
경북,칠곡군,201311,11
경북,칠곡군,201312,11
경북,칠곡군,201401,11
경북,칠곡군,201402,11
경북,칠곡군,201403,11
경북,칠곡군,201404,10
경북,칠곡군,201405,10
경북,칠곡군,201406,6
경북,칠곡군,201407,6
경북,칠곡군,201408,6
경북,칠곡군,201409,6
경북,칠곡군,201410,6
경북,칠곡군,201411,6
경북,칠곡군,201412,6
경북,칠곡군,201501,208
경북,칠곡군,201502,165
경북,칠곡군,201503,116
경북,칠곡군,201504,61
경북,칠곡군,201505,23
경북,칠곡군,201506,12
경북,칠곡군,201507,11
경북,칠곡군,201508,474
경북,칠곡군,201509,266
경북,칠곡군,201510,242
경북,칠곡군,201511,220
경북,칠곡군,201512,220
경북,칠곡군,201601,159
경북,칠곡군,201602,131
경북,칠곡군,201603,118
경북,칠곡군,201604,116
경북,칠곡군,201605,104
경북,칠곡군,201606,101
경북,칠곡군,201607,624
경북,칠곡군,201608,558
경북,칠곡군,201609,515
경북,칠곡군,201610,468
경북,칠곡군,201611,439
경북,칠곡군,201612,411
경북,칠곡군,201701,370
경북,칠곡군,201702,337
경북,칠곡군,201703,303
경북,칠곡군,201704,291
경북,칠곡군,201705,263
경북,칠곡군,201706,293
경북,칠곡군,201707,269
경북,칠곡군,201708,241
경북,칠곡군,201709,219
경북,칠곡군,201710,419
경북,칠곡군,201711,401
경북,칠곡군,201712,380
경북,칠곡군,201801,351
경북,칠곡군,201802,315
경북,칠곡군,201803,284
경북,칠곡군,201804,258
경북,칠곡군,201805,248
경북,칠곡군,201806,219
경북,칠곡군,201807,198
경북,칠곡군,201808,179
경북,칠곡군,201809,156
경북,칠곡군,201810,148
경북,칠곡군,201811,135
경북,칠곡군,201812,121
경북,칠곡군,201901,107
경북,칠곡군,201902,112
경북,칠곡군,201903,98
경북,칠곡군,201904,87
경북,칠곡군,201905,103
경북,칠곡군,201906,89
경북,칠곡군,201907,77
경북,칠곡군,201908,71
경북,칠곡군,201909,58
경북,칠곡군,201910,41
경북,칠곡군,201911,33
경북,칠곡군,201912,23
경북,칠곡군,202001,17
경북,칠곡군,202002,15
경북,칠곡군,202003,14
경북,칠곡군,202004,12
경북,칠곡군,202005,9
경북,칠곡군,202006,7
경북,칠곡군,202007,7
경북,칠곡군,202008,6
경북,칠곡군,202009,4
경북,칠곡군,202010,3
경북,칠곡군,202011,2
경북,칠곡군,202012,2
경북,칠곡군,202101,2
경북,칠곡군,202102,2
경북,칠곡군,202103,2
경북,칠곡군,202104,2
경북,칠곡군,202105,2
경북,칠곡군,202106,2
경북,칠곡군,202107,2
경북,칠곡군,202108,0
경북,칠곡군,202109,0
경북,칠곡군,202110,0
경북,칠곡군,202111,0
경북,칠곡군,202112,0
경북,칠곡군,202201,0
경북,칠곡군,202202,0
경북,칠곡군,202203,0
경북,칠곡군,202204,0
경북,칠곡군,202205,0
경북,칠곡군,202206,0
경북,칠곡군,202207,0
경북,칠곡군,202208,0
경북,칠곡군,202209,0
경북,칠곡군,202210,0
경북,칠곡군,202211,0
경북,칠곡군,202212,0
경북,칠곡군,202301,0
경북,칠곡군,202302,0
경북,칠곡군,202303,0
경북,칠곡군,202304,0
경북,칠곡군,202305,0
경북,칠곡군,202306,0
경북,칠곡군,202307,0
경북,칠곡군,202308,633
경북,칠곡군,202309,633
경북,칠곡군,202310,627
경북,칠곡군,202311,308
경북,칠곡군,202312,627
경북,칠곡군,202401,627
경북,칠곡군,202402,627
경북,칠곡군,202403,627
경북,칠곡군,202404,590
경북,칠곡군,202405,590
경북,칠곡군,202406,516
경북,칠곡군,202407,516
경북,칠곡군,202408,486
경북,칠곡군,202409,481
경북,칠곡군,202410,468
경북,칠곡군,202411,442
경북,칠곡군,202412,434
경북,칠곡군,202501,434
경북,칠곡군,202502,434
경북,칠곡군,202503,430
경북,칠곡군,202504,429
경북,칠곡군,202505,429
경북,칠곡군,202506,427
경북,칠곡군,202507,427
경북,칠곡군,202508,553
경북,칠곡군,202509,549
경북,칠곡군,202510,550
경북,칠곡군,202511,546
경북,칠곡군,202512,546
경북,칠곡군,202601,546
경북,칠곡군,202602,547
경북,칠곡군,202603,542
경북,칠곡군,202604,541
경북,칠곡군,202605,539
경북,칠곡군,202606,539
경북,칠곡군,202607,531
경북,칠곡군,202608,531
경북,예천군,200701,21
경북,예천군,200702,21
경북,예천군,200703,21
경북,예천군,200704,21
경북,예천군,200705,21
경북,예천군,200706,16
경북,예천군,200707,16
경북,예천군,200708,16
경북,예천군,200709,16
경북,예천군,200710,16
경북,예천군,200711,16
경북,예천군,200712,16
경북,예천군,200801,9
경북,예천군,200802,9
경북,예천군,200803,9
경북,예천군,200804,9
경북,예천군,200805,9
경북,예천군,200807,2
경북,예천군,200808,2
경북,예천군,200809,2
경북,예천군,200810,2
경북,예천군,200811,2
경북,예천군,200812,2
경북,예천군,200901,2
경북,예천군,200902,2
경북,예천군,200903,2
경북,예천군,200904,2
경북,예천군,200905,2
경북,예천군,200906,2
경북,예천군,200907,0
경북,예천군,200908,0
경북,예천군,200909,0
경북,예천군,200910,0
경북,예천군,200911,0
경북,예천군,200912,0
경북,예천군,201001,0
경북,예천군,201002,0
경북,예천군,201003,0
경북,예천군,201004,0
경북,예천군,201005,0
경북,예천군,201006,0
경북,예천군,201007,0
경북,예천군,201008,0
경북,예천군,201009,0
경북,예천군,201010,0
경북,예천군,201011,0
경북,예천군,201012,0
경북,예천군,201101,0
경북,예천군,201102,0
경북,예천군,201103,0
경북,예천군,201104,0
경북,예천군,201105,0
경북,예천군,201106,0
경북,예천군,201107,0
경북,예천군,201108,0
경북,예천군,201109,0
경북,예천군,201110,0
경북,예천군,201111,0
경북,예천군,201112,0
경북,예천군,201201,0
경북,예천군,201202,0
경북,예천군,201203,0
경북,예천군,201204,0
경북,예천군,201205,0
경북,예천군,201206,0
경북,예천군,201207,0
경북,예천군,201208,0
경북,예천군,201209,0
경북,예천군,201210,0
경북,예천군,201211,0
경북,예천군,201212,0
경북,예천군,201301,0
경북,예천군,201302,0
경북,예천군,201303,0
경북,예천군,201304,0
경북,예천군,201305,0
경북,예천군,201306,0
경북,예천군,201307,0
경북,예천군,201308,0
경북,예천군,201309,0
경북,예천군,201310,0
경북,예천군,201311,0
경북,예천군,201312,0
경북,예천군,201401,0
경북,예천군,201402,0
경북,예천군,201403,228
경북,예천군,201404,275
경북,예천군,201405,194
경북,예천군,201406,73
경북,예천군,201407,69
경북,예천군,201408,61
경북,예천군,201409,58
경북,예천군,201410,52
경북,예천군,201411,47
경북,예천군,201412,44
경북,예천군,201501,34
경북,예천군,201502,157
경북,예천군,201503,153
경북,예천군,201504,134
경북,예천군,201505,70
경북,예천군,201506,187
경북,예천군,201507,142
경북,예천군,201508,142
경북,예천군,201509,399
경북,예천군,201510,217
경북,예천군,201511,150
경북,예천군,201512,94
경북,예천군,201601,62
경북,예천군,201602,135
경북,예천군,201603,325
경북,예천군,201604,299
경북,예천군,201605,281
경북,예천군,201606,1083
경북,예천군,201607,1012
경북,예천군,201608,964
경북,예천군,201609,860
경북,예천군,201610,796
경북,예천군,201611,715
경북,예천군,201612,753
경북,예천군,201701,730
경북,예천군,201702,712
경북,예천군,201703,685
경북,예천군,201704,660
경북,예천군,201705,641
경북,예천군,201706,604
경북,예천군,201707,593
경북,예천군,201708,572
경북,예천군,201709,539
경북,예천군,201710,516
경북,예천군,201711,508
경북,예천군,201712,502
경북,예천군,201801,496
경북,예천군,201802,493
경북,예천군,201803,487
경북,예천군,201804,485
경북,예천군,201805,483
경북,예천군,201806,480
경북,예천군,201807,478
경북,예천군,201808,476
경북,예천군,201809,473
경북,예천군,201810,470
경북,예천군,201811,470
경북,예천군,201812,469
경북,예천군,201901,458
경북,예천군,201902,462
경북,예천군,201903,458
경북,예천군,201904,425
경북,예천군,201905,423
경북,예천군,201906,418
경북,예천군,201907,341
경북,예천군,201908,330
경북,예천군,201909,391
경북,예천군,201910,325
경북,예천군,201911,302
경북,예천군,201912,296
경북,예천군,202001,290
경북,예천군,202002,280
경북,예천군,202003,276
경북,예천군,202004,257
경북,예천군,202005,240
경북,예천군,202006,225
경북,예천군,202007,210
경북,예천군,202008,185
경북,예천군,202009,167
경북,예천군,202010,144
경북,예천군,202011,111
경북,예천군,202012,79
경북,예천군,202101,79
경북,예천군,202102,0
경북,예천군,202103,0
경북,예천군,202104,0
경북,예천군,202105,0
경북,예천군,202106,0
경북,예천군,202107,0
경북,예천군,202108,0
경북,예천군,202109,0
경북,예천군,202110,0
경북,예천군,202111,0
경북,예천군,202112,0
경북,예천군,202201,0
경북,예천군,202202,0
경북,예천군,202203,0
경북,예천군,202204,0
경북,예천군,202205,0
경북,예천군,202206,0
경북,예천군,202207,0
경북,예천군,202208,0
경북,예천군,202209,0
경북,예천군,202210,0
경북,예천군,202211,0
경북,예천군,202212,0
경북,예천군,202301,0
경북,예천군,202302,0
경북,예천군,202303,0
경북,예천군,202304,0
경북,예천군,202305,0
경북,예천군,202306,0
경북,예천군,202307,0
경북,예천군,202308,0
경북,예천군,202309,0
경북,예천군,202310,0
경북,예천군,202311,0
경북,예천군,202312,0
경북,예천군,202401,0
경북,예천군,202402,0
경북,예천군,202403,0
경북,예천군,202404,0
경북,예천군,202405,0
경북,예천군,202406,0
경북,예천군,202407,0
경북,예천군,202408,0
경북,예천군,202409,0
경북,예천군,202410,0
경북,예천군,202411,0
경북,예천군,202412,0
경북,예천군,202501,0
경북,예천군,202502,0
경북,예천군,202503,0
경북,예천군,202504,0
경북,예천군,202505,0
경북,예천군,202506,0
경북,예천군,202507,0
경북,예천군,202508,0
경북,예천군,202509,0
경북,예천군,202510,0
경북,예천군,202511,0
경북,예천군,202512,0
경북,예천군,202601,0
경북,예천군,202602,0
경북,예천군,202603,0
경북,예천군,202604,0
경북,예천군,202605,0
경북,예천군,202606,0
경북,예천군,202607,0
경북,예천군,202608,0
경북,봉화군,200708,0
경북,봉화군,200811,0
경북,봉화군,200812,0
경북,봉화군,200901,0
경북,봉화군,200902,0
경북,봉화군,200903,0
경북,봉화군,200904,0
경북,봉화군,200905,0
경북,봉화군,200906,0
경북,봉화군,200907,0
경북,봉화군,200908,0
경북,봉화군,200909,0
경북,봉화군,200910,0
경북,봉화군,200911,0
경북,봉화군,200912,0
경북,봉화군,201001,0
경북,봉화군,201002,0
경북,봉화군,201003,0
경북,봉화군,201004,0
경북,봉화군,201005,0
경북,봉화군,201006,0
경북,봉화군,201007,0
경북,봉화군,201008,0
경북,봉화군,201009,0
경북,봉화군,201010,0
경북,봉화군,201011,0
경북,봉화군,201012,0
경북,봉화군,201101,0
경북,봉화군,201102,0
경북,봉화군,201103,0
경북,봉화군,201104,0
경북,봉화군,201105,0
경북,봉화군,201106,0
경북,봉화군,201107,0
경북,봉화군,201108,0
경북,봉화군,201109,0
경북,봉화군,201110,0
경북,봉화군,201111,0
경북,봉화군,201112,0
경북,봉화군,201201,0
경북,봉화군,201202,0
경북,봉화군,201203,0
경북,봉화군,201204,0
경북,봉화군,201205,0
경북,봉화군,201206,0
경북,봉화군,201207,0
경북,봉화군,201208,0
경북,봉화군,201209,0
경북,봉화군,201210,0
경북,봉화군,201211,0
경북,봉화군,201212,0
경북,봉화군,201301,0
경북,봉화군,201302,0
경북,봉화군,201303,0
경북,봉화군,201304,0
경북,봉화군,201305,0
경북,봉화군,201306,0
경북,봉화군,201307,0
경북,봉화군,201308,0
경북,봉화군,201309,0
경북,봉화군,201310,0
경북,봉화군,201311,0
경북,봉화군,201312,0
경북,봉화군,201401,0
경북,봉화군,201402,0
경북,봉화군,201403,0
경북,봉화군,201404,0
경북,봉화군,201405,0
경북,봉화군,201406,0
경북,봉화군,201407,0
경북,봉화군,201408,0
경북,봉화군,201409,0
경북,봉화군,201410,0
경북,봉화군,201411,0
경북,봉화군,201412,0
경북,봉화군,201501,0
경북,봉화군,201502,0
경북,봉화군,201503,0
경북,봉화군,201504,0
경북,봉화군,201505,0
경북,봉화군,201506,0
경북,봉화군,201507,0
경북,봉화군,201508,0
경북,봉화군,201509,0
경북,봉화군,201510,0
경북,봉화군,201511,0
경북,봉화군,201512,0
경북,봉화군,201601,0
경북,봉화군,201602,0
경북,봉화군,201603,0
경북,봉화군,201604,0
경북,봉화군,201605,0
경북,봉화군,201606,0
경북,봉화군,201607,0
경북,봉화군,201608,0
경북,봉화군,201609,0
경북,봉화군,201610,0
경북,봉화군,201611,0
경북,봉화군,201612,0
경북,봉화군,201701,0
경북,봉화군,201702,0
경북,봉화군,201703,0
경북,봉화군,201704,0
경북,봉화군,201705,0
경북,봉화군,201706,0
경북,봉화군,201707,0
경북,봉화군,201708,0
경북,봉화군,201709,0
경북,봉화군,201710,0
경북,봉화군,201711,0
경북,봉화군,201712,0
경북,봉화군,201801,0
경북,봉화군,201802,0
경북,봉화군,201807,0
경북,봉화군,201808,0
경북,봉화군,201811,0
경북,봉화군,201812,0
경북,봉화군,201901,0
경북,봉화군,201902,0
경북,봉화군,201903,0
경북,봉화군,201904,0
경북,봉화군,201905,0
경북,봉화군,201906,0
경북,봉화군,201907,0
경북,봉화군,201908,0
경북,봉화군,201909,0
경북,봉화군,201910,0
경북,봉화군,201912,0
경북,봉화군,202001,0
경북,봉화군,202002,0
경북,봉화군,202003,0
경북,봉화군,202004,0
경북,봉화군,202005,0
경북,봉화군,202006,0
경북,봉화군,202007,0
경북,봉화군,202008,0
경북,봉화군,202009,0
경북,봉화군,202010,0
경북,봉화군,202011,0
경북,봉화군,202012,0
경북,봉화군,202101,0
경북,봉화군,202102,0
경북,봉화군,202103,0
경북,봉화군,202104,0
경북,봉화군,202105,0
경북,봉화군,202106,0
경북,봉화군,202107,0
경북,봉화군,202108,0
경북,봉화군,202109,0
경북,봉화군,202110,0
경북,봉화군,202111,0
경북,봉화군,202112,0
경북,봉화군,202201,0
경북,봉화군,202202,0
경북,봉화군,202203,0
경북,봉화군,202204,0
경북,봉화군,202205,0
경북,봉화군,202206,0
경북,봉화군,202207,0
경북,봉화군,202208,0
경북,봉화군,202209,0
경북,봉화군,202210,0
경북,봉화군,202211,0
경북,봉화군,202212,0
경북,봉화군,202301,0
경북,봉화군,202302,0
경북,봉화군,202303,0
경북,봉화군,202304,0
경북,봉화군,202305,0
경북,봉화군,202306,0
경북,봉화군,202307,0
경북,봉화군,202308,0
경북,봉화군,202309,0
경북,봉화군,202310,0
경북,봉화군,202311,0
경북,봉화군,202312,0
경북,봉화군,202401,0
경북,봉화군,202402,0
경북,봉화군,202403,0
경북,봉화군,202404,0
경북,봉화군,202405,0
경북,봉화군,202406,0
경북,봉화군,202407,0
경북,봉화군,202408,0
경북,봉화군,202409,0
경북,봉화군,202410,0
경북,봉화군,202411,0
경북,봉화군,202412,0
경북,봉화군,202501,0
경북,봉화군,202502,0
경북,봉화군,202503,0
경북,봉화군,202504,0
경북,봉화군,202505,0
경북,봉화군,202506,0
경북,봉화군,202507,0
경북,봉화군,202508,0
경북,봉화군,202509,0
경북,봉화군,202510,0
경북,봉화군,202511,0
경북,봉화군,202512,0
경북,봉화군,202601,0
경북,봉화군,202602,0
경북,봉화군,202603,0
경북,봉화군,202604,0
경북,봉화군,202605,0
경북,봉화군,202606,0
경북,봉화군,202607,0
경북,봉화군,202608,0
경북,울진군,200708,0
경북,울진군,200806,207
경북,울진군,200807,206
경북,울진군,200808,86
경북,울진군,200810,85
경북,울진군,200811,82
경북,울진군,200812,216
경북,울진군,200901,202
경북,울진군,200902,70
경북,울진군,200903,70
경북,울진군,200904,69
경북,울진군,200905,69
경북,울진군,200906,69
경북,울진군,200907,67
경북,울진군,200908,67
경북,울진군,200909,67
경북,울진군,200910,50
경북,울진군,200911,48
경북,울진군,200912,44
경북,울진군,201001,44
경북,울진군,201002,44
경북,울진군,201003,43
경북,울진군,201004,43
경북,울진군,201005,43
경북,울진군,201006,43
경북,울진군,201007,41
경북,울진군,201008,41
경북,울진군,201009,41
경북,울진군,201010,41
경북,울진군,201011,41
경북,울진군,201012,41
경북,울진군,201101,41
경북,울진군,201102,41
경북,울진군,201103,41
경북,울진군,201104,27
경북,울진군,201105,27
경북,울진군,201106,27
경북,울진군,201107,27
경북,울진군,201108,27
경북,울진군,201109,27
경북,울진군,201110,27
경북,울진군,201111,27
경북,울진군,201112,27
경북,울진군,201201,27
경북,울진군,201202,27
경북,울진군,201203,27
경북,울진군,201204,27
경북,울진군,201205,27
경북,울진군,201206,27
경북,울진군,201207,27
경북,울진군,201208,27
경북,울진군,201209,27
경북,울진군,201210,27
경북,울진군,201211,153
경북,울진군,201212,148
경북,울진군,201301,120
경북,울진군,201302,120
경북,울진군,201303,113
경북,울진군,201304,99
경북,울진군,201305,99
경북,울진군,201306,50
경북,울진군,201307,43
경북,울진군,201308,43
경북,울진군,201309,43
경북,울진군,201310,37
경북,울진군,201311,37
경북,울진군,201312,33
경북,울진군,201401,33
경북,울진군,201402,29
경북,울진군,201403,29
경북,울진군,201404,29
경북,울진군,201405,24
경북,울진군,201406,24
경북,울진군,201407,24
경북,울진군,201408,19
경북,울진군,201409,19
경북,울진군,201410,19
경북,울진군,201411,19
경북,울진군,201412,19
경북,울진군,201501,16
경북,울진군,201502,16
경북,울진군,201503,16
경북,울진군,201504,2
경북,울진군,201505,2
경북,울진군,201506,1
경북,울진군,201507,0
경북,울진군,201508,0
경북,울진군,201509,0
경북,울진군,201510,0
경북,울진군,201511,0
경북,울진군,201512,0
경북,울진군,201601,0
경북,울진군,201602,0
경북,울진군,201603,0
경북,울진군,201604,0
경북,울진군,201605,0
경북,울진군,201606,0
경북,울진군,201607,0
경북,울진군,201608,0
경북,울진군,201609,0
경북,울진군,201610,0
경북,울진군,201611,0
경북,울진군,201612,0
경북,울진군,201701,0
경북,울진군,201702,0
경북,울진군,201703,0
경북,울진군,201704,0
경북,울진군,201705,0
경북,울진군,201706,0
경북,울진군,201707,0
경북,울진군,201708,0
경북,울진군,201709,0
경북,울진군,201710,0
경북,울진군,201711,0
경북,울진군,201712,0
경북,울진군,201801,0
경북,울진군,201802,0
경북,울진군,201807,0
경북,울진군,201808,0
경북,울진군,201811,0
경북,울진군,201812,0
경북,울진군,201901,0
경북,울진군,201902,0
경북,울진군,201903,0
경북,울진군,201904,0
경북,울진군,201905,0
경북,울진군,201906,0
경북,울진군,201907,0
경북,울진군,201908,0
경북,울진군,201909,0
경북,울진군,201910,0
경북,울진군,201912,0
경북,울진군,202001,0
경북,울진군,202002,0
경북,울진군,202003,0
경북,울진군,202004,0
경북,울진군,202005,0
경북,울진군,202006,0
경북,울진군,202007,0
경북,울진군,202008,0
경북,울진군,202009,0
경북,울진군,202010,0
경북,울진군,202011,0
경북,울진군,202012,0
경북,울진군,202101,0
경북,울진군,202102,0
경북,울진군,202103,0
경북,울진군,202104,0
경북,울진군,202105,0
경북,울진군,202106,0
경북,울진군,202107,0
경북,울진군,202108,0
경북,울진군,202109,0
경북,울진군,202110,0
경북,울진군,202111,0
경북,울진군,202112,0
경북,울진군,202201,0
경북,울진군,202202,0
경북,울진군,202203,0
경북,울진군,202204,0
경북,울진군,202205,0
경북,울진군,202206,0
경북,울진군,202207,0
경북,울진군,202208,0
경북,울진군,202209,0
경북,울진군,202210,0
경북,울진군,202211,0
경북,울진군,202212,58
경북,울진군,202301,58
경북,울진군,202302,58
경북,울진군,202303,58
경북,울진군,202304,58
경북,울진군,202305,58
경북,울진군,202306,58
경북,울진군,202307,58
경북,울진군,202308,43
경북,울진군,202309,43
경북,울진군,202310,43
경북,울진군,202311,43
경북,울진군,202312,8
경북,울진군,202401,8
경북,울진군,202402,8
경북,울진군,202403,112
경북,울진군,202404,112
경북,울진군,202405,94
경북,울진군,202406,94
경북,울진군,202407,94
경북,울진군,202408,79
경북,울진군,202409,79
경북,울진군,202410,75
경북,울진군,202411,73
경북,울진군,202412,73
경북,울진군,202501,73
경북,울진군,202502,71
경북,울진군,202503,71
경북,울진군,202504,71
경북,울진군,202505,68
경북,울진군,202506,68
경북,울진군,202507,67
경북,울진군,202508,64
경북,울진군,202509,64
경북,울진군,202510,64
경북,울진군,202511,56
경북,울진군,202512,56
경북,울진군,202601,52
경북,울진군,202602,52
경북,울진군,202603,52
경북,울진군,202604,52
경북,울진군,202605,52
경북,울진군,202606,52
경북,울진군,202607,33
경북,울진군,202608,33
경북,울릉군,200708,0
경북,울릉군,200809,86
경북,울릉군,200811,0
경북,울릉군,200812,0
경북,울릉군,200901,0
경북,울릉군,200902,0
경북,울릉군,200903,0
경북,울릉군,200904,0
경북,울릉군,200905,0
경북,울릉군,200906,0
경북,울릉군,200907,0
경북,울릉군,200908,0
경북,울릉군,200909,0
경북,울릉군,200910,0
경북,울릉군,200911,0
경북,울릉군,200912,0
경북,울릉군,201001,0
경북,울릉군,201002,0
경북,울릉군,201003,0
경북,울릉군,201004,0
경북,울릉군,201005,0
경북,울릉군,201006,0
경북,울릉군,201007,0
경북,울릉군,201008,0
경북,울릉군,201009,0
경북,울릉군,201010,0
경북,울릉군,201011,0
경북,울릉군,201012,0
경북,울릉군,201101,0
경북,울릉군,201102,0
경북,울릉군,201103,0
경북,울릉군,201104,0
경북,울릉군,201105,0
경북,울릉군,201106,0
경북,울릉군,201107,0
경북,울릉군,201108,0
경북,울릉군,201109,0
경북,울릉군,201110,0
경북,울릉군,201111,0
경북,울릉군,201112,0
경북,울릉군,201201,0
경북,울릉군,201202,0
경북,울릉군,201203,0
경북,울릉군,201204,0
경북,울릉군,201205,0
경북,울릉군,201206,0
경북,울릉군,201207,0
경북,울릉군,201208,0
경북,울릉군,201209,0
경북,울릉군,201210,0
경북,울릉군,201211,0
경북,울릉군,201212,0
경북,울릉군,201301,0
경북,울릉군,201302,0
경북,울릉군,201303,0
경북,울릉군,201304,0
경북,울릉군,201305,0
경북,울릉군,201306,0
경북,울릉군,201307,0
경북,울릉군,201308,0
경북,울릉군,201309,0
경북,울릉군,201310,0
경북,울릉군,201311,0
경북,울릉군,201312,0
경북,울릉군,201401,0
경북,울릉군,201402,0
경북,울릉군,201403,0
경북,울릉군,201404,0
경북,울릉군,201405,0
경북,울릉군,201406,0
경북,울릉군,201407,0
경북,울릉군,201408,0
경북,울릉군,201409,0
경북,울릉군,201410,0
경북,울릉군,201411,0
경북,울릉군,201412,0
경북,울릉군,201501,0
경북,울릉군,201502,0
경북,울릉군,201503,0
경북,울릉군,201504,0
경북,울릉군,201505,0
경북,울릉군,201506,0
경북,울릉군,201507,0
경북,울릉군,201508,0
경북,울릉군,201509,0
경북,울릉군,201510,0
경북,울릉군,201511,0
경북,울릉군,201512,0
경북,울릉군,201601,0
경북,울릉군,201602,0
경북,울릉군,201603,0
경북,울릉군,201604,0
경북,울릉군,201605,0
경북,울릉군,201606,0
경북,울릉군,201607,0
경북,울릉군,201608,0
경북,울릉군,201609,0
경북,울릉군,201610,0
경북,울릉군,201611,0
경북,울릉군,201612,0
경북,울릉군,201701,0
경북,울릉군,201702,0
경북,울릉군,201703,0
경북,울릉군,201704,0
경북,울릉군,201705,0
경북,울릉군,201706,0
경북,울릉군,201707,0
경북,울릉군,201708,0
경북,울릉군,201709,0
경북,울릉군,201710,0
경북,울릉군,201711,0
경북,울릉군,201712,0
경북,울릉군,201801,0
경북,울릉군,201802,0
경북,울릉군,201807,0
경북,울릉군,201808,0
경북,울릉군,201811,0
경북,울릉군,201812,0
경북,울릉군,201901,0
경북,울릉군,201902,0
경북,울릉군,201903,0
경북,울릉군,201904,0
경북,울릉군,201905,0
경북,울릉군,201906,0
경북,울릉군,201907,0
경북,울릉군,201908,0
경북,울릉군,201909,0
경북,울릉군,201910,0
경북,울릉군,201912,0
경북,울릉군,202001,0
경북,울릉군,202002,0
경북,울릉군,202003,0
경북,울릉군,202004,0
경북,울릉군,202005,0
경북,울릉군,202006,0
경북,울릉군,202007,0
경북,울릉군,202008,0
경북,울릉군,202009,0
경북,울릉군,202010,0
경북,울릉군,202011,0
경북,울릉군,202012,0
경북,울릉군,202101,0
경북,울릉군,202102,0
경북,울릉군,202103,0
경북,울릉군,202104,0
경북,울릉군,202105,0
경북,울릉군,202106,0
경북,울릉군,202107,0
경북,울릉군,202108,0
경북,울릉군,202109,0
경북,울릉군,202110,0
경북,울릉군,202111,0
경북,울릉군,202112,0
경북,울릉군,202201,0
경북,울릉군,202202,0
경북,울릉군,202203,0
경북,울릉군,202204,0
경북,울릉군,202205,0
경북,울릉군,202206,0
경북,울릉군,202207,0
경북,울릉군,202208,0
경북,울릉군,202209,0
경북,울릉군,202210,0
경북,울릉군,202211,0
경북,울릉군,202212,0
경북,울릉군,202301,0
경북,울릉군,202302,0
경북,울릉군,202303,0
경북,울릉군,202304,0
경북,울릉군,202305,0
경북,울릉군,202306,0
경북,울릉군,202307,0
경북,울릉군,202308,0
경북,울릉군,202309,0
경북,울릉군,202310,0
경북,울릉군,202311,0
경북,울릉군,202312,0
경북,울릉군,202401,0
경북,울릉군,202402,0
경북,울릉군,202403,0
경북,울릉군,202404,0
경북,울릉군,202405,0
경북,울릉군,202406,0
경북,울릉군,202407,0
경북,울릉군,202408,0
경북,울릉군,202409,0
경북,울릉군,202410,0
경북,울릉군,202411,0
경북,울릉군,202412,0
경북,울릉군,202501,0
경북,울릉군,202502,0
경북,울릉군,202503,0
경북,울릉군,202504,0
경북,울릉군,202505,0
경북,울릉군,202506,0
경북,울릉군,202507,0
경북,울릉군,202508,0
경북,울릉군,202509,0
경북,울릉군,202510,0
경북,울릉군,202511,0
경북,울릉군,202512,0
경북,울릉군,202601,0
경북,울릉군,202602,0
경북,울릉군,202603,0
경북,울릉군,202604,0
경북,울릉군,202605,0
경북,울릉군,202606,0
경북,울릉군,202607,0
경북,울릉군,202608,0
경남,고성군,200701,0
경남,고성군,200702,0
경남,고성군,200703,0
경남,고성군,200704,0
경남,고성군,200705,0
경남,고성군,200706,0
경남,고성군,200707,0
경남,고성군,200708,0
경남,고성군,200709,0
경남,고성군,200710,0
경남,고성군,200711,0
경남,고성군,200712,0
경남,고성군,200804,0
경남,고성군,200807,0
경남,고성군,200808,0
경남,고성군,200809,0
경남,고성군,200811,0
경남,고성군,200812,49
경남,고성군,200901,49
경남,고성군,200902,49
경남,고성군,200903,12
경남,고성군,200904,12
경남,고성군,200905,12
경남,고성군,200906,12
경남,고성군,200907,0
경남,고성군,200908,12
경남,고성군,200909,8
경남,고성군,200910,21
경남,고성군,200911,7
경남,고성군,200912,7
경남,고성군,201001,0
경남,고성군,201002,0
경남,고성군,201003,0
경남,고성군,201004,0
경남,고성군,201005,0
경남,고성군,201006,0
경남,고성군,201007,0
경남,고성군,201008,257
경남,고성군,201009,249
경남,고성군,201010,244
경남,고성군,201011,260
경남,고성군,201012,254
경남,고성군,201101,223
경남,고성군,201102,209
경남,고성군,201103,168
경남,고성군,201104,153
경남,고성군,201105,136
경남,고성군,201106,121
경남,고성군,201107,110
경남,고성군,201108,76
경남,고성군,201109,61
경남,고성군,201110,32
경남,고성군,201111,18
경남,고성군,201112,14
경남,고성군,201201,11
경남,고성군,201202,9
경남,고성군,201203,4
경남,고성군,201204,4
경남,고성군,201205,4
경남,고성군,201206,4
경남,고성군,201207,4
경남,고성군,201208,4
경남,고성군,201209,4
경남,고성군,201210,1
경남,고성군,201211,1
경남,고성군,201212,1
경남,고성군,201301,1
경남,고성군,201302,1
경남,고성군,201303,1
경남,고성군,201304,1
경남,고성군,201305,1
경남,고성군,201306,1
경남,고성군,201307,1
경남,고성군,201308,1
경남,고성군,201309,1
경남,고성군,201310,1
경남,고성군,201311,1
경남,고성군,201312,1
경남,고성군,201401,1
경남,고성군,201402,1
경남,고성군,201403,1
경남,고성군,201404,1
경남,고성군,201405,1
경남,고성군,201406,1
경남,고성군,201407,0
경남,고성군,201408,0
경남,고성군,201409,0
경남,고성군,201410,0
경남,고성군,201411,0
경남,고성군,201412,0
경남,고성군,201501,0
경남,고성군,201502,0
경남,고성군,201503,0
경남,고성군,201504,0
경남,고성군,201505,0
경남,고성군,201506,0
경남,고성군,201507,0
경남,고성군,201508,0
경남,고성군,201509,0
경남,고성군,201510,0
경남,고성군,201511,0
경남,고성군,201512,0
경남,고성군,201601,42
경남,고성군,201602,24
경남,고성군,201603,10
경남,고성군,201604,1
경남,고성군,201605,538
경남,고성군,201606,504
경남,고성군,201607,481
경남,고성군,201608,481
경남,고성군,201609,480
경남,고성군,201610,480
경남,고성군,201611,480
경남,고성군,201612,480
경남,고성군,201701,480
경남,고성군,201702,551
경남,고성군,201703,551
경남,고성군,201704,0
경남,고성군,201705,0
경남,고성군,201706,0
경남,고성군,201707,0
경남,고성군,201708,0
경남,고성군,201709,0
경남,고성군,201710,0
경남,고성군,201711,0
경남,고성군,201712,0
경남,고성군,201801,0
경남,고성군,201802,0
경남,고성군,201807,0
경남,고성군,201808,0
경남,고성군,201811,0
경남,고성군,201812,0
경남,고성군,201901,0
경남,고성군,201902,0
경남,고성군,201903,0
경남,고성군,201904,0
경남,고성군,201905,0
경남,고성군,201906,0
경남,고성군,201907,0
경남,고성군,201908,0
경남,고성군,201909,0
경남,고성군,201910,0
경남,고성군,201912,0
경남,고성군,202001,0
경남,고성군,202002,0
경남,고성군,202003,0
경남,고성군,202004,0
경남,고성군,202005,0
경남,고성군,202006,0
경남,고성군,202007,0
경남,고성군,202008,0
경남,고성군,202009,0
경남,고성군,202010,0
경남,고성군,202011,0
경남,고성군,202012,0
경남,고성군,202101,0
경남,고성군,202102,0
경남,고성군,202103,0
경남,고성군,202104,0
경남,고성군,202105,0
경남,고성군,202106,0
경남,고성군,202107,0
경남,고성군,202108,0
경남,고성군,202109,0
경남,고성군,202110,0
경남,고성군,202111,0
경남,고성군,202112,0
경남,고성군,202201,0
경남,고성군,202202,0
경남,고성군,202203,0
경남,고성군,202204,0
경남,고성군,202205,0
경남,고성군,202206,0
경남,고성군,202207,0
경남,고성군,202208,0
경남,고성군,202209,0
경남,고성군,202210,344
경남,고성군,202211,341
경남,고성군,202212,341
경남,고성군,202301,341
경남,고성군,202302,341
경남,고성군,202303,341
경남,고성군,202304,341
경남,고성군,202305,341
경남,고성군,202306,338
경남,고성군,202307,335
경남,고성군,202308,335
경남,고성군,202309,311
경남,고성군,202310,298
경남,고성군,202311,298
경남,고성군,202312,272
경남,고성군,202401,265
경남,고성군,202402,260
경남,고성군,202403,260
경남,고성군,202404,219
경남,고성군,202405,219
경남,고성군,202406,209
경남,고성군,202407,204
경남,고성군,202408,204
경남,고성군,202409,204
경남,고성군,202410,204
경남,고성군,202411,204
경남,고성군,202412,204
경남,고성군,202501,204
경남,고성군,202502,178
경남,고성군,202503,176
경남,고성군,202504,176
경남,고성군,202505,151
경남,고성군,202506,148
경남,고성군,202507,148
경남,고성군,202508,145
경남,고성군,202509,131
경남,고성군,202510,116
경남,고성군,202511,116
경남,고성군,202512,111
경남,고성군,202601,111
경남,고성군,202602,111
경남,고성군,202603,105
경남,고성군,202604,105
경남,고성군,202605,105
경남,고성군,202606,104
경남,고성군,202607,84
경남,고성군,202608,84
경남,창원시,200701,35
경남,창원시,200702,5
경남,창원시,200703,5
경남,창원시,200704,288
경남,창원시,200705,244
경남,창원시,200706,244
경남,창원시,200707,244
경남,창원시,200708,244
경남,창원시,200709,244
경남,창원시,200710,244
경남,창원시,200711,296
경남,창원시,200712,313
경남,창원시,200801,313
경남,창원시,200802,127
경남,창원시,200803,127
경남,창원시,200804,127
경남,창원시,200805,192
경남,창원시,200806,918
경남,창원시,200807,918
경남,창원시,200808,914
경남,창원시,200809,914
경남,창원시,200810,914
경남,창원시,200811,931
경남,창원시,200812,0
경남,창원시,200901,0
경남,창원시,200902,0
경남,창원시,200903,0
경남,창원시,200904,0
경남,창원시,200905,0
경남,창원시,200906,0
경남,창원시,200907,941
경남,창원시,200908,0
경남,창원시,200909,0
경남,창원시,200910,7
경남,창원시,200911,0
경남,창원시,200912,0
경남,창원시,201001,894
경남,창원시,201002,890
경남,창원시,201003,889
경남,창원시,201004,889
경남,창원시,201005,884
경남,창원시,201006,883
경남,창원시,201007,1876
경남,창원시,201008,1708
경남,창원시,201009,1638
경남,창원시,201010,1471
경남,창원시,201011,1383
경남,창원시,201012,1256
경남,창원시,201101,1225
경남,창원시,201102,1209
경남,창원시,201103,1071
경남,창원시,201104,1051
경남,창원시,201105,792
경남,창원시,201106,679
경남,창원시,201107,583
경남,창원시,201108,543
경남,창원시,201109,513
경남,창원시,201110,419
경남,창원시,201111,411
경남,창원시,201112,366
경남,창원시,201201,347
경남,창원시,201202,316
경남,창원시,201203,461
경남,창원시,201204,439
경남,창원시,201205,369
경남,창원시,201206,352
경남,창원시,201207,346
경남,창원시,201208,1072
경남,창원시,201209,1913
경남,창원시,201210,2200
경남,창원시,201211,1881
경남,창원시,201212,2157
경남,창원시,201301,2045
경남,창원시,201302,2045
경남,창원시,201303,1803
경남,창원시,201304,2306
경남,창원시,201305,2002
경남,창원시,201306,1821
경남,창원시,201307,1688
경남,창원시,201308,1542
경남,창원시,201309,1271
경남,창원시,201310,1029
경남,창원시,201311,810
경남,창원시,201312,617
경남,창원시,201401,540
경남,창원시,201402,410
경남,창원시,201403,332
경남,창원시,201404,400
경남,창원시,201405,359
경남,창원시,201406,341
경남,창원시,201407,1147
경남,창원시,201408,1063
경남,창원시,201409,919
경남,창원시,201410,794
경남,창원시,201411,803
경남,창원시,201412,751
경남,창원시,201501,555
경남,창원시,201502,501
경남,창원시,201503,407
경남,창원시,201504,262
경남,창원시,201505,205
경남,창원시,201506,176
경남,창원시,201507,142
경남,창원시,201508,121
경남,창원시,201509,93
경남,창원시,201510,65
경남,창원시,201511,49
경남,창원시,201512,44
경남,창원시,201601,503
경남,창원시,201602,970
경남,창원시,201603,941
경남,창원시,201604,832
경남,창원시,201605,1290
경남,창원시,201606,1340
경남,창원시,201607,4676
경남,창원시,201608,4596
경남,창원시,201609,4466
경남,창원시,201610,3742
경남,창원시,201611,3542
경남,창원시,201612,3287
경남,창원시,201701,3217
경남,창원시,201702,6662
경남,창원시,201703,6451
경남,창원시,201704,5437
경남,창원시,201705,5288
경남,창원시,201706,5162
경남,창원시,201707,5375
경남,창원시,201708,5425
경남,창원시,201709,5375
경남,창원시,201710,5387
경남,창원시,201711,5353
경남,창원시,201712,5360
경남,창원시,201801,5663
경남,창원시,201802,5625
경남,창원시,201803,6137
경남,창원시,201804,6894
경남,창원시,201805,6910
경남,창원시,201806,6874
경남,창원시,201807,6860
경남,창원시,201808,6829
경남,창원시,201809,6807
경남,창원시,201810,6791
경남,창원시,201811,6765
경남,창원시,201812,6754
경남,창원시,201901,6736
경남,창원시,201902,6773
경남,창원시,201903,6750
경남,창원시,201904,5892
경남,창원시,201905,5892
경남,창원시,201906,5891
경남,창원시,201907,5889
경남,창원시,201908,5875
경남,창원시,201909,5875
경남,창원시,201910,5865
경남,창원시,201911,5845
경남,창원시,201912,5329
경남,창원시,202001,5141
경남,창원시,202002,5120
경남,창원시,202003,5104
경남,창원시,202004,5082
경남,창원시,202005,5068
경남,창원시,202006,5198
경남,창원시,202007,4857
경남,창원시,202008,4560
경남,창원시,202009,4171
경남,창원시,202010,3498
경남,창원시,202011,2349
경남,창원시,202012,1291
경남,창원시,202101,861
경남,창원시,202102,637
경남,창원시,202103,314
경남,창원시,202104,806
경남,창원시,202105,755
경남,창원시,202106,618
경남,창원시,202107,349
경남,창원시,202108,209
경남,창원시,202109,162
경남,창원시,202110,144
경남,창원시,202111,141
경남,창원시,202112,727
경남,창원시,202201,713
경남,창원시,202202,643
경남,창원시,202203,621
경남,창원시,202204,595
경남,창원시,202205,563
경남,창원시,202206,559
경남,창원시,202207,527
경남,창원시,202208,448
경남,창원시,202209,430
경남,창원시,202210,424
경남,창원시,202211,416
경남,창원시,202212,686
경남,창원시,202301,679
경남,창원시,202302,569
경남,창원시,202303,404
경남,창원시,202304,388
경남,창원시,202305,380
경남,창원시,202306,376
경남,창원시,202307,372
경남,창원시,202308,372
경남,창원시,202309,367
경남,창원시,202310,364
경남,창원시,202311,362
경남,창원시,202312,359
경남,창원시,202401,358
경남,창원시,202402,357
경남,창원시,202403,357
경남,창원시,202404,795
경남,창원시,202405,803
경남,창원시,202406,801
경남,창원시,202407,797
경남,창원시,202408,794
경남,창원시,202409,1405
경남,창원시,202410,1398
경남,창원시,202411,1395
경남,창원시,202412,1389
경남,창원시,202501,1375
경남,창원시,202502,1352
경남,창원시,202503,1331
경남,창원시,202504,1299
경남,창원시,202505,1992
경남,창원시,202506,1270
경남,창원시,202507,1256
경남,창원시,202508,1544
경남,창원시,202509,1452
경남,창원시,202510,1439
경남,창원시,202511,1426
경남,창원시,202512,1415
경남,창원시,202601,1403
경남,창원시,202602,1392
경남,창원시,202603,1382
경남,창원시,202604,1378
경남,창원시,202605,1586
경남,창원시,202606,1495
경남,창원시,202607,1457
경남,창원시,202608,1431
경남,마산시,200701,947
경남,마산시,200702,938
경남,마산시,200703,904
경남,마산시,200704,1109
경남,마산시,200705,1033
경남,마산시,200706,1020
경남,마산시,200707,1530
경남,마산시,200708,1478
경남,마산시,200709,1567
경남,마산시,200710,1560
경남,마산시,200711,1543
경남,마산시,200712,1509
경남,마산시,200801,1539
경남,마산시,200802,1522
경남,마산시,200803,1666
경남,마산시,200804,1642
경남,마산시,200805,1702
경남,마산시,200806,1769
경남,마산시,200807,1924
경남,마산시,200808,1911
경남,마산시,200809,2013
경남,마산시,200810,2319
경남,마산시,200811,2311
경남,마산시,200812,1033
경남,마산시,200901,1033
경남,마산시,200902,1033
경남,마산시,200903,751
경남,마산시,200904,751
경남,마산시,200905,750
경남,마산시,200906,962
경남,마산시,200907,1990
경남,마산시,200908,935
경남,마산시,200909,927
경남,마산시,200910,0
경남,마산시,200911,915
경남,마산시,200912,904
경남,마산시,201001,1361
경남,마산시,201002,1202
경남,마산시,201003,1106
경남,마산시,201004,992
경남,마산시,201005,888
경남,마산시,201006,839
경남,마산시,201007,0
경남,마산시,201008,0
경남,마산시,201009,0
경남,마산시,201010,0
경남,마산시,201011,0
경남,마산시,201012,0
경남,진주시,200701,998
경남,진주시,200702,988
경남,진주시,200703,973
경남,진주시,200704,1489
경남,진주시,200705,1670
경남,진주시,200706,1984
경남,진주시,200707,1915
경남,진주시,200708,1782
경남,진주시,200709,2125
경남,진주시,200710,2077
경남,진주시,200711,2061
경남,진주시,200712,2426
경남,진주시,200801,2371
경남,진주시,200802,2322
경남,진주시,200803,2244
경남,진주시,200804,2228
경남,진주시,200805,2543
경남,진주시,200806,2714
경남,진주시,200807,2844
경남,진주시,200808,2835
경남,진주시,200809,2828
경남,진주시,200810,2785
경남,진주시,200811,2782
경남,진주시,200812,2312
경남,진주시,200901,2279
경남,진주시,200902,2276
경남,진주시,200903,2230
경남,진주시,200904,2192
경남,진주시,200905,2166
경남,진주시,200906,2138
경남,진주시,200907,2819
경남,진주시,200908,1967
경남,진주시,200909,1797
경남,진주시,200910,920
경남,진주시,200911,1564
경남,진주시,200912,1463
경남,진주시,201001,1823
경남,진주시,201002,1785
경남,진주시,201003,1744
경남,진주시,201004,1916
경남,진주시,201005,1877
경남,진주시,201006,1837
경남,진주시,201007,1780
경남,진주시,201008,1725
경남,진주시,201009,1990
경남,진주시,201010,1901
경남,진주시,201011,1765
경남,진주시,201012,1426
경남,진주시,201101,1294
경남,진주시,201102,1224
경남,진주시,201103,1120
경남,진주시,201104,1037
경남,진주시,201105,992
경남,진주시,201106,885
경남,진주시,201107,779
경남,진주시,201108,746
경남,진주시,201109,722
경남,진주시,201110,1318
경남,진주시,201111,1237
경남,진주시,201112,2364
경남,진주시,201201,2136
경남,진주시,201202,1970
경남,진주시,201203,1802
경남,진주시,201204,1732
경남,진주시,201205,1659
경남,진주시,201206,1511
경남,진주시,201207,1464
경남,진주시,201208,1453
경남,진주시,201209,1929
경남,진주시,201210,1884
경남,진주시,201211,1873
경남,진주시,201212,1855
경남,진주시,201301,1847
경남,진주시,201302,1802
경남,진주시,201303,1774
경남,진주시,201304,1745
경남,진주시,201305,1722
경남,진주시,201306,1696
경남,진주시,201307,2412
경남,진주시,201308,2285
경남,진주시,201309,2181
경남,진주시,201310,2095
경남,진주시,201311,1953
경남,진주시,201312,1704
경남,진주시,201401,1553
경남,진주시,201402,1449
경남,진주시,201403,1344
경남,진주시,201404,1218
경남,진주시,201405,1118
경남,진주시,201406,1045
경남,진주시,201407,970
경남,진주시,201408,906
경남,진주시,201409,800
경남,진주시,201410,698
경남,진주시,201411,607
경남,진주시,201412,511
경남,진주시,201501,395
경남,진주시,201502,286
경남,진주시,201503,146
경남,진주시,201504,63
경남,진주시,201505,48
경남,진주시,201506,43
경남,진주시,201507,34
경남,진주시,201508,27
경남,진주시,201509,8
경남,진주시,201510,2
경남,진주시,201511,2
경남,진주시,201512,2
경남,진주시,201601,2
경남,진주시,201602,2
경남,진주시,201603,0
경남,진주시,201604,0
경남,진주시,201605,2
경남,진주시,201606,7
경남,진주시,201607,7
경남,진주시,201608,7
경남,진주시,201609,7
경남,진주시,201610,375
경남,진주시,201611,325
경남,진주시,201612,339
경남,진주시,201701,298
경남,진주시,201702,256
경남,진주시,201703,237
경남,진주시,201704,223
경남,진주시,201705,218
경남,진주시,201706,216
경남,진주시,201707,213
경남,진주시,201708,213
경남,진주시,201709,212
경남,진주시,201710,212
경남,진주시,201711,212
경남,진주시,201712,212
경남,진주시,201801,578
경남,진주시,201802,546
경남,진주시,201803,488
경남,진주시,201804,474
경남,진주시,201805,451
경남,진주시,201806,446
경남,진주시,201807,442
경남,진주시,201808,438
경남,진주시,201809,435
경남,진주시,201810,435
경남,진주시,201811,435
경남,진주시,201812,434
경남,진주시,201901,434
경남,진주시,201902,472
경남,진주시,201903,469
경남,진주시,201904,466
경남,진주시,201905,463
경남,진주시,201906,450
경남,진주시,201907,450
경남,진주시,201908,450
경남,진주시,201909,450
경남,진주시,201910,448
경남,진주시,201911,447
경남,진주시,201912,447
경남,진주시,202001,446
경남,진주시,202002,445
경남,진주시,202003,444
경남,진주시,202004,444
경남,진주시,202005,253
경남,진주시,202006,241
경남,진주시,202007,241
경남,진주시,202008,241
경남,진주시,202009,239
경남,진주시,202010,236
경남,진주시,202011,230
경남,진주시,202012,174
경남,진주시,202101,154
경남,진주시,202102,109
경남,진주시,202103,87
경남,진주시,202104,71
경남,진주시,202105,49
경남,진주시,202106,32
경남,진주시,202107,32
경남,진주시,202108,31
경남,진주시,202109,30
경남,진주시,202110,30
경남,진주시,202111,30
경남,진주시,202112,22
경남,진주시,202201,21
경남,진주시,202202,16
경남,진주시,202203,16
경남,진주시,202204,16
경남,진주시,202205,13
경남,진주시,202206,13
경남,진주시,202207,10
경남,진주시,202208,10
경남,진주시,202209,54
경남,진주시,202210,51
경남,진주시,202211,51
경남,진주시,202212,51
경남,진주시,202301,51
경남,진주시,202302,51
경남,진주시,202303,49
경남,진주시,202304,45
경남,진주시,202305,44
경남,진주시,202306,44
경남,진주시,202307,44
경남,진주시,202308,42
경남,진주시,202309,41
경남,진주시,202310,41
경남,진주시,202311,41
경남,진주시,202312,60
경남,진주시,202401,59
경남,진주시,202402,58
경남,진주시,202403,95
경남,진주시,202404,95
경남,진주시,202405,95
경남,진주시,202406,95
경남,진주시,202407,99
경남,진주시,202408,100
경남,진주시,202409,96
경남,진주시,202410,96
경남,진주시,202411,93
경남,진주시,202412,86
경남,진주시,202501,86
경남,진주시,202502,87
경남,진주시,202503,86
경남,진주시,202504,85
경남,진주시,202505,83
경남,진주시,202506,82
경남,진주시,202507,78
경남,진주시,202508,73
경남,진주시,202509,68
경남,진주시,202510,68
경남,진주시,202511,60
경남,진주시,202512,57
경남,진주시,202601,56
경남,진주시,202602,50
경남,진주시,202603,46
경남,진주시,202604,45
경남,진주시,202605,42
경남,진주시,202606,29
경남,진주시,202607,26
경남,진주시,202608,24
경남,통영시,200701,93
경남,통영시,200702,74
경남,통영시,200703,59
경남,통영시,200704,59
경남,통영시,200705,36
경남,통영시,200706,158
경남,통영시,200707,116
경남,통영시,200708,94
경남,통영시,200709,72
경남,통영시,200710,49
경남,통영시,200711,19
경남,통영시,200712,744
경남,통영시,200801,945
경남,통영시,200802,942
경남,통영시,200803,683
경남,통영시,200804,549
경남,통영시,200805,409
경남,통영시,200806,281
경남,통영시,200807,188
경남,통영시,200808,154
경남,통영시,200809,116
경남,통영시,200810,89
경남,통영시,200811,78
경남,통영시,200812,862
경남,통영시,200901,811
경남,통영시,200902,801
경남,통영시,200903,888
경남,통영시,200904,854
경남,통영시,200905,849
경남,통영시,200906,839
경남,통영시,200907,138
경남,통영시,200908,803
경남,통영시,200909,796
경남,통영시,200910,2488
경남,통영시,200911,787
경남,통영시,200912,772
경남,통영시,201001,89
경남,통영시,201002,110
경남,통영시,201003,94
경남,통영시,201004,87
경남,통영시,201005,87
경남,통영시,201006,80
경남,통영시,201007,80
경남,통영시,201008,80
경남,통영시,201009,79
경남,통영시,201010,77
경남,통영시,201011,77
경남,통영시,201012,74
경남,통영시,201101,74
경남,통영시,201102,74
경남,통영시,201103,74
경남,통영시,201104,72
경남,통영시,201105,72
경남,통영시,201106,72
경남,통영시,201107,343
경남,통영시,201108,343
경남,통영시,201109,343
경남,통영시,201110,251
경남,통영시,201111,233
경남,통영시,201112,223
경남,통영시,201201,242
경남,통영시,201202,232
경남,통영시,201203,176
경남,통영시,201204,166
경남,통영시,201205,158
경남,통영시,201206,156
경남,통영시,201207,148
경남,통영시,201208,139
경남,통영시,201209,133
경남,통영시,201210,131
경남,통영시,201211,174
경남,통영시,201212,151
경남,통영시,201301,145
경남,통영시,201302,141
경남,통영시,201303,141
경남,통영시,201304,134
경남,통영시,201305,117
경남,통영시,201306,109
경남,통영시,201307,105
경남,통영시,201308,104
경남,통영시,201309,101
경남,통영시,201310,99
경남,통영시,201311,322
경남,통영시,201312,298
경남,통영시,201401,265
경남,통영시,201402,232
경남,통영시,201403,217
경남,통영시,201404,195
경남,통영시,201405,171
경남,통영시,201406,167
경남,통영시,201407,279
경남,통영시,201408,187
경남,통영시,201409,157
경남,통영시,201410,152
경남,통영시,201411,144
경남,통영시,201412,439
경남,통영시,201501,428
경남,통영시,201502,365
경남,통영시,201503,324
경남,통영시,201504,299
경남,통영시,201505,274
경남,통영시,201506,237
경남,통영시,201507,215
경남,통영시,201508,203
경남,통영시,201509,190
경남,통영시,201510,149
경남,통영시,201511,153
경남,통영시,201512,138
경남,통영시,201601,116
경남,통영시,201602,96
경남,통영시,201603,87
경남,통영시,201604,75
경남,통영시,201605,68
경남,통영시,201606,364
경남,통영시,201607,331
경남,통영시,201608,312
경남,통영시,201609,291
경남,통영시,201610,274
경남,통영시,201611,266
경남,통영시,201612,258
경남,통영시,201701,257
경남,통영시,201702,257
경남,통영시,201703,256
경남,통영시,201704,256
경남,통영시,201705,256
경남,통영시,201706,256
경남,통영시,201707,256
경남,통영시,201708,295
경남,통영시,201709,277
경남,통영시,201710,274
경남,통영시,201711,1410
경남,통영시,201712,1457
경남,통영시,201801,1442
경남,통영시,201802,1431
경남,통영시,201803,1414
경남,통영시,201804,1308
경남,통영시,201805,1304
경남,통영시,201806,1419
경남,통영시,201807,1422
경남,통영시,201808,1416
경남,통영시,201809,1416
경남,통영시,201810,1409
경남,통영시,201811,1407
경남,통영시,201812,1511
경남,통영시,201901,1509
경남,통영시,201902,1508
경남,통영시,201903,1515
경남,통영시,201904,1509
경남,통영시,201905,1501
경남,통영시,201906,1505
경남,통영시,201907,1509
경남,통영시,201908,1500
경남,통영시,201909,1494
경남,통영시,201910,1489
경남,통영시,201911,1515
경남,통영시,201912,1500
경남,통영시,202001,1499
경남,통영시,202002,1418
경남,통영시,202003,1393
경남,통영시,202004,1396
경남,통영시,202005,1392
경남,통영시,202006,134
경남,통영시,202007,133
경남,통영시,202008,128
경남,통영시,202009,123
경남,통영시,202010,121
경남,통영시,202011,109
경남,통영시,202012,100
경남,통영시,202101,90
경남,통영시,202102,76
경남,통영시,202103,67
경남,통영시,202104,162
경남,통영시,202105,210
경남,통영시,202106,201
경남,통영시,202107,182
경남,통영시,202108,167
경남,통영시,202109,145
경남,통영시,202110,125
경남,통영시,202111,106
경남,통영시,202112,93
경남,통영시,202201,87
경남,통영시,202202,79
경남,통영시,202203,64
경남,통영시,202204,55
경남,통영시,202205,51
경남,통영시,202206,50
경남,통영시,202207,50
경남,통영시,202208,45
경남,통영시,202209,45
경남,통영시,202210,100
경남,통영시,202211,76
경남,통영시,202212,76
경남,통영시,202301,76
경남,통영시,202302,70
경남,통영시,202303,277
경남,통영시,202304,297
경남,통영시,202305,297
경남,통영시,202306,297
경남,통영시,202307,297
경남,통영시,202308,296
경남,통영시,202309,296
경남,통영시,202310,272
경남,통영시,202311,269
경남,통영시,202312,271
경남,통영시,202401,271
경남,통영시,202402,271
경남,통영시,202403,271
경남,통영시,202404,269
경남,통영시,202405,273
경남,통영시,202406,273
경남,통영시,202407,273
경남,통영시,202408,231
경남,통영시,202409,231
경남,통영시,202410,231
경남,통영시,202411,231
경남,통영시,202412,380
경남,통영시,202501,242
경남,통영시,202502,249
경남,통영시,202503,249
경남,통영시,202504,249
경남,통영시,202505,251
경남,통영시,202506,267
경남,통영시,202507,264
경남,통영시,202508,262
경남,통영시,202509,262
경남,통영시,202510,259
경남,통영시,202511,257
경남,통영시,202512,262
경남,통영시,202601,257
경남,통영시,202602,257
경남,통영시,202603,255
경남,통영시,202604,175
경남,통영시,202605,171
경남,통영시,202606,168
경남,통영시,202607,166
경남,통영시,202608,164
경남,사천시,200701,57
경남,사천시,200702,57
경남,사천시,200703,57
경남,사천시,200704,52
경남,사천시,200705,52
경남,사천시,200706,39
경남,사천시,200707,39
경남,사천시,200708,413
경남,사천시,200709,357
경남,사천시,200710,357
경남,사천시,200711,357
경남,사천시,200712,357
경남,사천시,200801,357
경남,사천시,200802,1088
경남,사천시,200803,999
경남,사천시,200804,999
경남,사천시,200805,999
경남,사천시,200806,871
경남,사천시,200807,747
경남,사천시,200808,709
경남,사천시,200809,643
경남,사천시,200810,623
경남,사천시,200811,673
경남,사천시,200812,225
경남,사천시,200901,213
경남,사천시,200902,208
경남,사천시,200903,229
경남,사천시,200904,169
경남,사천시,200905,159
경남,사천시,200906,150
경남,사천시,200907,678
경남,사천시,200908,125
경남,사천시,200909,114
경남,사천시,200910,806
경남,사천시,200911,97
경남,사천시,200912,95
경남,사천시,201001,720
경남,사천시,201002,673
경남,사천시,201003,660
경남,사천시,201004,477
경남,사천시,201005,474
경남,사천시,201006,464
경남,사천시,201007,460
경남,사천시,201008,448
경남,사천시,201009,504
경남,사천시,201010,463
경남,사천시,201011,450
경남,사천시,201012,445
경남,사천시,201101,428
경남,사천시,201102,419
경남,사천시,201103,403
경남,사천시,201104,401
경남,사천시,201105,80
경남,사천시,201106,76
경남,사천시,201107,74
경남,사천시,201108,71
경남,사천시,201109,70
경남,사천시,201110,546
경남,사천시,201111,519
경남,사천시,201112,433
경남,사천시,201201,482
경남,사천시,201202,433
경남,사천시,201203,422
경남,사천시,201204,430
경남,사천시,201205,420
경남,사천시,201206,413
경남,사천시,201207,412
경남,사천시,201208,410
경남,사천시,201209,406
경남,사천시,201210,802
경남,사천시,201211,801
경남,사천시,201212,780
경남,사천시,201301,768
경남,사천시,201302,766
경남,사천시,201303,720
경남,사천시,201304,695
경남,사천시,201305,671
경남,사천시,201306,603
경남,사천시,201307,562
경남,사천시,201308,511
경남,사천시,201309,498
경남,사천시,201310,486
경남,사천시,201311,466
경남,사천시,201312,464
경남,사천시,201401,457
경남,사천시,201402,432
경남,사천시,201403,413
경남,사천시,201404,401
경남,사천시,201405,389
경남,사천시,201406,380
경남,사천시,201407,366
경남,사천시,201408,341
경남,사천시,201409,325
경남,사천시,201410,313
경남,사천시,201411,301
경남,사천시,201412,286
경남,사천시,201501,260
경남,사천시,201502,222
경남,사천시,201503,183
경남,사천시,201504,159
경남,사천시,201505,148
경남,사천시,201506,140
경남,사천시,201507,134
경남,사천시,201508,128
경남,사천시,201509,116
경남,사천시,201510,111
경남,사천시,201511,187
경남,사천시,201512,135
경남,사천시,201601,128
경남,사천시,201602,241
경남,사천시,201603,676
경남,사천시,201604,535
경남,사천시,201605,392
경남,사천시,201606,366
경남,사천시,201607,329
경남,사천시,201608,307
경남,사천시,201609,271
경남,사천시,201610,271
경남,사천시,201611,271
경남,사천시,201612,254
경남,사천시,201701,277
경남,사천시,201702,258
경남,사천시,201703,242
경남,사천시,201704,628
경남,사천시,201705,602
경남,사천시,201706,580
경남,사천시,201707,665
경남,사천시,201708,1242
경남,사천시,201709,1333
경남,사천시,201710,1523
경남,사천시,201711,1441
경남,사천시,201712,1391
경남,사천시,201801,1351
경남,사천시,201802,1227
경남,사천시,201803,1190
경남,사천시,201804,1162
경남,사천시,201805,1157
경남,사천시,201806,1152
경남,사천시,201807,1137
경남,사천시,201808,1161
경남,사천시,201809,1119
경남,사천시,201810,1063
경남,사천시,201811,1035
경남,사천시,201812,1031
경남,사천시,201901,1027
경남,사천시,201902,1013
경남,사천시,201903,998
경남,사천시,201904,649
경남,사천시,201905,683
경남,사천시,201906,672
경남,사천시,201907,673
경남,사천시,201908,653
경남,사천시,201909,637
경남,사천시,201910,599
경남,사천시,201911,577
경남,사천시,201912,552
경남,사천시,202001,524
경남,사천시,202002,508
경남,사천시,202003,498
경남,사천시,202004,483
경남,사천시,202005,469
경남,사천시,202006,462
경남,사천시,202007,438
경남,사천시,202008,430
경남,사천시,202009,427
경남,사천시,202010,429
경남,사천시,202011,417
경남,사천시,202012,386
경남,사천시,202101,363
경남,사천시,202102,310
경남,사천시,202103,274
경남,사천시,202104,252
경남,사천시,202105,235
경남,사천시,202106,207
경남,사천시,202107,171
경남,사천시,202108,122
경남,사천시,202109,98
경남,사천시,202110,50
경남,사천시,202111,41
경남,사천시,202112,36
경남,사천시,202201,1344
경남,사천시,202202,1016
경남,사천시,202203,769
경남,사천시,202204,549
경남,사천시,202205,443
경남,사천시,202206,406
경남,사천시,202207,366
경남,사천시,202208,344
경남,사천시,202209,324
경남,사천시,202210,322
경남,사천시,202211,320
경남,사천시,202212,670
경남,사천시,202301,667
경남,사천시,202302,665
경남,사천시,202303,662
경남,사천시,202304,662
경남,사천시,202305,662
경남,사천시,202306,652
경남,사천시,202307,652
경남,사천시,202308,652
경남,사천시,202309,652
경남,사천시,202310,652
경남,사천시,202311,600
경남,사천시,202312,598
경남,사천시,202401,598
경남,사천시,202402,598
경남,사천시,202403,598
경남,사천시,202404,684
경남,사천시,202405,684
경남,사천시,202406,641
경남,사천시,202407,636
경남,사천시,202408,578
경남,사천시,202409,578
경남,사천시,202410,517
경남,사천시,202411,485
경남,사천시,202412,543
경남,사천시,202501,526
경남,사천시,202502,486
경남,사천시,202503,449
경남,사천시,202504,445
경남,사천시,202505,406
경남,사천시,202506,377
경남,사천시,202507,385
경남,사천시,202508,393
경남,사천시,202509,388
경남,사천시,202510,377
경남,사천시,202511,362
경남,사천시,202512,358
경남,사천시,202601,350
경남,사천시,202602,338
경남,사천시,202603,330
경남,사천시,202604,315
경남,사천시,202605,313
경남,사천시,202606,311
경남,사천시,202607,302
경남,사천시,202608,121
경남,진해시,200701,1265
경남,진해시,200702,1193
경남,진해시,200703,1154
경남,진해시,200704,1144
경남,진해시,200705,1081
경남,진해시,200706,1083
경남,진해시,200707,1070
경남,진해시,200708,1056
경남,진해시,200709,1047
경남,진해시,200710,1047
경남,진해시,200711,1000
경남,진해시,200712,1000
경남,진해시,200801,993
경남,진해시,200802,932
경남,진해시,200803,914
경남,진해시,200804,899
경남,진해시,200805,894
경남,진해시,200806,735
경남,진해시,200807,972
경남,진해시,200808,1110
경남,진해시,200809,1073
경남,진해시,200810,1070
경남,진해시,200811,1075
경남,진해시,200812,3268
경남,진해시,200901,3286
경남,진해시,200902,3031
경남,진해시,200903,3026
경남,진해시,200904,2985
경남,진해시,200905,2914
경남,진해시,200906,2866
경남,진해시,200907,826
경남,진해시,200908,2755
경남,진해시,200909,2682
경남,진해시,200910,1688
경남,진해시,200911,2127
경남,진해시,200912,2118
경남,진해시,201001,770
경남,진해시,201002,252
경남,진해시,201003,249
경남,진해시,201004,244
경남,진해시,201005,242
경남,진해시,201006,241
경남,진해시,201007,0
경남,진해시,201008,0
경남,진해시,201009,0
경남,진해시,201010,0
경남,진해시,201011,0
경남,진해시,201012,0
경남,김해시,200701,3441
경남,김해시,200702,3420
경남,김해시,200703,3346
경남,김해시,200704,3300
경남,김해시,200705,3278
경남,김해시,200706,3223
경남,김해시,200707,3179
경남,김해시,200708,3386
경남,김해시,200709,3343
경남,김해시,200710,3424
경남,김해시,200711,3307
경남,김해시,200712,3281
경남,김해시,200801,3363
경남,김해시,200802,2800
경남,김해시,200803,2770
경남,김해시,200804,2658
경남,김해시,200805,2609
경남,김해시,200806,3315
경남,김해시,200807,3510
경남,김해시,200808,3300
경남,김해시,200809,3155
경남,김해시,200810,3133
경남,김해시,200811,3037
경남,김해시,200812,673
경남,김해시,200901,796
경남,김해시,200902,776
경남,김해시,200903,676
경남,김해시,200904,821
경남,김해시,200905,704
경남,김해시,200906,682
경남,김해시,200907,1077
경남,김해시,200908,616
경남,김해시,200909,597
경남,김해시,200910,105
경남,김해시,200911,656
경남,김해시,200912,761
경남,김해시,201001,530
경남,김해시,201002,478
경남,김해시,201003,451
경남,김해시,201004,387
경남,김해시,201005,355
경남,김해시,201006,264
경남,김해시,201007,183
경남,김해시,201008,148
경남,김해시,201009,442
경남,김해시,201010,163
경남,김해시,201011,280
경남,김해시,201012,107
경남,김해시,201101,54
경남,김해시,201102,47
경남,김해시,201103,15
경남,김해시,201104,60
경남,김해시,201105,42
경남,김해시,201106,36
경남,김해시,201107,42
경남,김해시,201108,84
경남,김해시,201109,68
경남,김해시,201110,65
경남,김해시,201111,65
경남,김해시,201112,354
경남,김해시,201201,294
경남,김해시,201202,219
경남,김해시,201203,266
경남,김해시,201204,283
경남,김해시,201205,217
경남,김해시,201206,186
경남,김해시,201207,164
경남,김해시,201208,154
경남,김해시,201209,210
경남,김해시,201210,300
경남,김해시,201211,693
경남,김해시,201212,644
경남,김해시,201301,578
경남,김해시,201302,540
경남,김해시,201303,497
경남,김해시,201304,475
경남,김해시,201305,436
경남,김해시,201306,405
경남,김해시,201307,387
경남,김해시,201308,360
경남,김해시,201309,383
경남,김해시,201310,300
경남,김해시,201311,253
경남,김해시,201312,193
경남,김해시,201401,251
경남,김해시,201402,210
경남,김해시,201403,194
경남,김해시,201404,171
경남,김해시,201405,501
경남,김해시,201406,703
경남,김해시,201407,580
경남,김해시,201408,438
경남,김해시,201409,392
경남,김해시,201410,314
경남,김해시,201411,388
경남,김해시,201412,340
경남,김해시,201501,692
경남,김해시,201502,605
경남,김해시,201503,523
경남,김해시,201504,528
경남,김해시,201505,433
경남,김해시,201506,316
경남,김해시,201507,212
경남,김해시,201508,156
경남,김해시,201509,296
경남,김해시,201510,208
경남,김해시,201511,269
경남,김해시,201512,386
경남,김해시,201601,379
경남,김해시,201602,371
경남,김해시,201603,1166
경남,김해시,201604,735
경남,김해시,201605,1108
경남,김해시,201606,931
경남,김해시,201607,1733
경남,김해시,201608,1446
경남,김해시,201609,1122
경남,김해시,201610,669
경남,김해시,201611,526
경남,김해시,201612,459
경남,김해시,201701,395
경남,김해시,201702,368
경남,김해시,201703,348
경남,김해시,201704,334
경남,김해시,201705,387
경남,김해시,201706,772
경남,김해시,201707,930
경남,김해시,201708,972
경남,김해시,201709,1394
경남,김해시,201710,1346
경남,김해시,201711,1223
경남,김해시,201712,1204
경남,김해시,201801,1430
경남,김해시,201802,1398
경남,김해시,201803,1296
경남,김해시,201804,1275
경남,김해시,201805,1399
경남,김해시,201806,1347
경남,김해시,201807,1325
경남,김해시,201808,1268
경남,김해시,201809,1370
경남,김해시,201810,1362
경남,김해시,201811,1326
경남,김해시,201812,1301
경남,김해시,201901,1282
경남,김해시,201902,1829
경남,김해시,201903,1823
경남,김해시,201904,1738
경남,김해시,201905,2097
경남,김해시,201906,2061
경남,김해시,201907,2019
경남,김해시,201908,1981
경남,김해시,201909,1900
경남,김해시,201910,1833
경남,김해시,201911,1694
경남,김해시,201912,1341
경남,김해시,202001,1085
경남,김해시,202002,838
경남,김해시,202003,732
경남,김해시,202004,625
경남,김해시,202005,319
경남,김해시,202006,254
경남,김해시,202007,351
경남,김해시,202008,323
경남,김해시,202009,495
경남,김해시,202010,366
경남,김해시,202011,441
경남,김해시,202012,101
경남,김해시,202101,93
경남,김해시,202102,92
경남,김해시,202103,90
경남,김해시,202104,88
경남,김해시,202105,86
경남,김해시,202106,85
경남,김해시,202107,85
경남,김해시,202108,84
경남,김해시,202109,84
경남,김해시,202110,83
경남,김해시,202111,83
경남,김해시,202112,82
경남,김해시,202201,82
경남,김해시,202202,82
경남,김해시,202203,452
경남,김해시,202204,348
경남,김해시,202205,227
경남,김해시,202206,372
경남,김해시,202207,315
경남,김해시,202208,261
경남,김해시,202209,441
경남,김해시,202210,1316
경남,김해시,202211,1267
경남,김해시,202212,1234
경남,김해시,202301,1180
경남,김해시,202302,1143
경남,김해시,202303,1079
경남,김해시,202304,943
경남,김해시,202305,833
경남,김해시,202306,754
경남,김해시,202307,641
경남,김해시,202308,1324
경남,김해시,202309,1147
경남,김해시,202310,962
경남,김해시,202311,910
경남,김해시,202312,851
경남,김해시,202401,832
경남,김해시,202402,782
경남,김해시,202403,670
경남,김해시,202404,1059
경남,김해시,202405,993
경남,김해시,202406,1594
경남,김해시,202407,1493
경남,김해시,202408,1541
경남,김해시,202409,1486
경남,김해시,202410,1404
경남,김해시,202411,1365
경남,김해시,202412,1321
경남,김해시,202501,1287
경남,김해시,202502,1265
경남,김해시,202503,1248
경남,김해시,202504,1229
경남,김해시,202505,1216
경남,김해시,202506,1195
경남,김해시,202507,1121
경남,김해시,202508,1367
경남,김해시,202509,1960
경남,김해시,202510,1618
경남,김해시,202511,1456
경남,김해시,202512,1994
경남,김해시,202601,1996
경남,김해시,202602,1748
경남,김해시,202603,1583
경남,김해시,202604,1465
경남,김해시,202605,1379
경남,김해시,202606,1356
경남,김해시,202607,1275
경남,김해시,202608,2680
경남,밀양시,200701,115
경남,밀양시,200702,112
경남,밀양시,200703,108
경남,밀양시,200704,104
경남,밀양시,200705,104
경남,밀양시,200706,104
경남,밀양시,200707,104
경남,밀양시,200708,118
경남,밀양시,200709,118
경남,밀양시,200710,102
경남,밀양시,200711,102
경남,밀양시,200712,102
경남,밀양시,200801,102
경남,밀양시,200802,98
경남,밀양시,200803,98
경남,밀양시,200804,98
경남,밀양시,200805,79
경남,밀양시,200806,79
경남,밀양시,200807,131
경남,밀양시,200808,127
경남,밀양시,200809,119
경남,밀양시,200810,119
경남,밀양시,200811,60
경남,밀양시,200812,3139
경남,밀양시,200901,2758
경남,밀양시,200902,2619
경남,밀양시,200903,1491
경남,밀양시,200904,1453
경남,밀양시,200905,1360
경남,밀양시,200906,1262
경남,밀양시,200907,42
경남,밀양시,200908,1052
경남,밀양시,200909,853
경남,밀양시,200910,588
경남,밀양시,200911,613
경남,밀양시,200912,565
경남,밀양시,201001,42
경남,밀양시,201002,42
경남,밀양시,201003,41
경남,밀양시,201004,41
경남,밀양시,201005,40
경남,밀양시,201006,40
경남,밀양시,201007,40
경남,밀양시,201008,40
경남,밀양시,201009,40
경남,밀양시,201010,37
경남,밀양시,201011,37
경남,밀양시,201012,37
경남,밀양시,201101,35
경남,밀양시,201102,35
경남,밀양시,201103,35
경남,밀양시,201104,4
경남,밀양시,201105,4
경남,밀양시,201106,4
경남,밀양시,201107,4
경남,밀양시,201108,4
경남,밀양시,201109,4
경남,밀양시,201110,4
경남,밀양시,201111,4
경남,밀양시,201112,4
경남,밀양시,201201,3
경남,밀양시,201202,3
경남,밀양시,201203,3
경남,밀양시,201204,3
경남,밀양시,201205,3
경남,밀양시,201206,3
경남,밀양시,201207,3
경남,밀양시,201208,3
경남,밀양시,201209,3
경남,밀양시,201210,3
경남,밀양시,201211,3
경남,밀양시,201212,3
경남,밀양시,201301,3
경남,밀양시,201302,3
경남,밀양시,201303,3
경남,밀양시,201304,3
경남,밀양시,201305,3
경남,밀양시,201306,3
경남,밀양시,201307,3
경남,밀양시,201308,3
경남,밀양시,201309,3
경남,밀양시,201310,3
경남,밀양시,201311,3
경남,밀양시,201312,3
경남,밀양시,201401,3
경남,밀양시,201402,3
경남,밀양시,201403,3
경남,밀양시,201404,3
경남,밀양시,201405,3
경남,밀양시,201406,3
경남,밀양시,201407,3
경남,밀양시,201408,3
경남,밀양시,201409,3
경남,밀양시,201410,3
경남,밀양시,201411,3
경남,밀양시,201412,3
경남,밀양시,201501,3
경남,밀양시,201502,46
경남,밀양시,201503,37
경남,밀양시,201504,30
경남,밀양시,201505,15
경남,밀양시,201506,13
경남,밀양시,201507,12
경남,밀양시,201508,12
경남,밀양시,201509,7
경남,밀양시,201510,9
경남,밀양시,201511,7
경남,밀양시,201512,35
경남,밀양시,201601,35
경남,밀양시,201602,34
경남,밀양시,201603,30
경남,밀양시,201604,30
경남,밀양시,201605,29
경남,밀양시,201606,10
경남,밀양시,201607,8
경남,밀양시,201608,8
경남,밀양시,201609,7
경남,밀양시,201610,7
경남,밀양시,201611,7
경남,밀양시,201612,7
경남,밀양시,201701,7
경남,밀양시,201702,3
경남,밀양시,201703,2
경남,밀양시,201704,2
경남,밀양시,201705,2
경남,밀양시,201706,2
경남,밀양시,201707,189
경남,밀양시,201708,202
경남,밀양시,201709,220
경남,밀양시,201710,220
경남,밀양시,201711,219
경남,밀양시,201712,219
경남,밀양시,201801,448
경남,밀양시,201802,425
경남,밀양시,201803,409
경남,밀양시,201804,435
경남,밀양시,201805,411
경남,밀양시,201806,397
경남,밀양시,201807,380
경남,밀양시,201808,374
경남,밀양시,201809,367
경남,밀양시,201810,364
경남,밀양시,201811,436
경남,밀양시,201812,439
경남,밀양시,201901,437
경남,밀양시,201902,437
경남,밀양시,201903,445
경남,밀양시,201904,445
경남,밀양시,201905,442
경남,밀양시,201906,440
경남,밀양시,201907,440
경남,밀양시,201908,440
경남,밀양시,201909,440
경남,밀양시,201910,440
경남,밀양시,201911,429
경남,밀양시,201912,421
경남,밀양시,202001,421
경남,밀양시,202002,421
경남,밀양시,202003,412
경남,밀양시,202004,412
경남,밀양시,202005,378
경남,밀양시,202006,357
경남,밀양시,202007,340
경남,밀양시,202008,873
경남,밀양시,202009,678
경남,밀양시,202010,661
경남,밀양시,202011,578
경남,밀양시,202012,231
경남,밀양시,202101,129
경남,밀양시,202102,126
경남,밀양시,202103,114
경남,밀양시,202104,81
경남,밀양시,202105,108
경남,밀양시,202106,109
경남,밀양시,202107,98
경남,밀양시,202108,127
경남,밀양시,202109,114
경남,밀양시,202110,94
경남,밀양시,202111,76
경남,밀양시,202112,74
경남,밀양시,202201,72
경남,밀양시,202202,70
경남,밀양시,202203,69
경남,밀양시,202204,57
경남,밀양시,202205,56
경남,밀양시,202206,56
경남,밀양시,202207,55
경남,밀양시,202208,53
경남,밀양시,202209,52
경남,밀양시,202210,52
경남,밀양시,202211,52
경남,밀양시,202212,52
경남,밀양시,202301,52
경남,밀양시,202302,52
경남,밀양시,202303,52
경남,밀양시,202304,52
경남,밀양시,202305,52
경남,밀양시,202306,52
경남,밀양시,202307,52
경남,밀양시,202308,52
경남,밀양시,202309,52
경남,밀양시,202310,97
경남,밀양시,202311,97
경남,밀양시,202312,85
경남,밀양시,202401,85
경남,밀양시,202402,83
경남,밀양시,202403,312
경남,밀양시,202404,311
경남,밀양시,202405,303
경남,밀양시,202406,301
경남,밀양시,202407,293
경남,밀양시,202408,287
경남,밀양시,202409,280
경남,밀양시,202410,266
경남,밀양시,202411,266
경남,밀양시,202412,262
경남,밀양시,202501,258
경남,밀양시,202502,258
경남,밀양시,202503,236
경남,밀양시,202504,234
경남,밀양시,202505,226
경남,밀양시,202506,226
경남,밀양시,202507,221
경남,밀양시,202508,222
경남,밀양시,202509,219
경남,밀양시,202510,219
경남,밀양시,202511,218
경남,밀양시,202512,217
경남,밀양시,202601,217
경남,밀양시,202602,215
경남,밀양시,202603,215
경남,밀양시,202604,213
경남,밀양시,202605,193
경남,밀양시,202606,176
경남,밀양시,202607,175
경남,밀양시,202608,171
경남,거제시,200701,1813
경남,거제시,200702,1799
경남,거제시,200703,1811
경남,거제시,200704,1798
경남,거제시,200705,1708
경남,거제시,200706,1648
경남,거제시,200707,1648
경남,거제시,200708,1479
경남,거제시,200709,1417
경남,거제시,200710,1360
경남,거제시,200711,1302
경남,거제시,200712,1271
경남,거제시,200801,1226
경남,거제시,200802,1162
경남,거제시,200803,1037
경남,거제시,200804,1051
경남,거제시,200805,1031
경남,거제시,200806,1250
경남,거제시,200807,1250
경남,거제시,200808,749
경남,거제시,200809,759
경남,거제시,200810,738
경남,거제시,200811,738
경남,거제시,200812,60
경남,거제시,200901,38
경남,거제시,200902,38
경남,거제시,200903,37
경남,거제시,200904,42
경남,거제시,200905,42
경남,거제시,200906,42
경남,거제시,200907,503
경남,거제시,200908,42
경남,거제시,200909,42
경남,거제시,200910,679
경남,거제시,200911,42
경남,거제시,200912,42
경남,거제시,201001,327
경남,거제시,201002,466
경남,거제시,201003,462
경남,거제시,201004,291
경남,거제시,201005,282
경남,거제시,201006,234
경남,거제시,201007,221
경남,거제시,201008,218
경남,거제시,201009,186
경남,거제시,201010,166
경남,거제시,201011,271
경남,거제시,201012,255
경남,거제시,201101,190
경남,거제시,201102,108
경남,거제시,201103,87
경남,거제시,201104,87
경남,거제시,201105,64
경남,거제시,201106,61
경남,거제시,201107,61
경남,거제시,201108,61
경남,거제시,201109,61
경남,거제시,201110,61
경남,거제시,201111,61
경남,거제시,201112,61
경남,거제시,201201,40
경남,거제시,201202,184
경남,거제시,201203,463
경남,거제시,201204,453
경남,거제시,201205,402
경남,거제시,201206,519
경남,거제시,201207,509
경남,거제시,201208,567
경남,거제시,201209,553
경남,거제시,201210,535
경남,거제시,201211,1354
경남,거제시,201212,1265
경남,거제시,201301,1244
경남,거제시,201302,1229
경남,거제시,201303,1175
경남,거제시,201304,1134
경남,거제시,201305,782
경남,거제시,201306,759
경남,거제시,201307,561
경남,거제시,201308,634
경남,거제시,201309,574
경남,거제시,201310,523
경남,거제시,201311,486
경남,거제시,201312,398
경남,거제시,201401,354
경남,거제시,201402,329
경남,거제시,201403,246
경남,거제시,201404,216
경남,거제시,201405,214
경남,거제시,201406,88
경남,거제시,201407,3
경남,거제시,201408,3
경남,거제시,201409,3
경남,거제시,201410,3
경남,거제시,201411,3
경남,거제시,201412,3
경남,거제시,201501,3
경남,거제시,201502,3
경남,거제시,201503,3
경남,거제시,201504,3
경남,거제시,201505,317
경남,거제시,201506,1102
경남,거제시,201507,2173
경남,거제시,201508,1464
경남,거제시,201509,1596
경남,거제시,201510,1440
경남,거제시,201511,1749
경남,거제시,201512,1514
경남,거제시,201601,1488
경남,거제시,201602,1400
경남,거제시,201603,1347
경남,거제시,201604,1681
경남,거제시,201605,1671
경남,거제시,201606,1618
경남,거제시,201607,1771
경남,거제시,201608,1698
경남,거제시,201609,1686
경남,거제시,201610,1681
경남,거제시,201611,1628
경남,거제시,201612,1586
경남,거제시,201701,1573
경남,거제시,201702,1521
경남,거제시,201703,1488
경남,거제시,201704,1499
경남,거제시,201705,1472
경남,거제시,201706,1494
경남,거제시,201707,1479
경남,거제시,201708,1474
경남,거제시,201709,1868
경남,거제시,201710,1841
경남,거제시,201711,1828
경남,거제시,201712,1827
경남,거제시,201801,1745
경남,거제시,201802,1739
경남,거제시,201803,1758
경남,거제시,201804,1749
경남,거제시,201805,1738
경남,거제시,201806,1734
경남,거제시,201807,1723
경남,거제시,201808,1722
경남,거제시,201809,1700
경남,거제시,201810,1680
경남,거제시,201811,1681
경남,거제시,201812,1694
경남,거제시,201901,1682
경남,거제시,201902,1832
경남,거제시,201903,1841
경남,거제시,201904,1818
경남,거제시,201905,1800
경남,거제시,201906,1704
경남,거제시,201907,1684
경남,거제시,201908,1640
경남,거제시,201909,1762
경남,거제시,201910,1735
경남,거제시,201911,1747
경남,거제시,201912,1819
경남,거제시,202001,1605
경남,거제시,202002,1498
경남,거제시,202003,1417
경남,거제시,202004,1363
경남,거제시,202005,1323
경남,거제시,202006,1162
경남,거제시,202007,1149
경남,거제시,202008,1144
경남,거제시,202009,1142
경남,거제시,202010,1134
경남,거제시,202011,1130
경남,거제시,202012,1100
경남,거제시,202101,1096
경남,거제시,202102,1071
경남,거제시,202103,1055
경남,거제시,202104,1038
경남,거제시,202105,1216
경남,거제시,202106,1042
경남,거제시,202107,1449
경남,거제시,202108,1296
경남,거제시,202109,1035
경남,거제시,202110,832
경남,거제시,202111,789
경남,거제시,202112,771
경남,거제시,202201,733
경남,거제시,202202,694
경남,거제시,202203,659
경남,거제시,202204,619
경남,거제시,202205,580
경남,거제시,202206,547
경남,거제시,202207,534
경남,거제시,202208,522
경남,거제시,202209,478
경남,거제시,202210,1017
경남,거제시,202211,1014
경남,거제시,202212,954
경남,거제시,202301,952
경남,거제시,202302,952
경남,거제시,202303,950
경남,거제시,202304,947
경남,거제시,202305,945
경남,거제시,202306,942
경남,거제시,202307,930
경남,거제시,202308,922
경남,거제시,202309,919
경남,거제시,202310,916
경남,거제시,202311,911
경남,거제시,202312,578
경남,거제시,202401,575
경남,거제시,202402,572
경남,거제시,202403,567
경남,거제시,202404,580
경남,거제시,202405,567
경남,거제시,202406,555
경남,거제시,202407,544
경남,거제시,202408,536
경남,거제시,202409,521
경남,거제시,202410,505
경남,거제시,202411,489
경남,거제시,202412,486
경남,거제시,202501,479
경남,거제시,202502,467
경남,거제시,202503,244
경남,거제시,202504,243
경남,거제시,202505,243
경남,거제시,202506,416
경남,거제시,202507,462
경남,거제시,202508,456
경남,거제시,202509,446
경남,거제시,202510,442
경남,거제시,202511,433
경남,거제시,202512,429
경남,거제시,202601,425
경남,거제시,202602,415
경남,거제시,202603,405
경남,거제시,202604,401
경남,거제시,202605,395
경남,거제시,202606,380
경남,거제시,202607,378
경남,거제시,202608,373
경남,양산시,200701,2683
경남,양산시,200702,2632
경남,양산시,200703,2598
경남,양산시,200704,2504
경남,양산시,200705,2223
경남,양산시,200706,2197
경남,양산시,200707,2197
경남,양산시,200708,2166
경남,양산시,200709,2165
경남,양산시,200710,2128
경남,양산시,200711,3557
경남,양산시,200712,3527
경남,양산시,200801,3106
경남,양산시,200802,3127
경남,양산시,200803,3087
경남,양산시,200804,3051
경남,양산시,200805,3006
경남,양산시,200806,5275
경남,양산시,200807,5135
경남,양산시,200808,5211
경남,양산시,200809,5191
경남,양산시,200810,5168
경남,양산시,200811,5010
경남,양산시,200812,525
경남,양산시,200901,525
경남,양산시,200902,525
경남,양산시,200903,754
경남,양산시,200904,754
경남,양산시,200905,603
경남,양산시,200906,543
경남,양산시,200907,2017
경남,양산시,200908,477
경남,양산시,200909,473
경남,양산시,200910,42
경남,양산시,200911,348
경남,양산시,200912,348
경남,양산시,201001,1190
경남,양산시,201002,1143
경남,양산시,201003,1108
경남,양산시,201004,1072
경남,양산시,201005,1028
경남,양산시,201006,991
경남,양산시,201007,964
경남,양산시,201008,937
경남,양산시,201009,931
경남,양산시,201010,908
경남,양산시,201011,884
경남,양산시,201012,589
경남,양산시,201101,524
경남,양산시,201102,406
경남,양산시,201103,378
경남,양산시,201104,311
경남,양산시,201105,229
경남,양산시,201106,840
경남,양산시,201107,587
경남,양산시,201108,536
경남,양산시,201109,1668
경남,양산시,201110,1536
경남,양산시,201111,1470
경남,양산시,201112,2357
경남,양산시,201201,2152
경남,양산시,201202,1951
경남,양산시,201203,1754
경남,양산시,201204,1621
경남,양산시,201205,1420
경남,양산시,201206,1354
경남,양산시,201207,1812
경남,양산시,201208,1763
경남,양산시,201209,2033
경남,양산시,201210,2132
경남,양산시,201211,2864
경남,양산시,201212,2412
경남,양산시,201301,2321
경남,양산시,201302,2247
경남,양산시,201303,2065
경남,양산시,201304,1871
경남,양산시,201305,1563
경남,양산시,201306,1321
경남,양산시,201307,1412
경남,양산시,201308,2132
경남,양산시,201309,1931
경남,양산시,201310,1607
경남,양산시,201311,1296
경남,양산시,201312,1002
경남,양산시,201401,792
경남,양산시,201402,853
경남,양산시,201403,757
경남,양산시,201404,658
경남,양산시,201405,577
경남,양산시,201406,832
경남,양산시,201407,636
경남,양산시,201408,383
경남,양산시,201409,295
경남,양산시,201410,222
경남,양산시,201411,181
경남,양산시,201412,253
경남,양산시,201501,215
경남,양산시,201502,188
경남,양산시,201503,134
경남,양산시,201504,124
경남,양산시,201505,94
경남,양산시,201506,94
경남,양산시,201507,74
경남,양산시,201508,65
경남,양산시,201509,65
경남,양산시,201510,47
경남,양산시,201511,136
경남,양산시,201512,102
경남,양산시,201601,236
경남,양산시,201602,208
경남,양산시,201603,146
경남,양산시,201604,57
경남,양산시,201605,55
경남,양산시,201606,44
경남,양산시,201607,39
경남,양산시,201608,172
경남,양산시,201609,66
경남,양산시,201610,32
경남,양산시,201611,26
경남,양산시,201612,1021
경남,양산시,201701,843
경남,양산시,201702,824
경남,양산시,201703,737
경남,양산시,201704,578
경남,양산시,201705,441
경남,양산시,201706,326
경남,양산시,201707,258
경남,양산시,201708,198
경남,양산시,201709,184
경남,양산시,201710,177
경남,양산시,201711,168
경남,양산시,201712,165
경남,양산시,201801,320
경남,양산시,201802,278
경남,양산시,201803,216
경남,양산시,201804,194
경남,양산시,201805,1354
경남,양산시,201806,1285
경남,양산시,201807,1578
경남,양산시,201808,1486
경남,양산시,201809,1420
경남,양산시,201810,1367
경남,양산시,201811,929
경남,양산시,201812,902
경남,양산시,201901,873
경남,양산시,201902,840
경남,양산시,201903,906
경남,양산시,201904,886
경남,양산시,201905,849
경남,양산시,201906,1607
경남,양산시,201907,1515
경남,양산시,201908,1470
경남,양산시,201909,1277
경남,양산시,201910,1012
경남,양산시,201911,738
경남,양산시,201912,796
경남,양산시,202001,804
경남,양산시,202002,792
경남,양산시,202003,778
경남,양산시,202004,741
경남,양산시,202005,730
경남,양산시,202006,696
경남,양산시,202007,1295
경남,양산시,202008,1112
경남,양산시,202009,855
경남,양산시,202010,568
경남,양산시,202011,303
경남,양산시,202012,210
경남,양산시,202101,157
경남,양산시,202102,139
경남,양산시,202103,103
경남,양산시,202104,86
경남,양산시,202105,76
경남,양산시,202106,762
경남,양산시,202107,316
경남,양산시,202108,239
경남,양산시,202109,118
경남,양산시,202110,81
경남,양산시,202111,71
경남,양산시,202112,64
경남,양산시,202201,63
경남,양산시,202202,52
경남,양산시,202203,45
경남,양산시,202204,40
경남,양산시,202205,39
경남,양산시,202206,34
경남,양산시,202207,374
경남,양산시,202208,352
경남,양산시,202209,570
경남,양산시,202210,543
경남,양산시,202211,535
경남,양산시,202212,532
경남,양산시,202301,530
경남,양산시,202302,529
경남,양산시,202303,526
경남,양산시,202304,530
경남,양산시,202305,523
경남,양산시,202306,494
경남,양산시,202307,489
경남,양산시,202308,482
경남,양산시,202309,476
경남,양산시,202310,471
경남,양산시,202311,465
경남,양산시,202312,462
경남,양산시,202401,462
경남,양산시,202402,461
경남,양산시,202403,461
경남,양산시,202404,460
경남,양산시,202405,461
경남,양산시,202406,461
경남,양산시,202407,459
경남,양산시,202408,456
경남,양산시,202409,449
경남,양산시,202410,440
경남,양산시,202411,435
경남,양산시,202412,432
경남,양산시,202501,441
경남,양산시,202502,445
경남,양산시,202503,445
경남,양산시,202504,457
경남,양산시,202505,461
경남,양산시,202506,461
경남,양산시,202507,459
경남,양산시,202508,221
경남,양산시,202509,278
경남,양산시,202510,354
경남,양산시,202511,340
경남,양산시,202512,334
경남,양산시,202601,737
경남,양산시,202602,1014
경남,양산시,202603,1005
경남,양산시,202604,827
경남,양산시,202605,716
경남,양산시,202606,623
경남,양산시,202607,568
경남,양산시,202608,1087
경남,의령군,200701,1
경남,의령군,200702,0
경남,의령군,200703,0
경남,의령군,200704,0
경남,의령군,200705,0
경남,의령군,200706,0
경남,의령군,200707,0
경남,의령군,200708,0
경남,의령군,200709,0
경남,의령군,200710,0
경남,의령군,200711,0
경남,의령군,200712,0
경남,의령군,200801,0
경남,의령군,200802,0
경남,의령군,200804,0
경남,의령군,200805,0
경남,의령군,200807,0
경남,의령군,200808,0
경남,의령군,200809,0
경남,의령군,200810,0
경남,의령군,200811,0
경남,의령군,200812,4823
경남,의령군,200901,4385
경남,의령군,200902,4412
경남,의령군,200903,4076
경남,의령군,200904,4021
경남,의령군,200905,2121
경남,의령군,200906,2090
경남,의령군,200907,40
경남,의령군,200908,1784
경남,의령군,200909,1677
경남,의령군,200910,370
경남,의령군,200911,1300
경남,의령군,200912,1263
경남,의령군,201001,39
경남,의령군,201002,38
경남,의령군,201003,37
경남,의령군,201004,36
경남,의령군,201005,35
경남,의령군,201006,35
경남,의령군,201007,34
경남,의령군,201008,32
경남,의령군,201009,31
경남,의령군,201010,31
경남,의령군,201011,31
경남,의령군,201012,30
경남,의령군,201101,29
경남,의령군,201102,29
경남,의령군,201103,29
경남,의령군,201104,29
경남,의령군,201105,29
경남,의령군,201106,29
경남,의령군,201107,29
경남,의령군,201108,29
경남,의령군,201109,29
경남,의령군,201110,29
경남,의령군,201111,29
경남,의령군,201112,29
경남,의령군,201201,29
경남,의령군,201202,29
경남,의령군,201203,29
경남,의령군,201204,29
경남,의령군,201205,29
경남,의령군,201206,29
경남,의령군,201207,29
경남,의령군,201208,29
경남,의령군,201209,29
경남,의령군,201210,29
경남,의령군,201211,27
경남,의령군,201212,27
경남,의령군,201301,18
경남,의령군,201302,18
경남,의령군,201303,18
경남,의령군,201304,18
경남,의령군,201305,18
경남,의령군,201306,17
경남,의령군,201307,16
경남,의령군,201308,15
경남,의령군,201309,15
경남,의령군,201310,15
경남,의령군,201311,15
경남,의령군,201312,14
경남,의령군,201401,14
경남,의령군,201402,14
경남,의령군,201403,13
경남,의령군,201404,13
경남,의령군,201405,13
경남,의령군,201406,13
경남,의령군,201407,13
경남,의령군,201408,13
경남,의령군,201409,0
경남,의령군,201410,0
경남,의령군,201411,0
경남,의령군,201412,0
경남,의령군,201501,16
경남,의령군,201502,15
경남,의령군,201503,14
경남,의령군,201504,13
경남,의령군,201505,4
경남,의령군,201506,4
경남,의령군,201507,3
경남,의령군,201508,2
경남,의령군,201509,2
경남,의령군,201510,2
경남,의령군,201511,2
경남,의령군,201512,2
경남,의령군,201601,2
경남,의령군,201602,2
경남,의령군,201603,2
경남,의령군,201604,2
경남,의령군,201605,2
경남,의령군,201606,2
경남,의령군,201607,2
경남,의령군,201608,2
경남,의령군,201609,2
경남,의령군,201610,2
경남,의령군,201611,2
경남,의령군,201612,2
경남,의령군,201701,184
경남,의령군,201702,231
경남,의령군,201703,219
경남,의령군,201704,203
경남,의령군,201705,194
경남,의령군,201706,181
경남,의령군,201707,167
경남,의령군,201708,163
경남,의령군,201709,160
경남,의령군,201710,155
경남,의령군,201711,148
경남,의령군,201712,144
경남,의령군,201801,141
경남,의령군,201802,138
경남,의령군,201803,135
경남,의령군,201804,133
경남,의령군,201805,132
경남,의령군,201806,126
경남,의령군,201807,123
경남,의령군,201808,119
경남,의령군,201809,114
경남,의령군,201810,111
경남,의령군,201811,109
경남,의령군,201812,1
경남,의령군,201901,1
경남,의령군,201902,1
경남,의령군,201903,1
경남,의령군,201904,1
경남,의령군,201905,1
경남,의령군,201906,1
경남,의령군,201907,1
경남,의령군,201908,1
경남,의령군,201909,1
경남,의령군,201910,1
경남,의령군,201911,1
경남,의령군,201912,1
경남,의령군,202001,1
경남,의령군,202002,1
경남,의령군,202003,1
경남,의령군,202004,1
경남,의령군,202005,1
경남,의령군,202006,1
경남,의령군,202007,1
경남,의령군,202008,1
경남,의령군,202009,1
경남,의령군,202010,1
경남,의령군,202011,1
경남,의령군,202012,1
경남,의령군,202101,1
경남,의령군,202102,1
경남,의령군,202103,1
경남,의령군,202104,1
경남,의령군,202105,1
경남,의령군,202106,1
경남,의령군,202107,0
경남,의령군,202108,0
경남,의령군,202109,0
경남,의령군,202110,0
경남,의령군,202111,0
경남,의령군,202112,0
경남,의령군,202201,0
경남,의령군,202202,0
경남,의령군,202203,0
경남,의령군,202204,0
경남,의령군,202205,0
경남,의령군,202206,0
경남,의령군,202207,0
경남,의령군,202208,0
경남,의령군,202209,0
경남,의령군,202210,0
경남,의령군,202211,0
경남,의령군,202212,0
경남,의령군,202301,0
경남,의령군,202302,0
경남,의령군,202303,0
경남,의령군,202304,0
경남,의령군,202305,0
경남,의령군,202306,0
경남,의령군,202307,0
경남,의령군,202308,0
경남,의령군,202309,0
경남,의령군,202310,0
경남,의령군,202311,0
경남,의령군,202312,0
경남,의령군,202401,0
경남,의령군,202402,0
경남,의령군,202403,0
경남,의령군,202404,0
경남,의령군,202405,0
경남,의령군,202406,0
경남,의령군,202407,0
경남,의령군,202408,0
경남,의령군,202409,0
경남,의령군,202410,0
경남,의령군,202411,0
경남,의령군,202412,0
경남,의령군,202501,0
경남,의령군,202502,0
경남,의령군,202503,0
경남,의령군,202504,0
경남,의령군,202505,0
경남,의령군,202506,0
경남,의령군,202507,0
경남,의령군,202508,0
경남,의령군,202509,0
경남,의령군,202510,0
경남,의령군,202511,0
경남,의령군,202512,0
경남,의령군,202601,0
경남,의령군,202602,0
경남,의령군,202603,0
경남,의령군,202604,0
경남,의령군,202605,0
경남,의령군,202606,0
경남,의령군,202607,0
경남,의령군,202608,0
경남,함안군,200701,224
경남,함안군,200702,250
경남,함안군,200703,220
경남,함안군,200704,211
경남,함안군,200705,204
경남,함안군,200706,284
경남,함안군,200707,284
경남,함안군,200708,273
경남,함안군,200709,270
경남,함안군,200710,263
경남,함안군,200711,257
경남,함안군,200712,246
경남,함안군,200801,206
경남,함안군,200802,199
경남,함안군,200803,167
경남,함안군,200804,167
경남,함안군,200805,104
경남,함안군,200806,93
경남,함안군,200807,93
경남,함안군,200808,88
경남,함안군,200809,88
경남,함안군,200810,88
경남,함안군,200811,88
경남,함안군,200812,40
경남,함안군,200901,40
경남,함안군,200902,40
경남,함안군,200903,40
경남,함안군,200904,40
경남,함안군,200905,40
경남,함안군,200906,40
경남,함안군,200907,21
경남,함안군,200908,40
경남,함안군,200909,40
경남,함안군,200910,1365
경남,함안군,200911,39
경남,함안군,200912,39
경남,함안군,201001,21
경남,함안군,201002,21
경남,함안군,201003,21
경남,함안군,201004,21
경남,함안군,201005,21
경남,함안군,201006,21
경남,함안군,201007,16
경남,함안군,201008,16
경남,함안군,201009,16
경남,함안군,201010,16
경남,함안군,201011,16
경남,함안군,201012,16
경남,함안군,201101,26
경남,함안군,201102,23
경남,함안군,201103,23
경남,함안군,201104,9
경남,함안군,201105,9
경남,함안군,201106,6
경남,함안군,201107,46
경남,함안군,201108,45
경남,함안군,201109,45
경남,함안군,201110,45
경남,함안군,201111,42
경남,함안군,201112,28
경남,함안군,201201,28
경남,함안군,201202,18
경남,함안군,201203,17
경남,함안군,201204,17
경남,함안군,201205,16
경남,함안군,201206,16
경남,함안군,201207,16
경남,함안군,201208,16
경남,함안군,201209,16
경남,함안군,201210,107
경남,함안군,201211,93
경남,함안군,201212,88
경남,함안군,201301,77
경남,함안군,201302,74
경남,함안군,201303,63
경남,함안군,201304,154
경남,함안군,201305,140
경남,함안군,201306,97
경남,함안군,201307,97
경남,함안군,201308,94
경남,함안군,201309,94
경남,함안군,201310,94
경남,함안군,201311,94
경남,함안군,201312,87
경남,함안군,201401,80
경남,함안군,201402,71
경남,함안군,201403,61
경남,함안군,201404,61
경남,함안군,201405,59
경남,함안군,201406,47
경남,함안군,201407,32
경남,함안군,201408,32
경남,함안군,201409,32
경남,함안군,201410,27
경남,함안군,201411,27
경남,함안군,201412,27
경남,함안군,201501,27
경남,함안군,201502,27
경남,함안군,201503,12
경남,함안군,201504,10
경남,함안군,201505,6
경남,함안군,201506,6
경남,함안군,201507,6
경남,함안군,201508,5
경남,함안군,201509,4
경남,함안군,201510,4
경남,함안군,201511,4
경남,함안군,201512,0
경남,함안군,201601,0
경남,함안군,201602,0
경남,함안군,201603,0
경남,함안군,201604,0
경남,함안군,201605,0
경남,함안군,201606,0
경남,함안군,201607,0
경남,함안군,201608,0
경남,함안군,201609,0
경남,함안군,201610,0
경남,함안군,201611,0
경남,함안군,201612,0
경남,함안군,201701,0
경남,함안군,201702,0
경남,함안군,201703,0
경남,함안군,201704,0
경남,함안군,201705,0
경남,함안군,201706,0
경남,함안군,201707,0
경남,함안군,201708,0
경남,함안군,201709,0
경남,함안군,201710,0
경남,함안군,201711,0
경남,함안군,201712,0
경남,함안군,201801,0
경남,함안군,201802,0
경남,함안군,201807,0
경남,함안군,201808,0
경남,함안군,201811,0
경남,함안군,201812,0
경남,함안군,201901,0
경남,함안군,201902,0
경남,함안군,201903,0
경남,함안군,201904,0
경남,함안군,201905,0
경남,함안군,201906,0
경남,함안군,201907,0
경남,함안군,201908,0
경남,함안군,201909,0
경남,함안군,201910,0
경남,함안군,201912,0
경남,함안군,202001,0
경남,함안군,202002,0
경남,함안군,202003,0
경남,함안군,202004,0
경남,함안군,202005,0
경남,함안군,202006,0
경남,함안군,202007,0
경남,함안군,202008,0
경남,함안군,202009,0
경남,함안군,202010,0
경남,함안군,202011,0
경남,함안군,202012,0
경남,함안군,202101,0
경남,함안군,202102,0
경남,함안군,202103,0
경남,함안군,202104,0
경남,함안군,202105,0
경남,함안군,202106,0
경남,함안군,202107,0
경남,함안군,202108,0
경남,함안군,202109,0
경남,함안군,202110,0
경남,함안군,202111,0
경남,함안군,202112,0
경남,함안군,202201,0
경남,함안군,202202,0
경남,함안군,202203,0
경남,함안군,202204,0
경남,함안군,202205,0
경남,함안군,202206,0
경남,함안군,202207,0
경남,함안군,202208,0
경남,함안군,202209,0
경남,함안군,202210,0
경남,함안군,202211,0
경남,함안군,202212,0
경남,함안군,202301,0
경남,함안군,202302,0
경남,함안군,202303,0
경남,함안군,202304,0
경남,함안군,202305,0
경남,함안군,202306,0
경남,함안군,202307,0
경남,함안군,202308,0
경남,함안군,202309,0
경남,함안군,202310,0
경남,함안군,202311,0
경남,함안군,202312,0
경남,함안군,202401,0
경남,함안군,202402,0
경남,함안군,202403,0
경남,함안군,202404,0
경남,함안군,202405,0
경남,함안군,202406,0
경남,함안군,202407,0
경남,함안군,202408,0
경남,함안군,202409,0
경남,함안군,202410,0
경남,함안군,202411,0
경남,함안군,202412,0
경남,함안군,202501,0
경남,함안군,202502,0
경남,함안군,202503,0
경남,함안군,202504,0
경남,함안군,202505,0
경남,함안군,202506,0
경남,함안군,202507,0
경남,함안군,202508,0
경남,함안군,202509,0
경남,함안군,202510,0
경남,함안군,202511,0
경남,함안군,202512,0
경남,함안군,202601,0
경남,함안군,202602,0
경남,함안군,202603,0
경남,함안군,202604,0
경남,함안군,202605,0
경남,함안군,202606,0
경남,함안군,202607,0
경남,함안군,202608,0
경남,창녕군,200701,76
경남,창녕군,200702,76
경남,창녕군,200703,76
경남,창녕군,200704,76
경남,창녕군,200705,76
경남,창녕군,200706,76
경남,창녕군,200707,76
경남,창녕군,200708,76
경남,창녕군,200709,76
경남,창녕군,200710,76
경남,창녕군,200711,76
경남,창녕군,200712,76
경남,창녕군,200801,76
경남,창녕군,200802,76
경남,창녕군,200803,76
경남,창녕군,200804,76
경남,창녕군,200805,76
경남,창녕군,200806,76
경남,창녕군,200807,76
경남,창녕군,200808,76
경남,창녕군,200809,76
경남,창녕군,200810,76
경남,창녕군,200811,76
경남,창녕군,200812,88
경남,창녕군,200901,88
경남,창녕군,200902,88
경남,창녕군,200903,106
경남,창녕군,200904,86
경남,창녕군,200905,62
경남,창녕군,200906,31
경남,창녕군,200907,12
경남,창녕군,200908,21
경남,창녕군,200909,21
경남,창녕군,200910,40
경남,창녕군,200911,21
경남,창녕군,200912,21
경남,창녕군,201001,7
경남,창녕군,201002,7
경남,창녕군,201003,7
경남,창녕군,201004,4
경남,창녕군,201005,4
경남,창녕군,201006,4
경남,창녕군,201007,4
경남,창녕군,201008,3
경남,창녕군,201009,2
경남,창녕군,201010,2
경남,창녕군,201011,2
경남,창녕군,201012,1
경남,창녕군,201101,252
경남,창녕군,201102,243
경남,창녕군,201103,243
경남,창녕군,201104,232
경남,창녕군,201105,232
경남,창녕군,201106,204
경남,창녕군,201107,204
경남,창녕군,201108,159
경남,창녕군,201109,133
경남,창녕군,201110,117
경남,창녕군,201111,116
경남,창녕군,201112,116
경남,창녕군,201201,98
경남,창녕군,201202,98
경남,창녕군,201203,98
경남,창녕군,201204,98
경남,창녕군,201205,98
경남,창녕군,201206,98
경남,창녕군,201207,98
경남,창녕군,201208,98
경남,창녕군,201209,98
경남,창녕군,201210,98
경남,창녕군,201211,98
경남,창녕군,201212,0
경남,창녕군,201301,0
경남,창녕군,201302,0
경남,창녕군,201303,0
경남,창녕군,201304,0
경남,창녕군,201305,0
경남,창녕군,201306,0
경남,창녕군,201307,0
경남,창녕군,201308,0
경남,창녕군,201309,0
경남,창녕군,201310,0
경남,창녕군,201311,0
경남,창녕군,201312,0
경남,창녕군,201401,0
경남,창녕군,201402,0
경남,창녕군,201403,0
경남,창녕군,201404,0
경남,창녕군,201405,46
경남,창녕군,201406,42
경남,창녕군,201407,41
경남,창녕군,201408,38
경남,창녕군,201409,37
경남,창녕군,201410,30
경남,창녕군,201411,21
경남,창녕군,201412,20
경남,창녕군,201501,20
경남,창녕군,201502,18
경남,창녕군,201503,18
경남,창녕군,201504,18
경남,창녕군,201505,16
경남,창녕군,201506,15
경남,창녕군,201507,12
경남,창녕군,201508,106
경남,창녕군,201509,106
경남,창녕군,201510,86
경남,창녕군,201511,80
경남,창녕군,201512,80
경남,창녕군,201601,80
경남,창녕군,201602,60
경남,창녕군,201603,60
경남,창녕군,201604,60
경남,창녕군,201605,60
경남,창녕군,201606,180
경남,창녕군,201607,180
경남,창녕군,201608,180
경남,창녕군,201609,247
경남,창녕군,201610,247
경남,창녕군,201611,246
경남,창녕군,201612,246
경남,창녕군,201701,181
경남,창녕군,201702,118
경남,창녕군,201703,118
경남,창녕군,201704,119
경남,창녕군,201705,119
경남,창녕군,201706,119
경남,창녕군,201707,119
경남,창녕군,201708,115
경남,창녕군,201709,71
경남,창녕군,201710,71
경남,창녕군,201711,71
경남,창녕군,201712,62
경남,창녕군,201801,62
경남,창녕군,201802,60
경남,창녕군,201803,60
경남,창녕군,201804,55
경남,창녕군,201805,54
경남,창녕군,201806,54
경남,창녕군,201807,53
경남,창녕군,201808,47
경남,창녕군,201809,47
경남,창녕군,201810,40
경남,창녕군,201811,38
경남,창녕군,201812,35
경남,창녕군,201901,35
경남,창녕군,201902,35
경남,창녕군,201903,35
경남,창녕군,201904,32
경남,창녕군,201905,32
경남,창녕군,201906,32
경남,창녕군,201907,32
경남,창녕군,201908,32
경남,창녕군,201909,32
경남,창녕군,201910,32
경남,창녕군,201911,32
경남,창녕군,201912,28
경남,창녕군,202001,27
경남,창녕군,202002,27
경남,창녕군,202003,18
경남,창녕군,202004,14
경남,창녕군,202005,9
경남,창녕군,202006,8
경남,창녕군,202007,9
경남,창녕군,202008,7
경남,창녕군,202009,7
경남,창녕군,202010,8
경남,창녕군,202011,8
경남,창녕군,202012,8
경남,창녕군,202101,5
경남,창녕군,202102,4
경남,창녕군,202103,4
경남,창녕군,202104,4
경남,창녕군,202105,3
경남,창녕군,202106,3
경남,창녕군,202107,3
경남,창녕군,202108,3
경남,창녕군,202109,3
경남,창녕군,202110,3
경남,창녕군,202111,3
경남,창녕군,202112,3
경남,창녕군,202201,3
경남,창녕군,202202,3
경남,창녕군,202203,1
경남,창녕군,202204,1
경남,창녕군,202205,1
경남,창녕군,202206,1
경남,창녕군,202207,1
경남,창녕군,202208,1
경남,창녕군,202209,1
경남,창녕군,202210,1
경남,창녕군,202211,1
경남,창녕군,202212,1
경남,창녕군,202301,1
경남,창녕군,202302,1
경남,창녕군,202303,1
경남,창녕군,202304,1
경남,창녕군,202305,1
경남,창녕군,202306,1
경남,창녕군,202307,1
경남,창녕군,202308,1
경남,창녕군,202309,1
경남,창녕군,202310,1
경남,창녕군,202311,1
경남,창녕군,202312,1
경남,창녕군,202401,1
경남,창녕군,202402,1
경남,창녕군,202403,1
경남,창녕군,202404,1
경남,창녕군,202405,1
경남,창녕군,202406,1
경남,창녕군,202407,1
경남,창녕군,202408,1
경남,창녕군,202409,1
경남,창녕군,202410,1
경남,창녕군,202411,1
경남,창녕군,202412,1
경남,창녕군,202501,1
경남,창녕군,202502,0
경남,창녕군,202503,0
경남,창녕군,202504,0
경남,창녕군,202505,0
경남,창녕군,202506,0
경남,창녕군,202507,0
경남,창녕군,202508,0
경남,창녕군,202509,0
경남,창녕군,202510,0
경남,창녕군,202511,0
경남,창녕군,202512,0
경남,창녕군,202601,0
경남,창녕군,202602,0
경남,창녕군,202603,0
경남,창녕군,202604,0
경남,창녕군,202605,0
경남,창녕군,202606,0
경남,창녕군,202607,0
경남,창녕군,202608,0
경남,남해군,200701,0
경남,남해군,200702,0
경남,남해군,200703,0
경남,남해군,200704,0
경남,남해군,200705,0
경남,남해군,200706,0
경남,남해군,200707,0
경남,남해군,200708,0
경남,남해군,200709,0
경남,남해군,200710,0
경남,남해군,200711,0
경남,남해군,200712,0
경남,남해군,200804,0
경남,남해군,200807,0
경남,남해군,200808,0
경남,남해군,200809,0
경남,남해군,200811,0
경남,남해군,200812,0
경남,남해군,200901,0
경남,남해군,200902,0
경남,남해군,200903,0
경남,남해군,200904,0
경남,남해군,200905,0
경남,남해군,200906,0
경남,남해군,200907,0
경남,남해군,200908,0
경남,남해군,200909,0
경남,남해군,200910,0
경남,남해군,200911,0
경남,남해군,200912,0
경남,남해군,201001,0
경남,남해군,201002,0
경남,남해군,201003,0
경남,남해군,201004,0
경남,남해군,201005,0
경남,남해군,201006,0
경남,남해군,201007,0
경남,남해군,201008,0
경남,남해군,201009,0
경남,남해군,201010,0
경남,남해군,201011,0
경남,남해군,201012,0
경남,남해군,201101,0
경남,남해군,201102,0
경남,남해군,201103,0
경남,남해군,201104,0
경남,남해군,201105,0
경남,남해군,201106,0
경남,남해군,201107,0
경남,남해군,201108,0
경남,남해군,201109,0
경남,남해군,201110,0
경남,남해군,201111,0
경남,남해군,201112,0
경남,남해군,201201,0
경남,남해군,201202,0
경남,남해군,201203,0
경남,남해군,201204,0
경남,남해군,201205,0
경남,남해군,201206,0
경남,남해군,201207,0
경남,남해군,201208,0
경남,남해군,201209,0
경남,남해군,201210,0
경남,남해군,201211,0
경남,남해군,201212,0
경남,남해군,201301,0
경남,남해군,201302,0
경남,남해군,201303,0
경남,남해군,201304,0
경남,남해군,201305,0
경남,남해군,201306,0
경남,남해군,201307,0
경남,남해군,201308,0
경남,남해군,201309,0
경남,남해군,201310,0
경남,남해군,201311,0
경남,남해군,201312,0
경남,남해군,201401,0
경남,남해군,201402,0
경남,남해군,201403,0
경남,남해군,201404,0
경남,남해군,201405,0
경남,남해군,201406,0
경남,남해군,201407,0
경남,남해군,201408,0
경남,남해군,201409,0
경남,남해군,201410,0
경남,남해군,201411,0
경남,남해군,201412,0
경남,남해군,201501,0
경남,남해군,201502,0
경남,남해군,201503,0
경남,남해군,201504,0
경남,남해군,201505,0
경남,남해군,201506,0
경남,남해군,201507,0
경남,남해군,201508,0
경남,남해군,201509,0
경남,남해군,201510,0
경남,남해군,201511,0
경남,남해군,201512,0
경남,남해군,201601,0
경남,남해군,201602,0
경남,남해군,201603,0
경남,남해군,201604,0
경남,남해군,201605,0
경남,남해군,201606,0
경남,남해군,201607,0
경남,남해군,201608,0
경남,남해군,201609,0
경남,남해군,201610,0
경남,남해군,201611,0
경남,남해군,201612,0
경남,남해군,201701,0
경남,남해군,201702,0
경남,남해군,201703,0
경남,남해군,201704,0
경남,남해군,201705,0
경남,남해군,201706,0
경남,남해군,201707,0
경남,남해군,201708,0
경남,남해군,201709,0
경남,남해군,201710,0
경남,남해군,201711,0
경남,남해군,201712,0
경남,남해군,201801,0
경남,남해군,201802,0
경남,남해군,201807,0
경남,남해군,201808,0
경남,남해군,201811,0
경남,남해군,201812,0
경남,남해군,201901,0
경남,남해군,201902,0
경남,남해군,201903,0
경남,남해군,201904,0
경남,남해군,201905,0
경남,남해군,201906,0
경남,남해군,201907,0
경남,남해군,201908,0
경남,남해군,201909,0
경남,남해군,201910,0
경남,남해군,201912,0
경남,남해군,202001,0
경남,남해군,202002,0
경남,남해군,202003,0
경남,남해군,202004,0
경남,남해군,202005,0
경남,남해군,202006,0
경남,남해군,202007,0
경남,남해군,202008,0
경남,남해군,202009,0
경남,남해군,202010,0
경남,남해군,202011,0
경남,남해군,202012,0
경남,남해군,202101,0
경남,남해군,202102,0
경남,남해군,202103,0
경남,남해군,202104,0
경남,남해군,202105,0
경남,남해군,202106,0
경남,남해군,202107,0
경남,남해군,202108,0
경남,남해군,202109,0
경남,남해군,202110,0
경남,남해군,202111,0
경남,남해군,202112,0
경남,남해군,202201,0
경남,남해군,202202,0
경남,남해군,202203,0
경남,남해군,202204,0
경남,남해군,202205,0
경남,남해군,202206,0
경남,남해군,202207,0
경남,남해군,202208,0
경남,남해군,202209,0
경남,남해군,202210,0
경남,남해군,202211,0
경남,남해군,202212,0
경남,남해군,202301,0
경남,남해군,202302,0
경남,남해군,202303,0
경남,남해군,202304,0
경남,남해군,202305,0
경남,남해군,202306,0
경남,남해군,202307,0
경남,남해군,202308,0
경남,남해군,202309,0
경남,남해군,202310,0
경남,남해군,202311,0
경남,남해군,202312,0
경남,남해군,202401,76
경남,남해군,202402,76
경남,남해군,202403,76
경남,남해군,202404,76
경남,남해군,202405,76
경남,남해군,202406,76
경남,남해군,202407,76
경남,남해군,202408,76
경남,남해군,202409,76
경남,남해군,202410,76
경남,남해군,202411,76
경남,남해군,202412,76
경남,남해군,202501,76
경남,남해군,202502,76
경남,남해군,202503,76
경남,남해군,202504,76
경남,남해군,202505,76
경남,남해군,202506,76
경남,남해군,202507,76
경남,남해군,202508,76
경남,남해군,202509,76
경남,남해군,202510,76
경남,남해군,202511,76
경남,남해군,202512,76
경남,남해군,202601,76
경남,남해군,202602,76
경남,남해군,202603,76
경남,남해군,202604,76
경남,남해군,202605,76
경남,남해군,202606,0
경남,남해군,202607,0
경남,남해군,202608,0
경남,하동군,200701,0
경남,하동군,200702,0
경남,하동군,200703,0
경남,하동군,200704,0
경남,하동군,200705,0
경남,하동군,200706,0
경남,하동군,200707,0
경남,하동군,200708,0
경남,하동군,200709,0
경남,하동군,200710,0
경남,하동군,200711,0
경남,하동군,200712,0
경남,하동군,200804,0
경남,하동군,200807,0
경남,하동군,200808,0
경남,하동군,200809,0
경남,하동군,200811,0
경남,하동군,200812,0
경남,하동군,200901,0
경남,하동군,200902,0
경남,하동군,200903,0
경남,하동군,200904,0
경남,하동군,200905,0
경남,하동군,200906,0
경남,하동군,200907,0
경남,하동군,200908,0
경남,하동군,200909,0
경남,하동군,200910,0
경남,하동군,200911,0
경남,하동군,200912,0
경남,하동군,201001,0
경남,하동군,201002,0
경남,하동군,201003,0
경남,하동군,201004,0
경남,하동군,201005,0
경남,하동군,201006,0
경남,하동군,201007,0
경남,하동군,201008,0
경남,하동군,201009,0
경남,하동군,201010,0
경남,하동군,201011,0
경남,하동군,201012,0
경남,하동군,201101,0
경남,하동군,201102,0
경남,하동군,201103,0
경남,하동군,201104,0
경남,하동군,201105,0
경남,하동군,201106,0
경남,하동군,201107,0
경남,하동군,201108,0
경남,하동군,201109,0
경남,하동군,201110,0
경남,하동군,201111,0
경남,하동군,201112,0
경남,하동군,201201,0
경남,하동군,201202,0
경남,하동군,201203,0
경남,하동군,201204,0
경남,하동군,201205,0
경남,하동군,201206,0
경남,하동군,201207,0
경남,하동군,201208,0
경남,하동군,201209,0
경남,하동군,201210,0
경남,하동군,201211,0
경남,하동군,201212,0
경남,하동군,201301,0
경남,하동군,201302,0
경남,하동군,201303,0
경남,하동군,201304,0
경남,하동군,201305,0
경남,하동군,201306,0
경남,하동군,201307,0
경남,하동군,201308,0
경남,하동군,201309,0
경남,하동군,201310,0
경남,하동군,201311,0
경남,하동군,201312,0
경남,하동군,201401,0
경남,하동군,201402,0
경남,하동군,201403,0
경남,하동군,201404,0
경남,하동군,201405,0
경남,하동군,201406,0
경남,하동군,201407,0
경남,하동군,201408,0
경남,하동군,201409,0
경남,하동군,201410,0
경남,하동군,201411,0
경남,하동군,201412,0
경남,하동군,201501,0
경남,하동군,201502,0
경남,하동군,201503,0
경남,하동군,201504,0
경남,하동군,201505,0
경남,하동군,201506,0
경남,하동군,201507,41
경남,하동군,201508,41
경남,하동군,201509,41
경남,하동군,201510,41
경남,하동군,201511,41
경남,하동군,201512,41
경남,하동군,201601,41
경남,하동군,201602,26
경남,하동군,201603,25
경남,하동군,201604,25
경남,하동군,201605,25
경남,하동군,201606,25
경남,하동군,201607,25
경남,하동군,201608,6
경남,하동군,201609,6
경남,하동군,201610,3
경남,하동군,201611,1
경남,하동군,201612,1
경남,하동군,201701,1
경남,하동군,201702,1
경남,하동군,201703,0
경남,하동군,201704,0
경남,하동군,201705,0
경남,하동군,201706,0
경남,하동군,201707,0
경남,하동군,201708,0
경남,하동군,201709,0
경남,하동군,201710,0
경남,하동군,201711,0
경남,하동군,201712,0
경남,하동군,201801,0
경남,하동군,201802,0
경남,하동군,201806,17
경남,하동군,201807,7
경남,하동군,201808,7
경남,하동군,201809,7
경남,하동군,201810,7
경남,하동군,201811,7
경남,하동군,201812,7
경남,하동군,201901,7
경남,하동군,201902,7
경남,하동군,201903,7
경남,하동군,201904,7
경남,하동군,201905,7
경남,하동군,201906,7
경남,하동군,201907,7
경남,하동군,201908,7
경남,하동군,201909,7
경남,하동군,201910,7
경남,하동군,201911,7
경남,하동군,201912,7
경남,하동군,202001,7
경남,하동군,202002,7
경남,하동군,202003,7
경남,하동군,202004,7
경남,하동군,202005,7
경남,하동군,202006,7
경남,하동군,202007,7
경남,하동군,202008,7
경남,하동군,202009,7
경남,하동군,202010,7
경남,하동군,202011,7
경남,하동군,202012,7
경남,하동군,202101,7
경남,하동군,202102,7
경남,하동군,202103,7
경남,하동군,202104,7
경남,하동군,202105,7
경남,하동군,202106,7
경남,하동군,202107,7
경남,하동군,202108,0
경남,하동군,202109,0
경남,하동군,202110,0
경남,하동군,202111,0
경남,하동군,202112,0
경남,하동군,202201,0
경남,하동군,202202,0
경남,하동군,202203,0
경남,하동군,202204,0
경남,하동군,202205,0
경남,하동군,202206,0
경남,하동군,202207,0
경남,하동군,202208,0
경남,하동군,202209,0
경남,하동군,202210,0
경남,하동군,202211,0
경남,하동군,202212,0
경남,하동군,202301,0
경남,하동군,202302,0
경남,하동군,202303,0
경남,하동군,202304,0
경남,하동군,202305,0
경남,하동군,202306,0
경남,하동군,202307,0
경남,하동군,202308,0
경남,하동군,202309,0
경남,하동군,202310,0
경남,하동군,202311,0
경남,하동군,202312,0
경남,하동군,202401,0
경남,하동군,202402,0
경남,하동군,202403,0
경남,하동군,202404,0
경남,하동군,202405,0
경남,하동군,202406,0
경남,하동군,202407,0
경남,하동군,202408,0
경남,하동군,202409,0
경남,하동군,202410,0
경남,하동군,202411,0
경남,하동군,202412,0
경남,하동군,202501,0
경남,하동군,202502,0
경남,하동군,202503,0
경남,하동군,202504,0
경남,하동군,202505,0
경남,하동군,202506,0
경남,하동군,202507,0
경남,하동군,202508,0
경남,하동군,202509,0
경남,하동군,202510,0
경남,하동군,202511,0
경남,하동군,202512,0
경남,하동군,202601,0
경남,하동군,202602,0
경남,하동군,202603,0
경남,하동군,202604,0
경남,하동군,202605,0
경남,하동군,202606,0
경남,하동군,202607,0
경남,하동군,202608,0
경남,산청군,200701,0
경남,산청군,200702,0
경남,산청군,200703,0
경남,산청군,200704,0
경남,산청군,200705,0
경남,산청군,200706,0
경남,산청군,200707,0
경남,산청군,200708,0
경남,산청군,200709,0
경남,산청군,200710,0
경남,산청군,200711,0
경남,산청군,200712,0
경남,산청군,200804,0
경남,산청군,200807,0
경남,산청군,200808,0
경남,산청군,200809,0
경남,산청군,200811,0
경남,산청군,200812,0
경남,산청군,200901,0
경남,산청군,200902,0
경남,산청군,200903,0
경남,산청군,200904,0
경남,산청군,200905,64
경남,산청군,200906,61
경남,산청군,200907,60
경남,산청군,200908,57
경남,산청군,200909,52
경남,산청군,200910,51
경남,산청군,200911,51
경남,산청군,200912,50
경남,산청군,201001,49
경남,산청군,201002,48
경남,산청군,201003,48
경남,산청군,201004,48
경남,산청군,201005,47
경남,산청군,201006,47
경남,산청군,201007,47
경남,산청군,201008,47
경남,산청군,201009,44
경남,산청군,201010,44
경남,산청군,201011,41
경남,산청군,201012,39
경남,산청군,201101,35
경남,산청군,201102,34
경남,산청군,201103,33
경남,산청군,201104,32
경남,산청군,201105,30
경남,산청군,201106,30
경남,산청군,201107,30
경남,산청군,201108,28
경남,산청군,201109,27
경남,산청군,201110,27
경남,산청군,201111,26
경남,산청군,201112,23
경남,산청군,201201,23
경남,산청군,201202,23
경남,산청군,201203,20
경남,산청군,201204,20
경남,산청군,201205,20
경남,산청군,201206,20
경남,산청군,201207,18
경남,산청군,201208,18
경남,산청군,201209,17
경남,산청군,201210,17
경남,산청군,201211,17
경남,산청군,201212,15
경남,산청군,201301,15
경남,산청군,201302,15
경남,산청군,201303,14
경남,산청군,201304,14
경남,산청군,201305,14
경남,산청군,201306,13
경남,산청군,201307,12
경남,산청군,201308,12
경남,산청군,201309,12
경남,산청군,201310,12
경남,산청군,201311,12
경남,산청군,201312,12
경남,산청군,201401,12
경남,산청군,201402,12
경남,산청군,201403,11
경남,산청군,201404,9
경남,산청군,201405,6
경남,산청군,201406,4
경남,산청군,201407,4
경남,산청군,201408,3
경남,산청군,201409,3
경남,산청군,201410,2
경남,산청군,201411,2
경남,산청군,201412,1
경남,산청군,201501,167
경남,산청군,201502,138
경남,산청군,201503,118
경남,산청군,201504,106
경남,산청군,201505,102
경남,산청군,201506,100
경남,산청군,201507,97
경남,산청군,201508,95
경남,산청군,201509,95
경남,산청군,201510,95
경남,산청군,201511,87
경남,산청군,201512,87
경남,산청군,201601,86
경남,산청군,201602,82
경남,산청군,201603,78
경남,산청군,201604,75
경남,산청군,201605,75
경남,산청군,201606,74
경남,산청군,201607,73
경남,산청군,201608,72
경남,산청군,201609,68
경남,산청군,201610,60
경남,산청군,201611,60
경남,산청군,201612,56
경남,산청군,201701,56
경남,산청군,201702,52
경남,산청군,201703,49
경남,산청군,201704,48
경남,산청군,201705,47
경남,산청군,201706,45
경남,산청군,201707,44
경남,산청군,201708,43
경남,산청군,201709,41
경남,산청군,201710,39
경남,산청군,201711,37
경남,산청군,201712,35
경남,산청군,201801,35
경남,산청군,201802,35
경남,산청군,201803,35
경남,산청군,201804,34
경남,산청군,201805,34
경남,산청군,201806,34
경남,산청군,201807,34
경남,산청군,201808,34
경남,산청군,201809,34
경남,산청군,201810,33
경남,산청군,201811,34
경남,산청군,201812,27
경남,산청군,201901,26
경남,산청군,201902,25
경남,산청군,201903,25
경남,산청군,201904,24
경남,산청군,201905,24
경남,산청군,201906,23
경남,산청군,201907,22
경남,산청군,201908,20
경남,산청군,201909,19
경남,산청군,201910,19
경남,산청군,201911,19
경남,산청군,201912,19
경남,산청군,202001,17
경남,산청군,202002,15
경남,산청군,202003,14
경남,산청군,202004,13
경남,산청군,202005,13
경남,산청군,202006,13
경남,산청군,202007,11
경남,산청군,202008,11
경남,산청군,202009,10
경남,산청군,202010,9
경남,산청군,202011,6
경남,산청군,202012,6
경남,산청군,202101,6
경남,산청군,202102,6
경남,산청군,202103,5
경남,산청군,202104,5
경남,산청군,202105,5
경남,산청군,202106,5
경남,산청군,202107,5
경남,산청군,202108,5
경남,산청군,202109,5
경남,산청군,202110,5
경남,산청군,202111,4
경남,산청군,202112,4
경남,산청군,202201,3
경남,산청군,202202,3
경남,산청군,202203,3
경남,산청군,202204,3
경남,산청군,202205,3
경남,산청군,202206,3
경남,산청군,202207,3
경남,산청군,202208,3
경남,산청군,202209,3
경남,산청군,202210,3
경남,산청군,202211,3
경남,산청군,202212,3
경남,산청군,202301,2
경남,산청군,202302,1
경남,산청군,202303,1
경남,산청군,202304,1
경남,산청군,202305,1
경남,산청군,202306,1
경남,산청군,202307,1
경남,산청군,202308,1
경남,산청군,202309,0
경남,산청군,202310,0
경남,산청군,202311,0
경남,산청군,202312,0
경남,산청군,202401,0
경남,산청군,202402,69
경남,산청군,202403,64
경남,산청군,202404,62
경남,산청군,202405,62
경남,산청군,202406,57
경남,산청군,202407,56
경남,산청군,202408,52
경남,산청군,202409,52
경남,산청군,202410,52
경남,산청군,202411,50
경남,산청군,202412,49
경남,산청군,202501,48
경남,산청군,202502,48
경남,산청군,202503,48
경남,산청군,202504,45
경남,산청군,202505,45
경남,산청군,202506,42
경남,산청군,202507,42
경남,산청군,202508,40
경남,산청군,202509,38
경남,산청군,202510,37
경남,산청군,202511,33
경남,산청군,202512,33
경남,산청군,202601,31
경남,산청군,202602,92
경남,산청군,202603,91
경남,산청군,202604,91
경남,산청군,202605,91
경남,산청군,202606,89
경남,산청군,202607,89
경남,산청군,202608,89
경남,함양군,200701,0
경남,함양군,200702,0
경남,함양군,200703,0
경남,함양군,200704,0
경남,함양군,200705,0
경남,함양군,200706,0
경남,함양군,200707,0
경남,함양군,200708,0
경남,함양군,200709,0
경남,함양군,200710,0
경남,함양군,200711,0
경남,함양군,200712,0
경남,함양군,200804,0
경남,함양군,200808,0
경남,함양군,200809,0
경남,함양군,200811,0
경남,함양군,200812,0
경남,함양군,200901,0
경남,함양군,200902,138
경남,함양군,200903,136
경남,함양군,200904,292
경남,함양군,200905,270
경남,함양군,200906,264
경남,함양군,200907,260
경남,함양군,200908,256
경남,함양군,200909,256
경남,함양군,200910,252
경남,함양군,200911,246
경남,함양군,200912,246
경남,함양군,201001,321
경남,함양군,201002,315
경남,함양군,201003,310
경남,함양군,201004,306
경남,함양군,201005,302
경남,함양군,201006,298
경남,함양군,201007,296
경남,함양군,201008,285
경남,함양군,201009,278
경남,함양군,201010,263
경남,함양군,201011,253
경남,함양군,201012,248
경남,함양군,201101,195
경남,함양군,201102,195
경남,함양군,201103,190
경남,함양군,201104,188
경남,함양군,201105,183
경남,함양군,201106,3
경남,함양군,201107,2
경남,함양군,201108,2
경남,함양군,201109,2
경남,함양군,201110,2
경남,함양군,201111,2
경남,함양군,201112,1
경남,함양군,201201,1
경남,함양군,201202,1
경남,함양군,201203,1
경남,함양군,201204,1
경남,함양군,201205,1
경남,함양군,201206,1
경남,함양군,201207,1
경남,함양군,201208,3
경남,함양군,201209,3
경남,함양군,201210,3
경남,함양군,201211,3
경남,함양군,201212,1
경남,함양군,201301,1
경남,함양군,201302,1
경남,함양군,201303,1
경남,함양군,201304,87
경남,함양군,201305,87
경남,함양군,201306,87
경남,함양군,201307,87
경남,함양군,201308,79
경남,함양군,201309,79
경남,함양군,201310,74
경남,함양군,201311,71
경남,함양군,201312,67
경남,함양군,201401,61
경남,함양군,201402,53
경남,함양군,201403,41
경남,함양군,201404,41
경남,함양군,201405,32
경남,함양군,201406,26
경남,함양군,201407,26
경남,함양군,201408,17
경남,함양군,201409,13
경남,함양군,201410,10
경남,함양군,201411,5
경남,함양군,201412,3
경남,함양군,201501,2
경남,함양군,201502,1
경남,함양군,201503,0
경남,함양군,201504,0
경남,함양군,201505,0
경남,함양군,201506,0
경남,함양군,201507,0
경남,함양군,201508,0
경남,함양군,201509,0
경남,함양군,201510,0
경남,함양군,201511,0
경남,함양군,201512,0
경남,함양군,201601,0
경남,함양군,201602,0
경남,함양군,201603,0
경남,함양군,201604,0
경남,함양군,201605,0
경남,함양군,201606,0
경남,함양군,201607,0
경남,함양군,201608,0
경남,함양군,201609,0
경남,함양군,201610,0
경남,함양군,201611,17
경남,함양군,201612,6
경남,함양군,201701,6
경남,함양군,201702,6
경남,함양군,201703,6
경남,함양군,201704,6
경남,함양군,201705,6
경남,함양군,201706,6
경남,함양군,201707,5
경남,함양군,201708,5
경남,함양군,201709,5
경남,함양군,201710,5
경남,함양군,201711,5
경남,함양군,201712,5
경남,함양군,201801,5
경남,함양군,201802,5
경남,함양군,201803,5
경남,함양군,201804,5
경남,함양군,201805,5
경남,함양군,201806,5
경남,함양군,201807,5
경남,함양군,201808,5
경남,함양군,201809,5
경남,함양군,201810,5
경남,함양군,201811,5
경남,함양군,201812,5
경남,함양군,201901,5
경남,함양군,201902,5
경남,함양군,201903,5
경남,함양군,201904,5
경남,함양군,201905,5
경남,함양군,201906,5
경남,함양군,201907,5
경남,함양군,201908,5
경남,함양군,201909,5
경남,함양군,201910,5
경남,함양군,201911,5
경남,함양군,201912,5
경남,함양군,202001,5
경남,함양군,202002,5
경남,함양군,202003,5
경남,함양군,202004,5
경남,함양군,202005,5
경남,함양군,202006,5
경남,함양군,202007,4
경남,함양군,202008,0
경남,함양군,202009,4
경남,함양군,202010,0
경남,함양군,202011,0
경남,함양군,202012,0
경남,함양군,202101,0
경남,함양군,202102,0
경남,함양군,202103,0
경남,함양군,202104,0
경남,함양군,202105,0
경남,함양군,202106,0
경남,함양군,202107,0
경남,함양군,202108,0
경남,함양군,202109,0
경남,함양군,202110,0
경남,함양군,202111,0
경남,함양군,202112,0
경남,함양군,202201,0
경남,함양군,202202,0
경남,함양군,202203,0
경남,함양군,202204,0
경남,함양군,202205,0
경남,함양군,202206,0
경남,함양군,202207,0
경남,함양군,202208,0
경남,함양군,202209,0
경남,함양군,202210,0
경남,함양군,202211,0
경남,함양군,202212,0
경남,함양군,202301,260
경남,함양군,202302,253
경남,함양군,202303,253
경남,함양군,202304,207
경남,함양군,202305,148
경남,함양군,202306,125
경남,함양군,202307,114
경남,함양군,202308,114
경남,함양군,202309,114
경남,함양군,202310,114
경남,함양군,202311,114
경남,함양군,202312,114
경남,함양군,202401,114
경남,함양군,202402,114
경남,함양군,202403,109
경남,함양군,202404,104
경남,함양군,202405,126
경남,함양군,202406,122
경남,함양군,202407,119
경남,함양군,202408,118
경남,함양군,202409,109
경남,함양군,202410,104
경남,함양군,202411,104
경남,함양군,202412,102
경남,함양군,202501,164
경남,함양군,202502,161
경남,함양군,202503,159
경남,함양군,202504,155
경남,함양군,202505,149
경남,함양군,202506,148
경남,함양군,202507,146
경남,함양군,202508,134
경남,함양군,202509,133
경남,함양군,202510,118
경남,함양군,202511,110
경남,함양군,202512,105
경남,함양군,202601,92
경남,함양군,202602,87
경남,함양군,202603,75
경남,함양군,202604,69
경남,함양군,202605,66
경남,함양군,202606,51
경남,함양군,202607,47
경남,함양군,202608,40
경남,거창군,200701,0
경남,거창군,200702,0
경남,거창군,200703,0
경남,거창군,200704,0
경남,거창군,200705,0
경남,거창군,200706,0
경남,거창군,200707,0
경남,거창군,200708,0
경남,거창군,200709,0
경남,거창군,200710,0
경남,거창군,200711,0
경남,거창군,200712,0
경남,거창군,200804,0
경남,거창군,200807,40
경남,거창군,200808,27
경남,거창군,200809,22
경남,거창군,200810,15
경남,거창군,200811,15
경남,거창군,200812,8
경남,거창군,200901,8
경남,거창군,200902,7
경남,거창군,200903,7
경남,거창군,200904,6
경남,거창군,200905,7
경남,거창군,200906,5
경남,거창군,200907,5
경남,거창군,200908,5
경남,거창군,200909,4
경남,거창군,200910,4
경남,거창군,200911,4
경남,거창군,200912,3
경남,거창군,201001,3
경남,거창군,201002,3
경남,거창군,201003,3
경남,거창군,201004,3
경남,거창군,201005,3
경남,거창군,201006,3
경남,거창군,201007,3
경남,거창군,201008,5
경남,거창군,201009,4
경남,거창군,201010,4
경남,거창군,201011,3
경남,거창군,201012,2
경남,거창군,201101,1
경남,거창군,201102,1
경남,거창군,201103,1
경남,거창군,201104,1
경남,거창군,201105,1
경남,거창군,201106,1
경남,거창군,201107,1
경남,거창군,201108,1
경남,거창군,201109,1
경남,거창군,201110,1
경남,거창군,201111,1
경남,거창군,201112,1
경남,거창군,201201,1
경남,거창군,201202,1
경남,거창군,201203,1
경남,거창군,201204,1
경남,거창군,201205,1
경남,거창군,201206,1
경남,거창군,201207,1
경남,거창군,201208,1
경남,거창군,201209,1
경남,거창군,201210,1
경남,거창군,201211,59
경남,거창군,201212,159
경남,거창군,201301,140
경남,거창군,201302,83
경남,거창군,201303,78
경남,거창군,201304,66
경남,거창군,201305,61
경남,거창군,201306,60
경남,거창군,201307,58
경남,거창군,201308,57
경남,거창군,201309,57
경남,거창군,201310,57
경남,거창군,201311,57
경남,거창군,201312,49
경남,거창군,201401,418
경남,거창군,201402,311
경남,거창군,201403,301
경남,거창군,201404,301
경남,거창군,201405,294
경남,거창군,201406,294
경남,거창군,201407,320
경남,거창군,201408,303
경남,거창군,201409,301
경남,거창군,201410,301
경남,거창군,201411,263
경남,거창군,201412,297
경남,거창군,201501,331
경남,거창군,201502,327
경남,거창군,201503,232
경남,거창군,201504,216
경남,거창군,201505,212
경남,거창군,201506,197
경남,거창군,201507,196
경남,거창군,201508,181
경남,거창군,201509,181
경남,거창군,201510,181
경남,거창군,201511,181
경남,거창군,201512,845
경남,거창군,201601,215
경남,거창군,201602,160
경남,거창군,201603,115
경남,거창군,201604,113
경남,거창군,201605,88
경남,거창군,201606,88
경남,거창군,201607,82
경남,거창군,201608,82
경남,거창군,201609,82
경남,거창군,201610,25
경남,거창군,201611,17
경남,거창군,201612,12
경남,거창군,201701,10
경남,거창군,201702,9
경남,거창군,201703,8
경남,거창군,201704,8
경남,거창군,201705,8
경남,거창군,201706,7
경남,거창군,201707,7
경남,거창군,201708,7
경남,거창군,201709,7
경남,거창군,201710,7
경남,거창군,201711,7
경남,거창군,201712,7
경남,거창군,201801,7
경남,거창군,201802,7
경남,거창군,201803,6
경남,거창군,201804,6
경남,거창군,201805,6
경남,거창군,201806,6
경남,거창군,201807,6
경남,거창군,201808,6
경남,거창군,201809,6
경남,거창군,201810,6
경남,거창군,201811,6
경남,거창군,201812,6
경남,거창군,201901,6
경남,거창군,201902,4
경남,거창군,201903,4
경남,거창군,201904,4
경남,거창군,201905,4
경남,거창군,201906,4
경남,거창군,201907,4
경남,거창군,201908,4
경남,거창군,201909,4
경남,거창군,201910,4
경남,거창군,201911,4
경남,거창군,201912,4
경남,거창군,202001,4
경남,거창군,202002,4
경남,거창군,202003,4
경남,거창군,202004,4
경남,거창군,202005,4
경남,거창군,202006,4
경남,거창군,202007,4
경남,거창군,202008,4
경남,거창군,202009,4
경남,거창군,202010,4
경남,거창군,202011,2
경남,거창군,202012,2
경남,거창군,202101,2
경남,거창군,202102,2
경남,거창군,202103,2
경남,거창군,202104,2
경남,거창군,202105,2
경남,거창군,202106,2
경남,거창군,202107,2
경남,거창군,202108,2
경남,거창군,202109,0
경남,거창군,202110,2
경남,거창군,202111,2
경남,거창군,202112,3
경남,거창군,202201,3
경남,거창군,202202,3
경남,거창군,202203,3
경남,거창군,202204,3
경남,거창군,202205,3
경남,거창군,202206,3
경남,거창군,202207,3
경남,거창군,202208,3
경남,거창군,202209,3
경남,거창군,202210,3
경남,거창군,202211,0
경남,거창군,202212,0
경남,거창군,202301,0
경남,거창군,202302,0
경남,거창군,202303,0
경남,거창군,202304,0
경남,거창군,202305,0
경남,거창군,202306,0
경남,거창군,202307,0
경남,거창군,202308,0
경남,거창군,202309,0
경남,거창군,202310,0
경남,거창군,202311,0
경남,거창군,202312,31
경남,거창군,202401,31
경남,거창군,202402,31
경남,거창군,202403,31
경남,거창군,202404,31
경남,거창군,202405,31
경남,거창군,202406,31
경남,거창군,202407,28
경남,거창군,202408,22
경남,거창군,202409,19
경남,거창군,202410,19
경남,거창군,202411,19
경남,거창군,202412,16
경남,거창군,202501,16
경남,거창군,202502,16
경남,거창군,202503,64
경남,거창군,202504,64
경남,거창군,202505,64
경남,거창군,202506,62
경남,거창군,202507,60
경남,거창군,202508,60
경남,거창군,202509,60
경남,거창군,202510,60
경남,거창군,202511,60
경남,거창군,202512,60
경남,거창군,202601,60
경남,거창군,202602,60
경남,거창군,202603,60
경남,거창군,202604,60
경남,거창군,202605,60
경남,거창군,202606,60
경남,거창군,202607,60
경남,거창군,202608,60
경남,합천군,200701,24
경남,합천군,200702,19
경남,합천군,200703,17
경남,합천군,200704,15
경남,합천군,200705,14
경남,합천군,200706,12
경남,합천군,200707,12
경남,합천군,200708,11
경남,합천군,200709,10
경남,합천군,200710,7
경남,합천군,200711,7
경남,합천군,200712,5
경남,합천군,200801,5
경남,합천군,200802,5
경남,합천군,200803,4
경남,합천군,200804,4
경남,합천군,200805,4
경남,합천군,200806,4
경남,합천군,200807,4
경남,합천군,200808,3
경남,합천군,200809,3
경남,합천군,200810,3
경남,합천군,200811,3
경남,합천군,200812,2
경남,합천군,200901,2
경남,합천군,200902,2
경남,합천군,200903,1
경남,합천군,200904,1
경남,합천군,200905,1
경남,합천군,200906,1
경남,합천군,200907,1
경남,합천군,200908,1
경남,합천군,200909,1
경남,합천군,200910,1
경남,합천군,200911,1
경남,합천군,200912,1
경남,합천군,201001,1
경남,합천군,201002,1
경남,합천군,201003,1
경남,합천군,201004,1
경남,합천군,201005,1
경남,합천군,201006,1
경남,합천군,201007,1
경남,합천군,201008,1
경남,합천군,201009,1
경남,합천군,201010,1
경남,합천군,201011,1
경남,합천군,201012,1
경남,합천군,201101,1
경남,합천군,201102,1
경남,합천군,201103,1
경남,합천군,201104,1
경남,합천군,201105,1
경남,합천군,201106,1
경남,합천군,201107,1
경남,합천군,201108,1
경남,합천군,201109,1
경남,합천군,201110,1
경남,합천군,201111,1
경남,합천군,201112,1
경남,합천군,201201,1
경남,합천군,201202,1
경남,합천군,201203,1
경남,합천군,201204,0
경남,합천군,201205,0
경남,합천군,201206,0
경남,합천군,201207,0
경남,합천군,201208,0
경남,합천군,201209,0
경남,합천군,201210,0
경남,합천군,201211,0
경남,합천군,201212,0
경남,합천군,201301,0
경남,합천군,201302,0
경남,합천군,201303,0
경남,합천군,201304,0
경남,합천군,201305,0
경남,합천군,201306,0
경남,합천군,201307,0
경남,합천군,201308,0
경남,합천군,201309,2
경남,합천군,201310,1
경남,합천군,201311,1
경남,합천군,201312,0
경남,합천군,201401,0
경남,합천군,201402,0
경남,합천군,201403,0
경남,합천군,201404,80
경남,합천군,201405,57
경남,합천군,201406,54
경남,합천군,201407,54
경남,합천군,201408,39
경남,합천군,201409,39
경남,합천군,201410,38
경남,합천군,201411,28
경남,합천군,201412,28
경남,합천군,201501,24
경남,합천군,201502,24
경남,합천군,201503,24
경남,합천군,201504,7
경남,합천군,201505,7
경남,합천군,201506,7
경남,합천군,201507,0
경남,합천군,201508,0
경남,합천군,201509,0
경남,합천군,201510,0
경남,합천군,201511,0
경남,합천군,201512,0
경남,합천군,201601,0
경남,합천군,201602,0
경남,합천군,201603,0
경남,합천군,201604,0
경남,합천군,201605,0
경남,합천군,201606,0
경남,합천군,201607,0
경남,합천군,201608,0
경남,합천군,201609,0
경남,합천군,201610,0
경남,합천군,201611,0
경남,합천군,201612,0
경남,합천군,201701,0
경남,합천군,201702,0
경남,합천군,201703,0
경남,합천군,201704,0
경남,합천군,201705,0
경남,합천군,201706,0
경남,합천군,201707,0
경남,합천군,201708,0
경남,합천군,201709,0
경남,합천군,201710,0
경남,합천군,201711,0
경남,합천군,201712,0
경남,합천군,201801,0
경남,합천군,201802,0
경남,합천군,201807,0
경남,합천군,201808,0
경남,합천군,201811,0
경남,합천군,201812,0
경남,합천군,201901,0
경남,합천군,201902,0
경남,합천군,201903,0
경남,합천군,201904,0
경남,합천군,201905,0
경남,합천군,201906,0
경남,합천군,201907,0
경남,합천군,201908,0
경남,합천군,201909,0
경남,합천군,201910,0
경남,합천군,201912,0
경남,합천군,202001,0
경남,합천군,202002,0
경남,합천군,202003,0
경남,합천군,202004,0
경남,합천군,202005,0
경남,합천군,202006,0
경남,합천군,202007,0
경남,합천군,202008,0
경남,합천군,202009,0
경남,합천군,202010,0
경남,합천군,202011,0
경남,합천군,202012,0
경남,합천군,202101,0
경남,합천군,202102,0
경남,합천군,202103,0
경남,합천군,202104,0
경남,합천군,202105,0
경남,합천군,202106,0
경남,합천군,202107,0
경남,합천군,202108,0
경남,합천군,202109,0
경남,합천군,202110,0
경남,합천군,202111,0
경남,합천군,202112,0
경남,합천군,202201,0
경남,합천군,202202,0
경남,합천군,202203,0
경남,합천군,202204,0
경남,합천군,202205,0
경남,합천군,202206,0
경남,합천군,202207,0
경남,합천군,202208,0
경남,합천군,202209,0
경남,합천군,202210,0
경남,합천군,202211,0
경남,합천군,202212,0
경남,합천군,202301,0
경남,합천군,202302,0
경남,합천군,202303,0
경남,합천군,202304,0
경남,합천군,202305,0
경남,합천군,202306,0
경남,합천군,202307,0
경남,합천군,202308,0
경남,합천군,202309,0
경남,합천군,202310,0
경남,합천군,202311,0
경남,합천군,202312,0
경남,합천군,202401,0
경남,합천군,202402,0
경남,합천군,202403,0
경남,합천군,202404,0
경남,합천군,202405,0
경남,합천군,202406,0
경남,합천군,202407,0
경남,합천군,202408,0
경남,합천군,202409,0
경남,합천군,202410,0
경남,합천군,202411,0
경남,합천군,202412,0
경남,합천군,202501,0
경남,합천군,202502,0
경남,합천군,202503,0
경남,합천군,202504,0
경남,합천군,202505,0
경남,합천군,202506,0
경남,합천군,202507,0
경남,합천군,202508,0
경남,합천군,202509,0
경남,합천군,202510,0
경남,합천군,202511,0
경남,합천군,202512,0
경남,합천군,202601,0
경남,합천군,202602,0
경남,합천군,202603,0
경남,합천군,202604,0
경남,합천군,202605,0
경남,합천군,202606,0
경남,합천군,202607,0
경남,합천군,202608,0
제주,제주시,200701,77
제주,제주시,200702,55
제주,제주시,200703,153
제주,제주시,200704,129
제주,제주시,200705,127
제주,제주시,200706,129
제주,제주시,200707,159
제주,제주시,200708,155
제주,제주시,200709,153
제주,제주시,200710,118
제주,제주시,200711,121
제주,제주시,200712,114
제주,제주시,200801,110
제주,제주시,200802,139
제주,제주시,200803,117
제주,제주시,200804,117
제주,제주시,200805,117
제주,제주시,200806,198
제주,제주시,200807,198
제주,제주시,200808,189
제주,제주시,200809,173
제주,제주시,200810,167
제주,제주시,200811,155
제주,제주시,200812,153
제주,제주시,200901,148
제주,제주시,200902,144
제주,제주시,200903,168
제주,제주시,200904,317
제주,제주시,200905,295
제주,제주시,200906,260
제주,제주시,200907,228
제주,제주시,200908,222
제주,제주시,200909,196
제주,제주시,200910,226
제주,제주시,200911,227
제주,제주시,200912,187
제주,제주시,201001,207
제주,제주시,201002,174
제주,제주시,201003,157
제주,제주시,201004,145
제주,제주시,201005,141
제주,제주시,201006,125
제주,제주시,201007,117
제주,제주시,201008,112
제주,제주시,201009,110
제주,제주시,201010,93
제주,제주시,201011,143
제주,제주시,201012,119
제주,제주시,201101,148
제주,제주시,201102,130
제주,제주시,201103,143
제주,제주시,201104,111
제주,제주시,201105,84
제주,제주시,201106,89
제주,제주시,201107,74
제주,제주시,201108,100
제주,제주시,201109,94
제주,제주시,201110,42
제주,제주시,201111,41
제주,제주시,201112,60
제주,제주시,201201,55
제주,제주시,201202,69
제주,제주시,201203,50
제주,제주시,201204,43
제주,제주시,201205,112
제주,제주시,201206,106
제주,제주시,201207,113
제주,제주시,201208,108
제주,제주시,201209,829
제주,제주시,201210,696
제주,제주시,201211,798
제주,제주시,201212,795
제주,제주시,201301,716
제주,제주시,201302,805
제주,제주시,201303,750
제주,제주시,201304,741
제주,제주시,201305,695
제주,제주시,201306,479
제주,제주시,201307,460
제주,제주시,201308,438
제주,제주시,201309,441
제주,제주시,201310,418
제주,제주시,201311,398
제주,제주시,201312,386
제주,제주시,201401,388
제주,제주시,201402,404
제주,제주시,201403,407
제주,제주시,201404,439
제주,제주시,201405,345
제주,제주시,201406,305
제주,제주시,201407,277
제주,제주시,201408,218
제주,제주시,201409,193
제주,제주시,201410,116
제주,제주시,201411,103
제주,제주시,201412,81
제주,제주시,201501,125
제주,제주시,201502,65
제주,제주시,201503,63
제주,제주시,201504,119
제주,제주시,201505,24
제주,제주시,201506,174
제주,제주시,201507,54
제주,제주시,201508,7
제주,제주시,201509,7
제주,제주시,201510,6
제주,제주시,201511,26
제주,제주시,201512,96
제주,제주시,201601,101
제주,제주시,201602,49
제주,제주시,201603,62
제주,제주시,201604,138
제주,제주시,201605,80
제주,제주시,201606,222
제주,제주시,201607,228
제주,제주시,201608,324
제주,제주시,201609,265
제주,제주시,201610,286
제주,제주시,201611,278
제주,제주시,201612,260
제주,제주시,201701,265
제주,제주시,201702,355
제주,제주시,201703,643
제주,제주시,201704,786
제주,제주시,201705,812
제주,제주시,201706,829
제주,제주시,201707,733
제주,제주시,201708,717
제주,제주시,201709,747
제주,제주시,201710,786
제주,제주시,201711,924
제주,제주시,201712,1002
제주,제주시,201801,963
제주,제주시,201802,864
제주,제주시,201803,1012
제주,제주시,201804,952
제주,제주시,201805,953
제주,제주시,201806,950
제주,제주시,201807,952
제주,제주시,201808,904
제주,제주시,201809,925
제주,제주시,201810,911
제주,제주시,201811,889
제주,제주시,201812,851
제주,제주시,201901,753
제주,제주시,201902,776
제주,제주시,201903,742
제주,제주시,201904,768
제주,제주시,201905,629
제주,제주시,201906,648
제주,제주시,201907,516
제주,제주시,201908,479
제주,제주시,201909,426
제주,제주시,201910,399
제주,제주시,201911,392
제주,제주시,201912,388
제주,제주시,202001,376
제주,제주시,202002,342
제주,제주시,202003,340
제주,제주시,202004,336
제주,제주시,202005,418
제주,제주시,202006,385
제주,제주시,202007,382
제주,제주시,202008,370
제주,제주시,202009,363
제주,제주시,202010,407
제주,제주시,202011,486
제주,제주시,202012,477
제주,제주시,202101,516
제주,제주시,202102,506
제주,제주시,202103,457
제주,제주시,202104,429
제주,제주시,202105,419
제주,제주시,202106,439
제주,제주시,202107,398
제주,제주시,202108,371
제주,제주시,202109,358
제주,제주시,202110,341
제주,제주시,202111,327
제주,제주시,202112,313
제주,제주시,202201,428
제주,제주시,202202,368
제주,제주시,202203,389
제주,제주시,202204,463
제주,제주시,202205,552
제주,제주시,202206,533
제주,제주시,202207,713
제주,제주시,202208,722
제주,제주시,202209,754
제주,제주시,202210,889
제주,제주시,202211,875
제주,제주시,202212,863
제주,제주시,202301,967
제주,제주시,202302,1022
제주,제주시,202303,1010
제주,제주시,202304,1060
제주,제주시,202305,1058
제주,제주시,202306,1054
제주,제주시,202307,1458
제주,제주시,202308,1444
제주,제주시,202309,1434
제주,제주시,202310,1550
제주,제주시,202311,1537
제주,제주시,202312,1528
제주,제주시,202401,1515
제주,제주시,202402,1512
제주,제주시,202403,1512
제주,제주시,202404,1871
제주,제주시,202405,1736
제주,제주시,202406,1615
제주,제주시,202407,1582
제주,제주시,202408,1555
제주,제주시,202409,1552
제주,제주시,202410,1978
제주,제주시,202411,1957
제주,제주시,202412,1921
제주,제주시,202501,1795
제주,제주시,202502,1748
제주,제주시,202503,1700
제주,제주시,202504,1685
제주,제주시,202505,1683
제주,제주시,202506,1645
제주,제주시,202507,1652
제주,제주시,202508,1792
제주,제주시,202509,1749
제주,제주시,202510,1717
제주,제주시,202511,1695
제주,제주시,202512,1833
제주,제주시,202601,1800
제주,제주시,202602,1779
제주,제주시,202603,1726
제주,제주시,202604,1711
제주,제주시,202605,1805
제주,제주시,202606,1910
제주,제주시,202607,2299
제주,제주시,202608,2271
제주,서귀포시,200701,0
제주,서귀포시,200702,41
제주,서귀포시,200703,35
제주,서귀포시,200704,33
제주,서귀포시,200705,29
제주,서귀포시,200706,23
제주,서귀포시,200707,20
제주,서귀포시,200708,17
제주,서귀포시,200709,16
제주,서귀포시,200710,16
제주,서귀포시,200711,12
제주,서귀포시,200712,7
제주,서귀포시,200801,6
제주,서귀포시,200802,40
제주,서귀포시,200803,38
제주,서귀포시,200804,35
제주,서귀포시,200805,30
제주,서귀포시,200806,95
제주,서귀포시,200807,134
제주,서귀포시,200808,130
제주,서귀포시,200809,124
제주,서귀포시,200810,122
제주,서귀포시,200811,118
제주,서귀포시,200812,116
제주,서귀포시,200901,116
제주,서귀포시,200902,112
제주,서귀포시,200903,114
제주,서귀포시,200904,108
제주,서귀포시,200905,105
제주,서귀포시,200906,105
제주,서귀포시,200907,104
제주,서귀포시,200908,102
제주,서귀포시,200909,102
제주,서귀포시,200910,101
제주,서귀포시,200911,99
제주,서귀포시,200912,93
제주,서귀포시,201001,90
제주,서귀포시,201002,87
제주,서귀포시,201003,76
제주,서귀포시,201004,76
제주,서귀포시,201005,76
제주,서귀포시,201006,66
제주,서귀포시,201007,63
제주,서귀포시,201008,63
제주,서귀포시,201009,62
제주,서귀포시,201010,62
제주,서귀포시,201011,43
제주,서귀포시,201012,43
제주,서귀포시,201101,83
제주,서귀포시,201102,79
제주,서귀포시,201103,72
제주,서귀포시,201104,66
제주,서귀포시,201105,57
제주,서귀포시,201106,57
제주,서귀포시,201107,56
제주,서귀포시,201108,190
제주,서귀포시,201109,155
제주,서귀포시,201110,134
제주,서귀포시,201111,106
제주,서귀포시,201112,37
제주,서귀포시,201201,16
제주,서귀포시,201202,15
제주,서귀포시,201203,7
제주,서귀포시,201204,5
제주,서귀포시,201205,198
제주,서귀포시,201206,184
제주,서귀포시,201207,171
제주,서귀포시,201208,157
제주,서귀포시,201209,153
제주,서귀포시,201210,145
제주,서귀포시,201211,176
제주,서귀포시,201212,159
제주,서귀포시,201301,335
제주,서귀포시,201302,258
제주,서귀포시,201303,246
제주,서귀포시,201304,242
제주,서귀포시,201305,230
제주,서귀포시,201306,265
제주,서귀포시,201307,224
제주,서귀포시,201308,176
제주,서귀포시,201309,140
제주,서귀포시,201310,98
제주,서귀포시,201311,79
제주,서귀포시,201312,202
제주,서귀포시,201401,169
제주,서귀포시,201402,136
제주,서귀포시,201403,104
제주,서귀포시,201404,64
제주,서귀포시,201405,63
제주,서귀포시,201406,55
제주,서귀포시,201407,46
제주,서귀포시,201408,46
제주,서귀포시,201409,46
제주,서귀포시,201410,44
제주,서귀포시,201411,44
제주,서귀포시,201412,43
제주,서귀포시,201501,43
제주,서귀포시,201502,43
제주,서귀포시,201503,43
제주,서귀포시,201504,43
제주,서귀포시,201505,43
제주,서귀포시,201506,43
제주,서귀포시,201507,25
제주,서귀포시,201508,25
제주,서귀포시,201509,25
제주,서귀포시,201510,20
제주,서귀포시,201511,18
제주,서귀포시,201512,18
제주,서귀포시,201601,18
제주,서귀포시,201602,6
제주,서귀포시,201603,0
제주,서귀포시,201604,20
제주,서귀포시,201605,42
제주,서귀포시,201606,27
제주,서귀포시,201607,27
제주,서귀포시,201608,26
제주,서귀포시,201609,20
제주,서귀포시,201610,20
제주,서귀포시,201611,20
제주,서귀포시,201612,11
제주,서귀포시,201701,88
제주,서귀포시,201702,91
제주,서귀포시,201703,92
제주,서귀포시,201704,128
제주,서귀포시,201705,159
제주,서귀포시,201706,142
제주,서귀포시,201707,170
제주,서귀포시,201708,197
제주,서귀포시,201709,274
제주,서귀포시,201710,270
제주,서귀포시,201711,259
제주,서귀포시,201712,269
제주,서귀포시,201801,317
제주,서귀포시,201802,326
제주,서귀포시,201803,327
제주,서귀포시,201804,308
제주,서귀포시,201805,315
제주,서귀포시,201806,349
제주,서귀포시,201807,323
제주,서귀포시,201808,313
제주,서귀포시,201809,350
제주,서귀포시,201810,315
제주,서귀포시,201811,376
제주,서귀포시,201812,444
제주,서귀포시,201901,434
제주,서귀포시,201902,495
제주,서귀포시,201903,485
제주,서귀포시,201904,477
제주,서귀포시,201905,497
제주,서귀포시,201906,570
제주,서귀포시,201907,645
제주,서귀포시,201908,744
제주,서귀포시,201909,735
제주,서귀포시,201910,717
제주,서귀포시,201911,696
제주,서귀포시,201912,684
제주,서귀포시,202001,681
제주,서귀포시,202002,672
제주,서귀포시,202003,844
제주,서귀포시,202004,945
제주,서귀포시,202005,919
제주,서귀포시,202006,894
제주,서귀포시,202007,900
제주,서귀포시,202008,880
제주,서귀포시,202009,858
제주,서귀포시,202010,826
제주,서귀포시,202011,722
제주,서귀포시,202012,618
제주,서귀포시,202101,734
제주,서귀포시,202102,715
제주,서귀포시,202103,674
제주,서귀포시,202104,605
제주,서귀포시,202105,581
제주,서귀포시,202106,548
제주,서귀포시,202107,535
제주,서귀포시,202108,529
제주,서귀포시,202109,512
제주,서귀포시,202110,532
제주,서귀포시,202111,550
제주,서귀포시,202112,523
제주,서귀포시,202201,541
제주,서귀포시,202202,529
제주,서귀포시,202203,502
제주,서귀포시,202204,499
제주,서귀포시,202205,567
제주,서귀포시,202206,530
제주,서귀포시,202207,514
제주,서귀포시,202208,491
제주,서귀포시,202209,545
제주,서귀포시,202210,833
제주,서귀포시,202211,824
제주,서귀포시,202212,813
제주,서귀포시,202301,813
제주,서귀포시,202302,907
제주,서귀포시,202303,906
제주,서귀포시,202304,906
제주,서귀포시,202305,903
제주,서귀포시,202306,900
제주,서귀포시,202307,900
제주,서귀포시,202308,978
제주,서귀포시,202309,978
제주,서귀포시,202310,973
제주,서귀포시,202311,973
제주,서귀포시,202312,971
제주,서귀포시,202401,971
제주,서귀포시,202402,973
제주,서귀포시,202403,973
제주,서귀포시,202404,966
제주,서귀포시,202405,960
제주,서귀포시,202406,943
제주,서귀포시,202407,900
제주,서귀포시,202408,875
제주,서귀포시,202409,859
제주,서귀포시,202410,850
제주,서귀포시,202411,894
제주,서귀포시,202412,886
제주,서귀포시,202501,879
제주,서귀포시,202502,866
제주,서귀포시,202503,861
제주,서귀포시,202504,849
제주,서귀포시,202505,839
제주,서귀포시,202506,838
제주,서귀포시,202507,834
제주,서귀포시,202508,829
제주,서귀포시,202509,827
제주,서귀포시,202510,825
제주,서귀포시,202511,825
제주,서귀포시,202512,817
제주,서귀포시,202601,806
제주,서귀포시,202602,932
제주,서귀포시,202603,997
제주,서귀포시,202604,989
제주,서귀포시,202605,999
제주,서귀포시,202606,999
제주,서귀포시,202607,1004
제주,서귀포시,202608,997
전남광주,목포시,202607,241
전남광주,목포시,202608,241
전남광주,서구,202607,216
전남광주,서구,202608,216
전남광주,여수시,202607,482
전남광주,여수시,202608,481
전남광주,순천시,202607,655
전남광주,순천시,202608,655
전남광주,동구,202607,0
전남광주,동구,202608,0
전남광주,나주시,202607,98
전남광주,나주시,202608,98
전남광주,남구,202607,145
전남광주,남구,202608,129
전남광주,광양시,202607,577
전남광주,광양시,202608,538
전남광주,북구,202607,525
전남광주,북구,202608,525
전남광주,광산구,202607,223
전남광주,광산구,202608,221
전남광주,담양군,202607,36
전남광주,담양군,202608,35
전남광주,곡성군,202607,0
전남광주,곡성군,202608,0
전남광주,구례군,202607,161
전남광주,구례군,202608,161
전남광주,고흥군,202607,0
전남광주,고흥군,202608,0
전남광주,보성군,202607,0
전남광주,보성군,202608,0
전남광주,화순군,202607,8
전남광주,화순군,202608,5
전남광주,장흥군,202607,71
전남광주,장흥군,202608,71
전남광주,강진군,202607,0
전남광주,강진군,202608,0
전남광주,해남군,202607,3
전남광주,해남군,202608,3
전남광주,영암군,202607,0
전남광주,영암군,202608,0
전남광주,무안군,202607,3
전남광주,무안군,202608,3
전남광주,함평군,202607,210
전남광주,함평군,202608,208
전남광주,영광군,202607,0
전남광주,영광군,202608,0
전남광주,장성군,202607,62
전남광주,장성군,202608,52
전남광주,완도군,202607,0
전남광주,완도군,202608,0
전남광주,진도군,202607,0
전남광주,진도군,202608,0
전남광주,신안군,202607,0
전남광주,신안군,202608,0
세종,세종시,201212,0
세종,세종시,201302,102
세종,세종시,201303,721
세종,세종시,201304,424
세종,세종시,201305,619
세종,세종시,201306,414
세종,세종시,201307,739
세종,세종시,201308,180
세종,세종시,201309,43
세종,세종시,201310,14
세종,세종시,201311,158
세종,세종시,201312,54
세종,세종시,201401,4
세종,세종시,201402,4
세종,세종시,201403,4
세종,세종시,201404,211
세종,세종시,201405,267
세종,세종시,201406,302
세종,세종시,201407,1344
세종,세종시,201408,897
세종,세종시,201409,697
세종,세종시,201410,313
세종,세종시,201411,61
세종,세종시,201412,433
세종,세종시,201501,295
세종,세종시,201502,84
세종,세종시,201503,0
세종,세종시,201504,0
세종,세종시,201505,0
세종,세종시,201506,0
세종,세종시,201507,0
세종,세종시,201508,0
세종,세종시,201509,0
세종,세종시,201510,0
세종,세종시,201511,16
세종,세종시,201512,16
세종,세종시,201601,4
세종,세종시,201602,4
세종,세종시,201603,4
세종,세종시,201604,3
세종,세종시,201605,0
세종,세종시,201606,0
세종,세종시,201607,0
세종,세종시,201608,0
세종,세종시,201609,0
세종,세종시,201611,0
세종,세종시,201612,0
세종,세종시,201701,0
세종,세종시,201702,0
세종,세종시,201703,0
세종,세종시,201704,0
세종,세종시,201705,0
세종,세종시,201706,0
세종,세종시,201707,0
세종,세종시,201708,0
세종,세종시,201709,0
세종,세종시,201710,0
세종,세종시,201711,0
세종,세종시,201712,0
세종,세종시,201801,0
세종,세종시,201802,0
세종,세종시,201803,0
세종,세종시,201804,0
세종,세종시,201805,0
세종,세종시,201806,0
세종,세종시,201807,0
세종,세종시,201808,0
세종,세종시,201811,0
세종,세종시,201812,0
세종,세종시,201901,0
세종,세종시,201902,0
세종,세종시,201903,0
세종,세종시,201905,0
세종,세종시,201906,0
세종,세종시,201907,0
세종,세종시,201908,0
세종,세종시,201909,0
세종,세종시,201910,0
세종,세종시,201911,0
세종,세종시,201912,0
세종,세종시,202001,0
세종,세종시,202002,0
세종,세종시,202003,0
세종,세종시,202004,0
세종,세종시,202005,0
세종,세종시,202006,0
세종,세종시,202007,0
세종,세종시,202008,0
세종,세종시,202009,0
세종,세종시,202010,0
세종,세종시,202011,0
세종,세종시,202012,0
세종,세종시,202101,0
세종,세종시,202102,0
세종,세종시,202103,0
세종,세종시,202104,0
세종,세종시,202105,0
세종,세종시,202106,0
세종,세종시,202107,0
세종,세종시,202108,0
세종,세종시,202109,0
세종,세종시,202110,129
세종,세종시,202111,103
세종,세종시,202112,30
세종,세종시,202201,21
세종,세종시,202202,15
세종,세종시,202203,13
세종,세종시,202204,13
세종,세종시,202205,12
세종,세종시,202206,12
세종,세종시,202207,10
세종,세종시,202208,8
세종,세종시,202209,5
세종,세종시,202210,6
세종,세종시,202211,6
세종,세종시,202212,6
세종,세종시,202301,6
세종,세종시,202302,157
세종,세종시,202303,157
세종,세종시,202304,156
세종,세종시,202305,114
세종,세종시,202306,86
세종,세종시,202307,77
세종,세종시,202308,127
세종,세종시,202309,127
세종,세종시,202310,126
세종,세종시,202311,125
세종,세종시,202312,122
세종,세종시,202401,120
세종,세종시,202402,119
세종,세종시,202403,112
세종,세종시,202404,105
세종,세종시,202405,103
세종,세종시,202406,88
세종,세종시,202407,85
세종,세종시,202408,85
세종,세종시,202409,57
세종,세종시,202410,56
세종,세종시,202411,56
세종,세종시,202412,61
세종,세종시,202501,57
세종,세종시,202502,55
세종,세종시,202503,58
세종,세종시,202504,57
세종,세종시,202505,58
세종,세종시,202506,57
세종,세종시,202507,57
세종,세종시,202508,50
세종,세종시,202509,47
세종,세종시,202510,47
세종,세종시,202511,49
세종,세종시,202512,42
세종,세종시,202601,42
세종,세종시,202602,42
세종,세종시,202603,42
세종,세종시,202604,42
세종,세종시,202605,43
세종,세종시,202606,43
세종,세종시,202607,43
세종,세종시,202608,43
세종,조치원읍,201207,50
세종,조치원읍,201208,42
세종,조치원읍,201209,21
세종,조치원읍,201210,3
세종,조치원읍,201211,0
세종,조치원읍,201301,0
