Season_End_Year,Date,Home,Away,HomeGoals,AwayGoals,Home_xG,Away_xG
2018,2017-08-11,Arsenal,Leicester City,4.0,3.0,2.5,1.5
2018,2017-08-12,Watford,Liverpool,3.0,3.0,2.1,2.6
2018,2017-08-12,Crystal Palace,Huddersfield,0.0,3.0,1.1,1.5
2018,2017-08-12,West Brom,Bournemouth,1.0,0.0,1.3,0.5
2018,2017-08-12,Chelsea,Burnley,2.0,3.0,1.5,0.6
2018,2017-08-12,Everton,Stoke City,1.0,0.0,0.6,0.4
2018,2017-08-12,Southampton,Swansea City,0.0,0.0,2.0,0.3
2018,2017-08-12,Brighton,Manchester City,0.0,2.0,0.3,1.9
2018,2017-08-13,Newcastle Utd,Tottenham,0.0,2.0,0.8,2.5
2018,2017-08-13,Manchester Utd,West Ham,4.0,0.0,2.1,0.5
2018,2017-08-19,Swansea City,Manchester Utd,0.0,4.0,0.4,3.0
2018,2017-08-19,Bournemouth,Watford,0.0,2.0,1.0,2.4
2018,2017-08-19,Southampton,West Ham,3.0,2.0,2.1,2.0
2018,2017-08-19,Leicester City,Brighton,2.0,0.0,2.0,0.2
2018,2017-08-19,Burnley,West Brom,0.0,1.0,1.3,0.9
2018,2017-08-19,Liverpool,Crystal Palace,1.0,0.0,2.5,0.7
2018,2017-08-19,Stoke City,Arsenal,1.0,0.0,0.7,1.5
2018,2017-08-20,Huddersfield,Newcastle Utd,1.0,0.0,0.3,0.7
2018,2017-08-20,Tottenham,Chelsea,1.0,2.0,0.7,0.7
2018,2017-08-21,Manchester City,Everton,1.0,1.0,1.1,0.6
2018,2017-08-26,Bournemouth,Manchester City,1.0,2.0,0.5,1.4
2018,2017-08-26,Huddersfield,Southampton,0.0,0.0,1.4,0.7
2018,2017-08-26,Watford,Brighton,0.0,0.0,0.3,1.1
2018,2017-08-26,Crystal Palace,Swansea City,0.0,2.0,0.9,0.7
2018,2017-08-26,Newcastle Utd,West Ham,3.0,0.0,2.3,0.6
2018,2017-08-26,Manchester Utd,Leicester City,2.0,0.0,2.8,0.9
2018,2017-08-27,Chelsea,Everton,2.0,0.0,1.0,0.4
2018,2017-08-27,West Brom,Stoke City,1.0,1.0,0.8,1.3
2018,2017-08-27,Tottenham,Burnley,1.0,1.0,2.3,0.9
2018,2017-08-27,Liverpool,Arsenal,4.0,0.0,3.1,0.6
2018,2017-09-09,Manchester City,Liverpool,5.0,0.0,2.4,0.7
2018,2017-09-09,Everton,Tottenham,0.0,3.0,0.9,1.8
2018,2017-09-09,Arsenal,Bournemouth,3.0,0.0,2.2,0.6
2018,2017-09-09,Leicester City,Chelsea,1.0,2.0,1.4,0.8
2018,2017-09-09,Brighton,West Brom,3.0,1.0,0.4,1.0
2018,2017-09-09,Southampton,Watford,0.0,2.0,0.3,0.7
2018,2017-09-09,Stoke City,Manchester Utd,2.0,2.0,1.2,2.1
2018,2017-09-10,Burnley,Crystal Palace,1.0,0.0,0.3,2.0
2018,2017-09-10,Swansea City,Newcastle Utd,0.0,1.0,1.2,1.0
2018,2017-09-11,West Ham,Huddersfield,2.0,0.0,1.7,0.4
2018,2017-09-15,Bournemouth,Brighton,2.0,1.0,1.2,0.9
2018,2017-09-16,Crystal Palace,Southampton,0.0,1.0,2.0,1.0
2018,2017-09-16,Newcastle Utd,Stoke City,2.0,1.0,2.0,0.7
2018,2017-09-16,Huddersfield,Leicester City,1.0,1.0,0.7,1.3
2018,2017-09-16,Liverpool,Burnley,1.0,1.0,2.2,0.2
2018,2017-09-16,West Brom,West Ham,0.0,0.0,0.7,0.3
2018,2017-09-16,Watford,Manchester City,0.0,6.0,0.5,3.3
2018,2017-09-16,Tottenham,Swansea City,0.0,0.0,1.1,0.2
2018,2017-09-17,Chelsea,Arsenal,0.0,0.0,0.8,1.4
2018,2017-09-17,Manchester Utd,Everton,4.0,0.0,2.9,1.1
2018,2017-09-23,West Ham,Tottenham,2.0,3.0,0.6,1.2
2018,2017-09-23,Southampton,Manchester Utd,0.0,1.0,1.0,1.2
2018,2017-09-23,Stoke City,Chelsea,0.0,4.0,0.8,1.4
2018,2017-09-23,Manchester City,Crystal Palace,5.0,0.0,4.5,0.6
2018,2017-09-23,Burnley,Huddersfield,0.0,0.0,0.3,0.3
2018,2017-09-23,Swansea City,Watford,1.0,2.0,1.7,1.2
2018,2017-09-23,Everton,Bournemouth,2.0,1.0,2.0,0.3
2018,2017-09-23,Leicester City,Liverpool,2.0,3.0,2.8,1.7
2018,2017-09-24,Brighton,Newcastle Utd,1.0,0.0,1.0,1.5
2018,2017-09-25,Arsenal,West Brom,2.0,0.0,2.2,0.9
2018,2017-09-30,Huddersfield,Tottenham,0.0,4.0,0.2,1.5
2018,2017-09-30,Stoke City,Southampton,2.0,1.0,2.4,1.4
2018,2017-09-30,West Ham,Swansea City,1.0,0.0,0.7,0.2
2018,2017-09-30,Manchester Utd,Crystal Palace,4.0,0.0,2.8,0.4
2018,2017-09-30,Bournemouth,Leicester City,0.0,0.0,1.4,0.6
2018,2017-09-30,West Brom,Watford,2.0,2.0,1.9,1.4
2018,2017-09-30,Chelsea,Manchester City,0.0,1.0,0.5,0.9
2018,2017-10-01,Arsenal,Brighton,2.0,0.0,2.4,0.4
2018,2017-10-01,Everton,Burnley,0.0,1.0,1.1,0.4
2018,2017-10-01,Newcastle Utd,Liverpool,1.0,1.0,0.3,1.3
2018,2017-10-14,Liverpool,Manchester Utd,0.0,0.0,1.5,0.2
2018,2017-10-14,Tottenham,Bournemouth,1.0,0.0,1.8,0.2
2018,2017-10-14,Burnley,West Ham,1.0,1.0,1.2,0.9
2018,2017-10-14,Crystal Palace,Chelsea,2.0,1.0,1.7,0.8
2018,2017-10-14,Swansea City,Huddersfield,2.0,0.0,1.5,0.7
2018,2017-10-14,Manchester City,Stoke City,7.0,2.0,3.8,0.5
2018,2017-10-14,Watford,Arsenal,2.0,1.0,1.6,1.0
2018,2017-10-15,Brighton,Everton,1.0,1.0,1.0,1.5
2018,2017-10-15,Southampton,Newcastle Utd,2.0,2.0,1.5,1.2
2018,2017-10-16,Leicester City,West Brom,1.0,1.0,1.3,0.2
2018,2017-10-20,West Ham,Brighton,0.0,3.0,0.7,1.4
2018,2017-10-21,Chelsea,Watford,4.0,2.0,1.9,1.9
2018,2017-10-21,Manchester City,Burnley,3.0,0.0,3.1,0.2
2018,2017-10-21,Huddersfield,Manchester Utd,2.0,1.0,1.2,0.8
2018,2017-10-21,Swansea City,Leicester City,1.0,2.0,0.8,1.9
2018,2017-10-21,Stoke City,Bournemouth,1.0,2.0,1.2,1.1
2018,2017-10-21,Newcastle Utd,Crystal Palace,1.0,0.0,0.3,0.5
2018,2017-10-21,Southampton,West Brom,1.0,0.0,2.0,0.4
2018,2017-10-22,Everton,Arsenal,2.0,5.0,1.0,3.5
2018,2017-10-22,Tottenham,Liverpool,4.0,1.0,2.0,0.6
2018,2017-10-28,Manchester Utd,Tottenham,1.0,0.0,0.8,1.2
2018,2017-10-28,Arsenal,Swansea City,2.0,1.0,2.0,0.9
2018,2017-10-28,Crystal Palace,West Ham,2.0,2.0,2.6,0.8
2018,2017-10-28,Watford,Stoke City,0.0,1.0,1.2,1.1
2018,2017-10-28,Liverpool,Huddersfield,3.0,0.0,2.1,0.1
2018,2017-10-28,West Brom,Manchester City,2.0,3.0,1.5,2.3
2018,2017-10-28,Bournemouth,Chelsea,0.0,1.0,0.5,1.6
2018,2017-10-29,Brighton,Southampton,1.0,1.0,1.2,0.3
2018,2017-10-29,Leicester City,Everton,2.0,0.0,1.3,0.6
2018,2017-10-30,Burnley,Newcastle Utd,1.0,0.0,0.9,0.5
2018,2017-11-04,Stoke City,Leicester City,2.0,2.0,1.0,1.5
2018,2017-11-04,Southampton,Burnley,0.0,1.0,0.7,0.2
2018,2017-11-04,Swansea City,Brighton,0.0,1.0,1.3,0.9
2018,2017-11-04,Huddersfield,West Brom,1.0,0.0,0.3,0.4
2018,2017-11-04,Newcastle Utd,Bournemouth,0.0,1.0,0.7,1.5
2018,2017-11-04,West Ham,Liverpool,1.0,4.0,1.2,2.7
2018,2017-11-05,Tottenham,Crystal Palace,1.0,0.0,0.9,0.8
2018,2017-11-05,Manchester City,Arsenal,3.0,1.0,1.8,0.3
2018,2017-11-05,Everton,Watford,3.0,2.0,2.1,2.0
2018,2017-11-05,Chelsea,Manchester Utd,1.0,0.0,1.6,0.7
2018,2017-11-18,Arsenal,Tottenham,2.0,0.0,2.1,0.7
2018,2017-11-18,West Brom,Chelsea,0.0,4.0,0.8,1.6
2018,2017-11-18,Bournemouth,Huddersfield,4.0,0.0,0.7,1.2
2018,2017-11-18,Liverpool,Southampton,3.0,0.0,2.0,0.4
2018,2017-11-18,Burnley,Swansea City,2.0,0.0,1.6,0.6
2018,2017-11-18,Crystal Palace,Everton,2.0,2.0,2.0,1.8
2018,2017-11-18,Leicester City,Manchester City,0.0,2.0,0.2,1.9
2018,2017-11-18,Manchester Utd,Newcastle Utd,4.0,1.0,3.1,1.1
2018,2017-11-19,Watford,West Ham,2.0,0.0,1.0,1.6
2018,2017-11-20,Brighton,Stoke City,2.0,2.0,0.5,1.0
2018,2017-11-24,West Ham,Leicester City,1.0,1.0,0.9,0.4
2018,2017-11-25,Tottenham,West Brom,1.0,1.0,1.8,0.7
2018,2017-11-25,Manchester Utd,Brighton,1.0,0.0,1.2,0.5
2018,2017-11-25,Swansea City,Bournemouth,0.0,0.0,0.9,0.4
2018,2017-11-25,Crystal Palace,Stoke City,2.0,1.0,1.4,0.7
2018,2017-11-25,Newcastle Utd,Watford,0.0,3.0,0.9,2.0
2018,2017-11-25,Liverpool,Chelsea,1.0,1.0,1.2,0.8
2018,2017-11-26,Southampton,Everton,4.0,1.0,2.0,0.2
2018,2017-11-26,Burnley,Arsenal,0.0,1.0,0.4,1.8
2018,2017-11-26,Huddersfield,Manchester City,1.0,2.0,0.6,2.6
2018,2017-11-28,Brighton,Crystal Palace,0.0,0.0,0.6,0.5
2018,2017-11-28,Leicester City,Tottenham,2.0,1.0,0.6,2.4
2018,2017-11-28,Watford,Manchester Utd,2.0,4.0,1.4,1.2
2018,2017-11-28,West Brom,Newcastle Utd,2.0,2.0,1.5,0.9
2018,2017-11-29,Chelsea,Swansea City,1.0,0.0,1.5,0.1
2018,2017-11-29,Bournemouth,Burnley,1.0,2.0,1.2,1.1
2018,2017-11-29,Arsenal,Huddersfield,5.0,0.0,4.0,0.5
2018,2017-11-29,Stoke City,Liverpool,0.0,3.0,0.9,2.9
2018,2017-11-29,Everton,West Ham,4.0,0.0,1.5,1.1
2018,2017-11-29,Manchester City,Southampton,2.0,1.0,1.4,1.3
2018,2017-12-02,Chelsea,Newcastle Utd,3.0,1.0,3.2,0.6
2018,2017-12-02,Watford,Tottenham,1.0,1.0,0.4,0.8
2018,2017-12-02,West Brom,Crystal Palace,0.0,0.0,1.9,0.6
2018,2017-12-02,Stoke City,Swansea City,2.0,1.0,1.1,0.4
2018,2017-12-02,Brighton,Liverpool,1.0,5.0,1.7,1.8
2018,2017-12-02,Everton,Huddersfield,2.0,0.0,0.7,0.3
2018,2017-12-02,Leicester City,Burnley,1.0,0.0,1.4,1.0
2018,2017-12-02,Arsenal,Manchester Utd,1.0,3.0,4.7,1.8
2018,2017-12-03,Bournemouth,Southampton,1.0,1.0,0.9,1.5
2018,2017-12-03,Manchester City,West Ham,2.0,1.0,2.3,0.6
2018,2017-12-09,West Ham,Chelsea,1.0,0.0,0.3,1.2
2018,2017-12-09,Huddersfield,Brighton,2.0,0.0,2.2,0.3
2018,2017-12-09,Crystal Palace,Bournemouth,2.0,2.0,3.9,0.7
2018,2017-12-09,Tottenham,Stoke City,5.0,1.0,3.6,0.5
2018,2017-12-09,Burnley,Watford,1.0,0.0,0.5,1.1
2018,2017-12-09,Swansea City,West Brom,1.0,0.0,1.5,0.3
2018,2017-12-09,Newcastle Utd,Leicester City,2.0,3.0,0.9,0.5
2018,2017-12-10,Southampton,Arsenal,1.0,1.0,1.3,0.7
2018,2017-12-10,Liverpool,Everton,1.0,1.0,1.6,0.9
2018,2017-12-10,Manchester Utd,Manchester City,1.0,2.0,1.4,1.7
2018,2017-12-12,Burnley,Stoke City,1.0,0.0,0.4,1.1
2018,2017-12-12,Crystal Palace,Watford,2.0,1.0,1.2,1.2
2018,2017-12-12,Huddersfield,Chelsea,1.0,3.0,0.7,1.5
2018,2017-12-13,Newcastle Utd,Everton,0.0,1.0,0.8,1.2
2018,2017-12-13,Southampton,Leicester City,1.0,4.0,1.5,1.8
2018,2017-12-13,Swansea City,Manchester City,0.0,4.0,0.6,2.7
2018,2017-12-13,Liverpool,West Brom,0.0,0.0,2.1,0.4
2018,2017-12-13,West Ham,Arsenal,0.0,0.0,0.4,1.0
2018,2017-12-13,Tottenham,Brighton,2.0,0.0,1.5,0.4
2018,2017-12-13,Manchester Utd,Bournemouth,1.0,0.0,1.1,0.8
2018,2017-12-16,Leicester City,Crystal Palace,0.0,3.0,0.9,1.7
2018,2017-12-16,Watford,Huddersfield,1.0,4.0,0.6,3.4
2018,2017-12-16,Arsenal,Newcastle Utd,1.0,0.0,1.8,0.3
2018,2017-12-16,Brighton,Burnley,0.0,0.0,1.5,1.2
2018,2017-12-16,Chelsea,Southampton,1.0,0.0,1.4,0.5
2018,2017-12-16,Stoke City,West Ham,0.0,3.0,1.1,3.1
2018,2017-12-16,Manchester City,Tottenham,4.0,1.0,3.4,0.2
2018,2017-12-17,West Brom,Manchester Utd,1.0,2.0,1.1,0.7
2018,2017-12-17,Bournemouth,Liverpool,0.0,4.0,0.6,2.5
2018,2017-12-18,Everton,Swansea City,3.0,1.0,2.0,0.8
2018,2017-12-22,Arsenal,Liverpool,3.0,3.0,1.2,2.0
2018,2017-12-23,Everton,Chelsea,0.0,0.0,0.3,1.8
2018,2017-12-23,Stoke City,West Brom,3.0,1.0,1.4,2.0
2018,2017-12-23,Brighton,Watford,1.0,0.0,1.1,1.5
2018,2017-12-23,Swansea City,Crystal Palace,1.0,1.0,0.5,1.3
2018,2017-12-23,Southampton,Huddersfield,1.0,1.0,1.3,1.1
2018,2017-12-23,Manchester City,Bournemouth,4.0,0.0,1.5,0.4
2018,2017-12-23,West Ham,Newcastle Utd,2.0,3.0,2.1,1.7
2018,2017-12-23,Burnley,Tottenham,0.0,3.0,0.2,3.1
2018,2017-12-23,Leicester City,Manchester Utd,2.0,2.0,1.4,1.9
2018,2017-12-26,Tottenham,Southampton,5.0,2.0,3.0,0.8
2018,2017-12-26,Bournemouth,West Ham,3.0,3.0,2.9,1.7
2018,2017-12-26,Watford,Leicester City,2.0,1.0,1.2,1.3
2018,2017-12-26,West Brom,Everton,0.0,0.0,1.5,0.4
2018,2017-12-26,Manchester Utd,Burnley,2.0,2.0,2.0,0.5
2018,2017-12-26,Huddersfield,Stoke City,1.0,1.0,1.8,1.6
2018,2017-12-26,Chelsea,Brighton,2.0,0.0,2.1,0.5
2018,2017-12-26,Liverpool,Swansea City,5.0,0.0,3.1,0.4
2018,2017-12-27,Newcastle Utd,Manchester City,0.0,1.0,0.2,1.8
2018,2017-12-28,Crystal Palace,Arsenal,2.0,3.0,1.3,1.8
2018,2017-12-30,Huddersfield,Burnley,0.0,0.0,0.1,1.2
2018,2017-12-30,Chelsea,Stoke City,5.0,0.0,2.6,0.2
2018,2017-12-30,Bournemouth,Everton,2.0,1.0,1.5,0.5
2018,2017-12-30,Liverpool,Leicester City,2.0,1.0,2.9,0.7
2018,2017-12-30,Watford,Swansea City,1.0,2.0,1.2,1.1
2018,2017-12-30,Newcastle Utd,Brighton,0.0,0.0,0.5,0.5
2018,2017-12-30,Manchester Utd,Southampton,0.0,0.0,1.7,0.6
2018,2017-12-31,Crystal Palace,Manchester City,0.0,0.0,1.3,1.3
2018,2017-12-31,West Brom,Arsenal,1.0,1.0,1.5,0.9
2018,2018-01-01,Brighton,Bournemouth,2.0,2.0,2.4,1.5
2018,2018-01-01,Leicester City,Huddersfield,3.0,0.0,1.5,0.2
2018,2018-01-01,Burnley,Liverpool,1.0,2.0,1.3,1.7
2018,2018-01-01,Stoke City,Newcastle Utd,0.0,1.0,1.5,1.7
2018,2018-01-01,Everton,Manchester Utd,0.0,2.0,1.2,1.4
2018,2018-01-02,West Ham,West Brom,2.0,1.0,1.3,1.0
2018,2018-01-02,Swansea City,Tottenham,0.0,2.0,0.4,1.3
2018,2018-01-02,Southampton,Crystal Palace,1.0,2.0,0.4,1.3
2018,2018-01-02,Manchester City,Watford,3.0,1.0,2.1,1.0
2018,2018-01-03,Arsenal,Chelsea,2.0,2.0,1.2,3.0
2018,2018-01-04,Tottenham,West Ham,1.0,1.0,1.8,0.5
2018,2018-01-13,Newcastle Utd,Swansea City,1.0,1.0,1.4,1.3
2018,2018-01-13,Crystal Palace,Burnley,1.0,0.0,1.4,0.7
2018,2018-01-13,Chelsea,Leicester City,0.0,0.0,0.6,1.2
2018,2018-01-13,Huddersfield,West Ham,1.0,4.0,0.7,0.9
2018,2018-01-13,West Brom,Brighton,2.0,0.0,1.0,0.6
2018,2018-01-13,Watford,Southampton,2.0,2.0,2.0,0.9
2018,2018-01-13,Tottenham,Everton,4.0,0.0,3.8,0.3
2018,2018-01-14,Bournemouth,Arsenal,2.0,1.0,0.8,1.1
2018,2018-01-14,Liverpool,Manchester City,4.0,3.0,0.8,0.8
2018,2018-01-15,Manchester Utd,Stoke City,3.0,0.0,1.5,1.3
2018,2018-01-20,Brighton,Chelsea,0.0,4.0,0.8,1.3
2018,2018-01-20,Everton,West Brom,1.0,1.0,1.1,1.1
2018,2018-01-20,Leicester City,Watford,2.0,0.0,1.9,0.9
2018,2018-01-20,Stoke City,Huddersfield,2.0,0.0,1.0,0.3
2018,2018-01-20,Arsenal,Crystal Palace,4.0,1.0,2.9,0.6
2018,2018-01-20,West Ham,Bournemouth,1.0,1.0,0.8,0.5
2018,2018-01-20,Burnley,Manchester Utd,0.0,1.0,1.0,0.8
2018,2018-01-20,Manchester City,Newcastle Utd,3.0,1.0,2.1,1.0
2018,2018-01-21,Southampton,Tottenham,1.0,1.0,0.8,1.2
2018,2018-01-22,Swansea City,Liverpool,1.0,0.0,0.2,2.5
2018,2018-01-30,West Ham,Crystal Palace,1.0,1.0,1.1,0.9
2018,2018-01-30,Swansea City,Arsenal,3.0,1.0,2.1,1.3
2018,2018-01-30,Huddersfield,Liverpool,0.0,3.0,0.3,1.8
2018,2018-01-31,Southampton,Brighton,1.0,1.0,1.4,1.1
2018,2018-01-31,Chelsea,Bournemouth,0.0,3.0,1.2,1.1
2018,2018-01-31,Everton,Leicester City,2.0,1.0,1.2,2.2
2018,2018-01-31,Newcastle Utd,Burnley,1.0,1.0,2.2,1.0
2018,2018-01-31,Stoke City,Watford,0.0,0.0,0.9,0.7
2018,2018-01-31,Manchester City,West Brom,3.0,0.0,2.3,0.2
2018,2018-01-31,Tottenham,Manchester Utd,2.0,0.0,1.5,1.0
2018,2018-02-03,Burnley,Manchester City,1.0,1.0,0.9,1.8
2018,2018-02-03,West Brom,Southampton,2.0,3.0,0.8,0.9
2018,2018-02-03,Bournemouth,Stoke City,2.0,1.0,1.7,0.7
2018,2018-02-03,Manchester Utd,Huddersfield,2.0,0.0,1.6,0.2
2018,2018-02-03,Brighton,West Ham,3.0,1.0,1.7,0.4
2018,2018-02-03,Leicester City,Swansea City,1.0,1.0,1.7,0.3
2018,2018-02-03,Arsenal,Everton,5.0,1.0,2.6,1.2
2018,2018-02-04,Crystal Palace,Newcastle Utd,1.0,1.0,3.0,0.9
2018,2018-02-04,Liverpool,Tottenham,2.0,2.0,1.2,2.6
2018,2018-02-05,Watford,Chelsea,4.0,1.0,2.3,0.7
2018,2018-02-10,Tottenham,Arsenal,1.0,0.0,2.6,0.6
2018,2018-02-10,Everton,Crystal Palace,3.0,1.0,1.5,1.5
2018,2018-02-10,Swansea City,Burnley,1.0,0.0,0.7,0.5
2018,2018-02-10,Stoke City,Brighton,1.0,1.0,1.4,1.1
2018,2018-02-10,West Ham,Watford,2.0,0.0,1.5,0.6
2018,2018-02-10,Manchester City,Leicester City,5.0,1.0,2.5,0.1
2018,2018-02-11,Huddersfield,Bournemouth,4.0,1.0,2.2,0.3
2018,2018-02-11,Newcastle Utd,Manchester Utd,1.0,0.0,0.5,1.9
2018,2018-02-11,Southampton,Liverpool,0.0,2.0,0.9,1.9
2018,2018-02-12,Chelsea,West Brom,3.0,0.0,1.9,0.7
2018,2018-02-24,Leicester City,Stoke City,1.0,1.0,1.2,0.2
2018,2018-02-24,West Brom,Huddersfield,1.0,2.0,1.2,1.1
2018,2018-02-24,Bournemouth,Newcastle Utd,2.0,2.0,1.7,3.0
2018,2018-02-24,Liverpool,West Ham,4.0,1.0,4.0,0.4
2018,2018-02-24,Burnley,Southampton,1.0,1.0,1.3,0.8
2018,2018-02-24,Brighton,Swansea City,4.0,1.0,3.0,0.6
2018,2018-02-24,Watford,Everton,1.0,0.0,0.6,0.8
2018,2018-02-25,Crystal Palace,Tottenham,0.0,1.0,0.2,1.7
2018,2018-02-25,Manchester Utd,Chelsea,2.0,1.0,1.2,1.7
2018,2018-03-01,Arsenal,Manchester City,0.0,3.0,1.3,1.5
2018,2018-03-03,Burnley,Everton,2.0,1.0,2.1,1.5
2018,2018-03-03,Watford,West Brom,1.0,0.0,1.3,1.1
2018,2018-03-03,Swansea City,West Ham,4.0,1.0,1.8,0.4
2018,2018-03-03,Leicester City,Bournemouth,1.0,1.0,2.7,1.4
2018,2018-03-03,Southampton,Stoke City,0.0,0.0,0.9,0.8
2018,2018-03-03,Tottenham,Huddersfield,2.0,0.0,1.6,0.1
2018,2018-03-03,Liverpool,Newcastle Utd,2.0,0.0,1.5,0.3
2018,2018-03-04,Brighton,Arsenal,2.0,1.0,1.2,1.2
2018,2018-03-04,Manchester City,Chelsea,1.0,0.0,0.9,0.1
2018,2018-03-05,Crystal Palace,Manchester Utd,2.0,3.0,0.6,1.2
2018,2018-03-10,Manchester Utd,Liverpool,2.0,1.0,0.7,0.7
2018,2018-03-10,West Ham,Burnley,0.0,3.0,0.8,1.4
2018,2018-03-10,Newcastle Utd,Southampton,3.0,0.0,1.3,0.3
2018,2018-03-10,West Brom,Leicester City,1.0,4.0,0.3,2.1
2018,2018-03-10,Everton,Brighton,2.0,0.0,1.5,0.3
2018,2018-03-10,Huddersfield,Swansea City,0.0,0.0,1.4,0.0
2018,2018-03-10,Chelsea,Crystal Palace,2.0,1.0,3.1,1.1
2018,2018-03-11,Arsenal,Watford,3.0,0.0,2.2,1.4
2018,2018-03-11,Bournemouth,Tottenham,1.0,4.0,1.2,2.4
2018,2018-03-12,Stoke City,Manchester City,0.0,2.0,0.4,1.6
2018,2018-03-17,Stoke City,Everton,1.0,2.0,0.8,2.3
2018,2018-03-17,Bournemouth,West Brom,2.0,1.0,0.7,1.6
2018,2018-03-17,Huddersfield,Crystal Palace,0.0,2.0,0.3,2.7
2018,2018-03-17,Liverpool,Watford,5.0,0.0,2.3,0.4
2018,2018-03-31,Crystal Palace,Liverpool,1.0,2.0,1.9,1.8
2018,2018-03-31,Manchester Utd,Swansea City,2.0,0.0,2.2,0.2
2018,2018-03-31,Brighton,Leicester City,0.0,2.0,1.8,1.2
2018,2018-03-31,West Brom,Burnley,1.0,2.0,0.5,1.3
2018,2018-03-31,West Ham,Southampton,3.0,0.0,1.4,0.5
2018,2018-03-31,Newcastle Utd,Huddersfield,1.0,0.0,2.4,0.1
2018,2018-03-31,Watford,Bournemouth,2.0,2.0,0.7,1.7
2018,2018-03-31,Everton,Manchester City,1.0,3.0,0.9,1.5
2018,2018-04-01,Arsenal,Stoke City,3.0,0.0,3.3,0.4
2018,2018-04-01,Chelsea,Tottenham,1.0,3.0,1.0,1.4
2018,2018-04-07,Everton,Liverpool,0.0,0.0,0.6,0.9
2018,2018-04-07,Stoke City,Tottenham,1.0,2.0,1.4,1.7
2018,2018-04-07,Leicester City,Newcastle Utd,1.0,2.0,1.4,0.4
2018,2018-04-07,Watford,Burnley,1.0,2.0,1.2,1.0
2018,2018-04-07,Brighton,Huddersfield,1.0,1.0,1.5,1.5
2018,2018-04-07,Bournemouth,Crystal Palace,2.0,2.0,1.9,1.1
2018,2018-04-07,West Brom,Swansea City,1.0,1.0,1.2,0.8
2018,2018-04-07,Manchester City,Manchester Utd,2.0,3.0,2.6,1.1
2018,2018-04-08,Arsenal,Southampton,3.0,2.0,1.6,2.0
2018,2018-04-08,Chelsea,West Ham,1.0,1.0,1.7,0.3
2018,2018-04-14,Southampton,Chelsea,2.0,3.0,1.0,0.8
2018,2018-04-14,Crystal Palace,Brighton,3.0,2.0,2.1,1.5
2018,2018-04-14,Huddersfield,Watford,1.0,0.0,0.8,0.2
2018,2018-04-14,Burnley,Leicester City,2.0,1.0,0.9,1.9
2018,2018-04-14,Swansea City,Everton,1.0,1.0,1.3,1.6
2018,2018-04-14,Liverpool,Bournemouth,3.0,0.0,2.0,0.3
2018,2018-04-14,Tottenham,Manchester City,1.0,3.0,0.4,2.9
2018,2018-04-15,Newcastle Utd,Arsenal,2.0,1.0,0.8,1.2
2018,2018-04-15,Manchester Utd,West Brom,0.0,1.0,0.7,0.7
2018,2018-04-16,West Ham,Stoke City,1.0,1.0,0.8,1.7
2018,2018-04-17,Brighton,Tottenham,1.0,1.0,1.1,1.3
2018,2018-04-18,Bournemouth,Manchester Utd,0.0,2.0,1.2,1.3
2018,2018-04-19,Burnley,Chelsea,1.0,2.0,0.2,1.7
2018,2018-04-19,Leicester City,Southampton,0.0,0.0,0.6,0.8
2018,2018-04-21,West Brom,Liverpool,2.0,2.0,1.3,1.3
2018,2018-04-21,Watford,Crystal Palace,0.0,0.0,0.6,0.3
2018,2018-04-22,Arsenal,West Ham,4.0,1.0,1.8,0.8
2018,2018-04-22,Stoke City,Burnley,1.0,1.0,0.4,1.6
2018,2018-04-22,Manchester City,Swansea City,5.0,0.0,3.2,0.3
2018,2018-04-23,Everton,Newcastle Utd,1.0,0.0,0.7,0.8
2018,2018-04-28,Liverpool,Stoke City,0.0,0.0,1.9,0.6
2018,2018-04-28,Newcastle Utd,West Brom,0.0,1.0,1.8,0.7
2018,2018-04-28,Southampton,Bournemouth,2.0,1.0,1.5,0.7
2018,2018-04-28,Huddersfield,Everton,0.0,2.0,0.6,0.6
2018,2018-04-28,Crystal Palace,Leicester City,5.0,0.0,3.0,0.6
2018,2018-04-28,Burnley,Brighton,0.0,0.0,1.5,0.4
2018,2018-04-28,Swansea City,Chelsea,0.0,1.0,0.7,1.5
2018,2018-04-29,West Ham,Manchester City,1.0,4.0,0.2,2.4
2018,2018-04-29,Manchester Utd,Arsenal,2.0,1.0,1.7,0.5
2018,2018-04-30,Tottenham,Watford,2.0,0.0,1.4,1.3
2018,2018-05-04,Brighton,Manchester Utd,1.0,0.0,1.0,0.8
2018,2018-05-05,Stoke City,Crystal Palace,1.0,2.0,0.5,1.1
2018,2018-05-05,Leicester City,West Ham,0.0,2.0,0.5,1.6
2018,2018-05-05,West Brom,Tottenham,1.0,0.0,1.6,1.2
2018,2018-05-05,Bournemouth,Swansea City,1.0,0.0,1.9,1.3
2018,2018-05-05,Watford,Newcastle Utd,2.0,1.0,2.5,0.7
2018,2018-05-05,Everton,Southampton,1.0,1.0,0.5,0.7
2018,2018-05-06,Manchester City,Huddersfield,0.0,0.0,0.8,0.2
2018,2018-05-06,Chelsea,Liverpool,1.0,0.0,0.6,0.5
2018,2018-05-06,Arsenal,Burnley,5.0,0.0,2.6,0.3
2018,2018-05-08,Swansea City,Southampton,0.0,1.0,0.5,1.2
2018,2018-05-09,Leicester City,Arsenal,3.0,1.0,2.2,1.4
2018,2018-05-09,Chelsea,Huddersfield,1.0,1.0,1.9,0.7
2018,2018-05-09,Tottenham,Newcastle Utd,1.0,0.0,0.8,1.0
2018,2018-05-09,Manchester City,Brighton,3.0,1.0,1.6,1.2
2018,2018-05-10,West Ham,Manchester Utd,0.0,0.0,0.6,0.8
2018,2018-05-13,Swansea City,Stoke City,1.0,2.0,3.0,1.6
2018,2018-05-13,Liverpool,Brighton,4.0,0.0,2.8,0.1
2018,2018-05-13,Burnley,Bournemouth,1.0,2.0,1.1,1.3
2018,2018-05-13,Crystal Palace,West Brom,2.0,0.0,2.2,0.2
2018,2018-05-13,West Ham,Everton,3.0,1.0,1.1,1.6
2018,2018-05-13,Huddersfield,Arsenal,0.0,1.0,1.7,2.0
2018,2018-05-13,Newcastle Utd,Chelsea,3.0,0.0,2.2,1.0
2018,2018-05-13,Manchester Utd,Watford,1.0,0.0,0.4,0.6
2018,2018-05-13,Southampton,Manchester City,0.0,1.0,0.5,0.8
2018,2018-05-13,Tottenham,Leicester City,5.0,4.0,1.8,1.4
2019,2018-08-10,Manchester Utd,Leicester City,2.0,1.0,1.5,1.8
2019,2018-08-11,Newcastle Utd,Tottenham,1.0,2.0,1.0,2.0
2019,2018-08-11,Fulham,Crystal Palace,0.0,2.0,0.7,1.0
2019,2018-08-11,Bournemouth,Cardiff City,2.0,0.0,2.2,1.4
2019,2018-08-11,Watford,Brighton,2.0,0.0,1.2,0.3
2019,2018-08-11,Huddersfield,Chelsea,0.0,3.0,0.3,1.9
2019,2018-08-11,Wolves,Everton,2.0,2.0,1.0,1.0
2019,2018-08-12,Southampton,Burnley,0.0,0.0,1.1,1.4
2019,2018-08-12,Liverpool,West Ham,4.0,0.0,4.0,0.7
2019,2018-08-12,Arsenal,Manchester City,0.0,2.0,0.5,1.7
2019,2018-08-18,Cardiff City,Newcastle Utd,0.0,0.0,0.9,1.6
2019,2018-08-18,West Ham,Bournemouth,1.0,2.0,1.2,1.3
2019,2018-08-18,Everton,Southampton,2.0,1.0,1.5,1.7
2019,2018-08-18,Leicester City,Wolves,2.0,0.0,0.2,1.1
2019,2018-08-18,Tottenham,Fulham,3.0,1.0,2.9,1.6
2019,2018-08-18,Chelsea,Arsenal,3.0,2.0,1.6,2.4
2019,2018-08-19,Burnley,Watford,1.0,3.0,0.6,1.5
2019,2018-08-19,Manchester City,Huddersfield,6.0,1.0,4.2,0.7
2019,2018-08-19,Brighton,Manchester Utd,3.0,2.0,1.7,1.4
2019,2018-08-20,Crystal Palace,Liverpool,0.0,2.0,0.4,2.6
2019,2018-08-25,Wolves,Manchester City,1.0,1.0,1.0,1.6
2019,2018-08-25,Arsenal,West Ham,3.0,1.0,1.8,1.1
2019,2018-08-25,Southampton,Leicester City,1.0,2.0,0.5,0.6
2019,2018-08-25,Huddersfield,Cardiff City,0.0,0.0,0.2,0.9
2019,2018-08-25,Bournemouth,Everton,2.0,2.0,2.2,0.6
2019,2018-08-25,Liverpool,Brighton,1.0,0.0,1.6,0.6
2019,2018-08-26,Watford,Crystal Palace,2.0,1.0,1.2,1.0
2019,2018-08-26,Fulham,Burnley,4.0,2.0,1.3,1.5
2019,2018-08-26,Newcastle Utd,Chelsea,1.0,2.0,0.2,1.5
2019,2018-08-27,Manchester Utd,Tottenham,0.0,3.0,1.5,1.2
2019,2018-09-01,Leicester City,Liverpool,1.0,2.0,1.0,1.0
2019,2018-09-01,Crystal Palace,Southampton,0.0,2.0,2.4,2.7
2019,2018-09-01,Brighton,Fulham,2.0,2.0,2.8,1.6
2019,2018-09-01,Chelsea,Bournemouth,2.0,0.0,1.1,0.9
2019,2018-09-01,Everton,Huddersfield,1.0,1.0,0.8,0.4
2019,2018-09-01,West Ham,Wolves,0.0,1.0,1.1,1.0
2019,2018-09-01,Manchester City,Newcastle Utd,2.0,1.0,2.0,0.5
2019,2018-09-02,Cardiff City,Arsenal,2.0,3.0,1.0,1.7
2019,2018-09-02,Watford,Tottenham,2.0,1.0,0.4,0.6
2019,2018-09-02,Burnley,Manchester Utd,0.0,2.0,0.8,2.5
2019,2018-09-15,Tottenham,Liverpool,1.0,2.0,1.0,2.6
2019,2018-09-15,Manchester City,Fulham,3.0,0.0,4.8,0.4
2019,2018-09-15,Huddersfield,Crystal Palace,0.0,1.0,0.9,0.7
2019,2018-09-15,Newcastle Utd,Arsenal,1.0,2.0,0.4,1.0
2019,2018-09-15,Bournemouth,Leicester City,4.0,2.0,2.3,2.3
2019,2018-09-15,Chelsea,Cardiff City,4.0,1.0,2.6,0.7
2019,2018-09-15,Watford,Manchester Utd,1.0,2.0,1.3,1.9
2019,2018-09-16,Wolves,Burnley,1.0,0.0,2.6,0.3
2019,2018-09-16,Everton,West Ham,1.0,3.0,1.4,1.2
2019,2018-09-17,Southampton,Brighton,2.0,2.0,2.0,1.4
2019,2018-09-22,Fulham,Watford,1.0,1.0,1.7,1.4
2019,2018-09-22,Crystal Palace,Newcastle Utd,0.0,0.0,0.9,0.2
2019,2018-09-22,Cardiff City,Manchester City,0.0,5.0,0.1,2.5
2019,2018-09-22,Liverpool,Southampton,3.0,0.0,1.7,0.3
2019,2018-09-22,Burnley,Bournemouth,4.0,0.0,2.1,1.0
2019,2018-09-22,Manchester Utd,Wolves,1.0,1.0,0.6,1.0
2019,2018-09-22,Leicester City,Huddersfield,3.0,1.0,1.7,0.7
2019,2018-09-22,Brighton,Tottenham,1.0,2.0,0.8,1.9
2019,2018-09-23,West Ham,Chelsea,0.0,0.0,1.0,1.5
2019,2018-09-23,Arsenal,Everton,2.0,0.0,0.8,0.8
2019,2018-09-29,West Ham,Manchester Utd,3.0,1.0,1.4,0.7
2019,2018-09-29,Newcastle Utd,Leicester City,0.0,2.0,0.4,1.3
2019,2018-09-29,Everton,Fulham,3.0,0.0,2.3,0.5
2019,2018-09-29,Wolves,Southampton,2.0,0.0,1.6,0.8
2019,2018-09-29,Arsenal,Watford,2.0,0.0,1.4,2.8
2019,2018-09-29,Manchester City,Brighton,2.0,0.0,2.7,0.2
2019,2018-09-29,Huddersfield,Tottenham,0.0,2.0,0.4,2.1
2019,2018-09-29,Chelsea,Liverpool,1.0,1.0,1.1,1.6
2019,2018-09-30,Cardiff City,Burnley,1.0,2.0,1.7,0.3
2019,2018-10-01,Bournemouth,Crystal Palace,2.0,1.0,1.8,0.4
2019,2018-10-05,Brighton,West Ham,1.0,0.0,1.2,1.4
2019,2018-10-06,Leicester City,Everton,1.0,2.0,0.9,1.3
2019,2018-10-06,Burnley,Huddersfield,1.0,1.0,0.4,1.0
2019,2018-10-06,Tottenham,Cardiff City,1.0,0.0,2.0,1.2
2019,2018-10-06,Watford,Bournemouth,0.0,4.0,1.0,3.2
2019,2018-10-06,Crystal Palace,Wolves,0.0,1.0,1.4,0.7
2019,2018-10-06,Manchester Utd,Newcastle Utd,3.0,2.0,1.9,1.6
2019,2018-10-07,Fulham,Arsenal,1.0,5.0,1.4,1.1
2019,2018-10-07,Southampton,Chelsea,0.0,3.0,1.6,2.9
2019,2018-10-07,Liverpool,Manchester City,0.0,0.0,0.4,1.0
2019,2018-10-20,Chelsea,Manchester Utd,2.0,2.0,1.8,0.8
2019,2018-10-20,Bournemouth,Southampton,0.0,0.0,0.9,0.5
2019,2018-10-20,Manchester City,Burnley,5.0,0.0,4.0,0.4
2019,2018-10-20,West Ham,Tottenham,0.0,1.0,0.8,0.9
2019,2018-10-20,Newcastle Utd,Brighton,0.0,1.0,1.8,0.8
2019,2018-10-20,Wolves,Watford,0.0,2.0,0.7,1.1
2019,2018-10-20,Cardiff City,Fulham,4.0,2.0,1.5,0.7
2019,2018-10-20,Huddersfield,Liverpool,0.0,1.0,0.7,0.6
2019,2018-10-21,Everton,Crystal Palace,2.0,0.0,1.8,1.3
2019,2018-10-22,Arsenal,Leicester City,3.0,1.0,2.7,0.5
2019,2018-10-27,Brighton,Wolves,1.0,0.0,0.9,1.4
2019,2018-10-27,Southampton,Newcastle Utd,0.0,0.0,1.1,0.4
2019,2018-10-27,Fulham,Bournemouth,0.0,3.0,0.5,2.0
2019,2018-10-27,Liverpool,Cardiff City,4.0,1.0,2.4,0.8
2019,2018-10-27,Watford,Huddersfield,3.0,0.0,2.0,0.5
2019,2018-10-27,Leicester City,West Ham,1.0,1.0,1.7,1.4
2019,2018-10-28,Burnley,Chelsea,0.0,4.0,0.4,2.6
2019,2018-10-28,Crystal Palace,Arsenal,2.0,2.0,2.3,0.9
2019,2018-10-28,Manchester Utd,Everton,2.0,1.0,2.3,1.8
2019,2018-10-29,Tottenham,Manchester City,0.0,1.0,0.4,1.6
2019,2018-11-03,Bournemouth,Manchester Utd,1.0,2.0,1.6,3.0
2019,2018-11-03,Cardiff City,Leicester City,0.0,1.0,0.9,2.1
2019,2018-11-03,Everton,Brighton,3.0,1.0,2.0,0.5
2019,2018-11-03,Newcastle Utd,Watford,1.0,0.0,0.5,2.0
2019,2018-11-03,West Ham,Burnley,4.0,2.0,2.4,1.1
2019,2018-11-03,Arsenal,Liverpool,1.0,1.0,1.4,1.3
2019,2018-11-03,Wolves,Tottenham,2.0,3.0,2.7,1.4
2019,2018-11-04,Manchester City,Southampton,6.0,1.0,2.2,2.0
2019,2018-11-04,Chelsea,Crystal Palace,3.0,1.0,1.7,0.4
2019,2018-11-05,Huddersfield,Fulham,1.0,0.0,0.6,0.4
2019,2018-11-10,Cardiff City,Brighton,2.0,1.0,2.1,0.5
2019,2018-11-10,Newcastle Utd,Bournemouth,2.0,1.0,2.2,1.6
2019,2018-11-10,Huddersfield,West Ham,1.0,1.0,1.1,1.7
2019,2018-11-10,Leicester City,Burnley,0.0,0.0,1.8,0.4
2019,2018-11-10,Southampton,Watford,1.0,1.0,1.1,1.2
2019,2018-11-10,Crystal Palace,Tottenham,0.0,1.0,0.8,1.2
2019,2018-11-11,Liverpool,Fulham,2.0,0.0,1.8,0.5
2019,2018-11-11,Chelsea,Everton,0.0,0.0,1.2,0.3
2019,2018-11-11,Arsenal,Wolves,1.0,1.0,0.9,1.9
2019,2018-11-11,Manchester City,Manchester Utd,3.0,1.0,1.9,1.1
2019,2018-11-24,Manchester Utd,Crystal Palace,0.0,0.0,0.9,1.2
2019,2018-11-24,Fulham,Southampton,3.0,2.0,1.3,1.3
2019,2018-11-24,West Ham,Manchester City,0.0,4.0,0.9,2.7
2019,2018-11-24,Brighton,Leicester City,1.0,1.0,1.0,1.2
2019,2018-11-24,Everton,Cardiff City,1.0,0.0,2.1,1.0
2019,2018-11-24,Watford,Liverpool,0.0,3.0,0.4,1.2
2019,2018-11-24,Tottenham,Chelsea,3.0,1.0,3.1,1.0
2019,2018-11-25,Bournemouth,Arsenal,1.0,2.0,0.6,1.6
2019,2018-11-25,Wolves,Huddersfield,0.0,2.0,0.8,0.7
2019,2018-11-26,Burnley,Newcastle Utd,1.0,2.0,1.8,1.6
2019,2018-11-30,Cardiff City,Wolves,2.0,1.0,1.0,0.8
2019,2018-12-01,Newcastle Utd,West Ham,0.0,3.0,1.0,2.5
2019,2018-12-01,Crystal Palace,Burnley,2.0,0.0,1.6,0.7
2019,2018-12-01,Huddersfield,Brighton,1.0,2.0,0.6,1.2
2019,2018-12-01,Leicester City,Watford,2.0,0.0,1.3,1.2
2019,2018-12-01,Manchester City,Bournemouth,3.0,1.0,2.6,0.6
2019,2018-12-01,Southampton,Manchester Utd,2.0,2.0,0.7,1.1
2019,2018-12-02,Chelsea,Fulham,2.0,0.0,2.1,0.4
2019,2018-12-02,Arsenal,Tottenham,4.0,2.0,2.7,1.2
2019,2018-12-02,Liverpool,Everton,1.0,0.0,2.9,1.1
2019,2018-12-04,West Ham,Cardiff City,3.0,1.0,1.7,2.1
2019,2018-12-04,Brighton,Crystal Palace,3.0,1.0,1.3,1.7
2019,2018-12-04,Bournemouth,Huddersfield,2.0,1.0,0.9,1.8
2019,2018-12-04,Watford,Manchester City,1.0,2.0,1.8,2.5
2019,2018-12-05,Wolves,Chelsea,2.0,1.0,0.7,1.3
2019,2018-12-05,Fulham,Leicester City,1.0,1.0,1.4,1.2
2019,2018-12-05,Burnley,Liverpool,1.0,3.0,0.9,2.4
2019,2018-12-05,Everton,Newcastle Utd,1.0,1.0,1.8,1.5
2019,2018-12-05,Manchester Utd,Arsenal,2.0,2.0,1.1,1.1
2019,2018-12-05,Tottenham,Southampton,3.0,1.0,1.6,1.7
2019,2018-12-08,Bournemouth,Liverpool,0.0,4.0,0.3,1.6
2019,2018-12-08,West Ham,Crystal Palace,3.0,2.0,1.2,0.7
2019,2018-12-08,Manchester Utd,Fulham,4.0,1.0,2.3,1.2
2019,2018-12-08,Burnley,Brighton,1.0,0.0,1.4,1.0
2019,2018-12-08,Cardiff City,Southampton,1.0,0.0,1.5,0.7
2019,2018-12-08,Arsenal,Huddersfield,1.0,0.0,1.4,0.3
2019,2018-12-08,Chelsea,Manchester City,2.0,0.0,0.6,0.9
2019,2018-12-08,Leicester City,Tottenham,0.0,2.0,0.4,0.9
2019,2018-12-09,Newcastle Utd,Wolves,1.0,2.0,0.6,1.8
2019,2018-12-10,Everton,Watford,2.0,2.0,1.7,1.7
2019,2018-12-15,Manchester City,Everton,3.0,1.0,1.7,1.5
2019,2018-12-15,Watford,Cardiff City,3.0,2.0,1.4,0.9
2019,2018-12-15,Tottenham,Burnley,1.0,0.0,1.7,0.5
2019,2018-12-15,Huddersfield,Newcastle Utd,0.0,1.0,0.8,0.6
2019,2018-12-15,Crystal Palace,Leicester City,1.0,0.0,0.5,1.0
2019,2018-12-15,Wolves,Bournemouth,2.0,0.0,1.8,0.6
2019,2018-12-15,Fulham,West Ham,0.0,2.0,1.3,0.8
2019,2018-12-16,Southampton,Arsenal,3.0,2.0,1.3,1.9
2019,2018-12-16,Brighton,Chelsea,1.0,2.0,0.4,1.2
2019,2018-12-16,Liverpool,Manchester Utd,3.0,1.0,2.5,0.7
2019,2018-12-21,Wolves,Liverpool,0.0,2.0,0.9,1.9
2019,2018-12-22,Arsenal,Burnley,3.0,1.0,1.6,1.2
2019,2018-12-22,Bournemouth,Brighton,2.0,0.0,0.8,0.8
2019,2018-12-22,Manchester City,Crystal Palace,2.0,3.0,1.5,0.9
2019,2018-12-22,West Ham,Watford,0.0,2.0,2.0,2.3
2019,2018-12-22,Huddersfield,Southampton,1.0,3.0,0.8,2.5
2019,2018-12-22,Chelsea,Leicester City,0.0,1.0,2.4,0.5
2019,2018-12-22,Newcastle Utd,Fulham,0.0,0.0,0.4,0.2
2019,2018-12-22,Cardiff City,Manchester Utd,1.0,5.0,1.4,2.8
2019,2018-12-23,Everton,Tottenham,2.0,6.0,0.9,2.0
2019,2018-12-26,Fulham,Wolves,1.0,1.0,1.2,1.4
2019,2018-12-26,Burnley,Everton,1.0,5.0,2.0,1.5
2019,2018-12-26,Manchester Utd,Huddersfield,3.0,1.0,1.5,1.1
2019,2018-12-26,Liverpool,Newcastle Utd,4.0,0.0,2.9,0.5
2019,2018-12-26,Leicester City,Manchester City,2.0,1.0,1.3,1.4
2019,2018-12-26,Tottenham,Bournemouth,5.0,0.0,1.7,1.1
2019,2018-12-26,Crystal Palace,Cardiff City,0.0,0.0,2.1,0.9
2019,2018-12-26,Brighton,Arsenal,1.0,1.0,1.1,0.8
2019,2018-12-26,Watford,Chelsea,1.0,2.0,1.2,1.9
2019,2018-12-27,Southampton,West Ham,1.0,2.0,1.2,1.2
2019,2018-12-29,Watford,Newcastle Utd,1.0,1.0,1.3,0.7
2019,2018-12-29,Fulham,Huddersfield,1.0,0.0,1.8,0.4
2019,2018-12-29,Brighton,Everton,1.0,0.0,1.1,0.7
2019,2018-12-29,Leicester City,Cardiff City,0.0,1.0,1.8,0.6
2019,2018-12-29,Tottenham,Wolves,1.0,3.0,0.3,0.9
2019,2018-12-29,Liverpool,Arsenal,5.0,1.0,3.8,1.0
2019,2018-12-30,Crystal Palace,Chelsea,0.0,1.0,0.2,0.9
2019,2018-12-30,Southampton,Manchester City,1.0,3.0,0.2,2.5
2019,2018-12-30,Burnley,West Ham,2.0,0.0,2.7,0.8
2019,2018-12-30,Manchester Utd,Bournemouth,4.0,1.0,2.9,0.5
2019,2019-01-01,Everton,Leicester City,0.0,1.0,1.0,0.6
2019,2019-01-01,Arsenal,Fulham,4.0,1.0,4.5,1.4
2019,2019-01-01,Cardiff City,Tottenham,0.0,3.0,0.9,1.1
2019,2019-01-02,Wolves,Crystal Palace,0.0,2.0,0.5,1.9
2019,2019-01-02,West Ham,Brighton,2.0,2.0,0.8,0.7
2019,2019-01-02,Bournemouth,Watford,3.0,3.0,2.2,0.9
2019,2019-01-02,Chelsea,Southampton,0.0,0.0,0.9,0.2
2019,2019-01-02,Huddersfield,Burnley,1.0,2.0,0.9,2.4
2019,2019-01-02,Newcastle Utd,Manchester Utd,0.0,2.0,0.7,2.6
2019,2019-01-03,Manchester City,Liverpool,2.0,1.0,1.1,1.5
2019,2019-01-12,West Ham,Arsenal,1.0,0.0,0.6,0.7
2019,2019-01-12,Burnley,Fulham,2.0,1.0,0.8,0.8
2019,2019-01-12,Brighton,Liverpool,0.0,1.0,0.4,2.0
2019,2019-01-12,Crystal Palace,Watford,1.0,2.0,1.3,1.6
2019,2019-01-12,Cardiff City,Huddersfield,0.0,0.0,0.1,0.5
2019,2019-01-12,Leicester City,Southampton,1.0,2.0,1.7,1.5
2019,2019-01-12,Chelsea,Newcastle Utd,2.0,1.0,1.3,0.5
2019,2019-01-13,Everton,Bournemouth,2.0,0.0,1.0,1.9
2019,2019-01-13,Tottenham,Manchester Utd,0.0,1.0,1.8,0.8
2019,2019-01-14,Manchester City,Wolves,3.0,0.0,2.8,0.1
2019,2019-01-19,Wolves,Leicester City,4.0,3.0,1.9,1.9
2019,2019-01-19,Bournemouth,West Ham,2.0,0.0,1.1,1.1
2019,2019-01-19,Newcastle Utd,Cardiff City,3.0,0.0,2.0,0.3
2019,2019-01-19,Manchester Utd,Brighton,2.0,1.0,2.4,0.8
2019,2019-01-19,Southampton,Everton,2.0,1.0,0.7,0.9
2019,2019-01-19,Liverpool,Crystal Palace,4.0,3.0,2.6,0.7
2019,2019-01-19,Watford,Burnley,0.0,0.0,1.3,1.8
2019,2019-01-19,Arsenal,Chelsea,2.0,0.0,1.5,0.9
2019,2019-01-20,Huddersfield,Manchester City,0.0,3.0,0.9,2.0
2019,2019-01-20,Fulham,Tottenham,1.0,2.0,0.9,1.7
2019,2019-01-29,Fulham,Brighton,4.0,2.0,3.3,2.2
2019,2019-01-29,Huddersfield,Everton,0.0,1.0,0.7,1.1
2019,2019-01-29,Wolves,West Ham,3.0,0.0,2.2,0.2
2019,2019-01-29,Arsenal,Cardiff City,2.0,1.0,2.6,0.8
2019,2019-01-29,Newcastle Utd,Manchester City,2.0,1.0,1.1,1.4
2019,2019-01-29,Manchester Utd,Burnley,2.0,2.0,3.1,0.8
2019,2019-01-30,Bournemouth,Chelsea,4.0,0.0,2.0,0.7
2019,2019-01-30,Southampton,Crystal Palace,1.0,1.0,1.2,1.1
2019,2019-01-30,Tottenham,Watford,2.0,1.0,1.7,0.5
2019,2019-01-30,Liverpool,Leicester City,1.0,1.0,0.6,1.1
2019,2019-02-02,Tottenham,Newcastle Utd,1.0,0.0,2.2,0.4
2019,2019-02-02,Brighton,Watford,0.0,0.0,1.6,0.3
2019,2019-02-02,Chelsea,Huddersfield,5.0,0.0,2.6,0.3
2019,2019-02-02,Everton,Wolves,1.0,3.0,1.2,1.4
2019,2019-02-02,Burnley,Southampton,1.0,1.0,2.4,0.7
2019,2019-02-02,Crystal Palace,Fulham,2.0,0.0,2.2,0.6
2019,2019-02-02,Cardiff City,Bournemouth,2.0,0.0,2.1,0.5
2019,2019-02-03,Leicester City,Manchester Utd,0.0,1.0,1.5,1.3
2019,2019-02-03,Manchester City,Arsenal,3.0,1.0,2.7,0.7
2019,2019-02-04,West Ham,Liverpool,1.0,1.0,0.8,1.1
2019,2019-02-06,Everton,Manchester City,0.0,2.0,0.1,2.2
2019,2019-02-09,Fulham,Manchester Utd,0.0,3.0,2.2,1.9
2019,2019-02-09,Crystal Palace,West Ham,1.0,1.0,2.6,1.7
2019,2019-02-09,Liverpool,Bournemouth,3.0,0.0,2.0,0.4
2019,2019-02-09,Southampton,Cardiff City,1.0,2.0,1.5,0.8
2019,2019-02-09,Watford,Everton,1.0,0.0,1.3,0.7
2019,2019-02-09,Huddersfield,Arsenal,1.0,2.0,1.6,1.4
2019,2019-02-09,Brighton,Burnley,1.0,3.0,1.1,2.1
2019,2019-02-10,Tottenham,Leicester City,3.0,1.0,1.1,3.3
2019,2019-02-10,Manchester City,Chelsea,6.0,0.0,3.0,0.9
2019,2019-02-11,Wolves,Newcastle Utd,1.0,1.0,2.3,0.4
2019,2019-02-22,West Ham,Fulham,3.0,1.0,2.4,1.3
2019,2019-02-22,Cardiff City,Watford,1.0,5.0,2.0,2.1
2019,2019-02-23,Burnley,Tottenham,2.0,1.0,1.2,0.9
2019,2019-02-23,Bournemouth,Wolves,1.0,1.0,2.4,1.5
2019,2019-02-23,Newcastle Utd,Huddersfield,2.0,0.0,2.8,0.2
2019,2019-02-23,Leicester City,Crystal Palace,1.0,4.0,1.2,1.7
2019,2019-02-24,Arsenal,Southampton,2.0,0.0,2.1,0.8
2019,2019-02-24,Manchester Utd,Liverpool,0.0,0.0,0.3,0.5
2019,2019-02-26,Cardiff City,Everton,0.0,3.0,0.3,1.0
2019,2019-02-26,Huddersfield,Wolves,1.0,0.0,1.6,0.6
2019,2019-02-26,Leicester City,Brighton,2.0,1.0,1.8,1.2
2019,2019-02-26,Newcastle Utd,Burnley,2.0,0.0,1.4,1.6
2019,2019-02-27,Arsenal,Bournemouth,5.0,1.0,2.5,0.9
2019,2019-02-27,Southampton,Fulham,2.0,0.0,1.3,0.8
2019,2019-02-27,Crystal Palace,Manchester Utd,1.0,3.0,1.7,1.0
2019,2019-02-27,Chelsea,Tottenham,2.0,0.0,0.6,0.6
2019,2019-02-27,Liverpool,Watford,5.0,0.0,1.9,0.3
2019,2019-02-27,Manchester City,West Ham,1.0,0.0,3.5,0.4
2019,2019-03-02,Tottenham,Arsenal,1.0,1.0,1.6,2.6
2019,2019-03-02,Manchester Utd,Southampton,3.0,2.0,2.2,0.4
2019,2019-03-02,Wolves,Cardiff City,2.0,0.0,2.8,0.6
2019,2019-03-02,Bournemouth,Manchester City,0.0,1.0,0.0,1.2
2019,2019-03-02,Brighton,Huddersfield,1.0,0.0,1.2,0.2
2019,2019-03-02,Burnley,Crystal Palace,1.0,3.0,2.1,0.5
2019,2019-03-02,West Ham,Newcastle Utd,2.0,0.0,2.0,1.1
2019,2019-03-03,Watford,Leicester City,2.0,1.0,0.8,0.9
2019,2019-03-03,Fulham,Chelsea,1.0,2.0,0.8,1.2
2019,2019-03-03,Everton,Liverpool,0.0,0.0,0.3,1.1
2019,2019-03-09,Crystal Palace,Brighton,1.0,2.0,1.5,0.2
2019,2019-03-09,Newcastle Utd,Everton,3.0,2.0,2.4,1.1
2019,2019-03-09,Cardiff City,West Ham,2.0,0.0,3.5,0.3
2019,2019-03-09,Huddersfield,Bournemouth,0.0,2.0,0.3,1.9
2019,2019-03-09,Leicester City,Fulham,3.0,1.0,2.0,0.2
2019,2019-03-09,Southampton,Tottenham,2.0,1.0,2.1,1.3
2019,2019-03-09,Manchester City,Watford,3.0,1.0,3.4,0.2
2019,2019-03-10,Liverpool,Burnley,4.0,2.0,4.0,0.4
2019,2019-03-10,Chelsea,Wolves,1.0,1.0,1.1,0.5
2019,2019-03-10,Arsenal,Manchester Utd,2.0,0.0,1.7,2.3
2019,2019-03-16,West Ham,Huddersfield,4.0,3.0,1.7,1.0
2019,2019-03-16,Burnley,Leicester City,1.0,2.0,1.0,0.9
2019,2019-03-16,Bournemouth,Newcastle Utd,2.0,2.0,1.3,1.1
2019,2019-03-17,Fulham,Liverpool,1.0,2.0,1.1,2.6
2019,2019-03-17,Everton,Chelsea,2.0,0.0,2.3,1.4
2019,2019-03-30,Fulham,Manchester City,0.0,2.0,0.5,1.8
2019,2019-03-30,Burnley,Wolves,2.0,0.0,0.5,0.5
2019,2019-03-30,Crystal Palace,Huddersfield,2.0,0.0,2.7,1.1
2019,2019-03-30,Leicester City,Bournemouth,2.0,0.0,1.3,0.8
2019,2019-03-30,Brighton,Southampton,0.0,1.0,0.7,0.7
2019,2019-03-30,Manchester Utd,Watford,2.0,1.0,1.6,1.5
2019,2019-03-30,West Ham,Everton,0.0,2.0,0.1,1.8
2019,2019-03-31,Cardiff City,Chelsea,1.0,2.0,0.5,1.8
2019,2019-03-31,Liverpool,Tottenham,2.0,1.0,1.0,0.7
2019,2019-04-01,Arsenal,Newcastle Utd,2.0,0.0,0.8,0.1
2019,2019-04-02,Wolves,Manchester Utd,2.0,1.0,1.8,1.8
2019,2019-04-02,Watford,Fulham,4.0,1.0,1.2,1.6
2019,2019-04-03,Chelsea,Brighton,3.0,0.0,2.7,0.4
2019,2019-04-03,Tottenham,Crystal Palace,2.0,0.0,2.1,0.3
2019,2019-04-03,Manchester City,Cardiff City,2.0,0.0,3.2,0.1
2019,2019-04-05,Southampton,Liverpool,1.0,3.0,0.9,1.9
2019,2019-04-06,Huddersfield,Leicester City,1.0,4.0,1.7,3.5
2019,2019-04-06,Bournemouth,Burnley,1.0,3.0,1.1,1.2
2019,2019-04-06,Newcastle Utd,Crystal Palace,0.0,1.0,0.9,0.9
2019,2019-04-07,Everton,Arsenal,1.0,0.0,2.4,0.3
2019,2019-04-08,Chelsea,West Ham,2.0,0.0,1.9,0.6
2019,2019-04-12,Leicester City,Newcastle Utd,0.0,1.0,1.0,1.1
2019,2019-04-13,Tottenham,Huddersfield,4.0,0.0,2.5,0.8
2019,2019-04-13,Burnley,Cardiff City,2.0,0.0,2.6,0.9
2019,2019-04-13,Fulham,Everton,2.0,0.0,1.5,1.1
2019,2019-04-13,Southampton,Wolves,3.0,1.0,2.9,0.8
2019,2019-04-13,Brighton,Bournemouth,0.0,5.0,0.3,2.5
2019,2019-04-13,Manchester Utd,West Ham,2.0,1.0,2.5,1.4
2019,2019-04-14,Crystal Palace,Manchester City,1.0,3.0,0.4,2.5
2019,2019-04-14,Liverpool,Chelsea,2.0,0.0,1.2,0.7
2019,2019-04-15,Watford,Arsenal,0.0,1.0,1.0,2.3
2019,2019-04-16,Brighton,Cardiff City,0.0,2.0,0.6,0.9
2019,2019-04-20,Manchester City,Tottenham,1.0,0.0,1.9,1.0
2019,2019-04-20,West Ham,Leicester City,2.0,2.0,1.2,0.9
2019,2019-04-20,Bournemouth,Fulham,0.0,1.0,2.2,2.5
2019,2019-04-20,Huddersfield,Watford,1.0,2.0,1.0,0.9
2019,2019-04-20,Wolves,Brighton,0.0,0.0,2.7,0.2
2019,2019-04-20,Newcastle Utd,Southampton,3.0,1.0,1.4,1.2
2019,2019-04-21,Everton,Manchester Utd,4.0,0.0,1.6,0.3
2019,2019-04-21,Arsenal,Crystal Palace,2.0,3.0,1.2,1.6
2019,2019-04-21,Cardiff City,Liverpool,0.0,2.0,1.1,3.0
2019,2019-04-22,Chelsea,Burnley,2.0,2.0,1.3,0.7
2019,2019-04-23,Watford,Southampton,1.0,1.0,1.3,2.0
2019,2019-04-23,Tottenham,Brighton,1.0,0.0,1.3,0.3
2019,2019-04-24,Wolves,Arsenal,3.0,1.0,1.2,0.8
2019,2019-04-24,Manchester Utd,Manchester City,0.0,2.0,0.5,0.5
2019,2019-04-26,Liverpool,Huddersfield,5.0,0.0,3.1,0.2
2019,2019-04-27,Tottenham,West Ham,0.0,1.0,1.6,1.1
2019,2019-04-27,Watford,Wolves,1.0,2.0,0.8,2.0
2019,2019-04-27,Fulham,Cardiff City,1.0,0.0,0.5,1.1
2019,2019-04-27,Southampton,Bournemouth,3.0,3.0,2.5,2.3
2019,2019-04-27,Crystal Palace,Everton,0.0,0.0,0.3,1.5
2019,2019-04-27,Brighton,Newcastle Utd,1.0,1.0,1.3,0.4
2019,2019-04-28,Leicester City,Arsenal,3.0,0.0,3.3,0.6
2019,2019-04-28,Burnley,Manchester City,0.0,1.0,0.1,2.5
2019,2019-04-28,Manchester Utd,Chelsea,1.0,1.0,1.1,1.7
2019,2019-05-03,Everton,Burnley,2.0,0.0,1.7,0.3
2019,2019-05-04,Bournemouth,Tottenham,1.0,0.0,1.7,0.7
2019,2019-05-04,Wolves,Fulham,1.0,0.0,2.0,0.5
2019,2019-05-04,West Ham,Southampton,3.0,0.0,1.9,0.5
2019,2019-05-04,Cardiff City,Crystal Palace,2.0,3.0,1.9,1.6
2019,2019-05-04,Newcastle Utd,Liverpool,2.0,3.0,1.4,1.2
2019,2019-05-05,Huddersfield,Manchester Utd,1.0,1.0,1.0,1.8
2019,2019-05-05,Chelsea,Watford,3.0,0.0,2.3,1.7
2019,2019-05-05,Arsenal,Brighton,1.0,1.0,2.4,1.9
2019,2019-05-06,Manchester City,Leicester City,1.0,0.0,1.0,0.5
2019,2019-05-12,Southampton,Huddersfield,1.0,1.0,0.6,0.7
2019,2019-05-12,Brighton,Manchester City,1.0,4.0,0.5,1.6
2019,2019-05-12,Leicester City,Chelsea,0.0,0.0,0.4,1.5
2019,2019-05-12,Crystal Palace,Bournemouth,5.0,3.0,2.8,1.6
2019,2019-05-12,Burnley,Arsenal,1.0,3.0,1.7,2.7
2019,2019-05-12,Tottenham,Everton,2.0,2.0,0.6,2.0
2019,2019-05-12,Liverpool,Wolves,2.0,0.0,1.6,1.3
2019,2019-05-12,Manchester Utd,Cardiff City,0.0,2.0,1.5,1.6
2019,2019-05-12,Fulham,Newcastle Utd,0.0,4.0,0.7,2.1
2019,2019-05-12,Watford,West Ham,1.0,4.0,2.2,3.1
2020,2019-08-09,Liverpool,Norwich City,4.0,1.0,1.8,0.9
2020,2019-08-10,West Ham,Manchester City,0.0,5.0,1.1,3.2
2020,2019-08-10,Burnley,Southampton,3.0,0.0,0.9,1.2
2020,2019-08-10,Watford,Brighton,0.0,3.0,0.7,0.8
2020,2019-08-10,Crystal Palace,Everton,0.0,0.0,0.9,1.1
2020,2019-08-10,Bournemouth,Sheffield Utd,1.0,1.0,1.3,1.3
2020,2019-08-10,Tottenham,Aston Villa,3.0,1.0,2.4,0.7
2020,2019-08-11,Newcastle Utd,Arsenal,0.0,1.0,0.4,1.1
2020,2019-08-11,Leicester City,Wolves,0.0,0.0,0.7,0.7
2020,2019-08-11,Manchester Utd,Chelsea,4.0,0.0,2.2,1.0
2020,2019-08-17,Arsenal,Burnley,2.0,1.0,0.8,1.5
2020,2019-08-17,Norwich City,Newcastle Utd,3.0,1.0,1.7,0.9
2020,2019-08-17,Aston Villa,Bournemouth,1.0,2.0,2.0,1.6
2020,2019-08-17,Brighton,West Ham,1.0,1.0,2.0,0.8
2020,2019-08-17,Southampton,Liverpool,1.0,2.0,1.9,1.3
2020,2019-08-17,Everton,Watford,1.0,0.0,0.7,1.2
2020,2019-08-17,Manchester City,Tottenham,2.0,2.0,2.9,0.1
2020,2019-08-18,Sheffield Utd,Crystal Palace,1.0,0.0,2.2,0.3
2020,2019-08-18,Chelsea,Leicester City,1.0,1.0,1.1,0.8
2020,2019-08-19,Wolves,Manchester Utd,1.0,1.0,0.3,1.2
2020,2019-08-23,Aston Villa,Everton,2.0,0.0,1.0,1.3
2020,2019-08-24,Norwich City,Chelsea,2.0,3.0,1.1,1.5
2020,2019-08-24,Sheffield Utd,Leicester City,1.0,2.0,0.3,0.8
2020,2019-08-24,Manchester Utd,Crystal Palace,1.0,2.0,2.5,1.1
2020,2019-08-24,Watford,West Ham,1.0,3.0,2.3,3.5
2020,2019-08-24,Brighton,Southampton,0.0,2.0,0.8,1.7
2020,2019-08-24,Liverpool,Arsenal,3.0,1.0,2.5,1.0
2020,2019-08-25,Bournemouth,Manchester City,1.0,3.0,2.2,3.0
2020,2019-08-25,Wolves,Burnley,1.0,1.0,1.5,1.6
2020,2019-08-25,Tottenham,Newcastle Utd,0.0,1.0,1.1,0.8
2020,2019-08-31,Southampton,Manchester Utd,1.0,1.0,0.9,1.5
2020,2019-08-31,West Ham,Norwich City,2.0,0.0,2.0,1.4
2020,2019-08-31,Crystal Palace,Aston Villa,1.0,0.0,1.4,0.4
2020,2019-08-31,Leicester City,Bournemouth,3.0,1.0,2.0,0.6
2020,2019-08-31,Chelsea,Sheffield Utd,2.0,2.0,2.0,1.1
2020,2019-08-31,Newcastle Utd,Watford,1.0,1.0,1.0,1.0
2020,2019-08-31,Manchester City,Brighton,4.0,0.0,1.9,0.9
2020,2019-08-31,Burnley,Liverpool,0.0,3.0,0.9,1.0
2020,2019-09-01,Everton,Wolves,3.0,2.0,1.3,2.0
2020,2019-09-01,Arsenal,Tottenham,2.0,2.0,2.4,2.0
2020,2019-09-14,Liverpool,Newcastle Utd,3.0,1.0,3.0,0.3
2020,2019-09-14,Wolves,Chelsea,2.0,5.0,1.7,2.7
2020,2019-09-14,Brighton,Burnley,1.0,1.0,1.4,0.4
2020,2019-09-14,Tottenham,Crystal Palace,4.0,0.0,1.0,0.6
2020,2019-09-14,Manchester Utd,Leicester City,1.0,0.0,1.2,0.6
2020,2019-09-14,Sheffield Utd,Southampton,0.0,1.0,1.8,1.6
2020,2019-09-14,Norwich City,Manchester City,3.0,2.0,1.5,2.3
2020,2019-09-15,Bournemouth,Everton,3.0,1.0,1.4,1.5
2020,2019-09-15,Watford,Arsenal,2.0,2.0,2.7,0.8
2020,2019-09-16,Aston Villa,West Ham,0.0,0.0,1.3,0.6
2020,2019-09-20,Southampton,Bournemouth,1.0,3.0,2.5,1.2
2020,2019-09-21,Leicester City,Tottenham,2.0,1.0,1.3,1.1
2020,2019-09-21,Manchester City,Watford,8.0,0.0,5.9,0.4
2020,2019-09-21,Everton,Sheffield Utd,0.0,2.0,1.0,0.5
2020,2019-09-21,Burnley,Norwich City,2.0,0.0,2.0,0.8
2020,2019-09-21,Newcastle Utd,Brighton,0.0,0.0,0.9,1.4
2020,2019-09-22,Crystal Palace,Wolves,1.0,1.0,0.9,1.5
2020,2019-09-22,West Ham,Manchester Utd,2.0,0.0,0.4,0.9
2020,2019-09-22,Chelsea,Liverpool,1.0,2.0,1.3,0.6
2020,2019-09-22,Arsenal,Aston Villa,3.0,2.0,2.4,1.5
2020,2019-09-28,Sheffield Utd,Liverpool,0.0,1.0,1.3,1.9
2020,2019-09-28,Chelsea,Brighton,2.0,0.0,3.7,0.6
2020,2019-09-28,Tottenham,Southampton,2.0,1.0,1.0,1.5
2020,2019-09-28,Aston Villa,Burnley,2.0,2.0,1.0,1.5
2020,2019-09-28,Crystal Palace,Norwich City,2.0,0.0,1.5,0.7
2020,2019-09-28,Wolves,Watford,2.0,0.0,1.4,1.4
2020,2019-09-28,Bournemouth,West Ham,2.0,2.0,1.9,1.6
2020,2019-09-28,Everton,Manchester City,1.0,3.0,2.4,2.8
2020,2019-09-29,Leicester City,Newcastle Utd,5.0,0.0,1.6,0.1
2020,2019-09-30,Manchester Utd,Arsenal,1.0,1.0,0.9,1.9
2020,2019-10-05,Brighton,Tottenham,3.0,0.0,2.4,0.4
2020,2019-10-05,Watford,Sheffield Utd,0.0,0.0,1.4,0.4
2020,2019-10-05,Burnley,Everton,1.0,0.0,0.6,1.3
2020,2019-10-05,Liverpool,Leicester City,2.0,1.0,3.5,0.1
2020,2019-10-05,Norwich City,Aston Villa,1.0,5.0,2.6,3.0
2020,2019-10-05,West Ham,Crystal Palace,1.0,2.0,1.4,2.1
2020,2019-10-06,Manchester City,Wolves,0.0,2.0,1.4,1.0
2020,2019-10-06,Southampton,Chelsea,1.0,4.0,1.4,1.7
2020,2019-10-06,Arsenal,Bournemouth,1.0,0.0,1.2,0.6
2020,2019-10-06,Newcastle Utd,Manchester Utd,1.0,0.0,0.8,0.9
2020,2019-10-19,Everton,West Ham,2.0,0.0,2.1,0.8
2020,2019-10-19,Aston Villa,Brighton,2.0,1.0,3.0,1.2
2020,2019-10-19,Leicester City,Burnley,2.0,1.0,1.0,1.5
2020,2019-10-19,Tottenham,Watford,1.0,1.0,1.0,0.7
2020,2019-10-19,Wolves,Southampton,1.0,1.0,0.9,1.4
2020,2019-10-19,Chelsea,Newcastle Utd,1.0,0.0,2.0,0.4
2020,2019-10-19,Bournemouth,Norwich City,0.0,0.0,0.7,0.4
2020,2019-10-19,Crystal Palace,Manchester City,0.0,2.0,0.9,3.5
2020,2019-10-20,Manchester Utd,Liverpool,1.0,1.0,0.7,1.2
2020,2019-10-21,Sheffield Utd,Arsenal,1.0,0.0,0.9,1.0
2020,2019-10-25,Southampton,Leicester City,0.0,9.0,0.3,4.6
2020,2019-10-26,Manchester City,Aston Villa,3.0,0.0,2.9,1.0
2020,2019-10-26,Watford,Bournemouth,0.0,0.0,0.8,1.0
2020,2019-10-26,West Ham,Sheffield Utd,1.0,1.0,2.3,1.0
2020,2019-10-26,Brighton,Everton,3.0,2.0,1.2,0.9
2020,2019-10-26,Burnley,Chelsea,2.0,4.0,2.1,0.9
2020,2019-10-27,Newcastle Utd,Wolves,1.0,1.0,1.0,2.1
2020,2019-10-27,Arsenal,Crystal Palace,2.0,2.0,1.3,1.6
2020,2019-10-27,Liverpool,Tottenham,2.0,1.0,2.6,1.2
2020,2019-10-27,Norwich City,Manchester Utd,1.0,3.0,1.0,4.2
2020,2019-11-02,Bournemouth,Manchester Utd,1.0,0.0,1.9,0.8
2020,2019-11-02,Sheffield Utd,Burnley,3.0,0.0,2.3,0.8
2020,2019-11-02,Brighton,Norwich City,2.0,0.0,2.7,0.4
2020,2019-11-02,Aston Villa,Liverpool,1.0,2.0,0.4,2.4
2020,2019-11-02,Arsenal,Wolves,1.0,1.0,0.9,1.8
2020,2019-11-02,West Ham,Newcastle Utd,2.0,3.0,1.8,1.5
2020,2019-11-02,Manchester City,Southampton,2.0,1.0,2.9,0.9
2020,2019-11-02,Watford,Chelsea,1.0,2.0,1.3,2.1
2020,2019-11-03,Crystal Palace,Leicester City,0.0,2.0,0.5,1.1
2020,2019-11-03,Everton,Tottenham,1.0,1.0,1.1,0.6
2020,2019-11-08,Norwich City,Watford,0.0,2.0,0.7,1.3
2020,2019-11-09,Chelsea,Crystal Palace,2.0,0.0,3.6,0.2
2020,2019-11-09,Southampton,Everton,1.0,2.0,0.9,1.8
2020,2019-11-09,Burnley,West Ham,3.0,0.0,2.1,0.5
2020,2019-11-09,Newcastle Utd,Bournemouth,2.0,1.0,2.4,1.8
2020,2019-11-09,Tottenham,Sheffield Utd,1.0,1.0,1.8,0.9
2020,2019-11-09,Leicester City,Arsenal,2.0,0.0,1.2,1.0
2020,2019-11-10,Manchester Utd,Brighton,3.0,1.0,3.6,0.8
2020,2019-11-10,Wolves,Aston Villa,2.0,1.0,2.4,0.6
2020,2019-11-10,Liverpool,Manchester City,3.0,1.0,1.1,1.3
2020,2019-11-23,West Ham,Tottenham,2.0,3.0,0.7,2.1
2020,2019-11-23,Crystal Palace,Liverpool,1.0,2.0,1.0,1.4
2020,2019-11-23,Arsenal,Southampton,2.0,2.0,1.8,2.4
2020,2019-11-23,Bournemouth,Wolves,1.0,2.0,0.6,1.1
2020,2019-11-23,Everton,Norwich City,0.0,2.0,0.9,1.7
2020,2019-11-23,Brighton,Leicester City,0.0,2.0,0.6,3.6
2020,2019-11-23,Watford,Burnley,0.0,3.0,1.0,1.9
2020,2019-11-23,Manchester City,Chelsea,2.0,1.0,1.0,0.9
2020,2019-11-24,Sheffield Utd,Manchester Utd,3.0,3.0,1.3,1.3
2020,2019-11-25,Aston Villa,Newcastle Utd,2.0,0.0,2.3,0.6
2020,2019-11-30,Newcastle Utd,Manchester City,2.0,2.0,0.3,2.4
2020,2019-11-30,Tottenham,Bournemouth,3.0,2.0,2.3,1.1
2020,2019-11-30,Liverpool,Brighton,2.0,1.0,1.3,0.8
2020,2019-11-30,Burnley,Crystal Palace,0.0,2.0,1.9,0.7
2020,2019-11-30,Chelsea,West Ham,0.0,1.0,2.3,0.9
2020,2019-11-30,Southampton,Watford,2.0,1.0,2.1,0.6
2020,2019-12-01,Norwich City,Arsenal,2.0,2.0,0.8,1.9
2020,2019-12-01,Wolves,Sheffield Utd,1.0,1.0,1.3,1.5
2020,2019-12-01,Leicester City,Everton,2.0,1.0,2.2,1.1
2020,2019-12-01,Manchester Utd,Aston Villa,2.0,2.0,1.7,1.2
2020,2019-12-03,Crystal Palace,Bournemouth,1.0,0.0,0.3,0.4
2020,2019-12-03,Burnley,Manchester City,1.0,4.0,0.6,2.2
2020,2019-12-04,Wolves,West Ham,2.0,0.0,1.5,0.6
2020,2019-12-04,Southampton,Norwich City,2.0,1.0,1.7,0.9
2020,2019-12-04,Chelsea,Aston Villa,2.0,1.0,1.8,1.0
2020,2019-12-04,Manchester Utd,Tottenham,2.0,1.0,1.4,0.9
2020,2019-12-04,Leicester City,Watford,2.0,0.0,2.4,0.2
2020,2019-12-04,Liverpool,Everton,5.0,2.0,2.0,1.5
2020,2019-12-05,Sheffield Utd,Newcastle Utd,0.0,2.0,1.1,0.5
2020,2019-12-05,Arsenal,Brighton,1.0,2.0,0.9,1.7
2020,2019-12-07,Everton,Chelsea,3.0,1.0,1.8,1.1
2020,2019-12-07,Tottenham,Burnley,5.0,0.0,2.6,0.9
2020,2019-12-07,Watford,Crystal Palace,0.0,0.0,1.4,0.2
2020,2019-12-07,Bournemouth,Liverpool,0.0,3.0,0.1,2.4
2020,2019-12-07,Manchester City,Manchester Utd,1.0,2.0,2.2,1.4
2020,2019-12-08,Norwich City,Sheffield Utd,1.0,2.0,0.7,0.8
2020,2019-12-08,Aston Villa,Leicester City,1.0,4.0,1.2,4.6
2020,2019-12-08,Newcastle Utd,Southampton,2.0,1.0,0.9,1.7
2020,2019-12-08,Brighton,Wolves,2.0,2.0,1.2,1.5
2020,2019-12-09,West Ham,Arsenal,1.0,3.0,0.6,1.4
2020,2019-12-14,Liverpool,Watford,2.0,0.0,1.4,1.0
2020,2019-12-14,Leicester City,Norwich City,1.0,1.0,1.1,1.1
2020,2019-12-14,Burnley,Newcastle Utd,1.0,0.0,1.4,1.0
2020,2019-12-14,Sheffield Utd,Aston Villa,2.0,0.0,1.7,1.1
2020,2019-12-14,Chelsea,Bournemouth,0.0,1.0,2.1,1.0
2020,2019-12-14,Southampton,West Ham,0.0,1.0,0.9,0.9
2020,2019-12-15,Manchester Utd,Everton,1.0,1.0,1.4,0.3
2020,2019-12-15,Wolves,Tottenham,1.0,2.0,0.9,0.9
2020,2019-12-15,Arsenal,Manchester City,0.0,3.0,0.5,1.3
2020,2019-12-16,Crystal Palace,Brighton,1.0,1.0,0.7,2.3
2020,2019-12-21,Everton,Arsenal,0.0,0.0,0.5,0.6
2020,2019-12-21,Norwich City,Wolves,1.0,2.0,1.3,1.4
2020,2019-12-21,Brighton,Sheffield Utd,0.0,1.0,0.5,1.3
2020,2019-12-21,Newcastle Utd,Crystal Palace,1.0,0.0,0.5,1.3
2020,2019-12-21,Aston Villa,Southampton,1.0,3.0,1.1,2.8
2020,2019-12-21,Bournemouth,Burnley,0.0,1.0,0.1,0.2
2020,2019-12-21,Manchester City,Leicester City,3.0,1.0,3.3,1.1
2020,2019-12-22,Watford,Manchester Utd,2.0,0.0,1.5,1.8
2020,2019-12-22,Tottenham,Chelsea,0.0,2.0,0.3,1.3
2020,2019-12-26,Tottenham,Brighton,2.0,1.0,0.8,1.0
2020,2019-12-26,Aston Villa,Norwich City,1.0,0.0,0.6,1.2
2020,2019-12-26,Crystal Palace,West Ham,2.0,1.0,2.7,0.9
2020,2019-12-26,Bournemouth,Arsenal,1.0,1.0,2.0,1.4
2020,2019-12-26,Sheffield Utd,Watford,1.0,1.0,2.4,0.6
2020,2019-12-26,Everton,Burnley,1.0,0.0,1.4,0.3
2020,2019-12-26,Chelsea,Southampton,0.0,2.0,0.7,1.1
2020,2019-12-26,Manchester Utd,Newcastle Utd,4.0,1.0,1.9,0.8
2020,2019-12-26,Leicester City,Liverpool,0.0,4.0,0.1,3.2
2020,2019-12-27,Wolves,Manchester City,3.0,2.0,2.6,1.5
2020,2019-12-28,Brighton,Bournemouth,2.0,0.0,0.8,0.5
2020,2019-12-28,Watford,Aston Villa,3.0,0.0,2.8,0.6
2020,2019-12-28,Newcastle Utd,Everton,1.0,2.0,1.8,2.9
2020,2019-12-28,Southampton,Crystal Palace,1.0,1.0,1.4,0.3
2020,2019-12-28,West Ham,Leicester City,1.0,2.0,1.0,2.5
2020,2019-12-28,Norwich City,Tottenham,2.0,2.0,0.2,1.9
2020,2019-12-28,Burnley,Manchester Utd,0.0,2.0,0.5,2.2
2020,2019-12-29,Arsenal,Chelsea,1.0,2.0,0.5,1.4
2020,2019-12-29,Liverpool,Wolves,1.0,0.0,1.2,0.5
2020,2019-12-29,Manchester City,Sheffield Utd,2.0,0.0,1.1,1.1
2020,2020-01-01,Brighton,Chelsea,1.0,1.0,1.3,1.3
2020,2020-01-01,Burnley,Aston Villa,1.0,2.0,2.2,1.3
2020,2020-01-01,Newcastle Utd,Leicester City,0.0,3.0,0.7,2.6
2020,2020-01-01,Southampton,Tottenham,1.0,0.0,1.3,0.9
2020,2020-01-01,Watford,Wolves,2.0,1.0,1.1,1.2
2020,2020-01-01,Norwich City,Crystal Palace,1.0,1.0,1.4,1.3
2020,2020-01-01,West Ham,Bournemouth,4.0,0.0,2.4,0.6
2020,2020-01-01,Manchester City,Everton,2.0,1.0,1.5,1.0
2020,2020-01-01,Arsenal,Manchester Utd,2.0,0.0,1.5,0.7
2020,2020-01-02,Liverpool,Sheffield Utd,2.0,0.0,2.8,0.6
2020,2020-01-10,Sheffield Utd,West Ham,1.0,0.0,1.4,0.7
2020,2020-01-11,Crystal Palace,Arsenal,1.0,1.0,0.6,1.4
2020,2020-01-11,Chelsea,Burnley,3.0,0.0,2.7,0.8
2020,2020-01-11,Everton,Brighton,1.0,0.0,1.7,1.3
2020,2020-01-11,Leicester City,Southampton,1.0,2.0,0.7,2.1
2020,2020-01-11,Wolves,Newcastle Utd,1.0,1.0,1.6,0.2
2020,2020-01-11,Manchester Utd,Norwich City,4.0,0.0,2.9,0.3
2020,2020-01-11,Tottenham,Liverpool,0.0,1.0,1.2,1.2
2020,2020-01-12,Bournemouth,Watford,0.0,3.0,0.4,2.0
2020,2020-01-12,Aston Villa,Manchester City,1.0,6.0,1.1,2.8
2020,2020-01-18,Watford,Tottenham,0.0,0.0,2.5,1.9
2020,2020-01-18,Arsenal,Sheffield Utd,1.0,1.0,1.4,0.8
2020,2020-01-18,Norwich City,Bournemouth,1.0,0.0,1.8,0.7
2020,2020-01-18,Manchester City,Crystal Palace,2.0,2.0,2.6,0.4
2020,2020-01-18,Southampton,Wolves,2.0,3.0,0.7,2.4
2020,2020-01-18,Brighton,Aston Villa,1.0,1.0,1.1,0.6
2020,2020-01-18,West Ham,Everton,1.0,1.0,1.3,1.7
2020,2020-01-18,Newcastle Utd,Chelsea,1.0,0.0,0.6,2.4
2020,2020-01-19,Burnley,Leicester City,2.0,1.0,1.4,2.5
2020,2020-01-19,Liverpool,Manchester Utd,2.0,0.0,1.9,1.3
2020,2020-01-21,Crystal Palace,Southampton,0.0,2.0,0.6,1.1
2020,2020-01-21,Everton,Newcastle Utd,2.0,2.0,1.8,1.3
2020,2020-01-21,Aston Villa,Watford,2.0,1.0,1.3,1.8
2020,2020-01-21,Sheffield Utd,Manchester City,0.0,1.0,0.8,2.8
2020,2020-01-21,Bournemouth,Brighton,3.0,1.0,1.4,1.8
2020,2020-01-21,Chelsea,Arsenal,2.0,2.0,2.9,0.4
2020,2020-01-22,Leicester City,West Ham,4.0,1.0,2.8,1.6
2020,2020-01-22,Tottenham,Norwich City,2.0,1.0,2.1,1.5
2020,2020-01-22,Manchester Utd,Burnley,0.0,2.0,1.4,0.6
2020,2020-01-23,Wolves,Liverpool,1.0,2.0,1.8,1.1
2020,2020-01-29,West Ham,Liverpool,0.0,2.0,0.7,2.8
2020,2020-02-01,Leicester City,Chelsea,2.0,2.0,1.4,0.6
2020,2020-02-01,West Ham,Brighton,3.0,3.0,0.8,1.9
2020,2020-02-01,Watford,Everton,2.0,3.0,0.9,2.2
2020,2020-02-01,Crystal Palace,Sheffield Utd,0.0,1.0,0.8,0.7
2020,2020-02-01,Liverpool,Southampton,4.0,0.0,3.2,0.8
2020,2020-02-01,Bournemouth,Aston Villa,2.0,1.0,2.2,1.7
2020,2020-02-01,Newcastle Utd,Norwich City,0.0,0.0,1.0,2.2
2020,2020-02-01,Manchester Utd,Wolves,0.0,0.0,1.0,1.3
2020,2020-02-02,Burnley,Arsenal,0.0,0.0,1.9,1.2
2020,2020-02-02,Tottenham,Manchester City,2.0,0.0,0.3,2.4
2020,2020-02-08,Everton,Crystal Palace,3.0,1.0,2.5,1.1
2020,2020-02-08,Brighton,Watford,1.0,1.0,0.8,0.2
2020,2020-02-09,Sheffield Utd,Bournemouth,2.0,1.0,1.9,1.4
2020,2020-02-14,Wolves,Leicester City,0.0,0.0,1.0,0.7
2020,2020-02-15,Southampton,Burnley,1.0,2.0,0.8,0.8
2020,2020-02-15,Norwich City,Liverpool,0.0,1.0,0.3,2.0
2020,2020-02-16,Aston Villa,Tottenham,2.0,3.0,1.8,3.4
2020,2020-02-16,Arsenal,Newcastle Utd,4.0,0.0,2.6,0.9
2020,2020-02-17,Chelsea,Manchester Utd,0.0,2.0,0.9,0.6
2020,2020-02-19,Manchester City,West Ham,2.0,0.0,2.1,0.1
2020,2020-02-22,Chelsea,Tottenham,2.0,1.0,1.7,0.2
2020,2020-02-22,Crystal Palace,Newcastle Utd,1.0,0.0,1.6,0.2
2020,2020-02-22,Southampton,Aston Villa,2.0,0.0,2.6,0.5
2020,2020-02-22,Burnley,Bournemouth,3.0,0.0,3.2,1.8
2020,2020-02-22,Sheffield Utd,Brighton,1.0,1.0,1.6,1.2
2020,2020-02-22,Leicester City,Manchester City,0.0,1.0,0.8,2.4
2020,2020-02-23,Wolves,Norwich City,3.0,0.0,2.9,0.4
2020,2020-02-23,Manchester Utd,Watford,3.0,0.0,2.4,0.3
2020,2020-02-23,Arsenal,Everton,3.0,2.0,1.3,2.7
2020,2020-02-24,Liverpool,West Ham,3.0,2.0,2.4,0.7
2020,2020-02-28,Norwich City,Leicester City,1.0,0.0,0.6,1.3
2020,2020-02-29,Brighton,Crystal Palace,0.0,1.0,2.2,2.5
2020,2020-02-29,West Ham,Southampton,3.0,1.0,2.3,0.7
2020,2020-02-29,Bournemouth,Chelsea,2.0,2.0,1.4,1.9
2020,2020-02-29,Newcastle Utd,Burnley,0.0,0.0,1.1,0.7
2020,2020-02-29,Watford,Liverpool,3.0,0.0,2.3,0.3
2020,2020-03-01,Tottenham,Wolves,2.0,3.0,1.7,2.6
2020,2020-03-01,Everton,Manchester Utd,1.0,1.0,2.1,1.1
2020,2020-03-07,Liverpool,Bournemouth,2.0,1.0,1.8,1.4
2020,2020-03-07,Wolves,Brighton,0.0,0.0,0.8,0.3
2020,2020-03-07,Crystal Palace,Watford,1.0,0.0,0.8,0.6
2020,2020-03-07,Southampton,Newcastle Utd,0.0,1.0,0.6,2.8
2020,2020-03-07,Arsenal,West Ham,1.0,0.0,1.2,1.5
2020,2020-03-07,Sheffield Utd,Norwich City,1.0,0.0,0.9,2.4
2020,2020-03-07,Burnley,Tottenham,1.0,1.0,3.0,1.2
2020,2020-03-08,Chelsea,Everton,4.0,0.0,1.8,0.5
2020,2020-03-08,Manchester Utd,Manchester City,2.0,0.0,1.6,0.6
2020,2020-03-09,Leicester City,Aston Villa,4.0,0.0,2.1,0.5
2020,2020-06-17,Aston Villa,Sheffield Utd,0.0,0.0,1.4,0.3
2020,2020-06-17,Manchester City,Arsenal,3.0,0.0,2.6,0.3
2020,2020-06-19,Norwich City,Southampton,0.0,3.0,0.6,1.7
2020,2020-06-19,Tottenham,Manchester Utd,1.0,1.0,0.4,1.7
2020,2020-06-20,Watford,Leicester City,1.0,1.0,1.3,1.0
2020,2020-06-20,Brighton,Arsenal,2.0,1.0,1.0,0.8
2020,2020-06-20,West Ham,Wolves,0.0,2.0,0.5,1.0
2020,2020-06-20,Bournemouth,Crystal Palace,0.0,2.0,0.5,0.8
2020,2020-06-21,Newcastle Utd,Sheffield Utd,3.0,0.0,2.0,0.6
2020,2020-06-21,Aston Villa,Chelsea,1.0,2.0,1.0,1.1
2020,2020-06-21,Everton,Liverpool,0.0,0.0,0.9,0.7
2020,2020-06-22,Manchester City,Burnley,5.0,0.0,2.4,0.0
2020,2020-06-23,Leicester City,Brighton,0.0,0.0,0.6,1.1
2020,2020-06-23,Tottenham,West Ham,2.0,0.0,2.3,1.2
2020,2020-06-24,Norwich City,Everton,0.0,1.0,0.4,0.8
2020,2020-06-24,Wolves,Bournemouth,1.0,0.0,1.7,0.1
2020,2020-06-24,Manchester Utd,Sheffield Utd,3.0,0.0,2.4,0.1
2020,2020-06-24,Newcastle Utd,Aston Villa,1.0,1.0,0.9,1.6
2020,2020-06-24,Liverpool,Crystal Palace,4.0,0.0,2.4,0.1
2020,2020-06-25,Southampton,Arsenal,0.0,2.0,0.9,1.9
2020,2020-06-25,Burnley,Watford,1.0,0.0,0.9,0.7
2020,2020-06-25,Chelsea,Manchester City,2.0,1.0,3.2,0.8
2020,2020-06-27,Aston Villa,Wolves,0.0,1.0,0.6,0.7
2020,2020-06-28,Watford,Southampton,1.0,3.0,0.5,1.3
2020,2020-06-29,Crystal Palace,Burnley,0.0,1.0,0.9,0.4
2020,2020-06-30,Brighton,Manchester Utd,0.0,3.0,0.4,1.0
2020,2020-07-01,Bournemouth,Newcastle Utd,1.0,4.0,1.6,1.8
2020,2020-07-01,Everton,Leicester City,2.0,1.0,1.2,1.8
2020,2020-07-01,Arsenal,Norwich City,4.0,0.0,1.5,0.3
2020,2020-07-01,West Ham,Chelsea,3.0,2.0,2.2,1.6
2020,2020-07-02,Sheffield Utd,Tottenham,3.0,1.0,1.6,1.1
2020,2020-07-02,Manchester City,Liverpool,4.0,0.0,2.4,1.1
2020,2020-07-04,Norwich City,Brighton,0.0,1.0,0.6,1.0
2020,2020-07-04,Leicester City,Crystal Palace,3.0,0.0,2.8,0.8
2020,2020-07-04,Manchester Utd,Bournemouth,5.0,2.0,2.5,1.8
2020,2020-07-04,Wolves,Arsenal,0.0,2.0,1.2,1.3
2020,2020-07-04,Chelsea,Watford,3.0,0.0,2.5,0.6
2020,2020-07-05,Burnley,Sheffield Utd,1.0,1.0,1.3,1.1
2020,2020-07-05,Newcastle Utd,West Ham,2.0,2.0,1.4,2.1
2020,2020-07-05,Liverpool,Aston Villa,2.0,0.0,0.7,0.7
2020,2020-07-05,Southampton,Manchester City,1.0,0.0,0.6,3.2
2020,2020-07-06,Tottenham,Everton,1.0,0.0,0.5,0.5
2020,2020-07-07,Crystal Palace,Chelsea,2.0,3.0,1.5,1.9
2020,2020-07-07,Watford,Norwich City,2.0,1.0,1.2,1.2
2020,2020-07-07,Arsenal,Leicester City,1.0,1.0,1.1,0.9
2020,2020-07-08,Manchester City,Newcastle Utd,5.0,0.0,2.8,0.3
2020,2020-07-08,West Ham,Burnley,0.0,1.0,1.6,0.9
2020,2020-07-08,Sheffield Utd,Wolves,1.0,0.0,0.5,0.4
2020,2020-07-08,Brighton,Liverpool,1.0,3.0,2.4,2.5
2020,2020-07-09,Everton,Southampton,1.0,1.0,1.0,2.4
2020,2020-07-09,Bournemouth,Tottenham,0.0,0.0,1.4,0.5
2020,2020-07-09,Aston Villa,Manchester Utd,0.0,3.0,0.5,2.3
2020,2020-07-11,Norwich City,West Ham,0.0,4.0,0.6,3.5
2020,2020-07-11,Watford,Newcastle Utd,2.0,1.0,3.4,1.3
2020,2020-07-11,Liverpool,Burnley,1.0,1.0,1.7,0.4
2020,2020-07-11,Sheffield Utd,Chelsea,3.0,0.0,2.3,1.2
2020,2020-07-11,Brighton,Manchester City,0.0,5.0,0.2,4.4
2020,2020-07-12,Wolves,Everton,3.0,0.0,2.6,0.3
2020,2020-07-12,Aston Villa,Crystal Palace,2.0,0.0,1.7,1.2
2020,2020-07-12,Tottenham,Arsenal,2.0,1.0,2.0,0.6
2020,2020-07-12,Bournemouth,Leicester City,4.0,1.0,2.5,1.5
2020,2020-07-13,Manchester Utd,Southampton,2.0,2.0,1.5,1.6
2020,2020-07-14,Chelsea,Norwich City,1.0,0.0,2.5,0.1
2020,2020-07-15,Newcastle Utd,Tottenham,1.0,3.0,1.1,1.5
2020,2020-07-15,Burnley,Wolves,1.0,1.0,1.9,1.2
2020,2020-07-15,Manchester City,Bournemouth,2.0,1.0,0.7,1.6
2020,2020-07-15,Arsenal,Liverpool,2.0,1.0,0.8,2.1
2020,2020-07-16,Leicester City,Sheffield Utd,2.0,0.0,2.6,0.7
2020,2020-07-16,Everton,Aston Villa,1.0,1.0,0.9,1.3
2020,2020-07-16,Crystal Palace,Manchester Utd,0.0,2.0,0.6,2.2
2020,2020-07-16,Southampton,Brighton,1.0,1.0,2.5,0.7
2020,2020-07-17,West Ham,Watford,3.0,1.0,0.9,1.5
2020,2020-07-18,Norwich City,Burnley,0.0,2.0,0.3,1.8
2020,2020-07-19,Bournemouth,Southampton,0.0,2.0,0.5,2.5
2020,2020-07-19,Tottenham,Leicester City,3.0,0.0,0.8,1.7
2020,2020-07-20,Brighton,Newcastle Utd,0.0,0.0,0.8,0.9
2020,2020-07-20,Sheffield Utd,Everton,0.0,1.0,0.5,0.4
2020,2020-07-20,Wolves,Crystal Palace,2.0,0.0,1.5,0.4
2020,2020-07-21,Watford,Manchester City,0.0,4.0,0.1,3.3
2020,2020-07-21,Aston Villa,Arsenal,1.0,0.0,0.6,0.6
2020,2020-07-22,Manchester Utd,West Ham,1.0,1.0,0.6,1.5
2020,2020-07-22,Liverpool,Chelsea,5.0,3.0,1.7,2.4
2020,2020-07-26,Everton,Bournemouth,1.0,3.0,1.7,1.5
2020,2020-07-26,Leicester City,Manchester Utd,0.0,2.0,0.8,1.3
2020,2020-07-26,Southampton,Sheffield Utd,3.0,1.0,1.7,1.4
2020,2020-07-26,Arsenal,Watford,3.0,2.0,2.3,3.7
2020,2020-07-26,Crystal Palace,Tottenham,1.0,1.0,0.8,0.3
2020,2020-07-26,Manchester City,Norwich City,5.0,0.0,3.2,1.0
2020,2020-07-26,Chelsea,Wolves,2.0,0.0,1.4,0.2
2020,2020-07-26,West Ham,Aston Villa,1.0,1.0,0.9,1.0
2020,2020-07-26,Newcastle Utd,Liverpool,1.0,3.0,0.1,0.6
2020,2020-07-26,Burnley,Brighton,1.0,2.0,1.7,1.2
2021,2020-09-12,Fulham,Arsenal,0.0,3.0,0.1,1.9
2021,2020-09-12,Crystal Palace,Southampton,1.0,0.0,1.1,0.9
2021,2020-09-12,Liverpool,Leeds United,4.0,3.0,2.7,0.3
2021,2020-09-12,West Ham,Newcastle Utd,0.0,2.0,1.0,1.6
2021,2020-09-13,West Brom,Leicester City,0.0,3.0,0.4,2.8
2021,2020-09-13,Tottenham,Everton,0.0,1.0,1.1,1.2
2021,2020-09-14,Sheffield Utd,Wolves,0.0,2.0,1.0,1.4
2021,2020-09-14,Brighton,Chelsea,1.0,3.0,1.1,1.2
2021,2020-09-19,Everton,West Brom,5.0,2.0,3.9,0.3
2021,2020-09-19,Leeds United,Fulham,4.0,3.0,1.4,1.7
2021,2020-09-19,Manchester Utd,Crystal Palace,1.0,3.0,1.2,1.6
2021,2020-09-19,Arsenal,West Ham,2.0,1.0,1.1,2.0
2021,2020-09-20,Southampton,Tottenham,2.0,5.0,2.0,2.1
2021,2020-09-20,Newcastle Utd,Brighton,0.0,3.0,0.5,1.8
2021,2020-09-20,Chelsea,Liverpool,0.0,2.0,0.9,2.1
2021,2020-09-20,Leicester City,Burnley,4.0,2.0,1.2,1.4
2021,2020-09-21,Aston Villa,Sheffield Utd,1.0,0.0,1.0,0.9
2021,2020-09-21,Wolves,Manchester City,1.0,3.0,0.6,1.9
2021,2020-09-26,Brighton,Manchester Utd,2.0,3.0,2.5,1.5
2021,2020-09-26,Crystal Palace,Everton,1.0,2.0,0.4,1.9
2021,2020-09-26,West Brom,Chelsea,3.0,3.0,0.6,2.0
2021,2020-09-26,Burnley,Southampton,0.0,1.0,0.5,0.6
2021,2020-09-27,Sheffield Utd,Leeds United,0.0,1.0,1.4,1.2
2021,2020-09-27,Tottenham,Newcastle Utd,1.0,1.0,2.9,1.0
2021,2020-09-27,Manchester City,Leicester City,2.0,5.0,0.9,2.9
2021,2020-09-27,West Ham,Wolves,4.0,0.0,2.4,0.5
2021,2020-09-28,Fulham,Aston Villa,0.0,3.0,0.7,1.4
2021,2020-09-28,Liverpool,Arsenal,3.0,1.0,2.7,1.3
2021,2020-10-03,Chelsea,Crystal Palace,4.0,0.0,2.7,0.2
2021,2020-10-03,Everton,Brighton,4.0,2.0,1.6,1.3
2021,2020-10-03,Leeds United,Manchester City,1.0,1.0,2.4,1.2
2021,2020-10-03,Newcastle Utd,Burnley,3.0,1.0,1.8,0.4
2021,2020-10-04,Southampton,West Brom,2.0,0.0,1.2,0.2
2021,2020-10-04,Leicester City,West Ham,0.0,3.0,0.6,2.0
2021,2020-10-04,Arsenal,Sheffield Utd,2.0,1.0,0.6,0.2
2021,2020-10-04,Wolves,Fulham,1.0,0.0,1.2,0.9
2021,2020-10-04,Manchester Utd,Tottenham,1.0,6.0,0.9,3.4
2021,2020-10-04,Aston Villa,Liverpool,7.0,2.0,2.7,1.8
2021,2020-10-17,Everton,Liverpool,2.0,2.0,1.2,2.6
2021,2020-10-17,Chelsea,Southampton,3.0,3.0,1.8,1.9
2021,2020-10-17,Manchester City,Arsenal,1.0,0.0,1.3,0.9
2021,2020-10-17,Newcastle Utd,Manchester Utd,1.0,4.0,0.9,2.3
2021,2020-10-18,Sheffield Utd,Fulham,1.0,1.0,1.7,1.5
2021,2020-10-18,Crystal Palace,Brighton,1.0,1.0,0.8,1.7
2021,2020-10-18,Tottenham,West Ham,3.0,3.0,1.7,1.9
2021,2020-10-18,Leicester City,Aston Villa,0.0,1.0,0.6,0.7
2021,2020-10-19,West Brom,Burnley,0.0,0.0,0.8,1.1
2021,2020-10-19,Leeds United,Wolves,0.0,1.0,1.0,0.4
2021,2020-10-23,Aston Villa,Leeds United,0.0,3.0,1.4,2.7
2021,2020-10-24,West Ham,Manchester City,1.0,1.0,0.3,1.0
2021,2020-10-24,Fulham,Crystal Palace,1.0,2.0,1.1,2.5
2021,2020-10-24,Manchester Utd,Chelsea,0.0,0.0,0.6,0.2
2021,2020-10-24,Liverpool,Sheffield Utd,2.0,1.0,2.3,1.6
2021,2020-10-25,Southampton,Everton,2.0,0.0,0.7,0.4
2021,2020-10-25,Wolves,Newcastle Utd,1.0,1.0,0.7,0.3
2021,2020-10-25,Arsenal,Leicester City,0.0,1.0,0.7,0.7
2021,2020-10-26,Brighton,West Brom,1.0,1.0,0.5,0.4
2021,2020-10-26,Burnley,Tottenham,0.0,1.0,1.0,0.6
2021,2020-10-30,Wolves,Crystal Palace,2.0,0.0,1.3,0.7
2021,2020-10-31,Sheffield Utd,Manchester City,0.0,1.0,0.5,1.6
2021,2020-10-31,Burnley,Chelsea,0.0,3.0,0.5,0.9
2021,2020-10-31,Liverpool,West Ham,2.0,1.0,1.7,0.3
2021,2020-11-01,Aston Villa,Southampton,3.0,4.0,1.9,0.7
2021,2020-11-01,Newcastle Utd,Everton,2.0,1.0,2.9,1.5
2021,2020-11-01,Manchester Utd,Arsenal,0.0,1.0,0.4,1.0
2021,2020-11-01,Tottenham,Brighton,2.0,1.0,1.7,0.3
2021,2020-11-02,Fulham,West Brom,2.0,0.0,1.5,0.5
2021,2020-11-02,Leeds United,Leicester City,1.0,4.0,2.1,2.9
2021,2020-11-06,Brighton,Burnley,0.0,0.0,1.5,0.5
2021,2020-11-06,Southampton,Newcastle Utd,2.0,0.0,0.7,0.3
2021,2020-11-07,Everton,Manchester Utd,1.0,3.0,0.4,1.5
2021,2020-11-07,Crystal Palace,Leeds United,4.0,1.0,0.9,0.8
2021,2020-11-07,Chelsea,Sheffield Utd,4.0,1.0,2.2,0.4
2021,2020-11-07,West Ham,Fulham,1.0,0.0,1.3,1.7
2021,2020-11-08,West Brom,Tottenham,0.0,1.0,0.8,1.9
2021,2020-11-08,Leicester City,Wolves,1.0,0.0,2.0,0.8
2021,2020-11-08,Manchester City,Liverpool,1.0,1.0,1.4,1.2
2021,2020-11-08,Arsenal,Aston Villa,0.0,3.0,1.5,1.8
2021,2020-11-21,Newcastle Utd,Chelsea,0.0,2.0,0.3,1.5
2021,2020-11-21,Aston Villa,Brighton,1.0,2.0,1.5,1.4
2021,2020-11-21,Tottenham,Manchester City,2.0,0.0,0.7,1.4
2021,2020-11-21,Manchester Utd,West Brom,1.0,0.0,2.4,0.6
2021,2020-11-22,Fulham,Everton,2.0,3.0,1.9,2.0
2021,2020-11-22,Sheffield Utd,West Ham,0.0,1.0,0.9,2.1
2021,2020-11-22,Leeds United,Arsenal,0.0,0.0,1.8,0.9
2021,2020-11-22,Liverpool,Leicester City,3.0,0.0,3.1,1.6
2021,2020-11-23,Burnley,Crystal Palace,1.0,0.0,1.5,1.5
2021,2020-11-23,Wolves,Southampton,1.0,1.0,1.5,1.0
2021,2020-11-27,Crystal Palace,Newcastle Utd,0.0,2.0,0.6,1.3
2021,2020-11-28,Brighton,Liverpool,1.0,1.0,2.3,0.2
2021,2020-11-28,Manchester City,Burnley,5.0,0.0,1.7,0.5
2021,2020-11-28,Everton,Leeds United,0.0,1.0,1.2,2.9
2021,2020-11-28,West Brom,Sheffield Utd,1.0,0.0,1.2,2.9
2021,2020-11-29,Southampton,Manchester Utd,2.0,3.0,0.5,2.1
2021,2020-11-29,Chelsea,Tottenham,0.0,0.0,0.8,0.2
2021,2020-11-29,Arsenal,Wolves,1.0,2.0,1.5,1.8
2021,2020-11-30,Leicester City,Fulham,1.0,2.0,1.2,2.2
2021,2020-11-30,West Ham,Aston Villa,2.0,1.0,0.4,2.5
2021,2020-12-05,Burnley,Everton,1.0,1.0,0.8,2.2
2021,2020-12-05,Manchester City,Fulham,2.0,0.0,2.9,0.3
2021,2020-12-05,West Ham,Manchester Utd,1.0,3.0,2.0,1.7
2021,2020-12-05,Chelsea,Leeds United,3.0,1.0,4.1,0.8
2021,2020-12-06,West Brom,Crystal Palace,1.0,5.0,0.7,1.6
2021,2020-12-06,Sheffield Utd,Leicester City,1.0,2.0,0.2,1.4
2021,2020-12-06,Tottenham,Arsenal,2.0,0.0,0.3,0.6
2021,2020-12-06,Liverpool,Wolves,4.0,0.0,1.2,0.4
2021,2020-12-07,Brighton,Southampton,1.0,2.0,1.9,1.4
2021,2020-12-11,Leeds United,West Ham,1.0,2.0,1.6,1.3
2021,2020-12-12,Wolves,Aston Villa,0.0,1.0,1.1,1.4
2021,2020-12-12,Newcastle Utd,West Brom,2.0,1.0,0.8,0.6
2021,2020-12-12,Manchester Utd,Manchester City,0.0,0.0,0.6,1.3
2021,2020-12-12,Everton,Chelsea,1.0,0.0,1.2,0.7
2021,2020-12-13,Southampton,Sheffield Utd,3.0,0.0,2.0,0.3
2021,2020-12-13,Crystal Palace,Tottenham,1.0,1.0,1.6,0.9
2021,2020-12-13,Fulham,Liverpool,1.0,1.0,1.5,1.8
2021,2020-12-13,Leicester City,Brighton,3.0,0.0,1.5,0.9
2021,2020-12-13,Arsenal,Burnley,0.0,1.0,1.6,1.4
2021,2020-12-15,Wolves,Chelsea,2.0,1.0,0.5,1.0
2021,2020-12-15,Manchester City,West Brom,1.0,1.0,2.2,0.4
2021,2020-12-16,Arsenal,Southampton,1.0,1.0,0.6,1.2
2021,2020-12-16,Leicester City,Everton,0.0,2.0,0.8,1.4
2021,2020-12-16,Leeds United,Newcastle Utd,5.0,2.0,2.7,1.5
2021,2020-12-16,Liverpool,Tottenham,2.0,1.0,1.0,1.1
2021,2020-12-16,West Ham,Crystal Palace,1.0,1.0,0.4,1.1
2021,2020-12-16,Fulham,Brighton,0.0,0.0,1.0,0.5
2021,2020-12-17,Aston Villa,Burnley,0.0,0.0,1.5,0.3
2021,2020-12-17,Sheffield Utd,Manchester Utd,2.0,3.0,1.5,1.9
2021,2020-12-19,Crystal Palace,Liverpool,0.0,7.0,0.3,2.5
2021,2020-12-19,Southampton,Manchester City,0.0,1.0,0.7,0.9
2021,2020-12-19,Everton,Arsenal,2.0,1.0,0.6,1.4
2021,2020-12-19,Newcastle Utd,Fulham,1.0,1.0,1.4,1.0
2021,2020-12-20,Brighton,Sheffield Utd,1.0,1.0,2.8,0.5
2021,2020-12-20,Tottenham,Leicester City,0.0,2.0,0.7,1.7
2021,2020-12-20,Manchester Utd,Leeds United,6.0,2.0,3.6,1.8
2021,2020-12-20,West Brom,Aston Villa,0.0,3.0,0.0,2.4
2021,2020-12-21,Burnley,Wolves,2.0,1.0,1.7,1.5
2021,2020-12-21,Chelsea,West Ham,3.0,0.0,2.0,0.4
2021,2020-12-26,Leicester City,Manchester Utd,2.0,2.0,0.9,1.7
2021,2020-12-26,Aston Villa,Crystal Palace,3.0,0.0,3.9,0.9
2021,2020-12-26,Fulham,Southampton,0.0,0.0,0.7,0.2
2021,2020-12-26,Arsenal,Chelsea,3.0,1.0,2.0,2.6
2021,2020-12-26,Sheffield Utd,Everton,0.0,1.0,1.4,0.7
2021,2020-12-26,Manchester City,Newcastle Utd,2.0,0.0,3.0,0.3
2021,2020-12-27,Leeds United,Burnley,1.0,0.0,1.9,1.5
2021,2020-12-27,West Ham,Brighton,2.0,2.0,1.3,1.1
2021,2020-12-27,Liverpool,West Brom,1.0,1.0,1.5,0.6
2021,2020-12-27,Wolves,Tottenham,1.0,1.0,0.9,0.4
2021,2020-12-28,Crystal Palace,Leicester City,1.0,1.0,0.5,1.9
2021,2020-12-28,Chelsea,Aston Villa,1.0,1.0,1.7,0.7
2021,2020-12-29,West Brom,Leeds United,0.0,5.0,0.5,1.2
2021,2020-12-29,Southampton,West Ham,0.0,0.0,0.6,1.2
2021,2020-12-29,Burnley,Sheffield Utd,1.0,0.0,1.0,0.7
2021,2020-12-29,Brighton,Arsenal,0.0,1.0,0.8,1.1
2021,2020-12-29,Manchester Utd,Wolves,1.0,0.0,1.5,0.5
2021,2020-12-30,Newcastle Utd,Liverpool,0.0,0.0,0.5,1.4
2021,2021-01-01,Everton,West Ham,0.0,1.0,0.4,1.3
2021,2021-01-01,Manchester Utd,Aston Villa,2.0,1.0,2.1,1.4
2021,2021-01-02,Tottenham,Leeds United,3.0,0.0,2.6,1.1
2021,2021-01-02,Crystal Palace,Sheffield Utd,2.0,0.0,0.6,0.4
2021,2021-01-02,Brighton,Wolves,3.0,3.0,2.2,1.6
2021,2021-01-02,West Brom,Arsenal,0.0,4.0,1.0,3.7
2021,2021-01-03,Newcastle Utd,Leicester City,1.0,2.0,0.5,0.6
2021,2021-01-03,Chelsea,Manchester City,1.0,3.0,0.8,2.7
2021,2021-01-04,Southampton,Liverpool,1.0,0.0,0.4,1.5
2021,2021-01-12,Sheffield Utd,Newcastle Utd,1.0,0.0,2.1,0.6
2021,2021-01-12,Burnley,Manchester Utd,0.0,1.0,0.9,1.2
2021,2021-01-12,Wolves,Everton,1.0,2.0,0.7,0.6
2021,2021-01-13,Manchester City,Brighton,1.0,0.0,2.0,0.2
2021,2021-01-13,Tottenham,Fulham,1.0,1.0,2.4,1.1
2021,2021-01-14,Arsenal,Crystal Palace,0.0,0.0,0.4,0.8
2021,2021-01-16,Wolves,West Brom,2.0,3.0,1.5,2.4
2021,2021-01-16,West Ham,Burnley,1.0,0.0,1.7,0.5
2021,2021-01-16,Leeds United,Brighton,0.0,1.0,0.3,1.4
2021,2021-01-16,Fulham,Chelsea,0.0,1.0,0.7,1.6
2021,2021-01-16,Leicester City,Southampton,2.0,0.0,2.2,0.6
2021,2021-01-17,Sheffield Utd,Tottenham,1.0,3.0,0.9,1.0
2021,2021-01-17,Liverpool,Manchester Utd,0.0,0.0,1.2,1.1
2021,2021-01-17,Manchester City,Crystal Palace,4.0,0.0,0.7,0.1
2021,2021-01-18,Arsenal,Newcastle Utd,3.0,0.0,2.4,0.2
2021,2021-01-19,West Ham,West Brom,2.0,1.0,2.0,0.5
2021,2021-01-19,Leicester City,Chelsea,2.0,0.0,1.4,0.7
2021,2021-01-20,Manchester City,Aston Villa,2.0,0.0,3.4,0.6
2021,2021-01-20,Fulham,Manchester Utd,1.0,2.0,0.9,1.7
2021,2021-01-21,Liverpool,Burnley,0.0,1.0,1.6,1.1
2021,2021-01-23,Aston Villa,Newcastle Utd,2.0,0.0,2.3,0.5
2021,2021-01-26,Newcastle Utd,Leeds United,1.0,2.0,1.4,0.7
2021,2021-01-26,Crystal Palace,West Ham,2.0,3.0,0.7,2.8
2021,2021-01-26,West Brom,Manchester City,0.0,5.0,0.5,1.8
2021,2021-01-26,Southampton,Arsenal,1.0,3.0,0.8,2.2
2021,2021-01-27,Chelsea,Wolves,0.0,0.0,0.7,0.5
2021,2021-01-27,Burnley,Aston Villa,3.0,2.0,0.5,2.2
2021,2021-01-27,Brighton,Fulham,0.0,0.0,1.8,0.5
2021,2021-01-27,Everton,Leicester City,1.0,1.0,0.5,1.2
2021,2021-01-27,Manchester Utd,Sheffield Utd,1.0,2.0,1.1,1.0
2021,2021-01-28,Tottenham,Liverpool,1.0,3.0,0.1,2.5
2021,2021-01-30,Everton,Newcastle Utd,0.0,2.0,0.8,1.7
2021,2021-01-30,Crystal Palace,Wolves,1.0,0.0,1.4,0.4
2021,2021-01-30,Manchester City,Sheffield Utd,1.0,0.0,1.5,0.2
2021,2021-01-30,West Brom,Fulham,2.0,2.0,1.0,1.3
2021,2021-01-30,Arsenal,Manchester Utd,0.0,0.0,0.9,1.6
2021,2021-01-30,Southampton,Aston Villa,0.0,1.0,1.9,0.6
2021,2021-01-31,Chelsea,Burnley,2.0,0.0,1.2,0.2
2021,2021-01-31,Leicester City,Leeds United,1.0,3.0,1.8,2.1
2021,2021-01-31,West Ham,Liverpool,1.0,3.0,0.8,2.0
2021,2021-01-31,Brighton,Tottenham,1.0,0.0,1.6,0.4
2021,2021-02-02,Sheffield Utd,West Brom,2.0,1.0,1.3,1.6
2021,2021-02-02,Wolves,Arsenal,2.0,1.0,1.5,0.8
2021,2021-02-02,Manchester Utd,Southampton,9.0,0.0,4.7,0.5
2021,2021-02-02,Newcastle Utd,Crystal Palace,1.0,2.0,1.9,0.7
2021,2021-02-03,Burnley,Manchester City,0.0,2.0,0.1,2.0
2021,2021-02-03,Fulham,Leicester City,0.0,2.0,0.6,1.4
2021,2021-02-03,Leeds United,Everton,1.0,2.0,1.3,1.6
2021,2021-02-03,Liverpool,Brighton,0.0,1.0,1.0,1.3
2021,2021-02-03,Aston Villa,West Ham,1.0,3.0,0.7,1.7
2021,2021-02-04,Tottenham,Chelsea,0.0,1.0,0.6,1.6
2021,2021-02-06,Aston Villa,Arsenal,1.0,0.0,1.2,0.8
2021,2021-02-06,Burnley,Brighton,1.0,1.0,1.8,0.5
2021,2021-02-06,Newcastle Utd,Southampton,3.0,2.0,0.7,1.3
2021,2021-02-06,Fulham,West Ham,0.0,0.0,1.5,1.0
2021,2021-02-06,Manchester Utd,Everton,3.0,3.0,1.8,1.5
2021,2021-02-07,Tottenham,West Brom,2.0,0.0,1.5,0.6
2021,2021-02-07,Wolves,Leicester City,0.0,0.0,1.1,0.8
2021,2021-02-07,Liverpool,Manchester City,1.0,4.0,1.2,3.5
2021,2021-02-07,Sheffield Utd,Chelsea,1.0,2.0,0.6,1.6
2021,2021-02-08,Leeds United,Crystal Palace,2.0,0.0,1.9,0.4
2021,2021-02-13,Leicester City,Liverpool,3.0,1.0,1.9,1.7
2021,2021-02-13,Crystal Palace,Burnley,0.0,3.0,0.5,1.4
2021,2021-02-13,Manchester City,Tottenham,3.0,0.0,2.2,0.3
2021,2021-02-13,Brighton,Aston Villa,0.0,0.0,2.2,0.1
2021,2021-02-14,Southampton,Wolves,1.0,2.0,0.8,1.1
2021,2021-02-14,West Brom,Manchester Utd,1.0,1.0,1.0,0.5
2021,2021-02-14,Arsenal,Leeds United,4.0,2.0,2.3,0.9
2021,2021-02-14,Everton,Fulham,0.0,2.0,0.3,2.5
2021,2021-02-15,West Ham,Sheffield Utd,3.0,0.0,1.9,0.7
2021,2021-02-15,Chelsea,Newcastle Utd,2.0,0.0,2.2,0.6
2021,2021-02-17,Burnley,Fulham,1.0,1.0,0.9,0.5
2021,2021-02-17,Everton,Manchester City,1.0,3.0,1.0,1.0
2021,2021-02-19,Wolves,Leeds United,1.0,0.0,0.6,1.7
2021,2021-02-20,Southampton,Chelsea,1.0,1.0,0.6,1.2
2021,2021-02-20,Burnley,West Brom,0.0,0.0,0.5,1.6
2021,2021-02-20,Liverpool,Everton,0.0,2.0,1.4,1.6
2021,2021-02-20,Fulham,Sheffield Utd,1.0,0.0,1.2,0.9
2021,2021-02-21,West Ham,Tottenham,2.0,1.0,1.1,1.1
2021,2021-02-21,Aston Villa,Leicester City,1.0,2.0,1.4,1.1
2021,2021-02-21,Arsenal,Manchester City,0.0,1.0,0.3,1.8
2021,2021-02-21,Manchester Utd,Newcastle Utd,3.0,1.0,1.7,0.4
2021,2021-02-22,Brighton,Crystal Palace,1.0,2.0,2.4,0.2
2021,2021-02-23,Leeds United,Southampton,3.0,0.0,1.3,0.9
2021,2021-02-27,Manchester City,West Ham,2.0,1.0,0.5,1.5
2021,2021-02-27,West Brom,Brighton,1.0,0.0,0.8,2.9
2021,2021-02-27,Leeds United,Aston Villa,0.0,1.0,0.9,0.7
2021,2021-02-27,Newcastle Utd,Wolves,1.0,1.0,1.7,1.1
2021,2021-02-28,Crystal Palace,Fulham,0.0,0.0,0.1,1.4
2021,2021-02-28,Leicester City,Arsenal,1.0,3.0,0.4,2.3
2021,2021-02-28,Tottenham,Burnley,4.0,0.0,2.1,0.7
2021,2021-02-28,Chelsea,Manchester Utd,0.0,0.0,1.1,0.4
2021,2021-02-28,Sheffield Utd,Liverpool,0.0,2.0,0.7,2.7
2021,2021-03-01,Everton,Southampton,1.0,0.0,1.2,0.6
2021,2021-03-02,Manchester City,Wolves,4.0,1.0,3.3,0.3
2021,2021-03-03,Sheffield Utd,Aston Villa,1.0,0.0,0.9,2.3
2021,2021-03-03,Burnley,Leicester City,1.0,1.0,1.8,1.2
2021,2021-03-03,Crystal Palace,Manchester Utd,0.0,0.0,0.9,0.9
2021,2021-03-04,West Brom,Everton,0.0,1.0,1.0,1.0
2021,2021-03-04,Fulham,Tottenham,0.0,1.0,0.7,1.6
2021,2021-03-04,Liverpool,Chelsea,0.0,1.0,0.3,1.0
2021,2021-03-06,Burnley,Arsenal,1.0,1.0,1.1,2.5
2021,2021-03-06,Sheffield Utd,Southampton,0.0,2.0,0.7,1.9
2021,2021-03-06,Aston Villa,Wolves,0.0,0.0,0.6,1.6
2021,2021-03-06,Brighton,Leicester City,1.0,2.0,0.8,0.9
2021,2021-03-07,West Brom,Newcastle Utd,0.0,0.0,2.0,0.5
2021,2021-03-07,Liverpool,Fulham,0.0,1.0,0.9,1.3
2021,2021-03-07,Manchester City,Manchester Utd,0.0,2.0,1.3,1.7
2021,2021-03-07,Tottenham,Crystal Palace,4.0,1.0,2.7,0.5
2021,2021-03-08,Chelsea,Everton,2.0,0.0,2.4,0.3
2021,2021-03-08,West Ham,Leeds United,2.0,0.0,1.8,1.4
2021,2021-03-10,Manchester City,Southampton,5.0,2.0,2.6,1.6
2021,2021-03-12,Newcastle Utd,Aston Villa,1.0,1.0,1.5,0.9
2021,2021-03-13,Leeds United,Chelsea,0.0,0.0,0.4,1.0
2021,2021-03-13,Crystal Palace,West Brom,1.0,0.0,1.2,0.8
2021,2021-03-13,Everton,Burnley,1.0,2.0,1.5,0.8
2021,2021-03-13,Fulham,Manchester City,0.0,3.0,0.3,2.2
2021,2021-03-14,Southampton,Brighton,1.0,2.0,0.6,0.8
2021,2021-03-14,Leicester City,Sheffield Utd,5.0,0.0,4.0,0.1
2021,2021-03-14,Arsenal,Tottenham,2.0,1.0,1.7,0.4
2021,2021-03-14,Manchester Utd,West Ham,1.0,0.0,1.5,0.6
2021,2021-03-15,Wolves,Liverpool,0.0,1.0,1.1,0.9
2021,2021-03-19,Fulham,Leeds United,1.0,2.0,1.6,1.3
2021,2021-03-20,Brighton,Newcastle Utd,3.0,0.0,0.9,0.1
2021,2021-03-21,West Ham,Arsenal,3.0,3.0,2.4,1.4
2021,2021-03-21,Aston Villa,Tottenham,0.0,2.0,0.4,1.8
2021,2021-04-03,Chelsea,West Brom,2.0,5.0,2.1,1.6
2021,2021-04-03,Leeds United,Sheffield Utd,2.0,1.0,2.4,1.1
2021,2021-04-03,Leicester City,Manchester City,0.0,2.0,0.3,1.4
2021,2021-04-03,Arsenal,Liverpool,0.0,3.0,0.1,2.4
2021,2021-04-04,Southampton,Burnley,3.0,2.0,2.2,1.5
2021,2021-04-04,Newcastle Utd,Tottenham,2.0,2.0,3.4,2.7
2021,2021-04-04,Aston Villa,Fulham,3.0,1.0,1.5,1.0
2021,2021-04-04,Manchester Utd,Brighton,2.0,1.0,1.5,1.2
2021,2021-04-05,Everton,Crystal Palace,1.0,1.0,2.5,0.7
2021,2021-04-05,Wolves,West Ham,2.0,3.0,2.1,1.3
2021,2021-04-09,Fulham,Wolves,0.0,1.0,0.9,0.5
2021,2021-04-10,Manchester City,Leeds United,1.0,2.0,2.1,0.1
2021,2021-04-10,Liverpool,Aston Villa,2.0,1.0,2.3,0.5
2021,2021-04-10,Crystal Palace,Chelsea,1.0,4.0,0.4,3.1
2021,2021-04-11,Burnley,Newcastle Utd,1.0,2.0,2.0,1.2
2021,2021-04-11,West Ham,Leicester City,3.0,2.0,0.8,0.9
2021,2021-04-11,Tottenham,Manchester Utd,1.0,3.0,0.9,2.1
2021,2021-04-11,Sheffield Utd,Arsenal,0.0,3.0,0.3,1.7
2021,2021-04-12,West Brom,Southampton,3.0,0.0,3.0,1.5
2021,2021-04-12,Brighton,Everton,0.0,0.0,1.2,0.4
2021,2021-04-16,Everton,Tottenham,2.0,2.0,1.8,1.4
2021,2021-04-17,Newcastle Utd,West Ham,3.0,2.0,2.2,1.9
2021,2021-04-17,Wolves,Sheffield Utd,1.0,0.0,1.1,0.5
2021,2021-04-18,Arsenal,Fulham,1.0,1.0,2.7,0.9
2021,2021-04-18,Manchester Utd,Burnley,3.0,1.0,2.5,0.9
2021,2021-04-19,Leeds United,Liverpool,1.0,1.0,2.3,1.4
2021,2021-04-20,Chelsea,Brighton,0.0,0.0,0.7,0.5
2021,2021-04-21,Tottenham,Southampton,2.0,1.0,1.4,0.8
2021,2021-04-21,Aston Villa,Manchester City,1.0,2.0,0.7,1.2
2021,2021-04-22,Leicester City,West Brom,3.0,0.0,2.1,0.5
2021,2021-04-23,Arsenal,Everton,0.0,1.0,0.8,0.5
2021,2021-04-24,Liverpool,Newcastle Utd,1.0,1.0,2.4,1.0
2021,2021-04-24,West Ham,Chelsea,0.0,1.0,0.4,2.5
2021,2021-04-24,Sheffield Utd,Brighton,1.0,0.0,0.7,2.0
2021,2021-04-25,Wolves,Burnley,0.0,4.0,0.4,2.0
2021,2021-04-25,Leeds United,Manchester Utd,0.0,0.0,0.3,1.2
2021,2021-04-25,Aston Villa,West Brom,2.0,2.0,3.2,1.5
2021,2021-04-26,Leicester City,Crystal Palace,2.0,1.0,1.5,0.7
2021,2021-04-30,Southampton,Leicester City,1.0,1.0,0.9,1.9
2021,2021-05-01,Crystal Palace,Manchester City,0.0,2.0,0.9,1.7
2021,2021-05-01,Brighton,Leeds United,2.0,0.0,2.3,0.6
2021,2021-05-01,Chelsea,Fulham,2.0,0.0,1.7,0.3
2021,2021-05-01,Everton,Aston Villa,1.0,2.0,1.0,1.6
2021,2021-05-02,Newcastle Utd,Arsenal,0.0,2.0,0.3,2.0
2021,2021-05-02,Tottenham,Sheffield Utd,4.0,0.0,2.2,0.5
2021,2021-05-03,West Brom,Wolves,1.0,1.0,1.1,1.0
2021,2021-05-03,Burnley,West Ham,1.0,2.0,2.0,2.3
2021,2021-05-07,Leicester City,Newcastle Utd,2.0,4.0,2.2,2.7
2021,2021-05-08,Leeds United,Tottenham,3.0,1.0,2.5,0.9
2021,2021-05-08,Sheffield Utd,Crystal Palace,0.0,2.0,0.7,2.0
2021,2021-05-08,Manchester City,Chelsea,1.0,2.0,1.8,0.7
2021,2021-05-08,Liverpool,Southampton,2.0,0.0,1.7,1.1
2021,2021-05-09,Wolves,Brighton,2.0,1.0,1.1,0.3
2021,2021-05-09,Aston Villa,Manchester Utd,1.0,3.0,0.5,1.7
2021,2021-05-09,West Ham,Everton,0.0,1.0,1.3,1.5
2021,2021-05-09,Arsenal,West Brom,3.0,1.0,0.9,1.8
2021,2021-05-10,Fulham,Burnley,0.0,2.0,1.0,1.5
2021,2021-05-11,Manchester Utd,Leicester City,1.0,2.0,0.2,0.9
2021,2021-05-11,Southampton,Crystal Palace,3.0,1.0,1.2,1.5
2021,2021-05-12,Chelsea,Arsenal,0.0,1.0,1.8,0.6
2021,2021-05-13,Aston Villa,Everton,0.0,0.0,0.6,1.0
2021,2021-05-13,Manchester Utd,Liverpool,2.0,4.0,1.9,2.7
2021,2021-05-14,Newcastle Utd,Manchester City,3.0,4.0,2.2,1.5
2021,2021-05-15,Burnley,Leeds United,0.0,4.0,1.3,1.5
2021,2021-05-15,Southampton,Fulham,3.0,1.0,1.6,0.8
2021,2021-05-15,Brighton,West Ham,1.0,1.0,0.8,1.7
2021,2021-05-16,Crystal Palace,Aston Villa,3.0,2.0,1.9,1.4
2021,2021-05-16,Tottenham,Wolves,2.0,0.0,3.2,0.9
2021,2021-05-16,West Brom,Liverpool,1.0,2.0,1.0,1.9
2021,2021-05-16,Everton,Sheffield Utd,0.0,1.0,1.4,1.2
2021,2021-05-18,Manchester Utd,Fulham,1.0,1.0,0.9,0.9
2021,2021-05-18,Southampton,Leeds United,0.0,2.0,1.6,1.7
2021,2021-05-18,Brighton,Manchester City,3.0,2.0,1.1,0.9
2021,2021-05-18,Chelsea,Leicester City,2.0,1.0,3.1,0.8
2021,2021-05-19,Newcastle Utd,Sheffield Utd,1.0,0.0,1.6,0.9
2021,2021-05-19,Tottenham,Aston Villa,1.0,2.0,0.8,1.4
2021,2021-05-19,Everton,Wolves,1.0,0.0,0.7,0.3
2021,2021-05-19,Crystal Palace,Arsenal,1.0,3.0,1.0,1.8
2021,2021-05-19,Burnley,Liverpool,0.0,3.0,0.8,2.6
2021,2021-05-19,West Brom,West Ham,1.0,3.0,1.1,3.4
2021,2021-05-23,Aston Villa,Chelsea,2.0,1.0,1.1,3.3
2021,2021-05-23,Leicester City,Tottenham,2.0,4.0,1.9,1.5
2021,2021-05-23,Manchester City,Everton,5.0,0.0,2.5,1.1
2021,2021-05-23,Sheffield Utd,Burnley,1.0,0.0,0.5,1.1
2021,2021-05-23,Wolves,Manchester Utd,1.0,2.0,0.9,2.0
2021,2021-05-23,West Ham,Southampton,3.0,0.0,1.3,1.5
2021,2021-05-23,Leeds United,West Brom,3.0,1.0,2.3,1.0
2021,2021-05-23,Arsenal,Brighton,2.0,0.0,0.8,0.2
2021,2021-05-23,Liverpool,Crystal Palace,2.0,0.0,1.6,0.6
2021,2021-05-23,Fulham,Newcastle Utd,0.0,2.0,1.0,1.3
2022,2021-08-13,Brentford,Arsenal,2.0,0.0,1.2,1.3
2022,2021-08-14,Manchester Utd,Leeds United,5.0,1.0,1.5,0.5
2022,2021-08-14,Leicester City,Wolves,1.0,0.0,0.5,1.3
2022,2021-08-14,Burnley,Brighton,1.0,2.0,1.5,1.0
2022,2021-08-14,Chelsea,Crystal Palace,3.0,0.0,0.7,0.2
2022,2021-08-14,Watford,Aston Villa,3.0,2.0,1.2,1.2
2022,2021-08-14,Everton,Southampton,3.0,1.0,2.4,0.8
2022,2021-08-14,Norwich City,Liverpool,0.0,3.0,1.4,1.6
2022,2021-08-15,Newcastle Utd,West Ham,2.0,4.0,1.8,2.7
2022,2021-08-15,Tottenham,Manchester City,1.0,0.0,1.0,1.8
2022,2021-08-21,Liverpool,Burnley,2.0,0.0,2.7,0.9
2022,2021-08-21,Aston Villa,Newcastle Utd,2.0,0.0,1.2,0.7
2022,2021-08-21,Manchester City,Norwich City,5.0,0.0,2.6,0.1
2022,2021-08-21,Leeds United,Everton,2.0,2.0,1.2,1.8
2022,2021-08-21,Crystal Palace,Brentford,0.0,0.0,0.5,0.9
2022,2021-08-21,Brighton,Watford,2.0,0.0,1.3,0.5
2022,2021-08-22,Wolves,Tottenham,0.0,1.0,1.7,1.7
2022,2021-08-22,Southampton,Manchester Utd,1.0,1.0,0.7,1.8
2022,2021-08-22,Arsenal,Chelsea,0.0,2.0,0.3,3.1
2022,2021-08-23,West Ham,Leicester City,4.0,1.0,2.3,0.6
2022,2021-08-28,Manchester City,Arsenal,5.0,0.0,4.4,0.2
2022,2021-08-28,Norwich City,Leicester City,1.0,2.0,1.5,1.5
2022,2021-08-28,West Ham,Crystal Palace,2.0,2.0,1.3,1.1
2022,2021-08-28,Aston Villa,Brentford,1.0,1.0,0.7,0.9
2022,2021-08-28,Newcastle Utd,Southampton,2.0,2.0,1.0,3.6
2022,2021-08-28,Brighton,Everton,0.0,2.0,0.7,1.4
2022,2021-08-28,Liverpool,Chelsea,1.0,1.0,2.5,0.6
2022,2021-08-29,Burnley,Leeds United,1.0,1.0,1.0,1.2
2022,2021-08-29,Tottenham,Watford,1.0,0.0,1.0,0.8
2022,2021-08-29,Wolves,Manchester Utd,0.0,1.0,2.1,0.6
2022,2021-09-11,Crystal Palace,Tottenham,3.0,0.0,2.1,0.1
2022,2021-09-11,Watford,Wolves,0.0,2.0,0.2,2.2
2022,2021-09-11,Brentford,Brighton,0.0,1.0,0.4,0.3
2022,2021-09-11,Arsenal,Norwich City,1.0,0.0,2.7,0.7
2022,2021-09-11,Manchester Utd,Newcastle Utd,4.0,1.0,2.5,0.4
2022,2021-09-11,Leicester City,Manchester City,0.0,1.0,0.6,2.8
2022,2021-09-11,Southampton,West Ham,0.0,0.0,0.7,0.7
2022,2021-09-11,Chelsea,Aston Villa,3.0,0.0,1.3,1.2
2022,2021-09-12,Leeds United,Liverpool,0.0,3.0,1.2,4.3
2022,2021-09-13,Everton,Burnley,3.0,1.0,1.4,1.0
2022,2021-09-17,Newcastle Utd,Leeds United,1.0,1.0,1.3,1.5
2022,2021-09-18,Wolves,Brentford,0.0,2.0,0.6,2.5
2022,2021-09-18,Manchester City,Southampton,0.0,0.0,1.0,0.4
2022,2021-09-18,Liverpool,Crystal Palace,3.0,0.0,3.1,0.6
2022,2021-09-18,Norwich City,Watford,1.0,3.0,1.0,2.4
2022,2021-09-18,Burnley,Arsenal,0.0,1.0,1.0,1.1
2022,2021-09-18,Aston Villa,Everton,3.0,0.0,0.8,0.7
2022,2021-09-19,West Ham,Manchester Utd,1.0,2.0,1.6,2.0
2022,2021-09-19,Brighton,Leicester City,2.0,1.0,1.7,1.6
2022,2021-09-19,Tottenham,Chelsea,0.0,3.0,0.5,2.1
2022,2021-09-25,Manchester Utd,Aston Villa,0.0,1.0,2.2,1.0
2022,2021-09-25,Chelsea,Manchester City,0.0,1.0,0.2,1.7
2022,2021-09-25,Leicester City,Burnley,2.0,2.0,2.4,0.5
2022,2021-09-25,Leeds United,West Ham,1.0,2.0,1.2,1.6
2022,2021-09-25,Watford,Newcastle Utd,1.0,1.0,0.9,1.9
2022,2021-09-25,Everton,Norwich City,2.0,0.0,1.9,0.5
2022,2021-09-25,Brentford,Liverpool,3.0,3.0,2.1,2.8
2022,2021-09-26,Southampton,Wolves,0.0,1.0,1.0,1.0
2022,2021-09-26,Arsenal,Tottenham,3.0,1.0,1.1,1.0
2022,2021-09-27,Crystal Palace,Brighton,1.0,1.0,1.4,0.8
2022,2021-10-02,Manchester Utd,Everton,1.0,1.0,1.0,1.3
2022,2021-10-02,Wolves,Newcastle Utd,2.0,1.0,1.0,0.6
2022,2021-10-02,Burnley,Norwich City,0.0,0.0,1.2,0.6
2022,2021-10-02,Chelsea,Southampton,3.0,1.0,3.3,1.3
2022,2021-10-02,Leeds United,Watford,1.0,0.0,1.3,0.2
2022,2021-10-02,Brighton,Arsenal,0.0,0.0,1.1,0.4
2022,2021-10-03,Tottenham,Aston Villa,2.0,1.0,1.3,1.2
2022,2021-10-03,Crystal Palace,Leicester City,2.0,2.0,1.5,1.2
2022,2021-10-03,West Ham,Brentford,1.0,2.0,1.5,1.2
2022,2021-10-03,Liverpool,Manchester City,2.0,2.0,0.9,1.2
2022,2021-10-16,Watford,Liverpool,0.0,5.0,0.5,3.3
2022,2021-10-16,Leicester City,Manchester Utd,4.0,2.0,2.4,1.2
2022,2021-10-16,Manchester City,Burnley,2.0,0.0,2.1,0.9
2022,2021-10-16,Southampton,Leeds United,1.0,0.0,1.9,0.2
2022,2021-10-16,Aston Villa,Wolves,2.0,3.0,1.0,2.0
2022,2021-10-16,Norwich City,Brighton,0.0,0.0,1.2,0.8
2022,2021-10-16,Brentford,Chelsea,0.0,1.0,1.4,0.3
2022,2021-10-17,Everton,West Ham,0.0,1.0,0.9,1.2
2022,2021-10-17,Newcastle Utd,Tottenham,2.0,3.0,0.4,1.7
2022,2021-10-18,Arsenal,Crystal Palace,2.0,2.0,1.7,0.7
2022,2021-10-22,Arsenal,Aston Villa,3.0,1.0,2.7,1.4
2022,2021-10-23,Chelsea,Norwich City,7.0,0.0,3.1,0.1
2022,2021-10-23,Leeds United,Wolves,1.0,1.0,1.6,0.9
2022,2021-10-23,Crystal Palace,Newcastle Utd,1.0,1.0,1.9,0.3
2022,2021-10-23,Everton,Watford,2.0,5.0,1.5,3.7
2022,2021-10-23,Southampton,Burnley,2.0,2.0,1.6,0.7
2022,2021-10-23,Brighton,Manchester City,1.0,4.0,1.3,3.8
2022,2021-10-24,West Ham,Tottenham,1.0,0.0,1.3,0.7
2022,2021-10-24,Brentford,Leicester City,1.0,2.0,1.0,1.5
2022,2021-10-24,Manchester Utd,Liverpool,0.0,5.0,1.6,3.4
2022,2021-10-30,Leicester City,Arsenal,0.0,2.0,1.3,0.7
2022,2021-10-30,Newcastle Utd,Chelsea,0.0,3.0,0.2,2.2
2022,2021-10-30,Liverpool,Brighton,2.0,2.0,1.5,1.0
2022,2021-10-30,Burnley,Brentford,3.0,1.0,2.3,0.8
2022,2021-10-30,Watford,Southampton,0.0,1.0,1.0,1.8
2022,2021-10-30,Manchester City,Crystal Palace,0.0,2.0,0.7,0.7
2022,2021-10-30,Tottenham,Manchester Utd,0.0,3.0,1.0,1.5
2022,2021-10-31,Norwich City,Leeds United,1.0,2.0,0.8,0.7
2022,2021-10-31,Aston Villa,West Ham,1.0,4.0,0.7,2.3
2022,2021-11-01,Wolves,Everton,2.0,1.0,1.7,1.5
2022,2021-11-05,Southampton,Aston Villa,1.0,0.0,0.6,0.6
2022,2021-11-06,Manchester Utd,Manchester City,0.0,2.0,0.9,1.6
2022,2021-11-06,Brentford,Norwich City,1.0,2.0,2.5,1.2
2022,2021-11-06,Chelsea,Burnley,1.0,1.0,1.8,0.7
2022,2021-11-06,Crystal Palace,Wolves,2.0,0.0,1.9,0.3
2022,2021-11-06,Brighton,Newcastle Utd,1.0,1.0,1.5,0.3
2022,2021-11-07,Everton,Tottenham,0.0,0.0,0.6,0.7
2022,2021-11-07,Leeds United,Leicester City,1.0,1.0,1.3,0.7
2022,2021-11-07,Arsenal,Watford,1.0,0.0,1.6,0.5
2022,2021-11-07,West Ham,Liverpool,3.0,2.0,1.0,1.2
2022,2021-11-20,Leicester City,Chelsea,0.0,3.0,0.4,2.0
2022,2021-11-20,Wolves,West Ham,1.0,0.0,1.4,0.4
2022,2021-11-20,Watford,Manchester Utd,4.0,1.0,2.7,1.4
2022,2021-11-20,Norwich City,Southampton,2.0,1.0,0.5,1.0
2022,2021-11-20,Aston Villa,Brighton,2.0,0.0,0.7,0.4
2022,2021-11-20,Newcastle Utd,Brentford,3.0,3.0,1.5,0.9
2022,2021-11-20,Burnley,Crystal Palace,3.0,3.0,1.5,1.9
2022,2021-11-20,Liverpool,Arsenal,4.0,0.0,4.3,0.4
2022,2021-11-21,Manchester City,Everton,3.0,0.0,2.5,0.2
2022,2021-11-21,Tottenham,Leeds United,2.0,1.0,2.1,1.4
2022,2021-11-27,Arsenal,Newcastle Utd,2.0,0.0,2.5,0.3
2022,2021-11-27,Crystal Palace,Aston Villa,1.0,2.0,1.0,0.5
2022,2021-11-27,Liverpool,Southampton,4.0,0.0,2.9,1.0
2022,2021-11-27,Norwich City,Wolves,0.0,0.0,1.6,0.3
2022,2021-11-27,Brighton,Leeds United,0.0,0.0,2.1,0.6
2022,2021-11-28,Brentford,Everton,1.0,0.0,1.2,1.0
2022,2021-11-28,Leicester City,Watford,4.0,2.0,2.1,2.8
2022,2021-11-28,Manchester City,West Ham,2.0,1.0,2.1,0.2
2022,2021-11-28,Chelsea,Manchester Utd,1.0,1.0,2.7,0.9
2022,2021-11-30,Newcastle Utd,Norwich City,1.0,1.0,1.1,1.2
2022,2021-11-30,Leeds United,Crystal Palace,1.0,0.0,1.4,1.1
2022,2021-12-01,Southampton,Leicester City,2.0,2.0,1.5,1.5
2022,2021-12-01,West Ham,Brighton,1.0,1.0,1.3,1.3
2022,2021-12-01,Wolves,Burnley,0.0,0.0,0.7,0.2
2022,2021-12-01,Watford,Chelsea,1.0,2.0,1.0,0.9
2022,2021-12-01,Aston Villa,Manchester City,1.0,2.0,0.8,1.0
2022,2021-12-01,Everton,Liverpool,1.0,4.0,0.7,2.4
2022,2021-12-02,Tottenham,Brentford,2.0,0.0,1.9,0.3
2022,2021-12-02,Manchester Utd,Arsenal,3.0,2.0,1.9,1.4
2022,2021-12-04,West Ham,Chelsea,3.0,2.0,1.8,1.1
2022,2021-12-04,Newcastle Utd,Burnley,1.0,0.0,1.0,0.6
2022,2021-12-04,Southampton,Brighton,1.0,1.0,1.6,1.6
2022,2021-12-04,Wolves,Liverpool,0.0,1.0,0.1,2.7
2022,2021-12-04,Watford,Manchester City,1.0,3.0,0.8,3.1
2022,2021-12-05,Leeds United,Brentford,2.0,2.0,1.2,1.0
2022,2021-12-05,Tottenham,Norwich City,3.0,0.0,1.6,1.2
2022,2021-12-05,Manchester Utd,Crystal Palace,1.0,0.0,0.9,0.5
2022,2021-12-05,Aston Villa,Leicester City,2.0,1.0,2.1,1.1
2022,2021-12-06,Everton,Arsenal,2.0,1.0,0.9,1.0
2022,2021-12-10,Brentford,Watford,2.0,1.0,1.6,0.5
2022,2021-12-11,Manchester City,Wolves,1.0,0.0,3.2,0.2
2022,2021-12-11,Liverpool,Aston Villa,1.0,0.0,2.2,0.2
2022,2021-12-11,Arsenal,Southampton,3.0,0.0,1.8,0.6
2022,2021-12-11,Chelsea,Leeds United,3.0,2.0,2.5,1.4
2022,2021-12-11,Norwich City,Manchester Utd,0.0,1.0,1.2,2.0
2022,2021-12-12,Burnley,West Ham,0.0,0.0,0.8,0.8
2022,2021-12-12,Leicester City,Newcastle Utd,4.0,0.0,2.6,1.0
2022,2021-12-12,Crystal Palace,Everton,3.0,1.0,1.8,1.0
2022,2021-12-14,Norwich City,Aston Villa,0.0,2.0,0.5,2.0
2022,2021-12-14,Manchester City,Leeds United,7.0,0.0,3.1,0.3
2022,2021-12-15,Brighton,Wolves,0.0,1.0,1.2,1.0
2022,2021-12-15,Crystal Palace,Southampton,2.0,2.0,1.2,0.6
2022,2021-12-15,Arsenal,West Ham,2.0,0.0,2.8,0.4
2022,2021-12-16,Chelsea,Everton,1.0,1.0,2.9,0.6
2022,2021-12-16,Liverpool,Newcastle Utd,3.0,1.0,2.7,0.3
2022,2021-12-18,Leeds United,Arsenal,1.0,4.0,1.6,3.5
2022,2021-12-19,Wolves,Chelsea,0.0,0.0,0.2,0.9
2022,2021-12-19,Newcastle Utd,Manchester City,0.0,4.0,0.3,2.9
2022,2021-12-19,Tottenham,Liverpool,2.0,2.0,3.0,1.1
2022,2021-12-26,West Ham,Southampton,2.0,3.0,1.6,1.2
2022,2021-12-26,Manchester City,Leicester City,6.0,3.0,3.6,2.7
2022,2021-12-26,Norwich City,Arsenal,0.0,5.0,0.1,2.5
2022,2021-12-26,Tottenham,Crystal Palace,3.0,0.0,2.3,0.2
2022,2021-12-26,Aston Villa,Chelsea,1.0,3.0,0.4,2.6
2022,2021-12-26,Brighton,Brentford,2.0,0.0,0.8,0.7
2022,2021-12-27,Newcastle Utd,Manchester Utd,1.0,1.0,1.3,1.6
2022,2021-12-28,Southampton,Tottenham,1.0,1.0,0.4,2.3
2022,2021-12-28,Crystal Palace,Norwich City,3.0,0.0,1.9,0.9
2022,2021-12-28,Watford,West Ham,1.0,4.0,1.6,3.6
2022,2021-12-28,Leicester City,Liverpool,1.0,0.0,0.4,2.3
2022,2021-12-29,Chelsea,Brighton,1.0,1.0,0.7,0.9
2022,2021-12-29,Brentford,Manchester City,0.0,1.0,0.4,1.1
2022,2021-12-30,Manchester Utd,Burnley,3.0,1.0,2.4,1.1
2022,2022-01-01,Arsenal,Manchester City,1.0,2.0,0.8,2.0
2022,2022-01-01,Watford,Tottenham,0.0,1.0,0.3,2.2
2022,2022-01-01,Crystal Palace,West Ham,2.0,3.0,2.4,2.2
2022,2022-01-02,Leeds United,Burnley,3.0,1.0,1.9,1.0
2022,2022-01-02,Brentford,Aston Villa,2.0,1.0,0.6,0.8
2022,2022-01-02,Everton,Brighton,2.0,3.0,1.6,1.7
2022,2022-01-02,Chelsea,Liverpool,2.0,2.0,1.2,1.3
2022,2022-01-03,Manchester Utd,Wolves,0.0,1.0,0.8,0.7
2022,2022-01-11,Southampton,Brentford,4.0,1.0,1.4,0.5
2022,2022-01-12,West Ham,Norwich City,2.0,0.0,2.5,0.3
2022,2022-01-14,Brighton,Crystal Palace,1.0,1.0,2.0,0.2
2022,2022-01-15,Manchester City,Chelsea,1.0,0.0,1.0,0.3
2022,2022-01-15,Norwich City,Everton,2.0,1.0,1.0,0.6
2022,2022-01-15,Newcastle Utd,Watford,1.0,1.0,1.2,1.4
2022,2022-01-15,Wolves,Southampton,3.0,1.0,2.5,0.8
2022,2022-01-15,Aston Villa,Manchester Utd,2.0,2.0,1.9,1.0
2022,2022-01-16,West Ham,Leeds United,2.0,3.0,2.4,2.2
2022,2022-01-16,Liverpool,Brentford,3.0,0.0,2.7,0.7
2022,2022-01-18,Brighton,Chelsea,1.0,1.0,0.7,0.7
2022,2022-01-19,Leicester City,Tottenham,2.0,3.0,1.2,3.1
2022,2022-01-19,Brentford,Manchester Utd,1.0,3.0,2.3,2.3
2022,2022-01-21,Watford,Norwich City,0.0,3.0,1.2,1.1
2022,2022-01-22,Everton,Aston Villa,0.0,1.0,1.6,0.8
2022,2022-01-22,Leeds United,Newcastle Utd,0.0,1.0,0.7,0.9
2022,2022-01-22,Manchester Utd,West Ham,1.0,0.0,1.9,0.3
2022,2022-01-22,Brentford,Wolves,1.0,2.0,1.1,0.2
2022,2022-01-22,Southampton,Manchester City,1.0,1.0,0.8,1.8
2022,2022-01-23,Crystal Palace,Liverpool,1.0,3.0,2.2,1.9
2022,2022-01-23,Arsenal,Burnley,0.0,0.0,1.2,0.4
2022,2022-01-23,Leicester City,Brighton,1.0,1.0,1.4,1.1
2022,2022-01-23,Chelsea,Tottenham,2.0,0.0,1.2,0.5
2022,2022-02-05,Burnley,Watford,0.0,0.0,0.6,0.8
2022,2022-02-08,West Ham,Watford,1.0,0.0,0.8,0.3
2022,2022-02-08,Newcastle Utd,Everton,3.0,1.0,1.9,0.7
2022,2022-02-08,Burnley,Manchester Utd,1.0,1.0,0.4,1.8
2022,2022-02-09,Tottenham,Southampton,2.0,3.0,1.4,2.2
2022,2022-02-09,Norwich City,Crystal Palace,1.0,1.0,0.4,1.3
2022,2022-02-09,Manchester City,Brentford,2.0,0.0,1.9,0.4
2022,2022-02-09,Aston Villa,Leeds United,3.0,3.0,1.6,1.8
2022,2022-02-10,Liverpool,Leicester City,2.0,0.0,1.8,0.5
2022,2022-02-10,Wolves,Arsenal,0.0,1.0,0.8,1.8
2022,2022-02-12,Manchester Utd,Southampton,1.0,1.0,2.1,0.8
2022,2022-02-12,Everton,Leeds United,3.0,0.0,2.7,0.3
2022,2022-02-12,Brentford,Crystal Palace,0.0,0.0,1.6,0.3
2022,2022-02-12,Watford,Brighton,0.0,2.0,0.5,1.6
2022,2022-02-12,Norwich City,Manchester City,0.0,4.0,0.4,4.6
2022,2022-02-13,Newcastle Utd,Aston Villa,1.0,0.0,0.5,0.6
2022,2022-02-13,Burnley,Liverpool,0.0,1.0,1.5,1.7
2022,2022-02-13,Tottenham,Wolves,0.0,2.0,1.2,1.3
2022,2022-02-13,Leicester City,West Ham,2.0,2.0,1.4,1.1
2022,2022-02-15,Manchester Utd,Brighton,2.0,0.0,1.7,0.7
2022,2022-02-19,West Ham,Newcastle Utd,1.0,1.0,0.6,0.8
2022,2022-02-19,Aston Villa,Watford,0.0,1.0,1.3,1.2
2022,2022-02-19,Arsenal,Brentford,2.0,1.0,1.7,0.6
2022,2022-02-19,Southampton,Everton,2.0,0.0,2.5,0.3
2022,2022-02-19,Liverpool,Norwich City,3.0,1.0,3.6,0.6
2022,2022-02-19,Brighton,Burnley,0.0,3.0,0.6,0.7
2022,2022-02-19,Crystal Palace,Chelsea,0.0,1.0,0.5,0.9
2022,2022-02-19,Manchester City,Tottenham,2.0,3.0,2.1,1.4
2022,2022-02-20,Leeds United,Manchester Utd,2.0,4.0,1.8,2.2
2022,2022-02-20,Wolves,Leicester City,2.0,1.0,0.5,1.7
2022,2022-02-23,Burnley,Tottenham,1.0,0.0,0.9,0.7
2022,2022-02-23,Watford,Crystal Palace,1.0,4.0,1.4,1.1
2022,2022-02-23,Liverpool,Leeds United,6.0,0.0,5.9,0.2
2022,2022-02-24,Arsenal,Wolves,2.0,1.0,3.1,1.0
2022,2022-02-25,Southampton,Norwich City,2.0,0.0,2.6,0.6
2022,2022-02-26,Leeds United,Tottenham,0.0,4.0,1.5,1.9
2022,2022-02-26,Crystal Palace,Burnley,1.0,1.0,1.0,0.2
2022,2022-02-26,Manchester Utd,Watford,0.0,0.0,2.8,0.6
2022,2022-02-26,Brighton,Aston Villa,0.0,2.0,0.7,1.0
2022,2022-02-26,Brentford,Newcastle Utd,0.0,2.0,0.4,2.7
2022,2022-02-26,Everton,Manchester City,0.0,1.0,0.5,1.8
2022,2022-02-27,West Ham,Wolves,1.0,0.0,1.8,0.7
2022,2022-03-01,Burnley,Leicester City,0.0,2.0,0.9,1.5
2022,2022-03-05,Leicester City,Leeds United,1.0,0.0,0.4,1.7
2022,2022-03-05,Newcastle Utd,Brighton,2.0,1.0,1.7,1.5
2022,2022-03-05,Aston Villa,Southampton,4.0,0.0,2.5,1.1
2022,2022-03-05,Burnley,Chelsea,0.0,4.0,0.7,2.3
2022,2022-03-05,Wolves,Crystal Palace,0.0,2.0,0.7,2.7
2022,2022-03-05,Norwich City,Brentford,1.0,3.0,1.0,2.0
2022,2022-03-05,Liverpool,West Ham,1.0,0.0,2.4,1.3
2022,2022-03-06,Watford,Arsenal,2.0,3.0,1.0,1.0
2022,2022-03-06,Manchester City,Manchester Utd,4.0,1.0,2.7,0.5
2022,2022-03-07,Tottenham,Everton,5.0,0.0,2.5,0.2
2022,2022-03-10,Wolves,Watford,4.0,0.0,0.7,0.6
2022,2022-03-10,Southampton,Newcastle Utd,1.0,2.0,1.1,0.6
2022,2022-03-10,Norwich City,Chelsea,1.0,3.0,1.0,1.8
2022,2022-03-10,Leeds United,Aston Villa,0.0,3.0,0.2,1.5
2022,2022-03-12,Brighton,Liverpool,0.0,2.0,0.5,2.2
2022,2022-03-12,Brentford,Burnley,2.0,0.0,1.9,0.7
2022,2022-03-12,Manchester Utd,Tottenham,3.0,2.0,1.0,1.5
2022,2022-03-13,Chelsea,Newcastle Utd,1.0,0.0,1.1,0.3
2022,2022-03-13,Southampton,Watford,1.0,2.0,1.4,1.7
2022,2022-03-13,West Ham,Aston Villa,2.0,1.0,1.2,1.1
2022,2022-03-13,Everton,Wolves,0.0,1.0,0.4,0.8
2022,2022-03-13,Leeds United,Norwich City,2.0,1.0,2.5,1.5
2022,2022-03-13,Arsenal,Leicester City,2.0,0.0,2.4,0.4
2022,2022-03-14,Crystal Palace,Manchester City,0.0,0.0,0.6,2.8
2022,2022-03-16,Brighton,Tottenham,0.0,2.0,0.7,2.2
2022,2022-03-16,Arsenal,Liverpool,0.0,2.0,0.5,0.8
2022,2022-03-17,Everton,Newcastle Utd,1.0,0.0,0.7,0.9
2022,2022-03-18,Wolves,Leeds United,2.0,3.0,1.2,2.0
2022,2022-03-19,Aston Villa,Arsenal,0.0,1.0,0.5,1.3
2022,2022-03-20,Leicester City,Brentford,2.0,1.0,1.0,1.3
2022,2022-03-20,Tottenham,West Ham,3.0,1.0,3.0,0.6
2022,2022-04-02,Liverpool,Watford,2.0,0.0,2.2,0.6
2022,2022-04-02,Wolves,Aston Villa,2.0,1.0,1.3,2.1
2022,2022-04-02,Leeds United,Southampton,1.0,1.0,1.2,1.4
2022,2022-04-02,Chelsea,Brentford,1.0,4.0,1.3,1.8
2022,2022-04-02,Burnley,Manchester City,0.0,2.0,0.1,1.8
2022,2022-04-02,Brighton,Norwich City,0.0,0.0,2.8,0.4
2022,2022-04-02,Manchester Utd,Leicester City,1.0,1.0,0.9,0.8
2022,2022-04-03,West Ham,Everton,2.0,1.0,1.2,0.7
2022,2022-04-03,Tottenham,Newcastle Utd,5.0,1.0,3.1,0.5
2022,2022-04-04,Crystal Palace,Arsenal,3.0,0.0,1.5,0.8
2022,2022-04-06,Burnley,Everton,3.0,2.0,2.0,2.4
2022,2022-04-08,Newcastle Utd,Wolves,1.0,0.0,1.5,0.4
2022,2022-04-09,Everton,Manchester Utd,1.0,0.0,0.4,0.8
2022,2022-04-09,Arsenal,Brighton,1.0,2.0,1.9,0.6
2022,2022-04-09,Southampton,Chelsea,0.0,6.0,0.5,4.2
2022,2022-04-09,Watford,Leeds United,0.0,3.0,1.1,0.7
2022,2022-04-09,Aston Villa,Tottenham,0.0,4.0,1.6,1.1
2022,2022-04-10,Brentford,West Ham,2.0,0.0,1.4,0.3
2022,2022-04-10,Leicester City,Crystal Palace,2.0,1.0,1.0,1.4
2022,2022-04-10,Norwich City,Burnley,2.0,0.0,1.7,1.7
2022,2022-04-10,Manchester City,Liverpool,2.0,2.0,1.3,1.3
2022,2022-04-16,Tottenham,Brighton,0.0,1.0,0.5,0.6
2022,2022-04-16,Manchester Utd,Norwich City,3.0,2.0,1.9,1.5
2022,2022-04-16,Watford,Brentford,1.0,2.0,1.7,1.9
2022,2022-04-16,Southampton,Arsenal,1.0,0.0,0.8,1.7
2022,2022-04-17,Newcastle Utd,Leicester City,2.0,1.0,1.8,0.6
2022,2022-04-17,West Ham,Burnley,1.0,1.0,2.2,1.8
2022,2022-04-19,Liverpool,Manchester Utd,4.0,0.0,2.0,0.1
2022,2022-04-20,Everton,Leicester City,1.0,1.0,1.8,0.9
2022,2022-04-20,Chelsea,Arsenal,2.0,4.0,0.7,2.0
2022,2022-04-20,Newcastle Utd,Crystal Palace,1.0,0.0,0.9,0.5
2022,2022-04-20,Manchester City,Brighton,3.0,0.0,1.3,0.2
2022,2022-04-21,Burnley,Southampton,2.0,0.0,1.5,0.9
2022,2022-04-23,Arsenal,Manchester Utd,3.0,1.0,2.3,1.8
2022,2022-04-23,Leicester City,Aston Villa,0.0,0.0,0.3,0.9
2022,2022-04-23,Manchester City,Watford,5.0,1.0,3.6,0.5
2022,2022-04-23,Norwich City,Newcastle Utd,0.0,3.0,0.6,1.9
2022,2022-04-23,Brentford,Tottenham,0.0,0.0,0.9,0.6
2022,2022-04-24,Brighton,Southampton,2.0,2.0,1.7,0.9
2022,2022-04-24,Burnley,Wolves,1.0,0.0,1.4,0.6
2022,2022-04-24,Chelsea,West Ham,1.0,0.0,3.0,0.5
2022,2022-04-24,Liverpool,Everton,2.0,0.0,1.7,0.4
2022,2022-04-25,Crystal Palace,Leeds United,0.0,0.0,1.9,0.5
2022,2022-04-28,Manchester Utd,Chelsea,1.0,1.0,0.5,1.9
2022,2022-04-30,Newcastle Utd,Liverpool,0.0,1.0,0.2,2.3
2022,2022-04-30,Watford,Burnley,1.0,2.0,1.0,1.6
2022,2022-04-30,Wolves,Brighton,0.0,3.0,0.7,2.6
2022,2022-04-30,Aston Villa,Norwich City,2.0,0.0,1.8,0.5
2022,2022-04-30,Southampton,Crystal Palace,1.0,2.0,0.6,1.1
2022,2022-04-30,Leeds United,Manchester City,0.0,4.0,1.3,2.4
2022,2022-05-01,Tottenham,Leicester City,3.0,1.0,1.2,0.5
2022,2022-05-01,Everton,Chelsea,1.0,0.0,0.8,0.8
2022,2022-05-01,West Ham,Arsenal,1.0,2.0,0.5,0.9
2022,2022-05-02,Manchester Utd,Brentford,3.0,0.0,2.0,0.6
2022,2022-05-07,Crystal Palace,Watford,1.0,0.0,2.2,0.4
2022,2022-05-07,Brentford,Southampton,3.0,0.0,2.6,1.4
2022,2022-05-07,Chelsea,Wolves,2.0,2.0,1.7,2.0
2022,2022-05-07,Burnley,Aston Villa,1.0,3.0,1.9,2.1
2022,2022-05-07,Brighton,Manchester Utd,4.0,0.0,2.3,0.9
2022,2022-05-07,Liverpool,Tottenham,1.0,1.0,1.3,0.9
2022,2022-05-08,Leicester City,Everton,1.0,2.0,1.5,1.1
2022,2022-05-08,Norwich City,West Ham,0.0,4.0,0.8,3.0
2022,2022-05-08,Arsenal,Leeds United,2.0,1.0,2.0,0.3
2022,2022-05-08,Manchester City,Newcastle Utd,5.0,0.0,3.1,0.8
2022,2022-05-10,Aston Villa,Liverpool,1.0,2.0,1.4,1.8
2022,2022-05-11,Leeds United,Chelsea,0.0,3.0,0.4,1.3
2022,2022-05-11,Leicester City,Norwich City,3.0,0.0,2.0,1.1
2022,2022-05-11,Watford,Everton,0.0,0.0,0.3,0.7
2022,2022-05-11,Wolves,Manchester City,1.0,5.0,0.5,2.3
2022,2022-05-12,Tottenham,Arsenal,3.0,0.0,2.7,0.5
2022,2022-05-15,Tottenham,Burnley,1.0,0.0,2.2,0.7
2022,2022-05-15,Leeds United,Brighton,1.0,1.0,1.6,2.2
2022,2022-05-15,Watford,Leicester City,1.0,5.0,1.4,2.5
2022,2022-05-15,Wolves,Norwich City,1.0,1.0,0.9,1.1
2022,2022-05-15,Aston Villa,Crystal Palace,1.0,1.0,1.0,1.4
2022,2022-05-15,West Ham,Manchester City,2.0,2.0,1.1,2.4
2022,2022-05-15,Everton,Brentford,2.0,3.0,2.1,1.4
2022,2022-05-16,Newcastle Utd,Arsenal,2.0,0.0,1.6,0.6
2022,2022-05-17,Southampton,Liverpool,1.0,2.0,0.1,1.3
2022,2022-05-19,Everton,Crystal Palace,3.0,2.0,0.8,1.1
2022,2022-05-19,Aston Villa,Burnley,1.0,1.0,1.5,1.6
2022,2022-05-19,Chelsea,Leicester City,1.0,1.0,1.6,0.1
2022,2022-05-22,Brentford,Leeds United,1.0,2.0,0.8,1.3
2022,2022-05-22,Leicester City,Southampton,4.0,1.0,3.4,1.1
2022,2022-05-22,Crystal Palace,Manchester Utd,1.0,0.0,0.6,0.7
2022,2022-05-22,Arsenal,Everton,5.0,1.0,4.2,1.1
2022,2022-05-22,Brighton,West Ham,3.0,1.0,1.6,0.2
2022,2022-05-22,Norwich City,Tottenham,0.0,5.0,0.5,3.4
2022,2022-05-22,Manchester City,Aston Villa,3.0,2.0,3.4,0.2
2022,2022-05-22,Liverpool,Wolves,3.0,1.0,2.7,1.3
2022,2022-05-22,Burnley,Newcastle Utd,1.0,2.0,1.6,1.8
2022,2022-05-22,Chelsea,Watford,2.0,1.0,2.2,0.6
2023,2022-08-05,Crystal Palace,Arsenal,0.0,2.0,1.2,1.0
2023,2022-08-06,Fulham,Liverpool,2.0,2.0,1.2,1.2
2023,2022-08-06,Tottenham,Southampton,4.0,1.0,1.5,0.5
2023,2022-08-06,Newcastle Utd,Nott'ham Forest,2.0,0.0,1.7,0.3
2023,2022-08-06,Leeds United,Wolves,2.0,1.0,0.8,1.3
2023,2022-08-06,Bournemouth,Aston Villa,2.0,0.0,0.6,0.7
2023,2022-08-06,Everton,Chelsea,0.0,1.0,0.7,1.5
2023,2022-08-07,Leicester City,Brentford,2.0,2.0,0.6,0.8
2023,2022-08-07,Manchester Utd,Brighton,1.0,2.0,1.4,1.5
2023,2022-08-07,West Ham,Manchester City,0.0,2.0,0.5,2.2
2023,2022-08-13,Aston Villa,Everton,2.0,1.0,2.3,1.6
2023,2022-08-13,Manchester City,Bournemouth,4.0,0.0,1.7,0.1
2023,2022-08-13,Southampton,Leeds United,2.0,2.0,1.2,1.8
2023,2022-08-13,Wolves,Fulham,0.0,0.0,0.9,1.5
2023,2022-08-13,Arsenal,Leicester City,4.0,2.0,2.7,0.5
2023,2022-08-13,Brighton,Newcastle Utd,0.0,0.0,1.5,0.2
2023,2022-08-13,Brentford,Manchester Utd,4.0,0.0,1.6,0.9
2023,2022-08-14,Nott'ham Forest,West Ham,1.0,0.0,1.3,2.1
2023,2022-08-14,Chelsea,Tottenham,2.0,2.0,1.6,1.0
2023,2022-08-15,Liverpool,Crystal Palace,1.0,1.0,2.0,1.0
2023,2022-08-20,Tottenham,Wolves,1.0,0.0,1.7,0.7
2023,2022-08-20,Leicester City,Southampton,1.0,2.0,0.3,0.9
2023,2022-08-20,Everton,Nott'ham Forest,1.0,1.0,1.5,1.0
2023,2022-08-20,Crystal Palace,Aston Villa,3.0,1.0,2.6,0.9
2023,2022-08-20,Fulham,Brentford,3.0,2.0,2.4,1.8
2023,2022-08-20,Bournemouth,Arsenal,0.0,3.0,0.3,1.3
2023,2022-08-21,Leeds United,Chelsea,3.0,0.0,2.1,0.9
2023,2022-08-21,West Ham,Brighton,0.0,2.0,0.8,1.7
2023,2022-08-21,Newcastle Utd,Manchester City,3.0,3.0,1.8,2.1
2023,2022-08-22,Manchester Utd,Liverpool,2.0,1.0,1.8,1.3
2023,2022-08-27,Southampton,Manchester Utd,0.0,1.0,1.4,1.1
2023,2022-08-27,Manchester City,Crystal Palace,4.0,2.0,2.2,0.1
2023,2022-08-27,Brighton,Leeds United,1.0,0.0,2.0,1.8
2023,2022-08-27,Chelsea,Leicester City,2.0,1.0,1.8,2.5
2023,2022-08-27,Brentford,Everton,1.0,1.0,2.1,1.1
2023,2022-08-27,Liverpool,Bournemouth,9.0,0.0,3.3,0.3
2023,2022-08-27,Arsenal,Fulham,2.0,1.0,2.6,0.8
2023,2022-08-28,Wolves,Newcastle Utd,1.0,1.0,0.7,1.7
2023,2022-08-28,Aston Villa,West Ham,0.0,1.0,0.5,0.6
2023,2022-08-28,Nott'ham Forest,Tottenham,0.0,2.0,0.9,2.4
2023,2022-08-30,Fulham,Brighton,2.0,1.0,0.7,1.4
2023,2022-08-30,Crystal Palace,Brentford,1.0,1.0,1.0,1.4
2023,2022-08-30,Southampton,Chelsea,2.0,1.0,1.1,1.1
2023,2022-08-30,Leeds United,Everton,1.0,1.0,1.0,1.0
2023,2022-08-31,Bournemouth,Wolves,0.0,0.0,0.4,1.5
2023,2022-08-31,Manchester City,Nott'ham Forest,6.0,0.0,3.3,0.7
2023,2022-08-31,Arsenal,Aston Villa,2.0,1.0,2.4,0.4
2023,2022-08-31,West Ham,Tottenham,1.0,1.0,1.2,0.6
2023,2022-08-31,Liverpool,Newcastle Utd,2.0,1.0,1.5,0.7
2023,2022-09-01,Leicester City,Manchester Utd,0.0,1.0,0.7,1.5
2023,2022-09-03,Everton,Liverpool,0.0,0.0,1.7,2.1
2023,2022-09-03,Nott'ham Forest,Bournemouth,2.0,3.0,1.9,0.8
2023,2022-09-03,Wolves,Southampton,1.0,0.0,0.8,1.2
2023,2022-09-03,Newcastle Utd,Crystal Palace,0.0,0.0,2.8,1.0
2023,2022-09-03,Brentford,Leeds United,5.0,2.0,2.3,1.7
2023,2022-09-03,Tottenham,Fulham,2.0,1.0,2.9,0.7
2023,2022-09-03,Chelsea,West Ham,2.0,1.0,0.9,1.1
2023,2022-09-03,Aston Villa,Manchester City,1.0,1.0,0.3,2.1
2023,2022-09-04,Brighton,Leicester City,5.0,2.0,2.6,1.4
2023,2022-09-04,Manchester Utd,Arsenal,3.0,1.0,1.5,1.3
2023,2022-09-16,Aston Villa,Southampton,1.0,0.0,1.5,0.3
2023,2022-09-16,Nott'ham Forest,Fulham,2.0,3.0,1.4,0.9
2023,2022-09-17,Wolves,Manchester City,0.0,3.0,0.4,1.1
2023,2022-09-17,Newcastle Utd,Bournemouth,1.0,1.0,1.9,0.7
2023,2022-09-17,Tottenham,Leicester City,6.0,2.0,2.2,1.8
2023,2022-09-18,Brentford,Arsenal,0.0,3.0,0.5,1.5
2023,2022-09-18,Everton,West Ham,1.0,0.0,0.4,1.0
2023,2022-10-01,Arsenal,Tottenham,3.0,1.0,2.4,1.6
2023,2022-10-01,Southampton,Everton,1.0,2.0,1.7,2.0
2023,2022-10-01,Crystal Palace,Chelsea,1.0,2.0,0.4,1.1
2023,2022-10-01,Liverpool,Brighton,3.0,3.0,1.5,1.4
2023,2022-10-01,Fulham,Newcastle Utd,1.0,4.0,0.5,3.3
2023,2022-10-01,Bournemouth,Brentford,0.0,0.0,0.4,0.9
2023,2022-10-01,West Ham,Wolves,2.0,0.0,0.9,0.7
2023,2022-10-02,Manchester City,Manchester Utd,6.0,3.0,3.2,1.7
2023,2022-10-02,Leeds United,Aston Villa,0.0,0.0,0.4,2.2
2023,2022-10-03,Leicester City,Nott'ham Forest,4.0,0.0,1.3,1.1
2023,2022-10-08,Bournemouth,Leicester City,2.0,1.0,1.1,1.0
2023,2022-10-08,Newcastle Utd,Brentford,5.0,1.0,1.5,1.2
2023,2022-10-08,Manchester City,Southampton,4.0,0.0,2.4,0.2
2023,2022-10-08,Chelsea,Wolves,3.0,0.0,1.9,1.1
2023,2022-10-08,Brighton,Tottenham,0.0,1.0,0.7,0.8
2023,2022-10-09,West Ham,Fulham,3.0,1.0,2.4,0.7
2023,2022-10-09,Crystal Palace,Leeds United,2.0,1.0,1.1,1.0
2023,2022-10-09,Arsenal,Liverpool,3.0,2.0,2.7,1.1
2023,2022-10-09,Everton,Manchester Utd,1.0,2.0,0.6,1.4
2023,2022-10-10,Nott'ham Forest,Aston Villa,1.0,1.0,0.3,0.7
2023,2022-10-14,Brentford,Brighton,2.0,0.0,1.5,1.9
2023,2022-10-15,Leicester City,Crystal Palace,0.0,0.0,1.0,0.4
2023,2022-10-15,Fulham,Bournemouth,2.0,2.0,2.1,1.0
2023,2022-10-15,Wolves,Nott'ham Forest,1.0,0.0,1.3,1.5
2023,2022-10-15,Tottenham,Everton,2.0,0.0,2.2,0.4
2023,2022-10-16,Southampton,West Ham,1.0,1.0,0.5,1.7
2023,2022-10-16,Aston Villa,Chelsea,0.0,2.0,1.8,0.9
2023,2022-10-16,Leeds United,Arsenal,0.0,1.0,1.8,0.5
2023,2022-10-16,Manchester Utd,Newcastle Utd,0.0,0.0,0.8,0.8
2023,2022-10-16,Liverpool,Manchester City,1.0,0.0,2.1,1.0
2023,2022-10-18,Brighton,Nott'ham Forest,0.0,0.0,1.7,0.1
2023,2022-10-18,Crystal Palace,Wolves,2.0,1.0,1.2,0.8
2023,2022-10-19,Bournemouth,Southampton,0.0,1.0,1.0,1.0
2023,2022-10-19,Brentford,Chelsea,0.0,0.0,1.3,0.9
2023,2022-10-19,Liverpool,West Ham,1.0,0.0,1.7,1.7
2023,2022-10-19,Newcastle Utd,Everton,1.0,0.0,1.5,0.2
2023,2022-10-19,Manchester Utd,Tottenham,2.0,0.0,1.5,0.6
2023,2022-10-20,Fulham,Aston Villa,3.0,0.0,2.1,1.2
2023,2022-10-20,Leicester City,Leeds United,2.0,0.0,0.8,1.3
2023,2022-10-22,Nott'ham Forest,Liverpool,1.0,0.0,1.9,1.6
2023,2022-10-22,Everton,Crystal Palace,3.0,0.0,1.4,0.9
2023,2022-10-22,Manchester City,Brighton,3.0,1.0,1.6,0.5
2023,2022-10-22,Chelsea,Manchester Utd,1.0,1.0,1.1,0.8
2023,2022-10-23,Aston Villa,Brentford,4.0,0.0,2.8,0.9
2023,2022-10-23,Wolves,Leicester City,0.0,4.0,2.1,0.9
2023,2022-10-23,Leeds United,Fulham,2.0,3.0,1.6,1.8
2023,2022-10-23,Southampton,Arsenal,1.0,1.0,0.7,1.0
2023,2022-10-23,Tottenham,Newcastle Utd,1.0,2.0,1.6,1.2
2023,2022-10-24,West Ham,Bournemouth,2.0,0.0,1.9,0.4
2023,2022-10-29,Leicester City,Manchester City,0.0,1.0,0.7,1.0
2023,2022-10-29,Brentford,Wolves,1.0,1.0,1.4,0.6
2023,2022-10-29,Crystal Palace,Southampton,1.0,0.0,0.9,1.3
2023,2022-10-29,Newcastle Utd,Aston Villa,4.0,0.0,3.4,0.4
2023,2022-10-29,Brighton,Chelsea,4.0,1.0,2.4,1.4
2023,2022-10-29,Bournemouth,Tottenham,2.0,3.0,0.5,2.0
2023,2022-10-29,Fulham,Everton,0.0,0.0,1.9,0.9
2023,2022-10-29,Liverpool,Leeds United,1.0,2.0,1.7,1.8
2023,2022-10-30,Arsenal,Nott'ham Forest,5.0,0.0,2.3,0.4
2023,2022-10-30,Manchester Utd,West Ham,1.0,0.0,1.2,1.1
2023,2022-11-05,Nott'ham Forest,Brentford,2.0,2.0,1.5,1.5
2023,2022-11-05,Leeds United,Bournemouth,4.0,3.0,2.2,1.5
2023,2022-11-05,Manchester City,Fulham,2.0,1.0,2.1,1.0
2023,2022-11-05,Wolves,Brighton,2.0,3.0,1.2,1.5
2023,2022-11-05,Everton,Leicester City,0.0,2.0,1.2,2.3
2023,2022-11-06,Chelsea,Arsenal,0.0,1.0,0.3,2.1
2023,2022-11-06,West Ham,Crystal Palace,1.0,2.0,0.3,1.0
2023,2022-11-06,Southampton,Newcastle Utd,1.0,4.0,1.7,0.9
2023,2022-11-06,Aston Villa,Manchester Utd,3.0,1.0,0.6,0.5
2023,2022-11-06,Tottenham,Liverpool,1.0,2.0,1.2,1.2
2023,2022-11-12,Manchester City,Brentford,1.0,2.0,1.6,1.3
2023,2022-11-12,Tottenham,Leeds United,4.0,3.0,1.8,1.1
2023,2022-11-12,Liverpool,Southampton,3.0,1.0,1.9,1.1
2023,2022-11-12,Bournemouth,Everton,3.0,0.0,2.4,0.8
2023,2022-11-12,West Ham,Leicester City,0.0,2.0,1.4,1.8
2023,2022-11-12,Nott'ham Forest,Crystal Palace,1.0,0.0,1.1,1.2
2023,2022-11-12,Newcastle Utd,Chelsea,1.0,0.0,1.0,0.3
2023,2022-11-12,Wolves,Arsenal,0.0,2.0,0.7,2.1
2023,2022-11-13,Brighton,Aston Villa,1.0,2.0,0.6,1.5
2023,2022-11-13,Fulham,Manchester Utd,1.0,2.0,1.4,2.5
2023,2022-12-26,Brentford,Tottenham,2.0,2.0,2.0,1.1
2023,2022-12-26,Southampton,Brighton,1.0,3.0,1.9,0.6
2023,2022-12-26,Leicester City,Newcastle Utd,0.0,3.0,0.5,1.9
2023,2022-12-26,Crystal Palace,Fulham,0.0,3.0,0.4,2.5
2023,2022-12-26,Everton,Wolves,1.0,2.0,1.7,0.8
2023,2022-12-26,Aston Villa,Liverpool,1.0,3.0,1.4,2.7
2023,2022-12-26,Arsenal,West Ham,3.0,1.0,2.1,1.0
2023,2022-12-27,Chelsea,Bournemouth,2.0,0.0,1.8,0.5
2023,2022-12-27,Manchester Utd,Nott'ham Forest,3.0,0.0,2.4,0.7
2023,2022-12-28,Leeds United,Manchester City,1.0,3.0,0.6,4.3
2023,2022-12-30,West Ham,Brentford,0.0,2.0,1.3,1.6
2023,2022-12-30,Liverpool,Leicester City,2.0,1.0,2.2,1.0
2023,2022-12-31,Wolves,Manchester Utd,0.0,1.0,0.7,2.0
2023,2022-12-31,Newcastle Utd,Leeds United,0.0,0.0,2.2,0.4
2023,2022-12-31,Fulham,Southampton,2.0,1.0,1.5,0.8
2023,2022-12-31,Manchester City,Everton,1.0,1.0,1.7,0.1
2023,2022-12-31,Bournemouth,Crystal Palace,0.0,2.0,0.6,1.6
2023,2022-12-31,Brighton,Arsenal,2.0,4.0,1.2,2.9
2023,2023-01-01,Tottenham,Aston Villa,0.0,2.0,0.7,1.0
2023,2023-01-01,Nott'ham Forest,Chelsea,1.0,1.0,1.4,0.9
2023,2023-01-02,Brentford,Liverpool,3.0,1.0,1.7,2.0
2023,2023-01-03,Leicester City,Fulham,0.0,1.0,1.7,1.7
2023,2023-01-03,Everton,Brighton,1.0,4.0,1.3,2.2
2023,2023-01-03,Arsenal,Newcastle Utd,0.0,0.0,1.1,1.0
2023,2023-01-03,Manchester Utd,Bournemouth,3.0,0.0,2.2,0.6
2023,2023-01-04,Southampton,Nott'ham Forest,0.0,1.0,0.5,1.4
2023,2023-01-04,Leeds United,West Ham,2.0,2.0,1.6,1.4
2023,2023-01-04,Aston Villa,Wolves,1.0,1.0,1.8,0.9
2023,2023-01-04,Crystal Palace,Tottenham,0.0,4.0,0.8,1.4
2023,2023-01-05,Chelsea,Manchester City,0.0,1.0,0.4,2.0
2023,2023-01-12,Fulham,Chelsea,2.0,1.0,1.0,2.1
2023,2023-01-13,Aston Villa,Leeds United,2.0,1.0,1.2,2.4
2023,2023-01-14,Manchester Utd,Manchester City,2.0,1.0,1.7,0.6
2023,2023-01-14,Everton,Southampton,1.0,2.0,1.4,1.2
2023,2023-01-14,Wolves,West Ham,1.0,0.0,0.9,1.1
2023,2023-01-14,Nott'ham Forest,Leicester City,2.0,0.0,2.4,1.0
2023,2023-01-14,Brighton,Liverpool,3.0,0.0,1.9,1.0
2023,2023-01-14,Brentford,Bournemouth,2.0,0.0,1.4,0.6
2023,2023-01-15,Chelsea,Crystal Palace,1.0,0.0,1.5,0.7
2023,2023-01-15,Newcastle Utd,Fulham,1.0,0.0,2.2,1.1
2023,2023-01-15,Tottenham,Arsenal,0.0,2.0,1.6,1.8
2023,2023-01-18,Crystal Palace,Manchester Utd,1.0,1.0,0.5,2.1
2023,2023-01-19,Manchester City,Tottenham,4.0,2.0,2.3,0.8
2023,2023-01-21,Liverpool,Chelsea,0.0,0.0,1.4,1.6
2023,2023-01-21,Bournemouth,Nott'ham Forest,1.0,1.0,1.4,1.9
2023,2023-01-21,Southampton,Aston Villa,0.0,1.0,0.6,1.4
2023,2023-01-21,Leicester City,Brighton,2.0,2.0,0.9,1.7
2023,2023-01-21,West Ham,Everton,2.0,0.0,2.2,0.5
2023,2023-01-21,Crystal Palace,Newcastle Utd,0.0,0.0,0.3,1.2
2023,2023-01-22,Manchester City,Wolves,3.0,0.0,2.8,0.8
2023,2023-01-22,Leeds United,Brentford,0.0,0.0,0.5,0.4
2023,2023-01-22,Arsenal,Manchester Utd,3.0,2.0,3.1,0.4
2023,2023-01-23,Fulham,Tottenham,0.0,1.0,1.0,0.9
2023,2023-02-03,Chelsea,Fulham,0.0,0.0,1.3,0.6
2023,2023-02-04,Everton,Arsenal,1.0,0.0,1.7,0.9
2023,2023-02-04,Aston Villa,Leicester City,2.0,4.0,1.7,2.6
2023,2023-02-04,Wolves,Liverpool,3.0,0.0,2.0,1.8
2023,2023-02-04,Manchester Utd,Crystal Palace,2.0,1.0,2.0,1.3
2023,2023-02-04,Brighton,Bournemouth,1.0,0.0,2.2,1.1
2023,2023-02-04,Brentford,Southampton,3.0,0.0,2.2,0.7
2023,2023-02-04,Newcastle Utd,West Ham,1.0,1.0,1.0,1.0
2023,2023-02-05,Nott'ham Forest,Leeds United,1.0,0.0,0.4,0.9
2023,2023-02-05,Tottenham,Manchester City,1.0,0.0,1.4,1.3
2023,2023-02-08,Manchester Utd,Leeds United,2.0,2.0,2.0,0.6
2023,2023-02-11,West Ham,Chelsea,1.0,1.0,1.3,1.1
2023,2023-02-11,Leicester City,Tottenham,4.0,1.0,1.7,1.3
2023,2023-02-11,Crystal Palace,Brighton,1.0,1.0,1.1,2.5
2023,2023-02-11,Arsenal,Brentford,1.0,1.0,1.6,2.0
2023,2023-02-11,Southampton,Wolves,1.0,2.0,1.1,0.8
2023,2023-02-11,Fulham,Nott'ham Forest,2.0,0.0,1.5,0.7
2023,2023-02-11,Bournemouth,Newcastle Utd,1.0,1.0,1.5,1.3
2023,2023-02-12,Leeds United,Manchester Utd,0.0,2.0,1.8,1.1
2023,2023-02-12,Manchester City,Aston Villa,3.0,1.0,3.3,0.3
2023,2023-02-13,Liverpool,Everton,2.0,0.0,2.3,0.4
2023,2023-02-15,Arsenal,Manchester City,1.0,3.0,1.6,1.8
2023,2023-02-18,Aston Villa,Arsenal,2.0,4.0,0.5,3.2
2023,2023-02-18,Brighton,Fulham,0.0,1.0,2.2,0.3
2023,2023-02-18,Nott'ham Forest,Manchester City,1.0,1.0,0.9,2.4
2023,2023-02-18,Chelsea,Southampton,0.0,1.0,1.6,0.6
2023,2023-02-18,Everton,Leeds United,1.0,0.0,1.4,0.5
2023,2023-02-18,Wolves,Bournemouth,0.0,1.0,1.3,1.1
2023,2023-02-18,Brentford,Crystal Palace,1.0,1.0,0.9,1.1
2023,2023-02-18,Newcastle Utd,Liverpool,0.0,2.0,2.0,1.9
2023,2023-02-19,Manchester Utd,Leicester City,3.0,0.0,4.4,1.6
2023,2023-02-19,Tottenham,West Ham,2.0,0.0,1.5,0.5
2023,2023-02-24,Fulham,Wolves,1.0,1.0,0.5,0.8
2023,2023-02-25,Leicester City,Arsenal,0.0,1.0,0.0,0.7
2023,2023-02-25,Everton,Aston Villa,0.0,2.0,1.6,1.9
2023,2023-02-25,West Ham,Nott'ham Forest,4.0,0.0,2.7,0.4
2023,2023-02-25,Leeds United,Southampton,1.0,0.0,0.9,0.4
2023,2023-02-25,Bournemouth,Manchester City,1.0,4.0,1.0,2.4
2023,2023-02-25,Crystal Palace,Liverpool,0.0,0.0,0.7,0.9
2023,2023-02-26,Tottenham,Chelsea,2.0,0.0,0.8,0.4
2023,2023-03-01,Arsenal,Everton,4.0,0.0,2.6,1.2
2023,2023-03-01,Liverpool,Wolves,2.0,0.0,2.6,0.8
2023,2023-03-04,Manchester City,Newcastle Utd,2.0,0.0,1.3,0.4
2023,2023-03-04,Arsenal,Bournemouth,3.0,2.0,2.1,1.3
2023,2023-03-04,Aston Villa,Crystal Palace,1.0,0.0,1.2,0.2
2023,2023-03-04,Chelsea,Leeds United,1.0,0.0,1.5,1.0
2023,2023-03-04,Brighton,West Ham,4.0,0.0,3.5,0.3
2023,2023-03-04,Wolves,Tottenham,1.0,0.0,0.5,1.2
2023,2023-03-04,Southampton,Leicester City,1.0,0.0,1.4,1.9
2023,2023-03-05,Nott'ham Forest,Everton,2.0,2.0,0.8,1.7
2023,2023-03-05,Liverpool,Manchester Utd,7.0,0.0,2.8,0.8
2023,2023-03-06,Brentford,Fulham,3.0,2.0,2.2,1.4
2023,2023-03-11,Bournemouth,Liverpool,1.0,0.0,0.9,1.7
2023,2023-03-11,Leeds United,Brighton,2.0,2.0,0.9,2.7
2023,2023-03-11,Everton,Brentford,1.0,0.0,1.0,2.0
2023,2023-03-11,Leicester City,Chelsea,1.0,3.0,2.4,1.6
2023,2023-03-11,Tottenham,Nott'ham Forest,3.0,1.0,2.0,1.5
2023,2023-03-11,Crystal Palace,Manchester City,0.0,1.0,0.2,2.1
2023,2023-03-12,Manchester Utd,Southampton,0.0,0.0,0.8,1.0
2023,2023-03-12,Fulham,Arsenal,0.0,3.0,0.8,2.3
2023,2023-03-12,West Ham,Aston Villa,1.0,1.0,2.1,1.5
2023,2023-03-12,Newcastle Utd,Wolves,2.0,1.0,1.8,1.1
2023,2023-03-15,Southampton,Brentford,0.0,2.0,0.5,1.9
2023,2023-03-15,Brighton,Crystal Palace,1.0,0.0,0.6,1.1
2023,2023-03-17,Nott'ham Forest,Newcastle Utd,1.0,2.0,0.4,2.4
2023,2023-03-18,Wolves,Leeds United,2.0,4.0,2.7,1.6
2023,2023-03-18,Brentford,Leicester City,1.0,1.0,0.6,1.3
2023,2023-03-18,Aston Villa,Bournemouth,3.0,0.0,3.5,1.3
2023,2023-03-18,Southampton,Tottenham,3.0,3.0,2.4,2.3
2023,2023-03-18,Chelsea,Everton,2.0,2.0,2.3,1.2
2023,2023-03-19,Arsenal,Crystal Palace,4.0,1.0,1.6,0.8
2023,2023-04-01,Manchester City,Liverpool,4.0,1.0,2.9,0.3
2023,2023-04-01,Arsenal,Leeds United,4.0,1.0,3.8,0.7
2023,2023-04-01,Nott'ham Forest,Wolves,1.0,1.0,1.3,0.5
2023,2023-04-01,Brighton,Brentford,3.0,3.0,4.2,1.6
2023,2023-04-01,Crystal Palace,Leicester City,2.0,1.0,2.3,0.2
2023,2023-04-01,Bournemouth,Fulham,2.0,1.0,2.6,0.8
2023,2023-04-01,Chelsea,Aston Villa,0.0,2.0,2.1,0.9
2023,2023-04-02,West Ham,Southampton,1.0,0.0,1.4,0.3
2023,2023-04-02,Newcastle Utd,Manchester Utd,2.0,0.0,3.7,0.4
2023,2023-04-03,Everton,Tottenham,1.0,1.0,0.9,1.4
2023,2023-04-04,Leeds United,Nott'ham Forest,2.0,1.0,1.8,0.8
2023,2023-04-04,Bournemouth,Brighton,0.0,2.0,1.7,2.7
2023,2023-04-04,Leicester City,Aston Villa,1.0,2.0,0.5,1.0
2023,2023-04-04,Chelsea,Liverpool,0.0,0.0,2.2,0.3
2023,2023-04-05,West Ham,Newcastle Utd,1.0,5.0,1.0,3.3
2023,2023-04-05,Manchester Utd,Brentford,1.0,0.0,1.2,0.7
2023,2023-04-08,Manchester Utd,Everton,2.0,0.0,3.4,1.0
2023,2023-04-08,Fulham,West Ham,0.0,1.0,0.7,1.1
2023,2023-04-08,Aston Villa,Nott'ham Forest,2.0,0.0,1.3,0.2
2023,2023-04-08,Leicester City,Bournemouth,0.0,1.0,0.7,2.0
2023,2023-04-08,Brentford,Newcastle Utd,1.0,2.0,2.6,1.3
2023,2023-04-08,Wolves,Chelsea,1.0,0.0,0.6,1.1
2023,2023-04-08,Tottenham,Brighton,2.0,1.0,0.8,1.4
2023,2023-04-08,Southampton,Manchester City,1.0,4.0,0.4,2.9
2023,2023-04-09,Leeds United,Crystal Palace,1.0,5.0,0.9,3.0
2023,2023-04-09,Liverpool,Arsenal,2.0,2.0,3.9,1.4
2023,2023-04-15,Aston Villa,Newcastle Utd,3.0,0.0,1.9,0.5
2023,2023-04-15,Chelsea,Brighton,1.0,2.0,0.5,2.9
2023,2023-04-15,Southampton,Crystal Palace,0.0,2.0,0.8,0.9
2023,2023-04-15,Wolves,Brentford,2.0,0.0,0.8,1.1
2023,2023-04-15,Tottenham,Bournemouth,2.0,3.0,2.2,1.3
2023,2023-04-15,Everton,Fulham,1.0,3.0,1.4,1.8
2023,2023-04-15,Manchester City,Leicester City,3.0,1.0,1.6,2.3
2023,2023-04-16,West Ham,Arsenal,2.0,2.0,1.8,2.7
2023,2023-04-16,Nott'ham Forest,Manchester Utd,0.0,2.0,0.7,3.5
2023,2023-04-17,Leeds United,Liverpool,1.0,6.0,1.4,2.7
2023,2023-04-21,Arsenal,Southampton,3.0,3.0,2.5,1.3
2023,2023-04-22,Fulham,Leeds United,2.0,1.0,1.7,0.8
2023,2023-04-22,Crystal Palace,Everton,0.0,0.0,0.5,0.4
2023,2023-04-22,Brentford,Aston Villa,1.0,1.0,2.7,1.5
2023,2023-04-22,Liverpool,Nott'ham Forest,3.0,2.0,2.8,0.9
2023,2023-04-22,Leicester City,Wolves,2.0,1.0,2.4,0.9
2023,2023-04-23,Bournemouth,West Ham,0.0,4.0,1.5,2.4
2023,2023-04-23,Newcastle Utd,Tottenham,6.0,1.0,3.7,1.0
2023,2023-04-25,Wolves,Crystal Palace,2.0,0.0,1.4,0.8
2023,2023-04-25,Aston Villa,Fulham,1.0,0.0,1.0,0.1
2023,2023-04-25,Leeds United,Leicester City,1.0,1.0,1.5,2.1
2023,2023-04-26,Nott'ham Forest,Brighton,3.0,1.0,2.4,2.3
2023,2023-04-26,Chelsea,Brentford,0.0,2.0,1.3,1.1
2023,2023-04-26,West Ham,Liverpool,1.0,2.0,0.8,1.9
2023,2023-04-26,Manchester City,Arsenal,4.0,1.0,2.5,0.5
2023,2023-04-27,Everton,Newcastle Utd,1.0,4.0,0.9,2.4
2023,2023-04-27,Southampton,Bournemouth,0.0,1.0,0.5,0.9
2023,2023-04-27,Tottenham,Manchester Utd,2.0,2.0,2.5,2.0
2023,2023-04-29,Crystal Palace,West Ham,4.0,3.0,2.1,1.7
2023,2023-04-29,Brighton,Wolves,6.0,0.0,3.3,0.8
2023,2023-04-29,Brentford,Nott'ham Forest,2.0,1.0,1.6,0.7
2023,2023-04-30,Manchester Utd,Aston Villa,1.0,0.0,1.2,0.6
2023,2023-04-30,Bournemouth,Leeds United,4.0,1.0,1.9,1.6
2023,2023-04-30,Newcastle Utd,Southampton,3.0,1.0,4.3,0.8
2023,2023-04-30,Fulham,Manchester City,1.0,2.0,0.2,2.5
2023,2023-04-30,Liverpool,Tottenham,4.0,3.0,2.2,2.0
2023,2023-05-01,Leicester City,Everton,2.0,2.0,3.4,3.1
2023,2023-05-02,Arsenal,Chelsea,3.0,1.0,1.7,0.8
2023,2023-05-03,Liverpool,Fulham,1.0,0.0,1.8,0.9
2023,2023-05-03,Manchester City,West Ham,3.0,0.0,2.3,0.4
2023,2023-05-04,Brighton,Manchester Utd,1.0,0.0,2.3,1.4
2023,2023-05-06,Tottenham,Crystal Palace,1.0,0.0,0.9,0.4
2023,2023-05-06,Wolves,Aston Villa,1.0,0.0,0.8,1.5
2023,2023-05-06,Bournemouth,Chelsea,1.0,3.0,1.2,1.3
2023,2023-05-06,Manchester City,Leeds United,2.0,1.0,2.6,0.2
2023,2023-05-06,Liverpool,Brentford,1.0,0.0,2.2,0.2
2023,2023-05-07,Newcastle Utd,Arsenal,0.0,2.0,1.3,1.3
2023,2023-05-07,West Ham,Manchester Utd,1.0,0.0,1.3,1.2
2023,2023-05-08,Fulham,Leicester City,5.0,3.0,1.6,2.8
2023,2023-05-08,Brighton,Everton,1.0,5.0,3.2,2.3
2023,2023-05-08,Nott'ham Forest,Southampton,4.0,3.0,1.8,3.1
2023,2023-05-13,Leeds United,Newcastle Utd,2.0,2.0,2.1,2.4
2023,2023-05-13,Aston Villa,Tottenham,2.0,1.0,1.2,1.4
2023,2023-05-13,Chelsea,Nott'ham Forest,2.0,2.0,1.2,1.3
2023,2023-05-13,Crystal Palace,Bournemouth,2.0,0.0,1.5,0.3
2023,2023-05-13,Southampton,Fulham,0.0,2.0,0.4,1.4
2023,2023-05-13,Manchester Utd,Wolves,2.0,0.0,3.2,0.3
2023,2023-05-14,Everton,Manchester City,0.0,3.0,1.6,0.8
2023,2023-05-14,Brentford,West Ham,2.0,0.0,3.4,0.2
2023,2023-05-14,Arsenal,Brighton,0.0,3.0,0.9,1.7
2023,2023-05-15,Leicester City,Liverpool,0.0,3.0,0.4,2.2
2023,2023-05-18,Newcastle Utd,Brighton,4.0,1.0,3.6,0.5
2023,2023-05-20,Tottenham,Brentford,1.0,3.0,1.8,1.3
2023,2023-05-20,Liverpool,Aston Villa,1.0,1.0,0.7,1.3
2023,2023-05-20,Fulham,Crystal Palace,2.0,2.0,1.7,1.6
2023,2023-05-20,Bournemouth,Manchester Utd,0.0,1.0,1.0,1.4
2023,2023-05-20,Wolves,Everton,1.0,1.0,1.6,2.0
2023,2023-05-20,Nott'ham Forest,Arsenal,1.0,0.0,0.6,0.6
2023,2023-05-21,West Ham,Leeds United,3.0,1.0,2.1,0.9
2023,2023-05-21,Brighton,Southampton,3.0,1.0,2.5,0.6
2023,2023-05-21,Manchester City,Chelsea,1.0,0.0,1.2,1.2
2023,2023-05-22,Newcastle Utd,Leicester City,0.0,0.0,2.1,0.1
2023,2023-05-24,Brighton,Manchester City,1.0,1.0,2.2,1.8
2023,2023-05-25,Manchester Utd,Chelsea,4.0,1.0,5.2,1.9
2023,2023-05-28,Crystal Palace,Nott'ham Forest,1.0,1.0,1.4,0.5
2023,2023-05-28,Chelsea,Newcastle Utd,1.0,1.0,2.2,1.7
2023,2023-05-28,Manchester Utd,Fulham,2.0,1.0,2.9,1.8
2023,2023-05-28,Arsenal,Wolves,5.0,0.0,2.8,0.5
2023,2023-05-28,Southampton,Liverpool,4.0,4.0,1.8,4.0
2023,2023-05-28,Everton,Bournemouth,1.0,0.0,1.0,0.5
2023,2023-05-28,Leicester City,West Ham,2.0,1.0,1.4,1.4
2023,2023-05-28,Aston Villa,Brighton,2.0,1.0,2.8,1.4
2023,2023-05-28,Leeds United,Tottenham,1.0,4.0,1.5,2.2
2023,2023-05-28,Brentford,Manchester City,1.0,0.0,1.3,1.6
2024,2023-08-11,Burnley,Manchester City,0.0,3.0,0.3,1.9
2024,2023-08-12,Arsenal,Nott'ham Forest,2.0,1.0,0.8,1.2
2024,2023-08-12,Everton,Fulham,0.0,1.0,2.7,1.5
2024,2023-08-12,Sheffield Utd,Crystal Palace,0.0,1.0,0.5,1.9
2024,2023-08-12,Brighton,Luton Town,4.0,1.0,4.0,1.5
2024,2023-08-12,Bournemouth,West Ham,1.0,1.0,1.3,1.1
2024,2023-08-12,Newcastle Utd,Aston Villa,5.0,1.0,3.3,1.8
2024,2023-08-13,Brentford,Tottenham,2.0,2.0,2.2,1.3
2024,2023-08-13,Chelsea,Liverpool,1.0,1.0,1.4,1.3
2024,2023-08-14,Manchester Utd,Wolves,1.0,0.0,2.2,2.2
2024,2023-08-18,Nott'ham Forest,Sheffield Utd,2.0,1.0,1.4,0.5
2024,2023-08-19,Fulham,Brentford,0.0,3.0,0.5,3.7
2024,2023-08-19,Liverpool,Bournemouth,3.0,1.0,3.0,1.3
2024,2023-08-19,Wolves,Brighton,1.0,4.0,2.1,2.2
2024,2023-08-19,Tottenham,Manchester Utd,2.0,0.0,1.7,2.1
2024,2023-08-19,Manchester City,Newcastle Utd,1.0,0.0,1.0,0.3
2024,2023-08-20,Aston Villa,Everton,4.0,0.0,2.9,0.6
2024,2023-08-20,West Ham,Chelsea,3.0,1.0,1.8,2.5
2024,2023-08-21,Crystal Palace,Arsenal,0.0,1.0,1.0,2.0
2024,2023-08-25,Chelsea,Luton Town,3.0,0.0,2.2,0.4
2024,2023-08-26,Bournemouth,Tottenham,0.0,2.0,0.7,2.1
2024,2023-08-26,Everton,Wolves,0.0,1.0,1.3,1.1
2024,2023-08-26,Brentford,Crystal Palace,1.0,1.0,1.0,0.8
2024,2023-08-26,Manchester Utd,Nott'ham Forest,3.0,2.0,2.8,1.2
2024,2023-08-26,Arsenal,Fulham,2.0,2.0,3.2,0.6
2024,2023-08-26,Brighton,West Ham,1.0,3.0,1.5,3.0
2024,2023-08-27,Sheffield Utd,Manchester City,1.0,2.0,0.7,3.5
2024,2023-08-27,Burnley,Aston Villa,1.0,3.0,0.7,2.5
2024,2023-08-27,Newcastle Utd,Liverpool,1.0,2.0,2.0,0.9
2024,2023-09-01,Luton Town,West Ham,1.0,2.0,1.4,1.0
2024,2023-09-02,Sheffield Utd,Everton,2.0,2.0,1.2,2.5
2024,2023-09-02,Chelsea,Nott'ham Forest,0.0,1.0,2.3,0.8
2024,2023-09-02,Manchester City,Fulham,5.0,1.0,2.2,1.4
2024,2023-09-02,Brentford,Bournemouth,2.0,2.0,2.9,2.1
2024,2023-09-02,Burnley,Tottenham,2.0,5.0,1.3,2.2
2024,2023-09-02,Brighton,Newcastle Utd,3.0,1.0,1.3,1.2
2024,2023-09-03,Liverpool,Aston Villa,3.0,0.0,2.5,0.7
2024,2023-09-03,Crystal Palace,Wolves,3.0,2.0,2.1,1.2
2024,2023-09-03,Arsenal,Manchester Utd,3.0,1.0,2.3,0.9
2024,2023-09-16,Wolves,Liverpool,1.0,3.0,0.6,2.5
2024,2023-09-16,Fulham,Luton Town,1.0,0.0,1.0,1.1
2024,2023-09-16,West Ham,Manchester City,1.0,3.0,0.9,3.6
2024,2023-09-16,Aston Villa,Crystal Palace,3.0,1.0,3.0,1.2
2024,2023-09-16,Manchester Utd,Brighton,1.0,3.0,1.0,1.7
2024,2023-09-16,Tottenham,Sheffield Utd,2.0,1.0,2.1,0.7
2024,2023-09-16,Newcastle Utd,Brentford,1.0,0.0,1.4,0.5
2024,2023-09-17,Bournemouth,Chelsea,0.0,0.0,1.0,1.8
2024,2023-09-17,Everton,Arsenal,0.0,1.0,0.3,1.0
2024,2023-09-18,Nott'ham Forest,Burnley,1.0,1.0,0.7,0.5
2024,2023-09-23,Manchester City,Nott'ham Forest,2.0,0.0,1.3,1.0
2024,2023-09-23,Luton Town,Wolves,1.0,1.0,2.1,0.6
2024,2023-09-23,Crystal Palace,Fulham,0.0,0.0,0.3,0.6
2024,2023-09-23,Brentford,Everton,1.0,3.0,1.0,1.9
2024,2023-09-23,Burnley,Manchester Utd,0.0,1.0,1.1,1.0
2024,2023-09-24,Arsenal,Tottenham,2.0,2.0,1.8,1.4
2024,2023-09-24,Brighton,Bournemouth,3.0,1.0,1.9,1.1
2024,2023-09-24,Chelsea,Aston Villa,0.0,1.0,1.3,1.0
2024,2023-09-24,Liverpool,West Ham,3.0,1.0,3.0,1.1
2024,2023-09-24,Sheffield Utd,Newcastle Utd,0.0,8.0,0.9,3.9
2024,2023-09-30,Aston Villa,Brighton,6.0,1.0,1.6,1.7
2024,2023-09-30,Wolves,Manchester City,2.0,1.0,0.4,0.9
2024,2023-09-30,Bournemouth,Arsenal,0.0,4.0,0.6,3.4
2024,2023-09-30,Everton,Luton Town,1.0,2.0,2.9,0.9
2024,2023-09-30,Newcastle Utd,Burnley,2.0,0.0,3.1,0.6
2024,2023-09-30,West Ham,Sheffield Utd,2.0,0.0,2.1,1.1
2024,2023-09-30,Manchester Utd,Crystal Palace,0.0,1.0,1.3,0.9
2024,2023-09-30,Tottenham,Liverpool,2.0,1.0,2.2,1.3
2024,2023-10-01,Nott'ham Forest,Brentford,1.0,1.0,0.5,1.6
2024,2023-10-02,Fulham,Chelsea,0.0,2.0,1.1,1.7
2024,2023-10-03,Luton Town,Burnley,1.0,2.0,1.3,1.1
2024,2023-10-07,Luton Town,Tottenham,0.0,1.0,0.8,1.9
2024,2023-10-07,Everton,Bournemouth,3.0,0.0,2.4,0.7
2024,2023-10-07,Manchester Utd,Brentford,2.0,1.0,1.4,0.9
2024,2023-10-07,Burnley,Chelsea,1.0,4.0,0.7,1.9
2024,2023-10-07,Fulham,Sheffield Utd,3.0,1.0,2.2,0.6
2024,2023-10-07,Crystal Palace,Nott'ham Forest,0.0,0.0,0.8,1.0
2024,2023-10-08,West Ham,Newcastle Utd,2.0,2.0,1.2,2.0
2024,2023-10-08,Wolves,Aston Villa,1.0,1.0,1.7,1.6
2024,2023-10-08,Brighton,Liverpool,2.0,2.0,2.3,2.3
2024,2023-10-08,Arsenal,Manchester City,1.0,0.0,0.4,0.5
2024,2023-10-21,Liverpool,Everton,2.0,0.0,2.2,0.1
2024,2023-10-21,Bournemouth,Wolves,1.0,2.0,0.6,2.4
2024,2023-10-21,Newcastle Utd,Crystal Palace,4.0,0.0,2.4,1.2
2024,2023-10-21,Brentford,Burnley,3.0,0.0,3.1,1.1
2024,2023-10-21,Manchester City,Brighton,2.0,1.0,0.8,0.8
2024,2023-10-21,Nott'ham Forest,Luton Town,2.0,2.0,2.9,1.7
2024,2023-10-21,Chelsea,Arsenal,2.0,2.0,1.3,1.0
2024,2023-10-21,Sheffield Utd,Manchester Utd,1.0,2.0,1.4,1.1
2024,2023-10-22,Aston Villa,West Ham,4.0,1.0,1.9,1.1
2024,2023-10-23,Tottenham,Fulham,2.0,0.0,1.5,1.0
2024,2023-10-27,Crystal Palace,Tottenham,1.0,2.0,0.6,1.1
2024,2023-10-28,Chelsea,Brentford,0.0,2.0,1.9,2.2
2024,2023-10-28,Bournemouth,Burnley,2.0,1.0,1.1,0.8
2024,2023-10-28,Arsenal,Sheffield Utd,5.0,0.0,2.8,0.0
2024,2023-10-28,Wolves,Newcastle Utd,2.0,2.0,0.9,2.2
2024,2023-10-29,West Ham,Everton,0.0,1.0,0.7,0.8
2024,2023-10-29,Liverpool,Nott'ham Forest,3.0,0.0,3.2,0.4
2024,2023-10-29,Brighton,Fulham,1.0,1.0,1.4,0.7
2024,2023-10-29,Aston Villa,Luton Town,3.0,1.0,2.3,0.5
2024,2023-10-29,Manchester Utd,Manchester City,0.0,3.0,0.9,4.0
2024,2023-11-04,Fulham,Manchester Utd,0.0,1.0,1.0,0.7
2024,2023-11-04,Brentford,West Ham,3.0,2.0,1.5,1.8
2024,2023-11-04,Everton,Brighton,1.0,1.0,0.7,0.5
2024,2023-11-04,Burnley,Crystal Palace,0.0,2.0,1.1,1.3
2024,2023-11-04,Manchester City,Bournemouth,6.0,1.0,1.9,0.9
2024,2023-11-04,Sheffield Utd,Wolves,2.0,1.0,1.0,1.2
2024,2023-11-04,Newcastle Utd,Arsenal,1.0,0.0,1.0,0.6
2024,2023-11-05,Nott'ham Forest,Aston Villa,2.0,0.0,0.4,1.2
2024,2023-11-05,Luton Town,Liverpool,1.0,1.0,0.8,2.6
2024,2023-11-06,Tottenham,Chelsea,1.0,4.0,0.9,4.1
2024,2023-11-11,Wolves,Tottenham,2.0,1.0,2.1,0.7
2024,2023-11-11,Arsenal,Burnley,3.0,1.0,1.8,0.3
2024,2023-11-11,Manchester Utd,Luton Town,1.0,0.0,2.2,0.4
2024,2023-11-11,Crystal Palace,Everton,2.0,3.0,2.2,1.5
2024,2023-11-11,Bournemouth,Newcastle Utd,2.0,0.0,2.4,0.5
2024,2023-11-12,West Ham,Nott'ham Forest,3.0,2.0,1.8,1.7
2024,2023-11-12,Liverpool,Brentford,3.0,0.0,1.7,1.6
2024,2023-11-12,Aston Villa,Fulham,3.0,1.0,3.0,0.9
2024,2023-11-12,Brighton,Sheffield Utd,1.0,1.0,1.5,1.1
2024,2023-11-12,Chelsea,Manchester City,4.0,4.0,2.9,2.9
2024,2023-11-25,Manchester City,Liverpool,1.0,1.0,1.3,0.6
2024,2023-11-25,Burnley,West Ham,1.0,2.0,1.3,0.9
2024,2023-11-25,Nott'ham Forest,Brighton,2.0,3.0,1.9,1.3
2024,2023-11-25,Sheffield Utd,Bournemouth,1.0,3.0,0.8,2.9
2024,2023-11-25,Newcastle Utd,Chelsea,4.0,1.0,2.4,0.5
2024,2023-11-25,Luton Town,Crystal Palace,2.0,1.0,0.9,1.6
2024,2023-11-25,Brentford,Arsenal,0.0,1.0,1.1,1.6
2024,2023-11-26,Tottenham,Aston Villa,1.0,2.0,2.3,1.7
2024,2023-11-26,Everton,Manchester Utd,0.0,3.0,2.4,2.2
2024,2023-11-27,Fulham,Wolves,3.0,2.0,2.9,1.4
2024,2023-12-02,Brentford,Luton Town,3.0,1.0,3.1,0.2
2024,2023-12-02,Arsenal,Wolves,2.0,1.0,2.8,0.7
2024,2023-12-02,Burnley,Sheffield Utd,5.0,0.0,1.8,0.4
2024,2023-12-02,Nott'ham Forest,Everton,0.0,1.0,0.7,0.7
2024,2023-12-02,Newcastle Utd,Manchester Utd,1.0,0.0,2.4,0.5
2024,2023-12-03,Bournemouth,Aston Villa,2.0,2.0,2.0,0.7
2024,2023-12-03,Liverpool,Fulham,4.0,3.0,2.1,1.2
2024,2023-12-03,Chelsea,Brighton,3.0,2.0,2.1,1.1
2024,2023-12-03,West Ham,Crystal Palace,1.0,1.0,1.1,0.9
2024,2023-12-03,Manchester City,Tottenham,3.0,3.0,2.6,0.5
2024,2023-12-05,Wolves,Burnley,1.0,0.0,0.8,0.9
2024,2023-12-05,Luton Town,Arsenal,3.0,4.0,0.5,2.2
2024,2023-12-06,Sheffield Utd,Liverpool,0.0,2.0,1.0,1.7
2024,2023-12-06,Crystal Palace,Bournemouth,0.0,2.0,1.0,1.8
2024,2023-12-06,Brighton,Brentford,2.0,1.0,1.5,1.5
2024,2023-12-06,Fulham,Nott'ham Forest,5.0,0.0,2.5,0.3
2024,2023-12-06,Aston Villa,Manchester City,1.0,0.0,2.3,0.6
2024,2023-12-06,Manchester Utd,Chelsea,2.0,1.0,4.1,1.5
2024,2023-12-07,Everton,Newcastle Utd,3.0,0.0,3.3,1.5
2024,2023-12-07,Tottenham,West Ham,1.0,2.0,1.8,2.2
2024,2023-12-09,Crystal Palace,Liverpool,1.0,2.0,1.7,1.2
2024,2023-12-09,Manchester Utd,Bournemouth,0.0,3.0,1.1,1.5
2024,2023-12-09,Wolves,Nott'ham Forest,1.0,1.0,1.2,1.3
2024,2023-12-09,Brighton,Burnley,1.0,1.0,2.6,0.6
2024,2023-12-09,Sheffield Utd,Brentford,1.0,0.0,0.8,0.6
2024,2023-12-09,Aston Villa,Arsenal,1.0,0.0,0.6,1.4
2024,2023-12-10,Everton,Chelsea,2.0,0.0,1.2,0.9
2024,2023-12-10,Fulham,West Ham,5.0,0.0,2.3,1.3
2024,2023-12-10,Luton Town,Manchester City,1.0,2.0,0.3,1.6
2024,2023-12-10,Tottenham,Newcastle Utd,4.0,1.0,3.8,1.7
2024,2023-12-15,Nott'ham Forest,Tottenham,0.0,2.0,1.3,1.5
2024,2023-12-16,Manchester City,Crystal Palace,2.0,2.0,1.6,1.8
2024,2023-12-16,Chelsea,Sheffield Utd,2.0,0.0,3.1,0.4
2024,2023-12-16,Newcastle Utd,Fulham,3.0,0.0,3.5,0.3
2024,2023-12-16,Burnley,Everton,0.0,2.0,0.7,1.4
2024,2023-12-17,Brentford,Aston Villa,1.0,2.0,0.5,1.4
2024,2023-12-17,West Ham,Wolves,3.0,0.0,1.1,0.7
2024,2023-12-17,Arsenal,Brighton,2.0,0.0,2.3,0.7
2024,2023-12-17,Liverpool,Manchester Utd,0.0,0.0,2.3,0.8
2024,2023-12-21,Crystal Palace,Brighton,1.0,1.0,1.3,1.2
2024,2023-12-22,Aston Villa,Sheffield Utd,1.0,1.0,0.9,0.6
2024,2023-12-23,West Ham,Manchester Utd,2.0,0.0,1.2,1.0
2024,2023-12-23,Luton Town,Newcastle Utd,1.0,0.0,1.4,1.4
2024,2023-12-23,Fulham,Burnley,0.0,2.0,1.3,0.4
2024,2023-12-23,Tottenham,Everton,2.0,1.0,1.5,1.8
2024,2023-12-23,Nott'ham Forest,Bournemouth,2.0,3.0,1.0,1.6
2024,2023-12-23,Liverpool,Arsenal,1.0,1.0,1.0,0.7
2024,2023-12-24,Wolves,Chelsea,2.0,1.0,1.3,2.0
2024,2023-12-26,Newcastle Utd,Nott'ham Forest,1.0,3.0,2.4,3.5
2024,2023-12-26,Bournemouth,Fulham,3.0,0.0,1.8,0.3
2024,2023-12-26,Sheffield Utd,Luton Town,2.0,3.0,2.4,0.6
2024,2023-12-26,Burnley,Liverpool,0.0,2.0,0.8,1.8
2024,2023-12-26,Manchester Utd,Aston Villa,3.0,2.0,1.1,1.7
2024,2023-12-27,Chelsea,Crystal Palace,2.0,1.0,2.6,1.1
2024,2023-12-27,Brentford,Wolves,1.0,4.0,2.2,2.4
2024,2023-12-27,Everton,Manchester City,1.0,3.0,1.0,2.4
2024,2023-12-28,Brighton,Tottenham,4.0,2.0,3.2,2.3
2024,2023-12-28,Arsenal,West Ham,0.0,2.0,2.7,1.4
2024,2023-12-30,Luton Town,Chelsea,2.0,3.0,2.3,1.5
2024,2023-12-30,Aston Villa,Burnley,3.0,2.0,3.2,1.2
2024,2023-12-30,Wolves,Everton,3.0,0.0,1.9,0.4
2024,2023-12-30,Manchester City,Sheffield Utd,2.0,0.0,2.2,0.3
2024,2023-12-30,Crystal Palace,Brentford,3.0,1.0,1.0,1.4
2024,2023-12-30,Nott'ham Forest,Manchester Utd,2.0,1.0,0.7,0.8
2024,2023-12-31,Tottenham,Bournemouth,3.0,1.0,2.3,1.7
2024,2023-12-31,Fulham,Arsenal,2.0,1.0,1.2,1.6
2024,2024-01-01,Liverpool,Newcastle Utd,4.0,2.0,7.0,0.6
2024,2024-01-02,West Ham,Brighton,0.0,0.0,0.7,2.3
2024,2024-01-12,Burnley,Luton Town,1.0,1.0,1.1,0.9
2024,2024-01-13,Chelsea,Fulham,1.0,0.0,2.2,0.8
2024,2024-01-13,Newcastle Utd,Manchester City,2.0,3.0,1.3,3.0
2024,2024-01-14,Everton,Aston Villa,0.0,0.0,1.1,1.2
2024,2024-01-14,Manchester Utd,Tottenham,2.0,2.0,0.8,1.2
2024,2024-01-20,Arsenal,Crystal Palace,5.0,0.0,3.3,0.3
2024,2024-01-20,Brentford,Nott'ham Forest,3.0,2.0,1.2,1.2
2024,2024-01-21,Sheffield Utd,West Ham,2.0,2.0,2.5,2.3
2024,2024-01-21,Bournemouth,Liverpool,0.0,4.0,1.4,1.5
2024,2024-01-22,Brighton,Wolves,0.0,0.0,1.0,1.1
2024,2024-01-30,Nott'ham Forest,Arsenal,1.0,2.0,0.5,1.2
2024,2024-01-30,Fulham,Everton,0.0,0.0,1.6,1.9
2024,2024-01-30,Luton Town,Brighton,4.0,0.0,3.1,0.9
2024,2024-01-30,Crystal Palace,Sheffield Utd,3.0,2.0,1.1,0.8
2024,2024-01-30,Aston Villa,Newcastle Utd,1.0,3.0,1.4,2.6
2024,2024-01-31,Tottenham,Brentford,3.0,2.0,2.9,1.6
2024,2024-01-31,Manchester City,Burnley,3.0,1.0,1.7,1.4
2024,2024-01-31,Liverpool,Chelsea,4.0,1.0,2.9,0.6
2024,2024-02-01,West Ham,Bournemouth,1.0,1.0,1.4,1.2
2024,2024-02-01,Wolves,Manchester Utd,3.0,4.0,2.1,3.3
2024,2024-02-03,Everton,Tottenham,2.0,2.0,2.6,1.0
2024,2024-02-03,Newcastle Utd,Luton Town,4.0,4.0,2.3,2.4
2024,2024-02-03,Brighton,Crystal Palace,4.0,1.0,1.4,0.3
2024,2024-02-03,Burnley,Fulham,2.0,2.0,1.8,1.5
2024,2024-02-03,Sheffield Utd,Aston Villa,0.0,5.0,1.4,2.2
2024,2024-02-04,Bournemouth,Nott'ham Forest,1.0,1.0,1.3,0.5
2024,2024-02-04,Manchester Utd,West Ham,3.0,0.0,0.7,1.4
2024,2024-02-04,Chelsea,Wolves,2.0,4.0,1.7,2.0
2024,2024-02-04,Arsenal,Liverpool,3.0,1.0,3.5,0.4
2024,2024-02-05,Brentford,Manchester City,1.0,3.0,1.0,2.1
2024,2024-02-10,Manchester City,Everton,2.0,0.0,1.6,0.3
2024,2024-02-10,Luton Town,Sheffield Utd,1.0,3.0,1.8,1.7
2024,2024-02-10,Liverpool,Burnley,3.0,1.0,2.8,1.3
2024,2024-02-10,Wolves,Brentford,0.0,2.0,1.0,1.9
2024,2024-02-10,Fulham,Bournemouth,3.0,1.0,1.6,1.8
2024,2024-02-10,Tottenham,Brighton,2.0,1.0,1.6,1.2
2024,2024-02-10,Nott'ham Forest,Newcastle Utd,2.0,3.0,1.5,0.5
2024,2024-02-11,West Ham,Arsenal,0.0,6.0,0.2,3.6
2024,2024-02-11,Aston Villa,Manchester Utd,1.0,2.0,2.4,1.8
2024,2024-02-12,Crystal Palace,Chelsea,1.0,3.0,0.6,1.4
2024,2024-02-17,Brentford,Liverpool,1.0,4.0,1.6,2.8
2024,2024-02-17,Newcastle Utd,Bournemouth,2.0,2.0,2.2,2.2
2024,2024-02-17,Tottenham,Wolves,1.0,2.0,1.6,1.8
2024,2024-02-17,Burnley,Arsenal,0.0,5.0,0.3,2.3
2024,2024-02-17,Fulham,Aston Villa,1.0,2.0,1.5,1.5
2024,2024-02-17,Nott'ham Forest,West Ham,2.0,0.0,2.8,0.5
2024,2024-02-17,Manchester City,Chelsea,1.0,1.0,2.6,1.4
2024,2024-02-18,Sheffield Utd,Brighton,0.0,5.0,0.6,2.9
2024,2024-02-18,Luton Town,Manchester Utd,1.0,2.0,1.8,2.9
2024,2024-02-19,Everton,Crystal Palace,1.0,1.0,1.7,0.7
2024,2024-02-20,Manchester City,Brentford,1.0,0.0,2.3,0.4
2024,2024-02-21,Liverpool,Luton Town,4.0,1.0,3.3,0.9
2024,2024-02-24,Manchester Utd,Fulham,1.0,2.0,1.7,1.2
2024,2024-02-24,Crystal Palace,Burnley,3.0,0.0,2.4,0.1
2024,2024-02-24,Brighton,Everton,1.0,1.0,1.4,0.3
2024,2024-02-24,Aston Villa,Nott'ham Forest,4.0,2.0,3.6,2.6
2024,2024-02-24,Bournemouth,Manchester City,0.0,1.0,0.9,1.6
2024,2024-02-24,Arsenal,Newcastle Utd,4.0,1.0,2.8,0.2
2024,2024-02-25,Wolves,Sheffield Utd,1.0,0.0,1.3,0.6
2024,2024-02-26,West Ham,Brentford,4.0,2.0,1.7,0.9
2024,2024-03-02,Fulham,Brighton,3.0,0.0,1.3,1.3
2024,2024-03-02,Tottenham,Crystal Palace,3.0,1.0,1.9,0.3
2024,2024-03-02,Brentford,Chelsea,2.0,2.0,1.8,1.8
2024,2024-03-02,Newcastle Utd,Wolves,3.0,0.0,2.1,0.8
2024,2024-03-02,Nott'ham Forest,Liverpool,0.0,1.0,1.0,2.0
2024,2024-03-02,Everton,West Ham,1.0,3.0,2.7,1.9
2024,2024-03-02,Luton Town,Aston Villa,2.0,3.0,1.8,1.9
2024,2024-03-03,Burnley,Bournemouth,0.0,2.0,1.5,1.1
2024,2024-03-03,Manchester City,Manchester Utd,3.0,1.0,3.3,0.2
2024,2024-03-04,Sheffield Utd,Arsenal,0.0,6.0,0.2,2.3
2024,2024-03-09,Manchester Utd,Everton,2.0,0.0,2.7,1.6
2024,2024-03-09,Bournemouth,Sheffield Utd,2.0,2.0,3.3,1.2
2024,2024-03-09,Wolves,Fulham,2.0,1.0,0.8,2.6
2024,2024-03-09,Crystal Palace,Luton Town,1.0,1.0,2.7,0.8
2024,2024-03-09,Arsenal,Brentford,2.0,1.0,1.3,1.0
2024,2024-03-10,Aston Villa,Tottenham,0.0,4.0,0.8,1.5
2024,2024-03-10,West Ham,Burnley,2.0,2.0,2.1,0.7
2024,2024-03-10,Brighton,Nott'ham Forest,1.0,0.0,0.4,0.7
2024,2024-03-10,Liverpool,Manchester City,1.0,1.0,2.7,1.6
2024,2024-03-11,Chelsea,Newcastle Utd,3.0,2.0,1.6,0.7
2024,2024-03-13,Bournemouth,Luton Town,4.0,3.0,2.3,2.0
2024,2024-03-16,Luton Town,Nott'ham Forest,1.0,1.0,0.6,2.0
2024,2024-03-16,Burnley,Brentford,2.0,1.0,2.8,1.1
2024,2024-03-16,Fulham,Tottenham,3.0,0.0,2.6,2.4
2024,2024-03-17,West Ham,Aston Villa,1.0,1.0,2.0,0.7
2024,2024-03-30,Newcastle Utd,West Ham,4.0,3.0,4.1,1.4
2024,2024-03-30,Bournemouth,Everton,2.0,1.0,1.3,1.0
2024,2024-03-30,Tottenham,Luton Town,2.0,1.0,2.9,0.5
2024,2024-03-30,Nott'ham Forest,Crystal Palace,1.0,1.0,0.9,1.2
2024,2024-03-30,Sheffield Utd,Fulham,3.0,3.0,1.9,1.3
2024,2024-03-30,Chelsea,Burnley,2.0,2.0,4.2,1.6
2024,2024-03-30,Aston Villa,Wolves,2.0,0.0,1.0,1.5
2024,2024-03-30,Brentford,Manchester Utd,1.0,1.0,3.2,0.6
2024,2024-03-31,Liverpool,Brighton,2.0,1.0,2.8,0.5
2024,2024-03-31,Manchester City,Arsenal,0.0,0.0,1.0,0.7
2024,2024-04-02,Newcastle Utd,Everton,1.0,1.0,2.4,1.4
2024,2024-04-02,Nott'ham Forest,Fulham,3.0,1.0,1.5,1.5
2024,2024-04-02,Bournemouth,Crystal Palace,1.0,0.0,1.1,0.2
2024,2024-04-02,Burnley,Wolves,1.0,1.0,1.3,0.9
2024,2024-04-02,West Ham,Tottenham,1.0,1.0,1.5,1.0
2024,2024-04-03,Arsenal,Luton Town,2.0,0.0,0.7,0.3
2024,2024-04-03,Brentford,Brighton,0.0,0.0,0.6,1.1
2024,2024-04-03,Manchester City,Aston Villa,4.0,1.0,3.4,0.8
2024,2024-04-04,Liverpool,Sheffield Utd,3.0,1.0,1.8,0.6
2024,2024-04-04,Chelsea,Manchester Utd,4.0,3.0,3.0,1.5
2024,2024-04-06,Crystal Palace,Manchester City,2.0,4.0,1.1,1.9
2024,2024-04-06,Luton Town,Bournemouth,2.0,1.0,1.5,0.4
2024,2024-04-06,Wolves,West Ham,1.0,2.0,1.5,1.2
2024,2024-04-06,Fulham,Newcastle Utd,0.0,1.0,1.2,1.0
2024,2024-04-06,Everton,Burnley,1.0,0.0,0.9,0.5
2024,2024-04-06,Aston Villa,Brentford,3.0,3.0,1.5,1.5
2024,2024-04-06,Brighton,Arsenal,0.0,3.0,0.5,3.4
2024,2024-04-07,Manchester Utd,Liverpool,2.0,2.0,0.7,3.6
2024,2024-04-07,Sheffield Utd,Chelsea,2.0,2.0,1.4,0.3
2024,2024-04-07,Tottenham,Nott'ham Forest,3.0,1.0,1.5,1.5
2024,2024-04-13,Newcastle Utd,Tottenham,4.0,0.0,2.8,0.8
2024,2024-04-13,Manchester City,Luton Town,5.0,1.0,4.2,0.5
2024,2024-04-13,Nott'ham Forest,Wolves,2.0,2.0,1.9,1.0
2024,2024-04-13,Brentford,Sheffield Utd,2.0,0.0,1.0,0.8
2024,2024-04-13,Burnley,Brighton,1.0,1.0,1.7,0.9
2024,2024-04-13,Bournemouth,Manchester Utd,2.0,2.0,1.6,1.2
2024,2024-04-14,Liverpool,Crystal Palace,0.0,1.0,2.7,2.0
2024,2024-04-14,West Ham,Fulham,0.0,2.0,0.9,3.2
2024,2024-04-14,Arsenal,Aston Villa,0.0,2.0,1.6,0.9
2024,2024-04-15,Chelsea,Everton,6.0,0.0,3.1,1.5
2024,2024-04-20,Luton Town,Brentford,1.0,5.0,0.6,3.1
2024,2024-04-20,Sheffield Utd,Burnley,1.0,4.0,2.4,2.2
2024,2024-04-20,Wolves,Arsenal,0.0,2.0,0.2,1.2
2024,2024-04-21,Everton,Nott'ham Forest,2.0,0.0,0.3,0.9
2024,2024-04-21,Aston Villa,Bournemouth,3.0,1.0,2.4,1.8
2024,2024-04-21,Crystal Palace,West Ham,5.0,2.0,2.4,1.3
2024,2024-04-21,Fulham,Liverpool,1.0,3.0,0.8,1.0
2024,2024-04-23,Arsenal,Chelsea,5.0,0.0,3.3,1.6
2024,2024-04-24,Wolves,Bournemouth,0.0,1.0,0.5,1.9
2024,2024-04-24,Manchester Utd,Sheffield Utd,4.0,2.0,2.9,0.8
2024,2024-04-24,Everton,Liverpool,2.0,0.0,1.2,2.1
2024,2024-04-24,Crystal Palace,Newcastle Utd,2.0,0.0,0.9,0.4
2024,2024-04-25,Brighton,Manchester City,0.0,4.0,0.6,1.4
2024,2024-04-27,West Ham,Liverpool,2.0,2.0,0.7,1.7
2024,2024-04-27,Wolves,Luton Town,2.0,1.0,1.2,0.6
2024,2024-04-27,Fulham,Crystal Palace,1.0,1.0,1.1,1.0
2024,2024-04-27,Manchester Utd,Burnley,1.0,1.0,2.7,2.1
2024,2024-04-27,Newcastle Utd,Sheffield Utd,5.0,1.0,3.1,1.5
2024,2024-04-27,Everton,Brentford,1.0,0.0,0.8,0.9
2024,2024-04-27,Aston Villa,Chelsea,2.0,2.0,1.1,1.6
2024,2024-04-28,Tottenham,Arsenal,2.0,3.0,2.3,1.0
2024,2024-04-28,Bournemouth,Brighton,3.0,0.0,1.9,0.9
2024,2024-04-28,Nott'ham Forest,Manchester City,0.0,2.0,1.9,0.9
2024,2024-05-02,Chelsea,Tottenham,2.0,0.0,2.2,1.6
2024,2024-05-03,Luton Town,Everton,1.0,1.0,0.8,1.4
2024,2024-05-04,Arsenal,Bournemouth,3.0,0.0,3.3,0.5
2024,2024-05-04,Burnley,Newcastle Utd,1.0,4.0,1.0,3.4
2024,2024-05-04,Sheffield Utd,Nott'ham Forest,1.0,3.0,2.2,1.5
2024,2024-05-04,Brentford,Fulham,0.0,0.0,0.6,1.3
2024,2024-05-04,Manchester City,Wolves,5.0,1.0,3.7,0.3
2024,2024-05-05,Brighton,Aston Villa,1.0,0.0,2.5,0.1
2024,2024-05-05,Chelsea,West Ham,5.0,0.0,4.1,0.9
2024,2024-05-05,Liverpool,Tottenham,4.0,2.0,3.3,1.2
2024,2024-05-06,Crystal Palace,Manchester Utd,4.0,0.0,1.7,0.4
2024,2024-05-11,Fulham,Manchester City,0.0,4.0,0.1,3.2
2024,2024-05-11,Wolves,Crystal Palace,1.0,3.0,1.6,2.6
2024,2024-05-11,West Ham,Luton Town,3.0,1.0,3.2,0.3
2024,2024-05-11,Tottenham,Burnley,2.0,1.0,2.7,0.7
2024,2024-05-11,Everton,Sheffield Utd,1.0,0.0,2.3,0.6
2024,2024-05-11,Newcastle Utd,Brighton,1.0,1.0,2.2,1.4
2024,2024-05-11,Bournemouth,Brentford,1.0,2.0,0.7,1.1
2024,2024-05-11,Nott'ham Forest,Chelsea,2.0,3.0,1.5,1.6
2024,2024-05-12,Manchester Utd,Arsenal,0.0,1.0,0.5,1.5
2024,2024-05-13,Aston Villa,Liverpool,3.0,3.0,3.1,1.7
2024,2024-05-14,Tottenham,Manchester City,0.0,2.0,1.7,2.4
2024,2024-05-15,Brighton,Chelsea,1.0,2.0,1.3,1.5
2024,2024-05-15,Manchester Utd,Newcastle Utd,3.0,2.0,1.4,2.3
2024,2024-05-19,Luton Town,Fulham,2.0,4.0,2.0,1.1
2024,2024-05-19,Sheffield Utd,Tottenham,0.0,3.0,1.0,3.1
2024,2024-05-19,Manchester City,West Ham,3.0,1.0,1.9,0.4
2024,2024-05-19,Arsenal,Everton,2.0,1.0,2.9,0.6
2024,2024-05-19,Brighton,Manchester Utd,0.0,2.0,1.7,1.3
2024,2024-05-19,Brentford,Newcastle Utd,2.0,4.0,1.1,3.4
2024,2024-05-19,Chelsea,Bournemouth,2.0,1.0,1.1,2.2
2024,2024-05-19,Crystal Palace,Aston Villa,5.0,0.0,2.5,0.9
2024,2024-05-19,Liverpool,Wolves,2.0,0.0,4.5,0.5
2024,2024-05-19,Burnley,Nott'ham Forest,1.0,2.0,1.2,1.7
2025,2024-08-16,Manchester Utd,Fulham,1.0,0.0,2.4,0.4
2025,2024-08-17,Ipswich Town,Liverpool,0.0,2.0,0.5,2.6
2025,2024-08-17,Newcastle Utd,Southampton,1.0,0.0,0.3,1.8
2025,2024-08-17,Everton,Brighton,0.0,3.0,0.5,1.4
2025,2024-08-17,Nott'ham Forest,Bournemouth,1.0,1.0,1.3,1.2
2025,2024-08-17,Arsenal,Wolves,2.0,0.0,1.2,0.5
2025,2024-08-17,West Ham,Aston Villa,1.0,2.0,2.3,2.0
2025,2024-08-18,Brentford,Crystal Palace,2.0,1.0,1.6,1.2
2025,2024-08-18,Chelsea,Manchester City,0.0,2.0,1.0,0.8
2025,2024-08-19,Leicester City,Tottenham,1.0,1.0,1.0,1.2
2025,2024-08-24,Brighton,Manchester Utd,2.0,1.0,2.1,1.4
2025,2024-08-24,Manchester City,Ipswich Town,4.0,1.0,3.3,0.3
2025,2024-08-24,Southampton,Nott'ham Forest,0.0,1.0,0.1,2.2
2025,2024-08-24,Tottenham,Everton,4.0,0.0,2.4,1.0
2025,2024-08-24,Fulham,Leicester City,2.0,1.0,1.8,0.6
2025,2024-08-24,Crystal Palace,West Ham,0.0,2.0,1.3,1.4
2025,2024-08-24,Aston Villa,Arsenal,0.0,2.0,1.2,0.9
2025,2024-08-25,Wolves,Chelsea,2.0,6.0,1.9,1.6
2025,2024-08-25,Bournemouth,Newcastle Utd,1.0,1.0,2.2,1.6
2025,2024-08-25,Liverpool,Brentford,2.0,0.0,2.5,0.5
2025,2024-08-31,Arsenal,Brighton,1.0,1.0,2.1,1.7
2025,2024-08-31,Ipswich Town,Fulham,1.0,1.0,0.4,0.9
2025,2024-08-31,Nott'ham Forest,Wolves,1.0,1.0,1.0,0.7
2025,2024-08-31,Brentford,Southampton,3.0,1.0,2.8,1.5
2025,2024-08-31,Leicester City,Aston Villa,1.0,2.0,0.4,1.4
2025,2024-08-31,Everton,Bournemouth,2.0,3.0,1.8,2.4
2025,2024-08-31,West Ham,Manchester City,1.0,3.0,0.7,3.0
2025,2024-09-01,Newcastle Utd,Tottenham,2.0,1.0,1.8,1.2
2025,2024-09-01,Chelsea,Crystal Palace,1.0,1.0,2.4,0.5
2025,2024-09-01,Manchester Utd,Liverpool,0.0,3.0,1.4,1.8
2025,2024-09-14,Southampton,Manchester Utd,0.0,3.0,1.1,2.6
2025,2024-09-14,Manchester City,Brentford,2.0,1.0,2.1,1.0
2025,2024-09-14,Liverpool,Nott'ham Forest,0.0,1.0,0.9,0.4
2025,2024-09-14,Crystal Palace,Leicester City,2.0,2.0,2.5,1.2
2025,2024-09-14,Fulham,West Ham,1.0,1.0,1.5,0.8
2025,2024-09-14,Brighton,Ipswich Town,0.0,0.0,1.6,0.3
2025,2024-09-14,Aston Villa,Everton,3.0,2.0,2.1,0.9
2025,2024-09-14,Bournemouth,Chelsea,0.0,1.0,1.7,0.8
2025,2024-09-15,Tottenham,Arsenal,0.0,1.0,0.7,0.7
2025,2024-09-15,Wolves,Newcastle Utd,1.0,2.0,1.2,1.5
2025,2024-09-21,West Ham,Chelsea,0.0,3.0,0.9,2.2
2025,2024-09-21,Tottenham,Brentford,3.0,1.0,3.5,0.8
2025,2024-09-21,Aston Villa,Wolves,3.0,1.0,1.7,0.5
2025,2024-09-21,Fulham,Newcastle Utd,3.0,1.0,2.2,1.5
2025,2024-09-21,Southampton,Ipswich Town,1.0,1.0,2.4,1.6
2025,2024-09-21,Leicester City,Everton,1.0,1.0,0.7,1.1
2025,2024-09-21,Liverpool,Bournemouth,3.0,0.0,2.0,1.1
2025,2024-09-21,Crystal Palace,Manchester Utd,0.0,0.0,1.0,1.6
2025,2024-09-22,Brighton,Nott'ham Forest,2.0,2.0,1.0,1.4
2025,2024-09-22,Manchester City,Arsenal,2.0,2.0,2.1,0.7
2025,2024-09-28,Newcastle Utd,Manchester City,1.0,1.0,1.6,0.9
2025,2024-09-28,Brentford,West Ham,1.0,1.0,0.4,1.0
2025,2024-09-28,Everton,Crystal Palace,2.0,1.0,0.9,0.9
2025,2024-09-28,Arsenal,Leicester City,4.0,2.0,4.4,0.3
2025,2024-09-28,Chelsea,Brighton,4.0,2.0,4.2,1.1
2025,2024-09-28,Nott'ham Forest,Fulham,0.0,1.0,0.8,1.3
2025,2024-09-28,Wolves,Liverpool,1.0,2.0,0.6,2.5
2025,2024-09-29,Ipswich Town,Aston Villa,2.0,2.0,1.2,0.8
2025,2024-09-29,Manchester Utd,Tottenham,0.0,3.0,1.0,4.4
2025,2024-09-30,Bournemouth,Southampton,3.0,1.0,1.3,0.6
2025,2024-10-05,Crystal Palace,Liverpool,0.0,1.0,0.6,1.4
2025,2024-10-05,Brentford,Wolves,5.0,3.0,4.2,1.0
2025,2024-10-05,Leicester City,Bournemouth,1.0,0.0,0.8,2.1
2025,2024-10-05,Manchester City,Fulham,3.0,2.0,1.6,2.6
2025,2024-10-05,West Ham,Ipswich Town,4.0,1.0,3.6,0.6
2025,2024-10-05,Arsenal,Southampton,3.0,1.0,2.8,0.6
2025,2024-10-05,Everton,Newcastle Utd,0.0,0.0,0.7,2.1
2025,2024-10-06,Aston Villa,Manchester Utd,0.0,0.0,0.5,0.6
2025,2024-10-06,Chelsea,Nott'ham Forest,1.0,1.0,2.3,0.9
2025,2024-10-06,Brighton,Tottenham,3.0,2.0,1.8,1.3
2025,2024-10-19,Tottenham,West Ham,4.0,1.0,1.9,0.8
2025,2024-10-19,Fulham,Aston Villa,1.0,3.0,1.8,1.6
2025,2024-10-19,Ipswich Town,Everton,0.0,2.0,1.3,1.7
2025,2024-10-19,Southampton,Leicester City,2.0,3.0,2.1,3.1
2025,2024-10-19,Manchester Utd,Brentford,2.0,1.0,1.3,0.9
2025,2024-10-19,Newcastle Utd,Brighton,0.0,1.0,2.0,1.1
2025,2024-10-19,Bournemouth,Arsenal,2.0,0.0,1.8,0.7
2025,2024-10-20,Wolves,Manchester City,1.0,2.0,0.8,1.6
2025,2024-10-20,Liverpool,Chelsea,2.0,1.0,1.9,1.0
2025,2024-10-21,Nott'ham Forest,Crystal Palace,1.0,0.0,1.7,1.0
2025,2024-10-25,Leicester City,Nott'ham Forest,1.0,3.0,0.8,1.7
2025,2024-10-26,Brighton,Wolves,2.0,2.0,1.3,1.3
2025,2024-10-26,Manchester City,Southampton,1.0,0.0,2.9,0.2
2025,2024-10-26,Brentford,Ipswich Town,4.0,3.0,4.0,1.3
2025,2024-10-26,Aston Villa,Bournemouth,1.0,1.0,1.8,0.3
2025,2024-10-26,Everton,Fulham,1.0,1.0,0.8,1.2
2025,2024-10-27,West Ham,Manchester Utd,2.0,1.0,2.8,2.3
2025,2024-10-27,Chelsea,Newcastle Utd,2.0,1.0,1.6,1.8
2025,2024-10-27,Crystal Palace,Tottenham,1.0,0.0,0.8,0.7
2025,2024-10-27,Arsenal,Liverpool,2.0,2.0,0.9,0.8
2025,2024-11-02,Newcastle Utd,Arsenal,1.0,0.0,0.5,1.1
2025,2024-11-02,Liverpool,Brighton,2.0,1.0,1.6,1.0
2025,2024-11-02,Southampton,Everton,1.0,0.0,0.7,1.6
2025,2024-11-02,Nott'ham Forest,West Ham,3.0,0.0,2.2,0.1
2025,2024-11-02,Ipswich Town,Leicester City,1.0,1.0,1.0,1.5
2025,2024-11-02,Bournemouth,Manchester City,2.0,1.0,2.0,1.6
2025,2024-11-02,Wolves,Crystal Palace,2.0,2.0,1.5,2.4
2025,2024-11-03,Tottenham,Aston Villa,4.0,1.0,2.4,1.8
2025,2024-11-03,Manchester Utd,Chelsea,1.0,1.0,2.0,1.1
2025,2024-11-04,Fulham,Brentford,2.0,1.0,1.3,0.6
2025,2024-11-09,West Ham,Everton,0.0,0.0,0.8,1.1
2025,2024-11-09,Crystal Palace,Fulham,0.0,2.0,1.5,1.8
2025,2024-11-09,Wolves,Southampton,2.0,0.0,1.3,0.6
2025,2024-11-09,Brentford,Bournemouth,3.0,2.0,1.5,2.6
2025,2024-11-09,Brighton,Manchester City,2.0,1.0,2.3,2.1
2025,2024-11-09,Liverpool,Aston Villa,2.0,0.0,2.0,1.2
2025,2024-11-10,Tottenham,Ipswich Town,1.0,2.0,1.5,1.6
2025,2024-11-10,Nott'ham Forest,Newcastle Utd,1.0,3.0,0.6,1.6
2025,2024-11-10,Manchester Utd,Leicester City,3.0,0.0,0.8,0.6
2025,2024-11-10,Chelsea,Arsenal,1.0,1.0,1.5,1.5
2025,2024-11-23,Leicester City,Chelsea,1.0,2.0,1.1,2.7
2025,2024-11-23,Aston Villa,Crystal Palace,2.0,2.0,3.0,1.3
2025,2024-11-23,Fulham,Wolves,1.0,4.0,1.0,1.3
2025,2024-11-23,Bournemouth,Brighton,1.0,2.0,1.6,0.9
2025,2024-11-23,Arsenal,Nott'ham Forest,3.0,0.0,1.2,0.3
2025,2024-11-23,Everton,Brentford,0.0,0.0,1.2,1.1
2025,2024-11-23,Manchester City,Tottenham,0.0,4.0,2.1,2.5
2025,2024-11-24,Southampton,Liverpool,2.0,3.0,1.3,3.1
2025,2024-11-24,Ipswich Town,Manchester Utd,1.0,1.0,1.6,0.8
2025,2024-11-25,Newcastle Utd,West Ham,0.0,2.0,1.6,0.9
2025,2024-11-29,Brighton,Southampton,1.0,1.0,1.7,1.0
2025,2024-11-30,Wolves,Bournemouth,2.0,4.0,0.5,3.3
2025,2024-11-30,Nott'ham Forest,Ipswich Town,1.0,0.0,1.6,0.6
2025,2024-11-30,Brentford,Leicester City,4.0,1.0,2.4,1.1
2025,2024-11-30,Crystal Palace,Newcastle Utd,1.0,1.0,1.7,0.0
2025,2024-11-30,West Ham,Arsenal,2.0,5.0,1.5,3.5
2025,2024-12-01,Manchester Utd,Everton,4.0,0.0,1.1,0.6
2025,2024-12-01,Tottenham,Fulham,1.0,1.0,0.8,1.5
2025,2024-12-01,Chelsea,Aston Villa,3.0,0.0,1.6,1.2
2025,2024-12-01,Liverpool,Manchester City,2.0,0.0,3.4,0.8
2025,2024-12-03,Ipswich Town,Crystal Palace,0.0,1.0,0.5,1.6
2025,2024-12-03,Leicester City,West Ham,3.0,1.0,1.7,3.0
2025,2024-12-04,Newcastle Utd,Liverpool,3.0,3.0,2.1,1.9
2025,2024-12-04,Everton,Wolves,4.0,0.0,1.0,0.8
2025,2024-12-04,Manchester City,Nott'ham Forest,3.0,0.0,2.4,1.0
2025,2024-12-04,Southampton,Chelsea,1.0,5.0,1.6,5.2
2025,2024-12-04,Arsenal,Manchester Utd,2.0,0.0,2.1,0.2
2025,2024-12-04,Aston Villa,Brentford,3.0,1.0,2.4,0.9
2025,2024-12-05,Fulham,Brighton,3.0,1.0,1.1,1.4
2025,2024-12-05,Bournemouth,Tottenham,1.0,0.0,3.5,0.9
2025,2024-12-07,Aston Villa,Southampton,1.0,0.0,2.3,0.3
2025,2024-12-07,Crystal Palace,Manchester City,2.0,2.0,1.3,1.4
2025,2024-12-07,Brentford,Newcastle Utd,4.0,2.0,1.2,1.5
2025,2024-12-07,Manchester Utd,Nott'ham Forest,2.0,3.0,1.6,0.8
2025,2024-12-08,Leicester City,Brighton,2.0,2.0,1.3,1.5
2025,2024-12-08,Ipswich Town,Bournemouth,1.0,2.0,1.3,3.2
2025,2024-12-08,Fulham,Arsenal,1.0,1.0,0.2,1.8
2025,2024-12-08,Tottenham,Chelsea,3.0,4.0,2.8,2.8
2025,2024-12-09,West Ham,Wolves,2.0,1.0,1.0,1.4
2025,2024-12-14,Liverpool,Fulham,2.0,2.0,2.1,1.2
2025,2024-12-14,Wolves,Ipswich Town,1.0,2.0,1.3,1.1
2025,2024-12-14,Newcastle Utd,Leicester City,4.0,0.0,3.8,0.2
2025,2024-12-14,Arsenal,Everton,0.0,0.0,1.2,0.1
2025,2024-12-14,Nott'ham Forest,Aston Villa,2.0,1.0,1.7,0.4
2025,2024-12-15,Brighton,Crystal Palace,1.0,3.0,1.0,2.2
2025,2024-12-15,Manchester City,Manchester Utd,1.0,2.0,0.9,2.1
2025,2024-12-15,Southampton,Tottenham,0.0,5.0,0.8,2.3
2025,2024-12-15,Chelsea,Brentford,2.0,1.0,2.2,1.6
2025,2024-12-16,Bournemouth,West Ham,1.0,1.0,1.9,2.1
2025,2024-12-21,Aston Villa,Manchester City,2.0,1.0,1.6,1.0
2025,2024-12-21,Ipswich Town,Newcastle Utd,0.0,4.0,0.7,2.3
2025,2024-12-21,Brentford,Nott'ham Forest,0.0,2.0,0.7,0.9
2025,2024-12-21,West Ham,Brighton,1.0,1.0,1.2,0.9
2025,2024-12-21,Crystal Palace,Arsenal,1.0,5.0,1.6,2.5
2025,2024-12-22,Manchester Utd,Bournemouth,0.0,3.0,2.2,1.6
2025,2024-12-22,Leicester City,Wolves,0.0,3.0,0.8,1.1
2025,2024-12-22,Everton,Chelsea,0.0,0.0,1.0,1.2
2025,2024-12-22,Fulham,Southampton,0.0,0.0,0.9,0.3
2025,2024-12-22,Tottenham,Liverpool,3.0,6.0,1.3,5.6
2025,2024-12-26,Manchester City,Everton,1.0,1.0,2.1,0.7
2025,2024-12-26,Southampton,West Ham,0.0,1.0,1.4,1.7
2025,2024-12-26,Newcastle Utd,Aston Villa,3.0,0.0,2.7,0.3
2025,2024-12-26,Nott'ham Forest,Tottenham,1.0,0.0,1.1,0.9
2025,2024-12-26,Bournemouth,Crystal Palace,0.0,0.0,1.4,0.4
2025,2024-12-26,Chelsea,Fulham,1.0,2.0,1.1,1.8
2025,2024-12-26,Wolves,Manchester Utd,2.0,0.0,0.9,0.4
2025,2024-12-26,Liverpool,Leicester City,3.0,1.0,2.0,0.3
2025,2024-12-27,Brighton,Brentford,0.0,0.0,1.3,1.1
2025,2024-12-27,Arsenal,Ipswich Town,1.0,0.0,1.8,0.2
2025,2024-12-29,Leicester City,Manchester City,0.0,2.0,1.3,1.3
2025,2024-12-29,Everton,Nott'ham Forest,0.0,2.0,0.9,1.5
2025,2024-12-29,Tottenham,Wolves,2.0,2.0,2.2,0.7
2025,2024-12-29,Fulham,Bournemouth,2.0,2.0,1.1,2.0
2025,2024-12-29,Crystal Palace,Southampton,2.0,1.0,2.0,0.9
2025,2024-12-29,West Ham,Liverpool,0.0,5.0,0.4,3.1
2025,2024-12-30,Aston Villa,Brighton,2.0,2.0,1.8,1.1
2025,2024-12-30,Ipswich Town,Chelsea,2.0,0.0,1.6,2.0
2025,2024-12-30,Manchester Utd,Newcastle Utd,0.0,2.0,0.8,1.9
2025,2025-01-01,Brentford,Arsenal,1.0,3.0,0.3,1.9
2025,2025-01-04,Tottenham,Newcastle Utd,1.0,2.0,0.9,2.5
2025,2025-01-04,Aston Villa,Leicester City,2.0,1.0,1.4,0.4
2025,2025-01-04,Bournemouth,Everton,1.0,0.0,1.8,0.7
2025,2025-01-04,Crystal Palace,Chelsea,1.0,1.0,1.1,1.2
2025,2025-01-04,Southampton,Brentford,0.0,5.0,0.3,4.4
2025,2025-01-04,Manchester City,West Ham,4.0,1.0,1.9,1.4
2025,2025-01-04,Brighton,Arsenal,1.0,1.0,1.5,0.9
2025,2025-01-05,Fulham,Ipswich Town,2.0,2.0,2.2,1.5
2025,2025-01-05,Liverpool,Manchester Utd,2.0,2.0,2.7,1.0
2025,2025-01-06,Wolves,Nott'ham Forest,0.0,3.0,1.5,2.1
2025,2025-01-14,West Ham,Fulham,3.0,2.0,1.0,1.7
2025,2025-01-14,Chelsea,Bournemouth,2.0,2.0,2.5,1.2
2025,2025-01-14,Brentford,Manchester City,2.0,2.0,2.5,2.2
2025,2025-01-14,Nott'ham Forest,Liverpool,1.0,1.0,0.3,2.0
2025,2025-01-15,Leicester City,Crystal Palace,0.0,2.0,1.7,1.8
2025,2025-01-15,Everton,Aston Villa,0.0,1.0,1.1,1.2
2025,2025-01-15,Newcastle Utd,Wolves,3.0,0.0,2.1,1.6
2025,2025-01-15,Arsenal,Tottenham,2.0,1.0,1.4,0.8
2025,2025-01-16,Ipswich Town,Brighton,0.0,2.0,0.3,1.0
2025,2025-01-16,Manchester Utd,Southampton,3.0,1.0,3.4,1.4
2025,2025-01-18,Newcastle Utd,Bournemouth,1.0,4.0,0.8,2.0
2025,2025-01-18,Leicester City,Fulham,0.0,2.0,0.6,2.0
2025,2025-01-18,West Ham,Crystal Palace,0.0,2.0,0.3,1.3
2025,2025-01-18,Brentford,Liverpool,0.0,2.0,0.7,3.4
2025,2025-01-18,Arsenal,Aston Villa,2.0,2.0,1.3,1.0
2025,2025-01-19,Everton,Tottenham,3.0,2.0,1.8,1.1
2025,2025-01-19,Manchester Utd,Brighton,1.0,3.0,1.5,1.9
2025,2025-01-19,Nott'ham Forest,Southampton,3.0,2.0,1.8,0.9
2025,2025-01-19,Ipswich Town,Manchester City,0.0,6.0,0.5,3.0
2025,2025-01-20,Chelsea,Wolves,3.0,1.0,3.1,0.8
2025,2025-01-25,Southampton,Newcastle Utd,1.0,3.0,0.8,2.9
2025,2025-01-25,Brighton,Everton,0.0,1.0,0.7,0.8
2025,2025-01-25,Liverpool,Ipswich Town,4.0,1.0,2.0,0.5
2025,2025-01-25,Bournemouth,Nott'ham Forest,5.0,0.0,1.7,1.0
2025,2025-01-25,Wolves,Arsenal,0.0,1.0,0.7,1.0
2025,2025-01-25,Manchester City,Chelsea,3.0,1.0,2.2,1.8
2025,2025-01-26,Crystal Palace,Brentford,1.0,2.0,1.1,1.3
2025,2025-01-26,Tottenham,Leicester City,1.0,2.0,1.0,1.6
2025,2025-01-26,Aston Villa,West Ham,1.0,1.0,0.9,1.3
2025,2025-01-26,Fulham,Manchester Utd,0.0,1.0,0.7,0.3
2025,2025-02-01,Nott'ham Forest,Brighton,7.0,0.0,3.3,0.9
2025,2025-02-01,Everton,Leicester City,4.0,0.0,2.5,0.3
2025,2025-02-01,Newcastle Utd,Fulham,1.0,2.0,0.8,1.6
2025,2025-02-01,Bournemouth,Liverpool,0.0,2.0,1.6,2.5
2025,2025-02-01,Ipswich Town,Southampton,1.0,2.0,1.8,0.9
2025,2025-02-01,Wolves,Aston Villa,2.0,0.0,1.6,0.4
2025,2025-02-02,Manchester Utd,Crystal Palace,0.0,2.0,1.1,2.6
2025,2025-02-02,Brentford,Tottenham,0.0,2.0,2.1,0.8
2025,2025-02-02,Arsenal,Manchester City,5.0,1.0,1.0,0.8
2025,2025-02-03,Chelsea,West Ham,2.0,1.0,1.6,1.2
2025,2025-02-12,Everton,Liverpool,2.0,2.0,1.0,0.6
2025,2025-02-14,Brighton,Chelsea,3.0,0.0,1.4,0.5
2025,2025-02-15,Leicester City,Arsenal,0.0,2.0,0.2,1.4
2025,2025-02-15,Fulham,Nott'ham Forest,2.0,1.0,2.1,0.4
2025,2025-02-15,Manchester City,Newcastle Utd,4.0,0.0,1.9,0.5
2025,2025-02-15,Southampton,Bournemouth,1.0,3.0,0.8,1.2
2025,2025-02-15,Aston Villa,Ipswich Town,1.0,1.0,2.4,0.4
2025,2025-02-15,West Ham,Brentford,0.0,1.0,0.8,1.6
2025,2025-02-15,Crystal Palace,Everton,1.0,2.0,1.6,0.9
2025,2025-02-16,Liverpool,Wolves,2.0,1.0,1.7,1.5
2025,2025-02-16,Tottenham,Manchester Utd,1.0,0.0,2.2,1.5
2025,2025-02-19,Aston Villa,Liverpool,2.0,2.0,0.6,2.5
2025,2025-02-21,Leicester City,Brentford,0.0,4.0,0.5,1.5
2025,2025-02-22,Everton,Manchester Utd,2.0,2.0,1.6,0.4
2025,2025-02-22,Fulham,Crystal Palace,0.0,2.0,0.2,1.3
2025,2025-02-22,Bournemouth,Wolves,0.0,1.0,0.9,2.0
2025,2025-02-22,Ipswich Town,Tottenham,1.0,4.0,1.1,1.7
2025,2025-02-22,Arsenal,West Ham,0.0,1.0,1.2,1.1
2025,2025-02-22,Southampton,Brighton,0.0,4.0,0.1,3.9
2025,2025-02-22,Aston Villa,Chelsea,2.0,1.0,2.3,2.3
2025,2025-02-23,Newcastle Utd,Nott'ham Forest,4.0,3.0,2.9,1.7
2025,2025-02-23,Manchester City,Liverpool,0.0,2.0,0.6,0.7
2025,2025-02-25,Brighton,Bournemouth,2.0,1.0,2.4,1.5
2025,2025-02-25,Crystal Palace,Aston Villa,4.0,1.0,4.3,0.4
2025,2025-02-25,Wolves,Fulham,1.0,2.0,1.3,1.7
2025,2025-02-25,Chelsea,Southampton,4.0,0.0,2.4,0.7
2025,2025-02-26,Tottenham,Manchester City,0.0,1.0,1.3,2.1
2025,2025-02-26,Nott'ham Forest,Arsenal,0.0,0.0,0.4,1.0
2025,2025-02-26,Manchester Utd,Ipswich Town,3.0,2.0,0.7,1.4
2025,2025-02-26,Brentford,Everton,1.0,1.0,1.4,1.5
2025,2025-02-26,Liverpool,Newcastle Utd,2.0,0.0,1.7,0.2
2025,2025-02-27,West Ham,Leicester City,2.0,0.0,1.3,0.4
2025,2025-03-08,Nott'ham Forest,Manchester City,1.0,0.0,0.7,0.9
2025,2025-03-08,Liverpool,Southampton,3.0,1.0,3.9,0.4
2025,2025-03-08,Brighton,Fulham,2.0,1.0,1.5,0.9
2025,2025-03-08,Crystal Palace,Ipswich Town,1.0,0.0,3.2,1.5
2025,2025-03-08,Brentford,Aston Villa,0.0,1.0,0.8,1.3
2025,2025-03-08,Wolves,Everton,1.0,1.0,0.8,1.2
2025,2025-03-09,Chelsea,Leicester City,1.0,0.0,1.7,0.1
2025,2025-03-09,Tottenham,Bournemouth,2.0,2.0,1.5,2.2
2025,2025-03-09,Manchester Utd,Arsenal,1.0,1.0,1.5,1.6
2025,2025-03-10,West Ham,Newcastle Utd,0.0,1.0,0.7,1.4
2025,2025-03-15,Everton,West Ham,1.0,1.0,1.0,0.8
2025,2025-03-15,Southampton,Wolves,1.0,2.0,1.3,0.4
2025,2025-03-15,Ipswich Town,Nott'ham Forest,2.0,4.0,0.4,1.5
2025,2025-03-15,Manchester City,Brighton,2.0,2.0,1.7,2.0
2025,2025-03-15,Bournemouth,Brentford,1.0,2.0,1.6,0.8
2025,2025-03-16,Arsenal,Chelsea,1.0,0.0,0.7,0.4
2025,2025-03-16,Fulham,Tottenham,2.0,0.0,1.0,0.9
2025,2025-03-16,Leicester City,Manchester Utd,0.0,3.0,1.0,0.9
2025,2025-04-01,Arsenal,Fulham,2.0,1.0,2.2,1.0
2025,2025-04-01,Wolves,West Ham,1.0,0.0,1.2,1.3
2025,2025-04-01,Nott'ham Forest,Manchester Utd,1.0,0.0,0.5,1.6
2025,2025-04-02,Newcastle Utd,Brentford,2.0,1.0,1.3,1.5
2025,2025-04-02,Manchester City,Leicester City,2.0,0.0,2.2,0.1
2025,2025-04-02,Southampton,Crystal Palace,1.0,1.0,0.7,0.7
2025,2025-04-02,Bournemouth,Ipswich Town,1.0,2.0,1.8,1.2
2025,2025-04-02,Brighton,Aston Villa,0.0,3.0,0.9,1.2
2025,2025-04-02,Liverpool,Everton,1.0,0.0,1.5,0.9
2025,2025-04-03,Chelsea,Tottenham,1.0,0.0,1.0,0.9
2025,2025-04-05,Everton,Arsenal,1.0,1.0,1.1,1.8
2025,2025-04-05,Crystal Palace,Brighton,2.0,1.0,0.6,1.0
2025,2025-04-05,Ipswich Town,Wolves,1.0,2.0,0.8,2.6
2025,2025-04-05,West Ham,Bournemouth,2.0,2.0,0.7,2.1
2025,2025-04-05,Aston Villa,Nott'ham Forest,2.0,1.0,3.0,1.5
2025,2025-04-06,Fulham,Liverpool,3.0,2.0,0.7,1.5
2025,2025-04-06,Brentford,Chelsea,0.0,0.0,1.1,1.2
2025,2025-04-06,Tottenham,Southampton,3.0,1.0,2.1,1.0
2025,2025-04-06,Manchester Utd,Manchester City,0.0,0.0,0.9,0.5
2025,2025-04-07,Leicester City,Newcastle Utd,0.0,3.0,0.5,3.2
2025,2025-04-12,Manchester City,Crystal Palace,5.0,2.0,3.7,1.8
2025,2025-04-12,Brighton,Leicester City,2.0,2.0,3.8,1.5
2025,2025-04-12,Southampton,Aston Villa,0.0,3.0,0.3,3.0
2025,2025-04-12,Nott'ham Forest,Everton,0.0,1.0,0.5,1.4
2025,2025-04-12,Arsenal,Brentford,1.0,1.0,1.0,0.2
2025,2025-04-13,Liverpool,West Ham,2.0,1.0,1.8,1.4
2025,2025-04-13,Chelsea,Ipswich Town,2.0,2.0,2.2,1.1
2025,2025-04-13,Wolves,Tottenham,4.0,2.0,2.4,2.0
2025,2025-04-13,Newcastle Utd,Manchester Utd,4.0,1.0,2.2,0.7
2025,2025-04-14,Bournemouth,Fulham,1.0,0.0,1.4,1.0
2025,2025-04-16,Newcastle Utd,Crystal Palace,5.0,0.0,1.5,2.0
2025,2025-04-19,Everton,Manchester City,0.0,2.0,0.9,2.0
2025,2025-04-19,West Ham,Southampton,1.0,1.0,0.9,0.6
2025,2025-04-19,Crystal Palace,Bournemouth,0.0,0.0,0.4,0.7
2025,2025-04-19,Brentford,Brighton,4.0,2.0,2.1,1.4
2025,2025-04-19,Aston Villa,Newcastle Utd,4.0,1.0,2.2,1.0
2025,2025-04-20,Fulham,Chelsea,1.0,2.0,0.3,0.9
2025,2025-04-20,Ipswich Town,Arsenal,0.0,4.0,0.2,2.4
2025,2025-04-20,Manchester Utd,Wolves,0.0,1.0,1.3,0.2
2025,2025-04-20,Leicester City,Liverpool,0.0,1.0,0.3,2.5
2025,2025-04-21,Tottenham,Nott'ham Forest,1.0,2.0,2.1,0.5
2025,2025-04-22,Manchester City,Aston Villa,2.0,1.0,1.3,1.8
2025,2025-04-23,Arsenal,Crystal Palace,2.0,2.0,1.2,1.7
2025,2025-04-26,Chelsea,Everton,1.0,0.0,0.8,0.4
2025,2025-04-26,Brighton,West Ham,3.0,2.0,1.3,1.3
2025,2025-04-26,Wolves,Leicester City,3.0,0.0,2.0,1.1
2025,2025-04-26,Southampton,Fulham,1.0,2.0,0.6,2.4
2025,2025-04-26,Newcastle Utd,Ipswich Town,3.0,0.0,2.4,0.1
2025,2025-04-27,Bournemouth,Manchester Utd,1.0,1.0,0.5,2.3
2025,2025-04-27,Liverpool,Tottenham,5.0,1.0,2.2,0.5
2025,2025-05-01,Nott'ham Forest,Brentford,0.0,2.0,0.9,1.3
2025,2025-05-02,Manchester City,Wolves,1.0,0.0,0.7,0.4
2025,2025-05-03,Aston Villa,Fulham,1.0,0.0,1.0,0.9
2025,2025-05-03,Leicester City,Southampton,2.0,0.0,1.4,0.5
2025,2025-05-03,Everton,Ipswich Town,2.0,2.0,0.6,0.8
2025,2025-05-03,Arsenal,Bournemouth,1.0,2.0,1.4,0.9
2025,2025-05-04,Brighton,Newcastle Utd,1.0,1.0,0.7,1.7
2025,2025-05-04,West Ham,Tottenham,1.0,1.0,0.8,0.8
2025,2025-05-04,Brentford,Manchester Utd,4.0,3.0,2.8,1.5
2025,2025-05-04,Chelsea,Liverpool,3.0,1.0,3.1,1.0
2025,2025-05-05,Crystal Palace,Nott'ham Forest,1.0,1.0,2.3,0.7
2025,2025-05-10,Ipswich Town,Brentford,0.0,1.0,0.9,1.4
2025,2025-05-10,Fulham,Everton,1.0,3.0,0.8,1.1
2025,2025-05-10,Wolves,Brighton,0.0,2.0,0.9,1.6
2025,2025-05-10,Southampton,Manchester City,0.0,0.0,0.1,1.7
2025,2025-05-10,Bournemouth,Aston Villa,0.0,1.0,0.8,1.0
2025,2025-05-11,Newcastle Utd,Chelsea,2.0,0.0,1.6,0.7
2025,2025-05-11,Nott'ham Forest,Leicester City,2.0,2.0,1.3,1.1
2025,2025-05-11,Tottenham,Crystal Palace,0.0,2.0,0.7,3.3
2025,2025-05-11,Manchester Utd,West Ham,0.0,2.0,2.1,1.7
2025,2025-05-11,Liverpool,Arsenal,2.0,2.0,2.4,2.6
2025,2025-05-16,Aston Villa,Tottenham,2.0,0.0,1.4,0.5
2025,2025-05-16,Chelsea,Manchester Utd,1.0,0.0,0.8,0.3
2025,2025-05-18,Everton,Southampton,2.0,0.0,2.7,1.2
2025,2025-05-18,West Ham,Nott'ham Forest,1.0,2.0,1.1,1.9
2025,2025-05-18,Brentford,Fulham,2.0,3.0,2.5,1.0
2025,2025-05-18,Leicester City,Ipswich Town,2.0,0.0,0.8,1.4
2025,2025-05-18,Arsenal,Newcastle Utd,1.0,0.0,0.6,1.5
2025,2025-05-19,Brighton,Liverpool,3.0,2.0,2.2,2.2
2025,2025-05-20,Manchester City,Bournemouth,3.0,1.0,1.5,1.1
2025,2025-05-20,Crystal Palace,Wolves,4.0,2.0,1.7,1.4
2025,2025-05-25,Manchester Utd,Aston Villa,2.0,0.0,2.9,0.4
2025,2025-05-25,Ipswich Town,West Ham,1.0,3.0,0.7,1.1
2025,2025-05-25,Wolves,Brentford,1.0,1.0,1.0,1.4
2025,2025-05-25,Southampton,Arsenal,1.0,2.0,0.6,2.3
2025,2025-05-25,Liverpool,Crystal Palace,1.0,1.0,2.1,1.8
2025,2025-05-25,Nott'ham Forest,Chelsea,0.0,1.0,1.2,1.1
2025,2025-05-25,Fulham,Manchester City,0.0,2.0,1.3,3.0
2025,2025-05-25,Newcastle Utd,Everton,0.0,1.0,1.2,1.2
2025,2025-05-25,Bournemouth,Leicester City,2.0,0.0,1.6,0.3
2025,2025-05-25,Tottenham,Brighton,1.0,4.0,2.0,2.2
2026,2025-08-15,Liverpool,Bournemouth,4.0,2.0,2.2,1.7
2026,2025-08-16,Aston Villa,Newcastle Utd,0.0,0.0,0.2,1.4
2026,2025-08-16,Sunderland,West Ham,3.0,0.0,0.7,0.6
2026,2025-08-16,Tottenham,Burnley,3.0,0.0,2.3,0.9
2026,2025-08-16,Brighton,Fulham,1.0,1.0,1.5,0.7
2026,2025-08-16,Wolves,Manchester City,0.0,4.0,0.6,2.4
2026,2025-08-17,Nott'ham Forest,Brentford,3.0,1.0,1.8,1.4
2026,2025-08-17,Chelsea,Crystal Palace,0.0,0.0,1.6,0.6
2026,2025-08-17,Manchester Utd,Arsenal,0.0,1.0,1.5,1.3
2026,2025-08-18,Leeds United,Everton,1.0,0.0,2.0,0.8
2026,2025-08-22,West Ham,Chelsea,1.0,5.0,0.7,2.7
2026,2025-08-23,Manchester City,Tottenham,0.0,2.0,1.6,1.1
2026,2025-08-23,Bournemouth,Wolves,1.0,0.0,1.3,0.5
2026,2025-08-23,Brentford,Aston Villa,1.0,0.0,1.2,1.2
2026,2025-08-23,Burnley,Sunderland,2.0,0.0,1.0,0.8
2026,2025-08-23,Arsenal,Leeds United,5.0,0.0,2.7,0.2
2026,2025-08-24,Crystal Palace,Nott'ham Forest,1.0,1.0,1.1,0.9
2026,2025-08-24,Everton,Brighton,2.0,0.0,1.6,2.4
2026,2025-08-24,Fulham,Manchester Utd,1.0,1.0,1.7,1.6
2026,2025-08-25,Newcastle Utd,Liverpool,2.0,3.0,1.0,0.7
2026,2025-08-30,Chelsea,Fulham,2.0,0.0,2.1,0.9
2026,2025-08-30,Sunderland,Brentford,2.0,1.0,1.5,1.2
2026,2025-08-30,Wolves,Everton,2.0,3.0,1.1,1.9
2026,2025-08-30,Tottenham,Bournemouth,0.0,1.0,0.2,1.5
2026,2025-08-30,Manchester Utd,Burnley,3.0,2.0,3.6,1.2
2026,2025-08-30,Leeds United,Newcastle Utd,0.0,0.0,0.7,0.5
2026,2025-08-31,Brighton,Manchester City,2.0,1.0,2.2,1.8
2026,2025-08-31,Nott'ham Forest,West Ham,0.0,3.0,0.7,2.4
2026,2025-08-31,Liverpool,Arsenal,1.0,0.0,0.5,0.5
2026,2025-08-31,Aston Villa,Crystal Palace,0.0,3.0,1.1,2.6
2026,2025-09-13,Arsenal,Nott'ham Forest,3.0,0.0,1.8,0.2
2026,2025-09-13,Crystal Palace,Sunderland,0.0,0.0,1.8,0.4
2026,2025-09-13,Everton,Aston Villa,0.0,0.0,2.0,0.4
2026,2025-09-13,Fulham,Leeds United,1.0,0.0,0.9,0.8
2026,2025-09-13,Newcastle Utd,Wolves,1.0,0.0,1.5,0.5
2026,2025-09-13,Bournemouth,Brighton,2.0,1.0,1.4,0.6
2026,2025-09-13,West Ham,Tottenham,0.0,3.0,0.6,1.3
2026,2025-09-13,Brentford,Chelsea,2.0,2.0,1.4,1.3
2026,2025-09-14,Burnley,Liverpool,0.0,1.0,0.1,2.6
2026,2025-09-14,Manchester City,Manchester Utd,3.0,0.0,2.7,1.2
