area,sex,age,emp,income,total,unmarried,year,married
00000,F,25~29,비정규직,200~299,202100.0,154700.0,2022,47400.0
00000,F,25~29,비정규직,300~399,38300.0,28100.0,2022,10200.0
00000,F,25~29,비정규직,400~499,8000.0,7300.0,2022,700.0
00000,F,25~29,비정규직,500~599,2100.0,2000.0,2022,100.0
00000,F,25~29,비정규직,600~799,1200.0,600.0,2022,600.0
00000,F,25~29,비정규직,800+,200.0,200.0,2022,0.0
00000,F,25~29,비정규직,~199,424200.0,232600.0,2022,191600.0
00000,F,25~29,자영업,200~299,6500.0,5100.0,2022,1400.0
00000,F,25~29,자영업,300~399,3700.0,2100.0,2022,1600.0
00000,F,25~29,자영업,400~499,2900.0,2800.0,2022,100.0
00000,F,25~29,자영업,500~599,900.0,500.0,2022,400.0
00000,F,25~29,자영업,600~799,100.0,100.0,2022,0.0
00000,F,25~29,자영업,800+,400.0,400.0,2022,0.0
00000,F,25~29,자영업,~199,30200.0,19800.0,2022,10400.0
00000,F,25~29,정규직,200~299,643400.0,493700.0,2022,149700.0
00000,F,25~29,정규직,300~399,627200.0,471100.0,2022,156100.0
00000,F,25~29,정규직,400~499,334400.0,226700.0,2022,107700.0
00000,F,25~29,정규직,500~599,99300.0,65200.0,2022,34100.0
00000,F,25~29,정규직,600~799,26700.0,17500.0,2022,9200.0
00000,F,25~29,정규직,800+,3700.0,3300.0,2022,400.0
00000,F,25~29,정규직,~199,132600.0,80100.0,2022,52500.0
00000,F,30~34,비정규직,200~299,205800.0,112500.0,2022,93300.0
00000,F,30~34,비정규직,300~399,36900.0,21300.0,2022,15600.0
00000,F,30~34,비정규직,400~499,8600.0,6200.0,2022,2400.0
00000,F,30~34,비정규직,500~599,2000.0,900.0,2022,1100.0
00000,F,30~34,비정규직,600~799,1500.0,1300.0,2022,200.0
00000,F,30~34,비정규직,800+,300.0,300.0,2022,0.0
00000,F,30~34,비정규직,~199,600900.0,170100.0,2022,430800.0
00000,F,30~34,자영업,200~299,9800.0,6500.0,2022,3300.0
00000,F,30~34,자영업,300~399,4100.0,3300.0,2022,800.0
00000,F,30~34,자영업,400~499,3900.0,2400.0,2022,1500.0
00000,F,30~34,자영업,500~599,2800.0,900.0,2022,1900.0
00000,F,30~34,자영업,600~799,2100.0,700.0,2022,1400.0
00000,F,30~34,자영업,800+,2800.0,1700.0,2022,1100.0
00000,F,30~34,자영업,~199,52600.0,18700.0,2022,33900.0
00000,F,30~34,정규직,200~299,429500.0,204000.0,2022,225500.0
00000,F,30~34,정규직,300~399,436500.0,211500.0,2022,225000.0
00000,F,30~34,정규직,400~499,287900.0,121400.0,2022,166500.0
00000,F,30~34,정규직,500~599,150200.0,62800.0,2022,87400.0
00000,F,30~34,정규직,600~799,69100.0,30100.0,2022,39000.0
00000,F,30~34,정규직,800+,28500.0,11900.0,2022,16600.0
00000,F,30~34,정규직,~199,138700.0,48500.0,2022,90200.0
00000,F,35~39,비정규직,200~299,220800.0,90600.0,2022,130200.0
00000,F,35~39,비정규직,300~399,37600.0,16100.0,2022,21500.0
00000,F,35~39,비정규직,400~499,6600.0,3600.0,2022,3000.0
00000,F,35~39,비정규직,500~599,6300.0,3200.0,2022,3100.0
00000,F,35~39,비정규직,600~799,1400.0,400.0,2022,1000.0
00000,F,35~39,비정규직,800+,1300.0,0.0,2022,1300.0
00000,F,35~39,비정규직,~199,876200.0,148400.0,2022,727800.0
00000,F,35~39,자영업,200~299,16200.0,6600.0,2022,9600.0
00000,F,35~39,자영업,300~399,8000.0,3700.0,2022,4300.0
00000,F,35~39,자영업,400~499,3900.0,2600.0,2022,1300.0
00000,F,35~39,자영업,500~599,1900.0,1000.0,2022,900.0
00000,F,35~39,자영업,600~799,700.0,300.0,2022,400.0
00000,F,35~39,자영업,800+,3700.0,1600.0,2022,2100.0
00000,F,35~39,자영업,~199,81900.0,20700.0,2022,61200.0
00000,F,35~39,정규직,200~299,394500.0,145900.0,2022,248600.0
00000,F,35~39,정규직,300~399,358100.0,131600.0,2022,226500.0
00000,F,35~39,정규직,400~499,256000.0,86200.0,2022,169800.0
00000,F,35~39,정규직,500~599,142000.0,54600.0,2022,87400.0
00000,F,35~39,정규직,600~799,98300.0,33600.0,2022,64700.0
00000,F,35~39,정규직,800+,31900.0,12000.0,2022,19900.0
00000,F,35~39,정규직,~199,127000.0,30500.0,2022,96500.0
00000,F,40~44,비정규직,200~299,232700.0,71900.0,2022,160800.0
00000,F,40~44,비정규직,300~399,53800.0,22400.0,2022,31400.0
00000,F,40~44,비정규직,400~499,12900.0,5900.0,2022,7000.0
00000,F,40~44,비정규직,500~599,3500.0,900.0,2022,2600.0
00000,F,40~44,비정규직,600~799,2800.0,600.0,2022,2200.0
00000,F,40~44,비정규직,800+,1700.0,300.0,2022,1400.0
00000,F,40~44,비정규직,~199,1136400.0,123700.0,2022,1012700.0
00000,F,40~44,자영업,200~299,12800.0,3200.0,2022,9600.0
00000,F,40~44,자영업,300~399,6800.0,1600.0,2022,5200.0
00000,F,40~44,자영업,400~499,3800.0,1300.0,2022,2500.0
00000,F,40~44,자영업,500~599,2500.0,1000.0,2022,1500.0
00000,F,40~44,자영업,600~799,1900.0,1000.0,2022,900.0
00000,F,40~44,자영업,800+,2700.0,700.0,2022,2000.0
00000,F,40~44,자영업,~199,85000.0,18000.0,2022,67000.0
00000,F,40~44,정규직,200~299,361500.0,110900.0,2022,250600.0
00000,F,40~44,정규직,300~399,336100.0,102400.0,2022,233700.0
00000,F,40~44,정규직,400~499,252500.0,76100.0,2022,176400.0
00000,F,40~44,정규직,500~599,156900.0,44500.0,2022,112400.0
00000,F,40~44,정규직,600~799,145800.0,45400.0,2022,100400.0
00000,F,40~44,정규직,800+,53000.0,19200.0,2022,33800.0
00000,F,40~44,정규직,~199,119500.0,27300.0,2022,92200.0
00000,M,25~29,비정규직,200~299,119300.0,107300.0,2022,12000.0
00000,M,25~29,비정규직,300~399,54200.0,45800.0,2022,8400.0
00000,M,25~29,비정규직,400~499,12100.0,9400.0,2022,2700.0
00000,M,25~29,비정규직,500~599,2200.0,2000.0,2022,200.0
00000,M,25~29,비정규직,600~799,1300.0,1000.0,2022,300.0
00000,M,25~29,비정규직,800+,2200.0,1900.0,2022,300.0
00000,M,25~29,비정규직,~199,217700.0,202600.0,2022,15100.0
00000,M,25~29,자영업,200~299,8700.0,5800.0,2022,2900.0
00000,M,25~29,자영업,300~399,9500.0,4000.0,2022,5500.0
00000,M,25~29,자영업,400~499,9000.0,4500.0,2022,4500.0
00000,M,25~29,자영업,500~599,2600.0,1000.0,2022,1600.0
00000,M,25~29,자영업,600~799,1700.0,700.0,2022,1000.0
00000,M,25~29,자영업,800+,2100.0,1500.0,2022,600.0
00000,M,25~29,자영업,~199,44000.0,38400.0,2022,5600.0
00000,M,25~29,정규직,200~299,485800.0,406600.0,2022,79200.0
00000,M,25~29,정규직,300~399,771700.0,586000.0,2022,185700.0
00000,M,25~29,정규직,400~499,617600.0,413600.0,2022,204000.0
00000,M,25~29,정규직,500~599,250500.0,145000.0,2022,105500.0
00000,M,25~29,정규직,600~799,134200.0,83900.0,2022,50300.0
00000,M,25~29,정규직,800+,32500.0,18100.0,2022,14400.0
00000,M,25~29,정규직,~199,73600.0,62500.0,2022,11100.0
00000,M,30~34,비정규직,200~299,86800.0,73200.0,2022,13600.0
00000,M,30~34,비정규직,300~399,40700.0,28300.0,2022,12400.0
00000,M,30~34,비정규직,400~499,14900.0,8300.0,2022,6600.0
00000,M,30~34,비정규직,500~599,5700.0,3500.0,2022,2200.0
00000,M,30~34,비정규직,600~799,2000.0,400.0,2022,1600.0
00000,M,30~34,비정규직,800+,2200.0,100.0,2022,2100.0
00000,M,30~34,비정규직,~199,164200.0,142500.0,2022,21700.0
00000,M,30~34,자영업,200~299,17600.0,8000.0,2022,9600.0
00000,M,30~34,자영업,300~399,16100.0,8200.0,2022,7900.0
00000,M,30~34,자영업,400~499,7700.0,3000.0,2022,4700.0
00000,M,30~34,자영업,500~599,4700.0,1000.0,2022,3700.0
00000,M,30~34,자영업,600~799,6500.0,2000.0,2022,4500.0
00000,M,30~34,자영업,800+,8100.0,3000.0,2022,5100.0
00000,M,30~34,자영업,~199,40300.0,28500.0,2022,11800.0
00000,M,30~34,정규직,200~299,300400.0,209700.0,2022,90700.0
00000,M,30~34,정규직,300~399,553000.0,300400.0,2022,252600.0
00000,M,30~34,정규직,400~499,613300.0,255000.0,2022,358300.0
00000,M,30~34,정규직,500~599,490300.0,155800.0,2022,334500.0
00000,M,30~34,정규직,600~799,336900.0,84500.0,2022,252400.0
00000,M,30~34,정규직,800+,128900.0,35600.0,2022,93300.0
00000,M,30~34,정규직,~199,58000.0,43400.0,2022,14600.0
00000,M,35~39,비정규직,200~299,94900.0,71300.0,2022,23600.0
00000,M,35~39,비정규직,300~399,34800.0,22700.0,2022,12100.0
00000,M,35~39,비정규직,400~499,11100.0,5400.0,2022,5700.0
00000,M,35~39,비정규직,500~599,8000.0,5100.0,2022,2900.0
00000,M,35~39,비정규직,600~799,3100.0,900.0,2022,2200.0
00000,M,35~39,비정규직,800+,2200.0,900.0,2022,1300.0
00000,M,35~39,비정규직,~199,130900.0,106300.0,2022,24600.0
00000,M,35~39,자영업,200~299,34600.0,11100.0,2022,23500.0
00000,M,35~39,자영업,300~399,25300.0,6600.0,2022,18700.0
00000,M,35~39,자영업,400~499,18800.0,3200.0,2022,15600.0
00000,M,35~39,자영업,500~599,12500.0,4300.0,2022,8200.0
00000,M,35~39,자영업,600~799,14100.0,5600.0,2022,8500.0
00000,M,35~39,자영업,800+,16500.0,2700.0,2022,13800.0
00000,M,35~39,자영업,~199,67300.0,30400.0,2022,36900.0
00000,M,35~39,정규직,200~299,264900.0,147800.0,2022,117100.0
00000,M,35~39,정규직,300~399,482000.0,217100.0,2022,264900.0
00000,M,35~39,정규직,400~499,579500.0,193000.0,2022,386500.0
00000,M,35~39,정규직,500~599,513600.0,110500.0,2022,403100.0
00000,M,35~39,정규직,600~799,539600.0,98100.0,2022,441500.0
00000,M,35~39,정규직,800+,299200.0,37100.0,2022,262100.0
00000,M,35~39,정규직,~199,47300.0,32100.0,2022,15200.0
00000,M,40~44,비정규직,200~299,96700.0,69400.0,2022,27300.0
00000,M,40~44,비정규직,300~399,46900.0,28300.0,2022,18600.0
00000,M,40~44,비정규직,400~499,13000.0,4700.0,2022,8300.0
00000,M,40~44,비정규직,500~599,5000.0,2900.0,2022,2100.0
00000,M,40~44,비정규직,600~799,4400.0,1700.0,2022,2700.0
00000,M,40~44,비정규직,800+,2700.0,800.0,2022,1900.0
00000,M,40~44,비정규직,~199,129100.0,100400.0,2022,28700.0
00000,M,40~44,자영업,200~299,46800.0,9500.0,2022,37300.0
00000,M,40~44,자영업,300~399,41300.0,9300.0,2022,32000.0
00000,M,40~44,자영업,400~499,25500.0,3800.0,2022,21700.0
00000,M,40~44,자영업,500~599,14900.0,3500.0,2022,11400.0
00000,M,40~44,자영업,600~799,20000.0,3200.0,2022,16800.0
00000,M,40~44,자영업,800+,29900.0,6000.0,2022,23900.0
00000,M,40~44,자영업,~199,80300.0,35200.0,2022,45100.0
00000,M,40~44,정규직,200~299,231400.0,121300.0,2022,110100.0
00000,M,40~44,정규직,300~399,434600.0,165400.0,2022,269200.0
00000,M,40~44,정규직,400~499,571300.0,154200.0,2022,417100.0
00000,M,40~44,정규직,500~599,477300.0,95000.0,2022,382300.0
00000,M,40~44,정규직,600~799,700800.0,92900.0,2022,607900.0
00000,M,40~44,정규직,800+,447800.0,30800.0,2022,417000.0
00000,M,40~44,정규직,~199,52700.0,33600.0,2022,19100.0
01000,F,25~29,비정규직,200~299,6600.0,5600.0,2022,1000.0
01000,F,25~29,비정규직,300~399,300.0,0.0,2022,300.0
01000,F,25~29,비정규직,~199,25200.0,15700.0,2022,9500.0
01000,F,25~29,자영업,~199,1400.0,500.0,2022,900.0
01000,F,25~29,정규직,200~299,19700.0,14400.0,2022,5300.0
01000,F,25~29,정규직,300~399,20600.0,14900.0,2022,5700.0
01000,F,25~29,정규직,400~499,8000.0,6300.0,2022,1700.0
01000,F,25~29,정규직,500~599,1000.0,1000.0,2022,0.0
01000,F,25~29,정규직,600~799,500.0,500.0,2022,0.0
01000,F,25~29,정규직,~199,7500.0,3600.0,2022,3900.0
01000,F,30~34,비정규직,200~299,5900.0,4100.0,2022,1800.0
01000,F,30~34,비정규직,300~399,600.0,200.0,2022,400.0
01000,F,30~34,비정규직,400~499,400.0,0.0,2022,400.0
01000,F,30~34,비정규직,~199,27800.0,8700.0,2022,19100.0
01000,F,30~34,자영업,300~399,300.0,0.0,2022,300.0
01000,F,30~34,자영업,400~499,200.0,200.0,2022,0.0
01000,F,30~34,자영업,~199,2700.0,300.0,2022,2400.0
01000,F,30~34,정규직,200~299,16200.0,8600.0,2022,7600.0
01000,F,30~34,정규직,300~399,17300.0,11300.0,2022,6000.0
01000,F,30~34,정규직,400~499,8300.0,3700.0,2022,4600.0
01000,F,30~34,정규직,500~599,1800.0,1600.0,2022,200.0
01000,F,30~34,정규직,800+,500.0,0.0,2022,500.0
01000,F,30~34,정규직,~199,7000.0,2200.0,2022,4800.0
01000,F,35~39,비정규직,200~299,7900.0,4100.0,2022,3800.0
01000,F,35~39,비정규직,300~399,900.0,200.0,2022,700.0
01000,F,35~39,비정규직,400~499,200.0,0.0,2022,200.0
01000,F,35~39,비정규직,~199,39900.0,7200.0,2022,32700.0
01000,F,35~39,자영업,200~299,1400.0,500.0,2022,900.0
01000,F,35~39,자영업,300~399,200.0,0.0,2022,200.0
01000,F,35~39,자영업,500~599,300.0,300.0,2022,0.0
01000,F,35~39,자영업,~199,3800.0,2000.0,2022,1800.0
01000,F,35~39,정규직,200~299,17400.0,8000.0,2022,9400.0
01000,F,35~39,정규직,300~399,12600.0,3300.0,2022,9300.0
01000,F,35~39,정규직,400~499,8200.0,3500.0,2022,4700.0
01000,F,35~39,정규직,500~599,4100.0,1800.0,2022,2300.0
01000,F,35~39,정규직,600~799,2700.0,600.0,2022,2100.0
01000,F,35~39,정규직,800+,900.0,0.0,2022,900.0
01000,F,35~39,정규직,~199,4500.0,1700.0,2022,2800.0
01000,F,40~44,비정규직,200~299,11100.0,4900.0,2022,6200.0
01000,F,40~44,비정규직,300~399,2200.0,1300.0,2022,900.0
01000,F,40~44,비정규직,~199,56300.0,7400.0,2022,48900.0
01000,F,40~44,자영업,200~299,800.0,600.0,2022,200.0
01000,F,40~44,자영업,800+,500.0,300.0,2022,200.0
01000,F,40~44,자영업,~199,2300.0,1300.0,2022,1000.0
01000,F,40~44,정규직,200~299,13500.0,5100.0,2022,8400.0
01000,F,40~44,정규직,300~399,14100.0,5400.0,2022,8700.0
01000,F,40~44,정규직,400~499,9500.0,3900.0,2022,5600.0
01000,F,40~44,정규직,500~599,5400.0,1500.0,2022,3900.0
01000,F,40~44,정규직,600~799,3800.0,1000.0,2022,2800.0
01000,F,40~44,정규직,800+,700.0,0.0,2022,700.0
01000,F,40~44,정규직,~199,5400.0,1800.0,2022,3600.0
01000,M,25~29,비정규직,200~299,6100.0,5600.0,2022,500.0
01000,M,25~29,비정규직,300~399,1600.0,900.0,2022,700.0
01000,M,25~29,비정규직,~199,10400.0,10000.0,2022,400.0
01000,M,25~29,자영업,300~399,900.0,0.0,2022,900.0
01000,M,25~29,자영업,~199,1700.0,1700.0,2022,0.0
01000,M,25~29,정규직,200~299,20900.0,16600.0,2022,4300.0
01000,M,25~29,정규직,300~399,27800.0,19400.0,2022,8400.0
01000,M,25~29,정규직,400~499,16900.0,7600.0,2022,9300.0
01000,M,25~29,정규직,500~599,6200.0,3200.0,2022,3000.0
01000,M,25~29,정규직,600~799,1500.0,600.0,2022,900.0
01000,M,25~29,정규직,800+,500.0,0.0,2022,500.0
01000,M,25~29,정규직,~199,3300.0,2500.0,2022,800.0
01000,M,30~34,비정규직,200~299,4400.0,3200.0,2022,1200.0
01000,M,30~34,비정규직,300~399,2500.0,800.0,2022,1700.0
01000,M,30~34,비정규직,400~499,700.0,700.0,2022,0.0
01000,M,30~34,비정규직,600~799,300.0,0.0,2022,300.0
01000,M,30~34,비정규직,~199,8100.0,6000.0,2022,2100.0
01000,M,30~34,자영업,200~299,300.0,0.0,2022,300.0
01000,M,30~34,자영업,300~399,200.0,0.0,2022,200.0
01000,M,30~34,자영업,500~599,500.0,0.0,2022,500.0
01000,M,30~34,자영업,600~799,600.0,200.0,2022,400.0
01000,M,30~34,자영업,~199,2200.0,800.0,2022,1400.0
01000,M,30~34,정규직,200~299,13500.0,8100.0,2022,5400.0
01000,M,30~34,정규직,300~399,17600.0,8400.0,2022,9200.0
01000,M,30~34,정규직,400~499,27200.0,9600.0,2022,17600.0
01000,M,30~34,정규직,500~599,13600.0,4100.0,2022,9500.0
01000,M,30~34,정규직,600~799,5300.0,900.0,2022,4400.0
01000,M,30~34,정규직,800+,2100.0,500.0,2022,1600.0
01000,M,30~34,정규직,~199,3200.0,600.0,2022,2600.0
01000,M,35~39,비정규직,200~299,4700.0,3400.0,2022,1300.0
01000,M,35~39,비정규직,300~399,2300.0,1200.0,2022,1100.0
01000,M,35~39,비정규직,400~499,300.0,0.0,2022,300.0
01000,M,35~39,비정규직,~199,10400.0,8100.0,2022,2300.0
01000,M,35~39,자영업,200~299,1200.0,200.0,2022,1000.0
01000,M,35~39,자영업,300~399,200.0,0.0,2022,200.0
01000,M,35~39,자영업,400~499,900.0,400.0,2022,500.0
01000,M,35~39,자영업,800+,1800.0,200.0,2022,1600.0
01000,M,35~39,자영업,~199,5200.0,3300.0,2022,1900.0
01000,M,35~39,정규직,200~299,9200.0,5300.0,2022,3900.0
01000,M,35~39,정규직,300~399,18700.0,8100.0,2022,10600.0
01000,M,35~39,정규직,400~499,22700.0,8100.0,2022,14600.0
01000,M,35~39,정규직,500~599,20100.0,1700.0,2022,18400.0
01000,M,35~39,정규직,600~799,13300.0,2200.0,2022,11100.0
01000,M,35~39,정규직,800+,7300.0,600.0,2022,6700.0
01000,M,35~39,정규직,~199,500.0,200.0,2022,300.0
01000,M,40~44,비정규직,200~299,3700.0,2200.0,2022,1500.0
01000,M,40~44,비정규직,300~399,1100.0,300.0,2022,800.0
01000,M,40~44,비정규직,400~499,400.0,0.0,2022,400.0
01000,M,40~44,비정규직,500~599,600.0,600.0,2022,0.0
01000,M,40~44,비정규직,~199,7500.0,6200.0,2022,1300.0
01000,M,40~44,자영업,200~299,2200.0,400.0,2022,1800.0
01000,M,40~44,자영업,300~399,1600.0,500.0,2022,1100.0
01000,M,40~44,자영업,400~499,1100.0,100.0,2022,1000.0
01000,M,40~44,자영업,500~599,200.0,0.0,2022,200.0
01000,M,40~44,자영업,600~799,1400.0,200.0,2022,1200.0
01000,M,40~44,자영업,800+,1400.0,200.0,2022,1200.0
01000,M,40~44,자영업,~199,2400.0,900.0,2022,1500.0
01000,M,40~44,정규직,200~299,10000.0,5800.0,2022,4200.0
01000,M,40~44,정규직,300~399,16200.0,2900.0,2022,13300.0
01000,M,40~44,정규직,400~499,21400.0,5100.0,2022,16300.0
01000,M,40~44,정규직,500~599,24100.0,3900.0,2022,20200.0
01000,M,40~44,정규직,600~799,25900.0,3600.0,2022,22300.0
01000,M,40~44,정규직,800+,12000.0,300.0,2022,11700.0
01000,M,40~44,정규직,~199,2300.0,1700.0,2022,600.0
02000,F,25~29,비정규직,200~299,500.0,300.0,2022,200.0
02000,F,25~29,비정규직,300~399,300.0,200.0,2022,100.0
02000,F,25~29,비정규직,~199,4500.0,2600.0,2022,1900.0
02000,F,25~29,자영업,200~299,200.0,200.0,2022,0.0
02000,F,25~29,자영업,~199,200.0,100.0,2022,100.0
02000,F,25~29,정규직,200~299,5100.0,3500.0,2022,1600.0
02000,F,25~29,정규직,300~399,3000.0,2000.0,2022,1000.0
02000,F,25~29,정규직,400~499,1100.0,500.0,2022,600.0
02000,F,25~29,정규직,500~599,100.0,100.0,2022,0.0
02000,F,25~29,정규직,600~799,100.0,100.0,2022,0.0
02000,F,25~29,정규직,~199,2400.0,1700.0,2022,700.0
02000,F,30~34,비정규직,200~299,1100.0,400.0,2022,700.0
02000,F,30~34,비정규직,300~399,100.0,0.0,2022,100.0
02000,F,30~34,비정규직,400~499,100.0,100.0,2022,0.0
02000,F,30~34,비정규직,~199,6400.0,3000.0,2022,3400.0
02000,F,30~34,자영업,200~299,200.0,200.0,2022,0.0
02000,F,30~34,자영업,~199,200.0,100.0,2022,100.0
02000,F,30~34,정규직,200~299,4000.0,1500.0,2022,2500.0
02000,F,30~34,정규직,300~399,2700.0,900.0,2022,1800.0
02000,F,30~34,정규직,400~499,1500.0,300.0,2022,1200.0
02000,F,30~34,정규직,500~599,300.0,100.0,2022,200.0
02000,F,30~34,정규직,800+,200.0,100.0,2022,100.0
02000,F,30~34,정규직,~199,2200.0,1100.0,2022,1100.0
02000,F,35~39,비정규직,200~299,1800.0,600.0,2022,1200.0
02000,F,35~39,비정규직,300~399,200.0,0.0,2022,200.0
02000,F,35~39,비정규직,~199,9800.0,2600.0,2022,7200.0
02000,F,35~39,자영업,200~299,100.0,0.0,2022,100.0
02000,F,35~39,자영업,~199,500.0,100.0,2022,400.0
02000,F,35~39,정규직,200~299,4400.0,1200.0,2022,3200.0
02000,F,35~39,정규직,300~399,2800.0,500.0,2022,2300.0
02000,F,35~39,정규직,400~499,1500.0,400.0,2022,1100.0
02000,F,35~39,정규직,500~599,500.0,200.0,2022,300.0
02000,F,35~39,정규직,800+,100.0,100.0,2022,0.0
02000,F,35~39,정규직,~199,2800.0,900.0,2022,1900.0
02000,F,40~44,비정규직,200~299,1900.0,600.0,2022,1300.0
02000,F,40~44,비정규직,300~399,300.0,100.0,2022,200.0
02000,F,40~44,비정규직,~199,11000.0,2000.0,2022,9000.0
02000,F,40~44,자영업,~199,1100.0,300.0,2022,800.0
02000,F,40~44,정규직,200~299,4800.0,1500.0,2022,3300.0
02000,F,40~44,정규직,300~399,4000.0,900.0,2022,3100.0
02000,F,40~44,정규직,400~499,1900.0,500.0,2022,1400.0
02000,F,40~44,정규직,500~599,1000.0,400.0,2022,600.0
02000,F,40~44,정규직,600~799,800.0,200.0,2022,600.0
02000,F,40~44,정규직,~199,2300.0,600.0,2022,1700.0
02000,M,25~29,비정규직,200~299,500.0,400.0,2022,100.0
02000,M,25~29,비정규직,300~399,100.0,100.0,2022,0.0
02000,M,25~29,비정규직,~199,1800.0,1700.0,2022,100.0
02000,M,25~29,자영업,400~499,100.0,0.0,2022,100.0
02000,M,25~29,자영업,600~799,100.0,0.0,2022,100.0
02000,M,25~29,자영업,~199,500.0,500.0,2022,0.0
02000,M,25~29,정규직,200~299,6000.0,3900.0,2022,2100.0
02000,M,25~29,정규직,300~399,4400.0,2500.0,2022,1900.0
02000,M,25~29,정규직,400~499,3100.0,2000.0,2022,1100.0
02000,M,25~29,정규직,500~599,1100.0,600.0,2022,500.0
02000,M,25~29,정규직,600~799,200.0,200.0,2022,0.0
02000,M,25~29,정규직,~199,1800.0,1600.0,2022,200.0
02000,M,30~34,비정규직,200~299,400.0,300.0,2022,100.0
02000,M,30~34,비정규직,300~399,200.0,100.0,2022,100.0
02000,M,30~34,비정규직,400~499,100.0,100.0,2022,0.0
02000,M,30~34,비정규직,~199,2200.0,1700.0,2022,500.0
02000,M,30~34,자영업,200~299,300.0,200.0,2022,100.0
02000,M,30~34,자영업,500~599,100.0,100.0,2022,0.0
02000,M,30~34,정규직,200~299,3900.0,2500.0,2022,1400.0
02000,M,30~34,정규직,300~399,5100.0,2300.0,2022,2800.0
02000,M,30~34,정규직,400~499,4900.0,1700.0,2022,3200.0
02000,M,30~34,정규직,500~599,2000.0,200.0,2022,1800.0
02000,M,30~34,정규직,600~799,700.0,200.0,2022,500.0
02000,M,30~34,정규직,800+,400.0,200.0,2022,200.0
02000,M,30~34,정규직,~199,1200.0,800.0,2022,400.0
02000,M,35~39,비정규직,200~299,700.0,600.0,2022,100.0
02000,M,35~39,비정규직,300~399,100.0,0.0,2022,100.0
02000,M,35~39,비정규직,~199,1900.0,1500.0,2022,400.0
02000,M,35~39,자영업,200~299,600.0,200.0,2022,400.0
02000,M,35~39,자영업,300~399,200.0,100.0,2022,100.0
02000,M,35~39,자영업,400~499,100.0,100.0,2022,0.0
02000,M,35~39,자영업,500~599,100.0,0.0,2022,100.0
02000,M,35~39,자영업,600~799,100.0,0.0,2022,100.0
02000,M,35~39,자영업,800+,300.0,0.0,2022,300.0
02000,M,35~39,자영업,~199,700.0,500.0,2022,200.0
02000,M,35~39,정규직,200~299,5000.0,2300.0,2022,2700.0
02000,M,35~39,정규직,300~399,4900.0,1800.0,2022,3100.0
02000,M,35~39,정규직,400~499,4200.0,900.0,2022,3300.0
02000,M,35~39,정규직,500~599,2700.0,600.0,2022,2100.0
02000,M,35~39,정규직,600~799,1900.0,300.0,2022,1600.0
02000,M,35~39,정규직,800+,500.0,200.0,2022,300.0
02000,M,35~39,정규직,~199,1500.0,900.0,2022,600.0
02000,M,40~44,비정규직,200~299,1100.0,600.0,2022,500.0
02000,M,40~44,비정규직,300~399,100.0,0.0,2022,100.0
02000,M,40~44,비정규직,400~499,100.0,100.0,2022,0.0
02000,M,40~44,비정규직,~199,1900.0,1600.0,2022,300.0
02000,M,40~44,자영업,200~299,600.0,300.0,2022,300.0
02000,M,40~44,자영업,300~399,200.0,0.0,2022,200.0
02000,M,40~44,자영업,400~499,200.0,0.0,2022,200.0
02000,M,40~44,자영업,600~799,100.0,0.0,2022,100.0
02000,M,40~44,자영업,800+,200.0,100.0,2022,100.0
02000,M,40~44,자영업,~199,900.0,400.0,2022,500.0
02000,M,40~44,정규직,200~299,5800.0,2500.0,2022,3300.0
02000,M,40~44,정규직,300~399,6000.0,1300.0,2022,4700.0
02000,M,40~44,정규직,400~499,4600.0,400.0,2022,4200.0
02000,M,40~44,정규직,500~599,3200.0,600.0,2022,2600.0
02000,M,40~44,정규직,600~799,3300.0,400.0,2022,2900.0
02000,M,40~44,정규직,800+,800.0,0.0,2022,800.0
02000,M,40~44,정규직,~199,1400.0,900.0,2022,500.0
03000,F,25~29,비정규직,200~299,1100.0,600.0,2022,500.0
03000,F,25~29,비정규직,300~399,300.0,200.0,2022,100.0
03000,F,25~29,비정규직,~199,4500.0,2300.0,2022,2200.0
03000,F,25~29,자영업,200~299,100.0,0.0,2022,100.0
03000,F,25~29,자영업,~199,200.0,200.0,2022,0.0
03000,F,25~29,정규직,200~299,5000.0,3000.0,2022,2000.0
03000,F,25~29,정규직,300~399,3700.0,3000.0,2022,700.0
03000,F,25~29,정규직,400~499,1200.0,600.0,2022,600.0
03000,F,25~29,정규직,500~599,100.0,100.0,2022,0.0
03000,F,25~29,정규직,800+,100.0,100.0,2022,0.0
03000,F,25~29,정규직,~199,2300.0,1300.0,2022,1000.0
03000,F,30~34,비정규직,200~299,1500.0,700.0,2022,800.0
03000,F,30~34,비정규직,400~499,100.0,100.0,2022,0.0
03000,F,30~34,비정규직,~199,6400.0,2300.0,2022,4100.0
03000,F,30~34,자영업,200~299,100.0,0.0,2022,100.0
03000,F,30~34,자영업,300~399,100.0,100.0,2022,0.0
03000,F,30~34,자영업,~199,700.0,400.0,2022,300.0
03000,F,30~34,정규직,200~299,4200.0,1500.0,2022,2700.0
03000,F,30~34,정규직,300~399,3100.0,700.0,2022,2400.0
03000,F,30~34,정규직,400~499,1400.0,700.0,2022,700.0
03000,F,30~34,정규직,500~599,600.0,200.0,2022,400.0
03000,F,30~34,정규직,600~799,100.0,100.0,2022,0.0
03000,F,30~34,정규직,800+,100.0,0.0,2022,100.0
03000,F,30~34,정규직,~199,2700.0,900.0,2022,1800.0
03000,F,35~39,비정규직,200~299,1600.0,500.0,2022,1100.0
03000,F,35~39,비정규직,300~399,100.0,100.0,2022,0.0
03000,F,35~39,비정규직,~199,8300.0,1800.0,2022,6500.0
03000,F,35~39,자영업,200~299,200.0,0.0,2022,200.0
03000,F,35~39,자영업,~199,400.0,100.0,2022,300.0
03000,F,35~39,정규직,200~299,4500.0,1700.0,2022,2800.0
03000,F,35~39,정규직,300~399,2900.0,1000.0,2022,1900.0
03000,F,35~39,정규직,400~499,2000.0,700.0,2022,1300.0
03000,F,35~39,정규직,500~599,1200.0,300.0,2022,900.0
03000,F,35~39,정규직,600~799,400.0,100.0,2022,300.0
03000,F,35~39,정규직,800+,200.0,0.0,2022,200.0
03000,F,35~39,정규직,~199,2200.0,800.0,2022,1400.0
03000,F,40~44,비정규직,200~299,2200.0,200.0,2022,2000.0
03000,F,40~44,비정규직,300~399,500.0,100.0,2022,400.0
03000,F,40~44,비정규직,400~499,100.0,100.0,2022,0.0
03000,F,40~44,비정규직,~199,9500.0,1300.0,2022,8200.0
03000,F,40~44,자영업,200~299,100.0,0.0,2022,100.0
03000,F,40~44,자영업,300~399,100.0,0.0,2022,100.0
03000,F,40~44,자영업,400~499,100.0,100.0,2022,0.0
03000,F,40~44,자영업,~199,700.0,200.0,2022,500.0
03000,F,40~44,정규직,200~299,6200.0,1300.0,2022,4900.0
03000,F,40~44,정규직,300~399,3500.0,1100.0,2022,2400.0
03000,F,40~44,정규직,400~499,1200.0,300.0,2022,900.0
03000,F,40~44,정규직,500~599,1100.0,300.0,2022,800.0
03000,F,40~44,정규직,600~799,500.0,100.0,2022,400.0
03000,F,40~44,정규직,800+,200.0,100.0,2022,100.0
03000,F,40~44,정규직,~199,1800.0,400.0,2022,1400.0
03000,M,25~29,비정규직,200~299,1000.0,800.0,2022,200.0
03000,M,25~29,비정규직,300~399,100.0,100.0,2022,0.0
03000,M,25~29,비정규직,400~499,100.0,100.0,2022,0.0
03000,M,25~29,비정규직,500~599,100.0,0.0,2022,100.0
03000,M,25~29,비정규직,~199,2200.0,1800.0,2022,400.0
03000,M,25~29,자영업,300~399,100.0,0.0,2022,100.0
03000,M,25~29,자영업,~199,200.0,200.0,2022,0.0
03000,M,25~29,정규직,200~299,6800.0,5200.0,2022,1600.0
03000,M,25~29,정규직,300~399,5500.0,3400.0,2022,2100.0
03000,M,25~29,정규직,400~499,2900.0,1500.0,2022,1400.0
03000,M,25~29,정규직,500~599,600.0,300.0,2022,300.0
03000,M,25~29,정규직,600~799,400.0,200.0,2022,200.0
03000,M,25~29,정규직,800+,100.0,100.0,2022,0.0
03000,M,25~29,정규직,~199,1000.0,800.0,2022,200.0
03000,M,30~34,비정규직,200~299,800.0,400.0,2022,400.0
03000,M,30~34,비정규직,300~399,500.0,400.0,2022,100.0
03000,M,30~34,비정규직,~199,2100.0,2100.0,2022,0.0
03000,M,30~34,자영업,200~299,200.0,100.0,2022,100.0
03000,M,30~34,자영업,300~399,100.0,0.0,2022,100.0
03000,M,30~34,자영업,400~499,100.0,0.0,2022,100.0
03000,M,30~34,자영업,~199,500.0,400.0,2022,100.0
03000,M,30~34,정규직,200~299,5200.0,3500.0,2022,1700.0
03000,M,30~34,정규직,300~399,5300.0,2500.0,2022,2800.0
03000,M,30~34,정규직,400~499,4300.0,1500.0,2022,2800.0
03000,M,30~34,정규직,500~599,2200.0,500.0,2022,1700.0
03000,M,30~34,정규직,600~799,1200.0,0.0,2022,1200.0
03000,M,30~34,정규직,800+,300.0,0.0,2022,300.0
03000,M,30~34,정규직,~199,1100.0,1000.0,2022,100.0
03000,M,35~39,비정규직,200~299,1000.0,600.0,2022,400.0
03000,M,35~39,비정규직,300~399,400.0,200.0,2022,200.0
03000,M,35~39,비정규직,400~499,100.0,100.0,2022,0.0
03000,M,35~39,비정규직,~199,1500.0,1500.0,2022,0.0
03000,M,35~39,자영업,200~299,400.0,100.0,2022,300.0
03000,M,35~39,자영업,300~399,400.0,200.0,2022,200.0
03000,M,35~39,자영업,500~599,100.0,100.0,2022,0.0
03000,M,35~39,자영업,600~799,100.0,0.0,2022,100.0
03000,M,35~39,자영업,~199,600.0,300.0,2022,300.0
03000,M,35~39,정규직,200~299,5500.0,3300.0,2022,2200.0
03000,M,35~39,정규직,300~399,6100.0,2500.0,2022,3600.0
03000,M,35~39,정규직,400~499,4600.0,1300.0,2022,3300.0
03000,M,35~39,정규직,500~599,3200.0,500.0,2022,2700.0
03000,M,35~39,정규직,600~799,1900.0,500.0,2022,1400.0
03000,M,35~39,정규직,800+,600.0,0.0,2022,600.0
03000,M,35~39,정규직,~199,1300.0,900.0,2022,400.0
03000,M,40~44,비정규직,200~299,800.0,700.0,2022,100.0
03000,M,40~44,비정규직,300~399,500.0,100.0,2022,400.0
03000,M,40~44,비정규직,400~499,100.0,0.0,2022,100.0
03000,M,40~44,비정규직,~199,1200.0,900.0,2022,300.0
03000,M,40~44,자영업,200~299,500.0,0.0,2022,500.0
03000,M,40~44,자영업,300~399,200.0,100.0,2022,100.0
03000,M,40~44,자영업,400~499,200.0,200.0,2022,0.0
03000,M,40~44,자영업,800+,100.0,0.0,2022,100.0
03000,M,40~44,자영업,~199,1100.0,400.0,2022,700.0
03000,M,40~44,정규직,200~299,6000.0,2500.0,2022,3500.0
03000,M,40~44,정규직,300~399,4600.0,1200.0,2022,3400.0
03000,M,40~44,정규직,400~499,5200.0,1200.0,2022,4000.0
03000,M,40~44,정규직,500~599,3600.0,400.0,2022,3200.0
03000,M,40~44,정규직,600~799,3600.0,400.0,2022,3200.0
03000,M,40~44,정규직,800+,1400.0,100.0,2022,1300.0
03000,M,40~44,정규직,~199,1300.0,900.0,2022,400.0
04000,F,25~29,비정규직,200~299,4100.0,2600.0,2022,1500.0
04000,F,25~29,비정규직,300~399,500.0,200.0,2022,300.0
04000,F,25~29,비정규직,400~499,200.0,200.0,2022,0.0
04000,F,25~29,비정규직,~199,8900.0,5400.0,2022,3500.0
04000,F,25~29,자영업,200~299,400.0,200.0,2022,200.0
04000,F,25~29,자영업,~199,700.0,400.0,2022,300.0
04000,F,25~29,정규직,200~299,12700.0,8600.0,2022,4100.0
04000,F,25~29,정규직,300~399,10400.0,7300.0,2022,3100.0
04000,F,25~29,정규직,400~499,4600.0,2100.0,2022,2500.0
04000,F,25~29,정규직,500~599,900.0,700.0,2022,200.0
04000,F,25~29,정규직,600~799,400.0,400.0,2022,0.0
04000,F,25~29,정규직,~199,3300.0,2500.0,2022,800.0
04000,F,30~34,비정규직,200~299,3300.0,1900.0,2022,1400.0
04000,F,30~34,비정규직,300~399,500.0,300.0,2022,200.0
04000,F,30~34,비정규직,~199,10700.0,3700.0,2022,7000.0
04000,F,30~34,자영업,200~299,200.0,200.0,2022,0.0
04000,F,30~34,자영업,300~399,300.0,300.0,2022,0.0
04000,F,30~34,자영업,~199,1000.0,400.0,2022,600.0
04000,F,30~34,정규직,200~299,9300.0,4000.0,2022,5300.0
04000,F,30~34,정규직,300~399,8100.0,4600.0,2022,3500.0
04000,F,30~34,정규직,400~499,3500.0,1600.0,2022,1900.0
04000,F,30~34,정규직,500~599,1700.0,700.0,2022,1000.0
04000,F,30~34,정규직,600~799,200.0,0.0,2022,200.0
04000,F,30~34,정규직,800+,300.0,100.0,2022,200.0
04000,F,30~34,정규직,~199,4200.0,1800.0,2022,2400.0
04000,F,35~39,비정규직,200~299,5500.0,2700.0,2022,2800.0
04000,F,35~39,비정규직,300~399,600.0,300.0,2022,300.0
04000,F,35~39,비정규직,400~499,200.0,200.0,2022,0.0
04000,F,35~39,비정규직,~199,18100.0,4500.0,2022,13600.0
04000,F,35~39,자영업,200~299,200.0,100.0,2022,100.0
04000,F,35~39,자영업,~199,900.0,300.0,2022,600.0
04000,F,35~39,정규직,200~299,9300.0,3900.0,2022,5400.0
04000,F,35~39,정규직,300~399,6700.0,2100.0,2022,4600.0
04000,F,35~39,정규직,400~499,2900.0,1500.0,2022,1400.0
04000,F,35~39,정규직,500~599,2800.0,1000.0,2022,1800.0
04000,F,35~39,정규직,600~799,800.0,500.0,2022,300.0
04000,F,35~39,정규직,~199,4300.0,1400.0,2022,2900.0
04000,F,40~44,비정규직,200~299,4100.0,700.0,2022,3400.0
04000,F,40~44,비정규직,300~399,100.0,0.0,2022,100.0
04000,F,40~44,비정규직,400~499,400.0,0.0,2022,400.0
04000,F,40~44,비정규직,~199,22300.0,3000.0,2022,19300.0
04000,F,40~44,자영업,200~299,100.0,0.0,2022,100.0
04000,F,40~44,자영업,300~399,200.0,0.0,2022,200.0
04000,F,40~44,자영업,~199,2100.0,200.0,2022,1900.0
04000,F,40~44,정규직,200~299,7000.0,1600.0,2022,5400.0
04000,F,40~44,정규직,300~399,6700.0,1200.0,2022,5500.0
04000,F,40~44,정규직,400~499,5200.0,1100.0,2022,4100.0
04000,F,40~44,정규직,500~599,4300.0,1700.0,2022,2600.0
04000,F,40~44,정규직,600~799,2600.0,1100.0,2022,1500.0
04000,F,40~44,정규직,~199,3700.0,700.0,2022,3000.0
04000,M,25~29,비정규직,200~299,2700.0,2700.0,2022,0.0
04000,M,25~29,비정규직,300~399,600.0,600.0,2022,0.0
04000,M,25~29,비정규직,400~499,100.0,0.0,2022,100.0
04000,M,25~29,비정규직,600~799,100.0,100.0,2022,0.0
04000,M,25~29,비정규직,~199,3300.0,3100.0,2022,200.0
04000,M,25~29,자영업,500~599,100.0,100.0,2022,0.0
04000,M,25~29,자영업,~199,1100.0,1100.0,2022,0.0
04000,M,25~29,정규직,200~299,8300.0,6500.0,2022,1800.0
04000,M,25~29,정규직,300~399,16500.0,11300.0,2022,5200.0
04000,M,25~29,정규직,400~499,9300.0,6300.0,2022,3000.0
04000,M,25~29,정규직,500~599,4100.0,1800.0,2022,2300.0
04000,M,25~29,정규직,600~799,800.0,0.0,2022,800.0
04000,M,25~29,정규직,800+,100.0,0.0,2022,100.0
04000,M,25~29,정규직,~199,1900.0,1700.0,2022,200.0
04000,M,30~34,비정규직,200~299,2800.0,2500.0,2022,300.0
04000,M,30~34,비정규직,300~399,600.0,300.0,2022,300.0
04000,M,30~34,비정규직,400~499,200.0,200.0,2022,0.0
04000,M,30~34,비정규직,500~599,200.0,0.0,2022,200.0
04000,M,30~34,비정규직,~199,4000.0,3500.0,2022,500.0
04000,M,30~34,자영업,200~299,100.0,100.0,2022,0.0
04000,M,30~34,자영업,300~399,700.0,400.0,2022,300.0
04000,M,30~34,자영업,400~499,100.0,0.0,2022,100.0
04000,M,30~34,자영업,500~599,100.0,100.0,2022,0.0
04000,M,30~34,자영업,600~799,100.0,100.0,2022,0.0
04000,M,30~34,자영업,800+,200.0,0.0,2022,200.0
04000,M,30~34,자영업,~199,1000.0,600.0,2022,400.0
04000,M,30~34,정규직,200~299,8900.0,6700.0,2022,2200.0
04000,M,30~34,정규직,300~399,13400.0,6400.0,2022,7000.0
04000,M,30~34,정규직,400~499,9500.0,3600.0,2022,5900.0
04000,M,30~34,정규직,500~599,5400.0,1800.0,2022,3600.0
04000,M,30~34,정규직,600~799,4900.0,1300.0,2022,3600.0
04000,M,30~34,정규직,800+,1100.0,0.0,2022,1100.0
04000,M,30~34,정규직,~199,1000.0,900.0,2022,100.0
04000,M,35~39,비정규직,200~299,2500.0,2100.0,2022,400.0
04000,M,35~39,비정규직,300~399,1000.0,200.0,2022,800.0
04000,M,35~39,비정규직,400~499,100.0,0.0,2022,100.0
04000,M,35~39,비정규직,800+,200.0,0.0,2022,200.0
04000,M,35~39,비정규직,~199,3000.0,2700.0,2022,300.0
04000,M,35~39,자영업,200~299,100.0,0.0,2022,100.0
04000,M,35~39,자영업,300~399,700.0,100.0,2022,600.0
04000,M,35~39,자영업,400~499,100.0,100.0,2022,0.0
04000,M,35~39,자영업,500~599,100.0,0.0,2022,100.0
04000,M,35~39,자영업,600~799,200.0,0.0,2022,200.0
04000,M,35~39,자영업,~199,1000.0,200.0,2022,800.0
04000,M,35~39,정규직,200~299,7400.0,4000.0,2022,3400.0
04000,M,35~39,정규직,300~399,12300.0,4700.0,2022,7600.0
04000,M,35~39,정규직,400~499,11100.0,2600.0,2022,8500.0
04000,M,35~39,정규직,500~599,7800.0,1900.0,2022,5900.0
04000,M,35~39,정규직,600~799,8100.0,1300.0,2022,6800.0
04000,M,35~39,정규직,800+,3400.0,200.0,2022,3200.0
04000,M,35~39,정규직,~199,1700.0,1100.0,2022,600.0
04000,M,40~44,비정규직,200~299,2300.0,2000.0,2022,300.0
04000,M,40~44,비정규직,300~399,700.0,300.0,2022,400.0
04000,M,40~44,비정규직,400~499,400.0,0.0,2022,400.0
04000,M,40~44,비정규직,500~599,200.0,0.0,2022,200.0
04000,M,40~44,비정규직,~199,2600.0,2100.0,2022,500.0
04000,M,40~44,자영업,200~299,1000.0,200.0,2022,800.0
04000,M,40~44,자영업,300~399,1200.0,100.0,2022,1100.0
04000,M,40~44,자영업,400~499,500.0,0.0,2022,500.0
04000,M,40~44,자영업,500~599,100.0,0.0,2022,100.0
04000,M,40~44,자영업,800+,400.0,100.0,2022,300.0
04000,M,40~44,자영업,~199,1600.0,1300.0,2022,300.0
04000,M,40~44,정규직,200~299,7000.0,2800.0,2022,4200.0
04000,M,40~44,정규직,300~399,11600.0,4400.0,2022,7200.0
04000,M,40~44,정규직,400~499,9400.0,1900.0,2022,7500.0
04000,M,40~44,정규직,500~599,9200.0,1900.0,2022,7300.0
04000,M,40~44,정규직,600~799,11600.0,1500.0,2022,10100.0
04000,M,40~44,정규직,800+,5100.0,0.0,2022,5100.0
04000,M,40~44,정규직,~199,1200.0,700.0,2022,500.0
05000,F,25~29,비정규직,200~299,500.0,300.0,2022,200.0
05000,F,25~29,비정규직,300~399,200.0,0.0,2022,200.0
05000,F,25~29,비정규직,~199,2300.0,1100.0,2022,1200.0
05000,F,25~29,자영업,~199,100.0,0.0,2022,100.0
05000,F,25~29,정규직,200~299,3600.0,2600.0,2022,1000.0
05000,F,25~29,정규직,300~399,2300.0,1500.0,2022,800.0
05000,F,25~29,정규직,400~499,1100.0,800.0,2022,300.0
05000,F,25~29,정규직,~199,1800.0,1100.0,2022,700.0
05000,F,30~34,비정규직,200~299,600.0,200.0,2022,400.0
05000,F,30~34,비정규직,300~399,100.0,100.0,2022,0.0
05000,F,30~34,비정규직,~199,3000.0,900.0,2022,2100.0
05000,F,30~34,자영업,200~299,100.0,0.0,2022,100.0
05000,F,30~34,자영업,400~499,100.0,0.0,2022,100.0
05000,F,30~34,자영업,~199,200.0,200.0,2022,0.0
05000,F,30~34,정규직,200~299,3700.0,1800.0,2022,1900.0
05000,F,30~34,정규직,300~399,2800.0,1000.0,2022,1800.0
05000,F,30~34,정규직,400~499,1400.0,500.0,2022,900.0
05000,F,30~34,정규직,500~599,400.0,0.0,2022,400.0
05000,F,30~34,정규직,~199,1600.0,600.0,2022,1000.0
05000,F,35~39,비정규직,200~299,1100.0,300.0,2022,800.0
05000,F,35~39,비정규직,300~399,200.0,100.0,2022,100.0
05000,F,35~39,비정규직,~199,7000.0,1400.0,2022,5600.0
05000,F,35~39,자영업,200~299,100.0,100.0,2022,0.0
05000,F,35~39,자영업,~199,600.0,0.0,2022,600.0
05000,F,35~39,정규직,200~299,3900.0,1200.0,2022,2700.0
05000,F,35~39,정규직,300~399,1600.0,200.0,2022,1400.0
05000,F,35~39,정규직,400~499,1400.0,400.0,2022,1000.0
05000,F,35~39,정규직,500~599,600.0,100.0,2022,500.0
05000,F,35~39,정규직,600~799,100.0,0.0,2022,100.0
05000,F,35~39,정규직,~199,2200.0,700.0,2022,1500.0
05000,F,40~44,비정규직,200~299,1300.0,200.0,2022,1100.0
05000,F,40~44,비정규직,300~399,200.0,0.0,2022,200.0
05000,F,40~44,비정규직,400~499,100.0,100.0,2022,0.0
05000,F,40~44,비정규직,500~599,100.0,0.0,2022,100.0
05000,F,40~44,비정규직,~199,6500.0,800.0,2022,5700.0
05000,F,40~44,자영업,300~399,100.0,0.0,2022,100.0
05000,F,40~44,자영업,~199,600.0,300.0,2022,300.0
05000,F,40~44,정규직,200~299,5500.0,1400.0,2022,4100.0
05000,F,40~44,정규직,300~399,2200.0,300.0,2022,1900.0
05000,F,40~44,정규직,400~499,1500.0,200.0,2022,1300.0
05000,F,40~44,정규직,500~599,700.0,100.0,2022,600.0
05000,F,40~44,정규직,600~799,700.0,200.0,2022,500.0
05000,F,40~44,정규직,~199,2300.0,600.0,2022,1700.0
05000,M,25~29,비정규직,200~299,400.0,300.0,2022,100.0
05000,M,25~29,비정규직,300~399,200.0,200.0,2022,0.0
05000,M,25~29,비정규직,400~499,400.0,400.0,2022,0.0
05000,M,25~29,비정규직,~199,1400.0,1400.0,2022,0.0
05000,M,25~29,자영업,200~299,100.0,100.0,2022,0.0
05000,M,25~29,자영업,300~399,100.0,0.0,2022,100.0
05000,M,25~29,자영업,~199,100.0,100.0,2022,0.0
05000,M,25~29,정규직,200~299,4500.0,3500.0,2022,1000.0
05000,M,25~29,정규직,300~399,4000.0,3100.0,2022,900.0
05000,M,25~29,정규직,400~499,1700.0,1100.0,2022,600.0
05000,M,25~29,정규직,500~599,600.0,300.0,2022,300.0
05000,M,25~29,정규직,600~799,200.0,100.0,2022,100.0
05000,M,25~29,정규직,~199,700.0,600.0,2022,100.0
05000,M,30~34,비정규직,200~299,400.0,400.0,2022,0.0
05000,M,30~34,비정규직,300~399,100.0,0.0,2022,100.0
05000,M,30~34,비정규직,400~499,200.0,200.0,2022,0.0
05000,M,30~34,비정규직,~199,1300.0,1200.0,2022,100.0
05000,M,30~34,자영업,300~399,200.0,0.0,2022,200.0
05000,M,30~34,정규직,200~299,3900.0,1900.0,2022,2000.0
05000,M,30~34,정규직,300~399,3500.0,1700.0,2022,1800.0
05000,M,30~34,정규직,400~499,2700.0,800.0,2022,1900.0
05000,M,30~34,정규직,500~599,1000.0,100.0,2022,900.0
05000,M,30~34,정규직,600~799,1100.0,300.0,2022,800.0
05000,M,30~34,정규직,800+,200.0,0.0,2022,200.0
05000,M,30~34,정규직,~199,1000.0,900.0,2022,100.0
05000,M,35~39,비정규직,200~299,900.0,700.0,2022,200.0
05000,M,35~39,비정규직,300~399,200.0,0.0,2022,200.0
05000,M,35~39,비정규직,400~499,100.0,0.0,2022,100.0
05000,M,35~39,비정규직,~199,1000.0,1000.0,2022,0.0
05000,M,35~39,자영업,200~299,300.0,300.0,2022,0.0
05000,M,35~39,자영업,300~399,100.0,0.0,2022,100.0
05000,M,35~39,자영업,400~499,100.0,0.0,2022,100.0
05000,M,35~39,자영업,600~799,100.0,0.0,2022,100.0
05000,M,35~39,자영업,800+,100.0,100.0,2022,0.0
05000,M,35~39,자영업,~199,500.0,100.0,2022,400.0
05000,M,35~39,정규직,200~299,4300.0,2200.0,2022,2100.0
05000,M,35~39,정규직,300~399,4700.0,1300.0,2022,3400.0
05000,M,35~39,정규직,400~499,3500.0,600.0,2022,2900.0
05000,M,35~39,정규직,500~599,1800.0,400.0,2022,1400.0
05000,M,35~39,정규직,600~799,1300.0,100.0,2022,1200.0
05000,M,35~39,정규직,800+,400.0,100.0,2022,300.0
05000,M,35~39,정규직,~199,800.0,600.0,2022,200.0
05000,M,40~44,비정규직,200~299,700.0,400.0,2022,300.0
05000,M,40~44,비정규직,300~399,100.0,0.0,2022,100.0
05000,M,40~44,비정규직,400~499,600.0,0.0,2022,600.0
05000,M,40~44,비정규직,500~599,100.0,0.0,2022,100.0
05000,M,40~44,비정규직,800+,100.0,0.0,2022,100.0
05000,M,40~44,비정규직,~199,1200.0,1200.0,2022,0.0
05000,M,40~44,자영업,200~299,400.0,100.0,2022,300.0
05000,M,40~44,자영업,300~399,100.0,0.0,2022,100.0
05000,M,40~44,자영업,400~499,100.0,0.0,2022,100.0
05000,M,40~44,자영업,500~599,100.0,0.0,2022,100.0
05000,M,40~44,자영업,600~799,200.0,0.0,2022,200.0
05000,M,40~44,자영업,~199,400.0,100.0,2022,300.0
05000,M,40~44,정규직,200~299,5100.0,2000.0,2022,3100.0
05000,M,40~44,정규직,300~399,4700.0,1400.0,2022,3300.0
05000,M,40~44,정규직,400~499,3500.0,800.0,2022,2700.0
05000,M,40~44,정규직,500~599,2800.0,400.0,2022,2400.0
05000,M,40~44,정규직,600~799,2400.0,300.0,2022,2100.0
05000,M,40~44,정규직,800+,1000.0,0.0,2022,1000.0
05000,M,40~44,정규직,~199,700.0,400.0,2022,300.0
06000,F,25~29,비정규직,200~299,800.0,400.0,2022,400.0
06000,F,25~29,비정규직,300~399,200.0,200.0,2022,0.0
06000,F,25~29,비정규직,~199,3000.0,2000.0,2022,1000.0
06000,F,25~29,자영업,~199,200.0,0.0,2022,200.0
06000,F,25~29,정규직,200~299,5100.0,3700.0,2022,1400.0
06000,F,25~29,정규직,300~399,3300.0,2400.0,2022,900.0
06000,F,25~29,정규직,400~499,1300.0,800.0,2022,500.0
06000,F,25~29,정규직,500~599,100.0,100.0,2022,0.0
06000,F,25~29,정규직,600~799,100.0,100.0,2022,0.0
06000,F,25~29,정규직,800+,100.0,100.0,2022,0.0
06000,F,25~29,정규직,~199,2000.0,1100.0,2022,900.0
06000,F,30~34,비정규직,200~299,900.0,600.0,2022,300.0
06000,F,30~34,비정규직,300~399,200.0,200.0,2022,0.0
06000,F,30~34,비정규직,~199,4500.0,1600.0,2022,2900.0
06000,F,30~34,자영업,200~299,100.0,100.0,2022,0.0
06000,F,30~34,자영업,~199,200.0,200.0,2022,0.0
06000,F,30~34,정규직,200~299,4800.0,2200.0,2022,2600.0
06000,F,30~34,정규직,300~399,3300.0,1300.0,2022,2000.0
06000,F,30~34,정규직,400~499,2600.0,700.0,2022,1900.0
06000,F,30~34,정규직,500~599,100.0,0.0,2022,100.0
06000,F,30~34,정규직,800+,100.0,100.0,2022,0.0
06000,F,30~34,정규직,~199,1900.0,700.0,2022,1200.0
06000,F,35~39,비정규직,200~299,1500.0,300.0,2022,1200.0
06000,F,35~39,비정규직,300~399,200.0,0.0,2022,200.0
06000,F,35~39,비정규직,~199,7000.0,900.0,2022,6100.0
06000,F,35~39,자영업,200~299,300.0,0.0,2022,300.0
06000,F,35~39,자영업,400~499,100.0,0.0,2022,100.0
06000,F,35~39,자영업,~199,300.0,100.0,2022,200.0
06000,F,35~39,정규직,200~299,4600.0,1100.0,2022,3500.0
06000,F,35~39,정규직,300~399,2800.0,400.0,2022,2400.0
06000,F,35~39,정규직,400~499,2100.0,400.0,2022,1700.0
06000,F,35~39,정규직,500~599,700.0,200.0,2022,500.0
06000,F,35~39,정규직,600~799,300.0,100.0,2022,200.0
06000,F,35~39,정규직,800+,100.0,100.0,2022,0.0
06000,F,35~39,정규직,~199,2800.0,600.0,2022,2200.0
06000,F,40~44,비정규직,200~299,1600.0,400.0,2022,1200.0
06000,F,40~44,비정규직,300~399,300.0,100.0,2022,200.0
06000,F,40~44,비정규직,~199,6800.0,700.0,2022,6100.0
06000,F,40~44,자영업,300~399,100.0,100.0,2022,0.0
06000,F,40~44,자영업,~199,400.0,100.0,2022,300.0
06000,F,40~44,정규직,200~299,4700.0,1000.0,2022,3700.0
06000,F,40~44,정규직,300~399,4500.0,900.0,2022,3600.0
06000,F,40~44,정규직,400~499,1900.0,500.0,2022,1400.0
06000,F,40~44,정규직,500~599,1100.0,200.0,2022,900.0
06000,F,40~44,정규직,600~799,1000.0,300.0,2022,700.0
06000,F,40~44,정규직,800+,100.0,0.0,2022,100.0
06000,F,40~44,정규직,~199,3200.0,1200.0,2022,2000.0
06000,M,25~29,비정규직,200~299,600.0,600.0,2022,0.0
06000,M,25~29,비정규직,~199,500.0,400.0,2022,100.0
06000,M,25~29,자영업,200~299,100.0,100.0,2022,0.0
06000,M,25~29,자영업,400~499,100.0,0.0,2022,100.0
06000,M,25~29,자영업,~199,100.0,100.0,2022,0.0
06000,M,25~29,정규직,200~299,6600.0,5700.0,2022,900.0
06000,M,25~29,정규직,300~399,4700.0,2700.0,2022,2000.0
06000,M,25~29,정규직,400~499,2600.0,1400.0,2022,1200.0
06000,M,25~29,정규직,500~599,800.0,300.0,2022,500.0
06000,M,25~29,정규직,600~799,100.0,100.0,2022,0.0
06000,M,25~29,정규직,800+,200.0,100.0,2022,100.0
06000,M,25~29,정규직,~199,1100.0,1000.0,2022,100.0
06000,M,30~34,비정규직,200~299,900.0,500.0,2022,400.0
06000,M,30~34,비정규직,300~399,300.0,300.0,2022,0.0
06000,M,30~34,비정규직,~199,1400.0,1300.0,2022,100.0
06000,M,30~34,자영업,200~299,100.0,0.0,2022,100.0
06000,M,30~34,자영업,300~399,100.0,100.0,2022,0.0
06000,M,30~34,자영업,800+,100.0,0.0,2022,100.0
06000,M,30~34,자영업,~199,200.0,200.0,2022,0.0
06000,M,30~34,정규직,200~299,3900.0,2800.0,2022,1100.0
06000,M,30~34,정규직,300~399,5500.0,2100.0,2022,3400.0
06000,M,30~34,정규직,400~499,3900.0,1600.0,2022,2300.0
06000,M,30~34,정규직,500~599,1500.0,200.0,2022,1300.0
06000,M,30~34,정규직,600~799,700.0,0.0,2022,700.0
06000,M,30~34,정규직,800+,300.0,100.0,2022,200.0
06000,M,30~34,정규직,~199,1100.0,900.0,2022,200.0
06000,M,35~39,비정규직,200~299,1000.0,700.0,2022,300.0
06000,M,35~39,비정규직,300~399,200.0,200.0,2022,0.0
06000,M,35~39,비정규직,400~499,100.0,100.0,2022,0.0
06000,M,35~39,비정규직,~199,800.0,700.0,2022,100.0
06000,M,35~39,자영업,200~299,500.0,200.0,2022,300.0
06000,M,35~39,자영업,300~399,300.0,0.0,2022,300.0
06000,M,35~39,자영업,~199,400.0,100.0,2022,300.0
06000,M,35~39,정규직,200~299,4300.0,2200.0,2022,2100.0
06000,M,35~39,정규직,300~399,5900.0,2000.0,2022,3900.0
06000,M,35~39,정규직,400~499,5100.0,900.0,2022,4200.0
06000,M,35~39,정규직,500~599,3000.0,300.0,2022,2700.0
06000,M,35~39,정규직,600~799,1400.0,500.0,2022,900.0
06000,M,35~39,정규직,800+,500.0,100.0,2022,400.0
06000,M,35~39,정규직,~199,900.0,800.0,2022,100.0
06000,M,40~44,비정규직,200~299,700.0,500.0,2022,200.0
06000,M,40~44,비정규직,300~399,300.0,0.0,2022,300.0
06000,M,40~44,비정규직,400~499,100.0,100.0,2022,0.0
06000,M,40~44,비정규직,~199,1200.0,900.0,2022,300.0
06000,M,40~44,자영업,200~299,1100.0,400.0,2022,700.0
06000,M,40~44,자영업,300~399,600.0,100.0,2022,500.0
06000,M,40~44,자영업,400~499,200.0,0.0,2022,200.0
06000,M,40~44,자영업,500~599,300.0,0.0,2022,300.0
06000,M,40~44,자영업,600~799,200.0,100.0,2022,100.0
06000,M,40~44,자영업,800+,100.0,0.0,2022,100.0
06000,M,40~44,자영업,~199,400.0,300.0,2022,100.0
06000,M,40~44,정규직,200~299,4200.0,1700.0,2022,2500.0
06000,M,40~44,정규직,300~399,5800.0,1500.0,2022,4300.0
06000,M,40~44,정규직,400~499,5700.0,1200.0,2022,4500.0
06000,M,40~44,정규직,500~599,3000.0,400.0,2022,2600.0
06000,M,40~44,정규직,600~799,3100.0,300.0,2022,2800.0
06000,M,40~44,정규직,800+,700.0,100.0,2022,600.0
06000,M,40~44,정규직,~199,700.0,400.0,2022,300.0
07000,F,25~29,비정규직,200~299,2600.0,700.0,2022,1900.0
07000,F,25~29,비정규직,300~399,100.0,0.0,2022,100.0
07000,F,25~29,비정규직,500~599,100.0,100.0,2022,0.0
07000,F,25~29,비정규직,~199,6600.0,3200.0,2022,3400.0
07000,F,25~29,자영업,~199,600.0,300.0,2022,300.0
07000,F,25~29,정규직,200~299,9200.0,6500.0,2022,2700.0
07000,F,25~29,정규직,300~399,4900.0,3900.0,2022,1000.0
07000,F,25~29,정규직,400~499,2200.0,1300.0,2022,900.0
07000,F,25~29,정규직,500~599,600.0,300.0,2022,300.0
07000,F,25~29,정규직,800+,100.0,100.0,2022,0.0
07000,F,25~29,정규직,~199,1500.0,900.0,2022,600.0
07000,F,30~34,비정규직,200~299,1700.0,500.0,2022,1200.0
07000,F,30~34,비정규직,300~399,300.0,100.0,2022,200.0
07000,F,30~34,비정규직,~199,8100.0,3100.0,2022,5000.0
07000,F,30~34,자영업,200~299,300.0,100.0,2022,200.0
07000,F,30~34,자영업,~199,600.0,600.0,2022,0.0
07000,F,30~34,정규직,200~299,6400.0,2800.0,2022,3600.0
07000,F,30~34,정규직,300~399,4700.0,2000.0,2022,2700.0
07000,F,30~34,정규직,400~499,2300.0,1300.0,2022,1000.0
07000,F,30~34,정규직,500~599,700.0,500.0,2022,200.0
07000,F,30~34,정규직,600~799,200.0,100.0,2022,100.0
07000,F,30~34,정규직,~199,3600.0,1000.0,2022,2600.0
07000,F,35~39,비정규직,200~299,2700.0,1300.0,2022,1400.0
07000,F,35~39,비정규직,300~399,200.0,0.0,2022,200.0
07000,F,35~39,비정규직,400~499,100.0,0.0,2022,100.0
07000,F,35~39,비정규직,~199,14200.0,2500.0,2022,11700.0
07000,F,35~39,자영업,200~299,200.0,0.0,2022,200.0
07000,F,35~39,자영업,~199,1300.0,200.0,2022,1100.0
07000,F,35~39,정규직,200~299,6400.0,2600.0,2022,3800.0
07000,F,35~39,정규직,300~399,4400.0,1300.0,2022,3100.0
07000,F,35~39,정규직,400~499,2200.0,1000.0,2022,1200.0
07000,F,35~39,정규직,500~599,400.0,0.0,2022,400.0
07000,F,35~39,정규직,600~799,400.0,200.0,2022,200.0
07000,F,35~39,정규직,~199,3200.0,600.0,2022,2600.0
07000,F,40~44,비정규직,200~299,3100.0,1000.0,2022,2100.0
07000,F,40~44,비정규직,300~399,500.0,0.0,2022,500.0
07000,F,40~44,비정규직,~199,12000.0,1800.0,2022,10200.0
07000,F,40~44,자영업,200~299,400.0,300.0,2022,100.0
07000,F,40~44,자영업,~199,1400.0,400.0,2022,1000.0
07000,F,40~44,정규직,200~299,6300.0,1900.0,2022,4400.0
07000,F,40~44,정규직,300~399,7100.0,1000.0,2022,6100.0
07000,F,40~44,정규직,400~499,3900.0,600.0,2022,3300.0
07000,F,40~44,정규직,500~599,2200.0,500.0,2022,1700.0
07000,F,40~44,정규직,600~799,900.0,100.0,2022,800.0
07000,F,40~44,정규직,800+,200.0,100.0,2022,100.0
07000,F,40~44,정규직,~199,3200.0,800.0,2022,2400.0
07000,M,25~29,비정규직,200~299,1000.0,1000.0,2022,0.0
07000,M,25~29,비정규직,300~399,800.0,800.0,2022,0.0
07000,M,25~29,비정규직,~199,2400.0,2100.0,2022,300.0
07000,M,25~29,자영업,200~299,100.0,0.0,2022,100.0
07000,M,25~29,자영업,300~399,100.0,100.0,2022,0.0
07000,M,25~29,자영업,400~499,100.0,0.0,2022,100.0
07000,M,25~29,자영업,800+,300.0,300.0,2022,0.0
07000,M,25~29,자영업,~199,300.0,300.0,2022,0.0
07000,M,25~29,정규직,200~299,8800.0,7000.0,2022,1800.0
07000,M,25~29,정규직,300~399,9000.0,6500.0,2022,2500.0
07000,M,25~29,정규직,400~499,5900.0,3800.0,2022,2100.0
07000,M,25~29,정규직,500~599,1900.0,1300.0,2022,600.0
07000,M,25~29,정규직,600~799,1000.0,600.0,2022,400.0
07000,M,25~29,정규직,800+,300.0,0.0,2022,300.0
07000,M,25~29,정규직,~199,1400.0,1200.0,2022,200.0
07000,M,30~34,비정규직,200~299,1000.0,600.0,2022,400.0
07000,M,30~34,비정규직,300~399,300.0,100.0,2022,200.0
07000,M,30~34,비정규직,400~499,100.0,0.0,2022,100.0
07000,M,30~34,비정규직,~199,2400.0,2300.0,2022,100.0
07000,M,30~34,자영업,200~299,200.0,100.0,2022,100.0
07000,M,30~34,자영업,300~399,100.0,100.0,2022,0.0
07000,M,30~34,자영업,400~499,200.0,100.0,2022,100.0
07000,M,30~34,자영업,~199,400.0,300.0,2022,100.0
07000,M,30~34,정규직,200~299,7100.0,4200.0,2022,2900.0
07000,M,30~34,정규직,300~399,9900.0,6200.0,2022,3700.0
07000,M,30~34,정규직,400~499,8300.0,3400.0,2022,4900.0
07000,M,30~34,정규직,500~599,3600.0,800.0,2022,2800.0
07000,M,30~34,정규직,600~799,2300.0,100.0,2022,2200.0
07000,M,30~34,정규직,800+,300.0,200.0,2022,100.0
07000,M,30~34,정규직,~199,1900.0,1500.0,2022,400.0
07000,M,35~39,비정규직,200~299,1200.0,800.0,2022,400.0
07000,M,35~39,비정규직,300~399,300.0,200.0,2022,100.0
07000,M,35~39,비정규직,~199,2500.0,2200.0,2022,300.0
07000,M,35~39,자영업,200~299,400.0,100.0,2022,300.0
07000,M,35~39,자영업,300~399,300.0,200.0,2022,100.0
07000,M,35~39,자영업,400~499,100.0,0.0,2022,100.0
07000,M,35~39,자영업,600~799,100.0,0.0,2022,100.0
07000,M,35~39,자영업,800+,200.0,0.0,2022,200.0
07000,M,35~39,자영업,~199,800.0,600.0,2022,200.0
07000,M,35~39,정규직,200~299,6000.0,4100.0,2022,1900.0
07000,M,35~39,정규직,300~399,10700.0,4700.0,2022,6000.0
07000,M,35~39,정규직,400~499,8800.0,2800.0,2022,6000.0
07000,M,35~39,정규직,500~599,5600.0,1500.0,2022,4100.0
07000,M,35~39,정규직,600~799,3200.0,100.0,2022,3100.0
07000,M,35~39,정규직,800+,1100.0,0.0,2022,1100.0
07000,M,35~39,정규직,~199,1400.0,1000.0,2022,400.0
07000,M,40~44,비정규직,200~299,1100.0,900.0,2022,200.0
07000,M,40~44,비정규직,300~399,700.0,600.0,2022,100.0
07000,M,40~44,비정규직,~199,1800.0,1200.0,2022,600.0
07000,M,40~44,자영업,200~299,600.0,100.0,2022,500.0
07000,M,40~44,자영업,300~399,400.0,100.0,2022,300.0
07000,M,40~44,자영업,400~499,200.0,0.0,2022,200.0
07000,M,40~44,자영업,500~599,200.0,0.0,2022,200.0
07000,M,40~44,자영업,600~799,100.0,0.0,2022,100.0
07000,M,40~44,자영업,800+,300.0,100.0,2022,200.0
07000,M,40~44,자영업,~199,1400.0,600.0,2022,800.0
07000,M,40~44,정규직,200~299,6100.0,2500.0,2022,3600.0
07000,M,40~44,정규직,300~399,8700.0,2400.0,2022,6300.0
07000,M,40~44,정규직,400~499,9100.0,2100.0,2022,7000.0
07000,M,40~44,정규직,500~599,6100.0,1400.0,2022,4700.0
07000,M,40~44,정규직,600~799,7400.0,600.0,2022,6800.0
07000,M,40~44,정규직,800+,2000.0,0.0,2022,2000.0
07000,M,40~44,정규직,~199,1800.0,1300.0,2022,500.0
08000,F,25~29,비정규직,200~299,5100.0,4200.0,2022,900.0
08000,F,25~29,비정규직,300~399,600.0,600.0,2022,0.0
08000,F,25~29,비정규직,~199,8400.0,4500.0,2022,3900.0
08000,F,25~29,자영업,300~399,200.0,0.0,2022,200.0
08000,F,25~29,자영업,500~599,200.0,200.0,2022,0.0
08000,F,25~29,자영업,~199,200.0,200.0,2022,0.0
08000,F,25~29,정규직,200~299,13900.0,10400.0,2022,3500.0
08000,F,25~29,정규직,300~399,12400.0,8400.0,2022,4000.0
08000,F,25~29,정규직,400~499,3100.0,2400.0,2022,700.0
08000,F,25~29,정규직,500~599,1600.0,1300.0,2022,300.0
08000,F,25~29,정규직,600~799,300.0,300.0,2022,0.0
08000,F,25~29,정규직,~199,3600.0,2200.0,2022,1400.0
08000,F,30~34,비정규직,200~299,3800.0,2200.0,2022,1600.0
08000,F,30~34,비정규직,300~399,300.0,100.0,2022,200.0
08000,F,30~34,비정규직,400~499,600.0,100.0,2022,500.0
08000,F,30~34,비정규직,~199,12900.0,2900.0,2022,10000.0
08000,F,30~34,자영업,200~299,400.0,300.0,2022,100.0
08000,F,30~34,자영업,300~399,100.0,0.0,2022,100.0
08000,F,30~34,자영업,~199,200.0,0.0,2022,200.0
08000,F,30~34,정규직,200~299,11700.0,4400.0,2022,7300.0
08000,F,30~34,정규직,300~399,8600.0,4400.0,2022,4200.0
08000,F,30~34,정규직,400~499,5600.0,2800.0,2022,2800.0
08000,F,30~34,정규직,500~599,2200.0,100.0,2022,2100.0
08000,F,30~34,정규직,600~799,600.0,100.0,2022,500.0
08000,F,30~34,정규직,800+,400.0,0.0,2022,400.0
08000,F,30~34,정규직,~199,3200.0,1600.0,2022,1600.0
08000,F,35~39,비정규직,200~299,6300.0,1700.0,2022,4600.0
08000,F,35~39,비정규직,300~399,900.0,300.0,2022,600.0
08000,F,35~39,비정규직,400~499,100.0,0.0,2022,100.0
08000,F,35~39,비정규직,~199,22700.0,3600.0,2022,19100.0
08000,F,35~39,자영업,200~299,300.0,300.0,2022,0.0
08000,F,35~39,자영업,800+,100.0,100.0,2022,0.0
08000,F,35~39,자영업,~199,1600.0,300.0,2022,1300.0
08000,F,35~39,정규직,200~299,8200.0,3100.0,2022,5100.0
08000,F,35~39,정규직,300~399,5900.0,1800.0,2022,4100.0
08000,F,35~39,정규직,400~499,4900.0,1800.0,2022,3100.0
08000,F,35~39,정규직,500~599,2100.0,500.0,2022,1600.0
08000,F,35~39,정규직,600~799,1500.0,500.0,2022,1000.0
08000,F,35~39,정규직,~199,2300.0,1000.0,2022,1300.0
08000,F,40~44,비정규직,200~299,5400.0,1300.0,2022,4100.0
08000,F,40~44,비정규직,300~399,1400.0,600.0,2022,800.0
08000,F,40~44,비정규직,400~499,500.0,400.0,2022,100.0
08000,F,40~44,비정규직,~199,25400.0,2600.0,2022,22800.0
08000,F,40~44,자영업,200~299,500.0,300.0,2022,200.0
08000,F,40~44,자영업,300~399,300.0,100.0,2022,200.0
08000,F,40~44,자영업,~199,1200.0,0.0,2022,1200.0
08000,F,40~44,정규직,200~299,8800.0,2000.0,2022,6800.0
08000,F,40~44,정규직,300~399,8900.0,1200.0,2022,7700.0
08000,F,40~44,정규직,400~499,4300.0,1100.0,2022,3200.0
08000,F,40~44,정규직,500~599,2800.0,900.0,2022,1900.0
08000,F,40~44,정규직,600~799,2400.0,600.0,2022,1800.0
08000,F,40~44,정규직,800+,600.0,200.0,2022,400.0
08000,F,40~44,정규직,~199,3300.0,100.0,2022,3200.0
08000,M,25~29,비정규직,200~299,3700.0,3300.0,2022,400.0
08000,M,25~29,비정규직,300~399,2500.0,2100.0,2022,400.0
08000,M,25~29,비정규직,400~499,600.0,400.0,2022,200.0
08000,M,25~29,비정규직,500~599,100.0,100.0,2022,0.0
08000,M,25~29,비정규직,800+,200.0,0.0,2022,200.0
08000,M,25~29,비정규직,~199,4900.0,4500.0,2022,400.0
08000,M,25~29,자영업,300~399,100.0,100.0,2022,0.0
08000,M,25~29,자영업,400~499,100.0,0.0,2022,100.0
08000,M,25~29,자영업,~199,200.0,0.0,2022,200.0
08000,M,25~29,정규직,200~299,11600.0,10000.0,2022,1600.0
08000,M,25~29,정규직,300~399,19000.0,14800.0,2022,4200.0
08000,M,25~29,정규직,400~499,10700.0,7000.0,2022,3700.0
08000,M,25~29,정규직,500~599,4000.0,2300.0,2022,1700.0
08000,M,25~29,정규직,600~799,2300.0,1800.0,2022,500.0
08000,M,25~29,정규직,800+,400.0,0.0,2022,400.0
08000,M,25~29,정규직,~199,1200.0,900.0,2022,300.0
08000,M,30~34,비정규직,200~299,1700.0,1000.0,2022,700.0
08000,M,30~34,비정규직,300~399,1400.0,1200.0,2022,200.0
08000,M,30~34,비정규직,400~499,100.0,0.0,2022,100.0
08000,M,30~34,비정규직,800+,200.0,0.0,2022,200.0
08000,M,30~34,비정규직,~199,3400.0,3300.0,2022,100.0
08000,M,30~34,자영업,200~299,400.0,100.0,2022,300.0
08000,M,30~34,자영업,300~399,700.0,400.0,2022,300.0
08000,M,30~34,자영업,500~599,100.0,0.0,2022,100.0
08000,M,30~34,자영업,600~799,400.0,100.0,2022,300.0
08000,M,30~34,자영업,800+,100.0,0.0,2022,100.0
08000,M,30~34,자영업,~199,100.0,0.0,2022,100.0
08000,M,30~34,정규직,200~299,8300.0,5600.0,2022,2700.0
08000,M,30~34,정규직,300~399,16000.0,9100.0,2022,6900.0
08000,M,30~34,정규직,400~499,12700.0,5200.0,2022,7500.0
08000,M,30~34,정규직,500~599,9300.0,2800.0,2022,6500.0
08000,M,30~34,정규직,600~799,5900.0,1200.0,2022,4700.0
08000,M,30~34,정규직,800+,1500.0,600.0,2022,900.0
08000,M,30~34,정규직,~199,1500.0,1300.0,2022,200.0
08000,M,35~39,비정규직,200~299,2300.0,1800.0,2022,500.0
08000,M,35~39,비정규직,300~399,1100.0,900.0,2022,200.0
08000,M,35~39,비정규직,400~499,700.0,300.0,2022,400.0
08000,M,35~39,비정규직,600~799,200.0,0.0,2022,200.0
08000,M,35~39,비정규직,~199,2200.0,2100.0,2022,100.0
08000,M,35~39,자영업,200~299,300.0,0.0,2022,300.0
08000,M,35~39,자영업,300~399,400.0,200.0,2022,200.0
08000,M,35~39,자영업,400~499,400.0,100.0,2022,300.0
08000,M,35~39,자영업,500~599,100.0,0.0,2022,100.0
08000,M,35~39,자영업,600~799,400.0,200.0,2022,200.0
08000,M,35~39,자영업,800+,400.0,0.0,2022,400.0
08000,M,35~39,자영업,~199,1100.0,400.0,2022,700.0
08000,M,35~39,정규직,200~299,6100.0,2500.0,2022,3600.0
08000,M,35~39,정규직,300~399,14300.0,5900.0,2022,8400.0
08000,M,35~39,정규직,400~499,15600.0,4700.0,2022,10900.0
08000,M,35~39,정규직,500~599,13000.0,3100.0,2022,9900.0
08000,M,35~39,정규직,600~799,10500.0,2400.0,2022,8100.0
08000,M,35~39,정규직,800+,4900.0,900.0,2022,4000.0
08000,M,35~39,정규직,~199,900.0,900.0,2022,0.0
08000,M,40~44,비정규직,200~299,2000.0,1500.0,2022,500.0
08000,M,40~44,비정규직,300~399,1800.0,1100.0,2022,700.0
08000,M,40~44,비정규직,600~799,100.0,0.0,2022,100.0
08000,M,40~44,비정규직,800+,200.0,0.0,2022,200.0
08000,M,40~44,비정규직,~199,3900.0,3200.0,2022,700.0
08000,M,40~44,자영업,200~299,1100.0,0.0,2022,1100.0
08000,M,40~44,자영업,300~399,600.0,200.0,2022,400.0
08000,M,40~44,자영업,400~499,1300.0,0.0,2022,1300.0
08000,M,40~44,자영업,500~599,400.0,0.0,2022,400.0
08000,M,40~44,자영업,600~799,600.0,0.0,2022,600.0
08000,M,40~44,자영업,800+,1000.0,0.0,2022,1000.0
08000,M,40~44,자영업,~199,1700.0,1000.0,2022,700.0
08000,M,40~44,정규직,200~299,6100.0,4500.0,2022,1600.0
08000,M,40~44,정규직,300~399,10200.0,3000.0,2022,7200.0
08000,M,40~44,정규직,400~499,15600.0,5000.0,2022,10600.0
08000,M,40~44,정규직,500~599,10600.0,1900.0,2022,8700.0
08000,M,40~44,정규직,600~799,14700.0,1800.0,2022,12900.0
08000,M,40~44,정규직,800+,7900.0,200.0,2022,7700.0
08000,M,40~44,정규직,~199,1300.0,400.0,2022,900.0
09000,F,25~29,비정규직,200~299,2100.0,1400.0,2022,700.0
09000,F,25~29,비정규직,300~399,400.0,300.0,2022,100.0
09000,F,25~29,비정규직,~199,7600.0,3800.0,2022,3800.0
09000,F,25~29,자영업,200~299,200.0,0.0,2022,200.0
09000,F,25~29,자영업,300~399,100.0,100.0,2022,0.0
09000,F,25~29,정규직,200~299,9400.0,7400.0,2022,2000.0
09000,F,25~29,정규직,300~399,8100.0,6100.0,2022,2000.0
09000,F,25~29,정규직,400~499,3900.0,2400.0,2022,1500.0
09000,F,25~29,정규직,500~599,200.0,200.0,2022,0.0
09000,F,25~29,정규직,600~799,100.0,100.0,2022,0.0
09000,F,25~29,정규직,~199,1100.0,600.0,2022,500.0
09000,F,30~34,비정규직,200~299,2000.0,1300.0,2022,700.0
09000,F,30~34,비정규직,300~399,800.0,400.0,2022,400.0
09000,F,30~34,비정규직,400~499,200.0,0.0,2022,200.0
09000,F,30~34,비정규직,~199,10400.0,3100.0,2022,7300.0
09000,F,30~34,자영업,200~299,200.0,100.0,2022,100.0
09000,F,30~34,자영업,400~499,100.0,100.0,2022,0.0
09000,F,30~34,자영업,800+,200.0,200.0,2022,0.0
09000,F,30~34,자영업,~199,500.0,300.0,2022,200.0
09000,F,30~34,정규직,200~299,7200.0,3100.0,2022,4100.0
09000,F,30~34,정규직,300~399,5800.0,2700.0,2022,3100.0
09000,F,30~34,정규직,400~499,2800.0,1600.0,2022,1200.0
09000,F,30~34,정규직,500~599,1100.0,500.0,2022,600.0
09000,F,30~34,정규직,600~799,600.0,0.0,2022,600.0
09000,F,30~34,정규직,800+,500.0,300.0,2022,200.0
09000,F,30~34,정규직,~199,2400.0,1000.0,2022,1400.0
09000,F,35~39,비정규직,200~299,3300.0,1400.0,2022,1900.0
09000,F,35~39,비정규직,300~399,400.0,0.0,2022,400.0
09000,F,35~39,비정규직,600~799,100.0,0.0,2022,100.0
09000,F,35~39,비정규직,~199,15600.0,2800.0,2022,12800.0
09000,F,35~39,자영업,200~299,300.0,0.0,2022,300.0
09000,F,35~39,자영업,300~399,100.0,0.0,2022,100.0
09000,F,35~39,자영업,~199,1200.0,200.0,2022,1000.0
09000,F,35~39,정규직,200~299,5500.0,1900.0,2022,3600.0
09000,F,35~39,정규직,300~399,5900.0,1400.0,2022,4500.0
09000,F,35~39,정규직,400~499,3400.0,2000.0,2022,1400.0
09000,F,35~39,정규직,500~599,600.0,0.0,2022,600.0
09000,F,35~39,정규직,600~799,1000.0,100.0,2022,900.0
09000,F,35~39,정규직,800+,300.0,0.0,2022,300.0
09000,F,35~39,정규직,~199,2200.0,400.0,2022,1800.0
09000,F,40~44,비정규직,200~299,5000.0,1700.0,2022,3300.0
09000,F,40~44,비정규직,300~399,900.0,300.0,2022,600.0
09000,F,40~44,비정규직,400~499,300.0,0.0,2022,300.0
09000,F,40~44,비정규직,~199,18800.0,2000.0,2022,16800.0
09000,F,40~44,자영업,200~299,100.0,0.0,2022,100.0
09000,F,40~44,자영업,400~499,100.0,0.0,2022,100.0
09000,F,40~44,자영업,800+,100.0,0.0,2022,100.0
09000,F,40~44,자영업,~199,700.0,100.0,2022,600.0
09000,F,40~44,정규직,200~299,6100.0,2200.0,2022,3900.0
09000,F,40~44,정규직,300~399,4300.0,900.0,2022,3400.0
09000,F,40~44,정규직,400~499,3700.0,800.0,2022,2900.0
09000,F,40~44,정규직,500~599,1400.0,200.0,2022,1200.0
09000,F,40~44,정규직,600~799,1700.0,500.0,2022,1200.0
09000,F,40~44,정규직,800+,300.0,0.0,2022,300.0
09000,F,40~44,정규직,~199,2300.0,500.0,2022,1800.0
09000,M,25~29,비정규직,200~299,1900.0,1700.0,2022,200.0
09000,M,25~29,비정규직,300~399,1100.0,700.0,2022,400.0
09000,M,25~29,비정규직,400~499,300.0,100.0,2022,200.0
09000,M,25~29,비정규직,~199,2400.0,2400.0,2022,0.0
09000,M,25~29,자영업,200~299,300.0,100.0,2022,200.0
09000,M,25~29,자영업,~199,400.0,400.0,2022,0.0
09000,M,25~29,정규직,200~299,8400.0,7600.0,2022,800.0
09000,M,25~29,정규직,300~399,13200.0,10000.0,2022,3200.0
09000,M,25~29,정규직,400~499,9300.0,6300.0,2022,3000.0
09000,M,25~29,정규직,500~599,4000.0,2600.0,2022,1400.0
09000,M,25~29,정규직,600~799,700.0,200.0,2022,500.0
09000,M,25~29,정규직,~199,900.0,900.0,2022,0.0
09000,M,30~34,비정규직,200~299,1200.0,1200.0,2022,0.0
09000,M,30~34,비정규직,300~399,400.0,300.0,2022,100.0
09000,M,30~34,비정규직,400~499,200.0,200.0,2022,0.0
09000,M,30~34,비정규직,500~599,200.0,0.0,2022,200.0
09000,M,30~34,비정규직,~199,1200.0,1100.0,2022,100.0
09000,M,30~34,자영업,200~299,200.0,200.0,2022,0.0
09000,M,30~34,자영업,400~499,100.0,100.0,2022,0.0
09000,M,30~34,자영업,500~599,200.0,100.0,2022,100.0
09000,M,30~34,자영업,800+,300.0,0.0,2022,300.0
09000,M,30~34,자영업,~199,600.0,500.0,2022,100.0
09000,M,30~34,정규직,200~299,7100.0,3500.0,2022,3600.0
09000,M,30~34,정규직,300~399,9600.0,6000.0,2022,3600.0
09000,M,30~34,정규직,400~499,10100.0,4100.0,2022,6000.0
09000,M,30~34,정규직,500~599,8500.0,1900.0,2022,6600.0
09000,M,30~34,정규직,600~799,4400.0,1800.0,2022,2600.0
09000,M,30~34,정규직,800+,300.0,0.0,2022,300.0
09000,M,30~34,정규직,~199,500.0,500.0,2022,0.0
09000,M,35~39,비정규직,200~299,1700.0,1700.0,2022,0.0
09000,M,35~39,비정규직,300~399,500.0,200.0,2022,300.0
09000,M,35~39,비정규직,400~499,200.0,100.0,2022,100.0
09000,M,35~39,비정규직,600~799,100.0,0.0,2022,100.0
09000,M,35~39,비정규직,~199,1500.0,1200.0,2022,300.0
09000,M,35~39,자영업,200~299,400.0,400.0,2022,0.0
09000,M,35~39,자영업,400~499,200.0,0.0,2022,200.0
09000,M,35~39,자영업,500~599,100.0,0.0,2022,100.0
09000,M,35~39,자영업,600~799,100.0,0.0,2022,100.0
09000,M,35~39,자영업,800+,600.0,0.0,2022,600.0
09000,M,35~39,자영업,~199,700.0,400.0,2022,300.0
09000,M,35~39,정규직,200~299,5900.0,3800.0,2022,2100.0
09000,M,35~39,정규직,300~399,10700.0,4300.0,2022,6400.0
09000,M,35~39,정규직,400~499,10200.0,3500.0,2022,6700.0
09000,M,35~39,정규직,500~599,8200.0,1600.0,2022,6600.0
09000,M,35~39,정규직,600~799,7500.0,1100.0,2022,6400.0
09000,M,35~39,정규직,800+,2900.0,600.0,2022,2300.0
09000,M,35~39,정규직,~199,600.0,400.0,2022,200.0
09000,M,40~44,비정규직,200~299,2400.0,1600.0,2022,800.0
09000,M,40~44,비정규직,300~399,500.0,200.0,2022,300.0
09000,M,40~44,비정규직,400~499,300.0,0.0,2022,300.0
09000,M,40~44,비정규직,~199,2300.0,2000.0,2022,300.0
09000,M,40~44,자영업,200~299,500.0,200.0,2022,300.0
09000,M,40~44,자영업,300~399,1400.0,100.0,2022,1300.0
09000,M,40~44,자영업,400~499,300.0,100.0,2022,200.0
09000,M,40~44,자영업,500~599,200.0,0.0,2022,200.0
09000,M,40~44,자영업,600~799,200.0,100.0,2022,100.0
09000,M,40~44,자영업,800+,200.0,0.0,2022,200.0
09000,M,40~44,자영업,~199,900.0,500.0,2022,400.0
09000,M,40~44,정규직,200~299,4000.0,2600.0,2022,1400.0
09000,M,40~44,정규직,300~399,7100.0,3200.0,2022,3900.0
09000,M,40~44,정규직,400~499,11100.0,2600.0,2022,8500.0
09000,M,40~44,정규직,500~599,7500.0,800.0,2022,6700.0
09000,M,40~44,정규직,600~799,11200.0,700.0,2022,10500.0
09000,M,40~44,정규직,800+,4900.0,400.0,2022,4500.0
09000,M,40~44,정규직,~199,1000.0,600.0,2022,400.0
10000,F,25~29,비정규직,200~299,2700.0,1600.0,2022,1100.0
10000,F,25~29,비정규직,300~399,400.0,200.0,2022,200.0
10000,F,25~29,비정규직,400~499,100.0,100.0,2022,0.0
10000,F,25~29,비정규직,~199,6500.0,3700.0,2022,2800.0
10000,F,25~29,자영업,~199,300.0,0.0,2022,300.0
10000,F,25~29,정규직,200~299,7500.0,5400.0,2022,2100.0
10000,F,25~29,정규직,300~399,10900.0,8500.0,2022,2400.0
10000,F,25~29,정규직,400~499,1300.0,600.0,2022,700.0
10000,F,25~29,정규직,500~599,600.0,400.0,2022,200.0
10000,F,25~29,정규직,800+,100.0,100.0,2022,0.0
10000,F,25~29,정규직,~199,3400.0,2400.0,2022,1000.0
10000,F,30~34,비정규직,200~299,2000.0,1300.0,2022,700.0
10000,F,30~34,비정규직,300~399,400.0,100.0,2022,300.0
10000,F,30~34,비정규직,~199,10400.0,2400.0,2022,8000.0
10000,F,30~34,자영업,300~399,100.0,100.0,2022,0.0
10000,F,30~34,자영업,~199,700.0,100.0,2022,600.0
10000,F,30~34,정규직,200~299,6800.0,3600.0,2022,3200.0
10000,F,30~34,정규직,300~399,5200.0,3000.0,2022,2200.0
10000,F,30~34,정규직,400~499,3500.0,1300.0,2022,2200.0
10000,F,30~34,정규직,500~599,1600.0,300.0,2022,1300.0
10000,F,30~34,정규직,600~799,400.0,200.0,2022,200.0
10000,F,30~34,정규직,800+,100.0,0.0,2022,100.0
10000,F,30~34,정규직,~199,2100.0,1300.0,2022,800.0
10000,F,35~39,비정규직,200~299,3200.0,1200.0,2022,2000.0
10000,F,35~39,비정규직,300~399,200.0,0.0,2022,200.0
10000,F,35~39,비정규직,400~499,300.0,200.0,2022,100.0
10000,F,35~39,비정규직,~199,13600.0,2200.0,2022,11400.0
10000,F,35~39,자영업,200~299,400.0,0.0,2022,400.0
10000,F,35~39,자영업,~199,1300.0,300.0,2022,1000.0
10000,F,35~39,정규직,200~299,4300.0,1100.0,2022,3200.0
10000,F,35~39,정규직,300~399,7300.0,2900.0,2022,4400.0
10000,F,35~39,정규직,400~499,4100.0,900.0,2022,3200.0
10000,F,35~39,정규직,500~599,1000.0,400.0,2022,600.0
10000,F,35~39,정규직,600~799,900.0,400.0,2022,500.0
10000,F,35~39,정규직,~199,2700.0,1000.0,2022,1700.0
10000,F,40~44,비정규직,200~299,2900.0,800.0,2022,2100.0
10000,F,40~44,비정규직,300~399,400.0,100.0,2022,300.0
10000,F,40~44,비정규직,~199,18400.0,1900.0,2022,16500.0
10000,F,40~44,자영업,200~299,100.0,100.0,2022,0.0
10000,F,40~44,자영업,600~799,100.0,0.0,2022,100.0
10000,F,40~44,자영업,~199,1500.0,300.0,2022,1200.0
10000,F,40~44,정규직,200~299,5800.0,1600.0,2022,4200.0
10000,F,40~44,정규직,300~399,4800.0,1400.0,2022,3400.0
10000,F,40~44,정규직,400~499,3100.0,700.0,2022,2400.0
10000,F,40~44,정규직,500~599,2700.0,500.0,2022,2200.0
10000,F,40~44,정규직,600~799,900.0,500.0,2022,400.0
10000,F,40~44,정규직,800+,400.0,0.0,2022,400.0
10000,F,40~44,정규직,~199,1900.0,500.0,2022,1400.0
10000,M,25~29,비정규직,200~299,3200.0,2900.0,2022,300.0
10000,M,25~29,비정규직,300~399,1000.0,700.0,2022,300.0
10000,M,25~29,비정규직,400~499,200.0,200.0,2022,0.0
10000,M,25~29,비정규직,800+,100.0,100.0,2022,0.0
10000,M,25~29,비정규직,~199,3200.0,3000.0,2022,200.0
10000,M,25~29,자영업,300~399,300.0,200.0,2022,100.0
10000,M,25~29,자영업,600~799,200.0,100.0,2022,100.0
10000,M,25~29,자영업,800+,500.0,500.0,2022,0.0
10000,M,25~29,자영업,~199,400.0,300.0,2022,100.0
10000,M,25~29,정규직,200~299,8500.0,7300.0,2022,1200.0
10000,M,25~29,정규직,300~399,12600.0,9200.0,2022,3400.0
10000,M,25~29,정규직,400~499,8100.0,3900.0,2022,4200.0
10000,M,25~29,정규직,500~599,1900.0,1000.0,2022,900.0
10000,M,25~29,정규직,600~799,1600.0,1000.0,2022,600.0
10000,M,25~29,정규직,800+,100.0,0.0,2022,100.0
10000,M,25~29,정규직,~199,1600.0,1300.0,2022,300.0
10000,M,30~34,비정규직,200~299,2800.0,2400.0,2022,400.0
10000,M,30~34,비정규직,300~399,500.0,500.0,2022,0.0
10000,M,30~34,비정규직,400~499,300.0,300.0,2022,0.0
10000,M,30~34,비정규직,500~599,200.0,200.0,2022,0.0
10000,M,30~34,비정규직,600~799,100.0,0.0,2022,100.0
10000,M,30~34,비정규직,800+,100.0,0.0,2022,100.0
10000,M,30~34,비정규직,~199,2100.0,1400.0,2022,700.0
10000,M,30~34,자영업,200~299,500.0,200.0,2022,300.0
10000,M,30~34,자영업,300~399,400.0,100.0,2022,300.0
10000,M,30~34,자영업,500~599,100.0,0.0,2022,100.0
10000,M,30~34,자영업,600~799,100.0,0.0,2022,100.0
10000,M,30~34,자영업,800+,100.0,100.0,2022,0.0
10000,M,30~34,자영업,~199,500.0,400.0,2022,100.0
10000,M,30~34,정규직,200~299,5000.0,3500.0,2022,1500.0
10000,M,30~34,정규직,300~399,11500.0,6500.0,2022,5000.0
10000,M,30~34,정규직,400~499,9400.0,3700.0,2022,5700.0
10000,M,30~34,정규직,500~599,6800.0,1600.0,2022,5200.0
10000,M,30~34,정규직,600~799,2800.0,800.0,2022,2000.0
10000,M,30~34,정규직,800+,200.0,200.0,2022,0.0
10000,M,30~34,정규직,~199,900.0,700.0,2022,200.0
10000,M,35~39,비정규직,200~299,2200.0,1300.0,2022,900.0
10000,M,35~39,비정규직,300~399,1100.0,600.0,2022,500.0
10000,M,35~39,비정규직,400~499,200.0,100.0,2022,100.0
10000,M,35~39,비정규직,500~599,100.0,0.0,2022,100.0
10000,M,35~39,비정규직,~199,2500.0,2000.0,2022,500.0
10000,M,35~39,자영업,200~299,500.0,200.0,2022,300.0
10000,M,35~39,자영업,300~399,200.0,100.0,2022,100.0
10000,M,35~39,자영업,400~499,300.0,100.0,2022,200.0
10000,M,35~39,자영업,500~599,200.0,0.0,2022,200.0
10000,M,35~39,자영업,600~799,200.0,0.0,2022,200.0
10000,M,35~39,자영업,~199,1000.0,700.0,2022,300.0
10000,M,35~39,정규직,200~299,4700.0,3400.0,2022,1300.0
10000,M,35~39,정규직,300~399,8600.0,3900.0,2022,4700.0
10000,M,35~39,정규직,400~499,8600.0,2300.0,2022,6300.0
10000,M,35~39,정규직,500~599,8500.0,1800.0,2022,6700.0
10000,M,35~39,정규직,600~799,5000.0,600.0,2022,4400.0
10000,M,35~39,정규직,800+,1600.0,0.0,2022,1600.0
10000,M,35~39,정규직,~199,900.0,700.0,2022,200.0
10000,M,40~44,비정규직,200~299,1000.0,500.0,2022,500.0
10000,M,40~44,비정규직,300~399,800.0,400.0,2022,400.0
10000,M,40~44,비정규직,400~499,200.0,100.0,2022,100.0
10000,M,40~44,비정규직,~199,1400.0,1300.0,2022,100.0
10000,M,40~44,자영업,200~299,500.0,200.0,2022,300.0
10000,M,40~44,자영업,300~399,1100.0,300.0,2022,800.0
10000,M,40~44,자영업,400~499,900.0,200.0,2022,700.0
10000,M,40~44,자영업,500~599,200.0,0.0,2022,200.0
10000,M,40~44,자영업,800+,200.0,0.0,2022,200.0
10000,M,40~44,자영업,~199,1400.0,500.0,2022,900.0
10000,M,40~44,정규직,200~299,3500.0,1900.0,2022,1600.0
10000,M,40~44,정규직,300~399,8600.0,4300.0,2022,4300.0
10000,M,40~44,정규직,400~499,10300.0,2200.0,2022,8100.0
10000,M,40~44,정규직,500~599,8800.0,1300.0,2022,7500.0
10000,M,40~44,정규직,600~799,10900.0,1800.0,2022,9100.0
10000,M,40~44,정규직,800+,3300.0,300.0,2022,3000.0
10000,M,40~44,정규직,~199,500.0,400.0,2022,100.0
11000,F,25~29,비정규직,200~299,14600.0,12200.0,2022,2400.0
11000,F,25~29,비정규직,300~399,1200.0,700.0,2022,500.0
11000,F,25~29,비정규직,400~499,600.0,600.0,2022,0.0
11000,F,25~29,비정규직,500~599,1200.0,1200.0,2022,0.0
11000,F,25~29,비정규직,600~799,600.0,600.0,2022,0.0
11000,F,25~29,비정규직,~199,24200.0,15700.0,2022,8500.0
11000,F,25~29,자영업,200~299,200.0,200.0,2022,0.0
11000,F,25~29,자영업,300~399,1400.0,1400.0,2022,0.0
11000,F,25~29,자영업,400~499,300.0,300.0,2022,0.0
11000,F,25~29,자영업,500~599,400.0,0.0,2022,400.0
11000,F,25~29,자영업,~199,2100.0,1200.0,2022,900.0
11000,F,25~29,정규직,200~299,37800.0,29400.0,2022,8400.0
11000,F,25~29,정규직,300~399,40300.0,31900.0,2022,8400.0
11000,F,25~29,정규직,400~499,23100.0,16000.0,2022,7100.0
11000,F,25~29,정규직,500~599,6900.0,3900.0,2022,3000.0
11000,F,25~29,정규직,600~799,1400.0,700.0,2022,700.0
11000,F,25~29,정규직,~199,4400.0,3100.0,2022,1300.0
11000,F,30~34,비정규직,200~299,15000.0,8000.0,2022,7000.0
11000,F,30~34,비정규직,300~399,2400.0,900.0,2022,1500.0
11000,F,30~34,비정규직,400~499,1700.0,1400.0,2022,300.0
11000,F,30~34,비정규직,500~599,300.0,300.0,2022,0.0
11000,F,30~34,비정규직,~199,35800.0,11700.0,2022,24100.0
11000,F,30~34,자영업,500~599,300.0,300.0,2022,0.0
11000,F,30~34,자영업,~199,3800.0,1800.0,2022,2000.0
11000,F,30~34,정규직,200~299,21200.0,8500.0,2022,12700.0
11000,F,30~34,정규직,300~399,23500.0,9300.0,2022,14200.0
11000,F,30~34,정규직,400~499,17000.0,8700.0,2022,8300.0
11000,F,30~34,정규직,500~599,11500.0,5900.0,2022,5600.0
11000,F,30~34,정규직,600~799,2000.0,700.0,2022,1300.0
11000,F,30~34,정규직,~199,6000.0,600.0,2022,5400.0
11000,F,35~39,비정규직,200~299,15000.0,4400.0,2022,10600.0
11000,F,35~39,비정규직,300~399,2400.0,600.0,2022,1800.0
11000,F,35~39,비정규직,400~499,300.0,300.0,2022,0.0
11000,F,35~39,비정규직,~199,46100.0,6400.0,2022,39700.0
11000,F,35~39,자영업,200~299,600.0,400.0,2022,200.0
11000,F,35~39,자영업,300~399,1100.0,300.0,2022,800.0
11000,F,35~39,자영업,400~499,500.0,0.0,2022,500.0
11000,F,35~39,자영업,600~799,200.0,200.0,2022,0.0
11000,F,35~39,자영업,800+,1100.0,1100.0,2022,0.0
11000,F,35~39,자영업,~199,4100.0,800.0,2022,3300.0
11000,F,35~39,정규직,200~299,20200.0,7100.0,2022,13100.0
11000,F,35~39,정규직,300~399,20100.0,7700.0,2022,12400.0
11000,F,35~39,정규직,400~499,16300.0,7900.0,2022,8400.0
11000,F,35~39,정규직,500~599,8500.0,3200.0,2022,5300.0
11000,F,35~39,정규직,600~799,5900.0,1900.0,2022,4000.0
11000,F,35~39,정규직,800+,600.0,0.0,2022,600.0
11000,F,35~39,정규직,~199,4700.0,400.0,2022,4300.0
11000,F,40~44,비정규직,200~299,15300.0,5400.0,2022,9900.0
11000,F,40~44,비정규직,300~399,3100.0,1600.0,2022,1500.0
11000,F,40~44,비정규직,400~499,500.0,500.0,2022,0.0
11000,F,40~44,비정규직,500~599,200.0,0.0,2022,200.0
11000,F,40~44,비정규직,~199,72900.0,8200.0,2022,64700.0
11000,F,40~44,자영업,200~299,600.0,0.0,2022,600.0
11000,F,40~44,자영업,300~399,600.0,0.0,2022,600.0
11000,F,40~44,자영업,500~599,300.0,0.0,2022,300.0
11000,F,40~44,자영업,~199,4400.0,800.0,2022,3600.0
11000,F,40~44,정규직,200~299,17000.0,5100.0,2022,11900.0
11000,F,40~44,정규직,300~399,17400.0,6900.0,2022,10500.0
11000,F,40~44,정규직,400~499,12700.0,3500.0,2022,9200.0
11000,F,40~44,정규직,500~599,8200.0,2600.0,2022,5600.0
11000,F,40~44,정규직,600~799,9700.0,3500.0,2022,6200.0
11000,F,40~44,정규직,800+,1800.0,200.0,2022,1600.0
11000,F,40~44,정규직,~199,4800.0,0.0,2022,4800.0
11000,M,25~29,비정규직,200~299,6900.0,6600.0,2022,300.0
11000,M,25~29,비정규직,300~399,3500.0,3000.0,2022,500.0
11000,M,25~29,비정규직,400~499,1100.0,1100.0,2022,0.0
11000,M,25~29,비정규직,~199,12200.0,11500.0,2022,700.0
11000,M,25~29,자영업,200~299,600.0,600.0,2022,0.0
11000,M,25~29,자영업,300~399,600.0,600.0,2022,0.0
11000,M,25~29,자영업,400~499,600.0,600.0,2022,0.0
11000,M,25~29,자영업,800+,300.0,300.0,2022,0.0
11000,M,25~29,자영업,~199,900.0,900.0,2022,0.0
11000,M,25~29,정규직,200~299,23900.0,22500.0,2022,1400.0
11000,M,25~29,정규직,300~399,51100.0,41500.0,2022,9600.0
11000,M,25~29,정규직,400~499,46500.0,27200.0,2022,19300.0
11000,M,25~29,정규직,500~599,15900.0,8700.0,2022,7200.0
11000,M,25~29,정규직,600~799,7200.0,2800.0,2022,4400.0
11000,M,25~29,정규직,800+,2400.0,2000.0,2022,400.0
11000,M,25~29,정규직,~199,2000.0,1800.0,2022,200.0
11000,M,30~34,비정규직,200~299,4200.0,4200.0,2022,0.0
11000,M,30~34,비정규직,300~399,2500.0,2000.0,2022,500.0
11000,M,30~34,비정규직,400~499,1100.0,500.0,2022,600.0
11000,M,30~34,비정규직,500~599,1300.0,1000.0,2022,300.0
11000,M,30~34,비정규직,~199,8700.0,8300.0,2022,400.0
11000,M,30~34,자영업,200~299,200.0,0.0,2022,200.0
11000,M,30~34,자영업,300~399,1400.0,400.0,2022,1000.0
11000,M,30~34,자영업,400~499,1000.0,800.0,2022,200.0
11000,M,30~34,자영업,500~599,500.0,0.0,2022,500.0
11000,M,30~34,자영업,600~799,1100.0,200.0,2022,900.0
11000,M,30~34,자영업,800+,600.0,300.0,2022,300.0
11000,M,30~34,자영업,~199,1400.0,700.0,2022,700.0
11000,M,30~34,정규직,200~299,12900.0,9200.0,2022,3700.0
11000,M,30~34,정규직,300~399,32400.0,18600.0,2022,13800.0
11000,M,30~34,정규직,400~499,37200.0,18500.0,2022,18700.0
11000,M,30~34,정규직,500~599,37100.0,13000.0,2022,24100.0
11000,M,30~34,정규직,600~799,24600.0,7500.0,2022,17100.0
11000,M,30~34,정규직,800+,5500.0,0.0,2022,5500.0
11000,M,30~34,정규직,~199,3100.0,2700.0,2022,400.0
11000,M,35~39,비정규직,200~299,4200.0,3400.0,2022,800.0
11000,M,35~39,비정규직,300~399,4000.0,2100.0,2022,1900.0
11000,M,35~39,비정규직,400~499,500.0,200.0,2022,300.0
11000,M,35~39,비정규직,~199,8800.0,6500.0,2022,2300.0
11000,M,35~39,자영업,200~299,2700.0,200.0,2022,2500.0
11000,M,35~39,자영업,300~399,1300.0,0.0,2022,1300.0
11000,M,35~39,자영업,400~499,2100.0,200.0,2022,1900.0
11000,M,35~39,자영업,500~599,700.0,400.0,2022,300.0
11000,M,35~39,자영업,600~799,600.0,0.0,2022,600.0
11000,M,35~39,자영업,800+,1100.0,0.0,2022,1100.0
11000,M,35~39,자영업,~199,3100.0,1800.0,2022,1300.0
11000,M,35~39,정규직,200~299,10900.0,5600.0,2022,5300.0
11000,M,35~39,정규직,300~399,26900.0,13700.0,2022,13200.0
11000,M,35~39,정규직,400~499,40500.0,17100.0,2022,23400.0
11000,M,35~39,정규직,500~599,32300.0,7200.0,2022,25100.0
11000,M,35~39,정규직,600~799,35200.0,6700.0,2022,28500.0
11000,M,35~39,정규직,800+,18700.0,1000.0,2022,17700.0
11000,M,35~39,정규직,~199,1900.0,1600.0,2022,300.0
11000,M,40~44,비정규직,200~299,7300.0,5700.0,2022,1600.0
11000,M,40~44,비정규직,300~399,3400.0,2400.0,2022,1000.0
11000,M,40~44,비정규직,400~499,300.0,0.0,2022,300.0
11000,M,40~44,비정규직,500~599,200.0,200.0,2022,0.0
11000,M,40~44,비정규직,~199,7000.0,5900.0,2022,1100.0
11000,M,40~44,자영업,200~299,1800.0,0.0,2022,1800.0
11000,M,40~44,자영업,300~399,1900.0,200.0,2022,1700.0
11000,M,40~44,자영업,400~499,2300.0,500.0,2022,1800.0
11000,M,40~44,자영업,500~599,500.0,300.0,2022,200.0
11000,M,40~44,자영업,600~799,1200.0,200.0,2022,1000.0
11000,M,40~44,자영업,800+,900.0,200.0,2022,700.0
11000,M,40~44,자영업,~199,3300.0,1900.0,2022,1400.0
11000,M,40~44,정규직,200~299,8900.0,5300.0,2022,3600.0
11000,M,40~44,정규직,300~399,23700.0,12100.0,2022,11600.0
11000,M,40~44,정규직,400~499,41800.0,14900.0,2022,26900.0
11000,M,40~44,정규직,500~599,28000.0,5600.0,2022,22400.0
11000,M,40~44,정규직,600~799,45500.0,2800.0,2022,42700.0
11000,M,40~44,정규직,800+,36200.0,3300.0,2022,32900.0
11000,M,40~44,정규직,~199,3000.0,1900.0,2022,1100.0
12000,F,25~29,비정규직,200~299,9500.0,8200.0,2022,1300.0
12000,F,25~29,비정규직,300~399,3300.0,2400.0,2022,900.0
12000,F,25~29,비정규직,400~499,1000.0,1000.0,2022,0.0
12000,F,25~29,비정규직,~199,19500.0,11900.0,2022,7600.0
12000,F,25~29,자영업,200~299,300.0,300.0,2022,0.0
12000,F,25~29,자영업,~199,300.0,300.0,2022,0.0
12000,F,25~29,정규직,200~299,37400.0,27700.0,2022,9700.0
12000,F,25~29,정규직,300~399,33900.0,25600.0,2022,8300.0
12000,F,25~29,정규직,400~499,18500.0,11900.0,2022,6600.0
12000,F,25~29,정규직,500~599,9300.0,6400.0,2022,2900.0
12000,F,25~29,정규직,600~799,500.0,200.0,2022,300.0
12000,F,25~29,정규직,~199,4300.0,1500.0,2022,2800.0
12000,F,30~34,비정규직,200~299,10000.0,6100.0,2022,3900.0
12000,F,30~34,비정규직,300~399,2800.0,1500.0,2022,1300.0
12000,F,30~34,비정규직,400~499,500.0,500.0,2022,0.0
12000,F,30~34,비정규직,600~799,300.0,300.0,2022,0.0
12000,F,30~34,비정규직,~199,24200.0,6000.0,2022,18200.0
12000,F,30~34,자영업,200~299,700.0,500.0,2022,200.0
12000,F,30~34,자영업,300~399,200.0,200.0,2022,0.0
12000,F,30~34,자영업,500~599,200.0,0.0,2022,200.0
12000,F,30~34,자영업,~199,3000.0,1200.0,2022,1800.0
12000,F,30~34,정규직,200~299,23200.0,10400.0,2022,12800.0
12000,F,30~34,정규직,300~399,26400.0,12900.0,2022,13500.0
12000,F,30~34,정규직,400~499,16600.0,8000.0,2022,8600.0
12000,F,30~34,정규직,500~599,8400.0,2400.0,2022,6000.0
12000,F,30~34,정규직,600~799,5700.0,2800.0,2022,2900.0
12000,F,30~34,정규직,800+,1000.0,300.0,2022,700.0
12000,F,30~34,정규직,~199,3600.0,1000.0,2022,2600.0
12000,F,35~39,비정규직,200~299,9100.0,3900.0,2022,5200.0
12000,F,35~39,비정규직,300~399,2400.0,1400.0,2022,1000.0
12000,F,35~39,비정규직,400~499,200.0,200.0,2022,0.0
12000,F,35~39,비정규직,500~599,600.0,300.0,2022,300.0
12000,F,35~39,비정규직,600~799,200.0,200.0,2022,0.0
12000,F,35~39,비정규직,~199,36200.0,5000.0,2022,31200.0
12000,F,35~39,자영업,200~299,200.0,0.0,2022,200.0
12000,F,35~39,자영업,300~399,700.0,500.0,2022,200.0
12000,F,35~39,자영업,800+,200.0,200.0,2022,0.0
12000,F,35~39,자영업,~199,3700.0,1500.0,2022,2200.0
12000,F,35~39,정규직,200~299,18900.0,7900.0,2022,11000.0
12000,F,35~39,정규직,300~399,22200.0,9100.0,2022,13100.0
12000,F,35~39,정규직,400~499,17200.0,4300.0,2022,12900.0
12000,F,35~39,정규직,500~599,7400.0,3700.0,2022,3700.0
12000,F,35~39,정규직,600~799,4600.0,1000.0,2022,3600.0
12000,F,35~39,정규직,800+,1000.0,400.0,2022,600.0
12000,F,35~39,정규직,~199,5000.0,400.0,2022,4600.0
12000,F,40~44,비정규직,200~299,12800.0,4000.0,2022,8800.0
12000,F,40~44,비정규직,300~399,2200.0,300.0,2022,1900.0
12000,F,40~44,비정규직,400~499,900.0,600.0,2022,300.0
12000,F,40~44,비정규직,500~599,500.0,0.0,2022,500.0
12000,F,40~44,비정규직,600~799,300.0,0.0,2022,300.0
12000,F,40~44,비정규직,~199,59500.0,4900.0,2022,54600.0
12000,F,40~44,자영업,200~299,300.0,0.0,2022,300.0
12000,F,40~44,자영업,300~399,200.0,0.0,2022,200.0
12000,F,40~44,자영업,400~499,400.0,200.0,2022,200.0
12000,F,40~44,자영업,~199,2200.0,0.0,2022,2200.0
12000,F,40~44,정규직,200~299,14200.0,3900.0,2022,10300.0
12000,F,40~44,정규직,300~399,19100.0,6900.0,2022,12200.0
12000,F,40~44,정규직,400~499,16500.0,4100.0,2022,12400.0
12000,F,40~44,정규직,500~599,9600.0,2400.0,2022,7200.0
12000,F,40~44,정규직,600~799,8900.0,3600.0,2022,5300.0
12000,F,40~44,정규직,800+,1800.0,400.0,2022,1400.0
12000,F,40~44,정규직,~199,3800.0,0.0,2022,3800.0
12000,M,25~29,비정규직,200~299,6600.0,6600.0,2022,0.0
12000,M,25~29,비정규직,300~399,1100.0,800.0,2022,300.0
12000,M,25~29,비정규직,500~599,200.0,0.0,2022,200.0
12000,M,25~29,비정규직,600~799,300.0,300.0,2022,0.0
12000,M,25~29,비정규직,~199,14000.0,13100.0,2022,900.0
12000,M,25~29,자영업,300~399,200.0,0.0,2022,200.0
12000,M,25~29,자영업,400~499,700.0,700.0,2022,0.0
12000,M,25~29,자영업,500~599,400.0,400.0,2022,0.0
12000,M,25~29,자영업,~199,1900.0,1900.0,2022,0.0
12000,M,25~29,정규직,200~299,22700.0,19900.0,2022,2800.0
12000,M,25~29,정규직,300~399,42500.0,34300.0,2022,8200.0
12000,M,25~29,정규직,400~499,38400.0,24800.0,2022,13600.0
12000,M,25~29,정규직,500~599,16200.0,9700.0,2022,6500.0
12000,M,25~29,정규직,600~799,5100.0,3400.0,2022,1700.0
12000,M,25~29,정규직,800+,1800.0,1800.0,2022,0.0
12000,M,25~29,정규직,~199,2400.0,2200.0,2022,200.0
12000,M,30~34,비정규직,200~299,5800.0,5500.0,2022,300.0
12000,M,30~34,비정규직,300~399,1500.0,1500.0,2022,0.0
12000,M,30~34,비정규직,400~499,1100.0,800.0,2022,300.0
12000,M,30~34,비정규직,500~599,400.0,0.0,2022,400.0
12000,M,30~34,비정규직,~199,10100.0,9100.0,2022,1000.0
12000,M,30~34,자영업,200~299,400.0,0.0,2022,400.0
12000,M,30~34,자영업,300~399,1000.0,400.0,2022,600.0
12000,M,30~34,자영업,600~799,1100.0,200.0,2022,900.0
12000,M,30~34,자영업,800+,700.0,0.0,2022,700.0
12000,M,30~34,자영업,~199,2100.0,1800.0,2022,300.0
12000,M,30~34,정규직,200~299,14600.0,11700.0,2022,2900.0
12000,M,30~34,정규직,300~399,21600.0,13200.0,2022,8400.0
12000,M,30~34,정규직,400~499,36000.0,18500.0,2022,17500.0
12000,M,30~34,정규직,500~599,28600.0,8700.0,2022,19900.0
12000,M,30~34,정규직,600~799,19000.0,2300.0,2022,16700.0
12000,M,30~34,정규직,800+,5700.0,300.0,2022,5400.0
12000,M,30~34,정규직,~199,2500.0,1700.0,2022,800.0
12000,M,35~39,비정규직,200~299,7700.0,5900.0,2022,1800.0
12000,M,35~39,비정규직,300~399,2100.0,700.0,2022,1400.0
12000,M,35~39,비정규직,400~499,600.0,600.0,2022,0.0
12000,M,35~39,비정규직,600~799,800.0,800.0,2022,0.0
12000,M,35~39,비정규직,~199,8700.0,6500.0,2022,2200.0
12000,M,35~39,자영업,200~299,600.0,200.0,2022,400.0
12000,M,35~39,자영업,300~399,1600.0,400.0,2022,1200.0
12000,M,35~39,자영업,400~499,1000.0,0.0,2022,1000.0
12000,M,35~39,자영업,600~799,200.0,0.0,2022,200.0
12000,M,35~39,자영업,800+,500.0,0.0,2022,500.0
12000,M,35~39,자영업,~199,3400.0,2500.0,2022,900.0
12000,M,35~39,정규직,200~299,8900.0,6800.0,2022,2100.0
12000,M,35~39,정규직,300~399,23700.0,12600.0,2022,11100.0
12000,M,35~39,정규직,400~499,29200.0,11100.0,2022,18100.0
12000,M,35~39,정규직,500~599,29300.0,8400.0,2022,20900.0
12000,M,35~39,정규직,600~799,32100.0,5600.0,2022,26500.0
12000,M,35~39,정규직,800+,17700.0,1600.0,2022,16100.0
12000,M,35~39,정규직,~199,2100.0,1000.0,2022,1100.0
12000,M,40~44,비정규직,200~299,8600.0,6800.0,2022,1800.0
12000,M,40~44,비정규직,300~399,1600.0,1400.0,2022,200.0
12000,M,40~44,비정규직,400~499,900.0,0.0,2022,900.0
12000,M,40~44,비정규직,600~799,400.0,200.0,2022,200.0
12000,M,40~44,비정규직,800+,200.0,0.0,2022,200.0
12000,M,40~44,비정규직,~199,5400.0,4400.0,2022,1000.0
12000,M,40~44,자영업,200~299,2400.0,400.0,2022,2000.0
12000,M,40~44,자영업,300~399,2200.0,800.0,2022,1400.0
12000,M,40~44,자영업,400~499,1200.0,300.0,2022,900.0
12000,M,40~44,자영업,500~599,1400.0,300.0,2022,1100.0
12000,M,40~44,자영업,600~799,800.0,0.0,2022,800.0
12000,M,40~44,자영업,800+,700.0,200.0,2022,500.0
12000,M,40~44,자영업,~199,2800.0,1200.0,2022,1600.0
12000,M,40~44,정규직,200~299,5800.0,3900.0,2022,1900.0
12000,M,40~44,정규직,300~399,20600.0,9400.0,2022,11200.0
12000,M,40~44,정규직,400~499,29600.0,9900.0,2022,19700.0
12000,M,40~44,정규직,500~599,27600.0,6700.0,2022,20900.0
12000,M,40~44,정규직,600~799,36500.0,7700.0,2022,28800.0
12000,M,40~44,정규직,800+,30200.0,2300.0,2022,27900.0
12000,M,40~44,정규직,~199,2200.0,2200.0,2022,0.0
13000,F,25~29,비정규직,200~299,31300.0,25300.0,2022,6000.0
13000,F,25~29,비정규직,300~399,13000.0,9900.0,2022,3100.0
13000,F,25~29,비정규직,400~499,2100.0,2100.0,2022,0.0
13000,F,25~29,비정규직,~199,37300.0,27900.0,2022,9400.0
13000,F,25~29,자영업,200~299,2300.0,2300.0,2022,0.0
13000,F,25~29,자영업,400~499,1700.0,1700.0,2022,0.0
13000,F,25~29,자영업,~199,4000.0,1900.0,2022,2100.0
13000,F,25~29,정규직,200~299,83800.0,71800.0,2022,12000.0
13000,F,25~29,정규직,300~399,114900.0,95100.0,2022,19800.0
13000,F,25~29,정규직,400~499,89900.0,63600.0,2022,26300.0
13000,F,25~29,정규직,500~599,33900.0,23300.0,2022,10600.0
13000,F,25~29,정규직,600~799,16000.0,12300.0,2022,3700.0
13000,F,25~29,정규직,800+,1800.0,1800.0,2022,0.0
13000,F,25~29,정규직,~199,8000.0,4500.0,2022,3500.0
13000,F,30~34,비정규직,200~299,35200.0,21100.0,2022,14100.0
13000,F,30~34,비정규직,300~399,9600.0,6400.0,2022,3200.0
13000,F,30~34,비정규직,400~499,1500.0,1500.0,2022,0.0
13000,F,30~34,비정규직,500~599,700.0,0.0,2022,700.0
13000,F,30~34,비정규직,600~799,800.0,800.0,2022,0.0
13000,F,30~34,비정규직,~199,47000.0,17600.0,2022,29400.0
13000,F,30~34,자영업,200~299,2300.0,1600.0,2022,700.0
13000,F,30~34,자영업,300~399,300.0,300.0,2022,0.0
13000,F,30~34,자영업,400~499,1500.0,800.0,2022,700.0
13000,F,30~34,자영업,500~599,700.0,0.0,2022,700.0
13000,F,30~34,자영업,600~799,700.0,0.0,2022,700.0
13000,F,30~34,자영업,800+,2200.0,1500.0,2022,700.0
13000,F,30~34,자영업,~199,4500.0,1400.0,2022,3100.0
13000,F,30~34,정규직,200~299,43300.0,22500.0,2022,20800.0
13000,F,30~34,정규직,300~399,68300.0,38000.0,2022,30300.0
13000,F,30~34,정규직,400~499,51600.0,24500.0,2022,27100.0
13000,F,30~34,정규직,500~599,56100.0,21000.0,2022,35100.0
13000,F,30~34,정규직,600~799,29200.0,12400.0,2022,16800.0
13000,F,30~34,정규직,800+,19100.0,9700.0,2022,9400.0
13000,F,30~34,정규직,~199,11100.0,2100.0,2022,9000.0
13000,F,35~39,비정규직,200~299,37900.0,21100.0,2022,16800.0
13000,F,35~39,비정규직,300~399,9000.0,5000.0,2022,4000.0
13000,F,35~39,비정규직,400~499,1900.0,1400.0,2022,500.0
13000,F,35~39,비정규직,500~599,4000.0,1800.0,2022,2200.0
13000,F,35~39,비정규직,600~799,600.0,0.0,2022,600.0
13000,F,35~39,비정규직,800+,1200.0,0.0,2022,1200.0
13000,F,35~39,비정규직,~199,68700.0,21100.0,2022,47600.0
13000,F,35~39,자영업,200~299,3400.0,2100.0,2022,1300.0
13000,F,35~39,자영업,300~399,2300.0,1200.0,2022,1100.0
13000,F,35~39,자영업,400~499,2300.0,2300.0,2022,0.0
13000,F,35~39,자영업,800+,1400.0,0.0,2022,1400.0
13000,F,35~39,자영업,~199,10200.0,3700.0,2022,6500.0
13000,F,35~39,정규직,200~299,31500.0,10600.0,2022,20900.0
13000,F,35~39,정규직,300~399,50900.0,19500.0,2022,31400.0
13000,F,35~39,정규직,400~499,45200.0,15900.0,2022,29300.0
13000,F,35~39,정규직,500~599,35700.0,16900.0,2022,18800.0
13000,F,35~39,정규직,600~799,32500.0,12100.0,2022,20400.0
13000,F,35~39,정규직,800+,20700.0,8800.0,2022,11900.0
13000,F,35~39,정규직,~199,10500.0,400.0,2022,10100.0
13000,F,40~44,비정규직,200~299,24100.0,9900.0,2022,14200.0
13000,F,40~44,비정규직,300~399,16200.0,8000.0,2022,8200.0
13000,F,40~44,비정규직,400~499,5200.0,3300.0,2022,1900.0
13000,F,40~44,비정규직,500~599,900.0,400.0,2022,500.0
13000,F,40~44,비정규직,600~799,400.0,0.0,2022,400.0
13000,F,40~44,비정규직,800+,600.0,0.0,2022,600.0
13000,F,40~44,비정규직,~199,103600.0,12300.0,2022,91300.0
13000,F,40~44,자영업,200~299,1300.0,300.0,2022,1000.0
13000,F,40~44,자영업,400~499,1400.0,400.0,2022,1000.0
13000,F,40~44,자영업,600~799,900.0,900.0,2022,0.0
13000,F,40~44,자영업,800+,1300.0,0.0,2022,1300.0
13000,F,40~44,자영업,~199,10400.0,1800.0,2022,8600.0
13000,F,40~44,정규직,200~299,27500.0,10800.0,2022,16700.0
13000,F,40~44,정규직,300~399,30600.0,13500.0,2022,17100.0
13000,F,40~44,정규직,400~499,41100.0,15600.0,2022,25500.0
13000,F,40~44,정규직,500~599,28700.0,9900.0,2022,18800.0
13000,F,40~44,정규직,600~799,38400.0,13300.0,2022,25100.0
13000,F,40~44,정규직,800+,26700.0,11100.0,2022,15600.0
13000,F,40~44,정규직,~199,7200.0,3100.0,2022,4100.0
13000,M,25~29,비정규직,200~299,15100.0,14800.0,2022,300.0
13000,M,25~29,비정규직,300~399,14100.0,12800.0,2022,1300.0
13000,M,25~29,비정규직,400~499,1300.0,1000.0,2022,300.0
13000,M,25~29,비정규직,800+,1300.0,1300.0,2022,0.0
13000,M,25~29,비정규직,~199,21600.0,20800.0,2022,800.0
13000,M,25~29,자영업,200~299,1600.0,1600.0,2022,0.0
13000,M,25~29,자영업,400~499,1700.0,1000.0,2022,700.0
13000,M,25~29,자영업,500~599,500.0,0.0,2022,500.0
13000,M,25~29,자영업,~199,7400.0,7400.0,2022,0.0
13000,M,25~29,정규직,200~299,48900.0,44100.0,2022,4800.0
13000,M,25~29,정규직,300~399,92800.0,78900.0,2022,13900.0
13000,M,25~29,정규직,400~499,119800.0,105500.0,2022,14300.0
13000,M,25~29,정규직,500~599,57100.0,46900.0,2022,10200.0
13000,M,25~29,정규직,600~799,51600.0,38400.0,2022,13200.0
13000,M,25~29,정규직,800+,9000.0,3900.0,2022,5100.0
13000,M,25~29,정규직,~199,2300.0,2300.0,2022,0.0
13000,M,30~34,비정규직,200~299,8000.0,6400.0,2022,1600.0
13000,M,30~34,비정규직,300~399,8100.0,5600.0,2022,2500.0
13000,M,30~34,비정규직,400~499,2600.0,2100.0,2022,500.0
13000,M,30~34,비정규직,500~599,700.0,0.0,2022,700.0
13000,M,30~34,비정규직,600~799,400.0,0.0,2022,400.0
13000,M,30~34,비정규직,~199,13500.0,12600.0,2022,900.0
13000,M,30~34,자영업,200~299,700.0,0.0,2022,700.0
13000,M,30~34,자영업,300~399,2800.0,2400.0,2022,400.0
13000,M,30~34,자영업,400~499,1500.0,700.0,2022,800.0
13000,M,30~34,자영업,600~799,600.0,600.0,2022,0.0
13000,M,30~34,자영업,800+,2100.0,1400.0,2022,700.0
13000,M,30~34,자영업,~199,6500.0,6500.0,2022,0.0
13000,M,30~34,정규직,200~299,22200.0,19000.0,2022,3200.0
13000,M,30~34,정규직,300~399,49000.0,33700.0,2022,15300.0
13000,M,30~34,정규직,400~499,74100.0,40500.0,2022,33600.0
13000,M,30~34,정규직,500~599,79900.0,31900.0,2022,48000.0
13000,M,30~34,정규직,600~799,94000.0,33700.0,2022,60300.0
13000,M,30~34,정규직,800+,61400.0,26600.0,2022,34800.0
13000,M,30~34,정규직,~199,3100.0,3100.0,2022,0.0
13000,M,35~39,비정규직,200~299,8100.0,7300.0,2022,800.0
13000,M,35~39,비정규직,300~399,6300.0,5600.0,2022,700.0
13000,M,35~39,비정규직,400~499,2400.0,600.0,2022,1800.0
13000,M,35~39,비정규직,500~599,4100.0,4100.0,2022,0.0
13000,M,35~39,비정규직,800+,1500.0,900.0,2022,600.0
13000,M,35~39,비정규직,~199,13000.0,10000.0,2022,3000.0
13000,M,35~39,자영업,200~299,3500.0,1900.0,2022,1600.0
13000,M,35~39,자영업,300~399,5500.0,2100.0,2022,3400.0
13000,M,35~39,자영업,400~499,500.0,0.0,2022,500.0
13000,M,35~39,자영업,500~599,2900.0,1900.0,2022,1000.0
13000,M,35~39,자영업,600~799,4100.0,2600.0,2022,1500.0
13000,M,35~39,자영업,800+,2200.0,1100.0,2022,1100.0
13000,M,35~39,자영업,~199,7000.0,2700.0,2022,4300.0
13000,M,35~39,정규직,200~299,20200.0,13100.0,2022,7100.0
13000,M,35~39,정규직,300~399,32000.0,21600.0,2022,10400.0
13000,M,35~39,정규직,400~499,56400.0,30500.0,2022,25900.0
13000,M,35~39,정규직,500~599,52800.0,19100.0,2022,33700.0
13000,M,35~39,정규직,600~799,104400.0,28100.0,2022,76300.0
13000,M,35~39,정규직,800+,103100.0,20700.0,2022,82400.0
13000,M,35~39,정규직,~199,1900.0,1900.0,2022,0.0
13000,M,40~44,비정규직,200~299,8900.0,6800.0,2022,2100.0
13000,M,40~44,비정규직,300~399,11100.0,6800.0,2022,4300.0
13000,M,40~44,비정규직,400~499,1200.0,0.0,2022,1200.0
13000,M,40~44,비정규직,500~599,1600.0,1100.0,2022,500.0
13000,M,40~44,비정규직,600~799,2200.0,800.0,2022,1400.0
13000,M,40~44,비정규직,800+,700.0,700.0,2022,0.0
13000,M,40~44,비정규직,~199,18700.0,14000.0,2022,4700.0
13000,M,40~44,자영업,200~299,2500.0,500.0,2022,2000.0
13000,M,40~44,자영업,300~399,6300.0,2900.0,2022,3400.0
13000,M,40~44,자영업,400~499,800.0,0.0,2022,800.0
13000,M,40~44,자영업,500~599,1200.0,700.0,2022,500.0
13000,M,40~44,자영업,600~799,2400.0,0.0,2022,2400.0
13000,M,40~44,자영업,800+,6700.0,1500.0,2022,5200.0
13000,M,40~44,자영업,~199,7200.0,4300.0,2022,2900.0
13000,M,40~44,정규직,200~299,12800.0,9300.0,2022,3500.0
13000,M,40~44,정규직,300~399,36600.0,19400.0,2022,17200.0
13000,M,40~44,정규직,400~499,54600.0,23800.0,2022,30800.0
13000,M,40~44,정규직,500~599,46800.0,14900.0,2022,31900.0
13000,M,40~44,정규직,600~799,98800.0,24200.0,2022,74600.0
13000,M,40~44,정규직,800+,120000.0,12000.0,2022,108000.0
13000,M,40~44,정규직,~199,3500.0,1700.0,2022,1800.0
14000,F,25~29,비정규직,200~299,16000.0,12800.0,2022,3200.0
14000,F,25~29,비정규직,300~399,5500.0,4800.0,2022,700.0
14000,F,25~29,비정규직,400~499,500.0,500.0,2022,0.0
14000,F,25~29,비정규직,600~799,400.0,0.0,2022,400.0
14000,F,25~29,비정규직,~199,26500.0,16700.0,2022,9800.0
14000,F,25~29,자영업,300~399,800.0,400.0,2022,400.0
14000,F,25~29,자영업,500~599,300.0,300.0,2022,0.0
14000,F,25~29,자영업,~199,2000.0,2000.0,2022,0.0
14000,F,25~29,정규직,200~299,54300.0,42600.0,2022,11700.0
14000,F,25~29,정규직,300~399,52300.0,37300.0,2022,15000.0
14000,F,25~29,정규직,400~499,33200.0,22700.0,2022,10500.0
14000,F,25~29,정규직,500~599,13700.0,7700.0,2022,6000.0
14000,F,25~29,정규직,600~799,2500.0,500.0,2022,2000.0
14000,F,25~29,정규직,800+,400.0,0.0,2022,400.0
14000,F,25~29,정규직,~199,5300.0,4100.0,2022,1200.0
14000,F,30~34,비정규직,200~299,18200.0,11900.0,2022,6300.0
14000,F,30~34,비정규직,300~399,3200.0,2300.0,2022,900.0
14000,F,30~34,비정규직,400~499,600.0,600.0,2022,0.0
14000,F,30~34,비정규직,~199,38800.0,12200.0,2022,26600.0
14000,F,30~34,자영업,300~399,300.0,300.0,2022,0.0
14000,F,30~34,자영업,400~499,500.0,500.0,2022,0.0
14000,F,30~34,자영업,600~799,300.0,300.0,2022,0.0
14000,F,30~34,자영업,~199,4000.0,1400.0,2022,2600.0
14000,F,30~34,정규직,200~299,29000.0,16800.0,2022,12200.0
14000,F,30~34,정규직,300~399,34400.0,17100.0,2022,17300.0
14000,F,30~34,정규직,400~499,33700.0,12900.0,2022,20800.0
14000,F,30~34,정규직,500~599,14200.0,4000.0,2022,10200.0
14000,F,30~34,정규직,600~799,11600.0,3100.0,2022,8500.0
14000,F,30~34,정규직,800+,400.0,400.0,2022,0.0
14000,F,30~34,정규직,~199,8200.0,2700.0,2022,5500.0
14000,F,35~39,비정규직,200~299,18200.0,7900.0,2022,10300.0
14000,F,35~39,비정규직,300~399,4100.0,1500.0,2022,2600.0
14000,F,35~39,비정규직,~199,54200.0,7500.0,2022,46700.0
14000,F,35~39,자영업,200~299,1900.0,800.0,2022,1100.0
14000,F,35~39,자영업,800+,300.0,0.0,2022,300.0
14000,F,35~39,자영업,~199,5500.0,800.0,2022,4700.0
14000,F,35~39,정규직,200~299,23900.0,8400.0,2022,15500.0
14000,F,35~39,정규직,300~399,29700.0,13500.0,2022,16200.0
14000,F,35~39,정규직,400~499,22900.0,7100.0,2022,15800.0
14000,F,35~39,정규직,500~599,14000.0,4400.0,2022,9600.0
14000,F,35~39,정규직,600~799,14700.0,4800.0,2022,9900.0
14000,F,35~39,정규직,800+,1800.0,700.0,2022,1100.0
14000,F,35~39,정규직,~199,4800.0,600.0,2022,4200.0
14000,F,40~44,비정규직,200~299,19600.0,5800.0,2022,13800.0
14000,F,40~44,비정규직,300~399,7100.0,2400.0,2022,4700.0
14000,F,40~44,비정규직,400~499,1000.0,300.0,2022,700.0
14000,F,40~44,비정규직,500~599,300.0,0.0,2022,300.0
14000,F,40~44,비정규직,600~799,700.0,0.0,2022,700.0
14000,F,40~44,비정규직,~199,88900.0,10400.0,2022,78500.0
14000,F,40~44,자영업,200~299,500.0,0.0,2022,500.0
14000,F,40~44,자영업,300~399,400.0,0.0,2022,400.0
14000,F,40~44,자영업,400~499,700.0,200.0,2022,500.0
14000,F,40~44,자영업,500~599,200.0,0.0,2022,200.0
14000,F,40~44,자영업,~199,6600.0,500.0,2022,6100.0
14000,F,40~44,정규직,200~299,19100.0,5800.0,2022,13300.0
14000,F,40~44,정규직,300~399,22300.0,8200.0,2022,14100.0
14000,F,40~44,정규직,400~499,18900.0,3200.0,2022,15700.0
14000,F,40~44,정규직,500~599,12300.0,4600.0,2022,7700.0
14000,F,40~44,정규직,600~799,11000.0,4200.0,2022,6800.0
14000,F,40~44,정규직,800+,7000.0,2600.0,2022,4400.0
14000,F,40~44,정규직,~199,3900.0,700.0,2022,3200.0
14000,M,25~29,비정규직,200~299,12000.0,9100.0,2022,2900.0
14000,M,25~29,비정규직,300~399,1400.0,1400.0,2022,0.0
14000,M,25~29,비정규직,400~499,3200.0,2800.0,2022,400.0
14000,M,25~29,비정규직,~199,16900.0,15900.0,2022,1000.0
14000,M,25~29,자영업,200~299,300.0,0.0,2022,300.0
14000,M,25~29,자영업,300~399,400.0,0.0,2022,400.0
14000,M,25~29,자영업,400~499,1800.0,800.0,2022,1000.0
14000,M,25~29,자영업,500~599,400.0,400.0,2022,0.0
14000,M,25~29,자영업,~199,3700.0,3700.0,2022,0.0
14000,M,25~29,정규직,200~299,25800.0,24300.0,2022,1500.0
14000,M,25~29,정규직,300~399,63400.0,55000.0,2022,8400.0
14000,M,25~29,정규직,400~499,58100.0,46200.0,2022,11900.0
14000,M,25~29,정규직,500~599,29000.0,16300.0,2022,12700.0
14000,M,25~29,정규직,600~799,21800.0,14300.0,2022,7500.0
14000,M,25~29,정규직,800+,7500.0,5100.0,2022,2400.0
14000,M,25~29,정규직,~199,4400.0,4400.0,2022,0.0
14000,M,30~34,비정규직,200~299,7200.0,7200.0,2022,0.0
14000,M,30~34,비정규직,300~399,4500.0,3600.0,2022,900.0
14000,M,30~34,비정규직,500~599,1400.0,1400.0,2022,0.0
14000,M,30~34,비정규직,600~799,500.0,0.0,2022,500.0
14000,M,30~34,비정규직,~199,11800.0,11000.0,2022,800.0
14000,M,30~34,자영업,200~299,3000.0,2300.0,2022,700.0
14000,M,30~34,자영업,300~399,1700.0,1400.0,2022,300.0
14000,M,30~34,자영업,400~499,1000.0,0.0,2022,1000.0
14000,M,30~34,자영업,800+,900.0,0.0,2022,900.0
14000,M,30~34,자영업,~199,2200.0,2200.0,2022,0.0
14000,M,30~34,정규직,200~299,16300.0,12400.0,2022,3900.0
14000,M,30~34,정규직,300~399,35300.0,18800.0,2022,16500.0
14000,M,30~34,정규직,400~499,47600.0,26200.0,2022,21400.0
14000,M,30~34,정규직,500~599,42100.0,14900.0,2022,27200.0
14000,M,30~34,정규직,600~799,40600.0,9400.0,2022,31200.0
14000,M,30~34,정규직,800+,12500.0,1100.0,2022,11400.0
14000,M,30~34,정규직,~199,2300.0,1300.0,2022,1000.0
14000,M,35~39,비정규직,200~299,5100.0,4300.0,2022,800.0
14000,M,35~39,비정규직,300~399,2200.0,2200.0,2022,0.0
14000,M,35~39,비정규직,400~499,2100.0,2100.0,2022,0.0
14000,M,35~39,비정규직,500~599,2400.0,600.0,2022,1800.0
14000,M,35~39,비정규직,600~799,1000.0,0.0,2022,1000.0
14000,M,35~39,비정규직,~199,8100.0,6500.0,2022,1600.0
14000,M,35~39,자영업,200~299,1600.0,1000.0,2022,600.0
14000,M,35~39,자영업,300~399,1200.0,300.0,2022,900.0
14000,M,35~39,자영업,400~499,2200.0,500.0,2022,1700.0
14000,M,35~39,자영업,500~599,1200.0,300.0,2022,900.0
14000,M,35~39,자영업,600~799,2400.0,1600.0,2022,800.0
14000,M,35~39,자영업,800+,400.0,0.0,2022,400.0
14000,M,35~39,자영업,~199,4100.0,1100.0,2022,3000.0
14000,M,35~39,정규직,200~299,9400.0,5600.0,2022,3800.0
14000,M,35~39,정규직,300~399,24400.0,13900.0,2022,10500.0
14000,M,35~39,정규직,400~499,41200.0,16100.0,2022,25100.0
14000,M,35~39,정규직,500~599,41500.0,10100.0,2022,31400.0
14000,M,35~39,정규직,600~799,59800.0,14800.0,2022,45000.0
14000,M,35~39,정규직,800+,38900.0,3600.0,2022,35300.0
14000,M,35~39,정규직,~199,2800.0,1800.0,2022,1000.0
14000,M,40~44,비정규직,200~299,7500.0,6000.0,2022,1500.0
14000,M,40~44,비정규직,300~399,4800.0,3400.0,2022,1400.0
14000,M,40~44,비정규직,400~499,1700.0,800.0,2022,900.0
14000,M,40~44,비정규직,600~799,300.0,0.0,2022,300.0
14000,M,40~44,비정규직,800+,400.0,0.0,2022,400.0
14000,M,40~44,비정규직,~199,6500.0,4900.0,2022,1600.0
14000,M,40~44,자영업,200~299,1700.0,0.0,2022,1700.0
14000,M,40~44,자영업,300~399,3100.0,300.0,2022,2800.0
14000,M,40~44,자영업,400~499,3000.0,600.0,2022,2400.0
14000,M,40~44,자영업,500~599,900.0,600.0,2022,300.0
14000,M,40~44,자영업,600~799,2700.0,500.0,2022,2200.0
14000,M,40~44,자영업,800+,2200.0,1100.0,2022,1100.0
14000,M,40~44,자영업,~199,3500.0,2200.0,2022,1300.0
14000,M,40~44,정규직,200~299,7400.0,4200.0,2022,3200.0
14000,M,40~44,정규직,300~399,26000.0,15000.0,2022,11000.0
14000,M,40~44,정규직,400~499,32100.0,12200.0,2022,19900.0
14000,M,40~44,정규직,500~599,35500.0,12200.0,2022,23300.0
14000,M,40~44,정규직,600~799,74700.0,9900.0,2022,64800.0
14000,M,40~44,정규직,800+,62100.0,6300.0,2022,55800.0
14000,M,40~44,정규직,~199,3100.0,2400.0,2022,700.0
15000,F,25~29,비정규직,200~299,2300.0,2300.0,2022,0.0
15000,F,25~29,비정규직,300~399,200.0,0.0,2022,200.0
15000,F,25~29,비정규직,~199,7200.0,4300.0,2022,2900.0
15000,F,25~29,자영업,200~299,100.0,100.0,2022,0.0
15000,F,25~29,자영업,300~399,100.0,100.0,2022,0.0
15000,F,25~29,자영업,~199,500.0,400.0,2022,100.0
15000,F,25~29,정규직,200~299,9400.0,6200.0,2022,3200.0
15000,F,25~29,정규직,300~399,7900.0,5700.0,2022,2200.0
15000,F,25~29,정규직,400~499,2600.0,1700.0,2022,900.0
15000,F,25~29,정규직,500~599,200.0,200.0,2022,0.0
15000,F,25~29,정규직,600~799,100.0,100.0,2022,0.0
15000,F,25~29,정규직,~199,4100.0,2500.0,2022,1600.0
15000,F,30~34,비정규직,200~299,1400.0,700.0,2022,700.0
15000,F,30~34,비정규직,300~399,400.0,0.0,2022,400.0
15000,F,30~34,비정규직,400~499,200.0,0.0,2022,200.0
15000,F,30~34,비정규직,~199,11400.0,3700.0,2022,7700.0
15000,F,30~34,자영업,200~299,300.0,300.0,2022,0.0
15000,F,30~34,자영업,300~399,100.0,0.0,2022,100.0
15000,F,30~34,자영업,500~599,100.0,100.0,2022,0.0
15000,F,30~34,자영업,~199,400.0,100.0,2022,300.0
15000,F,30~34,정규직,200~299,12000.0,5100.0,2022,6900.0
15000,F,30~34,정규직,300~399,6500.0,2100.0,2022,4400.0
15000,F,30~34,정규직,400~499,3400.0,1300.0,2022,2100.0
15000,F,30~34,정규직,500~599,500.0,300.0,2022,200.0
15000,F,30~34,정규직,~199,3200.0,1200.0,2022,2000.0
15000,F,35~39,비정규직,200~299,3700.0,1900.0,2022,1800.0
15000,F,35~39,비정규직,300~399,500.0,0.0,2022,500.0
15000,F,35~39,비정규직,~199,17200.0,2600.0,2022,14600.0
15000,F,35~39,자영업,200~299,100.0,100.0,2022,0.0
15000,F,35~39,자영업,300~399,100.0,0.0,2022,100.0
15000,F,35~39,자영업,400~499,200.0,0.0,2022,200.0
15000,F,35~39,자영업,~199,800.0,200.0,2022,600.0
15000,F,35~39,정규직,200~299,9000.0,2500.0,2022,6500.0
15000,F,35~39,정규직,300~399,6100.0,2100.0,2022,4000.0
15000,F,35~39,정규직,400~499,3000.0,900.0,2022,2100.0
15000,F,35~39,정규직,500~599,1200.0,300.0,2022,900.0
15000,F,35~39,정규직,600~799,400.0,100.0,2022,300.0
15000,F,35~39,정규직,~199,3800.0,1400.0,2022,2400.0
15000,F,40~44,비정규직,200~299,3400.0,1000.0,2022,2400.0
15000,F,40~44,비정규직,300~399,400.0,100.0,2022,300.0
15000,F,40~44,비정규직,400~499,100.0,100.0,2022,0.0
15000,F,40~44,비정규직,~199,22500.0,2600.0,2022,19900.0
15000,F,40~44,자영업,200~299,300.0,0.0,2022,300.0
15000,F,40~44,자영업,800+,100.0,100.0,2022,0.0
15000,F,40~44,자영업,~199,1300.0,400.0,2022,900.0
15000,F,40~44,정규직,200~299,8900.0,1700.0,2022,7200.0
15000,F,40~44,정규직,300~399,6100.0,1700.0,2022,4400.0
15000,F,40~44,정규직,400~499,4300.0,1400.0,2022,2900.0
15000,F,40~44,정규직,500~599,2300.0,100.0,2022,2200.0
15000,F,40~44,정규직,600~799,2200.0,700.0,2022,1500.0
15000,F,40~44,정규직,800+,300.0,200.0,2022,100.0
15000,F,40~44,정규직,~199,2200.0,700.0,2022,1500.0
15000,M,25~29,비정규직,200~299,1400.0,1400.0,2022,0.0
15000,M,25~29,비정규직,300~399,800.0,600.0,2022,200.0
15000,M,25~29,비정규직,~199,3600.0,3600.0,2022,0.0
15000,M,25~29,자영업,300~399,100.0,100.0,2022,0.0
15000,M,25~29,자영업,500~599,100.0,0.0,2022,100.0
15000,M,25~29,자영업,~199,300.0,300.0,2022,0.0
15000,M,25~29,정규직,200~299,9400.0,7800.0,2022,1600.0
15000,M,25~29,정규직,300~399,13100.0,9500.0,2022,3600.0
15000,M,25~29,정규직,400~499,5800.0,4100.0,2022,1700.0
15000,M,25~29,정규직,500~599,1300.0,500.0,2022,800.0
15000,M,25~29,정규직,600~799,700.0,600.0,2022,100.0
15000,M,25~29,정규직,800+,300.0,0.0,2022,300.0
15000,M,25~29,정규직,~199,1200.0,1200.0,2022,0.0
15000,M,30~34,비정규직,200~299,800.0,800.0,2022,0.0
15000,M,30~34,비정규직,400~499,100.0,100.0,2022,0.0
15000,M,30~34,비정규직,~199,2900.0,2900.0,2022,0.0
15000,M,30~34,자영업,200~299,100.0,0.0,2022,100.0
15000,M,30~34,자영업,300~399,200.0,200.0,2022,0.0
15000,M,30~34,자영업,400~499,100.0,0.0,2022,100.0
15000,M,30~34,자영업,500~599,200.0,200.0,2022,0.0
15000,M,30~34,자영업,600~799,200.0,0.0,2022,200.0
15000,M,30~34,자영업,~199,600.0,300.0,2022,300.0
15000,M,30~34,정규직,200~299,8300.0,5600.0,2022,2700.0
15000,M,30~34,정규직,300~399,13100.0,5300.0,2022,7800.0
15000,M,30~34,정규직,400~499,7200.0,2400.0,2022,4800.0
15000,M,30~34,정규직,500~599,4900.0,1200.0,2022,3700.0
15000,M,30~34,정규직,600~799,2100.0,300.0,2022,1800.0
15000,M,30~34,정규직,800+,700.0,400.0,2022,300.0
15000,M,30~34,정규직,~199,1700.0,1700.0,2022,0.0
15000,M,35~39,비정규직,200~299,1500.0,1300.0,2022,200.0
15000,M,35~39,비정규직,300~399,700.0,500.0,2022,200.0
15000,M,35~39,비정규직,600~799,100.0,0.0,2022,100.0
15000,M,35~39,비정규직,~199,1600.0,1400.0,2022,200.0
15000,M,35~39,자영업,200~299,700.0,200.0,2022,500.0
15000,M,35~39,자영업,300~399,200.0,100.0,2022,100.0
15000,M,35~39,자영업,400~499,500.0,100.0,2022,400.0
15000,M,35~39,자영업,500~599,300.0,100.0,2022,200.0
15000,M,35~39,자영업,600~799,100.0,100.0,2022,0.0
15000,M,35~39,자영업,800+,200.0,100.0,2022,100.0
15000,M,35~39,자영업,~199,1100.0,500.0,2022,600.0
15000,M,35~39,정규직,200~299,8200.0,4300.0,2022,3900.0
15000,M,35~39,정규직,300~399,10700.0,5100.0,2022,5600.0
15000,M,35~39,정규직,400~499,11400.0,2300.0,2022,9100.0
15000,M,35~39,정규직,500~599,7100.0,1400.0,2022,5700.0
15000,M,35~39,정규직,600~799,2800.0,300.0,2022,2500.0
15000,M,35~39,정규직,800+,1500.0,100.0,2022,1400.0
15000,M,35~39,정규직,~199,1000.0,600.0,2022,400.0
15000,M,40~44,비정규직,200~299,1600.0,700.0,2022,900.0
15000,M,40~44,비정규직,300~399,300.0,300.0,2022,0.0
15000,M,40~44,비정규직,400~499,300.0,300.0,2022,0.0
15000,M,40~44,비정규직,600~799,200.0,0.0,2022,200.0
15000,M,40~44,비정규직,~199,1200.0,1100.0,2022,100.0
15000,M,40~44,자영업,200~299,1000.0,400.0,2022,600.0
15000,M,40~44,자영업,300~399,900.0,100.0,2022,800.0
15000,M,40~44,자영업,400~499,100.0,0.0,2022,100.0
15000,M,40~44,자영업,500~599,300.0,0.0,2022,300.0
15000,M,40~44,자영업,600~799,100.0,0.0,2022,100.0
15000,M,40~44,자영업,800+,200.0,0.0,2022,200.0
15000,M,40~44,자영업,~199,500.0,400.0,2022,100.0
15000,M,40~44,정규직,200~299,8300.0,4100.0,2022,4200.0
15000,M,40~44,정규직,300~399,13800.0,5400.0,2022,8400.0
15000,M,40~44,정규직,400~499,10400.0,2300.0,2022,8100.0
15000,M,40~44,정규직,500~599,8900.0,1200.0,2022,7700.0
15000,M,40~44,정규직,600~799,7200.0,800.0,2022,6400.0
15000,M,40~44,정규직,800+,2800.0,0.0,2022,2800.0
15000,M,40~44,정규직,~199,1400.0,600.0,2022,800.0
16000,F,25~29,비정규직,200~299,700.0,600.0,2022,100.0
16000,F,25~29,비정규직,300~399,200.0,200.0,2022,0.0
16000,F,25~29,비정규직,400~499,100.0,100.0,2022,0.0
16000,F,25~29,비정규직,500~599,100.0,0.0,2022,100.0
16000,F,25~29,비정규직,~199,2600.0,1600.0,2022,1000.0
16000,F,25~29,자영업,~199,200.0,200.0,2022,0.0
16000,F,25~29,정규직,200~299,6100.0,4400.0,2022,1700.0
16000,F,25~29,정규직,300~399,4500.0,3100.0,2022,1400.0
16000,F,25~29,정규직,400~499,1700.0,1000.0,2022,700.0
16000,F,25~29,정규직,500~599,100.0,0.0,2022,100.0
16000,F,25~29,정규직,600~799,100.0,100.0,2022,0.0
16000,F,25~29,정규직,~199,1600.0,1000.0,2022,600.0
16000,F,30~34,비정규직,200~299,800.0,200.0,2022,600.0
16000,F,30~34,비정규직,400~499,100.0,100.0,2022,0.0
16000,F,30~34,비정규직,~199,4900.0,1900.0,2022,3000.0
16000,F,30~34,자영업,200~299,100.0,0.0,2022,100.0
16000,F,30~34,자영업,400~499,100.0,0.0,2022,100.0
16000,F,30~34,자영업,~199,200.0,0.0,2022,200.0
16000,F,30~34,정규직,200~299,4400.0,1800.0,2022,2600.0
16000,F,30~34,정규직,300~399,3100.0,1300.0,2022,1800.0
16000,F,30~34,정규직,400~499,1600.0,200.0,2022,1400.0
16000,F,30~34,정규직,500~599,400.0,100.0,2022,300.0
16000,F,30~34,정규직,600~799,200.0,100.0,2022,100.0
16000,F,30~34,정규직,~199,1300.0,200.0,2022,1100.0
16000,F,35~39,비정규직,200~299,1100.0,200.0,2022,900.0
16000,F,35~39,비정규직,300~399,100.0,100.0,2022,0.0
16000,F,35~39,비정규직,400~499,100.0,0.0,2022,100.0
16000,F,35~39,비정규직,~199,6400.0,800.0,2022,5600.0
16000,F,35~39,자영업,200~299,200.0,0.0,2022,200.0
16000,F,35~39,자영업,600~799,100.0,0.0,2022,100.0
16000,F,35~39,자영업,~199,600.0,100.0,2022,500.0
16000,F,35~39,정규직,200~299,4200.0,1700.0,2022,2500.0
16000,F,35~39,정규직,300~399,3300.0,1000.0,2022,2300.0
16000,F,35~39,정규직,400~499,1400.0,400.0,2022,1000.0
16000,F,35~39,정규직,500~599,1100.0,400.0,2022,700.0
16000,F,35~39,정규직,600~799,600.0,300.0,2022,300.0
16000,F,35~39,정규직,~199,1200.0,200.0,2022,1000.0
16000,F,40~44,비정규직,200~299,2000.0,800.0,2022,1200.0
16000,F,40~44,비정규직,300~399,100.0,0.0,2022,100.0
16000,F,40~44,비정규직,~199,7800.0,700.0,2022,7100.0
16000,F,40~44,자영업,200~299,200.0,100.0,2022,100.0
16000,F,40~44,자영업,400~499,100.0,0.0,2022,100.0
16000,F,40~44,자영업,800+,100.0,0.0,2022,100.0
16000,F,40~44,자영업,~199,1200.0,300.0,2022,900.0
16000,F,40~44,정규직,200~299,4200.0,1200.0,2022,3000.0
16000,F,40~44,정규직,300~399,4200.0,800.0,2022,3400.0
16000,F,40~44,정규직,400~499,2000.0,400.0,2022,1600.0
16000,F,40~44,정규직,500~599,900.0,100.0,2022,800.0
16000,F,40~44,정규직,600~799,700.0,100.0,2022,600.0
16000,F,40~44,정규직,800+,100.0,0.0,2022,100.0
16000,F,40~44,정규직,~199,1300.0,200.0,2022,1100.0
16000,M,25~29,비정규직,200~299,1000.0,1000.0,2022,0.0
16000,M,25~29,비정규직,300~399,500.0,400.0,2022,100.0
16000,M,25~29,비정규직,400~499,100.0,100.0,2022,0.0
16000,M,25~29,비정규직,800+,100.0,0.0,2022,100.0
16000,M,25~29,비정규직,~199,2000.0,1600.0,2022,400.0
16000,M,25~29,자영업,600~799,100.0,100.0,2022,0.0
16000,M,25~29,자영업,~199,100.0,100.0,2022,0.0
16000,M,25~29,정규직,200~299,5200.0,4300.0,2022,900.0
16000,M,25~29,정규직,300~399,6000.0,4600.0,2022,1400.0
16000,M,25~29,정규직,400~499,4300.0,2800.0,2022,1500.0
16000,M,25~29,정규직,500~599,1200.0,600.0,2022,600.0
16000,M,25~29,정규직,600~799,200.0,100.0,2022,100.0
16000,M,25~29,정규직,~199,700.0,600.0,2022,100.0
16000,M,30~34,비정규직,200~299,400.0,200.0,2022,200.0
16000,M,30~34,비정규직,300~399,400.0,200.0,2022,200.0
16000,M,30~34,비정규직,400~499,100.0,100.0,2022,0.0
16000,M,30~34,비정규직,~199,800.0,600.0,2022,200.0
16000,M,30~34,자영업,300~399,200.0,0.0,2022,200.0
16000,M,30~34,자영업,400~499,100.0,0.0,2022,100.0
16000,M,30~34,자영업,500~599,100.0,0.0,2022,100.0
16000,M,30~34,자영업,600~799,100.0,0.0,2022,100.0
16000,M,30~34,자영업,~199,100.0,100.0,2022,0.0
16000,M,30~34,정규직,200~299,3200.0,2500.0,2022,700.0
16000,M,30~34,정규직,300~399,6500.0,4100.0,2022,2400.0
16000,M,30~34,정규직,400~499,5000.0,2200.0,2022,2800.0
16000,M,30~34,정규직,500~599,3600.0,1400.0,2022,2200.0
16000,M,30~34,정규직,600~799,800.0,100.0,2022,700.0
16000,M,30~34,정규직,800+,200.0,0.0,2022,200.0
16000,M,30~34,정규직,~199,300.0,200.0,2022,100.0
16000,M,35~39,비정규직,200~299,800.0,400.0,2022,400.0
16000,M,35~39,비정규직,300~399,100.0,100.0,2022,0.0
16000,M,35~39,비정규직,400~499,100.0,100.0,2022,0.0
16000,M,35~39,비정규직,800+,100.0,0.0,2022,100.0
16000,M,35~39,비정규직,~199,900.0,700.0,2022,200.0
16000,M,35~39,자영업,200~299,100.0,0.0,2022,100.0
16000,M,35~39,자영업,300~399,200.0,100.0,2022,100.0
16000,M,35~39,자영업,400~499,200.0,0.0,2022,200.0
16000,M,35~39,자영업,500~599,100.0,100.0,2022,0.0
16000,M,35~39,자영업,600~799,100.0,0.0,2022,100.0
16000,M,35~39,자영업,800+,300.0,100.0,2022,200.0
16000,M,35~39,자영업,~199,300.0,200.0,2022,100.0
16000,M,35~39,정규직,200~299,2500.0,1700.0,2022,800.0
16000,M,35~39,정규직,300~399,5300.0,2300.0,2022,3000.0
16000,M,35~39,정규직,400~499,5500.0,1600.0,2022,3900.0
16000,M,35~39,정규직,500~599,3600.0,900.0,2022,2700.0
16000,M,35~39,정규직,600~799,2800.0,400.0,2022,2400.0
16000,M,35~39,정규직,800+,1300.0,100.0,2022,1200.0
16000,M,35~39,정규직,~199,700.0,400.0,2022,300.0
16000,M,40~44,비정규직,200~299,500.0,300.0,2022,200.0
16000,M,40~44,비정규직,300~399,300.0,200.0,2022,100.0
16000,M,40~44,비정규직,400~499,200.0,100.0,2022,100.0
16000,M,40~44,비정규직,500~599,200.0,100.0,2022,100.0
16000,M,40~44,비정규직,~199,400.0,400.0,2022,0.0
16000,M,40~44,자영업,200~299,400.0,0.0,2022,400.0
16000,M,40~44,자영업,300~399,500.0,100.0,2022,400.0
16000,M,40~44,자영업,400~499,200.0,0.0,2022,200.0
16000,M,40~44,자영업,500~599,200.0,0.0,2022,200.0
16000,M,40~44,자영업,600~799,100.0,0.0,2022,100.0
16000,M,40~44,자영업,800+,300.0,0.0,2022,300.0
16000,M,40~44,자영업,~199,400.0,200.0,2022,200.0
16000,M,40~44,정규직,200~299,1900.0,900.0,2022,1000.0
16000,M,40~44,정규직,300~399,4500.0,2000.0,2022,2500.0
16000,M,40~44,정규직,400~499,6700.0,2300.0,2022,4400.0
16000,M,40~44,정규직,500~599,5000.0,700.0,2022,4300.0
16000,M,40~44,정규직,600~799,4100.0,500.0,2022,3600.0
16000,M,40~44,정규직,800+,1200.0,0.0,2022,1200.0
16000,M,40~44,정규직,~199,400.0,200.0,2022,200.0
17000,F,25~29,비정규직,200~299,1200.0,1000.0,2022,200.0
17000,F,25~29,비정규직,300~399,300.0,200.0,2022,100.0
17000,F,25~29,비정규직,500~599,100.0,100.0,2022,0.0
17000,F,25~29,비정규직,~199,3200.0,1400.0,2022,1800.0
17000,F,25~29,자영업,~199,400.0,300.0,2022,100.0
17000,F,25~29,정규직,200~299,7200.0,5100.0,2022,2100.0
17000,F,25~29,정규직,300~399,5900.0,3800.0,2022,2100.0
17000,F,25~29,정규직,400~499,1800.0,1300.0,2022,500.0
17000,F,25~29,정규직,500~599,400.0,200.0,2022,200.0
17000,F,25~29,정규직,600~799,200.0,100.0,2022,100.0
17000,F,25~29,정규직,~199,1200.0,600.0,2022,600.0
17000,F,30~34,비정규직,200~299,1400.0,900.0,2022,500.0
17000,F,30~34,비정규직,300~399,300.0,0.0,2022,300.0
17000,F,30~34,비정규직,~199,5300.0,1700.0,2022,3600.0
17000,F,30~34,자영업,600~799,100.0,100.0,2022,0.0
17000,F,30~34,자영업,~199,400.0,100.0,2022,300.0
17000,F,30~34,정규직,200~299,5000.0,2000.0,2022,3000.0
17000,F,30~34,정규직,300~399,4100.0,1800.0,2022,2300.0
17000,F,30~34,정규직,400~499,2200.0,800.0,2022,1400.0
17000,F,30~34,정규직,500~599,500.0,200.0,2022,300.0
17000,F,30~34,정규직,600~799,400.0,300.0,2022,100.0
17000,F,30~34,정규직,800+,100.0,0.0,2022,100.0
17000,F,30~34,정규직,~199,1800.0,500.0,2022,1300.0
17000,F,35~39,비정규직,200~299,2300.0,800.0,2022,1500.0
17000,F,35~39,비정규직,300~399,200.0,100.0,2022,100.0
17000,F,35~39,비정규직,500~599,100.0,0.0,2022,100.0
17000,F,35~39,비정규직,~199,7700.0,1800.0,2022,5900.0
17000,F,35~39,자영업,200~299,200.0,100.0,2022,100.0
17000,F,35~39,자영업,600~799,100.0,0.0,2022,100.0
17000,F,35~39,자영업,~199,300.0,200.0,2022,100.0
17000,F,35~39,정규직,200~299,4300.0,1400.0,2022,2900.0
17000,F,35~39,정규직,300~399,4200.0,900.0,2022,3300.0
17000,F,35~39,정규직,400~499,2100.0,400.0,2022,1700.0
17000,F,35~39,정규직,500~599,1100.0,400.0,2022,700.0
17000,F,35~39,정규직,600~799,300.0,0.0,2022,300.0
17000,F,35~39,정규직,~199,1100.0,400.0,2022,700.0
17000,F,40~44,비정규직,200~299,1600.0,100.0,2022,1500.0
17000,F,40~44,비정규직,300~399,600.0,100.0,2022,500.0
17000,F,40~44,비정규직,~199,9100.0,300.0,2022,8800.0
17000,F,40~44,자영업,200~299,100.0,0.0,2022,100.0
17000,F,40~44,자영업,300~399,200.0,0.0,2022,200.0
17000,F,40~44,자영업,500~599,100.0,100.0,2022,0.0
17000,F,40~44,자영업,~199,1000.0,400.0,2022,600.0
17000,F,40~44,정규직,200~299,3900.0,800.0,2022,3100.0
17000,F,40~44,정규직,300~399,3500.0,1200.0,2022,2300.0
17000,F,40~44,정규직,400~499,2600.0,700.0,2022,1900.0
17000,F,40~44,정규직,500~599,1700.0,500.0,2022,1200.0
17000,F,40~44,정규직,600~799,900.0,300.0,2022,600.0
17000,F,40~44,정규직,~199,1600.0,400.0,2022,1200.0
17000,M,25~29,비정규직,200~299,1500.0,1500.0,2022,0.0
17000,M,25~29,비정규직,300~399,800.0,600.0,2022,200.0
17000,M,25~29,비정규직,~199,1700.0,1600.0,2022,100.0
17000,M,25~29,자영업,200~299,200.0,0.0,2022,200.0
17000,M,25~29,자영업,400~499,100.0,0.0,2022,100.0
17000,M,25~29,자영업,~199,300.0,200.0,2022,100.0
17000,M,25~29,정규직,200~299,4800.0,4100.0,2022,700.0
17000,M,25~29,정규직,300~399,7400.0,5300.0,2022,2100.0
17000,M,25~29,정규직,400~499,5000.0,2700.0,2022,2300.0
17000,M,25~29,정규직,500~599,800.0,200.0,2022,600.0
17000,M,25~29,정규직,600~799,1000.0,400.0,2022,600.0
17000,M,25~29,정규직,~199,800.0,700.0,2022,100.0
17000,M,30~34,비정규직,200~299,900.0,800.0,2022,100.0
17000,M,30~34,비정규직,300~399,300.0,200.0,2022,100.0
17000,M,30~34,비정규직,400~499,100.0,100.0,2022,0.0
17000,M,30~34,비정규직,~199,1500.0,1400.0,2022,100.0
17000,M,30~34,자영업,200~299,300.0,100.0,2022,200.0
17000,M,30~34,자영업,~199,300.0,300.0,2022,0.0
17000,M,30~34,정규직,200~299,2700.0,2200.0,2022,500.0
17000,M,30~34,정규직,300~399,5800.0,3400.0,2022,2400.0
17000,M,30~34,정규직,400~499,5400.0,1900.0,2022,3500.0
17000,M,30~34,정규직,500~599,4000.0,400.0,2022,3600.0
17000,M,30~34,정규직,600~799,1400.0,400.0,2022,1000.0
17000,M,30~34,정규직,800+,700.0,100.0,2022,600.0
17000,M,30~34,정규직,~199,600.0,400.0,2022,200.0
17000,M,35~39,비정규직,200~299,600.0,400.0,2022,200.0
17000,M,35~39,비정규직,300~399,200.0,100.0,2022,100.0
17000,M,35~39,비정규직,400~499,100.0,0.0,2022,100.0
17000,M,35~39,비정규직,600~799,100.0,100.0,2022,0.0
17000,M,35~39,비정규직,~199,800.0,800.0,2022,0.0
17000,M,35~39,자영업,200~299,400.0,0.0,2022,400.0
17000,M,35~39,자영업,300~399,200.0,100.0,2022,100.0
17000,M,35~39,자영업,400~499,100.0,0.0,2022,100.0
17000,M,35~39,자영업,500~599,100.0,100.0,2022,0.0
17000,M,35~39,자영업,800+,100.0,0.0,2022,100.0
17000,M,35~39,자영업,~199,400.0,300.0,2022,100.0
17000,M,35~39,정규직,200~299,2100.0,1300.0,2022,800.0
17000,M,35~39,정규직,300~399,5100.0,1400.0,2022,3700.0
17000,M,35~39,정규직,400~499,6000.0,1500.0,2022,4500.0
17000,M,35~39,정규직,500~599,4600.0,1000.0,2022,3600.0
17000,M,35~39,정규직,600~799,4500.0,600.0,2022,3900.0
17000,M,35~39,정규직,800+,1000.0,0.0,2022,1000.0
17000,M,35~39,정규직,~199,500.0,400.0,2022,100.0
17000,M,40~44,비정규직,200~299,400.0,400.0,2022,0.0
17000,M,40~44,비정규직,300~399,400.0,200.0,2022,200.0
17000,M,40~44,비정규직,400~499,100.0,0.0,2022,100.0
17000,M,40~44,비정규직,~199,1600.0,1100.0,2022,500.0
17000,M,40~44,자영업,200~299,400.0,200.0,2022,200.0
17000,M,40~44,자영업,300~399,200.0,0.0,2022,200.0
17000,M,40~44,자영업,400~499,300.0,0.0,2022,300.0
17000,M,40~44,자영업,500~599,300.0,0.0,2022,300.0
17000,M,40~44,자영업,600~799,100.0,0.0,2022,100.0
17000,M,40~44,자영업,800+,200.0,0.0,2022,200.0
17000,M,40~44,자영업,~199,800.0,200.0,2022,600.0
17000,M,40~44,정규직,200~299,1700.0,900.0,2022,800.0
17000,M,40~44,정규직,300~399,4100.0,1500.0,2022,2600.0
17000,M,40~44,정규직,400~499,6400.0,2100.0,2022,4300.0
17000,M,40~44,정규직,500~599,4600.0,900.0,2022,3700.0
17000,M,40~44,정규직,600~799,5300.0,300.0,2022,5000.0
17000,M,40~44,정규직,800+,2300.0,100.0,2022,2200.0
17000,M,40~44,정규직,~199,300.0,100.0,2022,200.0
18000,F,25~29,비정규직,200~299,1100.0,1000.0,2022,100.0
18000,F,25~29,비정규직,~199,2400.0,1300.0,2022,1100.0
18000,F,25~29,자영업,300~399,100.0,0.0,2022,100.0
18000,F,25~29,정규직,200~299,3900.0,2800.0,2022,1100.0
18000,F,25~29,정규직,300~399,3100.0,2500.0,2022,600.0
18000,F,25~29,정규직,400~499,900.0,700.0,2022,200.0
18000,F,25~29,정규직,500~599,200.0,200.0,2022,0.0
18000,F,25~29,정규직,800+,100.0,0.0,2022,100.0
18000,F,25~29,정규직,~199,1400.0,600.0,2022,800.0
18000,F,30~34,비정규직,200~299,900.0,400.0,2022,500.0
18000,F,30~34,비정규직,300~399,200.0,0.0,2022,200.0
18000,F,30~34,비정규직,400~499,100.0,0.0,2022,100.0
18000,F,30~34,비정규직,~199,3600.0,1400.0,2022,2200.0
18000,F,30~34,자영업,~199,400.0,100.0,2022,300.0
18000,F,30~34,정규직,200~299,2700.0,1400.0,2022,1300.0
18000,F,30~34,정규직,300~399,2800.0,1200.0,2022,1600.0
18000,F,30~34,정규직,400~499,1600.0,600.0,2022,1000.0
18000,F,30~34,정규직,500~599,500.0,200.0,2022,300.0
18000,F,30~34,정규직,600~799,100.0,0.0,2022,100.0
18000,F,30~34,정규직,800+,100.0,0.0,2022,100.0
18000,F,30~34,정규직,~199,1100.0,300.0,2022,800.0
18000,F,35~39,비정규직,200~299,1000.0,100.0,2022,900.0
18000,F,35~39,비정규직,300~399,200.0,0.0,2022,200.0
18000,F,35~39,비정규직,~199,5600.0,900.0,2022,4700.0
18000,F,35~39,자영업,~199,500.0,0.0,2022,500.0
18000,F,35~39,정규직,200~299,3400.0,1000.0,2022,2400.0
18000,F,35~39,정규직,300~399,2500.0,900.0,2022,1600.0
18000,F,35~39,정규직,400~499,1200.0,400.0,2022,800.0
18000,F,35~39,정규직,500~599,800.0,200.0,2022,600.0
18000,F,35~39,정규직,600~799,200.0,200.0,2022,0.0
18000,F,35~39,정규직,800+,100.0,0.0,2022,100.0
18000,F,35~39,정규직,~199,800.0,300.0,2022,500.0
18000,F,40~44,비정규직,200~299,1600.0,200.0,2022,1400.0
18000,F,40~44,비정규직,300~399,100.0,0.0,2022,100.0
18000,F,40~44,비정규직,~199,6300.0,600.0,2022,5700.0
18000,F,40~44,자영업,200~299,200.0,0.0,2022,200.0
18000,F,40~44,자영업,300~399,100.0,0.0,2022,100.0
18000,F,40~44,자영업,~199,600.0,200.0,2022,400.0
18000,F,40~44,정규직,200~299,2800.0,800.0,2022,2000.0
18000,F,40~44,정규직,300~399,2800.0,700.0,2022,2100.0
18000,F,40~44,정규직,400~499,1600.0,400.0,2022,1200.0
18000,F,40~44,정규직,500~599,800.0,100.0,2022,700.0
18000,F,40~44,정규직,600~799,500.0,300.0,2022,200.0
18000,F,40~44,정규직,~199,1200.0,200.0,2022,1000.0
18000,M,25~29,비정규직,200~299,200.0,200.0,2022,0.0
18000,M,25~29,비정규직,300~399,200.0,100.0,2022,100.0
18000,M,25~29,비정규직,400~499,100.0,100.0,2022,0.0
18000,M,25~29,비정규직,~199,1300.0,1200.0,2022,100.0
18000,M,25~29,자영업,200~299,100.0,100.0,2022,0.0
18000,M,25~29,자영업,400~499,100.0,0.0,2022,100.0
18000,M,25~29,자영업,~199,200.0,200.0,2022,0.0
18000,M,25~29,정규직,200~299,3600.0,2900.0,2022,700.0
18000,M,25~29,정규직,300~399,4500.0,3600.0,2022,900.0
18000,M,25~29,정규직,400~499,3500.0,2100.0,2022,1400.0
18000,M,25~29,정규직,500~599,700.0,500.0,2022,200.0
18000,M,25~29,정규직,600~799,500.0,200.0,2022,300.0
18000,M,25~29,정규직,800+,100.0,100.0,2022,0.0
18000,M,25~29,정규직,~199,400.0,300.0,2022,100.0
18000,M,30~34,비정규직,200~299,200.0,200.0,2022,0.0
18000,M,30~34,비정규직,300~399,200.0,100.0,2022,100.0
18000,M,30~34,비정규직,400~499,200.0,0.0,2022,200.0
18000,M,30~34,비정규직,600~799,100.0,100.0,2022,0.0
18000,M,30~34,비정규직,~199,1200.0,1200.0,2022,0.0
18000,M,30~34,자영업,300~399,100.0,0.0,2022,100.0
18000,M,30~34,자영업,~199,200.0,200.0,2022,0.0
18000,M,30~34,정규직,200~299,3100.0,2300.0,2022,800.0
18000,M,30~34,정규직,300~399,3700.0,2400.0,2022,1300.0
18000,M,30~34,정규직,400~499,4300.0,1600.0,2022,2700.0
18000,M,30~34,정규직,500~599,2000.0,600.0,2022,1400.0
18000,M,30~34,정규직,600~799,1100.0,100.0,2022,1000.0
18000,M,30~34,정규직,800+,300.0,0.0,2022,300.0
18000,M,30~34,정규직,~199,100.0,100.0,2022,0.0
18000,M,35~39,비정규직,200~299,700.0,600.0,2022,100.0
18000,M,35~39,비정규직,300~399,100.0,0.0,2022,100.0
18000,M,35~39,비정규직,400~499,300.0,200.0,2022,100.0
18000,M,35~39,비정규직,~199,800.0,700.0,2022,100.0
18000,M,35~39,자영업,200~299,300.0,0.0,2022,300.0
18000,M,35~39,자영업,300~399,100.0,0.0,2022,100.0
18000,M,35~39,자영업,400~499,200.0,100.0,2022,100.0
18000,M,35~39,자영업,500~599,100.0,0.0,2022,100.0
18000,M,35~39,자영업,600~799,100.0,0.0,2022,100.0
18000,M,35~39,자영업,~199,500.0,200.0,2022,300.0
18000,M,35~39,정규직,200~299,1700.0,800.0,2022,900.0
18000,M,35~39,정규직,300~399,4400.0,2000.0,2022,2400.0
18000,M,35~39,정규직,400~499,3100.0,600.0,2022,2500.0
18000,M,35~39,정규직,500~599,2800.0,400.0,2022,2400.0
18000,M,35~39,정규직,600~799,2400.0,400.0,2022,2000.0
18000,M,35~39,정규직,800+,1000.0,100.0,2022,900.0
18000,M,35~39,정규직,~199,600.0,600.0,2022,0.0
18000,M,40~44,비정규직,200~299,400.0,200.0,2022,200.0
18000,M,40~44,비정규직,300~399,200.0,100.0,2022,100.0
18000,M,40~44,비정규직,~199,500.0,300.0,2022,200.0
18000,M,40~44,자영업,200~299,500.0,100.0,2022,400.0
18000,M,40~44,자영업,300~399,100.0,0.0,2022,100.0
18000,M,40~44,자영업,600~799,100.0,0.0,2022,100.0
18000,M,40~44,자영업,800+,100.0,0.0,2022,100.0
18000,M,40~44,자영업,~199,400.0,400.0,2022,0.0
18000,M,40~44,정규직,200~299,1700.0,700.0,2022,1000.0
18000,M,40~44,정규직,300~399,3000.0,1000.0,2022,2000.0
18000,M,40~44,정규직,400~499,4400.0,1400.0,2022,3000.0
18000,M,40~44,정규직,500~599,3700.0,400.0,2022,3300.0
18000,M,40~44,정규직,600~799,4000.0,300.0,2022,3700.0
18000,M,40~44,정규직,800+,700.0,100.0,2022,600.0
18000,M,40~44,정규직,~199,300.0,300.0,2022,0.0
19000,F,25~29,비정규직,200~299,1100.0,800.0,2022,300.0
19000,F,25~29,비정규직,~199,2000.0,1100.0,2022,900.0
19000,F,25~29,자영업,200~299,100.0,0.0,2022,100.0
19000,F,25~29,자영업,~199,200.0,0.0,2022,200.0
19000,F,25~29,정규직,200~299,3600.0,2500.0,2022,1100.0
19000,F,25~29,정규직,300~399,3800.0,3000.0,2022,800.0
19000,F,25~29,정규직,400~499,1400.0,1100.0,2022,300.0
19000,F,25~29,정규직,500~599,300.0,200.0,2022,100.0
19000,F,25~29,정규직,800+,100.0,100.0,2022,0.0
19000,F,25~29,정규직,~199,900.0,700.0,2022,200.0
19000,F,30~34,비정규직,200~299,900.0,400.0,2022,500.0
19000,F,30~34,비정규직,300~399,100.0,100.0,2022,0.0
19000,F,30~34,비정규직,~199,4600.0,1000.0,2022,3600.0
19000,F,30~34,자영업,200~299,100.0,100.0,2022,0.0
19000,F,30~34,자영업,~199,400.0,100.0,2022,300.0
19000,F,30~34,정규직,200~299,2500.0,1200.0,2022,1300.0
19000,F,30~34,정규직,300~399,2500.0,1100.0,2022,1400.0
19000,F,30~34,정규직,400~499,1100.0,200.0,2022,900.0
19000,F,30~34,정규직,500~599,400.0,300.0,2022,100.0
19000,F,30~34,정규직,~199,1200.0,600.0,2022,600.0
19000,F,35~39,비정규직,200~299,900.0,300.0,2022,600.0
19000,F,35~39,비정규직,300~399,100.0,0.0,2022,100.0
19000,F,35~39,비정규직,400~499,100.0,0.0,2022,100.0
19000,F,35~39,비정규직,~199,6600.0,900.0,2022,5700.0
19000,F,35~39,자영업,300~399,100.0,0.0,2022,100.0
19000,F,35~39,자영업,500~599,100.0,0.0,2022,100.0
19000,F,35~39,자영업,~199,800.0,200.0,2022,600.0
19000,F,35~39,정규직,200~299,2400.0,500.0,2022,1900.0
19000,F,35~39,정규직,300~399,2000.0,500.0,2022,1500.0
19000,F,35~39,정규직,400~499,1100.0,200.0,2022,900.0
19000,F,35~39,정규직,500~599,400.0,0.0,2022,400.0
19000,F,35~39,정규직,600~799,200.0,100.0,2022,100.0
19000,F,35~39,정규직,~199,700.0,100.0,2022,600.0
19000,F,40~44,비정규직,200~299,1800.0,400.0,2022,1400.0
19000,F,40~44,비정규직,300~399,100.0,0.0,2022,100.0
19000,F,40~44,비정규직,400~499,100.0,0.0,2022,100.0
19000,F,40~44,비정규직,800+,100.0,100.0,2022,0.0
19000,F,40~44,비정규직,~199,6800.0,500.0,2022,6300.0
19000,F,40~44,자영업,200~299,100.0,0.0,2022,100.0
19000,F,40~44,자영업,~199,700.0,300.0,2022,400.0
19000,F,40~44,정규직,200~299,2100.0,600.0,2022,1500.0
19000,F,40~44,정규직,300~399,2200.0,400.0,2022,1800.0
19000,F,40~44,정규직,400~499,1500.0,400.0,2022,1100.0
19000,F,40~44,정규직,500~599,1000.0,300.0,2022,700.0
19000,F,40~44,정규직,600~799,600.0,100.0,2022,500.0
19000,F,40~44,정규직,~199,500.0,100.0,2022,400.0
19000,M,25~29,비정규직,200~299,900.0,800.0,2022,100.0
19000,M,25~29,비정규직,300~399,200.0,100.0,2022,100.0
19000,M,25~29,비정규직,400~499,100.0,100.0,2022,0.0
19000,M,25~29,비정규직,~199,500.0,500.0,2022,0.0
19000,M,25~29,자영업,300~399,100.0,100.0,2022,0.0
19000,M,25~29,자영업,600~799,100.0,0.0,2022,100.0
19000,M,25~29,자영업,~199,200.0,200.0,2022,0.0
19000,M,25~29,정규직,200~299,3700.0,3200.0,2022,500.0
19000,M,25~29,정규직,300~399,4700.0,3500.0,2022,1200.0
19000,M,25~29,정규직,400~499,3200.0,1700.0,2022,1500.0
19000,M,25~29,정규직,500~599,1200.0,700.0,2022,500.0
19000,M,25~29,정규직,600~799,500.0,300.0,2022,200.0
19000,M,25~29,정규직,~199,700.0,700.0,2022,0.0
19000,M,30~34,비정규직,200~299,500.0,400.0,2022,100.0
19000,M,30~34,비정규직,800+,100.0,0.0,2022,100.0
19000,M,30~34,비정규직,~199,1100.0,1000.0,2022,100.0
19000,M,30~34,자영업,200~299,100.0,100.0,2022,0.0
19000,M,30~34,자영업,300~399,100.0,0.0,2022,100.0
19000,M,30~34,자영업,400~499,100.0,0.0,2022,100.0
19000,M,30~34,자영업,500~599,100.0,0.0,2022,100.0
19000,M,30~34,자영업,800+,300.0,0.0,2022,300.0
19000,M,30~34,자영업,~199,400.0,300.0,2022,100.0
19000,M,30~34,정규직,200~299,2200.0,1700.0,2022,500.0
19000,M,30~34,정규직,300~399,4400.0,2200.0,2022,2200.0
19000,M,30~34,정규직,400~499,3800.0,1200.0,2022,2600.0
19000,M,30~34,정규직,500~599,2200.0,1000.0,2022,1200.0
19000,M,30~34,정규직,600~799,1000.0,200.0,2022,800.0
19000,M,30~34,정규직,800+,600.0,100.0,2022,500.0
19000,M,30~34,정규직,~199,300.0,300.0,2022,0.0
19000,M,35~39,비정규직,200~299,600.0,500.0,2022,100.0
19000,M,35~39,비정규직,300~399,100.0,0.0,2022,100.0
19000,M,35~39,비정규직,~199,1000.0,800.0,2022,200.0
19000,M,35~39,자영업,200~299,300.0,100.0,2022,200.0
19000,M,35~39,자영업,400~499,200.0,100.0,2022,100.0
19000,M,35~39,자영업,600~799,100.0,0.0,2022,100.0
19000,M,35~39,자영업,~199,700.0,300.0,2022,400.0
19000,M,35~39,정규직,200~299,2100.0,1400.0,2022,700.0
19000,M,35~39,정규직,300~399,3500.0,1500.0,2022,2000.0
19000,M,35~39,정규직,400~499,3900.0,1000.0,2022,2900.0
19000,M,35~39,정규직,500~599,3000.0,400.0,2022,2600.0
19000,M,35~39,정규직,600~799,1900.0,200.0,2022,1700.0
19000,M,35~39,정규직,800+,1000.0,0.0,2022,1000.0
19000,M,35~39,정규직,~199,500.0,400.0,2022,100.0
19000,M,40~44,비정규직,200~299,300.0,200.0,2022,100.0
19000,M,40~44,비정규직,400~499,100.0,0.0,2022,100.0
19000,M,40~44,비정규직,500~599,100.0,100.0,2022,0.0
19000,M,40~44,비정규직,~199,500.0,500.0,2022,0.0
19000,M,40~44,자영업,200~299,300.0,0.0,2022,300.0
19000,M,40~44,자영업,300~399,300.0,0.0,2022,300.0
19000,M,40~44,자영업,400~499,100.0,0.0,2022,100.0
19000,M,40~44,자영업,500~599,200.0,0.0,2022,200.0
19000,M,40~44,자영업,600~799,100.0,0.0,2022,100.0
19000,M,40~44,자영업,800+,100.0,0.0,2022,100.0
19000,M,40~44,자영업,~199,400.0,300.0,2022,100.0
19000,M,40~44,정규직,200~299,1300.0,800.0,2022,500.0
19000,M,40~44,정규직,300~399,3700.0,800.0,2022,2900.0
19000,M,40~44,정규직,400~499,4000.0,1200.0,2022,2800.0
19000,M,40~44,정규직,500~599,2900.0,300.0,2022,2600.0
19000,M,40~44,정규직,600~799,4400.0,400.0,2022,4000.0
19000,M,40~44,정규직,800+,1500.0,300.0,2022,1200.0
19000,M,40~44,정규직,~199,200.0,100.0,2022,100.0
20000,F,25~29,비정규직,200~299,1900.0,1400.0,2022,500.0
20000,F,25~29,비정규직,300~399,400.0,100.0,2022,300.0
20000,F,25~29,비정규직,400~499,100.0,100.0,2022,0.0
20000,F,25~29,비정규직,~199,5100.0,2700.0,2022,2400.0
20000,F,25~29,자영업,~199,700.0,500.0,2022,200.0
20000,F,25~29,정규직,200~299,10700.0,7000.0,2022,3700.0
20000,F,25~29,정규직,300~399,7600.0,5400.0,2022,2200.0
20000,F,25~29,정규직,400~499,3700.0,2500.0,2022,1200.0
20000,F,25~29,정규직,500~599,600.0,500.0,2022,100.0
20000,F,25~29,정규직,600~799,100.0,100.0,2022,0.0
20000,F,25~29,정규직,~199,1700.0,900.0,2022,800.0
20000,F,30~34,비정규직,200~299,3900.0,1700.0,2022,2200.0
20000,F,30~34,비정규직,300~399,300.0,300.0,2022,0.0
20000,F,30~34,비정규직,~199,9500.0,2800.0,2022,6700.0
20000,F,30~34,자영업,200~299,100.0,100.0,2022,0.0
20000,F,30~34,자영업,400~499,100.0,100.0,2022,0.0
20000,F,30~34,자영업,~199,700.0,200.0,2022,500.0
20000,F,30~34,정규직,200~299,6500.0,3200.0,2022,3300.0
20000,F,30~34,정규직,300~399,6700.0,3500.0,2022,3200.0
20000,F,30~34,정규직,400~499,2600.0,1300.0,2022,1300.0
20000,F,30~34,정규직,500~599,400.0,300.0,2022,100.0
20000,F,30~34,정규직,600~799,400.0,100.0,2022,300.0
20000,F,30~34,정규직,~199,2700.0,1000.0,2022,1700.0
20000,F,35~39,비정규직,200~299,2900.0,1100.0,2022,1800.0
20000,F,35~39,비정규직,300~399,500.0,0.0,2022,500.0
20000,F,35~39,비정규직,400~499,100.0,0.0,2022,100.0
20000,F,35~39,비정규직,~199,14500.0,2000.0,2022,12500.0
20000,F,35~39,자영업,200~299,100.0,100.0,2022,0.0
20000,F,35~39,자영업,~199,1600.0,500.0,2022,1100.0
20000,F,35~39,정규직,200~299,7300.0,3300.0,2022,4000.0
20000,F,35~39,정규직,300~399,5900.0,1600.0,2022,4300.0
20000,F,35~39,정규직,400~499,3600.0,1200.0,2022,2400.0
20000,F,35~39,정규직,500~599,1200.0,500.0,2022,700.0
20000,F,35~39,정규직,600~799,700.0,200.0,2022,500.0
20000,F,35~39,정규직,800+,200.0,200.0,2022,0.0
20000,F,35~39,정규직,~199,2400.0,800.0,2022,1600.0
20000,F,40~44,비정규직,200~299,3900.0,600.0,2022,3300.0
20000,F,40~44,비정규직,300~399,800.0,200.0,2022,600.0
20000,F,40~44,비정규직,500~599,100.0,0.0,2022,100.0
20000,F,40~44,비정규직,~199,20500.0,1800.0,2022,18700.0
20000,F,40~44,자영업,200~299,300.0,0.0,2022,300.0
20000,F,40~44,자영업,300~399,200.0,0.0,2022,200.0
20000,F,40~44,자영업,~199,1600.0,400.0,2022,1200.0
20000,F,40~44,정규직,200~299,5600.0,1100.0,2022,4500.0
20000,F,40~44,정규직,300~399,4900.0,1700.0,2022,3200.0
20000,F,40~44,정규직,400~499,3900.0,1000.0,2022,2900.0
20000,F,40~44,정규직,500~599,1500.0,600.0,2022,900.0
20000,F,40~44,정규직,600~799,1200.0,500.0,2022,700.0
20000,F,40~44,정규직,800+,200.0,0.0,2022,200.0
20000,F,40~44,정규직,~199,1600.0,600.0,2022,1000.0
20000,M,25~29,비정규직,200~299,1800.0,1800.0,2022,0.0
20000,M,25~29,비정규직,300~399,1100.0,1000.0,2022,100.0
20000,M,25~29,비정규직,~199,3000.0,3000.0,2022,0.0
20000,M,25~29,자영업,200~299,100.0,100.0,2022,0.0
20000,M,25~29,자영업,300~399,100.0,0.0,2022,100.0
20000,M,25~29,자영업,600~799,100.0,0.0,2022,100.0
20000,M,25~29,자영업,~199,600.0,600.0,2022,0.0
20000,M,25~29,정규직,200~299,10700.0,9700.0,2022,1000.0
20000,M,25~29,정규직,300~399,10400.0,6700.0,2022,3700.0
20000,M,25~29,정규직,400~499,7000.0,3400.0,2022,3600.0
20000,M,25~29,정규직,500~599,3200.0,1800.0,2022,1400.0
20000,M,25~29,정규직,600~799,500.0,300.0,2022,200.0
20000,M,25~29,정규직,800+,200.0,0.0,2022,200.0
20000,M,25~29,정규직,~199,1900.0,1800.0,2022,100.0
20000,M,30~34,비정규직,200~299,2100.0,1500.0,2022,600.0
20000,M,30~34,비정규직,300~399,200.0,200.0,2022,0.0
20000,M,30~34,비정규직,400~499,200.0,200.0,2022,0.0
20000,M,30~34,비정규직,~199,1800.0,1500.0,2022,300.0
20000,M,30~34,자영업,200~299,100.0,0.0,2022,100.0
20000,M,30~34,자영업,300~399,100.0,0.0,2022,100.0
20000,M,30~34,자영업,400~499,100.0,0.0,2022,100.0
20000,M,30~34,자영업,800+,200.0,100.0,2022,100.0
20000,M,30~34,자영업,~199,600.0,500.0,2022,100.0
20000,M,30~34,정규직,200~299,4900.0,4300.0,2022,600.0
20000,M,30~34,정규직,300~399,10800.0,4300.0,2022,6500.0
20000,M,30~34,정규직,400~499,11300.0,4700.0,2022,6600.0
20000,M,30~34,정규직,500~599,4700.0,1300.0,2022,3400.0
20000,M,30~34,정규직,600~799,3000.0,300.0,2022,2700.0
20000,M,30~34,정규직,800+,300.0,0.0,2022,300.0
20000,M,30~34,정규직,~199,1000.0,800.0,2022,200.0
20000,M,35~39,비정규직,200~299,1400.0,1100.0,2022,300.0
20000,M,35~39,비정규직,300~399,100.0,0.0,2022,100.0
20000,M,35~39,비정규직,500~599,100.0,100.0,2022,0.0
20000,M,35~39,비정규직,600~799,100.0,0.0,2022,100.0
20000,M,35~39,비정규직,~199,1200.0,800.0,2022,400.0
20000,M,35~39,자영업,200~299,1100.0,600.0,2022,500.0
20000,M,35~39,자영업,300~399,500.0,0.0,2022,500.0
20000,M,35~39,자영업,400~499,200.0,0.0,2022,200.0
20000,M,35~39,자영업,500~599,200.0,100.0,2022,100.0
20000,M,35~39,자영업,600~799,300.0,0.0,2022,300.0
20000,M,35~39,자영업,800+,500.0,0.0,2022,500.0
20000,M,35~39,자영업,~199,900.0,300.0,2022,600.0
20000,M,35~39,정규직,200~299,4000.0,2200.0,2022,1800.0
20000,M,35~39,정규직,300~399,11100.0,4600.0,2022,6500.0
20000,M,35~39,정규직,400~499,10200.0,2100.0,2022,8100.0
20000,M,35~39,정규직,500~599,7200.0,1500.0,2022,5700.0
20000,M,35~39,정규직,600~799,5000.0,600.0,2022,4400.0
20000,M,35~39,정규직,800+,1600.0,100.0,2022,1500.0
20000,M,35~39,정규직,~199,800.0,500.0,2022,300.0
20000,M,40~44,비정규직,200~299,1500.0,1200.0,2022,300.0
20000,M,40~44,비정규직,300~399,800.0,400.0,2022,400.0
20000,M,40~44,비정규직,400~499,200.0,0.0,2022,200.0
20000,M,40~44,비정규직,800+,100.0,100.0,2022,0.0
20000,M,40~44,비정규직,~199,2400.0,1800.0,2022,600.0
20000,M,40~44,자영업,200~299,900.0,400.0,2022,500.0
20000,M,40~44,자영업,300~399,800.0,0.0,2022,800.0
20000,M,40~44,자영업,400~499,100.0,0.0,2022,100.0
20000,M,40~44,자영업,500~599,200.0,0.0,2022,200.0
20000,M,40~44,자영업,600~799,100.0,0.0,2022,100.0
20000,M,40~44,자영업,800+,600.0,0.0,2022,600.0
20000,M,40~44,자영업,~199,2100.0,800.0,2022,1300.0
20000,M,40~44,정규직,200~299,4900.0,2600.0,2022,2300.0
20000,M,40~44,정규직,300~399,7700.0,2800.0,2022,4900.0
20000,M,40~44,정규직,400~499,10000.0,2200.0,2022,7800.0
20000,M,40~44,정규직,500~599,9100.0,1800.0,2022,7300.0
20000,M,40~44,정규직,600~799,8900.0,900.0,2022,8000.0
20000,M,40~44,정규직,800+,3200.0,100.0,2022,3100.0
20000,M,40~44,정규직,~199,500.0,300.0,2022,200.0
21000,F,25~29,비정규직,200~299,2100.0,1500.0,2022,600.0
21000,F,25~29,비정규직,300~399,400.0,100.0,2022,300.0
21000,F,25~29,비정규직,400~499,300.0,300.0,2022,0.0
21000,F,25~29,비정규직,~199,6200.0,2600.0,2022,3600.0
21000,F,25~29,자영업,200~299,300.0,300.0,2022,0.0
21000,F,25~29,자영업,300~399,100.0,100.0,2022,0.0
21000,F,25~29,자영업,~199,200.0,100.0,2022,100.0
21000,F,25~29,정규직,200~299,10200.0,7300.0,2022,2900.0
21000,F,25~29,정규직,300~399,6400.0,4500.0,2022,1900.0
21000,F,25~29,정규직,400~499,2600.0,1700.0,2022,900.0
21000,F,25~29,정규직,500~599,400.0,400.0,2022,0.0
21000,F,25~29,정규직,600~799,100.0,100.0,2022,0.0
21000,F,25~29,정규직,~199,2500.0,1800.0,2022,700.0
21000,F,30~34,비정규직,200~299,2400.0,700.0,2022,1700.0
21000,F,30~34,비정규직,300~399,100.0,100.0,2022,0.0
21000,F,30~34,비정규직,500~599,400.0,100.0,2022,300.0
21000,F,30~34,비정규직,~199,11300.0,2500.0,2022,8800.0
21000,F,30~34,자영업,200~299,200.0,0.0,2022,200.0
21000,F,30~34,자영업,~199,700.0,100.0,2022,600.0
21000,F,30~34,정규직,200~299,5700.0,2600.0,2022,3100.0
21000,F,30~34,정규직,300~399,5200.0,2700.0,2022,2500.0
21000,F,30~34,정규직,400~499,3200.0,1100.0,2022,2100.0
21000,F,30~34,정규직,500~599,1500.0,800.0,2022,700.0
21000,F,30~34,정규직,600~799,400.0,300.0,2022,100.0
21000,F,30~34,정규직,~199,1500.0,300.0,2022,1200.0
21000,F,35~39,비정규직,200~299,2700.0,900.0,2022,1800.0
21000,F,35~39,비정규직,300~399,500.0,100.0,2022,400.0
21000,F,35~39,비정규직,400~499,400.0,200.0,2022,200.0
21000,F,35~39,비정규직,500~599,100.0,100.0,2022,0.0
21000,F,35~39,비정규직,800+,100.0,0.0,2022,100.0
21000,F,35~39,비정규직,~199,16800.0,1400.0,2022,15400.0
21000,F,35~39,자영업,200~299,100.0,0.0,2022,100.0
21000,F,35~39,자영업,~199,1300.0,0.0,2022,1300.0
21000,F,35~39,정규직,200~299,3600.0,700.0,2022,2900.0
21000,F,35~39,정규직,300~399,4500.0,1600.0,2022,2900.0
21000,F,35~39,정규직,400~499,3300.0,1200.0,2022,2100.0
21000,F,35~39,정규직,500~599,1300.0,500.0,2022,800.0
21000,F,35~39,정규직,600~799,1100.0,700.0,2022,400.0
21000,F,35~39,정규직,800+,400.0,0.0,2022,400.0
21000,F,35~39,정규직,~199,2300.0,600.0,2022,1700.0
21000,F,40~44,비정규직,200~299,3000.0,400.0,2022,2600.0
21000,F,40~44,비정규직,300~399,300.0,0.0,2022,300.0
21000,F,40~44,비정규직,400~499,100.0,0.0,2022,100.0
21000,F,40~44,비정규직,500~599,100.0,0.0,2022,100.0
21000,F,40~44,비정규직,600~799,100.0,0.0,2022,100.0
21000,F,40~44,비정규직,~199,20000.0,1500.0,2022,18500.0
21000,F,40~44,자영업,300~399,200.0,100.0,2022,100.0
21000,F,40~44,자영업,400~499,100.0,100.0,2022,0.0
21000,F,40~44,자영업,500~599,100.0,0.0,2022,100.0
21000,F,40~44,자영업,600~799,300.0,100.0,2022,200.0
21000,F,40~44,자영업,800+,100.0,100.0,2022,0.0
21000,F,40~44,자영업,~199,1400.0,0.0,2022,1400.0
21000,F,40~44,정규직,200~299,7000.0,1900.0,2022,5100.0
21000,F,40~44,정규직,300~399,4200.0,1300.0,2022,2900.0
21000,F,40~44,정규직,400~499,4100.0,1200.0,2022,2900.0
21000,F,40~44,정규직,500~599,2000.0,300.0,2022,1700.0
21000,F,40~44,정규직,600~799,2100.0,500.0,2022,1600.0
21000,F,40~44,정규직,800+,100.0,100.0,2022,0.0
21000,F,40~44,정규직,~199,1800.0,400.0,2022,1400.0
21000,M,25~29,비정규직,200~299,3000.0,2500.0,2022,500.0
21000,M,25~29,비정규직,300~399,500.0,400.0,2022,100.0
21000,M,25~29,비정규직,400~499,100.0,0.0,2022,100.0
21000,M,25~29,비정규직,~199,2200.0,2200.0,2022,0.0
21000,M,25~29,자영업,200~299,100.0,0.0,2022,100.0
21000,M,25~29,자영업,300~399,100.0,0.0,2022,100.0
21000,M,25~29,자영업,400~499,200.0,0.0,2022,200.0
21000,M,25~29,자영업,500~599,100.0,0.0,2022,100.0
21000,M,25~29,자영업,~199,200.0,100.0,2022,100.0
21000,M,25~29,정규직,200~299,7700.0,5700.0,2022,2000.0
21000,M,25~29,정규직,300~399,10200.0,7800.0,2022,2400.0
21000,M,25~29,정규직,400~499,9500.0,6000.0,2022,3500.0
21000,M,25~29,정규직,500~599,2600.0,1400.0,2022,1200.0
21000,M,25~29,정규직,600~799,500.0,200.0,2022,300.0
21000,M,25~29,정규직,800+,500.0,500.0,2022,0.0
21000,M,25~29,정규직,~199,1700.0,1600.0,2022,100.0
21000,M,30~34,비정규직,200~299,500.0,500.0,2022,0.0
21000,M,30~34,비정규직,300~399,600.0,100.0,2022,500.0
21000,M,30~34,비정규직,400~499,300.0,200.0,2022,100.0
21000,M,30~34,비정규직,500~599,100.0,0.0,2022,100.0
21000,M,30~34,비정규직,~199,1800.0,1600.0,2022,200.0
21000,M,30~34,자영업,200~299,200.0,0.0,2022,200.0
21000,M,30~34,자영업,400~499,200.0,0.0,2022,200.0
21000,M,30~34,자영업,600~799,200.0,0.0,2022,200.0
21000,M,30~34,자영업,~199,500.0,300.0,2022,200.0
21000,M,30~34,정규직,200~299,3900.0,2800.0,2022,1100.0
21000,M,30~34,정규직,300~399,9100.0,4900.0,2022,4200.0
21000,M,30~34,정규직,400~499,11100.0,4600.0,2022,6500.0
21000,M,30~34,정규직,500~599,7500.0,1800.0,2022,5700.0
21000,M,30~34,정규직,600~799,3100.0,900.0,2022,2200.0
21000,M,30~34,정규직,800+,500.0,200.0,2022,300.0
21000,M,30~34,정규직,~199,1800.0,1300.0,2022,500.0
21000,M,35~39,비정규직,200~299,1300.0,1100.0,2022,200.0
21000,M,35~39,비정규직,300~399,700.0,500.0,2022,200.0
21000,M,35~39,비정규직,400~499,100.0,100.0,2022,0.0
21000,M,35~39,비정규직,800+,100.0,0.0,2022,100.0
21000,M,35~39,비정규직,~199,1600.0,1400.0,2022,200.0
21000,M,35~39,자영업,200~299,600.0,200.0,2022,400.0
21000,M,35~39,자영업,300~399,300.0,100.0,2022,200.0
21000,M,35~39,자영업,400~499,500.0,100.0,2022,400.0
21000,M,35~39,자영업,500~599,300.0,0.0,2022,300.0
21000,M,35~39,자영업,600~799,100.0,0.0,2022,100.0
21000,M,35~39,자영업,800+,100.0,0.0,2022,100.0
21000,M,35~39,자영업,~199,900.0,300.0,2022,600.0
21000,M,35~39,정규직,200~299,3500.0,1900.0,2022,1600.0
21000,M,35~39,정규직,300~399,8000.0,3300.0,2022,4700.0
21000,M,35~39,정규직,400~499,10000.0,3000.0,2022,7000.0
21000,M,35~39,정규직,500~599,8700.0,1700.0,2022,7000.0
21000,M,35~39,정규직,600~799,7100.0,1100.0,2022,6000.0
21000,M,35~39,정규직,800+,1500.0,0.0,2022,1500.0
21000,M,35~39,정규직,~199,700.0,400.0,2022,300.0
21000,M,40~44,비정규직,200~299,1000.0,600.0,2022,400.0
21000,M,40~44,비정규직,300~399,500.0,200.0,2022,300.0
21000,M,40~44,비정규직,400~499,400.0,0.0,2022,400.0
21000,M,40~44,비정규직,500~599,100.0,0.0,2022,100.0
21000,M,40~44,비정규직,~199,2000.0,1800.0,2022,200.0
21000,M,40~44,자영업,200~299,1300.0,400.0,2022,900.0
21000,M,40~44,자영업,300~399,800.0,200.0,2022,600.0
21000,M,40~44,자영업,400~499,600.0,300.0,2022,300.0
21000,M,40~44,자영업,500~599,400.0,0.0,2022,400.0
21000,M,40~44,자영업,600~799,500.0,0.0,2022,500.0
21000,M,40~44,자영업,800+,300.0,100.0,2022,200.0
21000,M,40~44,자영업,~199,1000.0,400.0,2022,600.0
21000,M,40~44,정규직,200~299,2700.0,1600.0,2022,1100.0
21000,M,40~44,정규직,300~399,7900.0,2600.0,2022,5300.0
21000,M,40~44,정규직,400~499,9600.0,1800.0,2022,7800.0
21000,M,40~44,정규직,500~599,7400.0,1200.0,2022,6200.0
21000,M,40~44,정규직,600~799,9100.0,900.0,2022,8200.0
21000,M,40~44,정규직,800+,3800.0,200.0,2022,3600.0
21000,M,40~44,정규직,~199,700.0,500.0,2022,200.0
22000,F,25~29,비정규직,200~299,5300.0,4100.0,2022,1200.0
22000,F,25~29,비정규직,300~399,400.0,300.0,2022,100.0
22000,F,25~29,비정규직,~199,10000.0,5300.0,2022,4700.0
22000,F,25~29,자영업,200~299,500.0,300.0,2022,200.0
22000,F,25~29,자영업,400~499,200.0,200.0,2022,0.0
22000,F,25~29,자영업,~199,1200.0,1100.0,2022,100.0
22000,F,25~29,정규직,200~299,19800.0,14000.0,2022,5800.0
22000,F,25~29,정규직,300~399,11500.0,8900.0,2022,2600.0
22000,F,25~29,정규직,400~499,7100.0,4800.0,2022,2300.0
22000,F,25~29,정규직,500~599,1800.0,600.0,2022,1200.0
22000,F,25~29,정규직,600~799,400.0,200.0,2022,200.0
22000,F,25~29,정규직,~199,4600.0,2800.0,2022,1800.0
22000,F,30~34,비정규직,200~299,6400.0,3500.0,2022,2900.0
22000,F,30~34,비정규직,300~399,700.0,300.0,2022,400.0
22000,F,30~34,비정규직,~199,17600.0,5000.0,2022,12600.0
22000,F,30~34,자영업,500~599,100.0,100.0,2022,0.0
22000,F,30~34,자영업,600~799,200.0,0.0,2022,200.0
22000,F,30~34,자영업,~199,1800.0,400.0,2022,1400.0
22000,F,30~34,정규직,200~299,11300.0,6100.0,2022,5200.0
22000,F,30~34,정규직,300~399,10700.0,6000.0,2022,4700.0
22000,F,30~34,정규직,400~499,8000.0,2400.0,2022,5600.0
22000,F,30~34,정규직,500~599,2000.0,1100.0,2022,900.0
22000,F,30~34,정규직,600~799,700.0,400.0,2022,300.0
22000,F,30~34,정규직,~199,4300.0,2100.0,2022,2200.0
22000,F,35~39,비정규직,200~299,5600.0,2000.0,2022,3600.0
22000,F,35~39,비정규직,300~399,1000.0,400.0,2022,600.0
22000,F,35~39,비정규직,~199,25200.0,3100.0,2022,22100.0
22000,F,35~39,자영업,200~299,200.0,200.0,2022,0.0
22000,F,35~39,자영업,300~399,500.0,300.0,2022,200.0
22000,F,35~39,자영업,500~599,100.0,0.0,2022,100.0
22000,F,35~39,자영업,~199,2600.0,600.0,2022,2000.0
22000,F,35~39,정규직,200~299,10400.0,5400.0,2022,5000.0
22000,F,35~39,정규직,300~399,10300.0,3500.0,2022,6800.0
22000,F,35~39,정규직,400~499,7200.0,2900.0,2022,4300.0
22000,F,35~39,정규직,500~599,4700.0,1400.0,2022,3300.0
22000,F,35~39,정규직,600~799,1800.0,100.0,2022,1700.0
22000,F,35~39,정규직,800+,300.0,0.0,2022,300.0
22000,F,35~39,정규직,~199,3200.0,600.0,2022,2600.0
22000,F,40~44,비정규직,200~299,7500.0,2300.0,2022,5200.0
22000,F,40~44,비정규직,300~399,600.0,0.0,2022,600.0
22000,F,40~44,비정규직,400~499,200.0,0.0,2022,200.0
22000,F,40~44,비정규직,600~799,100.0,0.0,2022,100.0
22000,F,40~44,비정규직,800+,100.0,0.0,2022,100.0
22000,F,40~44,비정규직,~199,35600.0,3800.0,2022,31800.0
22000,F,40~44,자영업,200~299,100.0,100.0,2022,0.0
22000,F,40~44,자영업,300~399,300.0,100.0,2022,200.0
22000,F,40~44,자영업,600~799,100.0,0.0,2022,100.0
22000,F,40~44,자영업,~199,2400.0,700.0,2022,1700.0
22000,F,40~44,정규직,200~299,12200.0,5000.0,2022,7200.0
22000,F,40~44,정규직,300~399,9700.0,2800.0,2022,6900.0
22000,F,40~44,정규직,400~499,7300.0,1500.0,2022,5800.0
22000,F,40~44,정규직,500~599,3500.0,1200.0,2022,2300.0
22000,F,40~44,정규직,600~799,3000.0,400.0,2022,2600.0
22000,F,40~44,정규직,800+,500.0,200.0,2022,300.0
22000,F,40~44,정규직,~199,4300.0,700.0,2022,3600.0
22000,M,25~29,비정규직,200~299,3000.0,2800.0,2022,200.0
22000,M,25~29,비정규직,300~399,700.0,500.0,2022,200.0
22000,M,25~29,비정규직,400~499,500.0,500.0,2022,0.0
22000,M,25~29,비정규직,600~799,200.0,0.0,2022,200.0
22000,M,25~29,비정규직,800+,400.0,400.0,2022,0.0
22000,M,25~29,비정규직,~199,6200.0,5800.0,2022,400.0
22000,M,25~29,자영업,200~299,900.0,900.0,2022,0.0
22000,M,25~29,자영업,300~399,200.0,0.0,2022,200.0
22000,M,25~29,자영업,400~499,400.0,200.0,2022,200.0
22000,M,25~29,자영업,600~799,200.0,0.0,2022,200.0
22000,M,25~29,자영업,~199,800.0,200.0,2022,600.0
22000,M,25~29,정규직,200~299,16000.0,13000.0,2022,3000.0
22000,M,25~29,정규직,300~399,23700.0,19100.0,2022,4600.0
22000,M,25~29,정규직,400~499,13700.0,7600.0,2022,6100.0
22000,M,25~29,정규직,500~599,4600.0,2100.0,2022,2500.0
22000,M,25~29,정규직,600~799,2400.0,1000.0,2022,1400.0
22000,M,25~29,정규직,800+,400.0,200.0,2022,200.0
22000,M,25~29,정규직,~199,2700.0,2700.0,2022,0.0
22000,M,30~34,비정규직,200~299,4200.0,3800.0,2022,400.0
22000,M,30~34,비정규직,300~399,1200.0,800.0,2022,400.0
22000,M,30~34,비정규직,400~499,500.0,300.0,2022,200.0
22000,M,30~34,비정규직,500~599,300.0,300.0,2022,0.0
22000,M,30~34,비정규직,~199,4200.0,3200.0,2022,1000.0
22000,M,30~34,자영업,200~299,300.0,0.0,2022,300.0
22000,M,30~34,자영업,400~499,500.0,500.0,2022,0.0
22000,M,30~34,자영업,500~599,400.0,0.0,2022,400.0
22000,M,30~34,자영업,600~799,200.0,0.0,2022,200.0
22000,M,30~34,자영업,800+,300.0,0.0,2022,300.0
22000,M,30~34,자영업,~199,600.0,200.0,2022,400.0
22000,M,30~34,정규직,200~299,8400.0,5400.0,2022,3000.0
22000,M,30~34,정규직,300~399,17100.0,8800.0,2022,8300.0
22000,M,30~34,정규직,400~499,18600.0,8800.0,2022,9800.0
22000,M,30~34,정규직,500~599,15900.0,4500.0,2022,11400.0
22000,M,30~34,정규직,600~799,6600.0,1500.0,2022,5100.0
22000,M,30~34,정규직,800+,1000.0,0.0,2022,1000.0
22000,M,30~34,정규직,~199,500.0,500.0,2022,0.0
22000,M,35~39,비정규직,200~299,3700.0,2700.0,2022,1000.0
22000,M,35~39,비정규직,300~399,1300.0,1300.0,2022,0.0
22000,M,35~39,비정규직,400~499,100.0,0.0,2022,100.0
22000,M,35~39,비정규직,500~599,400.0,0.0,2022,400.0
22000,M,35~39,비정규직,600~799,300.0,0.0,2022,300.0
22000,M,35~39,비정규직,~199,3200.0,2600.0,2022,600.0
22000,M,35~39,자영업,200~299,1400.0,200.0,2022,1200.0
22000,M,35~39,자영업,300~399,400.0,0.0,2022,400.0
22000,M,35~39,자영업,400~499,1000.0,300.0,2022,700.0
22000,M,35~39,자영업,500~599,400.0,100.0,2022,300.0
22000,M,35~39,자영업,600~799,100.0,0.0,2022,100.0
22000,M,35~39,자영업,800+,700.0,300.0,2022,400.0
22000,M,35~39,자영업,~199,1300.0,700.0,2022,600.0
22000,M,35~39,정규직,200~299,7100.0,4700.0,2022,2400.0
22000,M,35~39,정규직,300~399,13500.0,7000.0,2022,6500.0
22000,M,35~39,정규직,400~499,17300.0,6900.0,2022,10400.0
22000,M,35~39,정규직,500~599,18300.0,3500.0,2022,14800.0
22000,M,35~39,정규직,600~799,16700.0,2600.0,2022,14100.0
22000,M,35~39,정규직,800+,5500.0,500.0,2022,5000.0
22000,M,35~39,정규직,~199,1200.0,800.0,2022,400.0
22000,M,40~44,비정규직,200~299,2200.0,1500.0,2022,700.0
22000,M,40~44,비정규직,300~399,1300.0,900.0,2022,400.0
22000,M,40~44,비정규직,400~499,700.0,600.0,2022,100.0
22000,M,40~44,비정규직,500~599,500.0,300.0,2022,200.0
22000,M,40~44,비정규직,~199,1500.0,1300.0,2022,200.0
22000,M,40~44,자영업,200~299,1200.0,300.0,2022,900.0
22000,M,40~44,자영업,300~399,1200.0,100.0,2022,1100.0
22000,M,40~44,자영업,400~499,1200.0,0.0,2022,1200.0
22000,M,40~44,자영업,500~599,500.0,0.0,2022,500.0
22000,M,40~44,자영업,600~799,300.0,0.0,2022,300.0
22000,M,40~44,자영업,800+,1700.0,200.0,2022,1500.0
22000,M,40~44,자영업,~199,3700.0,1700.0,2022,2000.0
22000,M,40~44,정규직,200~299,5800.0,3500.0,2022,2300.0
22000,M,40~44,정규직,300~399,12000.0,3300.0,2022,8700.0
22000,M,40~44,정규직,400~499,21900.0,5900.0,2022,16000.0
22000,M,40~44,정규직,500~599,14200.0,3500.0,2022,10700.0
22000,M,40~44,정규직,600~799,21800.0,3400.0,2022,18400.0
22000,M,40~44,정규직,800+,8600.0,400.0,2022,8200.0
22000,M,40~44,정규직,~199,1800.0,1100.0,2022,700.0
23000,F,25~29,비정규직,200~299,11500.0,9600.0,2022,1900.0
23000,F,25~29,비정규직,300~399,1100.0,900.0,2022,200.0
23000,F,25~29,비정규직,400~499,200.0,200.0,2022,0.0
23000,F,25~29,비정규직,500~599,200.0,200.0,2022,0.0
23000,F,25~29,비정규직,800+,200.0,200.0,2022,0.0
23000,F,25~29,비정규직,~199,31200.0,10000.0,2022,21200.0
23000,F,25~29,자영업,200~299,300.0,300.0,2022,0.0
23000,F,25~29,자영업,400~499,400.0,400.0,2022,0.0
23000,F,25~29,자영업,~199,4900.0,3800.0,2022,1100.0
23000,F,25~29,정규직,200~299,36300.0,29400.0,2022,6900.0
23000,F,25~29,정규직,300~399,45100.0,31100.0,2022,14000.0
23000,F,25~29,정규직,400~499,22800.0,13400.0,2022,9400.0
23000,F,25~29,정규직,500~599,6000.0,3100.0,2022,2900.0
23000,F,25~29,정규직,600~799,1300.0,200.0,2022,1100.0
23000,F,25~29,정규직,800+,800.0,800.0,2022,0.0
23000,F,25~29,정규직,~199,5600.0,4300.0,2022,1300.0
23000,F,30~34,비정규직,200~299,11300.0,6700.0,2022,4600.0
23000,F,30~34,비정규직,300~399,2200.0,1200.0,2022,1000.0
23000,F,30~34,비정규직,400~499,800.0,500.0,2022,300.0
23000,F,30~34,비정규직,500~599,300.0,300.0,2022,0.0
23000,F,30~34,비정규직,600~799,200.0,200.0,2022,0.0
23000,F,30~34,비정규직,~199,42200.0,5400.0,2022,36800.0
23000,F,30~34,자영업,200~299,300.0,300.0,2022,0.0
23000,F,30~34,자영업,~199,4200.0,800.0,2022,3400.0
23000,F,30~34,정규직,200~299,18200.0,6400.0,2022,11800.0
23000,F,30~34,정규직,300~399,30700.0,13000.0,2022,17700.0
23000,F,30~34,정규직,400~499,21700.0,9300.0,2022,12400.0
23000,F,30~34,정규직,500~599,5500.0,2700.0,2022,2800.0
23000,F,30~34,정규직,600~799,4600.0,2900.0,2022,1700.0
23000,F,30~34,정규직,800+,500.0,0.0,2022,500.0
23000,F,30~34,정규직,~199,6500.0,3000.0,2022,3500.0
23000,F,35~39,비정규직,200~299,10100.0,3100.0,2022,7000.0
23000,F,35~39,비정규직,300~399,1900.0,700.0,2022,1200.0
23000,F,35~39,비정규직,400~499,200.0,0.0,2022,200.0
23000,F,35~39,비정규직,500~599,400.0,400.0,2022,0.0
23000,F,35~39,비정규직,~199,62700.0,7400.0,2022,55300.0
23000,F,35~39,자영업,200~299,800.0,200.0,2022,600.0
23000,F,35~39,자영업,300~399,300.0,300.0,2022,0.0
23000,F,35~39,자영업,500~599,600.0,200.0,2022,400.0
23000,F,35~39,자영업,~199,5200.0,400.0,2022,4800.0
23000,F,35~39,정규직,200~299,23900.0,7700.0,2022,16200.0
23000,F,35~39,정규직,300~399,17500.0,6200.0,2022,11300.0
23000,F,35~39,정규직,400~499,14300.0,4000.0,2022,10300.0
23000,F,35~39,정규직,500~599,6400.0,1400.0,2022,5000.0
23000,F,35~39,정규직,600~799,5200.0,1400.0,2022,3800.0
23000,F,35~39,정규직,800+,800.0,0.0,2022,800.0
23000,F,35~39,정규직,~199,7200.0,1500.0,2022,5700.0
23000,F,40~44,비정규직,200~299,15600.0,5400.0,2022,10200.0
23000,F,40~44,비정규직,300~399,1800.0,700.0,2022,1100.0
23000,F,40~44,비정규직,400~499,300.0,0.0,2022,300.0
23000,F,40~44,비정규직,600~799,300.0,0.0,2022,300.0
23000,F,40~44,비정규직,~199,66800.0,4900.0,2022,61900.0
23000,F,40~44,자영업,200~299,1600.0,0.0,2022,1600.0
23000,F,40~44,자영업,300~399,200.0,200.0,2022,0.0
23000,F,40~44,자영업,500~599,200.0,0.0,2022,200.0
23000,F,40~44,자영업,800+,100.0,0.0,2022,100.0
23000,F,40~44,자영업,~199,6700.0,1600.0,2022,5100.0
23000,F,40~44,정규직,200~299,17900.0,6300.0,2022,11600.0
23000,F,40~44,정규직,300~399,22000.0,3900.0,2022,18100.0
23000,F,40~44,정규직,400~499,14400.0,5300.0,2022,9100.0
23000,F,40~44,정규직,500~599,9900.0,2200.0,2022,7700.0
23000,F,40~44,정규직,600~799,7900.0,1600.0,2022,6300.0
23000,F,40~44,정규직,800+,2200.0,1200.0,2022,1000.0
23000,F,40~44,정규직,~199,4800.0,1400.0,2022,3400.0
23000,M,25~29,비정규직,200~299,6000.0,4900.0,2022,1100.0
23000,M,25~29,비정규직,300~399,6100.0,4700.0,2022,1400.0
23000,M,25~29,비정규직,400~499,1000.0,800.0,2022,200.0
23000,M,25~29,비정규직,500~599,500.0,500.0,2022,0.0
23000,M,25~29,비정규직,~199,12800.0,11900.0,2022,900.0
23000,M,25~29,자영업,300~399,1100.0,500.0,2022,600.0
23000,M,25~29,자영업,400~499,400.0,400.0,2022,0.0
23000,M,25~29,자영업,500~599,100.0,0.0,2022,100.0
23000,M,25~29,자영업,600~799,200.0,0.0,2022,200.0
23000,M,25~29,자영업,~199,2600.0,2300.0,2022,300.0
23000,M,25~29,정규직,200~299,21800.0,18100.0,2022,3700.0
23000,M,25~29,정규직,300~399,55300.0,44400.0,2022,10900.0
23000,M,25~29,정규직,400~499,53800.0,37200.0,2022,16600.0
23000,M,25~29,정규직,500~599,27400.0,11700.0,2022,15700.0
23000,M,25~29,정규직,600~799,6000.0,4400.0,2022,1600.0
23000,M,25~29,정규직,800+,1800.0,900.0,2022,900.0
23000,M,25~29,정규직,~199,3500.0,3400.0,2022,100.0
23000,M,30~34,비정규직,200~299,3100.0,2500.0,2022,600.0
23000,M,30~34,비정규직,300~399,2900.0,1100.0,2022,1800.0
23000,M,30~34,비정규직,400~499,1100.0,200.0,2022,900.0
23000,M,30~34,비정규직,800+,300.0,0.0,2022,300.0
23000,M,30~34,비정규직,~199,5700.0,4600.0,2022,1100.0
23000,M,30~34,자영업,200~299,1200.0,900.0,2022,300.0
23000,M,30~34,자영업,300~399,700.0,0.0,2022,700.0
23000,M,30~34,자영업,500~599,600.0,400.0,2022,200.0
23000,M,30~34,자영업,~199,3400.0,1900.0,2022,1500.0
23000,M,30~34,정규직,200~299,15200.0,12200.0,2022,3000.0
23000,M,30~34,정규직,300~399,34300.0,23900.0,2022,10400.0
23000,M,30~34,정규직,400~499,47200.0,19200.0,2022,28000.0
23000,M,30~34,정규직,500~599,45800.0,16700.0,2022,29100.0
23000,M,30~34,정규직,600~799,30000.0,5000.0,2022,25000.0
23000,M,30~34,정규직,800+,6700.0,1600.0,2022,5100.0
23000,M,30~34,정규직,~199,2900.0,2100.0,2022,800.0
23000,M,35~39,비정규직,200~299,7100.0,4100.0,2022,3000.0
23000,M,35~39,비정규직,300~399,3000.0,1600.0,2022,1400.0
23000,M,35~39,비정규직,400~499,400.0,0.0,2022,400.0
23000,M,35~39,비정규직,~199,6200.0,5800.0,2022,400.0
23000,M,35~39,자영업,200~299,2000.0,0.0,2022,2000.0
23000,M,35~39,자영업,300~399,900.0,400.0,2022,500.0
23000,M,35~39,자영업,400~499,1100.0,0.0,2022,1100.0
23000,M,35~39,자영업,500~599,600.0,0.0,2022,600.0
23000,M,35~39,자영업,600~799,900.0,0.0,2022,900.0
23000,M,35~39,자영업,800+,1700.0,300.0,2022,1400.0
23000,M,35~39,자영업,~199,3500.0,600.0,2022,2900.0
23000,M,35~39,정규직,200~299,11300.0,6400.0,2022,4900.0
23000,M,35~39,정규직,300~399,22500.0,9200.0,2022,13300.0
23000,M,35~39,정규직,400~499,35700.0,15600.0,2022,20100.0
23000,M,35~39,정규직,500~599,42800.0,10400.0,2022,32400.0
23000,M,35~39,정규직,600~799,48200.0,7900.0,2022,40300.0
23000,M,35~39,정규직,800+,19400.0,400.0,2022,19000.0
23000,M,35~39,정규직,~199,1100.0,600.0,2022,500.0
23000,M,40~44,비정규직,200~299,5300.0,3400.0,2022,1900.0
23000,M,40~44,비정규직,300~399,2800.0,1200.0,2022,1600.0
23000,M,40~44,비정규직,400~499,1700.0,1100.0,2022,600.0
23000,M,40~44,비정규직,800+,300.0,0.0,2022,300.0
23000,M,40~44,비정규직,~199,4800.0,2800.0,2022,2000.0
23000,M,40~44,자영업,200~299,3400.0,1000.0,2022,2400.0
23000,M,40~44,자영업,300~399,1700.0,800.0,2022,900.0
23000,M,40~44,자영업,400~499,1200.0,200.0,2022,1000.0
23000,M,40~44,자영업,500~599,1200.0,0.0,2022,1200.0
23000,M,40~44,자영업,600~799,900.0,0.0,2022,900.0
23000,M,40~44,자영업,800+,1900.0,200.0,2022,1700.0
23000,M,40~44,자영업,~199,3000.0,1800.0,2022,1200.0
23000,M,40~44,정규직,200~299,7700.0,5100.0,2022,2600.0
23000,M,40~44,정규직,300~399,17100.0,7000.0,2022,10100.0
23000,M,40~44,정규직,400~499,42400.0,14000.0,2022,28400.0
23000,M,40~44,정규직,500~599,31300.0,5500.0,2022,25800.0
23000,M,40~44,정규직,600~799,61900.0,6700.0,2022,55200.0
23000,M,40~44,정규직,800+,31000.0,500.0,2022,30500.0
23000,M,40~44,정규직,~199,2000.0,1100.0,2022,900.0
24000,F,25~29,비정규직,200~299,3000.0,2400.0,2022,600.0
24000,F,25~29,비정규직,300~399,300.0,200.0,2022,100.0
24000,F,25~29,비정규직,400~499,100.0,100.0,2022,0.0
24000,F,25~29,비정규직,500~599,100.0,100.0,2022,0.0
24000,F,25~29,비정규직,~199,6000.0,3200.0,2022,2800.0
24000,F,25~29,자영업,200~299,300.0,200.0,2022,100.0
24000,F,25~29,자영업,~199,500.0,300.0,2022,200.0
24000,F,25~29,정규직,200~299,6100.0,4700.0,2022,1400.0
24000,F,25~29,정규직,300~399,7300.0,5400.0,2022,1900.0
24000,F,25~29,정규직,400~499,4700.0,3800.0,2022,900.0
24000,F,25~29,정규직,500~599,800.0,400.0,2022,400.0
24000,F,25~29,정규직,~199,2600.0,1600.0,2022,1000.0
24000,F,30~34,비정규직,200~299,2300.0,1000.0,2022,1300.0
24000,F,30~34,비정규직,300~399,1000.0,600.0,2022,400.0
24000,F,30~34,비정규직,~199,8100.0,2300.0,2022,5800.0
24000,F,30~34,자영업,300~399,200.0,200.0,2022,0.0
24000,F,30~34,자영업,800+,100.0,0.0,2022,100.0
24000,F,30~34,자영업,~199,1000.0,400.0,2022,600.0
24000,F,30~34,정규직,200~299,5400.0,2800.0,2022,2600.0
24000,F,30~34,정규직,300~399,5200.0,2200.0,2022,3000.0
24000,F,30~34,정규직,400~499,3800.0,1600.0,2022,2200.0
24000,F,30~34,정규직,500~599,800.0,300.0,2022,500.0
24000,F,30~34,정규직,600~799,100.0,100.0,2022,0.0
24000,F,30~34,정규직,~199,2000.0,700.0,2022,1300.0
24000,F,35~39,비정규직,200~299,1400.0,600.0,2022,800.0
24000,F,35~39,비정규직,300~399,600.0,400.0,2022,200.0
24000,F,35~39,비정규직,400~499,200.0,0.0,2022,200.0
24000,F,35~39,비정규직,500~599,100.0,100.0,2022,0.0
24000,F,35~39,비정규직,600~799,100.0,0.0,2022,100.0
24000,F,35~39,비정규직,~199,14000.0,1600.0,2022,12400.0
24000,F,35~39,자영업,200~299,100.0,0.0,2022,100.0
24000,F,35~39,자영업,300~399,100.0,0.0,2022,100.0
24000,F,35~39,자영업,400~499,100.0,0.0,2022,100.0
24000,F,35~39,자영업,~199,1000.0,200.0,2022,800.0
24000,F,35~39,정규직,200~299,4400.0,2000.0,2022,2400.0
24000,F,35~39,정규직,300~399,4300.0,1700.0,2022,2600.0
24000,F,35~39,정규직,400~499,2900.0,400.0,2022,2500.0
24000,F,35~39,정규직,500~599,2100.0,400.0,2022,1700.0
24000,F,35~39,정규직,600~799,600.0,100.0,2022,500.0
24000,F,35~39,정규직,800+,100.0,100.0,2022,0.0
24000,F,35~39,정규직,~199,1900.0,600.0,2022,1300.0
24000,F,40~44,비정규직,200~299,3400.0,800.0,2022,2600.0
24000,F,40~44,비정규직,300~399,700.0,400.0,2022,300.0
24000,F,40~44,비정규직,400~499,200.0,0.0,2022,200.0
24000,F,40~44,비정규직,800+,100.0,100.0,2022,0.0
24000,F,40~44,비정규직,~199,17900.0,1900.0,2022,16000.0
24000,F,40~44,자영업,200~299,200.0,0.0,2022,200.0
24000,F,40~44,자영업,400~499,200.0,0.0,2022,200.0
24000,F,40~44,자영업,500~599,100.0,0.0,2022,100.0
24000,F,40~44,자영업,~199,1000.0,300.0,2022,700.0
24000,F,40~44,정규직,200~299,4300.0,1300.0,2022,3000.0
24000,F,40~44,정규직,300~399,4800.0,1800.0,2022,3000.0
24000,F,40~44,정규직,400~499,2700.0,700.0,2022,2000.0
24000,F,40~44,정규직,500~599,1700.0,400.0,2022,1300.0
24000,F,40~44,정규직,600~799,900.0,200.0,2022,700.0
24000,F,40~44,정규직,800+,300.0,300.0,2022,0.0
24000,F,40~44,정규직,~199,2000.0,700.0,2022,1300.0
24000,M,25~29,비정규직,200~299,1300.0,1100.0,2022,200.0
24000,M,25~29,비정규직,300~399,1100.0,600.0,2022,500.0
24000,M,25~29,비정규직,500~599,200.0,200.0,2022,0.0
24000,M,25~29,비정규직,~199,2800.0,2800.0,2022,0.0
24000,M,25~29,자영업,800+,200.0,200.0,2022,0.0
24000,M,25~29,자영업,~199,200.0,200.0,2022,0.0
24000,M,25~29,정규직,200~299,5900.0,5200.0,2022,700.0
24000,M,25~29,정규직,300~399,8700.0,6200.0,2022,2500.0
24000,M,25~29,정규직,400~499,8300.0,5000.0,2022,3300.0
24000,M,25~29,정규직,500~599,4100.0,2600.0,2022,1500.0
24000,M,25~29,정규직,600~799,1900.0,1400.0,2022,500.0
24000,M,25~29,정규직,800+,400.0,400.0,2022,0.0
24000,M,25~29,정규직,~199,1000.0,900.0,2022,100.0
24000,M,30~34,비정규직,200~299,1100.0,900.0,2022,200.0
24000,M,30~34,비정규직,300~399,900.0,900.0,2022,0.0
24000,M,30~34,비정규직,400~499,300.0,300.0,2022,0.0
24000,M,30~34,비정규직,500~599,500.0,400.0,2022,100.0
24000,M,30~34,비정규직,800+,100.0,100.0,2022,0.0
24000,M,30~34,비정규직,~199,2000.0,1800.0,2022,200.0
24000,M,30~34,자영업,300~399,100.0,100.0,2022,0.0
24000,M,30~34,자영업,500~599,200.0,0.0,2022,200.0
24000,M,30~34,자영업,800+,500.0,100.0,2022,400.0
24000,M,30~34,자영업,~199,200.0,200.0,2022,0.0
24000,M,30~34,정규직,200~299,3600.0,2800.0,2022,800.0
24000,M,30~34,정규직,300~399,7300.0,3900.0,2022,3400.0
24000,M,30~34,정규직,400~499,8200.0,2500.0,2022,5700.0
24000,M,30~34,정규직,500~599,8200.0,2900.0,2022,5300.0
24000,M,30~34,정규직,600~799,3300.0,700.0,2022,2600.0
24000,M,30~34,정규직,800+,1000.0,200.0,2022,800.0
24000,M,30~34,정규직,~199,700.0,600.0,2022,100.0
24000,M,35~39,비정규직,200~299,1200.0,700.0,2022,500.0
24000,M,35~39,비정규직,300~399,600.0,300.0,2022,300.0
24000,M,35~39,비정규직,400~499,200.0,200.0,2022,0.0
24000,M,35~39,비정규직,~199,2000.0,1700.0,2022,300.0
24000,M,35~39,자영업,200~299,700.0,300.0,2022,400.0
24000,M,35~39,자영업,300~399,300.0,100.0,2022,200.0
24000,M,35~39,자영업,600~799,100.0,0.0,2022,100.0
24000,M,35~39,자영업,800+,100.0,100.0,2022,0.0
24000,M,35~39,자영업,~199,500.0,300.0,2022,200.0
24000,M,35~39,정규직,200~299,3200.0,2000.0,2022,1200.0
24000,M,35~39,정규직,300~399,4400.0,2100.0,2022,2300.0
24000,M,35~39,정규직,400~499,8500.0,3200.0,2022,5300.0
24000,M,35~39,정규직,500~599,11400.0,3400.0,2022,8000.0
24000,M,35~39,정규직,600~799,7200.0,900.0,2022,6300.0
24000,M,35~39,정규직,800+,2100.0,300.0,2022,1800.0
24000,M,35~39,정규직,~199,1000.0,700.0,2022,300.0
24000,M,40~44,비정규직,200~299,800.0,700.0,2022,100.0
24000,M,40~44,비정규직,300~399,500.0,100.0,2022,400.0
24000,M,40~44,비정규직,500~599,100.0,0.0,2022,100.0
24000,M,40~44,비정규직,~199,1200.0,1000.0,2022,200.0
24000,M,40~44,자영업,200~299,700.0,400.0,2022,300.0
24000,M,40~44,자영업,300~399,600.0,0.0,2022,600.0
24000,M,40~44,자영업,400~499,200.0,0.0,2022,200.0
24000,M,40~44,자영업,600~799,400.0,0.0,2022,400.0
24000,M,40~44,자영업,800+,700.0,0.0,2022,700.0
24000,M,40~44,자영업,~199,1500.0,800.0,2022,700.0
24000,M,40~44,정규직,200~299,2200.0,1400.0,2022,800.0
24000,M,40~44,정규직,300~399,4900.0,1800.0,2022,3100.0
24000,M,40~44,정규직,400~499,7400.0,2200.0,2022,5200.0
24000,M,40~44,정규직,500~599,7900.0,1600.0,2022,6300.0
24000,M,40~44,정규직,600~799,10800.0,1200.0,2022,9600.0
24000,M,40~44,정규직,800+,4500.0,200.0,2022,4300.0
24000,M,40~44,정규직,~199,600.0,400.0,2022,200.0
25000,F,25~29,비정규직,200~299,1500.0,1200.0,2022,300.0
25000,F,25~29,비정규직,400~499,100.0,100.0,2022,0.0
25000,F,25~29,비정규직,~199,4700.0,2800.0,2022,1900.0
25000,F,25~29,자영업,400~499,100.0,100.0,2022,0.0
25000,F,25~29,자영업,800+,100.0,100.0,2022,0.0
25000,F,25~29,자영업,~199,700.0,600.0,2022,100.0
25000,F,25~29,정규직,200~299,8000.0,6300.0,2022,1700.0
25000,F,25~29,정규직,300~399,5100.0,3700.0,2022,1400.0
25000,F,25~29,정규직,400~499,4100.0,2800.0,2022,1300.0
25000,F,25~29,정규직,500~599,900.0,700.0,2022,200.0
25000,F,25~29,정규직,600~799,100.0,100.0,2022,0.0
25000,F,25~29,정규직,~199,1500.0,1100.0,2022,400.0
25000,F,30~34,비정규직,200~299,2700.0,1600.0,2022,1100.0
25000,F,30~34,비정규직,300~399,400.0,200.0,2022,200.0
25000,F,30~34,비정규직,400~499,200.0,100.0,2022,100.0
25000,F,30~34,비정규직,500~599,100.0,100.0,2022,0.0
25000,F,30~34,비정규직,~199,6800.0,1600.0,2022,5200.0
25000,F,30~34,자영업,200~299,400.0,300.0,2022,100.0
25000,F,30~34,자영업,400~499,100.0,0.0,2022,100.0
25000,F,30~34,자영업,800+,100.0,0.0,2022,100.0
25000,F,30~34,자영업,~199,800.0,300.0,2022,500.0
25000,F,30~34,정규직,200~299,4800.0,2600.0,2022,2200.0
25000,F,30~34,정규직,300~399,4300.0,2700.0,2022,1600.0
25000,F,30~34,정규직,400~499,2800.0,1100.0,2022,1700.0
25000,F,30~34,정규직,500~599,1100.0,400.0,2022,700.0
25000,F,30~34,정규직,600~799,200.0,100.0,2022,100.0
25000,F,30~34,정규직,800+,200.0,100.0,2022,100.0
25000,F,30~34,정규직,~199,1600.0,500.0,2022,1100.0
25000,F,35~39,비정규직,200~299,3200.0,1300.0,2022,1900.0
25000,F,35~39,비정규직,300~399,300.0,100.0,2022,200.0
25000,F,35~39,비정규직,400~499,100.0,100.0,2022,0.0
25000,F,35~39,비정규직,500~599,100.0,100.0,2022,0.0
25000,F,35~39,비정규직,~199,11100.0,1400.0,2022,9700.0
25000,F,35~39,자영업,200~299,200.0,100.0,2022,100.0
25000,F,35~39,자영업,~199,800.0,0.0,2022,800.0
25000,F,35~39,정규직,200~299,3700.0,1200.0,2022,2500.0
25000,F,35~39,정규직,300~399,4300.0,1400.0,2022,2900.0
25000,F,35~39,정규직,400~499,2200.0,700.0,2022,1500.0
25000,F,35~39,정규직,500~599,1700.0,300.0,2022,1400.0
25000,F,35~39,정규직,600~799,1300.0,700.0,2022,600.0
25000,F,35~39,정규직,800+,100.0,0.0,2022,100.0
25000,F,35~39,정규직,~199,1100.0,100.0,2022,1000.0
25000,F,40~44,비정규직,200~299,3100.0,800.0,2022,2300.0
25000,F,40~44,비정규직,300~399,200.0,100.0,2022,100.0
25000,F,40~44,비정규직,400~499,100.0,0.0,2022,100.0
25000,F,40~44,비정규직,600~799,100.0,0.0,2022,100.0
25000,F,40~44,비정규직,~199,14400.0,1500.0,2022,12900.0
25000,F,40~44,자영업,200~299,300.0,0.0,2022,300.0
25000,F,40~44,자영업,400~499,100.0,0.0,2022,100.0
25000,F,40~44,자영업,~199,1300.0,300.0,2022,1000.0
25000,F,40~44,정규직,200~299,3600.0,1100.0,2022,2500.0
25000,F,40~44,정규직,300~399,3800.0,500.0,2022,3300.0
25000,F,40~44,정규직,400~499,2800.0,700.0,2022,2100.0
25000,F,40~44,정규직,500~599,2100.0,400.0,2022,1700.0
25000,F,40~44,정규직,600~799,1200.0,200.0,2022,1000.0
25000,F,40~44,정규직,800+,600.0,100.0,2022,500.0
25000,F,40~44,정규직,~199,800.0,200.0,2022,600.0
25000,M,25~29,비정규직,200~299,1600.0,1600.0,2022,0.0
25000,M,25~29,비정규직,300~399,700.0,600.0,2022,100.0
25000,M,25~29,비정규직,400~499,100.0,0.0,2022,100.0
25000,M,25~29,비정규직,600~799,200.0,200.0,2022,0.0
25000,M,25~29,비정규직,~199,2500.0,2100.0,2022,400.0
25000,M,25~29,자영업,200~299,300.0,200.0,2022,100.0
25000,M,25~29,자영업,300~399,100.0,100.0,2022,0.0
25000,M,25~29,자영업,~199,500.0,500.0,2022,0.0
25000,M,25~29,정규직,200~299,7900.0,6900.0,2022,1000.0
25000,M,25~29,정규직,300~399,6200.0,5000.0,2022,1200.0
25000,M,25~29,정규직,400~499,6900.0,3900.0,2022,3000.0
25000,M,25~29,정규직,500~599,3600.0,2200.0,2022,1400.0
25000,M,25~29,정규직,600~799,600.0,100.0,2022,500.0
25000,M,25~29,정규직,~199,1100.0,1100.0,2022,0.0
25000,M,30~34,비정규직,200~299,1400.0,1200.0,2022,200.0
25000,M,30~34,비정규직,300~399,500.0,400.0,2022,100.0
25000,M,30~34,비정규직,400~499,400.0,300.0,2022,100.0
25000,M,30~34,비정규직,600~799,100.0,100.0,2022,0.0
25000,M,30~34,비정규직,800+,100.0,0.0,2022,100.0
25000,M,30~34,비정규직,~199,1500.0,1400.0,2022,100.0
25000,M,30~34,자영업,200~299,300.0,200.0,2022,100.0
25000,M,30~34,자영업,300~399,100.0,0.0,2022,100.0
25000,M,30~34,자영업,~199,500.0,400.0,2022,100.0
25000,M,30~34,정규직,200~299,3900.0,3200.0,2022,700.0
25000,M,30~34,정규직,300~399,7300.0,3500.0,2022,3800.0
25000,M,30~34,정규직,400~499,6600.0,2600.0,2022,4000.0
25000,M,30~34,정규직,500~599,6700.0,1100.0,2022,5600.0
25000,M,30~34,정규직,600~799,4000.0,1100.0,2022,2900.0
25000,M,30~34,정규직,800+,900.0,0.0,2022,900.0
25000,M,30~34,정규직,~199,300.0,300.0,2022,0.0
25000,M,35~39,비정규직,200~299,1700.0,1100.0,2022,600.0
25000,M,35~39,비정규직,300~399,200.0,200.0,2022,0.0
25000,M,35~39,비정규직,~199,1400.0,1200.0,2022,200.0
25000,M,35~39,자영업,200~299,300.0,0.0,2022,300.0
25000,M,35~39,자영업,300~399,200.0,100.0,2022,100.0
25000,M,35~39,자영업,400~499,100.0,0.0,2022,100.0
25000,M,35~39,자영업,500~599,300.0,0.0,2022,300.0
25000,M,35~39,자영업,800+,500.0,200.0,2022,300.0
25000,M,35~39,자영업,~199,800.0,200.0,2022,600.0
25000,M,35~39,정규직,200~299,2200.0,1400.0,2022,800.0
25000,M,35~39,정규직,300~399,5600.0,2800.0,2022,2800.0
25000,M,35~39,정규직,400~499,7600.0,2400.0,2022,5200.0
25000,M,35~39,정규직,500~599,6500.0,1300.0,2022,5200.0
25000,M,35~39,정규직,600~799,7400.0,1100.0,2022,6300.0
25000,M,35~39,정규직,800+,3000.0,0.0,2022,3000.0
25000,M,35~39,정규직,~199,200.0,200.0,2022,0.0
25000,M,40~44,비정규직,200~299,1300.0,700.0,2022,600.0
25000,M,40~44,비정규직,300~399,700.0,600.0,2022,100.0
25000,M,40~44,비정규직,400~499,100.0,100.0,2022,0.0
25000,M,40~44,비정규직,500~599,200.0,0.0,2022,200.0
25000,M,40~44,비정규직,~199,1100.0,1000.0,2022,100.0
25000,M,40~44,자영업,200~299,300.0,0.0,2022,300.0
25000,M,40~44,자영업,300~399,500.0,100.0,2022,400.0
25000,M,40~44,자영업,400~499,200.0,0.0,2022,200.0
25000,M,40~44,자영업,500~599,400.0,0.0,2022,400.0
25000,M,40~44,자영업,600~799,100.0,0.0,2022,100.0
25000,M,40~44,자영업,800+,200.0,100.0,2022,100.0
25000,M,40~44,자영업,~199,600.0,400.0,2022,200.0
25000,M,40~44,정규직,200~299,2300.0,1400.0,2022,900.0
25000,M,40~44,정규직,300~399,5500.0,2600.0,2022,2900.0
25000,M,40~44,정규직,400~499,5600.0,1200.0,2022,4400.0
25000,M,40~44,정규직,500~599,7600.0,500.0,2022,7100.0
25000,M,40~44,정규직,600~799,9100.0,700.0,2022,8400.0
25000,M,40~44,정규직,800+,4200.0,200.0,2022,4000.0
25000,M,40~44,정규직,~199,300.0,200.0,2022,100.0
26000,F,25~29,비정규직,200~299,5200.0,4000.0,2022,1200.0
26000,F,25~29,비정규직,300~399,1100.0,1000.0,2022,100.0
26000,F,25~29,비정규직,400~499,100.0,100.0,2022,0.0
26000,F,25~29,비정규직,~199,11000.0,6500.0,2022,4500.0
26000,F,25~29,자영업,200~299,100.0,100.0,2022,0.0
26000,F,25~29,자영업,300~399,400.0,0.0,2022,400.0
26000,F,25~29,자영업,~199,900.0,200.0,2022,700.0
26000,F,25~29,정규직,200~299,12900.0,10200.0,2022,2700.0
26000,F,25~29,정규직,300~399,15800.0,12300.0,2022,3500.0
26000,F,25~29,정규직,400~499,5900.0,2900.0,2022,3000.0
26000,F,25~29,정규직,500~599,2500.0,2500.0,2022,0.0
26000,F,25~29,정규직,600~799,400.0,400.0,2022,0.0
26000,F,25~29,정규직,~199,2500.0,2100.0,2022,400.0
26000,F,30~34,비정규직,200~299,4600.0,2700.0,2022,1900.0
26000,F,30~34,비정규직,300~399,1000.0,700.0,2022,300.0
26000,F,30~34,비정규직,~199,13300.0,4500.0,2022,8800.0
26000,F,30~34,자영업,200~299,600.0,400.0,2022,200.0
26000,F,30~34,자영업,500~599,600.0,200.0,2022,400.0
26000,F,30~34,자영업,600~799,200.0,0.0,2022,200.0
26000,F,30~34,자영업,~199,2300.0,1100.0,2022,1200.0
26000,F,30~34,정규직,200~299,8200.0,3000.0,2022,5200.0
26000,F,30~34,정규직,300~399,8300.0,3600.0,2022,4700.0
26000,F,30~34,정규직,400~499,6500.0,2300.0,2022,4200.0
26000,F,30~34,정규직,500~599,3100.0,1800.0,2022,1300.0
26000,F,30~34,정규직,600~799,600.0,400.0,2022,200.0
26000,F,30~34,정규직,800+,200.0,0.0,2022,200.0
26000,F,30~34,정규직,~199,1000.0,300.0,2022,700.0
26000,F,35~39,비정규직,200~299,5800.0,2700.0,2022,3100.0
26000,F,35~39,비정규직,300~399,500.0,100.0,2022,400.0
26000,F,35~39,비정규직,400~499,500.0,300.0,2022,200.0
26000,F,35~39,비정규직,~199,17500.0,3900.0,2022,13600.0
26000,F,35~39,자영업,~199,1200.0,500.0,2022,700.0
26000,F,35~39,정규직,200~299,5900.0,1500.0,2022,4400.0
26000,F,35~39,정규직,300~399,6000.0,2900.0,2022,3100.0
26000,F,35~39,정규직,400~499,6000.0,2400.0,2022,3600.0
26000,F,35~39,정규직,500~599,3700.0,1400.0,2022,2300.0
26000,F,35~39,정규직,600~799,2300.0,900.0,2022,1400.0
26000,F,35~39,정규직,800+,500.0,500.0,2022,0.0
26000,F,35~39,정규직,~199,1600.0,300.0,2022,1300.0
26000,F,40~44,비정규직,200~299,3700.0,2100.0,2022,1600.0
26000,F,40~44,비정규직,300~399,1000.0,700.0,2022,300.0
26000,F,40~44,비정규직,400~499,500.0,0.0,2022,500.0
26000,F,40~44,비정규직,~199,24800.0,3700.0,2022,21100.0
26000,F,40~44,자영업,300~399,300.0,0.0,2022,300.0
26000,F,40~44,자영업,400~499,100.0,100.0,2022,0.0
26000,F,40~44,자영업,~199,1600.0,600.0,2022,1000.0
26000,F,40~44,정규직,200~299,6600.0,2100.0,2022,4500.0
26000,F,40~44,정규직,300~399,8200.0,4300.0,2022,3900.0
26000,F,40~44,정규직,400~499,3900.0,1100.0,2022,2800.0
26000,F,40~44,정규직,500~599,5100.0,1700.0,2022,3400.0
26000,F,40~44,정규직,600~799,4100.0,1700.0,2022,2400.0
26000,F,40~44,정규직,800+,500.0,300.0,2022,200.0
26000,F,40~44,정규직,~199,2200.0,600.0,2022,1600.0
26000,M,25~29,비정규직,200~299,1200.0,1100.0,2022,100.0
26000,M,25~29,비정규직,300~399,900.0,600.0,2022,300.0
26000,M,25~29,비정규직,400~499,200.0,200.0,2022,0.0
26000,M,25~29,비정규직,600~799,400.0,400.0,2022,0.0
26000,M,25~29,비정규직,~199,6200.0,6000.0,2022,200.0
26000,M,25~29,자영업,800+,100.0,100.0,2022,0.0
26000,M,25~29,자영업,~199,1100.0,900.0,2022,200.0
26000,M,25~29,정규직,200~299,7900.0,6500.0,2022,1400.0
26000,M,25~29,정규직,300~399,18000.0,13000.0,2022,5000.0
26000,M,25~29,정규직,400~499,13300.0,9000.0,2022,4300.0
26000,M,25~29,정규직,500~599,3200.0,1500.0,2022,1700.0
26000,M,25~29,정규직,600~799,3100.0,1800.0,2022,1300.0
26000,M,25~29,정규직,800+,600.0,300.0,2022,300.0
26000,M,25~29,정규직,~199,1100.0,700.0,2022,400.0
26000,M,30~34,비정규직,200~299,1800.0,1600.0,2022,200.0
26000,M,30~34,비정규직,300~399,500.0,400.0,2022,100.0
26000,M,30~34,비정규직,400~499,200.0,0.0,2022,200.0
26000,M,30~34,비정규직,500~599,300.0,0.0,2022,300.0
26000,M,30~34,비정규직,800+,300.0,0.0,2022,300.0
26000,M,30~34,비정규직,~199,3700.0,3100.0,2022,600.0
26000,M,30~34,자영업,200~299,700.0,500.0,2022,200.0
26000,M,30~34,자영업,300~399,200.0,200.0,2022,0.0
26000,M,30~34,자영업,400~499,200.0,0.0,2022,200.0
26000,M,30~34,자영업,500~599,200.0,0.0,2022,200.0
26000,M,30~34,자영업,600~799,200.0,0.0,2022,200.0
26000,M,30~34,자영업,~199,1800.0,1300.0,2022,500.0
26000,M,30~34,정규직,200~299,7000.0,5700.0,2022,1300.0
26000,M,30~34,정규직,300~399,8300.0,3400.0,2022,4900.0
26000,M,30~34,정규직,400~499,11300.0,4400.0,2022,6900.0
26000,M,30~34,정규직,500~599,8300.0,2700.0,2022,5600.0
26000,M,30~34,정규직,600~799,6300.0,1900.0,2022,4400.0
26000,M,30~34,정규직,800+,1400.0,300.0,2022,1100.0
26000,M,30~34,정규직,~199,600.0,400.0,2022,200.0
26000,M,35~39,비정규직,200~299,1200.0,900.0,2022,300.0
26000,M,35~39,비정규직,300~399,600.0,300.0,2022,300.0
26000,M,35~39,비정규직,400~499,300.0,100.0,2022,200.0
26000,M,35~39,비정규직,~199,4400.0,3600.0,2022,800.0
26000,M,35~39,자영업,200~299,200.0,0.0,2022,200.0
26000,M,35~39,자영업,300~399,400.0,0.0,2022,400.0
26000,M,35~39,자영업,400~499,100.0,0.0,2022,100.0
26000,M,35~39,자영업,500~599,400.0,0.0,2022,400.0
26000,M,35~39,자영업,600~799,200.0,0.0,2022,200.0
26000,M,35~39,자영업,~199,1500.0,500.0,2022,1000.0
26000,M,35~39,정규직,200~299,6200.0,3400.0,2022,2800.0
26000,M,35~39,정규직,300~399,9000.0,4800.0,2022,4200.0
26000,M,35~39,정규직,400~499,8300.0,2200.0,2022,6100.0
26000,M,35~39,정규직,500~599,8500.0,1800.0,2022,6700.0
26000,M,35~39,정규직,600~799,10800.0,1200.0,2022,9600.0
26000,M,35~39,정규직,800+,3700.0,500.0,2022,3200.0
26000,M,35~39,정규직,~199,1000.0,700.0,2022,300.0
26000,M,40~44,비정규직,200~299,2800.0,1700.0,2022,1100.0
26000,M,40~44,비정규직,300~399,1100.0,300.0,2022,800.0
26000,M,40~44,비정규직,400~499,100.0,100.0,2022,0.0
26000,M,40~44,비정규직,800+,200.0,0.0,2022,200.0
26000,M,40~44,비정규직,~199,3100.0,2900.0,2022,200.0
26000,M,40~44,자영업,200~299,1300.0,0.0,2022,1300.0
26000,M,40~44,자영업,300~399,800.0,100.0,2022,700.0
26000,M,40~44,자영업,400~499,100.0,0.0,2022,100.0
26000,M,40~44,자영업,500~599,400.0,100.0,2022,300.0
26000,M,40~44,자영업,600~799,800.0,300.0,2022,500.0
26000,M,40~44,자영업,800+,500.0,0.0,2022,500.0
26000,M,40~44,자영업,~199,3400.0,1700.0,2022,1700.0
26000,M,40~44,정규직,200~299,2500.0,1400.0,2022,1100.0
26000,M,40~44,정규직,300~399,5900.0,1800.0,2022,4100.0
26000,M,40~44,정규직,400~499,9600.0,2200.0,2022,7400.0
26000,M,40~44,정규직,500~599,9300.0,2000.0,2022,7300.0
26000,M,40~44,정규직,600~799,12900.0,1400.0,2022,11500.0
26000,M,40~44,정규직,800+,7900.0,200.0,2022,7700.0
26000,M,40~44,정규직,~199,900.0,500.0,2022,400.0
27000,F,25~29,비정규직,200~299,20000.0,13400.0,2022,6600.0
27000,F,25~29,비정규직,300~399,2600.0,1600.0,2022,1000.0
27000,F,25~29,비정규직,400~499,600.0,600.0,2022,0.0
27000,F,25~29,비정규직,~199,29600.0,16100.0,2022,13500.0
27000,F,25~29,자영업,~199,1700.0,1400.0,2022,300.0
27000,F,25~29,정규직,200~299,41300.0,35200.0,2022,6100.0
27000,F,25~29,정규직,300~399,50500.0,38500.0,2022,12000.0
27000,F,25~29,정규직,400~499,28900.0,21600.0,2022,7300.0
27000,F,25~29,정규직,500~599,6100.0,4000.0,2022,2100.0
27000,F,25~29,정규직,600~799,400.0,0.0,2022,400.0
27000,F,25~29,정규직,~199,8300.0,3100.0,2022,5200.0
27000,F,30~34,비정규직,200~299,20400.0,9500.0,2022,10900.0
27000,F,30~34,비정규직,300~399,3700.0,1800.0,2022,1900.0
27000,F,30~34,비정규직,~199,42200.0,8700.0,2022,33500.0
27000,F,30~34,자영업,200~299,1300.0,1300.0,2022,0.0
27000,F,30~34,자영업,300~399,1600.0,1600.0,2022,0.0
27000,F,30~34,자영업,400~499,400.0,0.0,2022,400.0
27000,F,30~34,자영업,~199,3700.0,1700.0,2022,2000.0
27000,F,30~34,정규직,200~299,32100.0,20000.0,2022,12100.0
27000,F,30~34,정규직,300~399,36700.0,18100.0,2022,18600.0
27000,F,30~34,정규직,400~499,19300.0,7000.0,2022,12300.0
27000,F,30~34,정규직,500~599,12800.0,8100.0,2022,4700.0
27000,F,30~34,정규직,600~799,5800.0,3700.0,2022,2100.0
27000,F,30~34,정규직,800+,4100.0,500.0,2022,3600.0
27000,F,30~34,정규직,~199,4700.0,1400.0,2022,3300.0
27000,F,35~39,비정규직,200~299,15200.0,6800.0,2022,8400.0
27000,F,35~39,비정규직,300~399,3400.0,2100.0,2022,1300.0
27000,F,35~39,비정규직,400~499,700.0,700.0,2022,0.0
27000,F,35~39,비정규직,~199,60500.0,13600.0,2022,46900.0
27000,F,35~39,자영업,200~299,1400.0,0.0,2022,1400.0
27000,F,35~39,자영업,300~399,1900.0,500.0,2022,1400.0
27000,F,35~39,자영업,~199,9300.0,900.0,2022,8400.0
27000,F,35~39,정규직,200~299,25100.0,12000.0,2022,13100.0
27000,F,35~39,정규직,300~399,24400.0,12600.0,2022,11800.0
27000,F,35~39,정규직,400~499,18600.0,6200.0,2022,12400.0
27000,F,35~39,정규직,500~599,9900.0,4700.0,2022,5200.0
27000,F,35~39,정규직,600~799,4900.0,2100.0,2022,2800.0
27000,F,35~39,정규직,800+,700.0,0.0,2022,700.0
27000,F,35~39,정규직,~199,4600.0,1700.0,2022,2900.0
27000,F,40~44,비정규직,200~299,18400.0,4000.0,2022,14400.0
27000,F,40~44,비정규직,300~399,2700.0,1700.0,2022,1000.0
27000,F,40~44,비정규직,400~499,400.0,400.0,2022,0.0
27000,F,40~44,비정규직,500~599,600.0,300.0,2022,300.0
27000,F,40~44,비정규직,600~799,600.0,600.0,2022,0.0
27000,F,40~44,비정규직,800+,400.0,0.0,2022,400.0
27000,F,40~44,비정규직,~199,75500.0,7500.0,2022,68000.0
27000,F,40~44,자영업,200~299,2000.0,900.0,2022,1100.0
27000,F,40~44,자영업,300~399,800.0,0.0,2022,800.0
27000,F,40~44,자영업,500~599,900.0,900.0,2022,0.0
27000,F,40~44,자영업,~199,6700.0,1900.0,2022,4800.0
27000,F,40~44,정규직,200~299,23900.0,9400.0,2022,14500.0
27000,F,40~44,정규직,300~399,22300.0,7800.0,2022,14500.0
27000,F,40~44,정규직,400~499,15800.0,5800.0,2022,10000.0
27000,F,40~44,정규직,500~599,8800.0,2500.0,2022,6300.0
27000,F,40~44,정규직,600~799,9400.0,1900.0,2022,7500.0
27000,F,40~44,정규직,800+,4300.0,1300.0,2022,3000.0
27000,F,40~44,정규직,~199,6200.0,1600.0,2022,4600.0
27000,M,25~29,비정규직,200~299,10000.0,8900.0,2022,1100.0
27000,M,25~29,비정규직,300~399,2200.0,1600.0,2022,600.0
27000,M,25~29,비정규직,400~499,500.0,500.0,2022,0.0
27000,M,25~29,비정규직,500~599,900.0,900.0,2022,0.0
27000,M,25~29,비정규직,~199,17600.0,14700.0,2022,2900.0
27000,M,25~29,자영업,200~299,1000.0,500.0,2022,500.0
27000,M,25~29,자영업,300~399,1500.0,400.0,2022,1100.0
27000,M,25~29,자영업,400~499,1000.0,0.0,2022,1000.0
27000,M,25~29,자영업,~199,5100.0,3400.0,2022,1700.0
27000,M,25~29,정규직,200~299,38700.0,33100.0,2022,5600.0
27000,M,25~29,정규직,300~399,51500.0,39800.0,2022,11700.0
27000,M,25~29,정규직,400~499,41300.0,22300.0,2022,19000.0
27000,M,25~29,정규직,500~599,17200.0,8100.0,2022,9100.0
27000,M,25~29,정규직,600~799,11400.0,4900.0,2022,6500.0
27000,M,25~29,정규직,800+,2800.0,1400.0,2022,1400.0
27000,M,25~29,정규직,~199,3500.0,2400.0,2022,1100.0
27000,M,30~34,비정규직,200~299,8000.0,7400.0,2022,600.0
27000,M,30~34,비정규직,300~399,1500.0,1500.0,2022,0.0
27000,M,30~34,비정규직,400~499,2300.0,800.0,2022,1500.0
27000,M,30~34,비정규직,~199,17500.0,15100.0,2022,2400.0
27000,M,30~34,자영업,200~299,2600.0,700.0,2022,1900.0
27000,M,30~34,자영업,300~399,1200.0,900.0,2022,300.0
27000,M,30~34,자영업,400~499,600.0,400.0,2022,200.0
27000,M,30~34,자영업,~199,3300.0,2400.0,2022,900.0
27000,M,30~34,정규직,200~299,16800.0,10000.0,2022,6800.0
27000,M,30~34,정규직,300~399,43300.0,22600.0,2022,20700.0
27000,M,30~34,정규직,400~499,33700.0,12500.0,2022,21200.0
27000,M,30~34,정규직,500~599,37000.0,15400.0,2022,21600.0
27000,M,30~34,정규직,600~799,19800.0,5500.0,2022,14300.0
27000,M,30~34,정규직,800+,11400.0,1800.0,2022,9600.0
27000,M,30~34,정규직,~199,1900.0,600.0,2022,1300.0
27000,M,35~39,비정규직,200~299,7900.0,5600.0,2022,2300.0
27000,M,35~39,비정규직,300~399,300.0,0.0,2022,300.0
27000,M,35~39,비정규직,400~499,500.0,0.0,2022,500.0
27000,M,35~39,비정규직,600~799,200.0,0.0,2022,200.0
27000,M,35~39,비정규직,~199,7800.0,6000.0,2022,1800.0
27000,M,35~39,자영업,200~299,2100.0,900.0,2022,1200.0
27000,M,35~39,자영업,300~399,2400.0,600.0,2022,1800.0
27000,M,35~39,자영업,400~499,1100.0,400.0,2022,700.0
27000,M,35~39,자영업,500~599,1700.0,700.0,2022,1000.0
27000,M,35~39,자영업,800+,2200.0,0.0,2022,2200.0
27000,M,35~39,자영업,~199,7000.0,2900.0,2022,4100.0
27000,M,35~39,정규직,200~299,16600.0,10000.0,2022,6600.0
27000,M,35~39,정규직,300~399,31400.0,15000.0,2022,16400.0
27000,M,35~39,정규직,400~499,39600.0,13400.0,2022,26200.0
27000,M,35~39,정규직,500~599,32900.0,4500.0,2022,28400.0
27000,M,35~39,정규직,600~799,34500.0,5300.0,2022,29200.0
27000,M,35~39,정규직,800+,17600.0,2400.0,2022,15200.0
27000,M,35~39,정규직,~199,3800.0,2800.0,2022,1000.0
27000,M,40~44,비정규직,200~299,10100.0,7200.0,2022,2900.0
27000,M,40~44,비정규직,300~399,2600.0,2300.0,2022,300.0
27000,M,40~44,비정규직,400~499,700.0,300.0,2022,400.0
27000,M,40~44,비정규직,500~599,800.0,500.0,2022,300.0
27000,M,40~44,비정규직,600~799,500.0,500.0,2022,0.0
27000,M,40~44,비정규직,~199,10500.0,6700.0,2022,3800.0
27000,M,40~44,자영업,200~299,4100.0,1300.0,2022,2800.0
27000,M,40~44,자영업,300~399,1600.0,300.0,2022,1300.0
27000,M,40~44,자영업,400~499,2000.0,300.0,2022,1700.0
27000,M,40~44,자영업,500~599,1300.0,300.0,2022,1000.0
27000,M,40~44,자영업,600~799,1300.0,1100.0,2022,200.0
27000,M,40~44,자영업,800+,3100.0,1500.0,2022,1600.0
27000,M,40~44,자영업,~199,6100.0,2200.0,2022,3900.0
27000,M,40~44,정규직,200~299,12200.0,7400.0,2022,4800.0
27000,M,40~44,정규직,300~399,27800.0,12800.0,2022,15000.0
27000,M,40~44,정규직,400~499,34900.0,7000.0,2022,27900.0
27000,M,40~44,정규직,500~599,34100.0,7600.0,2022,26500.0
27000,M,40~44,정규직,600~799,46100.0,4300.0,2022,41800.0
27000,M,40~44,정규직,800+,22100.0,400.0,2022,21700.0
27000,M,40~44,정규직,~199,1800.0,1800.0,2022,0.0
28000,F,25~29,비정규직,200~299,11200.0,9100.0,2022,2100.0
28000,F,25~29,비정규직,300~399,200.0,200.0,2022,0.0
28000,F,25~29,비정규직,400~499,200.0,0.0,2022,200.0
28000,F,25~29,비정규직,~199,15600.0,7400.0,2022,8200.0
28000,F,25~29,자영업,200~299,500.0,500.0,2022,0.0
28000,F,25~29,자영업,~199,400.0,200.0,2022,200.0
28000,F,25~29,정규직,200~299,28800.0,22400.0,2022,6400.0
28000,F,25~29,정규직,300~399,26100.0,19000.0,2022,7100.0
28000,F,25~29,정규직,400~499,10200.0,5800.0,2022,4400.0
28000,F,25~29,정규직,500~599,2100.0,1700.0,2022,400.0
28000,F,25~29,정규직,600~799,1200.0,400.0,2022,800.0
28000,F,25~29,정규직,~199,4700.0,2900.0,2022,1800.0
28000,F,30~34,비정규직,200~299,7800.0,3600.0,2022,4200.0
28000,F,30~34,비정규직,300~399,600.0,200.0,2022,400.0
28000,F,30~34,비정규직,400~499,700.0,700.0,2022,0.0
28000,F,30~34,비정규직,~199,30400.0,9000.0,2022,21400.0
28000,F,30~34,자영업,200~299,200.0,0.0,2022,200.0
28000,F,30~34,자영업,500~599,600.0,0.0,2022,600.0
28000,F,30~34,자영업,~199,2500.0,900.0,2022,1600.0
28000,F,30~34,정규직,200~299,17400.0,6900.0,2022,10500.0
28000,F,30~34,정규직,300~399,16500.0,8900.0,2022,7600.0
28000,F,30~34,정규직,400~499,13800.0,5700.0,2022,8100.0
28000,F,30~34,정규직,500~599,3600.0,900.0,2022,2700.0
28000,F,30~34,정규직,600~799,1600.0,600.0,2022,1000.0
28000,F,30~34,정규직,800+,100.0,100.0,2022,0.0
28000,F,30~34,정규직,~199,5300.0,2500.0,2022,2800.0
28000,F,35~39,비정규직,200~299,10200.0,4300.0,2022,5900.0
28000,F,35~39,비정규직,300~399,800.0,400.0,2022,400.0
28000,F,35~39,비정규직,500~599,800.0,400.0,2022,400.0
28000,F,35~39,비정규직,~199,35000.0,5100.0,2022,29900.0
28000,F,35~39,자영업,200~299,800.0,400.0,2022,400.0
28000,F,35~39,자영업,500~599,800.0,500.0,2022,300.0
28000,F,35~39,자영업,800+,200.0,0.0,2022,200.0
28000,F,35~39,자영업,~199,2800.0,200.0,2022,2600.0
28000,F,35~39,정규직,200~299,17100.0,6900.0,2022,10200.0
28000,F,35~39,정규직,300~399,13600.0,6100.0,2022,7500.0
28000,F,35~39,정규직,400~499,9400.0,3800.0,2022,5600.0
28000,F,35~39,정규직,500~599,3500.0,1900.0,2022,1600.0
28000,F,35~39,정규직,600~799,3400.0,1200.0,2022,2200.0
28000,F,35~39,정규직,800+,900.0,400.0,2022,500.0
28000,F,35~39,정규직,~199,3700.0,600.0,2022,3100.0
28000,F,40~44,비정규직,200~299,8400.0,2100.0,2022,6300.0
28000,F,40~44,비정규직,300~399,1700.0,1000.0,2022,700.0
28000,F,40~44,비정규직,400~499,600.0,0.0,2022,600.0
28000,F,40~44,비정규직,500~599,500.0,0.0,2022,500.0
28000,F,40~44,비정규직,~199,48400.0,6100.0,2022,42300.0
28000,F,40~44,자영업,200~299,300.0,0.0,2022,300.0
28000,F,40~44,자영업,300~399,700.0,300.0,2022,400.0
28000,F,40~44,자영업,~199,2800.0,400.0,2022,2400.0
28000,F,40~44,정규직,200~299,10100.0,2900.0,2022,7200.0
28000,F,40~44,정규직,300~399,13100.0,3800.0,2022,9300.0
28000,F,40~44,정규직,400~499,9900.0,4400.0,2022,5500.0
28000,F,40~44,정규직,500~599,7300.0,2200.0,2022,5100.0
28000,F,40~44,정규직,600~799,7900.0,2100.0,2022,5800.0
28000,F,40~44,정규직,800+,1800.0,500.0,2022,1300.0
28000,F,40~44,정규직,~199,3300.0,500.0,2022,2800.0
28000,M,25~29,비정규직,200~299,1800.0,1800.0,2022,0.0
28000,M,25~29,비정규직,300~399,3100.0,3100.0,2022,0.0
28000,M,25~29,비정규직,400~499,1200.0,600.0,2022,600.0
28000,M,25~29,비정규직,~199,8500.0,8000.0,2022,500.0
28000,M,25~29,자영업,200~299,200.0,200.0,2022,0.0
28000,M,25~29,자영업,600~799,200.0,0.0,2022,200.0
28000,M,25~29,자영업,~199,1300.0,1300.0,2022,0.0
28000,M,25~29,정규직,200~299,17200.0,15100.0,2022,2100.0
28000,M,25~29,정규직,300~399,29700.0,23800.0,2022,5900.0
28000,M,25~29,정규직,400~499,24500.0,16900.0,2022,7600.0
28000,M,25~29,정규직,500~599,8400.0,3800.0,2022,4600.0
28000,M,25~29,정규직,600~799,1800.0,700.0,2022,1100.0
28000,M,25~29,정규직,800+,400.0,0.0,2022,400.0
28000,M,25~29,정규직,~199,2600.0,1600.0,2022,1000.0
28000,M,30~34,비정규직,200~299,4600.0,3500.0,2022,1100.0
28000,M,30~34,비정규직,300~399,2500.0,1800.0,2022,700.0
28000,M,30~34,비정규직,400~499,1100.0,200.0,2022,900.0
28000,M,30~34,비정규직,~199,5900.0,5000.0,2022,900.0
28000,M,30~34,자영업,200~299,700.0,700.0,2022,0.0
28000,M,30~34,자영업,300~399,1000.0,300.0,2022,700.0
28000,M,30~34,자영업,400~499,300.0,100.0,2022,200.0
28000,M,30~34,자영업,600~799,200.0,0.0,2022,200.0
28000,M,30~34,자영업,800+,800.0,500.0,2022,300.0
28000,M,30~34,자영업,~199,500.0,300.0,2022,200.0
28000,M,30~34,정규직,200~299,10500.0,7700.0,2022,2800.0
28000,M,30~34,정규직,300~399,18400.0,9500.0,2022,8900.0
28000,M,30~34,정규직,400~499,24700.0,7000.0,2022,17700.0
28000,M,30~34,정규직,500~599,22400.0,5700.0,2022,16700.0
28000,M,30~34,정규직,600~799,13900.0,1600.0,2022,12300.0
28000,M,30~34,정규직,800+,4900.0,0.0,2022,4900.0
28000,M,30~34,정규직,~199,2100.0,2100.0,2022,0.0
28000,M,35~39,비정규직,200~299,3500.0,3000.0,2022,500.0
28000,M,35~39,비정규직,300~399,500.0,300.0,2022,200.0
28000,M,35~39,비정규직,400~499,400.0,200.0,2022,200.0
28000,M,35~39,비정규직,~199,3600.0,2800.0,2022,800.0
28000,M,35~39,자영업,200~299,2600.0,700.0,2022,1900.0
28000,M,35~39,자영업,300~399,1400.0,0.0,2022,1400.0
28000,M,35~39,자영업,400~499,1200.0,0.0,2022,1200.0
28000,M,35~39,자영업,500~599,200.0,200.0,2022,0.0
28000,M,35~39,자영업,600~799,500.0,0.0,2022,500.0
28000,M,35~39,자영업,800+,800.0,200.0,2022,600.0
28000,M,35~39,자영업,~199,1800.0,700.0,2022,1100.0
28000,M,35~39,정규직,200~299,8400.0,3900.0,2022,4500.0
28000,M,35~39,정규직,300~399,17000.0,9400.0,2022,7600.0
28000,M,35~39,정규직,400~499,26500.0,7600.0,2022,18900.0
28000,M,35~39,정규직,500~599,24600.0,5100.0,2022,19500.0
28000,M,35~39,정규직,600~799,25900.0,4700.0,2022,21200.0
28000,M,35~39,정규직,800+,10100.0,700.0,2022,9400.0
28000,M,35~39,정규직,~199,400.0,400.0,2022,0.0
28000,M,40~44,비정규직,200~299,2800.0,2400.0,2022,400.0
28000,M,40~44,비정규직,300~399,1100.0,500.0,2022,600.0
28000,M,40~44,비정규직,400~499,600.0,200.0,2022,400.0
28000,M,40~44,비정규직,500~599,200.0,0.0,2022,200.0
28000,M,40~44,비정규직,600~799,300.0,0.0,2022,300.0
28000,M,40~44,비정규직,~199,4900.0,4300.0,2022,600.0
28000,M,40~44,자영업,200~299,1700.0,200.0,2022,1500.0
28000,M,40~44,자영업,300~399,400.0,0.0,2022,400.0
28000,M,40~44,자영업,400~499,1900.0,0.0,2022,1900.0
28000,M,40~44,자영업,500~599,300.0,300.0,2022,0.0
28000,M,40~44,자영업,600~799,700.0,100.0,2022,600.0
28000,M,40~44,자영업,800+,1000.0,0.0,2022,1000.0
28000,M,40~44,자영업,~199,5000.0,1100.0,2022,3900.0
28000,M,40~44,정규직,200~299,6800.0,3600.0,2022,3200.0
28000,M,40~44,정규직,300~399,13400.0,4900.0,2022,8500.0
28000,M,40~44,정규직,400~499,21600.0,3500.0,2022,18100.0
28000,M,40~44,정규직,500~599,19600.0,2900.0,2022,16700.0
28000,M,40~44,정규직,600~799,32100.0,4300.0,2022,27800.0
28000,M,40~44,정규직,800+,21600.0,800.0,2022,20800.0
28000,M,40~44,정규직,~199,1800.0,1200.0,2022,600.0
29000,F,25~29,비정규직,200~299,1500.0,1300.0,2022,200.0
29000,F,25~29,비정규직,300~399,100.0,100.0,2022,0.0
29000,F,25~29,비정규직,400~499,200.0,200.0,2022,0.0
29000,F,25~29,비정규직,~199,4800.0,2400.0,2022,2400.0
29000,F,25~29,자영업,~199,400.0,100.0,2022,300.0
29000,F,25~29,정규직,200~299,5900.0,5200.0,2022,700.0
29000,F,25~29,정규직,300~399,4300.0,3600.0,2022,700.0
29000,F,25~29,정규직,400~499,2700.0,2100.0,2022,600.0
29000,F,25~29,정규직,500~599,800.0,600.0,2022,200.0
29000,F,25~29,정규직,~199,1100.0,700.0,2022,400.0
29000,F,30~34,비정규직,200~299,1500.0,1200.0,2022,300.0
29000,F,30~34,비정규직,300~399,100.0,100.0,2022,0.0
29000,F,30~34,비정규직,500~599,100.0,0.0,2022,100.0
29000,F,30~34,비정규직,~199,5900.0,2000.0,2022,3900.0
29000,F,30~34,자영업,200~299,100.0,100.0,2022,0.0
29000,F,30~34,자영업,800+,100.0,0.0,2022,100.0
29000,F,30~34,자영업,~199,700.0,400.0,2022,300.0
29000,F,30~34,정규직,200~299,4200.0,2400.0,2022,1800.0
29000,F,30~34,정규직,300~399,3000.0,1500.0,2022,1500.0
29000,F,30~34,정규직,400~499,2300.0,1100.0,2022,1200.0
29000,F,30~34,정규직,500~599,1300.0,500.0,2022,800.0
29000,F,30~34,정규직,600~799,400.0,100.0,2022,300.0
29000,F,30~34,정규직,800+,100.0,0.0,2022,100.0
29000,F,30~34,정규직,~199,1300.0,300.0,2022,1000.0
29000,F,35~39,비정규직,200~299,1600.0,700.0,2022,900.0
29000,F,35~39,비정규직,300~399,400.0,100.0,2022,300.0
29000,F,35~39,비정규직,400~499,100.0,0.0,2022,100.0
29000,F,35~39,비정규직,~199,9500.0,1800.0,2022,7700.0
29000,F,35~39,자영업,200~299,100.0,0.0,2022,100.0
29000,F,35~39,자영업,~199,500.0,100.0,2022,400.0
29000,F,35~39,정규직,200~299,2600.0,1100.0,2022,1500.0
29000,F,35~39,정규직,300~399,3300.0,900.0,2022,2400.0
29000,F,35~39,정규직,400~499,2600.0,500.0,2022,2100.0
29000,F,35~39,정규직,500~599,1200.0,300.0,2022,900.0
29000,F,35~39,정규직,600~799,700.0,400.0,2022,300.0
29000,F,35~39,정규직,800+,100.0,0.0,2022,100.0
29000,F,35~39,정규직,~199,1200.0,300.0,2022,900.0
29000,F,40~44,비정규직,200~299,1500.0,300.0,2022,1200.0
29000,F,40~44,비정규직,300~399,100.0,0.0,2022,100.0
29000,F,40~44,비정규직,~199,11600.0,1600.0,2022,10000.0
29000,F,40~44,자영업,300~399,100.0,0.0,2022,100.0
29000,F,40~44,자영업,400~499,100.0,0.0,2022,100.0
29000,F,40~44,자영업,800+,100.0,0.0,2022,100.0
29000,F,40~44,자영업,~199,1000.0,400.0,2022,600.0
29000,F,40~44,정규직,200~299,3500.0,1200.0,2022,2300.0
29000,F,40~44,정규직,300~399,3200.0,1000.0,2022,2200.0
29000,F,40~44,정규직,400~499,2200.0,700.0,2022,1500.0
29000,F,40~44,정규직,500~599,1400.0,400.0,2022,1000.0
29000,F,40~44,정규직,600~799,1700.0,700.0,2022,1000.0
29000,F,40~44,정규직,800+,200.0,0.0,2022,200.0
29000,F,40~44,정규직,~199,1100.0,400.0,2022,700.0
29000,M,25~29,비정규직,200~299,1100.0,900.0,2022,200.0
29000,M,25~29,비정규직,300~399,300.0,300.0,2022,0.0
29000,M,25~29,비정규직,600~799,100.0,0.0,2022,100.0
29000,M,25~29,비정규직,~199,2100.0,2000.0,2022,100.0
29000,M,25~29,자영업,200~299,100.0,100.0,2022,0.0
29000,M,25~29,자영업,~199,400.0,400.0,2022,0.0
29000,M,25~29,정규직,200~299,3900.0,2900.0,2022,1000.0
29000,M,25~29,정규직,300~399,6100.0,4500.0,2022,1600.0
29000,M,25~29,정규직,400~499,4300.0,2300.0,2022,2000.0
29000,M,25~29,정규직,500~599,1700.0,1000.0,2022,700.0
29000,M,25~29,정규직,600~799,400.0,200.0,2022,200.0
29000,M,25~29,정규직,800+,300.0,100.0,2022,200.0
29000,M,25~29,정규직,~199,500.0,500.0,2022,0.0
29000,M,30~34,비정규직,200~299,400.0,200.0,2022,200.0
29000,M,30~34,비정규직,300~399,200.0,200.0,2022,0.0
29000,M,30~34,비정규직,500~599,100.0,100.0,2022,0.0
29000,M,30~34,비정규직,~199,1400.0,1300.0,2022,100.0
29000,M,30~34,자영업,200~299,300.0,0.0,2022,300.0
29000,M,30~34,자영업,300~399,400.0,200.0,2022,200.0
29000,M,30~34,자영업,400~499,300.0,100.0,2022,200.0
29000,M,30~34,자영업,800+,100.0,100.0,2022,0.0
29000,M,30~34,자영업,~199,500.0,200.0,2022,300.0
29000,M,30~34,정규직,200~299,2200.0,1500.0,2022,700.0
29000,M,30~34,정규직,300~399,4200.0,2700.0,2022,1500.0
29000,M,30~34,정규직,400~499,5700.0,2000.0,2022,3700.0
29000,M,30~34,정규직,500~599,4300.0,1200.0,2022,3100.0
29000,M,30~34,정규직,600~799,2400.0,500.0,2022,1900.0
29000,M,30~34,정규직,800+,500.0,100.0,2022,400.0
29000,M,30~34,정규직,~199,400.0,400.0,2022,0.0
29000,M,35~39,비정규직,200~299,600.0,500.0,2022,100.0
29000,M,35~39,비정규직,300~399,400.0,100.0,2022,300.0
29000,M,35~39,비정규직,400~499,100.0,100.0,2022,0.0
29000,M,35~39,비정규직,600~799,100.0,0.0,2022,100.0
29000,M,35~39,비정규직,~199,1900.0,1400.0,2022,500.0
29000,M,35~39,자영업,200~299,200.0,0.0,2022,200.0
29000,M,35~39,자영업,300~399,400.0,200.0,2022,200.0
29000,M,35~39,자영업,400~499,200.0,100.0,2022,100.0
29000,M,35~39,자영업,500~599,100.0,100.0,2022,0.0
29000,M,35~39,자영업,600~799,100.0,0.0,2022,100.0
29000,M,35~39,자영업,~199,700.0,400.0,2022,300.0
29000,M,35~39,정규직,200~299,1800.0,1400.0,2022,400.0
29000,M,35~39,정규직,300~399,4900.0,2200.0,2022,2700.0
29000,M,35~39,정규직,400~499,4700.0,700.0,2022,4000.0
29000,M,35~39,정규직,500~599,3800.0,700.0,2022,3100.0
29000,M,35~39,정규직,600~799,4600.0,400.0,2022,4200.0
29000,M,35~39,정규직,800+,1700.0,100.0,2022,1600.0
29000,M,35~39,정규직,~199,600.0,300.0,2022,300.0
29000,M,40~44,비정규직,200~299,800.0,600.0,2022,200.0
29000,M,40~44,비정규직,300~399,500.0,300.0,2022,200.0
29000,M,40~44,비정규직,400~499,100.0,0.0,2022,100.0
29000,M,40~44,비정규직,~199,1300.0,1100.0,2022,200.0
29000,M,40~44,자영업,200~299,100.0,0.0,2022,100.0
29000,M,40~44,자영업,300~399,200.0,100.0,2022,100.0
29000,M,40~44,자영업,400~499,200.0,0.0,2022,200.0
29000,M,40~44,자영업,500~599,200.0,100.0,2022,100.0
29000,M,40~44,자영업,800+,200.0,0.0,2022,200.0
29000,M,40~44,자영업,~199,1300.0,400.0,2022,900.0
29000,M,40~44,정규직,200~299,2100.0,1000.0,2022,1100.0
29000,M,40~44,정규직,300~399,4000.0,1700.0,2022,2300.0
29000,M,40~44,정규직,400~499,5100.0,700.0,2022,4400.0
29000,M,40~44,정규직,500~599,3800.0,700.0,2022,3100.0
29000,M,40~44,정규직,600~799,6300.0,800.0,2022,5500.0
29000,M,40~44,정규직,800+,3800.0,100.0,2022,3700.0
29000,M,40~44,정규직,~199,600.0,100.0,2022,500.0
30000,F,25~29,비정규직,200~299,600.0,400.0,2022,200.0
30000,F,25~29,비정규직,300~399,100.0,0.0,2022,100.0
30000,F,25~29,비정규직,~199,3400.0,1900.0,2022,1500.0
30000,F,25~29,자영업,200~299,100.0,0.0,2022,100.0
30000,F,25~29,자영업,~199,600.0,200.0,2022,400.0
30000,F,25~29,정규직,200~299,4000.0,3400.0,2022,600.0
30000,F,25~29,정규직,300~399,2900.0,2000.0,2022,900.0
30000,F,25~29,정규직,400~499,800.0,700.0,2022,100.0
30000,F,25~29,정규직,500~599,600.0,500.0,2022,100.0
30000,F,25~29,정규직,~199,600.0,600.0,2022,0.0
30000,F,30~34,비정규직,200~299,800.0,400.0,2022,400.0
30000,F,30~34,비정규직,300~399,200.0,100.0,2022,100.0
30000,F,30~34,비정규직,600~799,100.0,0.0,2022,100.0
30000,F,30~34,비정규직,~199,5500.0,2100.0,2022,3400.0
30000,F,30~34,자영업,600~799,100.0,100.0,2022,0.0
30000,F,30~34,자영업,~199,300.0,200.0,2022,100.0
30000,F,30~34,정규직,200~299,1800.0,1000.0,2022,800.0
30000,F,30~34,정규직,300~399,2700.0,1200.0,2022,1500.0
30000,F,30~34,정규직,400~499,1500.0,500.0,2022,1000.0
30000,F,30~34,정규직,500~599,300.0,100.0,2022,200.0
30000,F,30~34,정규직,600~799,200.0,0.0,2022,200.0
30000,F,30~34,정규직,800+,100.0,100.0,2022,0.0
30000,F,30~34,정규직,~199,800.0,100.0,2022,700.0
30000,F,35~39,비정규직,200~299,900.0,300.0,2022,600.0
30000,F,35~39,비정규직,300~399,300.0,100.0,2022,200.0
30000,F,35~39,비정규직,400~499,200.0,100.0,2022,100.0
30000,F,35~39,비정규직,~199,7500.0,1300.0,2022,6200.0
30000,F,35~39,자영업,400~499,100.0,0.0,2022,100.0
30000,F,35~39,자영업,600~799,100.0,100.0,2022,0.0
30000,F,35~39,자영업,~199,400.0,100.0,2022,300.0
30000,F,35~39,정규직,200~299,2300.0,800.0,2022,1500.0
30000,F,35~39,정규직,300~399,1800.0,800.0,2022,1000.0
30000,F,35~39,정규직,400~499,1300.0,400.0,2022,900.0
30000,F,35~39,정규직,500~599,300.0,100.0,2022,200.0
30000,F,35~39,정규직,600~799,400.0,100.0,2022,300.0
30000,F,35~39,정규직,800+,200.0,0.0,2022,200.0
30000,F,35~39,정규직,~199,700.0,300.0,2022,400.0
30000,F,40~44,비정규직,200~299,1000.0,200.0,2022,800.0
30000,F,40~44,비정규직,300~399,300.0,100.0,2022,200.0
30000,F,40~44,비정규직,~199,7900.0,600.0,2022,7300.0
30000,F,40~44,자영업,300~399,100.0,100.0,2022,0.0
30000,F,40~44,자영업,400~499,100.0,0.0,2022,100.0
30000,F,40~44,자영업,~199,900.0,0.0,2022,900.0
30000,F,40~44,정규직,200~299,2200.0,900.0,2022,1300.0
30000,F,40~44,정규직,300~399,2100.0,800.0,2022,1300.0
30000,F,40~44,정규직,400~499,1500.0,500.0,2022,1000.0
30000,F,40~44,정규직,500~599,900.0,300.0,2022,600.0
30000,F,40~44,정규직,600~799,700.0,200.0,2022,500.0
30000,F,40~44,정규직,800+,100.0,0.0,2022,100.0
30000,F,40~44,정규직,~199,1100.0,500.0,2022,600.0
30000,M,25~29,비정규직,200~299,300.0,300.0,2022,0.0
30000,M,25~29,비정규직,300~399,300.0,300.0,2022,0.0
30000,M,25~29,비정규직,~199,900.0,800.0,2022,100.0
30000,M,25~29,자영업,500~599,100.0,0.0,2022,100.0
30000,M,25~29,자영업,800+,100.0,0.0,2022,100.0
30000,M,25~29,자영업,~199,400.0,300.0,2022,100.0
30000,M,25~29,정규직,200~299,3400.0,3100.0,2022,300.0
30000,M,25~29,정규직,300~399,5000.0,3400.0,2022,1600.0
30000,M,25~29,정규직,400~499,2500.0,1500.0,2022,1000.0
30000,M,25~29,정규직,500~599,900.0,500.0,2022,400.0
30000,M,25~29,정규직,600~799,200.0,100.0,2022,100.0
30000,M,25~29,정규직,800+,100.0,100.0,2022,0.0
30000,M,25~29,정규직,~199,1000.0,900.0,2022,100.0
30000,M,30~34,비정규직,200~299,200.0,200.0,2022,0.0
30000,M,30~34,비정규직,400~499,200.0,100.0,2022,100.0
30000,M,30~34,비정규직,600~799,100.0,0.0,2022,100.0
30000,M,30~34,비정규직,~199,1100.0,1000.0,2022,100.0
30000,M,30~34,자영업,300~399,100.0,0.0,2022,100.0
30000,M,30~34,자영업,400~499,200.0,0.0,2022,200.0
30000,M,30~34,자영업,~199,800.0,600.0,2022,200.0
30000,M,30~34,정규직,200~299,1800.0,1500.0,2022,300.0
30000,M,30~34,정규직,300~399,3900.0,1800.0,2022,2100.0
30000,M,30~34,정규직,400~499,4800.0,1400.0,2022,3400.0
30000,M,30~34,정규직,500~599,1900.0,300.0,2022,1600.0
30000,M,30~34,정규직,600~799,1300.0,300.0,2022,1000.0
30000,M,30~34,정규직,800+,300.0,0.0,2022,300.0
30000,M,30~34,정규직,~199,700.0,600.0,2022,100.0
30000,M,35~39,비정규직,200~299,600.0,500.0,2022,100.0
30000,M,35~39,비정규직,300~399,100.0,100.0,2022,0.0
30000,M,35~39,비정규직,400~499,100.0,0.0,2022,100.0
30000,M,35~39,비정규직,~199,800.0,700.0,2022,100.0
30000,M,35~39,자영업,200~299,300.0,100.0,2022,200.0
30000,M,35~39,자영업,300~399,200.0,0.0,2022,200.0
30000,M,35~39,자영업,400~499,100.0,0.0,2022,100.0
30000,M,35~39,자영업,600~799,100.0,0.0,2022,100.0
30000,M,35~39,자영업,800+,100.0,0.0,2022,100.0
30000,M,35~39,자영업,~199,500.0,300.0,2022,200.0
30000,M,35~39,정규직,200~299,2900.0,1500.0,2022,1400.0
30000,M,35~39,정규직,300~399,4200.0,1700.0,2022,2500.0
30000,M,35~39,정규직,400~499,3800.0,1100.0,2022,2700.0
30000,M,35~39,정규직,500~599,2700.0,200.0,2022,2500.0
30000,M,35~39,정규직,600~799,2100.0,100.0,2022,2000.0
30000,M,35~39,정규직,800+,800.0,0.0,2022,800.0
30000,M,35~39,정규직,~199,800.0,400.0,2022,400.0
30000,M,40~44,비정규직,200~299,500.0,300.0,2022,200.0
30000,M,40~44,비정규직,400~499,100.0,100.0,2022,0.0
30000,M,40~44,비정규직,~199,700.0,400.0,2022,300.0
30000,M,40~44,자영업,200~299,700.0,0.0,2022,700.0
30000,M,40~44,자영업,300~399,300.0,0.0,2022,300.0
30000,M,40~44,자영업,400~499,100.0,0.0,2022,100.0
30000,M,40~44,자영업,600~799,200.0,0.0,2022,200.0
30000,M,40~44,자영업,800+,200.0,0.0,2022,200.0
30000,M,40~44,자영업,~199,1000.0,300.0,2022,700.0
30000,M,40~44,정규직,200~299,1900.0,1200.0,2022,700.0
30000,M,40~44,정규직,300~399,4200.0,1600.0,2022,2600.0
30000,M,40~44,정규직,400~499,3500.0,700.0,2022,2800.0
30000,M,40~44,정규직,500~599,3200.0,500.0,2022,2700.0
30000,M,40~44,정규직,600~799,3600.0,300.0,2022,3300.0
30000,M,40~44,정규직,800+,1400.0,200.0,2022,1200.0
30000,M,40~44,정규직,~199,400.0,200.0,2022,200.0
31000,F,25~29,비정규직,200~299,700.0,400.0,2022,300.0
31000,F,25~29,비정규직,~199,2000.0,1000.0,2022,1000.0
31000,F,25~29,자영업,200~299,100.0,0.0,2022,100.0
31000,F,25~29,자영업,~199,300.0,200.0,2022,100.0
31000,F,25~29,정규직,200~299,2700.0,1900.0,2022,800.0
31000,F,25~29,정규직,300~399,2000.0,1300.0,2022,700.0
31000,F,25~29,정규직,400~499,800.0,400.0,2022,400.0
31000,F,25~29,정규직,500~599,100.0,0.0,2022,100.0
31000,F,25~29,정규직,600~799,100.0,100.0,2022,0.0
31000,F,25~29,정규직,~199,800.0,500.0,2022,300.0
31000,F,30~34,비정규직,200~299,500.0,300.0,2022,200.0
31000,F,30~34,비정규직,~199,3600.0,1100.0,2022,2500.0
31000,F,30~34,자영업,~199,200.0,0.0,2022,200.0
31000,F,30~34,정규직,200~299,2800.0,1000.0,2022,1800.0
31000,F,30~34,정규직,300~399,1500.0,500.0,2022,1000.0
31000,F,30~34,정규직,400~499,900.0,400.0,2022,500.0
31000,F,30~34,정규직,~199,1200.0,300.0,2022,900.0
31000,F,35~39,비정규직,200~299,900.0,200.0,2022,700.0
31000,F,35~39,비정규직,~199,3300.0,700.0,2022,2600.0
31000,F,35~39,자영업,~199,500.0,0.0,2022,500.0
31000,F,35~39,정규직,200~299,2800.0,800.0,2022,2000.0
31000,F,35~39,정규직,300~399,1900.0,500.0,2022,1400.0
31000,F,35~39,정규직,400~499,700.0,200.0,2022,500.0
31000,F,35~39,정규직,500~599,300.0,100.0,2022,200.0
31000,F,35~39,정규직,600~799,100.0,100.0,2022,0.0
31000,F,35~39,정규직,~199,1300.0,400.0,2022,900.0
31000,F,40~44,비정규직,200~299,1200.0,200.0,2022,1000.0
31000,F,40~44,비정규직,300~399,200.0,100.0,2022,100.0
31000,F,40~44,비정규직,~199,4600.0,500.0,2022,4100.0
31000,F,40~44,자영업,200~299,100.0,0.0,2022,100.0
31000,F,40~44,자영업,~199,400.0,100.0,2022,300.0
31000,F,40~44,정규직,200~299,2400.0,600.0,2022,1800.0
31000,F,40~44,정규직,300~399,1500.0,200.0,2022,1300.0
31000,F,40~44,정규직,400~499,1000.0,100.0,2022,900.0
31000,F,40~44,정규직,500~599,600.0,200.0,2022,400.0
31000,F,40~44,정규직,600~799,200.0,100.0,2022,100.0
31000,F,40~44,정규직,~199,700.0,100.0,2022,600.0
31000,M,25~29,비정규직,200~299,400.0,400.0,2022,0.0
31000,M,25~29,비정규직,~199,900.0,900.0,2022,0.0
31000,M,25~29,자영업,400~499,100.0,0.0,2022,100.0
31000,M,25~29,자영업,~199,200.0,100.0,2022,100.0
31000,M,25~29,정규직,200~299,2500.0,1600.0,2022,900.0
31000,M,25~29,정규직,300~399,2700.0,2000.0,2022,700.0
31000,M,25~29,정규직,400~499,1100.0,600.0,2022,500.0
31000,M,25~29,정규직,500~599,400.0,200.0,2022,200.0
31000,M,25~29,정규직,600~799,100.0,0.0,2022,100.0
31000,M,25~29,정규직,~199,400.0,300.0,2022,100.0
31000,M,30~34,비정규직,200~299,200.0,200.0,2022,0.0
31000,M,30~34,비정규직,300~399,100.0,100.0,2022,0.0
31000,M,30~34,비정규직,400~499,100.0,100.0,2022,0.0
31000,M,30~34,비정규직,~199,900.0,800.0,2022,100.0
31000,M,30~34,자영업,300~399,100.0,100.0,2022,0.0
31000,M,30~34,자영업,~199,300.0,100.0,2022,200.0
31000,M,30~34,정규직,200~299,2100.0,1400.0,2022,700.0
31000,M,30~34,정규직,300~399,3000.0,1400.0,2022,1600.0
31000,M,30~34,정규직,400~499,2100.0,600.0,2022,1500.0
31000,M,30~34,정규직,500~599,1100.0,300.0,2022,800.0
31000,M,30~34,정규직,600~799,300.0,0.0,2022,300.0
31000,M,30~34,정규직,800+,100.0,100.0,2022,0.0
31000,M,30~34,정규직,~199,300.0,300.0,2022,0.0
31000,M,35~39,비정규직,200~299,400.0,200.0,2022,200.0
31000,M,35~39,비정규직,300~399,100.0,100.0,2022,0.0
31000,M,35~39,비정규직,~199,400.0,400.0,2022,0.0
31000,M,35~39,자영업,200~299,300.0,0.0,2022,300.0
31000,M,35~39,자영업,300~399,100.0,0.0,2022,100.0
31000,M,35~39,자영업,400~499,100.0,100.0,2022,0.0
31000,M,35~39,자영업,500~599,100.0,0.0,2022,100.0
31000,M,35~39,자영업,600~799,100.0,0.0,2022,100.0
31000,M,35~39,자영업,~199,300.0,200.0,2022,100.0
31000,M,35~39,정규직,200~299,2500.0,1600.0,2022,900.0
31000,M,35~39,정규직,300~399,3200.0,1200.0,2022,2000.0
31000,M,35~39,정규직,400~499,2500.0,700.0,2022,1800.0
31000,M,35~39,정규직,500~599,1300.0,100.0,2022,1200.0
31000,M,35~39,정규직,600~799,1000.0,100.0,2022,900.0
31000,M,35~39,정규직,800+,300.0,200.0,2022,100.0
31000,M,35~39,정규직,~199,600.0,400.0,2022,200.0
31000,M,40~44,비정규직,200~299,500.0,200.0,2022,300.0
31000,M,40~44,비정규직,300~399,100.0,100.0,2022,0.0
31000,M,40~44,비정규직,~199,600.0,500.0,2022,100.0
31000,M,40~44,자영업,200~299,200.0,0.0,2022,200.0
31000,M,40~44,자영업,300~399,100.0,0.0,2022,100.0
31000,M,40~44,자영업,500~599,100.0,0.0,2022,100.0
31000,M,40~44,자영업,~199,400.0,100.0,2022,300.0
31000,M,40~44,정규직,200~299,2300.0,800.0,2022,1500.0
31000,M,40~44,정규직,300~399,3100.0,1100.0,2022,2000.0
31000,M,40~44,정규직,400~499,2400.0,500.0,2022,1900.0
31000,M,40~44,정규직,500~599,2100.0,200.0,2022,1900.0
31000,M,40~44,정규직,600~799,1100.0,0.0,2022,1100.0
31000,M,40~44,정규직,800+,400.0,0.0,2022,400.0
31000,M,40~44,정규직,~199,500.0,300.0,2022,200.0
32000,F,25~29,비정규직,200~299,400.0,100.0,2022,300.0
32000,F,25~29,비정규직,400~499,100.0,0.0,2022,100.0
32000,F,25~29,비정규직,~199,2200.0,1200.0,2022,1000.0
32000,F,25~29,자영업,~199,100.0,0.0,2022,100.0
32000,F,25~29,정규직,200~299,3100.0,2100.0,2022,1000.0
32000,F,25~29,정규직,300~399,2200.0,1700.0,2022,500.0
32000,F,25~29,정규직,400~499,700.0,500.0,2022,200.0
32000,F,25~29,정규직,500~599,200.0,0.0,2022,200.0
32000,F,25~29,정규직,600~799,100.0,100.0,2022,0.0
32000,F,25~29,정규직,~199,1300.0,900.0,2022,400.0
32000,F,30~34,비정규직,200~299,1200.0,200.0,2022,1000.0
32000,F,30~34,비정규직,300~399,100.0,100.0,2022,0.0
32000,F,30~34,비정규직,~199,3200.0,800.0,2022,2400.0
32000,F,30~34,자영업,300~399,100.0,100.0,2022,0.0
32000,F,30~34,자영업,~199,300.0,100.0,2022,200.0
32000,F,30~34,정규직,200~299,2700.0,1300.0,2022,1400.0
32000,F,30~34,정규직,300~399,2100.0,800.0,2022,1300.0
32000,F,30~34,정규직,400~499,1400.0,500.0,2022,900.0
32000,F,30~34,정규직,500~599,300.0,0.0,2022,300.0
32000,F,30~34,정규직,600~799,100.0,100.0,2022,0.0
32000,F,30~34,정규직,~199,600.0,300.0,2022,300.0
32000,F,35~39,비정규직,200~299,1000.0,300.0,2022,700.0
32000,F,35~39,비정규직,300~399,100.0,0.0,2022,100.0
32000,F,35~39,비정규직,~199,5000.0,700.0,2022,4300.0
32000,F,35~39,자영업,400~499,100.0,0.0,2022,100.0
32000,F,35~39,자영업,~199,400.0,0.0,2022,400.0
32000,F,35~39,정규직,200~299,2800.0,900.0,2022,1900.0
32000,F,35~39,정규직,300~399,2000.0,500.0,2022,1500.0
32000,F,35~39,정규직,400~499,900.0,300.0,2022,600.0
32000,F,35~39,정규직,500~599,600.0,200.0,2022,400.0
32000,F,35~39,정규직,600~799,100.0,0.0,2022,100.0
32000,F,35~39,정규직,~199,1000.0,200.0,2022,800.0
32000,F,40~44,비정규직,200~299,1300.0,300.0,2022,1000.0
32000,F,40~44,비정규직,300~399,200.0,0.0,2022,200.0
32000,F,40~44,비정규직,~199,4900.0,800.0,2022,4100.0
32000,F,40~44,자영업,300~399,100.0,0.0,2022,100.0
32000,F,40~44,자영업,500~599,100.0,0.0,2022,100.0
32000,F,40~44,자영업,~199,600.0,200.0,2022,400.0
32000,F,40~44,정규직,200~299,2800.0,600.0,2022,2200.0
32000,F,40~44,정규직,300~399,2000.0,200.0,2022,1800.0
32000,F,40~44,정규직,400~499,1100.0,300.0,2022,800.0
32000,F,40~44,정규직,500~599,600.0,100.0,2022,500.0
32000,F,40~44,정규직,600~799,300.0,0.0,2022,300.0
32000,F,40~44,정규직,800+,100.0,100.0,2022,0.0
32000,F,40~44,정규직,~199,1300.0,300.0,2022,1000.0
32000,M,25~29,비정규직,200~299,700.0,600.0,2022,100.0
32000,M,25~29,비정규직,300~399,100.0,100.0,2022,0.0
32000,M,25~29,비정규직,~199,1300.0,1200.0,2022,100.0
32000,M,25~29,자영업,~199,100.0,0.0,2022,100.0
32000,M,25~29,정규직,200~299,2600.0,2000.0,2022,600.0
32000,M,25~29,정규직,300~399,3700.0,2600.0,2022,1100.0
32000,M,25~29,정규직,400~499,2200.0,900.0,2022,1300.0
32000,M,25~29,정규직,500~599,600.0,300.0,2022,300.0
32000,M,25~29,정규직,600~799,200.0,100.0,2022,100.0
32000,M,25~29,정규직,~199,500.0,500.0,2022,0.0
32000,M,30~34,비정규직,200~299,400.0,300.0,2022,100.0
32000,M,30~34,비정규직,300~399,400.0,200.0,2022,200.0
32000,M,30~34,비정규직,~199,700.0,700.0,2022,0.0
32000,M,30~34,자영업,~199,100.0,100.0,2022,0.0
32000,M,30~34,정규직,200~299,2300.0,1500.0,2022,800.0
32000,M,30~34,정규직,300~399,3500.0,1800.0,2022,1700.0
32000,M,30~34,정규직,400~499,3300.0,1000.0,2022,2300.0
32000,M,30~34,정규직,500~599,1200.0,300.0,2022,900.0
32000,M,30~34,정규직,600~799,500.0,200.0,2022,300.0
32000,M,30~34,정규직,~199,500.0,400.0,2022,100.0
32000,M,35~39,비정규직,200~299,400.0,300.0,2022,100.0
32000,M,35~39,비정규직,300~399,100.0,100.0,2022,0.0
32000,M,35~39,비정규직,~199,600.0,600.0,2022,0.0
32000,M,35~39,자영업,200~299,100.0,0.0,2022,100.0
32000,M,35~39,자영업,300~399,100.0,0.0,2022,100.0
32000,M,35~39,자영업,400~499,100.0,0.0,2022,100.0
32000,M,35~39,자영업,800+,100.0,0.0,2022,100.0
32000,M,35~39,자영업,~199,400.0,100.0,2022,300.0
32000,M,35~39,정규직,200~299,2600.0,1000.0,2022,1600.0
32000,M,35~39,정규직,300~399,2700.0,1100.0,2022,1600.0
32000,M,35~39,정규직,400~499,3800.0,1200.0,2022,2600.0
32000,M,35~39,정규직,500~599,2000.0,100.0,2022,1900.0
32000,M,35~39,정규직,600~799,1100.0,100.0,2022,1000.0
32000,M,35~39,정규직,800+,400.0,0.0,2022,400.0
32000,M,35~39,정규직,~199,400.0,300.0,2022,100.0
32000,M,40~44,비정규직,200~299,500.0,300.0,2022,200.0
32000,M,40~44,비정규직,300~399,100.0,0.0,2022,100.0
32000,M,40~44,비정규직,~199,800.0,500.0,2022,300.0
32000,M,40~44,자영업,200~299,200.0,100.0,2022,100.0
32000,M,40~44,자영업,300~399,300.0,0.0,2022,300.0
32000,M,40~44,자영업,400~499,100.0,0.0,2022,100.0
32000,M,40~44,자영업,~199,300.0,100.0,2022,200.0
32000,M,40~44,정규직,200~299,2100.0,900.0,2022,1200.0
32000,M,40~44,정규직,300~399,3300.0,1100.0,2022,2200.0
32000,M,40~44,정규직,400~499,3500.0,600.0,2022,2900.0
32000,M,40~44,정규직,500~599,2600.0,400.0,2022,2200.0
32000,M,40~44,정규직,600~799,2300.0,300.0,2022,2000.0
32000,M,40~44,정규직,800+,600.0,0.0,2022,600.0
32000,M,40~44,정규직,~199,400.0,300.0,2022,100.0
33000,F,25~29,비정규직,200~299,2700.0,2000.0,2022,700.0
33000,F,25~29,비정규직,300~399,200.0,200.0,2022,0.0
33000,F,25~29,비정규직,~199,7300.0,4600.0,2022,2700.0
33000,F,25~29,자영업,800+,200.0,200.0,2022,0.0
33000,F,25~29,정규직,200~299,11000.0,6900.0,2022,4100.0
33000,F,25~29,정규직,300~399,7800.0,5200.0,2022,2600.0
33000,F,25~29,정규직,400~499,3000.0,1400.0,2022,1600.0
33000,F,25~29,정규직,500~599,1200.0,500.0,2022,700.0
33000,F,25~29,정규직,600~799,100.0,100.0,2022,0.0
33000,F,25~29,정규직,~199,2500.0,1400.0,2022,1100.0
33000,F,30~34,비정규직,200~299,3300.0,1700.0,2022,1600.0
33000,F,30~34,비정규직,300~399,100.0,100.0,2022,0.0
33000,F,30~34,비정규직,400~499,300.0,100.0,2022,200.0
33000,F,30~34,비정규직,~199,9500.0,2100.0,2022,7400.0
33000,F,30~34,자영업,200~299,100.0,0.0,2022,100.0
33000,F,30~34,자영업,~199,600.0,0.0,2022,600.0
33000,F,30~34,정규직,200~299,6100.0,2800.0,2022,3300.0
33000,F,30~34,정규직,300~399,8600.0,3200.0,2022,5400.0
33000,F,30~34,정규직,400~499,2500.0,400.0,2022,2100.0
33000,F,30~34,정규직,500~599,2000.0,1000.0,2022,1000.0
33000,F,30~34,정규직,600~799,100.0,0.0,2022,100.0
33000,F,30~34,정규직,~199,1700.0,600.0,2022,1100.0
33000,F,35~39,비정규직,200~299,3200.0,900.0,2022,2300.0
33000,F,35~39,비정규직,300~399,500.0,200.0,2022,300.0
33000,F,35~39,비정규직,~199,15400.0,2800.0,2022,12600.0
33000,F,35~39,자영업,200~299,100.0,100.0,2022,0.0
33000,F,35~39,자영업,~199,1800.0,400.0,2022,1400.0
33000,F,35~39,정규직,200~299,6500.0,2000.0,2022,4500.0
33000,F,35~39,정규직,300~399,4200.0,1600.0,2022,2600.0
33000,F,35~39,정규직,400~499,3400.0,700.0,2022,2700.0
33000,F,35~39,정규직,500~599,2000.0,400.0,2022,1600.0
33000,F,35~39,정규직,600~799,500.0,200.0,2022,300.0
33000,F,35~39,정규직,800+,200.0,0.0,2022,200.0
33000,F,35~39,정규직,~199,1700.0,1000.0,2022,700.0
33000,F,40~44,비정규직,200~299,3400.0,1000.0,2022,2400.0
33000,F,40~44,비정규직,300~399,400.0,100.0,2022,300.0
33000,F,40~44,비정규직,400~499,100.0,0.0,2022,100.0
33000,F,40~44,비정규직,500~599,300.0,200.0,2022,100.0
33000,F,40~44,비정규직,~199,15500.0,2100.0,2022,13400.0
33000,F,40~44,자영업,200~299,400.0,100.0,2022,300.0
33000,F,40~44,자영업,500~599,200.0,0.0,2022,200.0
33000,F,40~44,자영업,~199,1700.0,400.0,2022,1300.0
33000,F,40~44,정규직,200~299,6400.0,2200.0,2022,4200.0
33000,F,40~44,정규직,300~399,6300.0,1500.0,2022,4800.0
33000,F,40~44,정규직,400~499,2800.0,500.0,2022,2300.0
33000,F,40~44,정규직,500~599,2300.0,400.0,2022,1900.0
33000,F,40~44,정규직,600~799,1200.0,0.0,2022,1200.0
33000,F,40~44,정규직,800+,100.0,100.0,2022,0.0
33000,F,40~44,정규직,~199,2100.0,400.0,2022,1700.0
33000,M,25~29,비정규직,200~299,700.0,700.0,2022,0.0
33000,M,25~29,비정규직,300~399,500.0,500.0,2022,0.0
33000,M,25~29,비정규직,~199,2500.0,2500.0,2022,0.0
33000,M,25~29,자영업,200~299,500.0,200.0,2022,300.0
33000,M,25~29,자영업,300~399,400.0,200.0,2022,200.0
33000,M,25~29,자영업,400~499,100.0,100.0,2022,0.0
33000,M,25~29,자영업,~199,800.0,600.0,2022,200.0
33000,M,25~29,정규직,200~299,9600.0,8800.0,2022,800.0
33000,M,25~29,정규직,300~399,12400.0,7800.0,2022,4600.0
33000,M,25~29,정규직,400~499,6300.0,2500.0,2022,3800.0
33000,M,25~29,정규직,500~599,3100.0,1400.0,2022,1700.0
33000,M,25~29,정규직,600~799,700.0,100.0,2022,600.0
33000,M,25~29,정규직,~199,2300.0,1500.0,2022,800.0
33000,M,30~34,비정규직,200~299,1100.0,1000.0,2022,100.0
33000,M,30~34,비정규직,600~799,200.0,200.0,2022,0.0
33000,M,30~34,비정규직,~199,2400.0,2000.0,2022,400.0
33000,M,30~34,자영업,200~299,500.0,400.0,2022,100.0
33000,M,30~34,자영업,300~399,100.0,100.0,2022,0.0
33000,M,30~34,자영업,400~499,200.0,200.0,2022,0.0
33000,M,30~34,자영업,500~599,100.0,100.0,2022,0.0
33000,M,30~34,자영업,800+,100.0,0.0,2022,100.0
33000,M,30~34,자영업,~199,700.0,500.0,2022,200.0
33000,M,30~34,정규직,200~299,5600.0,4300.0,2022,1300.0
33000,M,30~34,정규직,300~399,11100.0,5900.0,2022,5200.0
33000,M,30~34,정규직,400~499,10100.0,3100.0,2022,7000.0
33000,M,30~34,정규직,500~599,4900.0,900.0,2022,4000.0
33000,M,30~34,정규직,600~799,3000.0,100.0,2022,2900.0
33000,M,30~34,정규직,800+,300.0,0.0,2022,300.0
33000,M,30~34,정규직,~199,500.0,500.0,2022,0.0
33000,M,35~39,비정규직,200~299,1100.0,1000.0,2022,100.0
33000,M,35~39,비정규직,400~499,200.0,0.0,2022,200.0
33000,M,35~39,비정규직,500~599,100.0,100.0,2022,0.0
33000,M,35~39,비정규직,800+,100.0,0.0,2022,100.0
33000,M,35~39,비정규직,~199,2100.0,2000.0,2022,100.0
33000,M,35~39,자영업,200~299,400.0,100.0,2022,300.0
33000,M,35~39,자영업,300~399,300.0,100.0,2022,200.0
33000,M,35~39,자영업,400~499,300.0,100.0,2022,200.0
33000,M,35~39,자영업,500~599,100.0,0.0,2022,100.0
33000,M,35~39,자영업,~199,800.0,300.0,2022,500.0
33000,M,35~39,정규직,200~299,3800.0,2300.0,2022,1500.0
33000,M,35~39,정규직,300~399,8900.0,4200.0,2022,4700.0
33000,M,35~39,정규직,400~499,9600.0,2300.0,2022,7300.0
33000,M,35~39,정규직,500~599,7500.0,700.0,2022,6800.0
33000,M,35~39,정규직,600~799,7200.0,600.0,2022,6600.0
33000,M,35~39,정규직,800+,1000.0,300.0,2022,700.0
33000,M,35~39,정규직,~199,700.0,400.0,2022,300.0
33000,M,40~44,비정규직,200~299,1500.0,1300.0,2022,200.0
33000,M,40~44,비정규직,300~399,300.0,100.0,2022,200.0
33000,M,40~44,비정규직,400~499,100.0,100.0,2022,0.0
33000,M,40~44,비정규직,~199,1700.0,1200.0,2022,500.0
33000,M,40~44,자영업,200~299,1200.0,200.0,2022,1000.0
33000,M,40~44,자영업,300~399,500.0,200.0,2022,300.0
33000,M,40~44,자영업,400~499,700.0,200.0,2022,500.0
33000,M,40~44,자영업,500~599,300.0,200.0,2022,100.0
33000,M,40~44,자영업,600~799,200.0,0.0,2022,200.0
33000,M,40~44,자영업,800+,200.0,0.0,2022,200.0
33000,M,40~44,자영업,~199,1600.0,800.0,2022,800.0
33000,M,40~44,정규직,200~299,4000.0,1900.0,2022,2100.0
33000,M,40~44,정규직,300~399,6900.0,1900.0,2022,5000.0
33000,M,40~44,정규직,400~499,7700.0,1700.0,2022,6000.0
33000,M,40~44,정규직,500~599,8200.0,700.0,2022,7500.0
33000,M,40~44,정규직,600~799,8400.0,900.0,2022,7500.0
33000,M,40~44,정규직,800+,3400.0,0.0,2022,3400.0
33000,M,40~44,정규직,~199,1200.0,800.0,2022,400.0
34000,F,25~29,비정규직,200~299,3000.0,2200.0,2022,800.0
34000,F,25~29,비정규직,300~399,800.0,700.0,2022,100.0
34000,F,25~29,비정규직,400~499,300.0,300.0,2022,0.0
34000,F,25~29,비정규직,~199,9700.0,4500.0,2022,5200.0
34000,F,25~29,자영업,200~299,200.0,0.0,2022,200.0
34000,F,25~29,자영업,300~399,100.0,0.0,2022,100.0
34000,F,25~29,자영업,800+,100.0,100.0,2022,0.0
34000,F,25~29,자영업,~199,200.0,200.0,2022,0.0
34000,F,25~29,정규직,200~299,13100.0,10200.0,2022,2900.0
34000,F,25~29,정규직,300~399,13200.0,9800.0,2022,3400.0
34000,F,25~29,정규직,400~499,5400.0,4100.0,2022,1300.0
34000,F,25~29,정규직,500~599,900.0,900.0,2022,0.0
34000,F,25~29,정규직,~199,3700.0,2200.0,2022,1500.0
34000,F,30~34,비정규직,200~299,2700.0,1400.0,2022,1300.0
34000,F,30~34,비정규직,300~399,900.0,400.0,2022,500.0
34000,F,30~34,비정규직,400~499,100.0,100.0,2022,0.0
34000,F,30~34,비정규직,800+,100.0,100.0,2022,0.0
34000,F,30~34,비정규직,~199,13700.0,3700.0,2022,10000.0
34000,F,30~34,자영업,400~499,100.0,0.0,2022,100.0
34000,F,30~34,자영업,800+,200.0,0.0,2022,200.0
34000,F,30~34,자영업,~199,1400.0,500.0,2022,900.0
34000,F,30~34,정규직,200~299,11100.0,4100.0,2022,7000.0
34000,F,30~34,정규직,300~399,7600.0,3600.0,2022,4000.0
34000,F,30~34,정규직,400~499,4600.0,2000.0,2022,2600.0
34000,F,30~34,정규직,500~599,2000.0,800.0,2022,1200.0
34000,F,30~34,정규직,600~799,400.0,300.0,2022,100.0
34000,F,30~34,정규직,~199,3000.0,800.0,2022,2200.0
34000,F,35~39,비정규직,200~299,4200.0,1100.0,2022,3100.0
34000,F,35~39,비정규직,300~399,500.0,400.0,2022,100.0
34000,F,35~39,비정규직,400~499,100.0,0.0,2022,100.0
34000,F,35~39,비정규직,500~599,100.0,100.0,2022,0.0
34000,F,35~39,비정규직,~199,21800.0,3200.0,2022,18600.0
34000,F,35~39,자영업,200~299,400.0,100.0,2022,300.0
34000,F,35~39,자영업,400~499,200.0,0.0,2022,200.0
34000,F,35~39,자영업,~199,1200.0,100.0,2022,1100.0
34000,F,35~39,정규직,200~299,9700.0,3900.0,2022,5800.0
34000,F,35~39,정규직,300~399,6800.0,1700.0,2022,5100.0
34000,F,35~39,정규직,400~499,4900.0,2100.0,2022,2800.0
34000,F,35~39,정규직,500~599,2100.0,700.0,2022,1400.0
34000,F,35~39,정규직,600~799,2200.0,1100.0,2022,1100.0
34000,F,35~39,정규직,800+,700.0,300.0,2022,400.0
34000,F,35~39,정규직,~199,3400.0,700.0,2022,2700.0
34000,F,40~44,비정규직,200~299,5700.0,2000.0,2022,3700.0
34000,F,40~44,비정규직,300~399,1500.0,900.0,2022,600.0
34000,F,40~44,비정규직,400~499,100.0,0.0,2022,100.0
34000,F,40~44,비정규직,~199,26600.0,2500.0,2022,24100.0
34000,F,40~44,자영업,200~299,200.0,0.0,2022,200.0
34000,F,40~44,자영업,300~399,400.0,0.0,2022,400.0
34000,F,40~44,자영업,500~599,100.0,0.0,2022,100.0
34000,F,40~44,자영업,600~799,200.0,0.0,2022,200.0
34000,F,40~44,자영업,~199,1500.0,100.0,2022,1400.0
34000,F,40~44,정규직,200~299,8200.0,3300.0,2022,4900.0
34000,F,40~44,정규직,300~399,8100.0,2700.0,2022,5400.0
34000,F,40~44,정규직,400~499,4400.0,1400.0,2022,3000.0
34000,F,40~44,정규직,500~599,2100.0,400.0,2022,1700.0
34000,F,40~44,정규직,600~799,1900.0,100.0,2022,1800.0
34000,F,40~44,정규직,800+,500.0,0.0,2022,500.0
34000,F,40~44,정규직,~199,2500.0,600.0,2022,1900.0
34000,M,25~29,비정규직,200~299,3500.0,2800.0,2022,700.0
34000,M,25~29,비정규직,300~399,300.0,300.0,2022,0.0
34000,M,25~29,비정규직,400~499,200.0,0.0,2022,200.0
34000,M,25~29,비정규직,500~599,100.0,100.0,2022,0.0
34000,M,25~29,비정규직,800+,100.0,100.0,2022,0.0
34000,M,25~29,비정규직,~199,5500.0,5300.0,2022,200.0
34000,M,25~29,자영업,200~299,200.0,0.0,2022,200.0
34000,M,25~29,자영업,300~399,200.0,200.0,2022,0.0
34000,M,25~29,자영업,400~499,200.0,0.0,2022,200.0
34000,M,25~29,자영업,~199,500.0,500.0,2022,0.0
34000,M,25~29,정규직,200~299,10200.0,8200.0,2022,2000.0
34000,M,25~29,정규직,300~399,18700.0,13700.0,2022,5000.0
34000,M,25~29,정규직,400~499,15400.0,10200.0,2022,5200.0
34000,M,25~29,정규직,500~599,4300.0,1600.0,2022,2700.0
34000,M,25~29,정규직,600~799,900.0,700.0,2022,200.0
34000,M,25~29,정규직,800+,200.0,0.0,2022,200.0
34000,M,25~29,정규직,~199,1400.0,1200.0,2022,200.0
34000,M,30~34,비정규직,200~299,1300.0,1300.0,2022,0.0
34000,M,30~34,비정규직,300~399,500.0,300.0,2022,200.0
34000,M,30~34,비정규직,400~499,200.0,200.0,2022,0.0
34000,M,30~34,비정규직,500~599,200.0,100.0,2022,100.0
34000,M,30~34,비정규직,600~799,100.0,0.0,2022,100.0
34000,M,30~34,비정규직,800+,200.0,0.0,2022,200.0
34000,M,30~34,비정규직,~199,3400.0,2800.0,2022,600.0
34000,M,30~34,자영업,200~299,200.0,0.0,2022,200.0
34000,M,30~34,자영업,300~399,100.0,0.0,2022,100.0
34000,M,30~34,자영업,400~499,200.0,0.0,2022,200.0
34000,M,30~34,자영업,~199,600.0,400.0,2022,200.0
34000,M,30~34,정규직,200~299,7200.0,5700.0,2022,1500.0
34000,M,30~34,정규직,300~399,10600.0,5000.0,2022,5600.0
34000,M,30~34,정규직,400~499,15200.0,5600.0,2022,9600.0
34000,M,30~34,정규직,500~599,11700.0,4600.0,2022,7100.0
34000,M,30~34,정규직,600~799,5900.0,1700.0,2022,4200.0
34000,M,30~34,정규직,800+,700.0,300.0,2022,400.0
34000,M,30~34,정규직,~199,1500.0,1300.0,2022,200.0
34000,M,35~39,비정규직,200~299,2400.0,2100.0,2022,300.0
34000,M,35~39,비정규직,300~399,300.0,200.0,2022,100.0
34000,M,35~39,비정규직,400~499,100.0,0.0,2022,100.0
34000,M,35~39,비정규직,800+,200.0,0.0,2022,200.0
34000,M,35~39,비정규직,~199,1800.0,1700.0,2022,100.0
34000,M,35~39,자영업,200~299,600.0,100.0,2022,500.0
34000,M,35~39,자영업,300~399,600.0,200.0,2022,400.0
34000,M,35~39,자영업,400~499,400.0,0.0,2022,400.0
34000,M,35~39,자영업,500~599,300.0,0.0,2022,300.0
34000,M,35~39,자영업,600~799,500.0,0.0,2022,500.0
34000,M,35~39,자영업,800+,200.0,0.0,2022,200.0
34000,M,35~39,자영업,~199,1600.0,800.0,2022,800.0
34000,M,35~39,정규직,200~299,5800.0,3300.0,2022,2500.0
34000,M,35~39,정규직,300~399,9500.0,3400.0,2022,6100.0
34000,M,35~39,정규직,400~499,12600.0,3600.0,2022,9000.0
34000,M,35~39,정규직,500~599,13400.0,1800.0,2022,11600.0
34000,M,35~39,정규직,600~799,11200.0,1500.0,2022,9700.0
34000,M,35~39,정규직,800+,5600.0,500.0,2022,5100.0
34000,M,35~39,정규직,~199,600.0,400.0,2022,200.0
34000,M,40~44,비정규직,200~299,2000.0,1400.0,2022,600.0
34000,M,40~44,비정규직,300~399,1000.0,700.0,2022,300.0
34000,M,40~44,비정규직,400~499,300.0,300.0,2022,0.0
34000,M,40~44,비정규직,500~599,100.0,0.0,2022,100.0
34000,M,40~44,비정규직,600~799,200.0,0.0,2022,200.0
34000,M,40~44,비정규직,~199,2500.0,2000.0,2022,500.0
34000,M,40~44,자영업,200~299,1000.0,300.0,2022,700.0
34000,M,40~44,자영업,300~399,1000.0,0.0,2022,1000.0
34000,M,40~44,자영업,400~499,300.0,0.0,2022,300.0
34000,M,40~44,자영업,500~599,500.0,200.0,2022,300.0
34000,M,40~44,자영업,600~799,1100.0,400.0,2022,700.0
34000,M,40~44,자영업,800+,300.0,0.0,2022,300.0
34000,M,40~44,자영업,~199,1100.0,200.0,2022,900.0
34000,M,40~44,정규직,200~299,4500.0,2300.0,2022,2200.0
34000,M,40~44,정규직,300~399,10000.0,4400.0,2022,5600.0
34000,M,40~44,정규직,400~499,15000.0,3200.0,2022,11800.0
34000,M,40~44,정규직,500~599,10500.0,1400.0,2022,9100.0
34000,M,40~44,정규직,600~799,17200.0,3100.0,2022,14100.0
34000,M,40~44,정규직,800+,6700.0,300.0,2022,6400.0
34000,M,40~44,정규직,~199,1300.0,1100.0,2022,200.0
35000,F,25~29,비정규직,200~299,1500.0,800.0,2022,700.0
35000,F,25~29,비정규직,400~499,100.0,0.0,2022,100.0
35000,F,25~29,비정규직,~199,4600.0,1600.0,2022,3000.0
35000,F,25~29,자영업,200~299,100.0,100.0,2022,0.0
35000,F,25~29,자영업,300~399,100.0,0.0,2022,100.0
35000,F,25~29,자영업,600~799,100.0,100.0,2022,0.0
35000,F,25~29,자영업,~199,200.0,0.0,2022,200.0
35000,F,25~29,정규직,200~299,5300.0,3600.0,2022,1700.0
35000,F,25~29,정규직,300~399,5200.0,3500.0,2022,1700.0
35000,F,25~29,정규직,400~499,1800.0,800.0,2022,1000.0
35000,F,25~29,정규직,500~599,300.0,100.0,2022,200.0
35000,F,25~29,정규직,~199,1800.0,1100.0,2022,700.0
35000,F,30~34,비정규직,200~299,1800.0,700.0,2022,1100.0
35000,F,30~34,비정규직,400~499,100.0,0.0,2022,100.0
35000,F,30~34,비정규직,~199,5800.0,1000.0,2022,4800.0
35000,F,30~34,자영업,200~299,100.0,0.0,2022,100.0
35000,F,30~34,자영업,400~499,200.0,200.0,2022,0.0
35000,F,30~34,자영업,~199,300.0,100.0,2022,200.0
35000,F,30~34,정규직,200~299,3700.0,1400.0,2022,2300.0
35000,F,30~34,정규직,300~399,3600.0,1100.0,2022,2500.0
35000,F,30~34,정규직,400~499,1900.0,900.0,2022,1000.0
35000,F,30~34,정규직,500~599,800.0,400.0,2022,400.0
35000,F,30~34,정규직,600~799,100.0,0.0,2022,100.0
35000,F,30~34,정규직,~199,1400.0,600.0,2022,800.0
35000,F,35~39,비정규직,200~299,1600.0,600.0,2022,1000.0
35000,F,35~39,비정규직,300~399,100.0,100.0,2022,0.0
35000,F,35~39,비정규직,~199,10500.0,1800.0,2022,8700.0
35000,F,35~39,자영업,200~299,100.0,100.0,2022,0.0
35000,F,35~39,자영업,300~399,200.0,200.0,2022,0.0
35000,F,35~39,자영업,400~499,100.0,100.0,2022,0.0
35000,F,35~39,자영업,~199,800.0,300.0,2022,500.0
35000,F,35~39,정규직,200~299,4400.0,1300.0,2022,3100.0
35000,F,35~39,정규직,300~399,2700.0,900.0,2022,1800.0
35000,F,35~39,정규직,400~499,1900.0,600.0,2022,1300.0
35000,F,35~39,정규직,500~599,800.0,300.0,2022,500.0
35000,F,35~39,정규직,600~799,300.0,0.0,2022,300.0
35000,F,35~39,정규직,~199,1500.0,500.0,2022,1000.0
35000,F,40~44,비정규직,200~299,1200.0,500.0,2022,700.0
35000,F,40~44,비정규직,300~399,400.0,100.0,2022,300.0
35000,F,40~44,비정규직,400~499,100.0,0.0,2022,100.0
35000,F,40~44,비정규직,~199,12400.0,1100.0,2022,11300.0
35000,F,40~44,자영업,200~299,100.0,0.0,2022,100.0
35000,F,40~44,자영업,800+,100.0,0.0,2022,100.0
35000,F,40~44,자영업,~199,700.0,200.0,2022,500.0
35000,F,40~44,정규직,200~299,4200.0,1100.0,2022,3100.0
35000,F,40~44,정규직,300~399,3500.0,900.0,2022,2600.0
35000,F,40~44,정규직,400~499,2300.0,900.0,2022,1400.0
35000,F,40~44,정규직,500~599,1400.0,400.0,2022,1000.0
35000,F,40~44,정규직,600~799,1200.0,300.0,2022,900.0
35000,F,40~44,정규직,800+,200.0,0.0,2022,200.0
35000,F,40~44,정규직,~199,1300.0,300.0,2022,1000.0
35000,M,25~29,비정규직,200~299,900.0,700.0,2022,200.0
35000,M,25~29,비정규직,300~399,500.0,300.0,2022,200.0
35000,M,25~29,비정규직,400~499,200.0,100.0,2022,100.0
35000,M,25~29,비정규직,~199,1400.0,1200.0,2022,200.0
35000,M,25~29,자영업,300~399,100.0,100.0,2022,0.0
35000,M,25~29,자영업,400~499,100.0,0.0,2022,100.0
35000,M,25~29,자영업,~199,200.0,200.0,2022,0.0
35000,M,25~29,정규직,200~299,5300.0,4400.0,2022,900.0
35000,M,25~29,정규직,300~399,7000.0,5000.0,2022,2000.0
35000,M,25~29,정규직,400~499,4900.0,2000.0,2022,2900.0
35000,M,25~29,정규직,500~599,1800.0,1000.0,2022,800.0
35000,M,25~29,정규직,600~799,800.0,400.0,2022,400.0
35000,M,25~29,정규직,800+,100.0,100.0,2022,0.0
35000,M,25~29,정규직,~199,1200.0,1100.0,2022,100.0
35000,M,30~34,비정규직,200~299,1000.0,600.0,2022,400.0
35000,M,30~34,비정규직,300~399,400.0,300.0,2022,100.0
35000,M,30~34,비정규직,~199,1700.0,1600.0,2022,100.0
35000,M,30~34,자영업,200~299,100.0,0.0,2022,100.0
35000,M,30~34,자영업,400~499,200.0,0.0,2022,200.0
35000,M,30~34,자영업,500~599,100.0,0.0,2022,100.0
35000,M,30~34,자영업,600~799,300.0,0.0,2022,300.0
35000,M,30~34,자영업,~199,300.0,200.0,2022,100.0
35000,M,30~34,정규직,200~299,3100.0,2300.0,2022,800.0
35000,M,30~34,정규직,300~399,5500.0,3400.0,2022,2100.0
35000,M,30~34,정규직,400~499,6900.0,3200.0,2022,3700.0
35000,M,30~34,정규직,500~599,4700.0,1400.0,2022,3300.0
35000,M,30~34,정규직,600~799,2200.0,200.0,2022,2000.0
35000,M,30~34,정규직,800+,200.0,0.0,2022,200.0
35000,M,30~34,정규직,~199,800.0,500.0,2022,300.0
35000,M,35~39,비정규직,200~299,900.0,400.0,2022,500.0
35000,M,35~39,비정규직,300~399,400.0,200.0,2022,200.0
35000,M,35~39,비정규직,600~799,100.0,0.0,2022,100.0
35000,M,35~39,비정규직,~199,1100.0,800.0,2022,300.0
35000,M,35~39,자영업,200~299,300.0,200.0,2022,100.0
35000,M,35~39,자영업,300~399,300.0,0.0,2022,300.0
35000,M,35~39,자영업,400~499,100.0,100.0,2022,0.0
35000,M,35~39,자영업,500~599,200.0,0.0,2022,200.0
35000,M,35~39,자영업,~199,400.0,400.0,2022,0.0
35000,M,35~39,정규직,200~299,3200.0,1700.0,2022,1500.0
35000,M,35~39,정규직,300~399,5400.0,2300.0,2022,3100.0
35000,M,35~39,정규직,400~499,6000.0,1800.0,2022,4200.0
35000,M,35~39,정규직,500~599,6200.0,900.0,2022,5300.0
35000,M,35~39,정규직,600~799,4000.0,500.0,2022,3500.0
35000,M,35~39,정규직,800+,1300.0,0.0,2022,1300.0
35000,M,35~39,정규직,~199,400.0,400.0,2022,0.0
35000,M,40~44,비정규직,200~299,400.0,400.0,2022,0.0
35000,M,40~44,비정규직,300~399,200.0,100.0,2022,100.0
35000,M,40~44,비정규직,400~499,200.0,100.0,2022,100.0
35000,M,40~44,비정규직,600~799,100.0,100.0,2022,0.0
35000,M,40~44,비정규직,~199,1100.0,900.0,2022,200.0
35000,M,40~44,자영업,200~299,300.0,200.0,2022,100.0
35000,M,40~44,자영업,300~399,400.0,100.0,2022,300.0
35000,M,40~44,자영업,400~499,300.0,100.0,2022,200.0
35000,M,40~44,자영업,500~599,100.0,100.0,2022,0.0
35000,M,40~44,자영업,600~799,400.0,0.0,2022,400.0
35000,M,40~44,자영업,800+,100.0,0.0,2022,100.0
35000,M,40~44,자영업,~199,600.0,200.0,2022,400.0
35000,M,40~44,정규직,200~299,3000.0,2100.0,2022,900.0
35000,M,40~44,정규직,300~399,5800.0,1500.0,2022,4300.0
35000,M,40~44,정규직,400~499,6800.0,2000.0,2022,4800.0
35000,M,40~44,정규직,500~599,5400.0,800.0,2022,4600.0
35000,M,40~44,정규직,600~799,6300.0,600.0,2022,5700.0
35000,M,40~44,정규직,800+,1800.0,100.0,2022,1700.0
35000,M,40~44,정규직,~199,600.0,400.0,2022,200.0
36000,F,25~29,비정규직,200~299,400.0,400.0,2022,0.0
36000,F,25~29,비정규직,400~499,100.0,0.0,2022,100.0
36000,F,25~29,비정규직,600~799,100.0,0.0,2022,100.0
36000,F,25~29,비정규직,~199,2300.0,1300.0,2022,1000.0
36000,F,25~29,자영업,~199,200.0,100.0,2022,100.0
36000,F,25~29,정규직,200~299,3000.0,2400.0,2022,600.0
36000,F,25~29,정규직,300~399,2200.0,1300.0,2022,900.0
36000,F,25~29,정규직,400~499,1500.0,900.0,2022,600.0
36000,F,25~29,정규직,500~599,200.0,0.0,2022,200.0
36000,F,25~29,정규직,~199,1000.0,800.0,2022,200.0
36000,F,30~34,비정규직,200~299,700.0,300.0,2022,400.0
36000,F,30~34,비정규직,400~499,100.0,0.0,2022,100.0
36000,F,30~34,비정규직,~199,2800.0,1300.0,2022,1500.0
36000,F,30~34,자영업,~199,300.0,0.0,2022,300.0
36000,F,30~34,정규직,200~299,2400.0,1000.0,2022,1400.0
36000,F,30~34,정규직,300~399,1600.0,800.0,2022,800.0
36000,F,30~34,정규직,400~499,1200.0,400.0,2022,800.0
36000,F,30~34,정규직,500~599,700.0,200.0,2022,500.0
36000,F,30~34,정규직,600~799,100.0,0.0,2022,100.0
36000,F,30~34,정규직,~199,1400.0,700.0,2022,700.0
36000,F,35~39,비정규직,200~299,1000.0,100.0,2022,900.0
36000,F,35~39,비정규직,300~399,100.0,100.0,2022,0.0
36000,F,35~39,비정규직,~199,4200.0,900.0,2022,3300.0
36000,F,35~39,자영업,~199,100.0,100.0,2022,0.0
36000,F,35~39,정규직,200~299,2400.0,900.0,2022,1500.0
36000,F,35~39,정규직,300~399,2500.0,800.0,2022,1700.0
36000,F,35~39,정규직,400~499,1000.0,300.0,2022,700.0
36000,F,35~39,정규직,500~599,1100.0,300.0,2022,800.0
36000,F,35~39,정규직,600~799,200.0,100.0,2022,100.0
36000,F,35~39,정규직,~199,1100.0,200.0,2022,900.0
36000,F,40~44,비정규직,200~299,1000.0,100.0,2022,900.0
36000,F,40~44,비정규직,300~399,200.0,0.0,2022,200.0
36000,F,40~44,비정규직,~199,5100.0,700.0,2022,4400.0
36000,F,40~44,자영업,300~399,100.0,0.0,2022,100.0
36000,F,40~44,자영업,~199,400.0,200.0,2022,200.0
36000,F,40~44,정규직,200~299,2800.0,800.0,2022,2000.0
36000,F,40~44,정규직,300~399,2300.0,600.0,2022,1700.0
36000,F,40~44,정규직,400~499,1300.0,200.0,2022,1100.0
36000,F,40~44,정규직,500~599,900.0,100.0,2022,800.0
36000,F,40~44,정규직,600~799,700.0,200.0,2022,500.0
36000,F,40~44,정규직,~199,1000.0,300.0,2022,700.0
36000,M,25~29,비정규직,200~299,400.0,300.0,2022,100.0
36000,M,25~29,비정규직,300~399,200.0,200.0,2022,0.0
36000,M,25~29,비정규직,400~499,100.0,100.0,2022,0.0
36000,M,25~29,비정규직,500~599,100.0,100.0,2022,0.0
36000,M,25~29,비정규직,800+,100.0,0.0,2022,100.0
36000,M,25~29,비정규직,~199,1700.0,1700.0,2022,0.0
36000,M,25~29,자영업,500~599,100.0,0.0,2022,100.0
36000,M,25~29,자영업,~199,300.0,100.0,2022,200.0
36000,M,25~29,정규직,200~299,3200.0,2600.0,2022,600.0
36000,M,25~29,정규직,300~399,2700.0,1800.0,2022,900.0
36000,M,25~29,정규직,400~499,2100.0,1200.0,2022,900.0
36000,M,25~29,정규직,500~599,700.0,400.0,2022,300.0
36000,M,25~29,정규직,600~799,200.0,0.0,2022,200.0
36000,M,25~29,정규직,~199,400.0,300.0,2022,100.0
36000,M,30~34,비정규직,200~299,300.0,200.0,2022,100.0
36000,M,30~34,비정규직,300~399,300.0,100.0,2022,200.0
36000,M,30~34,비정규직,~199,900.0,800.0,2022,100.0
36000,M,30~34,자영업,300~399,100.0,0.0,2022,100.0
36000,M,30~34,자영업,~199,200.0,100.0,2022,100.0
36000,M,30~34,정규직,200~299,2500.0,1700.0,2022,800.0
36000,M,30~34,정규직,300~399,2900.0,1000.0,2022,1900.0
36000,M,30~34,정규직,400~499,2700.0,1500.0,2022,1200.0
36000,M,30~34,정규직,500~599,1600.0,400.0,2022,1200.0
36000,M,30~34,정규직,600~799,900.0,100.0,2022,800.0
36000,M,30~34,정규직,800+,100.0,0.0,2022,100.0
36000,M,30~34,정규직,~199,300.0,300.0,2022,0.0
36000,M,35~39,비정규직,200~299,200.0,200.0,2022,0.0
36000,M,35~39,비정규직,300~399,200.0,100.0,2022,100.0
36000,M,35~39,비정규직,~199,800.0,800.0,2022,0.0
36000,M,35~39,자영업,200~299,200.0,0.0,2022,200.0
36000,M,35~39,자영업,300~399,200.0,0.0,2022,200.0
36000,M,35~39,자영업,400~499,100.0,0.0,2022,100.0
36000,M,35~39,자영업,~199,400.0,100.0,2022,300.0
36000,M,35~39,정규직,200~299,2000.0,1200.0,2022,800.0
36000,M,35~39,정규직,300~399,2500.0,900.0,2022,1600.0
36000,M,35~39,정규직,400~499,3200.0,500.0,2022,2700.0
36000,M,35~39,정규직,500~599,2600.0,400.0,2022,2200.0
36000,M,35~39,정규직,600~799,2100.0,300.0,2022,1800.0
36000,M,35~39,정규직,800+,200.0,0.0,2022,200.0
36000,M,35~39,정규직,~199,600.0,300.0,2022,300.0
36000,M,40~44,비정규직,200~299,400.0,400.0,2022,0.0
36000,M,40~44,비정규직,300~399,200.0,200.0,2022,0.0
36000,M,40~44,비정규직,~199,600.0,400.0,2022,200.0
36000,M,40~44,자영업,200~299,300.0,0.0,2022,300.0
36000,M,40~44,자영업,300~399,300.0,100.0,2022,200.0
36000,M,40~44,자영업,500~599,100.0,0.0,2022,100.0
36000,M,40~44,자영업,600~799,100.0,0.0,2022,100.0
36000,M,40~44,자영업,800+,100.0,0.0,2022,100.0
36000,M,40~44,자영업,~199,500.0,100.0,2022,400.0
36000,M,40~44,정규직,200~299,1800.0,900.0,2022,900.0
36000,M,40~44,정규직,300~399,3200.0,900.0,2022,2300.0
36000,M,40~44,정규직,400~499,3000.0,400.0,2022,2600.0
36000,M,40~44,정규직,500~599,2300.0,300.0,2022,2000.0
36000,M,40~44,정규직,600~799,3200.0,300.0,2022,2900.0
36000,M,40~44,정규직,800+,1100.0,100.0,2022,1000.0
36000,M,40~44,정규직,~199,300.0,200.0,2022,100.0
37000,F,25~29,비정규직,200~299,700.0,300.0,2022,400.0
37000,F,25~29,비정규직,300~399,100.0,100.0,2022,0.0
37000,F,25~29,비정규직,~199,2300.0,1200.0,2022,1100.0
37000,F,25~29,자영업,~199,200.0,0.0,2022,200.0
37000,F,25~29,정규직,200~299,4900.0,3000.0,2022,1900.0
37000,F,25~29,정규직,300~399,4100.0,3100.0,2022,1000.0
37000,F,25~29,정규직,400~499,1200.0,600.0,2022,600.0
37000,F,25~29,정규직,500~599,100.0,0.0,2022,100.0
37000,F,25~29,정규직,600~799,100.0,100.0,2022,0.0
37000,F,25~29,정규직,~199,1200.0,800.0,2022,400.0
37000,F,30~34,비정규직,200~299,2300.0,700.0,2022,1600.0
37000,F,30~34,비정규직,300~399,100.0,100.0,2022,0.0
37000,F,30~34,비정규직,~199,4100.0,1300.0,2022,2800.0
37000,F,30~34,자영업,~199,600.0,200.0,2022,400.0
37000,F,30~34,정규직,200~299,3000.0,1100.0,2022,1900.0
37000,F,30~34,정규직,300~399,2800.0,1500.0,2022,1300.0
37000,F,30~34,정규직,400~499,1500.0,800.0,2022,700.0
37000,F,30~34,정규직,500~599,900.0,300.0,2022,600.0
37000,F,30~34,정규직,600~799,300.0,200.0,2022,100.0
37000,F,30~34,정규직,~199,1700.0,400.0,2022,1300.0
37000,F,35~39,비정규직,200~299,1700.0,300.0,2022,1400.0
37000,F,35~39,비정규직,300~399,300.0,100.0,2022,200.0
37000,F,35~39,비정규직,400~499,100.0,0.0,2022,100.0
37000,F,35~39,비정규직,~199,7200.0,1000.0,2022,6200.0
37000,F,35~39,자영업,400~499,100.0,0.0,2022,100.0
37000,F,35~39,자영업,~199,500.0,300.0,2022,200.0
37000,F,35~39,정규직,200~299,3200.0,1200.0,2022,2000.0
37000,F,35~39,정규직,300~399,2400.0,900.0,2022,1500.0
37000,F,35~39,정규직,400~499,2000.0,600.0,2022,1400.0
37000,F,35~39,정규직,500~599,600.0,100.0,2022,500.0
37000,F,35~39,정규직,600~799,200.0,0.0,2022,200.0
37000,F,35~39,정규직,800+,200.0,100.0,2022,100.0
37000,F,35~39,정규직,~199,800.0,100.0,2022,700.0
37000,F,40~44,비정규직,200~299,1800.0,600.0,2022,1200.0
37000,F,40~44,비정규직,300~399,400.0,100.0,2022,300.0
37000,F,40~44,비정규직,400~499,100.0,0.0,2022,100.0
37000,F,40~44,비정규직,~199,7800.0,800.0,2022,7000.0
37000,F,40~44,자영업,200~299,200.0,0.0,2022,200.0
37000,F,40~44,자영업,~199,800.0,0.0,2022,800.0
37000,F,40~44,정규직,200~299,3000.0,700.0,2022,2300.0
37000,F,40~44,정규직,300~399,2400.0,500.0,2022,1900.0
37000,F,40~44,정규직,400~499,2300.0,400.0,2022,1900.0
37000,F,40~44,정규직,500~599,1400.0,300.0,2022,1100.0
37000,F,40~44,정규직,600~799,900.0,200.0,2022,700.0
37000,F,40~44,정규직,800+,100.0,0.0,2022,100.0
37000,F,40~44,정규직,~199,1300.0,200.0,2022,1100.0
37000,M,25~29,비정규직,200~299,700.0,600.0,2022,100.0
37000,M,25~29,비정규직,300~399,100.0,0.0,2022,100.0
37000,M,25~29,비정규직,~199,900.0,700.0,2022,200.0
37000,M,25~29,자영업,200~299,100.0,100.0,2022,0.0
37000,M,25~29,자영업,300~399,100.0,0.0,2022,100.0
37000,M,25~29,자영업,400~499,100.0,0.0,2022,100.0
37000,M,25~29,자영업,~199,200.0,200.0,2022,0.0
37000,M,25~29,정규직,200~299,4200.0,3200.0,2022,1000.0
37000,M,25~29,정규직,300~399,5300.0,3400.0,2022,1900.0
37000,M,25~29,정규직,400~499,3500.0,2000.0,2022,1500.0
37000,M,25~29,정규직,500~599,1000.0,400.0,2022,600.0
37000,M,25~29,정규직,600~799,300.0,100.0,2022,200.0
37000,M,25~29,정규직,~199,1300.0,1000.0,2022,300.0
37000,M,30~34,비정규직,200~299,400.0,300.0,2022,100.0
37000,M,30~34,비정규직,300~399,200.0,200.0,2022,0.0
37000,M,30~34,비정규직,~199,900.0,700.0,2022,200.0
37000,M,30~34,자영업,200~299,200.0,100.0,2022,100.0
37000,M,30~34,자영업,300~399,100.0,100.0,2022,0.0
37000,M,30~34,자영업,~199,100.0,0.0,2022,100.0
37000,M,30~34,정규직,200~299,3200.0,2100.0,2022,1100.0
37000,M,30~34,정규직,300~399,5300.0,3400.0,2022,1900.0
37000,M,30~34,정규직,400~499,3700.0,1000.0,2022,2700.0
37000,M,30~34,정규직,500~599,2900.0,500.0,2022,2400.0
37000,M,30~34,정규직,600~799,1100.0,0.0,2022,1100.0
37000,M,30~34,정규직,800+,300.0,0.0,2022,300.0
37000,M,30~34,정규직,~199,700.0,400.0,2022,300.0
37000,M,35~39,비정규직,200~299,700.0,400.0,2022,300.0
37000,M,35~39,비정규직,~199,700.0,700.0,2022,0.0
37000,M,35~39,자영업,200~299,200.0,100.0,2022,100.0
37000,M,35~39,자영업,300~399,100.0,0.0,2022,100.0
37000,M,35~39,자영업,400~499,100.0,0.0,2022,100.0
37000,M,35~39,자영업,500~599,200.0,0.0,2022,200.0
37000,M,35~39,자영업,~199,400.0,100.0,2022,300.0
37000,M,35~39,정규직,200~299,2200.0,1500.0,2022,700.0
37000,M,35~39,정규직,300~399,5100.0,2600.0,2022,2500.0
37000,M,35~39,정규직,400~499,5000.0,700.0,2022,4300.0
37000,M,35~39,정규직,500~599,3500.0,600.0,2022,2900.0
37000,M,35~39,정규직,600~799,2800.0,400.0,2022,2400.0
37000,M,35~39,정규직,800+,1100.0,0.0,2022,1100.0
37000,M,35~39,정규직,~199,300.0,200.0,2022,100.0
37000,M,40~44,비정규직,200~299,400.0,400.0,2022,0.0
37000,M,40~44,비정규직,300~399,100.0,0.0,2022,100.0
37000,M,40~44,비정규직,~199,900.0,800.0,2022,100.0
37000,M,40~44,자영업,200~299,500.0,100.0,2022,400.0
37000,M,40~44,자영업,300~399,200.0,0.0,2022,200.0
37000,M,40~44,자영업,400~499,200.0,0.0,2022,200.0
37000,M,40~44,자영업,500~599,100.0,0.0,2022,100.0
37000,M,40~44,자영업,600~799,100.0,0.0,2022,100.0
37000,M,40~44,자영업,800+,200.0,0.0,2022,200.0
37000,M,40~44,자영업,~199,800.0,300.0,2022,500.0
37000,M,40~44,정규직,200~299,2600.0,1400.0,2022,1200.0
37000,M,40~44,정규직,300~399,4200.0,1100.0,2022,3100.0
37000,M,40~44,정규직,400~499,5200.0,1100.0,2022,4100.0
37000,M,40~44,정규직,500~599,3500.0,500.0,2022,3000.0
37000,M,40~44,정규직,600~799,3800.0,200.0,2022,3600.0
37000,M,40~44,정규직,800+,1600.0,0.0,2022,1600.0
37000,M,40~44,정규직,~199,400.0,300.0,2022,100.0
38000,F,25~29,비정규직,200~299,1500.0,1400.0,2022,100.0
38000,F,25~29,비정규직,~199,3500.0,1600.0,2022,1900.0
38000,F,25~29,자영업,400~499,100.0,100.0,2022,0.0
38000,F,25~29,자영업,600~799,100.0,100.0,2022,0.0
38000,F,25~29,자영업,~199,200.0,100.0,2022,100.0
38000,F,25~29,정규직,200~299,5600.0,4000.0,2022,1600.0
38000,F,25~29,정규직,300~399,4300.0,3400.0,2022,900.0
38000,F,25~29,정규직,400~499,1500.0,700.0,2022,800.0
38000,F,25~29,정규직,500~599,800.0,500.0,2022,300.0
38000,F,25~29,정규직,800+,100.0,100.0,2022,0.0
38000,F,25~29,정규직,~199,1900.0,1100.0,2022,800.0
38000,F,30~34,비정규직,200~299,1800.0,1200.0,2022,600.0
38000,F,30~34,비정규직,~199,6200.0,2000.0,2022,4200.0
38000,F,30~34,자영업,200~299,100.0,0.0,2022,100.0
38000,F,30~34,자영업,400~499,100.0,0.0,2022,100.0
38000,F,30~34,자영업,600~799,100.0,0.0,2022,100.0
38000,F,30~34,자영업,~199,600.0,100.0,2022,500.0
38000,F,30~34,정규직,200~299,4700.0,1900.0,2022,2800.0
38000,F,30~34,정규직,300~399,3300.0,1200.0,2022,2100.0
38000,F,30~34,정규직,400~499,2000.0,900.0,2022,1100.0
38000,F,30~34,정규직,500~599,400.0,300.0,2022,100.0
38000,F,30~34,정규직,600~799,100.0,100.0,2022,0.0
38000,F,30~34,정규직,~199,2300.0,1400.0,2022,900.0
38000,F,35~39,비정규직,200~299,1700.0,500.0,2022,1200.0
38000,F,35~39,비정규직,300~399,100.0,100.0,2022,0.0
38000,F,35~39,비정규직,400~499,100.0,0.0,2022,100.0
38000,F,35~39,비정규직,~199,9500.0,1600.0,2022,7900.0
38000,F,35~39,자영업,200~299,100.0,0.0,2022,100.0
38000,F,35~39,자영업,~199,800.0,100.0,2022,700.0
38000,F,35~39,정규직,200~299,6300.0,2500.0,2022,3800.0
38000,F,35~39,정규직,300~399,3200.0,800.0,2022,2400.0
38000,F,35~39,정규직,400~499,1800.0,300.0,2022,1500.0
38000,F,35~39,정규직,500~599,900.0,700.0,2022,200.0
38000,F,35~39,정규직,600~799,200.0,0.0,2022,200.0
38000,F,35~39,정규직,800+,100.0,100.0,2022,0.0
38000,F,35~39,정규직,~199,1600.0,300.0,2022,1300.0
38000,F,40~44,비정규직,200~299,2000.0,800.0,2022,1200.0
38000,F,40~44,비정규직,300~399,200.0,200.0,2022,0.0
38000,F,40~44,비정규직,~199,13700.0,1900.0,2022,11800.0
38000,F,40~44,자영업,300~399,100.0,0.0,2022,100.0
38000,F,40~44,자영업,~199,600.0,100.0,2022,500.0
38000,F,40~44,정규직,200~299,4700.0,1400.0,2022,3300.0
38000,F,40~44,정규직,300~399,3200.0,1000.0,2022,2200.0
38000,F,40~44,정규직,400~499,2500.0,700.0,2022,1800.0
38000,F,40~44,정규직,500~599,700.0,200.0,2022,500.0
38000,F,40~44,정규직,600~799,600.0,100.0,2022,500.0
38000,F,40~44,정규직,800+,200.0,200.0,2022,0.0
38000,F,40~44,정규직,~199,1600.0,300.0,2022,1300.0
38000,M,25~29,비정규직,200~299,900.0,900.0,2022,0.0
38000,M,25~29,비정규직,300~399,100.0,100.0,2022,0.0
38000,M,25~29,비정규직,~199,2200.0,2100.0,2022,100.0
38000,M,25~29,자영업,300~399,400.0,100.0,2022,300.0
38000,M,25~29,자영업,400~499,200.0,100.0,2022,100.0
38000,M,25~29,자영업,800+,100.0,100.0,2022,0.0
38000,M,25~29,자영업,~199,300.0,200.0,2022,100.0
38000,M,25~29,정규직,200~299,5400.0,4200.0,2022,1200.0
38000,M,25~29,정규직,300~399,7900.0,5500.0,2022,2400.0
38000,M,25~29,정규직,400~499,4000.0,1800.0,2022,2200.0
38000,M,25~29,정규직,500~599,700.0,100.0,2022,600.0
38000,M,25~29,정규직,600~799,100.0,0.0,2022,100.0
38000,M,25~29,정규직,~199,1100.0,900.0,2022,200.0
38000,M,30~34,비정규직,200~299,500.0,400.0,2022,100.0
38000,M,30~34,비정규직,600~799,100.0,0.0,2022,100.0
38000,M,30~34,비정규직,~199,1900.0,1800.0,2022,100.0
38000,M,30~34,자영업,200~299,100.0,0.0,2022,100.0
38000,M,30~34,자영업,300~399,300.0,100.0,2022,200.0
38000,M,30~34,자영업,600~799,100.0,100.0,2022,0.0
38000,M,30~34,자영업,800+,300.0,0.0,2022,300.0
38000,M,30~34,자영업,~199,400.0,300.0,2022,100.0
38000,M,30~34,정규직,200~299,3500.0,2500.0,2022,1000.0
38000,M,30~34,정규직,300~399,7100.0,4600.0,2022,2500.0
38000,M,30~34,정규직,400~499,5000.0,1500.0,2022,3500.0
38000,M,30~34,정규직,500~599,3200.0,700.0,2022,2500.0
38000,M,30~34,정규직,600~799,2100.0,400.0,2022,1700.0
38000,M,30~34,정규직,800+,400.0,0.0,2022,400.0
38000,M,30~34,정규직,~199,1100.0,900.0,2022,200.0
38000,M,35~39,비정규직,200~299,600.0,200.0,2022,400.0
38000,M,35~39,비정규직,300~399,100.0,100.0,2022,0.0
38000,M,35~39,비정규직,400~499,100.0,0.0,2022,100.0
38000,M,35~39,비정규직,500~599,200.0,0.0,2022,200.0
38000,M,35~39,비정규직,~199,1500.0,1400.0,2022,100.0
38000,M,35~39,자영업,200~299,300.0,300.0,2022,0.0
38000,M,35~39,자영업,300~399,300.0,100.0,2022,200.0
38000,M,35~39,자영업,400~499,300.0,0.0,2022,300.0
38000,M,35~39,자영업,500~599,200.0,0.0,2022,200.0
38000,M,35~39,자영업,800+,200.0,100.0,2022,100.0
38000,M,35~39,자영업,~199,800.0,300.0,2022,500.0
38000,M,35~39,정규직,200~299,3800.0,1600.0,2022,2200.0
38000,M,35~39,정규직,300~399,7000.0,2700.0,2022,4300.0
38000,M,35~39,정규직,400~499,4900.0,1000.0,2022,3900.0
38000,M,35~39,정규직,500~599,4400.0,800.0,2022,3600.0
38000,M,35~39,정규직,600~799,2400.0,100.0,2022,2300.0
38000,M,35~39,정규직,800+,1100.0,100.0,2022,1000.0
38000,M,35~39,정규직,~199,700.0,400.0,2022,300.0
38000,M,40~44,비정규직,200~299,700.0,400.0,2022,300.0
38000,M,40~44,비정규직,300~399,300.0,0.0,2022,300.0
38000,M,40~44,비정규직,400~499,100.0,0.0,2022,100.0
38000,M,40~44,비정규직,~199,600.0,400.0,2022,200.0
38000,M,40~44,자영업,200~299,700.0,200.0,2022,500.0
38000,M,40~44,자영업,300~399,400.0,100.0,2022,300.0
38000,M,40~44,자영업,400~499,200.0,100.0,2022,100.0
38000,M,40~44,자영업,500~599,300.0,100.0,2022,200.0
38000,M,40~44,자영업,600~799,200.0,0.0,2022,200.0
38000,M,40~44,자영업,800+,300.0,300.0,2022,0.0
38000,M,40~44,자영업,~199,1400.0,600.0,2022,800.0
38000,M,40~44,정규직,200~299,4900.0,2400.0,2022,2500.0
38000,M,40~44,정규직,300~399,5300.0,1000.0,2022,4300.0
38000,M,40~44,정규직,400~499,6700.0,1100.0,2022,5600.0
38000,M,40~44,정규직,500~599,4400.0,700.0,2022,3700.0
38000,M,40~44,정규직,600~799,5300.0,400.0,2022,4900.0
38000,M,40~44,정규직,800+,1100.0,300.0,2022,800.0
38000,M,40~44,정규직,~199,600.0,500.0,2022,100.0
39000,F,25~29,비정규직,200~299,500.0,400.0,2022,100.0
39000,F,25~29,비정규직,300~399,100.0,100.0,2022,0.0
39000,F,25~29,비정규직,~199,2500.0,800.0,2022,1700.0
39000,F,25~29,자영업,200~299,100.0,0.0,2022,100.0
39000,F,25~29,정규직,200~299,2800.0,1600.0,2022,1200.0
39000,F,25~29,정규직,300~399,2300.0,1300.0,2022,1000.0
39000,F,25~29,정규직,400~499,800.0,500.0,2022,300.0
39000,F,25~29,정규직,500~599,100.0,100.0,2022,0.0
39000,F,25~29,정규직,~199,900.0,400.0,2022,500.0
39000,F,30~34,비정규직,200~299,400.0,200.0,2022,200.0
39000,F,30~34,비정규직,300~399,100.0,0.0,2022,100.0
39000,F,30~34,비정규직,~199,2500.0,900.0,2022,1600.0
39000,F,30~34,자영업,~199,100.0,0.0,2022,100.0
39000,F,30~34,정규직,200~299,3000.0,1300.0,2022,1700.0
39000,F,30~34,정규직,300~399,2000.0,600.0,2022,1400.0
39000,F,30~34,정규직,400~499,900.0,300.0,2022,600.0
39000,F,30~34,정규직,500~599,200.0,100.0,2022,100.0
39000,F,30~34,정규직,~199,800.0,400.0,2022,400.0
39000,F,35~39,비정규직,200~299,700.0,100.0,2022,600.0
39000,F,35~39,비정규직,300~399,100.0,100.0,2022,0.0
39000,F,35~39,비정규직,~199,4800.0,1000.0,2022,3800.0
39000,F,35~39,자영업,200~299,100.0,0.0,2022,100.0
39000,F,35~39,자영업,~199,400.0,0.0,2022,400.0
39000,F,35~39,정규직,200~299,2200.0,1000.0,2022,1200.0
39000,F,35~39,정규직,300~399,2300.0,800.0,2022,1500.0
39000,F,35~39,정규직,400~499,1400.0,500.0,2022,900.0
39000,F,35~39,정규직,500~599,900.0,400.0,2022,500.0
39000,F,35~39,정규직,600~799,100.0,0.0,2022,100.0
39000,F,35~39,정규직,~199,900.0,200.0,2022,700.0
39000,F,40~44,비정규직,200~299,900.0,200.0,2022,700.0
39000,F,40~44,비정규직,300~399,200.0,0.0,2022,200.0
39000,F,40~44,비정규직,400~499,100.0,100.0,2022,0.0
39000,F,40~44,비정규직,~199,4800.0,500.0,2022,4300.0
39000,F,40~44,자영업,300~399,100.0,0.0,2022,100.0
39000,F,40~44,자영업,500~599,100.0,0.0,2022,100.0
39000,F,40~44,자영업,~199,300.0,100.0,2022,200.0
39000,F,40~44,정규직,200~299,2900.0,800.0,2022,2100.0
39000,F,40~44,정규직,300~399,2500.0,700.0,2022,1800.0
39000,F,40~44,정규직,400~499,1500.0,400.0,2022,1100.0
39000,F,40~44,정규직,500~599,700.0,200.0,2022,500.0
39000,F,40~44,정규직,600~799,700.0,200.0,2022,500.0
39000,F,40~44,정규직,~199,800.0,400.0,2022,400.0
39000,M,25~29,비정규직,200~299,700.0,600.0,2022,100.0
39000,M,25~29,비정규직,~199,1300.0,1100.0,2022,200.0
39000,M,25~29,자영업,300~399,100.0,100.0,2022,0.0
39000,M,25~29,자영업,400~499,100.0,0.0,2022,100.0
39000,M,25~29,자영업,~199,100.0,100.0,2022,0.0
39000,M,25~29,정규직,200~299,3000.0,2300.0,2022,700.0
39000,M,25~29,정규직,300~399,2600.0,1800.0,2022,800.0
39000,M,25~29,정규직,400~499,1600.0,700.0,2022,900.0
39000,M,25~29,정규직,500~599,500.0,200.0,2022,300.0
39000,M,25~29,정규직,600~799,200.0,100.0,2022,100.0
39000,M,25~29,정규직,~199,1000.0,900.0,2022,100.0
39000,M,30~34,비정규직,200~299,200.0,200.0,2022,0.0
39000,M,30~34,비정규직,300~399,100.0,100.0,2022,0.0
39000,M,30~34,비정규직,~199,1300.0,1100.0,2022,200.0
39000,M,30~34,자영업,~199,200.0,200.0,2022,0.0
39000,M,30~34,정규직,200~299,2300.0,1500.0,2022,800.0
39000,M,30~34,정규직,300~399,3100.0,1500.0,2022,1600.0
39000,M,30~34,정규직,400~499,2300.0,300.0,2022,2000.0
39000,M,30~34,정규직,500~599,1000.0,200.0,2022,800.0
39000,M,30~34,정규직,600~799,400.0,200.0,2022,200.0
39000,M,30~34,정규직,~199,400.0,200.0,2022,200.0
39000,M,35~39,비정규직,200~299,400.0,200.0,2022,200.0
39000,M,35~39,비정규직,~199,900.0,800.0,2022,100.0
39000,M,35~39,자영업,200~299,400.0,200.0,2022,200.0
39000,M,35~39,자영업,300~399,100.0,0.0,2022,100.0
39000,M,35~39,자영업,400~499,100.0,0.0,2022,100.0
39000,M,35~39,자영업,500~599,100.0,0.0,2022,100.0
39000,M,35~39,자영업,600~799,100.0,0.0,2022,100.0
39000,M,35~39,자영업,~199,400.0,200.0,2022,200.0
39000,M,35~39,정규직,200~299,2700.0,1200.0,2022,1500.0
39000,M,35~39,정규직,300~399,2800.0,800.0,2022,2000.0
39000,M,35~39,정규직,400~499,2700.0,500.0,2022,2200.0
39000,M,35~39,정규직,500~599,1600.0,100.0,2022,1500.0
39000,M,35~39,정규직,600~799,1000.0,100.0,2022,900.0
39000,M,35~39,정규직,800+,200.0,0.0,2022,200.0
39000,M,35~39,정규직,~199,400.0,300.0,2022,100.0
39000,M,40~44,비정규직,200~299,500.0,100.0,2022,400.0
39000,M,40~44,비정규직,600~799,100.0,100.0,2022,0.0
39000,M,40~44,비정규직,~199,1100.0,800.0,2022,300.0
39000,M,40~44,자영업,200~299,400.0,100.0,2022,300.0
39000,M,40~44,자영업,300~399,200.0,0.0,2022,200.0
39000,M,40~44,자영업,400~499,200.0,0.0,2022,200.0
39000,M,40~44,자영업,500~599,200.0,100.0,2022,100.0
39000,M,40~44,자영업,600~799,100.0,0.0,2022,100.0
39000,M,40~44,자영업,~199,300.0,200.0,2022,100.0
39000,M,40~44,정규직,200~299,2800.0,1200.0,2022,1600.0
39000,M,40~44,정규직,300~399,2400.0,700.0,2022,1700.0
39000,M,40~44,정규직,400~499,3400.0,400.0,2022,3000.0
39000,M,40~44,정규직,500~599,1800.0,300.0,2022,1500.0
39000,M,40~44,정규직,600~799,1800.0,200.0,2022,1600.0
39000,M,40~44,정규직,800+,400.0,0.0,2022,400.0
39000,M,40~44,정규직,~199,500.0,300.0,2022,200.0
40000,F,25~29,비정규직,200~299,13000.0,9900.0,2022,3100.0
40000,F,25~29,비정규직,300~399,1400.0,1000.0,2022,400.0
40000,F,25~29,비정규직,400~499,200.0,0.0,2022,200.0
40000,F,25~29,비정규직,~199,21400.0,11000.0,2022,10400.0
40000,F,25~29,자영업,~199,900.0,900.0,2022,0.0
40000,F,25~29,정규직,200~299,30000.0,23900.0,2022,6100.0
40000,F,25~29,정규직,300~399,25400.0,20400.0,2022,5000.0
40000,F,25~29,정규직,400~499,13600.0,10600.0,2022,3000.0
40000,F,25~29,정규직,500~599,1600.0,1200.0,2022,400.0
40000,F,25~29,정규직,~199,5300.0,2700.0,2022,2600.0
40000,F,30~34,비정규직,200~299,8100.0,5400.0,2022,2700.0
40000,F,30~34,비정규직,300~399,1900.0,1500.0,2022,400.0
40000,F,30~34,비정규직,~199,31000.0,9400.0,2022,21600.0
40000,F,30~34,자영업,200~299,300.0,0.0,2022,300.0
40000,F,30~34,자영업,400~499,400.0,400.0,2022,0.0
40000,F,30~34,자영업,600~799,300.0,0.0,2022,300.0
40000,F,30~34,자영업,~199,1600.0,900.0,2022,700.0
40000,F,30~34,정규직,200~299,17300.0,10200.0,2022,7100.0
40000,F,30~34,정규직,300~399,16500.0,8300.0,2022,8200.0
40000,F,30~34,정규직,400~499,11200.0,5400.0,2022,5800.0
40000,F,30~34,정규직,500~599,3700.0,3200.0,2022,500.0
40000,F,30~34,정규직,600~799,1200.0,900.0,2022,300.0
40000,F,30~34,정규직,~199,6800.0,1700.0,2022,5100.0
40000,F,35~39,비정규직,200~299,8900.0,3500.0,2022,5400.0
40000,F,35~39,비정규직,300~399,1200.0,600.0,2022,600.0
40000,F,35~39,비정규직,600~799,200.0,0.0,2022,200.0
40000,F,35~39,비정규직,~199,41900.0,3400.0,2022,38500.0
40000,F,35~39,자영업,200~299,600.0,600.0,2022,0.0
40000,F,35~39,자영업,300~399,200.0,200.0,2022,0.0
40000,F,35~39,자영업,600~799,200.0,0.0,2022,200.0
40000,F,35~39,자영업,~199,4400.0,2400.0,2022,2000.0
40000,F,35~39,정규직,200~299,24600.0,10900.0,2022,13700.0
40000,F,35~39,정규직,300~399,15200.0,6600.0,2022,8600.0
40000,F,35~39,정규직,400~499,10500.0,3700.0,2022,6800.0
40000,F,35~39,정규직,500~599,4900.0,1600.0,2022,3300.0
40000,F,35~39,정규직,600~799,2500.0,900.0,2022,1600.0
40000,F,35~39,정규직,800+,200.0,0.0,2022,200.0
40000,F,35~39,정규직,~199,5700.0,1700.0,2022,4000.0
40000,F,40~44,비정규직,200~299,11500.0,5000.0,2022,6500.0
40000,F,40~44,비정규직,300~399,1700.0,700.0,2022,1000.0
40000,F,40~44,비정규직,400~499,700.0,200.0,2022,500.0
40000,F,40~44,비정규직,800+,300.0,0.0,2022,300.0
40000,F,40~44,비정규직,~199,52200.0,6200.0,2022,46000.0
40000,F,40~44,자영업,200~299,200.0,0.0,2022,200.0
40000,F,40~44,자영업,300~399,400.0,400.0,2022,0.0
40000,F,40~44,자영업,800+,200.0,0.0,2022,200.0
40000,F,40~44,자영업,~199,4300.0,1700.0,2022,2600.0
40000,F,40~44,정규직,200~299,18200.0,4200.0,2022,14000.0
40000,F,40~44,정규직,300~399,13800.0,4500.0,2022,9300.0
40000,F,40~44,정규직,400~499,10800.0,4500.0,2022,6300.0
40000,F,40~44,정규직,500~599,4600.0,1000.0,2022,3600.0
40000,F,40~44,정규직,600~799,4600.0,2000.0,2022,2600.0
40000,F,40~44,정규직,800+,200.0,0.0,2022,200.0
40000,F,40~44,정규직,~199,5500.0,400.0,2022,5100.0
40000,M,25~29,비정규직,200~299,5100.0,4700.0,2022,400.0
40000,M,25~29,비정규직,300~399,3300.0,3300.0,2022,0.0
40000,M,25~29,비정규직,~199,11300.0,10700.0,2022,600.0
40000,M,25~29,자영업,200~299,1100.0,700.0,2022,400.0
40000,M,25~29,자영업,300~399,700.0,300.0,2022,400.0
40000,M,25~29,자영업,400~499,700.0,400.0,2022,300.0
40000,M,25~29,자영업,500~599,400.0,0.0,2022,400.0
40000,M,25~29,자영업,600~799,400.0,400.0,2022,0.0
40000,M,25~29,자영업,800+,500.0,0.0,2022,500.0
40000,M,25~29,자영업,~199,5000.0,4200.0,2022,800.0
40000,M,25~29,정규직,200~299,19500.0,15400.0,2022,4100.0
40000,M,25~29,정규직,300~399,36200.0,23400.0,2022,12800.0
40000,M,25~29,정규직,400~499,14000.0,8700.0,2022,5300.0
40000,M,25~29,정규직,500~599,5200.0,2000.0,2022,3200.0
40000,M,25~29,정규직,600~799,1400.0,0.0,2022,1400.0
40000,M,25~29,정규직,800+,800.0,300.0,2022,500.0
40000,M,25~29,정규직,~199,4100.0,3200.0,2022,900.0
40000,M,30~34,비정규직,200~299,3300.0,2900.0,2022,400.0
40000,M,30~34,비정규직,300~399,1300.0,1100.0,2022,200.0
40000,M,30~34,비정규직,400~499,600.0,0.0,2022,600.0
40000,M,30~34,비정규직,800+,400.0,0.0,2022,400.0
40000,M,30~34,비정규직,~199,10100.0,7700.0,2022,2400.0
40000,M,30~34,자영업,200~299,1300.0,300.0,2022,1000.0
40000,M,30~34,자영업,300~399,600.0,0.0,2022,600.0
40000,M,30~34,자영업,500~599,500.0,0.0,2022,500.0
40000,M,30~34,자영업,600~799,700.0,400.0,2022,300.0
40000,M,30~34,자영업,~199,1700.0,1200.0,2022,500.0
40000,M,30~34,정규직,200~299,6400.0,3900.0,2022,2500.0
40000,M,30~34,정규직,300~399,24400.0,13400.0,2022,11000.0
40000,M,30~34,정규직,400~499,30100.0,10900.0,2022,19200.0
40000,M,30~34,정규직,500~599,18600.0,3200.0,2022,15400.0
40000,M,30~34,정규직,600~799,4400.0,500.0,2022,3900.0
40000,M,30~34,정규직,800+,1800.0,0.0,2022,1800.0
40000,M,30~34,정규직,~199,3700.0,2200.0,2022,1500.0
40000,M,35~39,비정규직,200~299,4600.0,4000.0,2022,600.0
40000,M,35~39,비정규직,300~399,800.0,800.0,2022,0.0
40000,M,35~39,비정규직,400~499,200.0,0.0,2022,200.0
40000,M,35~39,비정규직,500~599,200.0,0.0,2022,200.0
40000,M,35~39,비정규직,~199,6700.0,4600.0,2022,2100.0
40000,M,35~39,자영업,200~299,2100.0,1000.0,2022,1100.0
40000,M,35~39,자영업,300~399,1200.0,400.0,2022,800.0
40000,M,35~39,자영업,400~499,1200.0,0.0,2022,1200.0
40000,M,35~39,자영업,500~599,200.0,0.0,2022,200.0
40000,M,35~39,자영업,600~799,1200.0,800.0,2022,400.0
40000,M,35~39,자영업,800+,200.0,0.0,2022,200.0
40000,M,35~39,자영업,~199,2700.0,1200.0,2022,1500.0
40000,M,35~39,정규직,200~299,11000.0,4800.0,2022,6200.0
40000,M,35~39,정규직,300~399,25600.0,10100.0,2022,15500.0
40000,M,35~39,정규직,400~499,22200.0,3900.0,2022,18300.0
40000,M,35~39,정규직,500~599,25500.0,4600.0,2022,20900.0
40000,M,35~39,정규직,600~799,19200.0,400.0,2022,18800.0
40000,M,35~39,정규직,800+,7200.0,400.0,2022,6800.0
40000,M,35~39,정규직,~199,2000.0,1000.0,2022,1000.0
40000,M,40~44,비정규직,200~299,3100.0,2200.0,2022,900.0
40000,M,40~44,비정규직,300~399,1500.0,1300.0,2022,200.0
40000,M,40~44,비정규직,400~499,200.0,0.0,2022,200.0
40000,M,40~44,비정규직,800+,200.0,0.0,2022,200.0
40000,M,40~44,비정규직,~199,7400.0,5400.0,2022,2000.0
40000,M,40~44,자영업,200~299,1900.0,200.0,2022,1700.0
40000,M,40~44,자영업,300~399,3000.0,300.0,2022,2700.0
40000,M,40~44,자영업,400~499,1000.0,300.0,2022,700.0
40000,M,40~44,자영업,500~599,800.0,0.0,2022,800.0
40000,M,40~44,자영업,600~799,500.0,0.0,2022,500.0
40000,M,40~44,자영업,800+,700.0,0.0,2022,700.0
40000,M,40~44,자영업,~199,3400.0,900.0,2022,2500.0
40000,M,40~44,정규직,200~299,12300.0,5600.0,2022,6700.0
40000,M,40~44,정규직,300~399,18300.0,6100.0,2022,12200.0
40000,M,40~44,정규직,400~499,23600.0,4300.0,2022,19300.0
40000,M,40~44,정규직,500~599,20000.0,2800.0,2022,17200.0
40000,M,40~44,정규직,600~799,26000.0,1600.0,2022,24400.0
40000,M,40~44,정규직,800+,12300.0,300.0,2022,12000.0
40000,M,40~44,정규직,~199,1900.0,1200.0,2022,700.0
41000,F,25~29,비정규직,200~299,600.0,300.0,2022,300.0
41000,F,25~29,비정규직,400~499,100.0,100.0,2022,0.0
41000,F,25~29,비정규직,600~799,100.0,0.0,2022,100.0
41000,F,25~29,비정규직,~199,2900.0,1400.0,2022,1500.0
41000,F,25~29,자영업,400~499,100.0,100.0,2022,0.0
41000,F,25~29,자영업,~199,200.0,0.0,2022,200.0
41000,F,25~29,정규직,200~299,4400.0,3200.0,2022,1200.0
41000,F,25~29,정규직,300~399,2700.0,1800.0,2022,900.0
41000,F,25~29,정규직,400~499,800.0,400.0,2022,400.0
41000,F,25~29,정규직,500~599,200.0,100.0,2022,100.0
41000,F,25~29,정규직,~199,1400.0,700.0,2022,700.0
41000,F,30~34,비정규직,200~299,1200.0,600.0,2022,600.0
41000,F,30~34,비정규직,~199,5100.0,1400.0,2022,3700.0
41000,F,30~34,자영업,~199,400.0,100.0,2022,300.0
41000,F,30~34,정규직,200~299,3300.0,1300.0,2022,2000.0
41000,F,30~34,정규직,300~399,2500.0,900.0,2022,1600.0
41000,F,30~34,정규직,400~499,1300.0,600.0,2022,700.0
41000,F,30~34,정규직,500~599,200.0,100.0,2022,100.0
41000,F,30~34,정규직,~199,1100.0,300.0,2022,800.0
41000,F,35~39,비정규직,200~299,900.0,500.0,2022,400.0
41000,F,35~39,비정규직,300~399,100.0,0.0,2022,100.0
41000,F,35~39,비정규직,~199,6900.0,1100.0,2022,5800.0
41000,F,35~39,자영업,~199,700.0,300.0,2022,400.0
41000,F,35~39,정규직,200~299,3600.0,1300.0,2022,2300.0
41000,F,35~39,정규직,300~399,1800.0,700.0,2022,1100.0
41000,F,35~39,정규직,400~499,1000.0,200.0,2022,800.0
41000,F,35~39,정규직,500~599,800.0,300.0,2022,500.0
41000,F,35~39,정규직,600~799,300.0,200.0,2022,100.0
41000,F,35~39,정규직,~199,1700.0,500.0,2022,1200.0
41000,F,40~44,비정규직,200~299,1400.0,300.0,2022,1100.0
41000,F,40~44,비정규직,300~399,300.0,100.0,2022,200.0
41000,F,40~44,비정규직,~199,8000.0,900.0,2022,7100.0
41000,F,40~44,자영업,400~499,100.0,100.0,2022,0.0
41000,F,40~44,자영업,~199,400.0,0.0,2022,400.0
41000,F,40~44,정규직,200~299,3300.0,600.0,2022,2700.0
41000,F,40~44,정규직,300~399,2000.0,500.0,2022,1500.0
41000,F,40~44,정규직,400~499,1700.0,500.0,2022,1200.0
41000,F,40~44,정규직,500~599,800.0,0.0,2022,800.0
41000,F,40~44,정규직,600~799,400.0,100.0,2022,300.0
41000,F,40~44,정규직,800+,200.0,100.0,2022,100.0
41000,F,40~44,정규직,~199,1300.0,200.0,2022,1100.0
41000,M,25~29,비정규직,200~299,700.0,600.0,2022,100.0
41000,M,25~29,비정규직,300~399,200.0,200.0,2022,0.0
41000,M,25~29,비정규직,500~599,100.0,100.0,2022,0.0
41000,M,25~29,비정규직,~199,1000.0,900.0,2022,100.0
41000,M,25~29,자영업,500~599,100.0,0.0,2022,100.0
41000,M,25~29,자영업,~199,200.0,100.0,2022,100.0
41000,M,25~29,정규직,200~299,4200.0,2600.0,2022,1600.0
41000,M,25~29,정규직,300~399,4200.0,2300.0,2022,1900.0
41000,M,25~29,정규직,400~499,2200.0,800.0,2022,1400.0
41000,M,25~29,정규직,500~599,500.0,300.0,2022,200.0
41000,M,25~29,정규직,600~799,200.0,100.0,2022,100.0
41000,M,25~29,정규직,800+,100.0,100.0,2022,0.0
41000,M,25~29,정규직,~199,700.0,600.0,2022,100.0
41000,M,30~34,비정규직,200~299,500.0,300.0,2022,200.0
41000,M,30~34,비정규직,300~399,100.0,0.0,2022,100.0
41000,M,30~34,비정규직,800+,100.0,0.0,2022,100.0
41000,M,30~34,비정규직,~199,1100.0,1000.0,2022,100.0
41000,M,30~34,자영업,200~299,300.0,0.0,2022,300.0
41000,M,30~34,자영업,300~399,200.0,0.0,2022,200.0
41000,M,30~34,자영업,400~499,100.0,0.0,2022,100.0
41000,M,30~34,자영업,500~599,100.0,100.0,2022,0.0
41000,M,30~34,자영업,600~799,100.0,0.0,2022,100.0
41000,M,30~34,자영업,~199,500.0,300.0,2022,200.0
41000,M,30~34,정규직,200~299,2200.0,1300.0,2022,900.0
41000,M,30~34,정규직,300~399,4500.0,1900.0,2022,2600.0
41000,M,30~34,정규직,400~499,3000.0,900.0,2022,2100.0
41000,M,30~34,정규직,500~599,1500.0,200.0,2022,1300.0
41000,M,30~34,정규직,600~799,1100.0,100.0,2022,1000.0
41000,M,30~34,정규직,800+,100.0,0.0,2022,100.0
41000,M,30~34,정규직,~199,600.0,300.0,2022,300.0
41000,M,35~39,비정규직,200~299,500.0,300.0,2022,200.0
41000,M,35~39,비정규직,300~399,100.0,0.0,2022,100.0
41000,M,35~39,비정규직,400~499,100.0,100.0,2022,0.0
41000,M,35~39,비정규직,~199,600.0,500.0,2022,100.0
41000,M,35~39,자영업,200~299,400.0,200.0,2022,200.0
41000,M,35~39,자영업,400~499,300.0,0.0,2022,300.0
41000,M,35~39,자영업,500~599,100.0,0.0,2022,100.0
41000,M,35~39,자영업,600~799,100.0,0.0,2022,100.0
41000,M,35~39,자영업,800+,100.0,0.0,2022,100.0
41000,M,35~39,자영업,~199,700.0,300.0,2022,400.0
41000,M,35~39,정규직,200~299,2700.0,1300.0,2022,1400.0
41000,M,35~39,정규직,300~399,4200.0,1300.0,2022,2900.0
41000,M,35~39,정규직,400~499,4500.0,1100.0,2022,3400.0
41000,M,35~39,정규직,500~599,2700.0,700.0,2022,2000.0
41000,M,35~39,정규직,600~799,1600.0,100.0,2022,1500.0
41000,M,35~39,정규직,800+,300.0,100.0,2022,200.0
41000,M,35~39,정규직,~199,500.0,500.0,2022,0.0
41000,M,40~44,비정규직,200~299,500.0,300.0,2022,200.0
41000,M,40~44,비정규직,300~399,200.0,0.0,2022,200.0
41000,M,40~44,비정규직,400~499,100.0,100.0,2022,0.0
41000,M,40~44,비정규직,500~599,100.0,0.0,2022,100.0
41000,M,40~44,비정규직,~199,500.0,400.0,2022,100.0
41000,M,40~44,자영업,200~299,600.0,100.0,2022,500.0
41000,M,40~44,자영업,300~399,400.0,0.0,2022,400.0
41000,M,40~44,자영업,400~499,200.0,100.0,2022,100.0
41000,M,40~44,자영업,500~599,100.0,0.0,2022,100.0
41000,M,40~44,자영업,600~799,200.0,0.0,2022,200.0
41000,M,40~44,자영업,800+,400.0,0.0,2022,400.0
41000,M,40~44,자영업,~199,600.0,100.0,2022,500.0
41000,M,40~44,정규직,200~299,2000.0,1000.0,2022,1000.0
41000,M,40~44,정규직,300~399,3900.0,1400.0,2022,2500.0
41000,M,40~44,정규직,400~499,3200.0,600.0,2022,2600.0
41000,M,40~44,정규직,500~599,3300.0,500.0,2022,2800.0
41000,M,40~44,정규직,600~799,2900.0,100.0,2022,2800.0
41000,M,40~44,정규직,800+,1100.0,0.0,2022,1100.0
41000,M,40~44,정규직,~199,600.0,200.0,2022,400.0
42000,F,25~29,비정규직,200~299,1100.0,800.0,2022,300.0
42000,F,25~29,비정규직,300~399,200.0,0.0,2022,200.0
42000,F,25~29,비정규직,400~499,100.0,100.0,2022,0.0
42000,F,25~29,비정규직,~199,4700.0,1600.0,2022,3100.0
42000,F,25~29,자영업,~199,200.0,200.0,2022,0.0
42000,F,25~29,정규직,200~299,6200.0,4500.0,2022,1700.0
42000,F,25~29,정규직,300~399,3700.0,2300.0,2022,1400.0
42000,F,25~29,정규직,400~499,1600.0,700.0,2022,900.0
42000,F,25~29,정규직,500~599,200.0,100.0,2022,100.0
42000,F,25~29,정규직,~199,2200.0,1500.0,2022,700.0
42000,F,30~34,비정규직,200~299,1400.0,800.0,2022,600.0
42000,F,30~34,비정규직,300~399,100.0,0.0,2022,100.0
42000,F,30~34,비정규직,400~499,100.0,100.0,2022,0.0
42000,F,30~34,비정규직,~199,6900.0,1400.0,2022,5500.0
42000,F,30~34,자영업,200~299,200.0,200.0,2022,0.0
42000,F,30~34,자영업,400~499,200.0,200.0,2022,0.0
42000,F,30~34,자영업,~199,600.0,100.0,2022,500.0
42000,F,30~34,정규직,200~299,5500.0,2300.0,2022,3200.0
42000,F,30~34,정규직,300~399,3100.0,1400.0,2022,1700.0
42000,F,30~34,정규직,400~499,1800.0,500.0,2022,1300.0
42000,F,30~34,정규직,500~599,400.0,0.0,2022,400.0
42000,F,30~34,정규직,~199,2400.0,900.0,2022,1500.0
42000,F,35~39,비정규직,200~299,800.0,200.0,2022,600.0
42000,F,35~39,비정규직,600~799,100.0,100.0,2022,0.0
42000,F,35~39,비정규직,~199,10500.0,1700.0,2022,8800.0
42000,F,35~39,자영업,200~299,100.0,0.0,2022,100.0
42000,F,35~39,자영업,300~399,100.0,100.0,2022,0.0
42000,F,35~39,자영업,~199,200.0,200.0,2022,0.0
42000,F,35~39,정규직,200~299,5900.0,1800.0,2022,4100.0
42000,F,35~39,정규직,300~399,3300.0,1300.0,2022,2000.0
42000,F,35~39,정규직,400~499,1700.0,400.0,2022,1300.0
42000,F,35~39,정규직,500~599,900.0,100.0,2022,800.0
42000,F,35~39,정규직,600~799,200.0,100.0,2022,100.0
42000,F,35~39,정규직,~199,1800.0,500.0,2022,1300.0
42000,F,40~44,비정규직,200~299,2200.0,500.0,2022,1700.0
42000,F,40~44,비정규직,300~399,400.0,100.0,2022,300.0
42000,F,40~44,비정규직,~199,11300.0,900.0,2022,10400.0
42000,F,40~44,자영업,200~299,200.0,0.0,2022,200.0
42000,F,40~44,자영업,300~399,200.0,100.0,2022,100.0
42000,F,40~44,자영업,~199,900.0,200.0,2022,700.0
42000,F,40~44,정규직,200~299,5800.0,1700.0,2022,4100.0
42000,F,40~44,정규직,300~399,3500.0,1000.0,2022,2500.0
42000,F,40~44,정규직,400~499,2500.0,800.0,2022,1700.0
42000,F,40~44,정규직,500~599,1000.0,300.0,2022,700.0
42000,F,40~44,정규직,600~799,700.0,300.0,2022,400.0
42000,F,40~44,정규직,800+,100.0,0.0,2022,100.0
42000,F,40~44,정규직,~199,1500.0,800.0,2022,700.0
42000,M,25~29,비정규직,200~299,1100.0,1000.0,2022,100.0
42000,M,25~29,비정규직,300~399,200.0,200.0,2022,0.0
42000,M,25~29,비정규직,~199,2100.0,2000.0,2022,100.0
42000,M,25~29,자영업,300~399,200.0,200.0,2022,0.0
42000,M,25~29,자영업,400~499,100.0,100.0,2022,0.0
42000,M,25~29,자영업,600~799,100.0,100.0,2022,0.0
42000,M,25~29,자영업,~199,300.0,100.0,2022,200.0
42000,M,25~29,정규직,200~299,4900.0,3300.0,2022,1600.0
42000,M,25~29,정규직,300~399,5700.0,3900.0,2022,1800.0
42000,M,25~29,정규직,400~499,3500.0,1300.0,2022,2200.0
42000,M,25~29,정규직,500~599,900.0,400.0,2022,500.0
42000,M,25~29,정규직,600~799,600.0,300.0,2022,300.0
42000,M,25~29,정규직,~199,1300.0,900.0,2022,400.0
42000,M,30~34,비정규직,200~299,1100.0,700.0,2022,400.0
42000,M,30~34,비정규직,300~399,100.0,0.0,2022,100.0
42000,M,30~34,비정규직,~199,1700.0,1700.0,2022,0.0
42000,M,30~34,자영업,200~299,300.0,100.0,2022,200.0
42000,M,30~34,자영업,300~399,100.0,100.0,2022,0.0
42000,M,30~34,자영업,400~499,100.0,0.0,2022,100.0
42000,M,30~34,자영업,500~599,100.0,0.0,2022,100.0
42000,M,30~34,자영업,800+,100.0,0.0,2022,100.0
42000,M,30~34,자영업,~199,600.0,300.0,2022,300.0
42000,M,30~34,정규직,200~299,3500.0,2000.0,2022,1500.0
42000,M,30~34,정규직,300~399,6300.0,2600.0,2022,3700.0
42000,M,30~34,정규직,400~499,3500.0,700.0,2022,2800.0
42000,M,30~34,정규직,500~599,2800.0,500.0,2022,2300.0
42000,M,30~34,정규직,600~799,1600.0,300.0,2022,1300.0
42000,M,30~34,정규직,800+,200.0,0.0,2022,200.0
42000,M,30~34,정규직,~199,1000.0,700.0,2022,300.0
42000,M,35~39,비정규직,200~299,700.0,400.0,2022,300.0
42000,M,35~39,비정규직,300~399,100.0,100.0,2022,0.0
42000,M,35~39,비정규직,400~499,100.0,0.0,2022,100.0
42000,M,35~39,비정규직,~199,1600.0,1300.0,2022,300.0
42000,M,35~39,자영업,200~299,300.0,100.0,2022,200.0
42000,M,35~39,자영업,300~399,300.0,0.0,2022,300.0
42000,M,35~39,자영업,400~499,100.0,0.0,2022,100.0
42000,M,35~39,자영업,~199,600.0,100.0,2022,500.0
42000,M,35~39,정규직,200~299,3500.0,1500.0,2022,2000.0
42000,M,35~39,정규직,300~399,5700.0,1900.0,2022,3800.0
42000,M,35~39,정규직,400~499,6700.0,1300.0,2022,5400.0
42000,M,35~39,정규직,500~599,4200.0,900.0,2022,3300.0
42000,M,35~39,정규직,600~799,2900.0,500.0,2022,2400.0
42000,M,35~39,정규직,800+,700.0,300.0,2022,400.0
42000,M,35~39,정규직,~199,700.0,400.0,2022,300.0
42000,M,40~44,비정규직,200~299,800.0,600.0,2022,200.0
42000,M,40~44,비정규직,300~399,700.0,300.0,2022,400.0
42000,M,40~44,비정규직,400~499,100.0,0.0,2022,100.0
42000,M,40~44,비정규직,~199,1600.0,1400.0,2022,200.0
42000,M,40~44,자영업,200~299,900.0,100.0,2022,800.0
42000,M,40~44,자영업,300~399,300.0,100.0,2022,200.0
42000,M,40~44,자영업,400~499,400.0,0.0,2022,400.0
42000,M,40~44,자영업,500~599,100.0,0.0,2022,100.0
42000,M,40~44,자영업,600~799,100.0,0.0,2022,100.0
42000,M,40~44,자영업,800+,400.0,100.0,2022,300.0
42000,M,40~44,자영업,~199,900.0,200.0,2022,700.0
42000,M,40~44,정규직,200~299,4100.0,1700.0,2022,2400.0
42000,M,40~44,정규직,300~399,5300.0,2000.0,2022,3300.0
42000,M,40~44,정규직,400~499,4700.0,600.0,2022,4100.0
42000,M,40~44,정규직,500~599,3100.0,100.0,2022,3000.0
42000,M,40~44,정규직,600~799,4200.0,400.0,2022,3800.0
42000,M,40~44,정규직,800+,1800.0,100.0,2022,1700.0
42000,M,40~44,정규직,~199,700.0,400.0,2022,300.0
43000,F,25~29,비정규직,200~299,1800.0,1200.0,2022,600.0
43000,F,25~29,비정규직,300~399,600.0,300.0,2022,300.0
43000,F,25~29,비정규직,400~499,100.0,100.0,2022,0.0
43000,F,25~29,비정규직,~199,5800.0,2200.0,2022,3600.0
43000,F,25~29,정규직,200~299,9800.0,6700.0,2022,3100.0
43000,F,25~29,정규직,300~399,6400.0,4200.0,2022,2200.0
43000,F,25~29,정규직,400~499,2100.0,1800.0,2022,300.0
43000,F,25~29,정규직,500~599,300.0,300.0,2022,0.0
43000,F,25~29,정규직,~199,3200.0,1700.0,2022,1500.0
43000,F,30~34,비정규직,200~299,2100.0,600.0,2022,1500.0
43000,F,30~34,비정규직,300~399,200.0,200.0,2022,0.0
43000,F,30~34,비정규직,400~499,200.0,100.0,2022,100.0
43000,F,30~34,비정규직,500~599,200.0,200.0,2022,0.0
43000,F,30~34,비정규직,600~799,100.0,0.0,2022,100.0
43000,F,30~34,비정규직,~199,8400.0,1600.0,2022,6800.0
43000,F,30~34,자영업,200~299,300.0,0.0,2022,300.0
43000,F,30~34,자영업,300~399,100.0,0.0,2022,100.0
43000,F,30~34,자영업,600~799,200.0,200.0,2022,0.0
43000,F,30~34,자영업,~199,1300.0,600.0,2022,700.0
43000,F,30~34,정규직,200~299,7700.0,3200.0,2022,4500.0
43000,F,30~34,정규직,300~399,4500.0,1600.0,2022,2900.0
43000,F,30~34,정규직,400~499,2600.0,1200.0,2022,1400.0
43000,F,30~34,정규직,500~599,1000.0,500.0,2022,500.0
43000,F,30~34,정규직,600~799,100.0,0.0,2022,100.0
43000,F,30~34,정규직,800+,100.0,0.0,2022,100.0
43000,F,30~34,정규직,~199,3200.0,1000.0,2022,2200.0
43000,F,35~39,비정규직,200~299,2900.0,1400.0,2022,1500.0
43000,F,35~39,비정규직,300~399,500.0,100.0,2022,400.0
43000,F,35~39,비정규직,~199,11700.0,1800.0,2022,9900.0
43000,F,35~39,자영업,200~299,200.0,100.0,2022,100.0
43000,F,35~39,자영업,300~399,100.0,0.0,2022,100.0
43000,F,35~39,자영업,~199,800.0,400.0,2022,400.0
43000,F,35~39,정규직,200~299,6500.0,1500.0,2022,5000.0
43000,F,35~39,정규직,300~399,5900.0,1200.0,2022,4700.0
43000,F,35~39,정규직,400~499,2800.0,800.0,2022,2000.0
43000,F,35~39,정규직,500~599,1500.0,700.0,2022,800.0
43000,F,35~39,정규직,600~799,400.0,0.0,2022,400.0
43000,F,35~39,정규직,800+,200.0,0.0,2022,200.0
43000,F,35~39,정규직,~199,2800.0,600.0,2022,2200.0
43000,F,40~44,비정규직,200~299,2700.0,400.0,2022,2300.0
43000,F,40~44,비정규직,300~399,300.0,0.0,2022,300.0
43000,F,40~44,비정규직,500~599,100.0,0.0,2022,100.0
43000,F,40~44,비정규직,600~799,100.0,0.0,2022,100.0
43000,F,40~44,비정규직,800+,100.0,100.0,2022,0.0
43000,F,40~44,비정규직,~199,15400.0,1700.0,2022,13700.0
43000,F,40~44,자영업,200~299,100.0,0.0,2022,100.0
43000,F,40~44,자영업,800+,100.0,100.0,2022,0.0
43000,F,40~44,자영업,~199,800.0,0.0,2022,800.0
43000,F,40~44,정규직,200~299,7300.0,2200.0,2022,5100.0
43000,F,40~44,정규직,300~399,5100.0,1000.0,2022,4100.0
43000,F,40~44,정규직,400~499,3200.0,1000.0,2022,2200.0
43000,F,40~44,정규직,500~599,2300.0,700.0,2022,1600.0
43000,F,40~44,정규직,600~799,1000.0,100.0,2022,900.0
43000,F,40~44,정규직,800+,100.0,0.0,2022,100.0
43000,F,40~44,정규직,~199,3200.0,600.0,2022,2600.0
43000,M,25~29,비정규직,200~299,1800.0,1800.0,2022,0.0
43000,M,25~29,비정규직,300~399,200.0,200.0,2022,0.0
43000,M,25~29,비정규직,400~499,100.0,100.0,2022,0.0
43000,M,25~29,비정규직,~199,2200.0,2000.0,2022,200.0
43000,M,25~29,자영업,200~299,100.0,0.0,2022,100.0
43000,M,25~29,자영업,300~399,200.0,200.0,2022,0.0
43000,M,25~29,자영업,~199,800.0,700.0,2022,100.0
43000,M,25~29,정규직,200~299,7900.0,5700.0,2022,2200.0
43000,M,25~29,정규직,300~399,10100.0,5600.0,2022,4500.0
43000,M,25~29,정규직,400~499,4400.0,2000.0,2022,2400.0
43000,M,25~29,정규직,500~599,600.0,500.0,2022,100.0
43000,M,25~29,정규직,600~799,1000.0,300.0,2022,700.0
43000,M,25~29,정규직,800+,200.0,200.0,2022,0.0
43000,M,25~29,정규직,~199,1200.0,1000.0,2022,200.0
43000,M,30~34,비정규직,200~299,1100.0,900.0,2022,200.0
43000,M,30~34,비정규직,300~399,600.0,400.0,2022,200.0
43000,M,30~34,비정규직,400~499,200.0,100.0,2022,100.0
43000,M,30~34,비정규직,800+,200.0,0.0,2022,200.0
43000,M,30~34,비정규직,~199,2400.0,1900.0,2022,500.0
43000,M,30~34,자영업,200~299,400.0,200.0,2022,200.0
43000,M,30~34,자영업,300~399,100.0,0.0,2022,100.0
43000,M,30~34,자영업,500~599,200.0,0.0,2022,200.0
43000,M,30~34,자영업,600~799,100.0,0.0,2022,100.0
43000,M,30~34,자영업,~199,500.0,300.0,2022,200.0
43000,M,30~34,정규직,200~299,5900.0,3100.0,2022,2800.0
43000,M,30~34,정규직,300~399,8800.0,3800.0,2022,5000.0
43000,M,30~34,정규직,400~499,6300.0,1300.0,2022,5000.0
43000,M,30~34,정규직,500~599,3600.0,600.0,2022,3000.0
43000,M,30~34,정규직,600~799,1600.0,200.0,2022,1400.0
43000,M,30~34,정규직,800+,500.0,100.0,2022,400.0
43000,M,30~34,정규직,~199,1800.0,1600.0,2022,200.0
43000,M,35~39,비정규직,200~299,700.0,500.0,2022,200.0
43000,M,35~39,비정규직,300~399,200.0,200.0,2022,0.0
43000,M,35~39,비정규직,500~599,100.0,0.0,2022,100.0
43000,M,35~39,비정규직,~199,1500.0,1100.0,2022,400.0
43000,M,35~39,자영업,200~299,900.0,200.0,2022,700.0
43000,M,35~39,자영업,300~399,200.0,0.0,2022,200.0
43000,M,35~39,자영업,400~499,500.0,0.0,2022,500.0
43000,M,35~39,자영업,500~599,100.0,100.0,2022,0.0
43000,M,35~39,자영업,800+,300.0,0.0,2022,300.0
43000,M,35~39,자영업,~199,1300.0,500.0,2022,800.0
43000,M,35~39,정규직,200~299,5600.0,3300.0,2022,2300.0
43000,M,35~39,정규직,300~399,7600.0,2300.0,2022,5300.0
43000,M,35~39,정규직,400~499,8100.0,1900.0,2022,6200.0
43000,M,35~39,정규직,500~599,5100.0,500.0,2022,4600.0
43000,M,35~39,정규직,600~799,4200.0,300.0,2022,3900.0
43000,M,35~39,정규직,800+,2200.0,100.0,2022,2100.0
43000,M,35~39,정규직,~199,1100.0,900.0,2022,200.0
43000,M,40~44,비정규직,200~299,1600.0,1200.0,2022,400.0
43000,M,40~44,비정규직,300~399,400.0,200.0,2022,200.0
43000,M,40~44,비정규직,400~499,200.0,200.0,2022,0.0
43000,M,40~44,비정규직,800+,100.0,0.0,2022,100.0
43000,M,40~44,비정규직,~199,2700.0,2200.0,2022,500.0
43000,M,40~44,자영업,200~299,600.0,100.0,2022,500.0
43000,M,40~44,자영업,300~399,300.0,100.0,2022,200.0
43000,M,40~44,자영업,400~499,200.0,100.0,2022,100.0
43000,M,40~44,자영업,500~599,300.0,0.0,2022,300.0
43000,M,40~44,자영업,600~799,500.0,0.0,2022,500.0
43000,M,40~44,자영업,800+,800.0,100.0,2022,700.0
43000,M,40~44,자영업,~199,1600.0,600.0,2022,1000.0
43000,M,40~44,정규직,200~299,6100.0,2800.0,2022,3300.0
43000,M,40~44,정규직,300~399,7200.0,1600.0,2022,5600.0
43000,M,40~44,정규직,400~499,6800.0,700.0,2022,6100.0
43000,M,40~44,정규직,500~599,5000.0,600.0,2022,4400.0
43000,M,40~44,정규직,600~799,6200.0,600.0,2022,5600.0
43000,M,40~44,정규직,800+,2100.0,100.0,2022,2000.0
43000,M,40~44,정규직,~199,1400.0,800.0,2022,600.0
44000,F,25~29,비정규직,200~299,1100.0,800.0,2022,300.0
44000,F,25~29,비정규직,500~599,200.0,200.0,2022,0.0
44000,F,25~29,비정규직,~199,3700.0,2200.0,2022,1500.0
44000,F,25~29,자영업,200~299,200.0,100.0,2022,100.0
44000,F,25~29,자영업,~199,200.0,200.0,2022,0.0
44000,F,25~29,정규직,200~299,4400.0,3400.0,2022,1000.0
44000,F,25~29,정규직,300~399,4700.0,3200.0,2022,1500.0
44000,F,25~29,정규직,400~499,1100.0,1000.0,2022,100.0
44000,F,25~29,정규직,500~599,300.0,0.0,2022,300.0
44000,F,25~29,정규직,~199,2100.0,1300.0,2022,800.0
44000,F,30~34,비정규직,200~299,300.0,100.0,2022,200.0
44000,F,30~34,비정규직,300~399,200.0,100.0,2022,100.0
44000,F,30~34,비정규직,~199,5400.0,1100.0,2022,4300.0
44000,F,30~34,자영업,200~299,200.0,200.0,2022,0.0
44000,F,30~34,자영업,300~399,100.0,100.0,2022,0.0
44000,F,30~34,자영업,~199,400.0,100.0,2022,300.0
44000,F,30~34,정규직,200~299,4600.0,2000.0,2022,2600.0
44000,F,30~34,정규직,300~399,3000.0,1200.0,2022,1800.0
44000,F,30~34,정규직,400~499,1700.0,300.0,2022,1400.0
44000,F,30~34,정규직,500~599,600.0,100.0,2022,500.0
44000,F,30~34,정규직,600~799,100.0,0.0,2022,100.0
44000,F,30~34,정규직,800+,200.0,100.0,2022,100.0
44000,F,30~34,정규직,~199,1400.0,600.0,2022,800.0
44000,F,35~39,비정규직,200~299,1600.0,700.0,2022,900.0
44000,F,35~39,비정규직,400~499,200.0,0.0,2022,200.0
44000,F,35~39,비정규직,~199,8300.0,1600.0,2022,6700.0
44000,F,35~39,자영업,200~299,100.0,0.0,2022,100.0
44000,F,35~39,자영업,~199,800.0,400.0,2022,400.0
44000,F,35~39,정규직,200~299,4400.0,1600.0,2022,2800.0
44000,F,35~39,정규직,300~399,2700.0,700.0,2022,2000.0
44000,F,35~39,정규직,400~499,1500.0,400.0,2022,1100.0
44000,F,35~39,정규직,500~599,900.0,400.0,2022,500.0
44000,F,35~39,정규직,600~799,300.0,0.0,2022,300.0
44000,F,35~39,정규직,~199,1700.0,600.0,2022,1100.0
44000,F,40~44,비정규직,200~299,1300.0,300.0,2022,1000.0
44000,F,40~44,비정규직,300~399,100.0,0.0,2022,100.0
44000,F,40~44,비정규직,~199,10300.0,1100.0,2022,9200.0
44000,F,40~44,자영업,200~299,100.0,0.0,2022,100.0
44000,F,40~44,자영업,300~399,100.0,0.0,2022,100.0
44000,F,40~44,자영업,600~799,100.0,0.0,2022,100.0
44000,F,40~44,자영업,~199,1000.0,300.0,2022,700.0
44000,F,40~44,정규직,200~299,4600.0,1100.0,2022,3500.0
44000,F,40~44,정규직,300~399,2800.0,500.0,2022,2300.0
44000,F,40~44,정규직,400~499,2000.0,600.0,2022,1400.0
44000,F,40~44,정규직,500~599,1200.0,300.0,2022,900.0
44000,F,40~44,정규직,600~799,600.0,400.0,2022,200.0
44000,F,40~44,정규직,800+,300.0,0.0,2022,300.0
44000,F,40~44,정규직,~199,1700.0,600.0,2022,1100.0
44000,M,25~29,비정규직,200~299,400.0,400.0,2022,0.0
44000,M,25~29,비정규직,300~399,100.0,100.0,2022,0.0
44000,M,25~29,비정규직,400~499,200.0,200.0,2022,0.0
44000,M,25~29,비정규직,~199,2400.0,2100.0,2022,300.0
44000,M,25~29,자영업,200~299,200.0,200.0,2022,0.0
44000,M,25~29,자영업,300~399,200.0,100.0,2022,100.0
44000,M,25~29,자영업,~199,400.0,400.0,2022,0.0
44000,M,25~29,정규직,200~299,3600.0,3100.0,2022,500.0
44000,M,25~29,정규직,300~399,6100.0,4100.0,2022,2000.0
44000,M,25~29,정규직,400~499,3700.0,2200.0,2022,1500.0
44000,M,25~29,정규직,500~599,800.0,200.0,2022,600.0
44000,M,25~29,정규직,600~799,800.0,500.0,2022,300.0
44000,M,25~29,정규직,800+,100.0,100.0,2022,0.0
44000,M,25~29,정규직,~199,1000.0,900.0,2022,100.0
44000,M,30~34,비정규직,200~299,800.0,700.0,2022,100.0
44000,M,30~34,비정규직,300~399,100.0,0.0,2022,100.0
44000,M,30~34,비정규직,600~799,100.0,0.0,2022,100.0
44000,M,30~34,비정규직,~199,1000.0,900.0,2022,100.0
44000,M,30~34,자영업,200~299,200.0,100.0,2022,100.0
44000,M,30~34,자영업,800+,100.0,100.0,2022,0.0
44000,M,30~34,자영업,~199,600.0,500.0,2022,100.0
44000,M,30~34,정규직,200~299,2700.0,1800.0,2022,900.0
44000,M,30~34,정규직,300~399,5700.0,2000.0,2022,3700.0
44000,M,30~34,정규직,400~499,4700.0,1000.0,2022,3700.0
44000,M,30~34,정규직,500~599,3500.0,700.0,2022,2800.0
44000,M,30~34,정규직,600~799,1300.0,200.0,2022,1100.0
44000,M,30~34,정규직,800+,100.0,0.0,2022,100.0
44000,M,30~34,정규직,~199,1100.0,1000.0,2022,100.0
44000,M,35~39,비정규직,200~299,500.0,200.0,2022,300.0
44000,M,35~39,비정규직,300~399,100.0,100.0,2022,0.0
44000,M,35~39,비정규직,400~499,100.0,0.0,2022,100.0
44000,M,35~39,비정규직,500~599,100.0,100.0,2022,0.0
44000,M,35~39,비정규직,~199,1000.0,900.0,2022,100.0
44000,M,35~39,자영업,200~299,200.0,0.0,2022,200.0
44000,M,35~39,자영업,400~499,100.0,0.0,2022,100.0
44000,M,35~39,자영업,500~599,100.0,0.0,2022,100.0
44000,M,35~39,자영업,600~799,200.0,200.0,2022,0.0
44000,M,35~39,자영업,~199,500.0,400.0,2022,100.0
44000,M,35~39,정규직,200~299,4400.0,2300.0,2022,2100.0
44000,M,35~39,정규직,300~399,4700.0,1600.0,2022,3100.0
44000,M,35~39,정규직,400~499,5400.0,1300.0,2022,4100.0
44000,M,35~39,정규직,500~599,4600.0,900.0,2022,3700.0
44000,M,35~39,정규직,600~799,2000.0,300.0,2022,1700.0
44000,M,35~39,정규직,800+,1000.0,100.0,2022,900.0
44000,M,35~39,정규직,~199,900.0,800.0,2022,100.0
44000,M,40~44,비정규직,200~299,600.0,300.0,2022,300.0
44000,M,40~44,비정규직,300~399,300.0,300.0,2022,0.0
44000,M,40~44,비정규직,400~499,100.0,100.0,2022,0.0
44000,M,40~44,비정규직,~199,1500.0,1300.0,2022,200.0
44000,M,40~44,자영업,200~299,200.0,0.0,2022,200.0
44000,M,40~44,자영업,300~399,500.0,300.0,2022,200.0
44000,M,40~44,자영업,500~599,100.0,100.0,2022,0.0
44000,M,40~44,자영업,600~799,100.0,0.0,2022,100.0
44000,M,40~44,자영업,800+,300.0,200.0,2022,100.0
44000,M,40~44,자영업,~199,1200.0,400.0,2022,800.0
44000,M,40~44,정규직,200~299,3800.0,2000.0,2022,1800.0
44000,M,40~44,정규직,300~399,5300.0,1400.0,2022,3900.0
44000,M,40~44,정규직,400~499,5100.0,600.0,2022,4500.0
44000,M,40~44,정규직,500~599,3700.0,700.0,2022,3000.0
44000,M,40~44,정규직,600~799,4100.0,500.0,2022,3600.0
44000,M,40~44,정규직,800+,1100.0,200.0,2022,900.0
44000,M,40~44,정규직,~199,700.0,500.0,2022,200.0
45000,F,25~29,비정규직,200~299,1000.0,700.0,2022,300.0
45000,F,25~29,비정규직,300~399,100.0,100.0,2022,0.0
45000,F,25~29,비정규직,~199,4200.0,2100.0,2022,2100.0
45000,F,25~29,자영업,200~299,100.0,0.0,2022,100.0
45000,F,25~29,자영업,400~499,100.0,0.0,2022,100.0
45000,F,25~29,자영업,~199,200.0,100.0,2022,100.0
45000,F,25~29,정규직,200~299,4800.0,3500.0,2022,1300.0
45000,F,25~29,정규직,300~399,3100.0,1700.0,2022,1400.0
45000,F,25~29,정규직,400~499,1100.0,400.0,2022,700.0
45000,F,25~29,정규직,~199,1900.0,1600.0,2022,300.0
45000,F,30~34,비정규직,200~299,1300.0,900.0,2022,400.0
45000,F,30~34,비정규직,400~499,100.0,0.0,2022,100.0
45000,F,30~34,비정규직,~199,4500.0,800.0,2022,3700.0
45000,F,30~34,자영업,200~299,100.0,0.0,2022,100.0
45000,F,30~34,자영업,300~399,100.0,0.0,2022,100.0
45000,F,30~34,자영업,~199,100.0,0.0,2022,100.0
45000,F,30~34,정규직,200~299,4300.0,2200.0,2022,2100.0
45000,F,30~34,정규직,300~399,3800.0,1600.0,2022,2200.0
45000,F,30~34,정규직,400~499,1200.0,600.0,2022,600.0
45000,F,30~34,정규직,500~599,100.0,100.0,2022,0.0
45000,F,30~34,정규직,600~799,200.0,0.0,2022,200.0
45000,F,30~34,정규직,~199,2100.0,700.0,2022,1400.0
45000,F,35~39,비정규직,200~299,1300.0,200.0,2022,1100.0
45000,F,35~39,비정규직,300~399,200.0,100.0,2022,100.0
45000,F,35~39,비정규직,~199,9600.0,1700.0,2022,7900.0
45000,F,35~39,자영업,200~299,200.0,0.0,2022,200.0
45000,F,35~39,자영업,300~399,100.0,100.0,2022,0.0
45000,F,35~39,자영업,400~499,100.0,100.0,2022,0.0
45000,F,35~39,자영업,~199,400.0,0.0,2022,400.0
45000,F,35~39,정규직,200~299,4300.0,1300.0,2022,3000.0
45000,F,35~39,정규직,300~399,2200.0,600.0,2022,1600.0
45000,F,35~39,정규직,400~499,1300.0,200.0,2022,1100.0
45000,F,35~39,정규직,500~599,900.0,400.0,2022,500.0
45000,F,35~39,정규직,600~799,300.0,0.0,2022,300.0
45000,F,35~39,정규직,~199,2200.0,500.0,2022,1700.0
45000,F,40~44,비정규직,200~299,1300.0,100.0,2022,1200.0
45000,F,40~44,비정규직,300~399,100.0,0.0,2022,100.0
45000,F,40~44,비정규직,~199,9500.0,1200.0,2022,8300.0
45000,F,40~44,자영업,~199,700.0,100.0,2022,600.0
45000,F,40~44,정규직,200~299,4700.0,1400.0,2022,3300.0
45000,F,40~44,정규직,300~399,2700.0,500.0,2022,2200.0
45000,F,40~44,정규직,400~499,2100.0,200.0,2022,1900.0
45000,F,40~44,정규직,500~599,900.0,100.0,2022,800.0
45000,F,40~44,정규직,600~799,600.0,200.0,2022,400.0
45000,F,40~44,정규직,~199,2800.0,500.0,2022,2300.0
45000,M,25~29,비정규직,200~299,600.0,500.0,2022,100.0
45000,M,25~29,비정규직,300~399,100.0,100.0,2022,0.0
45000,M,25~29,비정규직,~199,1200.0,1100.0,2022,100.0
45000,M,25~29,자영업,200~299,200.0,100.0,2022,100.0
45000,M,25~29,자영업,300~399,200.0,100.0,2022,100.0
45000,M,25~29,자영업,400~499,100.0,100.0,2022,0.0
45000,M,25~29,자영업,~199,400.0,400.0,2022,0.0
45000,M,25~29,정규직,200~299,4600.0,3600.0,2022,1000.0
45000,M,25~29,정규직,300~399,5300.0,2300.0,2022,3000.0
45000,M,25~29,정규직,400~499,2500.0,1200.0,2022,1300.0
45000,M,25~29,정규직,500~599,1200.0,500.0,2022,700.0
45000,M,25~29,정규직,600~799,400.0,100.0,2022,300.0
45000,M,25~29,정규직,~199,900.0,900.0,2022,0.0
45000,M,30~34,비정규직,200~299,500.0,500.0,2022,0.0
45000,M,30~34,비정규직,300~399,300.0,100.0,2022,200.0
45000,M,30~34,비정규직,~199,1100.0,900.0,2022,200.0
45000,M,30~34,자영업,200~299,300.0,200.0,2022,100.0
45000,M,30~34,자영업,300~399,100.0,0.0,2022,100.0
45000,M,30~34,자영업,500~599,100.0,100.0,2022,0.0
45000,M,30~34,자영업,800+,200.0,100.0,2022,100.0
45000,M,30~34,자영업,~199,300.0,100.0,2022,200.0
45000,M,30~34,정규직,200~299,3800.0,2200.0,2022,1600.0
45000,M,30~34,정규직,300~399,5200.0,2400.0,2022,2800.0
45000,M,30~34,정규직,400~499,4800.0,1200.0,2022,3600.0
45000,M,30~34,정규직,500~599,2100.0,200.0,2022,1900.0
45000,M,30~34,정규직,600~799,1100.0,100.0,2022,1000.0
45000,M,30~34,정규직,800+,300.0,100.0,2022,200.0
45000,M,30~34,정규직,~199,800.0,800.0,2022,0.0
45000,M,35~39,비정규직,200~299,500.0,400.0,2022,100.0
45000,M,35~39,비정규직,300~399,200.0,200.0,2022,0.0
45000,M,35~39,비정규직,400~499,100.0,0.0,2022,100.0
45000,M,35~39,비정규직,~199,800.0,700.0,2022,100.0
45000,M,35~39,자영업,200~299,300.0,100.0,2022,200.0
45000,M,35~39,자영업,300~399,100.0,0.0,2022,100.0
45000,M,35~39,자영업,400~499,100.0,0.0,2022,100.0
45000,M,35~39,자영업,500~599,100.0,0.0,2022,100.0
45000,M,35~39,자영업,600~799,100.0,0.0,2022,100.0
45000,M,35~39,자영업,~199,400.0,200.0,2022,200.0
45000,M,35~39,정규직,200~299,3700.0,1400.0,2022,2300.0
45000,M,35~39,정규직,300~399,6100.0,1200.0,2022,4900.0
45000,M,35~39,정규직,400~499,4700.0,600.0,2022,4100.0
45000,M,35~39,정규직,500~599,3400.0,700.0,2022,2700.0
45000,M,35~39,정규직,600~799,2200.0,200.0,2022,2000.0
45000,M,35~39,정규직,800+,700.0,0.0,2022,700.0
45000,M,35~39,정규직,~199,900.0,800.0,2022,100.0
45000,M,40~44,비정규직,200~299,600.0,400.0,2022,200.0
45000,M,40~44,비정규직,300~399,100.0,0.0,2022,100.0
45000,M,40~44,비정규직,~199,1500.0,1100.0,2022,400.0
45000,M,40~44,자영업,200~299,400.0,0.0,2022,400.0
45000,M,40~44,자영업,300~399,400.0,0.0,2022,400.0
45000,M,40~44,자영업,400~499,200.0,100.0,2022,100.0
45000,M,40~44,자영업,500~599,100.0,0.0,2022,100.0
45000,M,40~44,자영업,600~799,400.0,100.0,2022,300.0
45000,M,40~44,자영업,800+,400.0,0.0,2022,400.0
45000,M,40~44,자영업,~199,700.0,300.0,2022,400.0
45000,M,40~44,정규직,200~299,4700.0,1700.0,2022,3000.0
45000,M,40~44,정규직,300~399,6500.0,1300.0,2022,5200.0
45000,M,40~44,정규직,400~499,4200.0,200.0,2022,4000.0
45000,M,40~44,정규직,500~599,3700.0,400.0,2022,3300.0
45000,M,40~44,정규직,600~799,2300.0,200.0,2022,2100.0
45000,M,40~44,정규직,800+,900.0,0.0,2022,900.0
45000,M,40~44,정규직,~199,500.0,500.0,2022,0.0
46000,F,25~29,비정규직,200~299,1600.0,1000.0,2022,600.0
46000,F,25~29,비정규직,300~399,100.0,100.0,2022,0.0
46000,F,25~29,비정규직,400~499,100.0,100.0,2022,0.0
46000,F,25~29,비정규직,~199,7200.0,3100.0,2022,4100.0
46000,F,25~29,자영업,~199,600.0,500.0,2022,100.0
46000,F,25~29,정규직,200~299,6800.0,4500.0,2022,2300.0
46000,F,25~29,정규직,300~399,5400.0,4300.0,2022,1100.0
46000,F,25~29,정규직,400~499,2000.0,1200.0,2022,800.0
46000,F,25~29,정규직,600~799,100.0,100.0,2022,0.0
46000,F,25~29,정규직,~199,2300.0,1700.0,2022,600.0
46000,F,30~34,비정규직,200~299,1800.0,700.0,2022,1100.0
46000,F,30~34,비정규직,300~399,100.0,100.0,2022,0.0
46000,F,30~34,비정규직,~199,10100.0,2900.0,2022,7200.0
46000,F,30~34,자영업,200~299,200.0,200.0,2022,0.0
46000,F,30~34,자영업,300~399,200.0,200.0,2022,0.0
46000,F,30~34,자영업,500~599,100.0,100.0,2022,0.0
46000,F,30~34,자영업,~199,700.0,200.0,2022,500.0
46000,F,30~34,정규직,200~299,7500.0,3600.0,2022,3900.0
46000,F,30~34,정규직,300~399,2700.0,1300.0,2022,1400.0
46000,F,30~34,정규직,400~499,1400.0,300.0,2022,1100.0
46000,F,30~34,정규직,500~599,500.0,200.0,2022,300.0
46000,F,30~34,정규직,800+,100.0,0.0,2022,100.0
46000,F,30~34,정규직,~199,3400.0,1500.0,2022,1900.0
46000,F,35~39,비정규직,200~299,1800.0,500.0,2022,1300.0
46000,F,35~39,비정규직,300~399,300.0,0.0,2022,300.0
46000,F,35~39,비정규직,600~799,100.0,100.0,2022,0.0
46000,F,35~39,비정규직,~199,14100.0,2200.0,2022,11900.0
46000,F,35~39,자영업,200~299,200.0,200.0,2022,0.0
46000,F,35~39,자영업,800+,100.0,100.0,2022,0.0
46000,F,35~39,자영업,~199,1400.0,500.0,2022,900.0
46000,F,35~39,정규직,200~299,6100.0,1700.0,2022,4400.0
46000,F,35~39,정규직,300~399,4100.0,1600.0,2022,2500.0
46000,F,35~39,정규직,400~499,2000.0,700.0,2022,1300.0
46000,F,35~39,정규직,500~599,1100.0,400.0,2022,700.0
46000,F,35~39,정규직,600~799,300.0,100.0,2022,200.0
46000,F,35~39,정규직,800+,100.0,0.0,2022,100.0
46000,F,35~39,정규직,~199,2600.0,500.0,2022,2100.0
46000,F,40~44,비정규직,200~299,1400.0,300.0,2022,1100.0
46000,F,40~44,비정규직,300~399,100.0,0.0,2022,100.0
46000,F,40~44,비정규직,~199,15300.0,1200.0,2022,14100.0
46000,F,40~44,자영업,200~299,100.0,0.0,2022,100.0
46000,F,40~44,자영업,400~499,100.0,100.0,2022,0.0
46000,F,40~44,자영업,500~599,100.0,0.0,2022,100.0
46000,F,40~44,자영업,~199,800.0,200.0,2022,600.0
46000,F,40~44,정규직,200~299,7800.0,2400.0,2022,5400.0
46000,F,40~44,정규직,300~399,4300.0,900.0,2022,3400.0
46000,F,40~44,정규직,400~499,2700.0,700.0,2022,2000.0
46000,F,40~44,정규직,500~599,1100.0,100.0,2022,1000.0
46000,F,40~44,정규직,600~799,600.0,200.0,2022,400.0
46000,F,40~44,정규직,~199,2100.0,700.0,2022,1400.0
46000,M,25~29,비정규직,200~299,1200.0,1000.0,2022,200.0
46000,M,25~29,비정규직,300~399,400.0,400.0,2022,0.0
46000,M,25~29,비정규직,~199,2700.0,2600.0,2022,100.0
46000,M,25~29,자영업,200~299,200.0,100.0,2022,100.0
46000,M,25~29,자영업,300~399,200.0,100.0,2022,100.0
46000,M,25~29,자영업,~199,600.0,500.0,2022,100.0
46000,M,25~29,정규직,200~299,7100.0,5000.0,2022,2100.0
46000,M,25~29,정규직,300~399,6300.0,3400.0,2022,2900.0
46000,M,25~29,정규직,400~499,3000.0,1100.0,2022,1900.0
46000,M,25~29,정규직,500~599,1800.0,700.0,2022,1100.0
46000,M,25~29,정규직,600~799,100.0,0.0,2022,100.0
46000,M,25~29,정규직,800+,200.0,200.0,2022,0.0
46000,M,25~29,정규직,~199,1900.0,1500.0,2022,400.0
46000,M,30~34,비정규직,200~299,600.0,500.0,2022,100.0
46000,M,30~34,비정규직,300~399,100.0,100.0,2022,0.0
46000,M,30~34,비정규직,~199,2600.0,2000.0,2022,600.0
46000,M,30~34,자영업,200~299,200.0,0.0,2022,200.0
46000,M,30~34,자영업,300~399,300.0,100.0,2022,200.0
46000,M,30~34,자영업,400~499,100.0,0.0,2022,100.0
46000,M,30~34,자영업,600~799,100.0,0.0,2022,100.0
46000,M,30~34,자영업,~199,600.0,200.0,2022,400.0
46000,M,30~34,정규직,200~299,5500.0,2900.0,2022,2600.0
46000,M,30~34,정규직,300~399,7600.0,2400.0,2022,5200.0
46000,M,30~34,정규직,400~499,6200.0,800.0,2022,5400.0
46000,M,30~34,정규직,500~599,1900.0,100.0,2022,1800.0
46000,M,30~34,정규직,600~799,900.0,300.0,2022,600.0
46000,M,30~34,정규직,800+,400.0,0.0,2022,400.0
46000,M,30~34,정규직,~199,1500.0,1400.0,2022,100.0
46000,M,35~39,비정규직,200~299,1000.0,500.0,2022,500.0
46000,M,35~39,비정규직,300~399,300.0,0.0,2022,300.0
46000,M,35~39,비정규직,400~499,100.0,0.0,2022,100.0
46000,M,35~39,비정규직,~199,1800.0,1300.0,2022,500.0
46000,M,35~39,자영업,200~299,500.0,0.0,2022,500.0
46000,M,35~39,자영업,300~399,800.0,200.0,2022,600.0
46000,M,35~39,자영업,400~499,300.0,100.0,2022,200.0
46000,M,35~39,자영업,500~599,100.0,0.0,2022,100.0
46000,M,35~39,자영업,600~799,100.0,0.0,2022,100.0
46000,M,35~39,자영업,800+,400.0,0.0,2022,400.0
46000,M,35~39,자영업,~199,1000.0,400.0,2022,600.0
46000,M,35~39,정규직,200~299,6000.0,2100.0,2022,3900.0
46000,M,35~39,정규직,300~399,7600.0,1800.0,2022,5800.0
46000,M,35~39,정규직,400~499,6300.0,1100.0,2022,5200.0
46000,M,35~39,정규직,500~599,4200.0,100.0,2022,4100.0
46000,M,35~39,정규직,600~799,3800.0,300.0,2022,3500.0
46000,M,35~39,정규직,800+,700.0,100.0,2022,600.0
46000,M,35~39,정규직,~199,600.0,500.0,2022,100.0
46000,M,40~44,비정규직,200~299,1100.0,600.0,2022,500.0
46000,M,40~44,비정규직,300~399,100.0,0.0,2022,100.0
46000,M,40~44,비정규직,400~499,100.0,0.0,2022,100.0
46000,M,40~44,비정규직,800+,100.0,0.0,2022,100.0
46000,M,40~44,비정규직,~199,1500.0,1200.0,2022,300.0
46000,M,40~44,자영업,200~299,1400.0,500.0,2022,900.0
46000,M,40~44,자영업,300~399,600.0,100.0,2022,500.0
46000,M,40~44,자영업,400~499,400.0,0.0,2022,400.0
46000,M,40~44,자영업,600~799,200.0,0.0,2022,200.0
46000,M,40~44,자영업,800+,400.0,0.0,2022,400.0
46000,M,40~44,자영업,~199,1700.0,400.0,2022,1300.0
46000,M,40~44,정규직,200~299,4900.0,1600.0,2022,3300.0
46000,M,40~44,정규직,300~399,7600.0,1400.0,2022,6200.0
46000,M,40~44,정규직,400~499,7400.0,1200.0,2022,6200.0
46000,M,40~44,정규직,500~599,4600.0,400.0,2022,4200.0
46000,M,40~44,정규직,600~799,4300.0,100.0,2022,4200.0
46000,M,40~44,정규직,800+,1900.0,200.0,2022,1700.0
46000,M,40~44,정규직,~199,1200.0,600.0,2022,600.0
47000,F,25~29,비정규직,200~299,2900.0,1600.0,2022,1300.0
47000,F,25~29,비정규직,300~399,900.0,800.0,2022,100.0
47000,F,25~29,비정규직,~199,8300.0,4000.0,2022,4300.0
47000,F,25~29,자영업,300~399,300.0,0.0,2022,300.0
47000,F,25~29,자영업,~199,900.0,600.0,2022,300.0
47000,F,25~29,정규직,200~299,6700.0,5000.0,2022,1700.0
47000,F,25~29,정규직,300~399,3500.0,2200.0,2022,1300.0
47000,F,25~29,정규직,400~499,1400.0,800.0,2022,600.0
47000,F,25~29,정규직,500~599,100.0,0.0,2022,100.0
47000,F,25~29,정규직,600~799,100.0,100.0,2022,0.0
47000,F,25~29,정규직,~199,3000.0,1800.0,2022,1200.0
47000,F,30~34,비정규직,200~299,3400.0,1500.0,2022,1900.0
47000,F,30~34,비정규직,300~399,600.0,400.0,2022,200.0
47000,F,30~34,비정규직,800+,200.0,200.0,2022,0.0
47000,F,30~34,비정규직,~199,8900.0,2500.0,2022,6400.0
47000,F,30~34,자영업,200~299,100.0,0.0,2022,100.0
47000,F,30~34,자영업,300~399,100.0,0.0,2022,100.0
47000,F,30~34,자영업,500~599,100.0,100.0,2022,0.0
47000,F,30~34,자영업,~199,1100.0,600.0,2022,500.0
47000,F,30~34,정규직,200~299,6600.0,2800.0,2022,3800.0
47000,F,30~34,정규직,300~399,4200.0,1800.0,2022,2400.0
47000,F,30~34,정규직,400~499,2500.0,800.0,2022,1700.0
47000,F,30~34,정규직,500~599,700.0,300.0,2022,400.0
47000,F,30~34,정규직,600~799,100.0,0.0,2022,100.0
47000,F,30~34,정규직,800+,100.0,0.0,2022,100.0
47000,F,30~34,정규직,~199,4200.0,2100.0,2022,2100.0
47000,F,35~39,비정규직,200~299,3200.0,1100.0,2022,2100.0
47000,F,35~39,비정규직,300~399,200.0,100.0,2022,100.0
47000,F,35~39,비정규직,400~499,100.0,0.0,2022,100.0
47000,F,35~39,비정규직,~199,12000.0,2600.0,2022,9400.0
47000,F,35~39,자영업,200~299,200.0,0.0,2022,200.0
47000,F,35~39,자영업,400~499,100.0,100.0,2022,0.0
47000,F,35~39,자영업,~199,2000.0,400.0,2022,1600.0
47000,F,35~39,정규직,200~299,6000.0,1600.0,2022,4400.0
47000,F,35~39,정규직,300~399,4800.0,1000.0,2022,3800.0
47000,F,35~39,정규직,400~499,2900.0,400.0,2022,2500.0
47000,F,35~39,정규직,500~599,1600.0,200.0,2022,1400.0
47000,F,35~39,정규직,600~799,100.0,0.0,2022,100.0
47000,F,35~39,정규직,~199,3000.0,1200.0,2022,1800.0
47000,F,40~44,비정규직,200~299,2400.0,500.0,2022,1900.0
47000,F,40~44,비정규직,300~399,400.0,0.0,2022,400.0
47000,F,40~44,비정규직,400~499,100.0,0.0,2022,100.0
47000,F,40~44,비정규직,~199,11700.0,1500.0,2022,10200.0
47000,F,40~44,자영업,200~299,500.0,300.0,2022,200.0
47000,F,40~44,자영업,300~399,100.0,0.0,2022,100.0
47000,F,40~44,자영업,600~799,200.0,0.0,2022,200.0
47000,F,40~44,자영업,~199,1500.0,200.0,2022,1300.0
47000,F,40~44,정규직,200~299,7100.0,2000.0,2022,5100.0
47000,F,40~44,정규직,300~399,3500.0,700.0,2022,2800.0
47000,F,40~44,정규직,400~499,2500.0,500.0,2022,2000.0
47000,F,40~44,정규직,500~599,1800.0,500.0,2022,1300.0
47000,F,40~44,정규직,600~799,1500.0,200.0,2022,1300.0
47000,F,40~44,정규직,800+,200.0,100.0,2022,100.0
47000,F,40~44,정규직,~199,3400.0,800.0,2022,2600.0
47000,M,25~29,비정규직,200~299,1800.0,1300.0,2022,500.0
47000,M,25~29,비정규직,300~399,500.0,400.0,2022,100.0
47000,M,25~29,비정규직,400~499,100.0,100.0,2022,0.0
47000,M,25~29,비정규직,~199,6200.0,5300.0,2022,900.0
47000,M,25~29,자영업,300~399,100.0,0.0,2022,100.0
47000,M,25~29,자영업,500~599,100.0,0.0,2022,100.0
47000,M,25~29,자영업,~199,1000.0,400.0,2022,600.0
47000,M,25~29,정규직,200~299,8300.0,5100.0,2022,3200.0
47000,M,25~29,정규직,300~399,7600.0,4500.0,2022,3100.0
47000,M,25~29,정규직,400~499,2700.0,900.0,2022,1800.0
47000,M,25~29,정규직,500~599,700.0,300.0,2022,400.0
47000,M,25~29,정규직,600~799,500.0,500.0,2022,0.0
47000,M,25~29,정규직,800+,500.0,300.0,2022,200.0
47000,M,25~29,정규직,~199,2200.0,1600.0,2022,600.0
47000,M,30~34,비정규직,200~299,1700.0,1000.0,2022,700.0
47000,M,30~34,비정규직,300~399,700.0,600.0,2022,100.0
47000,M,30~34,비정규직,~199,3800.0,2900.0,2022,900.0
47000,M,30~34,자영업,200~299,200.0,100.0,2022,100.0
47000,M,30~34,자영업,400~499,100.0,0.0,2022,100.0
47000,M,30~34,자영업,600~799,100.0,0.0,2022,100.0
47000,M,30~34,자영업,800+,100.0,100.0,2022,0.0
47000,M,30~34,자영업,~199,1200.0,500.0,2022,700.0
47000,M,30~34,정규직,200~299,7700.0,3600.0,2022,4100.0
47000,M,30~34,정규직,300~399,5500.0,1700.0,2022,3800.0
47000,M,30~34,정규직,400~499,6600.0,2300.0,2022,4300.0
47000,M,30~34,정규직,500~599,2900.0,500.0,2022,2400.0
47000,M,30~34,정규직,600~799,900.0,300.0,2022,600.0
47000,M,30~34,정규직,800+,200.0,200.0,2022,0.0
47000,M,30~34,정규직,~199,1500.0,600.0,2022,900.0
47000,M,35~39,비정규직,200~299,1700.0,1500.0,2022,200.0
47000,M,35~39,비정규직,300~399,800.0,500.0,2022,300.0
47000,M,35~39,비정규직,500~599,100.0,0.0,2022,100.0
47000,M,35~39,비정규직,~199,2100.0,1700.0,2022,400.0
47000,M,35~39,자영업,200~299,1000.0,100.0,2022,900.0
47000,M,35~39,자영업,300~399,100.0,0.0,2022,100.0
47000,M,35~39,자영업,500~599,200.0,200.0,2022,0.0
47000,M,35~39,자영업,600~799,300.0,0.0,2022,300.0
47000,M,35~39,자영업,800+,300.0,0.0,2022,300.0
47000,M,35~39,자영업,~199,2300.0,900.0,2022,1400.0
47000,M,35~39,정규직,200~299,7500.0,3400.0,2022,4100.0
47000,M,35~39,정규직,300~399,8900.0,2500.0,2022,6400.0
47000,M,35~39,정규직,400~499,7200.0,1600.0,2022,5600.0
47000,M,35~39,정규직,500~599,3500.0,300.0,2022,3200.0
47000,M,35~39,정규직,600~799,2200.0,0.0,2022,2200.0
47000,M,35~39,정규직,800+,1100.0,200.0,2022,900.0
47000,M,35~39,정규직,~199,1600.0,500.0,2022,1100.0
47000,M,40~44,비정규직,200~299,1200.0,200.0,2022,1000.0
47000,M,40~44,비정규직,300~399,500.0,100.0,2022,400.0
47000,M,40~44,비정규직,~199,2400.0,1800.0,2022,600.0
47000,M,40~44,자영업,200~299,1000.0,0.0,2022,1000.0
47000,M,40~44,자영업,300~399,500.0,200.0,2022,300.0
47000,M,40~44,자영업,400~499,200.0,100.0,2022,100.0
47000,M,40~44,자영업,500~599,100.0,0.0,2022,100.0
47000,M,40~44,자영업,600~799,200.0,0.0,2022,200.0
47000,M,40~44,자영업,800+,100.0,0.0,2022,100.0
47000,M,40~44,자영업,~199,2500.0,900.0,2022,1600.0
47000,M,40~44,정규직,200~299,6900.0,2200.0,2022,4700.0
47000,M,40~44,정규직,300~399,6400.0,1600.0,2022,4800.0
47000,M,40~44,정규직,400~499,5200.0,900.0,2022,4300.0
47000,M,40~44,정규직,500~599,3800.0,500.0,2022,3300.0
47000,M,40~44,정규직,600~799,4100.0,200.0,2022,3900.0
47000,M,40~44,정규직,800+,2000.0,0.0,2022,2000.0
47000,M,40~44,정규직,~199,1900.0,800.0,2022,1100.0
