code,name,year,value
00,전국,2005,314304
00,전국,2006,330634
00,전국,2007,343559
00,전국,2008,327715
00,전국,2009,309759
00,전국,2010,326104
00,전국,2011,329087
00,전국,2012,327073
00,전국,2013,322807
00,전국,2014,305507
00,전국,2015,302828
00,전국,2016,281635
00,전국,2017,264455
00,전국,2018,257622
00,전국,2019,239159
00,전국,2020,213502
00,전국,2021,192507
00,전국,2022,191690
00,전국,2023,193657
00,전국,2024,222412
00,전국,2025,240326
11,서울특별시,2005,71286
11,서울특별시,2006,73924
11,서울특별시,2007,76399
11,서울특별시,2008,71753
11,서울특별시,2009,68841
11,서울특별시,2010,70466
11,서울특별시,2011,71519
11,서울특별시,2012,71695
11,서울특별시,2013,68819
11,서울특별시,2014,64823
11,서울특별시,2015,64193
11,서울특별시,2016,57643
11,서울특별시,2017,53776
11,서울특별시,2018,52005
11,서울특별시,2019,48261
11,서울특별시,2020,44746
11,서울특별시,2021,37012
11,서울특별시,2022,35752
11,서울특별시,2023,36324
11,서울특별시,2024,42471
11,서울특별시,2025,49374
11010,종로구,2005,1155
11010,종로구,2006,1043
11010,종로구,2007,1162
11010,종로구,2008,1069
11010,종로구,2009,943
11010,종로구,2010,1011
11010,종로구,2011,1062
11010,종로구,2012,1000
11010,종로구,2013,877
11010,종로구,2014,840
11010,종로구,2015,806
11010,종로구,2016,760
11010,종로구,2017,700
11010,종로구,2018,676
11010,종로구,2019,590
11010,종로구,2020,565
11010,종로구,2021,478
11010,종로구,2022,486
11010,종로구,2023,440
11010,종로구,2024,513
11010,종로구,2025,615
11020,중구,2005,910
11020,중구,2006,1035
11020,중구,2007,1052
11020,중구,2008,984
11020,중구,2009,910
11020,중구,2010,1049
11020,중구,2011,920
11020,중구,2012,1029
11020,중구,2013,860
11020,중구,2014,851
11020,중구,2015,916
11020,중구,2016,799
11020,중구,2017,792
11020,중구,2018,778
11020,중구,2019,722
11020,중구,2020,653
11020,중구,2021,590
11020,중구,2022,511
11020,중구,2023,595
11020,중구,2024,756
11020,중구,2025,827
11030,용산구,2005,1702
11030,용산구,2006,1842
11030,용산구,2007,1979
11030,용산구,2008,1959
11030,용산구,2009,1742
11030,용산구,2010,1784
11030,용산구,2011,1866
11030,용산구,2012,1895
11030,용산구,2013,1795
11030,용산구,2014,1560
11030,용산구,2015,1515
11030,용산구,2016,1366
11030,용산구,2017,1357
11030,용산구,2018,1400
11030,용산구,2019,1303
11030,용산구,2020,1175
11030,용산구,2021,995
11030,용산구,2022,948
11030,용산구,2023,1002
11030,용산구,2024,1103
11030,용산구,2025,1387
11040,성동구,2005,2686
11040,성동구,2006,2686
11040,성동구,2007,2763
11040,성동구,2008,2339
11040,성동구,2009,2102
11040,성동구,2010,2306
11040,성동구,2011,2307
11040,성동구,2012,2425
11040,성동구,2013,2432
11040,성동구,2014,2125
11040,성동구,2015,2083
11040,성동구,2016,1944
11040,성동구,2017,2096
11040,성동구,2018,2000
11040,성동구,2019,1758
11040,성동구,2020,1573
11040,성동구,2021,1272
11040,성동구,2022,1179
11040,성동구,2023,1280
11040,성동구,2024,1576
11040,성동구,2025,1846
11050,광진구,2005,2801
11050,광진구,2006,3059
11050,광진구,2007,3023
11050,광진구,2008,2725
11050,광진구,2009,2643
11050,광진구,2010,2672
11050,광진구,2011,2766
11050,광진구,2012,2798
11050,광진구,2013,2685
11050,광진구,2014,2589
11050,광진구,2015,2576
11050,광진구,2016,2285
11050,광진구,2017,2082
11050,광진구,2018,2164
11050,광진구,2019,1893
11050,광진구,2020,1661
11050,광진구,2021,1399
11050,광진구,2022,1317
11050,광진구,2023,1361
11050,광진구,2024,1512
11050,광진구,2025,1751
11060,동대문구,2005,2595
11060,동대문구,2006,2591
11060,동대문구,2007,2722
11060,동대문구,2008,2426
11060,동대문구,2009,2336
11060,동대문구,2010,2302
11060,동대문구,2011,2344
11060,동대문구,2012,2302
11060,동대문구,2013,2327
11060,동대문구,2014,2123
11060,동대문구,2015,2159
11060,동대문구,2016,1796
11060,동대문구,2017,1657
11060,동대문구,2018,1747
11060,동대문구,2019,1613
11060,동대문구,2020,1524
11060,동대문구,2021,1228
11060,동대문구,2022,1201
11060,동대문구,2023,1317
11060,동대문구,2024,1491
11060,동대문구,2025,1893
11070,중랑구,2005,2842
11070,중랑구,2006,2910
11070,중랑구,2007,3139
11070,중랑구,2008,2941
11070,중랑구,2009,2673
11070,중랑구,2010,2694
11070,중랑구,2011,2789
11070,중랑구,2012,2881
11070,중랑구,2013,2813
11070,중랑구,2014,2769
11070,중랑구,2015,2716
11070,중랑구,2016,2591
11070,중랑구,2017,2302
11070,중랑구,2018,2253
11070,중랑구,2019,2031
11070,중랑구,2020,1850
11070,중랑구,2021,1618
11070,중랑구,2022,1723
11070,중랑구,2023,1595
11070,중랑구,2024,1724
11070,중랑구,2025,1872
11080,성북구,2005,3196
11080,성북구,2006,3299
11080,성북구,2007,3364
11080,성북구,2008,3067
11080,성북구,2009,2947
11080,성북구,2010,3212
11080,성북구,2011,3109
11080,성북구,2012,2933
11080,성북구,2013,2809
11080,성북구,2014,2415
11080,성북구,2015,2379
11080,성북구,2016,2131
11080,성북구,2017,1917
11080,성북구,2018,1919
11080,성북구,2019,1880
11080,성북구,2020,1672
11080,성북구,2021,1471
11080,성북구,2022,1429
11080,성북구,2023,1396
11080,성북구,2024,1588
11080,성북구,2025,1968
11090,강북구,2005,2174
11090,강북구,2006,2207
11090,강북구,2007,2390
11090,강북구,2008,2237
11090,강북구,2009,2053
11090,강북구,2010,2142
11090,강북구,2011,2122
11090,강북구,2012,2207
11090,강북구,2013,1975
11090,강북구,2014,1819
11090,강북구,2015,1715
11090,강북구,2016,1500
11090,강북구,2017,1436
11090,강북구,2018,1344
11090,강북구,2019,1260
11090,강북구,2020,1041
11090,강북구,2021,891
11090,강북구,2022,838
11090,강북구,2023,844
11090,강북구,2024,890
11090,강북구,2025,1023
11100,도봉구,2005,2092
11100,도봉구,2006,2276
11100,도봉구,2007,2342
11100,도봉구,2008,2285
11100,도봉구,2009,2061
11100,도봉구,2010,2110
11100,도봉구,2011,2127
11100,도봉구,2012,2117
11100,도봉구,2013,2062
11100,도봉구,2014,1791
11100,도봉구,2015,1810
11100,도봉구,2016,1636
11100,도봉구,2017,1543
11100,도봉구,2018,1471
11100,도봉구,2019,1316
11100,도봉구,2020,1187
11100,도봉구,2021,963
11100,도봉구,2022,940
11100,도봉구,2023,913
11100,도봉구,2024,975
11100,도봉구,2025,1149
11110,노원구,2005,3778
11110,노원구,2006,3977
11110,노원구,2007,4013
11110,노원구,2008,3625
11110,노원구,2009,3368
11110,노원구,2010,3511
11110,노원구,2011,3720
11110,노원구,2012,3638
11110,노원구,2013,3432
11110,노원구,2014,3176
11110,노원구,2015,3146
11110,노원구,2016,2778
11110,노원구,2017,2420
11110,노원구,2018,2240
11110,노원구,2019,2138
11110,노원구,2020,1961
11110,노원구,2021,1765
11110,노원구,2022,1748
11110,노원구,2023,1639
11110,노원구,2024,1735
11110,노원구,2025,2146
11120,은평구,2005,3142
11120,은평구,2006,3085
11120,은평구,2007,3030
11120,은평구,2008,2905
11120,은평구,2009,2816
11120,은평구,2010,3009
11120,은평구,2011,3205
11120,은평구,2012,3232
11120,은평구,2013,3277
11120,은평구,2014,2916
11120,은평구,2015,2812
11120,은평구,2016,2573
11120,은평구,2017,2331
11120,은평구,2018,2364
11120,은평구,2019,2178
11120,은평구,2020,2061
11120,은평구,2021,1590
11120,은평구,2022,1585
11120,은평구,2023,1621
11120,은평구,2024,1875
11120,은평구,2025,2138
11130,서대문구,2005,2258
11130,서대문구,2006,2511
11130,서대문구,2007,2530
11130,서대문구,2008,2216
11130,서대문구,2009,1965
11130,서대문구,2010,1995
11130,서대문구,2011,2025
11130,서대문구,2012,2007
11130,서대문구,2013,1974
11130,서대문구,2014,1732
11130,서대문구,2015,1722
11130,서대문구,2016,1660
11130,서대문구,2017,1546
11130,서대문구,2018,1393
11130,서대문구,2019,1440
11130,서대문구,2020,1260
11130,서대문구,2021,1042
11130,서대문구,2022,1051
11130,서대문구,2023,1130
11130,서대문구,2024,1340
11130,서대문구,2025,1450
11140,마포구,2005,3201
11140,마포구,2006,3391
11140,마포구,2007,3439
11140,마포구,2008,3225
11140,마포구,2009,2980
11140,마포구,2010,3114
11140,마포구,2011,3147
11140,마포구,2012,3031
11140,마포구,2013,2986
11140,마포구,2014,2827
11140,마포구,2015,3205
11140,마포구,2016,2588
11140,마포구,2017,2294
11140,마포구,2018,2229
11140,마포구,2019,2029
11140,마포구,2020,1929
11140,마포구,2021,1578
11140,마포구,2022,1520
11140,마포구,2023,1573
11140,마포구,2024,2011
11140,마포구,2025,2159
11150,양천구,2005,2894
11150,양천구,2006,2798
11150,양천구,2007,3050
11150,양천구,2008,2668
11150,양천구,2009,2647
11150,양천구,2010,2553
11150,양천구,2011,2777
11150,양천구,2012,2679
11150,양천구,2013,2644
11150,양천구,2014,2490
11150,양천구,2015,2516
11150,양천구,2016,2258
11150,양천구,2017,2021
11150,양천구,2018,1957
11150,양천구,2019,1705
11150,양천구,2020,1637
11150,양천구,2021,1359
11150,양천구,2022,1339
11150,양천구,2023,1252
11150,양천구,2024,1455
11150,양천구,2025,1572
11160,강서구,2005,3900
11160,강서구,2006,4171
11160,강서구,2007,4233
11160,강서구,2008,4283
11160,강서구,2009,4141
11160,강서구,2010,4247
11160,강서구,2011,4276
11160,강서구,2012,4432
11160,강서구,2013,4331
11160,강서구,2014,4338
11160,강서구,2015,4578
11160,강서구,2016,4111
11160,강서구,2017,4069
11160,강서구,2018,3835
11160,강서구,2019,3589
11160,강서구,2020,3233
11160,강서구,2021,2669
11160,강서구,2022,2614
11160,강서구,2023,2558
11160,강서구,2024,2850
11160,강서구,2025,3311
11170,구로구,2005,3451
11170,구로구,2006,3701
11170,구로구,2007,3952
11170,구로구,2008,3649
11170,구로구,2009,4141
11170,구로구,2010,3472
11170,구로구,2011,3470
11170,구로구,2012,3610
11170,구로구,2013,3357
11170,구로구,2014,3156
11170,구로구,2015,3045
11170,구로구,2016,2674
11170,구로구,2017,2460
11170,구로구,2018,2286
11170,구로구,2019,2063
11170,구로구,2020,2063
11170,구로구,2021,1671
11170,구로구,2022,1562
11170,구로구,2023,1655
11170,구로구,2024,1897
11170,구로구,2025,2302
11180,금천구,2005,1742
11180,금천구,2006,1819
11180,금천구,2007,1813
11180,금천구,2008,1662
11180,금천구,2009,1552
11180,금천구,2010,1705
11180,금천구,2011,1662
11180,금천구,2012,1689
11180,금천구,2013,1594
11180,금천구,2014,1556
11180,금천구,2015,1481
11180,금천구,2016,1324
11180,금천구,2017,1439
11180,금천구,2018,1269
11180,금천구,2019,1243
11180,금천구,2020,1285
11180,금천구,2021,1061
11180,금천구,2022,1149
11180,금천구,2023,1034
11180,금천구,2024,1179
11180,금천구,2025,1303
11190,영등포구,2005,3493
11190,영등포구,2006,3571
11190,영등포구,2007,3594
11190,영등포구,2008,3439
11190,영등포구,2009,3358
11190,영등포구,2010,3283
11190,영등포구,2011,3342
11190,영등포구,2012,3155
11190,영등포구,2013,3086
11190,영등포구,2014,2951
11190,영등포구,2015,2934
11190,영등포구,2016,2609
11190,영등포구,2017,2539
11190,영등포구,2018,2664
11190,영등포구,2019,2449
11190,영등포구,2020,2421
11190,영등포구,2021,2079
11190,영등포구,2022,1978
11190,영등포구,2023,2053
11190,영등포구,2024,2511
11190,영등포구,2025,2913
11200,동작구,2005,3243
11200,동작구,2006,3249
11200,동작구,2007,3355
11200,동작구,2008,3134
11200,동작구,2009,2923
11200,동작구,2010,2999
11200,동작구,2011,3085
11200,동작구,2012,3203
11200,동작구,2013,3130
11200,동작구,2014,2962
11200,동작구,2015,2855
11200,동작구,2016,2514
11200,동작구,2017,2282
11200,동작구,2018,2097
11200,동작구,2019,2057
11200,동작구,2020,1906
11200,동작구,2021,1568
11200,동작구,2022,1481
11200,동작구,2023,1533
11200,동작구,2024,1867
11200,동작구,2025,2053
11210,관악구,2005,4428
11210,관악구,2006,4660
11210,관악구,2007,4880
11210,관악구,2008,4509
11210,관악구,2009,4296
11210,관악구,2010,4365
11210,관악구,2011,4372
11210,관악구,2012,4457
11210,관악구,2013,4183
11210,관악구,2014,3949
11210,관악구,2015,3859
11210,관악구,2016,3537
11210,관악구,2017,3205
11210,관악구,2018,3090
11210,관악구,2019,2802
11210,관악구,2020,2529
11210,관악구,2021,2110
11210,관악구,2022,1981
11210,관악구,2023,1951
11210,관악구,2024,2400
11210,관악구,2025,2844
11220,서초구,2005,2912
11220,서초구,2006,2933
11220,서초구,2007,2910
11220,서초구,2008,2729
11220,서초구,2009,3040
11220,서초구,2010,3004
11220,서초구,2011,3040
11220,서초구,2012,3074
11220,서초구,2013,2988
11220,서초구,2014,2871
11220,서초구,2015,2846
11220,서초구,2016,2676
11220,서초구,2017,2288
11220,서초구,2018,2234
11220,서초구,2019,2084
11220,서초구,2020,1861
11220,서초구,2021,1469
11220,서초구,2022,1306
11220,서초구,2023,1425
11220,서초구,2024,1793
11220,서초구,2025,1908
11230,강남구,2005,3639
11230,강남구,2006,3912
11230,강남구,2007,3856
11230,강남구,2008,3641
11230,강남구,2009,3500
11230,강남구,2010,3636
11230,강남구,2011,3657
11230,강남구,2012,3721
11230,강남구,2013,3591
11230,강남구,2014,3560
11230,강남구,2015,3380
11230,강남구,2016,3032
11230,강남구,2017,2677
11230,강남구,2018,2519
11230,강남구,2019,2338
11230,강남구,2020,2046
11230,강남구,2021,1680
11230,강남구,2022,1666
11230,강남구,2023,1961
11230,강남구,2024,2298
11230,강남구,2025,2520
11240,송파구,2005,4099
11240,송파구,2006,4213
11240,송파구,2007,4592
11240,송파구,2008,4882
11240,송파구,2009,5195
11240,송파구,2010,4818
11240,송파구,2011,4893
11240,송파구,2012,4868
11240,송파구,2013,4445
11240,송파구,2014,4480
11240,송파구,2015,4386
11240,송파구,2016,4102
11240,송파구,2017,3896
11240,송파구,2018,3705
11240,송파구,2019,3651
11240,송파구,2020,3220
11240,송파구,2021,2574
11240,송파구,2022,2555
11240,송파구,2023,2513
11240,송파구,2024,3062
11240,송파구,2025,3562
11250,강동구,2005,2953
11250,강동구,2006,2985
11250,강동구,2007,3216
11250,강동구,2008,3154
11250,강동구,2009,3343
11250,강동구,2010,3473
11250,강동구,2011,3436
11250,강동구,2012,3312
11250,강동구,2013,3166
11250,강동구,2014,2977
11250,강동구,2015,2753
11250,강동구,2016,2399
11250,강동구,2017,2427
11250,강동구,2018,2371
11250,강동구,2019,2129
11250,강동구,2020,2433
11250,강동구,2021,1892
11250,강동구,2022,1645
11250,강동구,2023,1683
11250,강동구,2024,2070
11250,강동구,2025,2862
21,부산광역시,2005,18973
21,부산광역시,2006,20017
21,부산광역시,2007,21484
21,부산광역시,2008,20149
21,부산광역시,2009,18614
21,부산광역시,2010,20195
21,부산광역시,2011,20224
21,부산광역시,2012,20362
21,부산광역시,2013,20734
21,부산광역시,2014,18927
21,부산광역시,2015,18553
21,부산광역시,2016,17113
21,부산광역시,2017,15677
21,부산광역시,2018,14781
21,부산광역시,2019,13780
21,부산광역시,2020,12128
21,부산광역시,2021,11081
21,부산광역시,2022,10618
21,부산광역시,2023,10303
21,부산광역시,2024,11499
21,부산광역시,2025,12802
21010,중구,2005,256
21010,중구,2006,292
21010,중구,2007,284
21010,중구,2008,283
21010,중구,2009,262
21010,중구,2010,293
21010,중구,2011,296
21010,중구,2012,315
21010,중구,2013,305
21010,중구,2014,297
21010,중구,2015,261
21010,중구,2016,214
21010,중구,2017,224
21010,중구,2018,184
21010,중구,2019,163
21010,중구,2020,135
21010,중구,2021,164
21010,중구,2022,125
21010,중구,2023,116
21010,중구,2024,116
21010,중구,2025,157
21020,서구,2005,704
21020,서구,2006,685
21020,서구,2007,720
21020,서구,2008,673
21020,서구,2009,646
21020,서구,2010,667
21020,서구,2011,644
21020,서구,2012,616
21020,서구,2013,655
21020,서구,2014,554
21020,서구,2015,557
21020,서구,2016,476
21020,서구,2017,435
21020,서구,2018,420
21020,서구,2019,391
21020,서구,2020,343
21020,서구,2021,347
21020,서구,2022,319
21020,서구,2023,301
21020,서구,2024,288
21020,서구,2025,353
21030,동구,2005,535
21030,동구,2006,606
21030,동구,2007,629
21030,동구,2008,613
21030,동구,2009,555
21030,동구,2010,523
21030,동구,2011,561
21030,동구,2012,539
21030,동구,2013,506
21030,동구,2014,493
21030,동구,2015,422
21030,동구,2016,385
21030,동구,2017,361
21030,동구,2018,384
21030,동구,2019,369
21030,동구,2020,425
21030,동구,2021,388
21030,동구,2022,339
21030,동구,2023,352
21030,동구,2024,390
21030,동구,2025,393
21040,영도구,2005,809
21040,영도구,2006,848
21040,영도구,2007,905
21040,영도구,2008,804
21040,영도구,2009,770
21040,영도구,2010,800
21040,영도구,2011,757
21040,영도구,2012,703
21040,영도구,2013,698
21040,영도구,2014,611
21040,영도구,2015,546
21040,영도구,2016,521
21040,영도구,2017,436
21040,영도구,2018,413
21040,영도구,2019,366
21040,영도구,2020,307
21040,영도구,2021,304
21040,영도구,2022,286
21040,영도구,2023,267
21040,영도구,2024,300
21040,영도구,2025,301
21050,부산진구,2005,2488
21050,부산진구,2006,2450
21050,부산진구,2007,2695
21050,부산진구,2008,2586
21050,부산진구,2009,2214
21050,부산진구,2010,2389
21050,부산진구,2011,2548
21050,부산진구,2012,2500
21050,부산진구,2013,2621
21050,부산진구,2014,2309
21050,부산진구,2015,2131
21050,부산진구,2016,1914
21050,부산진구,2017,1819
21050,부산진구,2018,1741
21050,부산진구,2019,1475
21050,부산진구,2020,1418
21050,부산진구,2021,1336
21050,부산진구,2022,1244
21050,부산진구,2023,1365
21050,부산진구,2024,1580
21050,부산진구,2025,1898
21060,동래구,2005,1238
21060,동래구,2006,1423
21060,동래구,2007,1650
21060,동래구,2008,1426
21060,동래구,2009,1386
21060,동래구,2010,1390
21060,동래구,2011,1486
21060,동래구,2012,1458
21060,동래구,2013,1426
21060,동래구,2014,1339
21060,동래구,2015,1223
21060,동래구,2016,1237
21060,동래구,2017,1088
21060,동래구,2018,1064
21060,동래구,2019,1058
21060,동래구,2020,974
21060,동래구,2021,793
21060,동래구,2022,768
21060,동래구,2023,817
21060,동래구,2024,858
21060,동래구,2025,1018
21070,남구,2005,1607
21070,남구,2006,1701
21070,남구,2007,1786
21070,남구,2008,1772
21070,남구,2009,1564
21070,남구,2010,1592
21070,남구,2011,1552
21070,남구,2012,1529
21070,남구,2013,1542
21070,남구,2014,1448
21070,남구,2015,1313
21070,남구,2016,1153
21070,남구,2017,1023
21070,남구,2018,1065
21070,남구,2019,1045
21070,남구,2020,761
21070,남구,2021,702
21070,남구,2022,671
21070,남구,2023,713
21070,남구,2024,810
21070,남구,2025,892
21080,북구,2005,1774
21080,북구,2006,1781
21080,북구,2007,1791
21080,북구,2008,1711
21080,북구,2009,1520
21080,북구,2010,1701
21080,북구,2011,1671
21080,북구,2012,1857
21080,북구,2013,1893
21080,북구,2014,1550
21080,북구,2015,1652
21080,북구,2016,1668
21080,북구,2017,1357
21080,북구,2018,1238
21080,북구,2019,1084
21080,북구,2020,1016
21080,북구,2021,971
21080,북구,2022,983
21080,북구,2023,864
21080,북구,2024,922
21080,북구,2025,968
21090,해운대구,2005,1875
21090,해운대구,2006,2181
21090,해운대구,2007,2415
21090,해운대구,2008,2184
21090,해운대구,2009,2041
21090,해운대구,2010,2297
21090,해운대구,2011,2209
21090,해운대구,2012,2290
21090,해운대구,2013,2212
21090,해운대구,2014,1936
21090,해운대구,2015,2040
21090,해운대구,2016,1760
21090,해운대구,2017,1576
21090,해운대구,2018,1456
21090,해운대구,2019,1471
21090,해운대구,2020,1306
21090,해운대구,2021,1137
21090,해운대구,2022,1048
21090,해운대구,2023,1032
21090,해운대구,2024,1149
21090,해운대구,2025,1268
21100,사하구,2005,2020
21100,사하구,2006,2136
21100,사하구,2007,2392
21100,사하구,2008,2268
21100,사하구,2009,2077
21100,사하구,2010,2272
21100,사하구,2011,2284
21100,사하구,2012,2161
21100,사하구,2013,2232
21100,사하구,2014,1922
21100,사하구,2015,1786
21100,사하구,2016,1738
21100,사하구,2017,1697
21100,사하구,2018,1505
21100,사하구,2019,1337
21100,사하구,2020,1096
21100,사하구,2021,963
21100,사하구,2022,990
21100,사하구,2023,847
21100,사하구,2024,927
21100,사하구,2025,952
21110,금정구,2005,1272
21110,금정구,2006,1348
21110,금정구,2007,1356
21110,금정구,2008,1282
21110,금정구,2009,1111
21110,금정구,2010,1191
21110,금정구,2011,1216
21110,금정구,2012,1263
21110,금정구,2013,1324
21110,금정구,2014,1177
21110,금정구,2015,1184
21110,금정구,2016,1004
21110,금정구,2017,974
21110,금정구,2018,930
21110,금정구,2019,815
21110,금정구,2020,663
21110,금정구,2021,653
21110,금정구,2022,590
21110,금정구,2023,593
21110,금정구,2024,613
21110,금정구,2025,674
21120,강서구,2005,298
21120,강서구,2006,333
21120,강서구,2007,336
21120,강서구,2008,318
21120,강서구,2009,364
21120,강서구,2010,449
21120,강서구,2011,399
21120,강서구,2012,418
21120,강서구,2013,479
21120,강서구,2014,624
21120,강서구,2015,768
21120,강서구,2016,839
21120,강서구,2017,905
21120,강서구,2018,851
21120,강서구,2019,804
21120,강서구,2020,712
21120,강서구,2021,699
21120,강서구,2022,651
21120,강서구,2023,619
21120,강서구,2024,652
21120,강서구,2025,781
21130,연제구,2005,1095
21130,연제구,2006,1161
21130,연제구,2007,1225
21130,연제구,2008,1197
21130,연제구,2009,1159
21130,연제구,2010,1235
21130,연제구,2011,1231
21130,연제구,2012,1217
21130,연제구,2013,1204
21130,연제구,2014,1114
21130,연제구,2015,1071
21130,연제구,2016,1030
21130,연제구,2017,960
21130,연제구,2018,904
21130,연제구,2019,997
21130,연제구,2020,806
21130,연제구,2021,688
21130,연제구,2022,665
21130,연제구,2023,603
21130,연제구,2024,849
21130,연제구,2025,956
21140,수영구,2005,921
21140,수영구,2006,957
21140,수영구,2007,1078
21140,수영구,2008,948
21140,수영구,2009,854
21140,수영구,2010,954
21140,수영구,2011,1027
21140,수영구,2012,1075
21140,수영구,2013,1073
21140,수영구,2014,1096
21140,수영구,2015,1159
21140,수영구,2016,983
21140,수영구,2017,884
21140,수영구,2018,856
21140,수영구,2019,814
21140,수영구,2020,697
21140,수영구,2021,561
21140,수영구,2022,624
21140,수영구,2023,568
21140,수영구,2024,654
21140,수영구,2025,686
21150,사상구,2005,1630
21150,사상구,2006,1688
21150,사상구,2007,1721
21150,사상구,2008,1599
21150,사상구,2009,1484
21150,사상구,2010,1693
21150,사상구,2011,1661
21150,사상구,2012,1625
21150,사상구,2013,1600
21150,사상구,2014,1403
21150,사상구,2015,1382
21150,사상구,2016,1209
21150,사상구,2017,1106
21150,사상구,2018,998
21150,사상구,2019,845
21150,사상구,2020,730
21150,사상구,2021,722
21150,사상구,2022,616
21150,사상구,2023,649
21150,사상구,2024,760
21150,사상구,2025,756
21510,기장군,2005,451
21510,기장군,2006,427
21510,기장군,2007,501
21510,기장군,2008,485
21510,기장군,2009,607
21510,기장군,2010,749
21510,기장군,2011,682
21510,기장군,2012,796
21510,기장군,2013,964
21510,기장군,2014,1054
21510,기장군,2015,1058
21510,기장군,2016,982
21510,기장군,2017,832
21510,기장군,2018,772
21510,기장군,2019,746
21510,기장군,2020,739
21510,기장군,2021,653
21510,기장군,2022,699
21510,기장군,2023,597
21510,기장군,2024,631
21510,기장군,2025,749
22,대구광역시,2005,13152
22,대구광역시,2006,13892
22,대구광역시,2007,14655
22,대구광역시,2008,13743
22,대구광역시,2009,12844
22,대구광역시,2010,13479
22,대구광역시,2011,13813
22,대구광역시,2012,13642
22,대구광역시,2013,13601
22,대구광역시,2014,12552
22,대구광역시,2015,12545
22,대구광역시,2016,12216
22,대구광역시,2017,11392
22,대구광역시,2018,10967
22,대구광역시,2019,9880
22,대구광역시,2020,8340
22,대구광역시,2021,7287
22,대구광역시,2022,7497
22,대구광역시,2023,8150
22,대구광역시,2024,9289
22,대구광역시,2025,9416
22010,중구,2005,441
22010,중구,2006,420
22010,중구,2007,575
22010,중구,2008,466
22010,중구,2009,450
22010,중구,2010,446
22010,중구,2011,403
22010,중구,2012,405
22010,중구,2013,428
22010,중구,2014,488
22010,중구,2015,502
22010,중구,2016,469
22010,중구,2017,363
22010,중구,2018,428
22010,중구,2019,363
22010,중구,2020,311
22010,중구,2021,286
22010,중구,2022,357
22010,중구,2023,459
22010,중구,2024,678
22010,중구,2025,713
22020,동구,2005,1944
22020,동구,2006,2090
22020,동구,2007,2216
22020,동구,2008,2057
22020,동구,2009,1928
22020,동구,2010,2031
22020,동구,2011,2192
22020,동구,2012,2022
22020,동구,2013,2014
22020,동구,2014,1939
22020,동구,2015,1956
22020,동구,2016,1978
22020,동구,2017,1753
22020,동구,2018,1725
22020,동구,2019,1510
22020,동구,2020,1288
22020,동구,2021,1224
22020,동구,2022,1254
22020,동구,2023,1359
22020,동구,2024,1583
22020,동구,2025,1635
22030,서구,2005,1358
22030,서구,2006,1390
22030,서구,2007,1287
22030,서구,2008,1241
22030,서구,2009,1145
22030,서구,2010,1231
22030,서구,2011,1326
22030,서구,2012,1345
22030,서구,2013,1295
22030,서구,2014,1137
22030,서구,2015,1036
22030,서구,2016,946
22030,서구,2017,771
22030,서구,2018,766
22030,서구,2019,605
22030,서구,2020,492
22030,서구,2021,415
22030,서구,2022,407
22030,서구,2023,539
22030,서구,2024,648
22030,서구,2025,643
22040,남구,2005,950
22040,남구,2006,1107
22040,남구,2007,1214
22040,남구,2008,1094
22040,남구,2009,933
22040,남구,2010,1030
22040,남구,2011,1031
22040,남구,2012,1072
22040,남구,2013,1012
22040,남구,2014,893
22040,남구,2015,939
22040,남구,2016,830
22040,남구,2017,732
22040,남구,2018,667
22040,남구,2019,625
22040,남구,2020,521
22040,남구,2021,467
22040,남구,2022,467
22040,남구,2023,547
22040,남구,2024,545
22040,남구,2025,550
22050,북구,2005,2710
22050,북구,2006,2897
22050,북구,2007,2900
22050,북구,2008,2620
22050,북구,2009,2339
22050,북구,2010,2483
22050,북구,2011,2574
22050,북구,2012,2488
22050,북구,2013,2371
22050,북구,2014,2239
22050,북구,2015,2206
22050,북구,2016,2126
22050,북구,2017,2077
22050,북구,2018,1984
22050,북구,2019,1810
22050,북구,2020,1546
22050,북구,2021,1335
22050,북구,2022,1394
22050,북구,2023,1361
22050,북구,2024,1526
22050,북구,2025,1566
22060,수성구,2005,1772
22060,수성구,2006,1952
22060,수성구,2007,2107
22060,수성구,2008,1891
22060,수성구,2009,1781
22060,수성구,2010,1768
22060,수성구,2011,1845
22060,수성구,2012,1850
22060,수성구,2013,2013
22060,수성구,2014,1864
22060,수성구,2015,1691
22060,수성구,2016,1572
22060,수성구,2017,1403
22060,수성구,2018,1314
22060,수성구,2019,1213
22060,수성구,2020,1072
22060,수성구,2021,1007
22060,수성구,2022,946
22060,수성구,2023,997
22060,수성구,2024,1169
22060,수성구,2025,1268
22070,달서구,2005,2966
22070,달서구,2006,3001
22070,달서구,2007,3344
22070,달서구,2008,3245
22070,달서구,2009,3117
22070,달서구,2010,3366
22070,달서구,2011,3265
22070,달서구,2012,3322
22070,달서구,2013,3391
22070,달서구,2014,3038
22070,달서구,2015,3117
22070,달서구,2016,2786
22070,달서구,2017,2521
22070,달서구,2018,2379
22070,달서구,2019,2249
22070,달서구,2020,1895
22070,달서구,2021,1532
22070,달서구,2022,1599
22070,달서구,2023,1789
22070,달서구,2024,1939
22070,달서구,2025,1944
22510,달성군,2005,1011
22510,달성군,2006,1035
22510,달성군,2007,1012
22510,달성군,2008,1129
22510,달성군,2009,1151
22510,달성군,2010,1124
22510,달성군,2011,1177
22510,달성군,2012,1138
22510,달성군,2013,1077
22510,달성군,2014,954
22510,달성군,2015,1098
22510,달성군,2016,1509
22510,달성군,2017,1772
22510,달성군,2018,1704
22510,달성군,2019,1505
22510,달성군,2020,1215
22510,달성군,2021,1021
22510,달성군,2022,1073
22510,달성군,2023,1063
22510,달성군,2024,1160
22510,달성군,2025,1058
22520,군위군,2023,36
22520,군위군,2024,41
22520,군위군,2025,39
23,인천광역시,2005,16515
23,인천광역시,2006,17261
23,인천광역시,2007,18227
23,인천광역시,2008,18108
23,인천광역시,2009,16643
23,인천광역시,2010,17407
23,인천광역시,2011,18013
23,인천광역시,2012,18079
23,인천광역시,2013,18010
23,인천광역시,2014,17251
23,인천광역시,2015,17118
23,인천광역시,2016,16092
23,인천광역시,2017,15235
23,인천광역시,2018,14850
23,인천광역시,2019,13401
23,인천광역시,2020,11574
23,인천광역시,2021,10881
23,인천광역시,2022,10849
23,인천광역시,2023,11621
23,인천광역시,2024,13223
23,인천광역시,2025,13991
23010,중구,2005,781
23010,중구,2006,748
23010,중구,2007,783
23010,중구,2008,702
23010,중구,2009,669
23010,중구,2010,658
23010,중구,2011,707
23010,중구,2012,671
23010,중구,2013,774
23010,중구,2014,731
23010,중구,2015,701
23010,중구,2016,677
23010,중구,2017,704
23010,중구,2018,709
23010,중구,2019,757
23010,중구,2020,661
23010,중구,2021,704
23010,중구,2022,671
23010,중구,2023,775
23010,중구,2024,873
23010,중구,2025,982
23020,동구,2005,487
23020,동구,2006,484
23020,동구,2007,505
23020,동구,2008,457
23020,동구,2009,530
23020,동구,2010,519
23020,동구,2011,560
23020,동구,2012,484
23020,동구,2013,456
23020,동구,2014,401
23020,동구,2015,365
23020,동구,2016,380
23020,동구,2017,310
23020,동구,2018,308
23020,동구,2019,238
23020,동구,2020,172
23020,동구,2021,195
23020,동구,2022,213
23020,동구,2023,230
23020,동구,2024,251
23020,동구,2025,226
23030,남구(변동전),2005,2834
23030,남구(변동전),2006,2954
23030,남구(변동전),2007,3112
23030,남구(변동전),2008,3072
23030,남구(변동전),2009,2741
23030,남구(변동전),2010,2912
23030,남구(변동전),2011,2943
23030,남구(변동전),2012,2709
23030,남구(변동전),2013,2733
23030,남구(변동전),2014,2567
23030,남구(변동전),2015,2463
23030,남구(변동전),2016,2428
23030,남구(변동전),2017,2441
23040,연수구,2005,1419
23040,연수구,2006,1495
23040,연수구,2007,1439
23040,연수구,2008,1506
23040,연수구,2009,1409
23040,연수구,2010,1513
23040,연수구,2011,1580
23040,연수구,2012,1662
23040,연수구,2013,1600
23040,연수구,2014,1706
23040,연수구,2015,1638
23040,연수구,2016,1627
23040,연수구,2017,1535
23040,연수구,2018,1546
23040,연수구,2019,1751
23040,연수구,2020,1539
23040,연수구,2021,1466
23040,연수구,2022,1229
23040,연수구,2023,1317
23040,연수구,2024,1656
23040,연수구,2025,1835
23050,남동구,2005,2440
23050,남동구,2006,2645
23050,남동구,2007,3118
23050,남동구,2008,3411
23050,남동구,2009,3014
23050,남동구,2010,3088
23050,남동구,2011,3200
23050,남동구,2012,3224
23050,남동구,2013,3115
23050,남동구,2014,3067
23050,남동구,2015,3256
23050,남동구,2016,3036
23050,남동구,2017,2826
23050,남동구,2018,2679
23050,남동구,2019,2311
23050,남동구,2020,2095
23050,남동구,2021,1788
23050,남동구,2022,1785
23050,남동구,2023,1770
23050,남동구,2024,1901
23050,남동구,2025,1858
23060,부평구,2005,3987
23060,부평구,2006,4128
23060,부평구,2007,4128
23060,부평구,2008,3821
23060,부평구,2009,3540
23060,부평구,2010,3545
23060,부평구,2011,3624
23060,부평구,2012,3595
23060,부평구,2013,3564
23060,부평구,2014,3468
23060,부평구,2015,3396
23060,부평구,2016,3064
23060,부평구,2017,2851
23060,부평구,2018,2651
23060,부평구,2019,2191
23060,부평구,2020,1872
23060,부평구,2021,1774
23060,부평구,2022,1791
23060,부평구,2023,1981
23060,부평구,2024,2389
23060,부평구,2025,2531
23070,계양구,2005,1795
23070,계양구,2006,2046
23070,계양구,2007,2163
23070,계양구,2008,2222
23070,계양구,2009,2072
23070,계양구,2010,2208
23070,계양구,2011,2246
23070,계양구,2012,2239
23070,계양구,2013,2185
23070,계양구,2014,1964
23070,계양구,2015,1934
23070,계양구,2016,1690
23070,계양구,2017,1585
23070,계양구,2018,1493
23070,계양구,2019,1249
23070,계양구,2020,1020
23070,계양구,2021,1009
23070,계양구,2022,1004
23070,계양구,2023,962
23070,계양구,2024,1089
23070,계양구,2025,1132
23080,서구,2005,2389
23080,서구,2006,2385
23080,서구,2007,2570
23080,서구,2008,2510
23080,서구,2009,2280
23080,서구,2010,2542
23080,서구,2011,2757
23080,서구,2012,3127
23080,서구,2013,3206
23080,서구,2014,3002
23080,서구,2015,2970
23080,서구,2016,2860
23080,서구,2017,2630
23080,서구,2018,2935
23080,서구,2019,2692
23080,서구,2020,2225
23080,서구,2021,2076
23080,서구,2022,2268
23080,서구,2023,2674
23080,서구,2024,2935
23080,서구,2025,3271
23090,미추홀구,2018,2200
23090,미추홀구,2019,1883
23090,미추홀구,2020,1709
23090,미추홀구,2021,1588
23090,미추홀구,2022,1651
23090,미추홀구,2023,1630
23090,미추홀구,2024,1891
23090,미추홀구,2025,1877
23510,강화군,2005,308
23510,강화군,2006,281
23510,강화군,2007,310
23510,강화군,2008,289
23510,강화군,2009,293
23510,강화군,2010,302
23510,강화군,2011,264
23510,강화군,2012,247
23510,강화군,2013,239
23510,강화군,2014,210
23510,강화군,2015,265
23510,강화군,2016,219
23510,강화군,2017,234
23510,강화군,2018,207
23510,강화군,2019,221
23510,강화군,2020,195
23510,강화군,2021,190
23510,강화군,2022,166
23510,강화군,2023,181
23510,강화군,2024,165
23510,강화군,2025,184
23520,옹진군,2005,75
23520,옹진군,2006,95
23520,옹진군,2007,99
23520,옹진군,2008,118
23520,옹진군,2009,95
23520,옹진군,2010,120
23520,옹진군,2011,132
23520,옹진군,2012,121
23520,옹진군,2013,138
23520,옹진군,2014,135
23520,옹진군,2015,130
23520,옹진군,2016,111
23520,옹진군,2017,119
23520,옹진군,2018,122
23520,옹진군,2019,108
23520,옹진군,2020,86
23520,옹진군,2021,91
23520,옹진군,2022,71
23520,옹진군,2023,101
23520,옹진군,2024,73
23520,옹진군,2025,95
24,광주광역시,2005,7827
24,광주광역시,2006,8487
24,광주광역시,2007,8858
24,광주광역시,2008,8472
24,광주광역시,2009,8088
24,광주광역시,2010,8566
24,광주광역시,2011,8946
24,광주광역시,2012,8596
24,광주광역시,2013,8820
24,광주광역시,2014,8213
24,광주광역시,2015,7945
24,광주광역시,2016,7468
24,광주광역시,2017,7141
24,광주광역시,2018,6632
24,광주광역시,2019,6297
24,광주광역시,2020,5560
24,광주광역시,2021,4901
24,광주광역시,2022,4902
24,광주광역시,2023,5169
24,광주광역시,2024,5688
24,광주광역시,2025,5983
24010,동구,2005,570
24010,동구,2006,540
24010,동구,2007,591
24010,동구,2008,568
24010,동구,2009,513
24010,동구,2010,540
24010,동구,2011,547
24010,동구,2012,600
24010,동구,2013,578
24010,동구,2014,496
24010,동구,2015,453
24010,동구,2016,452
24010,동구,2017,450
24010,동구,2018,378
24010,동구,2019,430
24010,동구,2020,410
24010,동구,2021,368
24010,동구,2022,381
24010,동구,2023,460
24010,동구,2024,531
24010,동구,2025,544
24020,서구,2005,1680
24020,서구,2006,1866
24020,서구,2007,1926
24020,서구,2008,1807
24020,서구,2009,1649
24020,서구,2010,1752
24020,서구,2011,1891
24020,서구,2012,1886
24020,서구,2013,1845
24020,서구,2014,1681
24020,서구,2015,1629
24020,서구,2016,1655
24020,서구,2017,1532
24020,서구,2018,1289
24020,서구,2019,1263
24020,서구,2020,1044
24020,서구,2021,911
24020,서구,2022,902
24020,서구,2023,993
24020,서구,2024,1104
24020,서구,2025,1081
24030,남구,2005,1051
24030,남구,2006,1081
24030,남구,2007,1123
24030,남구,2008,1107
24030,남구,2009,1122
24030,남구,2010,1150
24030,남구,2011,1186
24030,남구,2012,1070
24030,남구,2013,1094
24030,남구,2014,1016
24030,남구,2015,1064
24030,남구,2016,989
24030,남구,2017,926
24030,남구,2018,837
24030,남구,2019,789
24030,남구,2020,721
24030,남구,2021,586
24030,남구,2022,660
24030,남구,2023,658
24030,남구,2024,665
24030,남구,2025,801
24040,북구,2005,2529
24040,북구,2006,2756
24040,북구,2007,2988
24040,북구,2008,2863
24040,북구,2009,2707
24040,북구,2010,2599
24040,북구,2011,2733
24040,북구,2012,2541
24040,북구,2013,2775
24040,북구,2014,2674
24040,북구,2015,2463
24040,북구,2016,2190
24040,북구,2017,2153
24040,북구,2018,2178
24040,북구,2019,1887
24040,북구,2020,1694
24040,북구,2021,1536
24040,북구,2022,1504
24040,북구,2023,1520
24040,북구,2024,1766
24040,북구,2025,1854
24050,광산구,2005,1997
24050,광산구,2006,2244
24050,광산구,2007,2230
24050,광산구,2008,2127
24050,광산구,2009,2097
24050,광산구,2010,2525
24050,광산구,2011,2589
24050,광산구,2012,2499
24050,광산구,2013,2528
24050,광산구,2014,2346
24050,광산구,2015,2336
24050,광산구,2016,2182
24050,광산구,2017,2080
24050,광산구,2018,1950
24050,광산구,2019,1928
24050,광산구,2020,1691
24050,광산구,2021,1500
24050,광산구,2022,1455
24050,광산구,2023,1538
24050,광산구,2024,1622
24050,광산구,2025,1703
25,대전광역시,2005,9035
25,대전광역시,2006,9502
25,대전광역시,2007,9684
25,대전광역시,2008,9499
25,대전광역시,2009,8885
25,대전광역시,2010,9351
25,대전광역시,2011,9726
25,대전광역시,2012,9745
25,대전광역시,2013,9621
25,대전광역시,2014,9118
25,대전광역시,2015,8805
25,대전광역시,2016,8325
25,대전광역시,2017,7697
25,대전광역시,2018,7377
25,대전광역시,2019,6602
25,대전광역시,2020,5976
25,대전광역시,2021,5419
25,대전광역시,2022,5662
25,대전광역시,2023,5212
25,대전광역시,2024,7986
25,대전광역시,2025,8735
25010,동구,2005,1485
25010,동구,2006,1632
25010,동구,2007,1703
25010,동구,2008,1749
25010,동구,2009,1529
25010,동구,2010,1630
25010,동구,2011,1665
25010,동구,2012,1673
25010,동구,2013,1640
25010,동구,2014,1342
25010,동구,2015,1241
25010,동구,2016,1178
25010,동구,2017,1039
25010,동구,2018,983
25010,동구,2019,937
25010,동구,2020,799
25010,동구,2021,771
25010,동구,2022,782
25010,동구,2023,713
25010,동구,2024,1001
25010,동구,2025,1200
25020,중구,2005,1609
25020,중구,2006,1633
25020,중구,2007,1722
25020,중구,2008,1633
25020,중구,2009,1538
25020,중구,2010,1596
25020,중구,2011,1507
25020,중구,2012,1558
25020,중구,2013,1485
25020,중구,2014,1405
25020,중구,2015,1303
25020,중구,2016,1212
25020,중구,2017,1106
25020,중구,2018,1034
25020,중구,2019,901
25020,중구,2020,758
25020,중구,2021,666
25020,중구,2022,729
25020,중구,2023,621
25020,중구,2024,1067
25020,중구,2025,1169
25030,서구,2005,3090
25030,서구,2006,3071
25030,서구,2007,3175
25030,서구,2008,3051
25030,서구,2009,2946
25030,서구,2010,3081
25030,서구,2011,3259
25030,서구,2012,3194
25030,서구,2013,3162
25030,서구,2014,2905
25030,서구,2015,2906
25030,서구,2016,2624
25030,서구,2017,2584
25030,서구,2018,2446
25030,서구,2019,2213
25030,서구,2020,2059
25030,서구,2021,1862
25030,서구,2022,1888
25030,서구,2023,1777
25030,서구,2024,2580
25030,서구,2025,2850
25040,유성구,2005,1487
25040,유성구,2006,1859
25040,유성구,2007,1736
25040,유성구,2008,1757
25040,유성구,2009,1663
25040,유성구,2010,1828
25040,유성구,2011,2056
25040,유성구,2012,2089
25040,유성구,2013,2068
25040,유성구,2014,2314
25040,유성구,2015,2272
25040,유성구,2016,2320
25040,유성구,2017,2126
25040,유성구,2018,2107
25040,유성구,2019,1879
25040,유성구,2020,1721
25040,유성구,2021,1470
25040,유성구,2022,1588
25040,유성구,2023,1567
25040,유성구,2024,2433
25040,유성구,2025,2558
25050,대덕구,2005,1364
25050,대덕구,2006,1307
25050,대덕구,2007,1348
25050,대덕구,2008,1309
25050,대덕구,2009,1209
25050,대덕구,2010,1216
25050,대덕구,2011,1239
25050,대덕구,2012,1231
25050,대덕구,2013,1266
25050,대덕구,2014,1152
25050,대덕구,2015,1083
25050,대덕구,2016,991
25050,대덕구,2017,842
25050,대덕구,2018,807
25050,대덕구,2019,672
25050,대덕구,2020,639
25050,대덕구,2021,650
25050,대덕구,2022,675
25050,대덕구,2023,534
25050,대덕구,2024,905
25050,대덕구,2025,958
26,울산광역시,2005,6939
26,울산광역시,2006,7493
26,울산광역시,2007,7563
26,울산광역시,2008,7837
26,울산광역시,2009,7267
26,울산광역시,2010,7660
26,울산광역시,2011,7768
26,울산광역시,2012,7887
26,울산광역시,2013,7998
26,울산광역시,2014,7674
26,울산광역시,2015,7483
26,울산광역시,2016,7006
26,울산광역시,2017,6331
26,울산광역시,2018,5894
26,울산광역시,2019,5442
26,울산광역시,2020,4737
26,울산광역시,2021,4077
26,울산광역시,2022,4013
26,울산광역시,2023,4274
26,울산광역시,2024,4726
26,울산광역시,2025,5168
26010,중구,2005,1436
26010,중구,2006,1479
26010,중구,2007,1533
26010,중구,2008,1517
26010,중구,2009,1384
26010,중구,2010,1476
26010,중구,2011,1401
26010,중구,2012,1448
26010,중구,2013,1475
26010,중구,2014,1374
26010,중구,2015,1427
26010,중구,2016,1361
26010,중구,2017,1210
26010,중구,2018,1038
26010,중구,2019,952
26010,중구,2020,790
26010,중구,2021,661
26010,중구,2022,645
26010,중구,2023,726
26010,중구,2024,845
26010,중구,2025,894
26020,남구,2005,2062
26020,남구,2006,2222
26020,남구,2007,2149
26020,남구,2008,2195
26020,남구,2009,2169
26020,남구,2010,2234
26020,남구,2011,2254
26020,남구,2012,2272
26020,남구,2013,2378
26020,남구,2014,2274
26020,남구,2015,2075
26020,남구,2016,1939
26020,남구,2017,1785
26020,남구,2018,1662
26020,남구,2019,1540
26020,남구,2020,1395
26020,남구,2021,1189
26020,남구,2022,1141
26020,남구,2023,1277
26020,남구,2024,1442
26020,남구,2025,1668
26030,동구,2005,1261
26030,동구,2006,1428
26030,동구,2007,1434
26030,동구,2008,1453
26030,동구,2009,1374
26030,동구,2010,1415
26030,동구,2011,1509
26030,동구,2012,1519
26030,동구,2013,1641
26030,동구,2014,1495
26030,동구,2015,1451
26030,동구,2016,1395
26030,동구,2017,1085
26030,동구,2018,882
26030,동구,2019,703
26030,동구,2020,630
26030,동구,2021,531
26030,동구,2022,498
26030,동구,2023,572
26030,동구,2024,620
26030,동구,2025,671
26040,북구,2005,1061
26040,북구,2006,1149
26040,북구,2007,1163
26040,북구,2008,1267
26040,북구,2009,1102
26040,북구,2010,1235
26040,북구,2011,1314
26040,북구,2012,1283
26040,북구,2013,1229
26040,북구,2014,1270
26040,북구,2015,1258
26040,북구,2016,1197
26040,북구,2017,1200
26040,북구,2018,1241
26040,북구,2019,1274
26040,북구,2020,1047
26040,북구,2021,927
26040,북구,2022,918
26040,북구,2023,933
26040,북구,2024,976
26040,북구,2025,1034
26510,울주군,2005,1119
26510,울주군,2006,1215
26510,울주군,2007,1284
26510,울주군,2008,1405
26510,울주군,2009,1238
26510,울주군,2010,1300
26510,울주군,2011,1290
26510,울주군,2012,1365
26510,울주군,2013,1275
26510,울주군,2014,1261
26510,울주군,2015,1272
26510,울주군,2016,1114
26510,울주군,2017,1051
26510,울주군,2018,1071
26510,울주군,2019,973
26510,울주군,2020,875
26510,울주군,2021,769
26510,울주군,2022,811
26510,울주군,2023,766
26510,울주군,2024,843
26510,울주군,2025,901
29,세종특별자치시,2012,634
29,세종특별자치시,2013,743
29,세종특별자치시,2014,920
29,세종특별자치시,2015,1498
29,세종특별자치시,2016,1612
29,세종특별자치시,2017,1728
29,세종특별자치시,2018,2038
29,세종특별자치시,2019,2039
29,세종특별자치시,2020,1854
29,세종특별자치시,2021,1627
29,세종특별자치시,2022,1664
29,세종특별자치시,2023,1705
29,세종특별자치시,2024,1842
29,세종특별자치시,2025,2003
29010,세종시,2012,634
29010,세종시,2013,743
29010,세종시,2014,920
29010,세종시,2015,1498
29010,세종시,2016,1612
29010,세종시,2017,1728
29010,세종시,2018,2038
29010,세종시,2019,2039
29010,세종시,2020,1854
29010,세종시,2021,1627
29010,세종시,2022,1664
29010,세종시,2023,1705
29010,세종시,2024,1842
29010,세종시,2025,2003
31,경기도,2005,72431
31,경기도,2006,77231
31,경기도,2007,81248
31,경기도,2008,78004
31,경기도,2009,73403
31,경기도,2010,78471
31,경기도,2011,79137
31,경기도,2012,79449
31,경기도,2013,77649
31,경기도,2014,74306
31,경기도,2015,73950
31,경기도,2016,70052
31,경기도,2017,66429
31,경기도,2018,66877
31,경기도,2019,62356
31,경기도,2020,57814
31,경기도,2021,54658
31,경기도,2022,54178
31,경기도,2023,54221
31,경기도,2024,62629
31,경기도,2025,68088
31010,수원시,2005,7487
31010,수원시,2006,8251
31010,수원시,2007,8615
31010,수원시,2008,7997
31010,수원시,2009,7590
31010,수원시,2010,7632
31010,수원시,2011,7896
31010,수원시,2012,8277
31010,수원시,2013,8095
31010,수원시,2014,7986
31010,수원시,2015,7997
31010,수원시,2016,7765
31010,수원시,2017,7112
31010,수원시,2018,6902
31010,수원시,2019,6026
31010,수원시,2020,5539
31010,수원시,2021,5229
31010,수원시,2022,5111
31010,수원시,2023,5523
31010,수원시,2024,6519
31010,수원시,2025,7383
31011,장안구,2005,1839
31011,장안구,2006,2069
31011,장안구,2007,2028
31011,장안구,2008,1827
31011,장안구,2009,1819
31011,장안구,2010,1773
31011,장안구,2011,1802
31011,장안구,2012,1843
31011,장안구,2013,1875
31011,장안구,2014,1693
31011,장안구,2015,1650
31011,장안구,2016,1433
31011,장안구,2017,1248
31011,장안구,2018,1237
31011,장안구,2019,1053
31011,장안구,2020,960
31011,장안구,2021,910
31011,장안구,2022,924
31011,장안구,2023,965
31011,장안구,2024,1173
31011,장안구,2025,1329
31012,권선구,2005,1986
31012,권선구,2006,2321
31012,권선구,2007,2457
31012,권선구,2008,2324
31012,권선구,2009,2207
31012,권선구,2010,2210
31012,권선구,2011,2352
31012,권선구,2012,2611
31012,권선구,2013,2388
31012,권선구,2014,2342
31012,권선구,2015,2463
31012,권선구,2016,2457
31012,권선구,2017,2310
31012,권선구,2018,2293
31012,권선구,2019,1978
31012,권선구,2020,1800
31012,권선구,2021,1674
31012,권선구,2022,1659
31012,권선구,2023,1699
31012,권선구,2024,1905
31012,권선구,2025,2212
31013,팔달구,2005,1723
31013,팔달구,2006,1791
31013,팔달구,2007,1928
31013,팔달구,2008,1721
31013,팔달구,2009,1629
31013,팔달구,2010,1687
31013,팔달구,2011,1599
31013,팔달구,2012,1541
31013,팔달구,2013,1441
31013,팔달구,2014,1383
31013,팔달구,2015,1286
31013,팔달구,2016,1289
31013,팔달구,2017,1165
31013,팔달구,2018,1077
31013,팔달구,2019,892
31013,팔달구,2020,764
31013,팔달구,2021,866
31013,팔달구,2022,913
31013,팔달구,2023,1061
31013,팔달구,2024,1166
31013,팔달구,2025,1385
31014,영통구,2005,1939
31014,영통구,2006,2070
31014,영통구,2007,2202
31014,영통구,2008,2125
31014,영통구,2009,1935
31014,영통구,2010,1962
31014,영통구,2011,2143
31014,영통구,2012,2282
31014,영통구,2013,2391
31014,영통구,2014,2568
31014,영통구,2015,2598
31014,영통구,2016,2586
31014,영통구,2017,2389
31014,영통구,2018,2295
31014,영통구,2019,2103
31014,영통구,2020,2015
31014,영통구,2021,1779
31014,영통구,2022,1615
31014,영통구,2023,1798
31014,영통구,2024,2275
31014,영통구,2025,2457
31020,성남시,2005,7294
31020,성남시,2006,7542
31020,성남시,2007,7845
31020,성남시,2008,7118
31020,성남시,2009,6957
31020,성남시,2010,7208
31020,성남시,2011,7320
31020,성남시,2012,7378
31020,성남시,2013,7060
31020,성남시,2014,6862
31020,성남시,2015,6424
31020,성남시,2016,6050
31020,성남시,2017,5162
31020,성남시,2018,5228
31020,성남시,2019,4453
31020,성남시,2020,4269
31020,성남시,2021,3565
31020,성남시,2022,3865
31020,성남시,2023,3757
31020,성남시,2024,4551
31020,성남시,2025,4864
31021,수정구,2005,2239
31021,수정구,2006,2334
31021,수정구,2007,2467
31021,수정구,2008,2186
31021,수정구,2009,1954
31021,수정구,2010,1930
31021,수정구,2011,1902
31021,수정구,2012,1938
31021,수정구,2013,1787
31021,수정구,2014,1681
31021,수정구,2015,1494
31021,수정구,2016,1531
31021,수정구,2017,1314
31021,수정구,2018,1408
31021,수정구,2019,1223
31021,수정구,2020,1213
31021,수정구,2021,1027
31021,수정구,2022,1003
31021,수정구,2023,1043
31021,수정구,2024,1337
31021,수정구,2025,1342
31022,중원구,2005,1936
31022,중원구,2006,2097
31022,중원구,2007,2202
31022,중원구,2008,2021
31022,중원구,2009,1857
31022,중원구,2010,1786
31022,중원구,2011,1855
31022,중원구,2012,1796
31022,중원구,2013,1770
31022,중원구,2014,1636
31022,중원구,2015,1533
31022,중원구,2016,1394
31022,중원구,2017,1129
31022,중원구,2018,1217
31022,중원구,2019,1088
31022,중원구,2020,1039
31022,중원구,2021,868
31022,중원구,2022,930
31022,중원구,2023,965
31022,중원구,2024,1092
31022,중원구,2025,1148
31023,분당구,2005,3119
31023,분당구,2006,3111
31023,분당구,2007,3176
31023,분당구,2008,2911
31023,분당구,2009,3146
31023,분당구,2010,3492
31023,분당구,2011,3563
31023,분당구,2012,3644
31023,분당구,2013,3503
31023,분당구,2014,3545
31023,분당구,2015,3397
31023,분당구,2016,3125
31023,분당구,2017,2719
31023,분당구,2018,2603
31023,분당구,2019,2142
31023,분당구,2020,2017
31023,분당구,2021,1670
31023,분당구,2022,1932
31023,분당구,2023,1749
31023,분당구,2024,2122
31023,분당구,2025,2374
31030,의정부시,2005,2517
31030,의정부시,2006,2611
31030,의정부시,2007,2720
31030,의정부시,2008,2754
31030,의정부시,2009,2472
31030,의정부시,2010,2563
31030,의정부시,2011,2523
31030,의정부시,2012,2477
31030,의정부시,2013,2415
31030,의정부시,2014,2248
31030,의정부시,2015,2164
31030,의정부시,2016,2149
31030,의정부시,2017,2019
31030,의정부시,2018,2025
31030,의정부시,2019,1876
31030,의정부시,2020,1800
31030,의정부시,2021,1630
31030,의정부시,2022,1732
31030,의정부시,2023,1649
31030,의정부시,2024,1747
31030,의정부시,2025,1865
31040,안양시,2005,4065
31040,안양시,2006,4142
31040,안양시,2007,4153
31040,안양시,2008,3991
31040,안양시,2009,3729
31040,안양시,2010,4010
31040,안양시,2011,3864
31040,안양시,2012,4008
31040,안양시,2013,3913
31040,안양시,2014,3619
31040,안양시,2015,3774
31040,안양시,2016,3308
31040,안양시,2017,3158
31040,안양시,2018,2935
31040,안양시,2019,2693
31040,안양시,2020,2337
31040,안양시,2021,2229
31040,안양시,2022,2305
31040,안양시,2023,2219
31040,안양시,2024,2854
31040,안양시,2025,3425
31041,만안구,2005,1782
31041,만안구,2006,1785
31041,만안구,2007,1752
31041,만안구,2008,1687
31041,만안구,2009,1572
31041,만안구,2010,1707
31041,만안구,2011,1685
31041,만안구,2012,1640
31041,만안구,2013,1487
31041,만안구,2014,1378
31041,만안구,2015,1503
31041,만안구,2016,1424
31041,만안구,2017,1372
31041,만안구,2018,1254
31041,만안구,2019,1167
31041,만안구,2020,1020
31041,만안구,2021,966
31041,만안구,2022,946
31041,만안구,2023,927
31041,만안구,2024,1117
31041,만안구,2025,1363
31042,동안구,2005,2283
31042,동안구,2006,2357
31042,동안구,2007,2401
31042,동안구,2008,2304
31042,동안구,2009,2157
31042,동안구,2010,2303
31042,동안구,2011,2179
31042,동안구,2012,2368
31042,동안구,2013,2426
31042,동안구,2014,2241
31042,동안구,2015,2271
31042,동안구,2016,1884
31042,동안구,2017,1786
31042,동안구,2018,1681
31042,동안구,2019,1526
31042,동안구,2020,1317
31042,동안구,2021,1263
31042,동안구,2022,1359
31042,동안구,2023,1292
31042,동안구,2024,1737
31042,동안구,2025,2062
31050,부천시,2005,5680
31050,부천시,2006,6046
31050,부천시,2007,6372
31050,부천시,2008,5753
31050,부천시,2009,5685
31050,부천시,2010,5752
31050,부천시,2011,5808
31050,부천시,2012,5851
31050,부천시,2013,5653
31050,부천시,2014,5209
31050,부천시,2015,4982
31050,부천시,2016,4769
31050,부천시,2017,4459
31050,부천시,2018,4434
31050,부천시,2019,3646
31050,부천시,2020,3225
31050,부천시,2021,3183
31050,부천시,2022,3013
31050,부천시,2023,2718
31050,부천시,2024,3054
31050,부천시,2025,3339
31051,원미구,2005,2981
31051,원미구,2006,3144
31051,원미구,2007,3291
31051,원미구,2008,2972
31051,원미구,2009,2973
31051,원미구,2010,3052
31051,원미구,2011,3033
31051,원미구,2012,3243
31051,원미구,2013,3141
31051,원미구,2014,2834
31051,원미구,2015,2707
31051,원미구,2024,1600
31051,원미구,2025,1788
31052,소사구,2005,1557
31052,소사구,2006,1672
31052,소사구,2007,1718
31052,소사구,2008,1568
31052,소사구,2009,1534
31052,소사구,2010,1482
31052,소사구,2011,1588
31052,소사구,2012,1451
31052,소사구,2013,1458
31052,소사구,2014,1394
31052,소사구,2015,1309
31052,소사구,2024,914
31052,소사구,2025,999
31053,오정구,2005,1142
31053,오정구,2006,1230
31053,오정구,2007,1363
31053,오정구,2008,1213
31053,오정구,2009,1178
31053,오정구,2010,1218
31053,오정구,2011,1187
31053,오정구,2012,1157
31053,오정구,2013,1054
31053,오정구,2014,981
31053,오정구,2015,966
31053,오정구,2024,540
31053,오정구,2025,552
31060,광명시,2005,2305
31060,광명시,2006,2141
31060,광명시,2007,2255
31060,광명시,2008,2249
31060,광명시,2009,2021
31060,광명시,2010,2848
31060,광명시,2011,2863
31060,광명시,2012,2705
31060,광명시,2013,2442
31060,광명시,2014,2197
31060,광명시,2015,2111
31060,광명시,2016,1897
31060,광명시,2017,1722
31060,광명시,2018,1674
31060,광명시,2019,1489
31060,광명시,2020,1230
31060,광명시,2021,1103
31060,광명시,2022,1113
31060,광명시,2023,1070
31060,광명시,2024,1259
31060,광명시,2025,1662
31070,평택시,2005,2768
31070,평택시,2006,3103
31070,평택시,2007,3152
31070,평택시,2008,2961
31070,평택시,2009,2702
31070,평택시,2010,2714
31070,평택시,2011,2883
31070,평택시,2012,2950
31070,평택시,2013,3019
31070,평택시,2014,2906
31070,평택시,2015,2855
31070,평택시,2016,2901
31070,평택시,2017,2887
31070,평택시,2018,2886
31070,평택시,2019,3016
31070,평택시,2020,2863
31070,평택시,2021,2896
31070,평택시,2022,2915
31070,평택시,2023,3169
31070,평택시,2024,3372
31070,평택시,2025,3555
31080,동두천시,2005,564
31080,동두천시,2006,589
31080,동두천시,2007,632
31080,동두천시,2008,591
31080,동두천시,2009,644
31080,동두천시,2010,638
31080,동두천시,2011,604
31080,동두천시,2012,565
31080,동두천시,2013,569
31080,동두천시,2014,565
31080,동두천시,2015,502
31080,동두천시,2016,501
31080,동두천시,2017,423
31080,동두천시,2018,433
31080,동두천시,2019,361
31080,동두천시,2020,327
31080,동두천시,2021,335
31080,동두천시,2022,312
31080,동두천시,2023,320
31080,동두천시,2024,328
31080,동두천시,2025,300
31090,안산시,2005,4861
31090,안산시,2006,5260
31090,안산시,2007,5478
31090,안산시,2008,5338
31090,안산시,2009,4815
31090,안산시,2010,4762
31090,안산시,2011,4788
31090,안산시,2012,4916
31090,안산시,2013,4804
31090,안산시,2014,4351
31090,안산시,2015,4327
31090,안산시,2016,3944
31090,안산시,2017,3517
31090,안산시,2018,3589
31090,안산시,2019,3332
31090,안산시,2020,2918
31090,안산시,2021,2709
31090,안산시,2022,2620
31090,안산시,2023,2429
31090,안산시,2024,2734
31090,안산시,2025,2862
31091,상록구,2005,2504
31091,상록구,2006,2761
31091,상록구,2007,2859
31091,상록구,2008,2794
31091,상록구,2009,2484
31091,상록구,2010,2504
31091,상록구,2011,2539
31091,상록구,2012,2659
31091,상록구,2013,2530
31091,상록구,2014,2395
31091,상록구,2015,2444
31091,상록구,2016,2190
31091,상록구,2017,1954
31091,상록구,2018,1970
31091,상록구,2019,1654
31091,상록구,2020,1461
31091,상록구,2021,1365
31091,상록구,2022,1373
31091,상록구,2023,1143
31091,상록구,2024,1332
31091,상록구,2025,1405
31092,단원구,2005,2357
31092,단원구,2006,2499
31092,단원구,2007,2619
31092,단원구,2008,2544
31092,단원구,2009,2331
31092,단원구,2010,2258
31092,단원구,2011,2249
31092,단원구,2012,2257
31092,단원구,2013,2274
31092,단원구,2014,1956
31092,단원구,2015,1883
31092,단원구,2016,1754
31092,단원구,2017,1563
31092,단원구,2018,1619
31092,단원구,2019,1678
31092,단원구,2020,1457
31092,단원구,2021,1344
31092,단원구,2022,1247
31092,단원구,2023,1286
31092,단원구,2024,1402
31092,단원구,2025,1457
31100,고양시,2005,5242
31100,고양시,2006,5460
31100,고양시,2007,5821
31100,고양시,2008,5528
31100,고양시,2009,4915
31100,고양시,2010,5367
31100,고양시,2011,5518
31100,고양시,2012,5362
31100,고양시,2013,5455
31100,고양시,2014,5325
31100,고양시,2015,5361
31100,고양시,2016,4932
31100,고양시,2017,4730
31100,고양시,2018,4317
31100,고양시,2019,4440
31100,고양시,2020,4188
31100,고양시,2021,4172
31100,고양시,2022,3905
31100,고양시,2023,3671
31100,고양시,2024,4569
31100,고양시,2025,4758
31101,덕양구,2005,2480
31101,덕양구,2006,2536
31101,덕양구,2007,2620
31101,덕양구,2008,2403
31101,덕양구,2009,2302
31101,덕양구,2010,2490
31101,덕양구,2011,2396
31101,덕양구,2012,2261
31101,덕양구,2013,2337
31101,덕양구,2014,2383
31101,덕양구,2015,2502
31101,덕양구,2016,2214
31101,덕양구,2017,2132
31101,덕양구,2018,2009
31101,덕양구,2019,2141
31101,덕양구,2020,2031
31101,덕양구,2021,2129
31101,덕양구,2022,1982
31101,덕양구,2023,1904
31101,덕양구,2024,2448
31101,덕양구,2025,2382
31103,일산동구,2005,1437
31103,일산동구,2006,1499
31103,일산동구,2007,1679
31103,일산동구,2008,1674
31103,일산동구,2009,1382
31103,일산동구,2010,1514
31103,일산동구,2011,1676
31103,일산동구,2012,1651
31103,일산동구,2013,1691
31103,일산동구,2014,1551
31103,일산동구,2015,1531
31103,일산동구,2016,1504
31103,일산동구,2017,1429
31103,일산동구,2018,1275
31103,일산동구,2019,1169
31103,일산동구,2020,1097
31103,일산동구,2021,1076
31103,일산동구,2022,1026
31103,일산동구,2023,911
31103,일산동구,2024,1095
31103,일산동구,2025,1273
31104,일산서구,2005,1325
31104,일산서구,2006,1425
31104,일산서구,2007,1522
31104,일산서구,2008,1451
31104,일산서구,2009,1231
31104,일산서구,2010,1363
31104,일산서구,2011,1446
31104,일산서구,2012,1450
31104,일산서구,2013,1427
31104,일산서구,2014,1391
31104,일산서구,2015,1328
31104,일산서구,2016,1214
31104,일산서구,2017,1169
31104,일산서구,2018,1033
31104,일산서구,2019,1130
31104,일산서구,2020,1060
31104,일산서구,2021,967
31104,일산서구,2022,897
31104,일산서구,2023,856
31104,일산서구,2024,1026
31104,일산서구,2025,1103
31110,과천시,2005,241
31110,과천시,2006,260
31110,과천시,2007,295
31110,과천시,2008,347
31110,과천시,2009,371
31110,과천시,2010,367
31110,과천시,2011,384
31110,과천시,2012,364
31110,과천시,2013,383
31110,과천시,2014,330
31110,과천시,2015,385
31110,과천시,2016,266
31110,과천시,2017,207
31110,과천시,2018,232
31110,과천시,2019,240
31110,과천시,2020,311
31110,과천시,2021,340
31110,과천시,2022,484
31110,과천시,2023,306
31110,과천시,2024,465
31110,과천시,2025,387
31120,구리시,2005,1150
31120,구리시,2006,1294
31120,구리시,2007,1325
31120,구리시,2008,1288
31120,구리시,2009,1206
31120,구리시,2010,1266
31120,구리시,2011,1174
31120,구리시,2012,1149
31120,구리시,2013,1053
31120,구리시,2014,944
31120,구리시,2015,930
31120,구리시,2016,874
31120,구리시,2017,948
31120,구리시,2018,923
31120,구리시,2019,793
31120,구리시,2020,730
31120,구리시,2021,680
31120,구리시,2022,691
31120,구리시,2023,652
31120,구리시,2024,697
31120,구리시,2025,901
31130,남양주시,2005,2609
31130,남양주시,2006,3002
31130,남양주시,2007,3189
31130,남양주시,2008,3027
31130,남양주시,2009,2912
31130,남양주시,2010,3220
31130,남양주시,2011,3292
31130,남양주시,2012,3201
31130,남양주시,2013,3397
31130,남양주시,2014,3179
31130,남양주시,2015,3269
31130,남양주시,2016,3037
31130,남양주시,2017,2675
31130,남양주시,2018,2759
31130,남양주시,2019,2630
31130,남양주시,2020,2362
31130,남양주시,2021,2458
31130,남양주시,2022,2586
31130,남양주시,2023,2349
31130,남양주시,2024,2597
31130,남양주시,2025,2794
31140,오산시,2005,1082
31140,오산시,2006,1342
31140,오산시,2007,1470
31140,오산시,2008,1394
31140,오산시,2009,1341
31140,오산시,2010,1696
31140,오산시,2011,1647
31140,오산시,2012,1596
31140,오산시,2013,1600
31140,오산시,2014,1522
31140,오산시,2015,1411
31140,오산시,2016,1373
31140,오산시,2017,1294
31140,오산시,2018,1332
31140,오산시,2019,1223
31140,오산시,2020,1160
31140,오산시,2021,1001
31140,오산시,2022,1019
31140,오산시,2023,1022
31140,오산시,2024,1245
31140,오산시,2025,1382
31150,시흥시,2005,3068
31150,시흥시,2006,3182
31150,시흥시,2007,3320
31150,시흥시,2008,3049
31150,시흥시,2009,2896
31150,시흥시,2010,2960
31150,시흥시,2011,2769
31150,시흥시,2012,2758
31150,시흥시,2013,2476
31150,시흥시,2014,2388
31150,시흥시,2015,2387
31150,시흥시,2016,2195
31150,시흥시,2017,2303
31150,시흥시,2018,2582
31150,시흥시,2019,2596
31150,시흥시,2020,2534
31150,시흥시,2021,2361
31150,시흥시,2022,2305
31150,시흥시,2023,2314
31150,시흥시,2024,2389
31150,시흥시,2025,2552
31160,군포시,2005,2036
31160,군포시,2006,2148
31160,군포시,2007,2056
31160,군포시,2008,1995
31160,군포시,2009,1856
31160,군포시,2010,2177
31160,군포시,2011,2197
31160,군포시,2012,1971
31160,군포시,2013,1949
31160,군포시,2014,1954
31160,군포시,2015,1974
31160,군포시,2016,1772
31160,군포시,2017,1639
31160,군포시,2018,1428
31160,군포시,2019,1294
31160,군포시,2020,1167
31160,군포시,2021,1103
31160,군포시,2022,1053
31160,군포시,2023,1024
31160,군포시,2024,1130
31160,군포시,2025,1240
31170,의왕시,2005,868
31170,의왕시,2006,772
31170,의왕시,2007,883
31170,의왕시,2008,817
31170,의왕시,2009,760
31170,의왕시,2010,934
31170,의왕시,2011,877
31170,의왕시,2012,924
31170,의왕시,2013,1000
31170,의왕시,2014,877
31170,의왕시,2015,809
31170,의왕시,2016,756
31170,의왕시,2017,621
31170,의왕시,2018,613
31170,의왕시,2019,628
31170,의왕시,2020,677
31170,의왕시,2021,601
31170,의왕시,2022,621
31170,의왕시,2023,567
31170,의왕시,2024,605
31170,의왕시,2025,740
31180,하남시,2005,869
31180,하남시,2006,902
31180,하남시,2007,974
31180,하남시,2008,872
31180,하남시,2009,947
31180,하남시,2010,944
31180,하남시,2011,879
31180,하남시,2012,842
31180,하남시,2013,798
31180,하남시,2014,793
31180,하남시,2015,891
31180,하남시,2016,1124
31180,하남시,2017,1193
31180,하남시,2018,1357
31180,하남시,2019,1309
31180,하남시,2020,1357
31180,하남시,2021,1615
31180,하남시,2022,1379
31180,하남시,2023,1430
31180,하남시,2024,1507
31180,하남시,2025,1715
31190,용인시,2005,4695
31190,용인시,2006,5251
31190,용인시,2007,5554
31190,용인시,2008,5225
31190,용인시,2009,4963
31190,용인시,2010,5516
31190,용인시,2011,5571
31190,용인시,2012,5617
31190,용인시,2013,5575
31190,용인시,2014,5447
31190,용인시,2015,5207
31190,용인시,2016,4680
31190,용인시,2017,4528
31190,용인시,2018,4581
31190,용인시,2019,4670
31190,용인시,2020,4232
31190,용인시,2021,3529
31190,용인시,2022,3504
31190,용인시,2023,3773
31190,용인시,2024,4587
31190,용인시,2025,5009
31191,처인구,2005,1414
31191,처인구,2006,1564
31191,처인구,2007,1540
31191,처인구,2008,1442
31191,처인구,2009,1314
31191,처인구,2010,1398
31191,처인구,2011,1342
31191,처인구,2012,1316
31191,처인구,2013,1285
31191,처인구,2014,1313
31191,처인구,2015,1281
31191,처인구,2016,1136
31191,처인구,2017,1160
31191,처인구,2018,1281
31191,처인구,2019,1252
31191,처인구,2020,1115
31191,처인구,2021,941
31191,처인구,2022,977
31191,처인구,2023,990
31191,처인구,2024,1203
31191,처인구,2025,1374
31192,기흥구,2005,1637
31192,기흥구,2006,1935
31192,기흥구,2007,2224
31192,기흥구,2008,2093
31192,기흥구,2009,2026
31192,기흥구,2010,2332
31192,기흥구,2011,2375
31192,기흥구,2012,2294
31192,기흥구,2013,2392
31192,기흥구,2014,2332
31192,기흥구,2015,2258
31192,기흥구,2016,1969
31192,기흥구,2017,1849
31192,기흥구,2018,1757
31192,기흥구,2019,1843
31192,기흥구,2020,1649
31192,기흥구,2021,1399
31192,기흥구,2022,1395
31192,기흥구,2023,1469
31192,기흥구,2024,1806
31192,기흥구,2025,1898
31193,수지구,2005,1644
31193,수지구,2006,1752
31193,수지구,2007,1790
31193,수지구,2008,1690
31193,수지구,2009,1623
31193,수지구,2010,1786
31193,수지구,2011,1854
31193,수지구,2012,2007
31193,수지구,2013,1898
31193,수지구,2014,1802
31193,수지구,2015,1668
31193,수지구,2016,1575
31193,수지구,2017,1519
31193,수지구,2018,1543
31193,수지구,2019,1575
31193,수지구,2020,1468
31193,수지구,2021,1189
31193,수지구,2022,1132
31193,수지구,2023,1314
31193,수지구,2024,1578
31193,수지구,2025,1737
31200,파주시,2005,1695
31200,파주시,2006,2024
31200,파주시,2007,2153
31200,파주시,2008,2117
31200,파주시,2009,1892
31200,파주시,2010,2212
31200,파주시,2011,2520
31200,파주시,2012,2570
31200,파주시,2013,2459
31200,파주시,2014,2511
31200,파주시,2015,2526
31200,파주시,2016,2329
31200,파주시,2017,2310
31200,파주시,2018,2324
31200,파주시,2019,2127
31200,파주시,2020,1866
31200,파주시,2021,1907
31200,파주시,2022,2014
31200,파주시,2023,1778
31200,파주시,2024,2014
31200,파주시,2025,2304
31210,이천시,2005,1277
31210,이천시,2006,1416
31210,이천시,2007,1472
31210,이천시,2008,1417
31210,이천시,2009,1350
31210,이천시,2010,1460
31210,이천시,2011,1462
31210,이천시,2012,1356
31210,이천시,2013,1364
31210,이천시,2014,1223
31210,이천시,2015,1169
31210,이천시,2016,1108
31210,이천시,2017,1079
31210,이천시,2018,1059
31210,이천시,2019,1059
31210,이천시,2020,995
31210,이천시,2021,1035
31210,이천시,2022,948
31210,이천시,2023,1070
31210,이천시,2024,1131
31210,이천시,2025,1200
31220,안성시,2005,1192
31220,안성시,2006,1223
31220,안성시,2007,1230
31220,안성시,2008,1370
31220,안성시,2009,1213
31220,안성시,2010,1252
31220,안성시,2011,1277
31220,안성시,2012,1213
31220,안성시,2013,1150
31220,안성시,2014,1012
31220,안성시,2015,988
31220,안성시,2016,998
31220,안성시,2017,907
31220,안성시,2018,921
31220,안성시,2019,871
31220,안성시,2020,773
31220,안성시,2021,768
31220,안성시,2022,684
31220,안성시,2023,746
31220,안성시,2024,934
31220,안성시,2025,957
31230,김포시,2005,1187
31230,김포시,2006,1204
31230,김포시,2007,1231
31230,김포시,2008,1222
31230,김포시,2009,1227
31230,김포시,2010,1422
31230,김포시,2011,1472
31230,김포시,2012,1787
31230,김포시,2013,1885
31230,김포시,2014,2038
31230,김포시,2015,1935
31230,김포시,2016,1720
31230,김포시,2017,1908
31230,김포시,2018,2076
31230,김포시,2019,1934
31230,김포시,2020,2031
31230,김포시,2021,1859
31230,김포시,2022,1796
31230,김포시,2023,1827
31230,김포시,2024,2007
31230,김포시,2025,1937
31240,화성시,2005,2525
31240,화성시,2006,2632
31240,화성시,2007,3345
31240,화성시,2008,3939
31240,화성시,2009,3951
31240,화성시,2010,3947
31240,화성시,2011,3910
31240,화성시,2012,3874
31240,화성시,2013,3573
31240,화성시,2014,3387
31240,화성시,2015,3960
31240,화성시,2016,4247
31240,화성시,2017,4363
31240,화성시,2018,4933
31240,화성시,2019,4788
31240,화성시,2020,4547
31240,화성시,2021,4331
31240,화성시,2022,4124
31240,화성시,2023,4610
31240,화성시,2024,5597
31240,화성시,2025,6086
31250,광주시,2005,1469
31250,광주시,2006,1551
31250,광주시,2007,1661
31250,광주시,2008,1643
31250,광주시,2009,1499
31250,광주시,2010,1630
31250,광주시,2011,1898
31250,광주시,2012,1982
31250,광주시,2013,2000
31250,광주시,2014,2027
31250,광주시,2015,2180
31250,광주시,2016,2162
31250,광주시,2017,2173
31250,광주시,2018,2210
31250,광주시,2019,1931
31250,광주시,2020,1736
31250,광주시,2021,1635
31250,광주시,2022,1521
31250,광주시,2023,1524
31250,광주시,2024,1780
31250,광주시,2025,1705
31260,양주시,2005,972
31260,양주시,2006,1083
31260,양주시,2007,1260
31260,양주시,2008,1209
31260,양주시,2009,1004
31260,양주시,2010,1182
31260,양주시,2011,1231
31260,양주시,2012,1190
31260,양주시,2013,1099
31260,양주시,2014,1030
31260,양주시,2015,1070
31260,양주시,2016,971
31260,양주시,2017,910
31260,양주시,2018,994
31260,양주시,2019,958
31260,양주시,2020,896
31260,양주시,2021,777
31260,양주시,2022,863
31260,양주시,2023,1009
31260,양주시,2024,1190
31260,양주시,2025,1369
31270,포천시,2005,1033
31270,포천시,2006,1023
31270,포천시,2007,1015
31270,포천시,2008,1007
31270,포천시,2009,870
31270,포천시,2010,987
31270,포천시,2011,871
31270,포천시,2012,928
31270,포천시,2013,894
31270,포천시,2014,828
31270,포천시,2015,759
31270,포천시,2016,755
31270,포천시,2017,727
31270,포천시,2018,715
31270,포천시,2019,641
31270,포천시,2020,569
31270,포천시,2021,520
31270,포천시,2022,606
31270,포천시,2023,553
31270,포천시,2024,583
31270,포천시,2025,549
31280,여주시,2013,594
31280,여주시,2014,608
31280,여주시,2015,546
31280,여주시,2016,525
31280,여주시,2017,476
31280,여주시,2018,484
31280,여주시,2019,466
31280,여주시,2020,425
31280,여주시,2021,338
31280,여주시,2022,376
31280,여주시,2023,405
31280,여주시,2024,407
31280,여주시,2025,435
31320,여주군(변동전),2005,630
31320,여주군(변동전),2006,672
31320,여주군(변동전),2007,706
31320,여주군(변동전),2008,680
31320,여주군(변동전),2009,617
31320,여주군(변동전),2010,667
31320,여주군(변동전),2011,628
31320,여주군(변동전),2012,613
31550,연천군,2005,306
31550,연천군,2006,275
31550,연천군,2007,265
31550,연천군,2008,259
31550,연천군,2009,269
31550,연천군,2010,271
31550,연천군,2011,223
31550,연천군,2012,220
31550,연천군,2013,245
31550,연천군,2014,223
31550,연천군,2015,245
31550,연천군,2016,230
31550,연천군,2017,248
31550,연천군,2018,269
31550,연천군,2019,214
31550,연천군,2020,206
31550,연천군,2021,162
31550,연천군,2022,168
31550,연천군,2023,167
31550,연천군,2024,192
31550,연천군,2025,173
31570,가평군,2005,284
31570,가평군,2006,320
31570,가평군,2007,324
31570,가평군,2008,333
31570,가평군,2009,295
31570,가평군,2010,331
31570,가평군,2011,301
31570,가평군,2012,278
31570,가평군,2013,275
31570,가평군,2014,280
31570,가평군,2015,315
31570,가평군,2016,269
31570,가평군,2017,269
31570,가평군,2018,244
31570,가평군,2019,272
31570,가평군,2020,202
31570,가평군,2021,221
31570,가평군,2022,220
31570,가평군,2023,214
31570,가평군,2024,229
31570,가평군,2025,219
31580,양평군,2005,460
31580,양평군,2006,510
31580,양평군,2007,477
31580,양평군,2008,514
31580,양평군,2009,434
31580,양평군,2010,536
31580,양평군,2011,487
31580,양평군,2012,527
31580,양평군,2013,455
31580,양평군,2014,437
31580,양평군,2015,497
31580,양평군,2016,445
31580,양평군,2017,462
31580,양평군,2018,418
31580,양평군,2019,380
31580,양평군,2020,342
31580,양평군,2021,366
31580,양평군,2022,325
31580,양평군,2023,356
31580,양평군,2024,356
31580,양평군,2025,421
32,강원특별자치도,2005,8496
32,강원특별자치도,2006,8731
32,강원특별자치도,2007,8930
32,강원특별자치도,2008,8517
32,강원특별자치도,2009,8081
32,강원특별자치도,2010,8365
32,강원특별자치도,2011,8338
32,강원특별자치도,2012,8225
32,강원특별자치도,2013,7946
32,강원특별자치도,2014,7785
32,강원특별자치도,2015,7876
32,강원특별자치도,2016,7468
32,강원특별자치도,2017,7295
32,강원특별자치도,2018,6994
32,강원특별자치도,2019,6762
32,강원특별자치도,2020,5868
32,강원특별자치도,2021,5622
32,강원특별자치도,2022,5572
32,강원특별자치도,2023,5494
32,강원특별자치도,2024,6143
32,강원특별자치도,2025,6292
32010,춘천시,2005,1347
32010,춘천시,2006,1434
32010,춘천시,2007,1517
32010,춘천시,2008,1525
32010,춘천시,2009,1426
32010,춘천시,2010,1545
32010,춘천시,2011,1501
32010,춘천시,2012,1464
32010,춘천시,2013,1446
32010,춘천시,2014,1330
32010,춘천시,2015,1412
32010,춘천시,2016,1332
32010,춘천시,2017,1292
32010,춘천시,2018,1244
32010,춘천시,2019,1186
32010,춘천시,2020,1041
32010,춘천시,2021,1029
32010,춘천시,2022,1048
32010,춘천시,2023,1017
32010,춘천시,2024,1230
32010,춘천시,2025,1244
32020,원주시,2005,1864
32020,원주시,2006,1858
32020,원주시,2007,1930
32020,원주시,2008,1893
32020,원주시,2009,1755
32020,원주시,2010,1855
32020,원주시,2011,1863
32020,원주시,2012,1894
32020,원주시,2013,1756
32020,원주시,2014,1708
32020,원주시,2015,1789
32020,원주시,2016,1763
32020,원주시,2017,1740
32020,원주시,2018,1645
32020,원주시,2019,1698
32020,원주시,2020,1514
32020,원주시,2021,1482
32020,원주시,2022,1457
32020,원주시,2023,1491
32020,원주시,2024,1606
32020,원주시,2025,1750
32030,강릉시,2005,1173
32030,강릉시,2006,1184
32030,강릉시,2007,1228
32030,강릉시,2008,1178
32030,강릉시,2009,1088
32030,강릉시,2010,1071
32030,강릉시,2011,1140
32030,강릉시,2012,1107
32030,강릉시,2013,1026
32030,강릉시,2014,983
32030,강릉시,2015,977
32030,강릉시,2016,920
32030,강릉시,2017,924
32030,강릉시,2018,876
32030,강릉시,2019,893
32030,강릉시,2020,801
32030,강릉시,2021,799
32030,강릉시,2022,691
32030,강릉시,2023,626
32030,강릉시,2024,748
32030,강릉시,2025,749
32040,동해시,2005,493
32040,동해시,2006,558
32040,동해시,2007,563
32040,동해시,2008,543
32040,동해시,2009,529
32040,동해시,2010,527
32040,동해시,2011,522
32040,동해시,2012,500
32040,동해시,2013,479
32040,동해시,2014,481
32040,동해시,2015,475
32040,동해시,2016,447
32040,동해시,2017,419
32040,동해시,2018,375
32040,동해시,2019,382
32040,동해시,2020,327
32040,동해시,2021,339
32040,동해시,2022,300
32040,동해시,2023,301
32040,동해시,2024,348
32040,동해시,2025,351
32050,태백시,2005,340
32050,태백시,2006,329
32050,태백시,2007,351
32050,태백시,2008,296
32050,태백시,2009,331
32050,태백시,2010,309
32050,태백시,2011,290
32050,태백시,2012,244
32050,태백시,2013,236
32050,태백시,2014,232
32050,태백시,2015,215
32050,태백시,2016,192
32050,태백시,2017,209
32050,태백시,2018,158
32050,태백시,2019,167
32050,태백시,2020,147
32050,태백시,2021,86
32050,태백시,2022,99
32050,태백시,2023,126
32050,태백시,2024,133
32050,태백시,2025,139
32060,속초시,2005,437
32060,속초시,2006,468
32060,속초시,2007,441
32060,속초시,2008,405
32060,속초시,2009,392
32060,속초시,2010,444
32060,속초시,2011,420
32060,속초시,2012,442
32060,속초시,2013,428
32060,속초시,2014,442
32060,속초시,2015,382
32060,속초시,2016,353
32060,속초시,2017,358
32060,속초시,2018,344
32060,속초시,2019,316
32060,속초시,2020,312
32060,속초시,2021,305
32060,속초시,2022,309
32060,속초시,2023,333
32060,속초시,2024,353
32060,속초시,2025,361
32070,삼척시,2005,383
32070,삼척시,2006,354
32070,삼척시,2007,380
32070,삼척시,2008,355
32070,삼척시,2009,319
32070,삼척시,2010,358
32070,삼척시,2011,384
32070,삼척시,2012,316
32070,삼척시,2013,321
32070,삼척시,2014,336
32070,삼척시,2015,336
32070,삼척시,2016,289
32070,삼척시,2017,274
32070,삼척시,2018,298
32070,삼척시,2019,257
32070,삼척시,2020,208
32070,삼척시,2021,181
32070,삼척시,2022,190
32070,삼척시,2023,211
32070,삼척시,2024,203
32070,삼척시,2025,196
32510,홍천군,2005,408
32510,홍천군,2006,470
32510,홍천군,2007,441
32510,홍천군,2008,390
32510,홍천군,2009,354
32510,홍천군,2010,346
32510,홍천군,2011,352
32510,홍천군,2012,356
32510,홍천군,2013,315
32510,홍천군,2014,362
32510,홍천군,2015,337
32510,홍천군,2016,304
32510,홍천군,2017,322
32510,홍천군,2018,313
32510,홍천군,2019,258
32510,홍천군,2020,227
32510,홍천군,2021,237
32510,홍천군,2022,229
32510,홍천군,2023,255
32510,홍천군,2024,243
32510,홍천군,2025,245
32520,횡성군,2005,239
32520,횡성군,2006,244
32520,횡성군,2007,211
32520,횡성군,2008,236
32520,횡성군,2009,202
32520,횡성군,2010,201
32520,횡성군,2011,179
32520,횡성군,2012,194
32520,횡성군,2013,194
32520,횡성군,2014,211
32520,횡성군,2015,170
32520,횡성군,2016,169
32520,횡성군,2017,172
32520,횡성군,2018,174
32520,횡성군,2019,184
32520,횡성군,2020,131
32520,횡성군,2021,117
32520,횡성군,2022,107
32520,횡성군,2023,125
32520,횡성군,2024,134
32520,횡성군,2025,108
32530,영월군,2005,230
32530,영월군,2006,195
32530,영월군,2007,216
32530,영월군,2008,157
32530,영월군,2009,165
32530,영월군,2010,171
32530,영월군,2011,200
32530,영월군,2012,167
32530,영월군,2013,175
32530,영월군,2014,144
32530,영월군,2015,168
32530,영월군,2016,182
32530,영월군,2017,139
32530,영월군,2018,145
32530,영월군,2019,138
32530,영월군,2020,106
32530,영월군,2021,95
32530,영월군,2022,100
32530,영월군,2023,83
32530,영월군,2024,117
32530,영월군,2025,135
32540,평창군,2005,263
32540,평창군,2006,227
32540,평창군,2007,243
32540,평창군,2008,251
32540,평창군,2009,217
32540,평창군,2010,197
32540,평창군,2011,224
32540,평창군,2012,206
32540,평창군,2013,203
32540,평창군,2014,166
32540,평창군,2015,195
32540,평창군,2016,184
32540,평창군,2017,184
32540,평창군,2018,164
32540,평창군,2019,132
32540,평창군,2020,126
32540,평창군,2021,112
32540,평창군,2022,115
32540,평창군,2023,133
32540,평창군,2024,109
32540,평창군,2025,113
32550,정선군,2005,247
32550,정선군,2006,281
32550,정선군,2007,256
32550,정선군,2008,290
32550,정선군,2009,244
32550,정선군,2010,258
32550,정선군,2011,223
32550,정선군,2012,205
32550,정선군,2013,221
32550,정선군,2014,217
32550,정선군,2015,184
32550,정선군,2016,171
32550,정선군,2017,157
32550,정선군,2018,171
32550,정선군,2019,142
32550,정선군,2020,113
32550,정선군,2021,110
32550,정선군,2022,99
32550,정선군,2023,104
32550,정선군,2024,100
32550,정선군,2025,89
32560,철원군,2005,272
32560,철원군,2006,288
32560,철원군,2007,284
32560,철원군,2008,271
32560,철원군,2009,275
32560,철원군,2010,262
32560,철원군,2011,252
32560,철원군,2012,294
32560,철원군,2013,249
32560,철원군,2014,274
32560,철원군,2015,289
32560,철원군,2016,295
32560,철원군,2017,272
32560,철원군,2018,287
32560,철원군,2019,250
32560,철원군,2020,207
32560,철원군,2021,189
32560,철원군,2022,178
32560,철원군,2023,161
32560,철원군,2024,195
32560,철원군,2025,202
32570,화천군,2005,169
32570,화천군,2006,165
32570,화천군,2007,157
32570,화천군,2008,149
32570,화천군,2009,169
32570,화천군,2010,154
32570,화천군,2011,182
32570,화천군,2012,210
32570,화천군,2013,207
32570,화천군,2014,212
32570,화천군,2015,236
32570,화천군,2016,190
32570,화천군,2017,196
32570,화천군,2018,190
32570,화천군,2019,177
32570,화천군,2020,123
32570,화천군,2021,131
32570,화천군,2022,151
32570,화천군,2023,103
32570,화천군,2024,130
32570,화천군,2025,116
32580,양구군,2005,114
32580,양구군,2006,132
32580,양구군,2007,140
32580,양구군,2008,113
32580,양구군,2009,126
32580,양구군,2010,156
32580,양구군,2011,141
32580,양구군,2012,130
32580,양구군,2013,184
32580,양구군,2014,156
32580,양구군,2015,185
32580,양구군,2016,168
32580,양구군,2017,172
32580,양구군,2018,152
32580,양구군,2019,135
32580,양구군,2020,113
32580,양구군,2021,99
32580,양구군,2022,102
32580,양구군,2023,96
32580,양구군,2024,112
32580,양구군,2025,93
32590,인제군,2005,185
32590,인제군,2006,223
32590,인제군,2007,223
32590,인제군,2008,213
32590,인제군,2009,175
32590,인제군,2010,208
32590,인제군,2011,187
32590,인제군,2012,193
32590,인제군,2013,216
32590,인제군,2014,235
32590,인제군,2015,246
32590,인제군,2016,232
32590,인제군,2017,210
32590,인제군,2018,216
32590,인제군,2019,205
32590,인제군,2020,169
32590,인제군,2021,142
32590,인제군,2022,187
32590,인제군,2023,146
32590,인제군,2024,182
32590,인제군,2025,216
32600,고성군,2005,175
32600,고성군,2006,180
32600,고성군,2007,179
32600,고성군,2008,136
32600,고성군,2009,163
32600,고성군,2010,176
32600,고성군,2011,163
32600,고성군,2012,174
32600,고성군,2013,166
32600,고성군,2014,149
32600,고성군,2015,171
32600,고성군,2016,178
32600,고성군,2017,137
32600,고성군,2018,140
32600,고성군,2019,130
32600,고성군,2020,98
32600,고성군,2021,93
32600,고성군,2022,111
32600,고성군,2023,94
32600,고성군,2024,105
32600,고성군,2025,99
32610,양양군,2005,157
32610,양양군,2006,141
32610,양양군,2007,170
32610,양양군,2008,116
32610,양양군,2009,151
32610,양양군,2010,127
32610,양양군,2011,115
32610,양양군,2012,129
32610,양양군,2013,124
32610,양양군,2014,147
32610,양양군,2015,109
32610,양양군,2016,99
32610,양양군,2017,118
32610,양양군,2018,102
32610,양양군,2019,112
32610,양양군,2020,105
32610,양양군,2021,76
32610,양양군,2022,99
32610,양양군,2023,89
32610,양양군,2024,95
32610,양양군,2025,86
33,충청북도,2005,8390
33,충청북도,2006,9291
33,충청북도,2007,9834
33,충청북도,2008,9512
33,충청북도,2009,8666
33,충청북도,2010,9171
33,충청북도,2011,9542
33,충청북도,2012,9275
33,충청북도,2013,9307
33,충청북도,2014,8774
33,충청북도,2015,8872
33,충청북도,2016,8334
33,충청북도,2017,7990
33,충청북도,2018,7827
33,충청북도,2019,7239
33,충청북도,2020,6682
33,충청북도,2021,5882
33,충청북도,2022,6185
33,충청북도,2023,6212
33,충청북도,2024,6784
33,충청북도,2025,7310
33010,청주시(변동전),2005,3732
33010,청주시(변동전),2006,4004
33010,청주시(변동전),2007,4279
33010,청주시(변동전),2008,4144
33010,청주시(변동전),2009,3735
33010,청주시(변동전),2010,4022
33010,청주시(변동전),2011,4352
33010,청주시(변동전),2012,4122
33010,청주시(변동전),2013,4258
33011,상당구(변동전),2005,1423
33011,상당구(변동전),2006,1608
33011,상당구(변동전),2007,1557
33011,상당구(변동전),2008,1423
33011,상당구(변동전),2009,1315
33011,상당구(변동전),2010,1331
33011,상당구(변동전),2011,1411
33011,상당구(변동전),2012,1319
33011,상당구(변동전),2013,1356
33012,흥덕구(변동전),2005,2309
33012,흥덕구(변동전),2006,2396
33012,흥덕구(변동전),2007,2722
33012,흥덕구(변동전),2008,2721
33012,흥덕구(변동전),2009,2420
33012,흥덕구(변동전),2010,2691
33012,흥덕구(변동전),2011,2941
33012,흥덕구(변동전),2012,2803
33012,흥덕구(변동전),2013,2902
33020,충주시,2005,1041
33020,충주시,2006,1139
33020,충주시,2007,1208
33020,충주시,2008,1270
33020,충주시,2009,1073
33020,충주시,2010,1120
33020,충주시,2011,1062
33020,충주시,2012,1055
33020,충주시,2013,1166
33020,충주시,2014,1008
33020,충주시,2015,1070
33020,충주시,2016,934
33020,충주시,2017,954
33020,충주시,2018,1003
33020,충주시,2019,870
33020,충주시,2020,811
33020,충주시,2021,747
33020,충주시,2022,783
33020,충주시,2023,748
33020,충주시,2024,821
33020,충주시,2025,876
33030,제천시,2005,718
33030,제천시,2006,764
33030,제천시,2007,768
33030,제천시,2008,693
33030,제천시,2009,699
33030,제천시,2010,691
33030,제천시,2011,712
33030,제천시,2012,740
33030,제천시,2013,701
33030,제천시,2014,659
33030,제천시,2015,634
33030,제천시,2016,619
33030,제천시,2017,569
33030,제천시,2018,576
33030,제천시,2019,531
33030,제천시,2020,417
33030,제천시,2021,391
33030,제천시,2022,449
33030,제천시,2023,416
33030,제천시,2024,405
33030,제천시,2025,533
33040,청주시,2014,5141
33040,청주시,2015,5112
33040,청주시,2016,4810
33040,청주시,2017,4532
33040,청주시,2018,4387
33040,청주시,2019,4181
33040,청주시,2020,3938
33040,청주시,2021,3475
33040,청주시,2022,3596
33040,청주시,2023,3672
33040,청주시,2024,4089
33040,청주시,2025,4386
33041,상당구,2014,914
33041,상당구,2015,842
33041,상당구,2016,782
33041,상당구,2017,671
33041,상당구,2018,685
33041,상당구,2019,675
33041,상당구,2020,727
33041,상당구,2021,686
33041,상당구,2022,662
33041,상당구,2023,783
33041,상당구,2024,769
33041,상당구,2025,780
33042,서원구,2014,1261
33042,서원구,2015,1177
33042,서원구,2016,1037
33042,서원구,2017,1007
33042,서원구,2018,973
33042,서원구,2019,792
33042,서원구,2020,765
33042,서원구,2021,651
33042,서원구,2022,681
33042,서원구,2023,692
33042,서원구,2024,710
33042,서원구,2025,705
33043,흥덕구,2014,1607
33043,흥덕구,2015,1637
33043,흥덕구,2016,1551
33043,흥덕구,2017,1494
33043,흥덕구,2018,1424
33043,흥덕구,2019,1452
33043,흥덕구,2020,1396
33043,흥덕구,2021,1227
33043,흥덕구,2022,1291
33043,흥덕구,2023,1268
33043,흥덕구,2024,1661
33043,흥덕구,2025,1872
33044,청원구,2014,1359
33044,청원구,2015,1456
33044,청원구,2016,1440
33044,청원구,2017,1360
33044,청원구,2018,1305
33044,청원구,2019,1262
33044,청원구,2020,1050
33044,청원구,2021,911
33044,청원구,2022,962
33044,청원구,2023,929
33044,청원구,2024,949
33044,청원구,2025,1029
33310,청원군(변동전),2005,734
33310,청원군(변동전),2006,1003
33310,청원군(변동전),2007,1220
33310,청원군(변동전),2008,1131
33310,청원군(변동전),2009,1027
33310,청원군(변동전),2010,1103
33310,청원군(변동전),2011,1232
33310,청원군(변동전),2012,1227
33310,청원군(변동전),2013,1160
33520,보은군,2005,161
33520,보은군,2006,188
33520,보은군,2007,182
33520,보은군,2008,167
33520,보은군,2009,145
33520,보은군,2010,153
33520,보은군,2011,162
33520,보은군,2012,129
33520,보은군,2013,139
33520,보은군,2014,128
33520,보은군,2015,146
33520,보은군,2016,115
33520,보은군,2017,125
33520,보은군,2018,97
33520,보은군,2019,103
33520,보은군,2020,75
33520,보은군,2021,60
33520,보은군,2022,78
33520,보은군,2023,79
33520,보은군,2024,63
33520,보은군,2025,62
33530,옥천군,2005,301
33530,옥천군,2006,304
33530,옥천군,2007,287
33530,옥천군,2008,293
33530,옥천군,2009,229
33530,옥천군,2010,273
33530,옥천군,2011,246
33530,옥천군,2012,257
33530,옥천군,2013,220
33530,옥천군,2014,242
33530,옥천군,2015,202
33530,옥천군,2016,187
33530,옥천군,2017,181
33530,옥천군,2018,170
33530,옥천군,2019,167
33530,옥천군,2020,135
33530,옥천군,2021,114
33530,옥천군,2022,114
33530,옥천군,2023,112
33530,옥천군,2024,124
33530,옥천군,2025,130
33540,영동군,2005,241
33540,영동군,2006,282
33540,영동군,2007,257
33540,영동군,2008,263
33540,영동군,2009,216
33540,영동군,2010,220
33540,영동군,2011,241
33540,영동군,2012,223
33540,영동군,2013,202
33540,영동군,2014,178
33540,영동군,2015,190
33540,영동군,2016,188
33540,영동군,2017,166
33540,영동군,2018,189
33540,영동군,2019,122
33540,영동군,2020,97
33540,영동군,2021,99
33540,영동군,2022,100
33540,영동군,2023,98
33540,영동군,2024,116
33540,영동군,2025,128
33550,진천군,2005,377
33550,진천군,2006,459
33550,진천군,2007,439
33550,진천군,2008,403
33550,진천군,2009,420
33550,진천군,2010,451
33550,진천군,2011,409
33550,진천군,2012,408
33550,진천군,2013,363
33550,진천군,2014,388
33550,진천군,2015,387
33550,진천군,2016,362
33550,진천군,2017,420
33550,진천군,2018,430
33550,진천군,2019,438
33550,진천군,2020,430
33550,진천군,2021,375
33550,진천군,2022,376
33550,진천군,2023,395
33550,진천군,2024,464
33550,진천군,2025,414
33560,괴산군,2005,197
33560,괴산군,2006,195
33560,괴산군,2007,193
33560,괴산군,2008,174
33560,괴산군,2009,169
33560,괴산군,2010,170
33560,괴산군,2011,154
33560,괴산군,2012,179
33560,괴산군,2013,128
33560,괴산군,2014,145
33560,괴산군,2015,168
33560,괴산군,2016,155
33560,괴산군,2017,149
33560,괴산군,2018,132
33560,괴산군,2019,116
33560,괴산군,2020,123
33560,괴산군,2021,78
33560,괴산군,2022,88
33560,괴산군,2023,86
33560,괴산군,2024,100
33560,괴산군,2025,107
33570,음성군,2005,541
33570,음성군,2006,605
33570,음성군,2007,632
33570,음성군,2008,621
33570,음성군,2009,593
33570,음성군,2010,578
33570,음성군,2011,579
33570,음성군,2012,586
33570,음성군,2013,588
33570,음성군,2014,546
33570,음성군,2015,569
33570,음성군,2016,589
33570,음성군,2017,533
33570,음성군,2018,508
33570,음성군,2019,421
33570,음성군,2020,395
33570,음성군,2021,320
33570,음성군,2022,335
33570,음성군,2023,350
33570,음성군,2024,357
33570,음성군,2025,412
33580,단양군,2005,168
33580,단양군,2006,158
33580,단양군,2007,145
33580,단양군,2008,146
33580,단양군,2009,133
33580,단양군,2010,154
33580,단양군,2011,152
33580,단양군,2012,116
33580,단양군,2013,137
33580,단양군,2014,125
33580,단양군,2015,125
33580,단양군,2016,113
33580,단양군,2017,113
33580,단양군,2018,104
33580,단양군,2019,100
33580,단양군,2020,66
33580,단양군,2021,80
33580,단양군,2022,66
33580,단양군,2023,63
33580,단양군,2024,65
33580,단양군,2025,68
33590,증평군,2005,179
33590,증평군,2006,190
33590,증평군,2007,224
33590,증평군,2008,207
33590,증평군,2009,227
33590,증평군,2010,236
33590,증평군,2011,241
33590,증평군,2012,233
33590,증평군,2013,245
33590,증평군,2014,214
33590,증평군,2015,269
33590,증평군,2016,262
33590,증평군,2017,248
33590,증평군,2018,231
33590,증평군,2019,190
33590,증평군,2020,195
33590,증평군,2021,143
33590,증평군,2022,200
33590,증평군,2023,193
33590,증평군,2024,180
33590,증평군,2025,194
34,충청남도,2005,12107
34,충청남도,2006,13373
34,충청남도,2007,13766
34,충청남도,2008,13354
34,충청남도,2009,12708
34,충청남도,2010,13185
34,충청남도,2011,13216
34,충청남도,2012,12849
34,충청남도,2013,12482
34,충청남도,2014,12040
34,충청남도,2015,12331
34,충청남도,2016,11792
34,충청남도,2017,10961
34,충청남도,2018,10970
34,충청남도,2019,9826
34,충청남도,2020,8493
34,충청남도,2021,8016
34,충청남도,2022,8017
34,충청남도,2023,8264
34,충청남도,2024,9176
34,충청남도,2025,9379
34010,천안시,2005,3847
34010,천안시,2006,4445
34010,천안시,2007,4490
34010,천안시,2008,4196
34010,천안시,2009,3821
34010,천안시,2010,4180
34010,천안시,2011,4437
34010,천안시,2012,4473
34010,천안시,2013,4209
34010,천안시,2014,4084
34010,천안시,2015,4271
34010,천안시,2016,4262
34010,천안시,2017,3907
34010,천안시,2018,4045
34010,천안시,2019,3687
34010,천안시,2020,3316
34010,천안시,2021,2996
34010,천안시,2022,2785
34010,천안시,2023,2875
34010,천안시,2024,3236
34010,천안시,2025,3428
34011,동남구,2008,1783
34011,동남구,2009,1558
34011,동남구,2010,1718
34011,동남구,2011,1781
34011,동남구,2012,1741
34011,동남구,2013,1634
34011,동남구,2014,1512
34011,동남구,2015,1536
34011,동남구,2016,1488
34011,동남구,2017,1245
34011,동남구,2018,1380
34011,동남구,2019,1210
34011,동남구,2020,1099
34011,동남구,2021,887
34011,동남구,2022,920
34011,동남구,2023,1016
34011,동남구,2024,1158
34011,동남구,2025,1168
34012,서북구,2008,2413
34012,서북구,2009,2263
34012,서북구,2010,2462
34012,서북구,2011,2656
34012,서북구,2012,2732
34012,서북구,2013,2575
34012,서북구,2014,2572
34012,서북구,2015,2735
34012,서북구,2016,2774
34012,서북구,2017,2662
34012,서북구,2018,2665
34012,서북구,2019,2477
34012,서북구,2020,2217
34012,서북구,2021,2109
34012,서북구,2022,1865
34012,서북구,2023,1859
34012,서북구,2024,2078
34012,서북구,2025,2260
34020,공주시,2005,691
34020,공주시,2006,689
34020,공주시,2007,739
34020,공주시,2008,655
34020,공주시,2009,652
34020,공주시,2010,610
34020,공주시,2011,650
34020,공주시,2012,559
34020,공주시,2013,562
34020,공주시,2014,538
34020,공주시,2015,484
34020,공주시,2016,403
34020,공주시,2017,383
34020,공주시,2018,399
34020,공주시,2019,362
34020,공주시,2020,296
34020,공주시,2021,260
34020,공주시,2022,300
34020,공주시,2023,256
34020,공주시,2024,271
34020,공주시,2025,327
34030,보령시,2005,553
34030,보령시,2006,592
34030,보령시,2007,600
34030,보령시,2008,601
34030,보령시,2009,588
34030,보령시,2010,617
34030,보령시,2011,561
34030,보령시,2012,533
34030,보령시,2013,551
34030,보령시,2014,474
34030,보령시,2015,508
34030,보령시,2016,488
34030,보령시,2017,444
34030,보령시,2018,430
34030,보령시,2019,408
34030,보령시,2020,325
34030,보령시,2021,313
34030,보령시,2022,319
34030,보령시,2023,331
34030,보령시,2024,327
34030,보령시,2025,310
34040,아산시,2005,1586
34040,아산시,2006,1866
34040,아산시,2007,2098
34040,아산시,2008,2224
34040,아산시,2009,2288
34040,아산시,2010,2239
34040,아산시,2011,2261
34040,아산시,2012,2207
34040,아산시,2013,2190
34040,아산시,2014,2108
34040,아산시,2015,2176
34040,아산시,2016,1973
34040,아산시,2017,1921
34040,아산시,2018,1800
34040,아산시,2019,1554
34040,아산시,2020,1339
34040,아산시,2021,1419
34040,아산시,2022,1421
34040,아산시,2023,1512
34040,아산시,2024,1791
34040,아산시,2025,1768
34050,서산시,2005,969
34050,서산시,2006,999
34050,서산시,2007,1047
34050,서산시,2008,974
34050,서산시,2009,934
34050,서산시,2010,1038
34050,서산시,2011,1030
34050,서산시,2012,1044
34050,서산시,2013,1052
34050,서산시,2014,1036
34050,서산시,2015,1037
34050,서산시,2016,1007
34050,서산시,2017,977
34050,서산시,2018,1003
34050,서산시,2019,873
34050,서산시,2020,742
34050,서산시,2021,759
34050,서산시,2022,751
34050,서산시,2023,704
34050,서산시,2024,792
34050,서산시,2025,801
34060,논산시,2005,690
34060,논산시,2006,712
34060,논산시,2007,665
34060,논산시,2008,644
34060,논산시,2009,575
34060,논산시,2010,642
34060,논산시,2011,625
34060,논산시,2012,621
34060,논산시,2013,546
34060,논산시,2014,545
34060,논산시,2015,558
34060,논산시,2016,529
34060,논산시,2017,484
34060,논산시,2018,489
34060,논산시,2019,428
34060,논산시,2020,361
34060,논산시,2021,314
34060,논산시,2022,356
34060,논산시,2023,402
34060,논산시,2024,385
34060,논산시,2025,366
34070,계룡시,2005,156
34070,계룡시,2006,212
34070,계룡시,2007,216
34070,계룡시,2008,224
34070,계룡시,2009,221
34070,계룡시,2010,176
34070,계룡시,2011,170
34070,계룡시,2012,180
34070,계룡시,2013,179
34070,계룡시,2014,143
34070,계룡시,2015,171
34070,계룡시,2016,171
34070,계룡시,2017,130
34070,계룡시,2018,123
34070,계룡시,2019,119
34070,계룡시,2020,119
34070,계룡시,2021,120
34070,계룡시,2022,132
34070,계룡시,2023,171
34070,계룡시,2024,191
34070,계룡시,2025,152
34080,당진시,2012,1171
34080,당진시,2013,1255
34080,당진시,2014,1183
34080,당진시,2015,1228
34080,당진시,2016,1124
34080,당진시,2017,1047
34080,당진시,2018,1062
34080,당진시,2019,851
34080,당진시,2020,756
34080,당진시,2021,688
34080,당진시,2022,725
34080,당진시,2023,748
34080,당진시,2024,806
34080,당진시,2025,872
34320,연기군(변동전),2005,479
34320,연기군(변동전),2006,567
34320,연기군(변동전),2007,552
34320,연기군(변동전),2008,520
34320,연기군(변동전),2009,497
34320,연기군(변동전),2010,501
34320,연기군(변동전),2011,479
34390,당진군(변동전),2005,750
34390,당진군(변동전),2006,815
34390,당진군(변동전),2007,941
34390,당진군(변동전),2008,969
34390,당진군(변동전),2009,993
34390,당진군(변동전),2010,890
34390,당진군(변동전),2011,899
34510,금산군,2005,357
34510,금산군,2006,308
34510,금산군,2007,339
34510,금산군,2008,360
34510,금산군,2009,289
34510,금산군,2010,329
34510,금산군,2011,271
34510,금산군,2012,256
34510,금산군,2013,235
34510,금산군,2014,225
34510,금산군,2015,229
34510,금산군,2016,197
34510,금산군,2017,149
34510,금산군,2018,165
34510,금산군,2019,170
34510,금산군,2020,110
34510,금산군,2021,107
34510,금산군,2022,134
34510,금산군,2023,123
34510,금산군,2024,118
34510,금산군,2025,116
34530,부여군,2005,356
34530,부여군,2006,360
34530,부여군,2007,360
34530,부여군,2008,338
34530,부여군,2009,283
34530,부여군,2010,368
34530,부여군,2011,315
34530,부여군,2012,258
34530,부여군,2013,270
34530,부여군,2014,269
34530,부여군,2015,264
34530,부여군,2016,237
34530,부여군,2017,220
34530,부여군,2018,206
34530,부여군,2019,169
34530,부여군,2020,145
34530,부여군,2021,149
34530,부여군,2022,162
34530,부여군,2023,139
34530,부여군,2024,158
34530,부여군,2025,146
34540,서천군,2005,266
34540,서천군,2006,305
34540,서천군,2007,265
34540,서천군,2008,265
34540,서천군,2009,251
34540,서천군,2010,249
34540,서천군,2011,223
34540,서천군,2012,242
34540,서천군,2013,247
34540,서천군,2014,208
34540,서천군,2015,209
34540,서천군,2016,188
34540,서천군,2017,172
34540,서천군,2018,175
34540,서천군,2019,153
34540,서천군,2020,119
34540,서천군,2021,110
34540,서천군,2022,105
34540,서천군,2023,142
34540,서천군,2024,119
34540,서천군,2025,125
34550,청양군,2005,152
34550,청양군,2006,149
34550,청양군,2007,166
34550,청양군,2008,141
34550,청양군,2009,160
34550,청양군,2010,153
34550,청양군,2011,145
34550,청양군,2012,138
34550,청양군,2013,122
34550,청양군,2014,129
34550,청양군,2015,112
34550,청양군,2016,115
34550,청양군,2017,108
34550,청양군,2018,93
34550,청양군,2019,91
34550,청양군,2020,72
34550,청양군,2021,71
34550,청양군,2022,67
34550,청양군,2023,77
34550,청양군,2024,80
34550,청양군,2025,76
34560,홍성군,2005,462
34560,홍성군,2006,479
34560,홍성군,2007,480
34560,홍성군,2008,438
34560,홍성군,2009,383
34560,홍성군,2010,443
34560,홍성군,2011,406
34560,홍성군,2012,432
34560,홍성군,2013,402
34560,홍성군,2014,409
34560,홍성군,2015,454
34560,홍성군,2016,522
34560,홍성군,2017,494
34560,홍성군,2018,490
34560,홍성군,2019,408
34560,홍성군,2020,348
34560,홍성군,2021,295
34560,홍성군,2022,325
34560,홍성군,2023,322
34560,홍성군,2024,337
34560,홍성군,2025,405
34570,예산군,2005,467
34570,예산군,2006,509
34570,예산군,2007,442
34570,예산군,2008,444
34570,예산군,2009,435
34570,예산군,2010,432
34570,예산군,2011,442
34570,예산군,2012,408
34570,예산군,2013,375
34570,예산군,2014,390
34570,예산군,2015,338
34570,예산군,2016,306
34570,예산군,2017,283
34570,예산군,2018,264
34570,예산군,2019,291
34570,예산군,2020,240
34570,예산군,2021,200
34570,예산군,2022,214
34570,예산군,2023,287
34570,예산군,2024,335
34570,예산군,2025,297
34580,태안군,2005,326
34580,태안군,2006,366
34580,태안군,2007,366
34580,태안군,2008,361
34580,태안군,2009,338
34580,태안군,2010,318
34580,태안군,2011,302
34580,태안군,2012,327
34580,태안군,2013,287
34580,태안군,2014,299
34580,태안군,2015,292
34580,태안군,2016,270
34580,태안군,2017,242
34580,태안군,2018,226
34580,태안군,2019,262
34580,태안군,2020,205
34580,태안군,2021,215
34580,태안군,2022,221
34580,태안군,2023,175
34580,태안군,2024,230
34580,태안군,2025,190
35,전북특별자치도,2005,10196
35,전북특별자치도,2006,10429
35,전북특별자치도,2007,10864
35,전북특별자치도,2008,10399
35,전북특별자치도,2009,9605
35,전북특별자치도,2010,10525
35,전북특별자치도,2011,10353
35,전북특별자치도,2012,10022
35,전북특별자치도,2013,9823
35,전북특별자치도,2014,9211
35,전북특별자치도,2015,9060
35,전북특별자치도,2016,8216
35,전북특별자치도,2017,7817
35,전북특별자치도,2018,7219
35,전북특별자치도,2019,7005
35,전북특별자치도,2020,6053
35,전북특별자치도,2021,5325
35,전북특별자치도,2022,5394
35,전북특별자치도,2023,5483
35,전북특별자치도,2024,6388
35,전북특별자치도,2025,6348
35010,전주시,2005,3235
35010,전주시,2006,3438
35010,전주시,2007,3653
35010,전주시,2008,3490
35010,전주시,2009,3335
35010,전주시,2010,3622
35010,전주시,2011,3765
35010,전주시,2012,3574
35010,전주시,2013,3725
35010,전주시,2014,3457
35010,전주시,2015,3406
35010,전주시,2016,3084
35010,전주시,2017,2911
35010,전주시,2018,2944
35010,전주시,2019,2828
35010,전주시,2020,2447
35010,전주시,2021,2185
35010,전주시,2022,2299
35010,전주시,2023,2210
35010,전주시,2024,2648
35010,전주시,2025,2419
35011,완산구,2005,1668
35011,완산구,2006,1822
35011,완산구,2007,1871
35011,완산구,2008,1815
35011,완산구,2009,1667
35011,완산구,2010,1832
35011,완산구,2011,2040
35011,완산구,2012,1924
35011,완산구,2013,1963
35011,완산구,2014,1853
35011,완산구,2015,1827
35011,완산구,2016,1631
35011,완산구,2017,1540
35011,완산구,2018,1440
35011,완산구,2019,1290
35011,완산구,2020,1190
35011,완산구,2021,1023
35011,완산구,2022,1154
35011,완산구,2023,1049
35011,완산구,2024,1242
35011,완산구,2025,1109
35012,덕진구,2005,1567
35012,덕진구,2006,1616
35012,덕진구,2007,1782
35012,덕진구,2008,1675
35012,덕진구,2009,1668
35012,덕진구,2010,1790
35012,덕진구,2011,1725
35012,덕진구,2012,1650
35012,덕진구,2013,1762
35012,덕진구,2014,1604
35012,덕진구,2015,1579
35012,덕진구,2016,1453
35012,덕진구,2017,1371
35012,덕진구,2018,1504
35012,덕진구,2019,1538
35012,덕진구,2020,1257
35012,덕진구,2021,1162
35012,덕진구,2022,1145
35012,덕진구,2023,1161
35012,덕진구,2024,1406
35012,덕진구,2025,1310
35020,군산시,2005,1464
35020,군산시,2006,1602
35020,군산시,2007,1656
35020,군산시,2008,1689
35020,군산시,2009,1639
35020,군산시,2010,1856
35020,군산시,2011,1834
35020,군산시,2012,1921
35020,군산시,2013,1705
35020,군산시,2014,1579
35020,군산시,2015,1606
35020,군산시,2016,1437
35020,군산시,2017,1322
35020,군산시,2018,1140
35020,군산시,2019,1089
35020,군산시,2020,1015
35020,군산시,2021,830
35020,군산시,2022,817
35020,군산시,2023,825
35020,군산시,2024,949
35020,군산시,2025,981
35030,익산시,2005,1880
35030,익산시,2006,1747
35030,익산시,2007,1865
35030,익산시,2008,1819
35030,익산시,2009,1592
35030,익산시,2010,1726
35030,익산시,2011,1712
35030,익산시,2012,1627
35030,익산시,2013,1635
35030,익산시,2014,1484
35030,익산시,2015,1544
35030,익산시,2016,1344
35030,익산시,2017,1246
35030,익산시,2018,1063
35030,익산시,2019,1010
35030,익산시,2020,820
35030,익산시,2021,878
35030,익산시,2022,692
35030,익산시,2023,751
35030,익산시,2024,931
35030,익산시,2025,1029
35040,정읍시,2005,670
35040,정읍시,2006,651
35040,정읍시,2007,643
35040,정읍시,2008,610
35040,정읍시,2009,553
35040,정읍시,2010,584
35040,정읍시,2011,556
35040,정읍시,2012,514
35040,정읍시,2013,519
35040,정읍시,2014,503
35040,정읍시,2015,475
35040,정읍시,2016,414
35040,정읍시,2017,437
35040,정읍시,2018,374
35040,정읍시,2019,375
35040,정읍시,2020,306
35040,정읍시,2021,271
35040,정읍시,2022,281
35040,정읍시,2023,306
35040,정읍시,2024,283
35040,정읍시,2025,307
35050,남원시,2005,447
35050,남원시,2006,454
35050,남원시,2007,420
35050,남원시,2008,412
35050,남원시,2009,382
35050,남원시,2010,402
35050,남원시,2011,422
35050,남원시,2012,367
35050,남원시,2013,357
35050,남원시,2014,334
35050,남원시,2015,309
35050,남원시,2016,328
35050,남원시,2017,324
35050,남원시,2018,261
35050,남원시,2019,269
35050,남원시,2020,211
35050,남원시,2021,164
35050,남원시,2022,207
35050,남원시,2023,171
35050,남원시,2024,220
35050,남원시,2025,196
35060,김제시,2005,506
35060,김제시,2006,562
35060,김제시,2007,550
35060,김제시,2008,481
35060,김제시,2009,437
35060,김제시,2010,482
35060,김제시,2011,420
35060,김제시,2012,402
35060,김제시,2013,385
35060,김제시,2014,370
35060,김제시,2015,337
35060,김제시,2016,302
35060,김제시,2017,313
35060,김제시,2018,267
35060,김제시,2019,240
35060,김제시,2020,289
35060,김제시,2021,207
35060,김제시,2022,229
35060,김제시,2023,275
35060,김제시,2024,323
35060,김제시,2025,325
35510,완주군,2005,588
35510,완주군,2006,619
35510,완주군,2007,618
35510,완주군,2008,617
35510,완주군,2009,534
35510,완주군,2010,585
35510,완주군,2011,489
35510,완주군,2012,539
35510,완주군,2013,459
35510,완주군,2014,491
35510,완주군,2015,468
35510,완주군,2016,431
35510,완주군,2017,432
35510,완주군,2018,376
35510,완주군,2019,360
35510,완주군,2020,310
35510,완주군,2021,282
35510,완주군,2022,334
35510,완주군,2023,392
35510,완주군,2024,500
35510,완주군,2025,515
35520,진안군,2005,166
35520,진안군,2006,153
35520,진안군,2007,152
35520,진안군,2008,141
35520,진안군,2009,121
35520,진안군,2010,159
35520,진안군,2011,127
35520,진안군,2012,109
35520,진안군,2013,112
35520,진안군,2014,104
35520,진안군,2015,83
35520,진안군,2016,93
35520,진안군,2017,74
35520,진안군,2018,86
35520,진안군,2019,77
35520,진안군,2020,62
35520,진안군,2021,53
35520,진안군,2022,50
35520,진안군,2023,42
35520,진안군,2024,51
35520,진안군,2025,63
35530,무주군,2005,138
35530,무주군,2006,136
35530,무주군,2007,131
35530,무주군,2008,130
35530,무주군,2009,123
35530,무주군,2010,129
35530,무주군,2011,131
35530,무주군,2012,118
35530,무주군,2013,112
35530,무주군,2014,96
35530,무주군,2015,117
35530,무주군,2016,85
35530,무주군,2017,73
35530,무주군,2018,94
35530,무주군,2019,88
35530,무주군,2020,69
35530,무주군,2021,58
35530,무주군,2022,50
35530,무주군,2023,71
35530,무주군,2024,56
35530,무주군,2025,85
35540,장수군,2005,127
35540,장수군,2006,131
35540,장수군,2007,154
35540,장수군,2008,121
35540,장수군,2009,108
35540,장수군,2010,144
35540,장수군,2011,79
35540,장수군,2012,102
35540,장수군,2013,73
35540,장수군,2014,78
35540,장수군,2015,84
35540,장수군,2016,81
35540,장수군,2017,80
35540,장수군,2018,77
35540,장수군,2019,76
35540,장수군,2020,54
35540,장수군,2021,39
35540,장수군,2022,51
35540,장수군,2023,54
35540,장수군,2024,58
35540,장수군,2025,51
35550,임실군,2005,182
35550,임실군,2006,183
35550,임실군,2007,210
35550,임실군,2008,170
35550,임실군,2009,129
35550,임실군,2010,142
35550,임실군,2011,152
35550,임실군,2012,106
35550,임실군,2013,111
35550,임실군,2014,127
35550,임실군,2015,94
35550,임실군,2016,111
35550,임실군,2017,111
35550,임실군,2018,99
35550,임실군,2019,102
35550,임실군,2020,87
35550,임실군,2021,58
35550,임실군,2022,69
35550,임실군,2023,75
35550,임실군,2024,54
35550,임실군,2025,59
35560,순창군,2005,141
35560,순창군,2006,176
35560,순창군,2007,173
35560,순창군,2008,139
35560,순창군,2009,140
35560,순창군,2010,151
35560,순창군,2011,120
35560,순창군,2012,132
35560,순창군,2013,113
35560,순창군,2014,119
35560,순창군,2015,114
35560,순창군,2016,105
35560,순창군,2017,103
35560,순창군,2018,63
35560,순창군,2019,93
35560,순창군,2020,66
35560,순창군,2021,42
35560,순창군,2022,51
35560,순창군,2023,71
35560,순창군,2024,59
35560,순창군,2025,76
35570,고창군,2005,318
35570,고창군,2006,284
35570,고창군,2007,316
35570,고창군,2008,296
35570,고창군,2009,243
35570,고창군,2010,268
35570,고창군,2011,265
35570,고창군,2012,247
35570,고창군,2013,271
35570,고창군,2014,231
35570,고창군,2015,209
35570,고창군,2016,222
35570,고창군,2017,204
35570,고창군,2018,185
35570,고창군,2019,203
35570,고창군,2020,150
35570,고창군,2021,129
35570,고창군,2022,135
35570,고창군,2023,123
35570,고창군,2024,142
35570,고창군,2025,129
35580,부안군,2005,334
35580,부안군,2006,293
35580,부안군,2007,323
35580,부안군,2008,284
35580,부안군,2009,269
35580,부안군,2010,275
35580,부안군,2011,281
35580,부안군,2012,264
35580,부안군,2013,246
35580,부안군,2014,238
35580,부안군,2015,214
35580,부안군,2016,179
35580,부안군,2017,187
35580,부안군,2018,190
35580,부안군,2019,195
35580,부안군,2020,167
35580,부안군,2021,129
35580,부안군,2022,129
35580,부안군,2023,117
35580,부안군,2024,114
35580,부안군,2025,113
36,전라남도,2005,9984
36,전라남도,2006,10507
36,전라남도,2007,10854
36,전라남도,2008,10480
36,전라남도,2009,10051
36,전라남도,2010,10461
36,전라남도,2011,10266
36,전라남도,2012,9827
36,전라남도,2013,9995
36,전라남도,2014,9357
36,전라남도,2015,9275
36,전라남도,2016,8554
36,전라남도,2017,8049
36,전라남도,2018,7587
36,전라남도,2019,7413
36,전라남도,2020,6365
36,전라남도,2021,6201
36,전라남도,2022,6181
36,전라남도,2023,6157
36,전라남도,2024,7049
36,전라남도,2025,7307
36010,목포시,2005,1428
36010,목포시,2006,1400
36010,목포시,2007,1582
36010,목포시,2008,1569
36010,목포시,2009,1550
36010,목포시,2010,1526
36010,목포시,2011,1480
36010,목포시,2012,1436
36010,목포시,2013,1405
36010,목포시,2014,1215
36010,목포시,2015,1285
36010,목포시,2016,1196
36010,목포시,2017,1050
36010,목포시,2018,884
36010,목포시,2019,882
36010,목포시,2020,743
36010,목포시,2021,725
36010,목포시,2022,701
36010,목포시,2023,681
36010,목포시,2024,736
36010,목포시,2025,755
36020,여수시,2005,1575
36020,여수시,2006,1629
36020,여수시,2007,1689
36020,여수시,2008,1720
36020,여수시,2009,1567
36020,여수시,2010,1820
36020,여수시,2011,1773
36020,여수시,2012,1684
36020,여수시,2013,1797
36020,여수시,2014,1755
36020,여수시,2015,1718
36020,여수시,2016,1453
36020,여수시,2017,1399
36020,여수시,2018,1251
36020,여수시,2019,1257
36020,여수시,2020,1051
36020,여수시,2021,1083
36020,여수시,2022,1103
36020,여수시,2023,1027
36020,여수시,2024,1163
36020,여수시,2025,1079
36030,순천시,2005,1395
36030,순천시,2006,1474
36030,순천시,2007,1506
36030,순천시,2008,1529
36030,순천시,2009,1352
36030,순천시,2010,1424
36030,순천시,2011,1476
36030,순천시,2012,1413
36030,순천시,2013,1444
36030,순천시,2014,1432
36030,순천시,2015,1396
36030,순천시,2016,1304
36030,순천시,2017,1227
36030,순천시,2018,1273
36030,순천시,2019,1164
36030,순천시,2020,1017
36030,순천시,2021,1047
36030,순천시,2022,1056
36030,순천시,2023,1061
36030,순천시,2024,1217
36030,순천시,2025,1273
36040,나주시,2005,437
36040,나주시,2006,491
36040,나주시,2007,538
36040,나주시,2008,497
36040,나주시,2009,471
36040,나주시,2010,442
36040,나주시,2011,407
36040,나주시,2012,458
36040,나주시,2013,417
36040,나주시,2014,414
36040,나주시,2015,567
36040,나주시,2016,593
36040,나주시,2017,623
36040,나주시,2018,591
36040,나주시,2019,582
36040,나주시,2020,488
36040,나주시,2021,514
36040,나주시,2022,444
36040,나주시,2023,487
36040,나주시,2024,536
36040,나주시,2025,559
36060,광양시,2005,852
36060,광양시,2006,902
36060,광양시,2007,908
36060,광양시,2008,875
36060,광양시,2009,902
36060,광양시,2010,966
36060,광양시,2011,1108
36060,광양시,2012,1057
36060,광양시,2013,1040
36060,광양시,2014,936
36060,광양시,2015,880
36060,광양시,2016,809
36060,광양시,2017,790
36060,광양시,2018,748
36060,광양시,2019,661
36060,광양시,2020,595
36060,광양시,2021,587
36060,광양시,2022,638
36060,광양시,2023,689
36060,광양시,2024,895
36060,광양시,2025,929
36510,담양군,2005,261
36510,담양군,2006,293
36510,담양군,2007,309
36510,담양군,2008,262
36510,담양군,2009,233
36510,담양군,2010,235
36510,담양군,2011,218
36510,담양군,2012,203
36510,담양군,2013,224
36510,담양군,2014,176
36510,담양군,2015,184
36510,담양군,2016,156
36510,담양군,2017,175
36510,담양군,2018,146
36510,담양군,2019,153
36510,담양군,2020,146
36510,담양군,2021,106
36510,담양군,2022,124
36510,담양군,2023,135
36510,담양군,2024,119
36510,담양군,2025,135
36520,곡성군,2005,164
36520,곡성군,2006,158
36520,곡성군,2007,163
36520,곡성군,2008,130
36520,곡성군,2009,128
36520,곡성군,2010,135
36520,곡성군,2011,116
36520,곡성군,2012,114
36520,곡성군,2013,103
36520,곡성군,2014,101
36520,곡성군,2015,85
36520,곡성군,2016,94
36520,곡성군,2017,107
36520,곡성군,2018,69
36520,곡성군,2019,83
36520,곡성군,2020,53
36520,곡성군,2021,48
36520,곡성군,2022,49
36520,곡성군,2023,55
36520,곡성군,2024,63
36520,곡성군,2025,72
36530,구례군,2005,127
36530,구례군,2006,143
36530,구례군,2007,153
36530,구례군,2008,127
36530,구례군,2009,136
36530,구례군,2010,143
36530,구례군,2011,120
36530,구례군,2012,112
36530,구례군,2013,106
36530,구례군,2014,108
36530,구례군,2015,91
36530,구례군,2016,109
36530,구례군,2017,79
36530,구례군,2018,78
36530,구례군,2019,73
36530,구례군,2020,51
36530,구례군,2021,51
36530,구례군,2022,49
36530,구례군,2023,48
36530,구례군,2024,56
36530,구례군,2025,47
36550,고흥군,2005,364
36550,고흥군,2006,399
36550,고흥군,2007,337
36550,고흥군,2008,329
36550,고흥군,2009,290
36550,고흥군,2010,314
36550,고흥군,2011,267
36550,고흥군,2012,234
36550,고흥군,2013,255
36550,고흥군,2014,235
36550,고흥군,2015,205
36550,고흥군,2016,219
36550,고흥군,2017,176
36550,고흥군,2018,189
36550,고흥군,2019,209
36550,고흥군,2020,149
36550,고흥군,2021,136
36550,고흥군,2022,141
36550,고흥군,2023,148
36550,고흥군,2024,144
36550,고흥군,2025,146
36560,보성군,2005,238
36560,보성군,2006,233
36560,보성군,2007,246
36560,보성군,2008,226
36560,보성군,2009,226
36560,보성군,2010,235
36560,보성군,2011,183
36560,보성군,2012,189
36560,보성군,2013,174
36560,보성군,2014,133
36560,보성군,2015,173
36560,보성군,2016,144
36560,보성군,2017,122
36560,보성군,2018,139
36560,보성군,2019,93
36560,보성군,2020,97
36560,보성군,2021,96
36560,보성군,2022,93
36560,보성군,2023,85
36560,보성군,2024,80
36560,보성군,2025,99
36570,화순군,2005,376
36570,화순군,2006,380
36570,화순군,2007,412
36570,화순군,2008,418
36570,화순군,2009,368
36570,화순군,2010,368
36570,화순군,2011,334
36570,화순군,2012,328
36570,화순군,2013,304
36570,화순군,2014,280
36570,화순군,2015,242
36570,화순군,2016,222
36570,화순군,2017,243
36570,화순군,2018,205
36570,화순군,2019,201
36570,화순군,2020,201
36570,화순군,2021,187
36570,화순군,2022,182
36570,화순군,2023,184
36570,화순군,2024,202
36570,화순군,2025,252
36580,장흥군,2005,191
36580,장흥군,2006,193
36580,장흥군,2007,182
36580,장흥군,2008,189
36580,장흥군,2009,148
36580,장흥군,2010,166
36580,장흥군,2011,169
36580,장흥군,2012,176
36580,장흥군,2013,192
36580,장흥군,2014,162
36580,장흥군,2015,146
36580,장흥군,2016,125
36580,장흥군,2017,126
36580,장흥군,2018,134
36580,장흥군,2019,157
36580,장흥군,2020,128
36580,장흥군,2021,106
36580,장흥군,2022,103
36580,장흥군,2023,91
36580,장흥군,2024,113
36580,장흥군,2025,123
36590,강진군,2005,185
36590,강진군,2006,180
36590,강진군,2007,185
36590,강진군,2008,162
36590,강진군,2009,168
36590,강진군,2010,173
36590,강진군,2011,192
36590,강진군,2012,166
36590,강진군,2013,159
36590,강진군,2014,149
36590,강진군,2015,134
36590,강진군,2016,138
36590,강진군,2017,126
36590,강진군,2018,121
36590,강진군,2019,120
36590,강진군,2020,91
36590,강진군,2021,75
36590,강진군,2022,80
36590,강진군,2023,88
36590,강진군,2024,97
36590,강진군,2025,104
36600,해남군,2005,420
36600,해남군,2006,475
36600,해남군,2007,384
36600,해남군,2008,367
36600,해남군,2009,332
36600,해남군,2010,355
36600,해남군,2011,347
36600,해남군,2012,365
36600,해남군,2013,344
36600,해남군,2014,315
36600,해남군,2015,298
36600,해남군,2016,251
36600,해남군,2017,275
36600,해남군,2018,284
36600,해남군,2019,263
36600,해남군,2020,237
36600,해남군,2021,157
36600,해남군,2022,187
36600,해남군,2023,177
36600,해남군,2024,189
36600,해남군,2025,207
36610,영암군,2005,368
36610,영암군,2006,350
36610,영암군,2007,392
36610,영암군,2008,366
36610,영암군,2009,396
36610,영암군,2010,418
36610,영암군,2011,396
36610,영암군,2012,337
36610,영암군,2013,368
36610,영암군,2014,340
36610,영암군,2015,289
36610,영암군,2016,261
36610,영암군,2017,234
36610,영암군,2018,190
36610,영암군,2019,226
36610,영암군,2020,205
36610,영암군,2021,182
36610,영암군,2022,199
36610,영암군,2023,179
36610,영암군,2024,210
36610,영암군,2025,178
36620,무안군,2005,311
36620,무안군,2006,327
36620,무안군,2007,392
36620,무안군,2008,382
36620,무안군,2009,436
36620,무안군,2010,476
36620,무안군,2011,437
36620,무안군,2012,358
36620,무안군,2013,432
36620,무안군,2014,439
36620,무안군,2015,454
36620,무안군,2016,384
36620,무안군,2017,356
36620,무안군,2018,348
36620,무안군,2019,278
36620,무안군,2020,310
36620,무안군,2021,422
36620,무안군,2022,367
36620,무안군,2023,341
36620,무안군,2024,457
36620,무안군,2025,521
36630,함평군,2005,161
36630,함평군,2006,167
36630,함평군,2007,192
36630,함평군,2008,177
36630,함평군,2009,181
36630,함평군,2010,159
36630,함평군,2011,129
36630,함평군,2012,137
36630,함평군,2013,147
36630,함평군,2014,132
36630,함평군,2015,106
36630,함평군,2016,116
36630,함평군,2017,96
36630,함평군,2018,120
36630,함평군,2019,97
36630,함평군,2020,82
36630,함평군,2021,60
36630,함평군,2022,77
36630,함평군,2023,66
36630,함평군,2024,85
36630,함평군,2025,92
36640,영광군,2005,278
36640,영광군,2006,302
36640,영광군,2007,324
36640,영광군,2008,272
36640,영광군,2009,269
36640,영광군,2010,259
36640,영광군,2011,271
36640,영광군,2012,264
36640,영광군,2013,305
36640,영광군,2014,258
36640,영광군,2015,237
36640,영광군,2016,238
36640,영광군,2017,221
36640,영광군,2018,200
36640,영광군,2019,259
36640,영광군,2020,200
36640,영광군,2021,175
36640,영광군,2022,160
36640,영광군,2023,175
36640,영광군,2024,223
36640,영광군,2025,220
36650,장성군,2005,248
36650,장성군,2006,276
36650,장성군,2007,260
36650,장성군,2008,242
36650,장성군,2009,239
36650,장성군,2010,215
36650,장성군,2011,199
36650,장성군,2012,184
36650,장성군,2013,184
36650,장성군,2014,223
36650,장성군,2015,190
36650,장성군,2016,175
36650,장성군,2017,141
36650,장성군,2018,157
36650,장성군,2019,176
36650,장성군,2020,154
36650,장성군,2021,108
36650,장성군,2022,111
36650,장성군,2023,123
36650,장성군,2024,140
36650,장성군,2025,183
36660,완도군,2005,267
36660,완도군,2006,271
36660,완도군,2007,271
36660,완도군,2008,238
36660,완도군,2009,275
36660,완도군,2010,254
36660,완도군,2011,286
36660,완도군,2012,259
36660,완도군,2013,265
36660,완도군,2014,241
36660,완도군,2015,266
36660,완도군,2016,254
36660,완도군,2017,219
36660,완도군,2018,196
36660,완도군,2019,211
36660,완도군,2020,150
36660,완도군,2021,141
36660,완도군,2022,129
36660,완도군,2023,146
36660,완도군,2024,132
36660,완도군,2025,124
36670,진도군,2005,138
36670,진도군,2006,192
36670,진도군,2007,168
36670,진도군,2008,156
36670,진도군,2009,128
36670,진도군,2010,148
36670,진도군,2011,139
36670,진도군,2012,142
36670,진도군,2013,148
36670,진도군,2014,114
36670,진도군,2015,143
36670,진도군,2016,125
36670,진도군,2017,110
36670,진도군,2018,114
36670,진도군,2019,120
36670,진도군,2020,91
36670,진도군,2021,81
36670,진도군,2022,76
36670,진도군,2023,76
36670,진도군,2024,88
36670,진도군,2025,90
36680,신안군,2005,200
36680,신안군,2006,272
36680,신안군,2007,261
36680,신안군,2008,247
36680,신안군,2009,256
36680,신안군,2010,230
36680,신안군,2011,219
36680,신안군,2012,211
36680,신안군,2013,182
36680,신안군,2014,199
36680,신안군,2015,186
36680,신안군,2016,188
36680,신안군,2017,154
36680,신안군,2018,150
36680,신안군,2019,148
36680,신안군,2020,126
36680,신안군,2021,114
36680,신안군,2022,112
36680,신안군,2023,95
36680,신안군,2024,104
36680,신안군,2025,119
37,경상북도,2005,14639
37,경상북도,2006,16178
37,경상북도,2007,16623
37,경상북도,2008,15634
37,경상북도,2009,14499
37,경상북도,2010,15592
37,경상북도,2011,15942
37,경상북도,2012,15383
37,경상북도,2013,15421
37,경상북도,2014,14183
37,경상북도,2015,14273
37,경상북도,2016,13363
37,경상북도,2017,12190
37,경상북도,2018,11687
37,경상북도,2019,10637
37,경상북도,2020,9046
37,경상북도,2021,8163
37,경상북도,2022,8180
37,경상북도,2023,8128
37,경상북도,2024,9067
37,경상북도,2025,9160
37010,포항시,2005,2544
37010,포항시,2006,2906
37010,포항시,2007,2987
37010,포항시,2008,3064
37010,포항시,2009,2977
37010,포항시,2010,3195
37010,포항시,2011,3241
37010,포항시,2012,3295
37010,포항시,2013,3342
37010,포항시,2014,3052
37010,포항시,2015,2986
37010,포항시,2016,2599
37010,포항시,2017,2430
37010,포항시,2018,2265
37010,포항시,2019,2155
37010,포항시,2020,1848
37010,포항시,2021,1863
37010,포항시,2022,1743
37010,포항시,2023,1772
37010,포항시,2024,2201
37010,포항시,2025,2126
37011,남구,2005,1347
37011,남구,2006,1551
37011,남구,2007,1626
37011,남구,2008,1756
37011,남구,2009,1594
37011,남구,2010,1715
37011,남구,2011,1774
37011,남구,2012,1684
37011,남구,2013,1711
37011,남구,2014,1561
37011,남구,2015,1526
37011,남구,2016,1357
37011,남구,2017,1196
37011,남구,2018,1119
37011,남구,2019,1088
37011,남구,2020,877
37011,남구,2021,892
37011,남구,2022,820
37011,남구,2023,861
37011,남구,2024,1009
37011,남구,2025,909
37012,북구,2005,1197
37012,북구,2006,1355
37012,북구,2007,1361
37012,북구,2008,1308
37012,북구,2009,1383
37012,북구,2010,1480
37012,북구,2011,1467
37012,북구,2012,1611
37012,북구,2013,1631
37012,북구,2014,1491
37012,북구,2015,1460
37012,북구,2016,1242
37012,북구,2017,1234
37012,북구,2018,1146
37012,북구,2019,1067
37012,북구,2020,971
37012,북구,2021,971
37012,북구,2022,923
37012,북구,2023,911
37012,북구,2024,1192
37012,북구,2025,1217
37020,경주시,2005,1628
37020,경주시,2006,1677
37020,경주시,2007,1679
37020,경주시,2008,1514
37020,경주시,2009,1370
37020,경주시,2010,1399
37020,경주시,2011,1408
37020,경주시,2012,1360
37020,경주시,2013,1459
37020,경주시,2014,1297
37020,경주시,2015,1252
37020,경주시,2016,1130
37020,경주시,2017,1035
37020,경주시,2018,1127
37020,경주시,2019,969
37020,경주시,2020,859
37020,경주시,2021,758
37020,경주시,2022,765
37020,경주시,2023,784
37020,경주시,2024,879
37020,경주시,2025,858
37030,김천시,2005,714
37030,김천시,2006,831
37030,김천시,2007,831
37030,김천시,2008,750
37030,김천시,2009,605
37030,김천시,2010,650
37030,김천시,2011,691
37030,김천시,2012,680
37030,김천시,2013,648
37030,김천시,2014,569
37030,김천시,2015,660
37030,김천시,2016,688
37030,김천시,2017,641
37030,김천시,2018,592
37030,김천시,2019,562
37030,김천시,2020,473
37030,김천시,2021,439
37030,김천시,2022,404
37030,김천시,2023,402
37030,김천시,2024,423
37030,김천시,2025,460
37040,안동시,2005,782
37040,안동시,2006,836
37040,안동시,2007,868
37040,안동시,2008,838
37040,안동시,2009,772
37040,안동시,2010,802
37040,안동시,2011,830
37040,안동시,2012,806
37040,안동시,2013,791
37040,안동시,2014,766
37040,안동시,2015,780
37040,안동시,2016,729
37040,안동시,2017,668
37040,안동시,2018,603
37040,안동시,2019,552
37040,안동시,2020,470
37040,안동시,2021,451
37040,안동시,2022,443
37040,안동시,2023,494
37040,안동시,2024,503
37040,안동시,2025,534
37050,구미시,2005,2606
37050,구미시,2006,3058
37050,구미시,2007,3248
37050,구미시,2008,2962
37050,구미시,2009,2815
37050,구미시,2010,3055
37050,구미시,2011,3276
37050,구미시,2012,3155
37050,구미시,2013,3236
37050,구미시,2014,2810
37050,구미시,2015,2792
37050,구미시,2016,2618
37050,구미시,2017,2470
37050,구미시,2018,2326
37050,구미시,2019,2125
37050,구미시,2020,1794
37050,구미시,2021,1476
37050,구미시,2022,1510
37050,구미시,2023,1499
37050,구미시,2024,1690
37050,구미시,2025,1875
37060,영주시,2005,538
37060,영주시,2006,551
37060,영주시,2007,561
37060,영주시,2008,490
37060,영주시,2009,542
37060,영주시,2010,515
37060,영주시,2011,472
37060,영주시,2012,482
37060,영주시,2013,459
37060,영주시,2014,397
37060,영주시,2015,441
37060,영주시,2016,448
37060,영주시,2017,404
37060,영주시,2018,387
37060,영주시,2019,300
37060,영주시,2020,280
37060,영주시,2021,281
37060,영주시,2022,297
37060,영주시,2023,271
37060,영주시,2024,256
37060,영주시,2025,313
37070,영천시,2005,538
37070,영천시,2006,594
37070,영천시,2007,587
37070,영천시,2008,527
37070,영천시,2009,491
37070,영천시,2010,497
37070,영천시,2011,496
37070,영천시,2012,510
37070,영천시,2013,510
37070,영천시,2014,479
37070,영천시,2015,477
37070,영천시,2016,446
37070,영천시,2017,400
37070,영천시,2018,387
37070,영천시,2019,414
37070,영천시,2020,330
37070,영천시,2021,310
37070,영천시,2022,339
37070,영천시,2023,281
37070,영천시,2024,278
37070,영천시,2025,327
37080,상주시,2005,477
37080,상주시,2006,569
37080,상주시,2007,531
37080,상주시,2008,514
37080,상주시,2009,447
37080,상주시,2010,471
37080,상주시,2011,440
37080,상주시,2012,455
37080,상주시,2013,412
37080,상주시,2014,424
37080,상주시,2015,405
37080,상주시,2016,349
37080,상주시,2017,325
37080,상주시,2018,337
37080,상주시,2019,296
37080,상주시,2020,266
37080,상주시,2021,216
37080,상주시,2022,265
37080,상주시,2023,219
37080,상주시,2024,223
37080,상주시,2025,237
37090,문경시,2005,363
37090,문경시,2006,339
37090,문경시,2007,317
37090,문경시,2008,317
37090,문경시,2009,308
37090,문경시,2010,358
37090,문경시,2011,350
37090,문경시,2012,356
37090,문경시,2013,312
37090,문경시,2014,353
37090,문경시,2015,295
37090,문경시,2016,285
37090,문경시,2017,245
37090,문경시,2018,215
37090,문경시,2019,229
37090,문경시,2020,173
37090,문경시,2021,165
37090,문경시,2022,166
37090,문경시,2023,158
37090,문경시,2024,165
37090,문경시,2025,167
37100,경산시,2005,1396
37100,경산시,2006,1626
37100,경산시,2007,1639
37100,경산시,2008,1568
37100,경산시,2009,1386
37100,경산시,2010,1554
37100,경산시,2011,1604
37100,경산시,2012,1561
37100,경산시,2013,1564
37100,경산시,2014,1479
37100,경산시,2015,1556
37100,경산시,2016,1541
37100,경산시,2017,1341
37100,경산시,2018,1283
37100,경산시,2019,1198
37100,경산시,2020,987
37100,경산시,2021,868
37100,경산시,2022,902
37100,경산시,2023,881
37100,경산시,2024,1008
37100,경산시,2025,975
37310,군위군(변동전),2005,141
37310,군위군(변동전),2006,141
37310,군위군(변동전),2007,124
37310,군위군(변동전),2008,95
37310,군위군(변동전),2009,87
37310,군위군(변동전),2010,114
37310,군위군(변동전),2011,100
37310,군위군(변동전),2012,86
37310,군위군(변동전),2013,66
37310,군위군(변동전),2014,76
37310,군위군(변동전),2015,99
37310,군위군(변동전),2016,61
37310,군위군(변동전),2017,77
37310,군위군(변동전),2018,67
37310,군위군(변동전),2019,64
37310,군위군(변동전),2020,50
37310,군위군(변동전),2021,34
37310,군위군(변동전),2022,33
37520,의성군,2005,304
37520,의성군,2006,272
37520,의성군,2007,272
37520,의성군,2008,234
37520,의성군,2009,227
37520,의성군,2010,242
37520,의성군,2011,217
37520,의성군,2012,208
37520,의성군,2013,195
37520,의성군,2014,187
37520,의성군,2015,184
37520,의성군,2016,190
37520,의성군,2017,151
37520,의성군,2018,141
37520,의성군,2019,154
37520,의성군,2020,131
37520,의성군,2021,90
37520,의성군,2022,85
37520,의성군,2023,118
37520,의성군,2024,104
37520,의성군,2025,111
37530,청송군,2005,125
37530,청송군,2006,123
37530,청송군,2007,152
37530,청송군,2008,125
37530,청송군,2009,113
37530,청송군,2010,120
37530,청송군,2011,132
37530,청송군,2012,95
37530,청송군,2013,111
37530,청송군,2014,116
37530,청송군,2015,103
37530,청송군,2016,113
37530,청송군,2017,91
37530,청송군,2018,87
37530,청송군,2019,81
37530,청송군,2020,63
37530,청송군,2021,63
37530,청송군,2022,67
37530,청송군,2023,58
37530,청송군,2024,51
37530,청송군,2025,56
37540,영양군,2005,79
37540,영양군,2006,110
37540,영양군,2007,78
37540,영양군,2008,88
37540,영양군,2009,81
37540,영양군,2010,74
37540,영양군,2011,71
37540,영양군,2012,72
37540,영양군,2013,61
37540,영양군,2014,73
37540,영양군,2015,66
37540,영양군,2016,68
37540,영양군,2017,46
37540,영양군,2018,54
37540,영양군,2019,50
37540,영양군,2020,45
37540,영양군,2021,43
37540,영양군,2022,39
37540,영양군,2023,47
37540,영양군,2024,30
37540,영양군,2025,40
37550,영덕군,2005,193
37550,영덕군,2006,207
37550,영덕군,2007,225
37550,영덕군,2008,172
37550,영덕군,2009,172
37550,영덕군,2010,182
37550,영덕군,2011,187
37550,영덕군,2012,162
37550,영덕군,2013,165
37550,영덕군,2014,150
37550,영덕군,2015,152
37550,영덕군,2016,155
37550,영덕군,2017,140
37550,영덕군,2018,130
37550,영덕군,2019,105
37550,영덕군,2020,84
37550,영덕군,2021,65
37550,영덕군,2022,81
37550,영덕군,2023,78
37550,영덕군,2024,85
37550,영덕군,2025,102
37560,청도군,2005,218
37560,청도군,2006,216
37560,청도군,2007,228
37560,청도군,2008,210
37560,청도군,2009,184
37560,청도군,2010,181
37560,청도군,2011,178
37560,청도군,2012,183
37560,청도군,2013,202
37560,청도군,2014,164
37560,청도군,2015,151
37560,청도군,2016,141
37560,청도군,2017,120
37560,청도군,2018,130
37560,청도군,2019,107
37560,청도군,2020,87
37560,청도군,2021,72
37560,청도군,2022,87
37560,청도군,2023,91
37560,청도군,2024,78
37560,청도군,2025,73
37570,고령군,2005,156
37570,고령군,2006,242
37570,고령군,2007,235
37570,고령군,2008,171
37570,고령군,2009,153
37570,고령군,2010,147
37570,고령군,2011,166
37570,고령군,2012,166
37570,고령군,2013,185
37570,고령군,2014,152
37570,고령군,2015,132
37570,고령군,2016,127
37570,고령군,2017,118
37570,고령군,2018,111
37570,고령군,2019,88
37570,고령군,2020,63
37570,고령군,2021,61
37570,고령군,2022,56
37570,고령군,2023,77
37570,고령군,2024,78
37570,고령군,2025,66
37580,성주군,2005,238
37580,성주군,2006,240
37580,성주군,2007,233
37580,성주군,2008,227
37580,성주군,2009,181
37580,성주군,2010,210
37580,성주군,2011,218
37580,성주군,2012,207
37580,성주군,2013,207
37580,성주군,2014,175
37580,성주군,2015,152
37580,성주군,2016,155
37580,성주군,2017,157
37580,성주군,2018,184
37580,성주군,2019,141
37580,성주군,2020,132
37580,성주군,2021,114
37580,성주군,2022,98
37580,성주군,2023,125
37580,성주군,2024,114
37580,성주군,2025,101
37590,칠곡군,2005,873
37590,칠곡군,2006,952
37590,칠곡군,2007,1121
37590,칠곡군,2008,1060
37590,칠곡군,2009,940
37590,칠곡군,2010,1179
37590,칠곡군,2011,1242
37590,칠곡군,2012,937
37590,칠곡군,2013,882
37590,칠곡군,2014,844
37590,칠곡군,2015,993
37590,칠곡군,2016,949
37590,칠곡군,2017,807
37590,칠곡군,2018,657
37590,칠곡군,2019,511
37590,칠곡군,2020,406
37590,칠곡군,2021,367
37590,칠곡군,2022,370
37590,칠곡군,2023,370
37590,칠곡군,2024,403
37590,칠곡군,2025,306
37600,예천군,2005,244
37600,예천군,2006,224
37600,예천군,2007,248
37600,예천군,2008,242
37600,예천군,2009,190
37600,예천군,2010,193
37600,예천군,2011,183
37600,예천군,2012,155
37600,예천군,2013,180
37600,예천군,2014,171
37600,예천군,2015,182
37600,예천군,2016,143
37600,예천군,2017,169
37600,예천군,2018,235
37600,예천군,2019,202
37600,예천군,2020,224
37600,예천군,2021,181
37600,예천군,2022,182
37600,예천군,2023,165
37600,예천군,2024,199
37600,예천군,2025,167
37610,봉화군,2005,178
37610,봉화군,2006,160
37610,봉화군,2007,166
37610,봉화군,2008,158
37610,봉화군,2009,151
37610,봉화군,2010,152
37610,봉화군,2011,139
37610,봉화군,2012,144
37610,봉화군,2013,127
37610,봉화군,2014,129
37610,봉화군,2015,121
37610,봉화군,2016,123
37610,봉화군,2017,88
37610,봉화군,2018,81
37610,봉화군,2019,85
37610,봉화군,2020,63
37610,봉화군,2021,67
37610,봉화군,2022,62
37610,봉화군,2023,53
37610,봉화군,2024,65
37610,봉화군,2025,61
37620,울진군,2005,253
37620,울진군,2006,254
37620,울진군,2007,242
37620,울진군,2008,254
37620,울진군,2009,262
37620,울진군,2010,233
37620,울진군,2011,255
37620,울진군,2012,263
37620,울진군,2013,259
37620,울진군,2014,254
37620,울진군,2015,241
37620,울진군,2016,259
37620,울진군,2017,224
37620,울진군,2018,238
37620,울진군,2019,209
37620,울진군,2020,183
37620,울진군,2021,148
37620,울진군,2022,155
37620,울진군,2023,150
37620,울진군,2024,196
37620,울진군,2025,173
37630,울릉군,2005,51
37630,울릉군,2006,50
37630,울릉군,2007,51
37630,울릉군,2008,54
37630,울릉군,2009,45
37630,울릉군,2010,69
37630,울릉군,2011,46
37630,울릉군,2012,45
37630,울릉군,2013,48
37630,울릉군,2014,66
37630,울릉군,2015,53
37630,울릉군,2016,46
37630,울릉군,2017,43
37630,울릉군,2018,50
37630,울릉군,2019,40
37630,울릉군,2020,35
37630,울릉군,2021,31
37630,울릉군,2022,31
37630,울릉군,2023,35
37630,울릉군,2024,38
37630,울릉군,2025,32
38,경상남도,2005,18664
38,경상남도,2006,20789
38,경상남도,2007,21555
38,경상남도,2008,20497
38,경상남도,2009,19494
38,경상남도,2010,21170
38,경상남도,2011,20769
38,경상남도,2012,20140
38,경상남도,2013,20291
38,경상남도,2014,19056
38,경상남도,2015,18671
38,경상남도,2016,17580
38,경상남도,2017,15978
38,경상남도,2018,14996
38,경상남도,2019,13613
38,경상남도,2020,11900
38,경상남도,2021,10531
38,경상남도,2022,10504
38,경상남도,2023,10232
38,경상남도,2024,11429
38,경상남도,2025,11970
38010,창원시(변동전),2005,3038
38010,창원시(변동전),2006,3386
38010,창원시(변동전),2007,3482
38010,창원시(변동전),2008,3319
38010,창원시(변동전),2009,3114
38020,마산시(변동전),2005,2462
38020,마산시(변동전),2006,2657
38020,마산시(변동전),2007,2713
38020,마산시(변동전),2008,2440
38020,마산시(변동전),2009,2201
38030,진주시,2005,1816
38030,진주시,2006,1905
38030,진주시,2007,1861
38030,진주시,2008,1816
38030,진주시,2009,1684
38030,진주시,2010,1854
38030,진주시,2011,1825
38030,진주시,2012,1724
38030,진주시,2013,1787
38030,진주시,2014,1696
38030,진주시,2015,1706
38030,진주시,2016,1667
38030,진주시,2017,1571
38030,진주시,2018,1468
38030,진주시,2019,1386
38030,진주시,2020,1260
38030,진주시,2021,1315
38030,진주시,2022,1101
38030,진주시,2023,1158
38030,진주시,2024,1356
38030,진주시,2025,1328
38040,진해시(변동전),2005,1090
38040,진해시(변동전),2006,1318
38040,진해시(변동전),2007,1406
38040,진해시(변동전),2008,1305
38040,진해시(변동전),2009,1296
38050,통영시,2005,828
38050,통영시,2006,877
38050,통영시,2007,1049
38050,통영시,2008,1104
38050,통영시,2009,1040
38050,통영시,2010,1099
38050,통영시,2011,1053
38050,통영시,2012,929
38050,통영시,2013,871
38050,통영시,2014,820
38050,통영시,2015,802
38050,통영시,2016,723
38050,통영시,2017,589
38050,통영시,2018,546
38050,통영시,2019,454
38050,통영시,2020,394
38050,통영시,2021,341
38050,통영시,2022,353
38050,통영시,2023,283
38050,통영시,2024,294
38050,통영시,2025,310
38060,사천시,2005,684
38060,사천시,2006,724
38060,사천시,2007,777
38060,사천시,2008,747
38060,사천시,2009,681
38060,사천시,2010,738
38060,사천시,2011,710
38060,사천시,2012,669
38060,사천시,2013,710
38060,사천시,2014,676
38060,사천시,2015,607
38060,사천시,2016,553
38060,사천시,2017,552
38060,사천시,2018,523
38060,사천시,2019,423
38060,사천시,2020,421
38060,사천시,2021,374
38060,사천시,2022,352
38060,사천시,2023,406
38060,사천시,2024,399
38060,사천시,2025,458
38070,김해시,2005,2724
38070,김해시,2006,3056
38070,김해시,2007,3208
38070,김해시,2008,3102
38070,김해시,2009,2985
38070,김해시,2010,3238
38070,김해시,2011,3084
38070,김해시,2012,3061
38070,김해시,2013,3320
38070,김해시,2014,3123
38070,김해시,2015,2901
38070,김해시,2016,2750
38070,김해시,2017,2578
38070,김해시,2018,2489
38070,김해시,2019,2425
38070,김해시,2020,2185
38070,김해시,2021,1820
38070,김해시,2022,1829
38070,김해시,2023,1837
38070,김해시,2024,2031
38070,김해시,2025,2163
38080,밀양시,2005,594
38080,밀양시,2006,586
38080,밀양시,2007,566
38080,밀양시,2008,575
38080,밀양시,2009,507
38080,밀양시,2010,506
38080,밀양시,2011,456
38080,밀양시,2012,464
38080,밀양시,2013,470
38080,밀양시,2014,434
38080,밀양시,2015,501
38080,밀양시,2016,390
38080,밀양시,2017,356
38080,밀양시,2018,338
38080,밀양시,2019,309
38080,밀양시,2020,299
38080,밀양시,2021,280
38080,밀양시,2022,253
38080,밀양시,2023,272
38080,밀양시,2024,254
38080,밀양시,2025,310
38090,거제시,2005,1641
38090,거제시,2006,1913
38090,거제시,2007,2043
38090,거제시,2008,2019
38090,거제시,2009,2113
38090,거제시,2010,2337
38090,거제시,2011,2302
38090,거제시,2012,2161
38090,거제시,2013,2186
38090,거제시,2014,2095
38090,거제시,2015,2281
38090,거제시,2016,2040
38090,거제시,2017,1577
38090,거제시,2018,1285
38090,거제시,2019,1071
38090,거제시,2020,835
38090,거제시,2021,760
38090,거제시,2022,771
38090,거제시,2023,672
38090,거제시,2024,762
38090,거제시,2025,744
38100,양산시,2005,1347
38100,양산시,2006,1592
38100,양산시,2007,1664
38100,양산시,2008,1558
38100,양산시,2009,1512
38100,양산시,2010,1677
38100,양산시,2011,1674
38100,양산시,2012,1665
38100,양산시,2013,1793
38100,양산시,2014,1798
38100,양산시,2015,1809
38100,양산시,2016,1828
38100,양산시,2017,1913
38100,양산시,2018,1934
38100,양산시,2019,1650
38100,양산시,2020,1456
38100,양산시,2021,1279
38100,양산시,2022,1212
38100,양산시,2023,1319
38100,양산시,2024,1448
38100,양산시,2025,1365
38110,창원시,2010,7276
38110,창원시,2011,7320
38110,창원시,2012,7256
38110,창원시,2013,6897
38110,창원시,2014,6337
38110,창원시,2015,6094
38110,창원시,2016,5835
38110,창원시,2017,5265
38110,창원시,2018,4928
38110,창원시,2019,4444
38110,창원시,2020,3897
38110,창원시,2021,3421
38110,창원시,2022,3630
38110,창원시,2023,3244
38110,창원시,2024,3843
38110,창원시,2025,4228
38111,의창구,2010,1621
38111,의창구,2011,1595
38111,의창구,2012,1764
38111,의창구,2013,1577
38111,의창구,2014,1580
38111,의창구,2015,1547
38111,의창구,2016,1374
38111,의창구,2017,1292
38111,의창구,2018,1192
38111,의창구,2019,1188
38111,의창구,2020,1110
38111,의창구,2021,800
38111,의창구,2022,831
38111,의창구,2023,655
38111,의창구,2024,827
38111,의창구,2025,857
38112,성산구,2010,1792
38112,성산구,2011,1811
38112,성산구,2012,1730
38112,성산구,2013,1711
38112,성산구,2014,1490
38112,성산구,2015,1367
38112,성산구,2016,1319
38112,성산구,2017,1186
38112,성산구,2018,1200
38112,성산구,2019,984
38112,성산구,2020,884
38112,성산구,2021,857
38112,성산구,2022,981
38112,성산구,2023,858
38112,성산구,2024,1110
38112,성산구,2025,1257
38113,마산합포구,2010,1112
38113,마산합포구,2011,1106
38113,마산합포구,2012,1050
38113,마산합포구,2013,1024
38113,마산합포구,2014,905
38113,마산합포구,2015,955
38113,마산합포구,2016,902
38113,마산합포구,2017,855
38113,마산합포구,2018,811
38113,마산합포구,2019,701
38113,마산합포구,2020,557
38113,마산합포구,2021,546
38113,마산합포구,2022,573
38113,마산합포구,2023,576
38113,마산합포구,2024,618
38113,마산합포구,2025,689
38114,마산회원구,2010,1408
38114,마산회원구,2011,1383
38114,마산회원구,2012,1292
38114,마산회원구,2013,1269
38114,마산회원구,2014,1129
38114,마산회원구,2015,981
38114,마산회원구,2016,1046
38114,마산회원구,2017,860
38114,마산회원구,2018,745
38114,마산회원구,2019,690
38114,마산회원구,2020,627
38114,마산회원구,2021,507
38114,마산회원구,2022,508
38114,마산회원구,2023,440
38114,마산회원구,2024,568
38114,마산회원구,2025,637
38115,진해구,2010,1343
38115,진해구,2011,1425
38115,진해구,2012,1420
38115,진해구,2013,1316
38115,진해구,2014,1233
38115,진해구,2015,1244
38115,진해구,2016,1194
38115,진해구,2017,1072
38115,진해구,2018,980
38115,진해구,2019,881
38115,진해구,2020,719
38115,진해구,2021,711
38115,진해구,2022,737
38115,진해구,2023,715
38115,진해구,2024,720
38115,진해구,2025,788
38510,의령군,2005,126
38510,의령군,2006,160
38510,의령군,2007,153
38510,의령군,2008,159
38510,의령군,2009,142
38510,의령군,2010,126
38510,의령군,2011,132
38510,의령군,2012,107
38510,의령군,2013,101
38510,의령군,2014,108
38510,의령군,2015,98
38510,의령군,2016,86
38510,의령군,2017,84
38510,의령군,2018,77
38510,의령군,2019,77
38510,의령군,2020,74
38510,의령군,2021,52
38510,의령군,2022,58
38510,의령군,2023,44
38510,의령군,2024,73
38510,의령군,2025,56
38520,함안군,2005,364
38520,함안군,2006,385
38520,함안군,2007,466
38520,함안군,2008,440
38520,함안군,2009,371
38520,함안군,2010,382
38520,함안군,2011,372
38520,함안군,2012,366
38520,함안군,2013,383
38520,함안군,2014,403
38520,함안군,2015,362
38520,함안군,2016,319
38520,함안군,2017,282
38520,함안군,2018,212
38520,함안군,2019,216
38520,함안군,2020,177
38520,함안군,2021,132
38520,함안군,2022,121
38520,함안군,2023,140
38520,함안군,2024,132
38520,함안군,2025,141
38530,창녕군,2005,322
38530,창녕군,2006,352
38530,창녕군,2007,309
38530,창녕군,2008,297
38530,창녕군,2009,303
38530,창녕군,2010,297
38530,창녕군,2011,310
38530,창녕군,2012,331
38530,창녕군,2013,311
38530,창녕군,2014,291
38530,창녕군,2015,276
38530,창녕군,2016,276
38530,창녕군,2017,249
38530,창녕군,2018,218
38530,창녕군,2019,196
38530,창녕군,2020,171
38530,창녕군,2021,135
38530,창녕군,2022,125
38530,창녕군,2023,143
38530,창녕군,2024,152
38530,창녕군,2025,137
38540,고성군,2005,280
38540,고성군,2006,299
38540,고성군,2007,303
38540,고성군,2008,316
38540,고성군,2009,338
38540,고성군,2010,369
38540,고성군,2011,351
38540,고성군,2012,300
38540,고성군,2013,292
38540,고성군,2014,276
38540,고성군,2015,254
38540,고성군,2016,214
38540,고성군,2017,183
38540,고성군,2018,162
38540,고성군,2019,146
38540,고성군,2020,112
38540,고성군,2021,97
38540,고성군,2022,111
38540,고성군,2023,122
38540,고성군,2024,96
38540,고성군,2025,118
38550,남해군,2005,199
38550,남해군,2006,253
38550,남해군,2007,250
38550,남해군,2008,196
38550,남해군,2009,197
38550,남해군,2010,191
38550,남해군,2011,173
38550,남해군,2012,168
38550,남해군,2013,160
38550,남해군,2014,159
38550,남해군,2015,134
38550,남해군,2016,121
38550,남해군,2017,122
38550,남해군,2018,116
38550,남해군,2019,118
38550,남해군,2020,91
38550,남해군,2021,75
38550,남해군,2022,84
38550,남해군,2023,81
38550,남해군,2024,79
38550,남해군,2025,107
38560,하동군,2005,249
38560,하동군,2006,270
38560,하동군,2007,310
38560,하동군,2008,250
38560,하동군,2009,252
38560,하동군,2010,250
38560,하동군,2011,229
38560,하동군,2012,211
38560,하동군,2013,203
38560,하동군,2014,188
38560,하동군,2015,197
38560,하동군,2016,184
38560,하동군,2017,115
38560,하동군,2018,138
38560,하동군,2019,150
38560,하동군,2020,109
38560,하동군,2021,91
38560,하동군,2022,89
38560,하동군,2023,106
38560,하동군,2024,96
38560,하동군,2025,82
38570,산청군,2005,191
38570,산청군,2006,211
38570,산청군,2007,196
38570,산청군,2008,150
38570,산청군,2009,140
38570,산청군,2010,135
38570,산청군,2011,134
38570,산청군,2012,124
38570,산청군,2013,129
38570,산청군,2014,112
38570,산청군,2015,133
38570,산청군,2016,115
38570,산청군,2017,98
38570,산청군,2018,115
38570,산청군,2019,107
38570,산청군,2020,88
38570,산청군,2021,76
38570,산청군,2022,73
38570,산청군,2023,68
38570,산청군,2024,67
38570,산청군,2025,72
38580,함양군,2005,178
38580,함양군,2006,259
38580,함양군,2007,210
38580,함양군,2008,176
38580,함양군,2009,173
38580,함양군,2010,206
38580,함양군,2011,166
38580,함양군,2012,157
38580,함양군,2013,169
38580,함양군,2014,144
38580,함양군,2015,147
38580,함양군,2016,123
38580,함양군,2017,108
38580,함양군,2018,121
38580,함양군,2019,114
38580,함양군,2020,81
38580,함양군,2021,70
38580,함양군,2022,90
38580,함양군,2023,88
38580,함양군,2024,65
38580,함양군,2025,68
38590,거창군,2005,288
38590,거창군,2006,324
38590,거창군,2007,345
38590,거창군,2008,304
38590,거창군,2009,257
38590,거창군,2010,277
38590,거창군,2011,260
38590,거창군,2012,258
38590,거창군,2013,283
38590,거창군,2014,238
38590,거창군,2015,220
38590,거창군,2016,234
38590,거창군,2017,189
38590,거창군,2018,197
38590,거창군,2019,203
38590,거창군,2020,168
38590,거창군,2021,139
38590,거창군,2022,163
38590,거창군,2023,155
38590,거창군,2024,198
38590,거창군,2025,199
38600,합천군,2005,243
38600,합천군,2006,262
38600,합천군,2007,244
38600,합천군,2008,224
38600,합천군,2009,188
38600,합천군,2010,212
38600,합천군,2011,218
38600,합천군,2012,189
38600,합천군,2013,226
38600,합천군,2014,158
38600,합천군,2015,149
38600,합천군,2016,122
38600,합천군,2017,147
38600,합천군,2018,129
38600,합천군,2019,124
38600,합천군,2020,82
38600,합천군,2021,74
38600,합천군,2022,89
38600,합천군,2023,94
38600,합천군,2024,84
38600,합천군,2025,84
39,제주특별자치도,2005,3382
39,제주특별자치도,2006,3576
39,제주특별자치도,2007,3495
39,제주특별자치도,2008,3445
39,제주특별자치도,2009,3279
39,제주특별자치도,2010,3515
39,제주특별자치도,2011,3582
39,제주특별자치도,2012,3482
39,제주특별자치도,2013,3638
39,제주특별자치도,2014,3593
39,제주특별자치도,2015,3676
39,제주특별자치도,2016,3705
39,제주특별자치도,2017,3654
39,제주특별자치도,2018,3638
39,제주특별자치도,2019,3358
39,제주특별자치도,2020,2981
39,제주특별자치도,2021,2661
39,제주특별자치도,2022,2718
39,제주특별자치도,2023,2614
39,제주특별자치도,2024,2744
39,제주특별자치도,2025,2783
39010,제주시,2005,1865
39010,제주시,2006,2564
39010,제주시,2007,2511
39010,제주시,2008,2521
39010,제주시,2009,2374
39010,제주시,2010,2544
39010,제주시,2011,2674
39010,제주시,2012,2573
39010,제주시,2013,2736
39010,제주시,2014,2719
39010,제주시,2015,2696
39010,제주시,2016,2734
39010,제주시,2017,2735
39010,제주시,2018,2666
39010,제주시,2019,2457
39010,제주시,2020,2214
39010,제주시,2021,1933
39010,제주시,2022,2034
39010,제주시,2023,1964
39010,제주시,2024,2099
39010,제주시,2025,2153
39020,서귀포시,2005,476
39020,서귀포시,2006,1012
39020,서귀포시,2007,984
39020,서귀포시,2008,924
39020,서귀포시,2009,905
39020,서귀포시,2010,971
39020,서귀포시,2011,908
39020,서귀포시,2012,909
39020,서귀포시,2013,902
39020,서귀포시,2014,874
39020,서귀포시,2015,980
39020,서귀포시,2016,971
39020,서귀포시,2017,919
39020,서귀포시,2018,972
39020,서귀포시,2019,901
39020,서귀포시,2020,767
39020,서귀포시,2021,728
39020,서귀포시,2022,684
39020,서귀포시,2023,650
39020,서귀포시,2024,645
39020,서귀포시,2025,630
39310,북제주군(변동전),2005,611
39320,남제주군(변동전),2005,430
90,국외,2005,12288
90,국외,2006,9953
90,국외,2007,9520
90,국외,2008,8312
90,국외,2009,8791
90,국외,2010,8525
90,국외,2011,7933
90,국외,2012,7781
90,국외,2013,7909
90,국외,2014,7724
90,국외,2015,6704
90,국외,2016,5096
90,국외,2017,5115
90,국외,2018,5283
90,국외,2019,5248
90,국외,2020,3385
90,국외,2021,3163
90,국외,2022,3804
90,국외,2023,4094
90,국외,2024,4279
90,국외,2025,4217
