year,mcode,name,sex,age_band,value
2015,00,전국,M,20-24,0.0
2016,00,전국,M,20-24,0.0
2017,00,전국,M,20-24,0.0
2018,00,전국,M,20-24,0.0
2019,00,전국,M,20-24,0.0
2020,00,전국,M,20-24,0.0
2021,00,전국,M,20-24,0.0
2022,00,전국,M,20-24,0.0
2023,00,전국,M,20-24,0.0
2024,00,전국,M,20-24,0.0
2025,00,전국,M,20-24,0.0
2015,00,전국,M,25-29,0.0
2016,00,전국,M,25-29,0.0
2017,00,전국,M,25-29,0.0
2018,00,전국,M,25-29,0.0
2019,00,전국,M,25-29,0.0
2020,00,전국,M,25-29,0.0
2021,00,전국,M,25-29,0.0
2022,00,전국,M,25-29,0.0
2023,00,전국,M,25-29,0.0
2024,00,전국,M,25-29,0.0
2025,00,전국,M,25-29,0.0
2015,00,전국,M,30-34,0.0
2016,00,전국,M,30-34,0.0
2017,00,전국,M,30-34,0.0
2018,00,전국,M,30-34,0.0
2019,00,전국,M,30-34,0.0
2020,00,전국,M,30-34,0.0
2021,00,전국,M,30-34,0.0
2022,00,전국,M,30-34,0.0
2023,00,전국,M,30-34,0.0
2024,00,전국,M,30-34,0.0
2025,00,전국,M,30-34,0.0
2015,00,전국,F,20-24,0.0
2016,00,전국,F,20-24,0.0
2017,00,전국,F,20-24,0.0
2018,00,전국,F,20-24,0.0
2019,00,전국,F,20-24,0.0
2020,00,전국,F,20-24,0.0
2021,00,전국,F,20-24,0.0
2022,00,전국,F,20-24,0.0
2023,00,전국,F,20-24,0.0
2024,00,전국,F,20-24,0.0
2025,00,전국,F,20-24,0.0
2015,00,전국,F,25-29,0.0
2016,00,전국,F,25-29,0.0
2017,00,전국,F,25-29,0.0
2018,00,전국,F,25-29,0.0
2019,00,전국,F,25-29,0.0
2020,00,전국,F,25-29,0.0
2021,00,전국,F,25-29,0.0
2022,00,전국,F,25-29,0.0
2023,00,전국,F,25-29,0.0
2024,00,전국,F,25-29,0.0
2025,00,전국,F,25-29,0.0
2015,00,전국,F,30-34,0.0
2016,00,전국,F,30-34,0.0
2017,00,전국,F,30-34,0.0
2018,00,전국,F,30-34,0.0
2019,00,전국,F,30-34,0.0
2020,00,전국,F,30-34,0.0
2021,00,전국,F,30-34,0.0
2022,00,전국,F,30-34,0.0
2023,00,전국,F,30-34,0.0
2024,00,전국,F,30-34,0.0
2025,00,전국,F,30-34,0.0
2015,11,서울특별시,M,20-24,1.2
2016,11,서울특별시,M,20-24,1.6
2017,11,서울특별시,M,20-24,1.9
2018,11,서울특별시,M,20-24,1.9
2019,11,서울특별시,M,20-24,2.5
2020,11,서울특별시,M,20-24,2.3
2021,11,서울특별시,M,20-24,2.3
2022,11,서울특별시,M,20-24,4.3
2023,11,서울특별시,M,20-24,3.8
2024,11,서울특별시,M,20-24,3.5
2025,11,서울특별시,M,20-24,3.8
2015,11,서울특별시,M,25-29,0.6
2016,11,서울특별시,M,25-29,1.0
2017,11,서울특별시,M,25-29,1.6
2018,11,서울특별시,M,25-29,2.0
2019,11,서울특별시,M,25-29,2.4
2020,11,서울특별시,M,25-29,2.1
2021,11,서울특별시,M,25-29,1.6
2022,11,서울특별시,M,25-29,2.9
2023,11,서울특별시,M,25-29,2.6
2024,11,서울특별시,M,25-29,1.8
2025,11,서울특별시,M,25-29,1.7
2015,11,서울특별시,M,30-34,-2.8
2016,11,서울특별시,M,30-34,-2.7
2017,11,서울특별시,M,30-34,-2.0
2018,11,서울특별시,M,30-34,-2.1
2019,11,서울특별시,M,30-34,-1.4
2020,11,서울특별시,M,30-34,-1.3
2021,11,서울특별시,M,30-34,-2.6
2022,11,서울특별시,M,30-34,-1.4
2023,11,서울특별시,M,30-34,-1.1
2024,11,서울특별시,M,30-34,-1.4
2025,11,서울특별시,M,30-34,-1.2
2015,11,서울특별시,F,20-24,3.0
2016,11,서울특별시,F,20-24,3.5
2017,11,서울특별시,F,20-24,4.3
2018,11,서울특별시,F,20-24,5.3
2019,11,서울특별시,F,20-24,6.2
2020,11,서울특별시,F,20-24,6.4
2021,11,서울특별시,F,20-24,5.8
2022,11,서울특별시,F,20-24,7.5
2023,11,서울특별시,F,20-24,6.4
2024,11,서울특별시,F,20-24,6.1
2025,11,서울특별시,F,20-24,6.1
2015,11,서울특별시,F,25-29,0.2
2016,11,서울특별시,F,25-29,0.3
2017,11,서울특별시,F,25-29,1.2
2018,11,서울특별시,F,25-29,1.9
2019,11,서울특별시,F,25-29,2.3
2020,11,서울특별시,F,25-29,2.1
2021,11,서울특별시,F,25-29,0.9
2022,11,서울특별시,F,25-29,1.7
2023,11,서울특별시,F,25-29,1.7
2024,11,서울특별시,F,25-29,0.9
2025,11,서울특별시,F,25-29,1.0
2015,11,서울특별시,F,30-34,-3.1
2016,11,서울특별시,F,30-34,-3.0
2017,11,서울특별시,F,30-34,-2.3
2018,11,서울특별시,F,30-34,-2.5
2019,11,서울특별시,F,30-34,-1.6
2020,11,서울특별시,F,30-34,-1.7
2021,11,서울특별시,F,30-34,-3.0
2022,11,서울특별시,F,30-34,-2.1
2023,11,서울특별시,F,30-34,-1.8
2024,11,서울특별시,F,30-34,-2.0
2025,11,서울특별시,F,30-34,-1.5
2015,11110,종로구,M,20-24,3.7
2016,11110,종로구,M,20-24,3.6
2017,11110,종로구,M,20-24,7.4
2018,11110,종로구,M,20-24,2.8
2019,11110,종로구,M,20-24,2.6
2020,11110,종로구,M,20-24,2.1
2021,11110,종로구,M,20-24,4.3
2022,11110,종로구,M,20-24,6.5
2023,11110,종로구,M,20-24,5.8
2024,11110,종로구,M,20-24,7.1
2025,11110,종로구,M,20-24,5.5
2015,11110,종로구,M,25-29,-0.9
2016,11110,종로구,M,25-29,-2.6
2017,11110,종로구,M,25-29,0.2
2018,11110,종로구,M,25-29,-1.9
2019,11110,종로구,M,25-29,-1.6
2020,11110,종로구,M,25-29,0.6
2021,11110,종로구,M,25-29,-2.2
2022,11110,종로구,M,25-29,0.1
2023,11110,종로구,M,25-29,-0.1
2024,11110,종로구,M,25-29,0.5
2025,11110,종로구,M,25-29,0.1
2015,11110,종로구,M,30-34,-5.6
2016,11110,종로구,M,30-34,-6.5
2017,11110,종로구,M,30-34,0.1
2018,11110,종로구,M,30-34,-4.6
2019,11110,종로구,M,30-34,-5.8
2020,11110,종로구,M,30-34,-4.9
2021,11110,종로구,M,30-34,-5.9
2022,11110,종로구,M,30-34,-4.9
2023,11110,종로구,M,30-34,-2.8
2024,11110,종로구,M,30-34,-2.4
2025,11110,종로구,M,30-34,-3.0
2015,11110,종로구,F,20-24,1.6
2016,11110,종로구,F,20-24,3.5
2017,11110,종로구,F,20-24,3.7
2018,11110,종로구,F,20-24,2.4
2019,11110,종로구,F,20-24,4.3
2020,11110,종로구,F,20-24,3.2
2021,11110,종로구,F,20-24,4.4
2022,11110,종로구,F,20-24,6.3
2023,11110,종로구,F,20-24,5.5
2024,11110,종로구,F,20-24,6.2
2025,11110,종로구,F,20-24,7.9
2015,11110,종로구,F,25-29,-2.2
2016,11110,종로구,F,25-29,-2.5
2017,11110,종로구,F,25-29,0.6
2018,11110,종로구,F,25-29,0.2
2019,11110,종로구,F,25-29,-2.5
2020,11110,종로구,F,25-29,0.4
2021,11110,종로구,F,25-29,0.8
2022,11110,종로구,F,25-29,0.9
2023,11110,종로구,F,25-29,-1.8
2024,11110,종로구,F,25-29,0.5
2025,11110,종로구,F,25-29,-1.0
2015,11110,종로구,F,30-34,-3.1
2016,11110,종로구,F,30-34,-5.5
2017,11110,종로구,F,30-34,0.6
2018,11110,종로구,F,30-34,-3.2
2019,11110,종로구,F,30-34,-4.0
2020,11110,종로구,F,30-34,-4.6
2021,11110,종로구,F,30-34,-3.3
2022,11110,종로구,F,30-34,-3.1
2023,11110,종로구,F,30-34,-3.7
2024,11110,종로구,F,30-34,-2.5
2025,11110,종로구,F,30-34,-3.6
2015,11140,중구,M,20-24,2.2
2016,11140,중구,M,20-24,5.3
2017,11140,중구,M,20-24,6.3
2018,11140,중구,M,20-24,6.2
2019,11140,중구,M,20-24,7.3
2020,11140,중구,M,20-24,6.2
2021,11140,중구,M,20-24,3.4
2022,11140,중구,M,20-24,7.3
2023,11140,중구,M,20-24,9.6
2024,11140,중구,M,20-24,5.1
2025,11140,중구,M,20-24,7.8
2015,11140,중구,M,25-29,1.1
2016,11140,중구,M,25-29,1.7
2017,11140,중구,M,25-29,3.0
2018,11140,중구,M,25-29,3.5
2019,11140,중구,M,25-29,3.1
2020,11140,중구,M,25-29,1.8
2021,11140,중구,M,25-29,2.6
2022,11140,중구,M,25-29,5.5
2023,11140,중구,M,25-29,5.9
2024,11140,중구,M,25-29,2.8
2025,11140,중구,M,25-29,1.0
2015,11140,중구,M,30-34,-2.1
2016,11140,중구,M,30-34,-1.8
2017,11140,중구,M,30-34,-0.2
2018,11140,중구,M,30-34,1.3
2019,11140,중구,M,30-34,0.9
2020,11140,중구,M,30-34,-1.8
2021,11140,중구,M,30-34,0.4
2022,11140,중구,M,30-34,-0.7
2023,11140,중구,M,30-34,4.1
2024,11140,중구,M,30-34,1.1
2025,11140,중구,M,30-34,-2.7
2015,11140,중구,F,20-24,2.9
2016,11140,중구,F,20-24,6.4
2017,11140,중구,F,20-24,7.2
2018,11140,중구,F,20-24,8.6
2019,11140,중구,F,20-24,9.1
2020,11140,중구,F,20-24,8.2
2021,11140,중구,F,20-24,11.0
2022,11140,중구,F,20-24,7.9
2023,11140,중구,F,20-24,9.4
2024,11140,중구,F,20-24,8.5
2025,11140,중구,F,20-24,6.0
2015,11140,중구,F,25-29,0.2
2016,11140,중구,F,25-29,2.7
2017,11140,중구,F,25-29,3.1
2018,11140,중구,F,25-29,5.2
2019,11140,중구,F,25-29,4.1
2020,11140,중구,F,25-29,4.3
2021,11140,중구,F,25-29,5.9
2022,11140,중구,F,25-29,1.6
2023,11140,중구,F,25-29,8.6
2024,11140,중구,F,25-29,4.0
2025,11140,중구,F,25-29,0.7
2015,11140,중구,F,30-34,-2.4
2016,11140,중구,F,30-34,0.3
2017,11140,중구,F,30-34,1.0
2018,11140,중구,F,30-34,2.5
2019,11140,중구,F,30-34,1.4
2020,11140,중구,F,30-34,-0.4
2021,11140,중구,F,30-34,-2.6
2022,11140,중구,F,30-34,-2.4
2023,11140,중구,F,30-34,4.2
2024,11140,중구,F,30-34,0.4
2025,11140,중구,F,30-34,-4.3
2015,11170,용산구,M,20-24,3.0
2016,11170,용산구,M,20-24,2.8
2017,11170,용산구,M,20-24,3.8
2018,11170,용산구,M,20-24,3.6
2019,11170,용산구,M,20-24,3.9
2020,11170,용산구,M,20-24,5.3
2021,11170,용산구,M,20-24,2.2
2022,11170,용산구,M,20-24,2.5
2023,11170,용산구,M,20-24,1.5
2024,11170,용산구,M,20-24,-2.3
2025,11170,용산구,M,20-24,3.3
2015,11170,용산구,M,25-29,2.0
2016,11170,용산구,M,25-29,3.4
2017,11170,용산구,M,25-29,6.7
2018,11170,용산구,M,25-29,7.2
2019,11170,용산구,M,25-29,6.3
2020,11170,용산구,M,25-29,6.6
2021,11170,용산구,M,25-29,5.7
2022,11170,용산구,M,25-29,7.0
2023,11170,용산구,M,25-29,3.2
2024,11170,용산구,M,25-29,1.9
2025,11170,용산구,M,25-29,4.1
2015,11170,용산구,M,30-34,-2.9
2016,11170,용산구,M,30-34,-1.5
2017,11170,용산구,M,30-34,1.8
2018,11170,용산구,M,30-34,0.5
2019,11170,용산구,M,30-34,-0.4
2020,11170,용산구,M,30-34,0.9
2021,11170,용산구,M,30-34,-1.6
2022,11170,용산구,M,30-34,0.5
2023,11170,용산구,M,30-34,-2.1
2024,11170,용산구,M,30-34,-4.8
2025,11170,용산구,M,30-34,-0.5
2015,11170,용산구,F,20-24,4.3
2016,11170,용산구,F,20-24,4.7
2017,11170,용산구,F,20-24,5.1
2018,11170,용산구,F,20-24,8.7
2019,11170,용산구,F,20-24,8.0
2020,11170,용산구,F,20-24,8.9
2021,11170,용산구,F,20-24,6.4
2022,11170,용산구,F,20-24,7.8
2023,11170,용산구,F,20-24,3.5
2024,11170,용산구,F,20-24,2.7
2025,11170,용산구,F,20-24,8.5
2015,11170,용산구,F,25-29,1.9
2016,11170,용산구,F,25-29,1.8
2017,11170,용산구,F,25-29,7.2
2018,11170,용산구,F,25-29,5.8
2019,11170,용산구,F,25-29,4.1
2020,11170,용산구,F,25-29,5.9
2021,11170,용산구,F,25-29,6.2
2022,11170,용산구,F,25-29,5.1
2023,11170,용산구,F,25-29,2.7
2024,11170,용산구,F,25-29,0.6
2025,11170,용산구,F,25-29,4.3
2015,11170,용산구,F,30-34,-3.2
2016,11170,용산구,F,30-34,-1.8
2017,11170,용산구,F,30-34,0.2
2018,11170,용산구,F,30-34,0.8
2019,11170,용산구,F,30-34,0.3
2020,11170,용산구,F,30-34,1.9
2021,11170,용산구,F,30-34,-0.2
2022,11170,용산구,F,30-34,0.5
2023,11170,용산구,F,30-34,-3.9
2024,11170,용산구,F,30-34,-3.3
2025,11170,용산구,F,30-34,0.6
2015,11200,성동구,M,20-24,5.5
2016,11200,성동구,M,20-24,5.3
2017,11200,성동구,M,20-24,7.8
2018,11200,성동구,M,20-24,6.5
2019,11200,성동구,M,20-24,4.0
2020,11200,성동구,M,20-24,3.2
2021,11200,성동구,M,20-24,4.1
2022,11200,성동구,M,20-24,7.4
2023,11200,성동구,M,20-24,5.8
2024,11200,성동구,M,20-24,4.8
2025,11200,성동구,M,20-24,7.5
2015,11200,성동구,M,25-29,1.4
2016,11200,성동구,M,25-29,1.8
2017,11200,성동구,M,25-29,3.1
2018,11200,성동구,M,25-29,1.3
2019,11200,성동구,M,25-29,-2.0
2020,11200,성동구,M,25-29,-0.7
2021,11200,성동구,M,25-29,-0.9
2022,11200,성동구,M,25-29,-0.7
2023,11200,성동구,M,25-29,0.2
2024,11200,성동구,M,25-29,-2.0
2025,11200,성동구,M,25-29,0.9
2015,11200,성동구,M,30-34,-0.5
2016,11200,성동구,M,30-34,2.0
2017,11200,성동구,M,30-34,3.3
2018,11200,성동구,M,30-34,2.2
2019,11200,성동구,M,30-34,-2.6
2020,11200,성동구,M,30-34,-2.5
2021,11200,성동구,M,30-34,-3.2
2022,11200,성동구,M,30-34,-2.0
2023,11200,성동구,M,30-34,1.3
2024,11200,성동구,M,30-34,1.5
2025,11200,성동구,M,30-34,2.9
2015,11200,성동구,F,20-24,5.2
2016,11200,성동구,F,20-24,4.5
2017,11200,성동구,F,20-24,8.9
2018,11200,성동구,F,20-24,9.8
2019,11200,성동구,F,20-24,4.2
2020,11200,성동구,F,20-24,3.8
2021,11200,성동구,F,20-24,4.5
2022,11200,성동구,F,20-24,7.2
2023,11200,성동구,F,20-24,6.0
2024,11200,성동구,F,20-24,4.3
2025,11200,성동구,F,20-24,6.5
2015,11200,성동구,F,25-29,1.4
2016,11200,성동구,F,25-29,2.2
2017,11200,성동구,F,25-29,6.2
2018,11200,성동구,F,25-29,5.5
2019,11200,성동구,F,25-29,-0.4
2020,11200,성동구,F,25-29,-0.1
2021,11200,성동구,F,25-29,0.0
2022,11200,성동구,F,25-29,0.0
2023,11200,성동구,F,25-29,1.2
2024,11200,성동구,F,25-29,-1.1
2025,11200,성동구,F,25-29,3.3
2015,11200,성동구,F,30-34,-0.3
2016,11200,성동구,F,30-34,1.5
2017,11200,성동구,F,30-34,3.4
2018,11200,성동구,F,30-34,3.2
2019,11200,성동구,F,30-34,-2.4
2020,11200,성동구,F,30-34,-3.1
2021,11200,성동구,F,30-34,-3.7
2022,11200,성동구,F,30-34,-1.7
2023,11200,성동구,F,30-34,1.1
2024,11200,성동구,F,30-34,1.3
2025,11200,성동구,F,30-34,3.1
2015,11215,광진구,M,20-24,3.5
2016,11215,광진구,M,20-24,5.1
2017,11215,광진구,M,20-24,5.5
2018,11215,광진구,M,20-24,5.2
2019,11215,광진구,M,20-24,6.3
2020,11215,광진구,M,20-24,7.3
2021,11215,광진구,M,20-24,6.6
2022,11215,광진구,M,20-24,10.7
2023,11215,광진구,M,20-24,8.8
2024,11215,광진구,M,20-24,8.0
2025,11215,광진구,M,20-24,9.5
2015,11215,광진구,M,25-29,0.7
2016,11215,광진구,M,25-29,1.3
2017,11215,광진구,M,25-29,3.1
2018,11215,광진구,M,25-29,3.4
2019,11215,광진구,M,25-29,2.8
2020,11215,광진구,M,25-29,2.7
2021,11215,광진구,M,25-29,2.5
2022,11215,광진구,M,25-29,1.9
2023,11215,광진구,M,25-29,2.1
2024,11215,광진구,M,25-29,1.7
2025,11215,광진구,M,25-29,0.9
2015,11215,광진구,M,30-34,-3.5
2016,11215,광진구,M,30-34,-4.6
2017,11215,광진구,M,30-34,-1.7
2018,11215,광진구,M,30-34,-3.8
2019,11215,광진구,M,30-34,-4.4
2020,11215,광진구,M,30-34,-4.5
2021,11215,광진구,M,30-34,-4.1
2022,11215,광진구,M,30-34,-2.8
2023,11215,광진구,M,30-34,-3.3
2024,11215,광진구,M,30-34,-4.2
2025,11215,광진구,M,30-34,-2.3
2015,11215,광진구,F,20-24,6.0
2016,11215,광진구,F,20-24,7.1
2017,11215,광진구,F,20-24,9.5
2018,11215,광진구,F,20-24,8.7
2019,11215,광진구,F,20-24,10.7
2020,11215,광진구,F,20-24,12.0
2021,11215,광진구,F,20-24,9.6
2022,11215,광진구,F,20-24,10.5
2023,11215,광진구,F,20-24,9.3
2024,11215,광진구,F,20-24,10.4
2025,11215,광진구,F,20-24,10.2
2015,11215,광진구,F,25-29,0.1
2016,11215,광진구,F,25-29,1.5
2017,11215,광진구,F,25-29,3.1
2018,11215,광진구,F,25-29,3.0
2019,11215,광진구,F,25-29,1.4
2020,11215,광진구,F,25-29,2.4
2021,11215,광진구,F,25-29,-0.4
2022,11215,광진구,F,25-29,1.3
2023,11215,광진구,F,25-29,0.9
2024,11215,광진구,F,25-29,0.2
2025,11215,광진구,F,25-29,1.8
2015,11215,광진구,F,30-34,-4.1
2016,11215,광진구,F,30-34,-5.1
2017,11215,광진구,F,30-34,-3.0
2018,11215,광진구,F,30-34,-4.7
2019,11215,광진구,F,30-34,-5.4
2020,11215,광진구,F,30-34,-5.9
2021,11215,광진구,F,30-34,-6.1
2022,11215,광진구,F,30-34,-4.7
2023,11215,광진구,F,30-34,-4.3
2024,11215,광진구,F,30-34,-5.5
2025,11215,광진구,F,30-34,-2.7
2015,11230,동대문구,M,20-24,5.6
2016,11230,동대문구,M,20-24,6.1
2017,11230,동대문구,M,20-24,6.8
2018,11230,동대문구,M,20-24,6.6
2019,11230,동대문구,M,20-24,7.6
2020,11230,동대문구,M,20-24,8.5
2021,11230,동대문구,M,20-24,9.2
2022,11230,동대문구,M,20-24,12.6
2023,11230,동대문구,M,20-24,12.1
2024,11230,동대문구,M,20-24,9.8
2025,11230,동대문구,M,20-24,11.8
2015,11230,동대문구,M,25-29,-1.7
2016,11230,동대문구,M,25-29,-2.3
2017,11230,동대문구,M,25-29,-2.4
2018,11230,동대문구,M,25-29,-3.0
2019,11230,동대문구,M,25-29,-0.7
2020,11230,동대문구,M,25-29,-0.4
2021,11230,동대문구,M,25-29,-1.7
2022,11230,동대문구,M,25-29,-2.0
2023,11230,동대문구,M,25-29,-0.2
2024,11230,동대문구,M,25-29,-3.4
2025,11230,동대문구,M,25-29,-1.5
2015,11230,동대문구,M,30-34,-4.2
2016,11230,동대문구,M,30-34,-4.8
2017,11230,동대문구,M,30-34,-4.2
2018,11230,동대문구,M,30-34,-2.2
2019,11230,동대문구,M,30-34,-1.5
2020,11230,동대문구,M,30-34,-1.8
2021,11230,동대문구,M,30-34,-2.8
2022,11230,동대문구,M,30-34,-1.9
2023,11230,동대문구,M,30-34,0.8
2024,11230,동대문구,M,30-34,-2.1
2025,11230,동대문구,M,30-34,3.8
2015,11230,동대문구,F,20-24,5.1
2016,11230,동대문구,F,20-24,3.2
2017,11230,동대문구,F,20-24,4.6
2018,11230,동대문구,F,20-24,6.8
2019,11230,동대문구,F,20-24,6.7
2020,11230,동대문구,F,20-24,10.2
2021,11230,동대문구,F,20-24,9.3
2022,11230,동대문구,F,20-24,9.8
2023,11230,동대문구,F,20-24,9.9
2024,11230,동대문구,F,20-24,6.8
2025,11230,동대문구,F,20-24,7.7
2015,11230,동대문구,F,25-29,-1.0
2016,11230,동대문구,F,25-29,-3.0
2017,11230,동대문구,F,25-29,-2.5
2018,11230,동대문구,F,25-29,-1.8
2019,11230,동대문구,F,25-29,0.3
2020,11230,동대문구,F,25-29,0.2
2021,11230,동대문구,F,25-29,0.0
2022,11230,동대문구,F,25-29,-1.4
2023,11230,동대문구,F,25-29,0.8
2024,11230,동대문구,F,25-29,-2.7
2025,11230,동대문구,F,25-29,-0.3
2015,11230,동대문구,F,30-34,-4.3
2016,11230,동대문구,F,30-34,-3.7
2017,11230,동대문구,F,30-34,-4.4
2018,11230,동대문구,F,30-34,-0.9
2019,11230,동대문구,F,30-34,-1.3
2020,11230,동대문구,F,30-34,-1.4
2021,11230,동대문구,F,30-34,-1.8
2022,11230,동대문구,F,30-34,-1.7
2023,11230,동대문구,F,30-34,0.1
2024,11230,동대문구,F,30-34,-0.8
2025,11230,동대문구,F,30-34,5.5
2015,11260,중랑구,M,20-24,-0.3
2016,11260,중랑구,M,20-24,1.4
2017,11260,중랑구,M,20-24,1.3
2018,11260,중랑구,M,20-24,0.6
2019,11260,중랑구,M,20-24,0.1
2020,11260,중랑구,M,20-24,1.1
2021,11260,중랑구,M,20-24,0.7
2022,11260,중랑구,M,20-24,1.9
2023,11260,중랑구,M,20-24,2.5
2024,11260,중랑구,M,20-24,2.6
2025,11260,중랑구,M,20-24,4.7
2015,11260,중랑구,M,25-29,-0.8
2016,11260,중랑구,M,25-29,1.1
2017,11260,중랑구,M,25-29,1.6
2018,11260,중랑구,M,25-29,1.2
2019,11260,중랑구,M,25-29,0.3
2020,11260,중랑구,M,25-29,2.5
2021,11260,중랑구,M,25-29,1.0
2022,11260,중랑구,M,25-29,3.7
2023,11260,중랑구,M,25-29,2.0
2024,11260,중랑구,M,25-29,2.4
2025,11260,중랑구,M,25-29,2.3
2015,11260,중랑구,M,30-34,-2.9
2016,11260,중랑구,M,30-34,-1.6
2017,11260,중랑구,M,30-34,-1.2
2018,11260,중랑구,M,30-34,-2.0
2019,11260,중랑구,M,30-34,-2.4
2020,11260,중랑구,M,30-34,-0.2
2021,11260,중랑구,M,30-34,-0.4
2022,11260,중랑구,M,30-34,0.8
2023,11260,중랑구,M,30-34,-1.2
2024,11260,중랑구,M,30-34,-0.9
2025,11260,중랑구,M,30-34,-0.9
2015,11260,중랑구,F,20-24,1.3
2016,11260,중랑구,F,20-24,1.8
2017,11260,중랑구,F,20-24,2.3
2018,11260,중랑구,F,20-24,3.0
2019,11260,중랑구,F,20-24,2.7
2020,11260,중랑구,F,20-24,5.7
2021,11260,중랑구,F,20-24,4.0
2022,11260,중랑구,F,20-24,8.5
2023,11260,중랑구,F,20-24,6.0
2024,11260,중랑구,F,20-24,6.0
2025,11260,중랑구,F,20-24,6.4
2015,11260,중랑구,F,25-29,-2.0
2016,11260,중랑구,F,25-29,0.3
2017,11260,중랑구,F,25-29,0.6
2018,11260,중랑구,F,25-29,1.0
2019,11260,중랑구,F,25-29,0.8
2020,11260,중랑구,F,25-29,3.1
2021,11260,중랑구,F,25-29,2.3
2022,11260,중랑구,F,25-29,3.5
2023,11260,중랑구,F,25-29,2.2
2024,11260,중랑구,F,25-29,2.6
2025,11260,중랑구,F,25-29,1.6
2015,11260,중랑구,F,30-34,-3.8
2016,11260,중랑구,F,30-34,-2.1
2017,11260,중랑구,F,30-34,-2.3
2018,11260,중랑구,F,30-34,-2.8
2019,11260,중랑구,F,30-34,-3.6
2020,11260,중랑구,F,30-34,-1.3
2021,11260,중랑구,F,30-34,-2.2
2022,11260,중랑구,F,30-34,0.1
2023,11260,중랑구,F,30-34,-2.1
2024,11260,중랑구,F,30-34,-2.6
2025,11260,중랑구,F,30-34,-2.0
2015,11290,성북구,M,20-24,2.1
2016,11290,성북구,M,20-24,2.6
2017,11290,성북구,M,20-24,3.8
2018,11290,성북구,M,20-24,3.1
2019,11290,성북구,M,20-24,7.3
2020,11290,성북구,M,20-24,4.2
2021,11290,성북구,M,20-24,4.0
2022,11290,성북구,M,20-24,8.2
2023,11290,성북구,M,20-24,5.8
2024,11290,성북구,M,20-24,4.2
2025,11290,성북구,M,20-24,5.9
2015,11290,성북구,M,25-29,-2.3
2016,11290,성북구,M,25-29,-2.9
2017,11290,성북구,M,25-29,-2.9
2018,11290,성북구,M,25-29,-2.6
2019,11290,성북구,M,25-29,0.7
2020,11290,성북구,M,25-29,-2.7
2021,11290,성북구,M,25-29,-2.3
2022,11290,성북구,M,25-29,-1.0
2023,11290,성북구,M,25-29,-3.2
2024,11290,성북구,M,25-29,-3.3
2025,11290,성북구,M,25-29,-2.2
2015,11290,성북구,M,30-34,-4.3
2016,11290,성북구,M,30-34,-5.7
2017,11290,성북구,M,30-34,-4.1
2018,11290,성북구,M,30-34,-4.1
2019,11290,성북구,M,30-34,1.2
2020,11290,성북구,M,30-34,-1.8
2021,11290,성북구,M,30-34,-1.6
2022,11290,성북구,M,30-34,-1.7
2023,11290,성북구,M,30-34,-3.1
2024,11290,성북구,M,30-34,-2.3
2025,11290,성북구,M,30-34,0.1
2015,11290,성북구,F,20-24,2.2
2016,11290,성북구,F,20-24,2.8
2017,11290,성북구,F,20-24,2.0
2018,11290,성북구,F,20-24,3.4
2019,11290,성북구,F,20-24,8.4
2020,11290,성북구,F,20-24,5.9
2021,11290,성북구,F,20-24,2.7
2022,11290,성북구,F,20-24,6.7
2023,11290,성북구,F,20-24,4.8
2024,11290,성북구,F,20-24,4.1
2025,11290,성북구,F,20-24,4.2
2015,11290,성북구,F,25-29,-3.5
2016,11290,성북구,F,25-29,-4.9
2017,11290,성북구,F,25-29,-3.7
2018,11290,성북구,F,25-29,-2.8
2019,11290,성북구,F,25-29,1.7
2020,11290,성북구,F,25-29,-1.8
2021,11290,성북구,F,25-29,-3.2
2022,11290,성북구,F,25-29,-2.7
2023,11290,성북구,F,25-29,-3.4
2024,11290,성북구,F,25-29,-4.2
2025,11290,성북구,F,25-29,-2.2
2015,11290,성북구,F,30-34,-4.4
2016,11290,성북구,F,30-34,-4.5
2017,11290,성북구,F,30-34,-3.8
2018,11290,성북구,F,30-34,-3.6
2019,11290,성북구,F,30-34,2.2
2020,11290,성북구,F,30-34,-2.0
2021,11290,성북구,F,30-34,-1.6
2022,11290,성북구,F,30-34,-0.7
2023,11290,성북구,F,30-34,-3.2
2024,11290,성북구,F,30-34,-2.5
2025,11290,성북구,F,30-34,0.9
2015,11305,강북구,M,20-24,1.4
2016,11305,강북구,M,20-24,0.3
2017,11305,강북구,M,20-24,1.5
2018,11305,강북구,M,20-24,0.4
2019,11305,강북구,M,20-24,1.2
2020,11305,강북구,M,20-24,0.5
2021,11305,강북구,M,20-24,1.2
2022,11305,강북구,M,20-24,3.8
2023,11305,강북구,M,20-24,1.0
2024,11305,강북구,M,20-24,2.3
2025,11305,강북구,M,20-24,2.1
2015,11305,강북구,M,25-29,-1.2
2016,11305,강북구,M,25-29,0.4
2017,11305,강북구,M,25-29,0.6
2018,11305,강북구,M,25-29,0.3
2019,11305,강북구,M,25-29,-0.8
2020,11305,강북구,M,25-29,-0.3
2021,11305,강북구,M,25-29,-1.7
2022,11305,강북구,M,25-29,0.1
2023,11305,강북구,M,25-29,-2.2
2024,11305,강북구,M,25-29,-2.2
2025,11305,강북구,M,25-29,-2.1
2015,11305,강북구,M,30-34,-3.8
2016,11305,강북구,M,30-34,-3.5
2017,11305,강북구,M,30-34,-1.6
2018,11305,강북구,M,30-34,-3.8
2019,11305,강북구,M,30-34,-4.0
2020,11305,강북구,M,30-34,-2.7
2021,11305,강북구,M,30-34,-4.4
2022,11305,강북구,M,30-34,-3.5
2023,11305,강북구,M,30-34,-3.6
2024,11305,강북구,M,30-34,-4.2
2025,11305,강북구,M,30-34,-4.0
2015,11305,강북구,F,20-24,2.5
2016,11305,강북구,F,20-24,2.1
2017,11305,강북구,F,20-24,4.7
2018,11305,강북구,F,20-24,3.4
2019,11305,강북구,F,20-24,4.0
2020,11305,강북구,F,20-24,3.7
2021,11305,강북구,F,20-24,1.4
2022,11305,강북구,F,20-24,6.7
2023,11305,강북구,F,20-24,4.3
2024,11305,강북구,F,20-24,4.1
2025,11305,강북구,F,20-24,3.1
2015,11305,강북구,F,25-29,-1.8
2016,11305,강북구,F,25-29,-1.0
2017,11305,강북구,F,25-29,-0.5
2018,11305,강북구,F,25-29,-1.7
2019,11305,강북구,F,25-29,-3.5
2020,11305,강북구,F,25-29,-2.6
2021,11305,강북구,F,25-29,-3.3
2022,11305,강북구,F,25-29,-2.1
2023,11305,강북구,F,25-29,-3.1
2024,11305,강북구,F,25-29,-3.4
2025,11305,강북구,F,25-29,-3.8
2015,11305,강북구,F,30-34,-5.0
2016,11305,강북구,F,30-34,-4.5
2017,11305,강북구,F,30-34,-2.8
2018,11305,강북구,F,30-34,-4.1
2019,11305,강북구,F,30-34,-3.4
2020,11305,강북구,F,30-34,-4.1
2021,11305,강북구,F,30-34,-5.2
2022,11305,강북구,F,30-34,-5.0
2023,11305,강북구,F,30-34,-6.3
2024,11305,강북구,F,30-34,-4.7
2025,11305,강북구,F,30-34,-4.4
2015,11320,도봉구,M,20-24,-1.3
2016,11320,도봉구,M,20-24,-0.6
2017,11320,도봉구,M,20-24,-0.7
2018,11320,도봉구,M,20-24,-1.0
2019,11320,도봉구,M,20-24,-1.6
2020,11320,도봉구,M,20-24,-2.3
2021,11320,도봉구,M,20-24,-1.7
2022,11320,도봉구,M,20-24,-1.7
2023,11320,도봉구,M,20-24,-1.2
2024,11320,도봉구,M,20-24,-0.8
2025,11320,도봉구,M,20-24,-1.4
2015,11320,도봉구,M,25-29,-2.2
2016,11320,도봉구,M,25-29,-2.4
2017,11320,도봉구,M,25-29,-1.6
2018,11320,도봉구,M,25-29,-2.0
2019,11320,도봉구,M,25-29,-2.0
2020,11320,도봉구,M,25-29,-3.7
2021,11320,도봉구,M,25-29,-3.6
2022,11320,도봉구,M,25-29,-1.9
2023,11320,도봉구,M,25-29,-0.8
2024,11320,도봉구,M,25-29,-1.1
2025,11320,도봉구,M,25-29,-1.8
2015,11320,도봉구,M,30-34,-2.1
2016,11320,도봉구,M,30-34,-2.7
2017,11320,도봉구,M,30-34,-3.8
2018,11320,도봉구,M,30-34,-3.8
2019,11320,도봉구,M,30-34,-4.4
2020,11320,도봉구,M,30-34,-4.6
2021,11320,도봉구,M,30-34,-3.5
2022,11320,도봉구,M,30-34,-1.8
2023,11320,도봉구,M,30-34,-2.4
2024,11320,도봉구,M,30-34,-2.7
2025,11320,도봉구,M,30-34,-2.0
2015,11320,도봉구,F,20-24,-0.7
2016,11320,도봉구,F,20-24,-0.5
2017,11320,도봉구,F,20-24,0.0
2018,11320,도봉구,F,20-24,0.9
2019,11320,도봉구,F,20-24,-0.5
2020,11320,도봉구,F,20-24,-0.5
2021,11320,도봉구,F,20-24,0.5
2022,11320,도봉구,F,20-24,1.0
2023,11320,도봉구,F,20-24,1.2
2024,11320,도봉구,F,20-24,1.8
2025,11320,도봉구,F,20-24,1.9
2015,11320,도봉구,F,25-29,-2.7
2016,11320,도봉구,F,25-29,-2.9
2017,11320,도봉구,F,25-29,-1.6
2018,11320,도봉구,F,25-29,-3.2
2019,11320,도봉구,F,25-29,-2.7
2020,11320,도봉구,F,25-29,-4.3
2021,11320,도봉구,F,25-29,-2.4
2022,11320,도봉구,F,25-29,-1.0
2023,11320,도봉구,F,25-29,-2.7
2024,11320,도봉구,F,25-29,-1.1
2025,11320,도봉구,F,25-29,-2.8
2015,11320,도봉구,F,30-34,-1.8
2016,11320,도봉구,F,30-34,-2.7
2017,11320,도봉구,F,30-34,-2.6
2018,11320,도봉구,F,30-34,-3.8
2019,11320,도봉구,F,30-34,-3.5
2020,11320,도봉구,F,30-34,-4.5
2021,11320,도봉구,F,30-34,-2.2
2022,11320,도봉구,F,30-34,-3.1
2023,11320,도봉구,F,30-34,-3.4
2024,11320,도봉구,F,30-34,-2.5
2025,11320,도봉구,F,30-34,-2.5
2015,11350,노원구,M,20-24,-3.3
2016,11350,노원구,M,20-24,-0.3
2017,11350,노원구,M,20-24,-2.4
2018,11350,노원구,M,20-24,-1.6
2019,11350,노원구,M,20-24,-3.1
2020,11350,노원구,M,20-24,-3.6
2021,11350,노원구,M,20-24,-2.9
2022,11350,노원구,M,20-24,1.3
2023,11350,노원구,M,20-24,0.3
2024,11350,노원구,M,20-24,-0.9
2025,11350,노원구,M,20-24,-1.2
2015,11350,노원구,M,25-29,-4.0
2016,11350,노원구,M,25-29,-4.0
2017,11350,노원구,M,25-29,-5.4
2018,11350,노원구,M,25-29,-4.9
2019,11350,노원구,M,25-29,-6.3
2020,11350,노원구,M,25-29,-5.7
2021,11350,노원구,M,25-29,-6.7
2022,11350,노원구,M,25-29,-4.6
2023,11350,노원구,M,25-29,-4.1
2024,11350,노원구,M,25-29,-4.6
2025,11350,노원구,M,25-29,-5.2
2015,11350,노원구,M,30-34,-2.0
2016,11350,노원구,M,30-34,-1.7
2017,11350,노원구,M,30-34,-3.4
2018,11350,노원구,M,30-34,-2.5
2019,11350,노원구,M,30-34,-2.4
2020,11350,노원구,M,30-34,-1.1
2021,11350,노원구,M,30-34,0.1
2022,11350,노원구,M,30-34,-0.2
2023,11350,노원구,M,30-34,-0.5
2024,11350,노원구,M,30-34,-0.1
2025,11350,노원구,M,30-34,0.1
2015,11350,노원구,F,20-24,-2.7
2016,11350,노원구,F,20-24,-2.0
2017,11350,노원구,F,20-24,-3.6
2018,11350,노원구,F,20-24,-1.9
2019,11350,노원구,F,20-24,-3.9
2020,11350,노원구,F,20-24,-3.0
2021,11350,노원구,F,20-24,-4.1
2022,11350,노원구,F,20-24,0.1
2023,11350,노원구,F,20-24,-0.7
2024,11350,노원구,F,20-24,-1.6
2025,11350,노원구,F,20-24,-3.2
2015,11350,노원구,F,25-29,-2.3
2016,11350,노원구,F,25-29,-3.0
2017,11350,노원구,F,25-29,-4.5
2018,11350,노원구,F,25-29,-3.3
2019,11350,노원구,F,25-29,-4.0
2020,11350,노원구,F,25-29,-3.1
2021,11350,노원구,F,25-29,-3.6
2022,11350,노원구,F,25-29,-2.1
2023,11350,노원구,F,25-29,-1.5
2024,11350,노원구,F,25-29,-3.4
2025,11350,노원구,F,25-29,-2.5
2015,11350,노원구,F,30-34,-2.5
2016,11350,노원구,F,30-34,-2.6
2017,11350,노원구,F,30-34,-4.4
2018,11350,노원구,F,30-34,-3.2
2019,11350,노원구,F,30-34,-3.4
2020,11350,노원구,F,30-34,-0.9
2021,11350,노원구,F,30-34,0.1
2022,11350,노원구,F,30-34,-0.1
2023,11350,노원구,F,30-34,-1.0
2024,11350,노원구,F,30-34,-1.4
2025,11350,노원구,F,30-34,0.0
2015,11380,은평구,M,20-24,0.9
2016,11380,은평구,M,20-24,-0.6
2017,11380,은평구,M,20-24,0.1
2018,11380,은평구,M,20-24,0.3
2019,11380,은평구,M,20-24,0.4
2020,11380,은평구,M,20-24,1.3
2021,11380,은평구,M,20-24,0.3
2022,11380,은평구,M,20-24,0.7
2023,11380,은평구,M,20-24,1.9
2024,11380,은평구,M,20-24,0.4
2025,11380,은평구,M,20-24,0.7
2015,11380,은평구,M,25-29,0.4
2016,11380,은평구,M,25-29,-0.1
2017,11380,은평구,M,25-29,0.9
2018,11380,은평구,M,25-29,0.7
2019,11380,은평구,M,25-29,2.4
2020,11380,은평구,M,25-29,2.6
2021,11380,은평구,M,25-29,0.9
2022,11380,은평구,M,25-29,1.2
2023,11380,은평구,M,25-29,2.1
2024,11380,은평구,M,25-29,1.5
2025,11380,은평구,M,25-29,1.4
2015,11380,은평구,M,30-34,-0.3
2016,11380,은평구,M,30-34,-3.4
2017,11380,은평구,M,30-34,-1.1
2018,11380,은평구,M,30-34,-0.3
2019,11380,은평구,M,30-34,-0.7
2020,11380,은평구,M,30-34,0.9
2021,11380,은평구,M,30-34,-1.2
2022,11380,은평구,M,30-34,-0.8
2023,11380,은평구,M,30-34,1.0
2024,11380,은평구,M,30-34,-1.2
2025,11380,은평구,M,30-34,-1.5
2015,11380,은평구,F,20-24,2.8
2016,11380,은평구,F,20-24,1.4
2017,11380,은평구,F,20-24,2.5
2018,11380,은평구,F,20-24,3.5
2019,11380,은평구,F,20-24,3.7
2020,11380,은평구,F,20-24,6.2
2021,11380,은평구,F,20-24,4.1
2022,11380,은평구,F,20-24,5.4
2023,11380,은평구,F,20-24,6.0
2024,11380,은평구,F,20-24,5.1
2025,11380,은평구,F,20-24,3.6
2015,11380,은평구,F,25-29,1.4
2016,11380,은평구,F,25-29,-0.6
2017,11380,은평구,F,25-29,0.4
2018,11380,은평구,F,25-29,2.4
2019,11380,은평구,F,25-29,3.6
2020,11380,은평구,F,25-29,4.8
2021,11380,은평구,F,25-29,2.1
2022,11380,은평구,F,25-29,2.1
2023,11380,은평구,F,25-29,3.9
2024,11380,은평구,F,25-29,1.8
2025,11380,은평구,F,25-29,-0.2
2015,11380,은평구,F,30-34,-1.4
2016,11380,은평구,F,30-34,-3.1
2017,11380,은평구,F,30-34,-2.2
2018,11380,은평구,F,30-34,-0.9
2019,11380,은평구,F,30-34,-0.6
2020,11380,은평구,F,30-34,0.9
2021,11380,은평구,F,30-34,-1.5
2022,11380,은평구,F,30-34,-1.9
2023,11380,은평구,F,30-34,-0.2
2024,11380,은평구,F,30-34,-2.5
2025,11380,은평구,F,30-34,-2.2
2015,11410,서대문구,M,20-24,5.9
2016,11410,서대문구,M,20-24,5.1
2017,11410,서대문구,M,20-24,4.4
2018,11410,서대문구,M,20-24,4.0
2019,11410,서대문구,M,20-24,5.7
2020,11410,서대문구,M,20-24,6.9
2021,11410,서대문구,M,20-24,5.3
2022,11410,서대문구,M,20-24,10.5
2023,11410,서대문구,M,20-24,7.7
2024,11410,서대문구,M,20-24,5.9
2025,11410,서대문구,M,20-24,6.4
2015,11410,서대문구,M,25-29,-0.2
2016,11410,서대문구,M,25-29,-0.7
2017,11410,서대문구,M,25-29,-0.7
2018,11410,서대문구,M,25-29,-0.4
2019,11410,서대문구,M,25-29,-0.9
2020,11410,서대문구,M,25-29,1.8
2021,11410,서대문구,M,25-29,-1.6
2022,11410,서대문구,M,25-29,-0.6
2023,11410,서대문구,M,25-29,0.6
2024,11410,서대문구,M,25-29,-3.7
2025,11410,서대문구,M,25-29,-2.0
2015,11410,서대문구,M,30-34,-2.3
2016,11410,서대문구,M,30-34,-1.3
2017,11410,서대문구,M,30-34,-3.1
2018,11410,서대문구,M,30-34,-2.7
2019,11410,서대문구,M,30-34,-1.3
2020,11410,서대문구,M,30-34,0.4
2021,11410,서대문구,M,30-34,-3.5
2022,11410,서대문구,M,30-34,-1.4
2023,11410,서대문구,M,30-34,-1.5
2024,11410,서대문구,M,30-34,-2.7
2025,11410,서대문구,M,30-34,-2.0
2015,11410,서대문구,F,20-24,4.4
2016,11410,서대문구,F,20-24,6.0
2017,11410,서대문구,F,20-24,6.0
2018,11410,서대문구,F,20-24,6.8
2019,11410,서대문구,F,20-24,6.9
2020,11410,서대문구,F,20-24,10.0
2021,11410,서대문구,F,20-24,6.1
2022,11410,서대문구,F,20-24,10.9
2023,11410,서대문구,F,20-24,8.9
2024,11410,서대문구,F,20-24,6.5
2025,11410,서대문구,F,20-24,5.1
2015,11410,서대문구,F,25-29,-1.1
2016,11410,서대문구,F,25-29,-0.8
2017,11410,서대문구,F,25-29,-1.5
2018,11410,서대문구,F,25-29,-1.9
2019,11410,서대문구,F,25-29,-0.8
2020,11410,서대문구,F,25-29,1.9
2021,11410,서대문구,F,25-29,-2.6
2022,11410,서대문구,F,25-29,-0.7
2023,11410,서대문구,F,25-29,-1.2
2024,11410,서대문구,F,25-29,-2.7
2025,11410,서대문구,F,25-29,-3.1
2015,11410,서대문구,F,30-34,-1.5
2016,11410,서대문구,F,30-34,-0.5
2017,11410,서대문구,F,30-34,-2.3
2018,11410,서대문구,F,30-34,-2.2
2019,11410,서대문구,F,30-34,-0.8
2020,11410,서대문구,F,30-34,3.0
2021,11410,서대문구,F,30-34,-2.6
2022,11410,서대문구,F,30-34,-0.2
2023,11410,서대문구,F,30-34,-0.2
2024,11410,서대문구,F,30-34,-2.9
2025,11410,서대문구,F,30-34,-2.0
2015,11440,마포구,M,20-24,6.7
2016,11440,마포구,M,20-24,2.8
2017,11440,마포구,M,20-24,4.3
2018,11440,마포구,M,20-24,6.4
2019,11440,마포구,M,20-24,6.7
2020,11440,마포구,M,20-24,6.4
2021,11440,마포구,M,20-24,5.9
2022,11440,마포구,M,20-24,7.9
2023,11440,마포구,M,20-24,6.3
2024,11440,마포구,M,20-24,6.9
2025,11440,마포구,M,20-24,5.7
2015,11440,마포구,M,25-29,3.2
2016,11440,마포구,M,25-29,0.6
2017,11440,마포구,M,25-29,2.1
2018,11440,마포구,M,25-29,5.4
2019,11440,마포구,M,25-29,3.2
2020,11440,마포구,M,25-29,3.2
2021,11440,마포구,M,25-29,4.8
2022,11440,마포구,M,25-29,3.0
2023,11440,마포구,M,25-29,2.8
2024,11440,마포구,M,25-29,1.4
2025,11440,마포구,M,25-29,1.0
2015,11440,마포구,M,30-34,0.2
2016,11440,마포구,M,30-34,-3.8
2017,11440,마포구,M,30-34,-3.1
2018,11440,마포구,M,30-34,-1.1
2019,11440,마포구,M,30-34,-1.4
2020,11440,마포구,M,30-34,-0.6
2021,11440,마포구,M,30-34,-1.8
2022,11440,마포구,M,30-34,-1.4
2023,11440,마포구,M,30-34,0.4
2024,11440,마포구,M,30-34,-0.8
2025,11440,마포구,M,30-34,-2.0
2015,11440,마포구,F,20-24,8.3
2016,11440,마포구,F,20-24,6.4
2017,11440,마포구,F,20-24,8.4
2018,11440,마포구,F,20-24,10.5
2019,11440,마포구,F,20-24,11.9
2020,11440,마포구,F,20-24,12.8
2021,11440,마포구,F,20-24,11.1
2022,11440,마포구,F,20-24,10.5
2023,11440,마포구,F,20-24,9.9
2024,11440,마포구,F,20-24,9.9
2025,11440,마포구,F,20-24,8.8
2015,11440,마포구,F,25-29,4.6
2016,11440,마포구,F,25-29,1.3
2017,11440,마포구,F,25-29,3.0
2018,11440,마포구,F,25-29,5.5
2019,11440,마포구,F,25-29,4.0
2020,11440,마포구,F,25-29,3.3
2021,11440,마포구,F,25-29,2.9
2022,11440,마포구,F,25-29,3.1
2023,11440,마포구,F,25-29,2.2
2024,11440,마포구,F,25-29,1.6
2025,11440,마포구,F,25-29,0.3
2015,11440,마포구,F,30-34,-0.8
2016,11440,마포구,F,30-34,-3.6
2017,11440,마포구,F,30-34,-2.5
2018,11440,마포구,F,30-34,-1.3
2019,11440,마포구,F,30-34,-0.9
2020,11440,마포구,F,30-34,-1.5
2021,11440,마포구,F,30-34,-3.0
2022,11440,마포구,F,30-34,-3.0
2023,11440,마포구,F,30-34,-0.7
2024,11440,마포구,F,30-34,-2.0
2025,11440,마포구,F,30-34,-2.5
2015,11470,양천구,M,20-24,-3.0
2016,11470,양천구,M,20-24,-5.0
2017,11470,양천구,M,20-24,-4.6
2018,11470,양천구,M,20-24,-4.2
2019,11470,양천구,M,20-24,-4.9
2020,11470,양천구,M,20-24,-5.0
2021,11470,양천구,M,20-24,-4.6
2022,11470,양천구,M,20-24,-4.8
2023,11470,양천구,M,20-24,-4.3
2024,11470,양천구,M,20-24,-5.2
2025,11470,양천구,M,20-24,-5.5
2015,11470,양천구,M,25-29,-1.2
2016,11470,양천구,M,25-29,-2.8
2017,11470,양천구,M,25-29,-2.4
2018,11470,양천구,M,25-29,-2.6
2019,11470,양천구,M,25-29,-2.5
2020,11470,양천구,M,25-29,-2.5
2021,11470,양천구,M,25-29,-1.5
2022,11470,양천구,M,25-29,-0.8
2023,11470,양천구,M,25-29,-0.8
2024,11470,양천구,M,25-29,-1.6
2025,11470,양천구,M,25-29,-2.2
2015,11470,양천구,M,30-34,-0.4
2016,11470,양천구,M,30-34,-1.7
2017,11470,양천구,M,30-34,-3.6
2018,11470,양천구,M,30-34,-3.4
2019,11470,양천구,M,30-34,-2.4
2020,11470,양천구,M,30-34,-1.2
2021,11470,양천구,M,30-34,-2.5
2022,11470,양천구,M,30-34,-1.2
2023,11470,양천구,M,30-34,-2.9
2024,11470,양천구,M,30-34,-2.8
2025,11470,양천구,M,30-34,-3.0
2015,11470,양천구,F,20-24,-2.3
2016,11470,양천구,F,20-24,-3.7
2017,11470,양천구,F,20-24,-3.3
2018,11470,양천구,F,20-24,-3.3
2019,11470,양천구,F,20-24,-2.0
2020,11470,양천구,F,20-24,-2.9
2021,11470,양천구,F,20-24,-1.6
2022,11470,양천구,F,20-24,-1.9
2023,11470,양천구,F,20-24,-1.8
2024,11470,양천구,F,20-24,-3.1
2025,11470,양천구,F,20-24,-2.8
2015,11470,양천구,F,25-29,-0.2
2016,11470,양천구,F,25-29,-3.0
2017,11470,양천구,F,25-29,-2.2
2018,11470,양천구,F,25-29,-2.1
2019,11470,양천구,F,25-29,-1.0
2020,11470,양천구,F,25-29,-0.7
2021,11470,양천구,F,25-29,-1.9
2022,11470,양천구,F,25-29,-0.8
2023,11470,양천구,F,25-29,-1.0
2024,11470,양천구,F,25-29,-2.1
2025,11470,양천구,F,25-29,-1.2
2015,11470,양천구,F,30-34,-1.5
2016,11470,양천구,F,30-34,-2.7
2017,11470,양천구,F,30-34,-2.7
2018,11470,양천구,F,30-34,-3.1
2019,11470,양천구,F,30-34,-3.2
2020,11470,양천구,F,30-34,-1.5
2021,11470,양천구,F,30-34,-3.1
2022,11470,양천구,F,30-34,-2.0
2023,11470,양천구,F,30-34,-2.2
2024,11470,양천구,F,30-34,-2.4
2025,11470,양천구,F,30-34,-3.5
2015,11500,강서구,M,20-24,0.7
2016,11500,강서구,M,20-24,1.7
2017,11500,강서구,M,20-24,1.4
2018,11500,강서구,M,20-24,0.1
2019,11500,강서구,M,20-24,0.0
2020,11500,강서구,M,20-24,-0.3
2021,11500,강서구,M,20-24,1.9
2022,11500,강서구,M,20-24,1.5
2023,11500,강서구,M,20-24,1.5
2024,11500,강서구,M,20-24,0.7
2025,11500,강서구,M,20-24,1.4
2015,11500,강서구,M,25-29,4.2
2016,11500,강서구,M,25-29,5.0
2017,11500,강서구,M,25-29,7.3
2018,11500,강서구,M,25-29,5.1
2019,11500,강서구,M,25-29,6.2
2020,11500,강서구,M,25-29,4.9
2021,11500,강서구,M,25-29,6.4
2022,11500,강서구,M,25-29,6.2
2023,11500,강서구,M,25-29,5.0
2024,11500,강서구,M,25-29,4.9
2025,11500,강서구,M,25-29,4.9
2015,11500,강서구,M,30-34,1.5
2016,11500,강서구,M,30-34,2.1
2017,11500,강서구,M,30-34,3.5
2018,11500,강서구,M,30-34,0.1
2019,11500,강서구,M,30-34,-1.1
2020,11500,강서구,M,30-34,-1.2
2021,11500,강서구,M,30-34,-0.6
2022,11500,강서구,M,30-34,-0.1
2023,11500,강서구,M,30-34,-2.2
2024,11500,강서구,M,30-34,-2.2
2025,11500,강서구,M,30-34,-1.3
2015,11500,강서구,F,20-24,4.9
2016,11500,강서구,F,20-24,6.3
2017,11500,강서구,F,20-24,7.9
2018,11500,강서구,F,20-24,5.7
2019,11500,강서구,F,20-24,7.4
2020,11500,강서구,F,20-24,7.5
2021,11500,강서구,F,20-24,8.8
2022,11500,강서구,F,20-24,8.1
2023,11500,강서구,F,20-24,8.5
2024,11500,강서구,F,20-24,8.7
2025,11500,강서구,F,20-24,7.1
2015,11500,강서구,F,25-29,4.8
2016,11500,강서구,F,25-29,5.8
2017,11500,강서구,F,25-29,6.8
2018,11500,강서구,F,25-29,3.9
2019,11500,강서구,F,25-29,5.6
2020,11500,강서구,F,25-29,4.6
2021,11500,강서구,F,25-29,5.5
2022,11500,강서구,F,25-29,4.1
2023,11500,강서구,F,25-29,2.3
2024,11500,강서구,F,25-29,1.9
2025,11500,강서구,F,25-29,3.4
2015,11500,강서구,F,30-34,-0.2
2016,11500,강서구,F,30-34,0.6
2017,11500,강서구,F,30-34,1.2
2018,11500,강서구,F,30-34,-1.7
2019,11500,강서구,F,30-34,-2.5
2020,11500,강서구,F,30-34,-3.1
2021,11500,강서구,F,30-34,-1.9
2022,11500,강서구,F,30-34,-1.9
2023,11500,강서구,F,30-34,-3.9
2024,11500,강서구,F,30-34,-4.7
2025,11500,강서구,F,30-34,-3.6
2015,11530,구로구,M,20-24,1.1
2016,11530,구로구,M,20-24,1.6
2017,11530,구로구,M,20-24,0.9
2018,11530,구로구,M,20-24,1.1
2019,11530,구로구,M,20-24,2.5
2020,11530,구로구,M,20-24,2.1
2021,11530,구로구,M,20-24,1.2
2022,11530,구로구,M,20-24,2.1
2023,11530,구로구,M,20-24,2.7
2024,11530,구로구,M,20-24,2.3
2025,11530,구로구,M,20-24,1.8
2015,11530,구로구,M,25-29,0.6
2016,11530,구로구,M,25-29,2.0
2017,11530,구로구,M,25-29,1.5
2018,11530,구로구,M,25-29,2.8
2019,11530,구로구,M,25-29,4.0
2020,11530,구로구,M,25-29,3.9
2021,11530,구로구,M,25-29,2.2
2022,11530,구로구,M,25-29,4.9
2023,11530,구로구,M,25-29,3.4
2024,11530,구로구,M,25-29,2.6
2025,11530,구로구,M,25-29,3.0
2015,11530,구로구,M,30-34,-2.3
2016,11530,구로구,M,30-34,-2.6
2017,11530,구로구,M,30-34,-3.8
2018,11530,구로구,M,30-34,-1.9
2019,11530,구로구,M,30-34,2.1
2020,11530,구로구,M,30-34,1.0
2021,11530,구로구,M,30-34,-0.5
2022,11530,구로구,M,30-34,3.0
2023,11530,구로구,M,30-34,-0.8
2024,11530,구로구,M,30-34,-1.1
2025,11530,구로구,M,30-34,0.3
2015,11530,구로구,F,20-24,4.5
2016,11530,구로구,F,20-24,3.9
2017,11530,구로구,F,20-24,3.4
2018,11530,구로구,F,20-24,4.7
2019,11530,구로구,F,20-24,7.7
2020,11530,구로구,F,20-24,5.0
2021,11530,구로구,F,20-24,6.0
2022,11530,구로구,F,20-24,8.5
2023,11530,구로구,F,20-24,6.3
2024,11530,구로구,F,20-24,4.8
2025,11530,구로구,F,20-24,7.3
2015,11530,구로구,F,25-29,2.1
2016,11530,구로구,F,25-29,1.7
2017,11530,구로구,F,25-29,-0.6
2018,11530,구로구,F,25-29,1.6
2019,11530,구로구,F,25-29,3.6
2020,11530,구로구,F,25-29,2.2
2021,11530,구로구,F,25-29,1.0
2022,11530,구로구,F,25-29,4.2
2023,11530,구로구,F,25-29,1.1
2024,11530,구로구,F,25-29,0.7
2025,11530,구로구,F,25-29,2.0
2015,11530,구로구,F,30-34,-2.9
2016,11530,구로구,F,30-34,-4.4
2017,11530,구로구,F,30-34,-4.5
2018,11530,구로구,F,30-34,-3.9
2019,11530,구로구,F,30-34,0.9
2020,11530,구로구,F,30-34,-0.2
2021,11530,구로구,F,30-34,-2.4
2022,11530,구로구,F,30-34,1.5
2023,11530,구로구,F,30-34,-0.9
2024,11530,구로구,F,30-34,-2.3
2025,11530,구로구,F,30-34,-1.2
2015,11545,금천구,M,20-24,2.0
2016,11545,금천구,M,20-24,2.4
2017,11545,금천구,M,20-24,3.1
2018,11545,금천구,M,20-24,4.8
2019,11545,금천구,M,20-24,4.3
2020,11545,금천구,M,20-24,3.9
2021,11545,금천구,M,20-24,5.7
2022,11545,금천구,M,20-24,5.2
2023,11545,금천구,M,20-24,5.1
2024,11545,금천구,M,20-24,7.5
2025,11545,금천구,M,20-24,7.1
2015,11545,금천구,M,25-29,2.9
2016,11545,금천구,M,25-29,2.8
2017,11545,금천구,M,25-29,3.5
2018,11545,금천구,M,25-29,7.0
2019,11545,금천구,M,25-29,6.2
2020,11545,금천구,M,25-29,7.7
2021,11545,금천구,M,25-29,7.6
2022,11545,금천구,M,25-29,8.1
2023,11545,금천구,M,25-29,6.3
2024,11545,금천구,M,25-29,8.2
2025,11545,금천구,M,25-29,6.2
2015,11545,금천구,M,30-34,-5.5
2016,11545,금천구,M,30-34,-3.1
2017,11545,금천구,M,30-34,-0.9
2018,11545,금천구,M,30-34,-2.1
2019,11545,금천구,M,30-34,-0.5
2020,11545,금천구,M,30-34,0.2
2021,11545,금천구,M,30-34,1.1
2022,11545,금천구,M,30-34,-0.6
2023,11545,금천구,M,30-34,-3.2
2024,11545,금천구,M,30-34,-2.9
2025,11545,금천구,M,30-34,-1.7
2015,11545,금천구,F,20-24,3.1
2016,11545,금천구,F,20-24,4.3
2017,11545,금천구,F,20-24,5.7
2018,11545,금천구,F,20-24,6.2
2019,11545,금천구,F,20-24,8.5
2020,11545,금천구,F,20-24,10.9
2021,11545,금천구,F,20-24,10.5
2022,11545,금천구,F,20-24,11.3
2023,11545,금천구,F,20-24,10.9
2024,11545,금천구,F,20-24,10.3
2025,11545,금천구,F,20-24,12.0
2015,11545,금천구,F,25-29,-0.4
2016,11545,금천구,F,25-29,0.0
2017,11545,금천구,F,25-29,3.0
2018,11545,금천구,F,25-29,2.4
2019,11545,금천구,F,25-29,5.0
2020,11545,금천구,F,25-29,7.0
2021,11545,금천구,F,25-29,7.7
2022,11545,금천구,F,25-29,4.3
2023,11545,금천구,F,25-29,3.4
2024,11545,금천구,F,25-29,2.8
2025,11545,금천구,F,25-29,3.0
2015,11545,금천구,F,30-34,-3.9
2016,11545,금천구,F,30-34,-2.3
2017,11545,금천구,F,30-34,-1.0
2018,11545,금천구,F,30-34,-2.7
2019,11545,금천구,F,30-34,-2.3
2020,11545,금천구,F,30-34,-2.0
2021,11545,금천구,F,30-34,1.3
2022,11545,금천구,F,30-34,-1.1
2023,11545,금천구,F,30-34,-3.9
2024,11545,금천구,F,30-34,-6.0
2025,11545,금천구,F,30-34,-4.0
2015,11560,영등포구,M,20-24,1.1
2016,11560,영등포구,M,20-24,0.1
2017,11560,영등포구,M,20-24,4.1
2018,11560,영등포구,M,20-24,2.3
2019,11560,영등포구,M,20-24,3.8
2020,11560,영등포구,M,20-24,7.8
2021,11560,영등포구,M,20-24,4.9
2022,11560,영등포구,M,20-24,5.3
2023,11560,영등포구,M,20-24,4.4
2024,11560,영등포구,M,20-24,5.5
2025,11560,영등포구,M,20-24,5.8
2015,11560,영등포구,M,25-29,5.1
2016,11560,영등포구,M,25-29,5.0
2017,11560,영등포구,M,25-29,6.8
2018,11560,영등포구,M,25-29,9.8
2019,11560,영등포구,M,25-29,8.7
2020,11560,영등포구,M,25-29,10.7
2021,11560,영등포구,M,25-29,8.5
2022,11560,영등포구,M,25-29,8.7
2023,11560,영등포구,M,25-29,10.3
2024,11560,영등포구,M,25-29,8.3
2025,11560,영등포구,M,25-29,6.6
2015,11560,영등포구,M,30-34,-1.4
2016,11560,영등포구,M,30-34,-2.8
2017,11560,영등포구,M,30-34,-0.7
2018,11560,영등포구,M,30-34,1.5
2019,11560,영등포구,M,30-34,0.4
2020,11560,영등포구,M,30-34,4.9
2021,11560,영등포구,M,30-34,-1.1
2022,11560,영등포구,M,30-34,-0.6
2023,11560,영등포구,M,30-34,1.0
2024,11560,영등포구,M,30-34,0.8
2025,11560,영등포구,M,30-34,-0.7
2015,11560,영등포구,F,20-24,5.6
2016,11560,영등포구,F,20-24,6.0
2017,11560,영등포구,F,20-24,9.3
2018,11560,영등포구,F,20-24,10.1
2019,11560,영등포구,F,20-24,11.9
2020,11560,영등포구,F,20-24,13.8
2021,11560,영등포구,F,20-24,14.7
2022,11560,영등포구,F,20-24,14.8
2023,11560,영등포구,F,20-24,12.0
2024,11560,영등포구,F,20-24,12.8
2025,11560,영등포구,F,20-24,12.1
2015,11560,영등포구,F,25-29,3.2
2016,11560,영등포구,F,25-29,2.1
2017,11560,영등포구,F,25-29,3.1
2018,11560,영등포구,F,25-29,7.1
2019,11560,영등포구,F,25-29,7.2
2020,11560,영등포구,F,25-29,9.4
2021,11560,영등포구,F,25-29,6.2
2022,11560,영등포구,F,25-29,5.9
2023,11560,영등포구,F,25-29,7.2
2024,11560,영등포구,F,25-29,5.9
2025,11560,영등포구,F,25-29,4.4
2015,11560,영등포구,F,30-34,-2.0
2016,11560,영등포구,F,30-34,-3.8
2017,11560,영등포구,F,30-34,-1.5
2018,11560,영등포구,F,30-34,0.0
2019,11560,영등포구,F,30-34,-0.4
2020,11560,영등포구,F,30-34,4.7
2021,11560,영등포구,F,30-34,-1.8
2022,11560,영등포구,F,30-34,-1.9
2023,11560,영등포구,F,30-34,-0.5
2024,11560,영등포구,F,30-34,-0.6
2025,11560,영등포구,F,30-34,-1.9
2015,11590,동작구,M,20-24,4.5
2016,11590,동작구,M,20-24,6.3
2017,11590,동작구,M,20-24,5.4
2018,11590,동작구,M,20-24,7.2
2019,11590,동작구,M,20-24,7.7
2020,11590,동작구,M,20-24,6.4
2021,11590,동작구,M,20-24,8.3
2022,11590,동작구,M,20-24,10.6
2023,11590,동작구,M,20-24,11.4
2024,11590,동작구,M,20-24,8.6
2025,11590,동작구,M,20-24,8.2
2015,11590,동작구,M,25-29,-1.3
2016,11590,동작구,M,25-29,2.5
2017,11590,동작구,M,25-29,1.3
2018,11590,동작구,M,25-29,3.5
2019,11590,동작구,M,25-29,2.7
2020,11590,동작구,M,25-29,1.0
2021,11590,동작구,M,25-29,0.9
2022,11590,동작구,M,25-29,2.5
2023,11590,동작구,M,25-29,3.0
2024,11590,동작구,M,25-29,1.5
2025,11590,동작구,M,25-29,0.2
2015,11590,동작구,M,30-34,-6.0
2016,11590,동작구,M,30-34,-3.0
2017,11590,동작구,M,30-34,-5.0
2018,11590,동작구,M,30-34,-2.7
2019,11590,동작구,M,30-34,-1.7
2020,11590,동작구,M,30-34,-3.8
2021,11590,동작구,M,30-34,-4.7
2022,11590,동작구,M,30-34,-3.9
2023,11590,동작구,M,30-34,-2.8
2024,11590,동작구,M,30-34,-2.5
2025,11590,동작구,M,30-34,-2.9
2015,11590,동작구,F,20-24,6.2
2016,11590,동작구,F,20-24,8.5
2017,11590,동작구,F,20-24,7.8
2018,11590,동작구,F,20-24,10.5
2019,11590,동작구,F,20-24,10.6
2020,11590,동작구,F,20-24,9.1
2021,11590,동작구,F,20-24,9.2
2022,11590,동작구,F,20-24,12.1
2023,11590,동작구,F,20-24,10.0
2024,11590,동작구,F,20-24,9.9
2025,11590,동작구,F,20-24,8.9
2015,11590,동작구,F,25-29,-1.4
2016,11590,동작구,F,25-29,1.9
2017,11590,동작구,F,25-29,0.2
2018,11590,동작구,F,25-29,3.3
2019,11590,동작구,F,25-29,2.9
2020,11590,동작구,F,25-29,1.3
2021,11590,동작구,F,25-29,-1.3
2022,11590,동작구,F,25-29,0.1
2023,11590,동작구,F,25-29,0.3
2024,11590,동작구,F,25-29,-0.7
2025,11590,동작구,F,25-29,-0.6
2015,11590,동작구,F,30-34,-5.9
2016,11590,동작구,F,30-34,-3.2
2017,11590,동작구,F,30-34,-4.3
2018,11590,동작구,F,30-34,-3.7
2019,11590,동작구,F,30-34,-3.3
2020,11590,동작구,F,30-34,-3.6
2021,11590,동작구,F,30-34,-4.8
2022,11590,동작구,F,30-34,-5.1
2023,11590,동작구,F,30-34,-3.5
2024,11590,동작구,F,30-34,-2.8
2025,11590,동작구,F,30-34,-2.9
2015,11620,관악구,M,20-24,11.4
2016,11620,관악구,M,20-24,13.4
2017,11620,관악구,M,20-24,12.2
2018,11620,관악구,M,20-24,14.5
2019,11620,관악구,M,20-24,14.1
2020,11620,관악구,M,20-24,14.3
2021,11620,관악구,M,20-24,15.0
2022,11620,관악구,M,20-24,19.5
2023,11620,관악구,M,20-24,15.5
2024,11620,관악구,M,20-24,16.8
2025,11620,관악구,M,20-24,18.1
2015,11620,관악구,M,25-29,4.9
2016,11620,관악구,M,25-29,6.7
2017,11620,관악구,M,25-29,5.9
2018,11620,관악구,M,25-29,7.5
2019,11620,관악구,M,25-29,6.7
2020,11620,관악구,M,25-29,5.9
2021,11620,관악구,M,25-29,5.5
2022,11620,관악구,M,25-29,9.2
2023,11620,관악구,M,25-29,4.5
2024,11620,관악구,M,25-29,3.8
2025,11620,관악구,M,25-29,4.9
2015,11620,관악구,M,30-34,-7.3
2016,11620,관악구,M,30-34,-6.4
2017,11620,관악구,M,30-34,-6.6
2018,11620,관악구,M,30-34,-5.7
2019,11620,관악구,M,30-34,-6.3
2020,11620,관악구,M,30-34,-6.2
2021,11620,관악구,M,30-34,-7.8
2022,11620,관악구,M,30-34,-5.4
2023,11620,관악구,M,30-34,-6.1
2024,11620,관악구,M,30-34,-6.6
2025,11620,관악구,M,30-34,-5.9
2015,11620,관악구,F,20-24,13.0
2016,11620,관악구,F,20-24,15.3
2017,11620,관악구,F,20-24,16.0
2018,11620,관악구,F,20-24,20.0
2019,11620,관악구,F,20-24,18.3
2020,11620,관악구,F,20-24,17.1
2021,11620,관악구,F,20-24,16.8
2022,11620,관악구,F,20-24,21.8
2023,11620,관악구,F,20-24,15.4
2024,11620,관악구,F,20-24,17.4
2025,11620,관악구,F,20-24,19.2
2015,11620,관악구,F,25-29,0.2
2016,11620,관악구,F,25-29,0.5
2017,11620,관악구,F,25-29,2.1
2018,11620,관악구,F,25-29,4.3
2019,11620,관악구,F,25-29,1.7
2020,11620,관악구,F,25-29,0.9
2021,11620,관악구,F,25-29,-0.6
2022,11620,관악구,F,25-29,2.4
2023,11620,관악구,F,25-29,-1.1
2024,11620,관악구,F,25-29,-1.3
2025,11620,관악구,F,25-29,0.0
2015,11620,관악구,F,30-34,-6.5
2016,11620,관악구,F,30-34,-7.8
2017,11620,관악구,F,30-34,-6.7
2018,11620,관악구,F,30-34,-7.0
2019,11620,관악구,F,30-34,-7.3
2020,11620,관악구,F,30-34,-8.4
2021,11620,관악구,F,30-34,-9.2
2022,11620,관악구,F,30-34,-6.4
2023,11620,관악구,F,30-34,-9.3
2024,11620,관악구,F,30-34,-8.0
2025,11620,관악구,F,30-34,-6.6
2015,11650,서초구,M,20-24,-2.1
2016,11650,서초구,M,20-24,-0.9
2017,11650,서초구,M,20-24,-1.6
2018,11650,서초구,M,20-24,-2.2
2019,11650,서초구,M,20-24,-1.8
2020,11650,서초구,M,20-24,-2.5
2021,11650,서초구,M,20-24,-4.2
2022,11650,서초구,M,20-24,-2.2
2023,11650,서초구,M,20-24,-0.5
2024,11650,서초구,M,20-24,-1.1
2025,11650,서초구,M,20-24,0.0
2015,11650,서초구,M,25-29,0.8
2016,11650,서초구,M,25-29,2.3
2017,11650,서초구,M,25-29,0.6
2018,11650,서초구,M,25-29,0.6
2019,11650,서초구,M,25-29,1.6
2020,11650,서초구,M,25-29,-0.5
2021,11650,서초구,M,25-29,-1.3
2022,11650,서초구,M,25-29,2.5
2023,11650,서초구,M,25-29,4.5
2024,11650,서초구,M,25-29,2.8
2025,11650,서초구,M,25-29,2.8
2015,11650,서초구,M,30-34,-2.5
2016,11650,서초구,M,30-34,-2.1
2017,11650,서초구,M,30-34,-3.0
2018,11650,서초구,M,30-34,-2.6
2019,11650,서초구,M,30-34,-1.4
2020,11650,서초구,M,30-34,-4.3
2021,11650,서초구,M,30-34,-6.0
2022,11650,서초구,M,30-34,-2.7
2023,11650,서초구,M,30-34,0.6
2024,11650,서초구,M,30-34,-1.4
2025,11650,서초구,M,30-34,0.0
2015,11650,서초구,F,20-24,1.6
2016,11650,서초구,F,20-24,2.2
2017,11650,서초구,F,20-24,0.8
2018,11650,서초구,F,20-24,0.6
2019,11650,서초구,F,20-24,2.7
2020,11650,서초구,F,20-24,1.0
2021,11650,서초구,F,20-24,-1.1
2022,11650,서초구,F,20-24,0.8
2023,11650,서초구,F,20-24,3.9
2024,11650,서초구,F,20-24,2.6
2025,11650,서초구,F,20-24,2.0
2015,11650,서초구,F,25-29,1.3
2016,11650,서초구,F,25-29,2.2
2017,11650,서초구,F,25-29,1.4
2018,11650,서초구,F,25-29,1.3
2019,11650,서초구,F,25-29,1.8
2020,11650,서초구,F,25-29,-0.8
2021,11650,서초구,F,25-29,-1.4
2022,11650,서초구,F,25-29,0.3
2023,11650,서초구,F,25-29,4.7
2024,11650,서초구,F,25-29,2.3
2025,11650,서초구,F,25-29,2.6
2015,11650,서초구,F,30-34,-1.9
2016,11650,서초구,F,30-34,-1.8
2017,11650,서초구,F,30-34,-2.6
2018,11650,서초구,F,30-34,-3.9
2019,11650,서초구,F,30-34,-0.8
2020,11650,서초구,F,30-34,-3.9
2021,11650,서초구,F,30-34,-4.4
2022,11650,서초구,F,30-34,-3.2
2023,11650,서초구,F,30-34,1.5
2024,11650,서초구,F,30-34,-0.2
2025,11650,서초구,F,30-34,-0.7
2015,11680,강남구,M,20-24,-4.1
2016,11680,강남구,M,20-24,-4.0
2017,11680,강남구,M,20-24,-4.4
2018,11680,강남구,M,20-24,-6.3
2019,11680,강남구,M,20-24,-2.9
2020,11680,강남구,M,20-24,-4.9
2021,11680,강남구,M,20-24,-4.3
2022,11680,강남구,M,20-24,-3.1
2023,11680,강남구,M,20-24,-2.0
2024,11680,강남구,M,20-24,-1.4
2025,11680,강남구,M,20-24,-4.6
2015,11680,강남구,M,25-29,1.5
2016,11680,강남구,M,25-29,0.5
2017,11680,강남구,M,25-29,0.7
2018,11680,강남구,M,25-29,-0.9
2019,11680,강남구,M,25-29,3.4
2020,11680,강남구,M,25-29,0.3
2021,11680,강남구,M,25-29,0.4
2022,11680,강남구,M,25-29,2.4
2023,11680,강남구,M,25-29,6.1
2024,11680,강남구,M,25-29,4.7
2025,11680,강남구,M,25-29,1.7
2015,11680,강남구,M,30-34,-3.0
2016,11680,강남구,M,30-34,-4.9
2017,11680,강남구,M,30-34,-5.2
2018,11680,강남구,M,30-34,-5.8
2019,11680,강남구,M,30-34,-0.9
2020,11680,강남구,M,30-34,-4.0
2021,11680,강남구,M,30-34,-4.4
2022,11680,강남구,M,30-34,-0.9
2023,11680,강남구,M,30-34,3.2
2024,11680,강남구,M,30-34,1.7
2025,11680,강남구,M,30-34,-2.7
2015,11680,강남구,F,20-24,-0.3
2016,11680,강남구,F,20-24,0.3
2017,11680,강남구,F,20-24,0.3
2018,11680,강남구,F,20-24,-1.6
2019,11680,강남구,F,20-24,2.5
2020,11680,강남구,F,20-24,-0.5
2021,11680,강남구,F,20-24,1.7
2022,11680,강남구,F,20-24,0.8
2023,11680,강남구,F,20-24,2.5
2024,11680,강남구,F,20-24,1.7
2025,11680,강남구,F,20-24,0.3
2015,11680,강남구,F,25-29,0.9
2016,11680,강남구,F,25-29,-0.1
2017,11680,강남구,F,25-29,-1.0
2018,11680,강남구,F,25-29,-0.6
2019,11680,강남구,F,25-29,2.9
2020,11680,강남구,F,25-29,0.2
2021,11680,강남구,F,25-29,-0.1
2022,11680,강남구,F,25-29,1.3
2023,11680,강남구,F,25-29,5.9
2024,11680,강남구,F,25-29,4.2
2025,11680,강남구,F,25-29,1.3
2015,11680,강남구,F,30-34,-3.5
2016,11680,강남구,F,30-34,-5.7
2017,11680,강남구,F,30-34,-5.2
2018,11680,강남구,F,30-34,-5.0
2019,11680,강남구,F,30-34,-1.4
2020,11680,강남구,F,30-34,-4.0
2021,11680,강남구,F,30-34,-5.4
2022,11680,강남구,F,30-34,-2.7
2023,11680,강남구,F,30-34,3.8
2024,11680,강남구,F,30-34,2.5
2025,11680,강남구,F,30-34,-2.3
2015,11710,송파구,M,20-24,-1.1
2016,11710,송파구,M,20-24,-0.7
2017,11710,송파구,M,20-24,0.8
2018,11710,송파구,M,20-24,0.7
2019,11710,송파구,M,20-24,0.8
2020,11710,송파구,M,20-24,-2.4
2021,11710,송파구,M,20-24,-1.4
2022,11710,송파구,M,20-24,-0.2
2023,11710,송파구,M,20-24,-1.5
2024,11710,송파구,M,20-24,-0.9
2025,11710,송파구,M,20-24,-1.8
2015,11710,송파구,M,25-29,2.0
2016,11710,송파구,M,25-29,1.4
2017,11710,송파구,M,25-29,4.1
2018,11710,송파구,M,25-29,4.6
2019,11710,송파구,M,25-29,5.0
2020,11710,송파구,M,25-29,1.1
2021,11710,송파구,M,25-29,2.0
2022,11710,송파구,M,25-29,4.1
2023,11710,송파구,M,25-29,4.1
2024,11710,송파구,M,25-29,4.0
2025,11710,송파구,M,25-29,2.6
2015,11710,송파구,M,30-34,-1.5
2016,11710,송파구,M,30-34,-0.4
2017,11710,송파구,M,30-34,2.4
2018,11710,송파구,M,30-34,0.9
2019,11710,송파구,M,30-34,1.6
2020,11710,송파구,M,30-34,-2.1
2021,11710,송파구,M,30-34,-2.8
2022,11710,송파구,M,30-34,0.2
2023,11710,송파구,M,30-34,0.7
2024,11710,송파구,M,30-34,0.4
2025,11710,송파구,M,30-34,-0.9
2015,11710,송파구,F,20-24,1.3
2016,11710,송파구,F,20-24,1.6
2017,11710,송파구,F,20-24,3.4
2018,11710,송파구,F,20-24,4.9
2019,11710,송파구,F,20-24,5.7
2020,11710,송파구,F,20-24,3.6
2021,11710,송파구,F,20-24,3.5
2022,11710,송파구,F,20-24,4.8
2023,11710,송파구,F,20-24,3.6
2024,11710,송파구,F,20-24,2.2
2025,11710,송파구,F,20-24,2.9
2015,11710,송파구,F,25-29,0.8
2016,11710,송파구,F,25-29,2.8
2017,11710,송파구,F,25-29,6.1
2018,11710,송파구,F,25-29,6.3
2019,11710,송파구,F,25-29,6.7
2020,11710,송파구,F,25-29,2.4
2021,11710,송파구,F,25-29,0.7
2022,11710,송파구,F,25-29,3.4
2023,11710,송파구,F,25-29,4.5
2024,11710,송파구,F,25-29,3.9
2025,11710,송파구,F,25-29,2.4
2015,11710,송파구,F,30-34,-2.5
2016,11710,송파구,F,30-34,-0.3
2017,11710,송파구,F,30-34,1.7
2018,11710,송파구,F,30-34,0.0
2019,11710,송파구,F,30-34,1.4
2020,11710,송파구,F,30-34,-2.5
2021,11710,송파구,F,30-34,-2.9
2022,11710,송파구,F,30-34,-0.2
2023,11710,송파구,F,30-34,-0.7
2024,11710,송파구,F,30-34,-0.2
2025,11710,송파구,F,30-34,-1.7
2015,11740,강동구,M,20-24,-4.5
2016,11740,강동구,M,20-24,-4.2
2017,11740,강동구,M,20-24,-4.1
2018,11740,강동구,M,20-24,-3.1
2019,11740,강동구,M,20-24,0.7
2020,11740,강동구,M,20-24,3.0
2021,11740,강동구,M,20-24,0.4
2022,11740,강동구,M,20-24,-0.9
2023,11740,강동구,M,20-24,-0.7
2024,11740,강동구,M,20-24,4.4
2025,11740,강동구,M,20-24,2.9
2015,11740,강동구,M,25-29,-4.2
2016,11740,강동구,M,25-29,-2.5
2017,11740,강동구,M,25-29,-1.8
2018,11740,강동구,M,25-29,-1.0
2019,11740,강동구,M,25-29,4.0
2020,11740,강동구,M,25-29,5.8
2021,11740,강동구,M,25-29,3.1
2022,11740,강동구,M,25-29,2.3
2023,11740,강동구,M,25-29,3.5
2024,11740,강동구,M,25-29,5.3
2025,11740,강동구,M,25-29,6.6
2015,11740,강동구,M,30-34,-6.8
2016,11740,강동구,M,30-34,-4.1
2017,11740,강동구,M,30-34,-2.2
2018,11740,강동구,M,30-34,-3.7
2019,11740,강동구,M,30-34,3.2
2020,11740,강동구,M,30-34,7.7
2021,11740,강동구,M,30-34,0.2
2022,11740,강동구,M,30-34,-1.3
2023,11740,강동구,M,30-34,0.4
2024,11740,강동구,M,30-34,6.4
2025,11740,강동구,M,30-34,5.1
2015,11740,강동구,F,20-24,-2.8
2016,11740,강동구,F,20-24,-1.5
2017,11740,강동구,F,20-24,-0.5
2018,11740,강동구,F,20-24,1.8
2019,11740,강동구,F,20-24,4.4
2020,11740,강동구,F,20-24,8.0
2021,11740,강동구,F,20-24,5.9
2022,11740,강동구,F,20-24,4.0
2023,11740,강동구,F,20-24,3.6
2024,11740,강동구,F,20-24,7.8
2025,11740,강동구,F,20-24,8.6
2015,11740,강동구,F,25-29,-4.0
2016,11740,강동구,F,25-29,-2.3
2017,11740,강동구,F,25-29,-0.8
2018,11740,강동구,F,25-29,0.0
2019,11740,강동구,F,25-29,5.6
2020,11740,강동구,F,25-29,9.1
2021,11740,강동구,F,25-29,3.6
2022,11740,강동구,F,25-29,2.2
2023,11740,강동구,F,25-29,4.1
2024,11740,강동구,F,25-29,7.1
2025,11740,강동구,F,25-29,6.9
2015,11740,강동구,F,30-34,-7.0
2016,11740,강동구,F,30-34,-4.5
2017,11740,강동구,F,30-34,-1.7
2018,11740,강동구,F,30-34,-2.7
2019,11740,강동구,F,30-34,3.0
2020,11740,강동구,F,30-34,9.6
2021,11740,강동구,F,30-34,1.1
2022,11740,강동구,F,30-34,-1.4
2023,11740,강동구,F,30-34,0.1
2024,11740,강동구,F,30-34,4.6
2025,11740,강동구,F,30-34,6.1
2015,26,부산광역시,M,20-24,-0.4
2016,26,부산광역시,M,20-24,-0.6
2017,26,부산광역시,M,20-24,-0.7
2018,26,부산광역시,M,20-24,-0.3
2019,26,부산광역시,M,20-24,0.0
2020,26,부산광역시,M,20-24,0.2
2021,26,부산광역시,M,20-24,0.3
2022,26,부산광역시,M,20-24,0.6
2023,26,부산광역시,M,20-24,1.1
2024,26,부산광역시,M,20-24,0.6
2025,26,부산광역시,M,20-24,1.0
2015,26,부산광역시,M,25-29,-2.5
2016,26,부산광역시,M,25-29,-2.6
2017,26,부산광역시,M,25-29,-2.4
2018,26,부산광역시,M,25-29,-3.3
2019,26,부산광역시,M,25-29,-3.2
2020,26,부산광역시,M,25-29,-2.8
2021,26,부산광역시,M,25-29,-3.3
2022,26,부산광역시,M,25-29,-3.1
2023,26,부산광역시,M,25-29,-3.1
2024,26,부산광역시,M,25-29,-3.1
2025,26,부산광역시,M,25-29,-3.3
2015,26,부산광역시,M,30-34,-0.8
2016,26,부산광역시,M,30-34,-1.2
2017,26,부산광역시,M,30-34,-1.7
2018,26,부산광역시,M,30-34,-2.1
2019,26,부산광역시,M,30-34,-2.1
2020,26,부산광역시,M,30-34,-1.0
2021,26,부산광역시,M,30-34,-0.8
2022,26,부산광역시,M,30-34,-1.0
2023,26,부산광역시,M,30-34,-1.0
2024,26,부산광역시,M,30-34,-1.3
2025,26,부산광역시,M,30-34,-1.0
2015,26,부산광역시,F,20-24,0.2
2016,26,부산광역시,F,20-24,-0.2
2017,26,부산광역시,F,20-24,0.0
2018,26,부산광역시,F,20-24,0.1
2019,26,부산광역시,F,20-24,0.7
2020,26,부산광역시,F,20-24,1.0
2021,26,부산광역시,F,20-24,0.6
2022,26,부산광역시,F,20-24,0.7
2023,26,부산광역시,F,20-24,0.7
2024,26,부산광역시,F,20-24,0.3
2025,26,부산광역시,F,20-24,0.1
2015,26,부산광역시,F,25-29,-1.8
2016,26,부산광역시,F,25-29,-2.0
2017,26,부산광역시,F,25-29,-2.0
2018,26,부산광역시,F,25-29,-2.5
2019,26,부산광역시,F,25-29,-2.5
2020,26,부산광역시,F,25-29,-1.7
2021,26,부산광역시,F,25-29,-1.8
2022,26,부산광역시,F,25-29,-2.0
2023,26,부산광역시,F,25-29,-2.1
2024,26,부산광역시,F,25-29,-2.3
2025,26,부산광역시,F,25-29,-2.4
2015,26,부산광역시,F,30-34,-1.0
2016,26,부산광역시,F,30-34,-1.1
2017,26,부산광역시,F,30-34,-1.9
2018,26,부산광역시,F,30-34,-2.0
2019,26,부산광역시,F,30-34,-1.9
2020,26,부산광역시,F,30-34,-0.9
2021,26,부산광역시,F,30-34,-1.1
2022,26,부산광역시,F,30-34,-0.7
2023,26,부산광역시,F,30-34,-1.2
2024,26,부산광역시,F,30-34,-1.4
2025,26,부산광역시,F,30-34,-1.2
2015,26110,중구,M,20-24,1.1
2016,26110,중구,M,20-24,3.3
2017,26110,중구,M,20-24,1.7
2018,26110,중구,M,20-24,2.1
2019,26110,중구,M,20-24,3.9
2020,26110,중구,M,20-24,6.3
2021,26110,중구,M,20-24,9.3
2022,26110,중구,M,20-24,7.0
2023,26110,중구,M,20-24,8.0
2024,26110,중구,M,20-24,8.1
2025,26110,중구,M,20-24,6.6
2015,26110,중구,M,25-29,-2.9
2016,26110,중구,M,25-29,2.3
2017,26110,중구,M,25-29,-2.0
2018,26110,중구,M,25-29,-2.2
2019,26110,중구,M,25-29,0.8
2020,26110,중구,M,25-29,3.1
2021,26110,중구,M,25-29,5.6
2022,26110,중구,M,25-29,0.2
2023,26110,중구,M,25-29,1.4
2024,26110,중구,M,25-29,-2.6
2025,26110,중구,M,25-29,-5.6
2015,26110,중구,M,30-34,-5.8
2016,26110,중구,M,30-34,-7.0
2017,26110,중구,M,30-34,-4.4
2018,26110,중구,M,30-34,-9.1
2019,26110,중구,M,30-34,-8.8
2020,26110,중구,M,30-34,-3.7
2021,26110,중구,M,30-34,-0.3
2022,26110,중구,M,30-34,-7.7
2023,26110,중구,M,30-34,-10.3
2024,26110,중구,M,30-34,-5.0
2025,26110,중구,M,30-34,-9.7
2015,26110,중구,F,20-24,4.6
2016,26110,중구,F,20-24,4.7
2017,26110,중구,F,20-24,6.1
2018,26110,중구,F,20-24,3.3
2019,26110,중구,F,20-24,7.3
2020,26110,중구,F,20-24,14.7
2021,26110,중구,F,20-24,14.3
2022,26110,중구,F,20-24,15.7
2023,26110,중구,F,20-24,6.4
2024,26110,중구,F,20-24,4.9
2025,26110,중구,F,20-24,4.1
2015,26110,중구,F,25-29,0.2
2016,26110,중구,F,25-29,-3.5
2017,26110,중구,F,25-29,-3.1
2018,26110,중구,F,25-29,-5.8
2019,26110,중구,F,25-29,-2.6
2020,26110,중구,F,25-29,2.1
2021,26110,중구,F,25-29,3.5
2022,26110,중구,F,25-29,-2.5
2023,26110,중구,F,25-29,-7.7
2024,26110,중구,F,25-29,-5.0
2025,26110,중구,F,25-29,-3.6
2015,26110,중구,F,30-34,-8.1
2016,26110,중구,F,30-34,-4.9
2017,26110,중구,F,30-34,-7.9
2018,26110,중구,F,30-34,-8.6
2019,26110,중구,F,30-34,-8.2
2020,26110,중구,F,30-34,-5.1
2021,26110,중구,F,30-34,-0.5
2022,26110,중구,F,30-34,-4.8
2023,26110,중구,F,30-34,-13.9
2024,26110,중구,F,30-34,-11.4
2025,26110,중구,F,30-34,-12.0
2015,26140,서구,M,20-24,-0.2
2016,26140,서구,M,20-24,-1.9
2017,26140,서구,M,20-24,-0.9
2018,26140,서구,M,20-24,2.5
2019,26140,서구,M,20-24,0.9
2020,26140,서구,M,20-24,1.6
2021,26140,서구,M,20-24,1.6
2022,26140,서구,M,20-24,5.0
2023,26140,서구,M,20-24,3.3
2024,26140,서구,M,20-24,-0.5
2025,26140,서구,M,20-24,0.5
2015,26140,서구,M,25-29,-3.7
2016,26140,서구,M,25-29,-5.4
2017,26140,서구,M,25-29,-4.5
2018,26140,서구,M,25-29,-3.4
2019,26140,서구,M,25-29,-5.8
2020,26140,서구,M,25-29,-3.9
2021,26140,서구,M,25-29,-6.9
2022,26140,서구,M,25-29,-4.4
2023,26140,서구,M,25-29,-4.2
2024,26140,서구,M,25-29,-5.3
2025,26140,서구,M,25-29,-5.1
2015,26140,서구,M,30-34,-5.5
2016,26140,서구,M,30-34,-6.8
2017,26140,서구,M,30-34,-4.9
2018,26140,서구,M,30-34,-1.3
2019,26140,서구,M,30-34,-7.4
2020,26140,서구,M,30-34,-3.6
2021,26140,서구,M,30-34,-5.4
2022,26140,서구,M,30-34,1.0
2023,26140,서구,M,30-34,-1.9
2024,26140,서구,M,30-34,-3.8
2025,26140,서구,M,30-34,-3.6
2015,26140,서구,F,20-24,0.9
2016,26140,서구,F,20-24,1.6
2017,26140,서구,F,20-24,0.5
2018,26140,서구,F,20-24,2.8
2019,26140,서구,F,20-24,3.7
2020,26140,서구,F,20-24,4.6
2021,26140,서구,F,20-24,1.7
2022,26140,서구,F,20-24,2.6
2023,26140,서구,F,20-24,4.5
2024,26140,서구,F,20-24,-0.3
2025,26140,서구,F,20-24,1.2
2015,26140,서구,F,25-29,-5.9
2016,26140,서구,F,25-29,-6.4
2017,26140,서구,F,25-29,-5.2
2018,26140,서구,F,25-29,-2.8
2019,26140,서구,F,25-29,-5.5
2020,26140,서구,F,25-29,-4.5
2021,26140,서구,F,25-29,-4.1
2022,26140,서구,F,25-29,-5.8
2023,26140,서구,F,25-29,-2.5
2024,26140,서구,F,25-29,-6.1
2025,26140,서구,F,25-29,-8.0
2015,26140,서구,F,30-34,-4.4
2016,26140,서구,F,30-34,-5.3
2017,26140,서구,F,30-34,-6.2
2018,26140,서구,F,30-34,0.0
2019,26140,서구,F,30-34,-6.3
2020,26140,서구,F,30-34,-0.8
2021,26140,서구,F,30-34,-6.0
2022,26140,서구,F,30-34,-1.7
2023,26140,서구,F,30-34,-1.6
2024,26140,서구,F,30-34,-5.7
2025,26140,서구,F,30-34,-3.4
2015,26170,동구,M,20-24,-0.3
2016,26170,동구,M,20-24,-3.4
2017,26170,동구,M,20-24,-0.3
2018,26170,동구,M,20-24,-2.2
2019,26170,동구,M,20-24,2.3
2020,26170,동구,M,20-24,4.2
2021,26170,동구,M,20-24,0.6
2022,26170,동구,M,20-24,-1.9
2023,26170,동구,M,20-24,2.8
2024,26170,동구,M,20-24,-0.9
2025,26170,동구,M,20-24,1.5
2015,26170,동구,M,25-29,-2.8
2016,26170,동구,M,25-29,-6.1
2017,26170,동구,M,25-29,-1.5
2018,26170,동구,M,25-29,-2.4
2019,26170,동구,M,25-29,3.1
2020,26170,동구,M,25-29,2.3
2021,26170,동구,M,25-29,1.7
2022,26170,동구,M,25-29,1.7
2023,26170,동구,M,25-29,0.5
2024,26170,동구,M,25-29,2.1
2025,26170,동구,M,25-29,-0.8
2015,26170,동구,M,30-34,-7.2
2016,26170,동구,M,30-34,-5.6
2017,26170,동구,M,30-34,-1.5
2018,26170,동구,M,30-34,-1.4
2019,26170,동구,M,30-34,4.0
2020,26170,동구,M,30-34,1.5
2021,26170,동구,M,30-34,-1.0
2022,26170,동구,M,30-34,-0.2
2023,26170,동구,M,30-34,5.1
2024,26170,동구,M,30-34,-1.8
2025,26170,동구,M,30-34,-2.2
2015,26170,동구,F,20-24,0.7
2016,26170,동구,F,20-24,0.4
2017,26170,동구,F,20-24,2.0
2018,26170,동구,F,20-24,1.7
2019,26170,동구,F,20-24,4.6
2020,26170,동구,F,20-24,5.4
2021,26170,동구,F,20-24,6.3
2022,26170,동구,F,20-24,2.9
2023,26170,동구,F,20-24,5.9
2024,26170,동구,F,20-24,3.3
2025,26170,동구,F,20-24,4.8
2015,26170,동구,F,25-29,-3.5
2016,26170,동구,F,25-29,-6.9
2017,26170,동구,F,25-29,0.0
2018,26170,동구,F,25-29,-0.8
2019,26170,동구,F,25-29,2.9
2020,26170,동구,F,25-29,3.4
2021,26170,동구,F,25-29,2.6
2022,26170,동구,F,25-29,2.5
2023,26170,동구,F,25-29,3.2
2024,26170,동구,F,25-29,2.6
2025,26170,동구,F,25-29,-2.2
2015,26170,동구,F,30-34,-7.4
2016,26170,동구,F,30-34,-6.7
2017,26170,동구,F,30-34,-1.7
2018,26170,동구,F,30-34,-4.9
2019,26170,동구,F,30-34,4.1
2020,26170,동구,F,30-34,4.2
2021,26170,동구,F,30-34,-0.9
2022,26170,동구,F,30-34,-1.2
2023,26170,동구,F,30-34,2.9
2024,26170,동구,F,30-34,-3.0
2025,26170,동구,F,30-34,-5.4
2015,26200,영도구,M,20-24,-2.7
2016,26200,영도구,M,20-24,-2.2
2017,26200,영도구,M,20-24,-4.0
2018,26200,영도구,M,20-24,-2.9
2019,26200,영도구,M,20-24,-1.8
2020,26200,영도구,M,20-24,-2.6
2021,26200,영도구,M,20-24,-1.2
2022,26200,영도구,M,20-24,-0.4
2023,26200,영도구,M,20-24,-1.5
2024,26200,영도구,M,20-24,1.5
2025,26200,영도구,M,20-24,1.7
2015,26200,영도구,M,25-29,-4.9
2016,26200,영도구,M,25-29,-5.9
2017,26200,영도구,M,25-29,-6.4
2018,26200,영도구,M,25-29,-7.8
2019,26200,영도구,M,25-29,-8.3
2020,26200,영도구,M,25-29,-6.6
2021,26200,영도구,M,25-29,-4.9
2022,26200,영도구,M,25-29,-6.5
2023,26200,영도구,M,25-29,-8.0
2024,26200,영도구,M,25-29,-6.9
2025,26200,영도구,M,25-29,-3.5
2015,26200,영도구,M,30-34,-5.1
2016,26200,영도구,M,30-34,-7.0
2017,26200,영도구,M,30-34,-6.1
2018,26200,영도구,M,30-34,-7.3
2019,26200,영도구,M,30-34,-8.5
2020,26200,영도구,M,30-34,-6.7
2021,26200,영도구,M,30-34,-1.2
2022,26200,영도구,M,30-34,-3.6
2023,26200,영도구,M,30-34,-3.2
2024,26200,영도구,M,30-34,-8.9
2025,26200,영도구,M,30-34,-3.8
2015,26200,영도구,F,20-24,-3.7
2016,26200,영도구,F,20-24,-3.9
2017,26200,영도구,F,20-24,-4.2
2018,26200,영도구,F,20-24,-5.0
2019,26200,영도구,F,20-24,-5.2
2020,26200,영도구,F,20-24,-6.4
2021,26200,영도구,F,20-24,-3.5
2022,26200,영도구,F,20-24,-5.9
2023,26200,영도구,F,20-24,-2.9
2024,26200,영도구,F,20-24,-4.4
2025,26200,영도구,F,20-24,-1.9
2015,26200,영도구,F,25-29,-6.2
2016,26200,영도구,F,25-29,-7.7
2017,26200,영도구,F,25-29,-6.9
2018,26200,영도구,F,25-29,-8.1
2019,26200,영도구,F,25-29,-8.0
2020,26200,영도구,F,25-29,-7.6
2021,26200,영도구,F,25-29,-3.9
2022,26200,영도구,F,25-29,-6.9
2023,26200,영도구,F,25-29,-5.4
2024,26200,영도구,F,25-29,-7.2
2025,26200,영도구,F,25-29,-0.2
2015,26200,영도구,F,30-34,-5.2
2016,26200,영도구,F,30-34,-4.4
2017,26200,영도구,F,30-34,-4.4
2018,26200,영도구,F,30-34,-7.1
2019,26200,영도구,F,30-34,-8.9
2020,26200,영도구,F,30-34,-6.4
2021,26200,영도구,F,30-34,1.4
2022,26200,영도구,F,30-34,-1.4
2023,26200,영도구,F,30-34,-1.3
2024,26200,영도구,F,30-34,-4.9
2025,26200,영도구,F,30-34,-1.9
2015,26230,부산진구,M,20-24,1.0
2016,26230,부산진구,M,20-24,1.2
2017,26230,부산진구,M,20-24,1.5
2018,26230,부산진구,M,20-24,1.0
2019,26230,부산진구,M,20-24,3.3
2020,26230,부산진구,M,20-24,5.1
2021,26230,부산진구,M,20-24,2.2
2022,26230,부산진구,M,20-24,6.6
2023,26230,부산진구,M,20-24,7.8
2024,26230,부산진구,M,20-24,6.0
2025,26230,부산진구,M,20-24,6.9
2015,26230,부산진구,M,25-29,-1.3
2016,26230,부산진구,M,25-29,-1.9
2017,26230,부산진구,M,25-29,0.0
2018,26230,부산진구,M,25-29,-4.2
2019,26230,부산진구,M,25-29,-1.5
2020,26230,부산진구,M,25-29,2.8
2021,26230,부산진구,M,25-29,-2.2
2022,26230,부산진구,M,25-29,1.4
2023,26230,부산진구,M,25-29,1.7
2024,26230,부산진구,M,25-29,1.4
2025,26230,부산진구,M,25-29,1.1
2015,26230,부산진구,M,30-34,-3.4
2016,26230,부산진구,M,30-34,-2.7
2017,26230,부산진구,M,30-34,-2.2
2018,26230,부산진구,M,30-34,-6.3
2019,26230,부산진구,M,30-34,-3.0
2020,26230,부산진구,M,30-34,2.3
2021,26230,부산진구,M,30-34,-1.6
2022,26230,부산진구,M,30-34,1.7
2023,26230,부산진구,M,30-34,1.7
2024,26230,부산진구,M,30-34,0.3
2025,26230,부산진구,M,30-34,2.9
2015,26230,부산진구,F,20-24,3.6
2016,26230,부산진구,F,20-24,3.6
2017,26230,부산진구,F,20-24,3.9
2018,26230,부산진구,F,20-24,3.8
2019,26230,부산진구,F,20-24,8.0
2020,26230,부산진구,F,20-24,9.7
2021,26230,부산진구,F,20-24,6.9
2022,26230,부산진구,F,20-24,9.6
2023,26230,부산진구,F,20-24,8.3
2024,26230,부산진구,F,20-24,8.1
2025,26230,부산진구,F,20-24,9.4
2015,26230,부산진구,F,25-29,-1.8
2016,26230,부산진구,F,25-29,-2.4
2017,26230,부산진구,F,25-29,-0.4
2018,26230,부산진구,F,25-29,-3.3
2019,26230,부산진구,F,25-29,-1.3
2020,26230,부산진구,F,25-29,3.3
2021,26230,부산진구,F,25-29,-1.3
2022,26230,부산진구,F,25-29,1.4
2023,26230,부산진구,F,25-29,1.7
2024,26230,부산진구,F,25-29,0.7
2025,26230,부산진구,F,25-29,0.7
2015,26230,부산진구,F,30-34,-5.6
2016,26230,부산진구,F,30-34,-4.4
2017,26230,부산진구,F,30-34,-3.4
2018,26230,부산진구,F,30-34,-5.8
2019,26230,부산진구,F,30-34,-4.7
2020,26230,부산진구,F,30-34,1.2
2021,26230,부산진구,F,30-34,-3.2
2022,26230,부산진구,F,30-34,1.6
2023,26230,부산진구,F,30-34,0.5
2024,26230,부산진구,F,30-34,-0.5
2025,26230,부산진구,F,30-34,2.2
2015,26260,동래구,M,20-24,-3.1
2016,26260,동래구,M,20-24,-2.7
2017,26260,동래구,M,20-24,-2.3
2018,26260,동래구,M,20-24,-3.5
2019,26260,동래구,M,20-24,-0.8
2020,26260,동래구,M,20-24,-3.8
2021,26260,동래구,M,20-24,-3.6
2022,26260,동래구,M,20-24,-1.5
2023,26260,동래구,M,20-24,-3.9
2024,26260,동래구,M,20-24,-3.1
2025,26260,동래구,M,20-24,-2.5
2015,26260,동래구,M,25-29,-4.8
2016,26260,동래구,M,25-29,-3.5
2017,26260,동래구,M,25-29,-3.5
2018,26260,동래구,M,25-29,-3.3
2019,26260,동래구,M,25-29,-3.0
2020,26260,동래구,M,25-29,-3.8
2021,26260,동래구,M,25-29,-4.0
2022,26260,동래구,M,25-29,-1.2
2023,26260,동래구,M,25-29,-3.9
2024,26260,동래구,M,25-29,-2.3
2025,26260,동래구,M,25-29,-2.4
2015,26260,동래구,M,30-34,-2.9
2016,26260,동래구,M,30-34,-0.9
2017,26260,동래구,M,30-34,-3.7
2018,26260,동래구,M,30-34,-2.9
2019,26260,동래구,M,30-34,2.9
2020,26260,동래구,M,30-34,-1.0
2021,26260,동래구,M,30-34,-0.9
2022,26260,동래구,M,30-34,3.2
2023,26260,동래구,M,30-34,-2.9
2024,26260,동래구,M,30-34,2.6
2025,26260,동래구,M,30-34,0.1
2015,26260,동래구,F,20-24,-2.0
2016,26260,동래구,F,20-24,-1.3
2017,26260,동래구,F,20-24,-1.8
2018,26260,동래구,F,20-24,-1.5
2019,26260,동래구,F,20-24,0.5
2020,26260,동래구,F,20-24,-1.0
2021,26260,동래구,F,20-24,-1.3
2022,26260,동래구,F,20-24,1.0
2023,26260,동래구,F,20-24,-3.7
2024,26260,동래구,F,20-24,-0.8
2025,26260,동래구,F,20-24,-1.1
2015,26260,동래구,F,25-29,-3.5
2016,26260,동래구,F,25-29,-4.2
2017,26260,동래구,F,25-29,-4.3
2018,26260,동래구,F,25-29,-2.3
2019,26260,동래구,F,25-29,0.4
2020,26260,동래구,F,25-29,-2.5
2021,26260,동래구,F,25-29,-3.8
2022,26260,동래구,F,25-29,2.5
2023,26260,동래구,F,25-29,-3.7
2024,26260,동래구,F,25-29,-1.0
2025,26260,동래구,F,25-29,-0.2
2015,26260,동래구,F,30-34,-3.8
2016,26260,동래구,F,30-34,-0.1
2017,26260,동래구,F,30-34,-2.2
2018,26260,동래구,F,30-34,-1.9
2019,26260,동래구,F,30-34,4.8
2020,26260,동래구,F,30-34,-0.6
2021,26260,동래구,F,30-34,-2.4
2022,26260,동래구,F,30-34,4.8
2023,26260,동래구,F,30-34,-0.4
2024,26260,동래구,F,30-34,5.1
2025,26260,동래구,F,30-34,-1.3
2015,26290,남구,M,20-24,1.0
2016,26290,남구,M,20-24,1.4
2017,26290,남구,M,20-24,0.6
2018,26290,남구,M,20-24,4.2
2019,26290,남구,M,20-24,2.1
2020,26290,남구,M,20-24,2.4
2021,26290,남구,M,20-24,3.3
2022,26290,남구,M,20-24,6.8
2023,26290,남구,M,20-24,6.0
2024,26290,남구,M,20-24,7.0
2025,26290,남구,M,20-24,4.7
2015,26290,남구,M,25-29,-7.2
2016,26290,남구,M,25-29,-5.8
2017,26290,남구,M,25-29,-4.8
2018,26290,남구,M,25-29,-4.0
2019,26290,남구,M,25-29,-6.8
2020,26290,남구,M,25-29,-8.0
2021,26290,남구,M,25-29,-8.0
2022,26290,남구,M,25-29,-7.9
2023,26290,남구,M,25-29,-8.5
2024,26290,남구,M,25-29,-7.9
2025,26290,남구,M,25-29,-11.5
2015,26290,남구,M,30-34,-4.8
2016,26290,남구,M,30-34,-5.2
2017,26290,남구,M,30-34,-4.9
2018,26290,남구,M,30-34,2.2
2019,26290,남구,M,30-34,-3.9
2020,26290,남구,M,30-34,-5.5
2021,26290,남구,M,30-34,-4.6
2022,26290,남구,M,30-34,-5.3
2023,26290,남구,M,30-34,0.0
2024,26290,남구,M,30-34,1.1
2025,26290,남구,M,30-34,-3.3
2015,26290,남구,F,20-24,-0.8
2016,26290,남구,F,20-24,-2.3
2017,26290,남구,F,20-24,-1.6
2018,26290,남구,F,20-24,1.9
2019,26290,남구,F,20-24,1.1
2020,26290,남구,F,20-24,0.1
2021,26290,남구,F,20-24,0.5
2022,26290,남구,F,20-24,1.4
2023,26290,남구,F,20-24,0.4
2024,26290,남구,F,20-24,0.5
2025,26290,남구,F,20-24,-2.3
2015,26290,남구,F,25-29,-5.9
2016,26290,남구,F,25-29,-5.3
2017,26290,남구,F,25-29,-5.4
2018,26290,남구,F,25-29,-2.7
2019,26290,남구,F,25-29,-5.6
2020,26290,남구,F,25-29,-6.5
2021,26290,남구,F,25-29,-5.7
2022,26290,남구,F,25-29,-8.4
2023,26290,남구,F,25-29,-5.4
2024,26290,남구,F,25-29,-3.1
2025,26290,남구,F,25-29,-5.8
2015,26290,남구,F,30-34,-4.5
2016,26290,남구,F,30-34,-4.2
2017,26290,남구,F,30-34,-5.1
2018,26290,남구,F,30-34,3.9
2019,26290,남구,F,30-34,-1.7
2020,26290,남구,F,30-34,-6.6
2021,26290,남구,F,30-34,-3.9
2022,26290,남구,F,30-34,-4.0
2023,26290,남구,F,30-34,1.4
2024,26290,남구,F,30-34,2.2
2025,26290,남구,F,30-34,-2.8
2015,26320,북구,M,20-24,-0.4
2016,26320,북구,M,20-24,-1.6
2017,26320,북구,M,20-24,-3.8
2018,26320,북구,M,20-24,-2.8
2019,26320,북구,M,20-24,-3.3
2020,26320,북구,M,20-24,-4.0
2021,26320,북구,M,20-24,-2.6
2022,26320,북구,M,20-24,-4.7
2023,26320,북구,M,20-24,-4.3
2024,26320,북구,M,20-24,-5.9
2025,26320,북구,M,20-24,-4.6
2015,26320,북구,M,25-29,-1.6
2016,26320,북구,M,25-29,-2.6
2017,26320,북구,M,25-29,-5.4
2018,26320,북구,M,25-29,-6.2
2019,26320,북구,M,25-29,-6.1
2020,26320,북구,M,25-29,-6.6
2021,26320,북구,M,25-29,-4.2
2022,26320,북구,M,25-29,-4.9
2023,26320,북구,M,25-29,-5.3
2024,26320,북구,M,25-29,-4.4
2025,26320,북구,M,25-29,-4.6
2015,26320,북구,M,30-34,2.2
2016,26320,북구,M,30-34,0.4
2017,26320,북구,M,30-34,-5.0
2018,26320,북구,M,30-34,-4.0
2019,26320,북구,M,30-34,-4.5
2020,26320,북구,M,30-34,-3.3
2021,26320,북구,M,30-34,1.0
2022,26320,북구,M,30-34,0.4
2023,26320,북구,M,30-34,-2.6
2024,26320,북구,M,30-34,-2.5
2025,26320,북구,M,30-34,-1.5
2015,26320,북구,F,20-24,-0.4
2016,26320,북구,F,20-24,-2.1
2017,26320,북구,F,20-24,-3.5
2018,26320,북구,F,20-24,-3.8
2019,26320,북구,F,20-24,-3.8
2020,26320,북구,F,20-24,-5.1
2021,26320,북구,F,20-24,-2.8
2022,26320,북구,F,20-24,-4.4
2023,26320,북구,F,20-24,-5.2
2024,26320,북구,F,20-24,-5.5
2025,26320,북구,F,20-24,-4.0
2015,26320,북구,F,25-29,-1.3
2016,26320,북구,F,25-29,-2.1
2017,26320,북구,F,25-29,-4.7
2018,26320,북구,F,25-29,-5.9
2019,26320,북구,F,25-29,-5.8
2020,26320,북구,F,25-29,-5.8
2021,26320,북구,F,25-29,-2.3
2022,26320,북구,F,25-29,-2.8
2023,26320,북구,F,25-29,-5.2
2024,26320,북구,F,25-29,-3.7
2025,26320,북구,F,25-29,-3.8
2015,26320,북구,F,30-34,2.6
2016,26320,북구,F,30-34,-0.2
2017,26320,북구,F,30-34,-5.0
2018,26320,북구,F,30-34,-4.8
2019,26320,북구,F,30-34,-4.5
2020,26320,북구,F,30-34,-4.0
2021,26320,북구,F,30-34,1.8
2022,26320,북구,F,30-34,-0.2
2023,26320,북구,F,30-34,-3.2
2024,26320,북구,F,30-34,-3.2
2025,26320,북구,F,30-34,-2.8
2015,26350,해운대구,M,20-24,-2.3
2016,26350,해운대구,M,20-24,-2.7
2017,26350,해운대구,M,20-24,-4.0
2018,26350,해운대구,M,20-24,-2.7
2019,26350,해운대구,M,20-24,-3.0
2020,26350,해운대구,M,20-24,-4.3
2021,26350,해운대구,M,20-24,-3.9
2022,26350,해운대구,M,20-24,-5.8
2023,26350,해운대구,M,20-24,-5.5
2024,26350,해운대구,M,20-24,-4.8
2025,26350,해운대구,M,20-24,-5.0
2015,26350,해운대구,M,25-29,-1.9
2016,26350,해운대구,M,25-29,-4.0
2017,26350,해운대구,M,25-29,-6.2
2018,26350,해운대구,M,25-29,-3.8
2019,26350,해운대구,M,25-29,-4.0
2020,26350,해운대구,M,25-29,-4.0
2021,26350,해운대구,M,25-29,-5.4
2022,26350,해운대구,M,25-29,-6.3
2023,26350,해운대구,M,25-29,-5.5
2024,26350,해운대구,M,25-29,-3.5
2025,26350,해운대구,M,25-29,-2.8
2015,26350,해운대구,M,30-34,0.3
2016,26350,해운대구,M,30-34,-2.0
2017,26350,해운대구,M,30-34,-4.2
2018,26350,해운대구,M,30-34,0.0
2019,26350,해운대구,M,30-34,-0.7
2020,26350,해운대구,M,30-34,-2.3
2021,26350,해운대구,M,30-34,-0.7
2022,26350,해운대구,M,30-34,-3.7
2023,26350,해운대구,M,30-34,-1.5
2024,26350,해운대구,M,30-34,-0.6
2025,26350,해운대구,M,30-34,-0.5
2015,26350,해운대구,F,20-24,-1.0
2016,26350,해운대구,F,20-24,-2.1
2017,26350,해운대구,F,20-24,-2.3
2018,26350,해운대구,F,20-24,-1.6
2019,26350,해운대구,F,20-24,-3.0
2020,26350,해운대구,F,20-24,-3.4
2021,26350,해운대구,F,20-24,-3.1
2022,26350,해운대구,F,20-24,-5.1
2023,26350,해운대구,F,20-24,-4.2
2024,26350,해운대구,F,20-24,-4.1
2025,26350,해운대구,F,20-24,-4.0
2015,26350,해운대구,F,25-29,-1.8
2016,26350,해운대구,F,25-29,-2.4
2017,26350,해운대구,F,25-29,-3.4
2018,26350,해운대구,F,25-29,-2.6
2019,26350,해운대구,F,25-29,-2.8
2020,26350,해운대구,F,25-29,-3.6
2021,26350,해운대구,F,25-29,-3.1
2022,26350,해운대구,F,25-29,-5.2
2023,26350,해운대구,F,25-29,-3.9
2024,26350,해운대구,F,25-29,-3.0
2025,26350,해운대구,F,25-29,-1.6
2015,26350,해운대구,F,30-34,0.3
2016,26350,해운대구,F,30-34,-0.5
2017,26350,해운대구,F,30-34,-3.4
2018,26350,해운대구,F,30-34,0.1
2019,26350,해운대구,F,30-34,-0.2
2020,26350,해운대구,F,30-34,-0.9
2021,26350,해운대구,F,30-34,-0.1
2022,26350,해운대구,F,30-34,-2.4
2023,26350,해운대구,F,30-34,-2.5
2024,26350,해운대구,F,30-34,-0.9
2025,26350,해운대구,F,30-34,-0.6
2015,26380,사하구,M,20-24,-2.2
2016,26380,사하구,M,20-24,-1.0
2017,26380,사하구,M,20-24,-0.6
2018,26380,사하구,M,20-24,0.1
2019,26380,사하구,M,20-24,-1.1
2020,26380,사하구,M,20-24,-2.4
2021,26380,사하구,M,20-24,0.3
2022,26380,사하구,M,20-24,-1.1
2023,26380,사하구,M,20-24,0.0
2024,26380,사하구,M,20-24,-0.8
2025,26380,사하구,M,20-24,-0.2
2015,26380,사하구,M,25-29,-3.9
2016,26380,사하구,M,25-29,-2.7
2017,26380,사하구,M,25-29,-2.8
2018,26380,사하구,M,25-29,-2.3
2019,26380,사하구,M,25-29,-5.2
2020,26380,사하구,M,25-29,-7.0
2021,26380,사하구,M,25-29,-5.2
2022,26380,사하구,M,25-29,-4.7
2023,26380,사하구,M,25-29,-5.9
2024,26380,사하구,M,25-29,-6.0
2025,26380,사하구,M,25-29,-5.4
2015,26380,사하구,M,30-34,-4.2
2016,26380,사하구,M,30-34,-1.4
2017,26380,사하구,M,30-34,-0.2
2018,26380,사하구,M,30-34,-3.6
2019,26380,사하구,M,30-34,-4.7
2020,26380,사하구,M,30-34,-6.9
2021,26380,사하구,M,30-34,-3.0
2022,26380,사하구,M,30-34,-1.8
2023,26380,사하구,M,30-34,-3.6
2024,26380,사하구,M,30-34,-3.7
2025,26380,사하구,M,30-34,-3.8
2015,26380,사하구,F,20-24,-3.1
2016,26380,사하구,F,20-24,-2.7
2017,26380,사하구,F,20-24,-0.8
2018,26380,사하구,F,20-24,-2.6
2019,26380,사하구,F,20-24,-2.5
2020,26380,사하구,F,20-24,-3.2
2021,26380,사하구,F,20-24,-2.8
2022,26380,사하구,F,20-24,-3.7
2023,26380,사하구,F,20-24,-2.6
2024,26380,사하구,F,20-24,-4.4
2025,26380,사하구,F,20-24,-3.4
2015,26380,사하구,F,25-29,-5.1
2016,26380,사하구,F,25-29,-2.3
2017,26380,사하구,F,25-29,-1.4
2018,26380,사하구,F,25-29,-4.3
2019,26380,사하구,F,25-29,-5.3
2020,26380,사하구,F,25-29,-6.7
2021,26380,사하구,F,25-29,-3.3
2022,26380,사하구,F,25-29,-3.1
2023,26380,사하구,F,25-29,-4.9
2024,26380,사하구,F,25-29,-5.2
2025,26380,사하구,F,25-29,-5.0
2015,26380,사하구,F,30-34,-4.3
2016,26380,사하구,F,30-34,-3.2
2017,26380,사하구,F,30-34,-1.6
2018,26380,사하구,F,30-34,-4.4
2019,26380,사하구,F,30-34,-5.1
2020,26380,사하구,F,30-34,-6.6
2021,26380,사하구,F,30-34,-3.0
2022,26380,사하구,F,30-34,-1.1
2023,26380,사하구,F,30-34,-3.6
2024,26380,사하구,F,30-34,-5.0
2025,26380,사하구,F,30-34,-6.2
2015,26410,금정구,M,20-24,0.7
2016,26410,금정구,M,20-24,2.5
2017,26410,금정구,M,20-24,2.6
2018,26410,금정구,M,20-24,2.0
2019,26410,금정구,M,20-24,2.3
2020,26410,금정구,M,20-24,2.3
2021,26410,금정구,M,20-24,6.2
2022,26410,금정구,M,20-24,5.1
2023,26410,금정구,M,20-24,5.6
2024,26410,금정구,M,20-24,6.2
2025,26410,금정구,M,20-24,8.8
2015,26410,금정구,M,25-29,-6.2
2016,26410,금정구,M,25-29,-5.4
2017,26410,금정구,M,25-29,-4.3
2018,26410,금정구,M,25-29,-6.4
2019,26410,금정구,M,25-29,-7.7
2020,26410,금정구,M,25-29,-9.2
2021,26410,금정구,M,25-29,-8.0
2022,26410,금정구,M,25-29,-9.6
2023,26410,금정구,M,25-29,-11.9
2024,26410,금정구,M,25-29,-10.7
2025,26410,금정구,M,25-29,-10.5
2015,26410,금정구,M,30-34,-5.1
2016,26410,금정구,M,30-34,-4.1
2017,26410,금정구,M,30-34,-3.8
2018,26410,금정구,M,30-34,-3.4
2019,26410,금정구,M,30-34,-5.6
2020,26410,금정구,M,30-34,-5.8
2021,26410,금정구,M,30-34,-4.4
2022,26410,금정구,M,30-34,-6.2
2023,26410,금정구,M,30-34,-6.9
2024,26410,금정구,M,30-34,-7.3
2025,26410,금정구,M,30-34,-5.7
2015,26410,금정구,F,20-24,-1.2
2016,26410,금정구,F,20-24,-0.6
2017,26410,금정구,F,20-24,-0.8
2018,26410,금정구,F,20-24,-1.4
2019,26410,금정구,F,20-24,-0.8
2020,26410,금정구,F,20-24,-0.4
2021,26410,금정구,F,20-24,-1.8
2022,26410,금정구,F,20-24,-2.0
2023,26410,금정구,F,20-24,-1.9
2024,26410,금정구,F,20-24,0.5
2025,26410,금정구,F,20-24,-0.1
2015,26410,금정구,F,25-29,-5.4
2016,26410,금정구,F,25-29,-4.9
2017,26410,금정구,F,25-29,-5.2
2018,26410,금정구,F,25-29,-4.3
2019,26410,금정구,F,25-29,-6.1
2020,26410,금정구,F,25-29,-7.8
2021,26410,금정구,F,25-29,-6.2
2022,26410,금정구,F,25-29,-9.0
2023,26410,금정구,F,25-29,-9.7
2024,26410,금정구,F,25-29,-8.9
2025,26410,금정구,F,25-29,-10.7
2015,26410,금정구,F,30-34,-5.9
2016,26410,금정구,F,30-34,-3.2
2017,26410,금정구,F,30-34,-2.4
2018,26410,금정구,F,30-34,-3.0
2019,26410,금정구,F,30-34,-4.7
2020,26410,금정구,F,30-34,-6.5
2021,26410,금정구,F,30-34,-4.4
2022,26410,금정구,F,30-34,-6.0
2023,26410,금정구,F,30-34,-7.4
2024,26410,금정구,F,30-34,-8.3
2025,26410,금정구,F,30-34,-3.6
2015,26440,강서구,M,20-24,13.4
2016,26440,강서구,M,20-24,9.5
2017,26440,강서구,M,20-24,3.9
2018,26440,강서구,M,20-24,5.6
2019,26440,강서구,M,20-24,5.6
2020,26440,강서구,M,20-24,5.7
2021,26440,강서구,M,20-24,7.1
2022,26440,강서구,M,20-24,0.7
2023,26440,강서구,M,20-24,-3.3
2024,26440,강서구,M,20-24,-1.4
2025,26440,강서구,M,20-24,2.8
2015,26440,강서구,M,25-29,18.5
2016,26440,강서구,M,25-29,17.5
2017,26440,강서구,M,25-29,12.7
2018,26440,강서구,M,25-29,7.9
2019,26440,강서구,M,25-29,12.1
2020,26440,강서구,M,25-29,12.0
2021,26440,강서구,M,25-29,11.9
2022,26440,강서구,M,25-29,6.1
2023,26440,강서구,M,25-29,5.5
2024,26440,강서구,M,25-29,4.3
2025,26440,강서구,M,25-29,5.4
2015,26440,강서구,M,30-34,31.3
2016,26440,강서구,M,30-34,23.0
2017,26440,강서구,M,30-34,16.1
2018,26440,강서구,M,30-34,8.5
2019,26440,강서구,M,30-34,9.4
2020,26440,강서구,M,30-34,13.1
2021,26440,강서구,M,30-34,8.4
2022,26440,강서구,M,30-34,2.7
2023,26440,강서구,M,30-34,0.0
2024,26440,강서구,M,30-34,2.7
2025,26440,강서구,M,30-34,11.5
2015,26440,강서구,F,20-24,15.4
2016,26440,강서구,F,20-24,12.3
2017,26440,강서구,F,20-24,6.3
2018,26440,강서구,F,20-24,3.4
2019,26440,강서구,F,20-24,4.9
2020,26440,강서구,F,20-24,8.3
2021,26440,강서구,F,20-24,4.3
2022,26440,강서구,F,20-24,1.9
2023,26440,강서구,F,20-24,-1.1
2024,26440,강서구,F,20-24,0.5
2025,26440,강서구,F,20-24,1.0
2015,26440,강서구,F,25-29,28.3
2016,26440,강서구,F,25-29,23.1
2017,26440,강서구,F,25-29,14.0
2018,26440,강서구,F,25-29,10.6
2019,26440,강서구,F,25-29,11.8
2020,26440,강서구,F,25-29,11.6
2021,26440,강서구,F,25-29,11.6
2022,26440,강서구,F,25-29,4.8
2023,26440,강서구,F,25-29,2.2
2024,26440,강서구,F,25-29,1.6
2025,26440,강서구,F,25-29,8.4
2015,26440,강서구,F,30-34,32.5
2016,26440,강서구,F,30-34,22.8
2017,26440,강서구,F,30-34,14.9
2018,26440,강서구,F,30-34,7.7
2019,26440,강서구,F,30-34,7.1
2020,26440,강서구,F,30-34,12.1
2021,26440,강서구,F,30-34,7.9
2022,26440,강서구,F,30-34,1.0
2023,26440,강서구,F,30-34,0.5
2024,26440,강서구,F,30-34,5.6
2025,26440,강서구,F,30-34,15.9
2015,26470,연제구,M,20-24,0.6
2016,26470,연제구,M,20-24,-2.7
2017,26470,연제구,M,20-24,-0.6
2018,26470,연제구,M,20-24,0.2
2019,26470,연제구,M,20-24,-1.0
2020,26470,연제구,M,20-24,0.8
2021,26470,연제구,M,20-24,-1.0
2022,26470,연제구,M,20-24,-3.1
2023,26470,연제구,M,20-24,0.9
2024,26470,연제구,M,20-24,1.9
2025,26470,연제구,M,20-24,-1.2
2015,26470,연제구,M,25-29,-3.2
2016,26470,연제구,M,25-29,-3.3
2017,26470,연제구,M,25-29,-1.3
2018,26470,연제구,M,25-29,-1.8
2019,26470,연제구,M,25-29,0.1
2020,26470,연제구,M,25-29,-3.1
2021,26470,연제구,M,25-29,-3.7
2022,26470,연제구,M,25-29,-3.1
2023,26470,연제구,M,25-29,1.2
2024,26470,연제구,M,25-29,2.4
2025,26470,연제구,M,25-29,1.0
2015,26470,연제구,M,30-34,-0.5
2016,26470,연제구,M,30-34,-0.9
2017,26470,연제구,M,30-34,1.2
2018,26470,연제구,M,30-34,1.2
2019,26470,연제구,M,30-34,1.3
2020,26470,연제구,M,30-34,0.9
2021,26470,연제구,M,30-34,0.1
2022,26470,연제구,M,30-34,-1.3
2023,26470,연제구,M,30-34,4.6
2024,26470,연제구,M,30-34,6.7
2025,26470,연제구,M,30-34,1.6
2015,26470,연제구,F,20-24,2.1
2016,26470,연제구,F,20-24,0.1
2017,26470,연제구,F,20-24,1.7
2018,26470,연제구,F,20-24,3.7
2019,26470,연제구,F,20-24,2.1
2020,26470,연제구,F,20-24,2.3
2021,26470,연제구,F,20-24,-0.9
2022,26470,연제구,F,20-24,0.6
2023,26470,연제구,F,20-24,3.2
2024,26470,연제구,F,20-24,4.4
2025,26470,연제구,F,20-24,0.9
2015,26470,연제구,F,25-29,-1.4
2016,26470,연제구,F,25-29,-1.3
2017,26470,연제구,F,25-29,1.6
2018,26470,연제구,F,25-29,0.0
2019,26470,연제구,F,25-29,1.4
2020,26470,연제구,F,25-29,1.4
2021,26470,연제구,F,25-29,-1.5
2022,26470,연제구,F,25-29,-1.2
2023,26470,연제구,F,25-29,5.3
2024,26470,연제구,F,25-29,3.6
2025,26470,연제구,F,25-29,1.6
2015,26470,연제구,F,30-34,0.9
2016,26470,연제구,F,30-34,-1.2
2017,26470,연제구,F,30-34,2.7
2018,26470,연제구,F,30-34,1.2
2019,26470,연제구,F,30-34,1.7
2020,26470,연제구,F,30-34,0.3
2021,26470,연제구,F,30-34,-1.1
2022,26470,연제구,F,30-34,-2.2
2023,26470,연제구,F,30-34,4.9
2024,26470,연제구,F,30-34,4.6
2025,26470,연제구,F,30-34,2.0
2015,26500,수영구,M,20-24,1.4
2016,26500,수영구,M,20-24,0.6
2017,26500,수영구,M,20-24,1.7
2018,26500,수영구,M,20-24,0.2
2019,26500,수영구,M,20-24,1.8
2020,26500,수영구,M,20-24,3.1
2021,26500,수영구,M,20-24,1.0
2022,26500,수영구,M,20-24,3.8
2023,26500,수영구,M,20-24,5.2
2024,26500,수영구,M,20-24,3.7
2025,26500,수영구,M,20-24,2.4
2015,26500,수영구,M,25-29,2.6
2016,26500,수영구,M,25-29,0.7
2017,26500,수영구,M,25-29,3.0
2018,26500,수영구,M,25-29,0.4
2019,26500,수영구,M,25-29,2.5
2020,26500,수영구,M,25-29,1.8
2021,26500,수영구,M,25-29,2.1
2022,26500,수영구,M,25-29,2.5
2023,26500,수영구,M,25-29,2.1
2024,26500,수영구,M,25-29,-1.0
2025,26500,수영구,M,25-29,1.2
2015,26500,수영구,M,30-34,0.9
2016,26500,수영구,M,30-34,-2.2
2017,26500,수영구,M,30-34,-0.1
2018,26500,수영구,M,30-34,-3.5
2019,26500,수영구,M,30-34,-2.8
2020,26500,수영구,M,30-34,-0.3
2021,26500,수영구,M,30-34,-1.4
2022,26500,수영구,M,30-34,-0.4
2023,26500,수영구,M,30-34,-1.8
2024,26500,수영구,M,30-34,-4.2
2025,26500,수영구,M,30-34,-2.9
2015,26500,수영구,F,20-24,5.3
2016,26500,수영구,F,20-24,5.6
2017,26500,수영구,F,20-24,5.9
2018,26500,수영구,F,20-24,4.3
2019,26500,수영구,F,20-24,5.8
2020,26500,수영구,F,20-24,8.2
2021,26500,수영구,F,20-24,7.8
2022,26500,수영구,F,20-24,9.9
2023,26500,수영구,F,20-24,6.8
2024,26500,수영구,F,20-24,6.8
2025,26500,수영구,F,20-24,6.3
2015,26500,수영구,F,25-29,4.2
2016,26500,수영구,F,25-29,1.4
2017,26500,수영구,F,25-29,1.9
2018,26500,수영구,F,25-29,1.0
2019,26500,수영구,F,25-29,0.8
2020,26500,수영구,F,25-29,3.9
2021,26500,수영구,F,25-29,1.6
2022,26500,수영구,F,25-29,3.2
2023,26500,수영구,F,25-29,0.1
2024,26500,수영구,F,25-29,-0.9
2025,26500,수영구,F,25-29,-2.6
2015,26500,수영구,F,30-34,0.9
2016,26500,수영구,F,30-34,-2.2
2017,26500,수영구,F,30-34,-1.9
2018,26500,수영구,F,30-34,-4.6
2019,26500,수영구,F,30-34,-2.3
2020,26500,수영구,F,30-34,0.7
2021,26500,수영구,F,30-34,-2.6
2022,26500,수영구,F,30-34,-1.5
2023,26500,수영구,F,30-34,-3.4
2024,26500,수영구,F,30-34,-5.5
2025,26500,수영구,F,30-34,-7.0
2015,26530,사상구,M,20-24,-1.8
2016,26530,사상구,M,20-24,-1.9
2017,26530,사상구,M,20-24,-0.3
2018,26530,사상구,M,20-24,-2.2
2019,26530,사상구,M,20-24,-0.8
2020,26530,사상구,M,20-24,1.0
2021,26530,사상구,M,20-24,-0.1
2022,26530,사상구,M,20-24,2.1
2023,26530,사상구,M,20-24,3.0
2024,26530,사상구,M,20-24,0.3
2025,26530,사상구,M,20-24,0.5
2015,26530,사상구,M,25-29,-4.8
2016,26530,사상구,M,25-29,-3.4
2017,26530,사상구,M,25-29,-2.2
2018,26530,사상구,M,25-29,-4.2
2019,26530,사상구,M,25-29,-6.1
2020,26530,사상구,M,25-29,-3.9
2021,26530,사상구,M,25-29,-3.0
2022,26530,사상구,M,25-29,-4.3
2023,26530,사상구,M,25-29,-2.0
2024,26530,사상구,M,25-29,-3.7
2025,26530,사상구,M,25-29,-6.0
2015,26530,사상구,M,30-34,-4.1
2016,26530,사상구,M,30-34,-5.2
2017,26530,사상구,M,30-34,-4.3
2018,26530,사상구,M,30-34,-6.7
2019,26530,사상구,M,30-34,-6.2
2020,26530,사상구,M,30-34,-5.6
2021,26530,사상구,M,30-34,-2.3
2022,26530,사상구,M,30-34,-4.0
2023,26530,사상구,M,30-34,-0.1
2024,26530,사상구,M,30-34,-5.9
2025,26530,사상구,M,30-34,-7.1
2015,26530,사상구,F,20-24,-2.2
2016,26530,사상구,F,20-24,-1.2
2017,26530,사상구,F,20-24,0.5
2018,26530,사상구,F,20-24,-0.9
2019,26530,사상구,F,20-24,-0.3
2020,26530,사상구,F,20-24,-1.6
2021,26530,사상구,F,20-24,0.3
2022,26530,사상구,F,20-24,-0.5
2023,26530,사상구,F,20-24,4.8
2024,26530,사상구,F,20-24,-0.6
2025,26530,사상구,F,20-24,-1.6
2015,26530,사상구,F,25-29,-4.7
2016,26530,사상구,F,25-29,-4.6
2017,26530,사상구,F,25-29,-4.0
2018,26530,사상구,F,25-29,-5.0
2019,26530,사상구,F,25-29,-5.9
2020,26530,사상구,F,25-29,-5.4
2021,26530,사상구,F,25-29,-1.4
2022,26530,사상구,F,25-29,-2.7
2023,26530,사상구,F,25-29,-2.3
2024,26530,사상구,F,25-29,-4.7
2025,26530,사상구,F,25-29,-4.0
2015,26530,사상구,F,30-34,-4.8
2016,26530,사상구,F,30-34,-5.6
2017,26530,사상구,F,30-34,-5.7
2018,26530,사상구,F,30-34,-8.0
2019,26530,사상구,F,30-34,-6.5
2020,26530,사상구,F,30-34,-6.9
2021,26530,사상구,F,30-34,-3.7
2022,26530,사상구,F,30-34,-3.5
2023,26530,사상구,F,30-34,-0.9
2024,26530,사상구,F,30-34,-6.2
2025,26530,사상구,F,30-34,-6.8
2015,26710,기장군,M,20-24,1.4
2016,26710,기장군,M,20-24,1.4
2017,26710,기장군,M,20-24,1.2
2018,26710,기장군,M,20-24,1.4
2019,26710,기장군,M,20-24,-1.2
2020,26710,기장군,M,20-24,4.6
2021,26710,기장군,M,20-24,-0.4
2022,26710,기장군,M,20-24,-1.9
2023,26710,기장군,M,20-24,-1.9
2024,26710,기장군,M,20-24,-6.1
2025,26710,기장군,M,20-24,-3.5
2015,26710,기장군,M,25-29,7.0
2016,26710,기장군,M,25-29,5.5
2017,26710,기장군,M,25-29,3.9
2018,26710,기장군,M,25-29,1.1
2019,26710,기장군,M,25-29,2.7
2020,26710,기장군,M,25-29,9.0
2021,26710,기장군,M,25-29,2.4
2022,26710,기장군,M,25-29,1.6
2023,26710,기장군,M,25-29,3.4
2024,26710,기장군,M,25-29,-1.0
2025,26710,기장군,M,25-29,0.4
2015,26710,기장군,M,30-34,10.1
2016,26710,기장군,M,30-34,8.1
2017,26710,기장군,M,30-34,3.1
2018,26710,기장군,M,30-34,3.6
2019,26710,기장군,M,30-34,1.1
2020,26710,기장군,M,30-34,14.5
2021,26710,기장군,M,30-34,5.0
2022,26710,기장군,M,30-34,4.1
2023,26710,기장군,M,30-34,1.9
2024,26710,기장군,M,30-34,-0.9
2025,26710,기장군,M,30-34,0.3
2015,26710,기장군,F,20-24,2.7
2016,26710,기장군,F,20-24,1.6
2017,26710,기장군,F,20-24,0.6
2018,26710,기장군,F,20-24,0.5
2019,26710,기장군,F,20-24,-0.9
2020,26710,기장군,F,20-24,3.6
2021,26710,기장군,F,20-24,-0.4
2022,26710,기장군,F,20-24,-2.5
2023,26710,기장군,F,20-24,-2.2
2024,26710,기장군,F,20-24,-5.1
2025,26710,기장군,F,20-24,-7.0
2015,26710,기장군,F,25-29,9.2
2016,26710,기장군,F,25-29,9.6
2017,26710,기장군,F,25-29,4.7
2018,26710,기장군,F,25-29,4.7
2019,26710,기장군,F,25-29,0.7
2020,26710,기장군,F,25-29,11.5
2021,26710,기장군,F,25-29,3.8
2022,26710,기장군,F,25-29,3.0
2023,26710,기장군,F,25-29,4.0
2024,26710,기장군,F,25-29,-1.4
2025,26710,기장군,F,25-29,-1.8
2015,26710,기장군,F,30-34,9.1
2016,26710,기장군,F,30-34,5.8
2017,26710,기장군,F,30-34,2.4
2018,26710,기장군,F,30-34,3.3
2019,26710,기장군,F,30-34,0.1
2020,26710,기장군,F,30-34,13.1
2021,26710,기장군,F,30-34,4.7
2022,26710,기장군,F,30-34,4.5
2023,26710,기장군,F,30-34,0.1
2024,26710,기장군,F,30-34,-1.7
2025,26710,기장군,F,30-34,0.8
2015,27,대구광역시,M,20-24,-1.7
2016,27,대구광역시,M,20-24,-1.3
2017,27,대구광역시,M,20-24,-1.5
2018,27,대구광역시,M,20-24,-1.6
2019,27,대구광역시,M,20-24,-2.3
2020,27,대구광역시,M,20-24,-1.1
2021,27,대구광역시,M,20-24,-2.3
2022,27,대구광역시,M,20-24,-1.0
2023,27,대구광역시,M,20-24,-2.2
2024,27,대구광역시,M,20-24,-1.7
2025,27,대구광역시,M,20-24,-1.4
2015,27,대구광역시,M,25-29,-2.6
2016,27,대구광역시,M,25-29,-2.2
2017,27,대구광역시,M,25-29,-2.3
2018,27,대구광역시,M,25-29,-2.7
2019,27,대구광역시,M,25-29,-4.1
2020,27,대구광역시,M,25-29,-3.0
2021,27,대구광역시,M,25-29,-3.6
2022,27,대구광역시,M,25-29,-3.9
2023,27,대구광역시,M,25-29,-3.3
2024,27,대구광역시,M,25-29,-3.0
2025,27,대구광역시,M,25-29,-2.7
2015,27,대구광역시,M,30-34,-0.4
2016,27,대구광역시,M,30-34,-0.2
2017,27,대구광역시,M,30-34,-0.5
2018,27,대구광역시,M,30-34,-0.4
2019,27,대구광역시,M,30-34,-1.5
2020,27,대구광역시,M,30-34,-1.4
2021,27,대구광역시,M,30-34,-1.3
2022,27,대구광역시,M,30-34,-0.6
2023,27,대구광역시,M,30-34,-0.1
2024,27,대구광역시,M,30-34,0.0
2025,27,대구광역시,M,30-34,-0.4
2015,27,대구광역시,F,20-24,-1.5
2016,27,대구광역시,F,20-24,-1.1
2017,27,대구광역시,F,20-24,-1.1
2018,27,대구광역시,F,20-24,-1.4
2019,27,대구광역시,F,20-24,-2.1
2020,27,대구광역시,F,20-24,-0.4
2021,27,대구광역시,F,20-24,-2.6
2022,27,대구광역시,F,20-24,-1.4
2023,27,대구광역시,F,20-24,-2.3
2024,27,대구광역시,F,20-24,-2.2
2025,27,대구광역시,F,20-24,-1.4
2015,27,대구광역시,F,25-29,-1.7
2016,27,대구광역시,F,25-29,-1.3
2017,27,대구광역시,F,25-29,-1.0
2018,27,대구광역시,F,25-29,-1.6
2019,27,대구광역시,F,25-29,-2.7
2020,27,대구광역시,F,25-29,-1.9
2021,27,대구광역시,F,25-29,-2.9
2022,27,대구광역시,F,25-29,-2.2
2023,27,대구광역시,F,25-29,-2.0
2024,27,대구광역시,F,25-29,-2.1
2025,27,대구광역시,F,25-29,-1.9
2015,27,대구광역시,F,30-34,-0.7
2016,27,대구광역시,F,30-34,-0.3
2017,27,대구광역시,F,30-34,-0.5
2018,27,대구광역시,F,30-34,-0.2
2019,27,대구광역시,F,30-34,-1.2
2020,27,대구광역시,F,30-34,-1.1
2021,27,대구광역시,F,30-34,-1.4
2022,27,대구광역시,F,30-34,-0.6
2023,27,대구광역시,F,30-34,0.1
2024,27,대구광역시,F,30-34,-0.1
2025,27,대구광역시,F,30-34,-0.2
2015,27110,중구,M,20-24,8.1
2016,27110,중구,M,20-24,2.5
2017,27110,중구,M,20-24,4.3
2018,27110,중구,M,20-24,8.3
2019,27110,중구,M,20-24,4.5
2020,27110,중구,M,20-24,8.7
2021,27110,중구,M,20-24,5.7
2022,27110,중구,M,20-24,16.1
2023,27110,중구,M,20-24,16.4
2024,27110,중구,M,20-24,17.7
2025,27110,중구,M,20-24,7.4
2015,27110,중구,M,25-29,4.8
2016,27110,중구,M,25-29,0.4
2017,27110,중구,M,25-29,-0.2
2018,27110,중구,M,25-29,4.5
2019,27110,중구,M,25-29,-0.6
2020,27110,중구,M,25-29,1.9
2021,27110,중구,M,25-29,-1.0
2022,27110,중구,M,25-29,5.3
2023,27110,중구,M,25-29,8.9
2024,27110,중구,M,25-29,10.4
2025,27110,중구,M,25-29,5.1
2015,27110,중구,M,30-34,4.4
2016,27110,중구,M,30-34,-4.3
2017,27110,중구,M,30-34,-1.3
2018,27110,중구,M,30-34,3.7
2019,27110,중구,M,30-34,-4.6
2020,27110,중구,M,30-34,-2.7
2021,27110,중구,M,30-34,-4.6
2022,27110,중구,M,30-34,11.1
2023,27110,중구,M,30-34,18.2
2024,27110,중구,M,30-34,13.7
2025,27110,중구,M,30-34,8.2
2015,27110,중구,F,20-24,9.3
2016,27110,중구,F,20-24,8.2
2017,27110,중구,F,20-24,9.1
2018,27110,중구,F,20-24,12.8
2019,27110,중구,F,20-24,9.3
2020,27110,중구,F,20-24,14.1
2021,27110,중구,F,20-24,6.1
2022,27110,중구,F,20-24,18.4
2023,27110,중구,F,20-24,18.6
2024,27110,중구,F,20-24,15.9
2025,27110,중구,F,20-24,14.2
2015,27110,중구,F,25-29,4.6
2016,27110,중구,F,25-29,1.4
2017,27110,중구,F,25-29,-1.2
2018,27110,중구,F,25-29,6.0
2019,27110,중구,F,25-29,-2.6
2020,27110,중구,F,25-29,1.1
2021,27110,중구,F,25-29,-4.2
2022,27110,중구,F,25-29,8.7
2023,27110,중구,F,25-29,9.4
2024,27110,중구,F,25-29,10.2
2025,27110,중구,F,25-29,4.3
2015,27110,중구,F,30-34,5.4
2016,27110,중구,F,30-34,-4.0
2017,27110,중구,F,30-34,-4.0
2018,27110,중구,F,30-34,1.8
2019,27110,중구,F,30-34,-4.7
2020,27110,중구,F,30-34,-2.6
2021,27110,중구,F,30-34,-3.8
2022,27110,중구,F,30-34,10.5
2023,27110,중구,F,30-34,17.6
2024,27110,중구,F,30-34,17.2
2025,27110,중구,F,30-34,7.2
2015,27140,동구,M,20-24,-0.2
2016,27140,동구,M,20-24,0.3
2017,27140,동구,M,20-24,-0.5
2018,27140,동구,M,20-24,0.3
2019,27140,동구,M,20-24,-2.2
2020,27140,동구,M,20-24,0.0
2021,27140,동구,M,20-24,-0.1
2022,27140,동구,M,20-24,-1.3
2023,27140,동구,M,20-24,0.7
2024,27140,동구,M,20-24,0.4
2025,27140,동구,M,20-24,0.2
2015,27140,동구,M,25-29,-0.9
2016,27140,동구,M,25-29,0.2
2017,27140,동구,M,25-29,0.1
2018,27140,동구,M,25-29,1.4
2019,27140,동구,M,25-29,-2.5
2020,27140,동구,M,25-29,-1.0
2021,27140,동구,M,25-29,0.1
2022,27140,동구,M,25-29,-0.8
2023,27140,동구,M,25-29,0.0
2024,27140,동구,M,25-29,0.4
2025,27140,동구,M,25-29,-0.2
2015,27140,동구,M,30-34,0.0
2016,27140,동구,M,30-34,1.2
2017,27140,동구,M,30-34,-1.6
2018,27140,동구,M,30-34,2.9
2019,27140,동구,M,30-34,-2.0
2020,27140,동구,M,30-34,-0.4
2021,27140,동구,M,30-34,1.3
2022,27140,동구,M,30-34,0.7
2023,27140,동구,M,30-34,3.0
2024,27140,동구,M,30-34,3.0
2025,27140,동구,M,30-34,-0.2
2015,27140,동구,F,20-24,0.7
2016,27140,동구,F,20-24,1.5
2017,27140,동구,F,20-24,1.3
2018,27140,동구,F,20-24,1.1
2019,27140,동구,F,20-24,-0.7
2020,27140,동구,F,20-24,0.6
2021,27140,동구,F,20-24,0.5
2022,27140,동구,F,20-24,0.0
2023,27140,동구,F,20-24,1.7
2024,27140,동구,F,20-24,2.3
2025,27140,동구,F,20-24,0.4
2015,27140,동구,F,25-29,1.4
2016,27140,동구,F,25-29,1.9
2017,27140,동구,F,25-29,1.8
2018,27140,동구,F,25-29,2.2
2019,27140,동구,F,25-29,-1.4
2020,27140,동구,F,25-29,0.4
2021,27140,동구,F,25-29,1.6
2022,27140,동구,F,25-29,0.0
2023,27140,동구,F,25-29,3.0
2024,27140,동구,F,25-29,1.8
2025,27140,동구,F,25-29,0.3
2015,27140,동구,F,30-34,0.2
2016,27140,동구,F,30-34,0.2
2017,27140,동구,F,30-34,-2.0
2018,27140,동구,F,30-34,2.2
2019,27140,동구,F,30-34,-2.6
2020,27140,동구,F,30-34,-1.2
2021,27140,동구,F,30-34,2.4
2022,27140,동구,F,30-34,0.6
2023,27140,동구,F,30-34,3.7
2024,27140,동구,F,30-34,0.9
2025,27140,동구,F,30-34,-1.0
2015,27170,서구,M,20-24,-2.4
2016,27170,서구,M,20-24,-3.2
2017,27170,서구,M,20-24,-3.2
2018,27170,서구,M,20-24,-3.4
2019,27170,서구,M,20-24,-5.3
2020,27170,서구,M,20-24,-3.0
2021,27170,서구,M,20-24,-4.7
2022,27170,서구,M,20-24,-3.5
2023,27170,서구,M,20-24,0.4
2024,27170,서구,M,20-24,-3.1
2025,27170,서구,M,20-24,1.2
2015,27170,서구,M,25-29,-4.9
2016,27170,서구,M,25-29,-5.7
2017,27170,서구,M,25-29,-6.8
2018,27170,서구,M,25-29,-5.8
2019,27170,서구,M,25-29,-9.3
2020,27170,서구,M,25-29,-4.1
2021,27170,서구,M,25-29,-6.2
2022,27170,서구,M,25-29,-6.6
2023,27170,서구,M,25-29,-0.3
2024,27170,서구,M,25-29,-2.0
2025,27170,서구,M,25-29,-0.6
2015,27170,서구,M,30-34,-4.5
2016,27170,서구,M,30-34,-8.6
2017,27170,서구,M,30-34,-9.9
2018,27170,서구,M,30-34,-8.0
2019,27170,서구,M,30-34,-9.5
2020,27170,서구,M,30-34,-6.6
2021,27170,서구,M,30-34,-5.5
2022,27170,서구,M,30-34,-5.5
2023,27170,서구,M,30-34,8.2
2024,27170,서구,M,30-34,-0.5
2025,27170,서구,M,30-34,0.6
2015,27170,서구,F,20-24,-1.2
2016,27170,서구,F,20-24,-2.6
2017,27170,서구,F,20-24,-2.3
2018,27170,서구,F,20-24,-4.1
2019,27170,서구,F,20-24,-6.2
2020,27170,서구,F,20-24,-3.1
2021,27170,서구,F,20-24,-2.8
2022,27170,서구,F,20-24,-2.8
2023,27170,서구,F,20-24,0.9
2024,27170,서구,F,20-24,-1.3
2025,27170,서구,F,20-24,-0.1
2015,27170,서구,F,25-29,-5.1
2016,27170,서구,F,25-29,-7.7
2017,27170,서구,F,25-29,-9.3
2018,27170,서구,F,25-29,-7.2
2019,27170,서구,F,25-29,-9.6
2020,27170,서구,F,25-29,-6.1
2021,27170,서구,F,25-29,-6.5
2022,27170,서구,F,25-29,-5.5
2023,27170,서구,F,25-29,1.4
2024,27170,서구,F,25-29,-2.3
2025,27170,서구,F,25-29,-0.3
2015,27170,서구,F,30-34,-6.5
2016,27170,서구,F,30-34,-10.0
2017,27170,서구,F,30-34,-10.1
2018,27170,서구,F,30-34,-10.1
2019,27170,서구,F,30-34,-12.6
2020,27170,서구,F,30-34,-8.5
2021,27170,서구,F,30-34,-6.8
2022,27170,서구,F,30-34,-3.8
2023,27170,서구,F,30-34,10.6
2024,27170,서구,F,30-34,0.4
2025,27170,서구,F,30-34,0.6
2015,27200,남구,M,20-24,-0.4
2016,27200,남구,M,20-24,-0.1
2017,27200,남구,M,20-24,0.4
2018,27200,남구,M,20-24,0.7
2019,27200,남구,M,20-24,-1.1
2020,27200,남구,M,20-24,4.3
2021,27200,남구,M,20-24,0.6
2022,27200,남구,M,20-24,5.7
2023,27200,남구,M,20-24,-0.3
2024,27200,남구,M,20-24,0.4
2025,27200,남구,M,20-24,3.5
2015,27200,남구,M,25-29,-2.3
2016,27200,남구,M,25-29,-2.8
2017,27200,남구,M,25-29,-3.5
2018,27200,남구,M,25-29,-2.4
2019,27200,남구,M,25-29,-1.3
2020,27200,남구,M,25-29,0.2
2021,27200,남구,M,25-29,-0.8
2022,27200,남구,M,25-29,-2.6
2023,27200,남구,M,25-29,-3.2
2024,27200,남구,M,25-29,-3.6
2025,27200,남구,M,25-29,-2.2
2015,27200,남구,M,30-34,-5.8
2016,27200,남구,M,30-34,-7.4
2017,27200,남구,M,30-34,-7.1
2018,27200,남구,M,30-34,-4.6
2019,27200,남구,M,30-34,-3.7
2020,27200,남구,M,30-34,-2.1
2021,27200,남구,M,30-34,-2.9
2022,27200,남구,M,30-34,-0.9
2023,27200,남구,M,30-34,-3.5
2024,27200,남구,M,30-34,-3.9
2025,27200,남구,M,30-34,-2.3
2015,27200,남구,F,20-24,1.2
2016,27200,남구,F,20-24,0.3
2017,27200,남구,F,20-24,2.3
2018,27200,남구,F,20-24,3.9
2019,27200,남구,F,20-24,3.0
2020,27200,남구,F,20-24,9.4
2021,27200,남구,F,20-24,3.8
2022,27200,남구,F,20-24,7.9
2023,27200,남구,F,20-24,3.4
2024,27200,남구,F,20-24,1.9
2025,27200,남구,F,20-24,3.6
2015,27200,남구,F,25-29,-3.2
2016,27200,남구,F,25-29,-5.0
2017,27200,남구,F,25-29,-3.7
2018,27200,남구,F,25-29,-2.1
2019,27200,남구,F,25-29,-1.1
2020,27200,남구,F,25-29,0.9
2021,27200,남구,F,25-29,-2.8
2022,27200,남구,F,25-29,-1.8
2023,27200,남구,F,25-29,-3.4
2024,27200,남구,F,25-29,-5.4
2025,27200,남구,F,25-29,-2.2
2015,27200,남구,F,30-34,-7.8
2016,27200,남구,F,30-34,-8.0
2017,27200,남구,F,30-34,-7.4
2018,27200,남구,F,30-34,-5.8
2019,27200,남구,F,30-34,-1.8
2020,27200,남구,F,30-34,-3.2
2021,27200,남구,F,30-34,-4.6
2022,27200,남구,F,30-34,-4.3
2023,27200,남구,F,30-34,-5.0
2024,27200,남구,F,30-34,-5.3
2025,27200,남구,F,30-34,-1.8
2015,27230,북구,M,20-24,-0.9
2016,27230,북구,M,20-24,0.2
2017,27230,북구,M,20-24,0.7
2018,27230,북구,M,20-24,-0.8
2019,27230,북구,M,20-24,-0.3
2020,27230,북구,M,20-24,2.6
2021,27230,북구,M,20-24,0.2
2022,27230,북구,M,20-24,3.1
2023,27230,북구,M,20-24,-1.6
2024,27230,북구,M,20-24,-0.9
2025,27230,북구,M,20-24,1.3
2015,27230,북구,M,25-29,-2.2
2016,27230,북구,M,25-29,-3.0
2017,27230,북구,M,25-29,-1.6
2018,27230,북구,M,25-29,-3.3
2019,27230,북구,M,25-29,-4.5
2020,27230,북구,M,25-29,-0.7
2021,27230,북구,M,25-29,-3.7
2022,27230,북구,M,25-29,-4.7
2023,27230,북구,M,25-29,-7.1
2024,27230,북구,M,25-29,-5.4
2025,27230,북구,M,25-29,-6.0
2015,27230,북구,M,30-34,-0.2
2016,27230,북구,M,30-34,-1.3
2017,27230,북구,M,30-34,1.9
2018,27230,북구,M,30-34,0.4
2019,27230,북구,M,30-34,-0.3
2020,27230,북구,M,30-34,1.8
2021,27230,북구,M,30-34,-0.3
2022,27230,북구,M,30-34,-2.1
2023,27230,북구,M,30-34,-3.8
2024,27230,북구,M,30-34,-2.0
2025,27230,북구,M,30-34,-1.2
2015,27230,북구,F,20-24,-1.4
2016,27230,북구,F,20-24,-1.8
2017,27230,북구,F,20-24,-1.0
2018,27230,북구,F,20-24,-2.1
2019,27230,북구,F,20-24,-1.6
2020,27230,북구,F,20-24,1.0
2021,27230,북구,F,20-24,-1.3
2022,27230,북구,F,20-24,-0.3
2023,27230,북구,F,20-24,-4.6
2024,27230,북구,F,20-24,-3.6
2025,27230,북구,F,20-24,-2.1
2015,27230,북구,F,25-29,-2.2
2016,27230,북구,F,25-29,-2.0
2017,27230,북구,F,25-29,-0.7
2018,27230,북구,F,25-29,-1.9
2019,27230,북구,F,25-29,-2.3
2020,27230,북구,F,25-29,-0.3
2021,27230,북구,F,25-29,-2.0
2022,27230,북구,F,25-29,-3.5
2023,27230,북구,F,25-29,-5.5
2024,27230,북구,F,25-29,-4.3
2025,27230,북구,F,25-29,-3.5
2015,27230,북구,F,30-34,-0.4
2016,27230,북구,F,30-34,-1.7
2017,27230,북구,F,30-34,0.7
2018,27230,북구,F,30-34,0.1
2019,27230,북구,F,30-34,-0.3
2020,27230,북구,F,30-34,1.8
2021,27230,북구,F,30-34,-0.6
2022,27230,북구,F,30-34,-2.7
2023,27230,북구,F,30-34,-4.3
2024,27230,북구,F,30-34,-2.9
2025,27230,북구,F,30-34,-0.6
2015,27260,수성구,M,20-24,-5.5
2016,27260,수성구,M,20-24,-3.9
2017,27260,수성구,M,20-24,-6.1
2018,27260,수성구,M,20-24,-5.1
2019,27260,수성구,M,20-24,-5.1
2020,27260,수성구,M,20-24,-5.6
2021,27260,수성구,M,20-24,-7.0
2022,27260,수성구,M,20-24,-6.6
2023,27260,수성구,M,20-24,-6.3
2024,27260,수성구,M,20-24,-4.7
2025,27260,수성구,M,20-24,-5.9
2015,27260,수성구,M,25-29,-6.6
2016,27260,수성구,M,25-29,-5.9
2017,27260,수성구,M,25-29,-7.4
2018,27260,수성구,M,25-29,-7.2
2019,27260,수성구,M,25-29,-7.1
2020,27260,수성구,M,25-29,-8.3
2021,27260,수성구,M,25-29,-6.9
2022,27260,수성구,M,25-29,-6.7
2023,27260,수성구,M,25-29,-7.4
2024,27260,수성구,M,25-29,-5.3
2025,27260,수성구,M,25-29,-3.8
2015,27260,수성구,M,30-34,-2.3
2016,27260,수성구,M,30-34,-3.6
2017,27260,수성구,M,30-34,-4.2
2018,27260,수성구,M,30-34,-4.0
2019,27260,수성구,M,30-34,-2.6
2020,27260,수성구,M,30-34,-3.2
2021,27260,수성구,M,30-34,-1.8
2022,27260,수성구,M,30-34,-1.0
2023,27260,수성구,M,30-34,-2.8
2024,27260,수성구,M,30-34,-0.4
2025,27260,수성구,M,30-34,-1.1
2015,27260,수성구,F,20-24,-5.1
2016,27260,수성구,F,20-24,-3.9
2017,27260,수성구,F,20-24,-5.3
2018,27260,수성구,F,20-24,-5.1
2019,27260,수성구,F,20-24,-5.6
2020,27260,수성구,F,20-24,-4.9
2021,27260,수성구,F,20-24,-7.0
2022,27260,수성구,F,20-24,-7.5
2023,27260,수성구,F,20-24,-5.9
2024,27260,수성구,F,20-24,-5.3
2025,27260,수성구,F,20-24,-4.7
2015,27260,수성구,F,25-29,-4.8
2016,27260,수성구,F,25-29,-5.0
2017,27260,수성구,F,25-29,-3.7
2018,27260,수성구,F,25-29,-5.7
2019,27260,수성구,F,25-29,-6.7
2020,27260,수성구,F,25-29,-4.4
2021,27260,수성구,F,25-29,-5.9
2022,27260,수성구,F,25-29,-5.2
2023,27260,수성구,F,25-29,-4.4
2024,27260,수성구,F,25-29,-2.6
2025,27260,수성구,F,25-29,-3.0
2015,27260,수성구,F,30-34,-1.4
2016,27260,수성구,F,30-34,-1.4
2017,27260,수성구,F,30-34,-1.8
2018,27260,수성구,F,30-34,-1.7
2019,27260,수성구,F,30-34,0.4
2020,27260,수성구,F,30-34,-0.9
2021,27260,수성구,F,30-34,-0.3
2022,27260,수성구,F,30-34,-0.3
2023,27260,수성구,F,30-34,-0.6
2024,27260,수성구,F,30-34,1.5
2025,27260,수성구,F,30-34,1.1
2015,27290,달서구,M,20-24,-1.9
2016,27290,달서구,M,20-24,-3.4
2017,27290,달서구,M,20-24,-3.6
2018,27290,달서구,M,20-24,-2.3
2019,27290,달서구,M,20-24,-3.1
2020,27290,달서구,M,20-24,-2.6
2021,27290,달서구,M,20-24,-3.5
2022,27290,달서구,M,20-24,-2.4
2023,27290,달서구,M,20-24,-4.3
2024,27290,달서구,M,20-24,-2.6
2025,27290,달서구,M,20-24,-3.0
2015,27290,달서구,M,25-29,-3.3
2016,27290,달서구,M,25-29,-4.4
2017,27290,달서구,M,25-29,-5.4
2018,27290,달서구,M,25-29,-4.4
2019,27290,달서구,M,25-29,-4.7
2020,27290,달서구,M,25-29,-5.0
2021,27290,달서구,M,25-29,-6.5
2022,27290,달서구,M,25-29,-6.0
2023,27290,달서구,M,25-29,-4.4
2024,27290,달서구,M,25-29,-4.8
2025,27290,달서구,M,25-29,-3.5
2015,27290,달서구,M,30-34,-1.2
2016,27290,달서구,M,30-34,-4.0
2017,27290,달서구,M,30-34,-5.7
2018,27290,달서구,M,30-34,-1.8
2019,27290,달서구,M,30-34,-1.7
2020,27290,달서구,M,30-34,-3.6
2021,27290,달서구,M,30-34,-4.0
2022,27290,달서구,M,30-34,-1.8
2023,27290,달서구,M,30-34,-3.4
2024,27290,달서구,M,30-34,-1.0
2025,27290,달서구,M,30-34,-0.8
2015,27290,달서구,F,20-24,-2.3
2016,27290,달서구,F,20-24,-3.1
2017,27290,달서구,F,20-24,-3.6
2018,27290,달서구,F,20-24,-2.2
2019,27290,달서구,F,20-24,-2.8
2020,27290,달서구,F,20-24,-2.1
2021,27290,달서구,F,20-24,-4.9
2022,27290,달서구,F,20-24,-2.8
2023,27290,달서구,F,20-24,-4.6
2024,27290,달서구,F,20-24,-4.7
2025,27290,달서구,F,20-24,-3.2
2015,27290,달서구,F,25-29,-3.1
2016,27290,달서구,F,25-29,-4.3
2017,27290,달서구,F,25-29,-5.2
2018,27290,달서구,F,25-29,-3.3
2019,27290,달서구,F,25-29,-2.4
2020,27290,달서구,F,25-29,-4.9
2021,27290,달서구,F,25-29,-5.6
2022,27290,달서구,F,25-29,-4.4
2023,27290,달서구,F,25-29,-4.3
2024,27290,달서구,F,25-29,-4.9
2025,27290,달서구,F,25-29,-3.4
2015,27290,달서구,F,30-34,-1.3
2016,27290,달서구,F,30-34,-4.7
2017,27290,달서구,F,30-34,-5.0
2018,27290,달서구,F,30-34,-1.3
2019,27290,달서구,F,30-34,-2.0
2020,27290,달서구,F,30-34,-2.5
2021,27290,달서구,F,30-34,-4.8
2022,27290,달서구,F,30-34,-1.5
2023,27290,달서구,F,30-34,-3.6
2024,27290,달서구,F,30-34,-1.3
2025,27290,달서구,F,30-34,-1.1
2015,27710,달성군,M,20-24,1.4
2016,27710,달성군,M,20-24,6.5
2017,27710,달성군,M,20-24,7.5
2018,27710,달성군,M,20-24,0.3
2019,27710,달성군,M,20-24,0.7
2020,27710,달성군,M,20-24,-1.3
2021,27710,달성군,M,20-24,-0.3
2022,27710,달성군,M,20-24,-1.9
2023,27710,달성군,M,20-24,-2.4
2024,27710,달성군,M,20-24,-4.7
2025,27710,달성군,M,20-24,-4.5
2015,27710,달성군,M,25-29,3.4
2016,27710,달성군,M,25-29,13.5
2017,27710,달성군,M,25-29,14.6
2018,27710,달성군,M,25-29,4.2
2019,27710,달성군,M,25-29,1.9
2020,27710,달성군,M,25-29,0.2
2021,27710,달성군,M,25-29,2.7
2022,27710,달성군,M,25-29,0.3
2023,27710,달성군,M,25-29,1.7
2024,27710,달성군,M,25-29,-1.4
2025,27710,달성군,M,25-29,-1.2
2015,27710,달성군,M,30-34,11.3
2016,27710,달성군,M,30-34,27.9
2017,27710,달성군,M,30-34,22.1
2018,27710,달성군,M,30-34,6.0
2019,27710,달성군,M,30-34,4.8
2020,27710,달성군,M,30-34,2.2
2021,27710,달성군,M,30-34,3.6
2022,27710,달성군,M,30-34,1.7
2023,27710,달성군,M,30-34,0.3
2024,27710,달성군,M,30-34,-2.9
2025,27710,달성군,M,30-34,-2.2
2015,27710,달성군,F,20-24,0.3
2016,27710,달성군,F,20-24,7.3
2017,27710,달성군,F,20-24,7.3
2018,27710,달성군,F,20-24,-0.1
2019,27710,달성군,F,20-24,-0.8
2020,27710,달성군,F,20-24,-1.8
2021,27710,달성군,F,20-24,-2.3
2022,27710,달성군,F,20-24,-3.9
2023,27710,달성군,F,20-24,-4.1
2024,27710,달성군,F,20-24,-5.7
2025,27710,달성군,F,20-24,-4.7
2015,27710,달성군,F,25-29,7.6
2016,27710,달성군,F,25-29,20.6
2017,27710,달성군,F,25-29,19.7
2018,27710,달성군,F,25-29,6.4
2019,27710,달성군,F,25-29,4.4
2020,27710,달성군,F,25-29,2.8
2021,27710,달성군,F,25-29,3.9
2022,27710,달성군,F,25-29,3.5
2023,27710,달성군,F,25-29,0.5
2024,27710,달성군,F,25-29,-1.1
2025,27710,달성군,F,25-29,-1.7
2015,27710,달성군,F,30-34,8.9
2016,27710,달성군,F,30-34,28.1
2017,27710,달성군,F,30-34,20.3
2018,27710,달성군,F,30-34,6.8
2019,27710,달성군,F,30-34,4.7
2020,27710,달성군,F,30-34,1.9
2021,27710,달성군,F,30-34,2.2
2022,27710,달성군,F,30-34,1.2
2023,27710,달성군,F,30-34,-0.7
2024,27710,달성군,F,30-34,-3.9
2025,27710,달성군,F,30-34,-2.5
2023,27720,군위군,M,20-24,-5.3
2024,27720,군위군,M,20-24,-17.9
2025,27720,군위군,M,20-24,-0.4
2023,27720,군위군,M,25-29,-6.4
2024,27720,군위군,M,25-29,-12.9
2025,27720,군위군,M,25-29,-5.1
2023,27720,군위군,M,30-34,-6.3
2024,27720,군위군,M,30-34,-7.7
2025,27720,군위군,M,30-34,0.0
2023,27720,군위군,F,20-24,-23.1
2024,27720,군위군,F,20-24,-21.5
2025,27720,군위군,F,20-24,1.3
2023,27720,군위군,F,25-29,-17.1
2024,27720,군위군,F,25-29,-3.5
2025,27720,군위군,F,25-29,-0.5
2023,27720,군위군,F,30-34,-7.4
2024,27720,군위군,F,30-34,-4.9
2025,27720,군위군,F,30-34,-0.4
2015,28,인천광역시,M,20-24,0.3
2016,28,인천광역시,M,20-24,0.7
2017,28,인천광역시,M,20-24,0.5
2018,28,인천광역시,M,20-24,0.6
2019,28,인천광역시,M,20-24,0.5
2020,28,인천광역시,M,20-24,-0.3
2021,28,인천광역시,M,20-24,0.3
2022,28,인천광역시,M,20-24,0.5
2023,28,인천광역시,M,20-24,0.5
2024,28,인천광역시,M,20-24,0.6
2025,28,인천광역시,M,20-24,0.8
2015,28,인천광역시,M,25-29,0.3
2016,28,인천광역시,M,25-29,0.7
2017,28,인천광역시,M,25-29,0.5
2018,28,인천광역시,M,25-29,0.3
2019,28,인천광역시,M,25-29,0.1
2020,28,인천광역시,M,25-29,-0.9
2021,28,인천광역시,M,25-29,0.4
2022,28,인천광역시,M,25-29,1.0
2023,28,인천광역시,M,25-29,1.1
2024,28,인천광역시,M,25-29,1.3
2025,28,인천광역시,M,25-29,2.1
2015,28,인천광역시,M,30-34,1.0
2016,28,인천광역시,M,30-34,0.6
2017,28,인천광역시,M,30-34,0.2
2018,28,인천광역시,M,30-34,0.3
2019,28,인천광역시,M,30-34,-0.2
2020,28,인천광역시,M,30-34,-1.2
2021,28,인천광역시,M,30-34,1.0
2022,28,인천광역시,M,30-34,2.2
2023,28,인천광역시,M,30-34,2.0
2024,28,인천광역시,M,30-34,1.6
2025,28,인천광역시,M,30-34,1.8
2015,28,인천광역시,F,20-24,0.6
2016,28,인천광역시,F,20-24,0.8
2017,28,인천광역시,F,20-24,0.6
2018,28,인천광역시,F,20-24,0.8
2019,28,인천광역시,F,20-24,1.1
2020,28,인천광역시,F,20-24,0.0
2021,28,인천광역시,F,20-24,0.3
2022,28,인천광역시,F,20-24,0.6
2023,28,인천광역시,F,20-24,1.0
2024,28,인천광역시,F,20-24,1.6
2025,28,인천광역시,F,20-24,1.4
2015,28,인천광역시,F,25-29,0.0
2016,28,인천광역시,F,25-29,-0.2
2017,28,인천광역시,F,25-29,-0.3
2018,28,인천광역시,F,25-29,-0.1
2019,28,인천광역시,F,25-29,-0.5
2020,28,인천광역시,F,25-29,-1.3
2021,28,인천광역시,F,25-29,0.1
2022,28,인천광역시,F,25-29,0.8
2023,28,인천광역시,F,25-29,1.2
2024,28,인천광역시,F,25-29,1.3
2025,28,인천광역시,F,25-29,1.4
2015,28,인천광역시,F,30-34,0.5
2016,28,인천광역시,F,30-34,0.4
2017,28,인천광역시,F,30-34,-0.4
2018,28,인천광역시,F,30-34,-0.2
2019,28,인천광역시,F,30-34,-0.6
2020,28,인천광역시,F,30-34,-1.4
2021,28,인천광역시,F,30-34,0.8
2022,28,인천광역시,F,30-34,2.0
2023,28,인천광역시,F,30-34,2.1
2024,28,인천광역시,F,30-34,1.4
2025,28,인천광역시,F,30-34,1.6
2015,28110,중구,M,20-24,1.6
2016,28110,중구,M,20-24,5.8
2017,28110,중구,M,20-24,8.8
2018,28110,중구,M,20-24,11.6
2019,28110,중구,M,20-24,14.2
2020,28110,중구,M,20-24,5.9
2021,28110,중구,M,20-24,7.7
2022,28110,중구,M,20-24,10.4
2023,28110,중구,M,20-24,11.9
2024,28110,중구,M,20-24,8.8
2025,28110,중구,M,20-24,9.3
2015,28110,중구,M,25-29,8.7
2016,28110,중구,M,25-29,8.7
2017,28110,중구,M,25-29,12.9
2018,28110,중구,M,25-29,16.8
2019,28110,중구,M,25-29,19.5
2020,28110,중구,M,25-29,7.8
2021,28110,중구,M,25-29,7.5
2022,28110,중구,M,25-29,11.3
2023,28110,중구,M,25-29,11.5
2024,28110,중구,M,25-29,11.5
2025,28110,중구,M,25-29,13.6
2015,28110,중구,M,30-34,4.7
2016,28110,중구,M,30-34,0.6
2017,28110,중구,M,30-34,4.4
2018,28110,중구,M,30-34,5.8
2019,28110,중구,M,30-34,16.3
2020,28110,중구,M,30-34,6.2
2021,28110,중구,M,30-34,4.4
2022,28110,중구,M,30-34,7.8
2023,28110,중구,M,30-34,3.9
2024,28110,중구,M,30-34,6.4
2025,28110,중구,M,30-34,6.7
2015,28110,중구,F,20-24,5.4
2016,28110,중구,F,20-24,5.1
2017,28110,중구,F,20-24,14.4
2018,28110,중구,F,20-24,16.2
2019,28110,중구,F,20-24,24.6
2020,28110,중구,F,20-24,5.6
2021,28110,중구,F,20-24,1.6
2022,28110,중구,F,20-24,12.7
2023,28110,중구,F,20-24,21.0
2024,28110,중구,F,20-24,14.4
2025,28110,중구,F,20-24,12.8
2015,28110,중구,F,25-29,5.4
2016,28110,중구,F,25-29,1.4
2017,28110,중구,F,25-29,8.5
2018,28110,중구,F,25-29,12.2
2019,28110,중구,F,25-29,18.8
2020,28110,중구,F,25-29,5.8
2021,28110,중구,F,25-29,3.8
2022,28110,중구,F,25-29,8.8
2023,28110,중구,F,25-29,8.7
2024,28110,중구,F,25-29,8.4
2025,28110,중구,F,25-29,8.2
2015,28110,중구,F,30-34,5.2
2016,28110,중구,F,30-34,-1.2
2017,28110,중구,F,30-34,2.4
2018,28110,중구,F,30-34,5.7
2019,28110,중구,F,30-34,16.5
2020,28110,중구,F,30-34,6.5
2021,28110,중구,F,30-34,5.5
2022,28110,중구,F,30-34,9.2
2023,28110,중구,F,30-34,2.1
2024,28110,중구,F,30-34,6.8
2025,28110,중구,F,30-34,6.1
2015,28140,동구,M,20-24,-2.3
2016,28140,동구,M,20-24,-1.9
2017,28140,동구,M,20-24,-3.1
2018,28140,동구,M,20-24,-3.5
2019,28140,동구,M,20-24,-2.4
2020,28140,동구,M,20-24,-1.5
2021,28140,동구,M,20-24,-2.7
2022,28140,동구,M,20-24,-5.4
2023,28140,동구,M,20-24,1.7
2024,28140,동구,M,20-24,-3.5
2025,28140,동구,M,20-24,-4.2
2015,28140,동구,M,25-29,-5.3
2016,28140,동구,M,25-29,-2.0
2017,28140,동구,M,25-29,-3.5
2018,28140,동구,M,25-29,-5.6
2019,28140,동구,M,25-29,-2.1
2020,28140,동구,M,25-29,-4.5
2021,28140,동구,M,25-29,-2.0
2022,28140,동구,M,25-29,-3.1
2023,28140,동구,M,25-29,5.6
2024,28140,동구,M,25-29,-0.7
2025,28140,동구,M,25-29,-5.0
2015,28140,동구,M,30-34,-3.9
2016,28140,동구,M,30-34,-2.7
2017,28140,동구,M,30-34,-3.6
2018,28140,동구,M,30-34,-8.6
2019,28140,동구,M,30-34,-4.8
2020,28140,동구,M,30-34,-5.1
2021,28140,동구,M,30-34,6.2
2022,28140,동구,M,30-34,0.4
2023,28140,동구,M,30-34,4.1
2024,28140,동구,M,30-34,-1.8
2025,28140,동구,M,30-34,-5.0
2015,28140,동구,F,20-24,-3.0
2016,28140,동구,F,20-24,-2.7
2017,28140,동구,F,20-24,-3.1
2018,28140,동구,F,20-24,-4.5
2019,28140,동구,F,20-24,-3.7
2020,28140,동구,F,20-24,-6.7
2021,28140,동구,F,20-24,-2.0
2022,28140,동구,F,20-24,-4.0
2023,28140,동구,F,20-24,4.6
2024,28140,동구,F,20-24,-3.1
2025,28140,동구,F,20-24,-3.4
2015,28140,동구,F,25-29,-4.8
2016,28140,동구,F,25-29,-4.0
2017,28140,동구,F,25-29,-4.8
2018,28140,동구,F,25-29,-6.8
2019,28140,동구,F,25-29,-8.3
2020,28140,동구,F,25-29,-5.1
2021,28140,동구,F,25-29,-1.2
2022,28140,동구,F,25-29,-3.5
2023,28140,동구,F,25-29,9.3
2024,28140,동구,F,25-29,-1.7
2025,28140,동구,F,25-29,-7.1
2015,28140,동구,F,30-34,-3.9
2016,28140,동구,F,30-34,-2.9
2017,28140,동구,F,30-34,-3.7
2018,28140,동구,F,30-34,-9.7
2019,28140,동구,F,30-34,-6.6
2020,28140,동구,F,30-34,-7.8
2021,28140,동구,F,30-34,4.1
2022,28140,동구,F,30-34,-0.8
2023,28140,동구,F,30-34,7.3
2024,28140,동구,F,30-34,-4.7
2025,28140,동구,F,30-34,-3.4
2015,28170,남구,M,20-24,1.3
2016,28170,남구,M,20-24,4.7
2017,28170,남구,M,20-24,4.2
2015,28170,남구,M,25-29,-1.5
2016,28170,남구,M,25-29,2.5
2017,28170,남구,M,25-29,1.0
2015,28170,남구,M,30-34,-3.1
2016,28170,남구,M,30-34,3.6
2017,28170,남구,M,30-34,0.9
2015,28170,남구,F,20-24,0.4
2016,28170,남구,F,20-24,5.3
2017,28170,남구,F,20-24,2.6
2015,28170,남구,F,25-29,-2.0
2016,28170,남구,F,25-29,3.4
2017,28170,남구,F,25-29,0.2
2015,28170,남구,F,30-34,-3.3
2016,28170,남구,F,30-34,3.6
2017,28170,남구,F,30-34,-0.1
2018,28177,미추홀구,M,20-24,3.1
2019,28177,미추홀구,M,20-24,2.4
2020,28177,미추홀구,M,20-24,3.4
2021,28177,미추홀구,M,20-24,5.1
2022,28177,미추홀구,M,20-24,5.1
2023,28177,미추홀구,M,20-24,4.0
2024,28177,미추홀구,M,20-24,8.1
2025,28177,미추홀구,M,20-24,5.3
2018,28177,미추홀구,M,25-29,-0.1
2019,28177,미추홀구,M,25-29,-2.1
2020,28177,미추홀구,M,25-29,-0.4
2021,28177,미추홀구,M,25-29,2.3
2022,28177,미추홀구,M,25-29,-1.4
2023,28177,미추홀구,M,25-29,-2.1
2024,28177,미추홀구,M,25-29,-0.9
2025,28177,미추홀구,M,25-29,0.6
2018,28177,미추홀구,M,30-34,-1.3
2019,28177,미추홀구,M,30-34,-4.0
2020,28177,미추홀구,M,30-34,-2.2
2021,28177,미추홀구,M,30-34,1.6
2022,28177,미추홀구,M,30-34,-1.4
2023,28177,미추홀구,M,30-34,-0.9
2024,28177,미추홀구,M,30-34,1.5
2025,28177,미추홀구,M,30-34,1.5
2018,28177,미추홀구,F,20-24,2.8
2019,28177,미추홀구,F,20-24,0.6
2020,28177,미추홀구,F,20-24,4.1
2021,28177,미추홀구,F,20-24,3.9
2022,28177,미추홀구,F,20-24,2.1
2023,28177,미추홀구,F,20-24,1.2
2024,28177,미추홀구,F,20-24,3.8
2025,28177,미추홀구,F,20-24,3.0
2018,28177,미추홀구,F,25-29,-0.9
2019,28177,미추홀구,F,25-29,-2.3
2020,28177,미추홀구,F,25-29,-0.5
2021,28177,미추홀구,F,25-29,1.7
2022,28177,미추홀구,F,25-29,-1.1
2023,28177,미추홀구,F,25-29,-2.3
2024,28177,미추홀구,F,25-29,-0.3
2025,28177,미추홀구,F,25-29,1.3
2018,28177,미추홀구,F,30-34,-2.3
2019,28177,미추홀구,F,30-34,-4.6
2020,28177,미추홀구,F,30-34,-2.9
2021,28177,미추홀구,F,30-34,1.3
2022,28177,미추홀구,F,30-34,-0.5
2023,28177,미추홀구,F,30-34,-0.7
2024,28177,미추홀구,F,30-34,2.1
2025,28177,미추홀구,F,30-34,1.2
2015,28185,연수구,M,20-24,0.0
2016,28185,연수구,M,20-24,0.9
2017,28185,연수구,M,20-24,-0.9
2018,28185,연수구,M,20-24,0.3
2019,28185,연수구,M,20-24,4.6
2020,28185,연수구,M,20-24,2.8
2021,28185,연수구,M,20-24,-1.3
2022,28185,연수구,M,20-24,-1.2
2023,28185,연수구,M,20-24,-0.4
2024,28185,연수구,M,20-24,-1.0
2025,28185,연수구,M,20-24,-0.9
2015,28185,연수구,M,25-29,-0.7
2016,28185,연수구,M,25-29,1.5
2017,28185,연수구,M,25-29,0.6
2018,28185,연수구,M,25-29,-0.2
2019,28185,연수구,M,25-29,4.9
2020,28185,연수구,M,25-29,2.1
2021,28185,연수구,M,25-29,-2.3
2022,28185,연수구,M,25-29,-3.0
2023,28185,연수구,M,25-29,0.4
2024,28185,연수구,M,25-29,0.4
2025,28185,연수구,M,25-29,1.1
2015,28185,연수구,M,30-34,2.3
2016,28185,연수구,M,30-34,4.0
2017,28185,연수구,M,30-34,3.0
2018,28185,연수구,M,30-34,5.1
2019,28185,연수구,M,30-34,9.8
2020,28185,연수구,M,30-34,7.0
2021,28185,연수구,M,30-34,-0.7
2022,28185,연수구,M,30-34,-2.8
2023,28185,연수구,M,30-34,3.5
2024,28185,연수구,M,30-34,4.0
2025,28185,연수구,M,30-34,3.7
2015,28185,연수구,F,20-24,-0.1
2016,28185,연수구,F,20-24,1.2
2017,28185,연수구,F,20-24,-1.3
2018,28185,연수구,F,20-24,0.5
2019,28185,연수구,F,20-24,5.0
2020,28185,연수구,F,20-24,2.6
2021,28185,연수구,F,20-24,-2.4
2022,28185,연수구,F,20-24,-2.8
2023,28185,연수구,F,20-24,-0.9
2024,28185,연수구,F,20-24,-0.7
2025,28185,연수구,F,20-24,-2.4
2015,28185,연수구,F,25-29,-0.6
2016,28185,연수구,F,25-29,1.4
2017,28185,연수구,F,25-29,0.5
2018,28185,연수구,F,25-29,1.9
2019,28185,연수구,F,25-29,5.5
2020,28185,연수구,F,25-29,3.9
2021,28185,연수구,F,25-29,-1.0
2022,28185,연수구,F,25-29,-3.4
2023,28185,연수구,F,25-29,1.4
2024,28185,연수구,F,25-29,2.9
2025,28185,연수구,F,25-29,2.2
2015,28185,연수구,F,30-34,4.2
2016,28185,연수구,F,30-34,6.7
2017,28185,연수구,F,30-34,3.7
2018,28185,연수구,F,30-34,6.3
2019,28185,연수구,F,30-34,11.2
2020,28185,연수구,F,30-34,8.8
2021,28185,연수구,F,30-34,1.1
2022,28185,연수구,F,30-34,-1.7
2023,28185,연수구,F,30-34,2.6
2024,28185,연수구,F,30-34,4.4
2025,28185,연수구,F,30-34,4.9
2015,28200,남동구,M,20-24,2.5
2016,28200,남동구,M,20-24,-0.1
2017,28200,남동구,M,20-24,1.1
2018,28200,남동구,M,20-24,0.7
2019,28200,남동구,M,20-24,-0.6
2020,28200,남동구,M,20-24,-1.3
2021,28200,남동구,M,20-24,-0.2
2022,28200,남동구,M,20-24,-2.3
2023,28200,남동구,M,20-24,-2.9
2024,28200,남동구,M,20-24,-1.4
2025,28200,남동구,M,20-24,-0.7
2015,28200,남동구,M,25-29,2.8
2016,28200,남동구,M,25-29,-0.2
2017,28200,남동구,M,25-29,1.9
2018,28200,남동구,M,25-29,1.1
2019,28200,남동구,M,25-29,-1.2
2020,28200,남동구,M,25-29,-1.2
2021,28200,남동구,M,25-29,-0.4
2022,28200,남동구,M,25-29,-1.4
2023,28200,남동구,M,25-29,-2.1
2024,28200,남동구,M,25-29,0.0
2025,28200,남동구,M,25-29,0.0
2015,28200,남동구,M,30-34,4.5
2016,28200,남동구,M,30-34,-0.3
2017,28200,남동구,M,30-34,0.8
2018,28200,남동구,M,30-34,-0.3
2019,28200,남동구,M,30-34,-2.1
2020,28200,남동구,M,30-34,-2.5
2021,28200,남동구,M,30-34,-1.7
2022,28200,남동구,M,30-34,-3.9
2023,28200,남동구,M,30-34,-5.4
2024,28200,남동구,M,30-34,-1.6
2025,28200,남동구,M,30-34,-1.5
2015,28200,남동구,F,20-24,2.7
2016,28200,남동구,F,20-24,0.6
2017,28200,남동구,F,20-24,1.4
2018,28200,남동구,F,20-24,1.6
2019,28200,남동구,F,20-24,0.5
2020,28200,남동구,F,20-24,0.7
2021,28200,남동구,F,20-24,0.5
2022,28200,남동구,F,20-24,-1.0
2023,28200,남동구,F,20-24,-2.9
2024,28200,남동구,F,20-24,-0.4
2025,28200,남동구,F,20-24,1.1
2015,28200,남동구,F,25-29,2.4
2016,28200,남동구,F,25-29,-1.3
2017,28200,남동구,F,25-29,1.0
2018,28200,남동구,F,25-29,-0.4
2019,28200,남동구,F,25-29,-1.8
2020,28200,남동구,F,25-29,-2.2
2021,28200,남동구,F,25-29,-2.3
2022,28200,남동구,F,25-29,-3.1
2023,28200,남동구,F,25-29,-4.6
2024,28200,남동구,F,25-29,-1.8
2025,28200,남동구,F,25-29,-1.1
2015,28200,남동구,F,30-34,4.5
2016,28200,남동구,F,30-34,-1.1
2017,28200,남동구,F,30-34,0.9
2018,28200,남동구,F,30-34,-1.2
2019,28200,남동구,F,30-34,-3.3
2020,28200,남동구,F,30-34,-3.1
2021,28200,남동구,F,30-34,-2.8
2022,28200,남동구,F,30-34,-4.9
2023,28200,남동구,F,30-34,-6.6
2024,28200,남동구,F,30-34,-2.9
2025,28200,남동구,F,30-34,-3.6
2015,28237,부평구,M,20-24,-0.8
2016,28237,부평구,M,20-24,-0.9
2017,28237,부평구,M,20-24,-1.2
2018,28237,부평구,M,20-24,-2.1
2019,28237,부평구,M,20-24,-1.8
2020,28237,부평구,M,20-24,-3.0
2021,28237,부평구,M,20-24,-2.1
2022,28237,부평구,M,20-24,-0.7
2023,28237,부평구,M,20-24,0.3
2024,28237,부평구,M,20-24,-1.2
2025,28237,부평구,M,20-24,-1.4
2015,28237,부평구,M,25-29,0.5
2016,28237,부평구,M,25-29,0.1
2017,28237,부평구,M,25-29,-1.6
2018,28237,부평구,M,25-29,-3.5
2019,28237,부평구,M,25-29,-2.3
2020,28237,부평구,M,25-29,-3.6
2021,28237,부평구,M,25-29,-0.5
2022,28237,부평구,M,25-29,3.3
2023,28237,부평구,M,25-29,1.1
2024,28237,부평구,M,25-29,1.2
2025,28237,부평구,M,25-29,0.7
2015,28237,부평구,M,30-34,0.3
2016,28237,부평구,M,30-34,-2.1
2017,28237,부평구,M,30-34,-2.1
2018,28237,부평구,M,30-34,-5.6
2019,28237,부평구,M,30-34,-4.9
2020,28237,부평구,M,30-34,-5.3
2021,28237,부평구,M,30-34,-0.6
2022,28237,부평구,M,30-34,5.2
2023,28237,부평구,M,30-34,3.3
2024,28237,부평구,M,30-34,0.1
2025,28237,부평구,M,30-34,0.4
2015,28237,부평구,F,20-24,0.8
2016,28237,부평구,F,20-24,0.0
2017,28237,부평구,F,20-24,-0.9
2018,28237,부평구,F,20-24,-2.3
2019,28237,부평구,F,20-24,-1.1
2020,28237,부평구,F,20-24,-2.4
2021,28237,부평구,F,20-24,0.1
2022,28237,부평구,F,20-24,0.8
2023,28237,부평구,F,20-24,1.8
2024,28237,부평구,F,20-24,1.3
2025,28237,부평구,F,20-24,0.3
2015,28237,부평구,F,25-29,0.4
2016,28237,부평구,F,25-29,-1.3
2017,28237,부평구,F,25-29,-2.1
2018,28237,부평구,F,25-29,-3.9
2019,28237,부평구,F,25-29,-3.8
2020,28237,부평구,F,25-29,-4.4
2021,28237,부평구,F,25-29,-0.5
2022,28237,부평구,F,25-29,2.8
2023,28237,부평구,F,25-29,2.1
2024,28237,부평구,F,25-29,0.6
2025,28237,부평구,F,25-29,0.8
2015,28237,부평구,F,30-34,-1.0
2016,28237,부평구,F,30-34,-2.3
2017,28237,부평구,F,30-34,-4.2
2018,28237,부평구,F,30-34,-6.1
2019,28237,부평구,F,30-34,-6.2
2020,28237,부평구,F,30-34,-6.4
2021,28237,부평구,F,30-34,-1.7
2022,28237,부평구,F,30-34,3.5
2023,28237,부평구,F,30-34,2.8
2024,28237,부평구,F,30-34,-0.7
2025,28237,부평구,F,30-34,-0.6
2015,28245,계양구,M,20-24,-1.7
2016,28245,계양구,M,20-24,-1.3
2017,28245,계양구,M,20-24,-2.1
2018,28245,계양구,M,20-24,-4.1
2019,28245,계양구,M,20-24,-3.5
2020,28245,계양구,M,20-24,-2.6
2021,28245,계양구,M,20-24,-1.4
2022,28245,계양구,M,20-24,-3.2
2023,28245,계양구,M,20-24,-4.8
2024,28245,계양구,M,20-24,-1.2
2025,28245,계양구,M,20-24,-1.2
2015,28245,계양구,M,25-29,-2.1
2016,28245,계양구,M,25-29,-1.7
2017,28245,계양구,M,25-29,-3.9
2018,28245,계양구,M,25-29,-5.3
2019,28245,계양구,M,25-29,-4.6
2020,28245,계양구,M,25-29,-3.9
2021,28245,계양구,M,25-29,-1.5
2022,28245,계양구,M,25-29,-3.1
2023,28245,계양구,M,25-29,-3.6
2024,28245,계양구,M,25-29,-0.4
2025,28245,계양구,M,25-29,-0.6
2015,28245,계양구,M,30-34,-3.3
2016,28245,계양구,M,30-34,-3.2
2017,28245,계양구,M,30-34,-3.2
2018,28245,계양구,M,30-34,-6.3
2019,28245,계양구,M,30-34,-5.7
2020,28245,계양구,M,30-34,-4.9
2021,28245,계양구,M,30-34,1.2
2022,28245,계양구,M,30-34,-1.8
2023,28245,계양구,M,30-34,-5.7
2024,28245,계양구,M,30-34,0.5
2025,28245,계양구,M,30-34,-1.9
2015,28245,계양구,F,20-24,-1.8
2016,28245,계양구,F,20-24,-1.7
2017,28245,계양구,F,20-24,-2.1
2018,28245,계양구,F,20-24,-3.8
2019,28245,계양구,F,20-24,-3.7
2020,28245,계양구,F,20-24,-3.8
2021,28245,계양구,F,20-24,-2.0
2022,28245,계양구,F,20-24,-2.7
2023,28245,계양구,F,20-24,-4.8
2024,28245,계양구,F,20-24,-0.6
2025,28245,계양구,F,20-24,-1.7
2015,28245,계양구,F,25-29,-3.5
2016,28245,계양구,F,25-29,-2.9
2017,28245,계양구,F,25-29,-4.0
2018,28245,계양구,F,25-29,-6.2
2019,28245,계양구,F,25-29,-6.5
2020,28245,계양구,F,25-29,-4.7
2021,28245,계양구,F,25-29,-1.5
2022,28245,계양구,F,25-29,-3.5
2023,28245,계양구,F,25-29,-4.5
2024,28245,계양구,F,25-29,-0.5
2025,28245,계양구,F,25-29,-2.2
2015,28245,계양구,F,30-34,-4.6
2016,28245,계양구,F,30-34,-4.2
2017,28245,계양구,F,30-34,-4.3
2018,28245,계양구,F,30-34,-6.9
2019,28245,계양구,F,30-34,-7.2
2020,28245,계양구,F,30-34,-5.6
2021,28245,계양구,F,30-34,-0.8
2022,28245,계양구,F,30-34,-4.4
2023,28245,계양구,F,30-34,-6.0
2024,28245,계양구,F,30-34,0.2
2025,28245,계양구,F,30-34,-2.6
2015,28260,서구,M,20-24,-0.6
2016,28260,서구,M,20-24,0.3
2017,28260,서구,M,20-24,0.0
2018,28260,서구,M,20-24,3.3
2019,28260,서구,M,20-24,-0.2
2020,28260,서구,M,20-24,-1.6
2021,28260,서구,M,20-24,0.3
2022,28260,서구,M,20-24,2.1
2023,28260,서구,M,20-24,2.2
2024,28260,서구,M,20-24,-0.9
2025,28260,서구,M,20-24,0.7
2015,28260,서구,M,25-29,0.8
2016,28260,서구,M,25-29,1.5
2017,28260,서구,M,25-29,2.6
2018,28260,서구,M,25-29,6.1
2019,28260,서구,M,25-29,1.8
2020,28260,서구,M,25-29,0.0
2021,28260,서구,M,25-29,2.4
2022,28260,서구,M,25-29,6.0
2023,28260,서구,M,25-29,6.9
2024,28260,서구,M,25-29,3.6
2025,28260,서구,M,25-29,5.0
2015,28260,서구,M,30-34,3.6
2016,28260,서구,M,30-34,2.9
2017,28260,서구,M,30-34,1.6
2018,28260,서구,M,30-34,9.7
2019,28260,서구,M,30-34,2.4
2020,28260,서구,M,30-34,-0.5
2021,28260,서구,M,30-34,4.6
2022,28260,서구,M,30-34,11.3
2023,28260,서구,M,30-34,10.7
2024,28260,서구,M,30-34,3.2
2025,28260,서구,M,30-34,5.3
2015,28260,서구,F,20-24,0.8
2016,28260,서구,F,20-24,0.2
2017,28260,서구,F,20-24,1.2
2018,28260,서구,F,20-24,3.1
2019,28260,서구,F,20-24,0.6
2020,28260,서구,F,20-24,-1.0
2021,28260,서구,F,20-24,1.2
2022,28260,서구,F,20-24,2.7
2023,28260,서구,F,20-24,3.6
2024,28260,서구,F,20-24,1.7
2025,28260,서구,F,20-24,3.3
2015,28260,서구,F,25-29,1.6
2016,28260,서구,F,25-29,1.2
2017,28260,서구,F,25-29,0.8
2018,28260,서구,F,25-29,6.8
2019,28260,서구,F,25-29,2.3
2020,28260,서구,F,25-29,-0.6
2021,28260,서구,F,25-29,2.7
2022,28260,서구,F,25-29,7.2
2023,28260,서구,F,25-29,8.0
2024,28260,서구,F,25-29,3.5
2025,28260,서구,F,25-29,3.8
2015,28260,서구,F,30-34,1.9
2016,28260,서구,F,30-34,2.2
2017,28260,서구,F,30-34,1.9
2018,28260,서구,F,30-34,7.9
2019,28260,서구,F,30-34,2.1
2020,28260,서구,F,30-34,-0.6
2021,28260,서구,F,30-34,5.4
2022,28260,서구,F,30-34,11.9
2023,28260,서구,F,30-34,12.2
2024,28260,서구,F,30-34,3.3
2025,28260,서구,F,30-34,5.6
2015,28710,강화군,M,20-24,-0.1
2016,28710,강화군,M,20-24,0.4
2017,28710,강화군,M,20-24,-1.2
2018,28710,강화군,M,20-24,-1.8
2019,28710,강화군,M,20-24,-2.9
2020,28710,강화군,M,20-24,-4.0
2021,28710,강화군,M,20-24,-2.5
2022,28710,강화군,M,20-24,-0.8
2023,28710,강화군,M,20-24,-5.4
2024,28710,강화군,M,20-24,-3.1
2025,28710,강화군,M,20-24,-5.2
2015,28710,강화군,M,25-29,-4.1
2016,28710,강화군,M,25-29,-5.1
2017,28710,강화군,M,25-29,-3.2
2018,28710,강화군,M,25-29,-6.9
2019,28710,강화군,M,25-29,-6.0
2020,28710,강화군,M,25-29,-7.8
2021,28710,강화군,M,25-29,-3.0
2022,28710,강화군,M,25-29,-5.8
2023,28710,강화군,M,25-29,-7.7
2024,28710,강화군,M,25-29,-3.5
2025,28710,강화군,M,25-29,-1.8
2015,28710,강화군,M,30-34,-1.2
2016,28710,강화군,M,30-34,-1.0
2017,28710,강화군,M,30-34,0.6
2018,28710,강화군,M,30-34,-5.3
2019,28710,강화군,M,30-34,0.1
2020,28710,강화군,M,30-34,-2.3
2021,28710,강화군,M,30-34,0.0
2022,28710,강화군,M,30-34,-0.6
2023,28710,강화군,M,30-34,-1.9
2024,28710,강화군,M,30-34,1.0
2025,28710,강화군,M,30-34,2.4
2015,28710,강화군,F,20-24,-4.3
2016,28710,강화군,F,20-24,-4.2
2017,28710,강화군,F,20-24,-3.0
2018,28710,강화군,F,20-24,-7.6
2019,28710,강화군,F,20-24,-6.3
2020,28710,강화군,F,20-24,-8.3
2021,28710,강화군,F,20-24,-7.3
2022,28710,강화군,F,20-24,-5.4
2023,28710,강화군,F,20-24,-10.1
2024,28710,강화군,F,20-24,-6.0
2025,28710,강화군,F,20-24,-7.0
2015,28710,강화군,F,25-29,-4.8
2016,28710,강화군,F,25-29,-7.0
2017,28710,강화군,F,25-29,2.7
2018,28710,강화군,F,25-29,-5.7
2019,28710,강화군,F,25-29,-6.6
2020,28710,강화군,F,25-29,-4.3
2021,28710,강화군,F,25-29,-1.6
2022,28710,강화군,F,25-29,0.5
2023,28710,강화군,F,25-29,-5.5
2024,28710,강화군,F,25-29,2.7
2025,28710,강화군,F,25-29,0.3
2015,28710,강화군,F,30-34,2.0
2016,28710,강화군,F,30-34,1.6
2017,28710,강화군,F,30-34,0.3
2018,28710,강화군,F,30-34,1.7
2019,28710,강화군,F,30-34,6.5
2020,28710,강화군,F,30-34,-1.4
2021,28710,강화군,F,30-34,-1.1
2022,28710,강화군,F,30-34,0.2
2023,28710,강화군,F,30-34,0.9
2024,28710,강화군,F,30-34,0.4
2025,28710,강화군,F,30-34,1.3
2015,28720,옹진군,M,20-24,14.4
2016,28720,옹진군,M,20-24,11.2
2017,28720,옹진군,M,20-24,12.5
2018,28720,옹진군,M,20-24,6.0
2019,28720,옹진군,M,20-24,10.6
2020,28720,옹진군,M,20-24,7.4
2021,28720,옹진군,M,20-24,2.6
2022,28720,옹진군,M,20-24,8.8
2023,28720,옹진군,M,20-24,3.6
2024,28720,옹진군,M,20-24,-2.4
2025,28720,옹진군,M,20-24,5.4
2015,28720,옹진군,M,25-29,-1.5
2016,28720,옹진군,M,25-29,-6.9
2017,28720,옹진군,M,25-29,-8.7
2018,28720,옹진군,M,25-29,-11.5
2019,28720,옹진군,M,25-29,-15.4
2020,28720,옹진군,M,25-29,-8.4
2021,28720,옹진군,M,25-29,-9.6
2022,28720,옹진군,M,25-29,-3.5
2023,28720,옹진군,M,25-29,-8.1
2024,28720,옹진군,M,25-29,-11.8
2025,28720,옹진군,M,25-29,-5.1
2015,28720,옹진군,M,30-34,-3.7
2016,28720,옹진군,M,30-34,3.9
2017,28720,옹진군,M,30-34,-0.7
2018,28720,옹진군,M,30-34,-6.6
2019,28720,옹진군,M,30-34,-10.0
2020,28720,옹진군,M,30-34,-14.4
2021,28720,옹진군,M,30-34,-5.0
2022,28720,옹진군,M,30-34,-4.5
2023,28720,옹진군,M,30-34,-7.7
2024,28720,옹진군,M,30-34,-5.7
2025,28720,옹진군,M,30-34,-7.7
2015,28720,옹진군,F,20-24,4.0
2016,28720,옹진군,F,20-24,1.3
2017,28720,옹진군,F,20-24,1.1
2018,28720,옹진군,F,20-24,3.1
2019,28720,옹진군,F,20-24,-2.0
2020,28720,옹진군,F,20-24,2.8
2021,28720,옹진군,F,20-24,-0.9
2022,28720,옹진군,F,20-24,12.0
2023,28720,옹진군,F,20-24,-4.3
2024,28720,옹진군,F,20-24,10.4
2025,28720,옹진군,F,20-24,-9.8
2015,28720,옹진군,F,25-29,-6.0
2016,28720,옹진군,F,25-29,1.0
2017,28720,옹진군,F,25-29,4.6
2018,28720,옹진군,F,25-29,-7.6
2019,28720,옹진군,F,25-29,-4.1
2020,28720,옹진군,F,25-29,-8.5
2021,28720,옹진군,F,25-29,-5.5
2022,28720,옹진군,F,25-29,-2.0
2023,28720,옹진군,F,25-29,-1.2
2024,28720,옹진군,F,25-29,-3.8
2025,28720,옹진군,F,25-29,-10.8
2015,28720,옹진군,F,30-34,-8.3
2016,28720,옹진군,F,30-34,0.0
2017,28720,옹진군,F,30-34,2.4
2018,28720,옹진군,F,30-34,-9.5
2019,28720,옹진군,F,30-34,-8.8
2020,28720,옹진군,F,30-34,-1.2
2021,28720,옹진군,F,30-34,-4.0
2022,28720,옹진군,F,30-34,0.6
2023,28720,옹진군,F,30-34,-10.5
2024,28720,옹진군,F,30-34,-7.3
2025,28720,옹진군,F,30-34,-12.5
2015,29,광주광역시,M,20-24,-2.2
2016,29,광주광역시,M,20-24,-1.4
2017,29,광주광역시,M,20-24,-1.8
2018,29,광주광역시,M,20-24,-1.6
2019,29,광주광역시,M,20-24,-1.5
2020,29,광주광역시,M,20-24,-1.2
2021,29,광주광역시,M,20-24,-1.4
2022,29,광주광역시,M,20-24,-1.6
2023,29,광주광역시,M,20-24,-1.5
2024,29,광주광역시,M,20-24,-1.4
2025,29,광주광역시,M,20-24,-2.0
2015,29,광주광역시,M,25-29,-2.5
2016,29,광주광역시,M,25-29,-1.6
2017,29,광주광역시,M,25-29,-2.1
2018,29,광주광역시,M,25-29,-2.0
2019,29,광주광역시,M,25-29,-1.5
2020,29,광주광역시,M,25-29,-1.3
2021,29,광주광역시,M,25-29,-1.2
2022,29,광주광역시,M,25-29,-2.0
2023,29,광주광역시,M,25-29,-2.5
2024,29,광주광역시,M,25-29,-2.6
2025,29,광주광역시,M,25-29,-3.6
2015,29,광주광역시,M,30-34,-0.9
2016,29,광주광역시,M,30-34,-0.6
2017,29,광주광역시,M,30-34,-0.7
2018,29,광주광역시,M,30-34,-0.3
2019,29,광주광역시,M,30-34,-0.1
2020,29,광주광역시,M,30-34,-0.3
2021,29,광주광역시,M,30-34,0.0
2022,29,광주광역시,M,30-34,-0.4
2023,29,광주광역시,M,30-34,-1.3
2024,29,광주광역시,M,30-34,-0.9
2025,29,광주광역시,M,30-34,-1.6
2015,29,광주광역시,F,20-24,-2.7
2016,29,광주광역시,F,20-24,-2.2
2017,29,광주광역시,F,20-24,-2.3
2018,29,광주광역시,F,20-24,-1.5
2019,29,광주광역시,F,20-24,-1.3
2020,29,광주광역시,F,20-24,-1.2
2021,29,광주광역시,F,20-24,-1.1
2022,29,광주광역시,F,20-24,-2.0
2023,29,광주광역시,F,20-24,-2.5
2024,29,광주광역시,F,20-24,-2.3
2025,29,광주광역시,F,20-24,-3.1
2015,29,광주광역시,F,25-29,-2.3
2016,29,광주광역시,F,25-29,-1.7
2017,29,광주광역시,F,25-29,-1.9
2018,29,광주광역시,F,25-29,-1.6
2019,29,광주광역시,F,25-29,-0.7
2020,29,광주광역시,F,25-29,-1.5
2021,29,광주광역시,F,25-29,-1.4
2022,29,광주광역시,F,25-29,-2.1
2023,29,광주광역시,F,25-29,-2.5
2024,29,광주광역시,F,25-29,-2.3
2025,29,광주광역시,F,25-29,-3.0
2015,29,광주광역시,F,30-34,-1.2
2016,29,광주광역시,F,30-34,-1.3
2017,29,광주광역시,F,30-34,-0.8
2018,29,광주광역시,F,30-34,-0.6
2019,29,광주광역시,F,30-34,-0.5
2020,29,광주광역시,F,30-34,-0.6
2021,29,광주광역시,F,30-34,0.2
2022,29,광주광역시,F,30-34,-0.4
2023,29,광주광역시,F,30-34,-1.8
2024,29,광주광역시,F,30-34,-1.6
2025,29,광주광역시,F,30-34,-2.2
2015,29110,동구,M,20-24,-0.4
2016,29110,동구,M,20-24,0.7
2017,29110,동구,M,20-24,5.1
2018,29110,동구,M,20-24,3.0
2019,29110,동구,M,20-24,8.4
2020,29110,동구,M,20-24,12.4
2021,29110,동구,M,20-24,4.4
2022,29110,동구,M,20-24,7.9
2023,29110,동구,M,20-24,6.4
2024,29110,동구,M,20-24,4.6
2025,29110,동구,M,20-24,2.1
2015,29110,동구,M,25-29,-5.3
2016,29110,동구,M,25-29,-4.5
2017,29110,동구,M,25-29,-2.6
2018,29110,동구,M,25-29,-5.1
2019,29110,동구,M,25-29,2.2
2020,29110,동구,M,25-29,0.3
2021,29110,동구,M,25-29,1.2
2022,29110,동구,M,25-29,1.4
2023,29110,동구,M,25-29,1.2
2024,29110,동구,M,25-29,-4.9
2025,29110,동구,M,25-29,-4.4
2015,29110,동구,M,30-34,-5.7
2016,29110,동구,M,30-34,-6.5
2017,29110,동구,M,30-34,-2.7
2018,29110,동구,M,30-34,-4.8
2019,29110,동구,M,30-34,5.5
2020,29110,동구,M,30-34,6.7
2021,29110,동구,M,30-34,2.6
2022,29110,동구,M,30-34,5.2
2023,29110,동구,M,30-34,2.7
2024,29110,동구,M,30-34,-0.6
2025,29110,동구,M,30-34,-0.8
2015,29110,동구,F,20-24,-1.9
2016,29110,동구,F,20-24,-1.1
2017,29110,동구,F,20-24,0.6
2018,29110,동구,F,20-24,3.3
2019,29110,동구,F,20-24,8.3
2020,29110,동구,F,20-24,9.8
2021,29110,동구,F,20-24,5.5
2022,29110,동구,F,20-24,5.8
2023,29110,동구,F,20-24,7.0
2024,29110,동구,F,20-24,3.2
2025,29110,동구,F,20-24,2.9
2015,29110,동구,F,25-29,-6.4
2016,29110,동구,F,25-29,-4.6
2017,29110,동구,F,25-29,-2.1
2018,29110,동구,F,25-29,-2.8
2019,29110,동구,F,25-29,5.4
2020,29110,동구,F,25-29,5.1
2021,29110,동구,F,25-29,-1.2
2022,29110,동구,F,25-29,1.8
2023,29110,동구,F,25-29,2.2
2024,29110,동구,F,25-29,-0.6
2025,29110,동구,F,25-29,-2.3
2015,29110,동구,F,30-34,-4.1
2016,29110,동구,F,30-34,-9.9
2017,29110,동구,F,30-34,-2.6
2018,29110,동구,F,30-34,-3.2
2019,29110,동구,F,30-34,8.4
2020,29110,동구,F,30-34,9.2
2021,29110,동구,F,30-34,2.2
2022,29110,동구,F,30-34,6.4
2023,29110,동구,F,30-34,1.8
2024,29110,동구,F,30-34,-3.7
2025,29110,동구,F,30-34,-1.9
2015,29140,서구,M,20-24,-3.8
2016,29140,서구,M,20-24,0.6
2017,29140,서구,M,20-24,-2.5
2018,29140,서구,M,20-24,-2.1
2019,29140,서구,M,20-24,-2.2
2020,29140,서구,M,20-24,-2.6
2021,29140,서구,M,20-24,-2.1
2022,29140,서구,M,20-24,-3.1
2023,29140,서구,M,20-24,-1.5
2024,29140,서구,M,20-24,-3.0
2025,29140,서구,M,20-24,-1.7
2015,29140,서구,M,25-29,-3.8
2016,29140,서구,M,25-29,1.1
2017,29140,서구,M,25-29,-1.9
2018,29140,서구,M,25-29,-2.0
2019,29140,서구,M,25-29,-2.7
2020,29140,서구,M,25-29,-2.2
2021,29140,서구,M,25-29,-1.9
2022,29140,서구,M,25-29,-1.8
2023,29140,서구,M,25-29,-1.9
2024,29140,서구,M,25-29,-3.0
2025,29140,서구,M,25-29,-3.1
2015,29140,서구,M,30-34,-3.3
2016,29140,서구,M,30-34,1.1
2017,29140,서구,M,30-34,-2.4
2018,29140,서구,M,30-34,-2.5
2019,29140,서구,M,30-34,-2.1
2020,29140,서구,M,30-34,-3.2
2021,29140,서구,M,30-34,-4.4
2022,29140,서구,M,30-34,-1.7
2023,29140,서구,M,30-34,-3.1
2024,29140,서구,M,30-34,-3.6
2025,29140,서구,M,30-34,-3.0
2015,29140,서구,F,20-24,-3.9
2016,29140,서구,F,20-24,0.6
2017,29140,서구,F,20-24,-0.6
2018,29140,서구,F,20-24,-1.0
2019,29140,서구,F,20-24,-0.5
2020,29140,서구,F,20-24,-0.2
2021,29140,서구,F,20-24,-0.8
2022,29140,서구,F,20-24,0.0
2023,29140,서구,F,20-24,-2.3
2024,29140,서구,F,20-24,-1.4
2025,29140,서구,F,20-24,-1.7
2015,29140,서구,F,25-29,-3.6
2016,29140,서구,F,25-29,0.3
2017,29140,서구,F,25-29,-2.0
2018,29140,서구,F,25-29,-2.3
2019,29140,서구,F,25-29,-0.9
2020,29140,서구,F,25-29,-3.5
2021,29140,서구,F,25-29,-2.4
2022,29140,서구,F,25-29,-4.6
2023,29140,서구,F,25-29,-2.7
2024,29140,서구,F,25-29,-3.9
2025,29140,서구,F,25-29,-4.3
2015,29140,서구,F,30-34,-3.7
2016,29140,서구,F,30-34,1.2
2017,29140,서구,F,30-34,-2.0
2018,29140,서구,F,30-34,-3.4
2019,29140,서구,F,30-34,-2.3
2020,29140,서구,F,30-34,-3.6
2021,29140,서구,F,30-34,-4.1
2022,29140,서구,F,30-34,-2.6
2023,29140,서구,F,30-34,-3.2
2024,29140,서구,F,30-34,-4.9
2025,29140,서구,F,30-34,-3.7
2015,29155,남구,M,20-24,-2.7
2016,29155,남구,M,20-24,-3.0
2017,29155,남구,M,20-24,-3.3
2018,29155,남구,M,20-24,-3.9
2019,29155,남구,M,20-24,-2.2
2020,29155,남구,M,20-24,-5.1
2021,29155,남구,M,20-24,-2.3
2022,29155,남구,M,20-24,-4.1
2023,29155,남구,M,20-24,-4.0
2024,29155,남구,M,20-24,-4.3
2025,29155,남구,M,20-24,-2.8
2015,29155,남구,M,25-29,-4.4
2016,29155,남구,M,25-29,-5.0
2017,29155,남구,M,25-29,-4.4
2018,29155,남구,M,25-29,-5.1
2019,29155,남구,M,25-29,-2.2
2020,29155,남구,M,25-29,-5.5
2021,29155,남구,M,25-29,-2.9
2022,29155,남구,M,25-29,-4.3
2023,29155,남구,M,25-29,-4.7
2024,29155,남구,M,25-29,-4.0
2025,29155,남구,M,25-29,-2.9
2015,29155,남구,M,30-34,-0.9
2016,29155,남구,M,30-34,-1.3
2017,29155,남구,M,30-34,-2.2
2018,29155,남구,M,30-34,-1.7
2019,29155,남구,M,30-34,2.0
2020,29155,남구,M,30-34,-3.7
2021,29155,남구,M,30-34,3.0
2022,29155,남구,M,30-34,-0.7
2023,29155,남구,M,30-34,-3.4
2024,29155,남구,M,30-34,-2.1
2025,29155,남구,M,30-34,-0.4
2015,29155,남구,F,20-24,-3.6
2016,29155,남구,F,20-24,-4.8
2017,29155,남구,F,20-24,-4.6
2018,29155,남구,F,20-24,-2.6
2019,29155,남구,F,20-24,-2.1
2020,29155,남구,F,20-24,-5.4
2021,29155,남구,F,20-24,-1.7
2022,29155,남구,F,20-24,-5.6
2023,29155,남구,F,20-24,-4.9
2024,29155,남구,F,20-24,-5.1
2025,29155,남구,F,20-24,-5.0
2015,29155,남구,F,25-29,-4.7
2016,29155,남구,F,25-29,-4.7
2017,29155,남구,F,25-29,-4.4
2018,29155,남구,F,25-29,-3.7
2019,29155,남구,F,25-29,-3.1
2020,29155,남구,F,25-29,-5.1
2021,29155,남구,F,25-29,-0.5
2022,29155,남구,F,25-29,-2.4
2023,29155,남구,F,25-29,-4.1
2024,29155,남구,F,25-29,-4.3
2025,29155,남구,F,25-29,-2.3
2015,29155,남구,F,30-34,0.5
2016,29155,남구,F,30-34,-2.3
2017,29155,남구,F,30-34,0.1
2018,29155,남구,F,30-34,-0.4
2019,29155,남구,F,30-34,2.3
2020,29155,남구,F,30-34,-3.6
2021,29155,남구,F,30-34,2.7
2022,29155,남구,F,30-34,-0.9
2023,29155,남구,F,30-34,-3.6
2024,29155,남구,F,30-34,-2.2
2025,29155,남구,F,30-34,-0.7
2015,29170,북구,M,20-24,-1.8
2016,29170,북구,M,20-24,-2.7
2017,29170,북구,M,20-24,-2.2
2018,29170,북구,M,20-24,-1.3
2019,29170,북구,M,20-24,-2.4
2020,29170,북구,M,20-24,-1.4
2021,29170,북구,M,20-24,-1.0
2022,29170,북구,M,20-24,-0.7
2023,29170,북구,M,20-24,-1.6
2024,29170,북구,M,20-24,0.8
2025,29170,북구,M,20-24,-1.4
2015,29170,북구,M,25-29,-2.9
2016,29170,북구,M,25-29,-3.6
2017,29170,북구,M,25-29,-3.3
2018,29170,북구,M,25-29,-1.7
2019,29170,북구,M,25-29,-2.1
2020,29170,북구,M,25-29,-2.7
2021,29170,북구,M,25-29,-1.8
2022,29170,북구,M,25-29,-3.2
2023,29170,북구,M,25-29,-3.9
2024,29170,북구,M,25-29,-2.3
2025,29170,북구,M,25-29,-5.5
2015,29170,북구,M,30-34,-1.4
2016,29170,북구,M,30-34,-3.5
2017,29170,북구,M,30-34,-1.5
2018,29170,북구,M,30-34,1.2
2019,29170,북구,M,30-34,-2.4
2020,29170,북구,M,30-34,-0.9
2021,29170,북구,M,30-34,0.2
2022,29170,북구,M,30-34,-0.9
2023,29170,북구,M,30-34,-1.3
2024,29170,북구,M,30-34,1.1
2025,29170,북구,M,30-34,-3.4
2015,29170,북구,F,20-24,-2.9
2016,29170,북구,F,20-24,-3.6
2017,29170,북구,F,20-24,-2.8
2018,29170,북구,F,20-24,-1.0
2019,29170,북구,F,20-24,-2.8
2020,29170,북구,F,20-24,-1.1
2021,29170,북구,F,20-24,-1.1
2022,29170,북구,F,20-24,-1.7
2023,29170,북구,F,20-24,-2.5
2024,29170,북구,F,20-24,-0.4
2025,29170,북구,F,20-24,-2.6
2015,29170,북구,F,25-29,-3.2
2016,29170,북구,F,25-29,-3.5
2017,29170,북구,F,25-29,-2.5
2018,29170,북구,F,25-29,-1.6
2019,29170,북구,F,25-29,-2.2
2020,29170,북구,F,25-29,-2.0
2021,29170,북구,F,25-29,-1.6
2022,29170,북구,F,25-29,-3.3
2023,29170,북구,F,25-29,-3.8
2024,29170,북구,F,25-29,-1.3
2025,29170,북구,F,25-29,-3.8
2015,29170,북구,F,30-34,-1.8
2016,29170,북구,F,30-34,-3.9
2017,29170,북구,F,30-34,-2.0
2018,29170,북구,F,30-34,0.1
2019,29170,북구,F,30-34,-3.7
2020,29170,북구,F,30-34,-2.0
2021,29170,북구,F,30-34,-0.1
2022,29170,북구,F,30-34,-0.2
2023,29170,북구,F,30-34,-1.3
2024,29170,북구,F,30-34,2.0
2025,29170,북구,F,30-34,-4.1
2015,29200,광산구,M,20-24,-1.5
2016,29200,광산구,M,20-24,-1.1
2017,29200,광산구,M,20-24,-1.5
2018,29200,광산구,M,20-24,-1.4
2019,29200,광산구,M,20-24,-1.6
2020,29200,광산구,M,20-24,-1.1
2021,29200,광산구,M,20-24,-2.3
2022,29200,광산구,M,20-24,-2.7
2023,29200,광산구,M,20-24,-2.3
2024,29200,광산구,M,20-24,-2.8
2025,29200,광산구,M,20-24,-3.6
2015,29200,광산구,M,25-29,1.4
2016,29200,광산구,M,25-29,1.7
2017,29200,광산구,M,25-29,0.7
2018,29200,광산구,M,25-29,0.1
2019,29200,광산구,M,25-29,-0.3
2020,29200,광산구,M,25-29,2.5
2021,29200,광산구,M,25-29,0.4
2022,29200,광산구,M,25-29,-0.9
2023,29200,광산구,M,25-29,-1.5
2024,29200,광산구,M,25-29,-1.3
2025,29200,광산구,M,25-29,-2.1
2015,29200,광산구,M,30-34,2.8
2016,29200,광산구,M,30-34,3.3
2017,29200,광산구,M,30-34,2.5
2018,29200,광산구,M,30-34,1.5
2019,29200,광산구,M,30-34,1.6
2020,29200,광산구,M,30-34,2.4
2021,29200,광산구,M,30-34,0.7
2022,29200,광산구,M,30-34,-0.3
2023,29200,광산구,M,30-34,-0.2
2024,29200,광산구,M,30-34,-0.8
2025,29200,광산구,M,30-34,0.7
2015,29200,광산구,F,20-24,-0.8
2016,29200,광산구,F,20-24,-1.5
2017,29200,광산구,F,20-24,-2.6
2018,29200,광산구,F,20-24,-2.9
2019,29200,광산구,F,20-24,-2.1
2020,29200,광산구,F,20-24,-2.4
2021,29200,광산구,F,20-24,-2.8
2022,29200,광산구,F,20-24,-4.1
2023,29200,광산구,F,20-24,-4.1
2024,29200,광산구,F,20-24,-5.1
2025,29200,광산구,F,20-24,-5.4
2015,29200,광산구,F,25-29,2.6
2016,29200,광산구,F,25-29,1.6
2017,29200,광산구,F,25-29,0.3
2018,29200,광산구,F,25-29,0.6
2019,29200,광산구,F,25-29,1.0
2020,29200,광산구,F,25-29,0.7
2021,29200,광산구,F,25-29,-0.9
2022,29200,광산구,F,25-29,0.1
2023,29200,광산구,F,25-29,-1.3
2024,29200,광산구,F,25-29,-1.7
2025,29200,광산구,F,25-29,-1.8
2015,29200,광산구,F,30-34,1.0
2016,29200,광산구,F,30-34,1.9
2017,29200,광산구,F,30-34,1.3
2018,29200,광산구,F,30-34,1.1
2019,29200,광산구,F,30-34,1.0
2020,29200,광산구,F,30-34,2.0
2021,29200,광산구,F,30-34,1.7
2022,29200,광산구,F,30-34,-0.6
2023,29200,광산구,F,30-34,-1.6
2024,29200,광산구,F,30-34,-2.4
2025,29200,광산구,F,30-34,0.1
2015,30,대전광역시,M,20-24,-0.8
2016,30,대전광역시,M,20-24,-0.3
2017,30,대전광역시,M,20-24,-0.6
2018,30,대전광역시,M,20-24,0.1
2019,30,대전광역시,M,20-24,0.0
2020,30,대전광역시,M,20-24,0.5
2021,30,대전광역시,M,20-24,1.1
2022,30,대전광역시,M,20-24,1.6
2023,30,대전광역시,M,20-24,2.5
2024,30,대전광역시,M,20-24,2.8
2025,30,대전광역시,M,20-24,3.5
2015,30,대전광역시,M,25-29,-1.0
2016,30,대전광역시,M,25-29,-0.5
2017,30,대전광역시,M,25-29,-0.8
2018,30,대전광역시,M,25-29,-1.3
2019,30,대전광역시,M,25-29,-1.4
2020,30,대전광역시,M,25-29,-0.9
2021,30,대전광역시,M,25-29,-0.4
2022,30,대전광역시,M,25-29,0.2
2023,30,대전광역시,M,25-29,-0.2
2024,30,대전광역시,M,25-29,-0.9
2025,30,대전광역시,M,25-29,0.4
2015,30,대전광역시,M,30-34,-1.6
2016,30,대전광역시,M,30-34,-0.4
2017,30,대전광역시,M,30-34,-1.6
2018,30,대전광역시,M,30-34,-1.9
2019,30,대전광역시,M,30-34,-2.2
2020,30,대전광역시,M,30-34,-1.0
2021,30,대전광역시,M,30-34,-0.6
2022,30,대전광역시,M,30-34,-0.7
2023,30,대전광역시,M,30-34,-0.4
2024,30,대전광역시,M,30-34,-0.3
2025,30,대전광역시,M,30-34,0.3
2015,30,대전광역시,F,20-24,-1.4
2016,30,대전광역시,F,20-24,-0.5
2017,30,대전광역시,F,20-24,-0.5
2018,30,대전광역시,F,20-24,-0.5
2019,30,대전광역시,F,20-24,-0.6
2020,30,대전광역시,F,20-24,0.1
2021,30,대전광역시,F,20-24,0.7
2022,30,대전광역시,F,20-24,0.3
2023,30,대전광역시,F,20-24,0.7
2024,30,대전광역시,F,20-24,1.2
2025,30,대전광역시,F,20-24,1.2
2015,30,대전광역시,F,25-29,-1.7
2016,30,대전광역시,F,25-29,-0.5
2017,30,대전광역시,F,25-29,-1.4
2018,30,대전광역시,F,25-29,-1.6
2019,30,대전광역시,F,25-29,-1.8
2020,30,대전광역시,F,25-29,-1.0
2021,30,대전광역시,F,25-29,-0.8
2022,30,대전광역시,F,25-29,-0.5
2023,30,대전광역시,F,25-29,-0.5
2024,30,대전광역시,F,25-29,-1.0
2025,30,대전광역시,F,25-29,0.0
2015,30,대전광역시,F,30-34,-2.3
2016,30,대전광역시,F,30-34,-0.9
2017,30,대전광역시,F,30-34,-1.7
2018,30,대전광역시,F,30-34,-2.2
2019,30,대전광역시,F,30-34,-2.7
2020,30,대전광역시,F,30-34,-1.6
2021,30,대전광역시,F,30-34,-0.4
2022,30,대전광역시,F,30-34,0.0
2023,30,대전광역시,F,30-34,-0.5
2024,30,대전광역시,F,30-34,-0.4
2025,30,대전광역시,F,30-34,0.4
2015,30110,동구,M,20-24,-0.2
2016,30110,동구,M,20-24,1.3
2017,30110,동구,M,20-24,-0.2
2018,30110,동구,M,20-24,2.3
2019,30110,동구,M,20-24,1.6
2020,30110,동구,M,20-24,0.0
2021,30110,동구,M,20-24,3.9
2022,30110,동구,M,20-24,3.5
2023,30110,동구,M,20-24,4.8
2024,30110,동구,M,20-24,4.8
2025,30110,동구,M,20-24,5.7
2015,30110,동구,M,25-29,-6.3
2016,30110,동구,M,25-29,-4.4
2017,30110,동구,M,25-29,-6.4
2018,30110,동구,M,25-29,-4.4
2019,30110,동구,M,25-29,-5.1
2020,30110,동구,M,25-29,-6.6
2021,30110,동구,M,25-29,-2.0
2022,30110,동구,M,25-29,-4.4
2023,30110,동구,M,25-29,-4.2
2024,30110,동구,M,25-29,-4.7
2025,30110,동구,M,25-29,-2.9
2015,30110,동구,M,30-34,-6.3
2016,30110,동구,M,30-34,-4.0
2017,30110,동구,M,30-34,-5.2
2018,30110,동구,M,30-34,-2.5
2019,30110,동구,M,30-34,-2.9
2020,30110,동구,M,30-34,-2.6
2021,30110,동구,M,30-34,0.2
2022,30110,동구,M,30-34,-1.5
2023,30110,동구,M,30-34,-2.5
2024,30110,동구,M,30-34,1.0
2025,30110,동구,M,30-34,2.7
2015,30110,동구,F,20-24,-4.3
2016,30110,동구,F,20-24,-2.5
2017,30110,동구,F,20-24,-2.8
2018,30110,동구,F,20-24,-3.2
2019,30110,동구,F,20-24,-1.4
2020,30110,동구,F,20-24,-3.4
2021,30110,동구,F,20-24,-1.2
2022,30110,동구,F,20-24,-2.8
2023,30110,동구,F,20-24,-2.7
2024,30110,동구,F,20-24,-3.2
2025,30110,동구,F,20-24,-3.7
2015,30110,동구,F,25-29,-6.6
2016,30110,동구,F,25-29,-5.9
2017,30110,동구,F,25-29,-4.9
2018,30110,동구,F,25-29,-2.9
2019,30110,동구,F,25-29,-4.0
2020,30110,동구,F,25-29,-6.1
2021,30110,동구,F,25-29,-1.1
2022,30110,동구,F,25-29,-3.8
2023,30110,동구,F,25-29,-1.6
2024,30110,동구,F,25-29,-2.9
2025,30110,동구,F,25-29,-1.3
2015,30110,동구,F,30-34,-6.8
2016,30110,동구,F,30-34,-4.1
2017,30110,동구,F,30-34,-5.3
2018,30110,동구,F,30-34,-2.2
2019,30110,동구,F,30-34,-3.7
2020,30110,동구,F,30-34,-4.2
2021,30110,동구,F,30-34,2.6
2022,30110,동구,F,30-34,0.3
2023,30110,동구,F,30-34,-2.7
2024,30110,동구,F,30-34,3.3
2025,30110,동구,F,30-34,1.7
2015,30140,중구,M,20-24,-2.9
2016,30140,중구,M,20-24,-3.0
2017,30140,중구,M,20-24,-2.0
2018,30140,중구,M,20-24,-1.5
2019,30140,중구,M,20-24,-2.9
2020,30140,중구,M,20-24,-2.6
2021,30140,중구,M,20-24,-3.0
2022,30140,중구,M,20-24,-2.4
2023,30140,중구,M,20-24,-3.0
2024,30140,중구,M,20-24,-1.4
2025,30140,중구,M,20-24,-2.5
2015,30140,중구,M,25-29,-3.7
2016,30140,중구,M,25-29,-3.7
2017,30140,중구,M,25-29,-1.2
2018,30140,중구,M,25-29,-4.3
2019,30140,중구,M,25-29,-4.1
2020,30140,중구,M,25-29,-3.8
2021,30140,중구,M,25-29,-2.7
2022,30140,중구,M,25-29,-1.6
2023,30140,중구,M,25-29,-3.7
2024,30140,중구,M,25-29,-2.3
2025,30140,중구,M,25-29,1.1
2015,30140,중구,M,30-34,-5.1
2016,30140,중구,M,30-34,-4.2
2017,30140,중구,M,30-34,-3.6
2018,30140,중구,M,30-34,-4.6
2019,30140,중구,M,30-34,-4.8
2020,30140,중구,M,30-34,-4.2
2021,30140,중구,M,30-34,-3.1
2022,30140,중구,M,30-34,-1.7
2023,30140,중구,M,30-34,-4.4
2024,30140,중구,M,30-34,1.0
2025,30140,중구,M,30-34,2.3
2015,30140,중구,F,20-24,-1.6
2016,30140,중구,F,20-24,-0.1
2017,30140,중구,F,20-24,-0.5
2018,30140,중구,F,20-24,-1.5
2019,30140,중구,F,20-24,0.2
2020,30140,중구,F,20-24,-0.5
2021,30140,중구,F,20-24,-0.7
2022,30140,중구,F,20-24,0.2
2023,30140,중구,F,20-24,-1.0
2024,30140,중구,F,20-24,0.3
2025,30140,중구,F,20-24,2.6
2015,30140,중구,F,25-29,-4.7
2016,30140,중구,F,25-29,-4.0
2017,30140,중구,F,25-29,-3.0
2018,30140,중구,F,25-29,-2.7
2019,30140,중구,F,25-29,-3.6
2020,30140,중구,F,25-29,-4.1
2021,30140,중구,F,25-29,-1.7
2022,30140,중구,F,25-29,-2.5
2023,30140,중구,F,25-29,-4.6
2024,30140,중구,F,25-29,-2.9
2025,30140,중구,F,25-29,0.7
2015,30140,중구,F,30-34,-5.6
2016,30140,중구,F,30-34,-3.2
2017,30140,중구,F,30-34,-4.4
2018,30140,중구,F,30-34,-4.4
2019,30140,중구,F,30-34,-4.6
2020,30140,중구,F,30-34,-3.9
2021,30140,중구,F,30-34,-3.9
2022,30140,중구,F,30-34,-2.1
2023,30140,중구,F,30-34,-3.9
2024,30140,중구,F,30-34,1.6
2025,30140,중구,F,30-34,1.7
2015,30170,서구,M,20-24,-1.9
2016,30170,서구,M,20-24,-1.5
2017,30170,서구,M,20-24,-1.4
2018,30170,서구,M,20-24,-1.1
2019,30170,서구,M,20-24,-0.8
2020,30170,서구,M,20-24,0.8
2021,30170,서구,M,20-24,0.0
2022,30170,서구,M,20-24,1.1
2023,30170,서구,M,20-24,0.6
2024,30170,서구,M,20-24,1.0
2025,30170,서구,M,20-24,3.3
2015,30170,서구,M,25-29,-1.3
2016,30170,서구,M,25-29,-0.1
2017,30170,서구,M,25-29,-0.6
2018,30170,서구,M,25-29,-0.5
2019,30170,서구,M,25-29,-0.5
2020,30170,서구,M,25-29,0.4
2021,30170,서구,M,25-29,0.5
2022,30170,서구,M,25-29,0.5
2023,30170,서구,M,25-29,0.3
2024,30170,서구,M,25-29,-0.9
2025,30170,서구,M,25-29,1.2
2015,30170,서구,M,30-34,-1.5
2016,30170,서구,M,30-34,0.6
2017,30170,서구,M,30-34,-0.4
2018,30170,서구,M,30-34,-1.4
2019,30170,서구,M,30-34,-1.5
2020,30170,서구,M,30-34,-1.5
2021,30170,서구,M,30-34,-1.2
2022,30170,서구,M,30-34,-1.9
2023,30170,서구,M,30-34,-1.4
2024,30170,서구,M,30-34,-3.1
2025,30170,서구,M,30-34,0.7
2015,30170,서구,F,20-24,-1.0
2016,30170,서구,F,20-24,-0.6
2017,30170,서구,F,20-24,0.9
2018,30170,서구,F,20-24,0.9
2019,30170,서구,F,20-24,-0.2
2020,30170,서구,F,20-24,1.8
2021,30170,서구,F,20-24,1.6
2022,30170,서구,F,20-24,2.5
2023,30170,서구,F,20-24,1.3
2024,30170,서구,F,20-24,2.1
2025,30170,서구,F,20-24,3.3
2015,30170,서구,F,25-29,-2.2
2016,30170,서구,F,25-29,-0.1
2017,30170,서구,F,25-29,-1.8
2018,30170,서구,F,25-29,-0.6
2019,30170,서구,F,25-29,-0.6
2020,30170,서구,F,25-29,-0.3
2021,30170,서구,F,25-29,-0.4
2022,30170,서구,F,25-29,-0.5
2023,30170,서구,F,25-29,-0.4
2024,30170,서구,F,25-29,-1.7
2025,30170,서구,F,25-29,0.4
2015,30170,서구,F,30-34,-3.0
2016,30170,서구,F,30-34,-1.3
2017,30170,서구,F,30-34,-1.8
2018,30170,서구,F,30-34,-2.8
2019,30170,서구,F,30-34,-2.0
2020,30170,서구,F,30-34,-2.8
2021,30170,서구,F,30-34,-1.7
2022,30170,서구,F,30-34,-1.6
2023,30170,서구,F,30-34,-3.1
2024,30170,서구,F,30-34,-4.6
2025,30170,서구,F,30-34,0.5
2015,30200,유성구,M,20-24,3.6
2016,30200,유성구,M,20-24,3.9
2017,30200,유성구,M,20-24,2.8
2018,30200,유성구,M,20-24,3.7
2019,30200,유성구,M,20-24,3.7
2020,30200,유성구,M,20-24,3.7
2021,30200,유성구,M,20-24,4.5
2022,30200,유성구,M,20-24,5.7
2023,30200,유성구,M,20-24,8.5
2024,30200,유성구,M,20-24,7.5
2025,30200,유성구,M,20-24,7.2
2015,30200,유성구,M,25-29,6.9
2016,30200,유성구,M,25-29,5.8
2017,30200,유성구,M,25-29,4.7
2018,30200,유성구,M,25-29,2.5
2019,30200,유성구,M,25-29,2.3
2020,30200,유성구,M,25-29,3.2
2021,30200,유성구,M,25-29,0.8
2022,30200,유성구,M,25-29,4.3
2023,30200,유성구,M,25-29,4.3
2024,30200,유성구,M,25-29,2.2
2025,30200,유성구,M,25-29,1.8
2015,30200,유성구,M,30-34,5.4
2016,30200,유성구,M,30-34,4.6
2017,30200,유성구,M,30-34,2.4
2018,30200,유성구,M,30-34,0.3
2019,30200,유성구,M,30-34,0.0
2020,30200,유성구,M,30-34,1.1
2021,30200,유성구,M,30-34,0.5
2022,30200,유성구,M,30-34,2.0
2023,30200,유성구,M,30-34,4.0
2024,30200,유성구,M,30-34,1.7
2025,30200,유성구,M,30-34,-0.8
2015,30200,유성구,F,20-24,1.8
2016,30200,유성구,F,20-24,2.7
2017,30200,유성구,F,20-24,1.7
2018,30200,유성구,F,20-24,2.2
2019,30200,유성구,F,20-24,1.2
2020,30200,유성구,F,20-24,3.2
2021,30200,유성구,F,20-24,3.2
2022,30200,유성구,F,20-24,2.1
2023,30200,유성구,F,20-24,5.7
2024,30200,유성구,F,20-24,4.9
2025,30200,유성구,F,20-24,3.3
2015,30200,유성구,F,25-29,6.9
2016,30200,유성구,F,25-29,6.9
2017,30200,유성구,F,25-29,4.7
2018,30200,유성구,F,25-29,1.3
2019,30200,유성구,F,25-29,2.2
2020,30200,유성구,F,25-29,3.0
2021,30200,유성구,F,25-29,-0.3
2022,30200,유성구,F,25-29,3.3
2023,30200,유성구,F,25-29,3.8
2024,30200,유성구,F,25-29,2.4
2025,30200,유성구,F,25-29,1.1
2015,30200,유성구,F,30-34,5.2
2016,30200,유성구,F,30-34,4.5
2017,30200,유성구,F,30-34,3.0
2018,30200,유성구,F,30-34,1.3
2019,30200,유성구,F,30-34,-0.6
2020,30200,유성구,F,30-34,1.0
2021,30200,유성구,F,30-34,0.8
2022,30200,유성구,F,30-34,3.8
2023,30200,유성구,F,30-34,6.0
2024,30200,유성구,F,30-34,2.1
2025,30200,유성구,F,30-34,-0.2
2015,30230,대덕구,M,20-24,-3.0
2016,30230,대덕구,M,20-24,-2.9
2017,30230,대덕구,M,20-24,-3.0
2018,30230,대덕구,M,20-24,-3.7
2019,30230,대덕구,M,20-24,-3.3
2020,30230,대덕구,M,20-24,-2.0
2021,30230,대덕구,M,20-24,-1.3
2022,30230,대덕구,M,20-24,-2.8
2023,30230,대덕구,M,20-24,-1.8
2024,30230,대덕구,M,20-24,-1.4
2025,30230,대덕구,M,20-24,-1.1
2015,30230,대덕구,M,25-29,-4.9
2016,30230,대덕구,M,25-29,-5.4
2017,30230,대덕구,M,25-29,-5.8
2018,30230,대덕구,M,25-29,-4.3
2019,30230,대덕구,M,25-29,-4.6
2020,30230,대덕구,M,25-29,-3.7
2021,30230,대덕구,M,25-29,-1.4
2022,30230,대덕구,M,25-29,-2.9
2023,30230,대덕구,M,25-29,-4.1
2024,30230,대덕구,M,25-29,-2.7
2025,30230,대덕구,M,25-29,-2.8
2015,30230,대덕구,M,30-34,-5.5
2016,30230,대덕구,M,30-34,-5.4
2017,30230,대덕구,M,30-34,-7.2
2018,30230,대덕구,M,30-34,-5.3
2019,30230,대덕구,M,30-34,-5.7
2020,30230,대덕구,M,30-34,1.0
2021,30230,대덕구,M,30-34,0.1
2022,30230,대덕구,M,30-34,-1.7
2023,30230,대덕구,M,30-34,-2.5
2024,30230,대덕구,M,30-34,-0.4
2025,30230,대덕구,M,30-34,-3.4
2015,30230,대덕구,F,20-24,-3.6
2016,30230,대덕구,F,20-24,-3.5
2017,30230,대덕구,F,20-24,-5.4
2018,30230,대덕구,F,20-24,-4.5
2019,30230,대덕구,F,20-24,-5.3
2020,30230,대덕구,F,20-24,-5.6
2021,30230,대덕구,F,20-24,-2.3
2022,30230,대덕구,F,20-24,-5.9
2023,30230,대덕구,F,20-24,-5.1
2024,30230,대덕구,F,20-24,-3.2
2025,30230,대덕구,F,20-24,-5.0
2015,30230,대덕구,F,25-29,-6.5
2016,30230,대덕구,F,25-29,-5.9
2017,30230,대덕구,F,25-29,-7.1
2018,30230,대덕구,F,25-29,-8.2
2019,30230,대덕구,F,25-29,-10.0
2020,30230,대덕구,F,25-29,-1.7
2021,30230,대덕구,F,25-29,-1.5
2022,30230,대덕구,F,25-29,-2.5
2023,30230,대덕구,F,25-29,-4.2
2024,30230,대덕구,F,25-29,-2.0
2025,30230,대덕구,F,25-29,-4.5
2015,30230,대덕구,F,30-34,-6.0
2016,30230,대덕구,F,30-34,-5.0
2017,30230,대덕구,F,30-34,-5.5
2018,30230,대덕구,F,30-34,-6.2
2019,30230,대덕구,F,30-34,-7.0
2020,30230,대덕구,F,30-34,1.6
2021,30230,대덕구,F,30-34,1.2
2022,30230,대덕구,F,30-34,-2.4
2023,30230,대덕구,F,30-34,-3.8
2024,30230,대덕구,F,30-34,-0.8
2025,30230,대덕구,F,30-34,-2.5
2015,31,울산광역시,M,20-24,-1.0
2016,31,울산광역시,M,20-24,-1.8
2017,31,울산광역시,M,20-24,-2.7
2018,31,울산광역시,M,20-24,-3.2
2019,31,울산광역시,M,20-24,-3.1
2020,31,울산광역시,M,20-24,-3.6
2021,31,울산광역시,M,20-24,-3.5
2022,31,울산광역시,M,20-24,-3.9
2023,31,울산광역시,M,20-24,-3.2
2024,31,울산광역시,M,20-24,-1.5
2025,31,울산광역시,M,20-24,-2.7
2015,31,울산광역시,M,25-29,1.5
2016,31,울산광역시,M,25-29,-1.2
2017,31,울산광역시,M,25-29,-3.3
2018,31,울산광역시,M,25-29,-3.6
2019,31,울산광역시,M,25-29,-2.1
2020,31,울산광역시,M,25-29,-2.6
2021,31,울산광역시,M,25-29,-2.7
2022,31,울산광역시,M,25-29,-1.7
2023,31,울산광역시,M,25-29,-0.2
2024,31,울산광역시,M,25-29,1.7
2025,31,울산광역시,M,25-29,2.1
2015,31,울산광역시,M,30-34,1.3
2016,31,울산광역시,M,30-34,-0.9
2017,31,울산광역시,M,30-34,-1.7
2018,31,울산광역시,M,30-34,-1.6
2019,31,울산광역시,M,30-34,-0.9
2020,31,울산광역시,M,30-34,-1.5
2021,31,울산광역시,M,30-34,-1.8
2022,31,울산광역시,M,30-34,-1.0
2023,31,울산광역시,M,30-34,-0.1
2024,31,울산광역시,M,30-34,0.0
2025,31,울산광역시,M,30-34,0.6
2015,31,울산광역시,F,20-24,-2.0
2016,31,울산광역시,F,20-24,-2.6
2017,31,울산광역시,F,20-24,-3.3
2018,31,울산광역시,F,20-24,-3.9
2019,31,울산광역시,F,20-24,-5.1
2020,31,울산광역시,F,20-24,-6.4
2021,31,울산광역시,F,20-24,-5.6
2022,31,울산광역시,F,20-24,-5.6
2023,31,울산광역시,F,20-24,-5.5
2024,31,울산광역시,F,20-24,-4.8
2025,31,울산광역시,F,20-24,-4.7
2015,31,울산광역시,F,25-29,0.5
2016,31,울산광역시,F,25-29,-0.7
2017,31,울산광역시,F,25-29,-1.8
2018,31,울산광역시,F,25-29,-2.4
2019,31,울산광역시,F,25-29,-2.3
2020,31,울산광역시,F,25-29,-2.7
2021,31,울산광역시,F,25-29,-2.3
2022,31,울산광역시,F,25-29,-1.6
2023,31,울산광역시,F,25-29,-1.4
2024,31,울산광역시,F,25-29,-0.3
2025,31,울산광역시,F,25-29,-0.7
2015,31,울산광역시,F,30-34,1.0
2016,31,울산광역시,F,30-34,0.3
2017,31,울산광역시,F,30-34,-0.5
2018,31,울산광역시,F,30-34,-1.0
2019,31,울산광역시,F,30-34,-0.7
2020,31,울산광역시,F,30-34,-1.1
2021,31,울산광역시,F,30-34,-1.1
2022,31,울산광역시,F,30-34,-0.4
2023,31,울산광역시,F,30-34,-0.1
2024,31,울산광역시,F,30-34,-0.1
2025,31,울산광역시,F,30-34,0.0
2015,31110,중구,M,20-24,-0.8
2016,31110,중구,M,20-24,-2.9
2017,31110,중구,M,20-24,-4.7
2018,31110,중구,M,20-24,-6.3
2019,31110,중구,M,20-24,-6.5
2020,31110,중구,M,20-24,-7.0
2021,31110,중구,M,20-24,-5.2
2022,31110,중구,M,20-24,-6.4
2023,31110,중구,M,20-24,-4.6
2024,31110,중구,M,20-24,-3.8
2025,31110,중구,M,20-24,-5.9
2015,31110,중구,M,25-29,0.1
2016,31110,중구,M,25-29,-2.9
2017,31110,중구,M,25-29,-4.3
2018,31110,중구,M,25-29,-7.3
2019,31110,중구,M,25-29,-5.8
2020,31110,중구,M,25-29,-6.3
2021,31110,중구,M,25-29,-4.4
2022,31110,중구,M,25-29,-3.8
2023,31110,중구,M,25-29,-0.3
2024,31110,중구,M,25-29,0.5
2025,31110,중구,M,25-29,2.2
2015,31110,중구,M,30-34,5.5
2016,31110,중구,M,30-34,-2.4
2017,31110,중구,M,30-34,-3.5
2018,31110,중구,M,30-34,-6.0
2019,31110,중구,M,30-34,-6.5
2020,31110,중구,M,30-34,-4.9
2021,31110,중구,M,30-34,-2.9
2022,31110,중구,M,30-34,-4.0
2023,31110,중구,M,30-34,3.8
2024,31110,중구,M,30-34,0.8
2025,31110,중구,M,30-34,-2.6
2015,31110,중구,F,20-24,-1.3
2016,31110,중구,F,20-24,-2.5
2017,31110,중구,F,20-24,-4.3
2018,31110,중구,F,20-24,-6.7
2019,31110,중구,F,20-24,-8.0
2020,31110,중구,F,20-24,-7.7
2021,31110,중구,F,20-24,-6.4
2022,31110,중구,F,20-24,-8.8
2023,31110,중구,F,20-24,-4.9
2024,31110,중구,F,20-24,-5.1
2025,31110,중구,F,20-24,-5.0
2015,31110,중구,F,25-29,2.3
2016,31110,중구,F,25-29,-2.3
2017,31110,중구,F,25-29,-4.0
2018,31110,중구,F,25-29,-6.7
2019,31110,중구,F,25-29,-7.3
2020,31110,중구,F,25-29,-6.1
2021,31110,중구,F,25-29,-3.6
2022,31110,중구,F,25-29,-4.1
2023,31110,중구,F,25-29,-0.7
2024,31110,중구,F,25-29,-0.1
2025,31110,중구,F,25-29,-0.9
2015,31110,중구,F,30-34,5.7
2016,31110,중구,F,30-34,-0.9
2017,31110,중구,F,30-34,-2.0
2018,31110,중구,F,30-34,-6.5
2019,31110,중구,F,30-34,-5.7
2020,31110,중구,F,30-34,-4.3
2021,31110,중구,F,30-34,-1.2
2022,31110,중구,F,30-34,-3.5
2023,31110,중구,F,30-34,4.6
2024,31110,중구,F,30-34,0.1
2025,31110,중구,F,30-34,-0.5
2015,31140,남구,M,20-24,-2.7
2016,31140,남구,M,20-24,-1.0
2017,31140,남구,M,20-24,-2.5
2018,31140,남구,M,20-24,-2.4
2019,31140,남구,M,20-24,-3.1
2020,31140,남구,M,20-24,-3.3
2021,31140,남구,M,20-24,-3.2
2022,31140,남구,M,20-24,-2.1
2023,31140,남구,M,20-24,-1.9
2024,31140,남구,M,20-24,1.1
2025,31140,남구,M,20-24,-0.5
2015,31140,남구,M,25-29,-0.3
2016,31140,남구,M,25-29,-1.2
2017,31140,남구,M,25-29,-3.0
2018,31140,남구,M,25-29,-3.2
2019,31140,남구,M,25-29,-2.7
2020,31140,남구,M,25-29,-2.5
2021,31140,남구,M,25-29,-3.0
2022,31140,남구,M,25-29,-1.5
2023,31140,남구,M,25-29,-0.2
2024,31140,남구,M,25-29,1.2
2025,31140,남구,M,25-29,1.4
2015,31140,남구,M,30-34,-3.2
2016,31140,남구,M,30-34,-1.7
2017,31140,남구,M,30-34,-3.9
2018,31140,남구,M,30-34,-2.5
2019,31140,남구,M,30-34,-4.5
2020,31140,남구,M,30-34,-0.5
2021,31140,남구,M,30-34,-2.0
2022,31140,남구,M,30-34,-0.2
2023,31140,남구,M,30-34,-1.4
2024,31140,남구,M,30-34,-0.9
2025,31140,남구,M,30-34,2.1
2015,31140,남구,F,20-24,-2.9
2016,31140,남구,F,20-24,-2.9
2017,31140,남구,F,20-24,-3.4
2018,31140,남구,F,20-24,-3.6
2019,31140,남구,F,20-24,-5.6
2020,31140,남구,F,20-24,-5.4
2021,31140,남구,F,20-24,-4.7
2022,31140,남구,F,20-24,-4.0
2023,31140,남구,F,20-24,-4.1
2024,31140,남구,F,20-24,-2.8
2025,31140,남구,F,20-24,-3.2
2015,31140,남구,F,25-29,-2.6
2016,31140,남구,F,25-29,-1.5
2017,31140,남구,F,25-29,-2.3
2018,31140,남구,F,25-29,-1.5
2019,31140,남구,F,25-29,-4.6
2020,31140,남구,F,25-29,-1.2
2021,31140,남구,F,25-29,-2.1
2022,31140,남구,F,25-29,-1.2
2023,31140,남구,F,25-29,-0.9
2024,31140,남구,F,25-29,-0.5
2025,31140,남구,F,25-29,-0.7
2015,31140,남구,F,30-34,-3.2
2016,31140,남구,F,30-34,-1.9
2017,31140,남구,F,30-34,-3.9
2018,31140,남구,F,30-34,-2.7
2019,31140,남구,F,30-34,-4.0
2020,31140,남구,F,30-34,-0.8
2021,31140,남구,F,30-34,-2.5
2022,31140,남구,F,30-34,0.1
2023,31140,남구,F,30-34,-1.9
2024,31140,남구,F,30-34,-1.8
2025,31140,남구,F,30-34,0.7
2015,31170,동구,M,20-24,0.3
2016,31170,동구,M,20-24,-2.8
2017,31170,동구,M,20-24,-4.7
2018,31170,동구,M,20-24,-6.1
2019,31170,동구,M,20-24,-4.4
2020,31170,동구,M,20-24,-3.3
2021,31170,동구,M,20-24,-3.6
2022,31170,동구,M,20-24,-4.4
2023,31170,동구,M,20-24,-2.0
2024,31170,동구,M,20-24,-1.4
2025,31170,동구,M,20-24,-4.2
2015,31170,동구,M,25-29,0.5
2016,31170,동구,M,25-29,-2.9
2017,31170,동구,M,25-29,-8.8
2018,31170,동구,M,25-29,-9.0
2019,31170,동구,M,25-29,-6.3
2020,31170,동구,M,25-29,-3.4
2021,31170,동구,M,25-29,-4.2
2022,31170,동구,M,25-29,-0.7
2023,31170,동구,M,25-29,2.7
2024,31170,동구,M,25-29,2.4
2025,31170,동구,M,25-29,3.9
2015,31170,동구,M,30-34,-2.6
2016,31170,동구,M,30-34,-2.6
2017,31170,동구,M,30-34,-7.9
2018,31170,동구,M,30-34,-8.8
2019,31170,동구,M,30-34,-8.3
2020,31170,동구,M,30-34,-4.9
2021,31170,동구,M,30-34,-3.8
2022,31170,동구,M,30-34,-1.6
2023,31170,동구,M,30-34,0.5
2024,31170,동구,M,30-34,-1.5
2025,31170,동구,M,30-34,-2.2
2015,31170,동구,F,20-24,-1.8
2016,31170,동구,F,20-24,-2.1
2017,31170,동구,F,20-24,-4.2
2018,31170,동구,F,20-24,-3.7
2019,31170,동구,F,20-24,-5.9
2020,31170,동구,F,20-24,-8.7
2021,31170,동구,F,20-24,-4.7
2022,31170,동구,F,20-24,-3.9
2023,31170,동구,F,20-24,-3.7
2024,31170,동구,F,20-24,-4.1
2025,31170,동구,F,20-24,-1.8
2015,31170,동구,F,25-29,-1.4
2016,31170,동구,F,25-29,0.0
2017,31170,동구,F,25-29,-5.6
2018,31170,동구,F,25-29,-7.8
2019,31170,동구,F,25-29,-7.8
2020,31170,동구,F,25-29,-4.9
2021,31170,동구,F,25-29,-3.2
2022,31170,동구,F,25-29,-2.8
2023,31170,동구,F,25-29,0.6
2024,31170,동구,F,25-29,-0.6
2025,31170,동구,F,25-29,-1.9
2015,31170,동구,F,30-34,-3.7
2016,31170,동구,F,30-34,0.4
2017,31170,동구,F,30-34,-4.5
2018,31170,동구,F,30-34,-5.6
2019,31170,동구,F,30-34,-7.7
2020,31170,동구,F,30-34,-3.7
2021,31170,동구,F,30-34,-1.7
2022,31170,동구,F,30-34,-2.6
2023,31170,동구,F,30-34,2.5
2024,31170,동구,F,30-34,-2.8
2025,31170,동구,F,30-34,-4.5
2015,31200,북구,M,20-24,-1.7
2016,31200,북구,M,20-24,-0.6
2017,31200,북구,M,20-24,-1.1
2018,31200,북구,M,20-24,-0.6
2019,31200,북구,M,20-24,1.1
2020,31200,북구,M,20-24,-2.3
2021,31200,북구,M,20-24,-3.2
2022,31200,북구,M,20-24,-4.4
2023,31200,북구,M,20-24,-2.7
2024,31200,북구,M,20-24,-2.3
2025,31200,북구,M,20-24,-2.3
2015,31200,북구,M,25-29,5.4
2016,31200,북구,M,25-29,3.7
2017,31200,북구,M,25-29,1.1
2018,31200,북구,M,25-29,2.3
2019,31200,북구,M,25-29,5.2
2020,31200,북구,M,25-29,1.2
2021,31200,북구,M,25-29,-1.7
2022,31200,북구,M,25-29,0.3
2023,31200,북구,M,25-29,2.1
2024,31200,북구,M,25-29,4.7
2025,31200,북구,M,25-29,3.6
2015,31200,북구,M,30-34,5.8
2016,31200,북구,M,30-34,4.9
2017,31200,북구,M,30-34,8.7
2018,31200,북구,M,30-34,7.7
2019,31200,북구,M,30-34,12.8
2020,31200,북구,M,30-34,2.3
2021,31200,북구,M,30-34,-0.2
2022,31200,북구,M,30-34,-0.5
2023,31200,북구,M,30-34,0.6
2024,31200,북구,M,30-34,1.1
2025,31200,북구,M,30-34,2.1
2015,31200,북구,F,20-24,-2.9
2016,31200,북구,F,20-24,-2.7
2017,31200,북구,F,20-24,-2.3
2018,31200,북구,F,20-24,-0.9
2019,31200,북구,F,20-24,-1.4
2020,31200,북구,F,20-24,-6.5
2021,31200,북구,F,20-24,-7.1
2022,31200,북구,F,20-24,-6.2
2023,31200,북구,F,20-24,-6.3
2024,31200,북구,F,20-24,-7.1
2025,31200,북구,F,20-24,-7.5
2015,31200,북구,F,25-29,3.6
2016,31200,북구,F,25-29,3.2
2017,31200,북구,F,25-29,3.7
2018,31200,북구,F,25-29,4.6
2019,31200,북구,F,25-29,9.0
2020,31200,북구,F,25-29,0.0
2021,31200,북구,F,25-29,-1.9
2022,31200,북구,F,25-29,1.5
2023,31200,북구,F,25-29,-1.4
2024,31200,북구,F,25-29,0.8
2025,31200,북구,F,25-29,-0.1
2015,31200,북구,F,30-34,4.6
2016,31200,북구,F,30-34,6.1
2017,31200,북구,F,30-34,8.8
2018,31200,북구,F,30-34,7.3
2019,31200,북구,F,30-34,11.3
2020,31200,북구,F,30-34,1.9
2021,31200,북구,F,30-34,0.5
2022,31200,북구,F,30-34,2.1
2023,31200,북구,F,30-34,-1.5
2024,31200,북구,F,30-34,2.1
2025,31200,북구,F,30-34,-0.4
2015,31710,울주군,M,20-24,1.7
2016,31710,울주군,M,20-24,-2.3
2017,31710,울주군,M,20-24,-0.4
2018,31710,울주군,M,20-24,-1.9
2019,31710,울주군,M,20-24,-2.7
2020,31710,울주군,M,20-24,-2.3
2021,31710,울주군,M,20-24,-2.4
2022,31710,울주군,M,20-24,-3.4
2023,31710,울주군,M,20-24,-4.8
2024,31710,울주군,M,20-24,-2.6
2025,31710,울주군,M,20-24,-2.7
2015,31710,울주군,M,25-29,4.5
2016,31710,울주군,M,25-29,-1.8
2017,31710,울주군,M,25-29,-1.3
2018,31710,울주군,M,25-29,-1.4
2019,31710,울주군,M,25-29,-1.3
2020,31710,울주군,M,25-29,-2.3
2021,31710,울주군,M,25-29,-0.3
2022,31710,울주군,M,25-29,-2.7
2023,31710,울주군,M,25-29,-4.6
2024,31710,울주군,M,25-29,-0.1
2025,31710,울주군,M,25-29,0.1
2015,31710,울주군,M,30-34,4.7
2016,31710,울주군,M,30-34,-1.1
2017,31710,울주군,M,30-34,1.2
2018,31710,울주군,M,30-34,2.6
2019,31710,울주군,M,30-34,2.0
2020,31710,울주군,M,30-34,-1.3
2021,31710,울주군,M,30-34,-0.7
2022,31710,울주군,M,30-34,0.3
2023,31710,울주군,M,30-34,-2.8
2024,31710,울주군,M,30-34,0.7
2025,31710,울주군,M,30-34,1.4
2015,31710,울주군,F,20-24,-0.8
2016,31710,울주군,F,20-24,-2.8
2017,31710,울주군,F,20-24,-2.4
2018,31710,울주군,F,20-24,-4.1
2019,31710,울주군,F,20-24,-4.6
2020,31710,울주군,F,20-24,-5.4
2021,31710,울주군,F,20-24,-5.4
2022,31710,울주군,F,20-24,-6.0
2023,31710,울주군,F,20-24,-8.6
2024,31710,울주군,F,20-24,-6.2
2025,31710,울주군,F,20-24,-6.1
2015,31710,울주군,F,25-29,3.7
2016,31710,울주군,F,25-29,-1.3
2017,31710,울주군,F,25-29,-0.1
2018,31710,울주군,F,25-29,-1.7
2019,31710,울주군,F,25-29,-0.3
2020,31710,울주군,F,25-29,-3.2
2021,31710,울주군,F,25-29,-1.1
2022,31710,울주군,F,25-29,-2.1
2023,31710,울주군,F,25-29,-4.3
2024,31710,울주군,F,25-29,-1.0
2025,31710,울주군,F,25-29,-0.4
2015,31710,울주군,F,30-34,4.0
2016,31710,울주군,F,30-34,-1.0
2017,31710,울주군,F,30-34,1.4
2018,31710,울주군,F,30-34,3.2
2019,31710,울주군,F,30-34,1.7
2020,31710,울주군,F,30-34,-0.4
2021,31710,울주군,F,30-34,0.0
2022,31710,울주군,F,30-34,0.5
2023,31710,울주군,F,30-34,-1.6
2024,31710,울주군,F,30-34,1.8
2025,31710,울주군,F,30-34,2.6
2015,36,세종특별자치시,M,20-24,24.2
2016,36,세종특별자치시,M,20-24,13.8
2017,36,세종특별자치시,M,20-24,13.9
2018,36,세종특별자치시,M,20-24,12.7
2019,36,세종특별자치시,M,20-24,5.4
2020,36,세종특별자치시,M,20-24,2.1
2021,36,세종특별자치시,M,20-24,4.2
2022,36,세종특별자치시,M,20-24,1.0
2023,36,세종특별자치시,M,20-24,-2.3
2024,36,세종특별자치시,M,20-24,-1.2
2025,36,세종특별자치시,M,20-24,-2.5
2015,36,세종특별자치시,M,25-29,28.3
2016,36,세종특별자치시,M,25-29,17.7
2017,36,세종특별자치시,M,25-29,15.0
2018,36,세종특별자치시,M,25-29,16.9
2019,36,세종특별자치시,M,25-29,10.5
2020,36,세종특별자치시,M,25-29,7.8
2021,36,세종특별자치시,M,25-29,8.9
2022,36,세종특별자치시,M,25-29,6.0
2023,36,세종특별자치시,M,25-29,2.3
2024,36,세종특별자치시,M,25-29,2.4
2025,36,세종특별자치시,M,25-29,3.3
2015,36,세종특별자치시,M,30-34,38.9
2016,36,세종특별자치시,M,30-34,19.9
2017,36,세종특별자치시,M,30-34,19.8
2018,36,세종특별자치시,M,30-34,17.5
2019,36,세종특별자치시,M,30-34,14.5
2020,36,세종특별자치시,M,30-34,7.9
2021,36,세종특별자치시,M,30-34,8.1
2022,36,세종특별자치시,M,30-34,6.1
2023,36,세종특별자치시,M,30-34,3.5
2024,36,세종특별자치시,M,30-34,4.5
2025,36,세종특별자치시,M,30-34,3.9
2015,36,세종특별자치시,F,20-24,26.4
2016,36,세종특별자치시,F,20-24,14.0
2017,36,세종특별자치시,F,20-24,14.4
2018,36,세종특별자치시,F,20-24,11.9
2019,36,세종특별자치시,F,20-24,6.4
2020,36,세종특별자치시,F,20-24,1.8
2021,36,세종특별자치시,F,20-24,3.1
2022,36,세종특별자치시,F,20-24,1.5
2023,36,세종특별자치시,F,20-24,-0.5
2024,36,세종특별자치시,F,20-24,-3.4
2025,36,세종특별자치시,F,20-24,-3.0
2015,36,세종특별자치시,F,25-29,38.6
2016,36,세종특별자치시,F,25-29,21.4
2017,36,세종특별자치시,F,25-29,19.4
2018,36,세종특별자치시,F,25-29,17.4
2019,36,세종특별자치시,F,25-29,13.8
2020,36,세종특별자치시,F,25-29,8.5
2021,36,세종특별자치시,F,25-29,10.4
2022,36,세종특별자치시,F,25-29,7.4
2023,36,세종특별자치시,F,25-29,5.2
2024,36,세종특별자치시,F,25-29,4.5
2025,36,세종특별자치시,F,25-29,4.7
2015,36,세종특별자치시,F,30-34,44.2
2016,36,세종특별자치시,F,30-34,19.6
2017,36,세종특별자치시,F,30-34,20.0
2018,36,세종특별자치시,F,30-34,16.0
2019,36,세종특별자치시,F,30-34,12.5
2020,36,세종특별자치시,F,30-34,6.0
2021,36,세종특별자치시,F,30-34,7.6
2022,36,세종특별자치시,F,30-34,5.5
2023,36,세종특별자치시,F,30-34,2.2
2024,36,세종특별자치시,F,30-34,4.1
2025,36,세종특별자치시,F,30-34,2.3
2015,36110,세종특별자치시,M,20-24,24.2
2016,36110,세종특별자치시,M,20-24,13.8
2017,36110,세종특별자치시,M,20-24,13.9
2018,36110,세종특별자치시,M,20-24,12.7
2019,36110,세종특별자치시,M,20-24,5.4
2020,36110,세종특별자치시,M,20-24,2.1
2021,36110,세종특별자치시,M,20-24,4.2
2022,36110,세종특별자치시,M,20-24,1.0
2023,36110,세종특별자치시,M,20-24,-2.3
2024,36110,세종특별자치시,M,20-24,-1.2
2025,36110,세종특별자치시,M,20-24,-2.5
2015,36110,세종특별자치시,M,25-29,28.3
2016,36110,세종특별자치시,M,25-29,17.7
2017,36110,세종특별자치시,M,25-29,15.0
2018,36110,세종특별자치시,M,25-29,16.9
2019,36110,세종특별자치시,M,25-29,10.5
2020,36110,세종특별자치시,M,25-29,7.8
2021,36110,세종특별자치시,M,25-29,8.9
2022,36110,세종특별자치시,M,25-29,6.0
2023,36110,세종특별자치시,M,25-29,2.3
2024,36110,세종특별자치시,M,25-29,2.4
2025,36110,세종특별자치시,M,25-29,3.3
2015,36110,세종특별자치시,M,30-34,38.9
2016,36110,세종특별자치시,M,30-34,19.9
2017,36110,세종특별자치시,M,30-34,19.8
2018,36110,세종특별자치시,M,30-34,17.5
2019,36110,세종특별자치시,M,30-34,14.5
2020,36110,세종특별자치시,M,30-34,7.9
2021,36110,세종특별자치시,M,30-34,8.1
2022,36110,세종특별자치시,M,30-34,6.1
2023,36110,세종특별자치시,M,30-34,3.5
2024,36110,세종특별자치시,M,30-34,4.5
2025,36110,세종특별자치시,M,30-34,3.9
2015,36110,세종특별자치시,F,20-24,26.4
2016,36110,세종특별자치시,F,20-24,14.0
2017,36110,세종특별자치시,F,20-24,14.4
2018,36110,세종특별자치시,F,20-24,11.9
2019,36110,세종특별자치시,F,20-24,6.4
2020,36110,세종특별자치시,F,20-24,1.8
2021,36110,세종특별자치시,F,20-24,3.1
2022,36110,세종특별자치시,F,20-24,1.5
2023,36110,세종특별자치시,F,20-24,-0.5
2024,36110,세종특별자치시,F,20-24,-3.4
2025,36110,세종특별자치시,F,20-24,-3.0
2015,36110,세종특별자치시,F,25-29,38.6
2016,36110,세종특별자치시,F,25-29,21.4
2017,36110,세종특별자치시,F,25-29,19.4
2018,36110,세종특별자치시,F,25-29,17.4
2019,36110,세종특별자치시,F,25-29,13.8
2020,36110,세종특별자치시,F,25-29,8.5
2021,36110,세종특별자치시,F,25-29,10.4
2022,36110,세종특별자치시,F,25-29,7.4
2023,36110,세종특별자치시,F,25-29,5.2
2024,36110,세종특별자치시,F,25-29,4.5
2025,36110,세종특별자치시,F,25-29,4.7
2015,36110,세종특별자치시,F,30-34,44.2
2016,36110,세종특별자치시,F,30-34,19.6
2017,36110,세종특별자치시,F,30-34,20.0
2018,36110,세종특별자치시,F,30-34,16.0
2019,36110,세종특별자치시,F,30-34,12.5
2020,36110,세종특별자치시,F,30-34,6.0
2021,36110,세종특별자치시,F,30-34,7.6
2022,36110,세종특별자치시,F,30-34,5.5
2023,36110,세종특별자치시,F,30-34,2.2
2024,36110,세종특별자치시,F,30-34,4.1
2025,36110,세종특별자치시,F,30-34,2.3
2015,41,경기도,M,20-24,0.9
2016,41,경기도,M,20-24,1.3
2017,41,경기도,M,20-24,1.0
2018,41,경기도,M,20-24,1.2
2019,41,경기도,M,20-24,1.5
2020,41,경기도,M,20-24,2.3
2021,41,경기도,M,20-24,2.1
2022,41,경기도,M,20-24,0.5
2023,41,경기도,M,20-24,0.5
2024,41,경기도,M,20-24,0.6
2025,41,경기도,M,20-24,0.5
2015,41,경기도,M,25-29,2.0
2016,41,경기도,M,25-29,2.3
2017,41,경기도,M,25-29,2.1
2018,41,경기도,M,25-29,2.4
2019,41,경기도,M,25-29,2.2
2020,41,경기도,M,25-29,2.5
2021,41,경기도,M,25-29,2.3
2022,41,경기도,M,25-29,0.9
2023,41,경기도,M,25-29,0.7
2024,41,경기도,M,25-29,1.1
2025,41,경기도,M,25-29,0.7
2015,41,경기도,M,30-34,1.8
2016,41,경기도,M,30-34,2.3
2017,41,경기도,M,30-34,2.1
2018,41,경기도,M,30-34,2.9
2019,41,경기도,M,30-34,2.4
2020,41,경기도,M,30-34,2.6
2021,41,경기도,M,30-34,2.7
2022,41,경기도,M,30-34,1.2
2023,41,경기도,M,30-34,0.9
2024,41,경기도,M,30-34,1.3
2025,41,경기도,M,30-34,0.8
2015,41,경기도,F,20-24,0.9
2016,41,경기도,F,20-24,1.2
2017,41,경기도,F,20-24,0.7
2018,41,경기도,F,20-24,0.9
2019,41,경기도,F,20-24,1.2
2020,41,경기도,F,20-24,2.2
2021,41,경기도,F,20-24,1.7
2022,41,경기도,F,20-24,-0.1
2023,41,경기도,F,20-24,0.3
2024,41,경기도,F,20-24,0.5
2025,41,경기도,F,20-24,0.2
2015,41,경기도,F,25-29,1.4
2016,41,경기도,F,25-29,1.7
2017,41,경기도,F,25-29,1.1
2018,41,경기도,F,25-29,1.4
2019,41,경기도,F,25-29,1.2
2020,41,경기도,F,25-29,1.7
2021,41,경기도,F,25-29,1.3
2022,41,경기도,F,25-29,0.2
2023,41,경기도,F,25-29,0.1
2024,41,경기도,F,25-29,0.9
2025,41,경기도,F,25-29,0.3
2015,41,경기도,F,30-34,1.9
2016,41,경기도,F,30-34,2.3
2017,41,경기도,F,30-34,2.1
2018,41,경기도,F,30-34,2.9
2019,41,경기도,F,30-34,2.3
2020,41,경기도,F,30-34,2.6
2021,41,경기도,F,30-34,2.6
2022,41,경기도,F,30-34,1.4
2023,41,경기도,F,30-34,1.3
2024,41,경기도,F,30-34,1.7
2025,41,경기도,F,30-34,1.1
2015,41110,수원시,M,20-24,1.4
2016,41110,수원시,M,20-24,2.2
2017,41110,수원시,M,20-24,1.9
2018,41110,수원시,M,20-24,1.2
2019,41110,수원시,M,20-24,1.7
2020,41110,수원시,M,20-24,1.7
2021,41110,수원시,M,20-24,3.0
2022,41110,수원시,M,20-24,3.5
2023,41110,수원시,M,20-24,3.4
2024,41110,수원시,M,20-24,3.5
2025,41110,수원시,M,20-24,3.6
2015,41110,수원시,M,25-29,2.7
2016,41110,수원시,M,25-29,2.0
2017,41110,수원시,M,25-29,2.6
2018,41110,수원시,M,25-29,1.9
2019,41110,수원시,M,25-29,0.0
2020,41110,수원시,M,25-29,0.2
2021,41110,수원시,M,25-29,1.0
2022,41110,수원시,M,25-29,1.9
2023,41110,수원시,M,25-29,1.7
2024,41110,수원시,M,25-29,1.6
2025,41110,수원시,M,25-29,-0.1
2015,41110,수원시,M,30-34,0.4
2016,41110,수원시,M,30-34,0.8
2017,41110,수원시,M,30-34,0.7
2018,41110,수원시,M,30-34,-1.5
2019,41110,수원시,M,30-34,-2.3
2020,41110,수원시,M,30-34,-1.7
2021,41110,수원시,M,30-34,0.5
2022,41110,수원시,M,30-34,1.9
2023,41110,수원시,M,30-34,1.3
2024,41110,수원시,M,30-34,-0.8
2025,41110,수원시,M,30-34,-1.4
2015,41110,수원시,F,20-24,1.4
2016,41110,수원시,F,20-24,1.6
2017,41110,수원시,F,20-24,1.6
2018,41110,수원시,F,20-24,1.8
2019,41110,수원시,F,20-24,1.5
2020,41110,수원시,F,20-24,2.1
2021,41110,수원시,F,20-24,3.4
2022,41110,수원시,F,20-24,3.3
2023,41110,수원시,F,20-24,3.4
2024,41110,수원시,F,20-24,2.7
2025,41110,수원시,F,20-24,2.4
2015,41110,수원시,F,25-29,1.5
2016,41110,수원시,F,25-29,1.4
2017,41110,수원시,F,25-29,0.9
2018,41110,수원시,F,25-29,0.7
2019,41110,수원시,F,25-29,-1.0
2020,41110,수원시,F,25-29,-0.7
2021,41110,수원시,F,25-29,0.8
2022,41110,수원시,F,25-29,1.3
2023,41110,수원시,F,25-29,1.6
2024,41110,수원시,F,25-29,1.1
2025,41110,수원시,F,25-29,-0.3
2015,41110,수원시,F,30-34,0.4
2016,41110,수원시,F,30-34,0.5
2017,41110,수원시,F,30-34,0.8
2018,41110,수원시,F,30-34,-1.8
2019,41110,수원시,F,30-34,-2.1
2020,41110,수원시,F,30-34,-1.9
2021,41110,수원시,F,30-34,0.3
2022,41110,수원시,F,30-34,2.3
2023,41110,수원시,F,30-34,1.1
2024,41110,수원시,F,30-34,-0.9
2025,41110,수원시,F,30-34,-1.3
2015,41130,성남시,M,20-24,-0.2
2016,41130,성남시,M,20-24,1.2
2017,41130,성남시,M,20-24,0.1
2018,41130,성남시,M,20-24,-0.1
2019,41130,성남시,M,20-24,0.0
2020,41130,성남시,M,20-24,0.6
2021,41130,성남시,M,20-24,0.6
2022,41130,성남시,M,20-24,0.0
2023,41130,성남시,M,20-24,0.6
2024,41130,성남시,M,20-24,-0.2
2025,41130,성남시,M,20-24,-0.7
2015,41130,성남시,M,25-29,1.8
2016,41130,성남시,M,25-29,1.4
2017,41130,성남시,M,25-29,1.0
2018,41130,성남시,M,25-29,0.6
2019,41130,성남시,M,25-29,0.9
2020,41130,성남시,M,25-29,2.2
2021,41130,성남시,M,25-29,0.3
2022,41130,성남시,M,25-29,0.6
2023,41130,성남시,M,25-29,1.5
2024,41130,성남시,M,25-29,1.9
2025,41130,성남시,M,25-29,1.1
2015,41130,성남시,M,30-34,-1.5
2016,41130,성남시,M,30-34,-1.1
2017,41130,성남시,M,30-34,-2.5
2018,41130,성남시,M,30-34,-2.4
2019,41130,성남시,M,30-34,-2.0
2020,41130,성남시,M,30-34,0.1
2021,41130,성남시,M,30-34,-0.6
2022,41130,성남시,M,30-34,-0.7
2023,41130,성남시,M,30-34,-0.4
2024,41130,성남시,M,30-34,-0.6
2025,41130,성남시,M,30-34,-1.0
2015,41130,성남시,F,20-24,0.8
2016,41130,성남시,F,20-24,2.6
2017,41130,성남시,F,20-24,1.3
2018,41130,성남시,F,20-24,0.5
2019,41130,성남시,F,20-24,0.7
2020,41130,성남시,F,20-24,2.3
2021,41130,성남시,F,20-24,1.3
2022,41130,성남시,F,20-24,0.4
2023,41130,성남시,F,20-24,0.6
2024,41130,성남시,F,20-24,0.9
2025,41130,성남시,F,20-24,0.1
2015,41130,성남시,F,25-29,1.6
2016,41130,성남시,F,25-29,0.9
2017,41130,성남시,F,25-29,-0.5
2018,41130,성남시,F,25-29,-1.4
2019,41130,성남시,F,25-29,-0.7
2020,41130,성남시,F,25-29,0.2
2021,41130,성남시,F,25-29,-1.3
2022,41130,성남시,F,25-29,-0.9
2023,41130,성남시,F,25-29,0.4
2024,41130,성남시,F,25-29,0.8
2025,41130,성남시,F,25-29,-0.2
2015,41130,성남시,F,30-34,-1.7
2016,41130,성남시,F,30-34,-0.6
2017,41130,성남시,F,30-34,-2.4
2018,41130,성남시,F,30-34,-3.1
2019,41130,성남시,F,30-34,-3.1
2020,41130,성남시,F,30-34,-0.5
2021,41130,성남시,F,30-34,-1.0
2022,41130,성남시,F,30-34,-0.7
2023,41130,성남시,F,30-34,0.5
2024,41130,성남시,F,30-34,-0.4
2025,41130,성남시,F,30-34,-0.8
2015,41150,의정부시,M,20-24,0.8
2016,41150,의정부시,M,20-24,0.6
2017,41150,의정부시,M,20-24,0.6
2018,41150,의정부시,M,20-24,0.4
2019,41150,의정부시,M,20-24,0.7
2020,41150,의정부시,M,20-24,3.0
2021,41150,의정부시,M,20-24,1.8
2022,41150,의정부시,M,20-24,-0.4
2023,41150,의정부시,M,20-24,-0.1
2024,41150,의정부시,M,20-24,-1.7
2025,41150,의정부시,M,20-24,1.1
2015,41150,의정부시,M,25-29,0.2
2016,41150,의정부시,M,25-29,0.5
2017,41150,의정부시,M,25-29,-0.2
2018,41150,의정부시,M,25-29,0.2
2019,41150,의정부시,M,25-29,0.8
2020,41150,의정부시,M,25-29,1.7
2021,41150,의정부시,M,25-29,0.5
2022,41150,의정부시,M,25-29,-0.6
2023,41150,의정부시,M,25-29,-0.8
2024,41150,의정부시,M,25-29,-2.1
2025,41150,의정부시,M,25-29,-0.3
2015,41150,의정부시,M,30-34,1.1
2016,41150,의정부시,M,30-34,2.1
2017,41150,의정부시,M,30-34,1.1
2018,41150,의정부시,M,30-34,3.2
2019,41150,의정부시,M,30-34,1.3
2020,41150,의정부시,M,30-34,4.4
2021,41150,의정부시,M,30-34,2.9
2022,41150,의정부시,M,30-34,2.1
2023,41150,의정부시,M,30-34,0.0
2024,41150,의정부시,M,30-34,-2.0
2025,41150,의정부시,M,30-34,-0.1
2015,41150,의정부시,F,20-24,1.6
2016,41150,의정부시,F,20-24,1.0
2017,41150,의정부시,F,20-24,1.1
2018,41150,의정부시,F,20-24,1.9
2019,41150,의정부시,F,20-24,2.4
2020,41150,의정부시,F,20-24,4.7
2021,41150,의정부시,F,20-24,3.1
2022,41150,의정부시,F,20-24,1.9
2023,41150,의정부시,F,20-24,0.1
2024,41150,의정부시,F,20-24,-0.3
2025,41150,의정부시,F,20-24,1.7
2015,41150,의정부시,F,25-29,-0.6
2016,41150,의정부시,F,25-29,0.3
2017,41150,의정부시,F,25-29,-1.3
2018,41150,의정부시,F,25-29,1.4
2019,41150,의정부시,F,25-29,-0.1
2020,41150,의정부시,F,25-29,2.1
2021,41150,의정부시,F,25-29,0.1
2022,41150,의정부시,F,25-29,-0.8
2023,41150,의정부시,F,25-29,-1.7
2024,41150,의정부시,F,25-29,-3.5
2025,41150,의정부시,F,25-29,-2.1
2015,41150,의정부시,F,30-34,0.5
2016,41150,의정부시,F,30-34,1.4
2017,41150,의정부시,F,30-34,1.6
2018,41150,의정부시,F,30-34,2.8
2019,41150,의정부시,F,30-34,2.0
2020,41150,의정부시,F,30-34,2.8
2021,41150,의정부시,F,30-34,1.4
2022,41150,의정부시,F,30-34,2.0
2023,41150,의정부시,F,30-34,-0.1
2024,41150,의정부시,F,30-34,-1.8
2025,41150,의정부시,F,30-34,-0.6
2015,41170,안양시,M,20-24,-1.3
2016,41170,안양시,M,20-24,-0.7
2017,41170,안양시,M,20-24,-2.2
2018,41170,안양시,M,20-24,-2.7
2019,41170,안양시,M,20-24,-1.9
2020,41170,안양시,M,20-24,-2.9
2021,41170,안양시,M,20-24,-1.6
2022,41170,안양시,M,20-24,-1.3
2023,41170,안양시,M,20-24,-0.9
2024,41170,안양시,M,20-24,0.9
2025,41170,안양시,M,20-24,-0.3
2015,41170,안양시,M,25-29,-0.4
2016,41170,안양시,M,25-29,0.3
2017,41170,안양시,M,25-29,-1.4
2018,41170,안양시,M,25-29,-1.8
2019,41170,안양시,M,25-29,-2.1
2020,41170,안양시,M,25-29,-4.7
2021,41170,안양시,M,25-29,-0.9
2022,41170,안양시,M,25-29,-0.4
2023,41170,안양시,M,25-29,-0.6
2024,41170,안양시,M,25-29,3.5
2025,41170,안양시,M,25-29,2.1
2015,41170,안양시,M,30-34,-1.3
2016,41170,안양시,M,30-34,-0.5
2017,41170,안양시,M,30-34,-3.1
2018,41170,안양시,M,30-34,-3.1
2019,41170,안양시,M,30-34,-2.5
2020,41170,안양시,M,30-34,-4.5
2021,41170,안양시,M,30-34,2.6
2022,41170,안양시,M,30-34,2.9
2023,41170,안양시,M,30-34,-0.1
2024,41170,안양시,M,30-34,5.6
2025,41170,안양시,M,30-34,4.6
2015,41170,안양시,F,20-24,-0.3
2016,41170,안양시,F,20-24,0.0
2017,41170,안양시,F,20-24,-1.8
2018,41170,안양시,F,20-24,-2.0
2019,41170,안양시,F,20-24,-1.5
2020,41170,안양시,F,20-24,-3.8
2021,41170,안양시,F,20-24,-1.0
2022,41170,안양시,F,20-24,-0.9
2023,41170,안양시,F,20-24,-1.6
2024,41170,안양시,F,20-24,0.6
2025,41170,안양시,F,20-24,-0.1
2015,41170,안양시,F,25-29,-1.0
2016,41170,안양시,F,25-29,-0.3
2017,41170,안양시,F,25-29,-2.1
2018,41170,안양시,F,25-29,-2.8
2019,41170,안양시,F,25-29,-2.8
2020,41170,안양시,F,25-29,-4.9
2021,41170,안양시,F,25-29,-0.6
2022,41170,안양시,F,25-29,0.0
2023,41170,안양시,F,25-29,-1.0
2024,41170,안양시,F,25-29,3.7
2025,41170,안양시,F,25-29,3.4
2015,41170,안양시,F,30-34,-1.4
2016,41170,안양시,F,30-34,0.0
2017,41170,안양시,F,30-34,-3.3
2018,41170,안양시,F,30-34,-2.2
2019,41170,안양시,F,30-34,-2.9
2020,41170,안양시,F,30-34,-4.0
2021,41170,안양시,F,30-34,1.9
2022,41170,안양시,F,30-34,3.5
2023,41170,안양시,F,30-34,-0.6
2024,41170,안양시,F,30-34,5.9
2025,41170,안양시,F,30-34,4.3
2015,41190,부천시,M,20-24,-0.6
2016,41190,부천시,M,20-24,0.4
2017,41190,부천시,M,20-24,-0.2
2018,41190,부천시,M,20-24,-0.7
2019,41190,부천시,M,20-24,-0.5
2020,41190,부천시,M,20-24,0.4
2021,41190,부천시,M,20-24,-0.5
2022,41190,부천시,M,20-24,-1.7
2023,41190,부천시,M,20-24,-0.9
2024,41190,부천시,M,20-24,-0.7
2025,41190,부천시,M,20-24,-1.8
2015,41190,부천시,M,25-29,-1.2
2016,41190,부천시,M,25-29,-0.6
2017,41190,부천시,M,25-29,-1.1
2018,41190,부천시,M,25-29,-1.9
2019,41190,부천시,M,25-29,-2.1
2020,41190,부천시,M,25-29,-2.0
2021,41190,부천시,M,25-29,-2.2
2022,41190,부천시,M,25-29,-2.7
2023,41190,부천시,M,25-29,-2.2
2024,41190,부천시,M,25-29,-2.1
2025,41190,부천시,M,25-29,-2.4
2015,41190,부천시,M,30-34,-2.0
2016,41190,부천시,M,30-34,0.0
2017,41190,부천시,M,30-34,-0.7
2018,41190,부천시,M,30-34,-1.9
2019,41190,부천시,M,30-34,-3.4
2020,41190,부천시,M,30-34,-2.5
2021,41190,부천시,M,30-34,-1.2
2022,41190,부천시,M,30-34,-2.7
2023,41190,부천시,M,30-34,-2.3
2024,41190,부천시,M,30-34,-2.6
2025,41190,부천시,M,30-34,-2.3
2015,41190,부천시,F,20-24,0.0
2016,41190,부천시,F,20-24,0.9
2017,41190,부천시,F,20-24,0.7
2018,41190,부천시,F,20-24,0.1
2019,41190,부천시,F,20-24,0.3
2020,41190,부천시,F,20-24,1.2
2021,41190,부천시,F,20-24,-0.4
2022,41190,부천시,F,20-24,-1.1
2023,41190,부천시,F,20-24,0.9
2024,41190,부천시,F,20-24,-0.2
2025,41190,부천시,F,20-24,-0.4
2015,41190,부천시,F,25-29,-1.4
2016,41190,부천시,F,25-29,-0.6
2017,41190,부천시,F,25-29,-1.0
2018,41190,부천시,F,25-29,-2.5
2019,41190,부천시,F,25-29,-2.6
2020,41190,부천시,F,25-29,-2.0
2021,41190,부천시,F,25-29,-1.8
2022,41190,부천시,F,25-29,-2.9
2023,41190,부천시,F,25-29,-2.2
2024,41190,부천시,F,25-29,-2.0
2025,41190,부천시,F,25-29,-2.5
2015,41190,부천시,F,30-34,-2.2
2016,41190,부천시,F,30-34,-0.6
2017,41190,부천시,F,30-34,-1.0
2018,41190,부천시,F,30-34,-2.4
2019,41190,부천시,F,30-34,-3.6
2020,41190,부천시,F,30-34,-2.9
2021,41190,부천시,F,30-34,-2.3
2022,41190,부천시,F,30-34,-3.8
2023,41190,부천시,F,30-34,-3.0
2024,41190,부천시,F,30-34,-3.0
2025,41190,부천시,F,30-34,-3.2
2015,41210,광명시,M,20-24,-1.1
2016,41210,광명시,M,20-24,-1.7
2017,41210,광명시,M,20-24,-1.9
2018,41210,광명시,M,20-24,-2.0
2019,41210,광명시,M,20-24,-3.4
2020,41210,광명시,M,20-24,-6.4
2021,41210,광명시,M,20-24,-2.2
2022,41210,광명시,M,20-24,-3.2
2023,41210,광명시,M,20-24,-4.2
2024,41210,광명시,M,20-24,-2.6
2025,41210,광명시,M,20-24,3.5
2015,41210,광명시,M,25-29,-0.6
2016,41210,광명시,M,25-29,-1.5
2017,41210,광명시,M,25-29,-1.0
2018,41210,광명시,M,25-29,-1.7
2019,41210,광명시,M,25-29,-2.7
2020,41210,광명시,M,25-29,-8.4
2021,41210,광명시,M,25-29,-2.6
2022,41210,광명시,M,25-29,-2.9
2023,41210,광명시,M,25-29,-3.4
2024,41210,광명시,M,25-29,-1.2
2025,41210,광명시,M,25-29,7.0
2015,41210,광명시,M,30-34,-1.9
2016,41210,광명시,M,30-34,-1.9
2017,41210,광명시,M,30-34,-1.1
2018,41210,광명시,M,30-34,-0.8
2019,41210,광명시,M,30-34,-3.5
2020,41210,광명시,M,30-34,-6.5
2021,41210,광명시,M,30-34,1.3
2022,41210,광명시,M,30-34,-1.8
2023,41210,광명시,M,30-34,-1.9
2024,41210,광명시,M,30-34,1.8
2025,41210,광명시,M,30-34,14.3
2015,41210,광명시,F,20-24,-1.4
2016,41210,광명시,F,20-24,-1.4
2017,41210,광명시,F,20-24,-1.2
2018,41210,광명시,F,20-24,-1.5
2019,41210,광명시,F,20-24,-2.5
2020,41210,광명시,F,20-24,-6.3
2021,41210,광명시,F,20-24,-2.4
2022,41210,광명시,F,20-24,-1.8
2023,41210,광명시,F,20-24,-2.1
2024,41210,광명시,F,20-24,-0.7
2025,41210,광명시,F,20-24,3.6
2015,41210,광명시,F,25-29,-3.4
2016,41210,광명시,F,25-29,-1.2
2017,41210,광명시,F,25-29,-2.5
2018,41210,광명시,F,25-29,-0.3
2019,41210,광명시,F,25-29,-3.4
2020,41210,광명시,F,25-29,-7.7
2021,41210,광명시,F,25-29,-1.5
2022,41210,광명시,F,25-29,-1.7
2023,41210,광명시,F,25-29,-2.9
2024,41210,광명시,F,25-29,-0.1
2025,41210,광명시,F,25-29,8.6
2015,41210,광명시,F,30-34,-2.6
2016,41210,광명시,F,30-34,-3.9
2017,41210,광명시,F,30-34,-2.9
2018,41210,광명시,F,30-34,-2.8
2019,41210,광명시,F,30-34,-4.0
2020,41210,광명시,F,30-34,-5.3
2021,41210,광명시,F,30-34,-0.4
2022,41210,광명시,F,30-34,-0.9
2023,41210,광명시,F,30-34,-1.2
2024,41210,광명시,F,30-34,2.1
2025,41210,광명시,F,30-34,15.7
2015,41220,평택시,M,20-24,2.1
2016,41220,평택시,M,20-24,2.3
2017,41220,평택시,M,20-24,2.7
2018,41220,평택시,M,20-24,3.6
2019,41220,평택시,M,20-24,3.8
2020,41220,평택시,M,20-24,6.4
2021,41220,평택시,M,20-24,8.0
2022,41220,평택시,M,20-24,5.4
2023,41220,평택시,M,20-24,4.6
2024,41220,평택시,M,20-24,3.5
2025,41220,평택시,M,20-24,4.2
2015,41220,평택시,M,25-29,5.9
2016,41220,평택시,M,25-29,5.3
2017,41220,평택시,M,25-29,6.8
2018,41220,평택시,M,25-29,7.5
2019,41220,평택시,M,25-29,6.8
2020,41220,평택시,M,25-29,10.0
2021,41220,평택시,M,25-29,14.0
2022,41220,평택시,M,25-29,9.7
2023,41220,평택시,M,25-29,6.6
2024,41220,평택시,M,25-29,4.5
2025,41220,평택시,M,25-29,4.7
2015,41220,평택시,M,30-34,4.3
2016,41220,평택시,M,30-34,3.5
2017,41220,평택시,M,30-34,4.2
2018,41220,평택시,M,30-34,5.1
2019,41220,평택시,M,30-34,6.6
2020,41220,평택시,M,30-34,8.4
2021,41220,평택시,M,30-34,11.1
2022,41220,평택시,M,30-34,5.5
2023,41220,평택시,M,30-34,4.2
2024,41220,평택시,M,30-34,1.8
2025,41220,평택시,M,30-34,2.5
2015,41220,평택시,F,20-24,1.8
2016,41220,평택시,F,20-24,0.6
2017,41220,평택시,F,20-24,1.5
2018,41220,평택시,F,20-24,1.6
2019,41220,평택시,F,20-24,2.1
2020,41220,평택시,F,20-24,5.0
2021,41220,평택시,F,20-24,5.5
2022,41220,평택시,F,20-24,1.9
2023,41220,평택시,F,20-24,1.9
2024,41220,평택시,F,20-24,2.7
2025,41220,평택시,F,20-24,1.7
2015,41220,평택시,F,25-29,4.5
2016,41220,평택시,F,25-29,3.8
2017,41220,평택시,F,25-29,3.0
2018,41220,평택시,F,25-29,3.6
2019,41220,평택시,F,25-29,5.4
2020,41220,평택시,F,25-29,7.0
2021,41220,평택시,F,25-29,8.0
2022,41220,평택시,F,25-29,3.8
2023,41220,평택시,F,25-29,3.8
2024,41220,평택시,F,25-29,2.9
2025,41220,평택시,F,25-29,4.0
2015,41220,평택시,F,30-34,3.9
2016,41220,평택시,F,30-34,2.8
2017,41220,평택시,F,30-34,3.1
2018,41220,평택시,F,30-34,4.6
2019,41220,평택시,F,30-34,5.9
2020,41220,평택시,F,30-34,8.2
2021,41220,평택시,F,30-34,8.8
2022,41220,평택시,F,30-34,4.5
2023,41220,평택시,F,30-34,4.8
2024,41220,평택시,F,30-34,2.9
2025,41220,평택시,F,30-34,4.6
2015,41250,동두천시,M,20-24,0.3
2016,41250,동두천시,M,20-24,-0.2
2017,41250,동두천시,M,20-24,-1.4
2018,41250,동두천시,M,20-24,-0.7
2019,41250,동두천시,M,20-24,-0.1
2020,41250,동두천시,M,20-24,-0.2
2021,41250,동두천시,M,20-24,-1.4
2022,41250,동두천시,M,20-24,-2.5
2023,41250,동두천시,M,20-24,-4.7
2024,41250,동두천시,M,20-24,-1.0
2025,41250,동두천시,M,20-24,-1.4
2015,41250,동두천시,M,25-29,-2.9
2016,41250,동두천시,M,25-29,1.4
2017,41250,동두천시,M,25-29,-3.3
2018,41250,동두천시,M,25-29,0.1
2019,41250,동두천시,M,25-29,-2.4
2020,41250,동두천시,M,25-29,-0.4
2021,41250,동두천시,M,25-29,-0.6
2022,41250,동두천시,M,25-29,-3.3
2023,41250,동두천시,M,25-29,-5.4
2024,41250,동두천시,M,25-29,-5.2
2025,41250,동두천시,M,25-29,-3.4
2015,41250,동두천시,M,30-34,-0.8
2016,41250,동두천시,M,30-34,-2.0
2017,41250,동두천시,M,30-34,-3.1
2018,41250,동두천시,M,30-34,-3.2
2019,41250,동두천시,M,30-34,-4.0
2020,41250,동두천시,M,30-34,-1.6
2021,41250,동두천시,M,30-34,2.1
2022,41250,동두천시,M,30-34,-3.9
2023,41250,동두천시,M,30-34,-9.4
2024,41250,동두천시,M,30-34,-6.0
2025,41250,동두천시,M,30-34,-3.9
2015,41250,동두천시,F,20-24,0.5
2016,41250,동두천시,F,20-24,-1.2
2017,41250,동두천시,F,20-24,-3.7
2018,41250,동두천시,F,20-24,-2.2
2019,41250,동두천시,F,20-24,-4.0
2020,41250,동두천시,F,20-24,0.3
2021,41250,동두천시,F,20-24,-1.6
2022,41250,동두천시,F,20-24,-3.9
2023,41250,동두천시,F,20-24,-4.3
2024,41250,동두천시,F,20-24,-3.3
2025,41250,동두천시,F,20-24,-2.6
2015,41250,동두천시,F,25-29,-1.4
2016,41250,동두천시,F,25-29,-1.2
2017,41250,동두천시,F,25-29,-3.8
2018,41250,동두천시,F,25-29,-5.0
2019,41250,동두천시,F,25-29,-3.5
2020,41250,동두천시,F,25-29,-1.1
2021,41250,동두천시,F,25-29,-0.2
2022,41250,동두천시,F,25-29,-3.9
2023,41250,동두천시,F,25-29,-10.2
2024,41250,동두천시,F,25-29,-6.7
2025,41250,동두천시,F,25-29,-3.6
2015,41250,동두천시,F,30-34,0.1
2016,41250,동두천시,F,30-34,0.7
2017,41250,동두천시,F,30-34,-4.1
2018,41250,동두천시,F,30-34,-3.5
2019,41250,동두천시,F,30-34,-3.7
2020,41250,동두천시,F,30-34,-0.5
2021,41250,동두천시,F,30-34,-0.2
2022,41250,동두천시,F,30-34,-3.6
2023,41250,동두천시,F,30-34,-8.0
2024,41250,동두천시,F,30-34,-8.5
2025,41250,동두천시,F,30-34,-2.6
2015,41270,안산시,M,20-24,-0.8
2016,41270,안산시,M,20-24,-0.2
2017,41270,안산시,M,20-24,-0.5
2018,41270,안산시,M,20-24,-1.8
2019,41270,안산시,M,20-24,-0.7
2020,41270,안산시,M,20-24,2.3
2021,41270,안산시,M,20-24,1.9
2022,41270,안산시,M,20-24,0.0
2023,41270,안산시,M,20-24,-0.9
2024,41270,안산시,M,20-24,-0.2
2025,41270,안산시,M,20-24,0.1
2015,41270,안산시,M,25-29,-0.4
2016,41270,안산시,M,25-29,-0.3
2017,41270,안산시,M,25-29,-1.3
2018,41270,안산시,M,25-29,-2.5
2019,41270,안산시,M,25-29,-1.6
2020,41270,안산시,M,25-29,0.0
2021,41270,안산시,M,25-29,-0.1
2022,41270,안산시,M,25-29,-2.5
2023,41270,안산시,M,25-29,-3.4
2024,41270,안산시,M,25-29,-2.5
2025,41270,안산시,M,25-29,-1.9
2015,41270,안산시,M,30-34,-3.3
2016,41270,안산시,M,30-34,-2.7
2017,41270,안산시,M,30-34,-3.7
2018,41270,안산시,M,30-34,-4.9
2019,41270,안산시,M,30-34,-2.8
2020,41270,안산시,M,30-34,0.3
2021,41270,안산시,M,30-34,-1.6
2022,41270,안산시,M,30-34,-3.5
2023,41270,안산시,M,30-34,-3.9
2024,41270,안산시,M,30-34,-3.0
2025,41270,안산시,M,30-34,-3.0
2015,41270,안산시,F,20-24,-1.1
2016,41270,안산시,F,20-24,-1.1
2017,41270,안산시,F,20-24,-1.9
2018,41270,안산시,F,20-24,-2.2
2019,41270,안산시,F,20-24,-0.9
2020,41270,안산시,F,20-24,1.8
2021,41270,안산시,F,20-24,1.9
2022,41270,안산시,F,20-24,-2.3
2023,41270,안산시,F,20-24,-2.0
2024,41270,안산시,F,20-24,-2.2
2025,41270,안산시,F,20-24,-1.2
2015,41270,안산시,F,25-29,-3.6
2016,41270,안산시,F,25-29,-3.2
2017,41270,안산시,F,25-29,-4.7
2018,41270,안산시,F,25-29,-4.4
2019,41270,안산시,F,25-29,-3.9
2020,41270,안산시,F,25-29,-1.3
2021,41270,안산시,F,25-29,-2.2
2022,41270,안산시,F,25-29,-3.8
2023,41270,안산시,F,25-29,-5.0
2024,41270,안산시,F,25-29,-3.2
2025,41270,안산시,F,25-29,-3.9
2015,41270,안산시,F,30-34,-3.6
2016,41270,안산시,F,30-34,-3.6
2017,41270,안산시,F,30-34,-4.3
2018,41270,안산시,F,30-34,-6.1
2019,41270,안산시,F,30-34,-3.0
2020,41270,안산시,F,30-34,-0.4
2021,41270,안산시,F,30-34,-1.7
2022,41270,안산시,F,30-34,-3.7
2023,41270,안산시,F,30-34,-5.0
2024,41270,안산시,F,30-34,-4.2
2025,41270,안산시,F,30-34,-4.7
2015,41280,고양시,M,20-24,0.7
2016,41280,고양시,M,20-24,0.2
2017,41280,고양시,M,20-24,-0.6
2018,41280,고양시,M,20-24,-0.8
2019,41280,고양시,M,20-24,1.4
2020,41280,고양시,M,20-24,0.5
2021,41280,고양시,M,20-24,-0.2
2022,41280,고양시,M,20-24,-1.5
2023,41280,고양시,M,20-24,-1.3
2024,41280,고양시,M,20-24,-1.6
2025,41280,고양시,M,20-24,-2.0
2015,41280,고양시,M,25-29,1.5
2016,41280,고양시,M,25-29,1.1
2017,41280,고양시,M,25-29,-1.0
2018,41280,고양시,M,25-29,-1.0
2019,41280,고양시,M,25-29,0.5
2020,41280,고양시,M,25-29,-0.2
2021,41280,고양시,M,25-29,-1.8
2022,41280,고양시,M,25-29,-1.7
2023,41280,고양시,M,25-29,-1.6
2024,41280,고양시,M,25-29,-1.6
2025,41280,고양시,M,25-29,-1.6
2015,41280,고양시,M,30-34,4.7
2016,41280,고양시,M,30-34,2.5
2017,41280,고양시,M,30-34,0.5
2018,41280,고양시,M,30-34,0.3
2019,41280,고양시,M,30-34,5.0
2020,41280,고양시,M,30-34,2.7
2021,41280,고양시,M,30-34,1.9
2022,41280,고양시,M,30-34,1.6
2023,41280,고양시,M,30-34,0.8
2024,41280,고양시,M,30-34,0.5
2025,41280,고양시,M,30-34,-0.9
2015,41280,고양시,F,20-24,1.7
2016,41280,고양시,F,20-24,0.9
2017,41280,고양시,F,20-24,0.3
2018,41280,고양시,F,20-24,-0.2
2019,41280,고양시,F,20-24,2.2
2020,41280,고양시,F,20-24,1.8
2021,41280,고양시,F,20-24,0.5
2022,41280,고양시,F,20-24,0.4
2023,41280,고양시,F,20-24,0.6
2024,41280,고양시,F,20-24,-0.1
2025,41280,고양시,F,20-24,-0.7
2015,41280,고양시,F,25-29,2.3
2016,41280,고양시,F,25-29,1.1
2017,41280,고양시,F,25-29,-0.9
2018,41280,고양시,F,25-29,-1.9
2019,41280,고양시,F,25-29,1.2
2020,41280,고양시,F,25-29,-0.4
2021,41280,고양시,F,25-29,-1.2
2022,41280,고양시,F,25-29,-0.4
2023,41280,고양시,F,25-29,-1.1
2024,41280,고양시,F,25-29,-0.3
2025,41280,고양시,F,25-29,-1.6
2015,41280,고양시,F,30-34,3.8
2016,41280,고양시,F,30-34,1.9
2017,41280,고양시,F,30-34,0.4
2018,41280,고양시,F,30-34,0.1
2019,41280,고양시,F,30-34,4.3
2020,41280,고양시,F,30-34,2.8
2021,41280,고양시,F,30-34,1.4
2022,41280,고양시,F,30-34,1.1
2023,41280,고양시,F,30-34,1.3
2024,41280,고양시,F,30-34,0.0
2025,41280,고양시,F,30-34,-1.5
2015,41290,과천시,M,20-24,-3.2
2016,41290,과천시,M,20-24,-13.4
2017,41290,과천시,M,20-24,-12.3
2018,41290,과천시,M,20-24,0.8
2019,41290,과천시,M,20-24,-2.6
2020,41290,과천시,M,20-24,8.6
2021,41290,과천시,M,20-24,12.5
2022,41290,과천시,M,20-24,1.0
2023,41290,과천시,M,20-24,1.4
2024,41290,과천시,M,20-24,0.4
2025,41290,과천시,M,20-24,-10.3
2015,41290,과천시,M,25-29,-0.7
2016,41290,과천시,M,25-29,-9.4
2017,41290,과천시,M,25-29,-14.0
2018,41290,과천시,M,25-29,-1.3
2019,41290,과천시,M,25-29,1.8
2020,41290,과천시,M,25-29,8.2
2021,41290,과천시,M,25-29,13.0
2022,41290,과천시,M,25-29,1.9
2023,41290,과천시,M,25-29,-0.8
2024,41290,과천시,M,25-29,1.4
2025,41290,과천시,M,25-29,-9.7
2015,41290,과천시,M,30-34,-1.6
2016,41290,과천시,M,30-34,-9.3
2017,41290,과천시,M,30-34,-18.0
2018,41290,과천시,M,30-34,4.2
2019,41290,과천시,M,30-34,7.4
2020,41290,과천시,M,30-34,11.6
2021,41290,과천시,M,30-34,16.9
2022,41290,과천시,M,30-34,8.1
2023,41290,과천시,M,30-34,2.3
2024,41290,과천시,M,30-34,10.5
2025,41290,과천시,M,30-34,-8.3
2015,41290,과천시,F,20-24,-2.3
2016,41290,과천시,F,20-24,-12.9
2017,41290,과천시,F,20-24,-12.8
2018,41290,과천시,F,20-24,-0.6
2019,41290,과천시,F,20-24,-3.4
2020,41290,과천시,F,20-24,7.4
2021,41290,과천시,F,20-24,12.0
2022,41290,과천시,F,20-24,4.4
2023,41290,과천시,F,20-24,3.0
2024,41290,과천시,F,20-24,1.9
2025,41290,과천시,F,20-24,-11.3
2015,41290,과천시,F,25-29,-0.7
2016,41290,과천시,F,25-29,-13.2
2017,41290,과천시,F,25-29,-13.9
2018,41290,과천시,F,25-29,-0.3
2019,41290,과천시,F,25-29,1.0
2020,41290,과천시,F,25-29,9.0
2021,41290,과천시,F,25-29,16.7
2022,41290,과천시,F,25-29,6.5
2023,41290,과천시,F,25-29,0.1
2024,41290,과천시,F,25-29,4.7
2025,41290,과천시,F,25-29,-8.7
2015,41290,과천시,F,30-34,-3.3
2016,41290,과천시,F,30-34,-10.8
2017,41290,과천시,F,30-34,-14.2
2018,41290,과천시,F,30-34,7.3
2019,41290,과천시,F,30-34,5.0
2020,41290,과천시,F,30-34,12.6
2021,41290,과천시,F,30-34,21.1
2022,41290,과천시,F,30-34,10.4
2023,41290,과천시,F,30-34,7.6
2024,41290,과천시,F,30-34,14.0
2025,41290,과천시,F,30-34,-6.0
2015,41310,구리시,M,20-24,0.7
2016,41310,구리시,M,20-24,2.0
2017,41310,구리시,M,20-24,2.2
2018,41310,구리시,M,20-24,1.3
2019,41310,구리시,M,20-24,-3.0
2020,41310,구리시,M,20-24,-0.8
2021,41310,구리시,M,20-24,-2.5
2022,41310,구리시,M,20-24,-2.6
2023,41310,구리시,M,20-24,-2.4
2024,41310,구리시,M,20-24,0.3
2025,41310,구리시,M,20-24,-0.3
2015,41310,구리시,M,25-29,-2.9
2016,41310,구리시,M,25-29,2.8
2017,41310,구리시,M,25-29,1.4
2018,41310,구리시,M,25-29,-1.3
2019,41310,구리시,M,25-29,-3.2
2020,41310,구리시,M,25-29,-2.8
2021,41310,구리시,M,25-29,-3.7
2022,41310,구리시,M,25-29,-2.7
2023,41310,구리시,M,25-29,-1.7
2024,41310,구리시,M,25-29,1.2
2025,41310,구리시,M,25-29,0.9
2015,41310,구리시,M,30-34,-0.3
2016,41310,구리시,M,30-34,6.1
2017,41310,구리시,M,30-34,4.9
2018,41310,구리시,M,30-34,4.1
2019,41310,구리시,M,30-34,-1.7
2020,41310,구리시,M,30-34,-0.2
2021,41310,구리시,M,30-34,-1.2
2022,41310,구리시,M,30-34,-0.2
2023,41310,구리시,M,30-34,-0.5
2024,41310,구리시,M,30-34,3.0
2025,41310,구리시,M,30-34,2.4
2015,41310,구리시,F,20-24,0.5
2016,41310,구리시,F,20-24,3.5
2017,41310,구리시,F,20-24,2.9
2018,41310,구리시,F,20-24,1.0
2019,41310,구리시,F,20-24,-1.1
2020,41310,구리시,F,20-24,0.3
2021,41310,구리시,F,20-24,-2.4
2022,41310,구리시,F,20-24,-1.4
2023,41310,구리시,F,20-24,0.2
2024,41310,구리시,F,20-24,0.6
2025,41310,구리시,F,20-24,1.8
2015,41310,구리시,F,25-29,-1.7
2016,41310,구리시,F,25-29,2.3
2017,41310,구리시,F,25-29,2.4
2018,41310,구리시,F,25-29,0.8
2019,41310,구리시,F,25-29,-3.5
2020,41310,구리시,F,25-29,-2.6
2021,41310,구리시,F,25-29,-4.2
2022,41310,구리시,F,25-29,-2.9
2023,41310,구리시,F,25-29,-2.3
2024,41310,구리시,F,25-29,1.6
2025,41310,구리시,F,25-29,-0.4
2015,41310,구리시,F,30-34,-0.3
2016,41310,구리시,F,30-34,6.6
2017,41310,구리시,F,30-34,5.1
2018,41310,구리시,F,30-34,4.4
2019,41310,구리시,F,30-34,-4.5
2020,41310,구리시,F,30-34,0.1
2021,41310,구리시,F,30-34,-2.1
2022,41310,구리시,F,30-34,-1.6
2023,41310,구리시,F,30-34,-1.9
2024,41310,구리시,F,30-34,1.7
2025,41310,구리시,F,30-34,2.1
2015,41360,남양주시,M,20-24,1.1
2016,41360,남양주시,M,20-24,-0.5
2017,41360,남양주시,M,20-24,-0.8
2018,41360,남양주시,M,20-24,0.1
2019,41360,남양주시,M,20-24,1.0
2020,41360,남양주시,M,20-24,1.1
2021,41360,남양주시,M,20-24,1.0
2022,41360,남양주시,M,20-24,-1.7
2023,41360,남양주시,M,20-24,-2.0
2024,41360,남양주시,M,20-24,-1.6
2025,41360,남양주시,M,20-24,-2.1
2015,41360,남양주시,M,25-29,1.6
2016,41360,남양주시,M,25-29,-0.1
2017,41360,남양주시,M,25-29,-0.8
2018,41360,남양주시,M,25-29,-1.5
2019,41360,남양주시,M,25-29,1.5
2020,41360,남양주시,M,25-29,0.1
2021,41360,남양주시,M,25-29,1.3
2022,41360,남양주시,M,25-29,-0.9
2023,41360,남양주시,M,25-29,-2.1
2024,41360,남양주시,M,25-29,-0.8
2025,41360,남양주시,M,25-29,-1.6
2015,41360,남양주시,M,30-34,5.4
2016,41360,남양주시,M,30-34,2.1
2017,41360,남양주시,M,30-34,0.5
2018,41360,남양주시,M,30-34,3.7
2019,41360,남양주시,M,30-34,5.9
2020,41360,남양주시,M,30-34,3.8
2021,41360,남양주시,M,30-34,6.4
2022,41360,남양주시,M,30-34,2.4
2023,41360,남양주시,M,30-34,0.2
2024,41360,남양주시,M,30-34,1.0
2025,41360,남양주시,M,30-34,1.1
2015,41360,남양주시,F,20-24,1.3
2016,41360,남양주시,F,20-24,-0.4
2017,41360,남양주시,F,20-24,-1.0
2018,41360,남양주시,F,20-24,-0.1
2019,41360,남양주시,F,20-24,0.6
2020,41360,남양주시,F,20-24,-0.2
2021,41360,남양주시,F,20-24,1.5
2022,41360,남양주시,F,20-24,-1.9
2023,41360,남양주시,F,20-24,-2.1
2024,41360,남양주시,F,20-24,-0.8
2025,41360,남양주시,F,20-24,-1.8
2015,41360,남양주시,F,25-29,2.2
2016,41360,남양주시,F,25-29,0.2
2017,41360,남양주시,F,25-29,-1.1
2018,41360,남양주시,F,25-29,-1.3
2019,41360,남양주시,F,25-29,2.8
2020,41360,남양주시,F,25-29,0.5
2021,41360,남양주시,F,25-29,1.9
2022,41360,남양주시,F,25-29,0.3
2023,41360,남양주시,F,25-29,-1.2
2024,41360,남양주시,F,25-29,0.8
2025,41360,남양주시,F,25-29,-1.5
2015,41360,남양주시,F,30-34,4.8
2016,41360,남양주시,F,30-34,2.5
2017,41360,남양주시,F,30-34,0.4
2018,41360,남양주시,F,30-34,4.7
2019,41360,남양주시,F,30-34,6.5
2020,41360,남양주시,F,30-34,4.5
2021,41360,남양주시,F,30-34,7.6
2022,41360,남양주시,F,30-34,3.3
2023,41360,남양주시,F,30-34,-0.1
2024,41360,남양주시,F,30-34,1.3
2025,41360,남양주시,F,30-34,0.6
2015,41370,오산시,M,20-24,0.7
2016,41370,오산시,M,20-24,3.1
2017,41370,오산시,M,20-24,3.3
2018,41370,오산시,M,20-24,5.2
2019,41370,오산시,M,20-24,5.4
2020,41370,오산시,M,20-24,3.7
2021,41370,오산시,M,20-24,3.0
2022,41370,오산시,M,20-24,1.6
2023,41370,오산시,M,20-24,1.6
2024,41370,오산시,M,20-24,4.4
2025,41370,오산시,M,20-24,3.2
2015,41370,오산시,M,25-29,4.9
2016,41370,오산시,M,25-29,6.8
2017,41370,오산시,M,25-29,6.6
2018,41370,오산시,M,25-29,9.8
2019,41370,오산시,M,25-29,10.2
2020,41370,오산시,M,25-29,6.4
2021,41370,오산시,M,25-29,5.4
2022,41370,오산시,M,25-29,3.4
2023,41370,오산시,M,25-29,1.9
2024,41370,오산시,M,25-29,6.6
2025,41370,오산시,M,25-29,5.8
2015,41370,오산시,M,30-34,-0.7
2016,41370,오산시,M,30-34,1.7
2017,41370,오산시,M,30-34,3.2
2018,41370,오산시,M,30-34,4.9
2019,41370,오산시,M,30-34,6.3
2020,41370,오산시,M,30-34,2.8
2021,41370,오산시,M,30-34,1.2
2022,41370,오산시,M,30-34,0.8
2023,41370,오산시,M,30-34,-1.0
2024,41370,오산시,M,30-34,10.1
2025,41370,오산시,M,30-34,6.6
2015,41370,오산시,F,20-24,0.8
2016,41370,오산시,F,20-24,2.7
2017,41370,오산시,F,20-24,2.6
2018,41370,오산시,F,20-24,4.2
2019,41370,오산시,F,20-24,3.6
2020,41370,오산시,F,20-24,3.0
2021,41370,오산시,F,20-24,1.2
2022,41370,오산시,F,20-24,-1.2
2023,41370,오산시,F,20-24,-0.5
2024,41370,오산시,F,20-24,1.8
2025,41370,오산시,F,20-24,1.2
2015,41370,오산시,F,25-29,1.4
2016,41370,오산시,F,25-29,1.8
2017,41370,오산시,F,25-29,5.4
2018,41370,오산시,F,25-29,6.1
2019,41370,오산시,F,25-29,5.4
2020,41370,오산시,F,25-29,3.1
2021,41370,오산시,F,25-29,1.2
2022,41370,오산시,F,25-29,-1.9
2023,41370,오산시,F,25-29,-2.3
2024,41370,오산시,F,25-29,6.0
2025,41370,오산시,F,25-29,4.6
2015,41370,오산시,F,30-34,-1.9
2016,41370,오산시,F,30-34,0.2
2017,41370,오산시,F,30-34,2.7
2018,41370,오산시,F,30-34,5.5
2019,41370,오산시,F,30-34,4.0
2020,41370,오산시,F,30-34,1.8
2021,41370,오산시,F,30-34,-0.4
2022,41370,오산시,F,30-34,-0.2
2023,41370,오산시,F,30-34,-0.7
2024,41370,오산시,F,30-34,13.4
2025,41370,오산시,F,30-34,6.6
2015,41390,시흥시,M,20-24,-0.1
2016,41390,시흥시,M,20-24,0.6
2017,41390,시흥시,M,20-24,3.1
2018,41390,시흥시,M,20-24,3.9
2019,41390,시흥시,M,20-24,4.5
2020,41390,시흥시,M,20-24,5.7
2021,41390,시흥시,M,20-24,1.4
2022,41390,시흥시,M,20-24,2.4
2023,41390,시흥시,M,20-24,1.4
2024,41390,시흥시,M,20-24,-0.9
2025,41390,시흥시,M,20-24,-0.7
2015,41390,시흥시,M,25-29,1.5
2016,41390,시흥시,M,25-29,1.0
2017,41390,시흥시,M,25-29,4.6
2018,41390,시흥시,M,25-29,6.6
2019,41390,시흥시,M,25-29,5.4
2020,41390,시흥시,M,25-29,5.9
2021,41390,시흥시,M,25-29,1.7
2022,41390,시흥시,M,25-29,-0.6
2023,41390,시흥시,M,25-29,0.3
2024,41390,시흥시,M,25-29,-1.1
2025,41390,시흥시,M,25-29,-0.9
2015,41390,시흥시,M,30-34,1.5
2016,41390,시흥시,M,30-34,1.4
2017,41390,시흥시,M,30-34,7.9
2018,41390,시흥시,M,30-34,13.7
2019,41390,시흥시,M,30-34,10.8
2020,41390,시흥시,M,30-34,8.8
2021,41390,시흥시,M,30-34,3.8
2022,41390,시흥시,M,30-34,1.0
2023,41390,시흥시,M,30-34,2.4
2024,41390,시흥시,M,30-34,-0.4
2025,41390,시흥시,M,30-34,-0.4
2015,41390,시흥시,F,20-24,-1.1
2016,41390,시흥시,F,20-24,-0.9
2017,41390,시흥시,F,20-24,1.2
2018,41390,시흥시,F,20-24,2.9
2019,41390,시흥시,F,20-24,2.6
2020,41390,시흥시,F,20-24,4.0
2021,41390,시흥시,F,20-24,0.4
2022,41390,시흥시,F,20-24,-1.5
2023,41390,시흥시,F,20-24,-1.3
2024,41390,시흥시,F,20-24,-1.8
2025,41390,시흥시,F,20-24,-1.6
2015,41390,시흥시,F,25-29,-0.1
2016,41390,시흥시,F,25-29,0.1
2017,41390,시흥시,F,25-29,3.5
2018,41390,시흥시,F,25-29,6.9
2019,41390,시흥시,F,25-29,5.4
2020,41390,시흥시,F,25-29,5.2
2021,41390,시흥시,F,25-29,1.6
2022,41390,시흥시,F,25-29,0.1
2023,41390,시흥시,F,25-29,0.6
2024,41390,시흥시,F,25-29,-0.6
2025,41390,시흥시,F,25-29,-1.7
2015,41390,시흥시,F,30-34,2.0
2016,41390,시흥시,F,30-34,2.5
2017,41390,시흥시,F,30-34,9.5
2018,41390,시흥시,F,30-34,14.6
2019,41390,시흥시,F,30-34,10.4
2020,41390,시흥시,F,30-34,10.0
2021,41390,시흥시,F,30-34,4.0
2022,41390,시흥시,F,30-34,1.1
2023,41390,시흥시,F,30-34,4.1
2024,41390,시흥시,F,30-34,0.1
2025,41390,시흥시,F,30-34,-0.3
2015,41410,군포시,M,20-24,-0.6
2016,41410,군포시,M,20-24,-1.6
2017,41410,군포시,M,20-24,-1.1
2018,41410,군포시,M,20-24,-0.7
2019,41410,군포시,M,20-24,-0.1
2020,41410,군포시,M,20-24,-0.4
2021,41410,군포시,M,20-24,-0.4
2022,41410,군포시,M,20-24,-0.9
2023,41410,군포시,M,20-24,-1.0
2024,41410,군포시,M,20-24,-2.1
2025,41410,군포시,M,20-24,-0.7
2015,41410,군포시,M,25-29,1.5
2016,41410,군포시,M,25-29,-0.4
2017,41410,군포시,M,25-29,-0.2
2018,41410,군포시,M,25-29,-0.3
2019,41410,군포시,M,25-29,1.3
2020,41410,군포시,M,25-29,1.2
2021,41410,군포시,M,25-29,-0.9
2022,41410,군포시,M,25-29,0.0
2023,41410,군포시,M,25-29,-1.6
2024,41410,군포시,M,25-29,0.3
2025,41410,군포시,M,25-29,-0.3
2015,41410,군포시,M,30-34,0.6
2016,41410,군포시,M,30-34,-2.2
2017,41410,군포시,M,30-34,-2.7
2018,41410,군포시,M,30-34,-1.6
2019,41410,군포시,M,30-34,0.1
2020,41410,군포시,M,30-34,-1.2
2021,41410,군포시,M,30-34,-0.4
2022,41410,군포시,M,30-34,1.5
2023,41410,군포시,M,30-34,-3.5
2024,41410,군포시,M,30-34,-1.5
2025,41410,군포시,M,30-34,-3.4
2015,41410,군포시,F,20-24,-0.9
2016,41410,군포시,F,20-24,-0.5
2017,41410,군포시,F,20-24,-0.8
2018,41410,군포시,F,20-24,-0.9
2019,41410,군포시,F,20-24,-0.1
2020,41410,군포시,F,20-24,1.3
2021,41410,군포시,F,20-24,-1.2
2022,41410,군포시,F,20-24,-1.5
2023,41410,군포시,F,20-24,-2.0
2024,41410,군포시,F,20-24,-1.6
2025,41410,군포시,F,20-24,-0.5
2015,41410,군포시,F,25-29,0.8
2016,41410,군포시,F,25-29,-0.7
2017,41410,군포시,F,25-29,-1.1
2018,41410,군포시,F,25-29,-1.3
2019,41410,군포시,F,25-29,0.9
2020,41410,군포시,F,25-29,-0.4
2021,41410,군포시,F,25-29,-0.7
2022,41410,군포시,F,25-29,-0.3
2023,41410,군포시,F,25-29,-1.9
2024,41410,군포시,F,25-29,-2.3
2025,41410,군포시,F,25-29,-1.8
2015,41410,군포시,F,30-34,-2.3
2016,41410,군포시,F,30-34,-3.5
2017,41410,군포시,F,30-34,-3.9
2018,41410,군포시,F,30-34,-4.0
2019,41410,군포시,F,30-34,-0.7
2020,41410,군포시,F,30-34,-3.4
2021,41410,군포시,F,30-34,-2.1
2022,41410,군포시,F,30-34,-0.5
2023,41410,군포시,F,30-34,-5.1
2024,41410,군포시,F,30-34,-3.4
2025,41410,군포시,F,30-34,-3.6
2015,41430,의왕시,M,20-24,-0.1
2016,41430,의왕시,M,20-24,0.2
2017,41430,의왕시,M,20-24,0.2
2018,41430,의왕시,M,20-24,0.5
2019,41430,의왕시,M,20-24,5.1
2020,41430,의왕시,M,20-24,2.2
2021,41430,의왕시,M,20-24,-0.3
2022,41430,의왕시,M,20-24,-2.1
2023,41430,의왕시,M,20-24,-2.4
2024,41430,의왕시,M,20-24,-2.8
2025,41430,의왕시,M,20-24,2.1
2015,41430,의왕시,M,25-29,-2.1
2016,41430,의왕시,M,25-29,0.9
2017,41430,의왕시,M,25-29,-1.7
2018,41430,의왕시,M,25-29,-2.2
2019,41430,의왕시,M,25-29,3.3
2020,41430,의왕시,M,25-29,3.0
2021,41430,의왕시,M,25-29,-1.5
2022,41430,의왕시,M,25-29,-3.7
2023,41430,의왕시,M,25-29,-2.4
2024,41430,의왕시,M,25-29,-3.3
2025,41430,의왕시,M,25-29,2.1
2015,41430,의왕시,M,30-34,-3.0
2016,41430,의왕시,M,30-34,-0.9
2017,41430,의왕시,M,30-34,-3.0
2018,41430,의왕시,M,30-34,-3.7
2019,41430,의왕시,M,30-34,7.2
2020,41430,의왕시,M,30-34,5.3
2021,41430,의왕시,M,30-34,1.7
2022,41430,의왕시,M,30-34,-3.3
2023,41430,의왕시,M,30-34,3.4
2024,41430,의왕시,M,30-34,-2.5
2025,41430,의왕시,M,30-34,7.0
2015,41430,의왕시,F,20-24,-0.5
2016,41430,의왕시,F,20-24,-0.9
2017,41430,의왕시,F,20-24,-0.7
2018,41430,의왕시,F,20-24,-2.0
2019,41430,의왕시,F,20-24,4.1
2020,41430,의왕시,F,20-24,2.6
2021,41430,의왕시,F,20-24,-0.6
2022,41430,의왕시,F,20-24,-4.8
2023,41430,의왕시,F,20-24,-2.9
2024,41430,의왕시,F,20-24,-3.7
2025,41430,의왕시,F,20-24,2.3
2015,41430,의왕시,F,25-29,-1.7
2016,41430,의왕시,F,25-29,-1.2
2017,41430,의왕시,F,25-29,-3.5
2018,41430,의왕시,F,25-29,-3.5
2019,41430,의왕시,F,25-29,3.3
2020,41430,의왕시,F,25-29,5.8
2021,41430,의왕시,F,25-29,-1.3
2022,41430,의왕시,F,25-29,-2.9
2023,41430,의왕시,F,25-29,-2.6
2024,41430,의왕시,F,25-29,-3.1
2025,41430,의왕시,F,25-29,4.4
2015,41430,의왕시,F,30-34,-2.0
2016,41430,의왕시,F,30-34,-2.0
2017,41430,의왕시,F,30-34,-2.2
2018,41430,의왕시,F,30-34,-2.5
2019,41430,의왕시,F,30-34,10.0
2020,41430,의왕시,F,30-34,7.7
2021,41430,의왕시,F,30-34,2.5
2022,41430,의왕시,F,30-34,-1.1
2023,41430,의왕시,F,30-34,4.5
2024,41430,의왕시,F,30-34,-2.0
2025,41430,의왕시,F,30-34,9.9
2015,41450,하남시,M,20-24,8.7
2016,41450,하남시,M,20-24,23.2
2017,41450,하남시,M,20-24,8.6
2018,41450,하남시,M,20-24,7.2
2019,41450,하남시,M,20-24,6.8
2020,41450,하남시,M,20-24,9.3
2021,41450,하남시,M,20-24,11.0
2022,41450,하남시,M,20-24,3.2
2023,41450,하남시,M,20-24,1.6
2024,41450,하남시,M,20-24,0.8
2025,41450,하남시,M,20-24,0.7
2015,41450,하남시,M,25-29,7.5
2016,41450,하남시,M,25-29,21.9
2017,41450,하남시,M,25-29,8.8
2018,41450,하남시,M,25-29,11.0
2019,41450,하남시,M,25-29,12.6
2020,41450,하남시,M,25-29,17.6
2021,41450,하남시,M,25-29,8.3
2022,41450,하남시,M,25-29,2.3
2023,41450,하남시,M,25-29,3.1
2024,41450,하남시,M,25-29,1.8
2025,41450,하남시,M,25-29,2.4
2015,41450,하남시,M,30-34,13.9
2016,41450,하남시,M,30-34,28.9
2017,41450,하남시,M,30-34,12.5
2018,41450,하남시,M,30-34,15.4
2019,41450,하남시,M,30-34,14.9
2020,41450,하남시,M,30-34,15.6
2021,41450,하남시,M,30-34,9.2
2022,41450,하남시,M,30-34,0.7
2023,41450,하남시,M,30-34,1.7
2024,41450,하남시,M,30-34,0.4
2025,41450,하남시,M,30-34,-0.9
2015,41450,하남시,F,20-24,9.3
2016,41450,하남시,F,20-24,22.9
2017,41450,하남시,F,20-24,8.8
2018,41450,하남시,F,20-24,6.6
2019,41450,하남시,F,20-24,10.3
2020,41450,하남시,F,20-24,14.1
2021,41450,하남시,F,20-24,13.7
2022,41450,하남시,F,20-24,3.7
2023,41450,하남시,F,20-24,3.7
2024,41450,하남시,F,20-24,2.7
2025,41450,하남시,F,20-24,3.5
2015,41450,하남시,F,25-29,9.6
2016,41450,하남시,F,25-29,26.1
2017,41450,하남시,F,25-29,10.2
2018,41450,하남시,F,25-29,13.1
2019,41450,하남시,F,25-29,12.1
2020,41450,하남시,F,25-29,19.6
2021,41450,하남시,F,25-29,11.5
2022,41450,하남시,F,25-29,2.8
2023,41450,하남시,F,25-29,3.5
2024,41450,하남시,F,25-29,2.0
2025,41450,하남시,F,25-29,0.9
2015,41450,하남시,F,30-34,18.0
2016,41450,하남시,F,30-34,34.9
2017,41450,하남시,F,30-34,14.4
2018,41450,하남시,F,30-34,14.3
2019,41450,하남시,F,30-34,14.3
2020,41450,하남시,F,30-34,14.0
2021,41450,하남시,F,30-34,12.4
2022,41450,하남시,F,30-34,3.3
2023,41450,하남시,F,30-34,3.1
2024,41450,하남시,F,30-34,0.6
2025,41450,하남시,F,30-34,-0.3
2015,41460,용인시,M,20-24,0.6
2016,41460,용인시,M,20-24,2.3
2017,41460,용인시,M,20-24,0.0
2018,41460,용인시,M,20-24,1.4
2019,41460,용인시,M,20-24,2.5
2020,41460,용인시,M,20-24,2.1
2021,41460,용인시,M,20-24,1.1
2022,41460,용인시,M,20-24,0.6
2023,41460,용인시,M,20-24,0.1
2024,41460,용인시,M,20-24,1.2
2025,41460,용인시,M,20-24,0.2
2015,41460,용인시,M,25-29,1.7
2016,41460,용인시,M,25-29,3.3
2017,41460,용인시,M,25-29,1.6
2018,41460,용인시,M,25-29,3.5
2019,41460,용인시,M,25-29,3.3
2020,41460,용인시,M,25-29,1.3
2021,41460,용인시,M,25-29,0.5
2022,41460,용인시,M,25-29,-1.1
2023,41460,용인시,M,25-29,-0.4
2024,41460,용인시,M,25-29,0.3
2025,41460,용인시,M,25-29,-1.1
2015,41460,용인시,M,30-34,2.9
2016,41460,용인시,M,30-34,3.5
2017,41460,용인시,M,30-34,3.3
2018,41460,용인시,M,30-34,7.4
2019,41460,용인시,M,30-34,5.8
2020,41460,용인시,M,30-34,3.8
2021,41460,용인시,M,30-34,2.1
2022,41460,용인시,M,30-34,1.0
2023,41460,용인시,M,30-34,1.0
2024,41460,용인시,M,30-34,2.9
2025,41460,용인시,M,30-34,1.6
2015,41460,용인시,F,20-24,0.4
2016,41460,용인시,F,20-24,2.6
2017,41460,용인시,F,20-24,-0.5
2018,41460,용인시,F,20-24,1.2
2019,41460,용인시,F,20-24,2.1
2020,41460,용인시,F,20-24,2.2
2021,41460,용인시,F,20-24,0.2
2022,41460,용인시,F,20-24,-1.5
2023,41460,용인시,F,20-24,-1.1
2024,41460,용인시,F,20-24,0.1
2025,41460,용인시,F,20-24,-1.4
2015,41460,용인시,F,25-29,2.9
2016,41460,용인시,F,25-29,3.1
2017,41460,용인시,F,25-29,1.8
2018,41460,용인시,F,25-29,3.2
2019,41460,용인시,F,25-29,3.4
2020,41460,용인시,F,25-29,1.8
2021,41460,용인시,F,25-29,-0.7
2022,41460,용인시,F,25-29,-1.3
2023,41460,용인시,F,25-29,-0.7
2024,41460,용인시,F,25-29,0.4
2025,41460,용인시,F,25-29,-0.7
2015,41460,용인시,F,30-34,3.2
2016,41460,용인시,F,30-34,3.2
2017,41460,용인시,F,30-34,3.4
2018,41460,용인시,F,30-34,8.4
2019,41460,용인시,F,30-34,6.8
2020,41460,용인시,F,30-34,4.0
2021,41460,용인시,F,30-34,1.9
2022,41460,용인시,F,30-34,0.9
2023,41460,용인시,F,30-34,0.9
2024,41460,용인시,F,30-34,3.7
2025,41460,용인시,F,30-34,2.5
2015,41480,파주시,M,20-24,3.0
2016,41480,파주시,M,20-24,1.4
2017,41480,파주시,M,20-24,3.9
2018,41480,파주시,M,20-24,3.2
2019,41480,파주시,M,20-24,1.8
2020,41480,파주시,M,20-24,3.9
2021,41480,파주시,M,20-24,7.8
2022,41480,파주시,M,20-24,2.0
2023,41480,파주시,M,20-24,-0.2
2024,41480,파주시,M,20-24,1.3
2025,41480,파주시,M,20-24,2.6
2015,41480,파주시,M,25-29,4.0
2016,41480,파주시,M,25-29,2.7
2017,41480,파주시,M,25-29,3.9
2018,41480,파주시,M,25-29,3.5
2019,41480,파주시,M,25-29,2.5
2020,41480,파주시,M,25-29,3.0
2021,41480,파주시,M,25-29,8.1
2022,41480,파주시,M,25-29,4.5
2023,41480,파주시,M,25-29,-1.0
2024,41480,파주시,M,25-29,0.9
2025,41480,파주시,M,25-29,1.5
2015,41480,파주시,M,30-34,2.9
2016,41480,파주시,M,30-34,1.7
2017,41480,파주시,M,30-34,2.6
2018,41480,파주시,M,30-34,4.2
2019,41480,파주시,M,30-34,-0.7
2020,41480,파주시,M,30-34,1.7
2021,41480,파주시,M,30-34,5.5
2022,41480,파주시,M,30-34,4.1
2023,41480,파주시,M,30-34,0.7
2024,41480,파주시,M,30-34,3.9
2025,41480,파주시,M,30-34,3.8
2015,41480,파주시,F,20-24,2.4
2016,41480,파주시,F,20-24,1.2
2017,41480,파주시,F,20-24,0.7
2018,41480,파주시,F,20-24,1.8
2019,41480,파주시,F,20-24,-0.3
2020,41480,파주시,F,20-24,2.3
2021,41480,파주시,F,20-24,4.4
2022,41480,파주시,F,20-24,0.6
2023,41480,파주시,F,20-24,-0.2
2024,41480,파주시,F,20-24,1.7
2025,41480,파주시,F,20-24,2.8
2015,41480,파주시,F,25-29,3.1
2016,41480,파주시,F,25-29,2.3
2017,41480,파주시,F,25-29,3.6
2018,41480,파주시,F,25-29,4.0
2019,41480,파주시,F,25-29,-0.8
2020,41480,파주시,F,25-29,2.3
2021,41480,파주시,F,25-29,6.2
2022,41480,파주시,F,25-29,3.6
2023,41480,파주시,F,25-29,0.1
2024,41480,파주시,F,25-29,2.5
2025,41480,파주시,F,25-29,4.0
2015,41480,파주시,F,30-34,5.1
2016,41480,파주시,F,30-34,3.0
2017,41480,파주시,F,30-34,3.9
2018,41480,파주시,F,30-34,6.2
2019,41480,파주시,F,30-34,1.0
2020,41480,파주시,F,30-34,3.4
2021,41480,파주시,F,30-34,7.3
2022,41480,파주시,F,30-34,5.4
2023,41480,파주시,F,30-34,1.3
2024,41480,파주시,F,30-34,5.7
2025,41480,파주시,F,30-34,5.6
2015,41500,이천시,M,20-24,-2.5
2016,41500,이천시,M,20-24,1.7
2017,41500,이천시,M,20-24,0.5
2018,41500,이천시,M,20-24,2.2
2019,41500,이천시,M,20-24,1.3
2020,41500,이천시,M,20-24,3.4
2021,41500,이천시,M,20-24,5.6
2022,41500,이천시,M,20-24,1.3
2023,41500,이천시,M,20-24,-0.9
2024,41500,이천시,M,20-24,-1.3
2025,41500,이천시,M,20-24,1.3
2015,41500,이천시,M,25-29,0.2
2016,41500,이천시,M,25-29,7.4
2017,41500,이천시,M,25-29,7.5
2018,41500,이천시,M,25-29,8.2
2019,41500,이천시,M,25-29,7.4
2020,41500,이천시,M,25-29,7.7
2021,41500,이천시,M,25-29,8.8
2022,41500,이천시,M,25-29,4.1
2023,41500,이천시,M,25-29,1.8
2024,41500,이천시,M,25-29,2.0
2025,41500,이천시,M,25-29,4.5
2015,41500,이천시,M,30-34,0.0
2016,41500,이천시,M,30-34,5.2
2017,41500,이천시,M,30-34,2.5
2018,41500,이천시,M,30-34,0.9
2019,41500,이천시,M,30-34,1.6
2020,41500,이천시,M,30-34,1.6
2021,41500,이천시,M,30-34,2.5
2022,41500,이천시,M,30-34,-1.0
2023,41500,이천시,M,30-34,-3.1
2024,41500,이천시,M,30-34,-0.7
2025,41500,이천시,M,30-34,-2.0
2015,41500,이천시,F,20-24,-1.4
2016,41500,이천시,F,20-24,-0.3
2017,41500,이천시,F,20-24,-1.1
2018,41500,이천시,F,20-24,-1.5
2019,41500,이천시,F,20-24,-0.7
2020,41500,이천시,F,20-24,1.1
2021,41500,이천시,F,20-24,3.5
2022,41500,이천시,F,20-24,-3.1
2023,41500,이천시,F,20-24,-1.9
2024,41500,이천시,F,20-24,-3.3
2025,41500,이천시,F,20-24,-1.1
2015,41500,이천시,F,25-29,-1.7
2016,41500,이천시,F,25-29,5.0
2017,41500,이천시,F,25-29,2.2
2018,41500,이천시,F,25-29,1.3
2019,41500,이천시,F,25-29,0.7
2020,41500,이천시,F,25-29,3.6
2021,41500,이천시,F,25-29,4.0
2022,41500,이천시,F,25-29,-0.4
2023,41500,이천시,F,25-29,-1.0
2024,41500,이천시,F,25-29,-0.6
2025,41500,이천시,F,25-29,0.6
2015,41500,이천시,F,30-34,-1.2
2016,41500,이천시,F,30-34,4.4
2017,41500,이천시,F,30-34,2.4
2018,41500,이천시,F,30-34,-1.0
2019,41500,이천시,F,30-34,0.8
2020,41500,이천시,F,30-34,0.8
2021,41500,이천시,F,30-34,2.6
2022,41500,이천시,F,30-34,-1.8
2023,41500,이천시,F,30-34,-1.2
2024,41500,이천시,F,30-34,0.3
2025,41500,이천시,F,30-34,-0.4
2015,41550,안성시,M,20-24,-0.4
2016,41550,안성시,M,20-24,1.7
2017,41550,안성시,M,20-24,-0.4
2018,41550,안성시,M,20-24,0.8
2019,41550,안성시,M,20-24,0.0
2020,41550,안성시,M,20-24,5.1
2021,41550,안성시,M,20-24,4.3
2022,41550,안성시,M,20-24,1.0
2023,41550,안성시,M,20-24,2.7
2024,41550,안성시,M,20-24,4.9
2025,41550,안성시,M,20-24,3.7
2015,41550,안성시,M,25-29,-3.0
2016,41550,안성시,M,25-29,1.8
2017,41550,안성시,M,25-29,1.4
2018,41550,안성시,M,25-29,1.7
2019,41550,안성시,M,25-29,0.0
2020,41550,안성시,M,25-29,4.6
2021,41550,안성시,M,25-29,3.3
2022,41550,안성시,M,25-29,-2.0
2023,41550,안성시,M,25-29,-0.6
2024,41550,안성시,M,25-29,2.1
2025,41550,안성시,M,25-29,0.5
2015,41550,안성시,M,30-34,-3.9
2016,41550,안성시,M,30-34,2.7
2017,41550,안성시,M,30-34,0.0
2018,41550,안성시,M,30-34,2.7
2019,41550,안성시,M,30-34,-0.3
2020,41550,안성시,M,30-34,4.1
2021,41550,안성시,M,30-34,3.6
2022,41550,안성시,M,30-34,-0.2
2023,41550,안성시,M,30-34,-0.8
2024,41550,안성시,M,30-34,5.9
2025,41550,안성시,M,30-34,3.2
2015,41550,안성시,F,20-24,-2.9
2016,41550,안성시,F,20-24,-0.9
2017,41550,안성시,F,20-24,-2.8
2018,41550,안성시,F,20-24,-2.0
2019,41550,안성시,F,20-24,-3.4
2020,41550,안성시,F,20-24,2.7
2021,41550,안성시,F,20-24,-0.5
2022,41550,안성시,F,20-24,-2.1
2023,41550,안성시,F,20-24,-0.1
2024,41550,안성시,F,20-24,1.8
2025,41550,안성시,F,20-24,1.6
2015,41550,안성시,F,25-29,-2.5
2016,41550,안성시,F,25-29,0.5
2017,41550,안성시,F,25-29,-2.3
2018,41550,안성시,F,25-29,0.3
2019,41550,안성시,F,25-29,-2.4
2020,41550,안성시,F,25-29,1.0
2021,41550,안성시,F,25-29,2.6
2022,41550,안성시,F,25-29,-0.8
2023,41550,안성시,F,25-29,-2.1
2024,41550,안성시,F,25-29,1.4
2025,41550,안성시,F,25-29,1.2
2015,41550,안성시,F,30-34,-2.9
2016,41550,안성시,F,30-34,3.4
2017,41550,안성시,F,30-34,-2.3
2018,41550,안성시,F,30-34,0.8
2019,41550,안성시,F,30-34,-1.1
2020,41550,안성시,F,30-34,2.0
2021,41550,안성시,F,30-34,2.6
2022,41550,안성시,F,30-34,-0.4
2023,41550,안성시,F,30-34,0.0
2024,41550,안성시,F,30-34,7.0
2025,41550,안성시,F,30-34,1.8
2015,41570,김포시,M,20-24,1.0
2016,41570,김포시,M,20-24,2.7
2017,41570,김포시,M,20-24,4.1
2018,41570,김포시,M,20-24,5.1
2019,41570,김포시,M,20-24,2.8
2020,41570,김포시,M,20-24,7.2
2021,41570,김포시,M,20-24,2.6
2022,41570,김포시,M,20-24,-1.4
2023,41570,김포시,M,20-24,0.8
2024,41570,김포시,M,20-24,-0.3
2025,41570,김포시,M,20-24,-2.2
2015,41570,김포시,M,25-29,2.2
2016,41570,김포시,M,25-29,3.8
2017,41570,김포시,M,25-29,6.3
2018,41570,김포시,M,25-29,10.8
2019,41570,김포시,M,25-29,5.8
2020,41570,김포시,M,25-29,10.0
2021,41570,김포시,M,25-29,3.2
2022,41570,김포시,M,25-29,-0.2
2023,41570,김포시,M,25-29,1.9
2024,41570,김포시,M,25-29,1.7
2025,41570,김포시,M,25-29,0.8
2015,41570,김포시,M,30-34,3.8
2016,41570,김포시,M,30-34,6.9
2017,41570,김포시,M,30-34,17.2
2018,41570,김포시,M,30-34,18.5
2019,41570,김포시,M,30-34,8.0
2020,41570,김포시,M,30-34,15.8
2021,41570,김포시,M,30-34,5.9
2022,41570,김포시,M,30-34,0.3
2023,41570,김포시,M,30-34,2.0
2024,41570,김포시,M,30-34,1.4
2025,41570,김포시,M,30-34,1.0
2015,41570,김포시,F,20-24,0.6
2016,41570,김포시,F,20-24,1.7
2017,41570,김포시,F,20-24,4.2
2018,41570,김포시,F,20-24,5.2
2019,41570,김포시,F,20-24,3.7
2020,41570,김포시,F,20-24,9.6
2021,41570,김포시,F,20-24,4.4
2022,41570,김포시,F,20-24,-0.4
2023,41570,김포시,F,20-24,1.2
2024,41570,김포시,F,20-24,1.4
2025,41570,김포시,F,20-24,0.0
2015,41570,김포시,F,25-29,2.9
2016,41570,김포시,F,25-29,3.4
2017,41570,김포시,F,25-29,10.6
2018,41570,김포시,F,25-29,12.1
2019,41570,김포시,F,25-29,5.9
2020,41570,김포시,F,25-29,13.0
2021,41570,김포시,F,25-29,5.8
2022,41570,김포시,F,25-29,0.9
2023,41570,김포시,F,25-29,0.6
2024,41570,김포시,F,25-29,1.1
2025,41570,김포시,F,25-29,-0.1
2015,41570,김포시,F,30-34,5.3
2016,41570,김포시,F,30-34,6.7
2017,41570,김포시,F,30-34,16.9
2018,41570,김포시,F,30-34,16.7
2019,41570,김포시,F,30-34,6.8
2020,41570,김포시,F,30-34,16.0
2021,41570,김포시,F,30-34,6.7
2022,41570,김포시,F,30-34,0.8
2023,41570,김포시,F,30-34,1.0
2024,41570,김포시,F,30-34,1.2
2025,41570,김포시,F,30-34,-0.1
2015,41590,화성시,M,20-24,10.4
2016,41590,화성시,M,20-24,6.3
2017,41590,화성시,M,20-24,8.6
2018,41590,화성시,M,20-24,10.3
2019,41590,화성시,M,20-24,7.7
2020,41590,화성시,M,20-24,7.1
2021,41590,화성시,M,20-24,5.7
2022,41590,화성시,M,20-24,3.4
2023,41590,화성시,M,20-24,4.4
2024,41590,화성시,M,20-24,2.6
2025,41590,화성시,M,20-24,2.2
2015,41590,화성시,M,25-29,15.7
2016,41590,화성시,M,25-29,14.6
2017,41590,화성시,M,25-29,18.1
2018,41590,화성시,M,25-29,18.5
2019,41590,화성시,M,25-29,15.0
2020,41590,화성시,M,25-29,13.5
2021,41590,화성시,M,25-29,12.2
2022,41590,화성시,M,25-29,8.9
2023,41590,화성시,M,25-29,8.4
2024,41590,화성시,M,25-29,7.3
2025,41590,화성시,M,25-29,6.1
2015,41590,화성시,M,30-34,16.3
2016,41590,화성시,M,30-34,13.1
2017,41590,화성시,M,30-34,14.1
2018,41590,화성시,M,30-34,16.2
2019,41590,화성시,M,30-34,11.7
2020,41590,화성시,M,30-34,7.8
2021,41590,화성시,M,30-34,6.5
2022,41590,화성시,M,30-34,4.4
2023,41590,화성시,M,30-34,6.3
2024,41590,화성시,M,30-34,4.7
2025,41590,화성시,M,30-34,3.8
2015,41590,화성시,F,20-24,10.1
2016,41590,화성시,F,20-24,6.6
2017,41590,화성시,F,20-24,8.4
2018,41590,화성시,F,20-24,8.8
2019,41590,화성시,F,20-24,6.9
2020,41590,화성시,F,20-24,6.6
2021,41590,화성시,F,20-24,4.6
2022,41590,화성시,F,20-24,2.1
2023,41590,화성시,F,20-24,4.1
2024,41590,화성시,F,20-24,2.1
2025,41590,화성시,F,20-24,1.2
2015,41590,화성시,F,25-29,16.3
2016,41590,화성시,F,25-29,14.2
2017,41590,화성시,F,25-29,15.7
2018,41590,화성시,F,25-29,16.4
2019,41590,화성시,F,25-29,13.4
2020,41590,화성시,F,25-29,10.6
2021,41590,화성시,F,25-29,8.5
2022,41590,화성시,F,25-29,6.6
2023,41590,화성시,F,25-29,8.1
2024,41590,화성시,F,25-29,6.8
2025,41590,화성시,F,25-29,6.4
2015,41590,화성시,F,30-34,17.5
2016,41590,화성시,F,30-34,12.9
2017,41590,화성시,F,30-34,12.4
2018,41590,화성시,F,30-34,15.6
2019,41590,화성시,F,30-34,11.2
2020,41590,화성시,F,30-34,7.4
2021,41590,화성시,F,30-34,6.4
2022,41590,화성시,F,30-34,5.4
2023,41590,화성시,F,30-34,8.3
2024,41590,화성시,F,30-34,6.4
2025,41590,화성시,F,30-34,5.5
2015,41610,광주시,M,20-24,3.4
2016,41610,광주시,M,20-24,4.5
2017,41610,광주시,M,20-24,4.5
2018,41610,광주시,M,20-24,4.1
2019,41610,광주시,M,20-24,2.1
2020,41610,광주시,M,20-24,3.5
2021,41610,광주시,M,20-24,1.0
2022,41610,광주시,M,20-24,0.2
2023,41610,광주시,M,20-24,-1.2
2024,41610,광주시,M,20-24,0.9
2025,41610,광주시,M,20-24,-0.9
2015,41610,광주시,M,25-29,7.5
2016,41610,광주시,M,25-29,7.7
2017,41610,광주시,M,25-29,7.9
2018,41610,광주시,M,25-29,7.6
2019,41610,광주시,M,25-29,4.2
2020,41610,광주시,M,25-29,4.5
2021,41610,광주시,M,25-29,4.2
2022,41610,광주시,M,25-29,2.2
2023,41610,광주시,M,25-29,0.4
2024,41610,광주시,M,25-29,1.7
2025,41610,광주시,M,25-29,0.7
2015,41610,광주시,M,30-34,7.9
2016,41610,광주시,M,30-34,8.5
2017,41610,광주시,M,30-34,9.1
2018,41610,광주시,M,30-34,6.8
2019,41610,광주시,M,30-34,3.7
2020,41610,광주시,M,30-34,2.7
2021,41610,광주시,M,30-34,1.9
2022,41610,광주시,M,30-34,2.8
2023,41610,광주시,M,30-34,0.1
2024,41610,광주시,M,30-34,2.5
2025,41610,광주시,M,30-34,-0.1
2015,41610,광주시,F,20-24,4.2
2016,41610,광주시,F,20-24,3.8
2017,41610,광주시,F,20-24,4.5
2018,41610,광주시,F,20-24,4.3
2019,41610,광주시,F,20-24,2.3
2020,41610,광주시,F,20-24,3.0
2021,41610,광주시,F,20-24,1.4
2022,41610,광주시,F,20-24,-0.1
2023,41610,광주시,F,20-24,-2.0
2024,41610,광주시,F,20-24,1.7
2025,41610,광주시,F,20-24,-0.7
2015,41610,광주시,F,25-29,7.4
2016,41610,광주시,F,25-29,8.3
2017,41610,광주시,F,25-29,8.6
2018,41610,광주시,F,25-29,7.5
2019,41610,광주시,F,25-29,3.0
2020,41610,광주시,F,25-29,3.7
2021,41610,광주시,F,25-29,2.0
2022,41610,광주시,F,25-29,1.1
2023,41610,광주시,F,25-29,-1.1
2024,41610,광주시,F,25-29,1.6
2025,41610,광주시,F,25-29,-0.9
2015,41610,광주시,F,30-34,6.8
2016,41610,광주시,F,30-34,7.0
2017,41610,광주시,F,30-34,8.1
2018,41610,광주시,F,30-34,6.6
2019,41610,광주시,F,30-34,3.2
2020,41610,광주시,F,30-34,2.7
2021,41610,광주시,F,30-34,3.0
2022,41610,광주시,F,30-34,2.8
2023,41610,광주시,F,30-34,0.2
2024,41610,광주시,F,30-34,3.2
2025,41610,광주시,F,30-34,0.4
2015,41630,양주시,M,20-24,0.8
2016,41630,양주시,M,20-24,-1.0
2017,41630,양주시,M,20-24,2.5
2018,41630,양주시,M,20-24,1.5
2019,41630,양주시,M,20-24,3.4
2020,41630,양주시,M,20-24,5.0
2021,41630,양주시,M,20-24,2.4
2022,41630,양주시,M,20-24,1.7
2023,41630,양주시,M,20-24,6.3
2024,41630,양주시,M,20-24,5.7
2025,41630,양주시,M,20-24,1.8
2015,41630,양주시,M,25-29,-0.7
2016,41630,양주시,M,25-29,-1.0
2017,41630,양주시,M,25-29,2.7
2018,41630,양주시,M,25-29,1.6
2019,41630,양주시,M,25-29,3.0
2020,41630,양주시,M,25-29,2.5
2021,41630,양주시,M,25-29,1.2
2022,41630,양주시,M,25-29,1.9
2023,41630,양주시,M,25-29,10.6
2024,41630,양주시,M,25-29,9.3
2025,41630,양주시,M,25-29,3.2
2015,41630,양주시,M,30-34,2.3
2016,41630,양주시,M,30-34,-1.3
2017,41630,양주시,M,30-34,6.8
2018,41630,양주시,M,30-34,5.1
2019,41630,양주시,M,30-34,4.5
2020,41630,양주시,M,30-34,4.6
2021,41630,양주시,M,30-34,3.5
2022,41630,양주시,M,30-34,6.0
2023,41630,양주시,M,30-34,17.1
2024,41630,양주시,M,30-34,15.8
2025,41630,양주시,M,30-34,4.5
2015,41630,양주시,F,20-24,-0.7
2016,41630,양주시,F,20-24,-1.6
2017,41630,양주시,F,20-24,-0.2
2018,41630,양주시,F,20-24,-0.7
2019,41630,양주시,F,20-24,0.1
2020,41630,양주시,F,20-24,1.6
2021,41630,양주시,F,20-24,0.5
2022,41630,양주시,F,20-24,-0.1
2023,41630,양주시,F,20-24,7.3
2024,41630,양주시,F,20-24,6.1
2025,41630,양주시,F,20-24,1.4
2015,41630,양주시,F,25-29,1.7
2016,41630,양주시,F,25-29,-2.9
2017,41630,양주시,F,25-29,3.4
2018,41630,양주시,F,25-29,3.1
2019,41630,양주시,F,25-29,1.7
2020,41630,양주시,F,25-29,2.6
2021,41630,양주시,F,25-29,0.8
2022,41630,양주시,F,25-29,3.0
2023,41630,양주시,F,25-29,12.2
2024,41630,양주시,F,25-29,12.5
2025,41630,양주시,F,25-29,4.6
2015,41630,양주시,F,30-34,2.1
2016,41630,양주시,F,30-34,-0.6
2017,41630,양주시,F,30-34,6.9
2018,41630,양주시,F,30-34,5.7
2019,41630,양주시,F,30-34,4.9
2020,41630,양주시,F,30-34,6.8
2021,41630,양주시,F,30-34,4.9
2022,41630,양주시,F,30-34,6.4
2023,41630,양주시,F,30-34,20.3
2024,41630,양주시,F,30-34,18.4
2025,41630,양주시,F,30-34,5.0
2015,41650,포천시,M,20-24,3.2
2016,41650,포천시,M,20-24,-1.8
2017,41650,포천시,M,20-24,-1.6
2018,41650,포천시,M,20-24,-1.4
2019,41650,포천시,M,20-24,-0.5
2020,41650,포천시,M,20-24,2.8
2021,41650,포천시,M,20-24,4.8
2022,41650,포천시,M,20-24,-1.1
2023,41650,포천시,M,20-24,-2.0
2024,41650,포천시,M,20-24,-1.1
2025,41650,포천시,M,20-24,1.9
2015,41650,포천시,M,25-29,-0.4
2016,41650,포천시,M,25-29,-3.9
2017,41650,포천시,M,25-29,-4.2
2018,41650,포천시,M,25-29,-2.3
2019,41650,포천시,M,25-29,-4.1
2020,41650,포천시,M,25-29,-1.0
2021,41650,포천시,M,25-29,2.3
2022,41650,포천시,M,25-29,-6.0
2023,41650,포천시,M,25-29,-6.2
2024,41650,포천시,M,25-29,-5.3
2025,41650,포천시,M,25-29,-3.1
2015,41650,포천시,M,30-34,-1.5
2016,41650,포천시,M,30-34,-0.6
2017,41650,포천시,M,30-34,-3.2
2018,41650,포천시,M,30-34,-5.2
2019,41650,포천시,M,30-34,-3.4
2020,41650,포천시,M,30-34,-2.3
2021,41650,포천시,M,30-34,1.1
2022,41650,포천시,M,30-34,-3.8
2023,41650,포천시,M,30-34,-7.0
2024,41650,포천시,M,30-34,-4.1
2025,41650,포천시,M,30-34,-2.2
2015,41650,포천시,F,20-24,-4.2
2016,41650,포천시,F,20-24,-3.7
2017,41650,포천시,F,20-24,-4.0
2018,41650,포천시,F,20-24,-5.1
2019,41650,포천시,F,20-24,-6.6
2020,41650,포천시,F,20-24,-4.1
2021,41650,포천시,F,20-24,-0.2
2022,41650,포천시,F,20-24,-4.0
2023,41650,포천시,F,20-24,-4.7
2024,41650,포천시,F,20-24,-2.9
2025,41650,포천시,F,20-24,-3.7
2015,41650,포천시,F,25-29,-2.9
2016,41650,포천시,F,25-29,-3.6
2017,41650,포천시,F,25-29,-5.1
2018,41650,포천시,F,25-29,-5.5
2019,41650,포천시,F,25-29,-6.7
2020,41650,포천시,F,25-29,-4.9
2021,41650,포천시,F,25-29,2.2
2022,41650,포천시,F,25-29,-3.3
2023,41650,포천시,F,25-29,-5.0
2024,41650,포천시,F,25-29,-4.3
2025,41650,포천시,F,25-29,-2.8
2015,41650,포천시,F,30-34,-2.3
2016,41650,포천시,F,30-34,-1.1
2017,41650,포천시,F,30-34,-3.9
2018,41650,포천시,F,30-34,-4.5
2019,41650,포천시,F,30-34,-3.6
2020,41650,포천시,F,30-34,-3.9
2021,41650,포천시,F,30-34,1.6
2022,41650,포천시,F,30-34,-2.6
2023,41650,포천시,F,30-34,-5.1
2024,41650,포천시,F,30-34,-4.2
2025,41650,포천시,F,30-34,-1.5
2015,41670,여주시,M,20-24,-1.4
2016,41670,여주시,M,20-24,-2.7
2017,41670,여주시,M,20-24,-2.1
2018,41670,여주시,M,20-24,-2.4
2019,41670,여주시,M,20-24,-0.5
2020,41670,여주시,M,20-24,0.5
2021,41670,여주시,M,20-24,-1.4
2022,41670,여주시,M,20-24,-2.1
2023,41670,여주시,M,20-24,-1.4
2024,41670,여주시,M,20-24,-3.3
2025,41670,여주시,M,20-24,-3.8
2015,41670,여주시,M,25-29,-0.3
2016,41670,여주시,M,25-29,-1.2
2017,41670,여주시,M,25-29,-2.6
2018,41670,여주시,M,25-29,0.3
2019,41670,여주시,M,25-29,-4.3
2020,41670,여주시,M,25-29,0.7
2021,41670,여주시,M,25-29,-0.4
2022,41670,여주시,M,25-29,-0.1
2023,41670,여주시,M,25-29,1.1
2024,41670,여주시,M,25-29,-2.1
2025,41670,여주시,M,25-29,-2.7
2015,41670,여주시,M,30-34,-0.3
2016,41670,여주시,M,30-34,-1.5
2017,41670,여주시,M,30-34,0.0
2018,41670,여주시,M,30-34,-3.2
2019,41670,여주시,M,30-34,-0.7
2020,41670,여주시,M,30-34,-1.2
2021,41670,여주시,M,30-34,-1.5
2022,41670,여주시,M,30-34,1.0
2023,41670,여주시,M,30-34,1.1
2024,41670,여주시,M,30-34,-0.1
2025,41670,여주시,M,30-34,-0.2
2015,41670,여주시,F,20-24,-2.1
2016,41670,여주시,F,20-24,-1.0
2017,41670,여주시,F,20-24,-4.8
2018,41670,여주시,F,20-24,-5.0
2019,41670,여주시,F,20-24,-4.0
2020,41670,여주시,F,20-24,-2.8
2021,41670,여주시,F,20-24,-2.9
2022,41670,여주시,F,20-24,-4.0
2023,41670,여주시,F,20-24,-3.7
2024,41670,여주시,F,20-24,-2.7
2025,41670,여주시,F,20-24,-5.3
2015,41670,여주시,F,25-29,-2.6
2016,41670,여주시,F,25-29,-4.6
2017,41670,여주시,F,25-29,-0.5
2018,41670,여주시,F,25-29,-2.5
2019,41670,여주시,F,25-29,-5.0
2020,41670,여주시,F,25-29,-3.2
2021,41670,여주시,F,25-29,-1.2
2022,41670,여주시,F,25-29,-1.1
2023,41670,여주시,F,25-29,1.0
2024,41670,여주시,F,25-29,-1.9
2025,41670,여주시,F,25-29,-4.7
2015,41670,여주시,F,30-34,-0.6
2016,41670,여주시,F,30-34,0.0
2017,41670,여주시,F,30-34,-0.7
2018,41670,여주시,F,30-34,-2.2
2019,41670,여주시,F,30-34,-2.4
2020,41670,여주시,F,30-34,-0.4
2021,41670,여주시,F,30-34,-0.5
2022,41670,여주시,F,30-34,5.3
2023,41670,여주시,F,30-34,3.0
2024,41670,여주시,F,30-34,1.4
2025,41670,여주시,F,30-34,-0.7
2015,41800,연천군,M,20-24,22.2
2016,41800,연천군,M,20-24,10.3
2017,41800,연천군,M,20-24,5.2
2018,41800,연천군,M,20-24,6.8
2019,41800,연천군,M,20-24,11.3
2020,41800,연천군,M,20-24,8.9
2021,41800,연천군,M,20-24,6.6
2022,41800,연천군,M,20-24,5.9
2023,41800,연천군,M,20-24,2.5
2024,41800,연천군,M,20-24,4.0
2025,41800,연천군,M,20-24,15.6
2015,41800,연천군,M,25-29,1.5
2016,41800,연천군,M,25-29,-2.9
2017,41800,연천군,M,25-29,-8.3
2018,41800,연천군,M,25-29,-12.0
2019,41800,연천군,M,25-29,-9.8
2020,41800,연천군,M,25-29,-6.7
2021,41800,연천군,M,25-29,-7.7
2022,41800,연천군,M,25-29,-7.6
2023,41800,연천군,M,25-29,-5.6
2024,41800,연천군,M,25-29,-7.8
2025,41800,연천군,M,25-29,-0.7
2015,41800,연천군,M,30-34,-0.1
2016,41800,연천군,M,30-34,0.1
2017,41800,연천군,M,30-34,-7.0
2018,41800,연천군,M,30-34,-6.4
2019,41800,연천군,M,30-34,-10.2
2020,41800,연천군,M,30-34,-3.8
2021,41800,연천군,M,30-34,-6.8
2022,41800,연천군,M,30-34,-5.6
2023,41800,연천군,M,30-34,-5.1
2024,41800,연천군,M,30-34,-6.8
2025,41800,연천군,M,30-34,0.4
2015,41800,연천군,F,20-24,-0.5
2016,41800,연천군,F,20-24,0.4
2017,41800,연천군,F,20-24,-2.5
2018,41800,연천군,F,20-24,-5.7
2019,41800,연천군,F,20-24,-0.8
2020,41800,연천군,F,20-24,-3.6
2021,41800,연천군,F,20-24,-4.9
2022,41800,연천군,F,20-24,-1.6
2023,41800,연천군,F,20-24,-2.2
2024,41800,연천군,F,20-24,-3.6
2025,41800,연천군,F,20-24,6.4
2015,41800,연천군,F,25-29,-1.7
2016,41800,연천군,F,25-29,0.0
2017,41800,연천군,F,25-29,-3.5
2018,41800,연천군,F,25-29,-4.4
2019,41800,연천군,F,25-29,-0.2
2020,41800,연천군,F,25-29,-4.5
2021,41800,연천군,F,25-29,-5.0
2022,41800,연천군,F,25-29,-5.7
2023,41800,연천군,F,25-29,-1.4
2024,41800,연천군,F,25-29,-3.7
2025,41800,연천군,F,25-29,10.1
2015,41800,연천군,F,30-34,-2.5
2016,41800,연천군,F,30-34,1.6
2017,41800,연천군,F,30-34,-2.3
2018,41800,연천군,F,30-34,-5.4
2019,41800,연천군,F,30-34,-7.7
2020,41800,연천군,F,30-34,-3.7
2021,41800,연천군,F,30-34,-5.2
2022,41800,연천군,F,30-34,-3.7
2023,41800,연천군,F,30-34,0.6
2024,41800,연천군,F,30-34,-8.7
2025,41800,연천군,F,30-34,5.9
2015,41820,가평군,M,20-24,-0.8
2016,41820,가평군,M,20-24,1.3
2017,41820,가평군,M,20-24,1.3
2018,41820,가평군,M,20-24,-0.1
2019,41820,가평군,M,20-24,-1.9
2020,41820,가평군,M,20-24,3.3
2021,41820,가평군,M,20-24,0.8
2022,41820,가평군,M,20-24,-1.3
2023,41820,가평군,M,20-24,1.5
2024,41820,가평군,M,20-24,-1.1
2025,41820,가평군,M,20-24,-1.6
2015,41820,가평군,M,25-29,-2.0
2016,41820,가평군,M,25-29,0.5
2017,41820,가평군,M,25-29,0.2
2018,41820,가평군,M,25-29,-2.9
2019,41820,가평군,M,25-29,-5.0
2020,41820,가평군,M,25-29,2.7
2021,41820,가평군,M,25-29,-0.9
2022,41820,가평군,M,25-29,-2.3
2023,41820,가평군,M,25-29,-3.8
2024,41820,가평군,M,25-29,0.9
2025,41820,가평군,M,25-29,-3.0
2015,41820,가평군,M,30-34,-2.3
2016,41820,가평군,M,30-34,1.0
2017,41820,가평군,M,30-34,-0.2
2018,41820,가평군,M,30-34,-2.4
2019,41820,가평군,M,30-34,-2.8
2020,41820,가평군,M,30-34,-2.2
2021,41820,가평군,M,30-34,-4.5
2022,41820,가평군,M,30-34,-0.7
2023,41820,가평군,M,30-34,0.5
2024,41820,가평군,M,30-34,-1.4
2025,41820,가평군,M,30-34,-4.9
2015,41820,가평군,F,20-24,-0.8
2016,41820,가평군,F,20-24,-3.3
2017,41820,가평군,F,20-24,-3.6
2018,41820,가평군,F,20-24,-4.7
2019,41820,가평군,F,20-24,-5.1
2020,41820,가평군,F,20-24,-2.8
2021,41820,가평군,F,20-24,-3.6
2022,41820,가평군,F,20-24,-3.9
2023,41820,가평군,F,20-24,-2.8
2024,41820,가평군,F,20-24,-0.7
2025,41820,가평군,F,20-24,-1.6
2015,41820,가평군,F,25-29,-2.3
2016,41820,가평군,F,25-29,0.2
2017,41820,가평군,F,25-29,1.7
2018,41820,가평군,F,25-29,-2.2
2019,41820,가평군,F,25-29,-5.5
2020,41820,가평군,F,25-29,-5.3
2021,41820,가평군,F,25-29,-4.3
2022,41820,가평군,F,25-29,1.3
2023,41820,가평군,F,25-29,-0.9
2024,41820,가평군,F,25-29,0.3
2025,41820,가평군,F,25-29,-4.4
2015,41820,가평군,F,30-34,0.8
2016,41820,가평군,F,30-34,1.9
2017,41820,가평군,F,30-34,0.6
2018,41820,가평군,F,30-34,-0.2
2019,41820,가평군,F,30-34,-2.9
2020,41820,가평군,F,30-34,-3.6
2021,41820,가평군,F,30-34,-0.4
2022,41820,가평군,F,30-34,1.2
2023,41820,가평군,F,30-34,1.3
2024,41820,가평군,F,30-34,1.8
2025,41820,가평군,F,30-34,-2.5
2015,41830,양평군,M,20-24,-1.6
2016,41830,양평군,M,20-24,-0.3
2017,41830,양평군,M,20-24,-0.1
2018,41830,양평군,M,20-24,-3.8
2019,41830,양평군,M,20-24,-3.0
2020,41830,양평군,M,20-24,1.7
2021,41830,양평군,M,20-24,0.7
2022,41830,양평군,M,20-24,-3.1
2023,41830,양평군,M,20-24,-5.9
2024,41830,양평군,M,20-24,-2.7
2025,41830,양평군,M,20-24,-4.3
2015,41830,양평군,M,25-29,1.3
2016,41830,양평군,M,25-29,-1.6
2017,41830,양평군,M,25-29,-3.3
2018,41830,양평군,M,25-29,-4.0
2019,41830,양평군,M,25-29,-4.1
2020,41830,양평군,M,25-29,1.3
2021,41830,양평군,M,25-29,-0.5
2022,41830,양평군,M,25-29,-3.4
2023,41830,양평군,M,25-29,-1.1
2024,41830,양평군,M,25-29,-2.1
2025,41830,양평군,M,25-29,-1.8
2015,41830,양평군,M,30-34,-1.1
2016,41830,양평군,M,30-34,5.0
2017,41830,양평군,M,30-34,3.6
2018,41830,양평군,M,30-34,-1.6
2019,41830,양평군,M,30-34,-3.7
2020,41830,양평군,M,30-34,-2.1
2021,41830,양평군,M,30-34,1.3
2022,41830,양평군,M,30-34,1.2
2023,41830,양평군,M,30-34,4.2
2024,41830,양평군,M,30-34,1.1
2025,41830,양평군,M,30-34,-2.1
2015,41830,양평군,F,20-24,1.1
2016,41830,양평군,F,20-24,-2.2
2017,41830,양평군,F,20-24,2.3
2018,41830,양평군,F,20-24,-3.3
2019,41830,양평군,F,20-24,-5.7
2020,41830,양평군,F,20-24,-4.1
2021,41830,양평군,F,20-24,-3.5
2022,41830,양평군,F,20-24,-4.1
2023,41830,양평군,F,20-24,-3.2
2024,41830,양평군,F,20-24,-3.5
2025,41830,양평군,F,20-24,-3.7
2015,41830,양평군,F,25-29,1.1
2016,41830,양평군,F,25-29,0.2
2017,41830,양평군,F,25-29,1.5
2018,41830,양평군,F,25-29,-3.2
2019,41830,양평군,F,25-29,-4.4
2020,41830,양평군,F,25-29,-0.2
2021,41830,양평군,F,25-29,1.6
2022,41830,양평군,F,25-29,0.6
2023,41830,양평군,F,25-29,1.4
2024,41830,양평군,F,25-29,-2.4
2025,41830,양평군,F,25-29,-2.2
2015,41830,양평군,F,30-34,3.4
2016,41830,양평군,F,30-34,6.5
2017,41830,양평군,F,30-34,6.8
2018,41830,양평군,F,30-34,1.4
2019,41830,양평군,F,30-34,-0.6
2020,41830,양평군,F,30-34,2.4
2021,41830,양평군,F,30-34,2.0
2022,41830,양평군,F,30-34,0.6
2023,41830,양평군,F,30-34,5.8
2024,41830,양평군,F,30-34,1.2
2025,41830,양평군,F,30-34,-0.7
2015,43,충청북도,M,20-24,-0.1
2016,43,충청북도,M,20-24,-0.5
2017,43,충청북도,M,20-24,-0.3
2018,43,충청북도,M,20-24,0.0
2019,43,충청북도,M,20-24,-0.5
2020,43,충청북도,M,20-24,-1.3
2021,43,충청북도,M,20-24,-1.4
2022,43,충청북도,M,20-24,-0.1
2023,43,충청북도,M,20-24,-0.2
2024,43,충청북도,M,20-24,-0.7
2025,43,충청북도,M,20-24,0.4
2015,43,충청북도,M,25-29,-0.7
2016,43,충청북도,M,25-29,-0.8
2017,43,충청북도,M,25-29,-0.8
2018,43,충청북도,M,25-29,0.6
2019,43,충청북도,M,25-29,-0.4
2020,43,충청북도,M,25-29,0.2
2021,43,충청북도,M,25-29,0.1
2022,43,충청북도,M,25-29,0.7
2023,43,충청북도,M,25-29,0.1
2024,43,충청북도,M,25-29,-0.3
2025,43,충청북도,M,25-29,1.3
2015,43,충청북도,M,30-34,-0.2
2016,43,충청북도,M,30-34,0.3
2017,43,충청북도,M,30-34,-0.4
2018,43,충청북도,M,30-34,0.7
2019,43,충청북도,M,30-34,-0.1
2020,43,충청북도,M,30-34,0.1
2021,43,충청북도,M,30-34,0.0
2022,43,충청북도,M,30-34,0.5
2023,43,충청북도,M,30-34,0.5
2024,43,충청북도,M,30-34,-0.3
2025,43,충청북도,M,30-34,1.1
2015,43,충청북도,F,20-24,-1.6
2016,43,충청북도,F,20-24,-2.4
2017,43,충청북도,F,20-24,-2.4
2018,43,충청북도,F,20-24,-3.0
2019,43,충청북도,F,20-24,-3.7
2020,43,충청북도,F,20-24,-4.2
2021,43,충청북도,F,20-24,-4.2
2022,43,충청북도,F,20-24,-2.7
2023,43,충청북도,F,20-24,-2.6
2024,43,충청북도,F,20-24,-3.1
2025,43,충청북도,F,20-24,-2.0
2015,43,충청북도,F,25-29,-0.1
2016,43,충청북도,F,25-29,-0.7
2017,43,충청북도,F,25-29,-1.2
2018,43,충청북도,F,25-29,-1.2
2019,43,충청북도,F,25-29,-1.3
2020,43,충청북도,F,25-29,-0.7
2021,43,충청북도,F,25-29,-0.3
2022,43,충청북도,F,25-29,-0.1
2023,43,충청북도,F,25-29,0.3
2024,43,충청북도,F,25-29,-0.1
2025,43,충청북도,F,25-29,0.7
2015,43,충청북도,F,30-34,-0.1
2016,43,충청북도,F,30-34,0.3
2017,43,충청북도,F,30-34,0.1
2018,43,충청북도,F,30-34,0.2
2019,43,충청북도,F,30-34,0.1
2020,43,충청북도,F,30-34,0.1
2021,43,충청북도,F,30-34,0.3
2022,43,충청북도,F,30-34,-0.1
2023,43,충청북도,F,30-34,0.9
2024,43,충청북도,F,30-34,0.5
2025,43,충청북도,F,30-34,1.1
2015,43110,청주시,M,20-24,0.6
2016,43110,청주시,M,20-24,0.8
2017,43110,청주시,M,20-24,0.6
2018,43110,청주시,M,20-24,1.4
2019,43110,청주시,M,20-24,1.0
2020,43110,청주시,M,20-24,1.0
2021,43110,청주시,M,20-24,0.9
2022,43110,청주시,M,20-24,1.5
2023,43110,청주시,M,20-24,0.8
2024,43110,청주시,M,20-24,1.4
2025,43110,청주시,M,20-24,2.3
2015,43110,청주시,M,25-29,0.4
2016,43110,청주시,M,25-29,0.4
2017,43110,청주시,M,25-29,-0.1
2018,43110,청주시,M,25-29,1.5
2019,43110,청주시,M,25-29,0.1
2020,43110,청주시,M,25-29,1.7
2021,43110,청주시,M,25-29,2.0
2022,43110,청주시,M,25-29,1.8
2023,43110,청주시,M,25-29,1.1
2024,43110,청주시,M,25-29,0.1
2025,43110,청주시,M,25-29,1.3
2015,43110,청주시,M,30-34,-0.8
2016,43110,청주시,M,30-34,0.3
2017,43110,청주시,M,30-34,-0.7
2018,43110,청주시,M,30-34,0.6
2019,43110,청주시,M,30-34,0.0
2020,43110,청주시,M,30-34,1.3
2021,43110,청주시,M,30-34,1.5
2022,43110,청주시,M,30-34,1.2
2023,43110,청주시,M,30-34,1.0
2024,43110,청주시,M,30-34,0.1
2025,43110,청주시,M,30-34,1.0
2015,43110,청주시,F,20-24,-0.3
2016,43110,청주시,F,20-24,-1.1
2017,43110,청주시,F,20-24,-0.3
2018,43110,청주시,F,20-24,-0.9
2019,43110,청주시,F,20-24,-1.4
2020,43110,청주시,F,20-24,-0.5
2021,43110,청주시,F,20-24,-0.6
2022,43110,청주시,F,20-24,-0.9
2023,43110,청주시,F,20-24,-0.5
2024,43110,청주시,F,20-24,-0.6
2025,43110,청주시,F,20-24,-0.3
2015,43110,청주시,F,25-29,1.0
2016,43110,청주시,F,25-29,0.1
2017,43110,청주시,F,25-29,-0.6
2018,43110,청주시,F,25-29,-0.6
2019,43110,청주시,F,25-29,-0.1
2020,43110,청주시,F,25-29,0.8
2021,43110,청주시,F,25-29,1.3
2022,43110,청주시,F,25-29,0.6
2023,43110,청주시,F,25-29,1.4
2024,43110,청주시,F,25-29,0.7
2025,43110,청주시,F,25-29,0.2
2015,43110,청주시,F,30-34,-0.9
2016,43110,청주시,F,30-34,-0.3
2017,43110,청주시,F,30-34,-0.5
2018,43110,청주시,F,30-34,-0.5
2019,43110,청주시,F,30-34,0.3
2020,43110,청주시,F,30-34,1.1
2021,43110,청주시,F,30-34,1.3
2022,43110,청주시,F,30-34,0.2
2023,43110,청주시,F,30-34,1.5
2024,43110,청주시,F,30-34,1.0
2025,43110,청주시,F,30-34,0.6
2015,43130,충주시,M,20-24,-2.8
2016,43130,충주시,M,20-24,-3.0
2017,43130,충주시,M,20-24,-1.9
2018,43130,충주시,M,20-24,-0.4
2019,43130,충주시,M,20-24,-1.8
2020,43130,충주시,M,20-24,-1.7
2021,43130,충주시,M,20-24,-1.8
2022,43130,충주시,M,20-24,-3.3
2023,43130,충주시,M,20-24,1.2
2024,43130,충주시,M,20-24,1.0
2025,43130,충주시,M,20-24,-1.4
2015,43130,충주시,M,25-29,-4.1
2016,43130,충주시,M,25-29,-2.3
2017,43130,충주시,M,25-29,-2.1
2018,43130,충주시,M,25-29,1.0
2019,43130,충주시,M,25-29,0.6
2020,43130,충주시,M,25-29,-0.4
2021,43130,충주시,M,25-29,-0.9
2022,43130,충주시,M,25-29,-0.7
2023,43130,충주시,M,25-29,-0.6
2024,43130,충주시,M,25-29,-0.8
2025,43130,충주시,M,25-29,-0.9
2015,43130,충주시,M,30-34,-0.9
2016,43130,충주시,M,30-34,-0.2
2017,43130,충주시,M,30-34,-0.2
2018,43130,충주시,M,30-34,3.3
2019,43130,충주시,M,30-34,1.5
2020,43130,충주시,M,30-34,-0.6
2021,43130,충주시,M,30-34,-0.3
2022,43130,충주시,M,30-34,-0.4
2023,43130,충주시,M,30-34,1.2
2024,43130,충주시,M,30-34,-0.2
2025,43130,충주시,M,30-34,-0.1
2015,43130,충주시,F,20-24,-5.1
2016,43130,충주시,F,20-24,-3.7
2017,43130,충주시,F,20-24,-6.3
2018,43130,충주시,F,20-24,-3.4
2019,43130,충주시,F,20-24,-5.4
2020,43130,충주시,F,20-24,-5.9
2021,43130,충주시,F,20-24,-6.1
2022,43130,충주시,F,20-24,-4.1
2023,43130,충주시,F,20-24,-2.2
2024,43130,충주시,F,20-24,-3.0
2025,43130,충주시,F,20-24,-3.7
2015,43130,충주시,F,25-29,-3.1
2016,43130,충주시,F,25-29,-2.7
2017,43130,충주시,F,25-29,-2.8
2018,43130,충주시,F,25-29,-0.9
2019,43130,충주시,F,25-29,-2.2
2020,43130,충주시,F,25-29,-0.7
2021,43130,충주시,F,25-29,-2.0
2022,43130,충주시,F,25-29,-1.8
2023,43130,충주시,F,25-29,-1.1
2024,43130,충주시,F,25-29,-0.4
2025,43130,충주시,F,25-29,0.4
2015,43130,충주시,F,30-34,-0.5
2016,43130,충주시,F,30-34,0.1
2017,43130,충주시,F,30-34,0.7
2018,43130,충주시,F,30-34,2.5
2019,43130,충주시,F,30-34,0.1
2020,43130,충주시,F,30-34,-0.3
2021,43130,충주시,F,30-34,-0.5
2022,43130,충주시,F,30-34,0.3
2023,43130,충주시,F,30-34,0.8
2024,43130,충주시,F,30-34,-0.2
2025,43130,충주시,F,30-34,1.1
2015,43150,제천시,M,20-24,-3.1
2016,43150,제천시,M,20-24,0.6
2017,43150,제천시,M,20-24,-3.8
2018,43150,제천시,M,20-24,-6.2
2019,43150,제천시,M,20-24,-3.5
2020,43150,제천시,M,20-24,-7.3
2021,43150,제천시,M,20-24,-4.1
2022,43150,제천시,M,20-24,2.0
2023,43150,제천시,M,20-24,2.4
2024,43150,제천시,M,20-24,-7.5
2025,43150,제천시,M,20-24,-4.0
2015,43150,제천시,M,25-29,-6.8
2016,43150,제천시,M,25-29,-5.5
2017,43150,제천시,M,25-29,-4.0
2018,43150,제천시,M,25-29,-6.4
2019,43150,제천시,M,25-29,-5.0
2020,43150,제천시,M,25-29,-5.1
2021,43150,제천시,M,25-29,-3.1
2022,43150,제천시,M,25-29,-4.0
2023,43150,제천시,M,25-29,-5.2
2024,43150,제천시,M,25-29,-3.3
2025,43150,제천시,M,25-29,-3.5
2015,43150,제천시,M,30-34,-1.0
2016,43150,제천시,M,30-34,0.4
2017,43150,제천시,M,30-34,-0.7
2018,43150,제천시,M,30-34,-1.1
2019,43150,제천시,M,30-34,-0.5
2020,43150,제천시,M,30-34,-2.3
2021,43150,제천시,M,30-34,-0.9
2022,43150,제천시,M,30-34,-1.5
2023,43150,제천시,M,30-34,-2.5
2024,43150,제천시,M,30-34,-1.4
2025,43150,제천시,M,30-34,-0.3
2015,43150,제천시,F,20-24,-4.4
2016,43150,제천시,F,20-24,-3.9
2017,43150,제천시,F,20-24,-7.5
2018,43150,제천시,F,20-24,-11.0
2019,43150,제천시,F,20-24,-7.6
2020,43150,제천시,F,20-24,-11.7
2021,43150,제천시,F,20-24,-9.0
2022,43150,제천시,F,20-24,-0.7
2023,43150,제천시,F,20-24,-4.4
2024,43150,제천시,F,20-24,-12.5
2025,43150,제천시,F,20-24,-9.5
2015,43150,제천시,F,25-29,-4.0
2016,43150,제천시,F,25-29,-3.4
2017,43150,제천시,F,25-29,-4.6
2018,43150,제천시,F,25-29,-4.4
2019,43150,제천시,F,25-29,-6.0
2020,43150,제천시,F,25-29,-4.4
2021,43150,제천시,F,25-29,-6.1
2022,43150,제천시,F,25-29,-2.6
2023,43150,제천시,F,25-29,-3.5
2024,43150,제천시,F,25-29,-4.9
2025,43150,제천시,F,25-29,-2.4
2015,43150,제천시,F,30-34,0.4
2016,43150,제천시,F,30-34,0.9
2017,43150,제천시,F,30-34,-0.4
2018,43150,제천시,F,30-34,-0.6
2019,43150,제천시,F,30-34,0.4
2020,43150,제천시,F,30-34,-2.3
2021,43150,제천시,F,30-34,-1.8
2022,43150,제천시,F,30-34,-1.8
2023,43150,제천시,F,30-34,-2.6
2024,43150,제천시,F,30-34,-1.2
2025,43150,제천시,F,30-34,-1.0
2015,43720,보은군,M,20-24,-4.6
2016,43720,보은군,M,20-24,-4.5
2017,43720,보은군,M,20-24,-5.3
2018,43720,보은군,M,20-24,-2.8
2019,43720,보은군,M,20-24,-6.9
2020,43720,보은군,M,20-24,-7.9
2021,43720,보은군,M,20-24,-4.1
2022,43720,보은군,M,20-24,-5.6
2023,43720,보은군,M,20-24,-10.3
2024,43720,보은군,M,20-24,-8.1
2025,43720,보은군,M,20-24,-8.0
2015,43720,보은군,M,25-29,-6.6
2016,43720,보은군,M,25-29,-8.7
2017,43720,보은군,M,25-29,-3.1
2018,43720,보은군,M,25-29,-7.9
2019,43720,보은군,M,25-29,-10.1
2020,43720,보은군,M,25-29,-9.2
2021,43720,보은군,M,25-29,-8.9
2022,43720,보은군,M,25-29,-4.7
2023,43720,보은군,M,25-29,-7.1
2024,43720,보은군,M,25-29,-5.5
2025,43720,보은군,M,25-29,4.3
2015,43720,보은군,M,30-34,-0.3
2016,43720,보은군,M,30-34,-0.9
2017,43720,보은군,M,30-34,-0.7
2018,43720,보은군,M,30-34,-9.3
2019,43720,보은군,M,30-34,-5.3
2020,43720,보은군,M,30-34,-4.4
2021,43720,보은군,M,30-34,-7.5
2022,43720,보은군,M,30-34,-5.2
2023,43720,보은군,M,30-34,-2.9
2024,43720,보은군,M,30-34,-4.4
2025,43720,보은군,M,30-34,3.7
2015,43720,보은군,F,20-24,-6.3
2016,43720,보은군,F,20-24,-6.9
2017,43720,보은군,F,20-24,-8.8
2018,43720,보은군,F,20-24,-11.6
2019,43720,보은군,F,20-24,-12.2
2020,43720,보은군,F,20-24,-13.0
2021,43720,보은군,F,20-24,-17.5
2022,43720,보은군,F,20-24,-15.4
2023,43720,보은군,F,20-24,-10.1
2024,43720,보은군,F,20-24,-13.4
2025,43720,보은군,F,20-24,-8.7
2015,43720,보은군,F,25-29,-3.3
2016,43720,보은군,F,25-29,-8.6
2017,43720,보은군,F,25-29,-2.6
2018,43720,보은군,F,25-29,-7.1
2019,43720,보은군,F,25-29,-13.6
2020,43720,보은군,F,25-29,-15.1
2021,43720,보은군,F,25-29,-5.5
2022,43720,보은군,F,25-29,-6.7
2023,43720,보은군,F,25-29,-4.6
2024,43720,보은군,F,25-29,-1.9
2025,43720,보은군,F,25-29,-4.5
2015,43720,보은군,F,30-34,1.7
2016,43720,보은군,F,30-34,2.9
2017,43720,보은군,F,30-34,-0.7
2018,43720,보은군,F,30-34,-4.1
2019,43720,보은군,F,30-34,-7.3
2020,43720,보은군,F,30-34,-9.2
2021,43720,보은군,F,30-34,-2.5
2022,43720,보은군,F,30-34,-3.8
2023,43720,보은군,F,30-34,0.3
2024,43720,보은군,F,30-34,-0.3
2025,43720,보은군,F,30-34,2.8
2015,43730,옥천군,M,20-24,-2.9
2016,43730,옥천군,M,20-24,-4.6
2017,43730,옥천군,M,20-24,-3.6
2018,43730,옥천군,M,20-24,-3.3
2019,43730,옥천군,M,20-24,-4.0
2020,43730,옥천군,M,20-24,-5.2
2021,43730,옥천군,M,20-24,-7.1
2022,43730,옥천군,M,20-24,-6.7
2023,43730,옥천군,M,20-24,-2.8
2024,43730,옥천군,M,20-24,-7.3
2025,43730,옥천군,M,20-24,-2.0
2015,43730,옥천군,M,25-29,-7.4
2016,43730,옥천군,M,25-29,-9.7
2017,43730,옥천군,M,25-29,-4.9
2018,43730,옥천군,M,25-29,-6.9
2019,43730,옥천군,M,25-29,-7.5
2020,43730,옥천군,M,25-29,-10.2
2021,43730,옥천군,M,25-29,-13.4
2022,43730,옥천군,M,25-29,-5.2
2023,43730,옥천군,M,25-29,-5.1
2024,43730,옥천군,M,25-29,-8.5
2025,43730,옥천군,M,25-29,3.2
2015,43730,옥천군,M,30-34,-3.6
2016,43730,옥천군,M,30-34,-3.2
2017,43730,옥천군,M,30-34,-6.3
2018,43730,옥천군,M,30-34,-2.0
2019,43730,옥천군,M,30-34,-4.0
2020,43730,옥천군,M,30-34,-2.3
2021,43730,옥천군,M,30-34,-4.3
2022,43730,옥천군,M,30-34,-3.7
2023,43730,옥천군,M,30-34,-1.0
2024,43730,옥천군,M,30-34,-3.7
2025,43730,옥천군,M,30-34,8.1
2015,43730,옥천군,F,20-24,-4.2
2016,43730,옥천군,F,20-24,-6.1
2017,43730,옥천군,F,20-24,-8.0
2018,43730,옥천군,F,20-24,-9.4
2019,43730,옥천군,F,20-24,-6.2
2020,43730,옥천군,F,20-24,-11.0
2021,43730,옥천군,F,20-24,-12.4
2022,43730,옥천군,F,20-24,-6.7
2023,43730,옥천군,F,20-24,-7.4
2024,43730,옥천군,F,20-24,-8.5
2025,43730,옥천군,F,20-24,-3.1
2015,43730,옥천군,F,25-29,-4.9
2016,43730,옥천군,F,25-29,-6.7
2017,43730,옥천군,F,25-29,-6.9
2018,43730,옥천군,F,25-29,-8.0
2019,43730,옥천군,F,25-29,-9.6
2020,43730,옥천군,F,25-29,-9.2
2021,43730,옥천군,F,25-29,-8.2
2022,43730,옥천군,F,25-29,-7.6
2023,43730,옥천군,F,25-29,-3.9
2024,43730,옥천군,F,25-29,-1.4
2025,43730,옥천군,F,25-29,5.7
2015,43730,옥천군,F,30-34,-1.3
2016,43730,옥천군,F,30-34,-2.2
2017,43730,옥천군,F,30-34,-5.2
2018,43730,옥천군,F,30-34,1.7
2019,43730,옥천군,F,30-34,-0.1
2020,43730,옥천군,F,30-34,-2.1
2021,43730,옥천군,F,30-34,2.1
2022,43730,옥천군,F,30-34,-3.8
2023,43730,옥천군,F,30-34,-3.5
2024,43730,옥천군,F,30-34,-4.5
2025,43730,옥천군,F,30-34,10.8
2015,43740,영동군,M,20-24,4.5
2016,43740,영동군,M,20-24,-6.0
2017,43740,영동군,M,20-24,-7.9
2018,43740,영동군,M,20-24,-1.8
2019,43740,영동군,M,20-24,-8.9
2020,43740,영동군,M,20-24,-12.3
2021,43740,영동군,M,20-24,-16.0
2022,43740,영동군,M,20-24,-7.7
2023,43740,영동군,M,20-24,-8.7
2024,43740,영동군,M,20-24,-7.4
2025,43740,영동군,M,20-24,-6.0
2015,43740,영동군,M,25-29,-8.5
2016,43740,영동군,M,25-29,-7.3
2017,43740,영동군,M,25-29,-9.5
2018,43740,영동군,M,25-29,-11.8
2019,43740,영동군,M,25-29,-15.6
2020,43740,영동군,M,25-29,-13.4
2021,43740,영동군,M,25-29,-18.6
2022,43740,영동군,M,25-29,-6.5
2023,43740,영동군,M,25-29,-7.0
2024,43740,영동군,M,25-29,-4.8
2025,43740,영동군,M,25-29,-1.5
2015,43740,영동군,M,30-34,-4.2
2016,43740,영동군,M,30-34,-2.9
2017,43740,영동군,M,30-34,-3.4
2018,43740,영동군,M,30-34,-7.3
2019,43740,영동군,M,30-34,-7.9
2020,43740,영동군,M,30-34,-12.0
2021,43740,영동군,M,30-34,-10.2
2022,43740,영동군,M,30-34,-8.8
2023,43740,영동군,M,30-34,-2.7
2024,43740,영동군,M,30-34,-0.4
2025,43740,영동군,M,30-34,-0.5
2015,43740,영동군,F,20-24,-6.0
2016,43740,영동군,F,20-24,-11.4
2017,43740,영동군,F,20-24,-9.0
2018,43740,영동군,F,20-24,-7.6
2019,43740,영동군,F,20-24,-15.5
2020,43740,영동군,F,20-24,-21.5
2021,43740,영동군,F,20-24,-24.5
2022,43740,영동군,F,20-24,-16.0
2023,43740,영동군,F,20-24,-17.2
2024,43740,영동군,F,20-24,-10.1
2025,43740,영동군,F,20-24,-5.1
2015,43740,영동군,F,25-29,-4.1
2016,43740,영동군,F,25-29,-9.1
2017,43740,영동군,F,25-29,-5.1
2018,43740,영동군,F,25-29,-8.9
2019,43740,영동군,F,25-29,-10.0
2020,43740,영동군,F,25-29,-13.2
2021,43740,영동군,F,25-29,-14.7
2022,43740,영동군,F,25-29,-2.6
2023,43740,영동군,F,25-29,-4.5
2024,43740,영동군,F,25-29,-9.6
2025,43740,영동군,F,25-29,-2.4
2015,43740,영동군,F,30-34,-4.8
2016,43740,영동군,F,30-34,-0.7
2017,43740,영동군,F,30-34,0.7
2018,43740,영동군,F,30-34,-2.2
2019,43740,영동군,F,30-34,-5.1
2020,43740,영동군,F,30-34,-9.4
2021,43740,영동군,F,30-34,-7.5
2022,43740,영동군,F,30-34,-9.4
2023,43740,영동군,F,30-34,-0.7
2024,43740,영동군,F,30-34,-1.9
2025,43740,영동군,F,30-34,-1.3
2015,43745,증평군,M,20-24,3.0
2016,43745,증평군,M,20-24,0.8
2017,43745,증평군,M,20-24,7.6
2018,43745,증평군,M,20-24,-0.4
2019,43745,증평군,M,20-24,3.5
2020,43745,증평군,M,20-24,3.3
2021,43745,증평군,M,20-24,4.3
2022,43745,증평군,M,20-24,2.0
2023,43745,증평군,M,20-24,1.2
2024,43745,증평군,M,20-24,-2.5
2025,43745,증평군,M,20-24,0.7
2015,43745,증평군,M,25-29,6.2
2016,43745,증평군,M,25-29,0.3
2017,43745,증평군,M,25-29,3.1
2018,43745,증평군,M,25-29,-0.4
2019,43745,증평군,M,25-29,1.1
2020,43745,증평군,M,25-29,-0.7
2021,43745,증평군,M,25-29,0.9
2022,43745,증평군,M,25-29,3.9
2023,43745,증평군,M,25-29,-0.3
2024,43745,증평군,M,25-29,0.3
2025,43745,증평군,M,25-29,-2.2
2015,43745,증평군,M,30-34,9.0
2016,43745,증평군,M,30-34,3.2
2017,43745,증평군,M,30-34,1.6
2018,43745,증평군,M,30-34,-4.4
2019,43745,증평군,M,30-34,-0.4
2020,43745,증평군,M,30-34,-0.7
2021,43745,증평군,M,30-34,-8.6
2022,43745,증평군,M,30-34,7.2
2023,43745,증평군,M,30-34,0.0
2024,43745,증평군,M,30-34,-2.6
2025,43745,증평군,M,30-34,-2.2
2015,43745,증평군,F,20-24,4.0
2016,43745,증평군,F,20-24,-2.1
2017,43745,증평군,F,20-24,-2.2
2018,43745,증평군,F,20-24,-5.1
2019,43745,증평군,F,20-24,-1.9
2020,43745,증평군,F,20-24,-7.0
2021,43745,증평군,F,20-24,-6.9
2022,43745,증평군,F,20-24,0.5
2023,43745,증평군,F,20-24,-2.3
2024,43745,증평군,F,20-24,-11.0
2025,43745,증평군,F,20-24,-3.4
2015,43745,증평군,F,25-29,6.6
2016,43745,증평군,F,25-29,2.0
2017,43745,증평군,F,25-29,4.8
2018,43745,증평군,F,25-29,-4.3
2019,43745,증평군,F,25-29,-1.5
2020,43745,증평군,F,25-29,-4.2
2021,43745,증평군,F,25-29,-3.2
2022,43745,증평군,F,25-29,10.0
2023,43745,증평군,F,25-29,4.4
2024,43745,증평군,F,25-29,0.0
2025,43745,증평군,F,25-29,-0.9
2015,43745,증평군,F,30-34,11.0
2016,43745,증평군,F,30-34,2.7
2017,43745,증평군,F,30-34,0.4
2018,43745,증평군,F,30-34,-1.9
2019,43745,증평군,F,30-34,-2.5
2020,43745,증평군,F,30-34,-1.0
2021,43745,증평군,F,30-34,-3.8
2022,43745,증평군,F,30-34,3.7
2023,43745,증평군,F,30-34,3.3
2024,43745,증평군,F,30-34,-1.3
2025,43745,증평군,F,30-34,-2.3
2015,43750,진천군,M,20-24,1.4
2016,43750,진천군,M,20-24,-0.8
2017,43750,진천군,M,20-24,4.6
2018,43750,진천군,M,20-24,5.5
2019,43750,진천군,M,20-24,2.3
2020,43750,진천군,M,20-24,-1.7
2021,43750,진천군,M,20-24,1.0
2022,43750,진천군,M,20-24,3.9
2023,43750,진천군,M,20-24,-4.4
2024,43750,진천군,M,20-24,-5.8
2025,43750,진천군,M,20-24,-4.0
2015,43750,진천군,M,25-29,4.6
2016,43750,진천군,M,25-29,4.0
2017,43750,진천군,M,25-29,9.4
2018,43750,진천군,M,25-29,13.2
2019,43750,진천군,M,25-29,9.9
2020,43750,진천군,M,25-29,8.8
2021,43750,진천군,M,25-29,6.7
2022,43750,진천군,M,25-29,7.0
2023,43750,진천군,M,25-29,3.1
2024,43750,진천군,M,25-29,-0.4
2025,43750,진천군,M,25-29,2.8
2015,43750,진천군,M,30-34,5.9
2016,43750,진천군,M,30-34,4.7
2017,43750,진천군,M,30-34,12.7
2018,43750,진천군,M,30-34,10.3
2019,43750,진천군,M,30-34,5.9
2020,43750,진천군,M,30-34,5.3
2021,43750,진천군,M,30-34,2.3
2022,43750,진천군,M,30-34,1.8
2023,43750,진천군,M,30-34,-0.4
2024,43750,진천군,M,30-34,-1.3
2025,43750,진천군,M,30-34,-0.7
2015,43750,진천군,F,20-24,-0.6
2016,43750,진천군,F,20-24,-0.9
2017,43750,진천군,F,20-24,-0.3
2018,43750,진천군,F,20-24,1.9
2019,43750,진천군,F,20-24,-3.0
2020,43750,진천군,F,20-24,-2.5
2021,43750,진천군,F,20-24,-4.6
2022,43750,진천군,F,20-24,-2.8
2023,43750,진천군,F,20-24,-4.7
2024,43750,진천군,F,20-24,-5.9
2025,43750,진천군,F,20-24,-5.4
2015,43750,진천군,F,25-29,5.4
2016,43750,진천군,F,25-29,2.0
2017,43750,진천군,F,25-29,12.4
2018,43750,진천군,F,25-29,9.5
2019,43750,진천군,F,25-29,6.1
2020,43750,진천군,F,25-29,5.7
2021,43750,진천군,F,25-29,4.1
2022,43750,진천군,F,25-29,2.2
2023,43750,진천군,F,25-29,0.0
2024,43750,진천군,F,25-29,-0.6
2025,43750,진천군,F,25-29,3.1
2015,43750,진천군,F,30-34,7.0
2016,43750,진천군,F,30-34,4.1
2017,43750,진천군,F,30-34,12.9
2018,43750,진천군,F,30-34,11.0
2019,43750,진천군,F,30-34,8.2
2020,43750,진천군,F,30-34,7.3
2021,43750,진천군,F,30-34,5.4
2022,43750,진천군,F,30-34,1.0
2023,43750,진천군,F,30-34,0.7
2024,43750,진천군,F,30-34,3.4
2025,43750,진천군,F,30-34,0.7
2015,43760,괴산군,M,20-24,-1.9
2016,43760,괴산군,M,20-24,-3.4
2017,43760,괴산군,M,20-24,14.2
2018,43760,괴산군,M,20-24,-4.2
2019,43760,괴산군,M,20-24,-3.3
2020,43760,괴산군,M,20-24,-7.4
2021,43760,괴산군,M,20-24,-20.9
2022,43760,괴산군,M,20-24,-13.3
2023,43760,괴산군,M,20-24,-7.1
2024,43760,괴산군,M,20-24,-1.7
2025,43760,괴산군,M,20-24,3.9
2015,43760,괴산군,M,25-29,-3.9
2016,43760,괴산군,M,25-29,-2.2
2017,43760,괴산군,M,25-29,-10.1
2018,43760,괴산군,M,25-29,-1.7
2019,43760,괴산군,M,25-29,-4.5
2020,43760,괴산군,M,25-29,-3.6
2021,43760,괴산군,M,25-29,-18.8
2022,43760,괴산군,M,25-29,-16.5
2023,43760,괴산군,M,25-29,-9.9
2024,43760,괴산군,M,25-29,-3.6
2025,43760,괴산군,M,25-29,17.0
2015,43760,괴산군,M,30-34,-0.2
2016,43760,괴산군,M,30-34,-4.2
2017,43760,괴산군,M,30-34,-5.0
2018,43760,괴산군,M,30-34,-0.7
2019,43760,괴산군,M,30-34,2.8
2020,43760,괴산군,M,30-34,-6.1
2021,43760,괴산군,M,30-34,-13.2
2022,43760,괴산군,M,30-34,-8.3
2023,43760,괴산군,M,30-34,-0.9
2024,43760,괴산군,M,30-34,-5.2
2025,43760,괴산군,M,30-34,14.7
2015,43760,괴산군,F,20-24,-2.5
2016,43760,괴산군,F,20-24,-5.5
2017,43760,괴산군,F,20-24,8.3
2018,43760,괴산군,F,20-24,-7.9
2019,43760,괴산군,F,20-24,-7.0
2020,43760,괴산군,F,20-24,-17.0
2021,43760,괴산군,F,20-24,-24.6
2022,43760,괴산군,F,20-24,-21.9
2023,43760,괴산군,F,20-24,-15.4
2024,43760,괴산군,F,20-24,0.5
2025,43760,괴산군,F,20-24,7.3
2015,43760,괴산군,F,25-29,-6.3
2016,43760,괴산군,F,25-29,-3.0
2017,43760,괴산군,F,25-29,-10.1
2018,43760,괴산군,F,25-29,-6.0
2019,43760,괴산군,F,25-29,-3.4
2020,43760,괴산군,F,25-29,-5.6
2021,43760,괴산군,F,25-29,-14.3
2022,43760,괴산군,F,25-29,-13.1
2023,43760,괴산군,F,25-29,-3.9
2024,43760,괴산군,F,25-29,-5.5
2025,43760,괴산군,F,25-29,19.7
2015,43760,괴산군,F,30-34,-1.1
2016,43760,괴산군,F,30-34,-0.5
2017,43760,괴산군,F,30-34,-4.2
2018,43760,괴산군,F,30-34,0.6
2019,43760,괴산군,F,30-34,-1.5
2020,43760,괴산군,F,30-34,0.0
2021,43760,괴산군,F,30-34,-16.1
2022,43760,괴산군,F,30-34,-0.9
2023,43760,괴산군,F,30-34,-8.4
2024,43760,괴산군,F,30-34,-1.7
2025,43760,괴산군,F,30-34,12.6
2015,43770,음성군,M,20-24,2.8
2016,43770,음성군,M,20-24,-1.1
2017,43770,음성군,M,20-24,-3.6
2018,43770,음성군,M,20-24,-2.0
2019,43770,음성군,M,20-24,-1.9
2020,43770,음성군,M,20-24,-4.7
2021,43770,음성군,M,20-24,-5.4
2022,43770,음성군,M,20-24,-4.5
2023,43770,음성군,M,20-24,-4.9
2024,43770,음성군,M,20-24,-2.3
2025,43770,음성군,M,20-24,2.3
2015,43770,음성군,M,25-29,6.8
2016,43770,음성군,M,25-29,2.3
2017,43770,음성군,M,25-29,0.0
2018,43770,음성군,M,25-29,1.2
2019,43770,음성군,M,25-29,0.8
2020,43770,음성군,M,25-29,-2.5
2021,43770,음성군,M,25-29,-0.8
2022,43770,음성군,M,25-29,0.7
2023,43770,음성군,M,25-29,2.2
2024,43770,음성군,M,25-29,5.2
2025,43770,음성군,M,25-29,10.8
2015,43770,음성군,M,30-34,2.7
2016,43770,음성군,M,30-34,2.6
2017,43770,음성군,M,30-34,-2.8
2018,43770,음성군,M,30-34,-2.1
2019,43770,음성군,M,30-34,-2.7
2020,43770,음성군,M,30-34,-4.7
2021,43770,음성군,M,30-34,-2.6
2022,43770,음성군,M,30-34,-0.8
2023,43770,음성군,M,30-34,-1.3
2024,43770,음성군,M,30-34,0.8
2025,43770,음성군,M,30-34,7.1
2015,43770,음성군,F,20-24,0.6
2016,43770,음성군,F,20-24,-1.8
2017,43770,음성군,F,20-24,-6.0
2018,43770,음성군,F,20-24,-6.5
2019,43770,음성군,F,20-24,-6.0
2020,43770,음성군,F,20-24,-10.2
2021,43770,음성군,F,20-24,-7.9
2022,43770,음성군,F,20-24,-6.9
2023,43770,음성군,F,20-24,-8.8
2024,43770,음성군,F,20-24,-3.4
2025,43770,음성군,F,20-24,-2.0
2015,43770,음성군,F,25-29,2.8
2016,43770,음성군,F,25-29,3.4
2017,43770,음성군,F,25-29,-5.1
2018,43770,음성군,F,25-29,-3.9
2019,43770,음성군,F,25-29,-3.2
2020,43770,음성군,F,25-29,-5.0
2021,43770,음성군,F,25-29,0.4
2022,43770,음성군,F,25-29,0.9
2023,43770,음성군,F,25-29,-2.2
2024,43770,음성군,F,25-29,3.2
2025,43770,음성군,F,25-29,8.1
2015,43770,음성군,F,30-34,0.1
2016,43770,음성군,F,30-34,3.3
2017,43770,음성군,F,30-34,-0.7
2018,43770,음성군,F,30-34,-3.3
2019,43770,음성군,F,30-34,-3.5
2020,43770,음성군,F,30-34,-6.9
2021,43770,음성군,F,30-34,-3.7
2022,43770,음성군,F,30-34,-1.4
2023,43770,음성군,F,30-34,-0.1
2024,43770,음성군,F,30-34,-1.9
2025,43770,음성군,F,30-34,8.7
2015,43800,단양군,M,20-24,-4.9
2016,43800,단양군,M,20-24,-4.4
2017,43800,단양군,M,20-24,-3.3
2018,43800,단양군,M,20-24,-3.5
2019,43800,단양군,M,20-24,-3.5
2020,43800,단양군,M,20-24,-2.5
2021,43800,단양군,M,20-24,-10.7
2022,43800,단양군,M,20-24,-11.0
2023,43800,단양군,M,20-24,-6.9
2024,43800,단양군,M,20-24,-9.0
2025,43800,단양군,M,20-24,-10.8
2015,43800,단양군,M,25-29,-5.9
2016,43800,단양군,M,25-29,-9.5
2017,43800,단양군,M,25-29,-6.2
2018,43800,단양군,M,25-29,-4.5
2019,43800,단양군,M,25-29,-6.8
2020,43800,단양군,M,25-29,-11.5
2021,43800,단양군,M,25-29,-16.0
2022,43800,단양군,M,25-29,-4.5
2023,43800,단양군,M,25-29,-3.3
2024,43800,단양군,M,25-29,0.2
2025,43800,단양군,M,25-29,-5.3
2015,43800,단양군,M,30-34,-0.7
2016,43800,단양군,M,30-34,-6.6
2017,43800,단양군,M,30-34,-4.2
2018,43800,단양군,M,30-34,-0.4
2019,43800,단양군,M,30-34,-11.8
2020,43800,단양군,M,30-34,-6.8
2021,43800,단양군,M,30-34,-9.9
2022,43800,단양군,M,30-34,0.2
2023,43800,단양군,M,30-34,-0.9
2024,43800,단양군,M,30-34,-3.5
2025,43800,단양군,M,30-34,-4.6
2015,43800,단양군,F,20-24,-5.9
2016,43800,단양군,F,20-24,-8.6
2017,43800,단양군,F,20-24,-7.2
2018,43800,단양군,F,20-24,-4.8
2019,43800,단양군,F,20-24,-14.1
2020,43800,단양군,F,20-24,-15.5
2021,43800,단양군,F,20-24,-12.5
2022,43800,단양군,F,20-24,-13.4
2023,43800,단양군,F,20-24,-12.5
2024,43800,단양군,F,20-24,-12.0
2025,43800,단양군,F,20-24,-7.0
2015,43800,단양군,F,25-29,-12.9
2016,43800,단양군,F,25-29,-3.8
2017,43800,단양군,F,25-29,-3.4
2018,43800,단양군,F,25-29,-2.5
2019,43800,단양군,F,25-29,-8.1
2020,43800,단양군,F,25-29,-15.2
2021,43800,단양군,F,25-29,-7.2
2022,43800,단양군,F,25-29,-8.4
2023,43800,단양군,F,25-29,-2.2
2024,43800,단양군,F,25-29,-5.1
2025,43800,단양군,F,25-29,-3.6
2015,43800,단양군,F,30-34,1.2
2016,43800,단양군,F,30-34,-2.4
2017,43800,단양군,F,30-34,-2.0
2018,43800,단양군,F,30-34,3.7
2019,43800,단양군,F,30-34,-5.2
2020,43800,단양군,F,30-34,-10.9
2021,43800,단양군,F,30-34,-7.0
2022,43800,단양군,F,30-34,-1.4
2023,43800,단양군,F,30-34,4.4
2024,43800,단양군,F,30-34,-5.0
2025,43800,단양군,F,30-34,-5.5
2015,44,충청남도,M,20-24,-0.1
2016,44,충청남도,M,20-24,-0.1
2017,44,충청남도,M,20-24,0.3
2018,44,충청남도,M,20-24,-0.2
2019,44,충청남도,M,20-24,-1.1
2020,44,충청남도,M,20-24,-1.6
2021,44,충청남도,M,20-24,-1.7
2022,44,충청남도,M,20-24,-0.7
2023,44,충청남도,M,20-24,-0.5
2024,44,충청남도,M,20-24,-0.2
2025,44,충청남도,M,20-24,-1.2
2015,44,충청남도,M,25-29,1.6
2016,44,충청남도,M,25-29,1.3
2017,44,충청남도,M,25-29,1.8
2018,44,충청남도,M,25-29,1.1
2019,44,충청남도,M,25-29,-0.2
2020,44,충청남도,M,25-29,0.2
2021,44,충청남도,M,25-29,0.7
2022,44,충청남도,M,25-29,1.1
2023,44,충청남도,M,25-29,1.6
2024,44,충청남도,M,25-29,1.6
2025,44,충청남도,M,25-29,1.2
2015,44,충청남도,M,30-34,0.5
2016,44,충청남도,M,30-34,1.0
2017,44,충청남도,M,30-34,1.7
2018,44,충청남도,M,30-34,0.5
2019,44,충청남도,M,30-34,0.0
2020,44,충청남도,M,30-34,0.0
2021,44,충청남도,M,30-34,0.1
2022,44,충청남도,M,30-34,0.8
2023,44,충청남도,M,30-34,1.3
2024,44,충청남도,M,30-34,1.1
2025,44,충청남도,M,30-34,0.6
2015,44,충청남도,F,20-24,-1.5
2016,44,충청남도,F,20-24,-2.0
2017,44,충청남도,F,20-24,-2.2
2018,44,충청남도,F,20-24,-2.8
2019,44,충청남도,F,20-24,-4.2
2020,44,충청남도,F,20-24,-5.7
2021,44,충청남도,F,20-24,-4.1
2022,44,충청남도,F,20-24,-3.5
2023,44,충청남도,F,20-24,-2.9
2024,44,충청남도,F,20-24,-3.0
2025,44,충청남도,F,20-24,-3.7
2015,44,충청남도,F,25-29,0.4
2016,44,충청남도,F,25-29,0.3
2017,44,충청남도,F,25-29,0.5
2018,44,충청남도,F,25-29,-0.7
2019,44,충청남도,F,25-29,-1.3
2020,44,충청남도,F,25-29,-1.2
2021,44,충청남도,F,25-29,-0.5
2022,44,충청남도,F,25-29,0.2
2023,44,충청남도,F,25-29,0.7
2024,44,충청남도,F,25-29,1.1
2025,44,충청남도,F,25-29,0.9
2015,44,충청남도,F,30-34,0.9
2016,44,충청남도,F,30-34,1.3
2017,44,충청남도,F,30-34,1.6
2018,44,충청남도,F,30-34,0.9
2019,44,충청남도,F,30-34,0.1
2020,44,충청남도,F,30-34,-0.3
2021,44,충청남도,F,30-34,0.4
2022,44,충청남도,F,30-34,1.0
2023,44,충청남도,F,30-34,1.5
2024,44,충청남도,F,30-34,1.5
2025,44,충청남도,F,30-34,0.8
2015,44130,천안시,M,20-24,1.3
2016,44130,천안시,M,20-24,2.3
2017,44130,천안시,M,20-24,3.0
2018,44130,천안시,M,20-24,3.2
2019,44130,천안시,M,20-24,2.4
2020,44130,천안시,M,20-24,2.9
2021,44130,천안시,M,20-24,1.6
2022,44130,천안시,M,20-24,2.7
2023,44130,천안시,M,20-24,3.0
2024,44130,천안시,M,20-24,2.7
2025,44130,천안시,M,20-24,3.2
2015,44130,천안시,M,25-29,3.8
2016,44130,천안시,M,25-29,4.4
2017,44130,천안시,M,25-29,5.7
2018,44130,천안시,M,25-29,4.6
2019,44130,천안시,M,25-29,2.5
2020,44130,천안시,M,25-29,3.4
2021,44130,천안시,M,25-29,1.5
2022,44130,천안시,M,25-29,1.4
2023,44130,천안시,M,25-29,1.5
2024,44130,천안시,M,25-29,1.6
2025,44130,천안시,M,25-29,1.6
2015,44130,천안시,M,30-34,1.3
2016,44130,천안시,M,30-34,3.0
2017,44130,천안시,M,30-34,2.9
2018,44130,천안시,M,30-34,3.6
2019,44130,천안시,M,30-34,1.7
2020,44130,천안시,M,30-34,2.3
2021,44130,천안시,M,30-34,-0.5
2022,44130,천안시,M,30-34,-0.3
2023,44130,천안시,M,30-34,-1.1
2024,44130,천안시,M,30-34,0.8
2025,44130,천안시,M,30-34,1.2
2015,44130,천안시,F,20-24,2.6
2016,44130,천안시,F,20-24,2.6
2017,44130,천안시,F,20-24,2.2
2018,44130,천안시,F,20-24,1.4
2019,44130,천안시,F,20-24,0.9
2020,44130,천안시,F,20-24,0.9
2021,44130,천안시,F,20-24,0.2
2022,44130,천안시,F,20-24,0.0
2023,44130,천안시,F,20-24,0.9
2024,44130,천안시,F,20-24,0.9
2025,44130,천안시,F,20-24,0.8
2015,44130,천안시,F,25-29,2.1
2016,44130,천안시,F,25-29,2.5
2017,44130,천안시,F,25-29,2.6
2018,44130,천안시,F,25-29,2.6
2019,44130,천안시,F,25-29,1.3
2020,44130,천안시,F,25-29,1.5
2021,44130,천안시,F,25-29,-0.6
2022,44130,천안시,F,25-29,-0.9
2023,44130,천안시,F,25-29,-0.5
2024,44130,천안시,F,25-29,-0.1
2025,44130,천안시,F,25-29,1.1
2015,44130,천안시,F,30-34,0.5
2016,44130,천안시,F,30-34,1.6
2017,44130,천안시,F,30-34,1.9
2018,44130,천안시,F,30-34,2.6
2019,44130,천안시,F,30-34,1.0
2020,44130,천안시,F,30-34,1.1
2021,44130,천안시,F,30-34,-1.3
2022,44130,천안시,F,30-34,-1.6
2023,44130,천안시,F,30-34,-2.7
2024,44130,천안시,F,30-34,-0.4
2025,44130,천안시,F,30-34,0.5
2015,44150,공주시,M,20-24,-3.2
2016,44150,공주시,M,20-24,-1.1
2017,44150,공주시,M,20-24,-2.4
2018,44150,공주시,M,20-24,-1.6
2019,44150,공주시,M,20-24,-2.1
2020,44150,공주시,M,20-24,-7.0
2021,44150,공주시,M,20-24,-2.8
2022,44150,공주시,M,20-24,3.1
2023,44150,공주시,M,20-24,-0.4
2024,44150,공주시,M,20-24,-0.8
2025,44150,공주시,M,20-24,-3.4
2015,44150,공주시,M,25-29,-6.4
2016,44150,공주시,M,25-29,-7.0
2017,44150,공주시,M,25-29,-6.0
2018,44150,공주시,M,25-29,-6.4
2019,44150,공주시,M,25-29,-8.3
2020,44150,공주시,M,25-29,-9.5
2021,44150,공주시,M,25-29,-7.5
2022,44150,공주시,M,25-29,-4.4
2023,44150,공주시,M,25-29,-3.8
2024,44150,공주시,M,25-29,-6.6
2025,44150,공주시,M,25-29,-4.8
2015,44150,공주시,M,30-34,-8.6
2016,44150,공주시,M,30-34,-4.9
2017,44150,공주시,M,30-34,-4.9
2018,44150,공주시,M,30-34,-3.1
2019,44150,공주시,M,30-34,-3.4
2020,44150,공주시,M,30-34,-6.3
2021,44150,공주시,M,30-34,-2.8
2022,44150,공주시,M,30-34,-4.4
2023,44150,공주시,M,30-34,-1.9
2024,44150,공주시,M,30-34,-2.6
2025,44150,공주시,M,30-34,-5.0
2015,44150,공주시,F,20-24,-2.1
2016,44150,공주시,F,20-24,-3.7
2017,44150,공주시,F,20-24,-4.9
2018,44150,공주시,F,20-24,-5.7
2019,44150,공주시,F,20-24,-6.1
2020,44150,공주시,F,20-24,-12.3
2021,44150,공주시,F,20-24,-3.4
2022,44150,공주시,F,20-24,0.9
2023,44150,공주시,F,20-24,-0.8
2024,44150,공주시,F,20-24,-3.8
2025,44150,공주시,F,20-24,-8.5
2015,44150,공주시,F,25-29,-8.0
2016,44150,공주시,F,25-29,-6.9
2017,44150,공주시,F,25-29,-6.1
2018,44150,공주시,F,25-29,-5.6
2019,44150,공주시,F,25-29,-6.4
2020,44150,공주시,F,25-29,-9.2
2021,44150,공주시,F,25-29,-4.0
2022,44150,공주시,F,25-29,-7.6
2023,44150,공주시,F,25-29,-2.2
2024,44150,공주시,F,25-29,-7.0
2025,44150,공주시,F,25-29,-9.3
2015,44150,공주시,F,30-34,-5.6
2016,44150,공주시,F,30-34,-3.8
2017,44150,공주시,F,30-34,-4.0
2018,44150,공주시,F,30-34,-2.3
2019,44150,공주시,F,30-34,-1.9
2020,44150,공주시,F,30-34,-4.2
2021,44150,공주시,F,30-34,-4.2
2022,44150,공주시,F,30-34,-2.0
2023,44150,공주시,F,30-34,-2.0
2024,44150,공주시,F,30-34,-3.3
2025,44150,공주시,F,30-34,-2.6
2015,44180,보령시,M,20-24,-2.5
2016,44180,보령시,M,20-24,-2.2
2017,44180,보령시,M,20-24,-3.1
2018,44180,보령시,M,20-24,-4.9
2019,44180,보령시,M,20-24,-4.0
2020,44180,보령시,M,20-24,-4.2
2021,44180,보령시,M,20-24,-6.9
2022,44180,보령시,M,20-24,-7.6
2023,44180,보령시,M,20-24,-9.7
2024,44180,보령시,M,20-24,-8.5
2025,44180,보령시,M,20-24,-5.8
2015,44180,보령시,M,25-29,-1.5
2016,44180,보령시,M,25-29,-4.5
2017,44180,보령시,M,25-29,-4.0
2018,44180,보령시,M,25-29,-3.1
2019,44180,보령시,M,25-29,-3.3
2020,44180,보령시,M,25-29,-4.8
2021,44180,보령시,M,25-29,-3.6
2022,44180,보령시,M,25-29,-4.2
2023,44180,보령시,M,25-29,-4.0
2024,44180,보령시,M,25-29,-2.3
2025,44180,보령시,M,25-29,-1.0
2015,44180,보령시,M,30-34,1.7
2016,44180,보령시,M,30-34,-2.5
2017,44180,보령시,M,30-34,-1.1
2018,44180,보령시,M,30-34,-3.7
2019,44180,보령시,M,30-34,-3.7
2020,44180,보령시,M,30-34,-3.3
2021,44180,보령시,M,30-34,-1.8
2022,44180,보령시,M,30-34,-2.4
2023,44180,보령시,M,30-34,-1.2
2024,44180,보령시,M,30-34,-6.9
2025,44180,보령시,M,30-34,-3.4
2015,44180,보령시,F,20-24,-3.0
2016,44180,보령시,F,20-24,-7.6
2017,44180,보령시,F,20-24,-6.9
2018,44180,보령시,F,20-24,-5.8
2019,44180,보령시,F,20-24,-6.6
2020,44180,보령시,F,20-24,-11.0
2021,44180,보령시,F,20-24,-9.5
2022,44180,보령시,F,20-24,-7.7
2023,44180,보령시,F,20-24,-9.9
2024,44180,보령시,F,20-24,-9.1
2025,44180,보령시,F,20-24,-6.4
2015,44180,보령시,F,25-29,-0.9
2016,44180,보령시,F,25-29,-3.1
2017,44180,보령시,F,25-29,-2.5
2018,44180,보령시,F,25-29,-5.1
2019,44180,보령시,F,25-29,-4.6
2020,44180,보령시,F,25-29,-6.3
2021,44180,보령시,F,25-29,-3.8
2022,44180,보령시,F,25-29,-0.3
2023,44180,보령시,F,25-29,-2.7
2024,44180,보령시,F,25-29,-5.5
2025,44180,보령시,F,25-29,-2.4
2015,44180,보령시,F,30-34,3.3
2016,44180,보령시,F,30-34,-1.6
2017,44180,보령시,F,30-34,1.1
2018,44180,보령시,F,30-34,-0.5
2019,44180,보령시,F,30-34,-0.5
2020,44180,보령시,F,30-34,-2.3
2021,44180,보령시,F,30-34,-3.0
2022,44180,보령시,F,30-34,-1.0
2023,44180,보령시,F,30-34,-1.8
2024,44180,보령시,F,30-34,-4.5
2025,44180,보령시,F,30-34,-0.9
2015,44200,아산시,M,20-24,1.6
2016,44200,아산시,M,20-24,2.2
2017,44200,아산시,M,20-24,3.7
2018,44200,아산시,M,20-24,1.4
2019,44200,아산시,M,20-24,0.9
2020,44200,아산시,M,20-24,1.2
2021,44200,아산시,M,20-24,2.8
2022,44200,아산시,M,20-24,3.3
2023,44200,아산시,M,20-24,2.4
2024,44200,아산시,M,20-24,4.6
2025,44200,아산시,M,20-24,0.9
2015,44200,아산시,M,25-29,4.1
2016,44200,아산시,M,25-29,3.3
2017,44200,아산시,M,25-29,7.2
2018,44200,아산시,M,25-29,4.4
2019,44200,아산시,M,25-29,2.9
2020,44200,아산시,M,25-29,4.4
2021,44200,아산시,M,25-29,7.9
2022,44200,아산시,M,25-29,6.3
2023,44200,아산시,M,25-29,6.4
2024,44200,아산시,M,25-29,7.9
2025,44200,아산시,M,25-29,2.6
2015,44200,아산시,M,30-34,0.2
2016,44200,아산시,M,30-34,0.9
2017,44200,아산시,M,30-34,5.5
2018,44200,아산시,M,30-34,0.8
2019,44200,아산시,M,30-34,1.1
2020,44200,아산시,M,30-34,1.3
2021,44200,아산시,M,30-34,6.2
2022,44200,아산시,M,30-34,6.2
2023,44200,아산시,M,30-34,7.7
2024,44200,아산시,M,30-34,5.6
2025,44200,아산시,M,30-34,1.7
2015,44200,아산시,F,20-24,-3.4
2016,44200,아산시,F,20-24,-2.9
2017,44200,아산시,F,20-24,-0.9
2018,44200,아산시,F,20-24,-0.4
2019,44200,아산시,F,20-24,-2.5
2020,44200,아산시,F,20-24,-3.9
2021,44200,아산시,F,20-24,-0.2
2022,44200,아산시,F,20-24,-0.8
2023,44200,아산시,F,20-24,0.5
2024,44200,아산시,F,20-24,0.5
2025,44200,아산시,F,20-24,-2.4
2015,44200,아산시,F,25-29,1.8
2016,44200,아산시,F,25-29,0.2
2017,44200,아산시,F,25-29,2.9
2018,44200,아산시,F,25-29,-0.7
2019,44200,아산시,F,25-29,-0.2
2020,44200,아산시,F,25-29,1.4
2021,44200,아산시,F,25-29,6.0
2022,44200,아산시,F,25-29,6.4
2023,44200,아산시,F,25-29,7.0
2024,44200,아산시,F,25-29,8.4
2025,44200,아산시,F,25-29,3.6
2015,44200,아산시,F,30-34,1.1
2016,44200,아산시,F,30-34,2.3
2017,44200,아산시,F,30-34,4.8
2018,44200,아산시,F,30-34,0.2
2019,44200,아산시,F,30-34,0.6
2020,44200,아산시,F,30-34,0.3
2021,44200,아산시,F,30-34,7.8
2022,44200,아산시,F,30-34,6.9
2023,44200,아산시,F,30-34,10.3
2024,44200,아산시,F,30-34,6.2
2025,44200,아산시,F,30-34,2.9
2015,44210,서산시,M,20-24,0.8
2016,44210,서산시,M,20-24,-1.4
2017,44210,서산시,M,20-24,-0.4
2018,44210,서산시,M,20-24,0.7
2019,44210,서산시,M,20-24,-0.8
2020,44210,서산시,M,20-24,-1.1
2021,44210,서산시,M,20-24,-2.2
2022,44210,서산시,M,20-24,-2.0
2023,44210,서산시,M,20-24,-1.4
2024,44210,서산시,M,20-24,-2.7
2025,44210,서산시,M,20-24,-3.8
2015,44210,서산시,M,25-29,5.7
2016,44210,서산시,M,25-29,3.6
2017,44210,서산시,M,25-29,0.7
2018,44210,서산시,M,25-29,3.1
2019,44210,서산시,M,25-29,2.2
2020,44210,서산시,M,25-29,3.9
2021,44210,서산시,M,25-29,2.7
2022,44210,서산시,M,25-29,2.4
2023,44210,서산시,M,25-29,2.6
2024,44210,서산시,M,25-29,-0.1
2025,44210,서산시,M,25-29,-0.7
2015,44210,서산시,M,30-34,3.0
2016,44210,서산시,M,30-34,0.4
2017,44210,서산시,M,30-34,1.2
2018,44210,서산시,M,30-34,2.6
2019,44210,서산시,M,30-34,0.7
2020,44210,서산시,M,30-34,0.9
2021,44210,서산시,M,30-34,0.8
2022,44210,서산시,M,30-34,-1.0
2023,44210,서산시,M,30-34,-0.4
2024,44210,서산시,M,30-34,-3.0
2025,44210,서산시,M,30-34,-2.5
2015,44210,서산시,F,20-24,-1.9
2016,44210,서산시,F,20-24,-4.1
2017,44210,서산시,F,20-24,-4.7
2018,44210,서산시,F,20-24,-4.5
2019,44210,서산시,F,20-24,-7.1
2020,44210,서산시,F,20-24,-8.7
2021,44210,서산시,F,20-24,-8.4
2022,44210,서산시,F,20-24,-6.7
2023,44210,서산시,F,20-24,-7.4
2024,44210,서산시,F,20-24,-6.6
2025,44210,서산시,F,20-24,-6.8
2015,44210,서산시,F,25-29,3.4
2016,44210,서산시,F,25-29,1.0
2017,44210,서산시,F,25-29,2.5
2018,44210,서산시,F,25-29,2.7
2019,44210,서산시,F,25-29,-0.8
2020,44210,서산시,F,25-29,0.7
2021,44210,서산시,F,25-29,1.4
2022,44210,서산시,F,25-29,1.8
2023,44210,서산시,F,25-29,-0.5
2024,44210,서산시,F,25-29,-1.0
2025,44210,서산시,F,25-29,-1.3
2015,44210,서산시,F,30-34,3.6
2016,44210,서산시,F,30-34,0.1
2017,44210,서산시,F,30-34,1.7
2018,44210,서산시,F,30-34,4.4
2019,44210,서산시,F,30-34,1.7
2020,44210,서산시,F,30-34,0.4
2021,44210,서산시,F,30-34,1.6
2022,44210,서산시,F,30-34,1.0
2023,44210,서산시,F,30-34,0.6
2024,44210,서산시,F,30-34,-1.4
2025,44210,서산시,F,30-34,-1.2
2015,44230,논산시,M,20-24,-2.2
2016,44230,논산시,M,20-24,-3.8
2017,44230,논산시,M,20-24,-6.6
2018,44230,논산시,M,20-24,-5.3
2019,44230,논산시,M,20-24,-4.1
2020,44230,논산시,M,20-24,-5.9
2021,44230,논산시,M,20-24,-7.5
2022,44230,논산시,M,20-24,-6.1
2023,44230,논산시,M,20-24,-6.5
2024,44230,논산시,M,20-24,-7.7
2025,44230,논산시,M,20-24,-5.6
2015,44230,논산시,M,25-29,-4.4
2016,44230,논산시,M,25-29,-2.0
2017,44230,논산시,M,25-29,-5.9
2018,44230,논산시,M,25-29,-4.2
2019,44230,논산시,M,25-29,-3.5
2020,44230,논산시,M,25-29,-5.3
2021,44230,논산시,M,25-29,-3.8
2022,44230,논산시,M,25-29,-0.8
2023,44230,논산시,M,25-29,-3.1
2024,44230,논산시,M,25-29,-4.0
2025,44230,논산시,M,25-29,0.5
2015,44230,논산시,M,30-34,-0.8
2016,44230,논산시,M,30-34,-3.8
2017,44230,논산시,M,30-34,-0.9
2018,44230,논산시,M,30-34,-5.5
2019,44230,논산시,M,30-34,-2.9
2020,44230,논산시,M,30-34,-5.7
2021,44230,논산시,M,30-34,-4.9
2022,44230,논산시,M,30-34,-2.7
2023,44230,논산시,M,30-34,-4.4
2024,44230,논산시,M,30-34,-2.1
2025,44230,논산시,M,30-34,-2.2
2015,44230,논산시,F,20-24,-8.5
2016,44230,논산시,F,20-24,-9.3
2017,44230,논산시,F,20-24,-8.8
2018,44230,논산시,F,20-24,-8.1
2019,44230,논산시,F,20-24,-9.5
2020,44230,논산시,F,20-24,-11.2
2021,44230,논산시,F,20-24,-10.0
2022,44230,논산시,F,20-24,-8.2
2023,44230,논산시,F,20-24,-8.2
2024,44230,논산시,F,20-24,-10.5
2025,44230,논산시,F,20-24,-6.9
2015,44230,논산시,F,25-29,-3.1
2016,44230,논산시,F,25-29,-5.4
2017,44230,논산시,F,25-29,-2.8
2018,44230,논산시,F,25-29,-5.8
2019,44230,논산시,F,25-29,-3.3
2020,44230,논산시,F,25-29,-5.8
2021,44230,논산시,F,25-29,-1.4
2022,44230,논산시,F,25-29,-4.6
2023,44230,논산시,F,25-29,-2.1
2024,44230,논산시,F,25-29,-4.5
2025,44230,논산시,F,25-29,-0.7
2015,44230,논산시,F,30-34,-0.2
2016,44230,논산시,F,30-34,-2.5
2017,44230,논산시,F,30-34,-0.6
2018,44230,논산시,F,30-34,-2.2
2019,44230,논산시,F,30-34,-1.4
2020,44230,논산시,F,30-34,-2.7
2021,44230,논산시,F,30-34,-3.1
2022,44230,논산시,F,30-34,-2.9
2023,44230,논산시,F,30-34,-5.7
2024,44230,논산시,F,30-34,-1.6
2025,44230,논산시,F,30-34,-3.1
2015,44250,계룡시,M,20-24,-2.0
2016,44250,계룡시,M,20-24,-4.6
2017,44250,계룡시,M,20-24,-4.2
2018,44250,계룡시,M,20-24,-4.5
2019,44250,계룡시,M,20-24,-5.9
2020,44250,계룡시,M,20-24,-8.6
2021,44250,계룡시,M,20-24,-8.5
2022,44250,계룡시,M,20-24,-7.5
2023,44250,계룡시,M,20-24,-5.5
2024,44250,계룡시,M,20-24,-5.6
2025,44250,계룡시,M,20-24,-11.5
2015,44250,계룡시,M,25-29,-0.2
2016,44250,계룡시,M,25-29,-0.4
2017,44250,계룡시,M,25-29,-0.1
2018,44250,계룡시,M,25-29,-8.1
2019,44250,계룡시,M,25-29,-3.7
2020,44250,계룡시,M,25-29,-5.2
2021,44250,계룡시,M,25-29,-4.7
2022,44250,계룡시,M,25-29,1.1
2023,44250,계룡시,M,25-29,3.6
2024,44250,계룡시,M,25-29,-2.7
2025,44250,계룡시,M,25-29,-5.5
2015,44250,계룡시,M,30-34,5.9
2016,44250,계룡시,M,30-34,3.9
2017,44250,계룡시,M,30-34,6.8
2018,44250,계룡시,M,30-34,-5.2
2019,44250,계룡시,M,30-34,-5.2
2020,44250,계룡시,M,30-34,2.6
2021,44250,계룡시,M,30-34,13.3
2022,44250,계룡시,M,30-34,11.2
2023,44250,계룡시,M,30-34,14.9
2024,44250,계룡시,M,30-34,0.9
2025,44250,계룡시,M,30-34,1.9
2015,44250,계룡시,F,20-24,-4.3
2016,44250,계룡시,F,20-24,-7.7
2017,44250,계룡시,F,20-24,-6.5
2018,44250,계룡시,F,20-24,-7.0
2019,44250,계룡시,F,20-24,-13.0
2020,44250,계룡시,F,20-24,-14.0
2021,44250,계룡시,F,20-24,-11.9
2022,44250,계룡시,F,20-24,-13.3
2023,44250,계룡시,F,20-24,-5.0
2024,44250,계룡시,F,20-24,-12.9
2025,44250,계룡시,F,20-24,-13.3
2015,44250,계룡시,F,25-29,-3.8
2016,44250,계룡시,F,25-29,1.2
2017,44250,계룡시,F,25-29,3.8
2018,44250,계룡시,F,25-29,-7.4
2019,44250,계룡시,F,25-29,-4.1
2020,44250,계룡시,F,25-29,-6.1
2021,44250,계룡시,F,25-29,1.0
2022,44250,계룡시,F,25-29,3.3
2023,44250,계룡시,F,25-29,7.0
2024,44250,계룡시,F,25-29,1.4
2025,44250,계룡시,F,25-29,-0.9
2015,44250,계룡시,F,30-34,9.2
2016,44250,계룡시,F,30-34,9.1
2017,44250,계룡시,F,30-34,7.3
2018,44250,계룡시,F,30-34,-1.1
2019,44250,계룡시,F,30-34,-1.9
2020,44250,계룡시,F,30-34,4.9
2021,44250,계룡시,F,30-34,9.2
2022,44250,계룡시,F,30-34,14.1
2023,44250,계룡시,F,30-34,18.9
2024,44250,계룡시,F,30-34,3.0
2025,44250,계룡시,F,30-34,-1.5
2015,44270,당진시,M,20-24,2.1
2016,44270,당진시,M,20-24,1.1
2017,44270,당진시,M,20-24,1.9
2018,44270,당진시,M,20-24,-1.1
2019,44270,당진시,M,20-24,-2.0
2020,44270,당진시,M,20-24,-2.5
2021,44270,당진시,M,20-24,-1.0
2022,44270,당진시,M,20-24,-2.7
2023,44270,당진시,M,20-24,-2.6
2024,44270,당진시,M,20-24,-1.6
2025,44270,당진시,M,20-24,-5.0
2015,44270,당진시,M,25-29,7.2
2016,44270,당진시,M,25-29,3.6
2017,44270,당진시,M,25-29,2.5
2018,44270,당진시,M,25-29,1.1
2019,44270,당진시,M,25-29,0.5
2020,44270,당진시,M,25-29,0.1
2021,44270,당진시,M,25-29,3.3
2022,44270,당진시,M,25-29,1.9
2023,44270,당진시,M,25-29,6.1
2024,44270,당진시,M,25-29,6.1
2025,44270,당진시,M,25-29,5.6
2015,44270,당진시,M,30-34,1.8
2016,44270,당진시,M,30-34,1.5
2017,44270,당진시,M,30-34,0.4
2018,44270,당진시,M,30-34,-0.6
2019,44270,당진시,M,30-34,-0.9
2020,44270,당진시,M,30-34,-1.9
2021,44270,당진시,M,30-34,-0.3
2022,44270,당진시,M,30-34,1.8
2023,44270,당진시,M,30-34,2.6
2024,44270,당진시,M,30-34,2.7
2025,44270,당진시,M,30-34,2.4
2015,44270,당진시,F,20-24,-3.3
2016,44270,당진시,F,20-24,-2.9
2017,44270,당진시,F,20-24,-3.0
2018,44270,당진시,F,20-24,-3.7
2019,44270,당진시,F,20-24,-7.7
2020,44270,당진시,F,20-24,-8.9
2021,44270,당진시,F,20-24,-5.5
2022,44270,당진시,F,20-24,-5.0
2023,44270,당진시,F,20-24,-7.2
2024,44270,당진시,F,20-24,-6.1
2025,44270,당진시,F,20-24,-8.5
2015,44270,당진시,F,25-29,4.3
2016,44270,당진시,F,25-29,3.2
2017,44270,당진시,F,25-29,1.5
2018,44270,당진시,F,25-29,-0.3
2019,44270,당진시,F,25-29,-2.0
2020,44270,당진시,F,25-29,-3.6
2021,44270,당진시,F,25-29,-0.8
2022,44270,당진시,F,25-29,2.7
2023,44270,당진시,F,25-29,2.8
2024,44270,당진시,F,25-29,4.4
2025,44270,당진시,F,25-29,5.2
2015,44270,당진시,F,30-34,1.3
2016,44270,당진시,F,30-34,1.4
2017,44270,당진시,F,30-34,-0.3
2018,44270,당진시,F,30-34,0.8
2019,44270,당진시,F,30-34,-0.8
2020,44270,당진시,F,30-34,-0.9
2021,44270,당진시,F,30-34,-1.0
2022,44270,당진시,F,30-34,3.5
2023,44270,당진시,F,30-34,5.0
2024,44270,당진시,F,30-34,4.9
2025,44270,당진시,F,30-34,3.5
2015,44710,금산군,M,20-24,-1.5
2016,44710,금산군,M,20-24,-4.1
2017,44710,금산군,M,20-24,-5.4
2018,44710,금산군,M,20-24,-2.5
2019,44710,금산군,M,20-24,-6.4
2020,44710,금산군,M,20-24,-9.6
2021,44710,금산군,M,20-24,-10.9
2022,44710,금산군,M,20-24,-6.3
2023,44710,금산군,M,20-24,-5.9
2024,44710,금산군,M,20-24,-0.6
2025,44710,금산군,M,20-24,-6.7
2015,44710,금산군,M,25-29,-6.8
2016,44710,금산군,M,25-29,-7.2
2017,44710,금산군,M,25-29,-8.0
2018,44710,금산군,M,25-29,-8.6
2019,44710,금산군,M,25-29,-9.2
2020,44710,금산군,M,25-29,-10.4
2021,44710,금산군,M,25-29,-8.5
2022,44710,금산군,M,25-29,-7.1
2023,44710,금산군,M,25-29,-3.9
2024,44710,금산군,M,25-29,-6.4
2025,44710,금산군,M,25-29,-5.3
2015,44710,금산군,M,30-34,-4.3
2016,44710,금산군,M,30-34,-6.5
2017,44710,금산군,M,30-34,-5.8
2018,44710,금산군,M,30-34,-6.9
2019,44710,금산군,M,30-34,-5.9
2020,44710,금산군,M,30-34,-10.1
2021,44710,금산군,M,30-34,-6.9
2022,44710,금산군,M,30-34,1.0
2023,44710,금산군,M,30-34,2.1
2024,44710,금산군,M,30-34,-4.7
2025,44710,금산군,M,30-34,-3.8
2015,44710,금산군,F,20-24,-1.7
2016,44710,금산군,F,20-24,-4.3
2017,44710,금산군,F,20-24,-8.8
2018,44710,금산군,F,20-24,-10.0
2019,44710,금산군,F,20-24,-8.5
2020,44710,금산군,F,20-24,-13.9
2021,44710,금산군,F,20-24,-14.0
2022,44710,금산군,F,20-24,-11.6
2023,44710,금산군,F,20-24,-9.1
2024,44710,금산군,F,20-24,-8.2
2025,44710,금산군,F,20-24,-14.3
2015,44710,금산군,F,25-29,-5.9
2016,44710,금산군,F,25-29,-6.1
2017,44710,금산군,F,25-29,-11.3
2018,44710,금산군,F,25-29,-5.7
2019,44710,금산군,F,25-29,-11.6
2020,44710,금산군,F,25-29,-8.8
2021,44710,금산군,F,25-29,-14.3
2022,44710,금산군,F,25-29,-2.3
2023,44710,금산군,F,25-29,-4.6
2024,44710,금산군,F,25-29,-3.5
2025,44710,금산군,F,25-29,-7.4
2015,44710,금산군,F,30-34,-3.4
2016,44710,금산군,F,30-34,-2.4
2017,44710,금산군,F,30-34,-2.6
2018,44710,금산군,F,30-34,-5.2
2019,44710,금산군,F,30-34,-1.6
2020,44710,금산군,F,30-34,-4.0
2021,44710,금산군,F,30-34,-4.6
2022,44710,금산군,F,30-34,-2.5
2023,44710,금산군,F,30-34,5.0
2024,44710,금산군,F,30-34,-0.9
2025,44710,금산군,F,30-34,-6.5
2015,44760,부여군,M,20-24,-6.0
2016,44760,부여군,M,20-24,-4.4
2017,44760,부여군,M,20-24,-6.0
2018,44760,부여군,M,20-24,-5.6
2019,44760,부여군,M,20-24,-8.8
2020,44760,부여군,M,20-24,-8.9
2021,44760,부여군,M,20-24,-10.7
2022,44760,부여군,M,20-24,-10.8
2023,44760,부여군,M,20-24,-8.5
2024,44760,부여군,M,20-24,-10.0
2025,44760,부여군,M,20-24,-11.8
2015,44760,부여군,M,25-29,-5.4
2016,44760,부여군,M,25-29,-8.8
2017,44760,부여군,M,25-29,-8.9
2018,44760,부여군,M,25-29,-9.1
2019,44760,부여군,M,25-29,-9.4
2020,44760,부여군,M,25-29,-10.6
2021,44760,부여군,M,25-29,-9.9
2022,44760,부여군,M,25-29,-5.9
2023,44760,부여군,M,25-29,-7.8
2024,44760,부여군,M,25-29,-10.9
2025,44760,부여군,M,25-29,-6.4
2015,44760,부여군,M,30-34,-5.1
2016,44760,부여군,M,30-34,-3.8
2017,44760,부여군,M,30-34,-4.7
2018,44760,부여군,M,30-34,-5.4
2019,44760,부여군,M,30-34,-7.9
2020,44760,부여군,M,30-34,-7.7
2021,44760,부여군,M,30-34,-5.3
2022,44760,부여군,M,30-34,-6.5
2023,44760,부여군,M,30-34,-3.9
2024,44760,부여군,M,30-34,-6.4
2025,44760,부여군,M,30-34,-2.8
2015,44760,부여군,F,20-24,-5.3
2016,44760,부여군,F,20-24,-9.3
2017,44760,부여군,F,20-24,-7.2
2018,44760,부여군,F,20-24,-11.0
2019,44760,부여군,F,20-24,-12.1
2020,44760,부여군,F,20-24,-15.5
2021,44760,부여군,F,20-24,-12.8
2022,44760,부여군,F,20-24,-15.4
2023,44760,부여군,F,20-24,-15.0
2024,44760,부여군,F,20-24,-12.0
2025,44760,부여군,F,20-24,-9.0
2015,44760,부여군,F,25-29,-6.7
2016,44760,부여군,F,25-29,-8.1
2017,44760,부여군,F,25-29,-11.0
2018,44760,부여군,F,25-29,-8.6
2019,44760,부여군,F,25-29,-12.8
2020,44760,부여군,F,25-29,-13.2
2021,44760,부여군,F,25-29,-5.8
2022,44760,부여군,F,25-29,-7.2
2023,44760,부여군,F,25-29,-10.7
2024,44760,부여군,F,25-29,-7.9
2025,44760,부여군,F,25-29,-5.0
2015,44760,부여군,F,30-34,-0.7
2016,44760,부여군,F,30-34,-1.3
2017,44760,부여군,F,30-34,-4.3
2018,44760,부여군,F,30-34,-5.3
2019,44760,부여군,F,30-34,-4.9
2020,44760,부여군,F,30-34,-4.1
2021,44760,부여군,F,30-34,-6.0
2022,44760,부여군,F,30-34,-1.0
2023,44760,부여군,F,30-34,-3.2
2024,44760,부여군,F,30-34,-2.1
2025,44760,부여군,F,30-34,-3.0
2015,44770,서천군,M,20-24,-5.2
2016,44770,서천군,M,20-24,-5.8
2017,44770,서천군,M,20-24,-6.1
2018,44770,서천군,M,20-24,-6.7
2019,44770,서천군,M,20-24,-6.3
2020,44770,서천군,M,20-24,-10.1
2021,44770,서천군,M,20-24,-6.8
2022,44770,서천군,M,20-24,-8.9
2023,44770,서천군,M,20-24,-9.5
2024,44770,서천군,M,20-24,-9.4
2025,44770,서천군,M,20-24,-7.3
2015,44770,서천군,M,25-29,-9.5
2016,44770,서천군,M,25-29,-7.0
2017,44770,서천군,M,25-29,-7.6
2018,44770,서천군,M,25-29,-6.9
2019,44770,서천군,M,25-29,-9.5
2020,44770,서천군,M,25-29,-9.4
2021,44770,서천군,M,25-29,-11.3
2022,44770,서천군,M,25-29,-5.6
2023,44770,서천군,M,25-29,-6.9
2024,44770,서천군,M,25-29,-2.2
2025,44770,서천군,M,25-29,-1.6
2015,44770,서천군,M,30-34,-3.1
2016,44770,서천군,M,30-34,-5.9
2017,44770,서천군,M,30-34,-3.0
2018,44770,서천군,M,30-34,-5.0
2019,44770,서천군,M,30-34,-3.7
2020,44770,서천군,M,30-34,-6.3
2021,44770,서천군,M,30-34,-6.7
2022,44770,서천군,M,30-34,-3.6
2023,44770,서천군,M,30-34,-1.5
2024,44770,서천군,M,30-34,-2.7
2025,44770,서천군,M,30-34,-3.0
2015,44770,서천군,F,20-24,-6.9
2016,44770,서천군,F,20-24,-8.0
2017,44770,서천군,F,20-24,-10.7
2018,44770,서천군,F,20-24,-12.9
2019,44770,서천군,F,20-24,-9.9
2020,44770,서천군,F,20-24,-15.9
2021,44770,서천군,F,20-24,-12.7
2022,44770,서천군,F,20-24,-11.8
2023,44770,서천군,F,20-24,-11.9
2024,44770,서천군,F,20-24,-10.7
2025,44770,서천군,F,20-24,-8.1
2015,44770,서천군,F,25-29,-10.7
2016,44770,서천군,F,25-29,-4.5
2017,44770,서천군,F,25-29,-11.6
2018,44770,서천군,F,25-29,-13.0
2019,44770,서천군,F,25-29,-8.9
2020,44770,서천군,F,25-29,-7.7
2021,44770,서천군,F,25-29,-7.9
2022,44770,서천군,F,25-29,-4.0
2023,44770,서천군,F,25-29,-5.2
2024,44770,서천군,F,25-29,-1.3
2025,44770,서천군,F,25-29,-1.4
2015,44770,서천군,F,30-34,-2.1
2016,44770,서천군,F,30-34,-2.4
2017,44770,서천군,F,30-34,-1.4
2018,44770,서천군,F,30-34,-5.9
2019,44770,서천군,F,30-34,-2.0
2020,44770,서천군,F,30-34,-5.6
2021,44770,서천군,F,30-34,-7.8
2022,44770,서천군,F,30-34,1.3
2023,44770,서천군,F,30-34,0.8
2024,44770,서천군,F,30-34,-6.9
2025,44770,서천군,F,30-34,-4.9
2015,44790,청양군,M,20-24,-1.8
2016,44790,청양군,M,20-24,3.2
2017,44790,청양군,M,20-24,4.1
2018,44790,청양군,M,20-24,-5.0
2019,44790,청양군,M,20-24,-11.4
2020,44790,청양군,M,20-24,-12.8
2021,44790,청양군,M,20-24,-10.6
2022,44790,청양군,M,20-24,-4.7
2023,44790,청양군,M,20-24,-2.4
2024,44790,청양군,M,20-24,-5.4
2025,44790,청양군,M,20-24,-10.9
2015,44790,청양군,M,25-29,-1.8
2016,44790,청양군,M,25-29,-2.9
2017,44790,청양군,M,25-29,-1.4
2018,44790,청양군,M,25-29,-9.5
2019,44790,청양군,M,25-29,-5.7
2020,44790,청양군,M,25-29,-10.4
2021,44790,청양군,M,25-29,-9.6
2022,44790,청양군,M,25-29,-7.8
2023,44790,청양군,M,25-29,-4.6
2024,44790,청양군,M,25-29,-9.0
2025,44790,청양군,M,25-29,-1.6
2015,44790,청양군,M,30-34,0.0
2016,44790,청양군,M,30-34,0.1
2017,44790,청양군,M,30-34,-5.2
2018,44790,청양군,M,30-34,-5.9
2019,44790,청양군,M,30-34,-9.6
2020,44790,청양군,M,30-34,-6.7
2021,44790,청양군,M,30-34,-8.5
2022,44790,청양군,M,30-34,-5.3
2023,44790,청양군,M,30-34,-2.2
2024,44790,청양군,M,30-34,-6.7
2025,44790,청양군,M,30-34,2.5
2015,44790,청양군,F,20-24,-0.9
2016,44790,청양군,F,20-24,-1.9
2017,44790,청양군,F,20-24,-6.3
2018,44790,청양군,F,20-24,-11.1
2019,44790,청양군,F,20-24,-17.6
2020,44790,청양군,F,20-24,-28.6
2021,44790,청양군,F,20-24,-17.5
2022,44790,청양군,F,20-24,-12.8
2023,44790,청양군,F,20-24,-14.8
2024,44790,청양군,F,20-24,-18.3
2025,44790,청양군,F,20-24,-18.3
2015,44790,청양군,F,25-29,-5.6
2016,44790,청양군,F,25-29,-3.9
2017,44790,청양군,F,25-29,-5.0
2018,44790,청양군,F,25-29,-10.2
2019,44790,청양군,F,25-29,-10.6
2020,44790,청양군,F,25-29,-14.3
2021,44790,청양군,F,25-29,-8.2
2022,44790,청양군,F,25-29,-6.5
2023,44790,청양군,F,25-29,1.8
2024,44790,청양군,F,25-29,-3.8
2025,44790,청양군,F,25-29,-3.6
2015,44790,청양군,F,30-34,3.3
2016,44790,청양군,F,30-34,-0.4
2017,44790,청양군,F,30-34,-8.0
2018,44790,청양군,F,30-34,-3.0
2019,44790,청양군,F,30-34,-1.8
2020,44790,청양군,F,30-34,-8.3
2021,44790,청양군,F,30-34,-4.1
2022,44790,청양군,F,30-34,0.0
2023,44790,청양군,F,30-34,-1.3
2024,44790,청양군,F,30-34,-1.9
2025,44790,청양군,F,30-34,-4.6
2015,44800,홍성군,M,20-24,-1.3
2016,44800,홍성군,M,20-24,0.1
2017,44800,홍성군,M,20-24,0.1
2018,44800,홍성군,M,20-24,-1.9
2019,44800,홍성군,M,20-24,-5.3
2020,44800,홍성군,M,20-24,-6.3
2021,44800,홍성군,M,20-24,-6.6
2022,44800,홍성군,M,20-24,-7.8
2023,44800,홍성군,M,20-24,-4.9
2024,44800,홍성군,M,20-24,-3.5
2025,44800,홍성군,M,20-24,-4.5
2015,44800,홍성군,M,25-29,-0.1
2016,44800,홍성군,M,25-29,4.2
2017,44800,홍성군,M,25-29,-2.4
2018,44800,홍성군,M,25-29,-3.0
2019,44800,홍성군,M,25-29,-4.6
2020,44800,홍성군,M,25-29,-3.3
2021,44800,홍성군,M,25-29,-3.9
2022,44800,홍성군,M,25-29,0.6
2023,44800,홍성군,M,25-29,0.1
2024,44800,홍성군,M,25-29,5.4
2025,44800,홍성군,M,25-29,6.1
2015,44800,홍성군,M,30-34,4.6
2016,44800,홍성군,M,30-34,12.7
2017,44800,홍성군,M,30-34,2.7
2018,44800,홍성군,M,30-34,-1.7
2019,44800,홍성군,M,30-34,2.6
2020,44800,홍성군,M,30-34,0.9
2021,44800,홍성군,M,30-34,-1.7
2022,44800,홍성군,M,30-34,-0.3
2023,44800,홍성군,M,30-34,3.2
2024,44800,홍성군,M,30-34,8.7
2025,44800,홍성군,M,30-34,6.1
2015,44800,홍성군,F,20-24,-4.1
2016,44800,홍성군,F,20-24,1.6
2017,44800,홍성군,F,20-24,-3.5
2018,44800,홍성군,F,20-24,-7.1
2019,44800,홍성군,F,20-24,-8.8
2020,44800,홍성군,F,20-24,-9.5
2021,44800,홍성군,F,20-24,-10.1
2022,44800,홍성군,F,20-24,-8.7
2023,44800,홍성군,F,20-24,-9.0
2024,44800,홍성군,F,20-24,-8.4
2025,44800,홍성군,F,20-24,-8.4
2015,44800,홍성군,F,25-29,1.7
2016,44800,홍성군,F,25-29,10.6
2017,44800,홍성군,F,25-29,1.6
2018,44800,홍성군,F,25-29,-4.0
2019,44800,홍성군,F,25-29,-2.7
2020,44800,홍성군,F,25-29,-2.0
2021,44800,홍성군,F,25-29,-2.5
2022,44800,홍성군,F,25-29,2.5
2023,44800,홍성군,F,25-29,-0.5
2024,44800,홍성군,F,25-29,7.2
2025,44800,홍성군,F,25-29,4.1
2015,44800,홍성군,F,30-34,7.7
2016,44800,홍성군,F,30-34,15.4
2017,44800,홍성군,F,30-34,3.9
2018,44800,홍성군,F,30-34,-0.5
2019,44800,홍성군,F,30-34,-1.2
2020,44800,홍성군,F,30-34,-1.8
2021,44800,홍성군,F,30-34,2.6
2022,44800,홍성군,F,30-34,-1.4
2023,44800,홍성군,F,30-34,0.0
2024,44800,홍성군,F,30-34,10.3
2025,44800,홍성군,F,30-34,5.6
2015,44810,예산군,M,20-24,-4.5
2016,44810,예산군,M,20-24,-5.0
2017,44810,예산군,M,20-24,-5.4
2018,44810,예산군,M,20-24,-3.3
2019,44810,예산군,M,20-24,-4.9
2020,44810,예산군,M,20-24,-6.7
2021,44810,예산군,M,20-24,-6.1
2022,44810,예산군,M,20-24,-5.4
2023,44810,예산군,M,20-24,-3.9
2024,44810,예산군,M,20-24,-3.3
2025,44810,예산군,M,20-24,-3.8
2015,44810,예산군,M,25-29,-7.4
2016,44810,예산군,M,25-29,-7.8
2017,44810,예산군,M,25-29,-6.2
2018,44810,예산군,M,25-29,-2.2
2019,44810,예산군,M,25-29,-6.8
2020,44810,예산군,M,25-29,-9.1
2021,44810,예산군,M,25-29,-3.5
2022,44810,예산군,M,25-29,-2.5
2023,44810,예산군,M,25-29,-0.1
2024,44810,예산군,M,25-29,-2.0
2025,44810,예산군,M,25-29,0.0
2015,44810,예산군,M,30-34,-5.1
2016,44810,예산군,M,30-34,-7.8
2017,44810,예산군,M,30-34,-3.4
2018,44810,예산군,M,30-34,-2.5
2019,44810,예산군,M,30-34,-3.0
2020,44810,예산군,M,30-34,-4.2
2021,44810,예산군,M,30-34,-2.8
2022,44810,예산군,M,30-34,3.3
2023,44810,예산군,M,30-34,4.8
2024,44810,예산군,M,30-34,1.0
2025,44810,예산군,M,30-34,1.9
2015,44810,예산군,F,20-24,-6.8
2016,44810,예산군,F,20-24,-9.6
2017,44810,예산군,F,20-24,-6.9
2018,44810,예산군,F,20-24,-4.1
2019,44810,예산군,F,20-24,-10.4
2020,44810,예산군,F,20-24,-11.9
2021,44810,예산군,F,20-24,-11.4
2022,44810,예산군,F,20-24,-9.0
2023,44810,예산군,F,20-24,-4.7
2024,44810,예산군,F,20-24,-6.5
2025,44810,예산군,F,20-24,-6.2
2015,44810,예산군,F,25-29,-7.5
2016,44810,예산군,F,25-29,-10.5
2017,44810,예산군,F,25-29,-9.2
2018,44810,예산군,F,25-29,-5.2
2019,44810,예산군,F,25-29,-7.5
2020,44810,예산군,F,25-29,-6.6
2021,44810,예산군,F,25-29,-8.4
2022,44810,예산군,F,25-29,-2.1
2023,44810,예산군,F,25-29,4.8
2024,44810,예산군,F,25-29,0.1
2025,44810,예산군,F,25-29,2.0
2015,44810,예산군,F,30-34,-7.0
2016,44810,예산군,F,30-34,-9.8
2017,44810,예산군,F,30-34,-2.5
2018,44810,예산군,F,30-34,-1.0
2019,44810,예산군,F,30-34,-2.4
2020,44810,예산군,F,30-34,-2.5
2021,44810,예산군,F,30-34,-2.0
2022,44810,예산군,F,30-34,6.5
2023,44810,예산군,F,30-34,7.0
2024,44810,예산군,F,30-34,6.0
2025,44810,예산군,F,30-34,2.4
2015,44825,태안군,M,20-24,3.2
2016,44825,태안군,M,20-24,-3.6
2017,44825,태안군,M,20-24,-0.5
2018,44825,태안군,M,20-24,-3.8
2019,44825,태안군,M,20-24,-6.5
2020,44825,태안군,M,20-24,-8.4
2021,44825,태안군,M,20-24,-9.6
2022,44825,태안군,M,20-24,-4.5
2023,44825,태안군,M,20-24,-3.5
2024,44825,태안군,M,20-24,-5.5
2025,44825,태안군,M,20-24,-7.1
2015,44825,태안군,M,25-29,-1.3
2016,44825,태안군,M,25-29,-3.5
2017,44825,태안군,M,25-29,-2.7
2018,44825,태안군,M,25-29,-7.5
2019,44825,태안군,M,25-29,-5.1
2020,44825,태안군,M,25-29,-8.0
2021,44825,태안군,M,25-29,-5.1
2022,44825,태안군,M,25-29,-2.2
2023,44825,태안군,M,25-29,-2.3
2024,44825,태안군,M,25-29,-3.8
2025,44825,태안군,M,25-29,0.6
2015,44825,태안군,M,30-34,-0.2
2016,44825,태안군,M,30-34,1.0
2017,44825,태안군,M,30-34,-0.6
2018,44825,태안군,M,30-34,-5.5
2019,44825,태안군,M,30-34,-1.4
2020,44825,태안군,M,30-34,-3.0
2021,44825,태안군,M,30-34,-6.2
2022,44825,태안군,M,30-34,-2.1
2023,44825,태안군,M,30-34,-4.7
2024,44825,태안군,M,30-34,0.3
2025,44825,태안군,M,30-34,-3.7
2015,44825,태안군,F,20-24,-4.6
2016,44825,태안군,F,20-24,-3.5
2017,44825,태안군,F,20-24,-7.1
2018,44825,태안군,F,20-24,-13.2
2019,44825,태안군,F,20-24,-9.5
2020,44825,태안군,F,20-24,-13.8
2021,44825,태안군,F,20-24,-11.1
2022,44825,태안군,F,20-24,-9.7
2023,44825,태안군,F,20-24,-13.6
2024,44825,태안군,F,20-24,-10.5
2025,44825,태안군,F,20-24,-8.3
2015,44825,태안군,F,25-29,0.3
2016,44825,태안군,F,25-29,-2.5
2017,44825,태안군,F,25-29,-3.0
2018,44825,태안군,F,25-29,-8.4
2019,44825,태안군,F,25-29,-3.5
2020,44825,태안군,F,25-29,-6.3
2021,44825,태안군,F,25-29,-7.1
2022,44825,태안군,F,25-29,-5.0
2023,44825,태안군,F,25-29,-1.8
2024,44825,태안군,F,25-29,1.8
2025,44825,태안군,F,25-29,-1.5
2015,44825,태안군,F,30-34,3.4
2016,44825,태안군,F,30-34,0.5
2017,44825,태안군,F,30-34,0.9
2018,44825,태안군,F,30-34,-1.4
2019,44825,태안군,F,30-34,-0.2
2020,44825,태안군,F,30-34,-6.5
2021,44825,태안군,F,30-34,-5.7
2022,44825,태안군,F,30-34,-2.8
2023,44825,태안군,F,30-34,-2.1
2024,44825,태안군,F,30-34,-1.2
2025,44825,태안군,F,30-34,-1.3
2015,46,전라남도,M,20-24,-2.7
2016,46,전라남도,M,20-24,-3.6
2017,46,전라남도,M,20-24,-3.2
2018,46,전라남도,M,20-24,-2.4
2019,46,전라남도,M,20-24,-3.2
2020,46,전라남도,M,20-24,-4.3
2021,46,전라남도,M,20-24,-4.5
2022,46,전라남도,M,20-24,-4.3
2023,46,전라남도,M,20-24,-3.9
2024,46,전라남도,M,20-24,-4.6
2025,46,전라남도,M,20-24,-4.0
2015,46,전라남도,M,25-29,-2.5
2016,46,전라남도,M,25-29,-3.2
2017,46,전라남도,M,25-29,-3.3
2018,46,전라남도,M,25-29,-3.3
2019,46,전라남도,M,25-29,-1.9
2020,46,전라남도,M,25-29,-4.3
2021,46,전라남도,M,25-29,-4.0
2022,46,전라남도,M,25-29,-2.7
2023,46,전라남도,M,25-29,-2.3
2024,46,전라남도,M,25-29,-2.4
2025,46,전라남도,M,25-29,-2.0
2015,46,전라남도,M,30-34,0.6
2016,46,전라남도,M,30-34,-0.3
2017,46,전라남도,M,30-34,-0.1
2018,46,전라남도,M,30-34,-1.4
2019,46,전라남도,M,30-34,-0.9
2020,46,전라남도,M,30-34,-1.4
2021,46,전라남도,M,30-34,-1.1
2022,46,전라남도,M,30-34,-0.6
2023,46,전라남도,M,30-34,0.0
2024,46,전라남도,M,30-34,-0.5
2025,46,전라남도,M,30-34,-0.1
2015,46,전라남도,F,20-24,-3.7
2016,46,전라남도,F,20-24,-5.4
2017,46,전라남도,F,20-24,-4.8
2018,46,전라남도,F,20-24,-6.2
2019,46,전라남도,F,20-24,-7.7
2020,46,전라남도,F,20-24,-9.1
2021,46,전라남도,F,20-24,-8.0
2022,46,전라남도,F,20-24,-6.2
2023,46,전라남도,F,20-24,-6.3
2024,46,전라남도,F,20-24,-6.6
2025,46,전라남도,F,20-24,-6.1
2015,46,전라남도,F,25-29,-1.6
2016,46,전라남도,F,25-29,-2.7
2017,46,전라남도,F,25-29,-2.4
2018,46,전라남도,F,25-29,-3.8
2019,46,전라남도,F,25-29,-3.9
2020,46,전라남도,F,25-29,-4.2
2021,46,전라남도,F,25-29,-2.2
2022,46,전라남도,F,25-29,-0.9
2023,46,전라남도,F,25-29,-1.5
2024,46,전라남도,F,25-29,-1.3
2025,46,전라남도,F,25-29,-0.9
2015,46,전라남도,F,30-34,1.6
2016,46,전라남도,F,30-34,0.4
2017,46,전라남도,F,30-34,0.0
2018,46,전라남도,F,30-34,-0.9
2019,46,전라남도,F,30-34,-0.6
2020,46,전라남도,F,30-34,-1.3
2021,46,전라남도,F,30-34,-0.7
2022,46,전라남도,F,30-34,-0.1
2023,46,전라남도,F,30-34,0.9
2024,46,전라남도,F,30-34,0.5
2025,46,전라남도,F,30-34,1.0
2015,46110,목포시,M,20-24,-2.9
2016,46110,목포시,M,20-24,-3.9
2017,46110,목포시,M,20-24,-4.8
2018,46110,목포시,M,20-24,-2.7
2019,46110,목포시,M,20-24,-4.2
2020,46110,목포시,M,20-24,-6.2
2021,46110,목포시,M,20-24,-5.8
2022,46110,목포시,M,20-24,-4.9
2023,46110,목포시,M,20-24,-4.1
2024,46110,목포시,M,20-24,-4.4
2025,46110,목포시,M,20-24,-7.4
2015,46110,목포시,M,25-29,-4.0
2016,46110,목포시,M,25-29,-3.3
2017,46110,목포시,M,25-29,-4.2
2018,46110,목포시,M,25-29,-4.8
2019,46110,목포시,M,25-29,-4.2
2020,46110,목포시,M,25-29,-6.3
2021,46110,목포시,M,25-29,-5.1
2022,46110,목포시,M,25-29,-2.4
2023,46110,목포시,M,25-29,-3.5
2024,46110,목포시,M,25-29,-4.5
2025,46110,목포시,M,25-29,-6.1
2015,46110,목포시,M,30-34,0.2
2016,46110,목포시,M,30-34,-0.8
2017,46110,목포시,M,30-34,-1.6
2018,46110,목포시,M,30-34,-1.2
2019,46110,목포시,M,30-34,-2.0
2020,46110,목포시,M,30-34,-4.6
2021,46110,목포시,M,30-34,-2.8
2022,46110,목포시,M,30-34,0.3
2023,46110,목포시,M,30-34,-1.2
2024,46110,목포시,M,30-34,-3.2
2025,46110,목포시,M,30-34,-4.9
2015,46110,목포시,F,20-24,-4.3
2016,46110,목포시,F,20-24,-4.9
2017,46110,목포시,F,20-24,-5.1
2018,46110,목포시,F,20-24,-5.7
2019,46110,목포시,F,20-24,-7.2
2020,46110,목포시,F,20-24,-8.7
2021,46110,목포시,F,20-24,-7.7
2022,46110,목포시,F,20-24,-5.1
2023,46110,목포시,F,20-24,-7.3
2024,46110,목포시,F,20-24,-6.7
2025,46110,목포시,F,20-24,-9.2
2015,46110,목포시,F,25-29,-3.4
2016,46110,목포시,F,25-29,-2.8
2017,46110,목포시,F,25-29,-4.0
2018,46110,목포시,F,25-29,-4.4
2019,46110,목포시,F,25-29,-4.1
2020,46110,목포시,F,25-29,-6.2
2021,46110,목포시,F,25-29,-3.9
2022,46110,목포시,F,25-29,-0.7
2023,46110,목포시,F,25-29,-4.0
2024,46110,목포시,F,25-29,-2.7
2025,46110,목포시,F,25-29,-6.1
2015,46110,목포시,F,30-34,0.6
2016,46110,목포시,F,30-34,0.9
2017,46110,목포시,F,30-34,-1.1
2018,46110,목포시,F,30-34,0.0
2019,46110,목포시,F,30-34,-0.8
2020,46110,목포시,F,30-34,-4.3
2021,46110,목포시,F,30-34,-4.5
2022,46110,목포시,F,30-34,0.3
2023,46110,목포시,F,30-34,0.5
2024,46110,목포시,F,30-34,-4.6
2025,46110,목포시,F,30-34,-6.1
2015,46130,여수시,M,20-24,-1.2
2016,46130,여수시,M,20-24,-3.4
2017,46130,여수시,M,20-24,-4.0
2018,46130,여수시,M,20-24,-1.5
2019,46130,여수시,M,20-24,-0.8
2020,46130,여수시,M,20-24,-3.3
2021,46130,여수시,M,20-24,-3.6
2022,46130,여수시,M,20-24,-2.7
2023,46130,여수시,M,20-24,-3.2
2024,46130,여수시,M,20-24,-4.5
2025,46130,여수시,M,20-24,-6.2
2015,46130,여수시,M,25-29,-2.1
2016,46130,여수시,M,25-29,-2.8
2017,46130,여수시,M,25-29,-5.1
2018,46130,여수시,M,25-29,-2.5
2019,46130,여수시,M,25-29,-1.0
2020,46130,여수시,M,25-29,-3.2
2021,46130,여수시,M,25-29,-3.5
2022,46130,여수시,M,25-29,-1.8
2023,46130,여수시,M,25-29,-2.7
2024,46130,여수시,M,25-29,-3.4
2025,46130,여수시,M,25-29,-5.7
2015,46130,여수시,M,30-34,-0.5
2016,46130,여수시,M,30-34,-1.0
2017,46130,여수시,M,30-34,-1.5
2018,46130,여수시,M,30-34,-2.4
2019,46130,여수시,M,30-34,-0.7
2020,46130,여수시,M,30-34,-1.4
2021,46130,여수시,M,30-34,-2.6
2022,46130,여수시,M,30-34,-0.5
2023,46130,여수시,M,30-34,-2.0
2024,46130,여수시,M,30-34,-3.0
2025,46130,여수시,M,30-34,-3.3
2015,46130,여수시,F,20-24,-3.4
2016,46130,여수시,F,20-24,-5.8
2017,46130,여수시,F,20-24,-5.8
2018,46130,여수시,F,20-24,-6.6
2019,46130,여수시,F,20-24,-5.5
2020,46130,여수시,F,20-24,-9.0
2021,46130,여수시,F,20-24,-6.6
2022,46130,여수시,F,20-24,-5.0
2023,46130,여수시,F,20-24,-7.4
2024,46130,여수시,F,20-24,-6.1
2025,46130,여수시,F,20-24,-9.0
2015,46130,여수시,F,25-29,-2.2
2016,46130,여수시,F,25-29,-2.6
2017,46130,여수시,F,25-29,-3.4
2018,46130,여수시,F,25-29,-4.8
2019,46130,여수시,F,25-29,-2.8
2020,46130,여수시,F,25-29,-4.2
2021,46130,여수시,F,25-29,-1.7
2022,46130,여수시,F,25-29,0.4
2023,46130,여수시,F,25-29,-2.0
2024,46130,여수시,F,25-29,-3.4
2025,46130,여수시,F,25-29,-3.1
2015,46130,여수시,F,30-34,-0.5
2016,46130,여수시,F,30-34,0.2
2017,46130,여수시,F,30-34,-0.5
2018,46130,여수시,F,30-34,-1.8
2019,46130,여수시,F,30-34,0.4
2020,46130,여수시,F,30-34,-1.5
2021,46130,여수시,F,30-34,-0.7
2022,46130,여수시,F,30-34,0.7
2023,46130,여수시,F,30-34,-1.3
2024,46130,여수시,F,30-34,-2.6
2025,46130,여수시,F,30-34,-2.5
2015,46150,순천시,M,20-24,-4.2
2016,46150,순천시,M,20-24,-3.9
2017,46150,순천시,M,20-24,-3.4
2018,46150,순천시,M,20-24,-3.4
2019,46150,순천시,M,20-24,-3.9
2020,46150,순천시,M,20-24,-0.8
2021,46150,순천시,M,20-24,-3.0
2022,46150,순천시,M,20-24,-3.9
2023,46150,순천시,M,20-24,-2.6
2024,46150,순천시,M,20-24,-3.8
2025,46150,순천시,M,20-24,-3.3
2015,46150,순천시,M,25-29,-2.5
2016,46150,순천시,M,25-29,-4.0
2017,46150,순천시,M,25-29,-3.8
2018,46150,순천시,M,25-29,-3.9
2019,46150,순천시,M,25-29,-2.2
2020,46150,순천시,M,25-29,-0.3
2021,46150,순천시,M,25-29,-2.5
2022,46150,순천시,M,25-29,-3.7
2023,46150,순천시,M,25-29,-2.1
2024,46150,순천시,M,25-29,-2.7
2025,46150,순천시,M,25-29,-1.9
2015,46150,순천시,M,30-34,2.7
2016,46150,순천시,M,30-34,1.2
2017,46150,순천시,M,30-34,1.6
2018,46150,순천시,M,30-34,2.0
2019,46150,순천시,M,30-34,1.8
2020,46150,순천시,M,30-34,3.5
2021,46150,순천시,M,30-34,1.7
2022,46150,순천시,M,30-34,-1.5
2023,46150,순천시,M,30-34,0.9
2024,46150,순천시,M,30-34,-0.1
2025,46150,순천시,M,30-34,0.7
2015,46150,순천시,F,20-24,-5.5
2016,46150,순천시,F,20-24,-5.8
2017,46150,순천시,F,20-24,-5.0
2018,46150,순천시,F,20-24,-5.1
2019,46150,순천시,F,20-24,-5.4
2020,46150,순천시,F,20-24,-3.9
2021,46150,순천시,F,20-24,-5.3
2022,46150,순천시,F,20-24,-5.8
2023,46150,순천시,F,20-24,-4.3
2024,46150,순천시,F,20-24,-5.2
2025,46150,순천시,F,20-24,-4.6
2015,46150,순천시,F,25-29,-1.8
2016,46150,순천시,F,25-29,-1.7
2017,46150,순천시,F,25-29,-1.4
2018,46150,순천시,F,25-29,-1.7
2019,46150,순천시,F,25-29,-2.0
2020,46150,순천시,F,25-29,0.3
2021,46150,순천시,F,25-29,-0.8
2022,46150,순천시,F,25-29,-2.5
2023,46150,순천시,F,25-29,-0.8
2024,46150,순천시,F,25-29,-2.5
2025,46150,순천시,F,25-29,-0.9
2015,46150,순천시,F,30-34,3.9
2016,46150,순천시,F,30-34,1.9
2017,46150,순천시,F,30-34,3.6
2018,46150,순천시,F,30-34,2.0
2019,46150,순천시,F,30-34,2.0
2020,46150,순천시,F,30-34,2.4
2021,46150,순천시,F,30-34,2.1
2022,46150,순천시,F,30-34,0.0
2023,46150,순천시,F,30-34,1.2
2024,46150,순천시,F,30-34,0.7
2025,46150,순천시,F,30-34,1.6
2015,46170,나주시,M,20-24,6.7
2016,46170,나주시,M,20-24,4.8
2017,46170,나주시,M,20-24,6.7
2018,46170,나주시,M,20-24,4.4
2019,46170,나주시,M,20-24,0.7
2020,46170,나주시,M,20-24,1.7
2021,46170,나주시,M,20-24,-0.2
2022,46170,나주시,M,20-24,-1.6
2023,46170,나주시,M,20-24,0.2
2024,46170,나주시,M,20-24,-2.4
2025,46170,나주시,M,20-24,-1.6
2015,46170,나주시,M,25-29,12.2
2016,46170,나주시,M,25-29,5.3
2017,46170,나주시,M,25-29,9.4
2018,46170,나주시,M,25-29,5.5
2019,46170,나주시,M,25-29,3.1
2020,46170,나주시,M,25-29,3.2
2021,46170,나주시,M,25-29,2.4
2022,46170,나주시,M,25-29,-1.5
2023,46170,나주시,M,25-29,4.2
2024,46170,나주시,M,25-29,-1.5
2025,46170,나주시,M,25-29,1.1
2015,46170,나주시,M,30-34,16.4
2016,46170,나주시,M,30-34,11.6
2017,46170,나주시,M,30-34,10.3
2018,46170,나주시,M,30-34,4.7
2019,46170,나주시,M,30-34,0.9
2020,46170,나주시,M,30-34,3.3
2021,46170,나주시,M,30-34,3.2
2022,46170,나주시,M,30-34,0.1
2023,46170,나주시,M,30-34,3.8
2024,46170,나주시,M,30-34,-1.2
2025,46170,나주시,M,30-34,2.9
2015,46170,나주시,F,20-24,8.9
2016,46170,나주시,F,20-24,4.1
2017,46170,나주시,F,20-24,7.2
2018,46170,나주시,F,20-24,2.1
2019,46170,나주시,F,20-24,-2.6
2020,46170,나주시,F,20-24,-2.5
2021,46170,나주시,F,20-24,-0.9
2022,46170,나주시,F,20-24,-1.7
2023,46170,나주시,F,20-24,-0.4
2024,46170,나주시,F,20-24,-4.1
2025,46170,나주시,F,20-24,-2.6
2015,46170,나주시,F,25-29,15.9
2016,46170,나주시,F,25-29,8.3
2017,46170,나주시,F,25-29,10.1
2018,46170,나주시,F,25-29,5.5
2019,46170,나주시,F,25-29,1.9
2020,46170,나주시,F,25-29,2.6
2021,46170,나주시,F,25-29,4.1
2022,46170,나주시,F,25-29,1.6
2023,46170,나주시,F,25-29,4.0
2024,46170,나주시,F,25-29,-0.7
2025,46170,나주시,F,25-29,3.5
2015,46170,나주시,F,30-34,21.3
2016,46170,나주시,F,30-34,14.6
2017,46170,나주시,F,30-34,10.2
2018,46170,나주시,F,30-34,4.7
2019,46170,나주시,F,30-34,0.2
2020,46170,나주시,F,30-34,2.4
2021,46170,나주시,F,30-34,0.9
2022,46170,나주시,F,30-34,-0.1
2023,46170,나주시,F,30-34,3.8
2024,46170,나주시,F,30-34,1.0
2025,46170,나주시,F,30-34,4.9
2015,46230,광양시,M,20-24,-0.4
2016,46230,광양시,M,20-24,1.1
2017,46230,광양시,M,20-24,-0.4
2018,46230,광양시,M,20-24,-0.3
2019,46230,광양시,M,20-24,-2.4
2020,46230,광양시,M,20-24,-9.0
2021,46230,광양시,M,20-24,-4.7
2022,46230,광양시,M,20-24,-2.7
2023,46230,광양시,M,20-24,-2.6
2024,46230,광양시,M,20-24,-3.6
2025,46230,광양시,M,20-24,-3.2
2015,46230,광양시,M,25-29,1.2
2016,46230,광양시,M,25-29,1.9
2017,46230,광양시,M,25-29,-1.3
2018,46230,광양시,M,25-29,0.3
2019,46230,광양시,M,25-29,1.4
2020,46230,광양시,M,25-29,-7.0
2021,46230,광양시,M,25-29,-2.8
2022,46230,광양시,M,25-29,1.9
2023,46230,광양시,M,25-29,-0.7
2024,46230,광양시,M,25-29,3.6
2025,46230,광양시,M,25-29,0.9
2015,46230,광양시,M,30-34,0.6
2016,46230,광양시,M,30-34,1.5
2017,46230,광양시,M,30-34,1.2
2018,46230,광양시,M,30-34,0.7
2019,46230,광양시,M,30-34,1.3
2020,46230,광양시,M,30-34,-3.6
2021,46230,광양시,M,30-34,-1.1
2022,46230,광양시,M,30-34,3.1
2023,46230,광양시,M,30-34,2.7
2024,46230,광양시,M,30-34,4.7
2025,46230,광양시,M,30-34,0.8
2015,46230,광양시,F,20-24,-4.1
2016,46230,광양시,F,20-24,-3.6
2017,46230,광양시,F,20-24,-4.4
2018,46230,광양시,F,20-24,-5.4
2019,46230,광양시,F,20-24,-9.2
2020,46230,광양시,F,20-24,-15.1
2021,46230,광양시,F,20-24,-10.8
2022,46230,광양시,F,20-24,-4.1
2023,46230,광양시,F,20-24,-8.9
2024,46230,광양시,F,20-24,-7.3
2025,46230,광양시,F,20-24,-7.4
2015,46230,광양시,F,25-29,2.0
2016,46230,광양시,F,25-29,2.0
2017,46230,광양시,F,25-29,0.4
2018,46230,광양시,F,25-29,0.1
2019,46230,광양시,F,25-29,-1.5
2020,46230,광양시,F,25-29,-7.0
2021,46230,광양시,F,25-29,0.3
2022,46230,광양시,F,25-29,5.4
2023,46230,광양시,F,25-29,0.7
2024,46230,광양시,F,25-29,4.4
2025,46230,광양시,F,25-29,0.1
2015,46230,광양시,F,30-34,1.6
2016,46230,광양시,F,30-34,0.6
2017,46230,광양시,F,30-34,0.1
2018,46230,광양시,F,30-34,-0.2
2019,46230,광양시,F,30-34,0.4
2020,46230,광양시,F,30-34,-2.9
2021,46230,광양시,F,30-34,-0.2
2022,46230,광양시,F,30-34,3.3
2023,46230,광양시,F,30-34,2.9
2024,46230,광양시,F,30-34,5.6
2025,46230,광양시,F,30-34,1.9
2015,46710,담양군,M,20-24,0.8
2016,46710,담양군,M,20-24,-2.5
2017,46710,담양군,M,20-24,0.5
2018,46710,담양군,M,20-24,6.9
2019,46710,담양군,M,20-24,14.5
2020,46710,담양군,M,20-24,-4.4
2021,46710,담양군,M,20-24,-3.4
2022,46710,담양군,M,20-24,-5.4
2023,46710,담양군,M,20-24,-5.8
2024,46710,담양군,M,20-24,-9.2
2025,46710,담양군,M,20-24,-1.5
2015,46710,담양군,M,25-29,-3.5
2016,46710,담양군,M,25-29,-1.2
2017,46710,담양군,M,25-29,-4.3
2018,46710,담양군,M,25-29,-3.6
2019,46710,담양군,M,25-29,0.7
2020,46710,담양군,M,25-29,-10.3
2021,46710,담양군,M,25-29,-12.0
2022,46710,담양군,M,25-29,-8.6
2023,46710,담양군,M,25-29,-9.6
2024,46710,담양군,M,25-29,-9.5
2025,46710,담양군,M,25-29,-6.0
2015,46710,담양군,M,30-34,-5.3
2016,46710,담양군,M,30-34,-0.7
2017,46710,담양군,M,30-34,-1.9
2018,46710,담양군,M,30-34,-7.7
2019,46710,담양군,M,30-34,-3.7
2020,46710,담양군,M,30-34,-8.9
2021,46710,담양군,M,30-34,-4.1
2022,46710,담양군,M,30-34,-6.8
2023,46710,담양군,M,30-34,-0.4
2024,46710,담양군,M,30-34,-7.5
2025,46710,담양군,M,30-34,-4.9
2015,46710,담양군,F,20-24,-2.9
2016,46710,담양군,F,20-24,-1.4
2017,46710,담양군,F,20-24,-1.2
2018,46710,담양군,F,20-24,-3.2
2019,46710,담양군,F,20-24,-4.8
2020,46710,담양군,F,20-24,-6.8
2021,46710,담양군,F,20-24,-7.9
2022,46710,담양군,F,20-24,-8.0
2023,46710,담양군,F,20-24,-6.2
2024,46710,담양군,F,20-24,-9.0
2025,46710,담양군,F,20-24,-2.3
2015,46710,담양군,F,25-29,-4.8
2016,46710,담양군,F,25-29,1.3
2017,46710,담양군,F,25-29,-2.0
2018,46710,담양군,F,25-29,-8.8
2019,46710,담양군,F,25-29,-6.8
2020,46710,담양군,F,25-29,-9.0
2021,46710,담양군,F,25-29,-3.8
2022,46710,담양군,F,25-29,-4.7
2023,46710,담양군,F,25-29,-5.7
2024,46710,담양군,F,25-29,-3.7
2025,46710,담양군,F,25-29,-6.6
2015,46710,담양군,F,30-34,-1.7
2016,46710,담양군,F,30-34,-2.0
2017,46710,담양군,F,30-34,-5.7
2018,46710,담양군,F,30-34,-6.6
2019,46710,담양군,F,30-34,-5.5
2020,46710,담양군,F,30-34,-6.1
2021,46710,담양군,F,30-34,-5.6
2022,46710,담양군,F,30-34,-2.2
2023,46710,담양군,F,30-34,-0.6
2024,46710,담양군,F,30-34,-5.2
2025,46710,담양군,F,30-34,-3.3
2015,46720,곡성군,M,20-24,-10.2
2016,46720,곡성군,M,20-24,-10.4
2017,46720,곡성군,M,20-24,-9.5
2018,46720,곡성군,M,20-24,-11.1
2019,46720,곡성군,M,20-24,-10.9
2020,46720,곡성군,M,20-24,-18.5
2021,46720,곡성군,M,20-24,-8.3
2022,46720,곡성군,M,20-24,-8.1
2023,46720,곡성군,M,20-24,-8.0
2024,46720,곡성군,M,20-24,-14.9
2025,46720,곡성군,M,20-24,-0.2
2015,46720,곡성군,M,25-29,-7.7
2016,46720,곡성군,M,25-29,-3.2
2017,46720,곡성군,M,25-29,-5.1
2018,46720,곡성군,M,25-29,-8.6
2019,46720,곡성군,M,25-29,-10.5
2020,46720,곡성군,M,25-29,-8.9
2021,46720,곡성군,M,25-29,-11.5
2022,46720,곡성군,M,25-29,-6.0
2023,46720,곡성군,M,25-29,0.2
2024,46720,곡성군,M,25-29,-8.0
2025,46720,곡성군,M,25-29,3.7
2015,46720,곡성군,M,30-34,0.2
2016,46720,곡성군,M,30-34,-2.0
2017,46720,곡성군,M,30-34,-2.5
2018,46720,곡성군,M,30-34,-8.9
2019,46720,곡성군,M,30-34,-7.0
2020,46720,곡성군,M,30-34,-9.0
2021,46720,곡성군,M,30-34,-3.1
2022,46720,곡성군,M,30-34,-4.5
2023,46720,곡성군,M,30-34,-2.7
2024,46720,곡성군,M,30-34,1.3
2025,46720,곡성군,M,30-34,5.4
2015,46720,곡성군,F,20-24,-7.2
2016,46720,곡성군,F,20-24,-10.9
2017,46720,곡성군,F,20-24,-9.9
2018,46720,곡성군,F,20-24,-10.6
2019,46720,곡성군,F,20-24,-12.4
2020,46720,곡성군,F,20-24,-24.0
2021,46720,곡성군,F,20-24,-21.0
2022,46720,곡성군,F,20-24,-10.4
2023,46720,곡성군,F,20-24,-12.8
2024,46720,곡성군,F,20-24,-10.9
2025,46720,곡성군,F,20-24,-1.3
2015,46720,곡성군,F,25-29,-8.4
2016,46720,곡성군,F,25-29,-8.5
2017,46720,곡성군,F,25-29,-4.0
2018,46720,곡성군,F,25-29,-10.1
2019,46720,곡성군,F,25-29,-14.8
2020,46720,곡성군,F,25-29,-7.1
2021,46720,곡성군,F,25-29,-9.3
2022,46720,곡성군,F,25-29,1.7
2023,46720,곡성군,F,25-29,-1.5
2024,46720,곡성군,F,25-29,-4.6
2025,46720,곡성군,F,25-29,5.7
2015,46720,곡성군,F,30-34,3.6
2016,46720,곡성군,F,30-34,-6.0
2017,46720,곡성군,F,30-34,-4.3
2018,46720,곡성군,F,30-34,-3.8
2019,46720,곡성군,F,30-34,-13.7
2020,46720,곡성군,F,30-34,-3.1
2021,46720,곡성군,F,30-34,-4.8
2022,46720,곡성군,F,30-34,-7.0
2023,46720,곡성군,F,30-34,0.0
2024,46720,곡성군,F,30-34,5.6
2025,46720,곡성군,F,30-34,6.7
2015,46730,구례군,M,20-24,-2.5
2016,46730,구례군,M,20-24,-1.9
2017,46730,구례군,M,20-24,-2.0
2018,46730,구례군,M,20-24,-4.3
2019,46730,구례군,M,20-24,-7.1
2020,46730,구례군,M,20-24,-13.0
2021,46730,구례군,M,20-24,-6.2
2022,46730,구례군,M,20-24,-9.6
2023,46730,구례군,M,20-24,-12.0
2024,46730,구례군,M,20-24,-4.9
2025,46730,구례군,M,20-24,-8.8
2015,46730,구례군,M,25-29,-4.7
2016,46730,구례군,M,25-29,-2.8
2017,46730,구례군,M,25-29,-7.3
2018,46730,구례군,M,25-29,-7.5
2019,46730,구례군,M,25-29,-8.6
2020,46730,구례군,M,25-29,-20.0
2021,46730,구례군,M,25-29,-7.5
2022,46730,구례군,M,25-29,-8.8
2023,46730,구례군,M,25-29,-6.7
2024,46730,구례군,M,25-29,-3.1
2025,46730,구례군,M,25-29,-6.3
2015,46730,구례군,M,30-34,-2.1
2016,46730,구례군,M,30-34,-0.8
2017,46730,구례군,M,30-34,-1.9
2018,46730,구례군,M,30-34,-5.8
2019,46730,구례군,M,30-34,-6.1
2020,46730,구례군,M,30-34,-10.0
2021,46730,구례군,M,30-34,-8.9
2022,46730,구례군,M,30-34,-8.9
2023,46730,구례군,M,30-34,-5.0
2024,46730,구례군,M,30-34,-0.9
2025,46730,구례군,M,30-34,0.6
2015,46730,구례군,F,20-24,-4.0
2016,46730,구례군,F,20-24,-2.6
2017,46730,구례군,F,20-24,-2.9
2018,46730,구례군,F,20-24,-8.3
2019,46730,구례군,F,20-24,-8.6
2020,46730,구례군,F,20-24,-21.6
2021,46730,구례군,F,20-24,-16.0
2022,46730,구례군,F,20-24,-17.9
2023,46730,구례군,F,20-24,-6.9
2024,46730,구례군,F,20-24,-4.7
2025,46730,구례군,F,20-24,-7.5
2015,46730,구례군,F,25-29,-5.1
2016,46730,구례군,F,25-29,-3.4
2017,46730,구례군,F,25-29,0.2
2018,46730,구례군,F,25-29,-4.8
2019,46730,구례군,F,25-29,-12.3
2020,46730,구례군,F,25-29,-18.7
2021,46730,구례군,F,25-29,-9.6
2022,46730,구례군,F,25-29,-12.3
2023,46730,구례군,F,25-29,-12.1
2024,46730,구례군,F,25-29,-4.5
2025,46730,구례군,F,25-29,0.3
2015,46730,구례군,F,30-34,3.0
2016,46730,구례군,F,30-34,0.0
2017,46730,구례군,F,30-34,-2.9
2018,46730,구례군,F,30-34,-2.2
2019,46730,구례군,F,30-34,-0.5
2020,46730,구례군,F,30-34,-4.8
2021,46730,구례군,F,30-34,-6.3
2022,46730,구례군,F,30-34,-8.8
2023,46730,구례군,F,30-34,3.1
2024,46730,구례군,F,30-34,-4.8
2025,46730,구례군,F,30-34,1.7
2015,46770,고흥군,M,20-24,-6.9
2016,46770,고흥군,M,20-24,-8.6
2017,46770,고흥군,M,20-24,-6.4
2018,46770,고흥군,M,20-24,-5.0
2019,46770,고흥군,M,20-24,-5.2
2020,46770,고흥군,M,20-24,-8.9
2021,46770,고흥군,M,20-24,-9.8
2022,46770,고흥군,M,20-24,-10.2
2023,46770,고흥군,M,20-24,-9.4
2024,46770,고흥군,M,20-24,-9.8
2025,46770,고흥군,M,20-24,-10.4
2015,46770,고흥군,M,25-29,-7.4
2016,46770,고흥군,M,25-29,-8.9
2017,46770,고흥군,M,25-29,-7.1
2018,46770,고흥군,M,25-29,-5.3
2019,46770,고흥군,M,25-29,-9.3
2020,46770,고흥군,M,25-29,-11.3
2021,46770,고흥군,M,25-29,-12.1
2022,46770,고흥군,M,25-29,-6.5
2023,46770,고흥군,M,25-29,-5.7
2024,46770,고흥군,M,25-29,-2.9
2025,46770,고흥군,M,25-29,-1.0
2015,46770,고흥군,M,30-34,-4.8
2016,46770,고흥군,M,30-34,-5.3
2017,46770,고흥군,M,30-34,-0.4
2018,46770,고흥군,M,30-34,-3.8
2019,46770,고흥군,M,30-34,-3.8
2020,46770,고흥군,M,30-34,-4.1
2021,46770,고흥군,M,30-34,-7.0
2022,46770,고흥군,M,30-34,-1.3
2023,46770,고흥군,M,30-34,1.9
2024,46770,고흥군,M,30-34,-0.9
2025,46770,고흥군,M,30-34,-2.8
2015,46770,고흥군,F,20-24,-5.1
2016,46770,고흥군,F,20-24,-8.8
2017,46770,고흥군,F,20-24,-7.1
2018,46770,고흥군,F,20-24,-14.8
2019,46770,고흥군,F,20-24,-16.5
2020,46770,고흥군,F,20-24,-17.1
2021,46770,고흥군,F,20-24,-17.5
2022,46770,고흥군,F,20-24,-13.7
2023,46770,고흥군,F,20-24,-10.5
2024,46770,고흥군,F,20-24,-15.9
2025,46770,고흥군,F,20-24,-10.0
2015,46770,고흥군,F,25-29,-9.1
2016,46770,고흥군,F,25-29,-8.7
2017,46770,고흥군,F,25-29,-8.4
2018,46770,고흥군,F,25-29,-10.2
2019,46770,고흥군,F,25-29,-8.6
2020,46770,고흥군,F,25-29,-20.9
2021,46770,고흥군,F,25-29,-7.9
2022,46770,고흥군,F,25-29,-3.8
2023,46770,고흥군,F,25-29,1.3
2024,46770,고흥군,F,25-29,-5.7
2025,46770,고흥군,F,25-29,-3.2
2015,46770,고흥군,F,30-34,-5.9
2016,46770,고흥군,F,30-34,0.0
2017,46770,고흥군,F,30-34,-4.2
2018,46770,고흥군,F,30-34,-1.9
2019,46770,고흥군,F,30-34,-3.7
2020,46770,고흥군,F,30-34,-5.6
2021,46770,고흥군,F,30-34,-1.1
2022,46770,고흥군,F,30-34,1.2
2023,46770,고흥군,F,30-34,1.8
2024,46770,고흥군,F,30-34,0.9
2025,46770,고흥군,F,30-34,1.3
2015,46780,보성군,M,20-24,-5.3
2016,46780,보성군,M,20-24,-6.5
2017,46780,보성군,M,20-24,-7.0
2018,46780,보성군,M,20-24,-7.0
2019,46780,보성군,M,20-24,-10.1
2020,46780,보성군,M,20-24,-9.3
2021,46780,보성군,M,20-24,-9.3
2022,46780,보성군,M,20-24,-11.4
2023,46780,보성군,M,20-24,-11.6
2024,46780,보성군,M,20-24,-8.8
2025,46780,보성군,M,20-24,-4.9
2015,46780,보성군,M,25-29,-9.4
2016,46780,보성군,M,25-29,-9.2
2017,46780,보성군,M,25-29,-5.4
2018,46780,보성군,M,25-29,-5.2
2019,46780,보성군,M,25-29,-11.6
2020,46780,보성군,M,25-29,-12.0
2021,46780,보성군,M,25-29,-7.3
2022,46780,보성군,M,25-29,-10.0
2023,46780,보성군,M,25-29,-4.7
2024,46780,보성군,M,25-29,-8.7
2025,46780,보성군,M,25-29,-4.1
2015,46780,보성군,M,30-34,-1.5
2016,46780,보성군,M,30-34,-3.4
2017,46780,보성군,M,30-34,-5.9
2018,46780,보성군,M,30-34,-1.9
2019,46780,보성군,M,30-34,-10.0
2020,46780,보성군,M,30-34,-7.5
2021,46780,보성군,M,30-34,-7.6
2022,46780,보성군,M,30-34,-4.0
2023,46780,보성군,M,30-34,0.7
2024,46780,보성군,M,30-34,-2.9
2025,46780,보성군,M,30-34,-0.6
2015,46780,보성군,F,20-24,-5.1
2016,46780,보성군,F,20-24,-7.8
2017,46780,보성군,F,20-24,-6.8
2018,46780,보성군,F,20-24,-8.5
2019,46780,보성군,F,20-24,-12.9
2020,46780,보성군,F,20-24,-16.1
2021,46780,보성군,F,20-24,-17.3
2022,46780,보성군,F,20-24,-13.7
2023,46780,보성군,F,20-24,-13.4
2024,46780,보성군,F,20-24,-12.3
2025,46780,보성군,F,20-24,-6.5
2015,46780,보성군,F,25-29,-4.2
2016,46780,보성군,F,25-29,-13.1
2017,46780,보성군,F,25-29,-9.3
2018,46780,보성군,F,25-29,-9.6
2019,46780,보성군,F,25-29,-15.9
2020,46780,보성군,F,25-29,-7.9
2021,46780,보성군,F,25-29,-15.4
2022,46780,보성군,F,25-29,-11.2
2023,46780,보성군,F,25-29,-3.1
2024,46780,보성군,F,25-29,-4.4
2025,46780,보성군,F,25-29,5.4
2015,46780,보성군,F,30-34,-3.1
2016,46780,보성군,F,30-34,-4.8
2017,46780,보성군,F,30-34,-5.1
2018,46780,보성군,F,30-34,-4.1
2019,46780,보성군,F,30-34,-6.7
2020,46780,보성군,F,30-34,-6.0
2021,46780,보성군,F,30-34,-8.5
2022,46780,보성군,F,30-34,-5.5
2023,46780,보성군,F,30-34,3.4
2024,46780,보성군,F,30-34,-0.2
2025,46780,보성군,F,30-34,0.2
2015,46790,화순군,M,20-24,-2.1
2016,46790,화순군,M,20-24,-1.9
2017,46790,화순군,M,20-24,-1.8
2018,46790,화순군,M,20-24,-1.5
2019,46790,화순군,M,20-24,-4.1
2020,46790,화순군,M,20-24,-4.4
2021,46790,화순군,M,20-24,-5.2
2022,46790,화순군,M,20-24,-3.9
2023,46790,화순군,M,20-24,-6.8
2024,46790,화순군,M,20-24,-6.5
2025,46790,화순군,M,20-24,-4.2
2015,46790,화순군,M,25-29,-5.8
2016,46790,화순군,M,25-29,-5.5
2017,46790,화순군,M,25-29,-4.2
2018,46790,화순군,M,25-29,-5.7
2019,46790,화순군,M,25-29,-7.4
2020,46790,화순군,M,25-29,-7.0
2021,46790,화순군,M,25-29,-5.1
2022,46790,화순군,M,25-29,-5.7
2023,46790,화순군,M,25-29,-4.6
2024,46790,화순군,M,25-29,-4.4
2025,46790,화순군,M,25-29,-4.2
2015,46790,화순군,M,30-34,-4.7
2016,46790,화순군,M,30-34,-0.1
2017,46790,화순군,M,30-34,-2.7
2018,46790,화순군,M,30-34,-4.4
2019,46790,화순군,M,30-34,-7.4
2020,46790,화순군,M,30-34,-5.4
2021,46790,화순군,M,30-34,2.4
2022,46790,화순군,M,30-34,-2.3
2023,46790,화순군,M,30-34,-2.1
2024,46790,화순군,M,30-34,-1.2
2025,46790,화순군,M,30-34,0.3
2015,46790,화순군,F,20-24,-4.1
2016,46790,화순군,F,20-24,-2.2
2017,46790,화순군,F,20-24,-3.9
2018,46790,화순군,F,20-24,-4.8
2019,46790,화순군,F,20-24,-8.7
2020,46790,화순군,F,20-24,-6.9
2021,46790,화순군,F,20-24,-5.0
2022,46790,화순군,F,20-24,-6.2
2023,46790,화순군,F,20-24,-5.1
2024,46790,화순군,F,20-24,-7.3
2025,46790,화순군,F,20-24,-5.2
2015,46790,화순군,F,25-29,-2.3
2016,46790,화순군,F,25-29,-5.5
2017,46790,화순군,F,25-29,-4.7
2018,46790,화순군,F,25-29,-7.0
2019,46790,화순군,F,25-29,-12.7
2020,46790,화순군,F,25-29,-7.1
2021,46790,화순군,F,25-29,-3.6
2022,46790,화순군,F,25-29,-0.9
2023,46790,화순군,F,25-29,-5.0
2024,46790,화순군,F,25-29,-1.3
2025,46790,화순군,F,25-29,-1.9
2015,46790,화순군,F,30-34,-4.8
2016,46790,화순군,F,30-34,-2.2
2017,46790,화순군,F,30-34,-1.6
2018,46790,화순군,F,30-34,-3.3
2019,46790,화순군,F,30-34,-3.6
2020,46790,화순군,F,30-34,-2.4
2021,46790,화순군,F,30-34,-0.6
2022,46790,화순군,F,30-34,-3.0
2023,46790,화순군,F,30-34,0.9
2024,46790,화순군,F,30-34,2.0
2025,46790,화순군,F,30-34,-1.0
2015,46800,장흥군,M,20-24,0.5
2016,46800,장흥군,M,20-24,-20.1
2017,46800,장흥군,M,20-24,-4.8
2018,46800,장흥군,M,20-24,-7.2
2019,46800,장흥군,M,20-24,-8.6
2020,46800,장흥군,M,20-24,-8.6
2021,46800,장흥군,M,20-24,-10.3
2022,46800,장흥군,M,20-24,-10.1
2023,46800,장흥군,M,20-24,-9.4
2024,46800,장흥군,M,20-24,-6.8
2025,46800,장흥군,M,20-24,-4.5
2015,46800,장흥군,M,25-29,-3.5
2016,46800,장흥군,M,25-29,-24.8
2017,46800,장흥군,M,25-29,-2.9
2018,46800,장흥군,M,25-29,-10.5
2019,46800,장흥군,M,25-29,-9.6
2020,46800,장흥군,M,25-29,-9.6
2021,46800,장흥군,M,25-29,-11.2
2022,46800,장흥군,M,25-29,-7.8
2023,46800,장흥군,M,25-29,-5.4
2024,46800,장흥군,M,25-29,-3.9
2025,46800,장흥군,M,25-29,-1.5
2015,46800,장흥군,M,30-34,-0.6
2016,46800,장흥군,M,30-34,-15.6
2017,46800,장흥군,M,30-34,-1.2
2018,46800,장흥군,M,30-34,-4.2
2019,46800,장흥군,M,30-34,-3.6
2020,46800,장흥군,M,30-34,-5.0
2021,46800,장흥군,M,30-34,-3.1
2022,46800,장흥군,M,30-34,-4.3
2023,46800,장흥군,M,30-34,-0.5
2024,46800,장흥군,M,30-34,1.0
2025,46800,장흥군,M,30-34,-2.3
2015,46800,장흥군,F,20-24,3.0
2016,46800,장흥군,F,20-24,-26.4
2017,46800,장흥군,F,20-24,-6.0
2018,46800,장흥군,F,20-24,-11.1
2019,46800,장흥군,F,20-24,-17.1
2020,46800,장흥군,F,20-24,-16.2
2021,46800,장흥군,F,20-24,-13.9
2022,46800,장흥군,F,20-24,-13.1
2023,46800,장흥군,F,20-24,-11.8
2024,46800,장흥군,F,20-24,-10.2
2025,46800,장흥군,F,20-24,-8.1
2015,46800,장흥군,F,25-29,-3.1
2016,46800,장흥군,F,25-29,-19.2
2017,46800,장흥군,F,25-29,-5.9
2018,46800,장흥군,F,25-29,-10.4
2019,46800,장흥군,F,25-29,-6.0
2020,46800,장흥군,F,25-29,-11.1
2021,46800,장흥군,F,25-29,-10.4
2022,46800,장흥군,F,25-29,-7.7
2023,46800,장흥군,F,25-29,-5.7
2024,46800,장흥군,F,25-29,-2.0
2025,46800,장흥군,F,25-29,2.8
2015,46800,장흥군,F,30-34,3.9
2016,46800,장흥군,F,30-34,-17.6
2017,46800,장흥군,F,30-34,-5.2
2018,46800,장흥군,F,30-34,1.2
2019,46800,장흥군,F,30-34,0.8
2020,46800,장흥군,F,30-34,-5.1
2021,46800,장흥군,F,30-34,-11.0
2022,46800,장흥군,F,30-34,-4.3
2023,46800,장흥군,F,30-34,-2.7
2024,46800,장흥군,F,30-34,-2.0
2025,46800,장흥군,F,30-34,0.2
2015,46810,강진군,M,20-24,-8.4
2016,46810,강진군,M,20-24,-10.1
2017,46810,강진군,M,20-24,-5.7
2018,46810,강진군,M,20-24,-7.3
2019,46810,강진군,M,20-24,-7.3
2020,46810,강진군,M,20-24,-6.3
2021,46810,강진군,M,20-24,-7.0
2022,46810,강진군,M,20-24,-9.4
2023,46810,강진군,M,20-24,-5.7
2024,46810,강진군,M,20-24,-9.8
2025,46810,강진군,M,20-24,-3.6
2015,46810,강진군,M,25-29,-14.0
2016,46810,강진군,M,25-29,-8.3
2017,46810,강진군,M,25-29,-4.3
2018,46810,강진군,M,25-29,-9.6
2019,46810,강진군,M,25-29,-11.1
2020,46810,강진군,M,25-29,-5.4
2021,46810,강진군,M,25-29,-8.6
2022,46810,강진군,M,25-29,-4.1
2023,46810,강진군,M,25-29,-4.7
2024,46810,강진군,M,25-29,0.3
2025,46810,강진군,M,25-29,-1.5
2015,46810,강진군,M,30-34,-7.4
2016,46810,강진군,M,30-34,-2.5
2017,46810,강진군,M,30-34,-5.9
2018,46810,강진군,M,30-34,-8.0
2019,46810,강진군,M,30-34,-7.1
2020,46810,강진군,M,30-34,-6.6
2021,46810,강진군,M,30-34,-3.7
2022,46810,강진군,M,30-34,-4.7
2023,46810,강진군,M,30-34,-1.9
2024,46810,강진군,M,30-34,0.5
2025,46810,강진군,M,30-34,-2.5
2015,46810,강진군,F,20-24,-8.5
2016,46810,강진군,F,20-24,-11.3
2017,46810,강진군,F,20-24,-8.3
2018,46810,강진군,F,20-24,-11.1
2019,46810,강진군,F,20-24,-11.8
2020,46810,강진군,F,20-24,-12.8
2021,46810,강진군,F,20-24,-7.8
2022,46810,강진군,F,20-24,-10.6
2023,46810,강진군,F,20-24,-13.7
2024,46810,강진군,F,20-24,-10.9
2025,46810,강진군,F,20-24,-7.9
2015,46810,강진군,F,25-29,-4.7
2016,46810,강진군,F,25-29,-9.4
2017,46810,강진군,F,25-29,-7.4
2018,46810,강진군,F,25-29,-5.0
2019,46810,강진군,F,25-29,-10.3
2020,46810,강진군,F,25-29,-10.9
2021,46810,강진군,F,25-29,-10.2
2022,46810,강진군,F,25-29,-3.9
2023,46810,강진군,F,25-29,-4.9
2024,46810,강진군,F,25-29,-3.0
2025,46810,강진군,F,25-29,0.0
2015,46810,강진군,F,30-34,-9.4
2016,46810,강진군,F,30-34,-7.9
2017,46810,강진군,F,30-34,-7.7
2018,46810,강진군,F,30-34,-1.4
2019,46810,강진군,F,30-34,-4.6
2020,46810,강진군,F,30-34,-12.5
2021,46810,강진군,F,30-34,-5.6
2022,46810,강진군,F,30-34,0.0
2023,46810,강진군,F,30-34,4.9
2024,46810,강진군,F,30-34,-3.7
2025,46810,강진군,F,30-34,-0.8
2015,46820,해남군,M,20-24,-7.4
2016,46820,해남군,M,20-24,-5.8
2017,46820,해남군,M,20-24,-6.6
2018,46820,해남군,M,20-24,-7.7
2019,46820,해남군,M,20-24,-8.3
2020,46820,해남군,M,20-24,-5.9
2021,46820,해남군,M,20-24,-7.8
2022,46820,해남군,M,20-24,-8.5
2023,46820,해남군,M,20-24,-8.6
2024,46820,해남군,M,20-24,-12.1
2025,46820,해남군,M,20-24,-7.6
2015,46820,해남군,M,25-29,-6.1
2016,46820,해남군,M,25-29,-7.1
2017,46820,해남군,M,25-29,-7.7
2018,46820,해남군,M,25-29,-8.1
2019,46820,해남군,M,25-29,-5.5
2020,46820,해남군,M,25-29,-9.2
2021,46820,해남군,M,25-29,-5.6
2022,46820,해남군,M,25-29,-4.2
2023,46820,해남군,M,25-29,-4.9
2024,46820,해남군,M,25-29,-5.0
2025,46820,해남군,M,25-29,0.0
2015,46820,해남군,M,30-34,-1.1
2016,46820,해남군,M,30-34,-1.7
2017,46820,해남군,M,30-34,-4.3
2018,46820,해남군,M,30-34,-2.5
2019,46820,해남군,M,30-34,-0.6
2020,46820,해남군,M,30-34,-1.9
2021,46820,해남군,M,30-34,-4.8
2022,46820,해남군,M,30-34,-2.6
2023,46820,해남군,M,30-34,-1.9
2024,46820,해남군,M,30-34,0.0
2025,46820,해남군,M,30-34,-1.7
2015,46820,해남군,F,20-24,-6.4
2016,46820,해남군,F,20-24,-6.7
2017,46820,해남군,F,20-24,-7.8
2018,46820,해남군,F,20-24,-8.5
2019,46820,해남군,F,20-24,-14.2
2020,46820,해남군,F,20-24,-13.9
2021,46820,해남군,F,20-24,-12.0
2022,46820,해남군,F,20-24,-12.5
2023,46820,해남군,F,20-24,-9.7
2024,46820,해남군,F,20-24,-12.1
2025,46820,해남군,F,20-24,-9.6
2015,46820,해남군,F,25-29,-4.4
2016,46820,해남군,F,25-29,-5.5
2017,46820,해남군,F,25-29,-7.7
2018,46820,해남군,F,25-29,-10.4
2019,46820,해남군,F,25-29,-10.3
2020,46820,해남군,F,25-29,-8.3
2021,46820,해남군,F,25-29,-6.6
2022,46820,해남군,F,25-29,-5.3
2023,46820,해남군,F,25-29,-7.1
2024,46820,해남군,F,25-29,-5.3
2025,46820,해남군,F,25-29,-2.5
2015,46820,해남군,F,30-34,1.8
2016,46820,해남군,F,30-34,-3.3
2017,46820,해남군,F,30-34,-6.0
2018,46820,해남군,F,30-34,-5.9
2019,46820,해남군,F,30-34,-4.0
2020,46820,해남군,F,30-34,-9.8
2021,46820,해남군,F,30-34,-9.3
2022,46820,해남군,F,30-34,-6.9
2023,46820,해남군,F,30-34,-1.8
2024,46820,해남군,F,30-34,-4.4
2025,46820,해남군,F,30-34,0.2
2015,46830,영암군,M,20-24,-4.3
2016,46830,영암군,M,20-24,-2.0
2017,46830,영암군,M,20-24,-6.7
2018,46830,영암군,M,20-24,-4.1
2019,46830,영암군,M,20-24,-2.4
2020,46830,영암군,M,20-24,-0.1
2021,46830,영암군,M,20-24,-4.2
2022,46830,영암군,M,20-24,-4.2
2023,46830,영암군,M,20-24,-2.6
2024,46830,영암군,M,20-24,-5.6
2025,46830,영암군,M,20-24,-9.2
2015,46830,영암군,M,25-29,-5.7
2016,46830,영암군,M,25-29,-3.6
2017,46830,영암군,M,25-29,-8.5
2018,46830,영암군,M,25-29,-5.4
2019,46830,영암군,M,25-29,-2.6
2020,46830,영암군,M,25-29,-4.9
2021,46830,영암군,M,25-29,-5.8
2022,46830,영암군,M,25-29,-4.4
2023,46830,영암군,M,25-29,-0.6
2024,46830,영암군,M,25-29,-5.6
2025,46830,영암군,M,25-29,-8.1
2015,46830,영암군,M,30-34,-2.8
2016,46830,영암군,M,30-34,-5.4
2017,46830,영암군,M,30-34,-7.2
2018,46830,영암군,M,30-34,-2.5
2019,46830,영암군,M,30-34,-0.4
2020,46830,영암군,M,30-34,-6.1
2021,46830,영암군,M,30-34,-1.9
2022,46830,영암군,M,30-34,-1.7
2023,46830,영암군,M,30-34,-0.9
2024,46830,영암군,M,30-34,-4.6
2025,46830,영암군,M,30-34,-2.4
2015,46830,영암군,F,20-24,-5.4
2016,46830,영암군,F,20-24,-6.3
2017,46830,영암군,F,20-24,-7.9
2018,46830,영암군,F,20-24,-9.2
2019,46830,영암군,F,20-24,-6.1
2020,46830,영암군,F,20-24,-10.2
2021,46830,영암군,F,20-24,-10.0
2022,46830,영암군,F,20-24,-10.9
2023,46830,영암군,F,20-24,-7.6
2024,46830,영암군,F,20-24,-10.2
2025,46830,영암군,F,20-24,-13.9
2015,46830,영암군,F,25-29,-6.4
2016,46830,영암군,F,25-29,-2.0
2017,46830,영암군,F,25-29,-4.2
2018,46830,영암군,F,25-29,-5.4
2019,46830,영암군,F,25-29,-2.5
2020,46830,영암군,F,25-29,-6.4
2021,46830,영암군,F,25-29,-8.3
2022,46830,영암군,F,25-29,-4.2
2023,46830,영암군,F,25-29,4.1
2024,46830,영암군,F,25-29,-2.9
2025,46830,영암군,F,25-29,-10.0
2015,46830,영암군,F,30-34,-5.1
2016,46830,영암군,F,30-34,-5.7
2017,46830,영암군,F,30-34,-7.7
2018,46830,영암군,F,30-34,-6.0
2019,46830,영암군,F,30-34,-2.8
2020,46830,영암군,F,30-34,-8.9
2021,46830,영암군,F,30-34,-4.3
2022,46830,영암군,F,30-34,2.0
2023,46830,영암군,F,30-34,-0.5
2024,46830,영암군,F,30-34,-1.5
2025,46830,영암군,F,30-34,-7.9
2015,46840,무안군,M,20-24,-4.4
2016,46840,무안군,M,20-24,-4.3
2017,46840,무안군,M,20-24,-3.5
2018,46840,무안군,M,20-24,-2.8
2019,46840,무안군,M,20-24,-5.3
2020,46840,무안군,M,20-24,0.4
2021,46840,무안군,M,20-24,2.6
2022,46840,무안군,M,20-24,-1.8
2023,46840,무안군,M,20-24,0.1
2024,46840,무안군,M,20-24,1.5
2025,46840,무안군,M,20-24,1.7
2015,46840,무안군,M,25-29,1.9
2016,46840,무안군,M,25-29,-2.5
2017,46840,무안군,M,25-29,0.9
2018,46840,무안군,M,25-29,-0.1
2019,46840,무안군,M,25-29,-1.2
2020,46840,무안군,M,25-29,10.0
2021,46840,무안군,M,25-29,10.3
2022,46840,무안군,M,25-29,0.4
2023,46840,무안군,M,25-29,-0.5
2024,46840,무안군,M,25-29,3.4
2025,46840,무안군,M,25-29,5.7
2015,46840,무안군,M,30-34,3.2
2016,46840,무안군,M,30-34,2.5
2017,46840,무안군,M,30-34,2.9
2018,46840,무안군,M,30-34,-2.5
2019,46840,무안군,M,30-34,2.6
2020,46840,무안군,M,30-34,16.6
2021,46840,무안군,M,30-34,14.0
2022,46840,무안군,M,30-34,0.6
2023,46840,무안군,M,30-34,0.1
2024,46840,무안군,M,30-34,7.2
2025,46840,무안군,M,30-34,8.6
2015,46840,무안군,F,20-24,-3.3
2016,46840,무안군,F,20-24,-6.2
2017,46840,무안군,F,20-24,-4.4
2018,46840,무안군,F,20-24,-7.0
2019,46840,무안군,F,20-24,-7.4
2020,46840,무안군,F,20-24,-2.0
2021,46840,무안군,F,20-24,-2.4
2022,46840,무안군,F,20-24,-2.9
2023,46840,무안군,F,20-24,-0.3
2024,46840,무안군,F,20-24,-1.8
2025,46840,무안군,F,20-24,-2.9
2015,46840,무안군,F,25-29,0.6
2016,46840,무안군,F,25-29,-2.0
2017,46840,무안군,F,25-29,1.2
2018,46840,무안군,F,25-29,0.6
2019,46840,무안군,F,25-29,-0.3
2020,46840,무안군,F,25-29,13.2
2021,46840,무안군,F,25-29,15.7
2022,46840,무안군,F,25-29,0.9
2023,46840,무안군,F,25-29,0.9
2024,46840,무안군,F,25-29,5.6
2025,46840,무안군,F,25-29,6.1
2015,46840,무안군,F,30-34,3.8
2016,46840,무안군,F,30-34,1.1
2017,46840,무안군,F,30-34,5.2
2018,46840,무안군,F,30-34,-3.4
2019,46840,무안군,F,30-34,-0.1
2020,46840,무안군,F,30-34,17.3
2021,46840,무안군,F,30-34,16.9
2022,46840,무안군,F,30-34,0.5
2023,46840,무안군,F,30-34,1.2
2024,46840,무안군,F,30-34,11.3
2025,46840,무안군,F,30-34,8.1
2015,46860,함평군,M,20-24,-1.0
2016,46860,함평군,M,20-24,-6.1
2017,46860,함평군,M,20-24,-3.6
2018,46860,함평군,M,20-24,-3.6
2019,46860,함평군,M,20-24,-5.8
2020,46860,함평군,M,20-24,-7.9
2021,46860,함평군,M,20-24,-7.5
2022,46860,함평군,M,20-24,-6.6
2023,46860,함평군,M,20-24,-6.1
2024,46860,함평군,M,20-24,-7.0
2025,46860,함평군,M,20-24,-4.7
2015,46860,함평군,M,25-29,-3.5
2016,46860,함평군,M,25-29,-7.9
2017,46860,함평군,M,25-29,-2.1
2018,46860,함평군,M,25-29,-11.1
2019,46860,함평군,M,25-29,-4.1
2020,46860,함평군,M,25-29,-8.2
2021,46860,함평군,M,25-29,-12.8
2022,46860,함평군,M,25-29,-7.0
2023,46860,함평군,M,25-29,-5.4
2024,46860,함평군,M,25-29,-0.7
2025,46860,함평군,M,25-29,-5.5
2015,46860,함평군,M,30-34,-1.2
2016,46860,함평군,M,30-34,1.4
2017,46860,함평군,M,30-34,-3.6
2018,46860,함평군,M,30-34,-8.2
2019,46860,함평군,M,30-34,-6.7
2020,46860,함평군,M,30-34,-7.9
2021,46860,함평군,M,30-34,-12.5
2022,46860,함평군,M,30-34,-3.0
2023,46860,함평군,M,30-34,1.8
2024,46860,함평군,M,30-34,0.0
2025,46860,함평군,M,30-34,-4.3
2015,46860,함평군,F,20-24,-1.2
2016,46860,함평군,F,20-24,-6.6
2017,46860,함평군,F,20-24,-4.8
2018,46860,함평군,F,20-24,-14.8
2019,46860,함평군,F,20-24,-13.2
2020,46860,함평군,F,20-24,-14.7
2021,46860,함평군,F,20-24,-9.0
2022,46860,함평군,F,20-24,-8.5
2023,46860,함평군,F,20-24,-8.2
2024,46860,함평군,F,20-24,-11.1
2025,46860,함평군,F,20-24,-9.8
2015,46860,함평군,F,25-29,-3.2
2016,46860,함평군,F,25-29,-7.2
2017,46860,함평군,F,25-29,0.7
2018,46860,함평군,F,25-29,-13.6
2019,46860,함평군,F,25-29,-9.0
2020,46860,함평군,F,25-29,-18.5
2021,46860,함평군,F,25-29,-10.9
2022,46860,함평군,F,25-29,-8.5
2023,46860,함평군,F,25-29,-3.9
2024,46860,함평군,F,25-29,-5.5
2025,46860,함평군,F,25-29,-4.9
2015,46860,함평군,F,30-34,1.0
2016,46860,함평군,F,30-34,-6.6
2017,46860,함평군,F,30-34,-0.4
2018,46860,함평군,F,30-34,-11.4
2019,46860,함평군,F,30-34,-6.5
2020,46860,함평군,F,30-34,-6.1
2021,46860,함평군,F,30-34,-6.3
2022,46860,함평군,F,30-34,0.0
2023,46860,함평군,F,30-34,6.5
2024,46860,함평군,F,30-34,0.8
2025,46860,함평군,F,30-34,-0.3
2015,46870,영광군,M,20-24,-5.8
2016,46870,영광군,M,20-24,-3.8
2017,46870,영광군,M,20-24,-2.2
2018,46870,영광군,M,20-24,-2.5
2019,46870,영광군,M,20-24,-5.2
2020,46870,영광군,M,20-24,-4.9
2021,46870,영광군,M,20-24,-5.3
2022,46870,영광군,M,20-24,-1.8
2023,46870,영광군,M,20-24,-3.1
2024,46870,영광군,M,20-24,-2.7
2025,46870,영광군,M,20-24,3.6
2015,46870,영광군,M,25-29,-7.5
2016,46870,영광군,M,25-29,-4.2
2017,46870,영광군,M,25-29,-4.8
2018,46870,영광군,M,25-29,-6.3
2019,46870,영광군,M,25-29,-6.5
2020,46870,영광군,M,25-29,-4.8
2021,46870,영광군,M,25-29,-6.9
2022,46870,영광군,M,25-29,0.1
2023,46870,영광군,M,25-29,-3.2
2024,46870,영광군,M,25-29,4.2
2025,46870,영광군,M,25-29,5.8
2015,46870,영광군,M,30-34,-0.7
2016,46870,영광군,M,30-34,-4.6
2017,46870,영광군,M,30-34,-0.2
2018,46870,영광군,M,30-34,-2.4
2019,46870,영광군,M,30-34,1.3
2020,46870,영광군,M,30-34,-3.0
2021,46870,영광군,M,30-34,-8.0
2022,46870,영광군,M,30-34,1.7
2023,46870,영광군,M,30-34,-0.3
2024,46870,영광군,M,30-34,2.4
2025,46870,영광군,M,30-34,7.2
2015,46870,영광군,F,20-24,-5.2
2016,46870,영광군,F,20-24,-5.8
2017,46870,영광군,F,20-24,-7.3
2018,46870,영광군,F,20-24,-7.7
2019,46870,영광군,F,20-24,-8.4
2020,46870,영광군,F,20-24,-11.4
2021,46870,영광군,F,20-24,-13.2
2022,46870,영광군,F,20-24,-1.7
2023,46870,영광군,F,20-24,-5.2
2024,46870,영광군,F,20-24,-3.3
2025,46870,영광군,F,20-24,1.3
2015,46870,영광군,F,25-29,-5.7
2016,46870,영광군,F,25-29,-4.3
2017,46870,영광군,F,25-29,-9.1
2018,46870,영광군,F,25-29,-4.1
2019,46870,영광군,F,25-29,3.1
2020,46870,영광군,F,25-29,-4.5
2021,46870,영광군,F,25-29,-6.8
2022,46870,영광군,F,25-29,3.1
2023,46870,영광군,F,25-29,0.7
2024,46870,영광군,F,25-29,6.3
2025,46870,영광군,F,25-29,11.4
2015,46870,영광군,F,30-34,-0.7
2016,46870,영광군,F,30-34,-1.0
2017,46870,영광군,F,30-34,-2.1
2018,46870,영광군,F,30-34,1.8
2019,46870,영광군,F,30-34,8.7
2020,46870,영광군,F,30-34,1.9
2021,46870,영광군,F,30-34,-2.5
2022,46870,영광군,F,30-34,3.0
2023,46870,영광군,F,30-34,1.0
2024,46870,영광군,F,30-34,5.3
2025,46870,영광군,F,30-34,10.1
2015,46880,장성군,M,20-24,-3.4
2016,46880,장성군,M,20-24,-2.3
2017,46880,장성군,M,20-24,-2.5
2018,46880,장성군,M,20-24,0.8
2019,46880,장성군,M,20-24,-1.2
2020,46880,장성군,M,20-24,-5.2
2021,46880,장성군,M,20-24,-4.1
2022,46880,장성군,M,20-24,0.5
2023,46880,장성군,M,20-24,-3.9
2024,46880,장성군,M,20-24,-1.8
2025,46880,장성군,M,20-24,1.4
2015,46880,장성군,M,25-29,-3.7
2016,46880,장성군,M,25-29,-3.3
2017,46880,장성군,M,25-29,-1.9
2018,46880,장성군,M,25-29,-2.4
2019,46880,장성군,M,25-29,30.8
2020,46880,장성군,M,25-29,-17.7
2021,46880,장성군,M,25-29,-13.2
2022,46880,장성군,M,25-29,-2.6
2023,46880,장성군,M,25-29,-2.2
2024,46880,장성군,M,25-29,-10.6
2025,46880,장성군,M,25-29,4.0
2015,46880,장성군,M,30-34,1.1
2016,46880,장성군,M,30-34,-2.8
2017,46880,장성군,M,30-34,0.9
2018,46880,장성군,M,30-34,-3.4
2019,46880,장성군,M,30-34,-1.2
2020,46880,장성군,M,30-34,-7.7
2021,46880,장성군,M,30-34,-6.3
2022,46880,장성군,M,30-34,1.1
2023,46880,장성군,M,30-34,-3.8
2024,46880,장성군,M,30-34,-4.1
2025,46880,장성군,M,30-34,5.8
2015,46880,장성군,F,20-24,-1.5
2016,46880,장성군,F,20-24,-3.4
2017,46880,장성군,F,20-24,-1.7
2018,46880,장성군,F,20-24,-5.5
2019,46880,장성군,F,20-24,-8.7
2020,46880,장성군,F,20-24,-12.7
2021,46880,장성군,F,20-24,-9.2
2022,46880,장성군,F,20-24,-5.1
2023,46880,장성군,F,20-24,-3.4
2024,46880,장성군,F,20-24,-7.8
2025,46880,장성군,F,20-24,0.2
2015,46880,장성군,F,25-29,0.4
2016,46880,장성군,F,25-29,-3.0
2017,46880,장성군,F,25-29,-3.3
2018,46880,장성군,F,25-29,-4.2
2019,46880,장성군,F,25-29,-4.3
2020,46880,장성군,F,25-29,-10.8
2021,46880,장성군,F,25-29,-10.8
2022,46880,장성군,F,25-29,-1.8
2023,46880,장성군,F,25-29,-7.2
2024,46880,장성군,F,25-29,-4.2
2025,46880,장성군,F,25-29,9.9
2015,46880,장성군,F,30-34,3.3
2016,46880,장성군,F,30-34,1.3
2017,46880,장성군,F,30-34,-1.1
2018,46880,장성군,F,30-34,-2.8
2019,46880,장성군,F,30-34,-5.5
2020,46880,장성군,F,30-34,-7.8
2021,46880,장성군,F,30-34,-5.5
2022,46880,장성군,F,30-34,-3.0
2023,46880,장성군,F,30-34,-0.4
2024,46880,장성군,F,30-34,3.6
2025,46880,장성군,F,30-34,11.3
2015,46890,완도군,M,20-24,-4.7
2016,46890,완도군,M,20-24,-5.7
2017,46890,완도군,M,20-24,-4.3
2018,46890,완도군,M,20-24,-3.3
2019,46890,완도군,M,20-24,-7.0
2020,46890,완도군,M,20-24,-7.1
2021,46890,완도군,M,20-24,-8.0
2022,46890,완도군,M,20-24,-9.3
2023,46890,완도군,M,20-24,-8.4
2024,46890,완도군,M,20-24,-10.1
2025,46890,완도군,M,20-24,-8.8
2015,46890,완도군,M,25-29,-1.1
2016,46890,완도군,M,25-29,-2.0
2017,46890,완도군,M,25-29,-5.6
2018,46890,완도군,M,25-29,-3.0
2019,46890,완도군,M,25-29,-6.3
2020,46890,완도군,M,25-29,-7.1
2021,46890,완도군,M,25-29,-6.6
2022,46890,완도군,M,25-29,-6.4
2023,46890,완도군,M,25-29,-3.6
2024,46890,완도군,M,25-29,-5.3
2025,46890,완도군,M,25-29,-6.5
2015,46890,완도군,M,30-34,0.1
2016,46890,완도군,M,30-34,-3.6
2017,46890,완도군,M,30-34,0.0
2018,46890,완도군,M,30-34,-4.1
2019,46890,완도군,M,30-34,-2.3
2020,46890,완도군,M,30-34,-7.3
2021,46890,완도군,M,30-34,-6.2
2022,46890,완도군,M,30-34,-4.7
2023,46890,완도군,M,30-34,-1.8
2024,46890,완도군,M,30-34,-3.4
2025,46890,완도군,M,30-34,-2.5
2015,46890,완도군,F,20-24,-5.0
2016,46890,완도군,F,20-24,-5.2
2017,46890,완도군,F,20-24,-7.8
2018,46890,완도군,F,20-24,-9.0
2019,46890,완도군,F,20-24,-12.6
2020,46890,완도군,F,20-24,-12.8
2021,46890,완도군,F,20-24,-14.9
2022,46890,완도군,F,20-24,-15.0
2023,46890,완도군,F,20-24,-9.2
2024,46890,완도군,F,20-24,-10.4
2025,46890,완도군,F,20-24,-8.8
2015,46890,완도군,F,25-29,-0.5
2016,46890,완도군,F,25-29,-6.9
2017,46890,완도군,F,25-29,-3.0
2018,46890,완도군,F,25-29,-10.0
2019,46890,완도군,F,25-29,-9.1
2020,46890,완도군,F,25-29,-5.7
2021,46890,완도군,F,25-29,-9.5
2022,46890,완도군,F,25-29,-5.1
2023,46890,완도군,F,25-29,-2.8
2024,46890,완도군,F,25-29,-1.7
2025,46890,완도군,F,25-29,-10.6
2015,46890,완도군,F,30-34,1.1
2016,46890,완도군,F,30-34,0.4
2017,46890,완도군,F,30-34,-2.9
2018,46890,완도군,F,30-34,-2.8
2019,46890,완도군,F,30-34,-3.1
2020,46890,완도군,F,30-34,-4.8
2021,46890,완도군,F,30-34,-3.3
2022,46890,완도군,F,30-34,-3.7
2023,46890,완도군,F,30-34,-0.3
2024,46890,완도군,F,30-34,-4.9
2025,46890,완도군,F,30-34,1.7
2015,46900,진도군,M,20-24,-5.4
2016,46900,진도군,M,20-24,-3.6
2017,46900,진도군,M,20-24,-3.1
2018,46900,진도군,M,20-24,-4.8
2019,46900,진도군,M,20-24,-4.9
2020,46900,진도군,M,20-24,4.3
2021,46900,진도군,M,20-24,-10.2
2022,46900,진도군,M,20-24,-5.8
2023,46900,진도군,M,20-24,-8.0
2024,46900,진도군,M,20-24,-7.3
2025,46900,진도군,M,20-24,-7.5
2015,46900,진도군,M,25-29,-6.0
2016,46900,진도군,M,25-29,-3.3
2017,46900,진도군,M,25-29,-3.8
2018,46900,진도군,M,25-29,-5.1
2019,46900,진도군,M,25-29,-6.7
2020,46900,진도군,M,25-29,10.1
2021,46900,진도군,M,25-29,-15.1
2022,46900,진도군,M,25-29,-9.1
2023,46900,진도군,M,25-29,-3.0
2024,46900,진도군,M,25-29,-4.3
2025,46900,진도군,M,25-29,-3.7
2015,46900,진도군,M,30-34,-1.8
2016,46900,진도군,M,30-34,-2.9
2017,46900,진도군,M,30-34,0.2
2018,46900,진도군,M,30-34,-6.3
2019,46900,진도군,M,30-34,-7.0
2020,46900,진도군,M,30-34,-0.2
2021,46900,진도군,M,30-34,-12.6
2022,46900,진도군,M,30-34,1.3
2023,46900,진도군,M,30-34,-2.0
2024,46900,진도군,M,30-34,-3.6
2025,46900,진도군,M,30-34,-6.5
2015,46900,진도군,F,20-24,-5.2
2016,46900,진도군,F,20-24,-5.6
2017,46900,진도군,F,20-24,-7.0
2018,46900,진도군,F,20-24,-6.5
2019,46900,진도군,F,20-24,-12.2
2020,46900,진도군,F,20-24,-4.2
2021,46900,진도군,F,20-24,-18.3
2022,46900,진도군,F,20-24,-12.0
2023,46900,진도군,F,20-24,-7.6
2024,46900,진도군,F,20-24,-9.5
2025,46900,진도군,F,20-24,-10.5
2015,46900,진도군,F,25-29,-9.3
2016,46900,진도군,F,25-29,-8.3
2017,46900,진도군,F,25-29,-6.9
2018,46900,진도군,F,25-29,-8.8
2019,46900,진도군,F,25-29,-7.1
2020,46900,진도군,F,25-29,3.8
2021,46900,진도군,F,25-29,-13.0
2022,46900,진도군,F,25-29,-6.5
2023,46900,진도군,F,25-29,0.2
2024,46900,진도군,F,25-29,1.8
2025,46900,진도군,F,25-29,-6.1
2015,46900,진도군,F,30-34,-0.3
2016,46900,진도군,F,30-34,0.7
2017,46900,진도군,F,30-34,-3.1
2018,46900,진도군,F,30-34,-1.8
2019,46900,진도군,F,30-34,-2.7
2020,46900,진도군,F,30-34,6.1
2021,46900,진도군,F,30-34,-6.7
2022,46900,진도군,F,30-34,-3.4
2023,46900,진도군,F,30-34,-2.3
2024,46900,진도군,F,30-34,-0.5
2025,46900,진도군,F,30-34,-5.3
2015,46910,신안군,M,20-24,-2.6
2016,46910,신안군,M,20-24,-5.2
2017,46910,신안군,M,20-24,-4.3
2018,46910,신안군,M,20-24,-3.4
2019,46910,신안군,M,20-24,-6.9
2020,46910,신안군,M,20-24,-6.6
2021,46910,신안군,M,20-24,-9.6
2022,46910,신안군,M,20-24,-8.1
2023,46910,신안군,M,20-24,-0.1
2024,46910,신안군,M,20-24,3.6
2025,46910,신안군,M,20-24,16.7
2015,46910,신안군,M,25-29,-2.6
2016,46910,신안군,M,25-29,-2.7
2017,46910,신안군,M,25-29,-6.5
2018,46910,신안군,M,25-29,-7.5
2019,46910,신안군,M,25-29,-8.8
2020,46910,신안군,M,25-29,-14.8
2021,46910,신안군,M,25-29,-8.6
2022,46910,신안군,M,25-29,-1.9
2023,46910,신안군,M,25-29,-1.4
2024,46910,신안군,M,25-29,-1.9
2025,46910,신안군,M,25-29,12.8
2015,46910,신안군,M,30-34,-5.2
2016,46910,신안군,M,30-34,-3.2
2017,46910,신안군,M,30-34,-5.5
2018,46910,신안군,M,30-34,-7.4
2019,46910,신안군,M,30-34,-5.8
2020,46910,신안군,M,30-34,-12.4
2021,46910,신안군,M,30-34,-7.7
2022,46910,신안군,M,30-34,-4.1
2023,46910,신안군,M,30-34,1.1
2024,46910,신안군,M,30-34,-4.2
2025,46910,신안군,M,30-34,10.3
2015,46910,신안군,F,20-24,-2.8
2016,46910,신안군,F,20-24,-5.2
2017,46910,신안군,F,20-24,-8.1
2018,46910,신안군,F,20-24,-8.2
2019,46910,신안군,F,20-24,-11.7
2020,46910,신안군,F,20-24,-17.5
2021,46910,신안군,F,20-24,-13.4
2022,46910,신안군,F,20-24,-7.4
2023,46910,신안군,F,20-24,-0.8
2024,46910,신안군,F,20-24,-0.4
2025,46910,신안군,F,20-24,16.4
2015,46910,신안군,F,25-29,-5.4
2016,46910,신안군,F,25-29,-5.9
2017,46910,신안군,F,25-29,-7.2
2018,46910,신안군,F,25-29,-8.9
2019,46910,신안군,F,25-29,-15.5
2020,46910,신안군,F,25-29,-21.3
2021,46910,신안군,F,25-29,-17.4
2022,46910,신안군,F,25-29,-3.7
2023,46910,신안군,F,25-29,-4.6
2024,46910,신안군,F,25-29,-1.9
2025,46910,신안군,F,25-29,15.2
2015,46910,신안군,F,30-34,-4.6
2016,46910,신안군,F,30-34,-5.6
2017,46910,신안군,F,30-34,-8.0
2018,46910,신안군,F,30-34,-7.4
2019,46910,신안군,F,30-34,-8.2
2020,46910,신안군,F,30-34,-16.0
2021,46910,신안군,F,30-34,-3.3
2022,46910,신안군,F,30-34,-3.6
2023,46910,신안군,F,30-34,-1.2
2024,46910,신안군,F,30-34,-5.2
2025,46910,신안군,F,30-34,22.2
2015,47,경상북도,M,20-24,-1.6
2016,47,경상북도,M,20-24,-2.1
2017,47,경상북도,M,20-24,-1.5
2018,47,경상북도,M,20-24,-1.4
2019,47,경상북도,M,20-24,-1.8
2020,47,경상북도,M,20-24,-3.9
2021,47,경상북도,M,20-24,-2.3
2022,47,경상북도,M,20-24,-3.5
2023,47,경상북도,M,20-24,-2.1
2024,47,경상북도,M,20-24,-2.6
2025,47,경상북도,M,20-24,-4.1
2015,47,경상북도,M,25-29,-2.5
2016,47,경상북도,M,25-29,-2.8
2017,47,경상북도,M,25-29,-2.7
2018,47,경상북도,M,25-29,-3.3
2019,47,경상북도,M,25-29,-3.3
2020,47,경상북도,M,25-29,-4.6
2021,47,경상북도,M,25-29,-2.3
2022,47,경상북도,M,25-29,-2.7
2023,47,경상북도,M,25-29,-1.9
2024,47,경상북도,M,25-29,-1.8
2025,47,경상북도,M,25-29,-3.0
2015,47,경상북도,M,30-34,-0.4
2016,47,경상북도,M,30-34,-0.9
2017,47,경상북도,M,30-34,-1.2
2018,47,경상북도,M,30-34,-1.7
2019,47,경상북도,M,30-34,-1.3
2020,47,경상북도,M,30-34,-2.3
2021,47,경상북도,M,30-34,-1.0
2022,47,경상북도,M,30-34,-1.4
2023,47,경상북도,M,30-34,-0.9
2024,47,경상북도,M,30-34,-1.0
2025,47,경상북도,M,30-34,-1.2
2015,47,경상북도,F,20-24,-2.8
2016,47,경상북도,F,20-24,-4.0
2017,47,경상북도,F,20-24,-4.2
2018,47,경상북도,F,20-24,-4.9
2019,47,경상북도,F,20-24,-5.7
2020,47,경상북도,F,20-24,-9.0
2021,47,경상북도,F,20-24,-5.6
2022,47,경상북도,F,20-24,-6.8
2023,47,경상북도,F,20-24,-6.8
2024,47,경상북도,F,20-24,-6.0
2025,47,경상북도,F,20-24,-7.2
2015,47,경상북도,F,25-29,-1.9
2016,47,경상북도,F,25-29,-2.4
2017,47,경상북도,F,25-29,-3.0
2018,47,경상북도,F,25-29,-3.6
2019,47,경상북도,F,25-29,-2.9
2020,47,경상북도,F,25-29,-4.7
2021,47,경상북도,F,25-29,-1.2
2022,47,경상북도,F,25-29,-2.1
2023,47,경상북도,F,25-29,-2.2
2024,47,경상북도,F,25-29,-1.9
2025,47,경상북도,F,25-29,-1.8
2015,47,경상북도,F,30-34,0.0
2016,47,경상북도,F,30-34,-0.3
2017,47,경상북도,F,30-34,-0.9
2018,47,경상북도,F,30-34,-1.4
2019,47,경상북도,F,30-34,-0.9
2020,47,경상북도,F,30-34,-1.4
2021,47,경상북도,F,30-34,0.3
2022,47,경상북도,F,30-34,-0.3
2023,47,경상북도,F,30-34,-0.6
2024,47,경상북도,F,30-34,-0.9
2025,47,경상북도,F,30-34,-0.6
2015,47110,포항시,M,20-24,-2.2
2016,47110,포항시,M,20-24,-3.3
2017,47110,포항시,M,20-24,-3.1
2018,47110,포항시,M,20-24,-2.2
2019,47110,포항시,M,20-24,-3.2
2020,47110,포항시,M,20-24,-4.3
2021,47110,포항시,M,20-24,1.5
2022,47110,포항시,M,20-24,-6.3
2023,47110,포항시,M,20-24,-3.5
2024,47110,포항시,M,20-24,-3.7
2025,47110,포항시,M,20-24,-4.8
2015,47110,포항시,M,25-29,-2.5
2016,47110,포항시,M,25-29,-3.9
2017,47110,포항시,M,25-29,-3.5
2018,47110,포항시,M,25-29,-3.4
2019,47110,포항시,M,25-29,-3.3
2020,47110,포항시,M,25-29,-3.3
2021,47110,포항시,M,25-29,2.2
2022,47110,포항시,M,25-29,-2.9
2023,47110,포항시,M,25-29,1.0
2024,47110,포항시,M,25-29,1.7
2025,47110,포항시,M,25-29,-1.3
2015,47110,포항시,M,30-34,-0.8
2016,47110,포항시,M,30-34,-1.7
2017,47110,포항시,M,30-34,-1.4
2018,47110,포항시,M,30-34,-1.7
2019,47110,포항시,M,30-34,-1.0
2020,47110,포항시,M,30-34,-0.5
2021,47110,포항시,M,30-34,1.2
2022,47110,포항시,M,30-34,-1.7
2023,47110,포항시,M,30-34,0.6
2024,47110,포항시,M,30-34,0.8
2025,47110,포항시,M,30-34,-1.0
2015,47110,포항시,F,20-24,-2.9
2016,47110,포항시,F,20-24,-4.5
2017,47110,포항시,F,20-24,-4.3
2018,47110,포항시,F,20-24,-5.5
2019,47110,포항시,F,20-24,-6.4
2020,47110,포항시,F,20-24,-9.2
2021,47110,포항시,F,20-24,-3.7
2022,47110,포항시,F,20-24,-9.6
2023,47110,포항시,F,20-24,-7.2
2024,47110,포항시,F,20-24,-6.1
2025,47110,포항시,F,20-24,-6.2
2015,47110,포항시,F,25-29,-1.1
2016,47110,포항시,F,25-29,-2.1
2017,47110,포항시,F,25-29,-2.4
2018,47110,포항시,F,25-29,-4.1
2019,47110,포항시,F,25-29,-2.6
2020,47110,포항시,F,25-29,-3.6
2021,47110,포항시,F,25-29,1.7
2022,47110,포항시,F,25-29,-2.6
2023,47110,포항시,F,25-29,-1.4
2024,47110,포항시,F,25-29,0.1
2025,47110,포항시,F,25-29,1.3
2015,47110,포항시,F,30-34,0.4
2016,47110,포항시,F,30-34,-0.3
2017,47110,포항시,F,30-34,-0.9
2018,47110,포항시,F,30-34,-1.0
2019,47110,포항시,F,30-34,-0.5
2020,47110,포항시,F,30-34,-0.6
2021,47110,포항시,F,30-34,2.0
2022,47110,포항시,F,30-34,-0.5
2023,47110,포항시,F,30-34,1.1
2024,47110,포항시,F,30-34,2.2
2025,47110,포항시,F,30-34,1.0
2015,47130,경주시,M,20-24,-2.7
2016,47130,경주시,M,20-24,-2.4
2017,47130,경주시,M,20-24,-2.1
2018,47130,경주시,M,20-24,-2.7
2019,47130,경주시,M,20-24,-4.2
2020,47130,경주시,M,20-24,-4.6
2021,47130,경주시,M,20-24,-4.5
2022,47130,경주시,M,20-24,-6.4
2023,47130,경주시,M,20-24,-4.0
2024,47130,경주시,M,20-24,-5.8
2025,47130,경주시,M,20-24,-4.8
2015,47130,경주시,M,25-29,-3.6
2016,47130,경주시,M,25-29,-3.8
2017,47130,경주시,M,25-29,-5.8
2018,47130,경주시,M,25-29,-4.0
2019,47130,경주시,M,25-29,-5.4
2020,47130,경주시,M,25-29,-7.2
2021,47130,경주시,M,25-29,-4.8
2022,47130,경주시,M,25-29,-5.3
2023,47130,경주시,M,25-29,-2.3
2024,47130,경주시,M,25-29,-2.7
2025,47130,경주시,M,25-29,-0.7
2015,47130,경주시,M,30-34,-2.3
2016,47130,경주시,M,30-34,-1.6
2017,47130,경주시,M,30-34,-1.8
2018,47130,경주시,M,30-34,-1.2
2019,47130,경주시,M,30-34,-1.9
2020,47130,경주시,M,30-34,-2.1
2021,47130,경주시,M,30-34,-1.1
2022,47130,경주시,M,30-34,-0.6
2023,47130,경주시,M,30-34,-1.4
2024,47130,경주시,M,30-34,-1.1
2025,47130,경주시,M,30-34,0.6
2015,47130,경주시,F,20-24,-5.1
2016,47130,경주시,F,20-24,-5.4
2017,47130,경주시,F,20-24,-5.6
2018,47130,경주시,F,20-24,-5.3
2019,47130,경주시,F,20-24,-6.3
2020,47130,경주시,F,20-24,-9.4
2021,47130,경주시,F,20-24,-7.4
2022,47130,경주시,F,20-24,-8.3
2023,47130,경주시,F,20-24,-7.4
2024,47130,경주시,F,20-24,-9.3
2025,47130,경주시,F,20-24,-3.9
2015,47130,경주시,F,25-29,-4.0
2016,47130,경주시,F,25-29,-3.2
2017,47130,경주시,F,25-29,-4.5
2018,47130,경주시,F,25-29,-3.3
2019,47130,경주시,F,25-29,-3.4
2020,47130,경주시,F,25-29,-5.0
2021,47130,경주시,F,25-29,-2.9
2022,47130,경주시,F,25-29,-3.0
2023,47130,경주시,F,25-29,-1.3
2024,47130,경주시,F,25-29,-2.4
2025,47130,경주시,F,25-29,1.0
2015,47130,경주시,F,30-34,-1.6
2016,47130,경주시,F,30-34,-0.1
2017,47130,경주시,F,30-34,-1.4
2018,47130,경주시,F,30-34,0.6
2019,47130,경주시,F,30-34,-0.9
2020,47130,경주시,F,30-34,-0.9
2021,47130,경주시,F,30-34,0.7
2022,47130,경주시,F,30-34,0.7
2023,47130,경주시,F,30-34,-0.6
2024,47130,경주시,F,30-34,-1.1
2025,47130,경주시,F,30-34,0.7
2015,47150,김천시,M,20-24,0.1
2016,47150,김천시,M,20-24,-2.7
2017,47150,김천시,M,20-24,-1.2
2018,47150,김천시,M,20-24,-2.4
2019,47150,김천시,M,20-24,-3.2
2020,47150,김천시,M,20-24,-4.0
2021,47150,김천시,M,20-24,-4.2
2022,47150,김천시,M,20-24,-5.5
2023,47150,김천시,M,20-24,-6.6
2024,47150,김천시,M,20-24,-8.5
2025,47150,김천시,M,20-24,-8.0
2015,47150,김천시,M,25-29,3.3
2016,47150,김천시,M,25-29,0.2
2017,47150,김천시,M,25-29,-1.6
2018,47150,김천시,M,25-29,-6.2
2019,47150,김천시,M,25-29,-2.4
2020,47150,김천시,M,25-29,-3.8
2021,47150,김천시,M,25-29,-2.1
2022,47150,김천시,M,25-29,-2.4
2023,47150,김천시,M,25-29,-2.2
2024,47150,김천시,M,25-29,-2.3
2025,47150,김천시,M,25-29,-0.8
2015,47150,김천시,M,30-34,9.2
2016,47150,김천시,M,30-34,2.9
2017,47150,김천시,M,30-34,1.1
2018,47150,김천시,M,30-34,-3.7
2019,47150,김천시,M,30-34,0.0
2020,47150,김천시,M,30-34,-2.4
2021,47150,김천시,M,30-34,-2.7
2022,47150,김천시,M,30-34,0.7
2023,47150,김천시,M,30-34,-0.6
2024,47150,김천시,M,30-34,-2.1
2025,47150,김천시,M,30-34,-1.7
2015,47150,김천시,F,20-24,-0.2
2016,47150,김천시,F,20-24,-4.0
2017,47150,김천시,F,20-24,-3.9
2018,47150,김천시,F,20-24,-7.2
2019,47150,김천시,F,20-24,-4.6
2020,47150,김천시,F,20-24,-8.9
2021,47150,김천시,F,20-24,-6.8
2022,47150,김천시,F,20-24,-10.7
2023,47150,김천시,F,20-24,-9.4
2024,47150,김천시,F,20-24,-12.3
2025,47150,김천시,F,20-24,-13.1
2015,47150,김천시,F,25-29,3.2
2016,47150,김천시,F,25-29,-0.1
2017,47150,김천시,F,25-29,-1.3
2018,47150,김천시,F,25-29,-6.2
2019,47150,김천시,F,25-29,-0.9
2020,47150,김천시,F,25-29,-5.4
2021,47150,김천시,F,25-29,-0.1
2022,47150,김천시,F,25-29,-1.3
2023,47150,김천시,F,25-29,-0.8
2024,47150,김천시,F,25-29,-1.1
2025,47150,김천시,F,25-29,-2.5
2015,47150,김천시,F,30-34,10.8
2016,47150,김천시,F,30-34,4.1
2017,47150,김천시,F,30-34,1.7
2018,47150,김천시,F,30-34,-2.1
2019,47150,김천시,F,30-34,0.1
2020,47150,김천시,F,30-34,-0.1
2021,47150,김천시,F,30-34,1.6
2022,47150,김천시,F,30-34,2.2
2023,47150,김천시,F,30-34,-2.4
2024,47150,김천시,F,30-34,-1.7
2025,47150,김천시,F,30-34,-0.8
2015,47170,안동시,M,20-24,-2.0
2016,47170,안동시,M,20-24,-2.7
2017,47170,안동시,M,20-24,-4.1
2018,47170,안동시,M,20-24,-5.1
2019,47170,안동시,M,20-24,-3.3
2020,47170,안동시,M,20-24,-5.4
2021,47170,안동시,M,20-24,-3.0
2022,47170,안동시,M,20-24,-4.7
2023,47170,안동시,M,20-24,-3.0
2024,47170,안동시,M,20-24,9.3
2025,47170,안동시,M,20-24,-1.9
2015,47170,안동시,M,25-29,-4.8
2016,47170,안동시,M,25-29,-4.5
2017,47170,안동시,M,25-29,-5.8
2018,47170,안동시,M,25-29,-6.8
2019,47170,안동시,M,25-29,-5.1
2020,47170,안동시,M,25-29,-1.2
2021,47170,안동시,M,25-29,-4.9
2022,47170,안동시,M,25-29,-4.6
2023,47170,안동시,M,25-29,-3.1
2024,47170,안동시,M,25-29,0.3
2025,47170,안동시,M,25-29,-3.9
2015,47170,안동시,M,30-34,-1.5
2016,47170,안동시,M,30-34,-1.8
2017,47170,안동시,M,30-34,-1.3
2018,47170,안동시,M,30-34,-2.0
2019,47170,안동시,M,30-34,-2.7
2020,47170,안동시,M,30-34,-1.5
2021,47170,안동시,M,30-34,-1.3
2022,47170,안동시,M,30-34,-2.4
2023,47170,안동시,M,30-34,-1.7
2024,47170,안동시,M,30-34,1.1
2025,47170,안동시,M,30-34,0.0
2015,47170,안동시,F,20-24,-3.5
2016,47170,안동시,F,20-24,-2.9
2017,47170,안동시,F,20-24,-5.4
2018,47170,안동시,F,20-24,-7.9
2019,47170,안동시,F,20-24,-5.4
2020,47170,안동시,F,20-24,-7.8
2021,47170,안동시,F,20-24,-4.8
2022,47170,안동시,F,20-24,-6.0
2023,47170,안동시,F,20-24,-3.3
2024,47170,안동시,F,20-24,6.1
2025,47170,안동시,F,20-24,-2.1
2015,47170,안동시,F,25-29,-2.4
2016,47170,안동시,F,25-29,-1.4
2017,47170,안동시,F,25-29,-2.7
2018,47170,안동시,F,25-29,-4.2
2019,47170,안동시,F,25-29,-3.4
2020,47170,안동시,F,25-29,-0.4
2021,47170,안동시,F,25-29,-2.5
2022,47170,안동시,F,25-29,-4.8
2023,47170,안동시,F,25-29,-1.4
2024,47170,안동시,F,25-29,0.0
2025,47170,안동시,F,25-29,-0.6
2015,47170,안동시,F,30-34,0.2
2016,47170,안동시,F,30-34,-0.6
2017,47170,안동시,F,30-34,-2.3
2018,47170,안동시,F,30-34,-4.9
2019,47170,안동시,F,30-34,-3.4
2020,47170,안동시,F,30-34,0.6
2021,47170,안동시,F,30-34,-0.1
2022,47170,안동시,F,30-34,-2.1
2023,47170,안동시,F,30-34,-0.4
2024,47170,안동시,F,30-34,-1.7
2025,47170,안동시,F,30-34,-1.3
2015,47190,구미시,M,20-24,-0.4
2016,47190,구미시,M,20-24,-0.7
2017,47190,구미시,M,20-24,-0.9
2018,47190,구미시,M,20-24,-0.5
2019,47190,구미시,M,20-24,-1.8
2020,47190,구미시,M,20-24,-3.0
2021,47190,구미시,M,20-24,-2.5
2022,47190,구미시,M,20-24,-1.8
2023,47190,구미시,M,20-24,-0.1
2024,47190,구미시,M,20-24,-1.9
2025,47190,구미시,M,20-24,-1.6
2015,47190,구미시,M,25-29,0.7
2016,47190,구미시,M,25-29,-2.4
2017,47190,구미시,M,25-29,0.6
2018,47190,구미시,M,25-29,-0.7
2019,47190,구미시,M,25-29,-2.1
2020,47190,구미시,M,25-29,-2.2
2021,47190,구미시,M,25-29,-0.3
2022,47190,구미시,M,25-29,-0.3
2023,47190,구미시,M,25-29,0.1
2024,47190,구미시,M,25-29,0.6
2025,47190,구미시,M,25-29,-1.0
2015,47190,구미시,M,30-34,-0.7
2016,47190,구미시,M,30-34,-0.9
2017,47190,구미시,M,30-34,1.6
2018,47190,구미시,M,30-34,-0.1
2019,47190,구미시,M,30-34,-0.1
2020,47190,구미시,M,30-34,0.1
2021,47190,구미시,M,30-34,-0.4
2022,47190,구미시,M,30-34,-1.2
2023,47190,구미시,M,30-34,0.1
2024,47190,구미시,M,30-34,0.0
2025,47190,구미시,M,30-34,-0.1
2015,47190,구미시,F,20-24,-2.2
2016,47190,구미시,F,20-24,-4.2
2017,47190,구미시,F,20-24,-2.6
2018,47190,구미시,F,20-24,-3.8
2019,47190,구미시,F,20-24,-6.1
2020,47190,구미시,F,20-24,-7.9
2021,47190,구미시,F,20-24,-6.8
2022,47190,구미시,F,20-24,-5.2
2023,47190,구미시,F,20-24,-7.7
2024,47190,구미시,F,20-24,-6.8
2025,47190,구미시,F,20-24,-6.4
2015,47190,구미시,F,25-29,-1.6
2016,47190,구미시,F,25-29,-1.9
2017,47190,구미시,F,25-29,-0.5
2018,47190,구미시,F,25-29,-1.7
2019,47190,구미시,F,25-29,-2.2
2020,47190,구미시,F,25-29,-2.5
2021,47190,구미시,F,25-29,-1.4
2022,47190,구미시,F,25-29,0.3
2023,47190,구미시,F,25-29,-0.9
2024,47190,구미시,F,25-29,0.1
2025,47190,구미시,F,25-29,0.0
2015,47190,구미시,F,30-34,-1.5
2016,47190,구미시,F,30-34,-0.9
2017,47190,구미시,F,30-34,0.4
2018,47190,구미시,F,30-34,-0.7
2019,47190,구미시,F,30-34,-0.4
2020,47190,구미시,F,30-34,-0.5
2021,47190,구미시,F,30-34,-0.6
2022,47190,구미시,F,30-34,-1.7
2023,47190,구미시,F,30-34,-0.5
2024,47190,구미시,F,30-34,-0.4
2025,47190,구미시,F,30-34,0.4
2015,47210,영주시,M,20-24,-5.5
2016,47210,영주시,M,20-24,-5.5
2017,47210,영주시,M,20-24,-4.2
2018,47210,영주시,M,20-24,-4.5
2019,47210,영주시,M,20-24,-4.5
2020,47210,영주시,M,20-24,-6.5
2021,47210,영주시,M,20-24,-4.8
2022,47210,영주시,M,20-24,-6.3
2023,47210,영주시,M,20-24,0.0
2024,47210,영주시,M,20-24,-7.0
2025,47210,영주시,M,20-24,-13.0
2015,47210,영주시,M,25-29,-6.4
2016,47210,영주시,M,25-29,-7.9
2017,47210,영주시,M,25-29,-5.0
2018,47210,영주시,M,25-29,-7.1
2019,47210,영주시,M,25-29,-7.0
2020,47210,영주시,M,25-29,-8.1
2021,47210,영주시,M,25-29,-4.2
2022,47210,영주시,M,25-29,-4.9
2023,47210,영주시,M,25-29,-5.0
2024,47210,영주시,M,25-29,-4.9
2025,47210,영주시,M,25-29,-4.4
2015,47210,영주시,M,30-34,-1.0
2016,47210,영주시,M,30-34,-0.9
2017,47210,영주시,M,30-34,-3.0
2018,47210,영주시,M,30-34,-1.7
2019,47210,영주시,M,30-34,-2.9
2020,47210,영주시,M,30-34,-4.6
2021,47210,영주시,M,30-34,-1.1
2022,47210,영주시,M,30-34,-1.1
2023,47210,영주시,M,30-34,-0.3
2024,47210,영주시,M,30-34,-3.4
2025,47210,영주시,M,30-34,-2.1
2015,47210,영주시,F,20-24,-9.2
2016,47210,영주시,F,20-24,-7.7
2017,47210,영주시,F,20-24,-7.1
2018,47210,영주시,F,20-24,-9.1
2019,47210,영주시,F,20-24,-7.6
2020,47210,영주시,F,20-24,-15.3
2021,47210,영주시,F,20-24,-7.1
2022,47210,영주시,F,20-24,-5.4
2023,47210,영주시,F,20-24,-6.7
2024,47210,영주시,F,20-24,-12.4
2025,47210,영주시,F,20-24,-13.0
2015,47210,영주시,F,25-29,-3.9
2016,47210,영주시,F,25-29,-4.3
2017,47210,영주시,F,25-29,-6.8
2018,47210,영주시,F,25-29,-8.7
2019,47210,영주시,F,25-29,-4.4
2020,47210,영주시,F,25-29,-7.4
2021,47210,영주시,F,25-29,-2.3
2022,47210,영주시,F,25-29,-2.5
2023,47210,영주시,F,25-29,-1.0
2024,47210,영주시,F,25-29,-1.4
2025,47210,영주시,F,25-29,-4.6
2015,47210,영주시,F,30-34,-1.0
2016,47210,영주시,F,30-34,1.1
2017,47210,영주시,F,30-34,-0.9
2018,47210,영주시,F,30-34,-3.2
2019,47210,영주시,F,30-34,-3.5
2020,47210,영주시,F,30-34,-2.1
2021,47210,영주시,F,30-34,0.4
2022,47210,영주시,F,30-34,0.6
2023,47210,영주시,F,30-34,0.3
2024,47210,영주시,F,30-34,-3.4
2025,47210,영주시,F,30-34,-2.2
2015,47230,영천시,M,20-24,-2.8
2016,47230,영천시,M,20-24,-2.6
2017,47230,영천시,M,20-24,5.9
2018,47230,영천시,M,20-24,7.7
2019,47230,영천시,M,20-24,7.1
2020,47230,영천시,M,20-24,-4.9
2021,47230,영천시,M,20-24,-4.9
2022,47230,영천시,M,20-24,-5.8
2023,47230,영천시,M,20-24,-1.7
2024,47230,영천시,M,20-24,-4.1
2025,47230,영천시,M,20-24,-15.7
2015,47230,영천시,M,25-29,-4.6
2016,47230,영천시,M,25-29,-2.2
2017,47230,영천시,M,25-29,-2.6
2018,47230,영천시,M,25-29,-1.4
2019,47230,영천시,M,25-29,-2.7
2020,47230,영천시,M,25-29,-8.3
2021,47230,영천시,M,25-29,-5.0
2022,47230,영천시,M,25-29,-6.2
2023,47230,영천시,M,25-29,-4.1
2024,47230,영천시,M,25-29,-6.0
2025,47230,영천시,M,25-29,-9.6
2015,47230,영천시,M,30-34,-1.7
2016,47230,영천시,M,30-34,-0.4
2017,47230,영천시,M,30-34,-1.1
2018,47230,영천시,M,30-34,-0.9
2019,47230,영천시,M,30-34,1.0
2020,47230,영천시,M,30-34,-2.0
2021,47230,영천시,M,30-34,-3.8
2022,47230,영천시,M,30-34,0.4
2023,47230,영천시,M,30-34,-3.3
2024,47230,영천시,M,30-34,-6.0
2025,47230,영천시,M,30-34,-6.6
2015,47230,영천시,F,20-24,-2.6
2016,47230,영천시,F,20-24,-1.9
2017,47230,영천시,F,20-24,-5.0
2018,47230,영천시,F,20-24,-2.1
2019,47230,영천시,F,20-24,-3.6
2020,47230,영천시,F,20-24,-6.9
2021,47230,영천시,F,20-24,-4.9
2022,47230,영천시,F,20-24,-9.2
2023,47230,영천시,F,20-24,-9.2
2024,47230,영천시,F,20-24,-9.7
2025,47230,영천시,F,20-24,-9.6
2015,47230,영천시,F,25-29,-0.7
2016,47230,영천시,F,25-29,-3.5
2017,47230,영천시,F,25-29,-1.8
2018,47230,영천시,F,25-29,1.5
2019,47230,영천시,F,25-29,-0.9
2020,47230,영천시,F,25-29,-2.9
2021,47230,영천시,F,25-29,-2.0
2022,47230,영천시,F,25-29,-4.3
2023,47230,영천시,F,25-29,-4.0
2024,47230,영천시,F,25-29,-5.6
2025,47230,영천시,F,25-29,-9.1
2015,47230,영천시,F,30-34,-2.9
2016,47230,영천시,F,30-34,-2.5
2017,47230,영천시,F,30-34,-2.5
2018,47230,영천시,F,30-34,-0.2
2019,47230,영천시,F,30-34,3.6
2020,47230,영천시,F,30-34,-1.0
2021,47230,영천시,F,30-34,1.0
2022,47230,영천시,F,30-34,-0.4
2023,47230,영천시,F,30-34,-2.7
2024,47230,영천시,F,30-34,-5.9
2025,47230,영천시,F,30-34,-4.1
2015,47250,상주시,M,20-24,-4.5
2016,47250,상주시,M,20-24,-3.4
2017,47250,상주시,M,20-24,-3.8
2018,47250,상주시,M,20-24,-2.4
2019,47250,상주시,M,20-24,-0.3
2020,47250,상주시,M,20-24,-14.4
2021,47250,상주시,M,20-24,-8.7
2022,47250,상주시,M,20-24,-1.8
2023,47250,상주시,M,20-24,-8.0
2024,47250,상주시,M,20-24,-12.3
2025,47250,상주시,M,20-24,-9.8
2015,47250,상주시,M,25-29,-9.2
2016,47250,상주시,M,25-29,-7.2
2017,47250,상주시,M,25-29,-6.1
2018,47250,상주시,M,25-29,-5.7
2019,47250,상주시,M,25-29,-2.0
2020,47250,상주시,M,25-29,-16.5
2021,47250,상주시,M,25-29,-9.5
2022,47250,상주시,M,25-29,-8.1
2023,47250,상주시,M,25-29,-6.5
2024,47250,상주시,M,25-29,-7.1
2025,47250,상주시,M,25-29,-4.4
2015,47250,상주시,M,30-34,-2.9
2016,47250,상주시,M,30-34,-0.6
2017,47250,상주시,M,30-34,-1.5
2018,47250,상주시,M,30-34,-3.6
2019,47250,상주시,M,30-34,-1.4
2020,47250,상주시,M,30-34,-9.8
2021,47250,상주시,M,30-34,-4.0
2022,47250,상주시,M,30-34,-1.2
2023,47250,상주시,M,30-34,-1.6
2024,47250,상주시,M,30-34,-3.0
2025,47250,상주시,M,30-34,-1.9
2015,47250,상주시,F,20-24,-6.0
2016,47250,상주시,F,20-24,-6.0
2017,47250,상주시,F,20-24,-6.9
2018,47250,상주시,F,20-24,-5.3
2019,47250,상주시,F,20-24,-7.2
2020,47250,상주시,F,20-24,-20.7
2021,47250,상주시,F,20-24,-12.6
2022,47250,상주시,F,20-24,-11.2
2023,47250,상주시,F,20-24,-11.3
2024,47250,상주시,F,20-24,-17.4
2025,47250,상주시,F,20-24,-13.4
2015,47250,상주시,F,25-29,-7.5
2016,47250,상주시,F,25-29,-4.3
2017,47250,상주시,F,25-29,-6.1
2018,47250,상주시,F,25-29,-4.2
2019,47250,상주시,F,25-29,-3.6
2020,47250,상주시,F,25-29,-14.6
2021,47250,상주시,F,25-29,-7.0
2022,47250,상주시,F,25-29,-4.8
2023,47250,상주시,F,25-29,-3.4
2024,47250,상주시,F,25-29,-2.8
2025,47250,상주시,F,25-29,-4.7
2015,47250,상주시,F,30-34,-1.8
2016,47250,상주시,F,30-34,-0.4
2017,47250,상주시,F,30-34,-1.9
2018,47250,상주시,F,30-34,-2.7
2019,47250,상주시,F,30-34,-1.2
2020,47250,상주시,F,30-34,-5.9
2021,47250,상주시,F,30-34,-2.6
2022,47250,상주시,F,30-34,1.8
2023,47250,상주시,F,30-34,-0.3
2024,47250,상주시,F,30-34,-1.9
2025,47250,상주시,F,30-34,0.2
2015,47280,문경시,M,20-24,-5.1
2016,47280,문경시,M,20-24,-8.4
2017,47280,문경시,M,20-24,-6.0
2018,47280,문경시,M,20-24,-7.6
2019,47280,문경시,M,20-24,-3.2
2020,47280,문경시,M,20-24,-6.6
2021,47280,문경시,M,20-24,-5.3
2022,47280,문경시,M,20-24,-8.3
2023,47280,문경시,M,20-24,-10.1
2024,47280,문경시,M,20-24,-11.7
2025,47280,문경시,M,20-24,-11.6
2015,47280,문경시,M,25-29,-6.6
2016,47280,문경시,M,25-29,-9.1
2017,47280,문경시,M,25-29,-7.0
2018,47280,문경시,M,25-29,-10.2
2019,47280,문경시,M,25-29,-1.8
2020,47280,문경시,M,25-29,-5.6
2021,47280,문경시,M,25-29,-7.5
2022,47280,문경시,M,25-29,-2.5
2023,47280,문경시,M,25-29,-7.1
2024,47280,문경시,M,25-29,-4.4
2025,47280,문경시,M,25-29,-7.7
2015,47280,문경시,M,30-34,-1.6
2016,47280,문경시,M,30-34,-4.9
2017,47280,문경시,M,30-34,-2.4
2018,47280,문경시,M,30-34,-4.0
2019,47280,문경시,M,30-34,1.4
2020,47280,문경시,M,30-34,-5.6
2021,47280,문경시,M,30-34,-4.2
2022,47280,문경시,M,30-34,0.2
2023,47280,문경시,M,30-34,-3.1
2024,47280,문경시,M,30-34,-3.9
2025,47280,문경시,M,30-34,-6.8
2015,47280,문경시,F,20-24,-10.4
2016,47280,문경시,F,20-24,-10.5
2017,47280,문경시,F,20-24,-10.3
2018,47280,문경시,F,20-24,-10.9
2019,47280,문경시,F,20-24,-6.5
2020,47280,문경시,F,20-24,-15.8
2021,47280,문경시,F,20-24,-9.1
2022,47280,문경시,F,20-24,-8.5
2023,47280,문경시,F,20-24,-15.4
2024,47280,문경시,F,20-24,-13.4
2025,47280,문경시,F,20-24,-18.2
2015,47280,문경시,F,25-29,-5.1
2016,47280,문경시,F,25-29,-8.8
2017,47280,문경시,F,25-29,-7.8
2018,47280,문경시,F,25-29,-9.8
2019,47280,문경시,F,25-29,0.6
2020,47280,문경시,F,25-29,-8.0
2021,47280,문경시,F,25-29,-2.1
2022,47280,문경시,F,25-29,-2.0
2023,47280,문경시,F,25-29,-5.8
2024,47280,문경시,F,25-29,-7.3
2025,47280,문경시,F,25-29,-6.4
2015,47280,문경시,F,30-34,2.2
2016,47280,문경시,F,30-34,-4.5
2017,47280,문경시,F,30-34,-6.4
2018,47280,문경시,F,30-34,-4.1
2019,47280,문경시,F,30-34,1.6
2020,47280,문경시,F,30-34,0.5
2021,47280,문경시,F,30-34,0.9
2022,47280,문경시,F,30-34,1.2
2023,47280,문경시,F,30-34,0.6
2024,47280,문경시,F,30-34,-5.0
2025,47280,문경시,F,30-34,-6.3
2015,47290,경산시,M,20-24,3.3
2016,47290,경산시,M,20-24,2.0
2017,47290,경산시,M,20-24,3.5
2018,47290,경산시,M,20-24,2.9
2019,47290,경산시,M,20-24,4.1
2020,47290,경산시,M,20-24,4.0
2021,47290,경산시,M,20-24,4.4
2022,47290,경산시,M,20-24,7.1
2023,47290,경산시,M,20-24,7.3
2024,47290,경산시,M,20-24,9.4
2025,47290,경산시,M,20-24,4.8
2015,47290,경산시,M,25-29,0.0
2016,47290,경산시,M,25-29,-0.2
2017,47290,경산시,M,25-29,-0.3
2018,47290,경산시,M,25-29,-1.1
2019,47290,경산시,M,25-29,-1.8
2020,47290,경산시,M,25-29,-2.4
2021,47290,경산시,M,25-29,-2.1
2022,47290,경산시,M,25-29,-1.4
2023,47290,경산시,M,25-29,-5.5
2024,47290,경산시,M,25-29,-5.7
2025,47290,경산시,M,25-29,-8.4
2015,47290,경산시,M,30-34,0.8
2016,47290,경산시,M,30-34,-0.3
2017,47290,경산시,M,30-34,-2.1
2018,47290,경산시,M,30-34,-0.8
2019,47290,경산시,M,30-34,0.3
2020,47290,경산시,M,30-34,-2.5
2021,47290,경산시,M,30-34,1.5
2022,47290,경산시,M,30-34,-2.6
2023,47290,경산시,M,30-34,-2.2
2024,47290,경산시,M,30-34,-0.9
2025,47290,경산시,M,30-34,-2.6
2015,47290,경산시,F,20-24,3.1
2016,47290,경산시,F,20-24,0.2
2017,47290,경산시,F,20-24,0.3
2018,47290,경산시,F,20-24,0.6
2019,47290,경산시,F,20-24,1.6
2020,47290,경산시,F,20-24,0.0
2021,47290,경산시,F,20-24,2.9
2022,47290,경산시,F,20-24,2.3
2023,47290,경산시,F,20-24,0.7
2024,47290,경산시,F,20-24,3.6
2025,47290,경산시,F,20-24,-5.5
2015,47290,경산시,F,25-29,0.6
2016,47290,경산시,F,25-29,-1.6
2017,47290,경산시,F,25-29,-1.4
2018,47290,경산시,F,25-29,-1.0
2019,47290,경산시,F,25-29,-1.7
2020,47290,경산시,F,25-29,-1.3
2021,47290,경산시,F,25-29,0.9
2022,47290,경산시,F,25-29,-3.6
2023,47290,경산시,F,25-29,-5.5
2024,47290,경산시,F,25-29,-3.7
2025,47290,경산시,F,25-29,-6.3
2015,47290,경산시,F,30-34,1.0
2016,47290,경산시,F,30-34,-0.2
2017,47290,경산시,F,30-34,0.2
2018,47290,경산시,F,30-34,-0.4
2019,47290,경산시,F,30-34,-0.8
2020,47290,경산시,F,30-34,-0.9
2021,47290,경산시,F,30-34,2.3
2022,47290,경산시,F,30-34,-0.9
2023,47290,경산시,F,30-34,-1.7
2024,47290,경산시,F,30-34,-0.3
2025,47290,경산시,F,30-34,-2.2
2015,47720,군위군,M,20-24,-1.7
2016,47720,군위군,M,20-24,-4.7
2017,47720,군위군,M,20-24,0.2
2018,47720,군위군,M,20-24,0.9
2019,47720,군위군,M,20-24,-1.1
2020,47720,군위군,M,20-24,-8.4
2021,47720,군위군,M,20-24,-7.2
2022,47720,군위군,M,20-24,-3.9
2015,47720,군위군,M,25-29,-14.6
2016,47720,군위군,M,25-29,-5.6
2017,47720,군위군,M,25-29,-2.3
2018,47720,군위군,M,25-29,-1.6
2019,47720,군위군,M,25-29,-7.7
2020,47720,군위군,M,25-29,-9.9
2021,47720,군위군,M,25-29,-9.9
2022,47720,군위군,M,25-29,-0.2
2015,47720,군위군,M,30-34,-6.8
2016,47720,군위군,M,30-34,-0.7
2017,47720,군위군,M,30-34,-2.5
2018,47720,군위군,M,30-34,-4.9
2019,47720,군위군,M,30-34,-3.8
2020,47720,군위군,M,30-34,-14.8
2021,47720,군위군,M,30-34,-10.0
2022,47720,군위군,M,30-34,-0.6
2015,47720,군위군,F,20-24,-2.1
2016,47720,군위군,F,20-24,-4.0
2017,47720,군위군,F,20-24,-9.1
2018,47720,군위군,F,20-24,-9.3
2019,47720,군위군,F,20-24,-10.3
2020,47720,군위군,F,20-24,-15.5
2021,47720,군위군,F,20-24,-12.6
2022,47720,군위군,F,20-24,-0.7
2015,47720,군위군,F,25-29,-6.7
2016,47720,군위군,F,25-29,-6.3
2017,47720,군위군,F,25-29,-3.9
2018,47720,군위군,F,25-29,-7.4
2019,47720,군위군,F,25-29,-2.0
2020,47720,군위군,F,25-29,-21.2
2021,47720,군위군,F,25-29,-7.1
2022,47720,군위군,F,25-29,1.4
2015,47720,군위군,F,30-34,-4.8
2016,47720,군위군,F,30-34,-1.1
2017,47720,군위군,F,30-34,-4.7
2018,47720,군위군,F,30-34,-7.7
2019,47720,군위군,F,30-34,-2.4
2020,47720,군위군,F,30-34,-16.0
2021,47720,군위군,F,30-34,-6.7
2022,47720,군위군,F,30-34,13.1
2015,47730,의성군,M,20-24,-5.1
2016,47730,의성군,M,20-24,-3.6
2017,47730,의성군,M,20-24,-2.8
2018,47730,의성군,M,20-24,-3.2
2019,47730,의성군,M,20-24,-1.0
2020,47730,의성군,M,20-24,-7.5
2021,47730,의성군,M,20-24,-8.7
2022,47730,의성군,M,20-24,-7.6
2023,47730,의성군,M,20-24,-3.5
2024,47730,의성군,M,20-24,-12.7
2025,47730,의성군,M,20-24,-7.1
2015,47730,의성군,M,25-29,-9.5
2016,47730,의성군,M,25-29,-8.1
2017,47730,의성군,M,25-29,-5.5
2018,47730,의성군,M,25-29,-3.7
2019,47730,의성군,M,25-29,-5.9
2020,47730,의성군,M,25-29,-10.4
2021,47730,의성군,M,25-29,-8.1
2022,47730,의성군,M,25-29,-6.0
2023,47730,의성군,M,25-29,-1.8
2024,47730,의성군,M,25-29,-9.8
2025,47730,의성군,M,25-29,-5.1
2015,47730,의성군,M,30-34,-3.3
2016,47730,의성군,M,30-34,-3.6
2017,47730,의성군,M,30-34,-3.1
2018,47730,의성군,M,30-34,-5.4
2019,47730,의성군,M,30-34,-1.3
2020,47730,의성군,M,30-34,-5.2
2021,47730,의성군,M,30-34,-8.6
2022,47730,의성군,M,30-34,0.4
2023,47730,의성군,M,30-34,0.5
2024,47730,의성군,M,30-34,-3.3
2025,47730,의성군,M,30-34,-2.2
2015,47730,의성군,F,20-24,-6.1
2016,47730,의성군,F,20-24,-9.0
2017,47730,의성군,F,20-24,-7.2
2018,47730,의성군,F,20-24,-6.1
2019,47730,의성군,F,20-24,-9.9
2020,47730,의성군,F,20-24,-14.4
2021,47730,의성군,F,20-24,-16.7
2022,47730,의성군,F,20-24,-13.0
2023,47730,의성군,F,20-24,-6.8
2024,47730,의성군,F,20-24,-14.1
2025,47730,의성군,F,20-24,-16.8
2015,47730,의성군,F,25-29,-10.6
2016,47730,의성군,F,25-29,-6.7
2017,47730,의성군,F,25-29,-9.9
2018,47730,의성군,F,25-29,-5.5
2019,47730,의성군,F,25-29,-5.0
2020,47730,의성군,F,25-29,-7.7
2021,47730,의성군,F,25-29,-8.4
2022,47730,의성군,F,25-29,-0.7
2023,47730,의성군,F,25-29,0.7
2024,47730,의성군,F,25-29,-8.0
2025,47730,의성군,F,25-29,-4.1
2015,47730,의성군,F,30-34,-5.3
2016,47730,의성군,F,30-34,-0.6
2017,47730,의성군,F,30-34,-4.6
2018,47730,의성군,F,30-34,-3.4
2019,47730,의성군,F,30-34,2.9
2020,47730,의성군,F,30-34,-6.5
2021,47730,의성군,F,30-34,-6.4
2022,47730,의성군,F,30-34,5.4
2023,47730,의성군,F,30-34,-0.9
2024,47730,의성군,F,30-34,-10.5
2025,47730,의성군,F,30-34,-5.9
2015,47750,청송군,M,20-24,-1.5
2016,47750,청송군,M,20-24,-0.7
2017,47750,청송군,M,20-24,-1.2
2018,47750,청송군,M,20-24,-5.1
2019,47750,청송군,M,20-24,-4.6
2020,47750,청송군,M,20-24,-8.7
2021,47750,청송군,M,20-24,-8.4
2022,47750,청송군,M,20-24,-4.4
2023,47750,청송군,M,20-24,-3.1
2024,47750,청송군,M,20-24,-10.1
2025,47750,청송군,M,20-24,-12.4
2015,47750,청송군,M,25-29,-0.8
2016,47750,청송군,M,25-29,-3.6
2017,47750,청송군,M,25-29,-2.4
2018,47750,청송군,M,25-29,-3.3
2019,47750,청송군,M,25-29,0.2
2020,47750,청송군,M,25-29,-10.7
2021,47750,청송군,M,25-29,-4.3
2022,47750,청송군,M,25-29,-3.2
2023,47750,청송군,M,25-29,1.3
2024,47750,청송군,M,25-29,-1.9
2025,47750,청송군,M,25-29,2.0
2015,47750,청송군,M,30-34,-0.4
2016,47750,청송군,M,30-34,-0.7
2017,47750,청송군,M,30-34,-5.1
2018,47750,청송군,M,30-34,-6.7
2019,47750,청송군,M,30-34,-6.8
2020,47750,청송군,M,30-34,-5.2
2021,47750,청송군,M,30-34,-6.5
2022,47750,청송군,M,30-34,-2.0
2023,47750,청송군,M,30-34,-0.9
2024,47750,청송군,M,30-34,-5.8
2025,47750,청송군,M,30-34,-0.2
2015,47750,청송군,F,20-24,-1.3
2016,47750,청송군,F,20-24,-5.8
2017,47750,청송군,F,20-24,-5.4
2018,47750,청송군,F,20-24,-8.6
2019,47750,청송군,F,20-24,-8.1
2020,47750,청송군,F,20-24,-14.9
2021,47750,청송군,F,20-24,-13.5
2022,47750,청송군,F,20-24,-11.4
2023,47750,청송군,F,20-24,-10.2
2024,47750,청송군,F,20-24,-10.8
2025,47750,청송군,F,20-24,-3.3
2015,47750,청송군,F,25-29,-4.1
2016,47750,청송군,F,25-29,-3.9
2017,47750,청송군,F,25-29,-15.7
2018,47750,청송군,F,25-29,-8.3
2019,47750,청송군,F,25-29,-9.0
2020,47750,청송군,F,25-29,-21.1
2021,47750,청송군,F,25-29,-6.3
2022,47750,청송군,F,25-29,-7.2
2023,47750,청송군,F,25-29,-8.0
2024,47750,청송군,F,25-29,1.9
2025,47750,청송군,F,25-29,2.1
2015,47750,청송군,F,30-34,7.1
2016,47750,청송군,F,30-34,-2.1
2017,47750,청송군,F,30-34,-5.7
2018,47750,청송군,F,30-34,-5.1
2019,47750,청송군,F,30-34,-2.9
2020,47750,청송군,F,30-34,1.0
2021,47750,청송군,F,30-34,-3.2
2022,47750,청송군,F,30-34,-1.2
2023,47750,청송군,F,30-34,3.1
2024,47750,청송군,F,30-34,3.4
2025,47750,청송군,F,30-34,-3.5
2015,47760,영양군,M,20-24,-7.9
2016,47760,영양군,M,20-24,-6.1
2017,47760,영양군,M,20-24,-7.8
2018,47760,영양군,M,20-24,-1.5
2019,47760,영양군,M,20-24,-7.6
2020,47760,영양군,M,20-24,-10.3
2021,47760,영양군,M,20-24,-8.0
2022,47760,영양군,M,20-24,-8.4
2023,47760,영양군,M,20-24,-10.8
2024,47760,영양군,M,20-24,-12.3
2025,47760,영양군,M,20-24,6.5
2015,47760,영양군,M,25-29,-11.8
2016,47760,영양군,M,25-29,-5.6
2017,47760,영양군,M,25-29,-4.6
2018,47760,영양군,M,25-29,-1.6
2019,47760,영양군,M,25-29,-6.0
2020,47760,영양군,M,25-29,-5.3
2021,47760,영양군,M,25-29,-9.3
2022,47760,영양군,M,25-29,-16.8
2023,47760,영양군,M,25-29,-9.1
2024,47760,영양군,M,25-29,-0.9
2025,47760,영양군,M,25-29,19.8
2015,47760,영양군,M,30-34,-2.3
2016,47760,영양군,M,30-34,-5.1
2017,47760,영양군,M,30-34,-5.9
2018,47760,영양군,M,30-34,-2.5
2019,47760,영양군,M,30-34,-1.5
2020,47760,영양군,M,30-34,-4.1
2021,47760,영양군,M,30-34,-3.4
2022,47760,영양군,M,30-34,-1.5
2023,47760,영양군,M,30-34,-5.3
2024,47760,영양군,M,30-34,-5.1
2025,47760,영양군,M,30-34,9.6
2015,47760,영양군,F,20-24,-4.6
2016,47760,영양군,F,20-24,-6.6
2017,47760,영양군,F,20-24,-8.4
2018,47760,영양군,F,20-24,-3.1
2019,47760,영양군,F,20-24,-11.8
2020,47760,영양군,F,20-24,-15.5
2021,47760,영양군,F,20-24,-10.3
2022,47760,영양군,F,20-24,-8.2
2023,47760,영양군,F,20-24,-18.5
2024,47760,영양군,F,20-24,-6.9
2025,47760,영양군,F,20-24,19.6
2015,47760,영양군,F,25-29,-4.8
2016,47760,영양군,F,25-29,-5.7
2017,47760,영양군,F,25-29,-6.2
2018,47760,영양군,F,25-29,-3.1
2019,47760,영양군,F,25-29,-11.4
2020,47760,영양군,F,25-29,-11.2
2021,47760,영양군,F,25-29,-2.2
2022,47760,영양군,F,25-29,-9.3
2023,47760,영양군,F,25-29,-6.8
2024,47760,영양군,F,25-29,-7.2
2025,47760,영양군,F,25-29,11.9
2015,47760,영양군,F,30-34,-2.6
2016,47760,영양군,F,30-34,-9.1
2017,47760,영양군,F,30-34,-1.5
2018,47760,영양군,F,30-34,-0.4
2019,47760,영양군,F,30-34,-3.4
2020,47760,영양군,F,30-34,-2.2
2021,47760,영양군,F,30-34,-1.4
2022,47760,영양군,F,30-34,-4.9
2023,47760,영양군,F,30-34,-5.6
2024,47760,영양군,F,30-34,-8.0
2025,47760,영양군,F,30-34,7.3
2015,47770,영덕군,M,20-24,-5.1
2016,47770,영덕군,M,20-24,-5.6
2017,47770,영덕군,M,20-24,-5.3
2018,47770,영덕군,M,20-24,-5.5
2019,47770,영덕군,M,20-24,-9.8
2020,47770,영덕군,M,20-24,-10.4
2021,47770,영덕군,M,20-24,-10.3
2022,47770,영덕군,M,20-24,-9.3
2023,47770,영덕군,M,20-24,-7.6
2024,47770,영덕군,M,20-24,-12.2
2025,47770,영덕군,M,20-24,-13.0
2015,47770,영덕군,M,25-29,-12.1
2016,47770,영덕군,M,25-29,0.3
2017,47770,영덕군,M,25-29,-5.7
2018,47770,영덕군,M,25-29,-3.1
2019,47770,영덕군,M,25-29,-8.7
2020,47770,영덕군,M,25-29,-13.4
2021,47770,영덕군,M,25-29,-3.9
2022,47770,영덕군,M,25-29,-5.5
2023,47770,영덕군,M,25-29,-1.8
2024,47770,영덕군,M,25-29,-10.3
2025,47770,영덕군,M,25-29,-2.1
2015,47770,영덕군,M,30-34,-3.8
2016,47770,영덕군,M,30-34,-0.5
2017,47770,영덕군,M,30-34,0.1
2018,47770,영덕군,M,30-34,-1.5
2019,47770,영덕군,M,30-34,-6.1
2020,47770,영덕군,M,30-34,-8.5
2021,47770,영덕군,M,30-34,-9.0
2022,47770,영덕군,M,30-34,-2.7
2023,47770,영덕군,M,30-34,-4.0
2024,47770,영덕군,M,30-34,-3.1
2025,47770,영덕군,M,30-34,-2.2
2015,47770,영덕군,F,20-24,-2.7
2016,47770,영덕군,F,20-24,-4.7
2017,47770,영덕군,F,20-24,-7.9
2018,47770,영덕군,F,20-24,-5.3
2019,47770,영덕군,F,20-24,-17.1
2020,47770,영덕군,F,20-24,-16.6
2021,47770,영덕군,F,20-24,-14.5
2022,47770,영덕군,F,20-24,-13.6
2023,47770,영덕군,F,20-24,-13.3
2024,47770,영덕군,F,20-24,-13.1
2025,47770,영덕군,F,20-24,-12.9
2015,47770,영덕군,F,25-29,-5.7
2016,47770,영덕군,F,25-29,-4.8
2017,47770,영덕군,F,25-29,-6.3
2018,47770,영덕군,F,25-29,-2.8
2019,47770,영덕군,F,25-29,-8.9
2020,47770,영덕군,F,25-29,-11.9
2021,47770,영덕군,F,25-29,-9.9
2022,47770,영덕군,F,25-29,1.2
2023,47770,영덕군,F,25-29,1.6
2024,47770,영덕군,F,25-29,-9.9
2025,47770,영덕군,F,25-29,-5.2
2015,47770,영덕군,F,30-34,-4.2
2016,47770,영덕군,F,30-34,1.0
2017,47770,영덕군,F,30-34,-2.9
2018,47770,영덕군,F,30-34,2.5
2019,47770,영덕군,F,30-34,-1.6
2020,47770,영덕군,F,30-34,-6.9
2021,47770,영덕군,F,30-34,-7.6
2022,47770,영덕군,F,30-34,0.7
2023,47770,영덕군,F,30-34,-4.0
2024,47770,영덕군,F,30-34,-5.6
2025,47770,영덕군,F,30-34,-2.3
2015,47820,청도군,M,20-24,-3.4
2016,47820,청도군,M,20-24,-4.0
2017,47820,청도군,M,20-24,-2.6
2018,47820,청도군,M,20-24,-1.7
2019,47820,청도군,M,20-24,-3.6
2020,47820,청도군,M,20-24,-7.4
2021,47820,청도군,M,20-24,-8.0
2022,47820,청도군,M,20-24,-7.6
2023,47820,청도군,M,20-24,-9.0
2024,47820,청도군,M,20-24,-12.5
2025,47820,청도군,M,20-24,-14.3
2015,47820,청도군,M,25-29,-8.2
2016,47820,청도군,M,25-29,-9.3
2017,47820,청도군,M,25-29,-4.0
2018,47820,청도군,M,25-29,-3.8
2019,47820,청도군,M,25-29,-9.8
2020,47820,청도군,M,25-29,-7.8
2021,47820,청도군,M,25-29,-14.0
2022,47820,청도군,M,25-29,-5.0
2023,47820,청도군,M,25-29,-8.3
2024,47820,청도군,M,25-29,-8.3
2025,47820,청도군,M,25-29,-8.0
2015,47820,청도군,M,30-34,-3.2
2016,47820,청도군,M,30-34,-2.5
2017,47820,청도군,M,30-34,-7.3
2018,47820,청도군,M,30-34,-9.2
2019,47820,청도군,M,30-34,-1.3
2020,47820,청도군,M,30-34,-5.9
2021,47820,청도군,M,30-34,-8.6
2022,47820,청도군,M,30-34,-4.1
2023,47820,청도군,M,30-34,-2.9
2024,47820,청도군,M,30-34,-7.7
2025,47820,청도군,M,30-34,-0.2
2015,47820,청도군,F,20-24,-6.3
2016,47820,청도군,F,20-24,-3.8
2017,47820,청도군,F,20-24,-6.3
2018,47820,청도군,F,20-24,-8.8
2019,47820,청도군,F,20-24,-11.5
2020,47820,청도군,F,20-24,-17.4
2021,47820,청도군,F,20-24,-13.0
2022,47820,청도군,F,20-24,-9.8
2023,47820,청도군,F,20-24,-10.6
2024,47820,청도군,F,20-24,-15.3
2025,47820,청도군,F,20-24,-12.2
2015,47820,청도군,F,25-29,-11.7
2016,47820,청도군,F,25-29,-4.9
2017,47820,청도군,F,25-29,-3.8
2018,47820,청도군,F,25-29,-6.9
2019,47820,청도군,F,25-29,-3.6
2020,47820,청도군,F,25-29,-13.1
2021,47820,청도군,F,25-29,-7.2
2022,47820,청도군,F,25-29,-1.6
2023,47820,청도군,F,25-29,-3.5
2024,47820,청도군,F,25-29,-5.1
2025,47820,청도군,F,25-29,-9.4
2015,47820,청도군,F,30-34,-1.5
2016,47820,청도군,F,30-34,-6.5
2017,47820,청도군,F,30-34,1.0
2018,47820,청도군,F,30-34,-6.6
2019,47820,청도군,F,30-34,-3.7
2020,47820,청도군,F,30-34,-5.2
2021,47820,청도군,F,30-34,-0.2
2022,47820,청도군,F,30-34,0.4
2023,47820,청도군,F,30-34,-0.2
2024,47820,청도군,F,30-34,-6.3
2025,47820,청도군,F,30-34,5.1
2015,47830,고령군,M,20-24,-4.9
2016,47830,고령군,M,20-24,-2.4
2017,47830,고령군,M,20-24,-2.9
2018,47830,고령군,M,20-24,-4.4
2019,47830,고령군,M,20-24,-3.8
2020,47830,고령군,M,20-24,-4.8
2021,47830,고령군,M,20-24,-7.3
2022,47830,고령군,M,20-24,-8.9
2023,47830,고령군,M,20-24,-6.7
2024,47830,고령군,M,20-24,-12.3
2025,47830,고령군,M,20-24,-5.0
2015,47830,고령군,M,25-29,-8.4
2016,47830,고령군,M,25-29,-5.2
2017,47830,고령군,M,25-29,-8.0
2018,47830,고령군,M,25-29,-5.7
2019,47830,고령군,M,25-29,-7.2
2020,47830,고령군,M,25-29,-14.2
2021,47830,고령군,M,25-29,-13.5
2022,47830,고령군,M,25-29,-3.3
2023,47830,고령군,M,25-29,-1.3
2024,47830,고령군,M,25-29,-2.8
2025,47830,고령군,M,25-29,-5.3
2015,47830,고령군,M,30-34,-7.1
2016,47830,고령군,M,30-34,-6.0
2017,47830,고령군,M,30-34,-1.5
2018,47830,고령군,M,30-34,-7.6
2019,47830,고령군,M,30-34,-7.2
2020,47830,고령군,M,30-34,-8.5
2021,47830,고령군,M,30-34,-8.4
2022,47830,고령군,M,30-34,-6.1
2023,47830,고령군,M,30-34,-5.3
2024,47830,고령군,M,30-34,4.4
2025,47830,고령군,M,30-34,-7.6
2015,47830,고령군,F,20-24,-6.6
2016,47830,고령군,F,20-24,-3.3
2017,47830,고령군,F,20-24,-4.1
2018,47830,고령군,F,20-24,-6.5
2019,47830,고령군,F,20-24,-7.9
2020,47830,고령군,F,20-24,-15.6
2021,47830,고령군,F,20-24,-12.4
2022,47830,고령군,F,20-24,-11.0
2023,47830,고령군,F,20-24,-9.6
2024,47830,고령군,F,20-24,-7.6
2025,47830,고령군,F,20-24,-14.5
2015,47830,고령군,F,25-29,-8.3
2016,47830,고령군,F,25-29,-5.7
2017,47830,고령군,F,25-29,-3.9
2018,47830,고령군,F,25-29,-9.2
2019,47830,고령군,F,25-29,-4.9
2020,47830,고령군,F,25-29,-19.8
2021,47830,고령군,F,25-29,-7.4
2022,47830,고령군,F,25-29,4.2
2023,47830,고령군,F,25-29,-5.9
2024,47830,고령군,F,25-29,-9.1
2025,47830,고령군,F,25-29,-0.7
2015,47830,고령군,F,30-34,-6.5
2016,47830,고령군,F,30-34,-2.1
2017,47830,고령군,F,30-34,-4.2
2018,47830,고령군,F,30-34,-7.9
2019,47830,고령군,F,30-34,-4.9
2020,47830,고령군,F,30-34,-11.8
2021,47830,고령군,F,30-34,-8.5
2022,47830,고령군,F,30-34,-2.0
2023,47830,고령군,F,30-34,-4.2
2024,47830,고령군,F,30-34,1.7
2025,47830,고령군,F,30-34,-0.2
2015,47840,성주군,M,20-24,-0.6
2016,47840,성주군,M,20-24,-3.7
2017,47840,성주군,M,20-24,-1.0
2018,47840,성주군,M,20-24,-2.1
2019,47840,성주군,M,20-24,-5.3
2020,47840,성주군,M,20-24,-6.0
2021,47840,성주군,M,20-24,-8.8
2022,47840,성주군,M,20-24,-7.7
2023,47840,성주군,M,20-24,-5.6
2024,47840,성주군,M,20-24,-15.1
2025,47840,성주군,M,20-24,-14.5
2015,47840,성주군,M,25-29,-6.4
2016,47840,성주군,M,25-29,-0.8
2017,47840,성주군,M,25-29,-3.4
2018,47840,성주군,M,25-29,-6.9
2019,47840,성주군,M,25-29,-5.7
2020,47840,성주군,M,25-29,-3.7
2021,47840,성주군,M,25-29,-8.6
2022,47840,성주군,M,25-29,-4.8
2023,47840,성주군,M,25-29,-3.9
2024,47840,성주군,M,25-29,-8.6
2025,47840,성주군,M,25-29,-4.7
2015,47840,성주군,M,30-34,-4.7
2016,47840,성주군,M,30-34,-1.2
2017,47840,성주군,M,30-34,-4.5
2018,47840,성주군,M,30-34,-4.1
2019,47840,성주군,M,30-34,-4.3
2020,47840,성주군,M,30-34,-6.2
2021,47840,성주군,M,30-34,-8.2
2022,47840,성주군,M,30-34,-0.8
2023,47840,성주군,M,30-34,-2.6
2024,47840,성주군,M,30-34,-3.6
2025,47840,성주군,M,30-34,-3.4
2015,47840,성주군,F,20-24,-3.0
2016,47840,성주군,F,20-24,-5.2
2017,47840,성주군,F,20-24,-2.0
2018,47840,성주군,F,20-24,-5.4
2019,47840,성주군,F,20-24,-8.4
2020,47840,성주군,F,20-24,-10.8
2021,47840,성주군,F,20-24,-11.1
2022,47840,성주군,F,20-24,-11.1
2023,47840,성주군,F,20-24,-13.3
2024,47840,성주군,F,20-24,-7.8
2025,47840,성주군,F,20-24,-13.5
2015,47840,성주군,F,25-29,-4.7
2016,47840,성주군,F,25-29,-4.8
2017,47840,성주군,F,25-29,-2.4
2018,47840,성주군,F,25-29,-7.0
2019,47840,성주군,F,25-29,-7.0
2020,47840,성주군,F,25-29,-13.8
2021,47840,성주군,F,25-29,-7.0
2022,47840,성주군,F,25-29,-13.6
2023,47840,성주군,F,25-29,-6.6
2024,47840,성주군,F,25-29,-4.8
2025,47840,성주군,F,25-29,-2.9
2015,47840,성주군,F,30-34,-3.1
2016,47840,성주군,F,30-34,-1.3
2017,47840,성주군,F,30-34,-3.7
2018,47840,성주군,F,30-34,-4.2
2019,47840,성주군,F,30-34,-6.0
2020,47840,성주군,F,30-34,-9.5
2021,47840,성주군,F,30-34,-1.7
2022,47840,성주군,F,30-34,-2.3
2023,47840,성주군,F,30-34,0.5
2024,47840,성주군,F,30-34,-1.3
2025,47840,성주군,F,30-34,-3.8
2015,47850,칠곡군,M,20-24,-0.3
2016,47850,칠곡군,M,20-24,0.4
2017,47850,칠곡군,M,20-24,-2.3
2018,47850,칠곡군,M,20-24,-2.1
2019,47850,칠곡군,M,20-24,-3.5
2020,47850,칠곡군,M,20-24,-4.9
2021,47850,칠곡군,M,20-24,-5.4
2022,47850,칠곡군,M,20-24,-4.7
2023,47850,칠곡군,M,20-24,-7.4
2024,47850,칠곡군,M,20-24,-10.7
2025,47850,칠곡군,M,20-24,-8.3
2015,47850,칠곡군,M,25-29,-2.1
2016,47850,칠곡군,M,25-29,3.8
2017,47850,칠곡군,M,25-29,-3.1
2018,47850,칠곡군,M,25-29,-5.4
2019,47850,칠곡군,M,25-29,-3.1
2020,47850,칠곡군,M,25-29,-9.0
2021,47850,칠곡군,M,25-29,-3.3
2022,47850,칠곡군,M,25-29,-1.1
2023,47850,칠곡군,M,25-29,-3.0
2024,47850,칠곡군,M,25-29,-5.1
2025,47850,칠곡군,M,25-29,-4.8
2015,47850,칠곡군,M,30-34,2.1
2016,47850,칠곡군,M,30-34,-0.1
2017,47850,칠곡군,M,30-34,-7.7
2018,47850,칠곡군,M,30-34,-5.9
2019,47850,칠곡군,M,30-34,-8.1
2020,47850,칠곡군,M,30-34,-9.2
2021,47850,칠곡군,M,30-34,-3.7
2022,47850,칠곡군,M,30-34,-2.1
2023,47850,칠곡군,M,30-34,-2.8
2024,47850,칠곡군,M,30-34,-6.0
2025,47850,칠곡군,M,30-34,-4.1
2015,47850,칠곡군,F,20-24,-1.9
2016,47850,칠곡군,F,20-24,-0.2
2017,47850,칠곡군,F,20-24,-7.4
2018,47850,칠곡군,F,20-24,-7.9
2019,47850,칠곡군,F,20-24,-7.9
2020,47850,칠곡군,F,20-24,-12.5
2021,47850,칠곡군,F,20-24,-7.8
2022,47850,칠곡군,F,20-24,-13.1
2023,47850,칠곡군,F,20-24,-11.2
2024,47850,칠곡군,F,20-24,-13.6
2025,47850,칠곡군,F,20-24,-11.2
2015,47850,칠곡군,F,25-29,1.9
2016,47850,칠곡군,F,25-29,0.3
2017,47850,칠곡군,F,25-29,-9.1
2018,47850,칠곡군,F,25-29,-9.7
2019,47850,칠곡군,F,25-29,-11.4
2020,47850,칠곡군,F,25-29,-11.5
2021,47850,칠곡군,F,25-29,-3.4
2022,47850,칠곡군,F,25-29,-2.4
2023,47850,칠곡군,F,25-29,-5.1
2024,47850,칠곡군,F,25-29,-8.2
2025,47850,칠곡군,F,25-29,-6.7
2015,47850,칠곡군,F,30-34,1.9
2016,47850,칠곡군,F,30-34,-0.3
2017,47850,칠곡군,F,30-34,-4.9
2018,47850,칠곡군,F,30-34,-5.6
2019,47850,칠곡군,F,30-34,-6.5
2020,47850,칠곡군,F,30-34,-6.4
2021,47850,칠곡군,F,30-34,-2.3
2022,47850,칠곡군,F,30-34,-1.2
2023,47850,칠곡군,F,30-34,-4.1
2024,47850,칠곡군,F,30-34,-8.2
2025,47850,칠곡군,F,30-34,-7.1
2015,47900,예천군,M,20-24,-6.3
2016,47900,예천군,M,20-24,-2.1
2017,47900,예천군,M,20-24,4.9
2018,47900,예천군,M,20-24,6.2
2019,47900,예천군,M,20-24,-0.5
2020,47900,예천군,M,20-24,-2.3
2021,47900,예천군,M,20-24,-5.2
2022,47900,예천군,M,20-24,-6.5
2023,47900,예천군,M,20-24,-4.8
2024,47900,예천군,M,20-24,-10.1
2025,47900,예천군,M,20-24,-9.9
2015,47900,예천군,M,25-29,-9.4
2016,47900,예천군,M,25-29,-5.6
2017,47900,예천군,M,25-29,6.0
2018,47900,예천군,M,25-29,7.7
2019,47900,예천군,M,25-29,3.1
2020,47900,예천군,M,25-29,-3.5
2021,47900,예천군,M,25-29,-0.1
2022,47900,예천군,M,25-29,2.8
2023,47900,예천군,M,25-29,-1.5
2024,47900,예천군,M,25-29,-3.8
2025,47900,예천군,M,25-29,3.0
2015,47900,예천군,M,30-34,-1.8
2016,47900,예천군,M,30-34,6.5
2017,47900,예천군,M,30-34,11.4
2018,47900,예천군,M,30-34,15.4
2019,47900,예천군,M,30-34,7.0
2020,47900,예천군,M,30-34,6.2
2021,47900,예천군,M,30-34,2.3
2022,47900,예천군,M,30-34,4.7
2023,47900,예천군,M,30-34,0.3
2024,47900,예천군,M,30-34,-1.2
2025,47900,예천군,M,30-34,2.6
2015,47900,예천군,F,20-24,-3.3
2016,47900,예천군,F,20-24,-5.4
2017,47900,예천군,F,20-24,1.4
2018,47900,예천군,F,20-24,6.0
2019,47900,예천군,F,20-24,-5.1
2020,47900,예천군,F,20-24,-7.9
2021,47900,예천군,F,20-24,-8.6
2022,47900,예천군,F,20-24,-4.7
2023,47900,예천군,F,20-24,-11.9
2024,47900,예천군,F,20-24,-12.1
2025,47900,예천군,F,20-24,-9.7
2015,47900,예천군,F,25-29,-5.3
2016,47900,예천군,F,25-29,-1.3
2017,47900,예천군,F,25-29,4.1
2018,47900,예천군,F,25-29,10.9
2019,47900,예천군,F,25-29,9.3
2020,47900,예천군,F,25-29,-1.4
2021,47900,예천군,F,25-29,3.6
2022,47900,예천군,F,25-29,9.0
2023,47900,예천군,F,25-29,3.1
2024,47900,예천군,F,25-29,-2.0
2025,47900,예천군,F,25-29,-2.5
2015,47900,예천군,F,30-34,2.2
2016,47900,예천군,F,30-34,9.5
2017,47900,예천군,F,30-34,11.2
2018,47900,예천군,F,30-34,18.0
2019,47900,예천군,F,30-34,12.4
2020,47900,예천군,F,30-34,4.7
2021,47900,예천군,F,30-34,6.9
2022,47900,예천군,F,30-34,6.8
2023,47900,예천군,F,30-34,3.3
2024,47900,예천군,F,30-34,3.1
2025,47900,예천군,F,30-34,5.1
2015,47920,봉화군,M,20-24,-6.7
2016,47920,봉화군,M,20-24,-4.0
2017,47920,봉화군,M,20-24,-2.6
2018,47920,봉화군,M,20-24,-6.4
2019,47920,봉화군,M,20-24,-3.8
2020,47920,봉화군,M,20-24,-9.7
2021,47920,봉화군,M,20-24,-9.1
2022,47920,봉화군,M,20-24,-9.6
2023,47920,봉화군,M,20-24,-11.4
2024,47920,봉화군,M,20-24,-13.0
2025,47920,봉화군,M,20-24,-11.4
2015,47920,봉화군,M,25-29,-6.9
2016,47920,봉화군,M,25-29,-5.4
2017,47920,봉화군,M,25-29,-6.8
2018,47920,봉화군,M,25-29,-8.0
2019,47920,봉화군,M,25-29,-9.0
2020,47920,봉화군,M,25-29,-6.8
2021,47920,봉화군,M,25-29,-13.5
2022,47920,봉화군,M,25-29,-4.0
2023,47920,봉화군,M,25-29,-6.6
2024,47920,봉화군,M,25-29,-7.9
2025,47920,봉화군,M,25-29,-3.5
2015,47920,봉화군,M,30-34,-4.9
2016,47920,봉화군,M,30-34,-1.8
2017,47920,봉화군,M,30-34,-4.3
2018,47920,봉화군,M,30-34,-7.0
2019,47920,봉화군,M,30-34,-4.6
2020,47920,봉화군,M,30-34,-7.3
2021,47920,봉화군,M,30-34,-3.2
2022,47920,봉화군,M,30-34,-9.0
2023,47920,봉화군,M,30-34,-4.3
2024,47920,봉화군,M,30-34,-5.2
2025,47920,봉화군,M,30-34,-7.2
2015,47920,봉화군,F,20-24,-5.9
2016,47920,봉화군,F,20-24,-5.4
2017,47920,봉화군,F,20-24,-7.7
2018,47920,봉화군,F,20-24,-7.2
2019,47920,봉화군,F,20-24,-18.0
2020,47920,봉화군,F,20-24,-17.2
2021,47920,봉화군,F,20-24,-22.8
2022,47920,봉화군,F,20-24,-14.0
2023,47920,봉화군,F,20-24,-12.7
2024,47920,봉화군,F,20-24,-18.4
2025,47920,봉화군,F,20-24,-11.1
2015,47920,봉화군,F,25-29,-4.8
2016,47920,봉화군,F,25-29,-6.8
2017,47920,봉화군,F,25-29,-9.4
2018,47920,봉화군,F,25-29,-3.7
2019,47920,봉화군,F,25-29,-10.5
2020,47920,봉화군,F,25-29,-18.7
2021,47920,봉화군,F,25-29,-12.6
2022,47920,봉화군,F,25-29,-7.2
2023,47920,봉화군,F,25-29,-1.3
2024,47920,봉화군,F,25-29,-8.8
2025,47920,봉화군,F,25-29,-7.0
2015,47920,봉화군,F,30-34,-0.7
2016,47920,봉화군,F,30-34,-0.2
2017,47920,봉화군,F,30-34,-3.9
2018,47920,봉화군,F,30-34,-3.0
2019,47920,봉화군,F,30-34,-6.3
2020,47920,봉화군,F,30-34,-7.1
2021,47920,봉화군,F,30-34,-11.2
2022,47920,봉화군,F,30-34,-0.3
2023,47920,봉화군,F,30-34,0.0
2024,47920,봉화군,F,30-34,-7.2
2025,47920,봉화군,F,30-34,-5.3
2015,47930,울진군,M,20-24,-3.8
2016,47930,울진군,M,20-24,-1.6
2017,47930,울진군,M,20-24,-3.2
2018,47930,울진군,M,20-24,-3.8
2019,47930,울진군,M,20-24,-3.7
2020,47930,울진군,M,20-24,-3.8
2021,47930,울진군,M,20-24,-5.9
2022,47930,울진군,M,20-24,-5.6
2023,47930,울진군,M,20-24,-4.0
2024,47930,울진군,M,20-24,-8.2
2025,47930,울진군,M,20-24,-3.6
2015,47930,울진군,M,25-29,-0.5
2016,47930,울진군,M,25-29,5.3
2017,47930,울진군,M,25-29,-3.5
2018,47930,울진군,M,25-29,-3.7
2019,47930,울진군,M,25-29,-2.1
2020,47930,울진군,M,25-29,0.5
2021,47930,울진군,M,25-29,-3.0
2022,47930,울진군,M,25-29,-2.5
2023,47930,울진군,M,25-29,3.6
2024,47930,울진군,M,25-29,4.2
2025,47930,울진군,M,25-29,1.9
2015,47930,울진군,M,30-34,3.9
2016,47930,울진군,M,30-34,2.3
2017,47930,울진군,M,30-34,-3.6
2018,47930,울진군,M,30-34,-2.8
2019,47930,울진군,M,30-34,-0.4
2020,47930,울진군,M,30-34,-4.1
2021,47930,울진군,M,30-34,-2.1
2022,47930,울진군,M,30-34,-4.9
2023,47930,울진군,M,30-34,-1.5
2024,47930,울진군,M,30-34,-0.1
2025,47930,울진군,M,30-34,2.1
2015,47930,울진군,F,20-24,-6.7
2016,47930,울진군,F,20-24,-6.7
2017,47930,울진군,F,20-24,-6.7
2018,47930,울진군,F,20-24,-9.4
2019,47930,울진군,F,20-24,-8.1
2020,47930,울진군,F,20-24,-13.5
2021,47930,울진군,F,20-24,-9.4
2022,47930,울진군,F,20-24,-14.5
2023,47930,울진군,F,20-24,-11.3
2024,47930,울진군,F,20-24,-11.6
2025,47930,울진군,F,20-24,-9.0
2015,47930,울진군,F,25-29,-0.6
2016,47930,울진군,F,25-29,3.9
2017,47930,울진군,F,25-29,-5.7
2018,47930,울진군,F,25-29,-3.8
2019,47930,울진군,F,25-29,-0.2
2020,47930,울진군,F,25-29,-4.3
2021,47930,울진군,F,25-29,-2.2
2022,47930,울진군,F,25-29,0.9
2023,47930,울진군,F,25-29,-1.2
2024,47930,울진군,F,25-29,3.2
2025,47930,울진군,F,25-29,1.4
2015,47930,울진군,F,30-34,0.0
2016,47930,울진군,F,30-34,3.3
2017,47930,울진군,F,30-34,0.3
2018,47930,울진군,F,30-34,-2.7
2019,47930,울진군,F,30-34,-1.1
2020,47930,울진군,F,30-34,-1.2
2021,47930,울진군,F,30-34,-5.1
2022,47930,울진군,F,30-34,-0.1
2023,47930,울진군,F,30-34,0.8
2024,47930,울진군,F,30-34,-0.5
2025,47930,울진군,F,30-34,0.9
2015,47940,울릉군,M,20-24,3.0
2016,47940,울릉군,M,20-24,4.0
2017,47940,울릉군,M,20-24,-1.0
2018,47940,울릉군,M,20-24,-4.5
2019,47940,울릉군,M,20-24,-1.1
2020,47940,울릉군,M,20-24,-2.5
2021,47940,울릉군,M,20-24,0.0
2022,47940,울릉군,M,20-24,10.1
2023,47940,울릉군,M,20-24,5.6
2024,47940,울릉군,M,20-24,11.2
2025,47940,울릉군,M,20-24,-4.2
2015,47940,울릉군,M,25-29,0.6
2016,47940,울릉군,M,25-29,-6.8
2017,47940,울릉군,M,25-29,-7.4
2018,47940,울릉군,M,25-29,-3.6
2019,47940,울릉군,M,25-29,2.4
2020,47940,울릉군,M,25-29,-7.7
2021,47940,울릉군,M,25-29,2.1
2022,47940,울릉군,M,25-29,11.4
2023,47940,울릉군,M,25-29,-2.9
2024,47940,울릉군,M,25-29,8.1
2025,47940,울릉군,M,25-29,-9.4
2015,47940,울릉군,M,30-34,-4.4
2016,47940,울릉군,M,30-34,2.0
2017,47940,울릉군,M,30-34,-2.5
2018,47940,울릉군,M,30-34,-2.3
2019,47940,울릉군,M,30-34,-15.1
2020,47940,울릉군,M,30-34,-10.9
2021,47940,울릉군,M,30-34,-9.2
2022,47940,울릉군,M,30-34,-2.7
2023,47940,울릉군,M,30-34,4.2
2024,47940,울릉군,M,30-34,-4.7
2025,47940,울릉군,M,30-34,-1.1
2015,47940,울릉군,F,20-24,3.9
2016,47940,울릉군,F,20-24,-4.1
2017,47940,울릉군,F,20-24,-5.8
2018,47940,울릉군,F,20-24,-5.2
2019,47940,울릉군,F,20-24,-10.0
2020,47940,울릉군,F,20-24,-10.8
2021,47940,울릉군,F,20-24,-3.0
2022,47940,울릉군,F,20-24,-6.5
2023,47940,울릉군,F,20-24,-1.4
2024,47940,울릉군,F,20-24,-3.8
2025,47940,울릉군,F,20-24,-13.6
2015,47940,울릉군,F,25-29,-8.8
2016,47940,울릉군,F,25-29,-12.0
2017,47940,울릉군,F,25-29,-5.0
2018,47940,울릉군,F,25-29,-2.9
2019,47940,울릉군,F,25-29,-5.8
2020,47940,울릉군,F,25-29,-18.9
2021,47940,울릉군,F,25-29,-1.3
2022,47940,울릉군,F,25-29,1.3
2023,47940,울릉군,F,25-29,5.2
2024,47940,울릉군,F,25-29,-11.9
2025,47940,울릉군,F,25-29,-17.5
2015,47940,울릉군,F,30-34,-9.4
2016,47940,울릉군,F,30-34,0.9
2017,47940,울릉군,F,30-34,0.0
2018,47940,울릉군,F,30-34,-4.1
2019,47940,울릉군,F,30-34,-13.4
2020,47940,울릉군,F,30-34,-15.9
2021,47940,울릉군,F,30-34,-5.1
2022,47940,울릉군,F,30-34,11.0
2023,47940,울릉군,F,30-34,-1.3
2024,47940,울릉군,F,30-34,-5.6
2025,47940,울릉군,F,30-34,-3.3
2015,48,경상남도,M,20-24,-1.8
2016,48,경상남도,M,20-24,-2.1
2017,48,경상남도,M,20-24,-2.5
2018,48,경상남도,M,20-24,-2.5
2019,48,경상남도,M,20-24,-3.2
2020,48,경상남도,M,20-24,-3.9
2021,48,경상남도,M,20-24,-4.2
2022,48,경상남도,M,20-24,-5.2
2023,48,경상남도,M,20-24,-5.0
2024,48,경상남도,M,20-24,-4.6
2025,48,경상남도,M,20-24,-4.6
2015,48,경상남도,M,25-29,-0.4
2016,48,경상남도,M,25-29,-1.5
2017,48,경상남도,M,25-29,-2.3
2018,48,경상남도,M,25-29,-2.6
2019,48,경상남도,M,25-29,-2.4
2020,48,경상남도,M,25-29,-3.0
2021,48,경상남도,M,25-29,-3.5
2022,48,경상남도,M,25-29,-3.6
2023,48,경상남도,M,25-29,-2.7
2024,48,경상남도,M,25-29,-1.7
2025,48,경상남도,M,25-29,-1.4
2015,48,경상남도,M,30-34,0.8
2016,48,경상남도,M,30-34,0.3
2017,48,경상남도,M,30-34,0.4
2018,48,경상남도,M,30-34,-0.5
2019,48,경상남도,M,30-34,-0.3
2020,48,경상남도,M,30-34,-1.2
2021,48,경상남도,M,30-34,-1.2
2022,48,경상남도,M,30-34,-1.0
2023,48,경상남도,M,30-34,-0.7
2024,48,경상남도,M,30-34,0.1
2025,48,경상남도,M,30-34,0.1
2015,48,경상남도,F,20-24,-2.7
2016,48,경상남도,F,20-24,-2.8
2017,48,경상남도,F,20-24,-3.5
2018,48,경상남도,F,20-24,-4.3
2019,48,경상남도,F,20-24,-5.7
2020,48,경상남도,F,20-24,-7.3
2021,48,경상남도,F,20-24,-7.0
2022,48,경상남도,F,20-24,-8.1
2023,48,경상남도,F,20-24,-6.9
2024,48,경상남도,F,20-24,-7.1
2025,48,경상남도,F,20-24,-6.5
2015,48,경상남도,F,25-29,-0.3
2016,48,경상남도,F,25-29,-0.7
2017,48,경상남도,F,25-29,-1.0
2018,48,경상남도,F,25-29,-1.7
2019,48,경상남도,F,25-29,-1.9
2020,48,경상남도,F,25-29,-3.2
2021,48,경상남도,F,25-29,-2.5
2022,48,경상남도,F,25-29,-2.3
2023,48,경상남도,F,25-29,-1.7
2024,48,경상남도,F,25-29,-1.6
2025,48,경상남도,F,25-29,-0.5
2015,48,경상남도,F,30-34,1.1
2016,48,경상남도,F,30-34,0.5
2017,48,경상남도,F,30-34,1.0
2018,48,경상남도,F,30-34,0.3
2019,48,경상남도,F,30-34,0.3
2020,48,경상남도,F,30-34,-0.5
2021,48,경상남도,F,30-34,-0.3
2022,48,경상남도,F,30-34,-0.6
2023,48,경상남도,F,30-34,-0.3
2024,48,경상남도,F,30-34,0.3
2025,48,경상남도,F,30-34,0.2
2015,48120,창원시,M,20-24,-2.4
2016,48120,창원시,M,20-24,-2.2
2017,48120,창원시,M,20-24,-2.7
2018,48120,창원시,M,20-24,-1.9
2019,48120,창원시,M,20-24,-3.1
2020,48120,창원시,M,20-24,-2.8
2021,48120,창원시,M,20-24,-1.8
2022,48120,창원시,M,20-24,-3.6
2023,48120,창원시,M,20-24,-3.3
2024,48120,창원시,M,20-24,-3.0
2025,48120,창원시,M,20-24,-3.8
2015,48120,창원시,M,25-29,-1.1
2016,48120,창원시,M,25-29,-2.4
2017,48120,창원시,M,25-29,-3.2
2018,48120,창원시,M,25-29,-2.8
2019,48120,창원시,M,25-29,-3.1
2020,48120,창원시,M,25-29,-2.9
2021,48120,창원시,M,25-29,-1.6
2022,48120,창원시,M,25-29,-2.7
2023,48120,창원시,M,25-29,-2.2
2024,48120,창원시,M,25-29,-1.5
2025,48120,창원시,M,25-29,-1.1
2015,48120,창원시,M,30-34,-1.0
2016,48120,창원시,M,30-34,-1.6
2017,48120,창원시,M,30-34,-1.6
2018,48120,창원시,M,30-34,-0.8
2019,48120,창원시,M,30-34,-2.1
2020,48120,창원시,M,30-34,-1.4
2021,48120,창원시,M,30-34,-0.4
2022,48120,창원시,M,30-34,-1.1
2023,48120,창원시,M,30-34,-2.0
2024,48120,창원시,M,30-34,-0.8
2025,48120,창원시,M,30-34,-0.8
2015,48120,창원시,F,20-24,-2.9
2016,48120,창원시,F,20-24,-2.6
2017,48120,창원시,F,20-24,-3.2
2018,48120,창원시,F,20-24,-3.7
2019,48120,창원시,F,20-24,-5.0
2020,48120,창원시,F,20-24,-6.3
2021,48120,창원시,F,20-24,-4.8
2022,48120,창원시,F,20-24,-6.8
2023,48120,창원시,F,20-24,-5.7
2024,48120,창원시,F,20-24,-5.5
2025,48120,창원시,F,20-24,-5.2
2015,48120,창원시,F,25-29,-1.6
2016,48120,창원시,F,25-29,-2.0
2017,48120,창원시,F,25-29,-2.4
2018,48120,창원시,F,25-29,-2.1
2019,48120,창원시,F,25-29,-3.1
2020,48120,창원시,F,25-29,-3.3
2021,48120,창원시,F,25-29,-1.6
2022,48120,창원시,F,25-29,-1.6
2023,48120,창원시,F,25-29,-2.4
2024,48120,창원시,F,25-29,-1.5
2025,48120,창원시,F,25-29,-0.6
2015,48120,창원시,F,30-34,-1.0
2016,48120,창원시,F,30-34,-1.1
2017,48120,창원시,F,30-34,-1.0
2018,48120,창원시,F,30-34,0.1
2019,48120,창원시,F,30-34,-1.1
2020,48120,창원시,F,30-34,-0.4
2021,48120,창원시,F,30-34,0.5
2022,48120,창원시,F,30-34,-0.3
2023,48120,창원시,F,30-34,-1.3
2024,48120,창원시,F,30-34,-0.8
2025,48120,창원시,F,30-34,-0.7
2015,48170,진주시,M,20-24,-0.9
2016,48170,진주시,M,20-24,-1.1
2017,48170,진주시,M,20-24,-1.1
2018,48170,진주시,M,20-24,-2.1
2019,48170,진주시,M,20-24,-0.5
2020,48170,진주시,M,20-24,-0.3
2021,48170,진주시,M,20-24,-0.1
2022,48170,진주시,M,20-24,-1.4
2023,48170,진주시,M,20-24,0.5
2024,48170,진주시,M,20-24,1.5
2025,48170,진주시,M,20-24,1.0
2015,48170,진주시,M,25-29,-2.2
2016,48170,진주시,M,25-29,-0.9
2017,48170,진주시,M,25-29,-2.6
2018,48170,진주시,M,25-29,-3.0
2019,48170,진주시,M,25-29,-1.5
2020,48170,진주시,M,25-29,-1.3
2021,48170,진주시,M,25-29,-2.3
2022,48170,진주시,M,25-29,-4.9
2023,48170,진주시,M,25-29,-4.4
2024,48170,진주시,M,25-29,-3.9
2025,48170,진주시,M,25-29,-4.6
2015,48170,진주시,M,30-34,2.1
2016,48170,진주시,M,30-34,1.4
2017,48170,진주시,M,30-34,-0.2
2018,48170,진주시,M,30-34,-0.1
2019,48170,진주시,M,30-34,0.2
2020,48170,진주시,M,30-34,1.1
2021,48170,진주시,M,30-34,0.4
2022,48170,진주시,M,30-34,-0.8
2023,48170,진주시,M,30-34,-0.6
2024,48170,진주시,M,30-34,-0.6
2025,48170,진주시,M,30-34,-1.5
2015,48170,진주시,F,20-24,-1.9
2016,48170,진주시,F,20-24,-2.5
2017,48170,진주시,F,20-24,-2.8
2018,48170,진주시,F,20-24,-3.3
2019,48170,진주시,F,20-24,-3.2
2020,48170,진주시,F,20-24,-2.2
2021,48170,진주시,F,20-24,-2.4
2022,48170,진주시,F,20-24,-4.2
2023,48170,진주시,F,20-24,-2.5
2024,48170,진주시,F,20-24,-2.7
2025,48170,진주시,F,20-24,-4.6
2015,48170,진주시,F,25-29,-0.1
2016,48170,진주시,F,25-29,-1.5
2017,48170,진주시,F,25-29,-0.9
2018,48170,진주시,F,25-29,-2.0
2019,48170,진주시,F,25-29,0.3
2020,48170,진주시,F,25-29,-0.6
2021,48170,진주시,F,25-29,0.2
2022,48170,진주시,F,25-29,-2.8
2023,48170,진주시,F,25-29,-1.9
2024,48170,진주시,F,25-29,-2.1
2025,48170,진주시,F,25-29,-2.4
2015,48170,진주시,F,30-34,3.5
2016,48170,진주시,F,30-34,2.0
2017,48170,진주시,F,30-34,0.3
2018,48170,진주시,F,30-34,0.5
2019,48170,진주시,F,30-34,1.3
2020,48170,진주시,F,30-34,1.6
2021,48170,진주시,F,30-34,0.7
2022,48170,진주시,F,30-34,-0.4
2023,48170,진주시,F,30-34,-0.6
2024,48170,진주시,F,30-34,0.5
2025,48170,진주시,F,30-34,-0.6
2015,48220,통영시,M,20-24,-5.4
2016,48220,통영시,M,20-24,-4.6
2017,48220,통영시,M,20-24,-6.4
2018,48220,통영시,M,20-24,-4.5
2019,48220,통영시,M,20-24,-6.7
2020,48220,통영시,M,20-24,-7.8
2021,48220,통영시,M,20-24,-9.9
2022,48220,통영시,M,20-24,-7.7
2023,48220,통영시,M,20-24,-8.8
2024,48220,통영시,M,20-24,-7.0
2025,48220,통영시,M,20-24,-5.8
2015,48220,통영시,M,25-29,-2.6
2016,48220,통영시,M,25-29,-4.1
2017,48220,통영시,M,25-29,-5.0
2018,48220,통영시,M,25-29,-5.9
2019,48220,통영시,M,25-29,-7.3
2020,48220,통영시,M,25-29,-8.7
2021,48220,통영시,M,25-29,-9.3
2022,48220,통영시,M,25-29,-6.7
2023,48220,통영시,M,25-29,-6.4
2024,48220,통영시,M,25-29,-5.0
2025,48220,통영시,M,25-29,-5.2
2015,48220,통영시,M,30-34,-1.6
2016,48220,통영시,M,30-34,-1.5
2017,48220,통영시,M,30-34,-3.8
2018,48220,통영시,M,30-34,-3.7
2019,48220,통영시,M,30-34,-2.6
2020,48220,통영시,M,30-34,-4.1
2021,48220,통영시,M,30-34,-5.7
2022,48220,통영시,M,30-34,-2.0
2023,48220,통영시,M,30-34,-2.7
2024,48220,통영시,M,30-34,-0.9
2025,48220,통영시,M,30-34,-3.5
2015,48220,통영시,F,20-24,-6.2
2016,48220,통영시,F,20-24,-5.3
2017,48220,통영시,F,20-24,-8.5
2018,48220,통영시,F,20-24,-6.9
2019,48220,통영시,F,20-24,-10.2
2020,48220,통영시,F,20-24,-14.9
2021,48220,통영시,F,20-24,-13.8
2022,48220,통영시,F,20-24,-14.2
2023,48220,통영시,F,20-24,-10.7
2024,48220,통영시,F,20-24,-9.3
2025,48220,통영시,F,20-24,-9.6
2015,48220,통영시,F,25-29,-1.9
2016,48220,통영시,F,25-29,-2.2
2017,48220,통영시,F,25-29,-7.2
2018,48220,통영시,F,25-29,-4.2
2019,48220,통영시,F,25-29,-5.1
2020,48220,통영시,F,25-29,-9.5
2021,48220,통영시,F,25-29,-7.4
2022,48220,통영시,F,25-29,-1.3
2023,48220,통영시,F,25-29,-5.5
2024,48220,통영시,F,25-29,-3.5
2025,48220,통영시,F,25-29,-3.4
2015,48220,통영시,F,30-34,0.7
2016,48220,통영시,F,30-34,-1.0
2017,48220,통영시,F,30-34,-2.4
2018,48220,통영시,F,30-34,-2.9
2019,48220,통영시,F,30-34,-1.4
2020,48220,통영시,F,30-34,-3.6
2021,48220,통영시,F,30-34,-2.6
2022,48220,통영시,F,30-34,-2.2
2023,48220,통영시,F,30-34,-1.9
2024,48220,통영시,F,30-34,-4.2
2025,48220,통영시,F,30-34,-2.9
2015,48240,사천시,M,20-24,-1.4
2016,48240,사천시,M,20-24,-1.3
2017,48240,사천시,M,20-24,-3.5
2018,48240,사천시,M,20-24,-1.1
2019,48240,사천시,M,20-24,-4.6
2020,48240,사천시,M,20-24,-6.0
2021,48240,사천시,M,20-24,-4.3
2022,48240,사천시,M,20-24,-3.4
2023,48240,사천시,M,20-24,-3.6
2024,48240,사천시,M,20-24,-3.4
2025,48240,사천시,M,20-24,-4.0
2015,48240,사천시,M,25-29,1.3
2016,48240,사천시,M,25-29,-1.0
2017,48240,사천시,M,25-29,-0.4
2018,48240,사천시,M,25-29,1.8
2019,48240,사천시,M,25-29,-1.7
2020,48240,사천시,M,25-29,-3.7
2021,48240,사천시,M,25-29,-3.1
2022,48240,사천시,M,25-29,1.4
2023,48240,사천시,M,25-29,2.5
2024,48240,사천시,M,25-29,3.4
2025,48240,사천시,M,25-29,-1.0
2015,48240,사천시,M,30-34,-1.0
2016,48240,사천시,M,30-34,-2.0
2017,48240,사천시,M,30-34,0.5
2018,48240,사천시,M,30-34,-0.7
2019,48240,사천시,M,30-34,-3.0
2020,48240,사천시,M,30-34,-2.4
2021,48240,사천시,M,30-34,-2.7
2022,48240,사천시,M,30-34,-0.6
2023,48240,사천시,M,30-34,1.4
2024,48240,사천시,M,30-34,-1.5
2025,48240,사천시,M,30-34,1.1
2015,48240,사천시,F,20-24,-5.4
2016,48240,사천시,F,20-24,-6.2
2017,48240,사천시,F,20-24,-6.7
2018,48240,사천시,F,20-24,-6.4
2019,48240,사천시,F,20-24,-10.3
2020,48240,사천시,F,20-24,-10.5
2021,48240,사천시,F,20-24,-11.1
2022,48240,사천시,F,20-24,-9.7
2023,48240,사천시,F,20-24,-6.8
2024,48240,사천시,F,20-24,-12.4
2025,48240,사천시,F,20-24,-7.0
2015,48240,사천시,F,25-29,-4.7
2016,48240,사천시,F,25-29,-1.5
2017,48240,사천시,F,25-29,0.3
2018,48240,사천시,F,25-29,-1.5
2019,48240,사천시,F,25-29,-2.9
2020,48240,사천시,F,25-29,-0.4
2021,48240,사천시,F,25-29,-2.3
2022,48240,사천시,F,25-29,-0.8
2023,48240,사천시,F,25-29,3.4
2024,48240,사천시,F,25-29,2.9
2025,48240,사천시,F,25-29,4.3
2015,48240,사천시,F,30-34,-1.9
2016,48240,사천시,F,30-34,-1.6
2017,48240,사천시,F,30-34,-1.0
2018,48240,사천시,F,30-34,-0.7
2019,48240,사천시,F,30-34,-0.7
2020,48240,사천시,F,30-34,-0.8
2021,48240,사천시,F,30-34,0.1
2022,48240,사천시,F,30-34,0.9
2023,48240,사천시,F,30-34,2.9
2024,48240,사천시,F,30-34,0.8
2025,48240,사천시,F,30-34,2.0
2015,48250,김해시,M,20-24,-2.0
2016,48250,김해시,M,20-24,-2.3
2017,48250,김해시,M,20-24,-2.0
2018,48250,김해시,M,20-24,-2.2
2019,48250,김해시,M,20-24,-2.1
2020,48250,김해시,M,20-24,-3.5
2021,48250,김해시,M,20-24,-4.3
2022,48250,김해시,M,20-24,-5.3
2023,48250,김해시,M,20-24,-6.0
2024,48250,김해시,M,20-24,-5.0
2025,48250,김해시,M,20-24,-5.3
2015,48250,김해시,M,25-29,-0.3
2016,48250,김해시,M,25-29,-0.6
2017,48250,김해시,M,25-29,-0.3
2018,48250,김해시,M,25-29,-1.0
2019,48250,김해시,M,25-29,0.3
2020,48250,김해시,M,25-29,-1.6
2021,48250,김해시,M,25-29,-3.1
2022,48250,김해시,M,25-29,-2.5
2023,48250,김해시,M,25-29,-2.5
2024,48250,김해시,M,25-29,-1.5
2025,48250,김해시,M,25-29,-0.8
2015,48250,김해시,M,30-34,1.0
2016,48250,김해시,M,30-34,1.4
2017,48250,김해시,M,30-34,2.8
2018,48250,김해시,M,30-34,1.6
2019,48250,김해시,M,30-34,6.3
2020,48250,김해시,M,30-34,1.2
2021,48250,김해시,M,30-34,-0.2
2022,48250,김해시,M,30-34,0.8
2023,48250,김해시,M,30-34,1.5
2024,48250,김해시,M,30-34,1.1
2025,48250,김해시,M,30-34,2.8
2015,48250,김해시,F,20-24,-2.7
2016,48250,김해시,F,20-24,-2.8
2017,48250,김해시,F,20-24,-3.2
2018,48250,김해시,F,20-24,-3.2
2019,48250,김해시,F,20-24,-4.4
2020,48250,김해시,F,20-24,-6.5
2021,48250,김해시,F,20-24,-7.0
2022,48250,김해시,F,20-24,-7.4
2023,48250,김해시,F,20-24,-7.2
2024,48250,김해시,F,20-24,-7.7
2025,48250,김해시,F,20-24,-6.3
2015,48250,김해시,F,25-29,-0.3
2016,48250,김해시,F,25-29,-0.4
2017,48250,김해시,F,25-29,0.5
2018,48250,김해시,F,25-29,-0.4
2019,48250,김해시,F,25-29,1.8
2020,48250,김해시,F,25-29,-1.5
2021,48250,김해시,F,25-29,-2.3
2022,48250,김해시,F,25-29,-1.9
2023,48250,김해시,F,25-29,-1.0
2024,48250,김해시,F,25-29,-1.3
2025,48250,김해시,F,25-29,1.1
2015,48250,김해시,F,30-34,1.0
2016,48250,김해시,F,30-34,0.3
2017,48250,김해시,F,30-34,2.0
2018,48250,김해시,F,30-34,2.0
2019,48250,김해시,F,30-34,5.8
2020,48250,김해시,F,30-34,1.1
2021,48250,김해시,F,30-34,-0.1
2022,48250,김해시,F,30-34,0.6
2023,48250,김해시,F,30-34,1.8
2024,48250,김해시,F,30-34,0.7
2025,48250,김해시,F,30-34,2.8
2015,48270,밀양시,M,20-24,-3.9
2016,48270,밀양시,M,20-24,-3.2
2017,48270,밀양시,M,20-24,-4.5
2018,48270,밀양시,M,20-24,-5.0
2019,48270,밀양시,M,20-24,-6.3
2020,48270,밀양시,M,20-24,-7.3
2021,48270,밀양시,M,20-24,-8.1
2022,48270,밀양시,M,20-24,-6.2
2023,48270,밀양시,M,20-24,-6.7
2024,48270,밀양시,M,20-24,-8.4
2025,48270,밀양시,M,20-24,-5.3
2015,48270,밀양시,M,25-29,-6.4
2016,48270,밀양시,M,25-29,-4.4
2017,48270,밀양시,M,25-29,-7.4
2018,48270,밀양시,M,25-29,-4.7
2019,48270,밀양시,M,25-29,-6.6
2020,48270,밀양시,M,25-29,-4.8
2021,48270,밀양시,M,25-29,-4.9
2022,48270,밀양시,M,25-29,-5.7
2023,48270,밀양시,M,25-29,-4.6
2024,48270,밀양시,M,25-29,0.2
2025,48270,밀양시,M,25-29,-2.0
2015,48270,밀양시,M,30-34,0.4
2016,48270,밀양시,M,30-34,-0.1
2017,48270,밀양시,M,30-34,-2.2
2018,48270,밀양시,M,30-34,-4.0
2019,48270,밀양시,M,30-34,-3.4
2020,48270,밀양시,M,30-34,-2.2
2021,48270,밀양시,M,30-34,-3.6
2022,48270,밀양시,M,30-34,-0.2
2023,48270,밀양시,M,30-34,-1.7
2024,48270,밀양시,M,30-34,-1.3
2025,48270,밀양시,M,30-34,-0.1
2015,48270,밀양시,F,20-24,-8.0
2016,48270,밀양시,F,20-24,-3.9
2017,48270,밀양시,F,20-24,-5.9
2018,48270,밀양시,F,20-24,-8.5
2019,48270,밀양시,F,20-24,-8.6
2020,48270,밀양시,F,20-24,-10.5
2021,48270,밀양시,F,20-24,-15.0
2022,48270,밀양시,F,20-24,-7.0
2023,48270,밀양시,F,20-24,-10.4
2024,48270,밀양시,F,20-24,-11.8
2025,48270,밀양시,F,20-24,-7.4
2015,48270,밀양시,F,25-29,-3.6
2016,48270,밀양시,F,25-29,-2.0
2017,48270,밀양시,F,25-29,-5.3
2018,48270,밀양시,F,25-29,-5.6
2019,48270,밀양시,F,25-29,-3.7
2020,48270,밀양시,F,25-29,-6.4
2021,48270,밀양시,F,25-29,-5.2
2022,48270,밀양시,F,25-29,-2.1
2023,48270,밀양시,F,25-29,-1.8
2024,48270,밀양시,F,25-29,-3.8
2025,48270,밀양시,F,25-29,-3.6
2015,48270,밀양시,F,30-34,2.2
2016,48270,밀양시,F,30-34,0.7
2017,48270,밀양시,F,30-34,-1.7
2018,48270,밀양시,F,30-34,-4.2
2019,48270,밀양시,F,30-34,-3.2
2020,48270,밀양시,F,30-34,-0.9
2021,48270,밀양시,F,30-34,-2.4
2022,48270,밀양시,F,30-34,-2.0
2023,48270,밀양시,F,30-34,0.8
2024,48270,밀양시,F,30-34,-0.7
2025,48270,밀양시,F,30-34,-3.8
2015,48310,거제시,M,20-24,2.8
2016,48310,거제시,M,20-24,-3.6
2017,48310,거제시,M,20-24,-5.9
2018,48310,거제시,M,20-24,-5.3
2019,48310,거제시,M,20-24,-5.6
2020,48310,거제시,M,20-24,-6.7
2021,48310,거제시,M,20-24,-9.8
2022,48310,거제시,M,20-24,-10.8
2023,48310,거제시,M,20-24,-10.2
2024,48310,거제시,M,20-24,-10.7
2025,48310,거제시,M,20-24,-8.3
2015,48310,거제시,M,25-29,9.9
2016,48310,거제시,M,25-29,-2.4
2017,48310,거제시,M,25-29,-8.7
2018,48310,거제시,M,25-29,-6.8
2019,48310,거제시,M,25-29,-0.3
2020,48310,거제시,M,25-29,-2.7
2021,48310,거제시,M,25-29,-8.1
2022,48310,거제시,M,25-29,-6.4
2023,48310,거제시,M,25-29,-0.7
2024,48310,거제시,M,25-29,-0.3
2025,48310,거제시,M,25-29,0.8
2015,48310,거제시,M,30-34,5.4
2016,48310,거제시,M,30-34,-0.7
2017,48310,거제시,M,30-34,-3.8
2018,48310,거제시,M,30-34,-5.1
2019,48310,거제시,M,30-34,-1.8
2020,48310,거제시,M,30-34,-2.0
2021,48310,거제시,M,30-34,-3.8
2022,48310,거제시,M,30-34,-4.1
2023,48310,거제시,M,30-34,-0.4
2024,48310,거제시,M,30-34,0.6
2025,48310,거제시,M,30-34,-0.1
2015,48310,거제시,F,20-24,1.1
2016,48310,거제시,F,20-24,-3.1
2017,48310,거제시,F,20-24,-6.4
2018,48310,거제시,F,20-24,-7.5
2019,48310,거제시,F,20-24,-9.1
2020,48310,거제시,F,20-24,-12.5
2021,48310,거제시,F,20-24,-11.8
2022,48310,거제시,F,20-24,-14.4
2023,48310,거제시,F,20-24,-12.0
2024,48310,거제시,F,20-24,-10.0
2025,48310,거제시,F,20-24,-12.0
2015,48310,거제시,F,25-29,7.8
2016,48310,거제시,F,25-29,2.3
2017,48310,거제시,F,25-29,-2.6
2018,48310,거제시,F,25-29,-3.0
2019,48310,거제시,F,25-29,-2.8
2020,48310,거제시,F,25-29,-3.1
2021,48310,거제시,F,25-29,-5.7
2022,48310,거제시,F,25-29,-4.7
2023,48310,거제시,F,25-29,-1.4
2024,48310,거제시,F,25-29,-0.8
2025,48310,거제시,F,25-29,-1.1
2015,48310,거제시,F,30-34,5.4
2016,48310,거제시,F,30-34,0.4
2017,48310,거제시,F,30-34,-1.3
2018,48310,거제시,F,30-34,-1.8
2019,48310,거제시,F,30-34,-2.0
2020,48310,거제시,F,30-34,-1.2
2021,48310,거제시,F,30-34,-2.1
2022,48310,거제시,F,30-34,-3.0
2023,48310,거제시,F,30-34,-1.9
2024,48310,거제시,F,30-34,1.0
2025,48310,거제시,F,30-34,0.5
2015,48330,양산시,M,20-24,0.3
2016,48330,양산시,M,20-24,3.1
2017,48330,양산시,M,20-24,3.2
2018,48330,양산시,M,20-24,0.8
2019,48330,양산시,M,20-24,-2.5
2020,48330,양산시,M,20-24,-1.9
2021,48330,양산시,M,20-24,-2.8
2022,48330,양산시,M,20-24,-4.8
2023,48330,양산시,M,20-24,-4.8
2024,48330,양산시,M,20-24,-3.4
2025,48330,양산시,M,20-24,-4.4
2015,48330,양산시,M,25-29,3.7
2016,48330,양산시,M,25-29,6.2
2017,48330,양산시,M,25-29,7.2
2018,48330,양산시,M,25-29,3.4
2019,48330,양산시,M,25-29,0.0
2020,48330,양산시,M,25-29,-0.8
2021,48330,양산시,M,25-29,-1.5
2022,48330,양산시,M,25-29,-2.6
2023,48330,양산시,M,25-29,-1.7
2024,48330,양산시,M,25-29,1.6
2025,48330,양산시,M,25-29,1.3
2015,48330,양산시,M,30-34,5.4
2016,48330,양산시,M,30-34,10.1
2017,48330,양산시,M,30-34,13.6
2018,48330,양산시,M,30-34,6.3
2019,48330,양산시,M,30-34,2.1
2020,48330,양산시,M,30-34,-0.1
2021,48330,양산시,M,30-34,1.3
2022,48330,양산시,M,30-34,0.4
2023,48330,양산시,M,30-34,2.0
2024,48330,양산시,M,30-34,5.1
2025,48330,양산시,M,30-34,3.0
2015,48330,양산시,F,20-24,1.4
2016,48330,양산시,F,20-24,2.9
2017,48330,양산시,F,20-24,3.1
2018,48330,양산시,F,20-24,0.2
2019,48330,양산시,F,20-24,-2.6
2020,48330,양산시,F,20-24,-3.0
2021,48330,양산시,F,20-24,-4.3
2022,48330,양산시,F,20-24,-6.0
2023,48330,양산시,F,20-24,-3.8
2024,48330,양산시,F,20-24,-4.0
2025,48330,양산시,F,20-24,-3.9
2015,48330,양산시,F,25-29,4.7
2016,48330,양산시,F,25-29,6.9
2017,48330,양산시,F,25-29,8.8
2018,48330,양산시,F,25-29,5.2
2019,48330,양산시,F,25-29,0.2
2020,48330,양산시,F,25-29,-0.7
2021,48330,양산시,F,25-29,-0.1
2022,48330,양산시,F,25-29,-1.7
2023,48330,양산시,F,25-29,1.2
2024,48330,양산시,F,25-29,1.4
2025,48330,양산시,F,25-29,1.3
2015,48330,양산시,F,30-34,4.9
2016,48330,양산시,F,30-34,8.6
2017,48330,양산시,F,30-34,12.4
2018,48330,양산시,F,30-34,5.4
2019,48330,양산시,F,30-34,1.6
2020,48330,양산시,F,30-34,0.0
2021,48330,양산시,F,30-34,1.4
2022,48330,양산시,F,30-34,-0.3
2023,48330,양산시,F,30-34,1.7
2024,48330,양산시,F,30-34,4.5
2025,48330,양산시,F,30-34,1.5
2015,48720,의령군,M,20-24,-8.6
2016,48720,의령군,M,20-24,-3.7
2017,48720,의령군,M,20-24,-5.6
2018,48720,의령군,M,20-24,0.7
2019,48720,의령군,M,20-24,-6.6
2020,48720,의령군,M,20-24,-4.0
2021,48720,의령군,M,20-24,-10.6
2022,48720,의령군,M,20-24,-12.7
2023,48720,의령군,M,20-24,-6.2
2024,48720,의령군,M,20-24,-2.3
2025,48720,의령군,M,20-24,-6.7
2015,48720,의령군,M,25-29,-11.6
2016,48720,의령군,M,25-29,-10.1
2017,48720,의령군,M,25-29,-2.2
2018,48720,의령군,M,25-29,-3.7
2019,48720,의령군,M,25-29,-4.0
2020,48720,의령군,M,25-29,-4.0
2021,48720,의령군,M,25-29,-7.8
2022,48720,의령군,M,25-29,-5.9
2023,48720,의령군,M,25-29,-8.3
2024,48720,의령군,M,25-29,-5.8
2025,48720,의령군,M,25-29,1.0
2015,48720,의령군,M,30-34,-5.7
2016,48720,의령군,M,30-34,-3.6
2017,48720,의령군,M,30-34,-0.6
2018,48720,의령군,M,30-34,-0.2
2019,48720,의령군,M,30-34,-3.6
2020,48720,의령군,M,30-34,-9.5
2021,48720,의령군,M,30-34,-8.9
2022,48720,의령군,M,30-34,-5.9
2023,48720,의령군,M,30-34,-9.8
2024,48720,의령군,M,30-34,1.0
2025,48720,의령군,M,30-34,-11.3
2015,48720,의령군,F,20-24,-6.0
2016,48720,의령군,F,20-24,-3.5
2017,48720,의령군,F,20-24,-5.0
2018,48720,의령군,F,20-24,-7.8
2019,48720,의령군,F,20-24,-8.4
2020,48720,의령군,F,20-24,-11.1
2021,48720,의령군,F,20-24,-19.2
2022,48720,의령군,F,20-24,-17.9
2023,48720,의령군,F,20-24,-15.9
2024,48720,의령군,F,20-24,-12.0
2025,48720,의령군,F,20-24,-12.2
2015,48720,의령군,F,25-29,-7.7
2016,48720,의령군,F,25-29,-7.7
2017,48720,의령군,F,25-29,-4.4
2018,48720,의령군,F,25-29,-5.3
2019,48720,의령군,F,25-29,-8.3
2020,48720,의령군,F,25-29,-7.1
2021,48720,의령군,F,25-29,-15.8
2022,48720,의령군,F,25-29,-9.7
2023,48720,의령군,F,25-29,-5.5
2024,48720,의령군,F,25-29,-1.0
2025,48720,의령군,F,25-29,-2.2
2015,48720,의령군,F,30-34,-6.2
2016,48720,의령군,F,30-34,-2.8
2017,48720,의령군,F,30-34,-4.3
2018,48720,의령군,F,30-34,-0.7
2019,48720,의령군,F,30-34,-7.0
2020,48720,의령군,F,30-34,-8.9
2021,48720,의령군,F,30-34,-6.6
2022,48720,의령군,F,30-34,-1.8
2023,48720,의령군,F,30-34,-2.3
2024,48720,의령군,F,30-34,-4.1
2025,48720,의령군,F,30-34,-7.0
2015,48730,함안군,M,20-24,-3.2
2016,48730,함안군,M,20-24,-3.9
2017,48730,함안군,M,20-24,-3.8
2018,48730,함안군,M,20-24,-5.3
2019,48730,함안군,M,20-24,-6.0
2020,48730,함안군,M,20-24,-8.5
2021,48730,함안군,M,20-24,-8.1
2022,48730,함안군,M,20-24,-10.2
2023,48730,함안군,M,20-24,-9.9
2024,48730,함안군,M,20-24,-11.2
2025,48730,함안군,M,20-24,-11.2
2015,48730,함안군,M,25-29,-3.6
2016,48730,함안군,M,25-29,-4.5
2017,48730,함안군,M,25-29,-2.5
2018,48730,함안군,M,25-29,-5.9
2019,48730,함안군,M,25-29,-7.7
2020,48730,함안군,M,25-29,-6.9
2021,48730,함안군,M,25-29,-12.0
2022,48730,함안군,M,25-29,-6.3
2023,48730,함안군,M,25-29,-4.3
2024,48730,함안군,M,25-29,-5.2
2025,48730,함안군,M,25-29,-4.5
2015,48730,함안군,M,30-34,-0.4
2016,48730,함안군,M,30-34,-0.7
2017,48730,함안군,M,30-34,-6.0
2018,48730,함안군,M,30-34,-3.5
2019,48730,함안군,M,30-34,-4.6
2020,48730,함안군,M,30-34,-7.2
2021,48730,함안군,M,30-34,-6.4
2022,48730,함안군,M,30-34,-3.5
2023,48730,함안군,M,30-34,-3.4
2024,48730,함안군,M,30-34,-5.6
2025,48730,함안군,M,30-34,-6.3
2015,48730,함안군,F,20-24,-3.2
2016,48730,함안군,F,20-24,-6.9
2017,48730,함안군,F,20-24,-7.7
2018,48730,함안군,F,20-24,-8.3
2019,48730,함안군,F,20-24,-13.8
2020,48730,함안군,F,20-24,-14.7
2021,48730,함안군,F,20-24,-15.6
2022,48730,함안군,F,20-24,-15.9
2023,48730,함안군,F,20-24,-15.5
2024,48730,함안군,F,20-24,-12.9
2025,48730,함안군,F,20-24,-16.3
2015,48730,함안군,F,25-29,-1.9
2016,48730,함안군,F,25-29,-3.6
2017,48730,함안군,F,25-29,-3.8
2018,48730,함안군,F,25-29,-7.5
2019,48730,함안군,F,25-29,-8.3
2020,48730,함안군,F,25-29,-13.5
2021,48730,함안군,F,25-29,-13.5
2022,48730,함안군,F,25-29,-4.7
2023,48730,함안군,F,25-29,-2.7
2024,48730,함안군,F,25-29,-7.6
2025,48730,함안군,F,25-29,-8.0
2015,48730,함안군,F,30-34,2.0
2016,48730,함안군,F,30-34,-1.9
2017,48730,함안군,F,30-34,-1.2
2018,48730,함안군,F,30-34,-4.1
2019,48730,함안군,F,30-34,-2.0
2020,48730,함안군,F,30-34,-6.2
2021,48730,함안군,F,30-34,-7.3
2022,48730,함안군,F,30-34,-5.9
2023,48730,함안군,F,30-34,-2.0
2024,48730,함안군,F,30-34,-2.9
2025,48730,함안군,F,30-34,-5.5
2015,48740,창녕군,M,20-24,-0.7
2016,48740,창녕군,M,20-24,0.5
2017,48740,창녕군,M,20-24,-4.0
2018,48740,창녕군,M,20-24,-6.8
2019,48740,창녕군,M,20-24,-7.7
2020,48740,창녕군,M,20-24,-7.9
2021,48740,창녕군,M,20-24,-10.7
2022,48740,창녕군,M,20-24,-10.1
2023,48740,창녕군,M,20-24,-9.4
2024,48740,창녕군,M,20-24,-11.0
2025,48740,창녕군,M,20-24,-9.8
2015,48740,창녕군,M,25-29,-6.2
2016,48740,창녕군,M,25-29,-1.2
2017,48740,창녕군,M,25-29,-3.5
2018,48740,창녕군,M,25-29,-6.2
2019,48740,창녕군,M,25-29,-6.8
2020,48740,창녕군,M,25-29,-3.4
2021,48740,창녕군,M,25-29,-8.8
2022,48740,창녕군,M,25-29,-8.3
2023,48740,창녕군,M,25-29,-7.4
2024,48740,창녕군,M,25-29,-5.0
2025,48740,창녕군,M,25-29,-5.6
2015,48740,창녕군,M,30-34,-1.7
2016,48740,창녕군,M,30-34,-3.3
2017,48740,창녕군,M,30-34,-0.8
2018,48740,창녕군,M,30-34,-2.3
2019,48740,창녕군,M,30-34,-2.4
2020,48740,창녕군,M,30-34,-8.4
2021,48740,창녕군,M,30-34,-7.5
2022,48740,창녕군,M,30-34,-4.9
2023,48740,창녕군,M,30-34,-6.6
2024,48740,창녕군,M,30-34,-2.8
2025,48740,창녕군,M,30-34,-1.9
2015,48740,창녕군,F,20-24,-5.3
2016,48740,창녕군,F,20-24,-5.6
2017,48740,창녕군,F,20-24,-5.3
2018,48740,창녕군,F,20-24,-6.9
2019,48740,창녕군,F,20-24,-10.4
2020,48740,창녕군,F,20-24,-13.2
2021,48740,창녕군,F,20-24,-11.4
2022,48740,창녕군,F,20-24,-21.6
2023,48740,창녕군,F,20-24,-13.8
2024,48740,창녕군,F,20-24,-15.2
2025,48740,창녕군,F,20-24,-11.8
2015,48740,창녕군,F,25-29,-1.5
2016,48740,창녕군,F,25-29,-0.5
2017,48740,창녕군,F,25-29,-4.6
2018,48740,창녕군,F,25-29,-5.9
2019,48740,창녕군,F,25-29,-3.9
2020,48740,창녕군,F,25-29,-7.1
2021,48740,창녕군,F,25-29,-11.0
2022,48740,창녕군,F,25-29,-12.7
2023,48740,창녕군,F,25-29,-8.6
2024,48740,창녕군,F,25-29,-7.5
2025,48740,창녕군,F,25-29,-5.1
2015,48740,창녕군,F,30-34,0.1
2016,48740,창녕군,F,30-34,-0.1
2017,48740,창녕군,F,30-34,0.5
2018,48740,창녕군,F,30-34,-0.5
2019,48740,창녕군,F,30-34,-3.6
2020,48740,창녕군,F,30-34,-4.2
2021,48740,창녕군,F,30-34,-8.9
2022,48740,창녕군,F,30-34,-7.3
2023,48740,창녕군,F,30-34,-8.5
2024,48740,창녕군,F,30-34,-1.0
2025,48740,창녕군,F,30-34,-0.8
2015,48820,고성군,M,20-24,-1.4
2016,48820,고성군,M,20-24,-6.0
2017,48820,고성군,M,20-24,-5.6
2018,48820,고성군,M,20-24,-5.8
2019,48820,고성군,M,20-24,-8.1
2020,48820,고성군,M,20-24,-8.2
2021,48820,고성군,M,20-24,-7.6
2022,48820,고성군,M,20-24,-4.8
2023,48820,고성군,M,20-24,-12.1
2024,48820,고성군,M,20-24,-14.5
2025,48820,고성군,M,20-24,-10.0
2015,48820,고성군,M,25-29,-8.2
2016,48820,고성군,M,25-29,-5.1
2017,48820,고성군,M,25-29,-6.3
2018,48820,고성군,M,25-29,-7.6
2019,48820,고성군,M,25-29,-6.5
2020,48820,고성군,M,25-29,-10.1
2021,48820,고성군,M,25-29,-9.4
2022,48820,고성군,M,25-29,-2.8
2023,48820,고성군,M,25-29,-7.5
2024,48820,고성군,M,25-29,-8.5
2025,48820,고성군,M,25-29,-10.4
2015,48820,고성군,M,30-34,-4.5
2016,48820,고성군,M,30-34,-4.0
2017,48820,고성군,M,30-34,-6.5
2018,48820,고성군,M,30-34,-7.3
2019,48820,고성군,M,30-34,-5.0
2020,48820,고성군,M,30-34,-3.8
2021,48820,고성군,M,30-34,-9.3
2022,48820,고성군,M,30-34,-3.3
2023,48820,고성군,M,30-34,-2.4
2024,48820,고성군,M,30-34,-7.3
2025,48820,고성군,M,30-34,-6.3
2015,48820,고성군,F,20-24,-5.3
2016,48820,고성군,F,20-24,-8.0
2017,48820,고성군,F,20-24,-8.5
2018,48820,고성군,F,20-24,-9.6
2019,48820,고성군,F,20-24,-10.9
2020,48820,고성군,F,20-24,-12.6
2021,48820,고성군,F,20-24,-13.5
2022,48820,고성군,F,20-24,-6.8
2023,48820,고성군,F,20-24,-17.0
2024,48820,고성군,F,20-24,-18.9
2025,48820,고성군,F,20-24,-13.2
2015,48820,고성군,F,25-29,-8.4
2016,48820,고성군,F,25-29,-5.3
2017,48820,고성군,F,25-29,-4.7
2018,48820,고성군,F,25-29,-9.7
2019,48820,고성군,F,25-29,-8.2
2020,48820,고성군,F,25-29,-12.1
2021,48820,고성군,F,25-29,-7.3
2022,48820,고성군,F,25-29,-1.9
2023,48820,고성군,F,25-29,-8.8
2024,48820,고성군,F,25-29,-10.5
2025,48820,고성군,F,25-29,-7.5
2015,48820,고성군,F,30-34,-3.1
2016,48820,고성군,F,30-34,-2.4
2017,48820,고성군,F,30-34,-4.7
2018,48820,고성군,F,30-34,-5.1
2019,48820,고성군,F,30-34,-9.2
2020,48820,고성군,F,30-34,-8.5
2021,48820,고성군,F,30-34,-4.9
2022,48820,고성군,F,30-34,0.5
2023,48820,고성군,F,30-34,-5.7
2024,48820,고성군,F,30-34,-9.6
2025,48820,고성군,F,30-34,-7.0
2015,48840,남해군,M,20-24,-8.4
2016,48840,남해군,M,20-24,-7.9
2017,48840,남해군,M,20-24,-5.5
2018,48840,남해군,M,20-24,-8.2
2019,48840,남해군,M,20-24,-3.7
2020,48840,남해군,M,20-24,-8.0
2021,48840,남해군,M,20-24,-14.0
2022,48840,남해군,M,20-24,-12.6
2023,48840,남해군,M,20-24,-11.6
2024,48840,남해군,M,20-24,-17.9
2025,48840,남해군,M,20-24,-6.3
2015,48840,남해군,M,25-29,-12.7
2016,48840,남해군,M,25-29,-9.8
2017,48840,남해군,M,25-29,-7.6
2018,48840,남해군,M,25-29,-9.7
2019,48840,남해군,M,25-29,-8.0
2020,48840,남해군,M,25-29,-7.3
2021,48840,남해군,M,25-29,-11.2
2022,48840,남해군,M,25-29,-8.9
2023,48840,남해군,M,25-29,-4.6
2024,48840,남해군,M,25-29,-7.1
2025,48840,남해군,M,25-29,4.8
2015,48840,남해군,M,30-34,-5.3
2016,48840,남해군,M,30-34,-5.3
2017,48840,남해군,M,30-34,-2.0
2018,48840,남해군,M,30-34,-3.2
2019,48840,남해군,M,30-34,-8.0
2020,48840,남해군,M,30-34,-9.2
2021,48840,남해군,M,30-34,-4.1
2022,48840,남해군,M,30-34,-1.8
2023,48840,남해군,M,30-34,-4.6
2024,48840,남해군,M,30-34,-5.2
2025,48840,남해군,M,30-34,4.3
2015,48840,남해군,F,20-24,-12.0
2016,48840,남해군,F,20-24,-10.8
2017,48840,남해군,F,20-24,-4.8
2018,48840,남해군,F,20-24,-10.1
2019,48840,남해군,F,20-24,-11.0
2020,48840,남해군,F,20-24,-18.1
2021,48840,남해군,F,20-24,-19.9
2022,48840,남해군,F,20-24,-19.9
2023,48840,남해군,F,20-24,-19.5
2024,48840,남해군,F,20-24,-23.8
2025,48840,남해군,F,20-24,0.9
2015,48840,남해군,F,25-29,-9.7
2016,48840,남해군,F,25-29,-12.7
2017,48840,남해군,F,25-29,-5.0
2018,48840,남해군,F,25-29,-10.9
2019,48840,남해군,F,25-29,-8.7
2020,48840,남해군,F,25-29,-9.2
2021,48840,남해군,F,25-29,-10.2
2022,48840,남해군,F,25-29,-4.5
2023,48840,남해군,F,25-29,-7.2
2024,48840,남해군,F,25-29,-8.6
2025,48840,남해군,F,25-29,9.6
2015,48840,남해군,F,30-34,-2.6
2016,48840,남해군,F,30-34,-6.5
2017,48840,남해군,F,30-34,-2.4
2018,48840,남해군,F,30-34,-2.0
2019,48840,남해군,F,30-34,-0.6
2020,48840,남해군,F,30-34,-3.0
2021,48840,남해군,F,30-34,-1.4
2022,48840,남해군,F,30-34,-1.9
2023,48840,남해군,F,30-34,-2.9
2024,48840,남해군,F,30-34,-6.5
2025,48840,남해군,F,30-34,4.9
2015,48850,하동군,M,20-24,4.6
2016,48850,하동군,M,20-24,-3.6
2017,48850,하동군,M,20-24,-5.7
2018,48850,하동군,M,20-24,-8.3
2019,48850,하동군,M,20-24,-7.2
2020,48850,하동군,M,20-24,-14.0
2021,48850,하동군,M,20-24,-14.3
2022,48850,하동군,M,20-24,-13.6
2023,48850,하동군,M,20-24,-14.4
2024,48850,하동군,M,20-24,-13.7
2025,48850,하동군,M,20-24,-15.6
2015,48850,하동군,M,25-29,0.7
2016,48850,하동군,M,25-29,-8.7
2017,48850,하동군,M,25-29,-5.5
2018,48850,하동군,M,25-29,-12.5
2019,48850,하동군,M,25-29,-8.4
2020,48850,하동군,M,25-29,-16.3
2021,48850,하동군,M,25-29,-18.5
2022,48850,하동군,M,25-29,-8.5
2023,48850,하동군,M,25-29,-6.4
2024,48850,하동군,M,25-29,-7.7
2025,48850,하동군,M,25-29,-2.5
2015,48850,하동군,M,30-34,-1.0
2016,48850,하동군,M,30-34,-2.7
2017,48850,하동군,M,30-34,-6.3
2018,48850,하동군,M,30-34,-10.7
2019,48850,하동군,M,30-34,-7.3
2020,48850,하동군,M,30-34,-9.6
2021,48850,하동군,M,30-34,-13.8
2022,48850,하동군,M,30-34,-9.6
2023,48850,하동군,M,30-34,-4.3
2024,48850,하동군,M,30-34,1.2
2025,48850,하동군,M,30-34,-2.5
2015,48850,하동군,F,20-24,0.0
2016,48850,하동군,F,20-24,-5.6
2017,48850,하동군,F,20-24,-7.8
2018,48850,하동군,F,20-24,-14.3
2019,48850,하동군,F,20-24,-13.5
2020,48850,하동군,F,20-24,-22.9
2021,48850,하동군,F,20-24,-20.8
2022,48850,하동군,F,20-24,-15.0
2023,48850,하동군,F,20-24,-11.4
2024,48850,하동군,F,20-24,-19.4
2025,48850,하동군,F,20-24,-11.4
2015,48850,하동군,F,25-29,-1.9
2016,48850,하동군,F,25-29,-3.4
2017,48850,하동군,F,25-29,-6.9
2018,48850,하동군,F,25-29,-13.3
2019,48850,하동군,F,25-29,-10.3
2020,48850,하동군,F,25-29,-18.3
2021,48850,하동군,F,25-29,-9.4
2022,48850,하동군,F,25-29,-6.3
2023,48850,하동군,F,25-29,-9.7
2024,48850,하동군,F,25-29,-6.7
2025,48850,하동군,F,25-29,-9.3
2015,48850,하동군,F,30-34,6.6
2016,48850,하동군,F,30-34,-2.7
2017,48850,하동군,F,30-34,-5.4
2018,48850,하동군,F,30-34,-7.7
2019,48850,하동군,F,30-34,-7.1
2020,48850,하동군,F,30-34,-13.3
2021,48850,하동군,F,30-34,-11.1
2022,48850,하동군,F,30-34,-1.4
2023,48850,하동군,F,30-34,-2.4
2024,48850,하동군,F,30-34,-4.7
2025,48850,하동군,F,30-34,-6.3
2015,48860,산청군,M,20-24,-3.6
2016,48860,산청군,M,20-24,-1.6
2017,48860,산청군,M,20-24,-1.8
2018,48860,산청군,M,20-24,-2.0
2019,48860,산청군,M,20-24,-5.7
2020,48860,산청군,M,20-24,-7.8
2021,48860,산청군,M,20-24,-6.3
2022,48860,산청군,M,20-24,-7.6
2023,48860,산청군,M,20-24,-8.3
2024,48860,산청군,M,20-24,-12.4
2025,48860,산청군,M,20-24,-10.0
2015,48860,산청군,M,25-29,-7.2
2016,48860,산청군,M,25-29,-0.9
2017,48860,산청군,M,25-29,-0.3
2018,48860,산청군,M,25-29,-8.6
2019,48860,산청군,M,25-29,-13.0
2020,48860,산청군,M,25-29,-9.4
2021,48860,산청군,M,25-29,-13.3
2022,48860,산청군,M,25-29,-11.5
2023,48860,산청군,M,25-29,0.4
2024,48860,산청군,M,25-29,-11.0
2025,48860,산청군,M,25-29,-4.7
2015,48860,산청군,M,30-34,-2.0
2016,48860,산청군,M,30-34,-0.4
2017,48860,산청군,M,30-34,-1.2
2018,48860,산청군,M,30-34,-4.8
2019,48860,산청군,M,30-34,-6.4
2020,48860,산청군,M,30-34,-8.1
2021,48860,산청군,M,30-34,-5.4
2022,48860,산청군,M,30-34,0.6
2023,48860,산청군,M,30-34,-2.9
2024,48860,산청군,M,30-34,-4.4
2025,48860,산청군,M,30-34,-5.8
2015,48860,산청군,F,20-24,-4.3
2016,48860,산청군,F,20-24,-3.3
2017,48860,산청군,F,20-24,2.5
2018,48860,산청군,F,20-24,-7.8
2019,48860,산청군,F,20-24,-13.4
2020,48860,산청군,F,20-24,-10.3
2021,48860,산청군,F,20-24,-15.2
2022,48860,산청군,F,20-24,-11.2
2023,48860,산청군,F,20-24,-11.9
2024,48860,산청군,F,20-24,-15.6
2025,48860,산청군,F,20-24,-19.2
2015,48860,산청군,F,25-29,-3.8
2016,48860,산청군,F,25-29,-1.3
2017,48860,산청군,F,25-29,-1.8
2018,48860,산청군,F,25-29,-9.1
2019,48860,산청군,F,25-29,-11.4
2020,48860,산청군,F,25-29,-12.7
2021,48860,산청군,F,25-29,-10.9
2022,48860,산청군,F,25-29,-9.8
2023,48860,산청군,F,25-29,-4.4
2024,48860,산청군,F,25-29,-3.9
2025,48860,산청군,F,25-29,-5.8
2015,48860,산청군,F,30-34,-0.6
2016,48860,산청군,F,30-34,-4.8
2017,48860,산청군,F,30-34,-0.2
2018,48860,산청군,F,30-34,-4.5
2019,48860,산청군,F,30-34,-7.3
2020,48860,산청군,F,30-34,-8.5
2021,48860,산청군,F,30-34,-7.0
2022,48860,산청군,F,30-34,-1.1
2023,48860,산청군,F,30-34,2.6
2024,48860,산청군,F,30-34,-1.3
2025,48860,산청군,F,30-34,-6.0
2015,48870,함양군,M,20-24,-6.3
2016,48870,함양군,M,20-24,-6.9
2017,48870,함양군,M,20-24,-1.8
2018,48870,함양군,M,20-24,-2.3
2019,48870,함양군,M,20-24,-4.2
2020,48870,함양군,M,20-24,-11.9
2021,48870,함양군,M,20-24,-8.4
2022,48870,함양군,M,20-24,-13.8
2023,48870,함양군,M,20-24,-10.8
2024,48870,함양군,M,20-24,-10.0
2025,48870,함양군,M,20-24,-13.0
2015,48870,함양군,M,25-29,-5.2
2016,48870,함양군,M,25-29,-2.7
2017,48870,함양군,M,25-29,-6.6
2018,48870,함양군,M,25-29,-1.9
2019,48870,함양군,M,25-29,-3.0
2020,48870,함양군,M,25-29,-10.4
2021,48870,함양군,M,25-29,-11.1
2022,48870,함양군,M,25-29,-7.4
2023,48870,함양군,M,25-29,-6.0
2024,48870,함양군,M,25-29,-6.8
2025,48870,함양군,M,25-29,-3.2
2015,48870,함양군,M,30-34,-1.4
2016,48870,함양군,M,30-34,-1.9
2017,48870,함양군,M,30-34,-2.7
2018,48870,함양군,M,30-34,-4.2
2019,48870,함양군,M,30-34,-5.7
2020,48870,함양군,M,30-34,-2.2
2021,48870,함양군,M,30-34,-7.1
2022,48870,함양군,M,30-34,-2.3
2023,48870,함양군,M,30-34,-7.0
2024,48870,함양군,M,30-34,-4.5
2025,48870,함양군,M,30-34,-1.9
2015,48870,함양군,F,20-24,-5.3
2016,48870,함양군,F,20-24,-4.6
2017,48870,함양군,F,20-24,-7.2
2018,48870,함양군,F,20-24,-8.2
2019,48870,함양군,F,20-24,-6.8
2020,48870,함양군,F,20-24,-14.3
2021,48870,함양군,F,20-24,-14.3
2022,48870,함양군,F,20-24,-13.8
2023,48870,함양군,F,20-24,-17.7
2024,48870,함양군,F,20-24,-20.6
2025,48870,함양군,F,20-24,-15.8
2015,48870,함양군,F,25-29,-8.2
2016,48870,함양군,F,25-29,0.3
2017,48870,함양군,F,25-29,-4.8
2018,48870,함양군,F,25-29,-2.6
2019,48870,함양군,F,25-29,-8.4
2020,48870,함양군,F,25-29,-11.3
2021,48870,함양군,F,25-29,-11.4
2022,48870,함양군,F,25-29,-9.2
2023,48870,함양군,F,25-29,-5.1
2024,48870,함양군,F,25-29,-9.3
2025,48870,함양군,F,25-29,-2.9
2015,48870,함양군,F,30-34,-2.3
2016,48870,함양군,F,30-34,-4.9
2017,48870,함양군,F,30-34,1.7
2018,48870,함양군,F,30-34,-0.3
2019,48870,함양군,F,30-34,-5.3
2020,48870,함양군,F,30-34,-2.7
2021,48870,함양군,F,30-34,-3.8
2022,48870,함양군,F,30-34,-1.2
2023,48870,함양군,F,30-34,-3.2
2024,48870,함양군,F,30-34,-4.8
2025,48870,함양군,F,30-34,-2.3
2015,48880,거창군,M,20-24,-2.7
2016,48880,거창군,M,20-24,-4.9
2017,48880,거창군,M,20-24,-5.1
2018,48880,거창군,M,20-24,-5.1
2019,48880,거창군,M,20-24,-0.1
2020,48880,거창군,M,20-24,-8.8
2021,48880,거창군,M,20-24,-10.8
2022,48880,거창군,M,20-24,-10.6
2023,48880,거창군,M,20-24,-9.6
2024,48880,거창군,M,20-24,-12.2
2025,48880,거창군,M,20-24,-12.9
2015,48880,거창군,M,25-29,-5.2
2016,48880,거창군,M,25-29,-4.2
2017,48880,거창군,M,25-29,-6.2
2018,48880,거창군,M,25-29,-7.9
2019,48880,거창군,M,25-29,-6.4
2020,48880,거창군,M,25-29,-7.6
2021,48880,거창군,M,25-29,-4.9
2022,48880,거창군,M,25-29,-7.4
2023,48880,거창군,M,25-29,-5.2
2024,48880,거창군,M,25-29,-5.3
2025,48880,거창군,M,25-29,-2.4
2015,48880,거창군,M,30-34,1.4
2016,48880,거창군,M,30-34,0.6
2017,48880,거창군,M,30-34,-1.2
2018,48880,거창군,M,30-34,0.1
2019,48880,거창군,M,30-34,-1.9
2020,48880,거창군,M,30-34,-3.3
2021,48880,거창군,M,30-34,-2.3
2022,48880,거창군,M,30-34,-1.1
2023,48880,거창군,M,30-34,0.0
2024,48880,거창군,M,30-34,-0.9
2025,48880,거창군,M,30-34,1.8
2015,48880,거창군,F,20-24,-4.3
2016,48880,거창군,F,20-24,-6.7
2017,48880,거창군,F,20-24,-8.8
2018,48880,거창군,F,20-24,-8.7
2019,48880,거창군,F,20-24,-8.4
2020,48880,거창군,F,20-24,-15.6
2021,48880,거창군,F,20-24,-13.4
2022,48880,거창군,F,20-24,-15.3
2023,48880,거창군,F,20-24,-12.2
2024,48880,거창군,F,20-24,-16.2
2025,48880,거창군,F,20-24,-12.0
2015,48880,거창군,F,25-29,-1.3
2016,48880,거창군,F,25-29,-7.1
2017,48880,거창군,F,25-29,-8.8
2018,48880,거창군,F,25-29,-5.4
2019,48880,거창군,F,25-29,-7.2
2020,48880,거창군,F,25-29,-6.7
2021,48880,거창군,F,25-29,-5.1
2022,48880,거창군,F,25-29,-0.3
2023,48880,거창군,F,25-29,1.2
2024,48880,거창군,F,25-29,-3.1
2025,48880,거창군,F,25-29,0.5
2015,48880,거창군,F,30-34,0.1
2016,48880,거창군,F,30-34,0.9
2017,48880,거창군,F,30-34,0.4
2018,48880,거창군,F,30-34,0.7
2019,48880,거창군,F,30-34,-0.4
2020,48880,거창군,F,30-34,-0.1
2021,48880,거창군,F,30-34,-0.8
2022,48880,거창군,F,30-34,-0.8
2023,48880,거창군,F,30-34,2.4
2024,48880,거창군,F,30-34,2.7
2025,48880,거창군,F,30-34,1.5
2015,48890,합천군,M,20-24,-9.1
2016,48890,합천군,M,20-24,-8.8
2017,48890,합천군,M,20-24,-7.7
2018,48890,합천군,M,20-24,-6.1
2019,48890,합천군,M,20-24,-4.2
2020,48890,합천군,M,20-24,-9.7
2021,48890,합천군,M,20-24,-13.1
2022,48890,합천군,M,20-24,-10.0
2023,48890,합천군,M,20-24,-9.1
2024,48890,합천군,M,20-24,-12.0
2025,48890,합천군,M,20-24,-14.4
2015,48890,합천군,M,25-29,-11.1
2016,48890,합천군,M,25-29,-6.7
2017,48890,합천군,M,25-29,-10.7
2018,48890,합천군,M,25-29,-5.8
2019,48890,합천군,M,25-29,-9.8
2020,48890,합천군,M,25-29,-9.8
2021,48890,합천군,M,25-29,-8.7
2022,48890,합천군,M,25-29,-4.7
2023,48890,합천군,M,25-29,-8.5
2024,48890,합천군,M,25-29,-4.4
2025,48890,합천군,M,25-29,-5.0
2015,48890,합천군,M,30-34,-8.5
2016,48890,합천군,M,30-34,-7.0
2017,48890,합천군,M,30-34,-4.3
2018,48890,합천군,M,30-34,-7.8
2019,48890,합천군,M,30-34,-5.2
2020,48890,합천군,M,30-34,-6.0
2021,48890,합천군,M,30-34,-8.4
2022,48890,합천군,M,30-34,-6.4
2023,48890,합천군,M,30-34,-4.2
2024,48890,합천군,M,30-34,0.7
2025,48890,합천군,M,30-34,-4.5
2015,48890,합천군,F,20-24,-9.2
2016,48890,합천군,F,20-24,-13.6
2017,48890,합천군,F,20-24,-9.4
2018,48890,합천군,F,20-24,-10.1
2019,48890,합천군,F,20-24,-7.6
2020,48890,합천군,F,20-24,-19.1
2021,48890,합천군,F,20-24,-15.8
2022,48890,합천군,F,20-24,-13.6
2023,48890,합천군,F,20-24,-17.4
2024,48890,합천군,F,20-24,-11.4
2025,48890,합천군,F,20-24,-21.0
2015,48890,합천군,F,25-29,-11.9
2016,48890,합천군,F,25-29,-10.2
2017,48890,합천군,F,25-29,-10.8
2018,48890,합천군,F,25-29,-8.4
2019,48890,합천군,F,25-29,-5.4
2020,48890,합천군,F,25-29,-15.0
2021,48890,합천군,F,25-29,-11.9
2022,48890,합천군,F,25-29,-1.6
2023,48890,합천군,F,25-29,-3.5
2024,48890,합천군,F,25-29,-8.8
2025,48890,합천군,F,25-29,-3.7
2015,48890,합천군,F,30-34,-10.3
2016,48890,합천군,F,30-34,-6.9
2017,48890,합천군,F,30-34,-2.8
2018,48890,합천군,F,30-34,-12.7
2019,48890,합천군,F,30-34,0.9
2020,48890,합천군,F,30-34,-9.3
2021,48890,합천군,F,30-34,-6.0
2022,48890,합천군,F,30-34,-6.8
2023,48890,합천군,F,30-34,-4.9
2024,48890,합천군,F,30-34,-3.3
2025,48890,합천군,F,30-34,-6.3
2015,50,제주특별자치도,M,20-24,-0.4
2016,50,제주특별자치도,M,20-24,0.6
2017,50,제주특별자치도,M,20-24,0.4
2018,50,제주특별자치도,M,20-24,-0.1
2019,50,제주특별자치도,M,20-24,-1.5
2020,50,제주특별자치도,M,20-24,-1.6
2021,50,제주특별자치도,M,20-24,-3.2
2022,50,제주특별자치도,M,20-24,-2.6
2023,50,제주특별자치도,M,20-24,-3.2
2024,50,제주특별자치도,M,20-24,-4.1
2025,50,제주특별자치도,M,20-24,-5.3
2015,50,제주특별자치도,M,25-29,1.6
2016,50,제주특별자치도,M,25-29,1.6
2017,50,제주특별자치도,M,25-29,2.5
2018,50,제주특별자치도,M,25-29,0.5
2019,50,제주특별자치도,M,25-29,-0.6
2020,50,제주특별자치도,M,25-29,-0.9
2021,50,제주특별자치도,M,25-29,-0.9
2022,50,제주특별자치도,M,25-29,-1.1
2023,50,제주특별자치도,M,25-29,-1.7
2024,50,제주특별자치도,M,25-29,-2.0
2025,50,제주특별자치도,M,25-29,-2.1
2015,50,제주특별자치도,M,30-34,4.0
2016,50,제주특별자치도,M,30-34,4.3
2017,50,제주특별자치도,M,30-34,4.5
2018,50,제주특별자치도,M,30-34,2.7
2019,50,제주특별자치도,M,30-34,1.0
2020,50,제주특별자치도,M,30-34,1.3
2021,50,제주특별자치도,M,30-34,1.3
2022,50,제주특별자치도,M,30-34,0.9
2023,50,제주특별자치도,M,30-34,-0.2
2024,50,제주특별자치도,M,30-34,-0.4
2025,50,제주특별자치도,M,30-34,-0.7
2015,50,제주특별자치도,F,20-24,-0.4
2016,50,제주특별자치도,F,20-24,-0.3
2017,50,제주특별자치도,F,20-24,0.7
2018,50,제주특별자치도,F,20-24,-0.8
2019,50,제주특별자치도,F,20-24,-2.6
2020,50,제주특별자치도,F,20-24,-3.0
2021,50,제주특별자치도,F,20-24,-3.6
2022,50,제주특별자치도,F,20-24,-3.8
2023,50,제주특별자치도,F,20-24,-4.7
2024,50,제주특별자치도,F,20-24,-4.8
2025,50,제주특별자치도,F,20-24,-4.7
2015,50,제주특별자치도,F,25-29,2.0
2016,50,제주특별자치도,F,25-29,2.2
2017,50,제주특별자치도,F,25-29,1.8
2018,50,제주특별자치도,F,25-29,1.3
2019,50,제주특별자치도,F,25-29,-0.2
2020,50,제주특별자치도,F,25-29,-0.2
2021,50,제주특별자치도,F,25-29,0.5
2022,50,제주특별자치도,F,25-29,-0.3
2023,50,제주특별자치도,F,25-29,-1.4
2024,50,제주특별자치도,F,25-29,-1.5
2025,50,제주특별자치도,F,25-29,-1.2
2015,50,제주특별자치도,F,30-34,4.5
2016,50,제주특별자치도,F,30-34,5.0
2017,50,제주특별자치도,F,30-34,4.1
2018,50,제주특별자치도,F,30-34,3.7
2019,50,제주특별자치도,F,30-34,1.9
2020,50,제주특별자치도,F,30-34,2.2
2021,50,제주특별자치도,F,30-34,2.6
2022,50,제주특별자치도,F,30-34,1.6
2023,50,제주특별자치도,F,30-34,0.4
2024,50,제주특별자치도,F,30-34,-0.2
2025,50,제주특별자치도,F,30-34,-0.1
2015,50110,제주시,M,20-24,-0.3
2016,50110,제주시,M,20-24,0.4
2017,50110,제주시,M,20-24,-0.2
2018,50110,제주시,M,20-24,-0.2
2019,50110,제주시,M,20-24,-1.1
2020,50110,제주시,M,20-24,-1.2
2021,50110,제주시,M,20-24,-3.2
2022,50110,제주시,M,20-24,-2.4
2023,50110,제주시,M,20-24,-2.9
2024,50110,제주시,M,20-24,-3.6
2025,50110,제주시,M,20-24,-4.8
2015,50110,제주시,M,25-29,1.7
2016,50110,제주시,M,25-29,1.4
2017,50110,제주시,M,25-29,1.5
2018,50110,제주시,M,25-29,1.0
2019,50110,제주시,M,25-29,0.9
2020,50110,제주시,M,25-29,0.0
2021,50110,제주시,M,25-29,-0.7
2022,50110,제주시,M,25-29,-1.3
2023,50110,제주시,M,25-29,-1.4
2024,50110,제주시,M,25-29,-2.2
2025,50110,제주시,M,25-29,-1.3
2015,50110,제주시,M,30-34,4.1
2016,50110,제주시,M,30-34,3.4
2017,50110,제주시,M,30-34,3.8
2018,50110,제주시,M,30-34,2.9
2019,50110,제주시,M,30-34,2.0
2020,50110,제주시,M,30-34,1.9
2021,50110,제주시,M,30-34,1.2
2022,50110,제주시,M,30-34,1.2
2023,50110,제주시,M,30-34,0.3
2024,50110,제주시,M,30-34,0.1
2025,50110,제주시,M,30-34,-0.2
2015,50110,제주시,F,20-24,-0.5
2016,50110,제주시,F,20-24,-0.4
2017,50110,제주시,F,20-24,-0.2
2018,50110,제주시,F,20-24,-0.3
2019,50110,제주시,F,20-24,-1.6
2020,50110,제주시,F,20-24,-1.7
2021,50110,제주시,F,20-24,-3.3
2022,50110,제주시,F,20-24,-3.5
2023,50110,제주시,F,20-24,-4.2
2024,50110,제주시,F,20-24,-3.8
2025,50110,제주시,F,20-24,-3.4
2015,50110,제주시,F,25-29,2.5
2016,50110,제주시,F,25-29,2.4
2017,50110,제주시,F,25-29,0.9
2018,50110,제주시,F,25-29,1.9
2019,50110,제주시,F,25-29,1.1
2020,50110,제주시,F,25-29,1.2
2021,50110,제주시,F,25-29,0.6
2022,50110,제주시,F,25-29,-0.2
2023,50110,제주시,F,25-29,-1.1
2024,50110,제주시,F,25-29,-1.2
2025,50110,제주시,F,25-29,-0.9
2015,50110,제주시,F,30-34,4.0
2016,50110,제주시,F,30-34,4.2
2017,50110,제주시,F,30-34,3.1
2018,50110,제주시,F,30-34,3.7
2019,50110,제주시,F,30-34,2.0
2020,50110,제주시,F,30-34,2.7
2021,50110,제주시,F,30-34,2.2
2022,50110,제주시,F,30-34,1.7
2023,50110,제주시,F,30-34,0.6
2024,50110,제주시,F,30-34,0.2
2025,50110,제주시,F,30-34,0.4
2015,50130,서귀포시,M,20-24,-0.4
2016,50130,서귀포시,M,20-24,1.1
2017,50130,서귀포시,M,20-24,2.3
2018,50130,서귀포시,M,20-24,0.3
2019,50130,서귀포시,M,20-24,-2.8
2020,50130,서귀포시,M,20-24,-2.7
2021,50130,서귀포시,M,20-24,-3.0
2022,50130,서귀포시,M,20-24,-3.1
2023,50130,서귀포시,M,20-24,-3.9
2024,50130,서귀포시,M,20-24,-5.7
2025,50130,서귀포시,M,20-24,-7.2
2015,50130,서귀포시,M,25-29,1.2
2016,50130,서귀포시,M,25-29,2.0
2017,50130,서귀포시,M,25-29,5.7
2018,50130,서귀포시,M,25-29,-1.0
2019,50130,서귀포시,M,25-29,-5.1
2020,50130,서귀포시,M,25-29,-3.9
2021,50130,서귀포시,M,25-29,-1.6
2022,50130,서귀포시,M,25-29,-0.5
2023,50130,서귀포시,M,25-29,-2.6
2024,50130,서귀포시,M,25-29,-1.5
2025,50130,서귀포시,M,25-29,-4.6
2015,50130,서귀포시,M,30-34,4.0
2016,50130,서귀포시,M,30-34,7.3
2017,50130,서귀포시,M,30-34,6.8
2018,50130,서귀포시,M,30-34,2.0
2019,50130,서귀포시,M,30-34,-1.9
2020,50130,서귀포시,M,30-34,-0.6
2021,50130,서귀포시,M,30-34,1.5
2022,50130,서귀포시,M,30-34,0.1
2023,50130,서귀포시,M,30-34,-2.2
2024,50130,서귀포시,M,30-34,-2.3
2025,50130,서귀포시,M,30-34,-2.7
2015,50130,서귀포시,F,20-24,-0.2
2016,50130,서귀포시,F,20-24,-0.2
2017,50130,서귀포시,F,20-24,3.3
2018,50130,서귀포시,F,20-24,-2.3
2019,50130,서귀포시,F,20-24,-5.9
2020,50130,서귀포시,F,20-24,-7.3
2021,50130,서귀포시,F,20-24,-5.0
2022,50130,서귀포시,F,20-24,-5.0
2023,50130,서귀포시,F,20-24,-6.3
2024,50130,서귀포시,F,20-24,-8.0
2025,50130,서귀포시,F,20-24,-9.6
2015,50130,서귀포시,F,25-29,0.3
2016,50130,서귀포시,F,25-29,1.4
2017,50130,서귀포시,F,25-29,4.8
2018,50130,서귀포시,F,25-29,-0.5
2019,50130,서귀포시,F,25-29,-4.6
2020,50130,서귀포시,F,25-29,-5.1
2021,50130,서귀포시,F,25-29,0.1
2022,50130,서귀포시,F,25-29,-0.9
2023,50130,서귀포시,F,25-29,-2.4
2024,50130,서귀포시,F,25-29,-2.5
2025,50130,서귀포시,F,25-29,-2.3
2015,50130,서귀포시,F,30-34,6.2
2016,50130,서귀포시,F,30-34,7.4
2017,50130,서귀포시,F,30-34,7.6
2018,50130,서귀포시,F,30-34,3.9
2019,50130,서귀포시,F,30-34,1.7
2020,50130,서귀포시,F,30-34,0.7
2021,50130,서귀포시,F,30-34,3.7
2022,50130,서귀포시,F,30-34,1.1
2023,50130,서귀포시,F,30-34,-0.4
2024,50130,서귀포시,F,30-34,-1.7
2025,50130,서귀포시,F,30-34,-1.8
2015,51,강원특별자치도,M,20-24,2.7
2016,51,강원특별자치도,M,20-24,-1.4
2017,51,강원특별자치도,M,20-24,0.0
2018,51,강원특별자치도,M,20-24,-1.9
2019,51,강원특별자치도,M,20-24,-0.9
2020,51,강원특별자치도,M,20-24,-0.7
2021,51,강원특별자치도,M,20-24,-1.3
2022,51,강원특별자치도,M,20-24,-1.0
2023,51,강원특별자치도,M,20-24,-1.0
2024,51,강원특별자치도,M,20-24,-1.1
2025,51,강원특별자치도,M,20-24,-1.4
2015,51,강원특별자치도,M,25-29,-3.3
2016,51,강원특별자치도,M,25-29,-5.2
2017,51,강원특별자치도,M,25-29,-4.5
2018,51,강원특별자치도,M,25-29,-6.0
2019,51,강원특별자치도,M,25-29,-4.6
2020,51,강원특별자치도,M,25-29,-2.6
2021,51,강원특별자치도,M,25-29,-3.5
2022,51,강원특별자치도,M,25-29,-1.9
2023,51,강원특별자치도,M,25-29,-2.7
2024,51,강원특별자치도,M,25-29,-3.2
2025,51,강원특별자치도,M,25-29,-2.5
2015,51,강원특별자치도,M,30-34,-0.2
2016,51,강원특별자치도,M,30-34,-0.2
2017,51,강원특별자치도,M,30-34,-0.8
2018,51,강원특별자치도,M,30-34,-1.4
2019,51,강원특별자치도,M,30-34,-0.6
2020,51,강원특별자치도,M,30-34,0.1
2021,51,강원특별자치도,M,30-34,-0.2
2022,51,강원특별자치도,M,30-34,0.1
2023,51,강원특별자치도,M,30-34,-0.5
2024,51,강원특별자치도,M,30-34,-1.4
2025,51,강원특별자치도,M,30-34,-0.7
2015,51,강원특별자치도,F,20-24,-4.6
2016,51,강원특별자치도,F,20-24,-4.3
2017,51,강원특별자치도,F,20-24,-4.1
2018,51,강원특별자치도,F,20-24,-5.2
2019,51,강원특별자치도,F,20-24,-5.3
2020,51,강원특별자치도,F,20-24,-6.3
2021,51,강원특별자치도,F,20-24,-5.7
2022,51,강원특별자치도,F,20-24,-4.3
2023,51,강원특별자치도,F,20-24,-4.5
2024,51,강원특별자치도,F,20-24,-5.0
2025,51,강원특별자치도,F,20-24,-5.4
2015,51,강원특별자치도,F,25-29,-1.5
2016,51,강원특별자치도,F,25-29,-1.0
2017,51,강원특별자치도,F,25-29,-1.4
2018,51,강원특별자치도,F,25-29,-2.8
2019,51,강원특별자치도,F,25-29,-1.8
2020,51,강원특별자치도,F,25-29,-1.5
2021,51,강원특별자치도,F,25-29,0.2
2022,51,강원특별자치도,F,25-29,1.1
2023,51,강원특별자치도,F,25-29,-0.4
2024,51,강원특별자치도,F,25-29,-1.0
2025,51,강원특별자치도,F,25-29,-1.0
2015,51,강원특별자치도,F,30-34,0.7
2016,51,강원특별자치도,F,30-34,0.7
2017,51,강원특별자치도,F,30-34,0.7
2018,51,강원특별자치도,F,30-34,-0.4
2019,51,강원특별자치도,F,30-34,0.9
2020,51,강원특별자치도,F,30-34,0.9
2021,51,강원특별자치도,F,30-34,1.0
2022,51,강원특별자치도,F,30-34,1.4
2023,51,강원특별자치도,F,30-34,0.2
2024,51,강원특별자치도,F,30-34,-0.2
2025,51,강원특별자치도,F,30-34,0.1
2015,51110,춘천시,M,20-24,2.7
2016,51110,춘천시,M,20-24,0.3
2017,51110,춘천시,M,20-24,1.2
2018,51110,춘천시,M,20-24,0.1
2019,51110,춘천시,M,20-24,1.5
2020,51110,춘천시,M,20-24,1.8
2021,51110,춘천시,M,20-24,2.5
2022,51110,춘천시,M,20-24,3.9
2023,51110,춘천시,M,20-24,4.8
2024,51110,춘천시,M,20-24,6.0
2025,51110,춘천시,M,20-24,1.4
2015,51110,춘천시,M,25-29,-1.1
2016,51110,춘천시,M,25-29,-0.5
2017,51110,춘천시,M,25-29,-1.8
2018,51110,춘천시,M,25-29,-2.0
2019,51110,춘천시,M,25-29,-0.6
2020,51110,춘천시,M,25-29,-0.6
2021,51110,춘천시,M,25-29,0.0
2022,51110,춘천시,M,25-29,0.8
2023,51110,춘천시,M,25-29,-1.8
2024,51110,춘천시,M,25-29,-1.8
2025,51110,춘천시,M,25-29,-4.7
2015,51110,춘천시,M,30-34,0.4
2016,51110,춘천시,M,30-34,1.5
2017,51110,춘천시,M,30-34,-0.2
2018,51110,춘천시,M,30-34,0.1
2019,51110,춘천시,M,30-34,1.5
2020,51110,춘천시,M,30-34,2.0
2021,51110,춘천시,M,30-34,3.1
2022,51110,춘천시,M,30-34,1.5
2023,51110,춘천시,M,30-34,0.2
2024,51110,춘천시,M,30-34,-0.9
2025,51110,춘천시,M,30-34,-0.2
2015,51110,춘천시,F,20-24,-0.1
2016,51110,춘천시,F,20-24,0.3
2017,51110,춘천시,F,20-24,-0.5
2018,51110,춘천시,F,20-24,-2.3
2019,51110,춘천시,F,20-24,-1.5
2020,51110,춘천시,F,20-24,-0.6
2021,51110,춘천시,F,20-24,-0.6
2022,51110,춘천시,F,20-24,0.8
2023,51110,춘천시,F,20-24,1.7
2024,51110,춘천시,F,20-24,0.8
2025,51110,춘천시,F,20-24,-2.6
2015,51110,춘천시,F,25-29,0.1
2016,51110,춘천시,F,25-29,-0.3
2017,51110,춘천시,F,25-29,-1.8
2018,51110,춘천시,F,25-29,-1.1
2019,51110,춘천시,F,25-29,-1.0
2020,51110,춘천시,F,25-29,-1.6
2021,51110,춘천시,F,25-29,1.5
2022,51110,춘천시,F,25-29,2.5
2023,51110,춘천시,F,25-29,-1.3
2024,51110,춘천시,F,25-29,-1.8
2025,51110,춘천시,F,25-29,-1.3
2015,51110,춘천시,F,30-34,1.3
2016,51110,춘천시,F,30-34,2.5
2017,51110,춘천시,F,30-34,0.4
2018,51110,춘천시,F,30-34,-0.1
2019,51110,춘천시,F,30-34,0.7
2020,51110,춘천시,F,30-34,0.8
2021,51110,춘천시,F,30-34,2.6
2022,51110,춘천시,F,30-34,1.8
2023,51110,춘천시,F,30-34,0.0
2024,51110,춘천시,F,30-34,0.5
2025,51110,춘천시,F,30-34,0.3
2015,51130,원주시,M,20-24,-0.8
2016,51130,원주시,M,20-24,0.0
2017,51130,원주시,M,20-24,0.6
2018,51130,원주시,M,20-24,-0.5
2019,51130,원주시,M,20-24,0.0
2020,51130,원주시,M,20-24,-0.6
2021,51130,원주시,M,20-24,-1.3
2022,51130,원주시,M,20-24,-0.1
2023,51130,원주시,M,20-24,-1.9
2024,51130,원주시,M,20-24,-1.6
2025,51130,원주시,M,20-24,-1.8
2015,51130,원주시,M,25-29,0.3
2016,51130,원주시,M,25-29,0.2
2017,51130,원주시,M,25-29,1.6
2018,51130,원주시,M,25-29,-0.5
2019,51130,원주시,M,25-29,0.3
2020,51130,원주시,M,25-29,1.5
2021,51130,원주시,M,25-29,0.0
2022,51130,원주시,M,25-29,1.2
2023,51130,원주시,M,25-29,-0.3
2024,51130,원주시,M,25-29,-0.4
2025,51130,원주시,M,25-29,0.8
2015,51130,원주시,M,30-34,4.1
2016,51130,원주시,M,30-34,3.5
2017,51130,원주시,M,30-34,1.9
2018,51130,원주시,M,30-34,1.0
2019,51130,원주시,M,30-34,3.0
2020,51130,원주시,M,30-34,3.3
2021,51130,원주시,M,30-34,2.5
2022,51130,원주시,M,30-34,2.1
2023,51130,원주시,M,30-34,1.9
2024,51130,원주시,M,30-34,0.9
2025,51130,원주시,M,30-34,1.9
2015,51130,원주시,F,20-24,-1.8
2016,51130,원주시,F,20-24,-1.1
2017,51130,원주시,F,20-24,-1.6
2018,51130,원주시,F,20-24,-1.4
2019,51130,원주시,F,20-24,-1.9
2020,51130,원주시,F,20-24,-1.6
2021,51130,원주시,F,20-24,-3.3
2022,51130,원주시,F,20-24,-1.7
2023,51130,원주시,F,20-24,-2.5
2024,51130,원주시,F,20-24,-2.0
2025,51130,원주시,F,20-24,-2.4
2015,51130,원주시,F,25-29,1.9
2016,51130,원주시,F,25-29,2.9
2017,51130,원주시,F,25-29,1.3
2018,51130,원주시,F,25-29,0.5
2019,51130,원주시,F,25-29,2.4
2020,51130,원주시,F,25-29,1.3
2021,51130,원주시,F,25-29,3.7
2022,51130,원주시,F,25-29,3.5
2023,51130,원주시,F,25-29,1.4
2024,51130,원주시,F,25-29,0.5
2025,51130,원주시,F,25-29,0.7
2015,51130,원주시,F,30-34,3.4
2016,51130,원주시,F,30-34,3.2
2017,51130,원주시,F,30-34,2.1
2018,51130,원주시,F,30-34,1.6
2019,51130,원주시,F,30-34,4.0
2020,51130,원주시,F,30-34,4.0
2021,51130,원주시,F,30-34,2.5
2022,51130,원주시,F,30-34,2.7
2023,51130,원주시,F,30-34,1.4
2024,51130,원주시,F,30-34,1.0
2025,51130,원주시,F,30-34,1.2
2015,51150,강릉시,M,20-24,-4.0
2016,51150,강릉시,M,20-24,-3.6
2017,51150,강릉시,M,20-24,-2.4
2018,51150,강릉시,M,20-24,-3.6
2019,51150,강릉시,M,20-24,-0.4
2020,51150,강릉시,M,20-24,-3.5
2021,51150,강릉시,M,20-24,-2.9
2022,51150,강릉시,M,20-24,-2.0
2023,51150,강릉시,M,20-24,-3.5
2024,51150,강릉시,M,20-24,-3.3
2025,51150,강릉시,M,20-24,-1.1
2015,51150,강릉시,M,25-29,-4.6
2016,51150,강릉시,M,25-29,-4.6
2017,51150,강릉시,M,25-29,-2.4
2018,51150,강릉시,M,25-29,-4.5
2019,51150,강릉시,M,25-29,-2.5
2020,51150,강릉시,M,25-29,-3.4
2021,51150,강릉시,M,25-29,-3.7
2022,51150,강릉시,M,25-29,-2.1
2023,51150,강릉시,M,25-29,-3.9
2024,51150,강릉시,M,25-29,-3.9
2025,51150,강릉시,M,25-29,-4.6
2015,51150,강릉시,M,30-34,-1.7
2016,51150,강릉시,M,30-34,-0.4
2017,51150,강릉시,M,30-34,-0.2
2018,51150,강릉시,M,30-34,-0.5
2019,51150,강릉시,M,30-34,-0.8
2020,51150,강릉시,M,30-34,0.5
2021,51150,강릉시,M,30-34,0.6
2022,51150,강릉시,M,30-34,-1.3
2023,51150,강릉시,M,30-34,-0.8
2024,51150,강릉시,M,30-34,-1.1
2025,51150,강릉시,M,30-34,-1.0
2015,51150,강릉시,F,20-24,-6.6
2016,51150,강릉시,F,20-24,-7.7
2017,51150,강릉시,F,20-24,-5.6
2018,51150,강릉시,F,20-24,-4.7
2019,51150,강릉시,F,20-24,-2.7
2020,51150,강릉시,F,20-24,-9.6
2021,51150,강릉시,F,20-24,-6.3
2022,51150,강릉시,F,20-24,-4.5
2023,51150,강릉시,F,20-24,-6.1
2024,51150,강릉시,F,20-24,-7.2
2025,51150,강릉시,F,20-24,-5.4
2015,51150,강릉시,F,25-29,-5.2
2016,51150,강릉시,F,25-29,-2.1
2017,51150,강릉시,F,25-29,-1.9
2018,51150,강릉시,F,25-29,-3.9
2019,51150,강릉시,F,25-29,-2.6
2020,51150,강릉시,F,25-29,-1.5
2021,51150,강릉시,F,25-29,-0.2
2022,51150,강릉시,F,25-29,-1.9
2023,51150,강릉시,F,25-29,-0.5
2024,51150,강릉시,F,25-29,-0.9
2025,51150,강릉시,F,25-29,-1.4
2015,51150,강릉시,F,30-34,-0.1
2016,51150,강릉시,F,30-34,-0.4
2017,51150,강릉시,F,30-34,1.6
2018,51150,강릉시,F,30-34,-0.9
2019,51150,강릉시,F,30-34,0.8
2020,51150,강릉시,F,30-34,0.7
2021,51150,강릉시,F,30-34,1.2
2022,51150,강릉시,F,30-34,0.4
2023,51150,강릉시,F,30-34,-0.2
2024,51150,강릉시,F,30-34,-0.2
2025,51150,강릉시,F,30-34,-0.2
2015,51170,동해시,M,20-24,-5.4
2016,51170,동해시,M,20-24,-5.6
2017,51170,동해시,M,20-24,0.2
2018,51170,동해시,M,20-24,-6.8
2019,51170,동해시,M,20-24,-5.1
2020,51170,동해시,M,20-24,-1.6
2021,51170,동해시,M,20-24,-4.6
2022,51170,동해시,M,20-24,-6.8
2023,51170,동해시,M,20-24,-5.6
2024,51170,동해시,M,20-24,-6.4
2025,51170,동해시,M,20-24,-6.1
2015,51170,동해시,M,25-29,-7.0
2016,51170,동해시,M,25-29,-4.9
2017,51170,동해시,M,25-29,-1.4
2018,51170,동해시,M,25-29,-4.3
2019,51170,동해시,M,25-29,-4.3
2020,51170,동해시,M,25-29,-3.5
2021,51170,동해시,M,25-29,-1.4
2022,51170,동해시,M,25-29,-1.1
2023,51170,동해시,M,25-29,-1.6
2024,51170,동해시,M,25-29,-1.2
2025,51170,동해시,M,25-29,0.8
2015,51170,동해시,M,30-34,1.0
2016,51170,동해시,M,30-34,1.8
2017,51170,동해시,M,30-34,0.0
2018,51170,동해시,M,30-34,-5.1
2019,51170,동해시,M,30-34,-2.8
2020,51170,동해시,M,30-34,2.7
2021,51170,동해시,M,30-34,-0.5
2022,51170,동해시,M,30-34,0.4
2023,51170,동해시,M,30-34,0.8
2024,51170,동해시,M,30-34,-1.4
2025,51170,동해시,M,30-34,-1.1
2015,51170,동해시,F,20-24,-10.2
2016,51170,동해시,F,20-24,-7.9
2017,51170,동해시,F,20-24,-5.7
2018,51170,동해시,F,20-24,-10.6
2019,51170,동해시,F,20-24,-8.3
2020,51170,동해시,F,20-24,-8.7
2021,51170,동해시,F,20-24,-7.6
2022,51170,동해시,F,20-24,-8.4
2023,51170,동해시,F,20-24,-10.0
2024,51170,동해시,F,20-24,-9.4
2025,51170,동해시,F,20-24,-10.6
2015,51170,동해시,F,25-29,-3.9
2016,51170,동해시,F,25-29,-2.1
2017,51170,동해시,F,25-29,-3.5
2018,51170,동해시,F,25-29,-6.4
2019,51170,동해시,F,25-29,-4.9
2020,51170,동해시,F,25-29,-1.3
2021,51170,동해시,F,25-29,-1.0
2022,51170,동해시,F,25-29,-1.2
2023,51170,동해시,F,25-29,-1.4
2024,51170,동해시,F,25-29,1.5
2025,51170,동해시,F,25-29,-0.4
2015,51170,동해시,F,30-34,1.7
2016,51170,동해시,F,30-34,0.6
2017,51170,동해시,F,30-34,0.9
2018,51170,동해시,F,30-34,-3.3
2019,51170,동해시,F,30-34,-0.3
2020,51170,동해시,F,30-34,1.5
2021,51170,동해시,F,30-34,2.2
2022,51170,동해시,F,30-34,3.5
2023,51170,동해시,F,30-34,-0.2
2024,51170,동해시,F,30-34,0.1
2025,51170,동해시,F,30-34,0.6
2015,51190,태백시,M,20-24,-5.4
2016,51190,태백시,M,20-24,-6.7
2017,51190,태백시,M,20-24,-10.9
2018,51190,태백시,M,20-24,-8.4
2019,51190,태백시,M,20-24,-7.6
2020,51190,태백시,M,20-24,-10.0
2021,51190,태백시,M,20-24,-13.6
2022,51190,태백시,M,20-24,-9.8
2023,51190,태백시,M,20-24,-6.4
2024,51190,태백시,M,20-24,-11.1
2025,51190,태백시,M,20-24,-11.4
2015,51190,태백시,M,25-29,-6.6
2016,51190,태백시,M,25-29,-4.4
2017,51190,태백시,M,25-29,-11.5
2018,51190,태백시,M,25-29,-9.1
2019,51190,태백시,M,25-29,-6.5
2020,51190,태백시,M,25-29,-7.4
2021,51190,태백시,M,25-29,-8.8
2022,51190,태백시,M,25-29,-9.7
2023,51190,태백시,M,25-29,-4.2
2024,51190,태백시,M,25-29,-4.4
2025,51190,태백시,M,25-29,-2.2
2015,51190,태백시,M,30-34,-2.3
2016,51190,태백시,M,30-34,0.2
2017,51190,태백시,M,30-34,-1.6
2018,51190,태백시,M,30-34,-4.9
2019,51190,태백시,M,30-34,-3.1
2020,51190,태백시,M,30-34,-2.8
2021,51190,태백시,M,30-34,-2.8
2022,51190,태백시,M,30-34,-1.2
2023,51190,태백시,M,30-34,-0.1
2024,51190,태백시,M,30-34,0.8
2025,51190,태백시,M,30-34,-1.1
2015,51190,태백시,F,20-24,-11.2
2016,51190,태백시,F,20-24,-10.5
2017,51190,태백시,F,20-24,-13.3
2018,51190,태백시,F,20-24,-11.4
2019,51190,태백시,F,20-24,-16.5
2020,51190,태백시,F,20-24,-19.6
2021,51190,태백시,F,20-24,-16.5
2022,51190,태백시,F,20-24,-13.5
2023,51190,태백시,F,20-24,-13.7
2024,51190,태백시,F,20-24,-18.2
2025,51190,태백시,F,20-24,-7.5
2015,51190,태백시,F,25-29,-8.1
2016,51190,태백시,F,25-29,-4.5
2017,51190,태백시,F,25-29,-6.4
2018,51190,태백시,F,25-29,-8.3
2019,51190,태백시,F,25-29,-9.7
2020,51190,태백시,F,25-29,-10.0
2021,51190,태백시,F,25-29,-7.7
2022,51190,태백시,F,25-29,-6.1
2023,51190,태백시,F,25-29,2.0
2024,51190,태백시,F,25-29,-10.1
2025,51190,태백시,F,25-29,-4.7
2015,51190,태백시,F,30-34,-2.5
2016,51190,태백시,F,30-34,-1.1
2017,51190,태백시,F,30-34,-1.0
2018,51190,태백시,F,30-34,-2.7
2019,51190,태백시,F,30-34,-2.4
2020,51190,태백시,F,30-34,-4.1
2021,51190,태백시,F,30-34,-5.5
2022,51190,태백시,F,30-34,-6.3
2023,51190,태백시,F,30-34,1.0
2024,51190,태백시,F,30-34,-3.6
2025,51190,태백시,F,30-34,-0.5
2015,51210,속초시,M,20-24,-4.9
2016,51210,속초시,M,20-24,-2.3
2017,51210,속초시,M,20-24,-4.2
2018,51210,속초시,M,20-24,-4.1
2019,51210,속초시,M,20-24,-3.0
2020,51210,속초시,M,20-24,-2.2
2021,51210,속초시,M,20-24,-2.5
2022,51210,속초시,M,20-24,-4.9
2023,51210,속초시,M,20-24,-8.2
2024,51210,속초시,M,20-24,-8.8
2025,51210,속초시,M,20-24,-8.4
2015,51210,속초시,M,25-29,-0.7
2016,51210,속초시,M,25-29,0.1
2017,51210,속초시,M,25-29,2.1
2018,51210,속초시,M,25-29,-4.0
2019,51210,속초시,M,25-29,2.6
2020,51210,속초시,M,25-29,2.1
2021,51210,속초시,M,25-29,3.3
2022,51210,속초시,M,25-29,1.1
2023,51210,속초시,M,25-29,1.3
2024,51210,속초시,M,25-29,-3.5
2025,51210,속초시,M,25-29,0.5
2015,51210,속초시,M,30-34,1.8
2016,51210,속초시,M,30-34,0.9
2017,51210,속초시,M,30-34,2.3
2018,51210,속초시,M,30-34,0.6
2019,51210,속초시,M,30-34,2.2
2020,51210,속초시,M,30-34,4.2
2021,51210,속초시,M,30-34,2.5
2022,51210,속초시,M,30-34,3.5
2023,51210,속초시,M,30-34,0.3
2024,51210,속초시,M,30-34,-3.2
2025,51210,속초시,M,30-34,-2.1
2015,51210,속초시,F,20-24,-5.2
2016,51210,속초시,F,20-24,-4.9
2017,51210,속초시,F,20-24,-3.4
2018,51210,속초시,F,20-24,-5.6
2019,51210,속초시,F,20-24,-8.1
2020,51210,속초시,F,20-24,-6.7
2021,51210,속초시,F,20-24,-6.8
2022,51210,속초시,F,20-24,-7.3
2023,51210,속초시,F,20-24,-8.1
2024,51210,속초시,F,20-24,-4.9
2025,51210,속초시,F,20-24,-8.2
2015,51210,속초시,F,25-29,-3.0
2016,51210,속초시,F,25-29,-0.9
2017,51210,속초시,F,25-29,0.5
2018,51210,속초시,F,25-29,-4.1
2019,51210,속초시,F,25-29,0.3
2020,51210,속초시,F,25-29,-0.1
2021,51210,속초시,F,25-29,4.4
2022,51210,속초시,F,25-29,5.4
2023,51210,속초시,F,25-29,-1.1
2024,51210,속초시,F,25-29,-1.4
2025,51210,속초시,F,25-29,-1.1
2015,51210,속초시,F,30-34,0.2
2016,51210,속초시,F,30-34,1.0
2017,51210,속초시,F,30-34,1.7
2018,51210,속초시,F,30-34,0.1
2019,51210,속초시,F,30-34,3.5
2020,51210,속초시,F,30-34,3.5
2021,51210,속초시,F,30-34,0.7
2022,51210,속초시,F,30-34,4.2
2023,51210,속초시,F,30-34,0.3
2024,51210,속초시,F,30-34,-1.3
2025,51210,속초시,F,30-34,-2.2
2015,51230,삼척시,M,20-24,-14.3
2016,51230,삼척시,M,20-24,-7.1
2017,51230,삼척시,M,20-24,-4.5
2018,51230,삼척시,M,20-24,-5.1
2019,51230,삼척시,M,20-24,-5.9
2020,51230,삼척시,M,20-24,-13.3
2021,51230,삼척시,M,20-24,-5.9
2022,51230,삼척시,M,20-24,0.0
2023,51230,삼척시,M,20-24,-2.5
2024,51230,삼척시,M,20-24,-4.0
2025,51230,삼척시,M,20-24,-8.3
2015,51230,삼척시,M,25-29,-16.3
2016,51230,삼척시,M,25-29,-15.0
2017,51230,삼척시,M,25-29,-13.3
2018,51230,삼척시,M,25-29,-12.0
2019,51230,삼척시,M,25-29,-15.8
2020,51230,삼척시,M,25-29,-12.8
2021,51230,삼척시,M,25-29,-17.4
2022,51230,삼척시,M,25-29,-7.2
2023,51230,삼척시,M,25-29,-9.5
2024,51230,삼척시,M,25-29,-6.9
2025,51230,삼척시,M,25-29,-9.3
2015,51230,삼척시,M,30-34,-2.5
2016,51230,삼척시,M,30-34,-5.1
2017,51230,삼척시,M,30-34,-4.9
2018,51230,삼척시,M,30-34,3.8
2019,51230,삼척시,M,30-34,-3.3
2020,51230,삼척시,M,30-34,-5.4
2021,51230,삼척시,M,30-34,-8.3
2022,51230,삼척시,M,30-34,3.0
2023,51230,삼척시,M,30-34,-1.6
2024,51230,삼척시,M,30-34,-0.6
2025,51230,삼척시,M,30-34,-4.0
2015,51230,삼척시,F,20-24,-18.1
2016,51230,삼척시,F,20-24,-14.9
2017,51230,삼척시,F,20-24,-16.8
2018,51230,삼척시,F,20-24,-16.1
2019,51230,삼척시,F,20-24,-17.9
2020,51230,삼척시,F,20-24,-21.9
2021,51230,삼척시,F,20-24,-15.4
2022,51230,삼척시,F,20-24,-11.4
2023,51230,삼척시,F,20-24,-16.1
2024,51230,삼척시,F,20-24,-18.1
2025,51230,삼척시,F,20-24,-19.5
2015,51230,삼척시,F,25-29,-6.8
2016,51230,삼척시,F,25-29,-8.4
2017,51230,삼척시,F,25-29,-6.0
2018,51230,삼척시,F,25-29,-2.9
2019,51230,삼척시,F,25-29,-6.7
2020,51230,삼척시,F,25-29,-7.6
2021,51230,삼척시,F,25-29,-7.5
2022,51230,삼척시,F,25-29,-2.3
2023,51230,삼척시,F,25-29,-2.0
2024,51230,삼척시,F,25-29,-3.5
2025,51230,삼척시,F,25-29,-5.3
2015,51230,삼척시,F,30-34,-0.9
2016,51230,삼척시,F,30-34,-1.0
2017,51230,삼척시,F,30-34,0.4
2018,51230,삼척시,F,30-34,4.8
2019,51230,삼척시,F,30-34,-1.3
2020,51230,삼척시,F,30-34,-4.6
2021,51230,삼척시,F,30-34,-6.1
2022,51230,삼척시,F,30-34,2.1
2023,51230,삼척시,F,30-34,-1.4
2024,51230,삼척시,F,30-34,3.1
2025,51230,삼척시,F,30-34,-1.6
2015,51720,홍천군,M,20-24,-2.3
2016,51720,홍천군,M,20-24,-0.5
2017,51720,홍천군,M,20-24,-0.1
2018,51720,홍천군,M,20-24,-2.0
2019,51720,홍천군,M,20-24,-1.2
2020,51720,홍천군,M,20-24,12.1
2021,51720,홍천군,M,20-24,-3.2
2022,51720,홍천군,M,20-24,-4.3
2023,51720,홍천군,M,20-24,-5.1
2024,51720,홍천군,M,20-24,-3.6
2025,51720,홍천군,M,20-24,-3.0
2015,51720,홍천군,M,25-29,-4.5
2016,51720,홍천군,M,25-29,-6.9
2017,51720,홍천군,M,25-29,-3.9
2018,51720,홍천군,M,25-29,-4.7
2019,51720,홍천군,M,25-29,-4.1
2020,51720,홍천군,M,25-29,5.1
2021,51720,홍천군,M,25-29,-8.7
2022,51720,홍천군,M,25-29,-4.2
2023,51720,홍천군,M,25-29,-3.5
2024,51720,홍천군,M,25-29,-5.1
2025,51720,홍천군,M,25-29,-5.3
2015,51720,홍천군,M,30-34,-4.1
2016,51720,홍천군,M,30-34,-5.0
2017,51720,홍천군,M,30-34,-2.3
2018,51720,홍천군,M,30-34,-4.7
2019,51720,홍천군,M,30-34,-6.3
2020,51720,홍천군,M,30-34,-2.4
2021,51720,홍천군,M,30-34,-5.9
2022,51720,홍천군,M,30-34,-2.1
2023,51720,홍천군,M,30-34,-2.1
2024,51720,홍천군,M,30-34,-3.2
2025,51720,홍천군,M,30-34,-3.5
2015,51720,홍천군,F,20-24,-4.5
2016,51720,홍천군,F,20-24,-5.1
2017,51720,홍천군,F,20-24,-4.0
2018,51720,홍천군,F,20-24,-7.7
2019,51720,홍천군,F,20-24,-9.2
2020,51720,홍천군,F,20-24,-7.9
2021,51720,홍천군,F,20-24,-7.0
2022,51720,홍천군,F,20-24,-11.7
2023,51720,홍천군,F,20-24,-7.6
2024,51720,홍천군,F,20-24,-7.8
2025,51720,홍천군,F,20-24,-7.8
2015,51720,홍천군,F,25-29,-3.4
2016,51720,홍천군,F,25-29,-3.9
2017,51720,홍천군,F,25-29,-2.1
2018,51720,홍천군,F,25-29,-7.1
2019,51720,홍천군,F,25-29,-5.9
2020,51720,홍천군,F,25-29,-1.7
2021,51720,홍천군,F,25-29,-4.4
2022,51720,홍천군,F,25-29,2.9
2023,51720,홍천군,F,25-29,-0.2
2024,51720,홍천군,F,25-29,-2.6
2025,51720,홍천군,F,25-29,-6.0
2015,51720,홍천군,F,30-34,-4.3
2016,51720,홍천군,F,30-34,-3.1
2017,51720,홍천군,F,30-34,-1.2
2018,51720,홍천군,F,30-34,-1.4
2019,51720,홍천군,F,30-34,-4.8
2020,51720,홍천군,F,30-34,2.8
2021,51720,홍천군,F,30-34,-2.8
2022,51720,홍천군,F,30-34,-0.2
2023,51720,홍천군,F,30-34,-0.7
2024,51720,홍천군,F,30-34,-3.3
2025,51720,홍천군,F,30-34,-0.2
2015,51730,횡성군,M,20-24,-1.1
2016,51730,횡성군,M,20-24,-2.5
2017,51730,횡성군,M,20-24,-4.3
2018,51730,횡성군,M,20-24,0.0
2019,51730,횡성군,M,20-24,-6.1
2020,51730,횡성군,M,20-24,-4.5
2021,51730,횡성군,M,20-24,-3.9
2022,51730,횡성군,M,20-24,-5.9
2023,51730,횡성군,M,20-24,-6.9
2024,51730,횡성군,M,20-24,-5.1
2025,51730,횡성군,M,20-24,-8.5
2015,51730,횡성군,M,25-29,-4.9
2016,51730,횡성군,M,25-29,-6.7
2017,51730,횡성군,M,25-29,-7.5
2018,51730,횡성군,M,25-29,-4.6
2019,51730,횡성군,M,25-29,-6.1
2020,51730,횡성군,M,25-29,-4.6
2021,51730,횡성군,M,25-29,-5.3
2022,51730,횡성군,M,25-29,-5.0
2023,51730,횡성군,M,25-29,-7.7
2024,51730,횡성군,M,25-29,-5.1
2025,51730,횡성군,M,25-29,-6.2
2015,51730,횡성군,M,30-34,-2.7
2016,51730,횡성군,M,30-34,-1.8
2017,51730,횡성군,M,30-34,-3.9
2018,51730,횡성군,M,30-34,0.4
2019,51730,횡성군,M,30-34,-6.4
2020,51730,횡성군,M,30-34,-6.7
2021,51730,횡성군,M,30-34,-5.7
2022,51730,횡성군,M,30-34,-1.3
2023,51730,횡성군,M,30-34,-3.3
2024,51730,횡성군,M,30-34,-2.2
2025,51730,횡성군,M,30-34,-4.2
2015,51730,횡성군,F,20-24,-0.6
2016,51730,횡성군,F,20-24,-5.5
2017,51730,횡성군,F,20-24,-8.2
2018,51730,횡성군,F,20-24,-6.8
2019,51730,횡성군,F,20-24,-12.8
2020,51730,횡성군,F,20-24,-15.4
2021,51730,횡성군,F,20-24,-14.1
2022,51730,횡성군,F,20-24,-9.7
2023,51730,횡성군,F,20-24,-8.7
2024,51730,횡성군,F,20-24,-9.5
2025,51730,횡성군,F,20-24,-12.8
2015,51730,횡성군,F,25-29,-6.3
2016,51730,횡성군,F,25-29,-6.3
2017,51730,횡성군,F,25-29,-3.8
2018,51730,횡성군,F,25-29,-4.0
2019,51730,횡성군,F,25-29,-6.9
2020,51730,횡성군,F,25-29,-8.2
2021,51730,횡성군,F,25-29,-4.7
2022,51730,횡성군,F,25-29,-3.9
2023,51730,횡성군,F,25-29,-4.8
2024,51730,횡성군,F,25-29,-2.6
2025,51730,횡성군,F,25-29,-4.8
2015,51730,횡성군,F,30-34,-0.1
2016,51730,횡성군,F,30-34,-1.2
2017,51730,횡성군,F,30-34,-3.5
2018,51730,횡성군,F,30-34,0.5
2019,51730,횡성군,F,30-34,-1.1
2020,51730,횡성군,F,30-34,-4.3
2021,51730,횡성군,F,30-34,0.0
2022,51730,횡성군,F,30-34,-3.3
2023,51730,횡성군,F,30-34,-0.9
2024,51730,횡성군,F,30-34,-4.3
2025,51730,횡성군,F,30-34,-2.8
2015,51750,영월군,M,20-24,-1.8
2016,51750,영월군,M,20-24,-7.6
2017,51750,영월군,M,20-24,-4.3
2018,51750,영월군,M,20-24,-5.9
2019,51750,영월군,M,20-24,-14.4
2020,51750,영월군,M,20-24,-14.5
2021,51750,영월군,M,20-24,-8.5
2022,51750,영월군,M,20-24,-13.4
2023,51750,영월군,M,20-24,-9.4
2024,51750,영월군,M,20-24,-9.9
2025,51750,영월군,M,20-24,-8.6
2015,51750,영월군,M,25-29,-2.5
2016,51750,영월군,M,25-29,-3.1
2017,51750,영월군,M,25-29,-6.0
2018,51750,영월군,M,25-29,-8.8
2019,51750,영월군,M,25-29,-12.1
2020,51750,영월군,M,25-29,-6.0
2021,51750,영월군,M,25-29,-11.5
2022,51750,영월군,M,25-29,-7.7
2023,51750,영월군,M,25-29,-4.4
2024,51750,영월군,M,25-29,-9.8
2025,51750,영월군,M,25-29,-4.3
2015,51750,영월군,M,30-34,-5.0
2016,51750,영월군,M,30-34,-3.5
2017,51750,영월군,M,30-34,-4.7
2018,51750,영월군,M,30-34,-4.6
2019,51750,영월군,M,30-34,-1.8
2020,51750,영월군,M,30-34,-4.5
2021,51750,영월군,M,30-34,-5.4
2022,51750,영월군,M,30-34,-0.9
2023,51750,영월군,M,30-34,-6.4
2024,51750,영월군,M,30-34,-3.2
2025,51750,영월군,M,30-34,1.6
2015,51750,영월군,F,20-24,-7.7
2016,51750,영월군,F,20-24,-12.1
2017,51750,영월군,F,20-24,-9.0
2018,51750,영월군,F,20-24,-10.6
2019,51750,영월군,F,20-24,-16.1
2020,51750,영월군,F,20-24,-17.5
2021,51750,영월군,F,20-24,-17.1
2022,51750,영월군,F,20-24,-9.9
2023,51750,영월군,F,20-24,-15.5
2024,51750,영월군,F,20-24,-15.4
2025,51750,영월군,F,20-24,-20.1
2015,51750,영월군,F,25-29,-6.8
2016,51750,영월군,F,25-29,-2.2
2017,51750,영월군,F,25-29,-6.3
2018,51750,영월군,F,25-29,-11.6
2019,51750,영월군,F,25-29,-10.2
2020,51750,영월군,F,25-29,-10.7
2021,51750,영월군,F,25-29,-9.1
2022,51750,영월군,F,25-29,-3.0
2023,51750,영월군,F,25-29,-3.6
2024,51750,영월군,F,25-29,-6.4
2025,51750,영월군,F,25-29,-5.6
2015,51750,영월군,F,30-34,0.1
2016,51750,영월군,F,30-34,-1.3
2017,51750,영월군,F,30-34,-2.3
2018,51750,영월군,F,30-34,-1.6
2019,51750,영월군,F,30-34,-3.4
2020,51750,영월군,F,30-34,-4.9
2021,51750,영월군,F,30-34,1.3
2022,51750,영월군,F,30-34,0.6
2023,51750,영월군,F,30-34,2.0
2024,51750,영월군,F,30-34,-2.0
2025,51750,영월군,F,30-34,0.2
2015,51760,평창군,M,20-24,-1.5
2016,51760,평창군,M,20-24,-4.4
2017,51760,평창군,M,20-24,-5.5
2018,51760,평창군,M,20-24,-3.5
2019,51760,평창군,M,20-24,-7.0
2020,51760,평창군,M,20-24,-4.0
2021,51760,평창군,M,20-24,-2.3
2022,51760,평창군,M,20-24,-1.8
2023,51760,평창군,M,20-24,-4.9
2024,51760,평창군,M,20-24,-4.4
2025,51760,평창군,M,20-24,-8.0
2015,51760,평창군,M,25-29,-6.1
2016,51760,평창군,M,25-29,-1.1
2017,51760,평창군,M,25-29,-6.4
2018,51760,평창군,M,25-29,-6.7
2019,51760,평창군,M,25-29,-6.9
2020,51760,평창군,M,25-29,-0.9
2021,51760,평창군,M,25-29,-7.8
2022,51760,평창군,M,25-29,-2.1
2023,51760,평창군,M,25-29,-0.8
2024,51760,평창군,M,25-29,-3.9
2025,51760,평창군,M,25-29,-4.7
2015,51760,평창군,M,30-34,-0.4
2016,51760,평창군,M,30-34,-4.2
2017,51760,평창군,M,30-34,-4.6
2018,51760,평창군,M,30-34,-8.1
2019,51760,평창군,M,30-34,-1.3
2020,51760,평창군,M,30-34,-6.8
2021,51760,평창군,M,30-34,-6.7
2022,51760,평창군,M,30-34,-2.2
2023,51760,평창군,M,30-34,1.1
2024,51760,평창군,M,30-34,-1.6
2025,51760,평창군,M,30-34,-6.3
2015,51760,평창군,F,20-24,-6.0
2016,51760,평창군,F,20-24,-3.5
2017,51760,평창군,F,20-24,-6.5
2018,51760,평창군,F,20-24,-8.9
2019,51760,평창군,F,20-24,-10.3
2020,51760,평창군,F,20-24,-10.3
2021,51760,평창군,F,20-24,-13.2
2022,51760,평창군,F,20-24,-12.0
2023,51760,평창군,F,20-24,-9.1
2024,51760,평창군,F,20-24,-13.6
2025,51760,평창군,F,20-24,-13.1
2015,51760,평창군,F,25-29,-2.9
2016,51760,평창군,F,25-29,-5.7
2017,51760,평창군,F,25-29,-2.6
2018,51760,평창군,F,25-29,-9.2
2019,51760,평창군,F,25-29,-9.0
2020,51760,평창군,F,25-29,-10.1
2021,51760,평창군,F,25-29,-6.8
2022,51760,평창군,F,25-29,-6.2
2023,51760,평창군,F,25-29,-0.5
2024,51760,평창군,F,25-29,1.1
2025,51760,평창군,F,25-29,-8.3
2015,51760,평창군,F,30-34,-0.9
2016,51760,평창군,F,30-34,-2.9
2017,51760,평창군,F,30-34,0.3
2018,51760,평창군,F,30-34,-3.2
2019,51760,평창군,F,30-34,-5.0
2020,51760,평창군,F,30-34,-6.2
2021,51760,평창군,F,30-34,-7.6
2022,51760,평창군,F,30-34,1.9
2023,51760,평창군,F,30-34,-0.2
2024,51760,평창군,F,30-34,-2.3
2025,51760,평창군,F,30-34,-4.2
2015,51770,정선군,M,20-24,-2.1
2016,51770,정선군,M,20-24,-6.5
2017,51770,정선군,M,20-24,-4.0
2018,51770,정선군,M,20-24,-4.1
2019,51770,정선군,M,20-24,-3.0
2020,51770,정선군,M,20-24,-7.9
2021,51770,정선군,M,20-24,-6.4
2022,51770,정선군,M,20-24,-5.2
2023,51770,정선군,M,20-24,-9.1
2024,51770,정선군,M,20-24,-9.4
2025,51770,정선군,M,20-24,5.3
2015,51770,정선군,M,25-29,-3.1
2016,51770,정선군,M,25-29,-5.7
2017,51770,정선군,M,25-29,-2.3
2018,51770,정선군,M,25-29,-5.1
2019,51770,정선군,M,25-29,-6.2
2020,51770,정선군,M,25-29,-6.1
2021,51770,정선군,M,25-29,-11.0
2022,51770,정선군,M,25-29,-7.6
2023,51770,정선군,M,25-29,-7.8
2024,51770,정선군,M,25-29,-3.0
2025,51770,정선군,M,25-29,10.3
2015,51770,정선군,M,30-34,-3.0
2016,51770,정선군,M,30-34,-2.5
2017,51770,정선군,M,30-34,-4.5
2018,51770,정선군,M,30-34,-0.7
2019,51770,정선군,M,30-34,-4.8
2020,51770,정선군,M,30-34,-2.9
2021,51770,정선군,M,30-34,-8.0
2022,51770,정선군,M,30-34,-3.1
2023,51770,정선군,M,30-34,-2.3
2024,51770,정선군,M,30-34,-1.9
2025,51770,정선군,M,30-34,9.2
2015,51770,정선군,F,20-24,-5.1
2016,51770,정선군,F,20-24,-5.7
2017,51770,정선군,F,20-24,-11.0
2018,51770,정선군,F,20-24,-7.1
2019,51770,정선군,F,20-24,-9.6
2020,51770,정선군,F,20-24,-12.7
2021,51770,정선군,F,20-24,-13.7
2022,51770,정선군,F,20-24,-14.0
2023,51770,정선군,F,20-24,-12.0
2024,51770,정선군,F,20-24,-13.6
2025,51770,정선군,F,20-24,2.6
2015,51770,정선군,F,25-29,-7.7
2016,51770,정선군,F,25-29,-8.9
2017,51770,정선군,F,25-29,-7.6
2018,51770,정선군,F,25-29,-10.8
2019,51770,정선군,F,25-29,-3.2
2020,51770,정선군,F,25-29,-9.7
2021,51770,정선군,F,25-29,-12.9
2022,51770,정선군,F,25-29,-9.5
2023,51770,정선군,F,25-29,-9.1
2024,51770,정선군,F,25-29,-1.8
2025,51770,정선군,F,25-29,18.1
2015,51770,정선군,F,30-34,-4.7
2016,51770,정선군,F,30-34,-5.0
2017,51770,정선군,F,30-34,-5.7
2018,51770,정선군,F,30-34,-4.7
2019,51770,정선군,F,30-34,-1.7
2020,51770,정선군,F,30-34,-6.2
2021,51770,정선군,F,30-34,-5.2
2022,51770,정선군,F,30-34,-4.5
2023,51770,정선군,F,30-34,-1.5
2024,51770,정선군,F,30-34,-2.1
2025,51770,정선군,F,30-34,7.7
2015,51780,철원군,M,20-24,47.6
2016,51780,철원군,M,20-24,1.6
2017,51780,철원군,M,20-24,6.6
2018,51780,철원군,M,20-24,8.7
2019,51780,철원군,M,20-24,0.6
2020,51780,철원군,M,20-24,0.9
2021,51780,철원군,M,20-24,-4.5
2022,51780,철원군,M,20-24,-2.3
2023,51780,철원군,M,20-24,4.1
2024,51780,철원군,M,20-24,-1.5
2025,51780,철원군,M,20-24,10.0
2015,51780,철원군,M,25-29,7.0
2016,51780,철원군,M,25-29,-14.4
2017,51780,철원군,M,25-29,-16.6
2018,51780,철원군,M,25-29,-16.6
2019,51780,철원군,M,25-29,-19.4
2020,51780,철원군,M,25-29,-11.6
2021,51780,철원군,M,25-29,-12.0
2022,51780,철원군,M,25-29,-9.6
2023,51780,철원군,M,25-29,-4.8
2024,51780,철원군,M,25-29,-9.9
2025,51780,철원군,M,25-29,-1.7
2015,51780,철원군,M,30-34,-2.8
2016,51780,철원군,M,30-34,-5.6
2017,51780,철원군,M,30-34,-5.4
2018,51780,철원군,M,30-34,-6.9
2019,51780,철원군,M,30-34,-5.5
2020,51780,철원군,M,30-34,-9.4
2021,51780,철원군,M,30-34,-6.9
2022,51780,철원군,M,30-34,-4.7
2023,51780,철원군,M,30-34,-7.3
2024,51780,철원군,M,30-34,-8.5
2025,51780,철원군,M,30-34,-4.0
2015,51780,철원군,F,20-24,1.6
2016,51780,철원군,F,20-24,-5.4
2017,51780,철원군,F,20-24,-2.4
2018,51780,철원군,F,20-24,-5.8
2019,51780,철원군,F,20-24,-6.7
2020,51780,철원군,F,20-24,-6.8
2021,51780,철원군,F,20-24,-12.1
2022,51780,철원군,F,20-24,-7.7
2023,51780,철원군,F,20-24,-7.3
2024,51780,철원군,F,20-24,-11.3
2025,51780,철원군,F,20-24,-5.2
2015,51780,철원군,F,25-29,3.4
2016,51780,철원군,F,25-29,0.8
2017,51780,철원군,F,25-29,-2.0
2018,51780,철원군,F,25-29,-2.2
2019,51780,철원군,F,25-29,-1.6
2020,51780,철원군,F,25-29,-2.2
2021,51780,철원군,F,25-29,-5.9
2022,51780,철원군,F,25-29,-4.3
2023,51780,철원군,F,25-29,-0.6
2024,51780,철원군,F,25-29,2.6
2025,51780,철원군,F,25-29,-0.7
2015,51780,철원군,F,30-34,-0.5
2016,51780,철원군,F,30-34,-2.9
2017,51780,철원군,F,30-34,-1.5
2018,51780,철원군,F,30-34,-3.1
2019,51780,철원군,F,30-34,2.5
2020,51780,철원군,F,30-34,-3.2
2021,51780,철원군,F,30-34,-1.0
2022,51780,철원군,F,30-34,-1.3
2023,51780,철원군,F,30-34,-4.8
2024,51780,철원군,F,30-34,-4.8
2025,51780,철원군,F,30-34,-1.5
2015,51790,화천군,M,20-24,16.3
2016,51790,화천군,M,20-24,0.7
2017,51790,화천군,M,20-24,10.0
2018,51790,화천군,M,20-24,-4.5
2019,51790,화천군,M,20-24,16.8
2020,51790,화천군,M,20-24,18.1
2021,51790,화천군,M,20-24,5.2
2022,51790,화천군,M,20-24,-1.7
2023,51790,화천군,M,20-24,11.8
2024,51790,화천군,M,20-24,11.5
2025,51790,화천군,M,20-24,8.2
2015,51790,화천군,M,25-29,-13.8
2016,51790,화천군,M,25-29,-23.3
2017,51790,화천군,M,25-29,-20.8
2018,51790,화천군,M,25-29,-22.1
2019,51790,화천군,M,25-29,-15.0
2020,51790,화천군,M,25-29,-9.1
2021,51790,화천군,M,25-29,-13.7
2022,51790,화천군,M,25-29,-17.1
2023,51790,화천군,M,25-29,-11.7
2024,51790,화천군,M,25-29,-6.1
2025,51790,화천군,M,25-29,-3.6
2015,51790,화천군,M,30-34,-6.8
2016,51790,화천군,M,30-34,-11.6
2017,51790,화천군,M,30-34,-8.1
2018,51790,화천군,M,30-34,-11.3
2019,51790,화천군,M,30-34,-6.9
2020,51790,화천군,M,30-34,-5.1
2021,51790,화천군,M,30-34,-9.3
2022,51790,화천군,M,30-34,-14.7
2023,51790,화천군,M,30-34,-9.7
2024,51790,화천군,M,30-34,-9.8
2025,51790,화천군,M,30-34,-9.3
2015,51790,화천군,F,20-24,-1.9
2016,51790,화천군,F,20-24,-1.7
2017,51790,화천군,F,20-24,1.7
2018,51790,화천군,F,20-24,-3.8
2019,51790,화천군,F,20-24,-1.5
2020,51790,화천군,F,20-24,-0.2
2021,51790,화천군,F,20-24,-0.4
2022,51790,화천군,F,20-24,-2.7
2023,51790,화천군,F,20-24,0.6
2024,51790,화천군,F,20-24,0.2
2025,51790,화천군,F,20-24,-0.9
2015,51790,화천군,F,25-29,3.1
2016,51790,화천군,F,25-29,1.4
2017,51790,화천군,F,25-29,0.0
2018,51790,화천군,F,25-29,-6.9
2019,51790,화천군,F,25-29,-1.3
2020,51790,화천군,F,25-29,-4.9
2021,51790,화천군,F,25-29,-8.5
2022,51790,화천군,F,25-29,-3.2
2023,51790,화천군,F,25-29,-5.5
2024,51790,화천군,F,25-29,-4.3
2025,51790,화천군,F,25-29,4.8
2015,51790,화천군,F,30-34,-5.5
2016,51790,화천군,F,30-34,-5.1
2017,51790,화천군,F,30-34,1.7
2018,51790,화천군,F,30-34,-5.1
2019,51790,화천군,F,30-34,-5.8
2020,51790,화천군,F,30-34,-5.8
2021,51790,화천군,F,30-34,-6.6
2022,51790,화천군,F,30-34,-4.5
2023,51790,화천군,F,30-34,-2.0
2024,51790,화천군,F,30-34,-6.2
2025,51790,화천군,F,30-34,-5.4
2015,51800,양구군,M,20-24,22.8
2016,51800,양구군,M,20-24,12.6
2017,51800,양구군,M,20-24,6.5
2018,51800,양구군,M,20-24,2.8
2019,51800,양구군,M,20-24,3.3
2020,51800,양구군,M,20-24,12.6
2021,51800,양구군,M,20-24,-0.7
2022,51800,양구군,M,20-24,1.6
2023,51800,양구군,M,20-24,1.1
2024,51800,양구군,M,20-24,0.3
2025,51800,양구군,M,20-24,8.5
2015,51800,양구군,M,25-29,-7.0
2016,51800,양구군,M,25-29,-10.5
2017,51800,양구군,M,25-29,-16.4
2018,51800,양구군,M,25-29,-15.4
2019,51800,양구군,M,25-29,-18.7
2020,51800,양구군,M,25-29,-12.6
2021,51800,양구군,M,25-29,-15.0
2022,51800,양구군,M,25-29,-13.4
2023,51800,양구군,M,25-29,-7.9
2024,51800,양구군,M,25-29,-9.5
2025,51800,양구군,M,25-29,-0.4
2015,51800,양구군,M,30-34,-7.8
2016,51800,양구군,M,30-34,-6.4
2017,51800,양구군,M,30-34,-5.5
2018,51800,양구군,M,30-34,-6.7
2019,51800,양구군,M,30-34,-8.7
2020,51800,양구군,M,30-34,-10.9
2021,51800,양구군,M,30-34,-9.1
2022,51800,양구군,M,30-34,-7.3
2023,51800,양구군,M,30-34,-9.1
2024,51800,양구군,M,30-34,-8.2
2025,51800,양구군,M,30-34,-4.8
2015,51800,양구군,F,20-24,1.2
2016,51800,양구군,F,20-24,1.0
2017,51800,양구군,F,20-24,0.0
2018,51800,양구군,F,20-24,-6.0
2019,51800,양구군,F,20-24,-7.0
2020,51800,양구군,F,20-24,-3.6
2021,51800,양구군,F,20-24,-5.9
2022,51800,양구군,F,20-24,-1.8
2023,51800,양구군,F,20-24,-7.4
2024,51800,양구군,F,20-24,-2.1
2025,51800,양구군,F,20-24,-0.8
2015,51800,양구군,F,25-29,-2.3
2016,51800,양구군,F,25-29,-4.8
2017,51800,양구군,F,25-29,-1.6
2018,51800,양구군,F,25-29,1.0
2019,51800,양구군,F,25-29,-7.2
2020,51800,양구군,F,25-29,-0.7
2021,51800,양구군,F,25-29,-0.6
2022,51800,양구군,F,25-29,-0.8
2023,51800,양구군,F,25-29,-0.4
2024,51800,양구군,F,25-29,-2.4
2025,51800,양구군,F,25-29,-7.3
2015,51800,양구군,F,30-34,3.7
2016,51800,양구군,F,30-34,-4.4
2017,51800,양구군,F,30-34,-2.6
2018,51800,양구군,F,30-34,-1.9
2019,51800,양구군,F,30-34,-4.9
2020,51800,양구군,F,30-34,-5.7
2021,51800,양구군,F,30-34,-5.1
2022,51800,양구군,F,30-34,-4.0
2023,51800,양구군,F,30-34,-4.1
2024,51800,양구군,F,30-34,-2.8
2025,51800,양구군,F,30-34,-4.2
2015,51810,인제군,M,20-24,41.2
2016,51810,인제군,M,20-24,-0.8
2017,51810,인제군,M,20-24,6.8
2018,51810,인제군,M,20-24,9.7
2019,51810,인제군,M,20-24,11.4
2020,51810,인제군,M,20-24,8.2
2021,51810,인제군,M,20-24,20.0
2022,51810,인제군,M,20-24,7.1
2023,51810,인제군,M,20-24,8.9
2024,51810,인제군,M,20-24,6.2
2025,51810,인제군,M,20-24,4.1
2015,51810,인제군,M,25-29,9.9
2016,51810,인제군,M,25-29,-14.0
2017,51810,인제군,M,25-29,-9.2
2018,51810,인제군,M,25-29,-11.2
2019,51810,인제군,M,25-29,-8.9
2020,51810,인제군,M,25-29,-7.6
2021,51810,인제군,M,25-29,1.1
2022,51810,인제군,M,25-29,-0.3
2023,51810,인제군,M,25-29,-3.9
2024,51810,인제군,M,25-29,-6.6
2025,51810,인제군,M,25-29,-6.0
2015,51810,인제군,M,30-34,-1.6
2016,51810,인제군,M,30-34,-1.6
2017,51810,인제군,M,30-34,-1.3
2018,51810,인제군,M,30-34,-5.3
2019,51810,인제군,M,30-34,-5.7
2020,51810,인제군,M,30-34,-1.9
2021,51810,인제군,M,30-34,0.1
2022,51810,인제군,M,30-34,-0.7
2023,51810,인제군,M,30-34,-5.3
2024,51810,인제군,M,30-34,-4.4
2025,51810,인제군,M,30-34,-3.8
2015,51810,인제군,F,20-24,-1.3
2016,51810,인제군,F,20-24,-4.4
2017,51810,인제군,F,20-24,-2.7
2018,51810,인제군,F,20-24,-5.5
2019,51810,인제군,F,20-24,-7.7
2020,51810,인제군,F,20-24,-6.1
2021,51810,인제군,F,20-24,4.9
2022,51810,인제군,F,20-24,-7.2
2023,51810,인제군,F,20-24,-0.5
2024,51810,인제군,F,20-24,-5.0
2025,51810,인제군,F,20-24,-10.0
2015,51810,인제군,F,25-29,4.8
2016,51810,인제군,F,25-29,-0.4
2017,51810,인제군,F,25-29,5.4
2018,51810,인제군,F,25-29,-0.9
2019,51810,인제군,F,25-29,-0.8
2020,51810,인제군,F,25-29,7.8
2021,51810,인제군,F,25-29,4.9
2022,51810,인제군,F,25-29,2.0
2023,51810,인제군,F,25-29,1.8
2024,51810,인제군,F,25-29,1.4
2025,51810,인제군,F,25-29,-1.1
2015,51810,인제군,F,30-34,0.3
2016,51810,인제군,F,30-34,-0.9
2017,51810,인제군,F,30-34,2.9
2018,51810,인제군,F,30-34,-6.2
2019,51810,인제군,F,30-34,-1.7
2020,51810,인제군,F,30-34,1.3
2021,51810,인제군,F,30-34,3.2
2022,51810,인제군,F,30-34,0.5
2023,51810,인제군,F,30-34,-0.6
2024,51810,인제군,F,30-34,-3.2
2025,51810,인제군,F,30-34,0.1
2015,51820,고성군,M,20-24,5.5
2016,51820,고성군,M,20-24,2.7
2017,51820,고성군,M,20-24,6.8
2018,51820,고성군,M,20-24,-13.0
2019,51820,고성군,M,20-24,-12.8
2020,51820,고성군,M,20-24,-1.2
2021,51820,고성군,M,20-24,1.4
2022,51820,고성군,M,20-24,2.1
2023,51820,고성군,M,20-24,4.4
2024,51820,고성군,M,20-24,-2.1
2025,51820,고성군,M,20-24,2.0
2015,51820,고성군,M,25-29,-22.7
2016,51820,고성군,M,25-29,-18.6
2017,51820,고성군,M,25-29,-16.6
2018,51820,고성군,M,25-29,-30.1
2019,51820,고성군,M,25-29,-22.1
2020,51820,고성군,M,25-29,-18.3
2021,51820,고성군,M,25-29,-9.9
2022,51820,고성군,M,25-29,-3.5
2023,51820,고성군,M,25-29,-7.6
2024,51820,고성군,M,25-29,-6.3
2025,51820,고성군,M,25-29,-2.2
2015,51820,고성군,M,30-34,-6.6
2016,51820,고성군,M,30-34,-7.4
2017,51820,고성군,M,30-34,-7.0
2018,51820,고성군,M,30-34,-11.9
2019,51820,고성군,M,30-34,-6.6
2020,51820,고성군,M,30-34,-9.9
2021,51820,고성군,M,30-34,0.2
2022,51820,고성군,M,30-34,-4.3
2023,51820,고성군,M,30-34,1.2
2024,51820,고성군,M,30-34,-2.9
2025,51820,고성군,M,30-34,-3.7
2015,51820,고성군,F,20-24,-13.5
2016,51820,고성군,F,20-24,-4.0
2017,51820,고성군,F,20-24,-2.2
2018,51820,고성군,F,20-24,-18.9
2019,51820,고성군,F,20-24,-10.5
2020,51820,고성군,F,20-24,-12.9
2021,51820,고성군,F,20-24,-9.3
2022,51820,고성군,F,20-24,-0.6
2023,51820,고성군,F,20-24,1.3
2024,51820,고성군,F,20-24,-8.9
2025,51820,고성군,F,20-24,-5.6
2015,51820,고성군,F,25-29,-2.8
2016,51820,고성군,F,25-29,-3.4
2017,51820,고성군,F,25-29,-8.6
2018,51820,고성군,F,25-29,-13.3
2019,51820,고성군,F,25-29,-13.2
2020,51820,고성군,F,25-29,-9.4
2021,51820,고성군,F,25-29,-5.4
2022,51820,고성군,F,25-29,0.4
2023,51820,고성군,F,25-29,2.7
2024,51820,고성군,F,25-29,-1.0
2025,51820,고성군,F,25-29,-2.3
2015,51820,고성군,F,30-34,-5.3
2016,51820,고성군,F,30-34,-2.1
2017,51820,고성군,F,30-34,-0.8
2018,51820,고성군,F,30-34,-5.4
2019,51820,고성군,F,30-34,-6.1
2020,51820,고성군,F,30-34,-0.9
2021,51820,고성군,F,30-34,9.4
2022,51820,고성군,F,30-34,3.1
2023,51820,고성군,F,30-34,2.9
2024,51820,고성군,F,30-34,2.8
2025,51820,고성군,F,30-34,1.2
2015,51830,양양군,M,20-24,1.9
2016,51830,양양군,M,20-24,-2.1
2017,51830,양양군,M,20-24,-5.1
2018,51830,양양군,M,20-24,-5.8
2019,51830,양양군,M,20-24,-0.8
2020,51830,양양군,M,20-24,-0.8
2021,51830,양양군,M,20-24,-0.1
2022,51830,양양군,M,20-24,-6.5
2023,51830,양양군,M,20-24,-3.1
2024,51830,양양군,M,20-24,-1.9
2025,51830,양양군,M,20-24,-2.6
2015,51830,양양군,M,25-29,-6.0
2016,51830,양양군,M,25-29,-9.1
2017,51830,양양군,M,25-29,-6.2
2018,51830,양양군,M,25-29,-9.4
2019,51830,양양군,M,25-29,-7.0
2020,51830,양양군,M,25-29,-0.2
2021,51830,양양군,M,25-29,-5.4
2022,51830,양양군,M,25-29,-5.4
2023,51830,양양군,M,25-29,1.5
2024,51830,양양군,M,25-29,-6.3
2025,51830,양양군,M,25-29,-4.7
2015,51830,양양군,M,30-34,-4.2
2016,51830,양양군,M,30-34,-0.9
2017,51830,양양군,M,30-34,-1.3
2018,51830,양양군,M,30-34,0.9
2019,51830,양양군,M,30-34,0.9
2020,51830,양양군,M,30-34,2.0
2021,51830,양양군,M,30-34,-6.7
2022,51830,양양군,M,30-34,0.4
2023,51830,양양군,M,30-34,0.7
2024,51830,양양군,M,30-34,-5.0
2025,51830,양양군,M,30-34,-1.1
2015,51830,양양군,F,20-24,-6.7
2016,51830,양양군,F,20-24,-8.2
2017,51830,양양군,F,20-24,-8.0
2018,51830,양양군,F,20-24,-3.3
2019,51830,양양군,F,20-24,-2.8
2020,51830,양양군,F,20-24,-7.5
2021,51830,양양군,F,20-24,-11.8
2022,51830,양양군,F,20-24,-11.2
2023,51830,양양군,F,20-24,-9.2
2024,51830,양양군,F,20-24,-11.2
2025,51830,양양군,F,20-24,-8.5
2015,51830,양양군,F,25-29,-3.0
2016,51830,양양군,F,25-29,-3.0
2017,51830,양양군,F,25-29,-3.6
2018,51830,양양군,F,25-29,-5.6
2019,51830,양양군,F,25-29,-7.3
2020,51830,양양군,F,25-29,2.4
2021,51830,양양군,F,25-29,-6.5
2022,51830,양양군,F,25-29,1.7
2023,51830,양양군,F,25-29,-3.6
2024,51830,양양군,F,25-29,-5.0
2025,51830,양양군,F,25-29,-1.3
2015,51830,양양군,F,30-34,-2.9
2016,51830,양양군,F,30-34,-1.8
2017,51830,양양군,F,30-34,-2.1
2018,51830,양양군,F,30-34,0.7
2019,51830,양양군,F,30-34,7.4
2020,51830,양양군,F,30-34,4.9
2021,51830,양양군,F,30-34,0.2
2022,51830,양양군,F,30-34,2.7
2023,51830,양양군,F,30-34,0.9
2024,51830,양양군,F,30-34,-0.5
2025,51830,양양군,F,30-34,2.0
2015,52,전북특별자치도,M,20-24,-2.2
2016,52,전북특별자치도,M,20-24,-2.3
2017,52,전북특별자치도,M,20-24,-1.9
2018,52,전북특별자치도,M,20-24,-3.1
2019,52,전북특별자치도,M,20-24,-3.3
2020,52,전북특별자치도,M,20-24,-3.2
2021,52,전북특별자치도,M,20-24,-2.9
2022,52,전북특별자치도,M,20-24,-3.1
2023,52,전북특별자치도,M,20-24,-3.1
2024,52,전북특별자치도,M,20-24,-3.1
2025,52,전북특별자치도,M,20-24,-2.7
2015,52,전북특별자치도,M,25-29,-3.6
2016,52,전북특별자치도,M,25-29,-3.7
2017,52,전북특별자치도,M,25-29,-4.3
2018,52,전북특별자치도,M,25-29,-4.9
2019,52,전북특별자치도,M,25-29,-4.8
2020,52,전북특별자치도,M,25-29,-4.0
2021,52,전북특별자치도,M,25-29,-3.2
2022,52,전북특별자치도,M,25-29,-3.8
2023,52,전북특별자치도,M,25-29,-3.0
2024,52,전북특별자치도,M,25-29,-3.4
2025,52,전북특별자치도,M,25-29,-3.3
2015,52,전북특별자치도,M,30-34,-0.8
2016,52,전북특별자치도,M,30-34,-1.1
2017,52,전북특별자치도,M,30-34,-1.6
2018,52,전북특별자치도,M,30-34,-2.4
2019,52,전북특별자치도,M,30-34,-2.0
2020,52,전북특별자치도,M,30-34,-1.5
2021,52,전북특별자치도,M,30-34,-0.8
2022,52,전북특별자치도,M,30-34,-0.9
2023,52,전북특별자치도,M,30-34,-0.7
2024,52,전북특별자치도,M,30-34,-0.8
2025,52,전북특별자치도,M,30-34,-0.9
2015,52,전북특별자치도,F,20-24,-3.0
2016,52,전북특별자치도,F,20-24,-3.7
2017,52,전북특별자치도,F,20-24,-3.7
2018,52,전북특별자치도,F,20-24,-5.3
2019,52,전북특별자치도,F,20-24,-6.0
2020,52,전북특별자치도,F,20-24,-6.0
2021,52,전북특별자치도,F,20-24,-5.3
2022,52,전북특별자치도,F,20-24,-5.8
2023,52,전북특별자치도,F,20-24,-4.9
2024,52,전북특별자치도,F,20-24,-5.8
2025,52,전북특별자치도,F,20-24,-4.2
2015,52,전북특별자치도,F,25-29,-2.8
2016,52,전북특별자치도,F,25-29,-3.2
2017,52,전북특별자치도,F,25-29,-3.3
2018,52,전북특별자치도,F,25-29,-4.3
2019,52,전북특별자치도,F,25-29,-4.1
2020,52,전북특별자치도,F,25-29,-3.7
2021,52,전북특별자치도,F,25-29,-2.6
2022,52,전북특별자치도,F,25-29,-2.2
2023,52,전북특별자치도,F,25-29,-2.2
2024,52,전북특별자치도,F,25-29,-2.7
2025,52,전북특별자치도,F,25-29,-2.3
2015,52,전북특별자치도,F,30-34,-0.1
2016,52,전북특별자치도,F,30-34,-0.2
2017,52,전북특별자치도,F,30-34,-0.9
2018,52,전북특별자치도,F,30-34,-1.6
2019,52,전북특별자치도,F,30-34,-1.4
2020,52,전북특별자치도,F,30-34,-1.2
2021,52,전북특별자치도,F,30-34,-0.7
2022,52,전북특별자치도,F,30-34,-0.7
2023,52,전북특별자치도,F,30-34,-0.8
2024,52,전북특별자치도,F,30-34,-0.5
2025,52,전북특별자치도,F,30-34,-0.4
2015,52110,전주시,M,20-24,-1.8
2016,52110,전주시,M,20-24,-2.0
2017,52110,전주시,M,20-24,-1.6
2018,52110,전주시,M,20-24,-0.9
2019,52110,전주시,M,20-24,-0.1
2020,52110,전주시,M,20-24,-0.6
2021,52110,전주시,M,20-24,0.0
2022,52110,전주시,M,20-24,-1.3
2023,52110,전주시,M,20-24,-1.6
2024,52110,전주시,M,20-24,-0.5
2025,52110,전주시,M,20-24,-0.5
2015,52110,전주시,M,25-29,-2.1
2016,52110,전주시,M,25-29,-3.2
2017,52110,전주시,M,25-29,-3.0
2018,52110,전주시,M,25-29,-2.2
2019,52110,전주시,M,25-29,-1.6
2020,52110,전주시,M,25-29,-1.9
2021,52110,전주시,M,25-29,-0.2
2022,52110,전주시,M,25-29,-3.6
2023,52110,전주시,M,25-29,-4.2
2024,52110,전주시,M,25-29,-4.3
2025,52110,전주시,M,25-29,-5.3
2015,52110,전주시,M,30-34,-0.6
2016,52110,전주시,M,30-34,-0.6
2017,52110,전주시,M,30-34,-1.1
2018,52110,전주시,M,30-34,0.5
2019,52110,전주시,M,30-34,1.2
2020,52110,전주시,M,30-34,1.1
2021,52110,전주시,M,30-34,1.0
2022,52110,전주시,M,30-34,-0.6
2023,52110,전주시,M,30-34,-2.3
2024,52110,전주시,M,30-34,-2.4
2025,52110,전주시,M,30-34,-3.0
2015,52110,전주시,F,20-24,-2.1
2016,52110,전주시,F,20-24,-2.2
2017,52110,전주시,F,20-24,-2.5
2018,52110,전주시,F,20-24,-2.1
2019,52110,전주시,F,20-24,-2.8
2020,52110,전주시,F,20-24,-1.6
2021,52110,전주시,F,20-24,-1.4
2022,52110,전주시,F,20-24,-2.9
2023,52110,전주시,F,20-24,-2.4
2024,52110,전주시,F,20-24,-2.4
2025,52110,전주시,F,20-24,-2.9
2015,52110,전주시,F,25-29,-2.4
2016,52110,전주시,F,25-29,-2.6
2017,52110,전주시,F,25-29,-2.8
2018,52110,전주시,F,25-29,-1.7
2019,52110,전주시,F,25-29,-1.3
2020,52110,전주시,F,25-29,-0.3
2021,52110,전주시,F,25-29,-0.3
2022,52110,전주시,F,25-29,-2.1
2023,52110,전주시,F,25-29,-3.2
2024,52110,전주시,F,25-29,-3.9
2025,52110,전주시,F,25-29,-4.1
2015,52110,전주시,F,30-34,-0.3
2016,52110,전주시,F,30-34,0.0
2017,52110,전주시,F,30-34,-1.2
2018,52110,전주시,F,30-34,0.3
2019,52110,전주시,F,30-34,0.8
2020,52110,전주시,F,30-34,1.8
2021,52110,전주시,F,30-34,1.1
2022,52110,전주시,F,30-34,-1.8
2023,52110,전주시,F,30-34,-3.1
2024,52110,전주시,F,30-34,-2.1
2025,52110,전주시,F,30-34,-3.3
2015,52130,군산시,M,20-24,-2.3
2016,52130,군산시,M,20-24,-2.6
2017,52130,군산시,M,20-24,-3.7
2018,52130,군산시,M,20-24,-3.2
2019,52130,군산시,M,20-24,-3.6
2020,52130,군산시,M,20-24,-3.1
2021,52130,군산시,M,20-24,-3.6
2022,52130,군산시,M,20-24,-4.9
2023,52130,군산시,M,20-24,-4.2
2024,52130,군산시,M,20-24,-3.8
2025,52130,군산시,M,20-24,-3.9
2015,52130,군산시,M,25-29,-2.0
2016,52130,군산시,M,25-29,-3.0
2017,52130,군산시,M,25-29,-5.6
2018,52130,군산시,M,25-29,-4.4
2019,52130,군산시,M,25-29,-2.4
2020,52130,군산시,M,25-29,-2.1
2021,52130,군산시,M,25-29,-2.1
2022,52130,군산시,M,25-29,-2.0
2023,52130,군산시,M,25-29,-2.2
2024,52130,군산시,M,25-29,-1.4
2025,52130,군산시,M,25-29,-1.5
2015,52130,군산시,M,30-34,-0.3
2016,52130,군산시,M,30-34,-0.7
2017,52130,군산시,M,30-34,-2.5
2018,52130,군산시,M,30-34,-1.6
2019,52130,군산시,M,30-34,-1.9
2020,52130,군산시,M,30-34,-0.8
2021,52130,군산시,M,30-34,-0.3
2022,52130,군산시,M,30-34,-1.3
2023,52130,군산시,M,30-34,-0.5
2024,52130,군산시,M,30-34,0.3
2025,52130,군산시,M,30-34,-0.3
2015,52130,군산시,F,20-24,-2.4
2016,52130,군산시,F,20-24,-4.9
2017,52130,군산시,F,20-24,-5.0
2018,52130,군산시,F,20-24,-6.3
2019,52130,군산시,F,20-24,-6.0
2020,52130,군산시,F,20-24,-6.9
2021,52130,군산시,F,20-24,-7.3
2022,52130,군산시,F,20-24,-7.9
2023,52130,군산시,F,20-24,-6.8
2024,52130,군산시,F,20-24,-7.4
2025,52130,군산시,F,20-24,-5.4
2015,52130,군산시,F,25-29,-1.0
2016,52130,군산시,F,25-29,-1.6
2017,52130,군산시,F,25-29,-2.0
2018,52130,군산시,F,25-29,-2.8
2019,52130,군산시,F,25-29,-2.9
2020,52130,군산시,F,25-29,-3.0
2021,52130,군산시,F,25-29,-2.4
2022,52130,군산시,F,25-29,-2.1
2023,52130,군산시,F,25-29,-2.2
2024,52130,군산시,F,25-29,-1.5
2025,52130,군산시,F,25-29,-2.3
2015,52130,군산시,F,30-34,0.9
2016,52130,군산시,F,30-34,0.8
2017,52130,군산시,F,30-34,-1.8
2018,52130,군산시,F,30-34,-1.1
2019,52130,군산시,F,30-34,-0.3
2020,52130,군산시,F,30-34,-0.6
2021,52130,군산시,F,30-34,-0.3
2022,52130,군산시,F,30-34,-0.6
2023,52130,군산시,F,30-34,-0.8
2024,52130,군산시,F,30-34,1.0
2025,52130,군산시,F,30-34,0.6
2015,52140,익산시,M,20-24,-2.9
2016,52140,익산시,M,20-24,-1.8
2017,52140,익산시,M,20-24,2.9
2018,52140,익산시,M,20-24,-4.6
2019,52140,익산시,M,20-24,-4.1
2020,52140,익산시,M,20-24,-3.4
2021,52140,익산시,M,20-24,-3.6
2022,52140,익산시,M,20-24,-2.3
2023,52140,익산시,M,20-24,-3.4
2024,52140,익산시,M,20-24,-4.3
2025,52140,익산시,M,20-24,-2.6
2015,52140,익산시,M,25-29,-6.5
2016,52140,익산시,M,25-29,-4.6
2017,52140,익산시,M,25-29,-3.3
2018,52140,익산시,M,25-29,-7.7
2019,52140,익산시,M,25-29,-8.2
2020,52140,익산시,M,25-29,-8.0
2021,52140,익산시,M,25-29,-6.6
2022,52140,익산시,M,25-29,-5.9
2023,52140,익산시,M,25-29,-4.5
2024,52140,익산시,M,25-29,-3.7
2025,52140,익산시,M,25-29,-3.8
2015,52140,익산시,M,30-34,-2.6
2016,52140,익산시,M,30-34,-2.2
2017,52140,익산시,M,30-34,-2.1
2018,52140,익산시,M,30-34,-5.2
2019,52140,익산시,M,30-34,-4.9
2020,52140,익산시,M,30-34,-5.6
2021,52140,익산시,M,30-34,-2.9
2022,52140,익산시,M,30-34,-3.4
2023,52140,익산시,M,30-34,-2.4
2024,52140,익산시,M,30-34,0.3
2025,52140,익산시,M,30-34,0.5
2015,52140,익산시,F,20-24,-4.3
2016,52140,익산시,F,20-24,-3.6
2017,52140,익산시,F,20-24,-0.3
2018,52140,익산시,F,20-24,-7.1
2019,52140,익산시,F,20-24,-7.6
2020,52140,익산시,F,20-24,-7.5
2021,52140,익산시,F,20-24,-6.9
2022,52140,익산시,F,20-24,-6.8
2023,52140,익산시,F,20-24,-6.2
2024,52140,익산시,F,20-24,-8.6
2025,52140,익산시,F,20-24,-4.1
2015,52140,익산시,F,25-29,-3.5
2016,52140,익산시,F,25-29,-4.8
2017,52140,익산시,F,25-29,-3.8
2018,52140,익산시,F,25-29,-7.4
2019,52140,익산시,F,25-29,-7.8
2020,52140,익산시,F,25-29,-7.7
2021,52140,익산시,F,25-29,-3.5
2022,52140,익산시,F,25-29,-4.8
2023,52140,익산시,F,25-29,-4.2
2024,52140,익산시,F,25-29,-3.7
2025,52140,익산시,F,25-29,-2.0
2015,52140,익산시,F,30-34,-0.8
2016,52140,익산시,F,30-34,-1.4
2017,52140,익산시,F,30-34,-0.1
2018,52140,익산시,F,30-34,-4.3
2019,52140,익산시,F,30-34,-4.4
2020,52140,익산시,F,30-34,-5.3
2021,52140,익산시,F,30-34,-2.0
2022,52140,익산시,F,30-34,-1.6
2023,52140,익산시,F,30-34,-1.5
2024,52140,익산시,F,30-34,0.4
2025,52140,익산시,F,30-34,1.3
2015,52180,정읍시,M,20-24,-5.0
2016,52180,정읍시,M,20-24,-3.0
2017,52180,정읍시,M,20-24,-5.9
2018,52180,정읍시,M,20-24,-5.7
2019,52180,정읍시,M,20-24,-6.5
2020,52180,정읍시,M,20-24,-5.0
2021,52180,정읍시,M,20-24,-5.9
2022,52180,정읍시,M,20-24,-6.7
2023,52180,정읍시,M,20-24,-8.8
2024,52180,정읍시,M,20-24,-7.3
2025,52180,정읍시,M,20-24,-7.2
2015,52180,정읍시,M,25-29,-7.7
2016,52180,정읍시,M,25-29,-4.7
2017,52180,정읍시,M,25-29,-7.0
2018,52180,정읍시,M,25-29,-7.3
2019,52180,정읍시,M,25-29,-6.6
2020,52180,정읍시,M,25-29,-8.0
2021,52180,정읍시,M,25-29,-4.8
2022,52180,정읍시,M,25-29,-4.4
2023,52180,정읍시,M,25-29,-4.0
2024,52180,정읍시,M,25-29,-3.5
2025,52180,정읍시,M,25-29,-1.8
2015,52180,정읍시,M,30-34,-2.8
2016,52180,정읍시,M,30-34,-0.7
2017,52180,정읍시,M,30-34,-0.9
2018,52180,정읍시,M,30-34,-2.6
2019,52180,정읍시,M,30-34,-2.7
2020,52180,정읍시,M,30-34,-3.8
2021,52180,정읍시,M,30-34,-3.2
2022,52180,정읍시,M,30-34,-1.2
2023,52180,정읍시,M,30-34,-1.9
2024,52180,정읍시,M,30-34,-0.7
2025,52180,정읍시,M,30-34,0.5
2015,52180,정읍시,F,20-24,-7.7
2016,52180,정읍시,F,20-24,-6.6
2017,52180,정읍시,F,20-24,-7.2
2018,52180,정읍시,F,20-24,-8.4
2019,52180,정읍시,F,20-24,-10.3
2020,52180,정읍시,F,20-24,-11.7
2021,52180,정읍시,F,20-24,-9.9
2022,52180,정읍시,F,20-24,-10.7
2023,52180,정읍시,F,20-24,-11.2
2024,52180,정읍시,F,20-24,-12.3
2025,52180,정읍시,F,20-24,-7.7
2015,52180,정읍시,F,25-29,-7.3
2016,52180,정읍시,F,25-29,-4.9
2017,52180,정읍시,F,25-29,-5.7
2018,52180,정읍시,F,25-29,-6.3
2019,52180,정읍시,F,25-29,-8.1
2020,52180,정읍시,F,25-29,-6.3
2021,52180,정읍시,F,25-29,-8.3
2022,52180,정읍시,F,25-29,-1.9
2023,52180,정읍시,F,25-29,-1.9
2024,52180,정읍시,F,25-29,-4.1
2025,52180,정읍시,F,25-29,-0.3
2015,52180,정읍시,F,30-34,-2.1
2016,52180,정읍시,F,30-34,-0.5
2017,52180,정읍시,F,30-34,-1.3
2018,52180,정읍시,F,30-34,-3.3
2019,52180,정읍시,F,30-34,-2.1
2020,52180,정읍시,F,30-34,-3.1
2021,52180,정읍시,F,30-34,-2.0
2022,52180,정읍시,F,30-34,-1.1
2023,52180,정읍시,F,30-34,-0.3
2024,52180,정읍시,F,30-34,-1.4
2025,52180,정읍시,F,30-34,1.3
2015,52190,남원시,M,20-24,-3.8
2016,52190,남원시,M,20-24,-4.9
2017,52190,남원시,M,20-24,-6.7
2018,52190,남원시,M,20-24,-5.1
2019,52190,남원시,M,20-24,-7.6
2020,52190,남원시,M,20-24,-7.8
2021,52190,남원시,M,20-24,-8.5
2022,52190,남원시,M,20-24,-10.3
2023,52190,남원시,M,20-24,-10.2
2024,52190,남원시,M,20-24,-9.1
2025,52190,남원시,M,20-24,-11.0
2015,52190,남원시,M,25-29,-8.4
2016,52190,남원시,M,25-29,-7.6
2017,52190,남원시,M,25-29,-5.9
2018,52190,남원시,M,25-29,-6.6
2019,52190,남원시,M,25-29,-9.7
2020,52190,남원시,M,25-29,-2.4
2021,52190,남원시,M,25-29,-7.1
2022,52190,남원시,M,25-29,-8.3
2023,52190,남원시,M,25-29,-4.8
2024,52190,남원시,M,25-29,-4.8
2025,52190,남원시,M,25-29,-2.7
2015,52190,남원시,M,30-34,-3.9
2016,52190,남원시,M,30-34,-0.8
2017,52190,남원시,M,30-34,-0.2
2018,52190,남원시,M,30-34,-5.1
2019,52190,남원시,M,30-34,-3.6
2020,52190,남원시,M,30-34,-0.8
2021,52190,남원시,M,30-34,-3.8
2022,52190,남원시,M,30-34,0.1
2023,52190,남원시,M,30-34,-3.2
2024,52190,남원시,M,30-34,-1.0
2025,52190,남원시,M,30-34,-2.6
2015,52190,남원시,F,20-24,-6.8
2016,52190,남원시,F,20-24,-8.1
2017,52190,남원시,F,20-24,-6.3
2018,52190,남원시,F,20-24,-8.4
2019,52190,남원시,F,20-24,-10.8
2020,52190,남원시,F,20-24,-11.2
2021,52190,남원시,F,20-24,-10.1
2022,52190,남원시,F,20-24,-11.9
2023,52190,남원시,F,20-24,-12.6
2024,52190,남원시,F,20-24,-12.0
2025,52190,남원시,F,20-24,-13.3
2015,52190,남원시,F,25-29,-6.9
2016,52190,남원시,F,25-29,-4.7
2017,52190,남원시,F,25-29,-6.5
2018,52190,남원시,F,25-29,-4.9
2019,52190,남원시,F,25-29,-6.3
2020,52190,남원시,F,25-29,-4.0
2021,52190,남원시,F,25-29,-3.7
2022,52190,남원시,F,25-29,-6.4
2023,52190,남원시,F,25-29,-5.0
2024,52190,남원시,F,25-29,-1.9
2025,52190,남원시,F,25-29,-0.8
2015,52190,남원시,F,30-34,-2.5
2016,52190,남원시,F,30-34,0.0
2017,52190,남원시,F,30-34,0.3
2018,52190,남원시,F,30-34,1.7
2019,52190,남원시,F,30-34,-0.7
2020,52190,남원시,F,30-34,-3.4
2021,52190,남원시,F,30-34,-3.4
2022,52190,남원시,F,30-34,-3.8
2023,52190,남원시,F,30-34,-2.0
2024,52190,남원시,F,30-34,-1.3
2025,52190,남원시,F,30-34,-2.1
2015,52210,김제시,M,20-24,-3.8
2016,52210,김제시,M,20-24,-5.8
2017,52210,김제시,M,20-24,-3.4
2018,52210,김제시,M,20-24,-3.0
2019,52210,김제시,M,20-24,-4.5
2020,52210,김제시,M,20-24,-5.9
2021,52210,김제시,M,20-24,-5.7
2022,52210,김제시,M,20-24,0.5
2023,52210,김제시,M,20-24,0.2
2024,52210,김제시,M,20-24,-4.6
2025,52210,김제시,M,20-24,-1.5
2015,52210,김제시,M,25-29,-7.5
2016,52210,김제시,M,25-29,-5.8
2017,52210,김제시,M,25-29,-5.1
2018,52210,김제시,M,25-29,-6.1
2019,52210,김제시,M,25-29,-8.6
2020,52210,김제시,M,25-29,-7.0
2021,52210,김제시,M,25-29,-5.6
2022,52210,김제시,M,25-29,2.0
2023,52210,김제시,M,25-29,0.9
2024,52210,김제시,M,25-29,-4.7
2025,52210,김제시,M,25-29,1.6
2015,52210,김제시,M,30-34,-2.9
2016,52210,김제시,M,30-34,-1.0
2017,52210,김제시,M,30-34,-4.1
2018,52210,김제시,M,30-34,-4.8
2019,52210,김제시,M,30-34,-4.3
2020,52210,김제시,M,30-34,-4.2
2021,52210,김제시,M,30-34,-1.4
2022,52210,김제시,M,30-34,3.9
2023,52210,김제시,M,30-34,1.9
2024,52210,김제시,M,30-34,0.3
2025,52210,김제시,M,30-34,7.7
2015,52210,김제시,F,20-24,-7.4
2016,52210,김제시,F,20-24,-7.1
2017,52210,김제시,F,20-24,-6.5
2018,52210,김제시,F,20-24,-8.5
2019,52210,김제시,F,20-24,-6.6
2020,52210,김제시,F,20-24,-10.5
2021,52210,김제시,F,20-24,-8.4
2022,52210,김제시,F,20-24,-4.5
2023,52210,김제시,F,20-24,-6.1
2024,52210,김제시,F,20-24,-9.7
2025,52210,김제시,F,20-24,0.2
2015,52210,김제시,F,25-29,-9.1
2016,52210,김제시,F,25-29,-7.4
2017,52210,김제시,F,25-29,-4.8
2018,52210,김제시,F,25-29,-4.8
2019,52210,김제시,F,25-29,-8.5
2020,52210,김제시,F,25-29,-7.6
2021,52210,김제시,F,25-29,-4.3
2022,52210,김제시,F,25-29,4.1
2023,52210,김제시,F,25-29,2.3
2024,52210,김제시,F,25-29,-1.5
2025,52210,김제시,F,25-29,4.4
2015,52210,김제시,F,30-34,-2.5
2016,52210,김제시,F,30-34,-0.7
2017,52210,김제시,F,30-34,-0.3
2018,52210,김제시,F,30-34,-4.4
2019,52210,김제시,F,30-34,-3.1
2020,52210,김제시,F,30-34,-2.0
2021,52210,김제시,F,30-34,-2.2
2022,52210,김제시,F,30-34,8.9
2023,52210,김제시,F,30-34,2.5
2024,52210,김제시,F,30-34,-0.3
2025,52210,김제시,F,30-34,6.3
2015,52710,완주군,M,20-24,7.9
2016,52710,완주군,M,20-24,-1.6
2017,52710,완주군,M,20-24,-2.0
2018,52710,완주군,M,20-24,-1.9
2019,52710,완주군,M,20-24,-5.0
2020,52710,완주군,M,20-24,-5.3
2021,52710,완주군,M,20-24,-2.7
2022,52710,완주군,M,20-24,-2.8
2023,52710,완주군,M,20-24,2.5
2024,52710,완주군,M,20-24,-1.6
2025,52710,완주군,M,20-24,-2.8
2015,52710,완주군,M,25-29,7.5
2016,52710,완주군,M,25-29,-1.8
2017,52710,완주군,M,25-29,-3.3
2018,52710,완주군,M,25-29,-5.3
2019,52710,완주군,M,25-29,-5.7
2020,52710,완주군,M,25-29,0.0
2021,52710,완주군,M,25-29,-1.6
2022,52710,완주군,M,25-29,1.8
2023,52710,완주군,M,25-29,12.9
2024,52710,완주군,M,25-29,3.3
2025,52710,완주군,M,25-29,2.9
2015,52710,완주군,M,30-34,7.8
2016,52710,완주군,M,30-34,0.2
2017,52710,완주군,M,30-34,0.2
2018,52710,완주군,M,30-34,-5.3
2019,52710,완주군,M,30-34,-7.2
2020,52710,완주군,M,30-34,1.0
2021,52710,완주군,M,30-34,0.2
2022,52710,완주군,M,30-34,8.5
2023,52710,완주군,M,30-34,18.2
2024,52710,완주군,M,30-34,6.6
2025,52710,완주군,M,30-34,2.8
2015,52710,완주군,F,20-24,9.0
2016,52710,완주군,F,20-24,-4.7
2017,52710,완주군,F,20-24,-5.3
2018,52710,완주군,F,20-24,-6.1
2019,52710,완주군,F,20-24,-8.3
2020,52710,완주군,F,20-24,-7.9
2021,52710,완주군,F,20-24,-5.1
2022,52710,완주군,F,20-24,-5.2
2023,52710,완주군,F,20-24,1.6
2024,52710,완주군,F,20-24,-3.3
2025,52710,완주군,F,20-24,-2.7
2015,52710,완주군,F,25-29,9.1
2016,52710,완주군,F,25-29,-0.1
2017,52710,완주군,F,25-29,-1.5
2018,52710,완주군,F,25-29,-5.1
2019,52710,완주군,F,25-29,-3.2
2020,52710,완주군,F,25-29,-2.5
2021,52710,완주군,F,25-29,-4.0
2022,52710,완주군,F,25-29,9.3
2023,52710,완주군,F,25-29,14.7
2024,52710,완주군,F,25-29,8.2
2025,52710,완주군,F,25-29,4.4
2015,52710,완주군,F,30-34,7.3
2016,52710,완주군,F,30-34,0.4
2017,52710,완주군,F,30-34,0.4
2018,52710,완주군,F,30-34,-3.9
2019,52710,완주군,F,30-34,-7.2
2020,52710,완주군,F,30-34,-3.2
2021,52710,완주군,F,30-34,-0.4
2022,52710,완주군,F,30-34,10.7
2023,52710,완주군,F,30-34,17.6
2024,52710,완주군,F,30-34,7.2
2025,52710,완주군,F,30-34,6.1
2015,52720,진안군,M,20-24,-4.7
2016,52720,진안군,M,20-24,-0.2
2017,52720,진안군,M,20-24,-3.4
2018,52720,진안군,M,20-24,-4.4
2019,52720,진안군,M,20-24,0.0
2020,52720,진안군,M,20-24,-9.1
2021,52720,진안군,M,20-24,-6.6
2022,52720,진안군,M,20-24,-3.6
2023,52720,진안군,M,20-24,-5.5
2024,52720,진안군,M,20-24,-4.8
2025,52720,진안군,M,20-24,-1.5
2015,52720,진안군,M,25-29,-9.9
2016,52720,진안군,M,25-29,-3.6
2017,52720,진안군,M,25-29,-5.6
2018,52720,진안군,M,25-29,-8.7
2019,52720,진안군,M,25-29,-3.3
2020,52720,진안군,M,25-29,-4.1
2021,52720,진안군,M,25-29,-14.9
2022,52720,진안군,M,25-29,-11.1
2023,52720,진안군,M,25-29,-4.6
2024,52720,진안군,M,25-29,-6.2
2025,52720,진안군,M,25-29,-3.9
2015,52720,진안군,M,30-34,-7.0
2016,52720,진안군,M,30-34,-5.9
2017,52720,진안군,M,30-34,-3.5
2018,52720,진안군,M,30-34,-6.3
2019,52720,진안군,M,30-34,-2.9
2020,52720,진안군,M,30-34,-7.6
2021,52720,진안군,M,30-34,-5.6
2022,52720,진안군,M,30-34,-5.9
2023,52720,진안군,M,30-34,-3.2
2024,52720,진안군,M,30-34,-4.6
2025,52720,진안군,M,30-34,-3.3
2015,52720,진안군,F,20-24,-2.3
2016,52720,진안군,F,20-24,-3.0
2017,52720,진안군,F,20-24,-4.7
2018,52720,진안군,F,20-24,-6.8
2019,52720,진안군,F,20-24,-11.2
2020,52720,진안군,F,20-24,-8.9
2021,52720,진안군,F,20-24,-7.4
2022,52720,진안군,F,20-24,-13.7
2023,52720,진안군,F,20-24,-9.2
2024,52720,진안군,F,20-24,-7.5
2025,52720,진안군,F,20-24,-7.0
2015,52720,진안군,F,25-29,-4.9
2016,52720,진안군,F,25-29,-5.4
2017,52720,진안군,F,25-29,2.6
2018,52720,진안군,F,25-29,-7.6
2019,52720,진안군,F,25-29,-3.8
2020,52720,진안군,F,25-29,-9.3
2021,52720,진안군,F,25-29,-12.4
2022,52720,진안군,F,25-29,-9.6
2023,52720,진안군,F,25-29,-1.2
2024,52720,진안군,F,25-29,-3.4
2025,52720,진안군,F,25-29,2.2
2015,52720,진안군,F,30-34,-5.1
2016,52720,진안군,F,30-34,-5.3
2017,52720,진안군,F,30-34,-1.3
2018,52720,진안군,F,30-34,0.4
2019,52720,진안군,F,30-34,0.2
2020,52720,진안군,F,30-34,-10.2
2021,52720,진안군,F,30-34,-5.9
2022,52720,진안군,F,30-34,-1.5
2023,52720,진안군,F,30-34,5.1
2024,52720,진안군,F,30-34,0.6
2025,52720,진안군,F,30-34,7.0
2015,52730,무주군,M,20-24,-6.2
2016,52730,무주군,M,20-24,-4.9
2017,52730,무주군,M,20-24,-4.1
2018,52730,무주군,M,20-24,-1.1
2019,52730,무주군,M,20-24,-8.1
2020,52730,무주군,M,20-24,-10.3
2021,52730,무주군,M,20-24,-7.2
2022,52730,무주군,M,20-24,-6.5
2023,52730,무주군,M,20-24,-3.4
2024,52730,무주군,M,20-24,-0.2
2025,52730,무주군,M,20-24,-7.7
2015,52730,무주군,M,25-29,-2.6
2016,52730,무주군,M,25-29,-3.1
2017,52730,무주군,M,25-29,-4.8
2018,52730,무주군,M,25-29,-7.5
2019,52730,무주군,M,25-29,-4.3
2020,52730,무주군,M,25-29,-10.4
2021,52730,무주군,M,25-29,-6.0
2022,52730,무주군,M,25-29,-6.4
2023,52730,무주군,M,25-29,-5.4
2024,52730,무주군,M,25-29,-0.7
2025,52730,무주군,M,25-29,-3.2
2015,52730,무주군,M,30-34,-3.9
2016,52730,무주군,M,30-34,-8.2
2017,52730,무주군,M,30-34,-1.3
2018,52730,무주군,M,30-34,-5.1
2019,52730,무주군,M,30-34,1.2
2020,52730,무주군,M,30-34,-0.7
2021,52730,무주군,M,30-34,-3.7
2022,52730,무주군,M,30-34,-5.9
2023,52730,무주군,M,30-34,1.3
2024,52730,무주군,M,30-34,-1.8
2025,52730,무주군,M,30-34,-1.2
2015,52730,무주군,F,20-24,-6.8
2016,52730,무주군,F,20-24,-9.4
2017,52730,무주군,F,20-24,-6.6
2018,52730,무주군,F,20-24,-7.6
2019,52730,무주군,F,20-24,-11.2
2020,52730,무주군,F,20-24,-10.6
2021,52730,무주군,F,20-24,-10.8
2022,52730,무주군,F,20-24,-10.7
2023,52730,무주군,F,20-24,-8.5
2024,52730,무주군,F,20-24,-12.1
2025,52730,무주군,F,20-24,-5.9
2015,52730,무주군,F,25-29,-4.4
2016,52730,무주군,F,25-29,-9.4
2017,52730,무주군,F,25-29,-4.6
2018,52730,무주군,F,25-29,-3.0
2019,52730,무주군,F,25-29,-4.4
2020,52730,무주군,F,25-29,-10.5
2021,52730,무주군,F,25-29,-7.4
2022,52730,무주군,F,25-29,-7.9
2023,52730,무주군,F,25-29,-5.6
2024,52730,무주군,F,25-29,1.3
2025,52730,무주군,F,25-29,-1.3
2015,52730,무주군,F,30-34,-1.8
2016,52730,무주군,F,30-34,-6.1
2017,52730,무주군,F,30-34,-1.2
2018,52730,무주군,F,30-34,-2.3
2019,52730,무주군,F,30-34,-1.9
2020,52730,무주군,F,30-34,-4.1
2021,52730,무주군,F,30-34,-0.3
2022,52730,무주군,F,30-34,-7.0
2023,52730,무주군,F,30-34,0.6
2024,52730,무주군,F,30-34,-1.5
2025,52730,무주군,F,30-34,1.8
2015,52740,장수군,M,20-24,-5.6
2016,52740,장수군,M,20-24,-0.2
2017,52740,장수군,M,20-24,-8.8
2018,52740,장수군,M,20-24,3.2
2019,52740,장수군,M,20-24,-14.7
2020,52740,장수군,M,20-24,-11.6
2021,52740,장수군,M,20-24,-8.7
2022,52740,장수군,M,20-24,-3.9
2023,52740,장수군,M,20-24,-9.4
2024,52740,장수군,M,20-24,-13.4
2025,52740,장수군,M,20-24,-2.2
2015,52740,장수군,M,25-29,-7.4
2016,52740,장수군,M,25-29,1.3
2017,52740,장수군,M,25-29,-10.3
2018,52740,장수군,M,25-29,4.2
2019,52740,장수군,M,25-29,-19.8
2020,52740,장수군,M,25-29,-3.4
2021,52740,장수군,M,25-29,-14.0
2022,52740,장수군,M,25-29,-5.4
2023,52740,장수군,M,25-29,-9.6
2024,52740,장수군,M,25-29,-5.6
2025,52740,장수군,M,25-29,5.6
2015,52740,장수군,M,30-34,0.2
2016,52740,장수군,M,30-34,2.9
2017,52740,장수군,M,30-34,-4.4
2018,52740,장수군,M,30-34,2.6
2019,52740,장수군,M,30-34,-10.4
2020,52740,장수군,M,30-34,-3.8
2021,52740,장수군,M,30-34,-10.1
2022,52740,장수군,M,30-34,-4.6
2023,52740,장수군,M,30-34,-10.8
2024,52740,장수군,M,30-34,-1.1
2025,52740,장수군,M,30-34,1.9
2015,52740,장수군,F,20-24,-6.5
2016,52740,장수군,F,20-24,0.8
2017,52740,장수군,F,20-24,-12.3
2018,52740,장수군,F,20-24,-0.6
2019,52740,장수군,F,20-24,-12.8
2020,52740,장수군,F,20-24,-13.0
2021,52740,장수군,F,20-24,-14.4
2022,52740,장수군,F,20-24,-22.9
2023,52740,장수군,F,20-24,-10.3
2024,52740,장수군,F,20-24,-13.4
2025,52740,장수군,F,20-24,0.0
2015,52740,장수군,F,25-29,-4.8
2016,52740,장수군,F,25-29,3.4
2017,52740,장수군,F,25-29,-15.5
2018,52740,장수군,F,25-29,0.5
2019,52740,장수군,F,25-29,-9.8
2020,52740,장수군,F,25-29,-11.0
2021,52740,장수군,F,25-29,-10.5
2022,52740,장수군,F,25-29,-9.7
2023,52740,장수군,F,25-29,-7.5
2024,52740,장수군,F,25-29,-3.8
2025,52740,장수군,F,25-29,15.5
2015,52740,장수군,F,30-34,-2.1
2016,52740,장수군,F,30-34,-0.7
2017,52740,장수군,F,30-34,-8.0
2018,52740,장수군,F,30-34,-4.6
2019,52740,장수군,F,30-34,-3.2
2020,52740,장수군,F,30-34,-9.6
2021,52740,장수군,F,30-34,-4.9
2022,52740,장수군,F,30-34,-4.9
2023,52740,장수군,F,30-34,-5.2
2024,52740,장수군,F,30-34,-0.8
2025,52740,장수군,F,30-34,4.1
2015,52750,임실군,M,20-24,3.5
2016,52750,임실군,M,20-24,0.3
2017,52750,임실군,M,20-24,-3.4
2018,52750,임실군,M,20-24,-0.1
2019,52750,임실군,M,20-24,-12.6
2020,52750,임실군,M,20-24,-13.5
2021,52750,임실군,M,20-24,-9.4
2022,52750,임실군,M,20-24,-4.3
2023,52750,임실군,M,20-24,-5.7
2024,52750,임실군,M,20-24,-6.7
2025,52750,임실군,M,20-24,-8.5
2015,52750,임실군,M,25-29,-6.6
2016,52750,임실군,M,25-29,0.5
2017,52750,임실군,M,25-29,-12.2
2018,52750,임실군,M,25-29,-2.2
2019,52750,임실군,M,25-29,-11.5
2020,52750,임실군,M,25-29,-17.1
2021,52750,임실군,M,25-29,-11.1
2022,52750,임실군,M,25-29,-5.5
2023,52750,임실군,M,25-29,-6.3
2024,52750,임실군,M,25-29,-5.0
2025,52750,임실군,M,25-29,-4.4
2015,52750,임실군,M,30-34,-2.3
2016,52750,임실군,M,30-34,-2.8
2017,52750,임실군,M,30-34,-1.4
2018,52750,임실군,M,30-34,-0.6
2019,52750,임실군,M,30-34,-12.6
2020,52750,임실군,M,30-34,-16.2
2021,52750,임실군,M,30-34,-5.5
2022,52750,임실군,M,30-34,-8.5
2023,52750,임실군,M,30-34,-3.8
2024,52750,임실군,M,30-34,-2.0
2025,52750,임실군,M,30-34,-3.4
2015,52750,임실군,F,20-24,1.3
2016,52750,임실군,F,20-24,0.2
2017,52750,임실군,F,20-24,-8.4
2018,52750,임실군,F,20-24,-2.0
2019,52750,임실군,F,20-24,-13.4
2020,52750,임실군,F,20-24,-25.5
2021,52750,임실군,F,20-24,-15.9
2022,52750,임실군,F,20-24,-3.5
2023,52750,임실군,F,20-24,-11.3
2024,52750,임실군,F,20-24,-4.5
2025,52750,임실군,F,20-24,-12.0
2015,52750,임실군,F,25-29,-3.8
2016,52750,임실군,F,25-29,-7.2
2017,52750,임실군,F,25-29,-1.8
2018,52750,임실군,F,25-29,-3.6
2019,52750,임실군,F,25-29,-8.2
2020,52750,임실군,F,25-29,-20.6
2021,52750,임실군,F,25-29,-8.3
2022,52750,임실군,F,25-29,-1.6
2023,52750,임실군,F,25-29,4.5
2024,52750,임실군,F,25-29,-1.4
2025,52750,임실군,F,25-29,-7.7
2015,52750,임실군,F,30-34,-1.7
2016,52750,임실군,F,30-34,-2.3
2017,52750,임실군,F,30-34,1.5
2018,52750,임실군,F,30-34,2.5
2019,52750,임실군,F,30-34,-6.4
2020,52750,임실군,F,30-34,-19.3
2021,52750,임실군,F,30-34,-5.0
2022,52750,임실군,F,30-34,-2.0
2023,52750,임실군,F,30-34,-5.7
2024,52750,임실군,F,30-34,-3.8
2025,52750,임실군,F,30-34,0.0
2015,52770,순창군,M,20-24,-5.5
2016,52770,순창군,M,20-24,-10.5
2017,52770,순창군,M,20-24,-7.2
2018,52770,순창군,M,20-24,-5.5
2019,52770,순창군,M,20-24,-8.4
2020,52770,순창군,M,20-24,-7.8
2021,52770,순창군,M,20-24,-8.6
2022,52770,순창군,M,20-24,-4.3
2023,52770,순창군,M,20-24,1.1
2024,52770,순창군,M,20-24,-3.1
2025,52770,순창군,M,20-24,-1.8
2015,52770,순창군,M,25-29,-0.8
2016,52770,순창군,M,25-29,-11.4
2017,52770,순창군,M,25-29,-6.3
2018,52770,순창군,M,25-29,-7.7
2019,52770,순창군,M,25-29,-13.3
2020,52770,순창군,M,25-29,-6.7
2021,52770,순창군,M,25-29,-10.8
2022,52770,순창군,M,25-29,-2.1
2023,52770,순창군,M,25-29,-5.1
2024,52770,순창군,M,25-29,-5.0
2025,52770,순창군,M,25-29,2.0
2015,52770,순창군,M,30-34,-4.1
2016,52770,순창군,M,30-34,-8.7
2017,52770,순창군,M,30-34,-1.1
2018,52770,순창군,M,30-34,-3.7
2019,52770,순창군,M,30-34,-4.0
2020,52770,순창군,M,30-34,-7.5
2021,52770,순창군,M,30-34,-3.6
2022,52770,순창군,M,30-34,-3.9
2023,52770,순창군,M,30-34,2.1
2024,52770,순창군,M,30-34,-0.3
2025,52770,순창군,M,30-34,5.1
2015,52770,순창군,F,20-24,-6.5
2016,52770,순창군,F,20-24,-9.0
2017,52770,순창군,F,20-24,-9.5
2018,52770,순창군,F,20-24,-7.4
2019,52770,순창군,F,20-24,-12.3
2020,52770,순창군,F,20-24,-13.3
2021,52770,순창군,F,20-24,-18.4
2022,52770,순창군,F,20-24,-9.6
2023,52770,순창군,F,20-24,2.8
2024,52770,순창군,F,20-24,-7.1
2025,52770,순창군,F,20-24,-1.2
2015,52770,순창군,F,25-29,-1.3
2016,52770,순창군,F,25-29,-1.4
2017,52770,순창군,F,25-29,-4.3
2018,52770,순창군,F,25-29,-11.4
2019,52770,순창군,F,25-29,-7.9
2020,52770,순창군,F,25-29,-18.3
2021,52770,순창군,F,25-29,-11.0
2022,52770,순창군,F,25-29,1.4
2023,52770,순창군,F,25-29,3.4
2024,52770,순창군,F,25-29,1.8
2025,52770,순창군,F,25-29,5.3
2015,52770,순창군,F,30-34,-0.5
2016,52770,순창군,F,30-34,2.9
2017,52770,순창군,F,30-34,1.5
2018,52770,순창군,F,30-34,-4.9
2019,52770,순창군,F,30-34,-6.7
2020,52770,순창군,F,30-34,-1.5
2021,52770,순창군,F,30-34,-18.2
2022,52770,순창군,F,30-34,-2.9
2023,52770,순창군,F,30-34,3.0
2024,52770,순창군,F,30-34,-0.5
2025,52770,순창군,F,30-34,10.7
2015,52790,고창군,M,20-24,-2.7
2016,52790,고창군,M,20-24,-1.0
2017,52790,고창군,M,20-24,-3.0
2018,52790,고창군,M,20-24,-17.1
2019,52790,고창군,M,20-24,-12.3
2020,52790,고창군,M,20-24,-7.7
2021,52790,고창군,M,20-24,-8.7
2022,52790,고창군,M,20-24,-11.7
2023,52790,고창군,M,20-24,-8.2
2024,52790,고창군,M,20-24,-12.3
2025,52790,고창군,M,20-24,-6.7
2015,52790,고창군,M,25-29,-4.3
2016,52790,고창군,M,25-29,-3.3
2017,52790,고창군,M,25-29,-4.0
2018,52790,고창군,M,25-29,-18.8
2019,52790,고창군,M,25-29,-14.5
2020,52790,고창군,M,25-29,-11.4
2021,52790,고창군,M,25-29,-10.1
2022,52790,고창군,M,25-29,-7.7
2023,52790,고창군,M,25-29,-2.3
2024,52790,고창군,M,25-29,-4.3
2025,52790,고창군,M,25-29,-1.1
2015,52790,고창군,M,30-34,0.0
2016,52790,고창군,M,30-34,-0.2
2017,52790,고창군,M,30-34,-1.8
2018,52790,고창군,M,30-34,-16.2
2019,52790,고창군,M,30-34,-7.0
2020,52790,고창군,M,30-34,-7.3
2021,52790,고창군,M,30-34,-3.5
2022,52790,고창군,M,30-34,-6.8
2023,52790,고창군,M,30-34,-0.5
2024,52790,고창군,M,30-34,-3.4
2025,52790,고창군,M,30-34,-1.1
2015,52790,고창군,F,20-24,-3.5
2016,52790,고창군,F,20-24,-2.7
2017,52790,고창군,F,20-24,-9.2
2018,52790,고창군,F,20-24,-18.2
2019,52790,고창군,F,20-24,-14.4
2020,52790,고창군,F,20-24,-15.6
2021,52790,고창군,F,20-24,-15.1
2022,52790,고창군,F,20-24,-11.1
2023,52790,고창군,F,20-24,-14.6
2024,52790,고창군,F,20-24,-8.9
2025,52790,고창군,F,20-24,-10.4
2015,52790,고창군,F,25-29,-8.4
2016,52790,고창군,F,25-29,-2.8
2017,52790,고창군,F,25-29,-3.6
2018,52790,고창군,F,25-29,-21.4
2019,52790,고창군,F,25-29,-10.5
2020,52790,고창군,F,25-29,-10.9
2021,52790,고창군,F,25-29,-11.0
2022,52790,고창군,F,25-29,-7.7
2023,52790,고창군,F,25-29,-4.1
2024,52790,고창군,F,25-29,-3.5
2025,52790,고창군,F,25-29,-2.9
2015,52790,고창군,F,30-34,-0.9
2016,52790,고창군,F,30-34,0.3
2017,52790,고창군,F,30-34,0.4
2018,52790,고창군,F,30-34,-12.0
2019,52790,고창군,F,30-34,-5.0
2020,52790,고창군,F,30-34,-5.3
2021,52790,고창군,F,30-34,-5.5
2022,52790,고창군,F,30-34,-0.8
2023,52790,고창군,F,30-34,-1.7
2024,52790,고창군,F,30-34,-1.0
2025,52790,고창군,F,30-34,1.9
2015,52800,부안군,M,20-24,-4.4
2016,52800,부안군,M,20-24,-0.5
2017,52800,부안군,M,20-24,-6.4
2018,52800,부안군,M,20-24,-8.7
2019,52800,부안군,M,20-24,-8.6
2020,52800,부안군,M,20-24,-7.5
2021,52800,부안군,M,20-24,-8.4
2022,52800,부안군,M,20-24,-7.4
2023,52800,부안군,M,20-24,-8.7
2024,52800,부안군,M,20-24,-8.6
2025,52800,부안군,M,20-24,-7.5
2015,52800,부안군,M,25-29,-9.2
2016,52800,부안군,M,25-29,-4.3
2017,52800,부안군,M,25-29,-8.5
2018,52800,부안군,M,25-29,-11.3
2019,52800,부안군,M,25-29,-10.0
2020,52800,부안군,M,25-29,-7.9
2021,52800,부안군,M,25-29,-12.4
2022,52800,부안군,M,25-29,-8.3
2023,52800,부안군,M,25-29,-3.7
2024,52800,부안군,M,25-29,-5.8
2025,52800,부안군,M,25-29,-8.4
2015,52800,부안군,M,30-34,-0.1
2016,52800,부안군,M,30-34,-2.3
2017,52800,부안군,M,30-34,-2.1
2018,52800,부안군,M,30-34,-8.1
2019,52800,부안군,M,30-34,-4.9
2020,52800,부안군,M,30-34,-6.5
2021,52800,부안군,M,30-34,-7.1
2022,52800,부안군,M,30-34,-4.0
2023,52800,부안군,M,30-34,0.5
2024,52800,부안군,M,30-34,-4.6
2025,52800,부안군,M,30-34,-1.1
2015,52800,부안군,F,20-24,-6.0
2016,52800,부안군,F,20-24,-4.0
2017,52800,부안군,F,20-24,-8.8
2018,52800,부안군,F,20-24,-13.1
2019,52800,부안군,F,20-24,-11.0
2020,52800,부안군,F,20-24,-17.2
2021,52800,부안군,F,20-24,-13.6
2022,52800,부안군,F,20-24,-11.3
2023,52800,부안군,F,20-24,-9.7
2024,52800,부안군,F,20-24,-15.8
2025,52800,부안군,F,20-24,-7.6
2015,52800,부안군,F,25-29,-6.0
2016,52800,부안군,F,25-29,-3.3
2017,52800,부안군,F,25-29,-6.2
2018,52800,부안군,F,25-29,-13.2
2019,52800,부안군,F,25-29,-9.6
2020,52800,부안군,F,25-29,-9.0
2021,52800,부안군,F,25-29,-9.4
2022,52800,부안군,F,25-29,-3.7
2023,52800,부안군,F,25-29,-7.4
2024,52800,부안군,F,25-29,-8.6
2025,52800,부안군,F,25-29,-6.7
2015,52800,부안군,F,30-34,-1.6
2016,52800,부안군,F,30-34,1.5
2017,52800,부안군,F,30-34,-1.2
2018,52800,부안군,F,30-34,-3.0
2019,52800,부안군,F,30-34,-5.9
2020,52800,부안군,F,30-34,-4.7
2021,52800,부안군,F,30-34,-4.8
2022,52800,부안군,F,30-34,-3.0
2023,52800,부안군,F,30-34,0.0
2024,52800,부안군,F,30-34,-0.4
2025,52800,부안군,F,30-34,-4.2
