year,code,name,sex,kind,age_band,value
2022,00,전국,F,unmarried,20-24,1351092
2022,00,전국,M,total,20-24,1509973
2022,00,전국,M,unmarried,20-24,1502857
2022,00,전국,F,total,20-24,1369040
2022,00,전국,F,unmarried,25-29,1392877
2022,00,전국,M,total,25-29,1787742
2022,00,전국,M,unmarried,25-29,1683888
2022,00,전국,F,total,25-29,1596684
2022,00,전국,F,unmarried,30-34,797664
2022,00,전국,M,total,30-34,1668917
2022,00,전국,M,unmarried,30-34,1195890
2022,00,전국,F,total,30-34,1510421
2022,00,전국,F,unmarried,35-39,405979
2022,00,전국,M,total,35-39,1650898
2022,00,전국,M,unmarried,35-39,694651
2022,00,전국,F,total,35-39,1559300
2022,00,전국,F,unmarried,40-44,303078
2022,00,전국,M,total,40-44,1978627
2022,00,전국,M,unmarried,40-44,555985
2022,00,전국,F,total,40-44,1905239
2022,03,동부,F,unmarried,20-24,1176615
2022,03,동부,M,total,20-24,1269973
2022,03,동부,M,unmarried,20-24,1264497
2022,03,동부,F,total,20-24,1190576
2022,03,동부,F,unmarried,25-29,1248392
2022,03,동부,M,total,25-29,1533142
2022,03,동부,M,unmarried,25-29,1449766
2022,03,동부,F,total,25-29,1415151
2022,03,동부,F,unmarried,30-34,719131
2022,03,동부,M,total,30-34,1433075
2022,03,동부,M,unmarried,30-34,1034409
2022,03,동부,F,total,30-34,1322221
2022,03,동부,F,unmarried,35-39,362507
2022,03,동부,M,total,35-39,1399146
2022,03,동부,M,unmarried,35-39,589041
2022,03,동부,F,total,35-39,1339153
2022,03,동부,F,unmarried,40-44,268738
2022,03,동부,M,total,40-44,1654007
2022,03,동부,M,unmarried,40-44,460390
2022,03,동부,F,total,40-44,1623111
2022,04,읍부,F,unmarried,20-24,108935
2022,04,읍부,M,total,20-24,143628
2022,04,읍부,M,unmarried,20-24,142618
2022,04,읍부,F,total,20-24,111553
2022,04,읍부,F,unmarried,25-29,91193
2022,04,읍부,M,total,25-29,151728
2022,04,읍부,M,unmarried,25-29,138588
2022,04,읍부,F,total,25-29,115403
2022,04,읍부,F,unmarried,30-34,47754
2022,04,읍부,M,total,30-34,142541
2022,04,읍부,M,unmarried,30-34,94056
2022,04,읍부,F,total,30-34,119781
2022,04,읍부,F,unmarried,35-39,25223
2022,04,읍부,M,total,35-39,155077
2022,04,읍부,M,unmarried,35-39,59419
2022,04,읍부,F,total,35-39,143069
2022,04,읍부,F,unmarried,40-44,19790
2022,04,읍부,M,total,40-44,201716
2022,04,읍부,M,unmarried,40-44,52226
2022,04,읍부,F,total,40-44,187702
2022,05,면부,F,unmarried,20-24,65542
2022,05,면부,M,total,20-24,96372
2022,05,면부,M,unmarried,20-24,95742
2022,05,면부,F,total,20-24,66911
2022,05,면부,F,unmarried,25-29,53292
2022,05,면부,M,total,25-29,102872
2022,05,면부,M,unmarried,25-29,95534
2022,05,면부,F,total,25-29,66130
2022,05,면부,F,unmarried,30-34,30779
2022,05,면부,M,total,30-34,93301
2022,05,면부,M,unmarried,30-34,67425
2022,05,면부,F,total,30-34,68419
2022,05,면부,F,unmarried,35-39,18249
2022,05,면부,M,total,35-39,96675
2022,05,면부,M,unmarried,35-39,46191
2022,05,면부,F,total,35-39,77078
2022,05,면부,F,unmarried,40-44,14550
2022,05,면부,M,total,40-44,122904
2022,05,면부,M,unmarried,40-44,43369
2022,05,면부,F,total,40-44,94426
2022,11,서울특별시,F,unmarried,20-24,300761
2022,11,서울특별시,M,total,20-24,263540
2022,11,서울특별시,M,unmarried,20-24,262924
2022,11,서울특별시,F,total,20-24,302293
2022,11,서울특별시,F,unmarried,25-29,379565
2022,11,서울특별시,M,total,25-29,380576
2022,11,서울특별시,M,unmarried,25-29,368058
2022,11,서울특별시,F,total,25-29,405336
2022,11,서울특별시,F,unmarried,30-34,241217
2022,11,서울특별시,M,total,30-34,361545
2022,11,서울특별시,M,unmarried,30-34,286426
2022,11,서울특별시,F,total,30-34,359024
2022,11,서울특별시,F,unmarried,35-39,125359
2022,11,서울특별시,M,total,35-39,321338
2022,11,서울특별시,M,unmarried,35-39,160478
2022,11,서울특별시,F,total,35-39,318807
2022,11,서울특별시,F,unmarried,40-44,90141
2022,11,서울특별시,M,total,40-44,346290
2022,11,서울특별시,M,unmarried,40-44,117221
2022,11,서울특별시,F,total,40-44,347950
2022,11010,종로구,F,unmarried,20-24,5566
2022,11010,종로구,M,total,20-24,4517
2022,11010,종로구,M,unmarried,20-24,4510
2022,11010,종로구,F,total,20-24,5583
2022,11010,종로구,F,unmarried,25-29,5921
2022,11010,종로구,M,total,25-29,6277
2022,11010,종로구,M,unmarried,25-29,6111
2022,11010,종로구,F,total,25-29,6194
2022,11010,종로구,F,unmarried,30-34,3585
2022,11010,종로구,M,total,30-34,4980
2022,11010,종로구,M,unmarried,30-34,4189
2022,11010,종로구,F,total,30-34,4835
2022,11010,종로구,F,unmarried,35-39,1975
2022,11010,종로구,M,total,35-39,4095
2022,11010,종로구,M,unmarried,35-39,2284
2022,11010,종로구,F,total,35-39,4134
2022,11010,종로구,F,unmarried,40-44,1495
2022,11010,종로구,M,total,40-44,4452
2022,11010,종로구,M,unmarried,40-44,1701
2022,11010,종로구,F,total,40-44,4677
2022,11020,중구,F,unmarried,20-24,3663
2022,11020,중구,M,total,20-24,2885
2022,11020,중구,M,unmarried,20-24,2883
2022,11020,중구,F,total,20-24,3674
2022,11020,중구,F,unmarried,25-29,5075
2022,11020,중구,M,total,25-29,4788
2022,11020,중구,M,unmarried,25-29,4655
2022,11020,중구,F,total,25-29,5362
2022,11020,중구,F,unmarried,30-34,3610
2022,11020,중구,M,total,30-34,5072
2022,11020,중구,M,unmarried,30-34,4150
2022,11020,중구,F,total,30-34,5127
2022,11020,중구,F,unmarried,35-39,1901
2022,11020,중구,M,total,35-39,4408
2022,11020,중구,M,unmarried,35-39,2348
2022,11020,중구,F,total,35-39,4282
2022,11020,중구,F,unmarried,40-44,1347
2022,11020,중구,M,total,40-44,4248
2022,11020,중구,M,unmarried,40-44,1661
2022,11020,중구,F,total,40-44,3955
2022,11030,용산구,F,unmarried,20-24,6578
2022,11030,용산구,M,total,20-24,4955
2022,11030,용산구,M,unmarried,20-24,4944
2022,11030,용산구,F,total,20-24,6612
2022,11030,용산구,F,unmarried,25-29,9125
2022,11030,용산구,M,total,25-29,8441
2022,11030,용산구,M,unmarried,25-29,8139
2022,11030,용산구,F,total,25-29,9736
2022,11030,용산구,F,unmarried,30-34,6762
2022,11030,용산구,M,total,30-34,9530
2022,11030,용산구,M,unmarried,30-34,7688
2022,11030,용산구,F,total,30-34,9673
2022,11030,용산구,F,unmarried,35-39,3691
2022,11030,용산구,M,total,35-39,8156
2022,11030,용산구,M,unmarried,35-39,4437
2022,11030,용산구,F,total,35-39,8203
2022,11030,용산구,F,unmarried,40-44,2506
2022,11030,용산구,M,total,40-44,7849
2022,11030,용산구,M,unmarried,40-44,2893
2022,11030,용산구,F,total,40-44,7749
2022,11040,성동구,F,unmarried,20-24,9497
2022,11040,성동구,M,total,20-24,8923
2022,11040,성동구,M,unmarried,20-24,8911
2022,11040,성동구,F,total,20-24,9541
2022,11040,성동구,F,unmarried,25-29,11172
2022,11040,성동구,M,total,25-29,12167
2022,11040,성동구,M,unmarried,25-29,11873
2022,11040,성동구,F,total,25-29,11833
2022,11040,성동구,F,unmarried,30-34,7080
2022,11040,성동구,M,total,30-34,10776
2022,11040,성동구,M,unmarried,30-34,8305
2022,11040,성동구,F,total,30-34,11473
2022,11040,성동구,F,unmarried,35-39,3693
2022,11040,성동구,M,total,35-39,10760
2022,11040,성동구,M,unmarried,35-39,4609
2022,11040,성동구,F,total,35-39,10742
2022,11040,성동구,F,unmarried,40-44,2674
2022,11040,성동구,M,total,40-44,10628
2022,11040,성동구,M,unmarried,40-44,3282
2022,11040,성동구,F,total,40-44,10168
2022,11050,광진구,F,unmarried,20-24,13287
2022,11050,광진구,M,total,20-24,11282
2022,11050,광진구,M,unmarried,20-24,11257
2022,11050,광진구,F,total,20-24,13347
2022,11050,광진구,F,unmarried,25-29,17774
2022,11050,광진구,M,total,25-29,16928
2022,11050,광진구,M,unmarried,25-29,16449
2022,11050,광진구,F,total,25-29,18703
2022,11050,광진구,F,unmarried,30-34,10852
2022,11050,광진구,M,total,30-34,14767
2022,11050,광진구,M,unmarried,30-34,12360
2022,11050,광진구,F,total,30-34,14621
2022,11050,광진구,F,unmarried,35-39,5486
2022,11050,광진구,M,total,35-39,11517
2022,11050,광진구,M,unmarried,35-39,6433
2022,11050,광진구,F,total,35-39,11607
2022,11050,광진구,F,unmarried,40-44,3689
2022,11050,광진구,M,total,40-44,11625
2022,11050,광진구,M,unmarried,40-44,4371
2022,11050,광진구,F,total,40-44,11997
2022,11060,동대문구,F,unmarried,20-24,15506
2022,11060,동대문구,M,total,20-24,12623
2022,11060,동대문구,M,unmarried,20-24,12604
2022,11060,동대문구,F,total,20-24,15564
2022,11060,동대문구,F,unmarried,25-29,13898
2022,11060,동대문구,M,total,25-29,15785
2022,11060,동대문구,M,unmarried,25-29,15359
2022,11060,동대문구,F,total,25-29,14716
2022,11060,동대문구,F,unmarried,30-34,7822
2022,11060,동대문구,M,total,30-34,12558
2022,11060,동대문구,M,unmarried,30-34,10037
2022,11060,동대문구,F,total,30-34,11835
2022,11060,동대문구,F,unmarried,35-39,4106
2022,11060,동대문구,M,total,35-39,11618
2022,11060,동대문구,M,unmarried,35-39,5840
2022,11060,동대문구,F,total,35-39,10762
2022,11060,동대문구,F,unmarried,40-44,3023
2022,11060,동대문구,M,total,40-44,12319
2022,11060,동대문구,M,unmarried,40-44,4489
2022,11060,동대문구,F,total,40-44,11374
2022,11070,중랑구,F,unmarried,20-24,9953
2022,11070,중랑구,M,total,20-24,9537
2022,11070,중랑구,M,unmarried,20-24,9499
2022,11070,중랑구,F,total,20-24,10045
2022,11070,중랑구,F,unmarried,25-29,14315
2022,11070,중랑구,M,total,25-29,14922
2022,11070,중랑구,M,unmarried,25-29,14149
2022,11070,중랑구,F,total,25-29,15887
2022,11070,중랑구,F,unmarried,30-34,9382
2022,11070,중랑구,M,total,30-34,15189
2022,11070,중랑구,M,unmarried,30-34,11469
2022,11070,중랑구,F,total,30-34,14764
2022,11070,중랑구,F,unmarried,35-39,5048
2022,11070,중랑구,M,total,35-39,13511
2022,11070,중랑구,M,unmarried,35-39,7034
2022,11070,중랑구,F,total,35-39,12418
2022,11070,중랑구,F,unmarried,40-44,3554
2022,11070,중랑구,M,total,40-44,14261
2022,11070,중랑구,M,unmarried,40-44,5618
2022,11070,중랑구,F,total,40-44,12742
2022,11080,성북구,F,unmarried,20-24,19581
2022,11080,성북구,M,total,20-24,15251
2022,11080,성북구,M,unmarried,20-24,15215
2022,11080,성북구,F,total,20-24,19652
2022,11080,성북구,F,unmarried,25-29,15535
2022,11080,성북구,M,total,25-29,16851
2022,11080,성북구,M,unmarried,25-29,16313
2022,11080,성북구,F,total,25-29,16636
2022,11080,성북구,F,unmarried,30-34,8788
2022,11080,성북구,M,total,30-34,14175
2022,11080,성북구,M,unmarried,30-34,10901
2022,11080,성북구,F,total,30-34,13894
2022,11080,성북구,F,unmarried,35-39,4749
2022,11080,성북구,M,total,35-39,13638
2022,11080,성북구,M,unmarried,35-39,6230
2022,11080,성북구,F,total,35-39,13724
2022,11080,성북구,F,unmarried,40-44,3627
2022,11080,성북구,M,total,40-44,15276
2022,11080,성북구,M,unmarried,40-44,4738
2022,11080,성북구,F,total,40-44,15630
2022,11090,강북구,F,unmarried,20-24,9055
2022,11090,강북구,M,total,20-24,7657
2022,11090,강북구,M,unmarried,20-24,7622
2022,11090,강북구,F,total,20-24,9127
2022,11090,강북구,F,unmarried,25-29,9959
2022,11090,강북구,M,total,25-29,10859
2022,11090,강북구,M,unmarried,25-29,10417
2022,11090,강북구,F,total,25-29,10746
2022,11090,강북구,F,unmarried,30-34,6027
2022,11090,강북구,M,total,30-34,9455
2022,11090,강북구,M,unmarried,30-34,7763
2022,11090,강북구,F,total,30-34,8654
2022,11090,강북구,F,unmarried,35-39,3276
2022,11090,강북구,M,total,35-39,8677
2022,11090,강북구,M,unmarried,35-39,5097
2022,11090,강북구,F,total,35-39,7699
2022,11090,강북구,F,unmarried,40-44,2725
2022,11090,강북구,M,total,40-44,10184
2022,11090,강북구,M,unmarried,40-44,4423
2022,11090,강북구,F,total,40-44,9232
2022,11100,도봉구,F,unmarried,20-24,8618
2022,11100,도봉구,M,total,20-24,8080
2022,11100,도봉구,M,unmarried,20-24,8049
2022,11100,도봉구,F,total,20-24,8691
2022,11100,도봉구,F,unmarried,25-29,9582
2022,11100,도봉구,M,total,25-29,10598
2022,11100,도봉구,M,unmarried,25-29,10139
2022,11100,도봉구,F,total,25-29,10436
2022,11100,도봉구,F,unmarried,30-34,6058
2022,11100,도봉구,M,total,30-34,9541
2022,11100,도봉구,M,unmarried,30-34,7470
2022,11100,도봉구,F,total,30-34,9133
2022,11100,도봉구,F,unmarried,35-39,3148
2022,11100,도봉구,M,total,35-39,9228
2022,11100,도봉구,M,unmarried,35-39,4880
2022,11100,도봉구,F,total,35-39,8583
2022,11100,도봉구,F,unmarried,40-44,2556
2022,11100,도봉구,M,total,40-44,10479
2022,11100,도봉구,M,unmarried,40-44,3834
2022,11100,도봉구,F,total,40-44,10227
2022,11110,노원구,F,unmarried,20-24,17576
2022,11110,노원구,M,total,20-24,17328
2022,11110,노원구,M,unmarried,20-24,17298
2022,11110,노원구,F,total,20-24,17652
2022,11110,노원구,F,unmarried,25-29,14414
2022,11110,노원구,M,total,25-29,16782
2022,11110,노원구,M,unmarried,25-29,16076
2022,11110,노원구,F,total,25-29,15756
2022,11110,노원구,F,unmarried,30-34,8720
2022,11110,노원구,M,total,30-34,15007
2022,11110,노원구,M,unmarried,30-34,10876
2022,11110,노원구,F,total,30-34,14942
2022,11110,노원구,F,unmarried,35-39,4898
2022,11110,노원구,M,total,35-39,14719
2022,11110,노원구,M,unmarried,35-39,6519
2022,11110,노원구,F,total,35-39,14625
2022,11110,노원구,F,unmarried,40-44,3807
2022,11110,노원구,M,total,40-44,17283
2022,11110,노원구,M,unmarried,40-44,5072
2022,11110,노원구,F,total,40-44,18477
2022,11120,은평구,F,unmarried,20-24,12604
2022,11120,은평구,M,total,20-24,11728
2022,11120,은평구,M,unmarried,20-24,11697
2022,11120,은평구,F,total,20-24,12684
2022,11120,은평구,F,unmarried,25-29,17438
2022,11120,은평구,M,total,25-29,16205
2022,11120,은평구,M,unmarried,25-29,15578
2022,11120,은평구,F,total,25-29,18783
2022,11120,은평구,F,unmarried,30-34,10990
2022,11120,은평구,M,total,30-34,16130
2022,11120,은평구,M,unmarried,30-34,12366
2022,11120,은평구,F,total,30-34,16783
2022,11120,은평구,F,unmarried,35-39,5922
2022,11120,은평구,M,total,35-39,15040
2022,11120,은평구,M,unmarried,35-39,7253
2022,11120,은평구,F,total,35-39,15336
2022,11120,은평구,F,unmarried,40-44,4570
2022,11120,은평구,M,total,40-44,17139
2022,11120,은평구,M,unmarried,40-44,5976
2022,11120,은평구,F,total,40-44,17063
2022,11130,서대문구,F,unmarried,20-24,16340
2022,11130,서대문구,M,total,20-24,10640
2022,11130,서대문구,M,unmarried,20-24,10619
2022,11130,서대문구,F,total,20-24,16388
2022,11130,서대문구,F,unmarried,25-29,13406
2022,11130,서대문구,M,total,25-29,13407
2022,11130,서대문구,M,unmarried,25-29,13071
2022,11130,서대문구,F,total,25-29,14122
2022,11130,서대문구,F,unmarried,30-34,7421
2022,11130,서대문구,M,total,30-34,10880
2022,11130,서대문구,M,unmarried,30-34,8563
2022,11130,서대문구,F,total,30-34,11203
2022,11130,서대문구,F,unmarried,35-39,3778
2022,11130,서대문구,M,total,35-39,10066
2022,11130,서대문구,M,unmarried,35-39,4664
2022,11130,서대문구,F,total,35-39,10204
2022,11130,서대문구,F,unmarried,40-44,2842
2022,11130,서대문구,M,total,40-44,10721
2022,11130,서대문구,M,unmarried,40-44,3493
2022,11130,서대문구,F,total,40-44,10765
2022,11140,마포구,F,unmarried,20-24,13648
2022,11140,마포구,M,total,20-24,10641
2022,11140,마포구,M,unmarried,20-24,10622
2022,11140,마포구,F,total,20-24,13704
2022,11140,마포구,F,unmarried,25-29,18241
2022,11140,마포구,M,total,25-29,15827
2022,11140,마포구,M,unmarried,25-29,15387
2022,11140,마포구,F,total,25-29,19167
2022,11140,마포구,F,unmarried,30-34,11893
2022,11140,마포구,M,total,30-34,14923
2022,11140,마포구,M,unmarried,30-34,11918
2022,11140,마포구,F,total,30-34,16925
2022,11140,마포구,F,unmarried,35-39,6364
2022,11140,마포구,M,total,35-39,13461
2022,11140,마포구,M,unmarried,35-39,6487
2022,11140,마포구,F,total,35-39,14833
2022,11140,마포구,F,unmarried,40-44,4319
2022,11140,마포구,M,total,40-44,13673
2022,11140,마포구,M,unmarried,40-44,4442
2022,11140,마포구,F,total,40-44,14195
2022,11150,양천구,F,unmarried,20-24,11029
2022,11150,양천구,M,total,20-24,11696
2022,11150,양천구,M,unmarried,20-24,11671
2022,11150,양천구,F,total,20-24,11104
2022,11150,양천구,F,unmarried,25-29,12810
2022,11150,양천구,M,total,25-29,13947
2022,11150,양천구,M,unmarried,25-29,13404
2022,11150,양천구,F,total,25-29,13897
2022,11150,양천구,F,unmarried,30-34,8110
2022,11150,양천구,M,total,30-34,12938
2022,11150,양천구,M,unmarried,30-34,10060
2022,11150,양천구,F,total,30-34,12699
2022,11150,양천구,F,unmarried,35-39,4336
2022,11150,양천구,M,total,35-39,12663
2022,11150,양천구,M,unmarried,35-39,5771
2022,11150,양천구,F,total,35-39,13139
2022,11150,양천구,F,unmarried,40-44,3183
2022,11150,양천구,M,total,40-44,16197
2022,11150,양천구,M,unmarried,40-44,4408
2022,11150,양천구,F,total,40-44,17877
2022,11160,강서구,F,unmarried,20-24,14965
2022,11160,강서구,M,total,20-24,13150
2022,11160,강서구,M,unmarried,20-24,13099
2022,11160,강서구,F,total,20-24,15097
2022,11160,강서구,F,unmarried,25-29,26013
2022,11160,강서구,M,total,25-29,22402
2022,11160,강서구,M,unmarried,25-29,21476
2022,11160,강서구,F,total,25-29,27996
2022,11160,강서구,F,unmarried,30-34,17482
2022,11160,강서구,M,total,30-34,25353
2022,11160,강서구,M,unmarried,30-34,19827
2022,11160,강서구,F,total,30-34,25848
2022,11160,강서구,F,unmarried,35-39,8422
2022,11160,강서구,M,total,35-39,22058
2022,11160,강서구,M,unmarried,35-39,11109
2022,11160,강서구,F,total,35-39,20875
2022,11160,강서구,F,unmarried,40-44,5706
2022,11160,강서구,M,total,40-44,22273
2022,11160,강서구,M,unmarried,40-44,7825
2022,11160,강서구,F,total,40-44,21662
2022,11170,구로구,F,unmarried,20-24,10302
2022,11170,구로구,M,total,20-24,9616
2022,11170,구로구,M,unmarried,20-24,9578
2022,11170,구로구,F,total,20-24,10355
2022,11170,구로구,F,unmarried,25-29,14492
2022,11170,구로구,M,total,25-29,14753
2022,11170,구로구,M,unmarried,25-29,14181
2022,11170,구로구,F,total,25-29,15710
2022,11170,구로구,F,unmarried,30-34,9310
2022,11170,구로구,M,total,30-34,15683
2022,11170,구로구,M,unmarried,30-34,11901
2022,11170,구로구,F,total,30-34,15258
2022,11170,구로구,F,unmarried,35-39,4793
2022,11170,구로구,M,total,35-39,14506
2022,11170,구로구,M,unmarried,35-39,6892
2022,11170,구로구,F,total,35-39,13387
2022,11170,구로구,F,unmarried,40-44,3590
2022,11170,구로구,M,total,40-44,15147
2022,11170,구로구,M,unmarried,40-44,5245
2022,11170,구로구,F,total,40-44,14363
2022,11180,금천구,F,unmarried,20-24,6210
2022,11180,금천구,M,total,20-24,5719
2022,11180,금천구,M,unmarried,20-24,5693
2022,11180,금천구,F,total,20-24,6264
2022,11180,금천구,F,unmarried,25-29,10726
2022,11180,금천구,M,total,25-29,11642
2022,11180,금천구,M,unmarried,25-29,11173
2022,11180,금천구,F,total,25-29,11681
2022,11180,금천구,F,unmarried,30-34,6424
2022,11180,금천구,M,total,30-34,11473
2022,11180,금천구,M,unmarried,30-34,9387
2022,11180,금천구,F,total,30-34,9325
2022,11180,금천구,F,unmarried,35-39,3092
2022,11180,금천구,M,total,35-39,8563
2022,11180,금천구,M,unmarried,35-39,5082
2022,11180,금천구,F,total,35-39,6912
2022,11180,금천구,F,unmarried,40-44,1991
2022,11180,금천구,M,total,40-44,8098
2022,11180,금천구,M,unmarried,40-44,3657
2022,11180,금천구,F,total,40-44,6782
2022,11190,영등포구,F,unmarried,20-24,10329
2022,11190,영등포구,M,total,20-24,8482
2022,11190,영등포구,M,unmarried,20-24,8468
2022,11190,영등포구,F,total,20-24,10378
2022,11190,영등포구,F,unmarried,25-29,17992
2022,11190,영등포구,M,total,25-29,16460
2022,11190,영등포구,M,unmarried,25-29,15957
2022,11190,영등포구,F,total,25-29,19133
2022,11190,영등포구,F,unmarried,30-34,12046
2022,11190,영등포구,M,total,30-34,18492
2022,11190,영등포구,M,unmarried,30-34,14425
2022,11190,영등포구,F,total,30-34,18233
2022,11190,영등포구,F,unmarried,35-39,5557
2022,11190,영등포구,M,total,35-39,15563
2022,11190,영등포구,M,unmarried,35-39,7384
2022,11190,영등포구,F,total,35-39,14564
2022,11190,영등포구,F,unmarried,40-44,3608
2022,11190,영등포구,M,total,40-44,14370
2022,11190,영등포구,M,unmarried,40-44,4838
2022,11190,영등포구,F,total,40-44,13163
2022,11200,동작구,F,unmarried,20-24,14792
2022,11200,동작구,M,total,20-24,13148
2022,11200,동작구,M,unmarried,20-24,13133
2022,11200,동작구,F,total,20-24,14842
2022,11200,동작구,F,unmarried,25-29,17938
2022,11200,동작구,M,total,25-29,18693
2022,11200,동작구,M,unmarried,25-29,18247
2022,11200,동작구,F,total,25-29,18897
2022,11200,동작구,F,unmarried,30-34,10715
2022,11200,동작구,M,total,30-34,16004
2022,11200,동작구,M,unmarried,30-34,13051
2022,11200,동작구,F,total,30-34,15365
2022,11200,동작구,F,unmarried,35-39,5215
2022,11200,동작구,M,total,35-39,13239
2022,11200,동작구,M,unmarried,35-39,6773
2022,11200,동작구,F,total,35-39,12953
2022,11200,동작구,F,unmarried,40-44,3661
2022,11200,동작구,M,total,40-44,13788
2022,11200,동작구,M,unmarried,40-44,4853
2022,11200,동작구,F,total,40-44,13360
2022,11210,관악구,F,unmarried,20-24,20929
2022,11210,관악구,M,total,20-24,17110
2022,11210,관악구,M,unmarried,20-24,17057
2022,11210,관악구,F,total,20-24,21043
2022,11210,관악구,F,unmarried,25-29,33797
2022,11210,관악구,M,total,25-29,36606
2022,11210,관악구,M,unmarried,25-29,35804
2022,11210,관악구,F,total,25-29,35238
2022,11210,관악구,F,unmarried,30-34,17794
2022,11210,관악구,M,total,30-34,28649
2022,11210,관악구,M,unmarried,30-34,25118
2022,11210,관악구,F,total,30-34,22736
2022,11210,관악구,F,unmarried,35-39,7788
2022,11210,관악구,M,total,35-39,18157
2022,11210,관악구,M,unmarried,35-39,12121
2022,11210,관악구,F,total,35-39,14702
2022,11210,관악구,F,unmarried,40-44,5222
2022,11210,관악구,M,total,40-44,17076
2022,11210,관악구,M,unmarried,40-44,8715
2022,11210,관악구,F,total,40-44,14325
2022,11220,서초구,F,unmarried,20-24,10190
2022,11220,서초구,M,total,20-24,9442
2022,11220,서초구,M,unmarried,20-24,9437
2022,11220,서초구,F,total,20-24,10213
2022,11220,서초구,F,unmarried,25-29,12635
2022,11220,서초구,M,total,25-29,11899
2022,11220,서초구,M,unmarried,25-29,11581
2022,11220,서초구,F,total,25-29,13368
2022,11220,서초구,F,unmarried,30-34,9257
2022,11220,서초구,M,total,30-34,12331
2022,11220,서초구,M,unmarried,30-34,9844
2022,11220,서초구,F,total,30-34,13718
2022,11220,서초구,F,unmarried,35-39,5262
2022,11220,서초구,M,total,35-39,12069
2022,11220,서초구,M,unmarried,35-39,5420
2022,11220,서초구,F,total,35-39,14363
2022,11220,서초구,F,unmarried,40-44,3867
2022,11220,서초구,M,total,40-44,15301
2022,11220,서초구,M,unmarried,40-44,3620
2022,11220,서초구,F,total,40-44,17958
2022,11230,강남구,F,unmarried,20-24,12892
2022,11230,강남구,M,total,20-24,12270
2022,11230,강남구,M,unmarried,20-24,12255
2022,11230,강남구,F,total,20-24,12933
2022,11230,강남구,F,unmarried,25-29,17620
2022,11230,강남구,M,total,25-29,16102
2022,11230,강남구,M,unmarried,25-29,15701
2022,11230,강남구,F,total,25-29,18557
2022,11230,강남구,F,unmarried,30-34,13565
2022,11230,강남구,M,total,30-34,17020
2022,11230,강남구,M,unmarried,30-34,14124
2022,11230,강남구,F,total,30-34,18499
2022,11230,강남구,F,unmarried,35-39,8239
2022,11230,강남구,M,total,35-39,15654
2022,11230,강남구,M,unmarried,35-39,8364
2022,11230,강남구,F,total,35-39,18653
2022,11230,강남구,F,unmarried,40-44,6061
2022,11230,강남구,M,total,40-44,19646
2022,11230,강남구,M,unmarried,40-44,5688
2022,11230,강남구,F,total,40-44,23845
2022,11240,송파구,F,unmarried,20-24,16627
2022,11240,송파구,M,total,20-24,15957
2022,11240,송파구,M,unmarried,20-24,15926
2022,11240,송파구,F,total,20-24,16701
2022,11240,송파구,F,unmarried,25-29,24150
2022,11240,송파구,M,total,25-29,22678
2022,11240,송파구,M,unmarried,25-29,21931
2022,11240,송파구,F,total,25-29,25842
2022,11240,송파구,F,unmarried,30-34,17384
2022,11240,송파구,M,total,30-34,24213
2022,11240,송파구,M,unmarried,30-34,18540
2022,11240,송파구,F,total,30-34,26549
2022,11240,송파구,F,unmarried,35-39,9295
2022,11240,송파구,M,total,35-39,23422
2022,11240,송파구,M,unmarried,35-39,10338
2022,11240,송파구,F,total,35-39,25470
2022,11240,송파구,F,unmarried,40-44,6394
2022,11240,송파구,M,total,40-44,25627
2022,11240,송파구,M,unmarried,40-44,6968
2022,11240,송파구,F,total,40-44,27399
2022,11250,강동구,F,unmarried,20-24,11024
2022,11250,강동구,M,total,20-24,10903
2022,11250,강동구,M,unmarried,20-24,10877
2022,11250,강동구,F,total,20-24,11099
2022,11250,강동구,F,unmarried,25-29,15537
2022,11250,강동구,M,total,25-29,15557
2022,11250,강동구,M,unmarried,25-29,14887
2022,11250,강동구,F,total,25-29,16940
2022,11250,강동구,F,unmarried,30-34,10140
2022,11250,강동구,M,total,30-34,16406
2022,11250,강동구,M,unmarried,30-34,12094
2022,11250,강동구,F,total,30-34,16932
2022,11250,강동구,F,unmarried,35-39,5325
2022,11250,강동구,M,total,35-39,16550
2022,11250,강동구,M,unmarried,35-39,7109
2022,11250,강동구,F,total,35-39,16637
2022,11250,강동구,F,unmarried,40-44,4124
2022,11250,강동구,M,total,40-44,18630
2022,11250,강동구,M,unmarried,40-44,5411
2022,11250,강동구,F,total,40-44,18965
2022,21,부산광역시,F,unmarried,20-24,88437
2022,21,부산광역시,M,total,20-24,95577
2022,21,부산광역시,M,unmarried,20-24,95251
2022,21,부산광역시,F,total,20-24,89333
2022,21,부산광역시,F,unmarried,25-29,89179
2022,21,부산광역시,M,total,25-29,108765
2022,21,부산광역시,M,unmarried,25-29,103811
2022,21,부산광역시,F,total,25-29,99764
2022,21,부산광역시,F,unmarried,30-34,52482
2022,21,부산광역시,M,total,30-34,99505
2022,21,부산광역시,M,unmarried,30-34,73911
2022,21,부산광역시,F,total,30-34,92611
2022,21,부산광역시,F,unmarried,35-39,27602
2022,21,부산광역시,M,total,35-39,97665
2022,21,부산광역시,M,unmarried,35-39,44021
2022,21,부산광역시,F,total,35-39,93531
2022,21,부산광역시,F,unmarried,40-44,23045
2022,21,부산광역시,M,total,40-44,122677
2022,21,부산광역시,M,unmarried,40-44,39273
2022,21,부산광역시,F,total,40-44,119036
2022,21003,동부,F,unmarried,20-24,85402
2022,21003,동부,M,total,20-24,91832
2022,21003,동부,M,unmarried,20-24,91526
2022,21003,동부,F,total,20-24,86238
2022,21003,동부,F,unmarried,25-29,86006
2022,21003,동부,M,total,25-29,104379
2022,21003,동부,M,unmarried,25-29,99820
2022,21003,동부,F,total,25-29,95794
2022,21003,동부,F,unmarried,30-34,50600
2022,21003,동부,M,total,30-34,94412
2022,21003,동부,M,unmarried,30-34,70769
2022,21003,동부,F,total,30-34,87739
2022,21003,동부,F,unmarried,35-39,26530
2022,21003,동부,M,total,35-39,91498
2022,21003,동부,M,unmarried,35-39,42133
2022,21003,동부,F,total,35-39,87106
2022,21003,동부,F,unmarried,40-44,22037
2022,21003,동부,M,total,40-44,113951
2022,21003,동부,M,unmarried,40-44,37433
2022,21003,동부,F,total,40-44,110339
2022,21004,읍부,F,unmarried,20-24,2957
2022,21004,읍부,M,total,20-24,3597
2022,21004,읍부,M,unmarried,20-24,3577
2022,21004,읍부,F,total,20-24,3016
2022,21004,읍부,F,unmarried,25-29,3047
2022,21004,읍부,M,total,25-29,4189
2022,21004,읍부,M,unmarried,25-29,3795
2022,21004,읍부,F,total,25-29,3834
2022,21004,읍부,F,unmarried,30-34,1811
2022,21004,읍부,M,total,30-34,4932
2022,21004,읍부,M,unmarried,30-34,2994
2022,21004,읍부,F,total,30-34,4764
2022,21004,읍부,F,unmarried,35-39,1023
2022,21004,읍부,M,total,35-39,6023
2022,21004,읍부,M,unmarried,35-39,1804
2022,21004,읍부,F,total,35-39,6293
2022,21004,읍부,F,unmarried,40-44,963
2022,21004,읍부,M,total,40-44,8528
2022,21004,읍부,M,unmarried,40-44,1755
2022,21004,읍부,F,total,40-44,8515
2022,21005,면부,F,unmarried,20-24,78
2022,21005,면부,M,total,20-24,148
2022,21005,면부,M,unmarried,20-24,148
2022,21005,면부,F,total,20-24,79
2022,21005,면부,F,unmarried,25-29,126
2022,21005,면부,M,total,25-29,197
2022,21005,면부,M,unmarried,25-29,196
2022,21005,면부,F,total,25-29,136
2022,21005,면부,F,unmarried,30-34,71
2022,21005,면부,M,total,30-34,161
2022,21005,면부,M,unmarried,30-34,148
2022,21005,면부,F,total,30-34,108
2022,21005,면부,F,unmarried,35-39,49
2022,21005,면부,M,total,35-39,144
2022,21005,면부,M,unmarried,35-39,84
2022,21005,면부,F,total,35-39,132
2022,21005,면부,F,unmarried,40-44,45
2022,21005,면부,M,total,40-44,198
2022,21005,면부,M,unmarried,40-44,85
2022,21005,면부,F,total,40-44,182
2022,21010,중구,F,unmarried,20-24,1255
2022,21010,중구,M,total,20-24,998
2022,21010,중구,M,unmarried,20-24,993
2022,21010,중구,F,total,20-24,1266
2022,21010,중구,F,unmarried,25-29,1501
2022,21010,중구,M,total,25-29,1595
2022,21010,중구,M,unmarried,25-29,1536
2022,21010,중구,F,total,25-29,1612
2022,21010,중구,F,unmarried,30-34,878
2022,21010,중구,M,total,30-34,1354
2022,21010,중구,M,unmarried,30-34,1191
2022,21010,중구,F,total,30-34,1120
2022,21010,중구,F,unmarried,35-39,457
2022,21010,중구,M,total,35-39,949
2022,21010,중구,M,unmarried,35-39,653
2022,21010,중구,F,total,35-39,859
2022,21010,중구,F,unmarried,40-44,362
2022,21010,중구,M,total,40-44,1204
2022,21010,중구,M,unmarried,40-44,650
2022,21010,중구,F,total,40-44,964
2022,21020,서구,F,unmarried,20-24,3291
2022,21020,서구,M,total,20-24,2865
2022,21020,서구,M,unmarried,20-24,2860
2022,21020,서구,F,total,20-24,3313
2022,21020,서구,F,unmarried,25-29,2950
2022,21020,서구,M,total,25-29,3229
2022,21020,서구,M,unmarried,25-29,3113
2022,21020,서구,F,total,25-29,3193
2022,21020,서구,F,unmarried,30-34,1516
2022,21020,서구,M,total,30-34,2758
2022,21020,서구,M,unmarried,30-34,2107
2022,21020,서구,F,total,30-34,2503
2022,21020,서구,F,unmarried,35-39,799
2022,21020,서구,M,total,35-39,2522
2022,21020,서구,M,unmarried,35-39,1227
2022,21020,서구,F,total,35-39,2397
2022,21020,서구,F,unmarried,40-44,800
2022,21020,서구,M,total,40-44,3397
2022,21020,서구,M,unmarried,40-44,1304
2022,21020,서구,F,total,40-44,3236
2022,21030,동구,F,unmarried,20-24,1822
2022,21030,동구,M,total,20-24,1879
2022,21030,동구,M,unmarried,20-24,1871
2022,21030,동구,F,total,20-24,1846
2022,21030,동구,F,unmarried,25-29,2556
2022,21030,동구,M,total,25-29,2806
2022,21030,동구,M,unmarried,25-29,2683
2022,21030,동구,F,total,25-29,2849
2022,21030,동구,F,unmarried,30-34,1628
2022,21030,동구,M,total,30-34,2790
2022,21030,동구,M,unmarried,30-34,2100
2022,21030,동구,F,total,30-34,2610
2022,21030,동구,F,unmarried,35-39,835
2022,21030,동구,M,total,35-39,2519
2022,21030,동구,M,unmarried,35-39,1369
2022,21030,동구,F,total,35-39,2166
2022,21030,동구,F,unmarried,40-44,708
2022,21030,동구,M,total,40-44,2925
2022,21030,동구,M,unmarried,40-44,1335
2022,21030,동구,F,total,40-44,2416
2022,21040,영도구,F,unmarried,20-24,2685
2022,21040,영도구,M,total,20-24,4430
2022,21040,영도구,M,unmarried,20-24,4416
2022,21040,영도구,F,total,20-24,2718
2022,21040,영도구,F,unmarried,25-29,2180
2022,21040,영도구,M,total,25-29,3139
2022,21040,영도구,M,unmarried,25-29,3004
2022,21040,영도구,F,total,25-29,2419
2022,21040,영도구,F,unmarried,30-34,1322
2022,21040,영도구,M,total,30-34,2632
2022,21040,영도구,M,unmarried,30-34,2120
2022,21040,영도구,F,total,30-34,2182
2022,21040,영도구,F,unmarried,35-39,836
2022,21040,영도구,M,total,35-39,2597
2022,21040,영도구,M,unmarried,35-39,1473
2022,21040,영도구,F,total,35-39,2165
2022,21040,영도구,F,unmarried,40-44,810
2022,21040,영도구,M,total,40-44,3363
2022,21040,영도구,M,unmarried,40-44,1527
2022,21040,영도구,F,total,40-44,3081
2022,21050,부산진구,F,unmarried,20-24,12321
2022,21050,부산진구,M,total,20-24,10846
2022,21050,부산진구,M,unmarried,20-24,10809
2022,21050,부산진구,F,total,20-24,12436
2022,21050,부산진구,F,unmarried,25-29,13013
2022,21050,부산진구,M,total,25-29,13617
2022,21050,부산진구,M,unmarried,25-29,13024
2022,21050,부산진구,F,total,25-29,14347
2022,21050,부산진구,F,unmarried,30-34,7635
2022,21050,부산진구,M,total,30-34,12485
2022,21050,부산진구,M,unmarried,30-34,9441
2022,21050,부산진구,F,total,30-34,12268
2022,21050,부산진구,F,unmarried,35-39,3818
2022,21050,부산진구,M,total,35-39,11110
2022,21050,부산진구,M,unmarried,35-39,5553
2022,21050,부산진구,F,total,35-39,10381
2022,21050,부산진구,F,unmarried,40-44,2935
2022,21050,부산진구,M,total,40-44,12345
2022,21050,부산진구,M,unmarried,40-44,4631
2022,21050,부산진구,F,total,40-44,11678
2022,21060,동래구,F,unmarried,20-24,6062
2022,21060,동래구,M,total,20-24,6798
2022,21060,동래구,M,unmarried,20-24,6786
2022,21060,동래구,F,total,20-24,6118
2022,21060,동래구,F,unmarried,25-29,6780
2022,21060,동래구,M,total,25-29,7929
2022,21060,동래구,M,unmarried,25-29,7593
2022,21060,동래구,F,total,25-29,7532
2022,21060,동래구,F,unmarried,30-34,4046
2022,21060,동래구,M,total,30-34,7702
2022,21060,동래구,M,unmarried,30-34,5636
2022,21060,동래구,F,total,30-34,7420
2022,21060,동래구,F,unmarried,35-39,2173
2022,21060,동래구,M,total,35-39,8080
2022,21060,동래구,M,unmarried,35-39,3349
2022,21060,동래구,F,total,35-39,8159
2022,21060,동래구,F,unmarried,40-44,1845
2022,21060,동래구,M,total,40-44,10637
2022,21060,동래구,M,unmarried,40-44,2884
2022,21060,동래구,F,total,40-44,10978
2022,21070,남구,F,unmarried,20-24,8740
2022,21070,남구,M,total,20-24,9319
2022,21070,남구,M,unmarried,20-24,9295
2022,21070,남구,F,total,20-24,8791
2022,21070,남구,F,unmarried,25-29,6425
2022,21070,남구,M,total,25-29,8631
2022,21070,남구,M,unmarried,25-29,8354
2022,21070,남구,F,total,25-29,7003
2022,21070,남구,F,unmarried,30-34,3585
2022,21070,남구,M,total,30-34,6550
2022,21070,남구,M,unmarried,30-34,5212
2022,21070,남구,F,total,30-34,5861
2022,21070,남구,F,unmarried,35-39,1917
2022,21070,남구,M,total,35-39,6666
2022,21070,남구,M,unmarried,35-39,3226
2022,21070,남구,F,total,35-39,6488
2022,21070,남구,F,unmarried,40-44,1694
2022,21070,남구,M,total,40-44,9174
2022,21070,남구,M,unmarried,40-44,2890
2022,21070,남구,F,total,40-44,9267
2022,21080,북구,F,unmarried,20-24,6387
2022,21080,북구,M,total,20-24,7879
2022,21080,북구,M,unmarried,20-24,7851
2022,21080,북구,F,total,20-24,6470
2022,21080,북구,F,unmarried,25-29,7162
2022,21080,북구,M,total,25-29,9272
2022,21080,북구,M,unmarried,25-29,8770
2022,21080,북구,F,total,25-29,8260
2022,21080,북구,F,unmarried,30-34,4222
2022,21080,북구,M,total,30-34,8875
2022,21080,북구,M,unmarried,30-34,6288
2022,21080,북구,F,total,30-34,8076
2022,21080,북구,F,unmarried,35-39,2049
2022,21080,북구,M,total,35-39,8232
2022,21080,북구,M,unmarried,35-39,3454
2022,21080,북구,F,total,35-39,7450
2022,21080,북구,F,unmarried,40-44,1551
2022,21080,북구,M,total,40-44,9503
2022,21080,북구,M,unmarried,40-44,2945
2022,21080,북구,F,total,40-44,9185
2022,21090,해운대구,F,unmarried,20-24,8352
2022,21090,해운대구,M,total,20-24,9961
2022,21090,해운대구,M,unmarried,20-24,9933
2022,21090,해운대구,F,total,20-24,8417
2022,21090,해운대구,F,unmarried,25-29,9376
2022,21090,해운대구,M,total,25-29,10972
2022,21090,해운대구,M,unmarried,25-29,10522
2022,21090,해운대구,F,total,25-29,10408
2022,21090,해운대구,F,unmarried,30-34,5638
2022,21090,해운대구,M,total,30-34,9909
2022,21090,해운대구,M,unmarried,30-34,7409
2022,21090,해운대구,F,total,30-34,9891
2022,21090,해운대구,F,unmarried,35-39,3169
2022,21090,해운대구,M,total,35-39,10217
2022,21090,해운대구,M,unmarried,35-39,4326
2022,21090,해운대구,F,total,35-39,10973
2022,21090,해운대구,F,unmarried,40-44,2674
2022,21090,해운대구,M,total,40-44,13909
2022,21090,해운대구,M,unmarried,40-44,3753
2022,21090,해운대구,F,total,40-44,15076
2022,21100,사하구,F,unmarried,20-24,8189
2022,21100,사하구,M,total,20-24,9297
2022,21100,사하구,M,unmarried,20-24,9250
2022,21100,사하구,F,total,20-24,8295
2022,21100,사하구,F,unmarried,25-29,7346
2022,21100,사하구,M,total,25-29,10074
2022,21100,사하구,M,unmarried,25-29,9552
2022,21100,사하구,F,total,25-29,8424
2022,21100,사하구,F,unmarried,30-34,4170
2022,21100,사하구,M,total,30-34,8842
2022,21100,사하구,M,unmarried,30-34,6482
2022,21100,사하구,F,total,30-34,7587
2022,21100,사하구,F,unmarried,35-39,2251
2022,21100,사하구,M,total,35-39,8729
2022,21100,사하구,M,unmarried,35-39,4168
2022,21100,사하구,F,total,35-39,7795
2022,21100,사하구,F,unmarried,40-44,1836
2022,21100,사하구,M,total,40-44,11083
2022,21100,사하구,M,unmarried,40-44,3954
2022,21100,사하구,F,total,40-44,10119
2022,21110,금정구,F,unmarried,20-24,8844
2022,21110,금정구,M,total,20-24,9198
2022,21110,금정구,M,unmarried,20-24,9178
2022,21110,금정구,F,total,20-24,8888
2022,21110,금정구,F,unmarried,25-29,6183
2022,21110,금정구,M,total,25-29,9002
2022,21110,금정구,M,unmarried,25-29,8775
2022,21110,금정구,F,total,25-29,6644
2022,21110,금정구,F,unmarried,30-34,3360
2022,21110,금정구,M,total,30-34,6295
2022,21110,금정구,M,unmarried,30-34,5098
2022,21110,금정구,F,total,30-34,5283
2022,21110,금정구,F,unmarried,35-39,1810
2022,21110,금정구,M,total,35-39,5488
2022,21110,금정구,M,unmarried,35-39,2900
2022,21110,금정구,F,total,35-39,5113
2022,21110,금정구,F,unmarried,40-44,1542
2022,21110,금정구,M,total,40-44,7130
2022,21110,금정구,M,unmarried,40-44,2604
2022,21110,금정구,F,total,40-44,7032
2022,21120,강서구,F,unmarried,20-24,1934
2022,21120,강서구,M,total,20-24,2462
2022,21120,강서구,M,unmarried,20-24,2444
2022,21120,강서구,F,total,20-24,1988
2022,21120,강서구,F,unmarried,25-29,2412
2022,21120,강서구,M,total,25-29,3794
2022,21120,강서구,M,unmarried,25-29,3433
2022,21120,강서구,F,total,25-29,3146
2022,21120,강서구,F,unmarried,30-34,1622
2022,21120,강서구,M,total,30-34,5325
2022,21120,강서구,M,unmarried,30-34,3100
2022,21120,강서구,F,total,30-34,5190
2022,21120,강서구,F,unmarried,35-39,882
2022,21120,강서구,M,total,35-39,7167
2022,21120,강서구,M,unmarried,35-39,1971
2022,21120,강서구,F,total,35-39,7047
2022,21120,강서구,F,unmarried,40-44,608
2022,21120,강서구,M,total,40-44,8798
2022,21120,강서구,M,unmarried,40-44,1570
2022,21120,강서구,F,total,40-44,7399
2022,21130,연제구,F,unmarried,20-24,4948
2022,21130,연제구,M,total,20-24,5249
2022,21130,연제구,M,unmarried,20-24,5235
2022,21130,연제구,F,total,20-24,4997
2022,21130,연제구,F,unmarried,25-29,5740
2022,21130,연제구,M,total,25-29,6116
2022,21130,연제구,M,unmarried,25-29,5850
2022,21130,연제구,F,total,25-29,6366
2022,21130,연제구,F,unmarried,30-34,3586
2022,21130,연제구,M,total,30-34,6193
2022,21130,연제구,M,unmarried,30-34,4536
2022,21130,연제구,F,total,30-34,6233
2022,21130,연제구,F,unmarried,35-39,1872
2022,21130,연제구,M,total,35-39,6305
2022,21130,연제구,M,unmarried,35-39,2760
2022,21130,연제구,F,total,35-39,6052
2022,21130,연제구,F,unmarried,40-44,1663
2022,21130,연제구,M,total,40-44,7533
2022,21130,연제구,M,unmarried,40-44,2371
2022,21130,연제구,F,total,40-44,7761
2022,21140,수영구,F,unmarried,20-24,4338
2022,21140,수영구,M,total,20-24,3969
2022,21140,수영구,M,unmarried,20-24,3946
2022,21140,수영구,F,total,20-24,4388
2022,21140,수영구,F,unmarried,25-29,6477
2022,21140,수영구,M,total,25-29,6385
2022,21140,수영구,M,unmarried,25-29,6149
2022,21140,수영구,F,total,25-29,7013
2022,21140,수영구,F,unmarried,30-34,4009
2022,21140,수영구,M,total,30-34,6093
2022,21140,수영구,M,unmarried,30-34,4821
2022,21140,수영구,F,total,30-34,6016
2022,21140,수영구,F,unmarried,35-39,2029
2022,21140,수영구,M,total,35-39,5219
2022,21140,수영구,M,unmarried,35-39,2627
2022,21140,수영구,F,total,35-39,5180
2022,21140,수영구,F,unmarried,40-44,1658
2022,21140,수영구,M,total,40-44,5928
2022,21140,수영구,M,unmarried,40-44,2189
2022,21140,수영구,F,total,40-44,5954
2022,21150,사상구,F,unmarried,20-24,6234
2022,21150,사상구,M,total,20-24,6682
2022,21150,사상구,M,unmarried,20-24,6659
2022,21150,사상구,F,total,20-24,6307
2022,21150,사상구,F,unmarried,25-29,5905
2022,21150,사상구,M,total,25-29,7818
2022,21150,사상구,M,unmarried,25-29,7462
2022,21150,사상구,F,total,25-29,6578
2022,21150,사상구,F,unmarried,30-34,3383
2022,21150,사상구,M,total,30-34,6609
2022,21150,사상구,M,unmarried,30-34,5228
2022,21150,사상구,F,total,30-34,5499
2022,21150,사상구,F,unmarried,35-39,1633
2022,21150,사상구,M,total,35-39,5698
2022,21150,사상구,M,unmarried,35-39,3077
2022,21150,사상구,F,total,35-39,4881
2022,21150,사상구,F,unmarried,40-44,1351
2022,21150,사상구,M,total,40-44,7022
2022,21150,사상구,M,unmarried,40-44,2826
2022,21150,사상구,F,total,40-44,6193
2022,21510,기장군,F,unmarried,20-24,3035
2022,21510,기장군,M,total,20-24,3745
2022,21510,기장군,M,unmarried,20-24,3725
2022,21510,기장군,F,total,20-24,3095
2022,21510,기장군,F,unmarried,25-29,3173
2022,21510,기장군,M,total,25-29,4386
2022,21510,기장군,M,unmarried,25-29,3991
2022,21510,기장군,F,total,25-29,3970
2022,21510,기장군,F,unmarried,30-34,1882
2022,21510,기장군,M,total,30-34,5093
2022,21510,기장군,M,unmarried,30-34,3142
2022,21510,기장군,F,total,30-34,4872
2022,21510,기장군,F,unmarried,35-39,1072
2022,21510,기장군,M,total,35-39,6167
2022,21510,기장군,M,unmarried,35-39,1888
2022,21510,기장군,F,total,35-39,6425
2022,21510,기장군,F,unmarried,40-44,1008
2022,21510,기장군,M,total,40-44,8726
2022,21510,기장군,M,unmarried,40-44,1840
2022,21510,기장군,F,total,40-44,8697
2022,22,대구광역시,F,unmarried,20-24,64661
2022,22,대구광역시,M,total,20-24,74615
2022,22,대구광역시,M,unmarried,20-24,74335
2022,22,대구광역시,F,total,20-24,65356
2022,22,대구광역시,F,unmarried,25-29,62646
2022,22,대구광역시,M,total,25-29,80609
2022,22,대구광역시,M,unmarried,25-29,76844
2022,22,대구광역시,F,total,25-29,71061
2022,22,대구광역시,F,unmarried,30-34,32726
2022,22,대구광역시,M,total,30-34,73852
2022,22,대구광역시,M,unmarried,30-34,54093
2022,22,대구광역시,F,total,30-34,62995
2022,22,대구광역시,F,unmarried,35-39,16140
2022,22,대구광역시,M,total,35-39,70700
2022,22,대구광역시,M,unmarried,35-39,30264
2022,22,대구광역시,F,total,35-39,65738
2022,22,대구광역시,F,unmarried,40-44,13640
2022,22,대구광역시,M,total,40-44,85781
2022,22,대구광역시,M,unmarried,40-44,24279
2022,22,대구광역시,F,total,40-44,87305
2022,22003,동부,F,unmarried,20-24,59885
2022,22003,동부,M,total,20-24,68094
2022,22003,동부,M,unmarried,20-24,67849
2022,22003,동부,F,total,20-24,60472
2022,22003,동부,F,unmarried,25-29,57655
2022,22003,동부,M,total,25-29,72553
2022,22003,동부,M,unmarried,25-29,69492
2022,22003,동부,F,total,25-29,64506
2022,22003,동부,F,unmarried,30-34,29960
2022,22003,동부,M,total,30-34,64516
2022,22003,동부,M,unmarried,30-34,48478
2022,22003,동부,F,total,30-34,54618
2022,22003,동부,F,unmarried,35-39,14783
2022,22003,동부,M,total,35-39,59907
2022,22003,동부,M,unmarried,35-39,26855
2022,22003,동부,F,total,35-39,55791
2022,22003,동부,F,unmarried,40-44,12524
2022,22003,동부,M,total,40-44,73404
2022,22003,동부,M,unmarried,40-44,21653
2022,22003,동부,F,total,40-44,75625
2022,22004,읍부,F,unmarried,20-24,4461
2022,22004,읍부,M,total,20-24,5960
2022,22004,읍부,M,unmarried,20-24,5932
2022,22004,읍부,F,total,20-24,4544
2022,22004,읍부,F,unmarried,25-29,4574
2022,22004,읍부,M,total,25-29,7110
2022,22004,읍부,M,unmarried,25-29,6539
2022,22004,읍부,F,total,25-29,5870
2022,22004,읍부,F,unmarried,30-34,2489
2022,22004,읍부,M,total,30-34,8014
2022,22004,읍부,M,unmarried,30-34,4877
2022,22004,읍부,F,total,30-34,7328
2022,22004,읍부,F,unmarried,35-39,1187
2022,22004,읍부,M,total,35-39,9399
2022,22004,읍부,M,unmarried,35-39,2923
2022,22004,읍부,F,total,35-39,8819
2022,22004,읍부,F,unmarried,40-44,976
2022,22004,읍부,M,total,40-44,11006
2022,22004,읍부,M,unmarried,40-44,2281
2022,22004,읍부,F,total,40-44,10525
2022,22005,면부,F,unmarried,20-24,315
2022,22005,면부,M,total,20-24,561
2022,22005,면부,M,unmarried,20-24,554
2022,22005,면부,F,total,20-24,340
2022,22005,면부,F,unmarried,25-29,417
2022,22005,면부,M,total,25-29,946
2022,22005,면부,M,unmarried,25-29,813
2022,22005,면부,F,total,25-29,685
2022,22005,면부,F,unmarried,30-34,277
2022,22005,면부,M,total,30-34,1322
2022,22005,면부,M,unmarried,30-34,738
2022,22005,면부,F,total,30-34,1049
2022,22005,면부,F,unmarried,35-39,170
2022,22005,면부,M,total,35-39,1394
2022,22005,면부,M,unmarried,35-39,486
2022,22005,면부,F,total,35-39,1128
2022,22005,면부,F,unmarried,40-44,140
2022,22005,면부,M,total,40-44,1371
2022,22005,면부,M,unmarried,40-44,345
2022,22005,면부,F,total,40-44,1155
2022,22010,중구,F,unmarried,20-24,2496
2022,22010,중구,M,total,20-24,2121
2022,22010,중구,M,unmarried,20-24,2116
2022,22010,중구,F,total,20-24,2515
2022,22010,중구,F,unmarried,25-29,3266
2022,22010,중구,M,total,25-29,3278
2022,22010,중구,M,unmarried,25-29,3131
2022,22010,중구,F,total,25-29,3570
2022,22010,중구,F,unmarried,30-34,1608
2022,22010,중구,M,total,30-34,3064
2022,22010,중구,M,unmarried,30-34,2277
2022,22010,중구,F,total,30-34,2898
2022,22010,중구,F,unmarried,35-39,800
2022,22010,중구,M,total,35-39,2934
2022,22010,중구,M,unmarried,35-39,1276
2022,22010,중구,F,total,35-39,2650
2022,22010,중구,F,unmarried,40-44,649
2022,22010,중구,M,total,40-44,2840
2022,22010,중구,M,unmarried,40-44,868
2022,22010,중구,F,total,40-44,2786
2022,22020,동구,F,unmarried,20-24,7190
2022,22020,동구,M,total,20-24,8593
2022,22020,동구,M,unmarried,20-24,8561
2022,22020,동구,F,total,20-24,7282
2022,22020,동구,F,unmarried,25-29,8679
2022,22020,동구,M,total,25-29,10939
2022,22020,동구,M,unmarried,25-29,10346
2022,22020,동구,F,total,25-29,10008
2022,22020,동구,F,unmarried,30-34,4917
2022,22020,동구,M,total,30-34,11358
2022,22020,동구,M,unmarried,30-34,8074
2022,22020,동구,F,total,30-34,9701
2022,22020,동구,F,unmarried,35-39,2506
2022,22020,동구,M,total,35-39,10798
2022,22020,동구,M,unmarried,35-39,4706
2022,22020,동구,F,total,35-39,9683
2022,22020,동구,F,unmarried,40-44,2174
2022,22020,동구,M,total,40-44,12680
2022,22020,동구,M,unmarried,40-44,3886
2022,22020,동구,F,total,40-44,12088
2022,22030,서구,F,unmarried,20-24,3418
2022,22030,서구,M,total,20-24,4264
2022,22030,서구,M,unmarried,20-24,4233
2022,22030,서구,F,total,20-24,3478
2022,22030,서구,F,unmarried,25-29,4246
2022,22030,서구,M,total,25-29,5584
2022,22030,서구,M,unmarried,25-29,5388
2022,22030,서구,F,total,25-29,4649
2022,22030,서구,F,unmarried,30-34,2393
2022,22030,서구,M,total,30-34,4971
2022,22030,서구,M,unmarried,30-34,4272
2022,22030,서구,F,total,30-34,3576
2022,22030,서구,F,unmarried,35-39,1279
2022,22030,서구,M,total,35-39,4195
2022,22030,서구,M,unmarried,35-39,2625
2022,22030,서구,F,total,35-39,3255
2022,22030,서구,F,unmarried,40-44,1092
2022,22030,서구,M,total,40-44,4971
2022,22030,서구,M,unmarried,40-44,2414
2022,22030,서구,F,total,40-44,4206
2022,22040,남구,F,unmarried,20-24,4631
2022,22040,남구,M,total,20-24,4384
2022,22040,남구,M,unmarried,20-24,4362
2022,22040,남구,F,total,20-24,4680
2022,22040,남구,F,unmarried,25-29,4894
2022,22040,남구,M,total,25-29,5397
2022,22040,남구,M,unmarried,25-29,5172
2022,22040,남구,F,total,25-29,5340
2022,22040,남구,F,unmarried,30-34,2614
2022,22040,남구,M,total,30-34,4662
2022,22040,남구,M,unmarried,30-34,3796
2022,22040,남구,F,total,30-34,4004
2022,22040,남구,F,unmarried,35-39,1532
2022,22040,남구,M,total,35-39,4027
2022,22040,남구,M,unmarried,35-39,2362
2022,22040,남구,F,total,35-39,3542
2022,22040,남구,F,unmarried,40-44,1345
2022,22040,남구,M,total,40-44,4424
2022,22040,남구,M,unmarried,40-44,2008
2022,22040,남구,F,total,40-44,4293
2022,22050,북구,F,unmarried,20-24,15402
2022,22050,북구,M,total,20-24,17827
2022,22050,북구,M,unmarried,20-24,17763
2022,22050,북구,F,total,20-24,15551
2022,22050,북구,F,unmarried,25-29,11773
2022,22050,북구,M,total,25-29,16530
2022,22050,북구,M,unmarried,25-29,15782
2022,22050,북구,F,total,25-29,13470
2022,22050,북구,F,unmarried,30-34,5673
2022,22050,북구,M,total,30-34,13771
2022,22050,북구,M,unmarried,30-34,9926
2022,22050,북구,F,total,30-34,11448
2022,22050,북구,F,unmarried,35-39,2612
2022,22050,북구,M,total,35-39,13069
2022,22050,북구,M,unmarried,35-39,5283
2022,22050,북구,F,total,35-39,11800
2022,22050,북구,F,unmarried,40-44,2233
2022,22050,북구,M,total,40-44,15640
2022,22050,북구,M,unmarried,40-44,4374
2022,22050,북구,F,total,40-44,15723
2022,22060,수성구,F,unmarried,20-24,10206
2022,22060,수성구,M,total,20-24,12598
2022,22060,수성구,M,unmarried,20-24,12571
2022,22060,수성구,F,total,20-24,10272
2022,22060,수성구,F,unmarried,25-29,9791
2022,22060,수성구,M,total,25-29,11953
2022,22060,수성구,M,unmarried,25-29,11558
2022,22060,수성구,F,total,25-29,10696
2022,22060,수성구,F,unmarried,30-34,5284
2022,22060,수성구,M,total,30-34,10029
2022,22060,수성구,M,unmarried,30-34,7674
2022,22060,수성구,F,total,30-34,9081
2022,22060,수성구,F,unmarried,35-39,2544
2022,22060,수성구,M,total,35-39,9630
2022,22060,수성구,M,unmarried,35-39,3952
2022,22060,수성구,F,total,35-39,10562
2022,22060,수성구,F,unmarried,40-44,2273
2022,22060,수성구,M,total,40-44,14032
2022,22060,수성구,M,unmarried,40-44,2889
2022,22060,수성구,F,total,40-44,16830
2022,22070,달서구,F,unmarried,20-24,16542
2022,22070,달서구,M,total,20-24,18307
2022,22070,달서구,M,unmarried,20-24,18243
2022,22070,달서구,F,total,20-24,16694
2022,22070,달서구,F,unmarried,25-29,15006
2022,22070,달서구,M,total,25-29,18872
2022,22070,달서구,M,unmarried,25-29,18115
2022,22070,달서구,F,total,25-29,16773
2022,22070,달서구,F,unmarried,30-34,7471
2022,22070,달서구,M,total,30-34,16661
2022,22070,달서구,M,unmarried,30-34,12459
2022,22070,달서구,F,total,30-34,13910
2022,22070,달서구,F,unmarried,35-39,3510
2022,22070,달서구,M,total,35-39,15254
2022,22070,달서구,M,unmarried,35-39,6651
2022,22070,달서구,F,total,35-39,14299
2022,22070,달서구,F,unmarried,40-44,2758
2022,22070,달서구,M,total,40-44,18817
2022,22070,달서구,M,unmarried,40-44,5214
2022,22070,달서구,F,total,40-44,19699
2022,22510,달성군,F,unmarried,20-24,4776
2022,22510,달성군,M,total,20-24,6521
2022,22510,달성군,M,unmarried,20-24,6486
2022,22510,달성군,F,total,20-24,4884
2022,22510,달성군,F,unmarried,25-29,4991
2022,22510,달성군,M,total,25-29,8056
2022,22510,달성군,M,unmarried,25-29,7352
2022,22510,달성군,F,total,25-29,6555
2022,22510,달성군,F,unmarried,30-34,2766
2022,22510,달성군,M,total,30-34,9336
2022,22510,달성군,M,unmarried,30-34,5615
2022,22510,달성군,F,total,30-34,8377
2022,22510,달성군,F,unmarried,35-39,1357
2022,22510,달성군,M,total,35-39,10793
2022,22510,달성군,M,unmarried,35-39,3409
2022,22510,달성군,F,total,35-39,9947
2022,22510,달성군,F,unmarried,40-44,1116
2022,22510,달성군,M,total,40-44,12377
2022,22510,달성군,M,unmarried,40-44,2626
2022,22510,달성군,F,total,40-44,11680
2022,23,인천광역시,F,unmarried,20-24,74411
2022,23,인천광역시,M,total,20-24,82916
2022,23,인천광역시,M,unmarried,20-24,82409
2022,23,인천광역시,F,total,20-24,75642
2022,23,인천광역시,F,unmarried,25-29,83842
2022,23,인천광역시,M,total,25-29,106274
2022,23,인천광역시,M,unmarried,25-29,99243
2022,23,인천광역시,F,total,25-29,96890
2022,23,인천광역시,F,unmarried,30-34,49804
2022,23,인천광역시,M,total,30-34,102929
2022,23,인천광역시,M,unmarried,30-34,73599
2022,23,인천광역시,F,total,30-34,93417
2022,23,인천광역시,F,unmarried,35-39,24381
2022,23,인천광역시,M,total,35-39,100320
2022,23,인천광역시,M,unmarried,35-39,42353
2022,23,인천광역시,F,total,35-39,94002
2022,23,인천광역시,F,unmarried,40-44,17463
2022,23,인천광역시,M,total,40-44,121323
2022,23,인천광역시,M,unmarried,40-44,34100
2022,23,인천광역시,F,total,40-44,114310
2022,23003,동부,F,unmarried,20-24,73406
2022,23003,동부,M,total,20-24,80988
2022,23003,동부,M,unmarried,20-24,80504
2022,23003,동부,F,total,20-24,74597
2022,23003,동부,F,unmarried,25-29,82856
2022,23003,동부,M,total,25-29,104103
2022,23003,동부,M,unmarried,25-29,97270
2022,23003,동부,F,total,25-29,95651
2022,23003,동부,F,unmarried,30-34,49142
2022,23003,동부,M,total,30-34,101066
2022,23003,동부,M,unmarried,30-34,72261
2022,23003,동부,F,total,30-34,92074
2022,23003,동부,F,unmarried,35-39,23955
2022,23003,동부,M,total,35-39,98597
2022,23003,동부,M,unmarried,35-39,41531
2022,23003,동부,F,total,35-39,92516
2022,23003,동부,F,unmarried,40-44,17142
2022,23003,동부,M,total,40-44,119085
2022,23003,동부,M,unmarried,40-44,33349
2022,23003,동부,F,total,40-44,112444
2022,23004,읍부,F,unmarried,20-24,356
2022,23004,읍부,M,total,20-24,474
2022,23004,읍부,M,unmarried,20-24,468
2022,23004,읍부,F,total,20-24,375
2022,23004,읍부,F,unmarried,25-29,328
2022,23004,읍부,M,total,25-29,554
2022,23004,읍부,M,unmarried,25-29,491
2022,23004,읍부,F,total,25-29,419
2022,23004,읍부,F,unmarried,30-34,191
2022,23004,읍부,M,total,30-34,502
2022,23004,읍부,M,unmarried,30-34,344
2022,23004,읍부,F,total,30-34,447
2022,23004,읍부,F,unmarried,35-39,108
2022,23004,읍부,M,total,35-39,511
2022,23004,읍부,M,unmarried,35-39,227
2022,23004,읍부,F,total,35-39,492
2022,23004,읍부,F,unmarried,40-44,90
2022,23004,읍부,M,total,40-44,650
2022,23004,읍부,M,unmarried,40-44,197
2022,23004,읍부,F,total,40-44,692
2022,23005,면부,F,unmarried,20-24,649
2022,23005,면부,M,total,20-24,1454
2022,23005,면부,M,unmarried,20-24,1437
2022,23005,면부,F,total,20-24,670
2022,23005,면부,F,unmarried,25-29,658
2022,23005,면부,M,total,25-29,1617
2022,23005,면부,M,unmarried,25-29,1482
2022,23005,면부,F,total,25-29,820
2022,23005,면부,F,unmarried,30-34,471
2022,23005,면부,M,total,30-34,1361
2022,23005,면부,M,unmarried,30-34,994
2022,23005,면부,F,total,30-34,896
2022,23005,면부,F,unmarried,35-39,318
2022,23005,면부,M,total,35-39,1212
2022,23005,면부,M,unmarried,35-39,595
2022,23005,면부,F,total,35-39,994
2022,23005,면부,F,unmarried,40-44,231
2022,23005,면부,M,total,40-44,1588
2022,23005,면부,M,unmarried,40-44,554
2022,23005,면부,F,total,40-44,1174
2022,23010,중구,F,unmarried,20-24,3085
2022,23010,중구,M,total,20-24,3320
2022,23010,중구,M,unmarried,20-24,3296
2022,23010,중구,F,total,20-24,3154
2022,23010,중구,F,unmarried,25-29,4597
2022,23010,중구,M,total,25-29,5841
2022,23010,중구,M,unmarried,25-29,5407
2022,23010,중구,F,total,25-29,5425
2022,23010,중구,F,unmarried,30-34,2723
2022,23010,중구,M,total,30-34,6435
2022,23010,중구,M,unmarried,30-34,4613
2022,23010,중구,F,total,30-34,5249
2022,23010,중구,F,unmarried,35-39,1268
2022,23010,중구,M,total,35-39,5826
2022,23010,중구,M,unmarried,35-39,2487
2022,23010,중구,F,total,35-39,5060
2022,23010,중구,F,unmarried,40-44,904
2022,23010,중구,M,total,40-44,6977
2022,23010,중구,M,unmarried,40-44,2127
2022,23010,중구,F,total,40-44,6219
2022,23020,동구,F,unmarried,20-24,1218
2022,23020,동구,M,total,20-24,1418
2022,23020,동구,M,unmarried,20-24,1410
2022,23020,동구,F,total,20-24,1240
2022,23020,동구,F,unmarried,25-29,1144
2022,23020,동구,M,total,25-29,1647
2022,23020,동구,M,unmarried,25-29,1553
2022,23020,동구,F,total,25-29,1320
2022,23020,동구,F,unmarried,30-34,743
2022,23020,동구,M,total,30-34,1604
2022,23020,동구,M,unmarried,30-34,1208
2022,23020,동구,F,total,30-34,1341
2022,23020,동구,F,unmarried,35-39,453
2022,23020,동구,M,total,35-39,1711
2022,23020,동구,M,unmarried,35-39,856
2022,23020,동구,F,total,35-39,1473
2022,23020,동구,F,unmarried,40-44,435
2022,23020,동구,M,total,40-44,2339
2022,23020,동구,M,unmarried,40-44,881
2022,23020,동구,F,total,40-44,2073
2022,23040,연수구,F,unmarried,20-24,11025
2022,23040,연수구,M,total,20-24,12230
2022,23040,연수구,M,unmarried,20-24,12198
2022,23040,연수구,F,total,20-24,11102
2022,23040,연수구,F,unmarried,25-29,9996
2022,23040,연수구,M,total,25-29,12595
2022,23040,연수구,M,unmarried,25-29,12016
2022,23040,연수구,F,total,25-29,11285
2022,23040,연수구,F,unmarried,30-34,5987
2022,23040,연수구,M,total,30-34,12305
2022,23040,연수구,M,unmarried,30-34,8438
2022,23040,연수구,F,total,30-34,12372
2022,23040,연수구,F,unmarried,35-39,2683
2022,23040,연수구,M,total,35-39,13463
2022,23040,연수구,M,unmarried,35-39,4254
2022,23040,연수구,F,total,35-39,14069
2022,23040,연수구,F,unmarried,40-44,1877
2022,23040,연수구,M,total,40-44,16641
2022,23040,연수구,M,unmarried,40-44,2975
2022,23040,연수구,F,total,40-44,17286
2022,23050,남동구,F,unmarried,20-24,12566
2022,23050,남동구,M,total,20-24,13604
2022,23050,남동구,M,unmarried,20-24,13504
2022,23050,남동구,F,total,20-24,12803
2022,23050,남동구,F,unmarried,25-29,14631
2022,23050,남동구,M,total,25-29,18168
2022,23050,남동구,M,unmarried,25-29,16992
2022,23050,남동구,F,total,25-29,16767
2022,23050,남동구,F,unmarried,30-34,8515
2022,23050,남동구,M,total,30-34,16788
2022,23050,남동구,M,unmarried,30-34,12430
2022,23050,남동구,F,total,30-34,15092
2022,23050,남동구,F,unmarried,35-39,4128
2022,23050,남동구,M,total,35-39,16162
2022,23050,남동구,M,unmarried,35-39,7310
2022,23050,남동구,F,total,35-39,15373
2022,23050,남동구,F,unmarried,40-44,3128
2022,23050,남동구,M,total,40-44,21063
2022,23050,남동구,M,unmarried,40-44,6116
2022,23050,남동구,F,total,40-44,20363
2022,23060,부평구,F,unmarried,20-24,12085
2022,23060,부평구,M,total,20-24,13013
2022,23060,부평구,M,unmarried,20-24,12942
2022,23060,부평구,F,total,20-24,12290
2022,23060,부평구,F,unmarried,25-29,15648
2022,23060,부평구,M,total,25-29,18559
2022,23060,부평구,M,unmarried,25-29,17300
2022,23060,부평구,F,total,25-29,17833
2022,23060,부평구,F,unmarried,30-34,9760
2022,23060,부평구,M,total,30-34,18193
2022,23060,부평구,M,unmarried,30-34,13411
2022,23060,부평구,F,total,30-34,16658
2022,23060,부평구,F,unmarried,35-39,4910
2022,23060,부평구,M,total,35-39,16370
2022,23060,부평구,M,unmarried,35-39,7709
2022,23060,부평구,F,total,35-39,14900
2022,23060,부평구,F,unmarried,40-44,3414
2022,23060,부평구,M,total,40-44,18297
2022,23060,부평구,M,unmarried,40-44,5956
2022,23060,부평구,F,total,40-44,17425
2022,23070,계양구,F,unmarried,20-24,8151
2022,23070,계양구,M,total,20-24,8586
2022,23070,계양구,M,unmarried,20-24,8541
2022,23070,계양구,F,total,20-24,8247
2022,23070,계양구,F,unmarried,25-29,9167
2022,23070,계양구,M,total,25-29,11252
2022,23070,계양구,M,unmarried,25-29,10693
2022,23070,계양구,F,total,25-29,10200
2022,23070,계양구,F,unmarried,30-34,5531
2022,23070,계양구,M,total,30-34,10151
2022,23070,계양구,M,unmarried,30-34,7695
2022,23070,계양구,F,total,30-34,9047
2022,23070,계양구,F,unmarried,35-39,2603
2022,23070,계양구,M,total,35-39,8869
2022,23070,계양구,M,unmarried,35-39,4421
2022,23070,계양구,F,total,35-39,8063
2022,23070,계양구,F,unmarried,40-44,1736
2022,23070,계양구,M,total,40-44,10172
2022,23070,계양구,M,unmarried,40-44,3338
2022,23070,계양구,F,total,40-44,9747
2022,23080,서구,F,unmarried,20-24,13353
2022,23080,서구,M,total,20-24,14998
2022,23080,서구,M,unmarried,20-24,14903
2022,23080,서구,F,total,20-24,13595
2022,23080,서구,F,unmarried,25-29,15693
2022,23080,서구,M,total,25-29,19630
2022,23080,서구,M,unmarried,25-29,18091
2022,23080,서구,F,total,25-29,18758
2022,23080,서구,F,unmarried,30-34,8830
2022,23080,서구,M,total,30-34,20638
2022,23080,서구,M,unmarried,30-34,13474
2022,23080,서구,F,total,30-34,19577
2022,23080,서구,F,unmarried,35-39,4220
2022,23080,서구,M,total,35-39,22229
2022,23080,서구,M,unmarried,35-39,7795
2022,23080,서구,F,total,35-39,21535
2022,23080,서구,F,unmarried,40-44,2826
2022,23080,서구,M,total,40-44,26802
2022,23080,서구,M,unmarried,40-44,5950
2022,23080,서구,F,total,40-44,24866
2022,23090,미추홀구,F,unmarried,20-24,11923
2022,23090,미추홀구,M,total,20-24,13819
2022,23090,미추홀구,M,unmarried,20-24,13710
2022,23090,미추홀구,F,total,20-24,12166
2022,23090,미추홀구,F,unmarried,25-29,11980
2022,23090,미추홀구,M,total,25-29,16411
2022,23090,미추홀구,M,unmarried,25-29,15218
2022,23090,미추홀구,F,total,25-29,14063
2022,23090,미추홀구,F,unmarried,30-34,7053
2022,23090,미추홀구,M,total,30-34,14952
2022,23090,미추홀구,M,unmarried,30-34,10992
2022,23090,미추홀구,F,total,30-34,12738
2022,23090,미추홀구,F,unmarried,35-39,3690
2022,23090,미추홀구,M,total,35-39,13967
2022,23090,미추홀구,M,unmarried,35-39,6699
2022,23090,미추홀구,F,total,35-39,12043
2022,23090,미추홀구,F,unmarried,40-44,2822
2022,23090,미추홀구,M,total,40-44,16794
2022,23090,미추홀구,M,unmarried,40-44,6006
2022,23090,미추홀구,F,total,40-44,14465
2022,23510,강화군,F,unmarried,20-24,790
2022,23510,강화군,M,total,20-24,1110
2022,23510,강화군,M,unmarried,20-24,1098
2022,23510,강화군,F,total,20-24,815
2022,23510,강화군,F,unmarried,25-29,764
2022,23510,강화군,M,total,25-29,1305
2022,23510,강화군,M,unmarried,25-29,1209
2022,23510,강화군,F,total,25-29,935
2022,23510,강화군,F,unmarried,30-34,523
2022,23510,강화군,M,total,30-34,1235
2022,23510,강화군,M,unmarried,30-34,922
2022,23510,강화군,F,total,30-34,1033
2022,23510,강화군,F,unmarried,35-39,354
2022,23510,강화군,M,total,35-39,1224
2022,23510,강화군,M,unmarried,35-39,608
2022,23510,강화군,F,total,35-39,1175
2022,23510,강화군,F,unmarried,40-44,277
2022,23510,강화군,M,total,40-44,1632
2022,23510,강화군,M,unmarried,40-44,583
2022,23510,강화군,F,total,40-44,1495
2022,23520,옹진군,F,unmarried,20-24,215
2022,23520,옹진군,M,total,20-24,818
2022,23520,옹진군,M,unmarried,20-24,807
2022,23520,옹진군,F,total,20-24,230
2022,23520,옹진군,F,unmarried,25-29,222
2022,23520,옹진군,M,total,25-29,866
2022,23520,옹진군,M,unmarried,25-29,764
2022,23520,옹진군,F,total,25-29,304
2022,23520,옹진군,F,unmarried,30-34,139
2022,23520,옹진군,M,total,30-34,628
2022,23520,옹진군,M,unmarried,30-34,416
2022,23520,옹진군,F,total,30-34,310
2022,23520,옹진군,F,unmarried,35-39,72
2022,23520,옹진군,M,total,35-39,499
2022,23520,옹진군,M,unmarried,35-39,214
2022,23520,옹진군,F,total,35-39,311
2022,23520,옹진군,F,unmarried,40-44,44
2022,23520,옹진군,M,total,40-44,606
2022,23520,옹진군,M,unmarried,40-44,168
2022,23520,옹진군,F,total,40-44,371
2022,24,광주광역시,F,unmarried,20-24,48563
2022,24,광주광역시,M,total,20-24,51042
2022,24,광주광역시,M,unmarried,20-24,50806
2022,24,광주광역시,F,total,20-24,49159
2022,24,광주광역시,F,unmarried,25-29,42537
2022,24,광주광역시,M,total,25-29,53999
2022,24,광주광역시,M,unmarried,25-29,50993
2022,24,광주광역시,F,total,25-29,48788
2022,24,광주광역시,F,unmarried,30-34,21562
2022,24,광주광역시,M,total,30-34,44712
2022,24,광주광역시,M,unmarried,30-34,32385
2022,24,광주광역시,F,total,30-34,41368
2022,24,광주광역시,F,unmarried,35-39,10936
2022,24,광주광역시,M,total,35-39,45493
2022,24,광주광역시,M,unmarried,35-39,19285
2022,24,광주광역시,F,total,35-39,43951
2022,24,광주광역시,F,unmarried,40-44,7994
2022,24,광주광역시,M,total,40-44,56761
2022,24,광주광역시,M,unmarried,40-44,16522
2022,24,광주광역시,F,total,40-44,57109
2022,24010,동구,F,unmarried,20-24,4271
2022,24010,동구,M,total,20-24,4683
2022,24010,동구,M,unmarried,20-24,4670
2022,24010,동구,F,total,20-24,4306
2022,24010,동구,F,unmarried,25-29,3519
2022,24010,동구,M,total,25-29,4271
2022,24010,동구,M,unmarried,25-29,4100
2022,24010,동구,F,total,25-29,3918
2022,24010,동구,F,unmarried,30-34,1878
2022,24010,동구,M,total,30-34,3680
2022,24010,동구,M,unmarried,30-34,2629
2022,24010,동구,F,total,30-34,3460
2022,24010,동구,F,unmarried,35-39,949
2022,24010,동구,M,total,35-39,3578
2022,24010,동구,M,unmarried,35-39,1564
2022,24010,동구,F,total,35-39,3329
2022,24010,동구,F,unmarried,40-44,732
2022,24010,동구,M,total,40-44,3911
2022,24010,동구,M,unmarried,40-44,1355
2022,24010,동구,F,total,40-44,3443
2022,24020,서구,F,unmarried,20-24,8827
2022,24020,서구,M,total,20-24,9305
2022,24020,서구,M,unmarried,20-24,9257
2022,24020,서구,F,total,20-24,8945
2022,24020,서구,F,unmarried,25-29,9527
2022,24020,서구,M,total,25-29,11108
2022,24020,서구,M,unmarried,25-29,10573
2022,24020,서구,F,total,25-29,10663
2022,24020,서구,F,unmarried,30-34,4933
2022,24020,서구,M,total,30-34,8941
2022,24020,서구,M,unmarried,30-34,6845
2022,24020,서구,F,total,30-34,8223
2022,24020,서구,F,unmarried,35-39,2592
2022,24020,서구,M,total,35-39,8443
2022,24020,서구,M,unmarried,35-39,4073
2022,24020,서구,F,total,35-39,8343
2022,24020,서구,F,unmarried,40-44,1843
2022,24020,서구,M,total,40-44,10764
2022,24020,서구,M,unmarried,40-44,3418
2022,24020,서구,F,total,40-44,11128
2022,24030,남구,F,unmarried,20-24,6451
2022,24030,남구,M,total,20-24,6685
2022,24030,남구,M,unmarried,20-24,6654
2022,24030,남구,F,total,20-24,6515
2022,24030,남구,F,unmarried,25-29,5713
2022,24030,남구,M,total,25-29,6718
2022,24030,남구,M,unmarried,25-29,6358
2022,24030,남구,F,total,25-29,6481
2022,24030,남구,F,unmarried,30-34,3171
2022,24030,남구,M,total,30-34,5775
2022,24030,남구,M,unmarried,30-34,4266
2022,24030,남구,F,total,30-34,5575
2022,24030,남구,F,unmarried,35-39,1628
2022,24030,남구,M,total,35-39,6118
2022,24030,남구,M,unmarried,35-39,2601
2022,24030,남구,F,total,35-39,6474
2022,24030,남구,F,unmarried,40-44,1236
2022,24030,남구,M,total,40-44,8130
2022,24030,남구,M,unmarried,40-44,2240
2022,24030,남구,F,total,40-44,8581
2022,24040,북구,F,unmarried,20-24,14712
2022,24040,북구,M,total,20-24,15830
2022,24040,북구,M,unmarried,20-24,15759
2022,24040,북구,F,total,20-24,14892
2022,24040,북구,F,unmarried,25-29,12839
2022,24040,북구,M,total,25-29,17034
2022,24040,북구,M,unmarried,25-29,16119
2022,24040,북구,F,total,25-29,14702
2022,24040,북구,F,unmarried,30-34,6517
2022,24040,북구,M,total,30-34,13738
2022,24040,북구,M,unmarried,30-34,10028
2022,24040,북구,F,total,30-34,12591
2022,24040,북구,F,unmarried,35-39,3403
2022,24040,북구,M,total,35-39,13867
2022,24040,북구,M,unmarried,35-39,5997
2022,24040,북구,F,total,35-39,12803
2022,24040,북구,F,unmarried,40-44,2473
2022,24040,북구,M,total,40-44,16171
2022,24040,북구,M,unmarried,40-44,5148
2022,24040,북구,F,total,40-44,15788
2022,24050,광산구,F,unmarried,20-24,14302
2022,24050,광산구,M,total,20-24,14539
2022,24050,광산구,M,unmarried,20-24,14466
2022,24050,광산구,F,total,20-24,14501
2022,24050,광산구,F,unmarried,25-29,10939
2022,24050,광산구,M,total,25-29,14868
2022,24050,광산구,M,unmarried,25-29,13843
2022,24050,광산구,F,total,25-29,13024
2022,24050,광산구,F,unmarried,30-34,5063
2022,24050,광산구,M,total,30-34,12578
2022,24050,광산구,M,unmarried,30-34,8617
2022,24050,광산구,F,total,30-34,11519
2022,24050,광산구,F,unmarried,35-39,2364
2022,24050,광산구,M,total,35-39,13487
2022,24050,광산구,M,unmarried,35-39,5050
2022,24050,광산구,F,total,35-39,13002
2022,24050,광산구,F,unmarried,40-44,1710
2022,24050,광산구,M,total,40-44,17785
2022,24050,광산구,M,unmarried,40-44,4361
2022,24050,광산구,F,total,40-44,18169
2022,25,대전광역시,F,unmarried,20-24,51275
2022,25,대전광역시,M,total,20-24,56324
2022,25,대전광역시,M,unmarried,20-24,56093
2022,25,대전광역시,F,total,20-24,51960
2022,25,대전광역시,F,unmarried,25-29,43625
2022,25,대전광역시,M,total,25-29,59969
2022,25,대전광역시,M,unmarried,25-29,56571
2022,25,대전광역시,F,total,25-29,50233
2022,25,대전광역시,F,unmarried,30-34,22218
2022,25,대전광역시,M,total,30-34,50445
2022,25,대전광역시,M,unmarried,30-34,35892
2022,25,대전광역시,F,total,30-34,43481
2022,25,대전광역시,F,unmarried,35-39,11001
2022,25,대전광역시,M,total,35-39,46627
2022,25,대전광역시,M,unmarried,35-39,19432
2022,25,대전광역시,F,total,35-39,43210
2022,25,대전광역시,F,unmarried,40-44,8362
2022,25,대전광역시,M,total,40-44,54313
2022,25,대전광역시,M,unmarried,40-44,15226
2022,25,대전광역시,F,total,40-44,54157
2022,25010,동구,F,unmarried,20-24,9671
2022,25010,동구,M,total,20-24,10208
2022,25010,동구,M,unmarried,20-24,10180
2022,25010,동구,F,total,20-24,9779
2022,25010,동구,F,unmarried,25-29,5450
2022,25010,동구,M,total,25-29,8164
2022,25010,동구,M,unmarried,25-29,7711
2022,25010,동구,F,total,25-29,6357
2022,25010,동구,F,unmarried,30-34,2801
2022,25010,동구,M,total,30-34,6744
2022,25010,동구,M,unmarried,30-34,4916
2022,25010,동구,F,total,30-34,5546
2022,25010,동구,F,unmarried,35-39,1489
2022,25010,동구,M,total,35-39,6417
2022,25010,동구,M,unmarried,35-39,2957
2022,25010,동구,F,total,35-39,5559
2022,25010,동구,F,unmarried,40-44,1220
2022,25010,동구,M,total,40-44,8008
2022,25010,동구,M,unmarried,40-44,2777
2022,25010,동구,F,total,40-44,7403
2022,25020,중구,F,unmarried,20-24,5909
2022,25020,중구,M,total,20-24,6477
2022,25020,중구,M,unmarried,20-24,6443
2022,25020,중구,F,total,20-24,6015
2022,25020,중구,F,unmarried,25-29,6595
2022,25020,중구,M,total,25-29,7540
2022,25020,중구,M,unmarried,25-29,7113
2022,25020,중구,F,total,25-29,7471
2022,25020,중구,F,unmarried,30-34,3334
2022,25020,중구,M,total,30-34,6493
2022,25020,중구,M,unmarried,30-34,4807
2022,25020,중구,F,total,30-34,5814
2022,25020,중구,F,unmarried,35-39,1678
2022,25020,중구,M,total,35-39,5972
2022,25020,중구,M,unmarried,35-39,2824
2022,25020,중구,F,total,35-39,5684
2022,25020,중구,F,unmarried,40-44,1425
2022,25020,중구,M,total,40-44,7862
2022,25020,중구,M,unmarried,40-44,2703
2022,25020,중구,F,total,40-44,7834
2022,25030,서구,F,unmarried,20-24,17138
2022,25030,서구,M,total,20-24,17429
2022,25030,서구,M,unmarried,20-24,17326
2022,25030,서구,F,total,20-24,17411
2022,25030,서구,F,unmarried,25-29,16060
2022,25030,서구,M,total,25-29,20058
2022,25030,서구,M,unmarried,25-29,18824
2022,25030,서구,F,total,25-29,18414
2022,25030,서구,F,unmarried,30-34,8350
2022,25030,서구,M,total,30-34,16744
2022,25030,서구,M,unmarried,30-34,11916
2022,25030,서구,F,total,30-34,15471
2022,25030,서구,F,unmarried,35-39,4182
2022,25030,서구,M,total,35-39,15436
2022,25030,서구,M,unmarried,35-39,6466
2022,25030,서구,F,total,35-39,14953
2022,25030,서구,F,unmarried,40-44,2913
2022,25030,서구,M,total,40-44,17742
2022,25030,서구,M,unmarried,40-44,4670
2022,25030,서구,F,total,40-44,18275
2022,25040,유성구,F,unmarried,20-24,13222
2022,25040,유성구,M,total,20-24,15920
2022,25040,유성구,M,unmarried,20-24,15887
2022,25040,유성구,F,total,20-24,13335
2022,25040,유성구,F,unmarried,25-29,11059
2022,25040,유성구,M,total,25-29,17535
2022,25040,유성구,M,unmarried,25-29,16639
2022,25040,유성구,F,total,25-29,12760
2022,25040,유성구,F,unmarried,30-34,5595
2022,25040,유성구,M,total,30-34,14771
2022,25040,유성구,M,unmarried,30-34,10093
2022,25040,유성구,F,total,30-34,12301
2022,25040,유성구,F,unmarried,35-39,2544
2022,25040,유성구,M,total,35-39,13732
2022,25040,유성구,M,unmarried,35-39,4749
2022,25040,유성구,F,total,35-39,12769
2022,25040,유성구,F,unmarried,40-44,1913
2022,25040,유성구,M,total,40-44,14717
2022,25040,유성구,M,unmarried,40-44,3045
2022,25040,유성구,F,total,40-44,15214
2022,25050,대덕구,F,unmarried,20-24,5335
2022,25050,대덕구,M,total,20-24,6290
2022,25050,대덕구,M,unmarried,20-24,6257
2022,25050,대덕구,F,total,20-24,5420
2022,25050,대덕구,F,unmarried,25-29,4461
2022,25050,대덕구,M,total,25-29,6672
2022,25050,대덕구,M,unmarried,25-29,6284
2022,25050,대덕구,F,total,25-29,5231
2022,25050,대덕구,F,unmarried,30-34,2138
2022,25050,대덕구,M,total,30-34,5693
2022,25050,대덕구,M,unmarried,30-34,4160
2022,25050,대덕구,F,total,30-34,4349
2022,25050,대덕구,F,unmarried,35-39,1108
2022,25050,대덕구,M,total,35-39,5070
2022,25050,대덕구,M,unmarried,35-39,2436
2022,25050,대덕구,F,total,35-39,4245
2022,25050,대덕구,F,unmarried,40-44,891
2022,25050,대덕구,M,total,40-44,5984
2022,25050,대덕구,M,unmarried,40-44,2031
2022,25050,대덕구,F,total,40-44,5431
2022,26,울산광역시,F,unmarried,20-24,22668
2022,26,울산광역시,M,total,20-24,31836
2022,26,울산광역시,M,unmarried,20-24,31721
2022,26,울산광역시,F,total,20-24,23008
2022,26,울산광역시,F,unmarried,25-29,24628
2022,26,울산광역시,M,total,25-29,39218
2022,26,울산광역시,M,unmarried,25-29,36849
2022,26,울산광역시,F,total,25-29,29347
2022,26,울산광역시,F,unmarried,30-34,12683
2022,26,울산광역시,M,total,30-34,36601
2022,26,울산광역시,M,unmarried,30-34,24559
2022,26,울산광역시,F,total,30-34,29819
2022,26,울산광역시,F,unmarried,35-39,6195
2022,26,울산광역시,M,total,35-39,37240
2022,26,울산광역시,M,unmarried,35-39,13995
2022,26,울산광역시,F,total,35-39,33619
2022,26,울산광역시,F,unmarried,40-44,4705
2022,26,울산광역시,M,total,40-44,46581
2022,26,울산광역시,M,unmarried,40-44,11598
2022,26,울산광역시,F,total,40-44,43295
2022,26003,동부,F,unmarried,20-24,17905
2022,26003,동부,M,total,20-24,25013
2022,26003,동부,M,unmarried,20-24,24925
2022,26003,동부,F,total,20-24,18165
2022,26003,동부,F,unmarried,25-29,20428
2022,26003,동부,M,total,25-29,31669
2022,26003,동부,M,unmarried,25-29,29768
2022,26003,동부,F,total,25-29,24246
2022,26003,동부,F,unmarried,30-34,10701
2022,26003,동부,M,total,30-34,30331
2022,26003,동부,M,unmarried,30-34,20347
2022,26003,동부,F,total,30-34,24742
2022,26003,동부,F,unmarried,35-39,5212
2022,26003,동부,M,total,35-39,30866
2022,26003,동부,M,unmarried,35-39,11494
2022,26003,동부,F,total,35-39,28003
2022,26003,동부,F,unmarried,40-44,3910
2022,26003,동부,M,total,40-44,38280
2022,26003,동부,M,unmarried,40-44,9366
2022,26003,동부,F,total,40-44,35613
2022,26004,읍부,F,unmarried,20-24,4015
2022,26004,읍부,M,total,20-24,6076
2022,26004,읍부,M,unmarried,20-24,6052
2022,26004,읍부,F,total,20-24,4085
2022,26004,읍부,F,unmarried,25-29,3741
2022,26004,읍부,M,total,25-29,6730
2022,26004,읍부,M,unmarried,25-29,6290
2022,26004,읍부,F,total,25-29,4604
2022,26004,읍부,F,unmarried,30-34,1729
2022,26004,읍부,M,total,30-34,5587
2022,26004,읍부,M,unmarried,30-34,3649
2022,26004,읍부,F,total,30-34,4621
2022,26004,읍부,F,unmarried,35-39,810
2022,26004,읍부,M,total,35-39,5714
2022,26004,읍부,M,unmarried,35-39,2114
2022,26004,읍부,F,total,35-39,5100
2022,26004,읍부,F,unmarried,40-44,652
2022,26004,읍부,M,total,40-44,7479
2022,26004,읍부,M,unmarried,40-44,1909
2022,26004,읍부,F,total,40-44,7064
2022,26005,면부,F,unmarried,20-24,748
2022,26005,면부,M,total,20-24,747
2022,26005,면부,M,unmarried,20-24,744
2022,26005,면부,F,total,20-24,758
2022,26005,면부,F,unmarried,25-29,459
2022,26005,면부,M,total,25-29,819
2022,26005,면부,M,unmarried,25-29,791
2022,26005,면부,F,total,25-29,497
2022,26005,면부,F,unmarried,30-34,253
2022,26005,면부,M,total,30-34,683
2022,26005,면부,M,unmarried,30-34,563
2022,26005,면부,F,total,30-34,456
2022,26005,면부,F,unmarried,35-39,173
2022,26005,면부,M,total,35-39,660
2022,26005,면부,M,unmarried,35-39,387
2022,26005,면부,F,total,35-39,516
2022,26005,면부,F,unmarried,40-44,143
2022,26005,면부,M,total,40-44,822
2022,26005,면부,M,unmarried,40-44,323
2022,26005,면부,F,total,40-44,618
2022,26010,중구,F,unmarried,20-24,3741
2022,26010,중구,M,total,20-24,5432
2022,26010,중구,M,unmarried,20-24,5407
2022,26010,중구,F,total,20-24,3788
2022,26010,중구,F,unmarried,25-29,4773
2022,26010,중구,M,total,25-29,6893
2022,26010,중구,M,unmarried,25-29,6565
2022,26010,중구,F,total,25-29,5420
2022,26010,중구,F,unmarried,30-34,2668
2022,26010,중구,M,total,30-34,6177
2022,26010,중구,M,unmarried,30-34,4496
2022,26010,중구,F,total,30-34,5240
2022,26010,중구,F,unmarried,35-39,1312
2022,26010,중구,M,total,35-39,6182
2022,26010,중구,M,unmarried,35-39,2626
2022,26010,중구,F,total,35-39,5700
2022,26010,중구,F,unmarried,40-44,976
2022,26010,중구,M,total,40-44,8149
2022,26010,중구,M,unmarried,40-44,2228
2022,26010,중구,F,total,40-44,7607
2022,26020,남구,F,unmarried,20-24,7679
2022,26020,남구,M,total,20-24,10276
2022,26020,남구,M,unmarried,20-24,10251
2022,26020,남구,F,total,20-24,7759
2022,26020,남구,F,unmarried,25-29,8286
2022,26020,남구,M,total,25-29,12406
2022,26020,남구,M,unmarried,25-29,11775
2022,26020,남구,F,total,25-29,9584
2022,26020,남구,F,unmarried,30-34,4416
2022,26020,남구,M,total,30-34,11361
2022,26020,남구,M,unmarried,30-34,7955
2022,26020,남구,F,total,30-34,9113
2022,26020,남구,F,unmarried,35-39,2149
2022,26020,남구,M,total,35-39,10157
2022,26020,남구,M,unmarried,35-39,4212
2022,26020,남구,F,total,35-39,9061
2022,26020,남구,F,unmarried,40-44,1619
2022,26020,남구,M,total,40-44,11831
2022,26020,남구,M,unmarried,40-44,3266
2022,26020,남구,F,total,40-44,11434
2022,26030,동구,F,unmarried,20-24,2849
2022,26030,동구,M,total,20-24,3631
2022,26030,동구,M,unmarried,20-24,3613
2022,26030,동구,F,total,20-24,2907
2022,26030,동구,F,unmarried,25-29,2967
2022,26030,동구,M,total,25-29,4874
2022,26030,동구,M,unmarried,25-29,4542
2022,26030,동구,F,total,25-29,3600
2022,26030,동구,F,unmarried,30-34,1485
2022,26030,동구,M,total,30-34,4864
2022,26030,동구,M,unmarried,30-34,3366
2022,26030,동구,F,total,30-34,3621
2022,26030,동구,F,unmarried,35-39,843
2022,26030,동구,M,total,35-39,6035
2022,26030,동구,M,unmarried,35-39,2321
2022,26030,동구,F,total,35-39,5117
2022,26030,동구,F,unmarried,40-44,608
2022,26030,동구,M,total,40-44,7594
2022,26030,동구,M,unmarried,40-44,1978
2022,26030,동구,F,total,40-44,6361
2022,26040,북구,F,unmarried,20-24,3636
2022,26040,북구,M,total,20-24,5674
2022,26040,북구,M,unmarried,20-24,5654
2022,26040,북구,F,total,20-24,3711
2022,26040,북구,F,unmarried,25-29,4402
2022,26040,북구,M,total,25-29,7496
2022,26040,북구,M,unmarried,25-29,6886
2022,26040,북구,F,total,25-29,5642
2022,26040,북구,F,unmarried,30-34,2132
2022,26040,북구,M,total,30-34,7929
2022,26040,북구,M,unmarried,30-34,4530
2022,26040,북구,F,total,30-34,6768
2022,26040,북구,F,unmarried,35-39,908
2022,26040,북구,M,total,35-39,8492
2022,26040,북구,M,unmarried,35-39,2335
2022,26040,북구,F,total,35-39,8125
2022,26040,북구,F,unmarried,40-44,707
2022,26040,북구,M,total,40-44,10706
2022,26040,북구,M,unmarried,40-44,1894
2022,26040,북구,F,total,40-44,10211
2022,26510,울주군,F,unmarried,20-24,4763
2022,26510,울주군,M,total,20-24,6823
2022,26510,울주군,M,unmarried,20-24,6796
2022,26510,울주군,F,total,20-24,4843
2022,26510,울주군,F,unmarried,25-29,4200
2022,26510,울주군,M,total,25-29,7549
2022,26510,울주군,M,unmarried,25-29,7081
2022,26510,울주군,F,total,25-29,5101
2022,26510,울주군,F,unmarried,30-34,1982
2022,26510,울주군,M,total,30-34,6270
2022,26510,울주군,M,unmarried,30-34,4212
2022,26510,울주군,F,total,30-34,5077
2022,26510,울주군,F,unmarried,35-39,983
2022,26510,울주군,M,total,35-39,6374
2022,26510,울주군,M,unmarried,35-39,2501
2022,26510,울주군,F,total,35-39,5616
2022,26510,울주군,F,unmarried,40-44,795
2022,26510,울주군,M,total,40-44,8301
2022,26510,울주군,M,unmarried,40-44,2232
2022,26510,울주군,F,total,40-44,7682
2022,29,세종특별자치시,F,unmarried,20-24,9514
2022,29,세종특별자치시,M,total,20-24,10960
2022,29,세종특별자치시,M,unmarried,20-24,10922
2022,29,세종특별자치시,F,total,20-24,9625
2022,29,세종특별자치시,F,unmarried,25-29,7971
2022,29,세종특별자치시,M,total,25-29,10787
2022,29,세종특별자치시,M,unmarried,25-29,9928
2022,29,세종특별자치시,F,total,25-29,9945
2022,29,세종특별자치시,F,unmarried,30-34,4930
2022,29,세종특별자치시,M,total,30-34,13015
2022,29,세종특별자치시,M,unmarried,30-34,7435
2022,29,세종특별자치시,F,total,30-34,13595
2022,29,세종특별자치시,F,unmarried,35-39,2404
2022,29,세종특별자치시,M,total,35-39,15891
2022,29,세종특별자치시,M,unmarried,35-39,3950
2022,29,세종특별자치시,F,total,35-39,16568
2022,29,세종특별자치시,F,unmarried,40-44,1777
2022,29,세종특별자치시,M,total,40-44,19530
2022,29,세종특별자치시,M,unmarried,40-44,2724
2022,29,세종특별자치시,F,total,40-44,20132
2022,29003,동부,F,unmarried,20-24,4430
2022,29003,동부,M,total,20-24,5365
2022,29003,동부,M,unmarried,20-24,5349
2022,29003,동부,F,total,20-24,4493
2022,29003,동부,F,unmarried,25-29,5945
2022,29003,동부,M,total,25-29,6076
2022,29003,동부,M,unmarried,25-29,5417
2022,29003,동부,F,total,25-29,7576
2022,29003,동부,F,unmarried,30-34,3923
2022,29003,동부,M,total,30-34,9948
2022,29003,동부,M,unmarried,30-34,4994
2022,29003,동부,F,total,30-34,11738
2022,29003,동부,F,unmarried,35-39,1886
2022,29003,동부,M,total,35-39,13367
2022,29003,동부,M,unmarried,35-39,2553
2022,29003,동부,F,total,35-39,14727
2022,29003,동부,F,unmarried,40-44,1414
2022,29003,동부,M,total,40-44,16367
2022,29003,동부,M,unmarried,40-44,1474
2022,29003,동부,F,total,40-44,17852
2022,29004,읍부,F,unmarried,20-24,2999
2022,29004,읍부,M,total,20-24,3512
2022,29004,읍부,M,unmarried,20-24,3498
2022,29004,읍부,F,total,20-24,3032
2022,29004,읍부,F,unmarried,25-29,1095
2022,29004,읍부,M,total,25-29,2573
2022,29004,읍부,M,unmarried,25-29,2462
2022,29004,읍부,F,total,25-29,1294
2022,29004,읍부,F,unmarried,30-34,529
2022,29004,읍부,M,total,30-34,1467
2022,29004,읍부,M,unmarried,30-34,1110
2022,29004,읍부,F,total,30-34,1047
2022,29004,읍부,F,unmarried,35-39,249
2022,29004,읍부,M,total,35-39,1287
2022,29004,읍부,M,unmarried,35-39,605
2022,29004,읍부,F,total,35-39,1103
2022,29004,읍부,F,unmarried,40-44,167
2022,29004,읍부,M,total,40-44,1678
2022,29004,읍부,M,unmarried,40-44,548
2022,29004,읍부,F,total,40-44,1458
2022,29005,면부,F,unmarried,20-24,2085
2022,29005,면부,M,total,20-24,2083
2022,29005,면부,M,unmarried,20-24,2075
2022,29005,면부,F,total,20-24,2100
2022,29005,면부,F,unmarried,25-29,931
2022,29005,면부,M,total,25-29,2138
2022,29005,면부,M,unmarried,25-29,2049
2022,29005,면부,F,total,25-29,1075
2022,29005,면부,F,unmarried,30-34,478
2022,29005,면부,M,total,30-34,1600
2022,29005,면부,M,unmarried,30-34,1331
2022,29005,면부,F,total,30-34,810
2022,29005,면부,F,unmarried,35-39,269
2022,29005,면부,M,total,35-39,1237
2022,29005,면부,M,unmarried,35-39,792
2022,29005,면부,F,total,35-39,738
2022,29005,면부,F,unmarried,40-44,196
2022,29005,면부,M,total,40-44,1485
2022,29005,면부,M,unmarried,40-44,702
2022,29005,면부,F,total,40-44,822
2022,29010,세종시,F,unmarried,20-24,9514
2022,29010,세종시,M,total,20-24,10960
2022,29010,세종시,M,unmarried,20-24,10922
2022,29010,세종시,F,total,20-24,9625
2022,29010,세종시,F,unmarried,25-29,7971
2022,29010,세종시,M,total,25-29,10787
2022,29010,세종시,M,unmarried,25-29,9928
2022,29010,세종시,F,total,25-29,9945
2022,29010,세종시,F,unmarried,30-34,4930
2022,29010,세종시,M,total,30-34,13015
2022,29010,세종시,M,unmarried,30-34,7435
2022,29010,세종시,F,total,30-34,13595
2022,29010,세종시,F,unmarried,35-39,2404
2022,29010,세종시,M,total,35-39,15891
2022,29010,세종시,M,unmarried,35-39,3950
2022,29010,세종시,F,total,35-39,16568
2022,29010,세종시,F,unmarried,40-44,1777
2022,29010,세종시,M,total,40-44,19530
2022,29010,세종시,M,unmarried,40-44,2724
2022,29010,세종시,F,total,40-44,20132
2022,31,경기도,F,unmarried,20-24,345995
2022,31,경기도,M,total,20-24,388613
2022,31,경기도,M,unmarried,20-24,386673
2022,31,경기도,F,total,20-24,350871
2022,31,경기도,F,unmarried,25-29,364664
2022,31,경기도,M,total,25-29,484348
2022,31,경기도,M,unmarried,25-29,453458
2022,31,경기도,F,total,25-29,424195
2022,31,경기도,F,unmarried,30-34,208045
2022,31,경기도,M,total,30-34,469635
2022,31,경기도,M,unmarried,30-34,326304
2022,31,경기도,F,total,30-34,421650
2022,31,경기도,F,unmarried,35-39,101858
2022,31,경기도,M,total,35-39,474840
2022,31,경기도,M,unmarried,35-39,185498
2022,31,경기도,F,total,35-39,445565
2022,31,경기도,F,unmarried,40-44,74360
2022,31,경기도,M,total,40-44,567470
2022,31,경기도,M,unmarried,40-44,141292
2022,31,경기도,F,total,40-44,542883
2022,31003,동부,F,unmarried,20-24,298948
2022,31003,동부,M,total,20-24,330197
2022,31003,동부,M,unmarried,20-24,328743
2022,31003,동부,F,total,20-24,302679
2022,31003,동부,F,unmarried,25-29,323562
2022,31003,동부,M,total,25-29,413066
2022,31003,동부,M,unmarried,25-29,388200
2022,31003,동부,F,total,25-29,373484
2022,31003,동부,F,unmarried,30-34,185700
2022,31003,동부,M,total,30-34,404928
2022,31003,동부,M,unmarried,30-34,280559
2022,31003,동부,F,total,30-34,373175
2022,31003,동부,F,unmarried,35-39,89779
2022,31003,동부,M,total,35-39,411191
2022,31003,동부,M,unmarried,35-39,156774
2022,31003,동부,F,total,35-39,391860
2022,31003,동부,F,unmarried,40-44,65093
2022,31003,동부,M,total,40-44,486076
2022,31003,동부,M,unmarried,40-44,116649
2022,31003,동부,F,total,40-44,471772
2022,31004,읍부,F,unmarried,20-24,32643
2022,31004,읍부,M,total,20-24,39375
2022,31004,읍부,M,unmarried,20-24,39066
2022,31004,읍부,F,total,20-24,33473
2022,31004,읍부,F,unmarried,25-29,28893
2022,31004,읍부,M,total,25-29,46884
2022,31004,읍부,M,unmarried,25-29,42697
2022,31004,읍부,F,total,25-29,35834
2022,31004,읍부,F,unmarried,30-34,15205
2022,31004,읍부,M,total,30-34,43729
2022,31004,읍부,M,unmarried,30-34,29764
2022,31004,읍부,F,total,30-34,35156
2022,31004,읍부,F,unmarried,35-39,7988
2022,31004,읍부,M,total,35-39,45405
2022,31004,읍부,M,unmarried,35-39,18608
2022,31004,읍부,F,total,35-39,40512
2022,31004,읍부,F,unmarried,40-44,6128
2022,31004,읍부,M,total,40-44,59291
2022,31004,읍부,M,unmarried,40-44,15688
2022,31004,읍부,F,total,40-44,54701
2022,31005,면부,F,unmarried,20-24,14404
2022,31005,면부,M,total,20-24,19041
2022,31005,면부,M,unmarried,20-24,18864
2022,31005,면부,F,total,20-24,14719
2022,31005,면부,F,unmarried,25-29,12209
2022,31005,면부,M,total,25-29,24398
2022,31005,면부,M,unmarried,25-29,22561
2022,31005,면부,F,total,25-29,14877
2022,31005,면부,F,unmarried,30-34,7140
2022,31005,면부,M,total,30-34,20978
2022,31005,면부,M,unmarried,30-34,15981
2022,31005,면부,F,total,30-34,13319
2022,31005,면부,F,unmarried,35-39,4091
2022,31005,면부,M,total,35-39,18244
2022,31005,면부,M,unmarried,35-39,10116
2022,31005,면부,F,total,35-39,13193
2022,31005,면부,F,unmarried,40-44,3139
2022,31005,면부,M,total,40-44,22103
2022,31005,면부,M,unmarried,40-44,8955
2022,31005,면부,F,total,40-44,16410
2022,31010,수원시,F,unmarried,20-24,36533
2022,31010,수원시,M,total,20-24,40317
2022,31010,수원시,M,unmarried,20-24,40174
2022,31010,수원시,F,total,20-24,36946
2022,31010,수원시,F,unmarried,25-29,40680
2022,31010,수원시,M,total,25-29,52167
2022,31010,수원시,M,unmarried,25-29,49621
2022,31010,수원시,F,total,25-29,45839
2022,31010,수원시,F,unmarried,30-34,22803
2022,31010,수원시,M,total,30-34,48676
2022,31010,수원시,M,unmarried,30-34,35202
2022,31010,수원시,F,total,30-34,42286
2022,31010,수원시,F,unmarried,35-39,10267
2022,31010,수원시,M,total,35-39,43520
2022,31010,수원시,M,unmarried,35-39,17973
2022,31010,수원시,F,total,35-39,39838
2022,31010,수원시,F,unmarried,40-44,7093
2022,31010,수원시,M,total,40-44,49093
2022,31010,수원시,M,unmarried,40-44,12546
2022,31010,수원시,F,total,40-44,47698
2022,31011,장안구,F,unmarried,20-24,8932
2022,31011,장안구,M,total,20-24,11368
2022,31011,장안구,M,unmarried,20-24,11339
2022,31011,장안구,F,total,20-24,9012
2022,31011,장안구,F,unmarried,25-29,8457
2022,31011,장안구,M,total,25-29,11844
2022,31011,장안구,M,unmarried,25-29,11370
2022,31011,장안구,F,total,25-29,9433
2022,31011,장안구,F,unmarried,30-34,4404
2022,31011,장안구,M,total,30-34,9116
2022,31011,장안구,M,unmarried,30-34,6821
2022,31011,장안구,F,total,30-34,7597
2022,31011,장안구,F,unmarried,35-39,1979
2022,31011,장안구,M,total,35-39,7812
2022,31011,장안구,M,unmarried,35-39,3556
2022,31011,장안구,F,total,35-39,7239
2022,31011,장안구,F,unmarried,40-44,1347
2022,31011,장안구,M,total,40-44,9701
2022,31011,장안구,M,unmarried,40-44,2697
2022,31011,장안구,F,total,40-44,9834
2022,31012,권선구,F,unmarried,20-24,9515
2022,31012,권선구,M,total,20-24,10400
2022,31012,권선구,M,unmarried,20-24,10327
2022,31012,권선구,F,total,20-24,9694
2022,31012,권선구,F,unmarried,25-29,11805
2022,31012,권선구,M,total,25-29,15096
2022,31012,권선구,M,unmarried,25-29,14153
2022,31012,권선구,F,total,25-29,13657
2022,31012,권선구,F,unmarried,30-34,6770
2022,31012,권선구,M,total,30-34,14945
2022,31012,권선구,M,unmarried,30-34,10681
2022,31012,권선구,F,total,30-34,13004
2022,31012,권선구,F,unmarried,35-39,3223
2022,31012,권선구,M,total,35-39,14316
2022,31012,권선구,M,unmarried,35-39,5936
2022,31012,권선구,F,total,35-39,12887
2022,31012,권선구,F,unmarried,40-44,2269
2022,31012,권선구,M,total,40-44,16126
2022,31012,권선구,M,unmarried,40-44,4333
2022,31012,권선구,F,total,40-44,14824
2022,31013,팔달구,F,unmarried,20-24,5711
2022,31013,팔달구,M,total,20-24,5736
2022,31013,팔달구,M,unmarried,20-24,5713
2022,31013,팔달구,F,total,20-24,5802
2022,31013,팔달구,F,unmarried,25-29,7578
2022,31013,팔달구,M,total,25-29,9126
2022,31013,팔달구,M,unmarried,25-29,8644
2022,31013,팔달구,F,total,25-29,8497
2022,31013,팔달구,F,unmarried,30-34,4332
2022,31013,팔달구,M,total,30-34,8737
2022,31013,팔달구,M,unmarried,30-34,6571
2022,31013,팔달구,F,total,30-34,7405
2022,31013,팔달구,F,unmarried,35-39,2039
2022,31013,팔달구,M,total,35-39,7259
2022,31013,팔달구,M,unmarried,35-39,3633
2022,31013,팔달구,F,total,35-39,5898
2022,31013,팔달구,F,unmarried,40-44,1493
2022,31013,팔달구,M,total,40-44,7131
2022,31013,팔달구,M,unmarried,40-44,2678
2022,31013,팔달구,F,total,40-44,6279
2022,31014,영통구,F,unmarried,20-24,12375
2022,31014,영통구,M,total,20-24,12813
2022,31014,영통구,M,unmarried,20-24,12795
2022,31014,영통구,F,total,20-24,12438
2022,31014,영통구,F,unmarried,25-29,12840
2022,31014,영통구,M,total,25-29,16101
2022,31014,영통구,M,unmarried,25-29,15454
2022,31014,영통구,F,total,25-29,14252
2022,31014,영통구,F,unmarried,30-34,7297
2022,31014,영통구,M,total,30-34,15878
2022,31014,영통구,M,unmarried,30-34,11129
2022,31014,영통구,F,total,30-34,14280
2022,31014,영통구,F,unmarried,35-39,3026
2022,31014,영통구,M,total,35-39,14133
2022,31014,영통구,M,unmarried,35-39,4848
2022,31014,영통구,F,total,35-39,13814
2022,31014,영통구,F,unmarried,40-44,1984
2022,31014,영통구,M,total,40-44,16135
2022,31014,영통구,M,unmarried,40-44,2838
2022,31014,영통구,F,total,40-44,16761
2022,31020,성남시,F,unmarried,20-24,23704
2022,31020,성남시,M,total,20-24,24554
2022,31020,성남시,M,unmarried,20-24,24469
2022,31020,성남시,F,total,20-24,23905
2022,31020,성남시,F,unmarried,25-29,28119
2022,31020,성남시,M,total,25-29,33411
2022,31020,성남시,M,unmarried,25-29,32081
2022,31020,성남시,F,total,25-29,30877
2022,31020,성남시,F,unmarried,30-34,17989
2022,31020,성남시,M,total,30-34,33373
2022,31020,성남시,M,unmarried,30-34,25340
2022,31020,성남시,F,total,30-34,30674
2022,31020,성남시,F,unmarried,35-39,9118
2022,31020,성남시,M,total,35-39,31593
2022,31020,성남시,M,unmarried,35-39,13944
2022,31020,성남시,F,total,35-39,30477
2022,31020,성남시,F,unmarried,40-44,6809
2022,31020,성남시,M,total,40-44,35220
2022,31020,성남시,M,unmarried,40-44,9936
2022,31020,성남시,F,total,40-44,35772
2022,31021,수정구,F,unmarried,20-24,7166
2022,31021,수정구,M,total,20-24,7169
2022,31021,수정구,M,unmarried,20-24,7134
2022,31021,수정구,F,total,20-24,7244
2022,31021,수정구,F,unmarried,25-29,7354
2022,31021,수정구,M,total,25-29,9782
2022,31021,수정구,M,unmarried,25-29,9338
2022,31021,수정구,F,total,25-29,8224
2022,31021,수정구,F,unmarried,30-34,4623
2022,31021,수정구,M,total,30-34,9121
2022,31021,수정구,M,unmarried,30-34,7091
2022,31021,수정구,F,total,30-34,7772
2022,31021,수정구,F,unmarried,35-39,2449
2022,31021,수정구,M,total,35-39,8631
2022,31021,수정구,M,unmarried,35-39,4302
2022,31021,수정구,F,total,35-39,7396
2022,31021,수정구,F,unmarried,40-44,1920
2022,31021,수정구,M,total,40-44,9081
2022,31021,수정구,M,unmarried,40-44,3402
2022,31021,수정구,F,total,40-44,8108
2022,31022,중원구,F,unmarried,20-24,5399
2022,31022,중원구,M,total,20-24,5518
2022,31022,중원구,M,unmarried,20-24,5481
2022,31022,중원구,F,total,20-24,5475
2022,31022,중원구,F,unmarried,25-29,6693
2022,31022,중원구,M,total,25-29,8395
2022,31022,중원구,M,unmarried,25-29,7974
2022,31022,중원구,F,total,25-29,7526
2022,31022,중원구,F,unmarried,30-34,4111
2022,31022,중원구,M,total,30-34,8445
2022,31022,중원구,M,unmarried,30-34,6459
2022,31022,중원구,F,total,30-34,6926
2022,31022,중원구,F,unmarried,35-39,2227
2022,31022,중원구,M,total,35-39,7458
2022,31022,중원구,M,unmarried,35-39,3942
2022,31022,중원구,F,total,35-39,6405
2022,31022,중원구,F,unmarried,40-44,1605
2022,31022,중원구,M,total,40-44,7845
2022,31022,중원구,M,unmarried,40-44,2984
2022,31022,중원구,F,total,40-44,6898
2022,31023,분당구,F,unmarried,20-24,11139
2022,31023,분당구,M,total,20-24,11867
2022,31023,분당구,M,unmarried,20-24,11854
2022,31023,분당구,F,total,20-24,11186
2022,31023,분당구,F,unmarried,25-29,14072
2022,31023,분당구,M,total,25-29,15234
2022,31023,분당구,M,unmarried,25-29,14769
2022,31023,분당구,F,total,25-29,15127
2022,31023,분당구,F,unmarried,30-34,9255
2022,31023,분당구,M,total,30-34,15807
2022,31023,분당구,M,unmarried,30-34,11790
2022,31023,분당구,F,total,30-34,15976
2022,31023,분당구,F,unmarried,35-39,4442
2022,31023,분당구,M,total,35-39,15504
2022,31023,분당구,M,unmarried,35-39,5700
2022,31023,분당구,F,total,35-39,16676
2022,31023,분당구,F,unmarried,40-44,3284
2022,31023,분당구,M,total,40-44,18294
2022,31023,분당구,M,unmarried,40-44,3550
2022,31023,분당구,F,total,40-44,20766
2022,31030,의정부시,F,unmarried,20-24,12651
2022,31030,의정부시,M,total,20-24,13045
2022,31030,의정부시,M,unmarried,20-24,12953
2022,31030,의정부시,F,total,20-24,12895
2022,31030,의정부시,F,unmarried,25-29,13779
2022,31030,의정부시,M,total,25-29,16171
2022,31030,의정부시,M,unmarried,25-29,14965
2022,31030,의정부시,F,total,25-29,15967
2022,31030,의정부시,F,unmarried,30-34,7225
2022,31030,의정부시,M,total,30-34,14993
2022,31030,의정부시,M,unmarried,30-34,10223
2022,31030,의정부시,F,total,30-34,14134
2022,31030,의정부시,F,unmarried,35-39,3690
2022,31030,의정부시,M,total,35-39,14863
2022,31030,의정부시,M,unmarried,35-39,6032
2022,31030,의정부시,F,total,35-39,14170
2022,31030,의정부시,F,unmarried,40-44,2671
2022,31030,의정부시,M,total,40-44,17865
2022,31030,의정부시,M,unmarried,40-44,5017
2022,31030,의정부시,F,total,40-44,16780
2022,31040,안양시,F,unmarried,20-24,14859
2022,31040,안양시,M,total,20-24,15543
2022,31040,안양시,M,unmarried,20-24,15509
2022,31040,안양시,F,total,20-24,14962
2022,31040,안양시,F,unmarried,25-29,16098
2022,31040,안양시,M,total,25-29,19515
2022,31040,안양시,M,unmarried,25-29,18654
2022,31040,안양시,F,total,25-29,18000
2022,31040,안양시,F,unmarried,30-34,10216
2022,31040,안양시,M,total,30-34,20134
2022,31040,안양시,M,unmarried,30-34,14368
2022,31040,안양시,F,total,30-34,18811
2022,31040,안양시,F,unmarried,35-39,4930
2022,31040,안양시,M,total,35-39,19097
2022,31040,안양시,M,unmarried,35-39,7931
2022,31040,안양시,F,total,35-39,17866
2022,31040,안양시,F,unmarried,40-44,3358
2022,31040,안양시,M,total,40-44,20251
2022,31040,안양시,M,unmarried,40-44,5626
2022,31040,안양시,F,total,40-44,19831
2022,31041,만안구,F,unmarried,20-24,6814
2022,31041,만안구,M,total,20-24,6744
2022,31041,만안구,M,unmarried,20-24,6723
2022,31041,만안구,F,total,20-24,6875
2022,31041,만안구,F,unmarried,25-29,7117
2022,31041,만안구,M,total,25-29,9035
2022,31041,만안구,M,unmarried,25-29,8591
2022,31041,만안구,F,total,25-29,8058
2022,31041,만안구,F,unmarried,30-34,4413
2022,31041,만안구,M,total,30-34,8838
2022,31041,만안구,M,unmarried,30-34,6489
2022,31041,만안구,F,total,30-34,7837
2022,31041,만안구,F,unmarried,35-39,2165
2022,31041,만안구,M,total,35-39,7988
2022,31041,만안구,M,unmarried,35-39,3690
2022,31041,만안구,F,total,35-39,7121
2022,31041,만안구,F,unmarried,40-44,1495
2022,31041,만안구,M,total,40-44,8477
2022,31041,만안구,M,unmarried,40-44,2977
2022,31041,만안구,F,total,40-44,7534
2022,31042,동안구,F,unmarried,20-24,8045
2022,31042,동안구,M,total,20-24,8799
2022,31042,동안구,M,unmarried,20-24,8786
2022,31042,동안구,F,total,20-24,8087
2022,31042,동안구,F,unmarried,25-29,8981
2022,31042,동안구,M,total,25-29,10480
2022,31042,동안구,M,unmarried,25-29,10063
2022,31042,동안구,F,total,25-29,9942
2022,31042,동안구,F,unmarried,30-34,5803
2022,31042,동안구,M,total,30-34,11296
2022,31042,동안구,M,unmarried,30-34,7879
2022,31042,동안구,F,total,30-34,10974
2022,31042,동안구,F,unmarried,35-39,2765
2022,31042,동안구,M,total,35-39,11109
2022,31042,동안구,M,unmarried,35-39,4241
2022,31042,동안구,F,total,35-39,10745
2022,31042,동안구,F,unmarried,40-44,1863
2022,31042,동안구,M,total,40-44,11774
2022,31042,동안구,M,unmarried,40-44,2649
2022,31042,동안구,F,total,40-44,12297
2022,31050,부천시,F,unmarried,20-24,21087
2022,31050,부천시,M,total,20-24,22377
2022,31050,부천시,M,unmarried,20-24,22299
2022,31050,부천시,F,total,20-24,21307
2022,31050,부천시,F,unmarried,25-29,24556
2022,31050,부천시,M,total,25-29,29592
2022,31050,부천시,M,unmarried,25-29,28050
2022,31050,부천시,F,total,25-29,27522
2022,31050,부천시,F,unmarried,30-34,15252
2022,31050,부천시,M,total,30-34,28000
2022,31050,부천시,M,unmarried,30-34,20885
2022,31050,부천시,F,total,30-34,25921
2022,31050,부천시,F,unmarried,35-39,8007
2022,31050,부천시,M,total,35-39,26579
2022,31050,부천시,M,unmarried,35-39,12453
2022,31050,부천시,F,total,35-39,24800
2022,31050,부천시,F,unmarried,40-44,5606
2022,31050,부천시,M,total,40-44,30208
2022,31050,부천시,M,unmarried,40-44,9486
2022,31050,부천시,F,total,40-44,29044
2022,31060,광명시,F,unmarried,20-24,7174
2022,31060,광명시,M,total,20-24,7988
2022,31060,광명시,M,unmarried,20-24,7958
2022,31060,광명시,F,total,20-24,7222
2022,31060,광명시,F,unmarried,25-29,7474
2022,31060,광명시,M,total,25-29,8952
2022,31060,광명시,M,unmarried,25-29,8582
2022,31060,광명시,F,total,25-29,8355
2022,31060,광명시,F,unmarried,30-34,4835
2022,31060,광명시,M,total,30-34,9409
2022,31060,광명시,M,unmarried,30-34,6834
2022,31060,광명시,F,total,30-34,8720
2022,31060,광명시,F,unmarried,35-39,2591
2022,31060,광명시,M,total,35-39,9610
2022,31060,광명시,M,unmarried,35-39,3988
2022,31060,광명시,F,total,35-39,9324
2022,31060,광명시,F,unmarried,40-44,1919
2022,31060,광명시,M,total,40-44,11344
2022,31060,광명시,M,unmarried,40-44,2909
2022,31060,광명시,F,total,40-44,11830
2022,31070,평택시,F,unmarried,20-24,13408
2022,31070,평택시,M,total,20-24,16919
2022,31070,평택시,M,unmarried,20-24,16755
2022,31070,평택시,F,total,20-24,13828
2022,31070,평택시,F,unmarried,25-29,14048
2022,31070,평택시,M,total,25-29,24687
2022,31070,평택시,M,unmarried,25-29,22353
2022,31070,평택시,F,total,25-29,18161
2022,31070,평택시,F,unmarried,30-34,7393
2022,31070,평택시,M,total,30-34,24678
2022,31070,평택시,M,unmarried,30-34,16266
2022,31070,평택시,F,total,30-34,18603
2022,31070,평택시,F,unmarried,35-39,3572
2022,31070,평택시,M,total,35-39,23426
2022,31070,평택시,M,unmarried,35-39,9478
2022,31070,평택시,F,total,35-39,19346
2022,31070,평택시,F,unmarried,40-44,2586
2022,31070,평택시,M,total,40-44,27007
2022,31070,평택시,M,unmarried,40-44,7327
2022,31070,평택시,F,total,40-44,22621
2022,31080,동두천시,F,unmarried,20-24,2194
2022,31080,동두천시,M,total,20-24,2574
2022,31080,동두천시,M,unmarried,20-24,2550
2022,31080,동두천시,F,total,20-24,2263
2022,31080,동두천시,F,unmarried,25-29,1929
2022,31080,동두천시,M,total,25-29,2847
2022,31080,동두천시,M,unmarried,25-29,2525
2022,31080,동두천시,F,total,25-29,2431
2022,31080,동두천시,F,unmarried,30-34,929
2022,31080,동두천시,M,total,30-34,2517
2022,31080,동두천시,M,unmarried,30-34,1661
2022,31080,동두천시,F,total,30-34,2039
2022,31080,동두천시,F,unmarried,35-39,558
2022,31080,동두천시,M,total,35-39,2358
2022,31080,동두천시,M,unmarried,35-39,1057
2022,31080,동두천시,F,total,35-39,2214
2022,31080,동두천시,F,unmarried,40-44,430
2022,31080,동두천시,M,total,40-44,3047
2022,31080,동두천시,M,unmarried,40-44,978
2022,31080,동두천시,F,total,40-44,2931
2022,31090,안산시,F,unmarried,20-24,21066
2022,31090,안산시,M,total,20-24,23489
2022,31090,안산시,M,unmarried,20-24,23352
2022,31090,안산시,F,total,20-24,21380
2022,31090,안산시,F,unmarried,25-29,20997
2022,31090,안산시,M,total,25-29,28410
2022,31090,안산시,M,unmarried,25-29,26756
2022,31090,안산시,F,total,25-29,24121
2022,31090,안산시,F,unmarried,30-34,10713
2022,31090,안산시,M,total,30-34,24332
2022,31090,안산시,M,unmarried,30-34,18065
2022,31090,안산시,F,total,30-34,19532
2022,31090,안산시,F,unmarried,35-39,4541
2022,31090,안산시,M,total,35-39,20581
2022,31090,안산시,M,unmarried,35-39,9731
2022,31090,안산시,F,total,35-39,17325
2022,31090,안산시,F,unmarried,40-44,3100
2022,31090,안산시,M,total,40-44,23937
2022,31090,안산시,M,unmarried,40-44,7892
2022,31090,안산시,F,total,40-44,21569
2022,31091,상록구,F,unmarried,20-24,11847
2022,31091,상록구,M,total,20-24,13329
2022,31091,상록구,M,unmarried,20-24,13256
2022,31091,상록구,F,total,20-24,12036
2022,31091,상록구,F,unmarried,25-29,11367
2022,31091,상록구,M,total,25-29,15477
2022,31091,상록구,M,unmarried,25-29,14550
2022,31091,상록구,F,total,25-29,13072
2022,31091,상록구,F,unmarried,30-34,5689
2022,31091,상록구,M,total,30-34,12567
2022,31091,상록구,M,unmarried,30-34,9526
2022,31091,상록구,F,total,30-34,9968
2022,31091,상록구,F,unmarried,35-39,2476
2022,31091,상록구,M,total,35-39,10434
2022,31091,상록구,M,unmarried,35-39,4979
2022,31091,상록구,F,total,35-39,9051
2022,31091,상록구,F,unmarried,40-44,1661
2022,31091,상록구,M,total,40-44,12517
2022,31091,상록구,M,unmarried,40-44,4141
2022,31091,상록구,F,total,40-44,11429
2022,31092,단원구,F,unmarried,20-24,9219
2022,31092,단원구,M,total,20-24,10160
2022,31092,단원구,M,unmarried,20-24,10096
2022,31092,단원구,F,total,20-24,9344
2022,31092,단원구,F,unmarried,25-29,9630
2022,31092,단원구,M,total,25-29,12933
2022,31092,단원구,M,unmarried,25-29,12206
2022,31092,단원구,F,total,25-29,11049
2022,31092,단원구,F,unmarried,30-34,5024
2022,31092,단원구,M,total,30-34,11765
2022,31092,단원구,M,unmarried,30-34,8539
2022,31092,단원구,F,total,30-34,9564
2022,31092,단원구,F,unmarried,35-39,2065
2022,31092,단원구,M,total,35-39,10147
2022,31092,단원구,M,unmarried,35-39,4752
2022,31092,단원구,F,total,35-39,8274
2022,31092,단원구,F,unmarried,40-44,1439
2022,31092,단원구,M,total,40-44,11420
2022,31092,단원구,M,unmarried,40-44,3751
2022,31092,단원구,F,total,40-44,10140
2022,31100,고양시,F,unmarried,20-24,26578
2022,31100,고양시,M,total,20-24,28715
2022,31100,고양시,M,unmarried,20-24,28625
2022,31100,고양시,F,total,20-24,26819
2022,31100,고양시,F,unmarried,25-29,31123
2022,31100,고양시,M,total,25-29,36019
2022,31100,고양시,M,unmarried,25-29,34152
2022,31100,고양시,F,total,25-29,34921
2022,31100,고양시,F,unmarried,30-34,18639
2022,31100,고양시,M,total,30-34,33949
2022,31100,고양시,M,unmarried,30-34,24214
2022,31100,고양시,F,total,30-34,33874
2022,31100,고양시,F,unmarried,35-39,8995
2022,31100,고양시,M,total,35-39,33770
2022,31100,고양시,M,unmarried,35-39,13173
2022,31100,고양시,F,total,35-39,33746
2022,31100,고양시,F,unmarried,40-44,6670
2022,31100,고양시,M,total,40-44,39308
2022,31100,고양시,M,unmarried,40-44,9301
2022,31100,고양시,F,total,40-44,40941
2022,31101,덕양구,F,unmarried,20-24,11307
2022,31101,덕양구,M,total,20-24,12425
2022,31101,덕양구,M,unmarried,20-24,12373
2022,31101,덕양구,F,total,20-24,11423
2022,31101,덕양구,F,unmarried,25-29,13584
2022,31101,덕양구,M,total,25-29,16313
2022,31101,덕양구,M,unmarried,25-29,15282
2022,31101,덕양구,F,total,25-29,15616
2022,31101,덕양구,F,unmarried,30-34,8482
2022,31101,덕양구,M,total,30-34,16627
2022,31101,덕양구,M,unmarried,30-34,11297
2022,31101,덕양구,F,total,30-34,16632
2022,31101,덕양구,F,unmarried,35-39,4113
2022,31101,덕양구,M,total,35-39,17249
2022,31101,덕양구,M,unmarried,35-39,6445
2022,31101,덕양구,F,total,35-39,16734
2022,31101,덕양구,F,unmarried,40-44,3174
2022,31101,덕양구,M,total,40-44,19164
2022,31101,덕양구,M,unmarried,40-44,4637
2022,31101,덕양구,F,total,40-44,18727
2022,31103,일산동구,F,unmarried,20-24,7675
2022,31103,일산동구,M,total,20-24,8018
2022,31103,일산동구,M,unmarried,20-24,7998
2022,31103,일산동구,F,total,20-24,7744
2022,31103,일산동구,F,unmarried,25-29,9547
2022,31103,일산동구,M,total,25-29,10448
2022,31103,일산동구,M,unmarried,25-29,10006
2022,31103,일산동구,F,total,25-29,10468
2022,31103,일산동구,F,unmarried,30-34,5617
2022,31103,일산동구,M,total,30-34,9207
2022,31103,일산동구,M,unmarried,30-34,7077
2022,31103,일산동구,F,total,30-34,9169
2022,31103,일산동구,F,unmarried,35-39,2829
2022,31103,일산동구,M,total,35-39,8652
2022,31103,일산동구,M,unmarried,35-39,3762
2022,31103,일산동구,F,total,35-39,8826
2022,31103,일산동구,F,unmarried,40-44,2071
2022,31103,일산동구,M,total,40-44,10378
2022,31103,일산동구,M,unmarried,40-44,2689
2022,31103,일산동구,F,total,40-44,11317
2022,31104,일산서구,F,unmarried,20-24,7596
2022,31104,일산서구,M,total,20-24,8272
2022,31104,일산서구,M,unmarried,20-24,8254
2022,31104,일산서구,F,total,20-24,7652
2022,31104,일산서구,F,unmarried,25-29,7992
2022,31104,일산서구,M,total,25-29,9258
2022,31104,일산서구,M,unmarried,25-29,8864
2022,31104,일산서구,F,total,25-29,8837
2022,31104,일산서구,F,unmarried,30-34,4540
2022,31104,일산서구,M,total,30-34,8115
2022,31104,일산서구,M,unmarried,30-34,5840
2022,31104,일산서구,F,total,30-34,8073
2022,31104,일산서구,F,unmarried,35-39,2053
2022,31104,일산서구,M,total,35-39,7869
2022,31104,일산서구,M,unmarried,35-39,2966
2022,31104,일산서구,F,total,35-39,8186
2022,31104,일산서구,F,unmarried,40-44,1425
2022,31104,일산서구,M,total,40-44,9766
2022,31104,일산서구,M,unmarried,40-44,1975
2022,31104,일산서구,F,total,40-44,10897
2022,31110,과천시,F,unmarried,20-24,1798
2022,31110,과천시,M,total,20-24,2039
2022,31110,과천시,M,unmarried,20-24,2036
2022,31110,과천시,F,total,20-24,1804
2022,31110,과천시,F,unmarried,25-29,2039
2022,31110,과천시,M,total,25-29,2398
2022,31110,과천시,M,unmarried,25-29,2284
2022,31110,과천시,F,total,25-29,2304
2022,31110,과천시,F,unmarried,30-34,1151
2022,31110,과천시,M,total,30-34,2628
2022,31110,과천시,M,unmarried,30-34,1671
2022,31110,과천시,F,total,30-34,2583
2022,31110,과천시,F,unmarried,35-39,508
2022,31110,과천시,M,total,35-39,2765
2022,31110,과천시,M,unmarried,35-39,791
2022,31110,과천시,F,total,35-39,2814
2022,31110,과천시,F,unmarried,40-44,384
2022,31110,과천시,M,total,40-44,2888
2022,31110,과천시,M,unmarried,40-44,441
2022,31110,과천시,F,total,40-44,2917
2022,31120,구리시,F,unmarried,20-24,4865
2022,31120,구리시,M,total,20-24,5087
2022,31120,구리시,M,unmarried,20-24,5067
2022,31120,구리시,F,total,20-24,4905
2022,31120,구리시,F,unmarried,25-29,5622
2022,31120,구리시,M,total,25-29,6563
2022,31120,구리시,M,unmarried,25-29,6262
2022,31120,구리시,F,total,25-29,6190
2022,31120,구리시,F,unmarried,30-34,3230
2022,31120,구리시,M,total,30-34,5876
2022,31120,구리시,M,unmarried,30-34,4386
2022,31120,구리시,F,total,30-34,5686
2022,31120,구리시,F,unmarried,35-39,1601
2022,31120,구리시,M,total,35-39,6027
2022,31120,구리시,M,unmarried,35-39,2583
2022,31120,구리시,F,total,35-39,5834
2022,31120,구리시,F,unmarried,40-44,1161
2022,31120,구리시,M,total,40-44,7533
2022,31120,구리시,M,unmarried,40-44,1962
2022,31120,구리시,F,total,40-44,7280
2022,31130,남양주시,F,unmarried,20-24,17128
2022,31130,남양주시,M,total,20-24,19293
2022,31130,남양주시,M,unmarried,20-24,19206
2022,31130,남양주시,F,total,20-24,17368
2022,31130,남양주시,F,unmarried,25-29,16729
2022,31130,남양주시,M,total,25-29,21090
2022,31130,남양주시,M,unmarried,25-29,19471
2022,31130,남양주시,F,total,25-29,19762
2022,31130,남양주시,F,unmarried,30-34,9104
2022,31130,남양주시,M,total,30-34,19731
2022,31130,남양주시,M,unmarried,30-34,13063
2022,31130,남양주시,F,total,30-34,19283
2022,31130,남양주시,F,unmarried,35-39,4854
2022,31130,남양주시,M,total,35-39,22710
2022,31130,남양주시,M,unmarried,35-39,7995
2022,31130,남양주시,F,total,35-39,23601
2022,31130,남양주시,F,unmarried,40-44,3816
2022,31130,남양주시,M,total,40-44,31562
2022,31130,남양주시,M,unmarried,40-44,6733
2022,31130,남양주시,F,total,40-44,32480
2022,31140,오산시,F,unmarried,20-24,5850
2022,31140,오산시,M,total,20-24,6709
2022,31140,오산시,M,unmarried,20-24,6648
2022,31140,오산시,F,total,20-24,5981
2022,31140,오산시,F,unmarried,25-29,5864
2022,31140,오산시,M,total,25-29,9083
2022,31140,오산시,M,unmarried,25-29,8405
2022,31140,오산시,F,total,25-29,7144
2022,31140,오산시,F,unmarried,30-34,3284
2022,31140,오산시,M,total,30-34,9561
2022,31140,오산시,M,unmarried,30-34,6777
2022,31140,오산시,F,total,30-34,7317
2022,31140,오산시,F,unmarried,35-39,1777
2022,31140,오산시,M,total,35-39,9906
2022,31140,오산시,M,unmarried,35-39,4271
2022,31140,오산시,F,total,35-39,8569
2022,31140,오산시,F,unmarried,40-44,1194
2022,31140,오산시,M,total,40-44,12379
2022,31140,오산시,M,unmarried,40-44,3384
2022,31140,오산시,F,total,40-44,10710
2022,31150,시흥시,F,unmarried,20-24,12811
2022,31150,시흥시,M,total,20-24,16311
2022,31150,시흥시,M,unmarried,20-24,16228
2022,31150,시흥시,F,total,20-24,13035
2022,31150,시흥시,F,unmarried,25-29,13095
2022,31150,시흥시,M,total,25-29,19178
2022,31150,시흥시,M,unmarried,25-29,17824
2022,31150,시흥시,F,total,25-29,15861
2022,31150,시흥시,F,unmarried,30-34,6667
2022,31150,시흥시,M,total,30-34,19141
2022,31150,시흥시,M,unmarried,30-34,12730
2022,31150,시흥시,F,total,30-34,16057
2022,31150,시흥시,F,unmarried,35-39,3112
2022,31150,시흥시,M,total,35-39,20723
2022,31150,시흥시,M,unmarried,35-39,7872
2022,31150,시흥시,F,total,35-39,18236
2022,31150,시흥시,F,unmarried,40-44,2180
2022,31150,시흥시,M,total,40-44,25341
2022,31150,시흥시,M,unmarried,40-44,6640
2022,31150,시흥시,F,total,40-44,21708
2022,31160,군포시,F,unmarried,20-24,7010
2022,31160,군포시,M,total,20-24,7748
2022,31160,군포시,M,unmarried,20-24,7726
2022,31160,군포시,F,total,20-24,7065
2022,31160,군포시,F,unmarried,25-29,7708
2022,31160,군포시,M,total,25-29,9635
2022,31160,군포시,M,unmarried,25-29,9096
2022,31160,군포시,F,total,25-29,8820
2022,31160,군포시,F,unmarried,30-34,4665
2022,31160,군포시,M,total,30-34,9851
2022,31160,군포시,M,unmarried,30-34,7103
2022,31160,군포시,F,total,30-34,8695
2022,31160,군포시,F,unmarried,35-39,2165
2022,31160,군포시,M,total,35-39,9077
2022,31160,군포시,M,unmarried,35-39,3935
2022,31160,군포시,F,total,35-39,8088
2022,31160,군포시,F,unmarried,40-44,1552
2022,31160,군포시,M,total,40-44,9691
2022,31160,군포시,M,unmarried,40-44,2675
2022,31160,군포시,F,total,40-44,9594
2022,31170,의왕시,F,unmarried,20-24,4271
2022,31170,의왕시,M,total,20-24,4714
2022,31170,의왕시,M,unmarried,20-24,4704
2022,31170,의왕시,F,total,20-24,4308
2022,31170,의왕시,F,unmarried,25-29,4532
2022,31170,의왕시,M,total,25-29,5812
2022,31170,의왕시,M,unmarried,25-29,5547
2022,31170,의왕시,F,total,25-29,5093
2022,31170,의왕시,F,unmarried,30-34,2638
2022,31170,의왕시,M,total,30-34,5611
2022,31170,의왕시,M,unmarried,30-34,3845
2022,31170,의왕시,F,total,30-34,5257
2022,31170,의왕시,F,unmarried,35-39,1166
2022,31170,의왕시,M,total,35-39,5349
2022,31170,의왕시,M,unmarried,35-39,2056
2022,31170,의왕시,F,total,35-39,5067
2022,31170,의왕시,F,unmarried,40-44,811
2022,31170,의왕시,M,total,40-44,5725
2022,31170,의왕시,M,unmarried,40-44,1396
2022,31170,의왕시,F,total,40-44,5455
2022,31180,하남시,F,unmarried,20-24,6546
2022,31180,하남시,M,total,20-24,6879
2022,31180,하남시,M,unmarried,20-24,6855
2022,31180,하남시,F,total,20-24,6603
2022,31180,하남시,F,unmarried,25-29,9002
2022,31180,하남시,M,total,25-29,9884
2022,31180,하남시,M,unmarried,25-29,9309
2022,31180,하남시,F,total,25-29,10278
2022,31180,하남시,F,unmarried,30-34,5859
2022,31180,하남시,M,total,30-34,11663
2022,31180,하남시,M,unmarried,30-34,8025
2022,31180,하남시,F,total,30-34,11821
2022,31180,하남시,F,unmarried,35-39,2973
2022,31180,하남시,M,total,35-39,13577
2022,31180,하남시,M,unmarried,35-39,4948
2022,31180,하남시,F,total,35-39,13386
2022,31180,하남시,F,unmarried,40-44,2192
2022,31180,하남시,M,total,40-44,16161
2022,31180,하남시,M,unmarried,40-44,3619
2022,31180,하남시,F,total,40-44,15497
2022,31190,용인시,F,unmarried,20-24,31067
2022,31190,용인시,M,total,20-24,33958
2022,31190,용인시,M,unmarried,20-24,33857
2022,31190,용인시,F,total,20-24,31310
2022,31190,용인시,F,unmarried,25-29,27284
2022,31190,용인시,M,total,25-29,35177
2022,31190,용인시,M,unmarried,25-29,33521
2022,31190,용인시,F,total,25-29,30609
2022,31190,용인시,F,unmarried,30-34,14352
2022,31190,용인시,M,total,30-34,31290
2022,31190,용인시,M,unmarried,30-34,21650
2022,31190,용인시,F,total,30-34,29860
2022,31190,용인시,F,unmarried,35-39,6790
2022,31190,용인시,M,total,35-39,34503
2022,31190,용인시,M,unmarried,35-39,11481
2022,31190,용인시,F,total,35-39,35130
2022,31190,용인시,F,unmarried,40-44,5268
2022,31190,용인시,M,total,40-44,44968
2022,31190,용인시,M,unmarried,40-44,8423
2022,31190,용인시,F,total,40-44,46728
2022,31191,처인구,F,unmarried,20-24,8346
2022,31191,처인구,M,total,20-24,9586
2022,31191,처인구,M,unmarried,20-24,9524
2022,31191,처인구,F,total,20-24,8487
2022,31191,처인구,F,unmarried,25-29,6361
2022,31191,처인구,M,total,25-29,10080
2022,31191,처인구,M,unmarried,25-29,9325
2022,31191,처인구,F,total,25-29,7563
2022,31191,처인구,F,unmarried,30-34,3094
2022,31191,처인구,M,total,30-34,8460
2022,31191,처인구,M,unmarried,30-34,5984
2022,31191,처인구,F,total,30-34,6694
2022,31191,처인구,F,unmarried,35-39,1667
2022,31191,처인구,M,total,35-39,8685
2022,31191,처인구,M,unmarried,35-39,3538
2022,31191,처인구,F,total,35-39,7667
2022,31191,처인구,F,unmarried,40-44,1226
2022,31191,처인구,M,total,40-44,10716
2022,31191,처인구,M,unmarried,40-44,2786
2022,31191,처인구,F,total,40-44,9889
2022,31192,기흥구,F,unmarried,20-24,12569
2022,31192,기흥구,M,total,20-24,13847
2022,31192,기흥구,M,unmarried,20-24,13816
2022,31192,기흥구,F,total,20-24,12642
2022,31192,기흥구,F,unmarried,25-29,11254
2022,31192,기흥구,M,total,25-29,14391
2022,31192,기흥구,M,unmarried,25-29,13781
2022,31192,기흥구,F,total,25-29,12582
2022,31192,기흥구,F,unmarried,30-34,5834
2022,31192,기흥구,M,total,30-34,12414
2022,31192,기흥구,M,unmarried,30-34,8605
2022,31192,기흥구,F,total,30-34,12064
2022,31192,기흥구,F,unmarried,35-39,2751
2022,31192,기흥구,M,total,35-39,13674
2022,31192,기흥구,M,unmarried,35-39,4457
2022,31192,기흥구,F,total,35-39,14123
2022,31192,기흥구,F,unmarried,40-44,2193
2022,31192,기흥구,M,total,40-44,18475
2022,31192,기흥구,M,unmarried,40-44,3394
2022,31192,기흥구,F,total,40-44,19540
2022,31193,수지구,F,unmarried,20-24,10152
2022,31193,수지구,M,total,20-24,10525
2022,31193,수지구,M,unmarried,20-24,10517
2022,31193,수지구,F,total,20-24,10181
2022,31193,수지구,F,unmarried,25-29,9669
2022,31193,수지구,M,total,25-29,10706
2022,31193,수지구,M,unmarried,25-29,10415
2022,31193,수지구,F,total,25-29,10464
2022,31193,수지구,F,unmarried,30-34,5424
2022,31193,수지구,M,total,30-34,10416
2022,31193,수지구,M,unmarried,30-34,7061
2022,31193,수지구,F,total,30-34,11102
2022,31193,수지구,F,unmarried,35-39,2372
2022,31193,수지구,M,total,35-39,12144
2022,31193,수지구,M,unmarried,35-39,3486
2022,31193,수지구,F,total,35-39,13340
2022,31193,수지구,F,unmarried,40-44,1849
2022,31193,수지구,M,total,40-44,15777
2022,31193,수지구,M,unmarried,40-44,2243
2022,31193,수지구,F,total,40-44,17299
2022,31200,파주시,F,unmarried,20-24,10123
2022,31200,파주시,M,total,20-24,12824
2022,31200,파주시,M,unmarried,20-24,12715
2022,31200,파주시,F,total,20-24,10395
2022,31200,파주시,F,unmarried,25-29,10750
2022,31200,파주시,M,total,25-29,16421
2022,31200,파주시,M,unmarried,25-29,14717
2022,31200,파주시,F,total,25-29,13922
2022,31200,파주시,F,unmarried,30-34,6057
2022,31200,파주시,M,total,30-34,16495
2022,31200,파주시,M,unmarried,30-34,10176
2022,31200,파주시,F,total,30-34,15368
2022,31200,파주시,F,unmarried,35-39,2931
2022,31200,파주시,M,total,35-39,18874
2022,31200,파주시,M,unmarried,35-39,6544
2022,31200,파주시,F,total,35-39,16634
2022,31200,파주시,F,unmarried,40-44,2210
2022,31200,파주시,M,total,40-44,21452
2022,31200,파주시,M,unmarried,40-44,4709
2022,31200,파주시,F,total,40-44,19811
2022,31210,이천시,F,unmarried,20-24,5234
2022,31210,이천시,M,total,20-24,6635
2022,31210,이천시,M,unmarried,20-24,6579
2022,31210,이천시,F,total,20-24,5381
2022,31210,이천시,F,unmarried,25-29,5498
2022,31210,이천시,M,total,25-29,10176
2022,31210,이천시,M,unmarried,25-29,9231
2022,31210,이천시,F,total,25-29,6955
2022,31210,이천시,F,unmarried,30-34,2789
2022,31210,이천시,M,total,30-34,8778
2022,31210,이천시,M,unmarried,30-34,5952
2022,31210,이천시,F,total,30-34,6607
2022,31210,이천시,F,unmarried,35-39,1449
2022,31210,이천시,M,total,35-39,7699
2022,31210,이천시,M,unmarried,35-39,2893
2022,31210,이천시,F,total,35-39,7001
2022,31210,이천시,F,unmarried,40-44,971
2022,31210,이천시,M,total,40-44,9073
2022,31210,이천시,M,unmarried,40-44,2308
2022,31210,이천시,F,total,40-44,7914
2022,31220,안성시,F,unmarried,20-24,6215
2022,31220,안성시,M,total,20-24,6803
2022,31220,안성시,M,unmarried,20-24,6759
2022,31220,안성시,F,total,20-24,6321
2022,31220,안성시,F,unmarried,25-29,4027
2022,31220,안성시,M,total,25-29,6599
2022,31220,안성시,M,unmarried,25-29,6092
2022,31220,안성시,F,total,25-29,4951
2022,31220,안성시,F,unmarried,30-34,1975
2022,31220,안성시,M,total,30-34,5851
2022,31220,안성시,M,unmarried,30-34,4074
2022,31220,안성시,F,total,30-34,4545
2022,31220,안성시,F,unmarried,35-39,1083
2022,31220,안성시,M,total,35-39,6124
2022,31220,안성시,M,unmarried,35-39,2755
2022,31220,안성시,F,total,35-39,5042
2022,31220,안성시,F,unmarried,40-44,818
2022,31220,안성시,M,total,40-44,7813
2022,31220,안성시,M,unmarried,40-44,2308
2022,31220,안성시,F,total,40-44,6654
2022,31230,김포시,F,unmarried,20-24,9037
2022,31230,김포시,M,total,20-24,10270
2022,31230,김포시,M,unmarried,20-24,10210
2022,31230,김포시,F,total,20-24,9196
2022,31230,김포시,F,unmarried,25-29,10683
2022,31230,김포시,M,total,25-29,12997
2022,31230,김포시,M,unmarried,25-29,11990
2022,31230,김포시,F,total,25-29,12761
2022,31230,김포시,F,unmarried,30-34,6499
2022,31230,김포시,M,total,30-34,14448
2022,31230,김포시,M,unmarried,30-34,9078
2022,31230,김포시,F,total,30-34,15187
2022,31230,김포시,F,unmarried,35-39,3260
2022,31230,김포시,M,total,35-39,18914
2022,31230,김포시,M,unmarried,35-39,5741
2022,31230,김포시,F,total,35-39,19615
2022,31230,김포시,F,unmarried,40-44,2594
2022,31230,김포시,M,total,40-44,24978
2022,31230,김포시,M,unmarried,40-44,4630
2022,31230,김포시,F,total,40-44,24083
2022,31240,화성시,F,unmarried,20-24,20007
2022,31240,화성시,M,total,20-24,22781
2022,31240,화성시,M,unmarried,20-24,22661
2022,31240,화성시,F,total,20-24,20324
2022,31240,화성시,F,unmarried,25-29,21332
2022,31240,화성시,M,total,25-29,33457
2022,31240,화성시,M,unmarried,25-29,31047
2022,31240,화성시,F,total,25-29,26376
2022,31240,화성시,F,unmarried,30-34,11568
2022,31240,화성시,M,total,30-34,36808
2022,31240,화성시,M,unmarried,30-34,23393
2022,31240,화성시,F,total,30-34,31701
2022,31240,화성시,F,unmarried,35-39,5220
2022,31240,화성시,M,total,35-39,39871
2022,31240,화성시,M,unmarried,35-39,12388
2022,31240,화성시,F,total,35-39,37032
2022,31240,화성시,F,unmarried,40-44,3504
2022,31240,화성시,M,total,40-44,48508
2022,31240,화성시,M,unmarried,40-44,9113
2022,31240,화성시,F,total,40-44,44016
2022,31250,광주시,F,unmarried,20-24,8275
2022,31250,광주시,M,total,20-24,9843
2022,31250,광주시,M,unmarried,20-24,9776
2022,31250,광주시,F,total,20-24,8443
2022,31250,광주시,F,unmarried,25-29,8666
2022,31250,광주시,M,total,25-29,12253
2022,31250,광주시,M,unmarried,25-29,11285
2022,31250,광주시,F,total,25-29,10522
2022,31250,광주시,F,unmarried,30-34,5287
2022,31250,광주시,M,total,30-34,12708
2022,31250,광주시,M,unmarried,30-34,8586
2022,31250,광주시,F,total,30-34,11554
2022,31250,광주시,F,unmarried,35-39,2912
2022,31250,광주시,M,total,35-39,14737
2022,31250,광주시,M,unmarried,35-39,5691
2022,31250,광주시,F,total,35-39,13621
2022,31250,광주시,F,unmarried,40-44,2338
2022,31250,광주시,M,total,40-44,18299
2022,31250,광주시,M,unmarried,40-44,4971
2022,31250,광주시,F,total,40-44,16409
2022,31260,양주시,F,unmarried,20-24,5485
2022,31260,양주시,M,total,20-24,6683
2022,31260,양주시,M,unmarried,20-24,6617
2022,31260,양주시,F,total,20-24,5620
2022,31260,양주시,F,unmarried,25-29,4738
2022,31260,양주시,M,total,25-29,7151
2022,31260,양주시,M,unmarried,25-29,6397
2022,31260,양주시,F,total,25-29,6057
2022,31260,양주시,F,unmarried,30-34,2460
2022,31260,양주시,M,total,30-34,6794
2022,31260,양주시,M,unmarried,30-34,4161
2022,31260,양주시,F,total,30-34,6113
2022,31260,양주시,F,unmarried,35-39,1277
2022,31260,양주시,M,total,35-39,7342
2022,31260,양주시,M,unmarried,35-39,2592
2022,31260,양주시,F,total,35-39,6923
2022,31260,양주시,F,unmarried,40-44,984
2022,31260,양주시,M,total,40-44,9441
2022,31260,양주시,M,unmarried,40-44,2265
2022,31260,양주시,F,total,40-44,9279
2022,31270,포천시,F,unmarried,20-24,5321
2022,31270,포천시,M,total,20-24,6414
2022,31270,포천시,M,unmarried,20-24,6362
2022,31270,포천시,F,total,20-24,5410
2022,31270,포천시,F,unmarried,25-29,3005
2022,31270,포천시,M,total,25-29,5513
2022,31270,포천시,M,unmarried,25-29,5005
2022,31270,포천시,F,total,25-29,3734
2022,31270,포천시,F,unmarried,30-34,1426
2022,31270,포천시,M,total,30-34,4235
2022,31270,포천시,M,unmarried,30-34,2905
2022,31270,포천시,F,total,30-34,3094
2022,31270,포천시,F,unmarried,35-39,756
2022,31270,포천시,M,total,35-39,3602
2022,31270,포천시,M,unmarried,35-39,1726
2022,31270,포천시,F,total,35-39,2976
2022,31270,포천시,F,unmarried,40-44,523
2022,31270,포천시,M,total,40-44,4378
2022,31270,포천시,M,unmarried,40-44,1541
2022,31270,포천시,F,total,40-44,3699
2022,31280,여주시,F,unmarried,20-24,2404
2022,31280,여주시,M,total,20-24,3042
2022,31280,여주시,M,unmarried,20-24,3007
2022,31280,여주시,F,total,20-24,2477
2022,31280,여주시,F,unmarried,25-29,2023
2022,31280,여주시,M,total,25-29,3144
2022,31280,여주시,M,unmarried,25-29,2874
2022,31280,여주시,F,total,25-29,2482
2022,31280,여주시,F,unmarried,30-34,1141
2022,31280,여주시,M,total,30-34,2913
2022,31280,여주시,M,unmarried,30-34,2035
2022,31280,여주시,F,total,30-34,2375
2022,31280,여주시,F,unmarried,35-39,610
2022,31280,여주시,M,total,35-39,2776
2022,31280,여주시,M,unmarried,35-39,1220
2022,31280,여주시,F,total,35-39,2536
2022,31280,여주시,F,unmarried,40-44,583
2022,31280,여주시,M,total,40-44,3741
2022,31280,여주시,M,unmarried,40-44,1156
2022,31280,여주시,F,total,40-44,3549
2022,31550,연천군,F,unmarried,20-24,635
2022,31550,연천군,M,total,20-24,1213
2022,31550,연천군,M,unmarried,20-24,1199
2022,31550,연천군,F,total,20-24,670
2022,31550,연천군,F,unmarried,25-29,568
2022,31550,연천군,M,total,25-29,1672
2022,31550,연천군,M,unmarried,25-29,1410
2022,31550,연천군,F,total,25-29,832
2022,31550,연천군,F,unmarried,30-34,308
2022,31550,연천군,M,total,30-34,1302
2022,31550,연천군,M,unmarried,30-34,827
2022,31550,연천군,F,total,30-34,848
2022,31550,연천군,F,unmarried,35-39,186
2022,31550,연천군,M,total,35-39,948
2022,31550,연천군,M,unmarried,35-39,417
2022,31550,연천군,F,total,35-39,758
2022,31550,연천군,F,unmarried,40-44,151
2022,31550,연천군,M,total,40-44,1078
2022,31550,연천군,M,unmarried,40-44,341
2022,31550,연천군,F,total,40-44,993
2022,31570,가평군,F,unmarried,20-24,946
2022,31570,가평군,M,total,20-24,1359
2022,31570,가평군,M,unmarried,20-24,1350
2022,31570,가평군,F,total,20-24,980
2022,31570,가평군,F,unmarried,25-29,953
2022,31570,가평군,M,total,25-29,1723
2022,31570,가평군,M,unmarried,25-29,1545
2022,31570,가평군,F,total,25-29,1199
2022,31570,가평군,F,unmarried,30-34,514
2022,31570,가평군,M,total,30-34,1434
2022,31570,가평군,M,unmarried,30-34,1019
2022,31570,가평군,F,total,30-34,1044
2022,31570,가평군,F,unmarried,35-39,309
2022,31570,가평군,M,total,35-39,1368
2022,31570,가평군,M,unmarried,35-39,668
2022,31570,가평군,F,total,35-39,1125
2022,31570,가평군,F,unmarried,40-44,298
2022,31570,가평군,M,total,40-44,1703
2022,31570,가평군,M,unmarried,40-44,599
2022,31570,가평군,F,total,40-44,1547
2022,31580,양평군,F,unmarried,20-24,1713
2022,31580,양평군,M,total,20-24,2487
2022,31580,양평군,M,unmarried,20-24,2467
2022,31580,양평군,F,total,20-24,1748
2022,31580,양평군,F,unmarried,25-29,1743
2022,31580,양평군,M,total,25-29,2651
2022,31580,양평군,M,unmarried,25-29,2407
2022,31580,양평군,F,total,25-29,2149
2022,31580,양평군,F,unmarried,30-34,1077
2022,31580,양평군,M,total,30-34,2456
2022,31580,양평군,M,unmarried,30-34,1790
2022,31580,양평군,F,total,30-34,2061
2022,31580,양평군,F,unmarried,35-39,650
2022,31580,양평군,M,total,35-39,2551
2022,31580,양평군,M,unmarried,35-39,1171
2022,31580,양평군,F,total,35-39,2471
2022,31580,양평군,F,unmarried,40-44,586
2022,31580,양평군,M,total,40-44,3478
2022,31580,양평군,M,unmarried,40-44,1060
2022,31580,양평군,F,total,40-44,3543
2022,32,강원특별자치도,F,unmarried,20-24,37283
2022,32,강원특별자치도,M,total,20-24,49611
2022,32,강원특별자치도,M,unmarried,20-24,49251
2022,32,강원특별자치도,F,total,20-24,38139
2022,32,강원특별자치도,F,unmarried,25-29,28647
2022,32,강원특별자치도,M,total,25-29,48393
2022,32,강원특별자치도,M,unmarried,25-29,43728
2022,32,강원특별자치도,F,total,25-29,36349
2022,32,강원특별자치도,F,unmarried,30-34,15052
2022,32,강원특별자치도,M,total,30-34,41553
2022,32,강원특별자치도,M,unmarried,30-34,26700
2022,32,강원특별자치도,F,total,30-34,35114
2022,32,강원특별자치도,F,unmarried,35-39,8002
2022,32,강원특별자치도,M,total,35-39,41042
2022,32,강원특별자치도,M,unmarried,35-39,16147
2022,32,강원특별자치도,F,total,35-39,37622
2022,32,강원특별자치도,F,unmarried,40-44,6616
2022,32,강원특별자치도,M,total,40-44,50668
2022,32,강원특별자치도,M,unmarried,40-44,14421
2022,32,강원특별자치도,F,total,40-44,49323
2022,32003,동부,F,unmarried,20-24,26435
2022,32003,동부,M,total,20-24,32675
2022,32003,동부,M,unmarried,20-24,32469
2022,32003,동부,F,total,20-24,26938
2022,32003,동부,F,unmarried,25-29,20787
2022,32003,동부,M,total,25-29,31113
2022,32003,동부,M,unmarried,25-29,28399
2022,32003,동부,F,total,25-29,25655
2022,32003,동부,F,unmarried,30-34,10689
2022,32003,동부,M,total,30-34,26846
2022,32003,동부,M,unmarried,30-34,17346
2022,32003,동부,F,total,30-34,23746
2022,32003,동부,F,unmarried,35-39,5386
2022,32003,동부,M,total,35-39,26413
2022,32003,동부,M,unmarried,35-39,10041
2022,32003,동부,F,total,35-39,25050
2022,32003,동부,F,unmarried,40-44,4463
2022,32003,동부,M,total,40-44,32818
2022,32003,동부,M,unmarried,40-44,8934
2022,32003,동부,F,total,40-44,33584
2022,32004,읍부,F,unmarried,20-24,4656
2022,32004,읍부,M,total,20-24,7005
2022,32004,읍부,M,unmarried,20-24,6920
2022,32004,읍부,F,total,20-24,4866
2022,32004,읍부,F,unmarried,25-29,3496
2022,32004,읍부,M,total,25-29,7412
2022,32004,읍부,M,unmarried,25-29,6435
2022,32004,읍부,F,total,25-29,4878
2022,32004,읍부,F,unmarried,30-34,1834
2022,32004,읍부,M,total,30-34,6457
2022,32004,읍부,M,unmarried,30-34,4001
2022,32004,읍부,F,total,30-34,5065
2022,32004,읍부,F,unmarried,35-39,1085
2022,32004,읍부,M,total,35-39,6269
2022,32004,읍부,M,unmarried,35-39,2569
2022,32004,읍부,F,total,35-39,5523
2022,32004,읍부,F,unmarried,40-44,975
2022,32004,읍부,M,total,40-44,7943
2022,32004,읍부,M,unmarried,40-44,2403
2022,32004,읍부,F,total,40-44,7353
2022,32005,면부,F,unmarried,20-24,6192
2022,32005,면부,M,total,20-24,9931
2022,32005,면부,M,unmarried,20-24,9862
2022,32005,면부,F,total,20-24,6335
2022,32005,면부,F,unmarried,25-29,4364
2022,32005,면부,M,total,25-29,9868
2022,32005,면부,M,unmarried,25-29,8894
2022,32005,면부,F,total,25-29,5816
2022,32005,면부,F,unmarried,30-34,2529
2022,32005,면부,M,total,30-34,8250
2022,32005,면부,M,unmarried,30-34,5353
2022,32005,면부,F,total,30-34,6303
2022,32005,면부,F,unmarried,35-39,1531
2022,32005,면부,M,total,35-39,8360
2022,32005,면부,M,unmarried,35-39,3537
2022,32005,면부,F,total,35-39,7049
2022,32005,면부,F,unmarried,40-44,1178
2022,32005,면부,M,total,40-44,9907
2022,32005,면부,M,unmarried,40-44,3084
2022,32005,면부,F,total,40-44,8386
2022,32010,춘천시,F,unmarried,20-24,10804
2022,32010,춘천시,M,total,20-24,11315
2022,32010,춘천시,M,unmarried,20-24,11262
2022,32010,춘천시,F,total,20-24,10933
2022,32010,춘천시,F,unmarried,25-29,7181
2022,32010,춘천시,M,total,25-29,10334
2022,32010,춘천시,M,unmarried,25-29,9479
2022,32010,춘천시,F,total,25-29,8685
2022,32010,춘천시,F,unmarried,30-34,3706
2022,32010,춘천시,M,total,30-34,8907
2022,32010,춘천시,M,unmarried,30-34,5805
2022,32010,춘천시,F,total,30-34,7996
2022,32010,춘천시,F,unmarried,35-39,1865
2022,32010,춘천시,M,total,35-39,8450
2022,32010,춘천시,M,unmarried,35-39,3140
2022,32010,춘천시,F,total,35-39,8182
2022,32010,춘천시,F,unmarried,40-44,1440
2022,32010,춘천시,M,total,40-44,9996
2022,32010,춘천시,M,unmarried,40-44,2567
2022,32010,춘천시,F,total,40-44,10165
2022,32020,원주시,F,unmarried,20-24,10006
2022,32020,원주시,M,total,20-24,12260
2022,32020,원주시,M,unmarried,20-24,12180
2022,32020,원주시,F,total,20-24,10203
2022,32020,원주시,F,unmarried,25-29,8664
2022,32020,원주시,M,total,25-29,12306
2022,32020,원주시,M,unmarried,25-29,11160
2022,32020,원주시,F,total,25-29,10747
2022,32020,원주시,F,unmarried,30-34,4891
2022,32020,원주시,M,total,30-34,11256
2022,32020,원주시,M,unmarried,30-34,7133
2022,32020,원주시,F,total,30-34,10662
2022,32020,원주시,F,unmarried,35-39,2314
2022,32020,원주시,M,total,35-39,11375
2022,32020,원주시,M,unmarried,35-39,4161
2022,32020,원주시,F,total,35-39,10955
2022,32020,원주시,F,unmarried,40-44,1759
2022,32020,원주시,M,total,40-44,13406
2022,32020,원주시,M,unmarried,40-44,3418
2022,32020,원주시,F,total,40-44,13686
2022,32030,강릉시,F,unmarried,20-24,6689
2022,32030,강릉시,M,total,20-24,8701
2022,32030,강릉시,M,unmarried,20-24,8665
2022,32030,강릉시,F,total,20-24,6799
2022,32030,강릉시,F,unmarried,25-29,4187
2022,32030,강릉시,M,total,25-29,6939
2022,32030,강릉시,M,unmarried,25-29,6420
2022,32030,강릉시,F,total,25-29,5165
2022,32030,강릉시,F,unmarried,30-34,2018
2022,32030,강릉시,M,total,30-34,5332
2022,32030,강릉시,M,unmarried,30-34,3595
2022,32030,강릉시,F,total,30-34,4405
2022,32030,강릉시,F,unmarried,35-39,1111
2022,32030,강릉시,M,total,35-39,5430
2022,32030,강릉시,M,unmarried,35-39,2274
2022,32030,강릉시,F,total,35-39,4936
2022,32030,강릉시,F,unmarried,40-44,1004
2022,32030,강릉시,M,total,40-44,6954
2022,32030,강릉시,M,unmarried,40-44,2104
2022,32030,강릉시,F,total,40-44,6930
2022,32040,동해시,F,unmarried,20-24,1224
2022,32040,동해시,M,total,20-24,2068
2022,32040,동해시,M,unmarried,20-24,2044
2022,32040,동해시,F,total,20-24,1274
2022,32040,동해시,F,unmarried,25-29,1327
2022,32040,동해시,M,total,25-29,2481
2022,32040,동해시,M,unmarried,25-29,2217
2022,32040,동해시,F,total,25-29,1740
2022,32040,동해시,F,unmarried,30-34,567
2022,32040,동해시,M,total,30-34,2108
2022,32040,동해시,M,unmarried,30-34,1340
2022,32040,동해시,F,total,30-34,1658
2022,32040,동해시,F,unmarried,35-39,367
2022,32040,동해시,M,total,35-39,2294
2022,32040,동해시,M,unmarried,35-39,814
2022,32040,동해시,F,total,35-39,2090
2022,32040,동해시,F,unmarried,40-44,348
2022,32040,동해시,M,total,40-44,3224
2022,32040,동해시,M,unmarried,40-44,916
2022,32040,동해시,F,total,40-44,3166
2022,32050,태백시,F,unmarried,20-24,535
2022,32050,태백시,M,total,20-24,840
2022,32050,태백시,M,unmarried,20-24,835
2022,32050,태백시,F,total,20-24,547
2022,32050,태백시,F,unmarried,25-29,519
2022,32050,태백시,M,total,25-29,800
2022,32050,태백시,M,unmarried,25-29,752
2022,32050,태백시,F,total,25-29,609
2022,32050,태백시,F,unmarried,30-34,242
2022,32050,태백시,M,total,30-34,680
2022,32050,태백시,M,unmarried,30-34,496
2022,32050,태백시,F,total,30-34,576
2022,32050,태백시,F,unmarried,35-39,187
2022,32050,태백시,M,total,35-39,878
2022,32050,태백시,M,unmarried,35-39,412
2022,32050,태백시,F,total,35-39,793
2022,32050,태백시,F,unmarried,40-44,168
2022,32050,태백시,M,total,40-44,1385
2022,32050,태백시,M,unmarried,40-44,478
2022,32050,태백시,F,total,40-44,1372
2022,32060,속초시,F,unmarried,20-24,1214
2022,32060,속초시,M,total,20-24,1911
2022,32060,속초시,M,unmarried,20-24,1885
2022,32060,속초시,F,total,20-24,1271
2022,32060,속초시,F,unmarried,25-29,1430
2022,32060,속초시,M,total,25-29,2359
2022,32060,속초시,M,unmarried,25-29,2127
2022,32060,속초시,F,total,25-29,1851
2022,32060,속초시,F,unmarried,30-34,755
2022,32060,속초시,M,total,30-34,2468
2022,32060,속초시,M,unmarried,30-34,1511
2022,32060,속초시,F,total,30-34,1887
2022,32060,속초시,F,unmarried,35-39,406
2022,32060,속초시,M,total,35-39,2324
2022,32060,속초시,M,unmarried,35-39,908
2022,32060,속초시,F,total,35-39,2091
2022,32060,속초시,F,unmarried,40-44,402
2022,32060,속초시,M,total,40-44,2853
2022,32060,속초시,M,unmarried,40-44,849
2022,32060,속초시,F,total,40-44,2852
2022,32070,삼척시,F,unmarried,20-24,2035
2022,32070,삼척시,M,total,20-24,3213
2022,32070,삼척시,M,unmarried,20-24,3204
2022,32070,삼척시,F,total,20-24,2071
2022,32070,삼척시,F,unmarried,25-29,816
2022,32070,삼척시,M,total,25-29,1724
2022,32070,삼척시,M,unmarried,25-29,1608
2022,32070,삼척시,F,total,25-29,1059
2022,32070,삼척시,F,unmarried,30-34,384
2022,32070,삼척시,M,total,30-34,1288
2022,32070,삼척시,M,unmarried,30-34,824
2022,32070,삼척시,F,total,30-34,1042
2022,32070,삼척시,F,unmarried,35-39,233
2022,32070,삼척시,M,total,35-39,1416
2022,32070,삼척시,M,unmarried,35-39,632
2022,32070,삼척시,F,total,35-39,1210
2022,32070,삼척시,F,unmarried,40-44,203
2022,32070,삼척시,M,total,40-44,1898
2022,32070,삼척시,M,unmarried,40-44,644
2022,32070,삼척시,F,total,40-44,1693
2022,32510,홍천군,F,unmarried,20-24,819
2022,32510,홍천군,M,total,20-24,1435
2022,32510,홍천군,M,unmarried,20-24,1409
2022,32510,홍천군,F,total,20-24,861
2022,32510,홍천군,F,unmarried,25-29,796
2022,32510,홍천군,M,total,25-29,1833
2022,32510,홍천군,M,unmarried,25-29,1605
2022,32510,홍천군,F,total,25-29,1115
2022,32510,홍천군,F,unmarried,30-34,444
2022,32510,홍천군,M,total,30-34,1475
2022,32510,홍천군,M,unmarried,30-34,967
2022,32510,홍천군,F,total,30-34,1132
2022,32510,홍천군,F,unmarried,35-39,267
2022,32510,홍천군,M,total,35-39,1397
2022,32510,홍천군,M,unmarried,35-39,604
2022,32510,홍천군,F,total,35-39,1211
2022,32510,홍천군,F,unmarried,40-44,189
2022,32510,홍천군,M,total,40-44,1727
2022,32510,홍천군,M,unmarried,40-44,543
2022,32510,홍천군,F,total,40-44,1561
2022,32520,횡성군,F,unmarried,20-24,650
2022,32520,횡성군,M,total,20-24,955
2022,32520,횡성군,M,unmarried,20-24,953
2022,32520,횡성군,F,total,20-24,666
2022,32520,횡성군,F,unmarried,25-29,561
2022,32520,횡성군,M,total,25-29,911
2022,32520,횡성군,M,unmarried,25-29,823
2022,32520,횡성군,F,total,25-29,679
2022,32520,횡성군,F,unmarried,30-34,273
2022,32520,횡성군,M,total,30-34,747
2022,32520,횡성군,M,unmarried,30-34,552
2022,32520,횡성군,F,total,30-34,619
2022,32520,횡성군,F,unmarried,35-39,153
2022,32520,횡성군,M,total,35-39,855
2022,32520,횡성군,M,unmarried,35-39,388
2022,32520,횡성군,F,total,35-39,744
2022,32520,횡성군,F,unmarried,40-44,150
2022,32520,횡성군,M,total,40-44,1060
2022,32520,횡성군,M,unmarried,40-44,355
2022,32520,횡성군,F,total,40-44,945
2022,32530,영월군,F,unmarried,20-24,487
2022,32530,영월군,M,total,20-24,740
2022,32530,영월군,M,unmarried,20-24,733
2022,32530,영월군,F,total,20-24,507
2022,32530,영월군,F,unmarried,25-29,393
2022,32530,영월군,M,total,25-29,698
2022,32530,영월군,M,unmarried,25-29,639
2022,32530,영월군,F,total,25-29,497
2022,32530,영월군,F,unmarried,30-34,212
2022,32530,영월군,M,total,30-34,629
2022,32530,영월군,M,unmarried,30-34,464
2022,32530,영월군,F,total,30-34,474
2022,32530,영월군,F,unmarried,35-39,130
2022,32530,영월군,M,total,35-39,709
2022,32530,영월군,M,unmarried,35-39,353
2022,32530,영월군,F,total,35-39,574
2022,32530,영월군,F,unmarried,40-44,127
2022,32530,영월군,M,total,40-44,919
2022,32530,영월군,M,unmarried,40-44,285
2022,32530,영월군,F,total,40-44,835
2022,32540,평창군,F,unmarried,20-24,400
2022,32540,평창군,M,total,20-24,758
2022,32540,평창군,M,unmarried,20-24,753
2022,32540,평창군,F,total,20-24,413
2022,32540,평창군,F,unmarried,25-29,409
2022,32540,평창군,M,total,25-29,809
2022,32540,평창군,M,unmarried,25-29,760
2022,32540,평창군,F,total,25-29,507
2022,32540,평창군,F,unmarried,30-34,259
2022,32540,평창군,M,total,30-34,713
2022,32540,평창군,M,unmarried,30-34,544
2022,32540,평창군,F,total,30-34,524
2022,32540,평창군,F,unmarried,35-39,171
2022,32540,평창군,M,total,35-39,687
2022,32540,평창군,M,unmarried,35-39,339
2022,32540,평창군,F,total,35-39,618
2022,32540,평창군,F,unmarried,40-44,147
2022,32540,평창군,M,total,40-44,1106
2022,32540,평창군,M,unmarried,40-44,413
2022,32540,평창군,F,total,40-44,885
2022,32550,정선군,F,unmarried,20-24,309
2022,32550,정선군,M,total,20-24,634
2022,32550,정선군,M,unmarried,20-24,625
2022,32550,정선군,F,total,20-24,317
2022,32550,정선군,F,unmarried,25-29,335
2022,32550,정선군,M,total,25-29,620
2022,32550,정선군,M,unmarried,25-29,585
2022,32550,정선군,F,total,25-29,401
2022,32550,정선군,F,unmarried,30-34,225
2022,32550,정선군,M,total,30-34,595
2022,32550,정선군,M,unmarried,30-34,458
2022,32550,정선군,F,total,30-34,462
2022,32550,정선군,F,unmarried,35-39,150
2022,32550,정선군,M,total,35-39,768
2022,32550,정선군,M,unmarried,35-39,433
2022,32550,정선군,F,total,35-39,598
2022,32550,정선군,F,unmarried,40-44,143
2022,32550,정선군,M,total,40-44,1102
2022,32550,정선군,M,unmarried,40-44,449
2022,32550,정선군,F,total,40-44,833
2022,32560,철원군,F,unmarried,20-24,579
2022,32560,철원군,M,total,20-24,1151
2022,32560,철원군,M,unmarried,20-24,1127
2022,32560,철원군,F,total,20-24,622
2022,32560,철원군,F,unmarried,25-29,429
2022,32560,철원군,M,total,25-29,1622
2022,32560,철원군,M,unmarried,25-29,1321
2022,32560,철원군,F,total,25-29,801
2022,32560,철원군,F,unmarried,30-34,290
2022,32560,철원군,M,total,30-34,1324
2022,32560,철원군,M,unmarried,30-34,686
2022,32560,철원군,F,total,30-34,982
2022,32560,철원군,F,unmarried,35-39,141
2022,32560,철원군,M,total,35-39,1082
2022,32560,철원군,M,unmarried,35-39,403
2022,32560,철원군,F,total,35-39,891
2022,32560,철원군,F,unmarried,40-44,146
2022,32560,철원군,M,total,40-44,1210
2022,32560,철원군,M,unmarried,40-44,336
2022,32560,철원군,F,total,40-44,1155
2022,32570,화천군,F,unmarried,20-24,317
2022,32570,화천군,M,total,20-24,783
2022,32570,화천군,M,unmarried,20-24,766
2022,32570,화천군,F,total,20-24,348
2022,32570,화천군,F,unmarried,25-29,302
2022,32570,화천군,M,total,25-29,1170
2022,32570,화천군,M,unmarried,25-29,953
2022,32570,화천군,F,total,25-29,549
2022,32570,화천군,F,unmarried,30-34,105
2022,32570,화천군,M,total,30-34,943
2022,32570,화천군,M,unmarried,30-34,513
2022,32570,화천군,F,total,30-34,533
2022,32570,화천군,F,unmarried,35-39,81
2022,32570,화천군,M,total,35-39,583
2022,32570,화천군,M,unmarried,35-39,194
2022,32570,화천군,F,total,35-39,501
2022,32570,화천군,F,unmarried,40-44,46
2022,32570,화천군,M,total,40-44,656
2022,32570,화천군,M,unmarried,40-44,145
2022,32570,화천군,F,total,40-44,508
2022,32580,양구군,F,unmarried,20-24,280
2022,32580,양구군,M,total,20-24,649
2022,32580,양구군,M,unmarried,20-24,642
2022,32580,양구군,F,total,20-24,304
2022,32580,양구군,F,unmarried,25-29,250
2022,32580,양구군,M,total,25-29,875
2022,32580,양구군,M,unmarried,25-29,724
2022,32580,양구군,F,total,25-29,449
2022,32580,양구군,F,unmarried,30-34,136
2022,32580,양구군,M,total,30-34,719
2022,32580,양구군,M,unmarried,30-34,370
2022,32580,양구군,F,total,30-34,505
2022,32580,양구군,F,unmarried,35-39,57
2022,32580,양구군,M,total,35-39,591
2022,32580,양구군,M,unmarried,35-39,194
2022,32580,양구군,F,total,35-39,496
2022,32580,양구군,F,unmarried,40-44,58
2022,32580,양구군,M,total,40-44,592
2022,32580,양구군,M,unmarried,40-44,132
2022,32580,양구군,F,total,40-44,535
2022,32590,인제군,F,unmarried,20-24,336
2022,32590,인제군,M,total,20-24,993
2022,32590,인제군,M,unmarried,20-24,975
2022,32590,인제군,F,total,20-24,366
2022,32590,인제군,F,unmarried,25-29,392
2022,32590,인제군,M,total,25-29,1464
2022,32590,인제군,M,unmarried,25-29,1222
2022,32590,인제군,F,total,25-29,670
2022,32590,인제군,F,unmarried,30-34,174
2022,32590,인제군,M,total,30-34,1211
2022,32590,인제군,M,unmarried,30-34,627
2022,32590,인제군,F,total,30-34,807
2022,32590,인제군,F,unmarried,35-39,101
2022,32590,인제군,M,total,35-39,987
2022,32590,인제군,M,unmarried,35-39,314
2022,32590,인제군,F,total,35-39,738
2022,32590,인제군,F,unmarried,40-44,82
2022,32590,인제군,M,total,40-44,1036
2022,32590,인제군,M,unmarried,40-44,248
2022,32590,인제군,F,total,40-44,900
2022,32600,고성군,F,unmarried,20-24,312
2022,32600,고성군,M,total,20-24,688
2022,32600,고성군,M,unmarried,20-24,679
2022,32600,고성군,F,total,20-24,339
2022,32600,고성군,F,unmarried,25-29,323
2022,32600,고성군,M,total,25-29,855
2022,32600,고성군,M,unmarried,25-29,776
2022,32600,고성군,F,total,25-29,421
2022,32600,고성군,F,unmarried,30-34,171
2022,32600,고성군,M,total,30-34,641
2022,32600,고성군,M,unmarried,30-34,430
2022,32600,고성군,F,total,30-34,447
2022,32600,고성군,F,unmarried,35-39,125
2022,32600,고성군,M,total,35-39,590
2022,32600,고성군,M,unmarried,35-39,256
2022,32600,고성군,F,total,35-39,500
2022,32600,고성군,F,unmarried,40-44,93
2022,32600,고성군,M,total,40-44,714
2022,32600,고성군,M,unmarried,40-44,238
2022,32600,고성군,F,total,40-44,592
2022,32610,양양군,F,unmarried,20-24,287
2022,32610,양양군,M,total,20-24,517
2022,32610,양양군,M,unmarried,20-24,514
2022,32610,양양군,F,total,20-24,298
2022,32610,양양군,F,unmarried,25-29,333
2022,32610,양양군,M,total,25-29,593
2022,32610,양양군,M,unmarried,25-29,557
2022,32610,양양군,F,total,25-29,404
2022,32610,양양군,F,unmarried,30-34,200
2022,32610,양양군,M,total,30-34,517
2022,32610,양양군,M,unmarried,30-34,385
2022,32610,양양군,F,total,30-34,403
2022,32610,양양군,F,unmarried,35-39,143
2022,32610,양양군,M,total,35-39,626
2022,32610,양양군,M,unmarried,35-39,328
2022,32610,양양군,F,total,35-39,494
2022,32610,양양군,F,unmarried,40-44,111
2022,32610,양양군,M,total,40-44,830
2022,32610,양양군,M,unmarried,40-44,301
2022,32610,양양군,F,total,40-44,710
2022,33,충청북도,F,unmarried,20-24,40360
2022,33,충청북도,M,total,20-24,50048
2022,33,충청북도,M,unmarried,20-24,49709
2022,33,충청북도,F,total,20-24,41240
2022,33,충청북도,F,unmarried,25-29,34738
2022,33,충청북도,M,total,25-29,56597
2022,33,충청북도,M,unmarried,25-29,52163
2022,33,충청북도,F,total,25-29,43015
2022,33,충청북도,F,unmarried,30-34,17089
2022,33,충청북도,M,total,30-34,50033
2022,33,충청북도,M,unmarried,30-34,33525
2022,33,충청북도,F,total,30-34,39886
2022,33,충청북도,F,unmarried,35-39,8848
2022,33,충청북도,M,total,35-39,49185
2022,33,충청북도,M,unmarried,35-39,19604
2022,33,충청북도,F,total,35-39,43990
2022,33,충청북도,F,unmarried,40-44,6537
2022,33,충청북도,M,total,40-44,58039
2022,33,충청북도,M,unmarried,40-44,15950
2022,33,충청북도,F,total,40-44,53914
2022,33003,동부,F,unmarried,20-24,27530
2022,33003,동부,M,total,20-24,32231
2022,33003,동부,M,unmarried,20-24,32016
2022,33003,동부,F,total,20-24,28071
2022,33003,동부,F,unmarried,25-29,24045
2022,33003,동부,M,total,25-29,36856
2022,33003,동부,M,unmarried,25-29,34091
2022,33003,동부,F,total,25-29,29182
2022,33003,동부,F,unmarried,30-34,11508
2022,33003,동부,M,total,30-34,31051
2022,33003,동부,M,unmarried,30-34,20835
2022,33003,동부,F,total,30-34,25661
2022,33003,동부,F,unmarried,35-39,5812
2022,33003,동부,M,total,35-39,29604
2022,33003,동부,M,unmarried,35-39,11534
2022,33003,동부,F,total,35-39,27604
2022,33003,동부,F,unmarried,40-44,4166
2022,33003,동부,M,total,40-44,35024
2022,33003,동부,M,unmarried,40-44,9182
2022,33003,동부,F,total,40-44,34342
2022,33004,읍부,F,unmarried,20-24,7154
2022,33004,읍부,M,total,20-24,9688
2022,33004,읍부,M,unmarried,20-24,9610
2022,33004,읍부,F,total,20-24,7365
2022,33004,읍부,F,unmarried,25-29,6680
2022,33004,읍부,M,total,25-29,11966
2022,33004,읍부,M,unmarried,25-29,10870
2022,33004,읍부,F,total,25-29,8727
2022,33004,읍부,F,unmarried,30-34,3381
2022,33004,읍부,M,total,30-34,11658
2022,33004,읍부,M,unmarried,30-34,7514
2022,33004,읍부,F,total,30-34,9075
2022,33004,읍부,F,unmarried,35-39,1729
2022,33004,읍부,M,total,35-39,12235
2022,33004,읍부,M,unmarried,35-39,4496
2022,33004,읍부,F,total,35-39,10790
2022,33004,읍부,F,unmarried,40-44,1294
2022,33004,읍부,M,total,40-44,14486
2022,33004,읍부,M,unmarried,40-44,3629
2022,33004,읍부,F,total,40-44,13055
2022,33005,면부,F,unmarried,20-24,5676
2022,33005,면부,M,total,20-24,8129
2022,33005,면부,M,unmarried,20-24,8083
2022,33005,면부,F,total,20-24,5804
2022,33005,면부,F,unmarried,25-29,4013
2022,33005,면부,M,total,25-29,7775
2022,33005,면부,M,unmarried,25-29,7202
2022,33005,면부,F,total,25-29,5106
2022,33005,면부,F,unmarried,30-34,2200
2022,33005,면부,M,total,30-34,7324
2022,33005,면부,M,unmarried,30-34,5176
2022,33005,면부,F,total,30-34,5150
2022,33005,면부,F,unmarried,35-39,1307
2022,33005,면부,M,total,35-39,7346
2022,33005,면부,M,unmarried,35-39,3574
2022,33005,면부,F,total,35-39,5596
2022,33005,면부,F,unmarried,40-44,1077
2022,33005,면부,M,total,40-44,8529
2022,33005,면부,M,unmarried,40-44,3139
2022,33005,면부,F,total,40-44,6517
2022,33020,충주시,F,unmarried,20-24,6000
2022,33020,충주시,M,total,20-24,7688
2022,33020,충주시,M,unmarried,20-24,7642
2022,33020,충주시,F,total,20-24,6123
2022,33020,충주시,F,unmarried,25-29,3870
2022,33020,충주시,M,total,25-29,7216
2022,33020,충주시,M,unmarried,25-29,6673
2022,33020,충주시,F,total,25-29,4789
2022,33020,충주시,F,unmarried,30-34,1857
2022,33020,충주시,M,total,30-34,6188
2022,33020,충주시,M,unmarried,30-34,4216
2022,33020,충주시,F,total,30-34,4567
2022,33020,충주시,F,unmarried,35-39,1014
2022,33020,충주시,M,total,35-39,5972
2022,33020,충주시,M,unmarried,35-39,2483
2022,33020,충주시,F,total,35-39,5194
2022,33020,충주시,F,unmarried,40-44,791
2022,33020,충주시,M,total,40-44,7109
2022,33020,충주시,M,unmarried,40-44,2047
2022,33020,충주시,F,total,40-44,6642
2022,33030,제천시,F,unmarried,20-24,3495
2022,33030,제천시,M,total,20-24,4337
2022,33030,제천시,M,unmarried,20-24,4313
2022,33030,제천시,F,total,20-24,3569
2022,33030,제천시,F,unmarried,25-29,2204
2022,33030,제천시,M,total,25-29,3764
2022,33030,제천시,M,unmarried,25-29,3488
2022,33030,제천시,F,total,25-29,2739
2022,33030,제천시,F,unmarried,30-34,1064
2022,33030,제천시,M,total,30-34,2964
2022,33030,제천시,M,unmarried,30-34,2018
2022,33030,제천시,F,total,30-34,2484
2022,33030,제천시,F,unmarried,35-39,559
2022,33030,제천시,M,total,35-39,3202
2022,33030,제천시,M,unmarried,35-39,1320
2022,33030,제천시,F,total,35-39,2853
2022,33030,제천시,F,unmarried,40-44,415
2022,33030,제천시,M,total,40-44,3949
2022,33030,제천시,M,unmarried,40-44,1144
2022,33030,제천시,F,total,40-44,3804
2022,33040,청주시,F,unmarried,20-24,23795
2022,33040,청주시,M,total,20-24,27759
2022,33040,청주시,M,unmarried,20-24,27577
2022,33040,청주시,F,total,20-24,24256
2022,33040,청주시,F,unmarried,25-29,22833
2022,33040,청주시,M,total,25-29,34888
2022,33040,청주시,M,unmarried,25-29,32154
2022,33040,청주시,F,total,25-29,27995
2022,33040,청주시,F,unmarried,30-34,11177
2022,33040,청주시,M,total,30-34,31307
2022,33040,청주시,M,unmarried,30-34,20449
2022,33040,청주시,F,total,30-34,25828
2022,33040,청주시,F,unmarried,35-39,5551
2022,33040,청주시,M,total,35-39,29924
2022,33040,청주시,M,unmarried,35-39,11137
2022,33040,청주시,F,total,35-39,27423
2022,33040,청주시,F,unmarried,40-44,3920
2022,33040,청주시,M,total,40-44,34008
2022,33040,청주시,M,unmarried,40-44,8499
2022,33040,청주시,F,total,40-44,32335
2022,33041,상당구,F,unmarried,20-24,4353
2022,33041,상당구,M,total,20-24,5574
2022,33041,상당구,M,unmarried,20-24,5536
2022,33041,상당구,F,total,20-24,4449
2022,33041,상당구,F,unmarried,25-29,4434
2022,33041,상당구,M,total,25-29,6483
2022,33041,상당구,M,unmarried,25-29,5903
2022,33041,상당구,F,total,25-29,5593
2022,33041,상당구,F,unmarried,30-34,2169
2022,33041,상당구,M,total,30-34,5808
2022,33041,상당구,M,unmarried,30-34,3582
2022,33041,상당구,F,total,30-34,5201
2022,33041,상당구,F,unmarried,35-39,1071
2022,33041,상당구,M,total,35-39,6088
2022,33041,상당구,M,unmarried,35-39,2042
2022,33041,상당구,F,total,35-39,5906
2022,33041,상당구,F,unmarried,40-44,832
2022,33041,상당구,M,total,40-44,7345
2022,33041,상당구,M,unmarried,40-44,1715
2022,33041,상당구,F,total,40-44,7294
2022,33042,서원구,F,unmarried,20-24,6261
2022,33042,서원구,M,total,20-24,7173
2022,33042,서원구,M,unmarried,20-24,7138
2022,33042,서원구,F,total,20-24,6365
2022,33042,서원구,F,unmarried,25-29,5258
2022,33042,서원구,M,total,25-29,7742
2022,33042,서원구,M,unmarried,25-29,7183
2022,33042,서원구,F,total,25-29,6266
2022,33042,서원구,F,unmarried,30-34,2507
2022,33042,서원구,M,total,30-34,6042
2022,33042,서원구,M,unmarried,30-34,4229
2022,33042,서원구,F,total,30-34,4986
2022,33042,서원구,F,unmarried,35-39,1262
2022,33042,서원구,M,total,35-39,5415
2022,33042,서원구,M,unmarried,35-39,2385
2022,33042,서원구,F,total,35-39,5075
2022,33042,서원구,F,unmarried,40-44,936
2022,33042,서원구,M,total,40-44,6564
2022,33042,서원구,M,unmarried,40-44,1944
2022,33042,서원구,F,total,40-44,6535
2022,33043,흥덕구,F,unmarried,20-24,7561
2022,33043,흥덕구,M,total,20-24,8518
2022,33043,흥덕구,M,unmarried,20-24,8455
2022,33043,흥덕구,F,total,20-24,7694
2022,33043,흥덕구,F,unmarried,25-29,8552
2022,33043,흥덕구,M,total,25-29,12477
2022,33043,흥덕구,M,unmarried,25-29,11588
2022,33043,흥덕구,F,total,25-29,10253
2022,33043,흥덕구,F,unmarried,30-34,4266
2022,33043,흥덕구,M,total,30-34,11474
2022,33043,흥덕구,M,unmarried,30-34,7528
2022,33043,흥덕구,F,total,30-34,9608
2022,33043,흥덕구,F,unmarried,35-39,2050
2022,33043,흥덕구,M,total,35-39,10461
2022,33043,흥덕구,M,unmarried,35-39,3890
2022,33043,흥덕구,F,total,35-39,9492
2022,33043,흥덕구,F,unmarried,40-44,1318
2022,33043,흥덕구,M,total,40-44,11139
2022,33043,흥덕구,M,unmarried,40-44,2778
2022,33043,흥덕구,F,total,40-44,10537
2022,33044,청원구,F,unmarried,20-24,5620
2022,33044,청원구,M,total,20-24,6494
2022,33044,청원구,M,unmarried,20-24,6448
2022,33044,청원구,F,total,20-24,5748
2022,33044,청원구,F,unmarried,25-29,4589
2022,33044,청원구,M,total,25-29,8186
2022,33044,청원구,M,unmarried,25-29,7480
2022,33044,청원구,F,total,25-29,5883
2022,33044,청원구,F,unmarried,30-34,2235
2022,33044,청원구,M,total,30-34,7983
2022,33044,청원구,M,unmarried,30-34,5110
2022,33044,청원구,F,total,30-34,6033
2022,33044,청원구,F,unmarried,35-39,1168
2022,33044,청원구,M,total,35-39,7960
2022,33044,청원구,M,unmarried,35-39,2820
2022,33044,청원구,F,total,35-39,6950
2022,33044,청원구,F,unmarried,40-44,834
2022,33044,청원구,M,total,40-44,8960
2022,33044,청원구,M,unmarried,40-44,2062
2022,33044,청원구,F,total,40-44,7969
2022,33520,보은군,F,unmarried,20-24,311
2022,33520,보은군,M,total,20-24,602
2022,33520,보은군,M,unmarried,20-24,601
2022,33520,보은군,F,total,20-24,319
2022,33520,보은군,F,unmarried,25-29,277
2022,33520,보은군,M,total,25-29,528
2022,33520,보은군,M,unmarried,25-29,491
2022,33520,보은군,F,total,25-29,349
2022,33520,보은군,F,unmarried,30-34,153
2022,33520,보은군,M,total,30-34,471
2022,33520,보은군,M,unmarried,30-34,347
2022,33520,보은군,F,total,30-34,346
2022,33520,보은군,F,unmarried,35-39,90
2022,33520,보은군,M,total,35-39,543
2022,33520,보은군,M,unmarried,35-39,274
2022,33520,보은군,F,total,35-39,484
2022,33520,보은군,F,unmarried,40-44,97
2022,33520,보은군,M,total,40-44,731
2022,33520,보은군,M,unmarried,40-44,287
2022,33520,보은군,F,total,40-44,595
2022,33530,옥천군,F,unmarried,20-24,672
2022,33530,옥천군,M,total,20-24,1115
2022,33530,옥천군,M,unmarried,20-24,1108
2022,33530,옥천군,F,total,20-24,687
2022,33530,옥천군,F,unmarried,25-29,615
2022,33530,옥천군,M,total,25-29,1004
2022,33530,옥천군,M,unmarried,25-29,955
2022,33530,옥천군,F,total,25-29,747
2022,33530,옥천군,F,unmarried,30-34,301
2022,33530,옥천군,M,total,30-34,769
2022,33530,옥천군,M,unmarried,30-34,568
2022,33530,옥천군,F,total,30-34,659
2022,33530,옥천군,F,unmarried,35-39,198
2022,33530,옥천군,M,total,35-39,891
2022,33530,옥천군,M,unmarried,35-39,402
2022,33530,옥천군,F,total,35-39,882
2022,33530,옥천군,F,unmarried,40-44,179
2022,33530,옥천군,M,total,40-44,1343
2022,33530,옥천군,M,unmarried,40-44,462
2022,33530,옥천군,F,total,40-44,1238
2022,33540,영동군,F,unmarried,20-24,662
2022,33540,영동군,M,total,20-24,914
2022,33540,영동군,M,unmarried,20-24,911
2022,33540,영동군,F,total,20-24,678
2022,33540,영동군,F,unmarried,25-29,527
2022,33540,영동군,M,total,25-29,845
2022,33540,영동군,M,unmarried,25-29,801
2022,33540,영동군,F,total,25-29,647
2022,33540,영동군,F,unmarried,30-34,254
2022,33540,영동군,M,total,30-34,692
2022,33540,영동군,M,unmarried,30-34,517
2022,33540,영동군,F,total,30-34,542
2022,33540,영동군,F,unmarried,35-39,166
2022,33540,영동군,M,total,35-39,731
2022,33540,영동군,M,unmarried,35-39,387
2022,33540,영동군,F,total,35-39,663
2022,33540,영동군,F,unmarried,40-44,132
2022,33540,영동군,M,total,40-44,993
2022,33540,영동군,M,unmarried,40-44,334
2022,33540,영동군,F,total,40-44,931
2022,33550,진천군,F,unmarried,20-24,1474
2022,33550,진천군,M,total,20-24,2309
2022,33550,진천군,M,unmarried,20-24,2278
2022,33550,진천군,F,total,20-24,1545
2022,33550,진천군,F,unmarried,25-29,1476
2022,33550,진천군,M,total,25-29,2912
2022,33550,진천군,M,unmarried,25-29,2651
2022,33550,진천군,F,total,25-29,2004
2022,33550,진천군,F,unmarried,30-34,750
2022,33550,진천군,M,total,30-34,2957
2022,33550,진천군,M,unmarried,30-34,1968
2022,33550,진천군,F,total,30-34,2145
2022,33550,진천군,F,unmarried,35-39,400
2022,33550,진천군,M,total,35-39,3136
2022,33550,진천군,M,unmarried,35-39,1265
2022,33550,진천군,F,total,35-39,2655
2022,33550,진천군,F,unmarried,40-44,286
2022,33550,진천군,M,total,40-44,3766
2022,33550,진천군,M,unmarried,40-44,1024
2022,33550,진천군,F,total,40-44,3219
2022,33560,괴산군,F,unmarried,20-24,957
2022,33560,괴산군,M,total,20-24,1455
2022,33560,괴산군,M,unmarried,20-24,1448
2022,33560,괴산군,F,total,20-24,967
2022,33560,괴산군,F,unmarried,25-29,414
2022,33560,괴산군,M,total,25-29,777
2022,33560,괴산군,M,unmarried,25-29,743
2022,33560,괴산군,F,total,25-29,473
2022,33560,괴산군,F,unmarried,30-34,211
2022,33560,괴산군,M,total,30-34,565
2022,33560,괴산군,M,unmarried,30-34,444
2022,33560,괴산군,F,total,30-34,403
2022,33560,괴산군,F,unmarried,35-39,144
2022,33560,괴산군,M,total,35-39,558
2022,33560,괴산군,M,unmarried,35-39,302
2022,33560,괴산군,F,total,35-39,479
2022,33560,괴산군,F,unmarried,40-44,131
2022,33560,괴산군,M,total,40-44,812
2022,33560,괴산군,M,unmarried,40-44,308
2022,33560,괴산군,F,total,40-44,659
2022,33570,음성군,F,unmarried,20-24,1780
2022,33570,음성군,M,total,20-24,2322
2022,33570,음성군,M,unmarried,20-24,2299
2022,33570,음성군,F,total,20-24,1844
2022,33570,음성군,F,unmarried,25-29,1538
2022,33570,음성군,M,total,25-29,2698
2022,33570,음성군,M,unmarried,25-29,2494
2022,33570,음성군,F,total,25-29,1950
2022,33570,음성군,F,unmarried,30-34,812
2022,33570,음성군,M,total,30-34,2496
2022,33570,음성군,M,unmarried,30-34,1877
2022,33570,음성군,F,total,30-34,1694
2022,33570,음성군,F,unmarried,35-39,475
2022,33570,음성군,M,total,35-39,2508
2022,33570,음성군,M,unmarried,35-39,1281
2022,33570,음성군,F,total,35-39,1927
2022,33570,음성군,F,unmarried,40-44,374
2022,33570,음성군,M,total,40-44,3267
2022,33570,음성군,M,unmarried,40-44,1167
2022,33570,음성군,F,total,40-44,2682
2022,33580,단양군,F,unmarried,20-24,252
2022,33580,단양군,M,total,20-24,427
2022,33580,단양군,M,unmarried,20-24,427
2022,33580,단양군,F,total,20-24,256
2022,33580,단양군,F,unmarried,25-29,297
2022,33580,단양군,M,total,25-29,502
2022,33580,단양군,M,unmarried,25-29,478
2022,33580,단양군,F,total,25-29,352
2022,33580,단양군,F,unmarried,30-34,161
2022,33580,단양군,M,total,30-34,439
2022,33580,단양군,M,unmarried,30-34,347
2022,33580,단양군,F,total,30-34,309
2022,33580,단양군,F,unmarried,35-39,99
2022,33580,단양군,M,total,35-39,450
2022,33580,단양군,M,unmarried,35-39,248
2022,33580,단양군,F,total,35-39,397
2022,33580,단양군,F,unmarried,40-44,92
2022,33580,단양군,M,total,40-44,643
2022,33580,단양군,M,unmarried,40-44,248
2022,33580,단양군,F,total,40-44,555
2022,33590,증평군,F,unmarried,20-24,962
2022,33590,증평군,M,total,20-24,1120
2022,33590,증평군,M,unmarried,20-24,1105
2022,33590,증평군,F,total,20-24,996
2022,33590,증평군,F,unmarried,25-29,687
2022,33590,증평군,M,total,25-29,1463
2022,33590,증평군,M,unmarried,25-29,1235
2022,33590,증평군,F,total,25-29,970
2022,33590,증평군,F,unmarried,30-34,349
2022,33590,증평군,M,total,30-34,1185
2022,33590,증평군,M,unmarried,30-34,774
2022,33590,증평군,F,total,30-34,909
2022,33590,증평군,F,unmarried,35-39,152
2022,33590,증평군,M,total,35-39,1270
2022,33590,증평군,M,unmarried,35-39,505
2022,33590,증평군,F,total,35-39,1033
2022,33590,증평군,F,unmarried,40-44,120
2022,33590,증평군,M,total,40-44,1418
2022,33590,증평군,M,unmarried,40-44,430
2022,33590,증평군,F,total,40-44,1254
2022,34,충청남도,F,unmarried,20-24,55163
2022,34,충청남도,M,total,20-24,64914
2022,34,충청남도,M,unmarried,20-24,64485
2022,34,충청남도,F,total,20-24,56309
2022,34,충청남도,F,unmarried,25-29,40141
2022,34,충청남도,M,total,25-29,66602
2022,34,충청남도,M,unmarried,25-29,61133
2022,34,충청남도,F,total,25-29,51050
2022,34,충청남도,F,unmarried,30-34,21143
2022,34,충청남도,M,total,30-34,64747
2022,34,충청남도,M,unmarried,30-34,42651
2022,34,충청남도,F,total,30-34,52839
2022,34,충청남도,F,unmarried,35-39,11168
2022,34,충청남도,M,total,35-39,69139
2022,34,충청남도,M,unmarried,35-39,27379
2022,34,충청남도,F,total,35-39,60431
2022,34,충청남도,F,unmarried,40-44,7976
2022,34,충청남도,M,total,40-44,84519
2022,34,충청남도,M,unmarried,40-44,22721
2022,34,충청남도,F,total,40-44,73960
2022,34003,동부,F,unmarried,20-24,31950
2022,34003,동부,M,total,20-24,34071
2022,34003,동부,M,unmarried,20-24,33823
2022,34003,동부,F,total,20-24,32606
2022,34003,동부,F,unmarried,25-29,25174
2022,34003,동부,M,total,25-29,37845
2022,34003,동부,M,unmarried,25-29,34701
2022,34003,동부,F,total,25-29,31651
2022,34003,동부,F,unmarried,30-34,12863
2022,34003,동부,M,total,30-34,37178
2022,34003,동부,M,unmarried,30-34,23788
2022,34003,동부,F,total,30-34,31667
2022,34003,동부,F,unmarried,35-39,6362
2022,34003,동부,M,total,35-39,38576
2022,34003,동부,M,unmarried,35-39,14050
2022,34003,동부,F,total,35-39,35138
2022,34003,동부,F,unmarried,40-44,4266
2022,34003,동부,M,total,40-44,45182
2022,34003,동부,M,unmarried,40-44,10539
2022,34003,동부,F,total,40-44,42090
2022,34004,읍부,F,unmarried,20-24,11403
2022,34004,읍부,M,total,20-24,14657
2022,34004,읍부,M,unmarried,20-24,14564
2022,34004,읍부,F,total,20-24,11702
2022,34004,읍부,F,unmarried,25-29,8220
2022,34004,읍부,M,total,25-29,14512
2022,34004,읍부,M,unmarried,25-29,13168
2022,34004,읍부,F,total,25-29,10824
2022,34004,읍부,F,unmarried,30-34,4412
2022,34004,읍부,M,total,30-34,14220
2022,34004,읍부,M,unmarried,30-34,9255
2022,34004,읍부,F,total,30-34,11569
2022,34004,읍부,F,unmarried,35-39,2413
2022,34004,읍부,M,total,35-39,15292
2022,34004,읍부,M,unmarried,35-39,6180
2022,34004,읍부,F,total,35-39,13500
2022,34004,읍부,F,unmarried,40-44,1788
2022,34004,읍부,M,total,40-44,19695
2022,34004,읍부,M,unmarried,40-44,5588
2022,34004,읍부,F,total,40-44,17215
2022,34005,면부,F,unmarried,20-24,11810
2022,34005,면부,M,total,20-24,16186
2022,34005,면부,M,unmarried,20-24,16098
2022,34005,면부,F,total,20-24,12001
2022,34005,면부,F,unmarried,25-29,6747
2022,34005,면부,M,total,25-29,14245
2022,34005,면부,M,unmarried,25-29,13264
2022,34005,면부,F,total,25-29,8575
2022,34005,면부,F,unmarried,30-34,3868
2022,34005,면부,M,total,30-34,13349
2022,34005,면부,M,unmarried,30-34,9608
2022,34005,면부,F,total,30-34,9603
2022,34005,면부,F,unmarried,35-39,2393
2022,34005,면부,M,total,35-39,15271
2022,34005,면부,M,unmarried,35-39,7149
2022,34005,면부,F,total,35-39,11793
2022,34005,면부,F,unmarried,40-44,1922
2022,34005,면부,M,total,40-44,19642
2022,34005,면부,M,unmarried,40-44,6594
2022,34005,면부,F,total,40-44,14655
2022,34010,천안시,F,unmarried,20-24,23647
2022,34010,천안시,M,total,20-24,24230
2022,34010,천안시,M,unmarried,20-24,24090
2022,34010,천안시,F,total,20-24,24033
2022,34010,천안시,F,unmarried,25-29,18124
2022,34010,천안시,M,total,25-29,26520
2022,34010,천안시,M,unmarried,25-29,24479
2022,34010,천안시,F,total,25-29,22350
2022,34010,천안시,F,unmarried,30-34,9517
2022,34010,천안시,M,total,30-34,25837
2022,34010,천안시,M,unmarried,30-34,16990
2022,34010,천안시,F,total,30-34,22118
2022,34010,천안시,F,unmarried,35-39,4758
2022,34010,천안시,M,total,35-39,26602
2022,34010,천안시,M,unmarried,35-39,10214
2022,34010,천안시,F,total,35-39,23439
2022,34010,천안시,F,unmarried,40-44,3082
2022,34010,천안시,M,total,40-44,29979
2022,34010,천안시,M,unmarried,40-44,7626
2022,34010,천안시,F,total,40-44,26734
2022,34011,동남구,F,unmarried,20-24,11039
2022,34011,동남구,M,total,20-24,10421
2022,34011,동남구,M,unmarried,20-24,10366
2022,34011,동남구,F,total,20-24,11165
2022,34011,동남구,F,unmarried,25-29,6593
2022,34011,동남구,M,total,25-29,9509
2022,34011,동남구,M,unmarried,25-29,8839
2022,34011,동남구,F,total,25-29,7902
2022,34011,동남구,F,unmarried,30-34,3150
2022,34011,동남구,M,total,30-34,8250
2022,34011,동남구,M,unmarried,30-34,5654
2022,34011,동남구,F,total,30-34,6785
2022,34011,동남구,F,unmarried,35-39,1625
2022,34011,동남구,M,total,35-39,8150
2022,34011,동남구,M,unmarried,35-39,3324
2022,34011,동남구,F,total,35-39,7380
2022,34011,동남구,F,unmarried,40-44,1253
2022,34011,동남구,M,total,40-44,10382
2022,34011,동남구,M,unmarried,40-44,2909
2022,34011,동남구,F,total,40-44,9741
2022,34012,서북구,F,unmarried,20-24,12608
2022,34012,서북구,M,total,20-24,13809
2022,34012,서북구,M,unmarried,20-24,13724
2022,34012,서북구,F,total,20-24,12868
2022,34012,서북구,F,unmarried,25-29,11531
2022,34012,서북구,M,total,25-29,17011
2022,34012,서북구,M,unmarried,25-29,15640
2022,34012,서북구,F,total,25-29,14448
2022,34012,서북구,F,unmarried,30-34,6367
2022,34012,서북구,M,total,30-34,17587
2022,34012,서북구,M,unmarried,30-34,11336
2022,34012,서북구,F,total,30-34,15333
2022,34012,서북구,F,unmarried,35-39,3133
2022,34012,서북구,M,total,35-39,18452
2022,34012,서북구,M,unmarried,35-39,6890
2022,34012,서북구,F,total,35-39,16059
2022,34012,서북구,F,unmarried,40-44,1829
2022,34012,서북구,M,total,40-44,19597
2022,34012,서북구,M,unmarried,40-44,4717
2022,34012,서북구,F,total,40-44,16993
2022,34020,공주시,F,unmarried,20-24,4130
2022,34020,공주시,M,total,20-24,3551
2022,34020,공주시,M,unmarried,20-24,3531
2022,34020,공주시,F,total,20-24,4170
2022,34020,공주시,F,unmarried,25-29,1783
2022,34020,공주시,M,total,25-29,2849
2022,34020,공주시,M,unmarried,25-29,2695
2022,34020,공주시,F,total,25-29,2112
2022,34020,공주시,F,unmarried,30-34,871
2022,34020,공주시,M,total,30-34,2229
2022,34020,공주시,M,unmarried,30-34,1656
2022,34020,공주시,F,total,30-34,1756
2022,34020,공주시,F,unmarried,35-39,501
2022,34020,공주시,M,total,35-39,2261
2022,34020,공주시,M,unmarried,35-39,1165
2022,34020,공주시,F,total,35-39,1972
2022,34020,공주시,F,unmarried,40-44,448
2022,34020,공주시,M,total,40-44,2895
2022,34020,공주시,M,unmarried,40-44,982
2022,34020,공주시,F,total,40-44,2669
2022,34030,보령시,F,unmarried,20-24,1354
2022,34030,보령시,M,total,20-24,2169
2022,34030,보령시,M,unmarried,20-24,2141
2022,34030,보령시,F,total,20-24,1399
2022,34030,보령시,F,unmarried,25-29,1338
2022,34030,보령시,M,total,25-29,2370
2022,34030,보령시,M,unmarried,25-29,2184
2022,34030,보령시,F,total,25-29,1693
2022,34030,보령시,F,unmarried,30-34,688
2022,34030,보령시,M,total,30-34,2126
2022,34030,보령시,M,unmarried,30-34,1483
2022,34030,보령시,F,total,30-34,1609
2022,34030,보령시,F,unmarried,35-39,396
2022,34030,보령시,M,total,35-39,2290
2022,34030,보령시,M,unmarried,35-39,1011
2022,34030,보령시,F,total,35-39,2077
2022,34030,보령시,F,unmarried,40-44,307
2022,34030,보령시,M,total,40-44,3137
2022,34030,보령시,M,unmarried,40-44,1024
2022,34030,보령시,F,total,40-44,2623
2022,34040,아산시,F,unmarried,20-24,9483
2022,34040,아산시,M,total,20-24,11155
2022,34040,아산시,M,unmarried,20-24,11084
2022,34040,아산시,F,total,20-24,9685
2022,34040,아산시,F,unmarried,25-29,6435
2022,34040,아산시,M,total,25-29,11413
2022,34040,아산시,M,unmarried,25-29,10390
2022,34040,아산시,F,total,25-29,8528
2022,34040,아산시,F,unmarried,30-34,3484
2022,34040,아산시,M,total,30-34,11795
2022,34040,아산시,M,unmarried,30-34,7506
2022,34040,아산시,F,total,30-34,10000
2022,34040,아산시,F,unmarried,35-39,1837
2022,34040,아산시,M,total,35-39,13658
2022,34040,아산시,M,unmarried,35-39,5016
2022,34040,아산시,F,total,35-39,12133
2022,34040,아산시,F,unmarried,40-44,1152
2022,34040,아산시,M,total,40-44,17162
2022,34040,아산시,M,unmarried,40-44,4007
2022,34040,아산시,F,total,40-44,14432
2022,34050,서산시,F,unmarried,20-24,3015
2022,34050,서산시,M,total,20-24,4572
2022,34050,서산시,M,unmarried,20-24,4522
2022,34050,서산시,F,total,20-24,3145
2022,34050,서산시,F,unmarried,25-29,2530
2022,34050,서산시,M,total,25-29,5781
2022,34050,서산시,M,unmarried,25-29,5171
2022,34050,서산시,F,total,25-29,3636
2022,34050,서산시,F,unmarried,30-34,1287
2022,34050,서산시,M,total,30-34,5786
2022,34050,서산시,M,unmarried,30-34,3505
2022,34050,서산시,F,total,30-34,4226
2022,34050,서산시,F,unmarried,35-39,647
2022,34050,서산시,M,total,35-39,5748
2022,34050,서산시,M,unmarried,35-39,2170
2022,34050,서산시,F,total,35-39,4761
2022,34050,서산시,F,unmarried,40-44,552
2022,34050,서산시,M,total,40-44,7156
2022,34050,서산시,M,unmarried,40-44,1903
2022,34050,서산시,F,total,40-44,6244
2022,34060,논산시,F,unmarried,20-24,2236
2022,34060,논산시,M,total,20-24,3286
2022,34060,논산시,M,unmarried,20-24,3256
2022,34060,논산시,F,total,20-24,2311
2022,34060,논산시,F,unmarried,25-29,1736
2022,34060,논산시,M,total,25-29,2804
2022,34060,논산시,M,unmarried,25-29,2543
2022,34060,논산시,F,total,25-29,2158
2022,34060,논산시,F,unmarried,30-34,928
2022,34060,논산시,M,total,30-34,2576
2022,34060,논산시,M,unmarried,30-34,1757
2022,34060,논산시,F,total,30-34,2122
2022,34060,논산시,F,unmarried,35-39,519
2022,34060,논산시,M,total,35-39,2496
2022,34060,논산시,M,unmarried,35-39,1133
2022,34060,논산시,F,total,35-39,2327
2022,34060,논산시,F,unmarried,40-44,390
2022,34060,논산시,M,total,40-44,3218
2022,34060,논산시,M,unmarried,40-44,1008
2022,34060,논산시,F,total,40-44,2906
2022,34070,계룡시,F,unmarried,20-24,791
2022,34070,계룡시,M,total,20-24,1166
2022,34070,계룡시,M,unmarried,20-24,1163
2022,34070,계룡시,F,total,20-24,800
2022,34070,계룡시,F,unmarried,25-29,654
2022,34070,계룡시,M,total,25-29,1102
2022,34070,계룡시,M,unmarried,25-29,968
2022,34070,계룡시,F,total,25-29,844
2022,34070,계룡시,F,unmarried,30-34,367
2022,34070,계룡시,M,total,30-34,1068
2022,34070,계룡시,M,unmarried,30-34,622
2022,34070,계룡시,F,total,30-34,954
2022,34070,계룡시,F,unmarried,35-39,194
2022,34070,계룡시,M,total,35-39,1310
2022,34070,계룡시,M,unmarried,35-39,325
2022,34070,계룡시,F,total,35-39,1307
2022,34070,계룡시,F,unmarried,40-44,157
2022,34070,계룡시,M,total,40-44,1772
2022,34070,계룡시,M,unmarried,40-44,273
2022,34070,계룡시,F,total,40-44,2028
2022,34080,당진시,F,unmarried,20-24,2877
2022,34080,당진시,M,total,20-24,4068
2022,34080,당진시,M,unmarried,20-24,4044
2022,34080,당진시,F,total,20-24,2980
2022,34080,당진시,F,unmarried,25-29,2288
2022,34080,당진시,M,total,25-29,4635
2022,34080,당진시,M,unmarried,25-29,4205
2022,34080,당진시,F,total,25-29,3197
2022,34080,당진시,F,unmarried,30-34,1102
2022,34080,당진시,M,total,30-34,5456
2022,34080,당진시,M,unmarried,30-34,3488
2022,34080,당진시,F,total,30-34,3740
2022,34080,당진시,F,unmarried,35-39,615
2022,34080,당진시,M,total,35-39,6214
2022,34080,당진시,M,unmarried,35-39,2361
2022,34080,당진시,F,total,35-39,4897
2022,34080,당진시,F,unmarried,40-44,507
2022,34080,당진시,M,total,40-44,7674
2022,34080,당진시,M,unmarried,40-44,2121
2022,34080,당진시,F,total,40-44,6079
2022,34510,금산군,F,unmarried,20-24,1340
2022,34510,금산군,M,total,20-24,1550
2022,34510,금산군,M,unmarried,20-24,1544
2022,34510,금산군,F,total,20-24,1355
2022,34510,금산군,F,unmarried,25-29,551
2022,34510,금산군,M,total,25-29,958
2022,34510,금산군,M,unmarried,25-29,904
2022,34510,금산군,F,total,25-29,668
2022,34510,금산군,F,unmarried,30-34,304
2022,34510,금산군,M,total,30-34,764
2022,34510,금산군,M,unmarried,30-34,585
2022,34510,금산군,F,total,30-34,613
2022,34510,금산군,F,unmarried,35-39,205
2022,34510,금산군,M,total,35-39,863
2022,34510,금산군,M,unmarried,35-39,459
2022,34510,금산군,F,total,35-39,803
2022,34510,금산군,F,unmarried,40-44,173
2022,34510,금산군,M,total,40-44,1282
2022,34510,금산군,M,unmarried,40-44,425
2022,34510,금산군,F,total,40-44,1165
2022,34530,부여군,F,unmarried,20-24,942
2022,34530,부여군,M,total,20-24,1267
2022,34530,부여군,M,unmarried,20-24,1259
2022,34530,부여군,F,total,20-24,953
2022,34530,부여군,F,unmarried,25-29,758
2022,34530,부여군,M,total,25-29,1241
2022,34530,부여군,M,unmarried,25-29,1170
2022,34530,부여군,F,total,25-29,889
2022,34530,부여군,F,unmarried,30-34,400
2022,34530,부여군,M,total,30-34,938
2022,34530,부여군,M,unmarried,30-34,710
2022,34530,부여군,F,total,30-34,751
2022,34530,부여군,F,unmarried,35-39,257
2022,34530,부여군,M,total,35-39,1037
2022,34530,부여군,M,unmarried,35-39,545
2022,34530,부여군,F,total,35-39,929
2022,34530,부여군,F,unmarried,40-44,198
2022,34530,부여군,M,total,40-44,1437
2022,34530,부여군,M,unmarried,40-44,536
2022,34530,부여군,F,total,40-44,1232
2022,34540,서천군,F,unmarried,20-24,465
2022,34540,서천군,M,total,20-24,883
2022,34540,서천군,M,unmarried,20-24,877
2022,34540,서천군,F,total,20-24,481
2022,34540,서천군,F,unmarried,25-29,519
2022,34540,서천군,M,total,25-29,867
2022,34540,서천군,M,unmarried,25-29,810
2022,34540,서천군,F,total,25-29,636
2022,34540,서천군,F,unmarried,30-34,307
2022,34540,서천군,M,total,30-34,728
2022,34540,서천군,M,unmarried,30-34,529
2022,34540,서천군,F,total,30-34,604
2022,34540,서천군,F,unmarried,35-39,164
2022,34540,서천군,M,total,35-39,836
2022,34540,서천군,M,unmarried,35-39,453
2022,34540,서천군,F,total,35-39,675
2022,34540,서천군,F,unmarried,40-44,155
2022,34540,서천군,M,total,40-44,1178
2022,34540,서천군,M,unmarried,40-44,421
2022,34540,서천군,F,total,40-44,1004
2022,34550,청양군,F,unmarried,20-24,439
2022,34550,청양군,M,total,20-24,683
2022,34550,청양군,M,unmarried,20-24,682
2022,34550,청양군,F,total,20-24,447
2022,34550,청양군,F,unmarried,25-29,336
2022,34550,청양군,M,total,25-29,623
2022,34550,청양군,M,unmarried,25-29,590
2022,34550,청양군,F,total,25-29,410
2022,34550,청양군,F,unmarried,30-34,175
2022,34550,청양군,M,total,30-34,490
2022,34550,청양군,M,unmarried,30-34,389
2022,34550,청양군,F,total,30-34,343
2022,34550,청양군,F,unmarried,35-39,113
2022,34550,청양군,M,total,35-39,507
2022,34550,청양군,M,unmarried,35-39,271
2022,34550,청양군,F,total,35-39,420
2022,34550,청양군,F,unmarried,40-44,82
2022,34550,청양군,M,total,40-44,670
2022,34550,청양군,M,unmarried,40-44,259
2022,34550,청양군,F,total,40-44,472
2022,34560,홍성군,F,unmarried,20-24,2463
2022,34560,홍성군,M,total,20-24,2804
2022,34560,홍성군,M,unmarried,20-24,2780
2022,34560,홍성군,F,total,20-24,2512
2022,34560,홍성군,F,unmarried,25-29,1447
2022,34560,홍성군,M,total,25-29,2328
2022,34560,홍성군,M,unmarried,25-29,2150
2022,34560,홍성군,F,total,25-29,1874
2022,34560,홍성군,F,unmarried,30-34,820
2022,34560,홍성군,M,total,30-34,2317
2022,34560,홍성군,M,unmarried,30-34,1477
2022,34560,홍성군,F,total,30-34,2057
2022,34560,홍성군,F,unmarried,35-39,394
2022,34560,홍성군,M,total,35-39,2549
2022,34560,홍성군,M,unmarried,35-39,922
2022,34560,홍성군,F,total,35-39,2416
2022,34560,홍성군,F,unmarried,40-44,328
2022,34560,홍성군,M,total,40-44,3250
2022,34560,홍성군,M,unmarried,40-44,823
2022,34560,홍성군,F,total,40-44,3226
2022,34570,예산군,F,unmarried,20-24,1231
2022,34570,예산군,M,total,20-24,1719
2022,34570,예산군,M,unmarried,20-24,1708
2022,34570,예산군,F,total,20-24,1270
2022,34570,예산군,F,unmarried,25-29,1015
2022,34570,예산군,M,total,25-29,1681
2022,34570,예산군,M,unmarried,25-29,1557
2022,34570,예산군,F,total,25-29,1240
2022,34570,예산군,F,unmarried,30-34,557
2022,34570,예산군,M,total,30-34,1523
2022,34570,예산군,M,unmarried,30-34,1147
2022,34570,예산군,F,total,30-34,1158
2022,34570,예산군,F,unmarried,35-39,340
2022,34570,예산군,M,total,35-39,1588
2022,34570,예산군,M,unmarried,35-39,793
2022,34570,예산군,F,total,35-39,1286
2022,34570,예산군,F,unmarried,40-44,262
2022,34570,예산군,M,total,40-44,1966
2022,34570,예산군,M,unmarried,40-44,716
2022,34570,예산군,F,total,40-44,1738
2022,34580,태안군,F,unmarried,20-24,750
2022,34580,태안군,M,total,20-24,1811
2022,34580,태안군,M,unmarried,20-24,1804
2022,34580,태안군,F,total,20-24,768
2022,34580,태안군,F,unmarried,25-29,627
2022,34580,태안군,M,total,25-29,1430
2022,34580,태안군,M,unmarried,25-29,1317
2022,34580,태안군,F,total,25-29,815
2022,34580,태안군,F,unmarried,30-34,336
2022,34580,태안군,M,total,30-34,1114
2022,34580,태안군,M,unmarried,30-34,807
2022,34580,태안군,F,total,30-34,788
2022,34580,태안군,F,unmarried,35-39,228
2022,34580,태안군,M,total,35-39,1180
2022,34580,태안군,M,unmarried,35-39,541
2022,34580,태안군,F,total,35-39,989
2022,34580,태안군,F,unmarried,40-44,183
2022,34580,태안군,M,total,40-44,1743
2022,34580,태안군,M,unmarried,40-44,597
2022,34580,태안군,F,total,40-44,1408
2022,35,전북특별자치도,F,unmarried,20-24,45412
2022,35,전북특별자치도,M,total,20-24,57812
2022,35,전북특별자치도,M,unmarried,20-24,57467
2022,35,전북특별자치도,F,total,20-24,46147
2022,35,전북특별자치도,F,unmarried,25-29,36783
2022,35,전북특별자치도,M,total,25-29,52892
2022,35,전북특별자치도,M,unmarried,25-29,49378
2022,35,전북특별자치도,F,total,25-29,43613
2022,35,전북특별자치도,F,unmarried,30-34,18737
2022,35,전북특별자치도,M,total,30-34,43628
2022,35,전북특별자치도,M,unmarried,30-34,30676
2022,35,전북특별자치도,F,total,30-34,38970
2022,35,전북특별자치도,F,unmarried,35-39,9581
2022,35,전북특별자치도,M,total,35-39,45519
2022,35,전북특별자치도,M,unmarried,35-39,19068
2022,35,전북특별자치도,F,total,35-39,43548
2022,35,전북특별자치도,F,unmarried,40-44,6909
2022,35,전북특별자치도,M,total,40-44,59056
2022,35,전북특별자치도,M,unmarried,40-44,17198
2022,35,전북특별자치도,F,total,40-44,56747
2022,35003,동부,F,unmarried,20-24,38431
2022,35003,동부,M,total,20-24,47197
2022,35003,동부,M,unmarried,20-24,46918
2022,35003,동부,F,total,20-24,39033
2022,35003,동부,F,unmarried,25-29,31048
2022,35003,동부,M,total,25-29,43071
2022,35003,동부,M,unmarried,25-29,40214
2022,35003,동부,F,total,25-29,36539
2022,35003,동부,F,unmarried,30-34,15405
2022,35003,동부,M,total,30-34,35175
2022,35003,동부,M,unmarried,30-34,24433
2022,35003,동부,F,total,30-34,32008
2022,35003,동부,F,unmarried,35-39,7674
2022,35003,동부,M,total,35-39,36340
2022,35003,동부,M,unmarried,35-39,14583
2022,35003,동부,F,total,35-39,35460
2022,35003,동부,F,unmarried,40-44,5421
2022,35003,동부,M,total,40-44,46398
2022,35003,동부,M,unmarried,40-44,12615
2022,35003,동부,F,total,40-44,46392
2022,35004,읍부,F,unmarried,20-24,3124
2022,35004,읍부,M,total,20-24,4661
2022,35004,읍부,M,unmarried,20-24,4628
2022,35004,읍부,F,total,20-24,3184
2022,35004,읍부,F,unmarried,25-29,2318
2022,35004,읍부,M,total,25-29,3819
2022,35004,읍부,M,unmarried,25-29,3481
2022,35004,읍부,F,total,25-29,3024
2022,35004,읍부,F,unmarried,30-34,1198
2022,35004,읍부,M,total,30-34,3269
2022,35004,읍부,M,unmarried,30-34,2207
2022,35004,읍부,F,total,30-34,2928
2022,35004,읍부,F,unmarried,35-39,647
2022,35004,읍부,M,total,35-39,3644
2022,35004,읍부,M,unmarried,35-39,1445
2022,35004,읍부,F,total,35-39,3681
2022,35004,읍부,F,unmarried,40-44,473
2022,35004,읍부,M,total,40-44,5045
2022,35004,읍부,M,unmarried,40-44,1392
2022,35004,읍부,F,total,40-44,4918
2022,35005,면부,F,unmarried,20-24,3857
2022,35005,면부,M,total,20-24,5954
2022,35005,면부,M,unmarried,20-24,5921
2022,35005,면부,F,total,20-24,3930
2022,35005,면부,F,unmarried,25-29,3417
2022,35005,면부,M,total,25-29,6002
2022,35005,면부,M,unmarried,25-29,5683
2022,35005,면부,F,total,25-29,4050
2022,35005,면부,F,unmarried,30-34,2134
2022,35005,면부,M,total,30-34,5184
2022,35005,면부,M,unmarried,30-34,4036
2022,35005,면부,F,total,30-34,4034
2022,35005,면부,F,unmarried,35-39,1260
2022,35005,면부,M,total,35-39,5535
2022,35005,면부,M,unmarried,35-39,3040
2022,35005,면부,F,total,35-39,4407
2022,35005,면부,F,unmarried,40-44,1015
2022,35005,면부,M,total,40-44,7613
2022,35005,면부,M,unmarried,40-44,3191
2022,35005,면부,F,total,40-44,5437
2022,35010,전주시,F,unmarried,20-24,21798
2022,35010,전주시,M,total,20-24,25206
2022,35010,전주시,M,unmarried,20-24,25087
2022,35010,전주시,F,total,20-24,22066
2022,35010,전주시,F,unmarried,25-29,18189
2022,35010,전주시,M,total,25-29,24062
2022,35010,전주시,M,unmarried,25-29,22612
2022,35010,전주시,F,total,25-29,21038
2022,35010,전주시,F,unmarried,30-34,9264
2022,35010,전주시,M,total,30-34,19948
2022,35010,전주시,M,unmarried,30-34,13814
2022,35010,전주시,F,total,30-34,18466
2022,35010,전주시,F,unmarried,35-39,4594
2022,35010,전주시,M,total,35-39,19867
2022,35010,전주시,M,unmarried,35-39,7825
2022,35010,전주시,F,total,35-39,19677
2022,35010,전주시,F,unmarried,40-44,3066
2022,35010,전주시,M,total,40-44,24190
2022,35010,전주시,M,unmarried,40-44,6389
2022,35010,전주시,F,total,40-44,24854
2022,35011,완산구,F,unmarried,20-24,10868
2022,35011,완산구,M,total,20-24,12256
2022,35011,완산구,M,unmarried,20-24,12186
2022,35011,완산구,F,total,20-24,11010
2022,35011,완산구,F,unmarried,25-29,9760
2022,35011,완산구,M,total,25-29,12164
2022,35011,완산구,M,unmarried,25-29,11470
2022,35011,완산구,F,total,25-29,11138
2022,35011,완산구,F,unmarried,30-34,5073
2022,35011,완산구,M,total,30-34,9900
2022,35011,완산구,M,unmarried,30-34,7276
2022,35011,완산구,F,total,30-34,9231
2022,35011,완산구,F,unmarried,35-39,2484
2022,35011,완산구,M,total,35-39,9443
2022,35011,완산구,M,unmarried,35-39,4013
2022,35011,완산구,F,total,35-39,9274
2022,35011,완산구,F,unmarried,40-44,1661
2022,35011,완산구,M,total,40-44,11330
2022,35011,완산구,M,unmarried,40-44,3299
2022,35011,완산구,F,total,40-44,11747
2022,35012,덕진구,F,unmarried,20-24,10930
2022,35012,덕진구,M,total,20-24,12950
2022,35012,덕진구,M,unmarried,20-24,12901
2022,35012,덕진구,F,total,20-24,11056
2022,35012,덕진구,F,unmarried,25-29,8429
2022,35012,덕진구,M,total,25-29,11898
2022,35012,덕진구,M,unmarried,25-29,11142
2022,35012,덕진구,F,total,25-29,9900
2022,35012,덕진구,F,unmarried,30-34,4191
2022,35012,덕진구,M,total,30-34,10048
2022,35012,덕진구,M,unmarried,30-34,6538
2022,35012,덕진구,F,total,30-34,9235
2022,35012,덕진구,F,unmarried,35-39,2110
2022,35012,덕진구,M,total,35-39,10424
2022,35012,덕진구,M,unmarried,35-39,3812
2022,35012,덕진구,F,total,35-39,10403
2022,35012,덕진구,F,unmarried,40-44,1405
2022,35012,덕진구,M,total,40-44,12860
2022,35012,덕진구,M,unmarried,40-44,3090
2022,35012,덕진구,F,total,40-44,13107
2022,35020,군산시,F,unmarried,20-24,6566
2022,35020,군산시,M,total,20-24,8491
2022,35020,군산시,M,unmarried,20-24,8442
2022,35020,군산시,F,total,20-24,6696
2022,35020,군산시,F,unmarried,25-29,4898
2022,35020,군산시,M,total,25-29,7712
2022,35020,군산시,M,unmarried,25-29,7163
2022,35020,군산시,F,total,25-29,5932
2022,35020,군산시,F,unmarried,30-34,2436
2022,35020,군산시,M,total,30-34,6545
2022,35020,군산시,M,unmarried,30-34,4506
2022,35020,군산시,F,total,30-34,5703
2022,35020,군산시,F,unmarried,35-39,1283
2022,35020,군산시,M,total,35-39,7591
2022,35020,군산시,M,unmarried,35-39,3047
2022,35020,군산시,F,total,35-39,6963
2022,35020,군산시,F,unmarried,40-44,1006
2022,35020,군산시,M,total,40-44,10394
2022,35020,군산시,M,unmarried,40-44,2973
2022,35020,군산시,F,total,40-44,9471
2022,35030,익산시,F,unmarried,20-24,8582
2022,35030,익산시,M,total,20-24,11054
2022,35030,익산시,M,unmarried,20-24,10986
2022,35030,익산시,F,total,20-24,8713
2022,35030,익산시,F,unmarried,25-29,6065
2022,35030,익산시,M,total,25-29,9021
2022,35030,익산시,M,unmarried,25-29,8392
2022,35030,익산시,F,total,25-29,7202
2022,35030,익산시,F,unmarried,30-34,2905
2022,35030,익산시,M,total,30-34,6790
2022,35030,익산시,M,unmarried,30-34,4925
2022,35030,익산시,F,total,30-34,5778
2022,35030,익산시,F,unmarried,35-39,1396
2022,35030,익산시,M,total,35-39,6733
2022,35030,익산시,M,unmarried,35-39,2988
2022,35030,익산시,F,total,35-39,6413
2022,35030,익산시,F,unmarried,40-44,1082
2022,35030,익산시,M,total,40-44,8863
2022,35030,익산시,M,unmarried,40-44,2681
2022,35030,익산시,F,total,40-44,8436
2022,35040,정읍시,F,unmarried,20-24,1690
2022,35040,정읍시,M,total,20-24,2459
2022,35040,정읍시,M,unmarried,20-24,2423
2022,35040,정읍시,F,total,20-24,1751
2022,35040,정읍시,F,unmarried,25-29,1616
2022,35040,정읍시,M,total,25-29,2395
2022,35040,정읍시,M,unmarried,25-29,2218
2022,35040,정읍시,F,total,25-29,1962
2022,35040,정읍시,F,unmarried,30-34,771
2022,35040,정읍시,M,total,30-34,2033
2022,35040,정읍시,M,unmarried,30-34,1445
2022,35040,정읍시,F,total,30-34,1682
2022,35040,정읍시,F,unmarried,35-39,462
2022,35040,정읍시,M,total,35-39,2145
2022,35040,정읍시,M,unmarried,35-39,1010
2022,35040,정읍시,F,total,35-39,1902
2022,35040,정읍시,F,unmarried,40-44,374
2022,35040,정읍시,M,total,40-44,2964
2022,35040,정읍시,M,unmarried,40-44,1017
2022,35040,정읍시,F,total,40-44,2782
2022,35050,남원시,F,unmarried,20-24,1034
2022,35050,남원시,M,total,20-24,1624
2022,35050,남원시,M,unmarried,20-24,1615
2022,35050,남원시,F,total,20-24,1061
2022,35050,남원시,F,unmarried,25-29,1117
2022,35050,남원시,M,total,25-29,1585
2022,35050,남원시,M,unmarried,25-29,1472
2022,35050,남원시,F,total,25-29,1372
2022,35050,남원시,F,unmarried,30-34,571
2022,35050,남원시,M,total,30-34,1427
2022,35050,남원시,M,unmarried,30-34,1039
2022,35050,남원시,F,total,30-34,1259
2022,35050,남원시,F,unmarried,35-39,313
2022,35050,남원시,M,total,35-39,1493
2022,35050,남원시,M,unmarried,35-39,674
2022,35050,남원시,F,total,35-39,1445
2022,35050,남원시,F,unmarried,40-44,249
2022,35050,남원시,M,total,40-44,2015
2022,35050,남원시,M,unmarried,40-44,623
2022,35050,남원시,F,total,40-44,2020
2022,35060,김제시,F,unmarried,20-24,1108
2022,35060,김제시,M,total,20-24,1781
2022,35060,김제시,M,unmarried,20-24,1759
2022,35060,김제시,F,total,20-24,1137
2022,35060,김제시,F,unmarried,25-29,1127
2022,35060,김제시,M,total,25-29,1827
2022,35060,김제시,M,unmarried,25-29,1694
2022,35060,김제시,F,total,25-29,1382
2022,35060,김제시,F,unmarried,30-34,602
2022,35060,김제시,M,total,30-34,1440
2022,35060,김제시,M,unmarried,30-34,1051
2022,35060,김제시,F,total,30-34,1271
2022,35060,김제시,F,unmarried,35-39,333
2022,35060,김제시,M,total,35-39,1555
2022,35060,김제시,M,unmarried,35-39,760
2022,35060,김제시,F,total,35-39,1428
2022,35060,김제시,F,unmarried,40-44,242
2022,35060,김제시,M,total,40-44,2131
2022,35060,김제시,M,unmarried,40-44,739
2022,35060,김제시,F,total,40-44,1791
2022,35510,완주군,F,unmarried,20-24,2245
2022,35510,완주군,M,total,20-24,3139
2022,35510,완주군,M,unmarried,20-24,3129
2022,35510,완주군,F,total,20-24,2280
2022,35510,완주군,F,unmarried,25-29,1504
2022,35510,완주군,M,total,25-29,2451
2022,35510,완주군,M,unmarried,25-29,2226
2022,35510,완주군,F,total,25-29,1920
2022,35510,완주군,F,unmarried,30-34,804
2022,35510,완주군,M,total,30-34,2123
2022,35510,완주군,M,unmarried,30-34,1409
2022,35510,완주군,F,total,30-34,1887
2022,35510,완주군,F,unmarried,35-39,474
2022,35510,완주군,M,total,35-39,2337
2022,35510,완주군,M,unmarried,35-39,964
2022,35510,완주군,F,total,35-39,2257
2022,35510,완주군,F,unmarried,40-44,334
2022,35510,완주군,M,total,40-44,3226
2022,35510,완주군,M,unmarried,40-44,934
2022,35510,완주군,F,total,40-44,2936
2022,35520,진안군,F,unmarried,20-24,226
2022,35520,진안군,M,total,20-24,420
2022,35520,진안군,M,unmarried,20-24,417
2022,35520,진안군,F,total,20-24,231
2022,35520,진안군,F,unmarried,25-29,236
2022,35520,진안군,M,total,25-29,376
2022,35520,진안군,M,unmarried,25-29,355
2022,35520,진안군,F,total,25-29,297
2022,35520,진안군,F,unmarried,30-34,128
2022,35520,진안군,M,total,30-34,311
2022,35520,진안군,M,unmarried,30-34,224
2022,35520,진안군,F,total,30-34,290
2022,35520,진안군,F,unmarried,35-39,62
2022,35520,진안군,M,total,35-39,317
2022,35520,진안군,M,unmarried,35-39,155
2022,35520,진안군,F,total,35-39,363
2022,35520,진안군,F,unmarried,40-44,45
2022,35520,진안군,M,total,40-44,497
2022,35520,진안군,M,unmarried,40-44,181
2022,35520,진안군,F,total,40-44,390
2022,35530,무주군,F,unmarried,20-24,238
2022,35530,무주군,M,total,20-24,400
2022,35530,무주군,M,unmarried,20-24,397
2022,35530,무주군,F,total,20-24,243
2022,35530,무주군,F,unmarried,25-29,241
2022,35530,무주군,M,total,25-29,374
2022,35530,무주군,M,unmarried,25-29,355
2022,35530,무주군,F,total,25-29,289
2022,35530,무주군,F,unmarried,30-34,165
2022,35530,무주군,M,total,30-34,363
2022,35530,무주군,M,unmarried,30-34,270
2022,35530,무주군,F,total,30-34,309
2022,35530,무주군,F,unmarried,35-39,80
2022,35530,무주군,M,total,35-39,394
2022,35530,무주군,M,unmarried,35-39,193
2022,35530,무주군,F,total,35-39,329
2022,35530,무주군,F,unmarried,40-44,50
2022,35530,무주군,M,total,40-44,558
2022,35530,무주군,M,unmarried,40-44,186
2022,35530,무주군,F,total,40-44,476
2022,35540,장수군,F,unmarried,20-24,175
2022,35540,장수군,M,total,20-24,342
2022,35540,장수군,M,unmarried,20-24,340
2022,35540,장수군,F,total,20-24,183
2022,35540,장수군,F,unmarried,25-29,208
2022,35540,장수군,M,total,25-29,380
2022,35540,장수군,M,unmarried,25-29,366
2022,35540,장수군,F,total,25-29,252
2022,35540,장수군,F,unmarried,30-34,121
2022,35540,장수군,M,total,30-34,267
2022,35540,장수군,M,unmarried,30-34,210
2022,35540,장수군,F,total,30-34,266
2022,35540,장수군,F,unmarried,35-39,51
2022,35540,장수군,M,total,35-39,365
2022,35540,장수군,M,unmarried,35-39,190
2022,35540,장수군,F,total,35-39,320
2022,35540,장수군,F,unmarried,40-44,58
2022,35540,장수군,M,total,40-44,491
2022,35540,장수군,M,unmarried,40-44,181
2022,35540,장수군,F,total,40-44,437
2022,35550,임실군,F,unmarried,20-24,418
2022,35550,임실군,M,total,20-24,549
2022,35550,임실군,M,unmarried,20-24,545
2022,35550,임실군,F,total,20-24,423
2022,35550,임실군,F,unmarried,25-29,253
2022,35550,임실군,M,total,25-29,488
2022,35550,임실군,M,unmarried,25-29,446
2022,35550,임실군,F,total,25-29,334
2022,35550,임실군,F,unmarried,30-34,130
2022,35550,임실군,M,total,30-34,445
2022,35550,임실군,M,unmarried,30-34,320
2022,35550,임실군,F,total,30-34,368
2022,35550,임실군,F,unmarried,35-39,59
2022,35550,임실군,M,total,35-39,423
2022,35550,임실군,M,unmarried,35-39,188
2022,35550,임실군,F,total,35-39,390
2022,35550,임실군,F,unmarried,40-44,46
2022,35550,임실군,M,total,40-44,622
2022,35550,임실군,M,unmarried,40-44,208
2022,35550,임실군,F,total,40-44,426
2022,35560,순창군,F,unmarried,20-24,261
2022,35560,순창군,M,total,20-24,476
2022,35560,순창군,M,unmarried,20-24,476
2022,35560,순창군,F,total,20-24,266
2022,35560,순창군,F,unmarried,25-29,263
2022,35560,순창군,M,total,25-29,419
2022,35560,순창군,M,unmarried,25-29,393
2022,35560,순창군,F,total,25-29,322
2022,35560,순창군,F,unmarried,30-34,154
2022,35560,순창군,M,total,30-34,361
2022,35560,순창군,M,unmarried,30-34,283
2022,35560,순창군,F,total,30-34,337
2022,35560,순창군,F,unmarried,35-39,102
2022,35560,순창군,M,total,35-39,437
2022,35560,순창군,M,unmarried,35-39,202
2022,35560,순창군,F,total,35-39,441
2022,35560,순창군,F,unmarried,40-44,57
2022,35560,순창군,M,total,40-44,642
2022,35560,순창군,M,unmarried,40-44,218
2022,35560,순창군,F,total,40-44,589
2022,35570,고창군,F,unmarried,20-24,546
2022,35570,고창군,M,total,20-24,935
2022,35570,고창군,M,unmarried,20-24,928
2022,35570,고창군,F,total,20-24,557
2022,35570,고창군,F,unmarried,25-29,543
2022,35570,고창군,M,total,25-29,919
2022,35570,고창군,M,unmarried,25-29,858
2022,35570,고창군,F,total,25-29,661
2022,35570,고창군,F,unmarried,30-34,348
2022,35570,고창군,M,total,30-34,783
2022,35570,고창군,M,unmarried,30-34,602
2022,35570,고창군,F,total,30-34,692
2022,35570,고창군,F,unmarried,35-39,173
2022,35570,고창군,M,total,35-39,924
2022,35570,고창군,M,unmarried,35-39,426
2022,35570,고창군,F,total,35-39,798
2022,35570,고창군,F,unmarried,40-44,151
2022,35570,고창군,M,total,40-44,1254
2022,35570,고창군,M,unmarried,40-44,449
2022,35570,고창군,F,total,40-44,1044
2022,35580,부안군,F,unmarried,20-24,525
2022,35580,부안군,M,total,20-24,936
2022,35580,부안군,M,unmarried,20-24,923
2022,35580,부안군,F,total,20-24,540
2022,35580,부안군,F,unmarried,25-29,523
2022,35580,부안군,M,total,25-29,883
2022,35580,부안군,M,unmarried,25-29,828
2022,35580,부안군,F,total,25-29,650
2022,35580,부안군,F,unmarried,30-34,338
2022,35580,부안군,M,total,30-34,792
2022,35580,부안군,M,unmarried,30-34,578
2022,35580,부안군,F,total,30-34,662
2022,35580,부안군,F,unmarried,35-39,199
2022,35580,부안군,M,total,35-39,938
2022,35580,부안군,M,unmarried,35-39,446
2022,35580,부안군,F,total,35-39,822
2022,35580,부안군,F,unmarried,40-44,149
2022,35580,부안군,M,total,40-44,1209
2022,35580,부안군,M,unmarried,40-44,419
2022,35580,부안군,F,total,40-44,1095
2022,36,전라남도,F,unmarried,20-24,32379
2022,36,전라남도,M,total,20-24,47380
2022,36,전라남도,M,unmarried,20-24,47046
2022,36,전라남도,F,total,20-24,33230
2022,36,전라남도,F,unmarried,25-29,31117
2022,36,전라남도,M,total,25-29,48765
2022,36,전라남도,M,unmarried,25-29,45016
2022,36,전라남도,F,total,25-29,38285
2022,36,전라남도,F,unmarried,30-34,14880
2022,36,전라남도,M,total,30-34,40779
2022,36,전라남도,M,unmarried,30-34,27331
2022,36,전라남도,F,total,30-34,36018
2022,36,전라남도,F,unmarried,35-39,7608
2022,36,전라남도,M,total,35-39,45135
2022,36,전라남도,M,unmarried,35-39,17845
2022,36,전라남도,F,total,35-39,41782
2022,36,전라남도,F,unmarried,40-44,5659
2022,36,전라남도,M,total,40-44,59516
2022,36,전라남도,M,unmarried,40-44,16858
2022,36,전라남도,F,total,40-44,53636
2022,36003,동부,F,unmarried,20-24,17929
2022,36003,동부,M,total,20-24,24966
2022,36003,동부,M,unmarried,20-24,24813
2022,36003,동부,F,total,20-24,18369
2022,36003,동부,F,unmarried,25-29,17574
2022,36003,동부,M,total,25-29,26634
2022,36003,동부,M,unmarried,25-29,24662
2022,36003,동부,F,total,25-29,21323
2022,36003,동부,F,unmarried,30-34,8027
2022,36003,동부,M,total,30-34,21996
2022,36003,동부,M,unmarried,30-34,14589
2022,36003,동부,F,total,30-34,19166
2022,36003,동부,F,unmarried,35-39,4070
2022,36003,동부,M,total,35-39,23431
2022,36003,동부,M,unmarried,35-39,9123
2022,36003,동부,F,total,35-39,21958
2022,36003,동부,F,unmarried,40-44,2972
2022,36003,동부,M,total,40-44,29939
2022,36003,동부,M,unmarried,40-44,8124
2022,36003,동부,F,total,40-44,28519
2022,36004,읍부,F,unmarried,20-24,7697
2022,36004,읍부,M,total,20-24,11351
2022,36004,읍부,M,unmarried,20-24,11244
2022,36004,읍부,F,total,20-24,7951
2022,36004,읍부,F,unmarried,25-29,7229
2022,36004,읍부,M,total,25-29,11153
2022,36004,읍부,M,unmarried,25-29,10120
2022,36004,읍부,F,total,25-29,9258
2022,36004,읍부,F,unmarried,30-34,3541
2022,36004,읍부,M,total,30-34,9617
2022,36004,읍부,M,unmarried,30-34,6233
2022,36004,읍부,F,total,30-34,9145
2022,36004,읍부,F,unmarried,35-39,1788
2022,36004,읍부,M,total,35-39,11165
2022,36004,읍부,M,unmarried,35-39,4144
2022,36004,읍부,F,total,35-39,11177
2022,36004,읍부,F,unmarried,40-44,1396
2022,36004,읍부,M,total,40-44,15706
2022,36004,읍부,M,unmarried,40-44,4087
2022,36004,읍부,F,total,40-44,14680
2022,36005,면부,F,unmarried,20-24,6753
2022,36005,면부,M,total,20-24,11063
2022,36005,면부,M,unmarried,20-24,10989
2022,36005,면부,F,total,20-24,6910
2022,36005,면부,F,unmarried,25-29,6314
2022,36005,면부,M,total,25-29,10978
2022,36005,면부,M,unmarried,25-29,10234
2022,36005,면부,F,total,25-29,7704
2022,36005,면부,F,unmarried,30-34,3312
2022,36005,면부,M,total,30-34,9166
2022,36005,면부,M,unmarried,30-34,6509
2022,36005,면부,F,total,30-34,7707
2022,36005,면부,F,unmarried,35-39,1750
2022,36005,면부,M,total,35-39,10539
2022,36005,면부,M,unmarried,35-39,4578
2022,36005,면부,F,total,35-39,8647
2022,36005,면부,F,unmarried,40-44,1291
2022,36005,면부,M,total,40-44,13871
2022,36005,면부,M,unmarried,40-44,4647
2022,36005,면부,F,total,40-44,10437
2022,36010,목포시,F,unmarried,20-24,5178
2022,36010,목포시,M,total,20-24,7418
2022,36010,목포시,M,unmarried,20-24,7368
2022,36010,목포시,F,total,20-24,5313
2022,36010,목포시,F,unmarried,25-29,4644
2022,36010,목포시,M,total,25-29,6329
2022,36010,목포시,M,unmarried,25-29,5877
2022,36010,목포시,F,total,25-29,5569
2022,36010,목포시,F,unmarried,30-34,2143
2022,36010,목포시,M,total,30-34,5050
2022,36010,목포시,M,unmarried,30-34,3532
2022,36010,목포시,F,total,30-34,4697
2022,36010,목포시,F,unmarried,35-39,1278
2022,36010,목포시,M,total,35-39,6152
2022,36010,목포시,M,unmarried,35-39,2660
2022,36010,목포시,F,total,35-39,6054
2022,36010,목포시,F,unmarried,40-44,993
2022,36010,목포시,M,total,40-44,8925
2022,36010,목포시,M,unmarried,40-44,2782
2022,36010,목포시,F,total,40-44,8259
2022,36020,여수시,F,unmarried,20-24,4803
2022,36020,여수시,M,total,20-24,7607
2022,36020,여수시,M,unmarried,20-24,7559
2022,36020,여수시,F,total,20-24,4938
2022,36020,여수시,F,unmarried,25-29,5288
2022,36020,여수시,M,total,25-29,8827
2022,36020,여수시,M,unmarried,25-29,8168
2022,36020,여수시,F,total,25-29,6454
2022,36020,여수시,F,unmarried,30-34,2436
2022,36020,여수시,M,total,30-34,7236
2022,36020,여수시,M,unmarried,30-34,4769
2022,36020,여수시,F,total,30-34,6006
2022,36020,여수시,F,unmarried,35-39,1228
2022,36020,여수시,M,total,35-39,7682
2022,36020,여수시,M,unmarried,35-39,2999
2022,36020,여수시,F,total,35-39,6790
2022,36020,여수시,F,unmarried,40-44,970
2022,36020,여수시,M,total,40-44,9677
2022,36020,여수시,M,unmarried,40-44,2787
2022,36020,여수시,F,total,40-44,8826
2022,36030,순천시,F,unmarried,20-24,6983
2022,36030,순천시,M,total,20-24,8805
2022,36030,순천시,M,unmarried,20-24,8761
2022,36030,순천시,F,total,20-24,7101
2022,36030,순천시,F,unmarried,25-29,6485
2022,36030,순천시,M,total,25-29,9291
2022,36030,순천시,M,unmarried,25-29,8621
2022,36030,순천시,F,total,25-29,7772
2022,36030,순천시,F,unmarried,30-34,2926
2022,36030,순천시,M,total,30-34,7628
2022,36030,순천시,M,unmarried,30-34,4948
2022,36030,순천시,F,total,30-34,7106
2022,36030,순천시,F,unmarried,35-39,1352
2022,36030,순천시,M,total,35-39,8148
2022,36030,순천시,M,unmarried,35-39,2790
2022,36030,순천시,F,total,35-39,7852
2022,36030,순천시,F,unmarried,40-44,889
2022,36030,순천시,M,total,40-44,9551
2022,36030,순천시,M,unmarried,40-44,2203
2022,36030,순천시,F,total,40-44,9827
2022,36040,나주시,F,unmarried,20-24,2231
2022,36040,나주시,M,total,20-24,2779
2022,36040,나주시,M,unmarried,20-24,2760
2022,36040,나주시,F,total,20-24,2286
2022,36040,나주시,F,unmarried,25-29,2297
2022,36040,나주시,M,total,25-29,3122
2022,36040,나주시,M,unmarried,25-29,2881
2022,36040,나주시,F,total,25-29,2837
2022,36040,나주시,F,unmarried,30-34,1232
2022,36040,나주시,M,total,30-34,3319
2022,36040,나주시,M,unmarried,30-34,2134
2022,36040,나주시,F,total,30-34,3051
2022,36040,나주시,F,unmarried,35-39,602
2022,36040,나주시,M,total,35-39,3518
2022,36040,나주시,M,unmarried,35-39,1263
2022,36040,나주시,F,total,35-39,3340
2022,36040,나주시,F,unmarried,40-44,419
2022,36040,나주시,M,total,40-44,4374
2022,36040,나주시,M,unmarried,40-44,1130
2022,36040,나주시,F,total,40-44,3929
2022,36060,광양시,F,unmarried,20-24,2473
2022,36060,광양시,M,total,20-24,3948
2022,36060,광양시,M,unmarried,20-24,3922
2022,36060,광양시,F,total,20-24,2567
2022,36060,광양시,F,unmarried,25-29,2903
2022,36060,광양시,M,total,25-29,5448
2022,36060,광양시,M,unmarried,25-29,4955
2022,36060,광양시,F,total,25-29,3818
2022,36060,광양시,F,unmarried,30-34,1310
2022,36060,광양시,M,total,30-34,4690
2022,36060,광양시,M,unmarried,30-34,2902
2022,36060,광양시,F,total,30-34,3774
2022,36060,광양시,F,unmarried,35-39,567
2022,36060,광양시,M,total,35-39,4683
2022,36060,광양시,M,unmarried,35-39,1733
2022,36060,광양시,F,total,35-39,4200
2022,36060,광양시,F,unmarried,40-44,402
2022,36060,광양시,M,total,40-44,5931
2022,36060,광양시,M,unmarried,40-44,1488
2022,36060,광양시,F,total,40-44,5088
2022,36510,담양군,F,unmarried,20-24,600
2022,36510,담양군,M,total,20-24,1112
2022,36510,담양군,M,unmarried,20-24,1094
2022,36510,담양군,F,total,20-24,614
2022,36510,담양군,F,unmarried,25-29,630
2022,36510,담양군,M,total,25-29,1086
2022,36510,담양군,M,unmarried,25-29,997
2022,36510,담양군,F,total,25-29,776
2022,36510,담양군,F,unmarried,30-34,331
2022,36510,담양군,M,total,30-34,734
2022,36510,담양군,M,unmarried,30-34,534
2022,36510,담양군,F,total,30-34,698
2022,36510,담양군,F,unmarried,35-39,177
2022,36510,담양군,M,total,35-39,854
2022,36510,담양군,M,unmarried,35-39,412
2022,36510,담양군,F,total,35-39,759
2022,36510,담양군,F,unmarried,40-44,117
2022,36510,담양군,M,total,40-44,1068
2022,36510,담양군,M,unmarried,40-44,373
2022,36510,담양군,F,total,40-44,898
2022,36520,곡성군,F,unmarried,20-24,517
2022,36520,곡성군,M,total,20-24,760
2022,36520,곡성군,M,unmarried,20-24,753
2022,36520,곡성군,F,total,20-24,524
2022,36520,곡성군,F,unmarried,25-29,383
2022,36520,곡성군,M,total,25-29,542
2022,36520,곡성군,M,unmarried,25-29,512
2022,36520,곡성군,F,total,25-29,443
2022,36520,곡성군,F,unmarried,30-34,173
2022,36520,곡성군,M,total,30-34,402
2022,36520,곡성군,M,unmarried,30-34,310
2022,36520,곡성군,F,total,30-34,304
2022,36520,곡성군,F,unmarried,35-39,87
2022,36520,곡성군,M,total,35-39,423
2022,36520,곡성군,M,unmarried,35-39,211
2022,36520,곡성군,F,total,35-39,361
2022,36520,곡성군,F,unmarried,40-44,64
2022,36520,곡성군,M,total,40-44,581
2022,36520,곡성군,M,unmarried,40-44,208
2022,36520,곡성군,F,total,40-44,498
2022,36530,구례군,F,unmarried,20-24,254
2022,36530,구례군,M,total,20-24,431
2022,36530,구례군,M,unmarried,20-24,425
2022,36530,구례군,F,total,20-24,261
2022,36530,구례군,F,unmarried,25-29,245
2022,36530,구례군,M,total,25-29,383
2022,36530,구례군,M,unmarried,25-29,366
2022,36530,구례군,F,total,25-29,292
2022,36530,구례군,F,unmarried,30-34,150
2022,36530,구례군,M,total,30-34,265
2022,36530,구례군,M,unmarried,30-34,208
2022,36530,구례군,F,total,30-34,301
2022,36530,구례군,F,unmarried,35-39,80
2022,36530,구례군,M,total,35-39,365
2022,36530,구례군,M,unmarried,35-39,202
2022,36530,구례군,F,total,35-39,316
2022,36530,구례군,F,unmarried,40-44,92
2022,36530,구례군,M,total,40-44,541
2022,36530,구례군,M,unmarried,40-44,202
2022,36530,구례군,F,total,40-44,491
2022,36550,고흥군,F,unmarried,20-24,500
2022,36550,고흥군,M,total,20-24,907
2022,36550,고흥군,M,unmarried,20-24,903
2022,36550,고흥군,F,total,20-24,517
2022,36550,고흥군,F,unmarried,25-29,479
2022,36550,고흥군,M,total,25-29,833
2022,36550,고흥군,M,unmarried,25-29,785
2022,36550,고흥군,F,total,25-29,581
2022,36550,고흥군,F,unmarried,30-34,265
2022,36550,고흥군,M,total,30-34,719
2022,36550,고흥군,M,unmarried,30-34,551
2022,36550,고흥군,F,total,30-34,627
2022,36550,고흥군,F,unmarried,35-39,150
2022,36550,고흥군,M,total,35-39,842
2022,36550,고흥군,M,unmarried,35-39,417
2022,36550,고흥군,F,total,35-39,755
2022,36550,고흥군,F,unmarried,40-44,127
2022,36550,고흥군,M,total,40-44,1288
2022,36550,고흥군,M,unmarried,40-44,471
2022,36550,고흥군,F,total,40-44,1015
2022,36560,보성군,F,unmarried,20-24,367
2022,36560,보성군,M,total,20-24,630
2022,36560,보성군,M,unmarried,20-24,620
2022,36560,보성군,F,total,20-24,380
2022,36560,보성군,F,unmarried,25-29,353
2022,36560,보성군,M,total,25-29,582
2022,36560,보성군,M,unmarried,25-29,536
2022,36560,보성군,F,total,25-29,424
2022,36560,보성군,F,unmarried,30-34,204
2022,36560,보성군,M,total,30-34,490
2022,36560,보성군,M,unmarried,30-34,393
2022,36560,보성군,F,total,30-34,383
2022,36560,보성군,F,unmarried,35-39,132
2022,36560,보성군,M,total,35-39,539
2022,36560,보성군,M,unmarried,35-39,276
2022,36560,보성군,F,total,35-39,502
2022,36560,보성군,F,unmarried,40-44,87
2022,36560,보성군,M,total,40-44,810
2022,36560,보성군,M,unmarried,40-44,317
2022,36560,보성군,F,total,40-44,672
2022,36570,화순군,F,unmarried,20-24,1255
2022,36570,화순군,M,total,20-24,1663
2022,36570,화순군,M,unmarried,20-24,1649
2022,36570,화순군,F,total,20-24,1284
2022,36570,화순군,F,unmarried,25-29,1116
2022,36570,화순군,M,total,25-29,1502
2022,36570,화순군,M,unmarried,25-29,1393
2022,36570,화순군,F,total,25-29,1302
2022,36570,화순군,F,unmarried,30-34,488
2022,36570,화순군,M,total,30-34,1074
2022,36570,화순군,M,unmarried,30-34,803
2022,36570,화순군,F,total,30-34,948
2022,36570,화순군,F,unmarried,35-39,212
2022,36570,화순군,M,total,35-39,1064
2022,36570,화순군,M,unmarried,35-39,472
2022,36570,화순군,F,total,35-39,1020
2022,36570,화순군,F,unmarried,40-44,211
2022,36570,화순군,M,total,40-44,1506
2022,36570,화순군,M,unmarried,40-44,476
2022,36570,화순군,F,total,40-44,1581
2022,36580,장흥군,F,unmarried,20-24,383
2022,36580,장흥군,M,total,20-24,638
2022,36580,장흥군,M,unmarried,20-24,632
2022,36580,장흥군,F,total,20-24,402
2022,36580,장흥군,F,unmarried,25-29,379
2022,36580,장흥군,M,total,25-29,609
2022,36580,장흥군,M,unmarried,25-29,563
2022,36580,장흥군,F,total,25-29,475
2022,36580,장흥군,F,unmarried,30-34,219
2022,36580,장흥군,M,total,30-34,564
2022,36580,장흥군,M,unmarried,30-34,405
2022,36580,장흥군,F,total,30-34,490
2022,36580,장흥군,F,unmarried,35-39,118
2022,36580,장흥군,M,total,35-39,581
2022,36580,장흥군,M,unmarried,35-39,243
2022,36580,장흥군,F,total,35-39,554
2022,36580,장흥군,F,unmarried,40-44,76
2022,36580,장흥군,M,total,40-44,843
2022,36580,장흥군,M,unmarried,40-44,259
2022,36580,장흥군,F,total,40-44,713
2022,36590,강진군,F,unmarried,20-24,384
2022,36590,강진군,M,total,20-24,567
2022,36590,강진군,M,unmarried,20-24,561
2022,36590,강진군,F,total,20-24,397
2022,36590,강진군,F,unmarried,25-29,382
2022,36590,강진군,M,total,25-29,626
2022,36590,강진군,M,unmarried,25-29,585
2022,36590,강진군,F,total,25-29,459
2022,36590,강진군,F,unmarried,30-34,198
2022,36590,강진군,M,total,30-34,489
2022,36590,강진군,M,unmarried,30-34,359
2022,36590,강진군,F,total,30-34,437
2022,36590,강진군,F,unmarried,35-39,107
2022,36590,강진군,M,total,35-39,522
2022,36590,강진군,M,unmarried,35-39,262
2022,36590,강진군,F,total,35-39,509
2022,36590,강진군,F,unmarried,40-44,84
2022,36590,강진군,M,total,40-44,745
2022,36590,강진군,M,unmarried,40-44,234
2022,36590,강진군,F,total,40-44,661
2022,36600,해남군,F,unmarried,20-24,684
2022,36600,해남군,M,total,20-24,1226
2022,36600,해남군,M,unmarried,20-24,1215
2022,36600,해남군,F,total,20-24,723
2022,36600,해남군,F,unmarried,25-29,715
2022,36600,해남군,M,total,25-29,1137
2022,36600,해남군,M,unmarried,25-29,1038
2022,36600,해남군,F,total,25-29,931
2022,36600,해남군,F,unmarried,30-34,302
2022,36600,해남군,M,total,30-34,937
2022,36600,해남군,M,unmarried,30-34,642
2022,36600,해남군,F,total,30-34,792
2022,36600,해남군,F,unmarried,35-39,180
2022,36600,해남군,M,total,35-39,1163
2022,36600,해남군,M,unmarried,35-39,497
2022,36600,해남군,F,total,35-39,1051
2022,36600,해남군,F,unmarried,40-44,147
2022,36600,해남군,M,total,40-44,1603
2022,36600,해남군,M,unmarried,40-44,513
2022,36600,해남군,F,total,40-44,1451
2022,36610,영암군,F,unmarried,20-24,952
2022,36610,영암군,M,total,20-24,1372
2022,36610,영암군,M,unmarried,20-24,1361
2022,36610,영암군,F,total,20-24,984
2022,36610,영암군,F,unmarried,25-29,681
2022,36610,영암군,M,total,25-29,1240
2022,36610,영암군,M,unmarried,25-29,1154
2022,36610,영암군,F,total,25-29,866
2022,36610,영암군,F,unmarried,30-34,350
2022,36610,영암군,M,total,30-34,940
2022,36610,영암군,M,unmarried,30-34,673
2022,36610,영암군,F,total,30-34,844
2022,36610,영암군,F,unmarried,35-39,156
2022,36610,영암군,M,total,35-39,1225
2022,36610,영암군,M,unmarried,35-39,572
2022,36610,영암군,F,total,35-39,972
2022,36610,영암군,F,unmarried,40-44,124
2022,36610,영암군,M,total,40-44,1903
2022,36610,영암군,M,unmarried,40-44,645
2022,36610,영암군,F,total,40-44,1333
2022,36620,무안군,F,unmarried,20-24,2613
2022,36620,무안군,M,total,20-24,3434
2022,36620,무안군,M,unmarried,20-24,3417
2022,36620,무안군,F,total,20-24,2644
2022,36620,무안군,F,unmarried,25-29,1641
2022,36620,무안군,M,total,25-29,2492
2022,36620,무안군,M,unmarried,25-29,2293
2022,36620,무안군,F,total,25-29,2061
2022,36620,무안군,F,unmarried,30-34,804
2022,36620,무안군,M,total,30-34,2350
2022,36620,무안군,M,unmarried,30-34,1446
2022,36620,무안군,F,total,30-34,2215
2022,36620,무안군,F,unmarried,35-39,434
2022,36620,무안군,M,total,35-39,2828
2022,36620,무안군,M,unmarried,35-39,883
2022,36620,무안군,F,total,35-39,2909
2022,36620,무안군,F,unmarried,40-44,304
2022,36620,무안군,M,total,40-44,3724
2022,36620,무안군,M,unmarried,40-44,695
2022,36620,무안군,F,total,40-44,3513
2022,36630,함평군,F,unmarried,20-24,319
2022,36630,함평군,M,total,20-24,514
2022,36630,함평군,M,unmarried,20-24,512
2022,36630,함평군,F,total,20-24,329
2022,36630,함평군,F,unmarried,25-29,297
2022,36630,함평군,M,total,25-29,530
2022,36630,함평군,M,unmarried,25-29,499
2022,36630,함평군,F,total,25-29,347
2022,36630,함평군,F,unmarried,30-34,161
2022,36630,함평군,M,total,30-34,424
2022,36630,함평군,M,unmarried,30-34,335
2022,36630,함평군,F,total,30-34,353
2022,36630,함평군,F,unmarried,35-39,94
2022,36630,함평군,M,total,35-39,442
2022,36630,함평군,M,unmarried,35-39,229
2022,36630,함평군,F,total,35-39,363
2022,36630,함평군,F,unmarried,40-44,55
2022,36630,함평군,M,total,40-44,695
2022,36630,함평군,M,unmarried,40-44,278
2022,36630,함평군,F,total,40-44,499
2022,36640,영광군,F,unmarried,20-24,604
2022,36640,영광군,M,total,20-24,1041
2022,36640,영광군,M,unmarried,20-24,1028
2022,36640,영광군,F,total,20-24,636
2022,36640,영광군,F,unmarried,25-29,688
2022,36640,영광군,M,total,25-29,1133
2022,36640,영광군,M,unmarried,25-29,1023
2022,36640,영광군,F,total,25-29,913
2022,36640,영광군,F,unmarried,30-34,350
2022,36640,영광군,M,total,30-34,1044
2022,36640,영광군,M,unmarried,30-34,674
2022,36640,영광군,F,total,30-34,1022
2022,36640,영광군,F,unmarried,35-39,194
2022,36640,영광군,M,total,35-39,1107
2022,36640,영광군,M,unmarried,35-39,458
2022,36640,영광군,F,total,35-39,1067
2022,36640,영광군,F,unmarried,40-44,133
2022,36640,영광군,M,total,40-44,1412
2022,36640,영광군,M,unmarried,40-44,410
2022,36640,영광군,F,total,40-44,1251
2022,36650,장성군,F,unmarried,20-24,473
2022,36650,장성군,M,total,20-24,841
2022,36650,장성군,M,unmarried,20-24,834
2022,36650,장성군,F,total,20-24,490
2022,36650,장성군,F,unmarried,25-29,524
2022,36650,장성군,M,total,25-29,1064
2022,36650,장성군,M,unmarried,25-29,945
2022,36650,장성군,F,total,25-29,683
2022,36650,장성군,F,unmarried,30-34,262
2022,36650,장성군,M,total,30-34,760
2022,36650,장성군,M,unmarried,30-34,547
2022,36650,장성군,F,total,30-34,623
2022,36650,장성군,F,unmarried,35-39,138
2022,36650,장성군,M,total,35-39,822
2022,36650,장성군,M,unmarried,35-39,368
2022,36650,장성군,F,total,35-39,695
2022,36650,장성군,F,unmarried,40-44,119
2022,36650,장성군,M,total,40-44,1104
2022,36650,장성군,M,unmarried,40-44,378
2022,36650,장성군,F,total,40-44,930
2022,36660,완도군,F,unmarried,20-24,356
2022,36660,완도군,M,total,20-24,710
2022,36660,완도군,M,unmarried,20-24,705
2022,36660,완도군,F,total,20-24,374
2022,36660,완도군,F,unmarried,25-29,435
2022,36660,완도군,M,total,25-29,836
2022,36660,완도군,M,unmarried,25-29,754
2022,36660,완도군,F,total,25-29,580
2022,36660,완도군,F,unmarried,30-34,229
2022,36660,완도군,M,total,30-34,680
2022,36660,완도군,M,unmarried,30-34,475
2022,36660,완도군,F,total,30-34,579
2022,36660,완도군,F,unmarried,35-39,133
2022,36660,완도군,M,total,35-39,959
2022,36660,완도군,M,unmarried,35-39,343
2022,36660,완도군,F,total,35-39,857
2022,36660,완도군,F,unmarried,40-44,118
2022,36660,완도군,M,total,40-44,1470
2022,36660,완도군,M,unmarried,40-44,442
2022,36660,완도군,F,total,40-44,1094
2022,36670,진도군,F,unmarried,20-24,227
2022,36670,진도군,M,total,20-24,528
2022,36670,진도군,M,unmarried,20-24,523
2022,36670,진도군,F,total,20-24,237
2022,36670,진도군,F,unmarried,25-29,275
2022,36670,진도군,M,total,25-29,537
2022,36670,진도군,M,unmarried,25-29,493
2022,36670,진도군,F,total,25-29,366
2022,36670,진도군,F,unmarried,30-34,171
2022,36670,진도군,M,total,30-34,435
2022,36670,진도군,M,unmarried,30-34,300
2022,36670,진도군,F,total,30-34,398
2022,36670,진도군,F,unmarried,35-39,97
2022,36670,진도군,M,total,35-39,518
2022,36670,진도군,M,unmarried,35-39,235
2022,36670,진도군,F,total,35-39,439
2022,36670,진도군,F,unmarried,40-44,58
2022,36670,진도군,M,total,40-44,759
2022,36670,진도군,M,unmarried,40-44,243
2022,36670,진도군,F,total,40-44,570
2022,36680,신안군,F,unmarried,20-24,223
2022,36680,신안군,M,total,20-24,449
2022,36680,신안군,M,unmarried,20-24,444
2022,36680,신안군,F,total,20-24,229
2022,36680,신안군,F,unmarried,25-29,277
2022,36680,신안군,M,total,25-29,616
2022,36680,신안군,M,unmarried,25-29,578
2022,36680,신안군,F,total,25-29,336
2022,36680,신안군,F,unmarried,30-34,176
2022,36680,신안군,M,total,30-34,549
2022,36680,신안군,M,unmarried,30-34,391
2022,36680,신안군,F,total,30-34,370
2022,36680,신안군,F,unmarried,35-39,92
2022,36680,신안군,M,total,35-39,698
2022,36680,신안군,M,unmarried,35-39,320
2022,36680,신안군,F,total,35-39,417
2022,36680,신안군,F,unmarried,40-44,70
2022,36680,신안군,M,total,40-44,1006
2022,36680,신안군,M,unmarried,40-44,324
2022,36680,신안군,F,total,40-44,537
2022,37,경상북도,F,unmarried,20-24,55635
2022,37,경상북도,M,total,20-24,76606
2022,37,경상북도,M,unmarried,20-24,76172
2022,37,경상북도,F,total,20-24,56689
2022,37,경상북도,F,unmarried,25-29,45344
2022,37,경상북도,M,total,25-29,75255
2022,37,경상북도,M,unmarried,25-29,70203
2022,37,경상북도,F,total,25-29,55661
2022,37,경상북도,F,unmarried,30-34,23736
2022,37,경상북도,M,total,30-34,68785
2022,37,경상북도,M,unmarried,30-34,47704
2022,37,경상북도,F,total,30-34,55664
2022,37,경상북도,F,unmarried,35-39,12900
2022,37,경상북도,M,total,35-39,72231
2022,37,경상북도,M,unmarried,35-39,29799
2022,37,경상북도,F,total,35-39,65021
2022,37,경상북도,F,unmarried,40-44,10453
2022,37,경상북도,M,total,40-44,90401
2022,37,경상북도,M,unmarried,40-44,25813
2022,37,경상북도,F,total,40-44,83260
2022,37003,동부,F,unmarried,20-24,33631
2022,37003,동부,M,total,20-24,46449
2022,37003,동부,M,unmarried,20-24,46181
2022,37003,동부,F,total,20-24,34283
2022,37003,동부,F,unmarried,25-29,29536
2022,37003,동부,M,total,25-29,46870
2022,37003,동부,M,unmarried,25-29,43768
2022,37003,동부,F,total,25-29,35847
2022,37003,동부,F,unmarried,30-34,15154
2022,37003,동부,M,total,30-34,41903
2022,37003,동부,M,unmarried,30-34,28895
2022,37003,동부,F,total,30-34,34518
2022,37003,동부,F,unmarried,35-39,7969
2022,37003,동부,M,total,35-39,43182
2022,37003,동부,M,unmarried,35-39,17122
2022,37003,동부,F,total,35-39,40372
2022,37003,동부,F,unmarried,40-44,6371
2022,37003,동부,M,total,40-44,53400
2022,37003,동부,M,unmarried,40-44,14099
2022,37003,동부,F,total,40-44,52050
2022,37004,읍부,F,unmarried,20-24,15944
2022,37004,읍부,M,total,20-24,20887
2022,37004,읍부,M,unmarried,20-24,20762
2022,37004,읍부,F,total,20-24,16224
2022,37004,읍부,F,unmarried,25-29,10192
2022,37004,읍부,M,total,25-29,18314
2022,37004,읍부,M,unmarried,25-29,16930
2022,37004,읍부,F,total,25-29,13009
2022,37004,읍부,F,unmarried,30-34,5275
2022,37004,읍부,M,total,30-34,17141
2022,37004,읍부,M,unmarried,30-34,11479
2022,37004,읍부,F,total,30-34,13980
2022,37004,읍부,F,unmarried,35-39,2901
2022,37004,읍부,M,total,35-39,19237
2022,37004,읍부,M,unmarried,35-39,7563
2022,37004,읍부,F,total,35-39,17069
2022,37004,읍부,F,unmarried,40-44,2288
2022,37004,읍부,M,total,40-44,24163
2022,37004,읍부,M,unmarried,40-44,6667
2022,37004,읍부,F,total,40-44,21786
2022,37005,면부,F,unmarried,20-24,6060
2022,37005,면부,M,total,20-24,9270
2022,37005,면부,M,unmarried,20-24,9229
2022,37005,면부,F,total,20-24,6182
2022,37005,면부,F,unmarried,25-29,5616
2022,37005,면부,M,total,25-29,10071
2022,37005,면부,M,unmarried,25-29,9505
2022,37005,면부,F,total,25-29,6805
2022,37005,면부,F,unmarried,30-34,3307
2022,37005,면부,M,total,30-34,9741
2022,37005,면부,M,unmarried,30-34,7330
2022,37005,면부,F,total,30-34,7166
2022,37005,면부,F,unmarried,35-39,2030
2022,37005,면부,M,total,35-39,9812
2022,37005,면부,M,unmarried,35-39,5114
2022,37005,면부,F,total,35-39,7580
2022,37005,면부,F,unmarried,40-44,1794
2022,37005,면부,M,total,40-44,12838
2022,37005,면부,M,unmarried,40-44,5047
2022,37005,면부,F,total,40-44,9424
2022,37010,포항시,F,unmarried,20-24,9417
2022,37010,포항시,M,total,20-24,14018
2022,37010,포항시,M,unmarried,20-24,13938
2022,37010,포항시,F,total,20-24,9621
2022,37010,포항시,F,unmarried,25-29,9261
2022,37010,포항시,M,total,25-29,16032
2022,37010,포항시,M,unmarried,25-29,14882
2022,37010,포항시,F,total,25-29,11409
2022,37010,포항시,F,unmarried,30-34,4554
2022,37010,포항시,M,total,30-34,14274
2022,37010,포항시,M,unmarried,30-34,9527
2022,37010,포항시,F,total,30-34,11136
2022,37010,포항시,F,unmarried,35-39,2584
2022,37010,포항시,M,total,35-39,14838
2022,37010,포항시,M,unmarried,35-39,5678
2022,37010,포항시,F,total,35-39,13604
2022,37010,포항시,F,unmarried,40-44,2174
2022,37010,포항시,M,total,40-44,18668
2022,37010,포항시,M,unmarried,40-44,4896
2022,37010,포항시,F,total,40-44,17972
2022,37011,남구,F,unmarried,20-24,3639
2022,37011,남구,M,total,20-24,6503
2022,37011,남구,M,unmarried,20-24,6453
2022,37011,남구,F,total,20-24,3742
2022,37011,남구,F,unmarried,25-29,4301
2022,37011,남구,M,total,25-29,8243
2022,37011,남구,M,unmarried,25-29,7680
2022,37011,남구,F,total,25-29,5250
2022,37011,남구,F,unmarried,30-34,1956
2022,37011,남구,M,total,30-34,6708
2022,37011,남구,M,unmarried,30-34,4657
2022,37011,남구,F,total,30-34,4785
2022,37011,남구,F,unmarried,35-39,1149
2022,37011,남구,M,total,35-39,6763
2022,37011,남구,M,unmarried,35-39,2822
2022,37011,남구,F,total,35-39,6016
2022,37011,남구,F,unmarried,40-44,971
2022,37011,남구,M,total,40-44,8875
2022,37011,남구,M,unmarried,40-44,2545
2022,37011,남구,F,total,40-44,8124
2022,37012,북구,F,unmarried,20-24,5778
2022,37012,북구,M,total,20-24,7515
2022,37012,북구,M,unmarried,20-24,7485
2022,37012,북구,F,total,20-24,5879
2022,37012,북구,F,unmarried,25-29,4960
2022,37012,북구,M,total,25-29,7789
2022,37012,북구,M,unmarried,25-29,7202
2022,37012,북구,F,total,25-29,6159
2022,37012,북구,F,unmarried,30-34,2598
2022,37012,북구,M,total,30-34,7566
2022,37012,북구,M,unmarried,30-34,4870
2022,37012,북구,F,total,30-34,6351
2022,37012,북구,F,unmarried,35-39,1435
2022,37012,북구,M,total,35-39,8075
2022,37012,북구,M,unmarried,35-39,2856
2022,37012,북구,F,total,35-39,7588
2022,37012,북구,F,unmarried,40-44,1203
2022,37012,북구,M,total,40-44,9793
2022,37012,북구,M,unmarried,40-44,2351
2022,37012,북구,F,total,40-44,9848
2022,37020,경주시,F,unmarried,20-24,5579
2022,37020,경주시,M,total,20-24,7441
2022,37020,경주시,M,unmarried,20-24,7402
2022,37020,경주시,F,total,20-24,5664
2022,37020,경주시,F,unmarried,25-29,4163
2022,37020,경주시,M,total,25-29,6757
2022,37020,경주시,M,unmarried,25-29,6327
2022,37020,경주시,F,total,25-29,5020
2022,37020,경주시,F,unmarried,30-34,2344
2022,37020,경주시,M,total,30-34,6130
2022,37020,경주시,M,unmarried,30-34,4363
2022,37020,경주시,F,total,30-34,5052
2022,37020,경주시,F,unmarried,35-39,1220
2022,37020,경주시,M,total,35-39,6156
2022,37020,경주시,M,unmarried,35-39,2695
2022,37020,경주시,F,total,35-39,5636
2022,37020,경주시,F,unmarried,40-44,1067
2022,37020,경주시,M,total,40-44,8244
2022,37020,경주시,M,unmarried,40-44,2575
2022,37020,경주시,F,total,40-44,7410
2022,37030,김천시,F,unmarried,20-24,2580
2022,37030,김천시,M,total,20-24,3475
2022,37030,김천시,M,unmarried,20-24,3450
2022,37030,김천시,F,total,20-24,2658
2022,37030,김천시,F,unmarried,25-29,2183
2022,37030,김천시,M,total,25-29,3646
2022,37030,김천시,M,unmarried,25-29,3370
2022,37030,김천시,F,total,25-29,2749
2022,37030,김천시,F,unmarried,30-34,1214
2022,37030,김천시,M,total,30-34,3521
2022,37030,김천시,M,unmarried,30-34,2435
2022,37030,김천시,F,total,30-34,3075
2022,37030,김천시,F,unmarried,35-39,648
2022,37030,김천시,M,total,35-39,3628
2022,37030,김천시,M,unmarried,35-39,1415
2022,37030,김천시,F,total,35-39,3387
2022,37030,김천시,F,unmarried,40-44,504
2022,37030,김천시,M,total,40-44,4678
2022,37030,김천시,M,unmarried,40-44,1275
2022,37030,김천시,F,total,40-44,4263
2022,37040,안동시,F,unmarried,20-24,4179
2022,37040,안동시,M,total,20-24,4968
2022,37040,안동시,M,unmarried,20-24,4947
2022,37040,안동시,F,total,20-24,4236
2022,37040,안동시,F,unmarried,25-29,2907
2022,37040,안동시,M,total,25-29,4292
2022,37040,안동시,M,unmarried,25-29,4041
2022,37040,안동시,F,total,25-29,3468
2022,37040,안동시,F,unmarried,30-34,1375
2022,37040,안동시,M,total,30-34,3650
2022,37040,안동시,M,unmarried,30-34,2596
2022,37040,안동시,F,total,30-34,3035
2022,37040,안동시,F,unmarried,35-39,768
2022,37040,안동시,M,total,35-39,3706
2022,37040,안동시,M,unmarried,35-39,1603
2022,37040,안동시,F,total,35-39,3525
2022,37040,안동시,F,unmarried,40-44,660
2022,37040,안동시,M,total,40-44,4781
2022,37040,안동시,M,unmarried,40-44,1404
2022,37040,안동시,F,total,40-44,4669
2022,37050,구미시,F,unmarried,20-24,9018
2022,37050,구미시,M,total,20-24,14562
2022,37050,구미시,M,unmarried,20-24,14462
2022,37050,구미시,F,total,20-24,9242
2022,37050,구미시,F,unmarried,25-29,9475
2022,37050,구미시,M,total,25-29,15377
2022,37050,구미시,M,unmarried,25-29,14234
2022,37050,구미시,F,total,25-29,11848
2022,37050,구미시,F,unmarried,30-34,5153
2022,37050,구미시,M,total,30-34,15295
2022,37050,구미시,M,unmarried,30-34,10164
2022,37050,구미시,F,total,30-34,12757
2022,37050,구미시,F,unmarried,35-39,2693
2022,37050,구미시,M,total,35-39,16772
2022,37050,구미시,M,unmarried,35-39,6155
2022,37050,구미시,F,total,35-39,15120
2022,37050,구미시,F,unmarried,40-44,1866
2022,37050,구미시,M,total,40-44,18899
2022,37050,구미시,M,unmarried,40-44,4520
2022,37050,구미시,F,total,40-44,17597
2022,37060,영주시,F,unmarried,20-24,2212
2022,37060,영주시,M,total,20-24,3134
2022,37060,영주시,M,unmarried,20-24,3125
2022,37060,영주시,F,total,20-24,2253
2022,37060,영주시,F,unmarried,25-29,1381
2022,37060,영주시,M,total,25-29,2470
2022,37060,영주시,M,unmarried,25-29,2296
2022,37060,영주시,F,total,25-29,1733
2022,37060,영주시,F,unmarried,30-34,642
2022,37060,영주시,M,total,30-34,2100
2022,37060,영주시,M,unmarried,30-34,1487
2022,37060,영주시,F,total,30-34,1532
2022,37060,영주시,F,unmarried,35-39,394
2022,37060,영주시,M,total,35-39,2042
2022,37060,영주시,M,unmarried,35-39,888
2022,37060,영주시,F,total,35-39,1919
2022,37060,영주시,F,unmarried,40-44,355
2022,37060,영주시,M,total,40-44,2926
2022,37060,영주시,M,unmarried,40-44,901
2022,37060,영주시,F,total,40-44,2772
2022,37070,영천시,F,unmarried,20-24,1289
2022,37070,영천시,M,total,20-24,2349
2022,37070,영천시,M,unmarried,20-24,2336
2022,37070,영천시,F,total,20-24,1337
2022,37070,영천시,F,unmarried,25-29,1481
2022,37070,영천시,M,total,25-29,2504
2022,37070,영천시,M,unmarried,25-29,2350
2022,37070,영천시,F,total,25-29,1834
2022,37070,영천시,F,unmarried,30-34,750
2022,37070,영천시,M,total,30-34,2336
2022,37070,영천시,M,unmarried,30-34,1603
2022,37070,영천시,F,total,30-34,1862
2022,37070,영천시,F,unmarried,35-39,439
2022,37070,영천시,M,total,35-39,2354
2022,37070,영천시,M,unmarried,35-39,1104
2022,37070,영천시,F,total,35-39,2005
2022,37070,영천시,F,unmarried,40-44,387
2022,37070,영천시,M,total,40-44,2835
2022,37070,영천시,M,unmarried,40-44,983
2022,37070,영천시,F,total,40-44,2381
2022,37080,상주시,F,unmarried,20-24,1513
2022,37080,상주시,M,total,20-24,2657
2022,37080,상주시,M,unmarried,20-24,2638
2022,37080,상주시,F,total,20-24,1541
2022,37080,상주시,F,unmarried,25-29,1053
2022,37080,상주시,M,total,25-29,1885
2022,37080,상주시,M,unmarried,25-29,1783
2022,37080,상주시,F,total,25-29,1318
2022,37080,상주시,F,unmarried,30-34,594
2022,37080,상주시,M,total,30-34,1607
2022,37080,상주시,M,unmarried,30-34,1199
2022,37080,상주시,F,total,30-34,1338
2022,37080,상주시,F,unmarried,35-39,321
2022,37080,상주시,M,total,35-39,1910
2022,37080,상주시,M,unmarried,35-39,861
2022,37080,상주시,F,total,35-39,1621
2022,37080,상주시,F,unmarried,40-44,262
2022,37080,상주시,M,total,40-44,2426
2022,37080,상주시,M,unmarried,40-44,787
2022,37080,상주시,F,total,40-44,2122
2022,37090,문경시,F,unmarried,20-24,1012
2022,37090,문경시,M,total,20-24,1391
2022,37090,문경시,M,unmarried,20-24,1389
2022,37090,문경시,F,total,20-24,1030
2022,37090,문경시,F,unmarried,25-29,895
2022,37090,문경시,M,total,25-29,1370
2022,37090,문경시,M,unmarried,25-29,1275
2022,37090,문경시,F,total,25-29,1085
2022,37090,문경시,F,unmarried,30-34,483
2022,37090,문경시,M,total,30-34,1202
2022,37090,문경시,M,unmarried,30-34,908
2022,37090,문경시,F,total,30-34,1037
2022,37090,문경시,F,unmarried,35-39,271
2022,37090,문경시,M,total,35-39,1441
2022,37090,문경시,M,unmarried,35-39,696
2022,37090,문경시,F,total,35-39,1289
2022,37090,문경시,F,unmarried,40-44,224
2022,37090,문경시,M,total,40-44,1863
2022,37090,문경시,M,unmarried,40-44,605
2022,37090,문경시,F,total,40-44,1708
2022,37100,경산시,F,unmarried,20-24,13545
2022,37100,경산시,M,total,20-24,13483
2022,37100,경산시,M,unmarried,20-24,13426
2022,37100,경산시,F,total,20-24,13661
2022,37100,경산시,F,unmarried,25-29,6577
2022,37100,경산시,M,total,25-29,10691
2022,37100,경산시,M,unmarried,25-29,10128
2022,37100,경산시,F,total,25-29,7819
2022,37100,경산시,F,unmarried,30-34,3299
2022,37100,경산시,M,total,30-34,8696
2022,37100,경산시,M,unmarried,30-34,6142
2022,37100,경산시,F,total,30-34,7023
2022,37100,경산시,F,unmarried,35-39,1602
2022,37100,경산시,M,total,35-39,8352
2022,37100,경산시,M,unmarried,35-39,3558
2022,37100,경산시,F,total,35-39,7486
2022,37100,경산시,F,unmarried,40-44,1275
2022,37100,경산시,M,total,40-44,10181
2022,37100,경산시,M,unmarried,40-44,3045
2022,37100,경산시,F,total,40-44,9538
2022,37520,의성군,F,unmarried,20-24,327
2022,37520,의성군,M,total,20-24,609
2022,37520,의성군,M,unmarried,20-24,604
2022,37520,의성군,F,total,20-24,338
2022,37520,의성군,F,unmarried,25-29,450
2022,37520,의성군,M,total,25-29,706
2022,37520,의성군,M,unmarried,25-29,674
2022,37520,의성군,F,total,25-29,537
2022,37520,의성군,F,unmarried,30-34,254
2022,37520,의성군,M,total,30-34,764
2022,37520,의성군,M,unmarried,30-34,590
2022,37520,의성군,F,total,30-34,574
2022,37520,의성군,F,unmarried,35-39,142
2022,37520,의성군,M,total,35-39,765
2022,37520,의성군,M,unmarried,35-39,423
2022,37520,의성군,F,total,35-39,598
2022,37520,의성군,F,unmarried,40-44,148
2022,37520,의성군,M,total,40-44,952
2022,37520,의성군,M,unmarried,40-44,371
2022,37520,의성군,F,total,40-44,788
2022,37530,청송군,F,unmarried,20-24,189
2022,37530,청송군,M,total,20-24,304
2022,37530,청송군,M,unmarried,20-24,302
2022,37530,청송군,F,total,20-24,192
2022,37530,청송군,F,unmarried,25-29,214
2022,37530,청송군,M,total,25-29,448
2022,37530,청송군,M,unmarried,25-29,415
2022,37530,청송군,F,total,25-29,258
2022,37530,청송군,F,unmarried,30-34,101
2022,37530,청송군,M,total,30-34,433
2022,37530,청송군,M,unmarried,30-34,363
2022,37530,청송군,F,total,30-34,244
2022,37530,청송군,F,unmarried,35-39,79
2022,37530,청송군,M,total,35-39,429
2022,37530,청송군,M,unmarried,35-39,223
2022,37530,청송군,F,total,35-39,326
2022,37530,청송군,F,unmarried,40-44,63
2022,37530,청송군,M,total,40-44,486
2022,37530,청송군,M,unmarried,40-44,195
2022,37530,청송군,F,total,40-44,406
2022,37540,영양군,F,unmarried,20-24,112
2022,37540,영양군,M,total,20-24,210
2022,37540,영양군,M,unmarried,20-24,210
2022,37540,영양군,F,total,20-24,116
2022,37540,영양군,F,unmarried,25-29,157
2022,37540,영양군,M,total,25-29,231
2022,37540,영양군,M,unmarried,25-29,222
2022,37540,영양군,F,total,25-29,183
2022,37540,영양군,F,unmarried,30-34,97
2022,37540,영양군,M,total,30-34,236
2022,37540,영양군,M,unmarried,30-34,199
2022,37540,영양군,F,total,30-34,190
2022,37540,영양군,F,unmarried,35-39,51
2022,37540,영양군,M,total,35-39,263
2022,37540,영양군,M,unmarried,35-39,143
2022,37540,영양군,F,total,35-39,210
2022,37540,영양군,F,unmarried,40-44,24
2022,37540,영양군,M,total,40-44,359
2022,37540,영양군,M,unmarried,40-44,134
2022,37540,영양군,F,total,40-44,262
2022,37550,영덕군,F,unmarried,20-24,244
2022,37550,영덕군,M,total,20-24,403
2022,37550,영덕군,M,unmarried,20-24,400
2022,37550,영덕군,F,total,20-24,254
2022,37550,영덕군,F,unmarried,25-29,338
2022,37550,영덕군,M,total,25-29,567
2022,37550,영덕군,M,unmarried,25-29,523
2022,37550,영덕군,F,total,25-29,405
2022,37550,영덕군,F,unmarried,30-34,182
2022,37550,영덕군,M,total,30-34,496
2022,37550,영덕군,M,unmarried,30-34,389
2022,37550,영덕군,F,total,30-34,410
2022,37550,영덕군,F,unmarried,35-39,135
2022,37550,영덕군,M,total,35-39,528
2022,37550,영덕군,M,unmarried,35-39,259
2022,37550,영덕군,F,total,35-39,518
2022,37550,영덕군,F,unmarried,40-44,96
2022,37550,영덕군,M,total,40-44,765
2022,37550,영덕군,M,unmarried,40-44,282
2022,37550,영덕군,F,total,40-44,650
2022,37560,청도군,F,unmarried,20-24,354
2022,37560,청도군,M,total,20-24,605
2022,37560,청도군,M,unmarried,20-24,601
2022,37560,청도군,F,total,20-24,361
2022,37560,청도군,F,unmarried,25-29,395
2022,37560,청도군,M,total,25-29,607
2022,37560,청도군,M,unmarried,25-29,585
2022,37560,청도군,F,total,25-29,455
2022,37560,청도군,F,unmarried,30-34,238
2022,37560,청도군,M,total,30-34,557
2022,37560,청도군,M,unmarried,30-34,462
2022,37560,청도군,F,total,30-34,443
2022,37560,청도군,F,unmarried,35-39,167
2022,37560,청도군,M,total,35-39,618
2022,37560,청도군,M,unmarried,35-39,363
2022,37560,청도군,F,total,35-39,527
2022,37560,청도군,F,unmarried,40-44,162
2022,37560,청도군,M,total,40-44,880
2022,37560,청도군,M,unmarried,40-44,328
2022,37560,청도군,F,total,40-44,805
2022,37570,고령군,F,unmarried,20-24,317
2022,37570,고령군,M,total,20-24,558
2022,37570,고령군,M,unmarried,20-24,555
2022,37570,고령군,F,total,20-24,323
2022,37570,고령군,F,unmarried,25-29,370
2022,37570,고령군,M,total,25-29,552
2022,37570,고령군,M,unmarried,25-29,529
2022,37570,고령군,F,total,25-29,426
2022,37570,고령군,F,unmarried,30-34,181
2022,37570,고령군,M,total,30-34,468
2022,37570,고령군,M,unmarried,30-34,386
2022,37570,고령군,F,total,30-34,369
2022,37570,고령군,F,unmarried,35-39,106
2022,37570,고령군,M,total,35-39,531
2022,37570,고령군,M,unmarried,35-39,288
2022,37570,고령군,F,total,35-39,416
2022,37570,고령군,F,unmarried,40-44,102
2022,37570,고령군,M,total,40-44,734
2022,37570,고령군,M,unmarried,40-44,279
2022,37570,고령군,F,total,40-44,657
2022,37580,성주군,F,unmarried,20-24,357
2022,37580,성주군,M,total,20-24,638
2022,37580,성주군,M,unmarried,20-24,631
2022,37580,성주군,F,total,20-24,373
2022,37580,성주군,F,unmarried,25-29,435
2022,37580,성주군,M,total,25-29,834
2022,37580,성주군,M,unmarried,25-29,789
2022,37580,성주군,F,total,25-29,537
2022,37580,성주군,F,unmarried,30-34,303
2022,37580,성주군,M,total,30-34,807
2022,37580,성주군,M,unmarried,30-34,616
2022,37580,성주군,F,total,30-34,586
2022,37580,성주군,F,unmarried,35-39,140
2022,37580,성주군,M,total,35-39,728
2022,37580,성주군,M,unmarried,35-39,381
2022,37580,성주군,F,total,35-39,610
2022,37580,성주군,F,unmarried,40-44,123
2022,37580,성주군,M,total,40-44,1012
2022,37580,성주군,M,unmarried,40-44,356
2022,37580,성주군,F,total,40-44,734
2022,37590,칠곡군,F,unmarried,20-24,1946
2022,37590,칠곡군,M,total,20-24,3134
2022,37590,칠곡군,M,unmarried,20-24,3112
2022,37590,칠곡군,F,total,20-24,1996
2022,37590,칠곡군,F,unmarried,25-29,1801
2022,37590,칠곡군,M,total,25-29,3008
2022,37590,칠곡군,M,unmarried,25-29,2753
2022,37590,칠곡군,F,total,25-29,2229
2022,37590,칠곡군,F,unmarried,30-34,1060
2022,37590,칠곡군,M,total,30-34,3035
2022,37590,칠곡군,M,unmarried,30-34,2177
2022,37590,칠곡군,F,total,30-34,2477
2022,37590,칠곡군,F,unmarried,35-39,584
2022,37590,칠곡군,M,total,35-39,3769
2022,37590,칠곡군,M,unmarried,35-39,1647
2022,37590,칠곡군,F,total,35-39,3236
2022,37590,칠곡군,F,unmarried,40-44,471
2022,37590,칠곡군,M,total,40-44,5162
2022,37590,칠곡군,M,unmarried,40-44,1560
2022,37590,칠곡군,F,total,40-44,4505
2022,37600,예천군,F,unmarried,20-24,613
2022,37600,예천군,M,total,20-24,985
2022,37600,예천군,M,unmarried,20-24,977
2022,37600,예천군,F,total,20-24,636
2022,37600,예천군,F,unmarried,25-29,660
2022,37600,예천군,M,total,25-29,1075
2022,37600,예천군,M,unmarried,25-29,962
2022,37600,예천군,F,total,25-29,915
2022,37600,예천군,F,unmarried,30-34,304
2022,37600,예천군,M,total,30-34,1192
2022,37600,예천군,M,unmarried,30-34,660
2022,37600,예천군,F,total,30-34,1092
2022,37600,예천군,F,unmarried,35-39,170
2022,37600,예천군,M,total,35-39,1384
2022,37600,예천군,M,unmarried,35-39,429
2022,37600,예천군,F,total,35-39,1322
2022,37600,예천군,F,unmarried,40-44,176
2022,37600,예천군,M,total,40-44,1795
2022,37600,예천군,M,unmarried,40-44,374
2022,37600,예천군,F,total,40-44,1768
2022,37610,봉화군,F,unmarried,20-24,195
2022,37610,봉화군,M,total,20-24,420
2022,37610,봉화군,M,unmarried,20-24,420
2022,37610,봉화군,F,total,20-24,199
2022,37610,봉화군,F,unmarried,25-29,238
2022,37610,봉화군,M,total,25-29,423
2022,37610,봉화군,M,unmarried,25-29,399
2022,37610,봉화군,F,total,25-29,292
2022,37610,봉화군,F,unmarried,30-34,131
2022,37610,봉화군,M,total,30-34,385
2022,37610,봉화군,M,unmarried,30-34,296
2022,37610,봉화군,F,total,30-34,273
2022,37610,봉화군,F,unmarried,35-39,104
2022,37610,봉화군,M,total,35-39,455
2022,37610,봉화군,M,unmarried,35-39,269
2022,37610,봉화군,F,total,35-39,381
2022,37610,봉화군,F,unmarried,40-44,73
2022,37610,봉화군,M,total,40-44,640
2022,37610,봉화군,M,unmarried,40-44,256
2022,37610,봉화군,F,total,40-44,499
2022,37620,울진군,F,unmarried,20-24,403
2022,37620,울진군,M,total,20-24,820
2022,37620,울진군,M,unmarried,20-24,811
2022,37620,울진군,F,total,20-24,415
2022,37620,울진군,F,unmarried,25-29,562
2022,37620,울진군,M,total,25-29,1121
2022,37620,울진군,M,unmarried,25-29,1034
2022,37620,울진군,F,total,25-29,725
2022,37620,울진군,F,unmarried,30-34,299
2022,37620,울진군,M,total,30-34,1062
2022,37620,울진군,M,unmarried,30-34,687
2022,37620,울진군,F,total,30-34,805
2022,37620,울진군,F,unmarried,35-39,169
2022,37620,울진군,M,total,35-39,979
2022,37620,울진군,M,unmarried,35-39,416
2022,37620,울진군,F,total,35-39,861
2022,37620,울진군,F,unmarried,40-44,141
2022,37620,울진군,M,total,40-44,1333
2022,37620,울진군,M,unmarried,40-44,410
2022,37620,울진군,F,total,40-44,1230
2022,37630,울릉군,F,unmarried,20-24,78
2022,37630,울릉군,M,total,20-24,145
2022,37630,울릉군,M,unmarried,20-24,142
2022,37630,울릉군,F,total,20-24,81
2022,37630,울릉군,F,unmarried,25-29,112
2022,37630,울릉군,M,total,25-29,277
2022,37630,울릉군,M,unmarried,25-29,264
2022,37630,울릉군,F,total,25-29,139
2022,37630,울릉군,F,unmarried,30-34,74
2022,37630,울릉군,M,total,30-34,214
2022,37630,울릉군,M,unmarried,30-34,177
2022,37630,울릉군,F,total,30-34,143
2022,37630,울릉군,F,unmarried,35-39,39
2022,37630,울릉군,M,total,35-39,227
2022,37630,울릉군,M,unmarried,35-39,96
2022,37630,울릉군,F,total,35-39,160
2022,37630,울릉군,F,unmarried,40-44,36
2022,37630,울릉군,M,total,40-44,326
2022,37630,울릉군,M,unmarried,40-44,107
2022,37630,울릉군,F,total,40-44,193
2022,38,경상남도,F,unmarried,20-24,64017
2022,38,경상남도,M,total,20-24,90265
2022,38,경상남도,M,unmarried,20-24,89813
2022,38,경상남도,F,total,20-24,65196
2022,38,경상남도,F,unmarried,25-29,61961
2022,38,경상남도,M,total,25-29,94363
2022,38,경상남도,M,unmarried,25-29,87877
2022,38,경상남도,F,total,25-29,74570
2022,38,경상남도,F,unmarried,30-34,33051
2022,38,경상남도,M,total,30-34,88624
2022,38,경상남도,M,unmarried,30-34,60335
2022,38,경상남도,F,total,30-34,76339
2022,38,경상남도,F,unmarried,35-39,17263
2022,38,경상남도,M,total,35-39,98191
2022,38,경상남도,M,unmarried,35-39,37879
2022,38,경상남도,F,total,35-39,91478
2022,38,경상남도,F,unmarried,40-44,13456
2022,38,경상남도,M,total,40-44,129010
2022,38,경상남도,M,unmarried,40-44,33935
2022,38,경상남도,F,total,40-44,121771
2022,38003,동부,F,unmarried,20-24,48310
2022,38003,동부,M,total,20-24,65931
2022,38003,동부,M,unmarried,20-24,65612
2022,38003,동부,F,total,20-24,49165
2022,38003,동부,F,unmarried,25-29,45562
2022,38003,동부,M,total,25-29,68525
2022,38003,동부,M,unmarried,25-29,63887
2022,38003,동부,F,total,25-29,54406
2022,38003,동부,F,unmarried,30-34,23951
2022,38003,동부,M,total,30-34,62503
2022,38003,동부,M,unmarried,30-34,42885
2022,38003,동부,F,total,30-34,53644
2022,38003,동부,F,unmarried,35-39,12204
2022,38003,동부,M,total,35-39,67271
2022,38003,동부,M,unmarried,35-39,26337
2022,38003,동부,F,total,35-39,62170
2022,38003,동부,F,unmarried,40-44,9503
2022,38003,동부,M,total,40-44,87088
2022,38003,동부,M,unmarried,40-44,23035
2022,38003,동부,F,total,40-44,83736
2022,38004,읍부,F,unmarried,20-24,9317
2022,38004,읍부,M,total,20-24,13235
2022,38004,읍부,M,unmarried,20-24,13166
2022,38004,읍부,F,total,20-24,9484
2022,38004,읍부,F,unmarried,25-29,8961
2022,38004,읍부,M,total,25-29,12910
2022,38004,읍부,M,unmarried,25-29,11962
2022,38004,읍부,F,total,25-29,10872
2022,38004,읍부,F,unmarried,30-34,4695
2022,38004,읍부,M,total,30-34,12689
2022,38004,읍부,M,unmarried,30-34,8366
2022,38004,읍부,F,total,30-34,11545
2022,38004,읍부,F,unmarried,35-39,2374
2022,38004,읍부,M,total,35-39,14907
2022,38004,읍부,M,unmarried,35-39,5170
2022,38004,읍부,F,total,35-39,14887
2022,38004,읍부,F,unmarried,40-44,1765
2022,38004,읍부,M,total,40-44,20312
2022,38004,읍부,M,unmarried,40-44,4565
2022,38004,읍부,F,total,40-44,20055
2022,38005,면부,F,unmarried,20-24,6390
2022,38005,면부,M,total,20-24,11099
2022,38005,면부,M,unmarried,20-24,11035
2022,38005,면부,F,total,20-24,6547
2022,38005,면부,F,unmarried,25-29,7438
2022,38005,면부,M,total,25-29,12928
2022,38005,면부,M,unmarried,25-29,12028
2022,38005,면부,F,total,25-29,9292
2022,38005,면부,F,unmarried,30-34,4405
2022,38005,면부,M,total,30-34,13432
2022,38005,면부,M,unmarried,30-34,9084
2022,38005,면부,F,total,30-34,11150
2022,38005,면부,F,unmarried,35-39,2685
2022,38005,면부,M,total,35-39,16013
2022,38005,면부,M,unmarried,35-39,6372
2022,38005,면부,F,total,35-39,14421
2022,38005,면부,F,unmarried,40-44,2188
2022,38005,면부,M,total,40-44,21610
2022,38005,면부,M,unmarried,40-44,6335
2022,38005,면부,F,total,40-44,17980
2022,38030,진주시,F,unmarried,20-24,10781
2022,38030,진주시,M,total,20-24,13418
2022,38030,진주시,M,unmarried,20-24,13371
2022,38030,진주시,F,total,20-24,10910
2022,38030,진주시,F,unmarried,25-29,8088
2022,38030,진주시,M,total,25-29,12028
2022,38030,진주시,M,unmarried,25-29,11288
2022,38030,진주시,F,total,25-29,9581
2022,38030,진주시,F,unmarried,30-34,3836
2022,38030,진주시,M,total,30-34,10314
2022,38030,진주시,M,unmarried,30-34,6985
2022,38030,진주시,F,total,30-34,8753
2022,38030,진주시,F,unmarried,35-39,2060
2022,38030,진주시,M,total,35-39,10039
2022,38030,진주시,M,unmarried,35-39,3778
2022,38030,진주시,F,total,35-39,10030
2022,38030,진주시,F,unmarried,40-44,1514
2022,38030,진주시,M,total,40-44,12516
2022,38030,진주시,M,unmarried,40-44,3177
2022,38030,진주시,F,total,40-44,12615
2022,38050,통영시,F,unmarried,20-24,1480
2022,38050,통영시,M,total,20-24,2744
2022,38050,통영시,M,unmarried,20-24,2718
2022,38050,통영시,F,total,20-24,1537
2022,38050,통영시,F,unmarried,25-29,1661
2022,38050,통영시,M,total,25-29,2395
2022,38050,통영시,M,unmarried,25-29,2243
2022,38050,통영시,F,total,25-29,2003
2022,38050,통영시,F,unmarried,30-34,988
2022,38050,통영시,M,total,30-34,2356
2022,38050,통영시,M,unmarried,30-34,1661
2022,38050,통영시,F,total,30-34,2173
2022,38050,통영시,F,unmarried,35-39,612
2022,38050,통영시,M,total,35-39,3227
2022,38050,통영시,M,unmarried,35-39,1421
2022,38050,통영시,F,total,35-39,3106
2022,38050,통영시,F,unmarried,40-44,521
2022,38050,통영시,M,total,40-44,5065
2022,38050,통영시,M,unmarried,40-44,1467
2022,38050,통영시,F,total,40-44,4654
2022,38060,사천시,F,unmarried,20-24,1316
2022,38060,사천시,M,total,20-24,2631
2022,38060,사천시,M,unmarried,20-24,2607
2022,38060,사천시,F,total,20-24,1365
2022,38060,사천시,F,unmarried,25-29,1398
2022,38060,사천시,M,total,25-29,3015
2022,38060,사천시,M,unmarried,25-29,2782
2022,38060,사천시,F,total,25-29,1796
2022,38060,사천시,F,unmarried,30-34,841
2022,38060,사천시,M,total,30-34,2732
2022,38060,사천시,M,unmarried,30-34,1822
2022,38060,사천시,F,total,30-34,2077
2022,38060,사천시,F,unmarried,35-39,458
2022,38060,사천시,M,total,35-39,2894
2022,38060,사천시,M,unmarried,35-39,1191
2022,38060,사천시,F,total,35-39,2652
2022,38060,사천시,F,unmarried,40-44,441
2022,38060,사천시,M,total,40-44,4123
2022,38060,사천시,M,unmarried,40-44,1178
2022,38060,사천시,F,total,40-44,3900
2022,38070,김해시,F,unmarried,20-24,12680
2022,38070,김해시,M,total,20-24,16695
2022,38070,김해시,M,unmarried,20-24,16609
2022,38070,김해시,F,total,20-24,12900
2022,38070,김해시,F,unmarried,25-29,11477
2022,38070,김해시,M,total,25-29,16669
2022,38070,김해시,M,unmarried,25-29,15439
2022,38070,김해시,F,total,25-29,13974
2022,38070,김해시,F,unmarried,30-34,5761
2022,38070,김해시,M,total,30-34,15610
2022,38070,김해시,M,unmarried,30-34,10241
2022,38070,김해시,F,total,30-34,13972
2022,38070,김해시,F,unmarried,35-39,2728
2022,38070,김해시,M,total,35-39,17158
2022,38070,김해시,M,unmarried,35-39,6161
2022,38070,김해시,F,total,35-39,16220
2022,38070,김해시,F,unmarried,40-44,2123
2022,38070,김해시,M,total,40-44,22732
2022,38070,김해시,M,unmarried,40-44,5283
2022,38070,김해시,F,total,40-44,22493
2022,38080,밀양시,F,unmarried,20-24,1412
2022,38080,밀양시,M,total,20-24,2242
2022,38080,밀양시,M,unmarried,20-24,2232
2022,38080,밀양시,F,total,20-24,1441
2022,38080,밀양시,F,unmarried,25-29,1320
2022,38080,밀양시,M,total,25-29,2335
2022,38080,밀양시,M,unmarried,25-29,2185
2022,38080,밀양시,F,total,25-29,1583
2022,38080,밀양시,F,unmarried,30-34,770
2022,38080,밀양시,M,total,30-34,1933
2022,38080,밀양시,M,unmarried,30-34,1469
2022,38080,밀양시,F,total,30-34,1579
2022,38080,밀양시,F,unmarried,35-39,533
2022,38080,밀양시,M,total,35-39,2164
2022,38080,밀양시,M,unmarried,35-39,1053
2022,38080,밀양시,F,total,35-39,1988
2022,38080,밀양시,F,unmarried,40-44,425
2022,38080,밀양시,M,total,40-44,2945
2022,38080,밀양시,M,unmarried,40-44,977
2022,38080,밀양시,F,total,40-44,2644
2022,38090,거제시,F,unmarried,20-24,3246
2022,38090,거제시,M,total,20-24,5535
2022,38090,거제시,M,unmarried,20-24,5504
2022,38090,거제시,F,total,20-24,3354
2022,38090,거제시,F,unmarried,25-29,3210
2022,38090,거제시,M,total,25-29,5230
2022,38090,거제시,M,unmarried,25-29,4778
2022,38090,거제시,F,total,25-29,4142
2022,38090,거제시,F,unmarried,30-34,1747
2022,38090,거제시,M,total,30-34,5771
2022,38090,거제시,M,unmarried,30-34,3571
2022,38090,거제시,F,total,30-34,5329
2022,38090,거제시,F,unmarried,35-39,1042
2022,38090,거제시,M,total,35-39,9295
2022,38090,거제시,M,unmarried,35-39,2991
2022,38090,거제시,F,total,35-39,8693
2022,38090,거제시,F,unmarried,40-44,721
2022,38090,거제시,M,total,40-44,12924
2022,38090,거제시,M,unmarried,40-44,3008
2022,38090,거제시,F,total,40-44,10843
2022,38100,양산시,F,unmarried,20-24,7134
2022,38100,양산시,M,total,20-24,9171
2022,38100,양산시,M,unmarried,20-24,9121
2022,38100,양산시,F,total,20-24,7266
2022,38100,양산시,F,unmarried,25-29,7259
2022,38100,양산시,M,total,25-29,10079
2022,38100,양산시,M,unmarried,25-29,9317
2022,38100,양산시,F,total,25-29,8857
2022,38100,양산시,F,unmarried,30-34,3984
2022,38100,양산시,M,total,30-34,10575
2022,38100,양산시,M,unmarried,30-34,6793
2022,38100,양산시,F,total,30-34,9796
2022,38100,양산시,F,unmarried,35-39,1903
2022,38100,양산시,M,total,35-39,12198
2022,38100,양산시,M,unmarried,35-39,4074
2022,38100,양산시,F,total,35-39,11638
2022,38100,양산시,F,unmarried,40-44,1620
2022,38100,양산시,M,total,40-44,15791
2022,38100,양산시,M,unmarried,40-44,3638
2022,38100,양산시,F,total,40-44,15208
2022,38110,창원시,F,unmarried,20-24,21583
2022,38110,창원시,M,total,20-24,29434
2022,38110,창원시,M,unmarried,20-24,29309
2022,38110,창원시,F,total,20-24,21929
2022,38110,창원시,F,unmarried,25-29,22645
2022,38110,창원시,M,total,25-29,34353
2022,38110,창원시,M,unmarried,25-29,32049
2022,38110,창원시,F,total,25-29,26806
2022,38110,창원시,F,unmarried,30-34,12458
2022,38110,창원시,M,total,30-34,32324
2022,38110,창원시,M,unmarried,30-34,22388
2022,38110,창원시,F,total,30-34,27181
2022,38110,창원시,F,unmarried,35-39,6252
2022,38110,창원시,M,total,35-39,33343
2022,38110,창원시,M,unmarried,35-39,13407
2022,38110,창원시,F,total,35-39,29930
2022,38110,창원시,F,unmarried,40-44,4824
2022,38110,창원시,M,total,40-44,41653
2022,38110,창원시,M,unmarried,40-44,11456
2022,38110,창원시,F,total,40-44,39388
2022,38111,의창구,F,unmarried,20-24,4639
2022,38111,의창구,M,total,20-24,6457
2022,38111,의창구,M,unmarried,20-24,6426
2022,38111,의창구,F,total,20-24,4713
2022,38111,의창구,F,unmarried,25-29,5235
2022,38111,의창구,M,total,25-29,7821
2022,38111,의창구,M,unmarried,25-29,7367
2022,38111,의창구,F,total,25-29,6098
2022,38111,의창구,F,unmarried,30-34,2683
2022,38111,의창구,M,total,30-34,7054
2022,38111,의창구,M,unmarried,30-34,4927
2022,38111,의창구,F,total,30-34,5962
2022,38111,의창구,F,unmarried,35-39,1254
2022,38111,의창구,M,total,35-39,7153
2022,38111,의창구,M,unmarried,35-39,2843
2022,38111,의창구,F,total,35-39,6447
2022,38111,의창구,F,unmarried,40-44,949
2022,38111,의창구,M,total,40-44,8713
2022,38111,의창구,M,unmarried,40-44,2359
2022,38111,의창구,F,total,40-44,8050
2022,38112,성산구,F,unmarried,20-24,5420
2022,38112,성산구,M,total,20-24,7900
2022,38112,성산구,M,unmarried,20-24,7871
2022,38112,성산구,F,total,20-24,5494
2022,38112,성산구,F,unmarried,25-29,6984
2022,38112,성산구,M,total,25-29,10187
2022,38112,성산구,M,unmarried,25-29,9640
2022,38112,성산구,F,total,25-29,7984
2022,38112,성산구,F,unmarried,30-34,3926
2022,38112,성산구,M,total,30-34,9635
2022,38112,성산구,M,unmarried,30-34,6961
2022,38112,성산구,F,total,30-34,7847
2022,38112,성산구,F,unmarried,35-39,1792
2022,38112,성산구,M,total,35-39,8612
2022,38112,성산구,M,unmarried,35-39,3491
2022,38112,성산구,F,total,35-39,7517
2022,38112,성산구,F,unmarried,40-44,1238
2022,38112,성산구,M,total,40-44,9290
2022,38112,성산구,M,unmarried,40-44,2301
2022,38112,성산구,F,total,40-44,9436
2022,38113,마산합포구,F,unmarried,20-24,3966
2022,38113,마산합포구,M,total,20-24,5224
2022,38113,마산합포구,M,unmarried,20-24,5211
2022,38113,마산합포구,F,total,20-24,4015
2022,38113,마산합포구,F,unmarried,25-29,3409
2022,38113,마산합포구,M,total,25-29,5045
2022,38113,마산합포구,M,unmarried,25-29,4733
2022,38113,마산합포구,F,total,25-29,4043
2022,38113,마산합포구,F,unmarried,30-34,1987
2022,38113,마산합포구,M,total,30-34,4880
2022,38113,마산합포구,M,unmarried,30-34,3342
2022,38113,마산합포구,F,total,30-34,4320
2022,38113,마산합포구,F,unmarried,35-39,1131
2022,38113,마산합포구,M,total,35-39,5616
2022,38113,마산합포구,M,unmarried,35-39,2322
2022,38113,마산합포구,F,total,35-39,5052
2022,38113,마산합포구,F,unmarried,40-44,988
2022,38113,마산합포구,M,total,40-44,7197
2022,38113,마산합포구,M,unmarried,40-44,2215
2022,38113,마산합포구,F,total,40-44,6469
2022,38114,마산회원구,F,unmarried,20-24,4308
2022,38114,마산회원구,M,total,20-24,5033
2022,38114,마산회원구,M,unmarried,20-24,5022
2022,38114,마산회원구,F,total,20-24,4350
2022,38114,마산회원구,F,unmarried,25-29,3969
2022,38114,마산회원구,M,total,25-29,5428
2022,38114,마산회원구,M,unmarried,25-29,5144
2022,38114,마산회원구,F,total,25-29,4525
2022,38114,마산회원구,F,unmarried,30-34,2084
2022,38114,마산회원구,M,total,30-34,4926
2022,38114,마산회원구,M,unmarried,30-34,3595
2022,38114,마산회원구,F,total,30-34,4125
2022,38114,마산회원구,F,unmarried,35-39,1136
2022,38114,마산회원구,M,total,35-39,5124
2022,38114,마산회원구,M,unmarried,35-39,2353
2022,38114,마산회원구,F,total,35-39,4671
2022,38114,마산회원구,F,unmarried,40-44,913
2022,38114,마산회원구,M,total,40-44,7043
2022,38114,마산회원구,M,unmarried,40-44,2251
2022,38114,마산회원구,F,total,40-44,6641
2022,38115,진해구,F,unmarried,20-24,3250
2022,38115,진해구,M,total,20-24,4820
2022,38115,진해구,M,unmarried,20-24,4779
2022,38115,진해구,F,total,20-24,3357
2022,38115,진해구,F,unmarried,25-29,3048
2022,38115,진해구,M,total,25-29,5872
2022,38115,진해구,M,unmarried,25-29,5165
2022,38115,진해구,F,total,25-29,4156
2022,38115,진해구,F,unmarried,30-34,1778
2022,38115,진해구,M,total,30-34,5829
2022,38115,진해구,M,unmarried,30-34,3563
2022,38115,진해구,F,total,30-34,4927
2022,38115,진해구,F,unmarried,35-39,939
2022,38115,진해구,M,total,35-39,6838
2022,38115,진해구,M,unmarried,35-39,2398
2022,38115,진해구,F,total,35-39,6243
2022,38115,진해구,F,unmarried,40-44,736
2022,38115,진해구,M,total,40-44,9410
2022,38115,진해구,M,unmarried,40-44,2330
2022,38115,진해구,F,total,40-44,8792
2022,38510,의령군,F,unmarried,20-24,210
2022,38510,의령군,M,total,20-24,370
2022,38510,의령군,M,unmarried,20-24,367
2022,38510,의령군,F,total,20-24,221
2022,38510,의령군,F,unmarried,25-29,254
2022,38510,의령군,M,total,25-29,445
2022,38510,의령군,M,unmarried,25-29,422
2022,38510,의령군,F,total,25-29,303
2022,38510,의령군,F,unmarried,30-34,167
2022,38510,의령군,M,total,30-34,396
2022,38510,의령군,M,unmarried,30-34,329
2022,38510,의령군,F,total,30-34,333
2022,38510,의령군,F,unmarried,35-39,104
2022,38510,의령군,M,total,35-39,411
2022,38510,의령군,M,unmarried,35-39,228
2022,38510,의령군,F,total,35-39,361
2022,38510,의령군,F,unmarried,40-44,82
2022,38510,의령군,M,total,40-44,555
2022,38510,의령군,M,unmarried,40-44,200
2022,38510,의령군,F,total,40-44,477
2022,38520,함안군,F,unmarried,20-24,718
2022,38520,함안군,M,total,20-24,1237
2022,38520,함안군,M,unmarried,20-24,1225
2022,38520,함안군,F,total,20-24,733
2022,38520,함안군,F,unmarried,25-29,696
2022,38520,함안군,M,total,25-29,1293
2022,38520,함안군,M,unmarried,25-29,1204
2022,38520,함안군,F,total,25-29,847
2022,38520,함안군,F,unmarried,30-34,399
2022,38520,함안군,M,total,30-34,1094
2022,38520,함안군,M,unmarried,30-34,813
2022,38520,함안군,F,total,30-34,874
2022,38520,함안군,F,unmarried,35-39,234
2022,38520,함안군,M,total,35-39,1267
2022,38520,함안군,M,unmarried,35-39,544
2022,38520,함안군,F,total,35-39,1297
2022,38520,함안군,F,unmarried,40-44,161
2022,38520,함안군,M,total,40-44,1977
2022,38520,함안군,M,unmarried,40-44,569
2022,38520,함안군,F,total,40-44,1778
2022,38530,창녕군,F,unmarried,20-24,565
2022,38530,창녕군,M,total,20-24,998
2022,38530,창녕군,M,unmarried,20-24,995
2022,38530,창녕군,F,total,20-24,578
2022,38530,창녕군,F,unmarried,25-29,638
2022,38530,창녕군,M,total,25-29,1084
2022,38530,창녕군,M,unmarried,25-29,1016
2022,38530,창녕군,F,total,25-29,772
2022,38530,창녕군,F,unmarried,30-34,353
2022,38530,창녕군,M,total,30-34,1094
2022,38530,창녕군,M,unmarried,30-34,819
2022,38530,창녕군,F,total,30-34,806
2022,38530,창녕군,F,unmarried,35-39,212
2022,38530,창녕군,M,total,35-39,1173
2022,38530,창녕군,M,unmarried,35-39,582
2022,38530,창녕군,F,total,35-39,983
2022,38530,창녕군,F,unmarried,40-44,177
2022,38530,창녕군,M,total,40-44,1594
2022,38530,창녕군,M,unmarried,40-44,551
2022,38530,창녕군,F,total,40-44,1365
2022,38540,고성군,F,unmarried,20-24,473
2022,38540,고성군,M,total,20-24,878
2022,38540,고성군,M,unmarried,20-24,871
2022,38540,고성군,F,total,20-24,492
2022,38540,고성군,F,unmarried,25-29,519
2022,38540,고성군,M,total,25-29,860
2022,38540,고성군,M,unmarried,25-29,828
2022,38540,고성군,F,total,25-29,617
2022,38540,고성군,F,unmarried,30-34,287
2022,38540,고성군,M,total,30-34,721
2022,38540,고성군,M,unmarried,30-34,580
2022,38540,고성군,F,total,30-34,533
2022,38540,고성군,F,unmarried,35-39,195
2022,38540,고성군,M,total,35-39,922
2022,38540,고성군,M,unmarried,35-39,474
2022,38540,고성군,F,total,35-39,806
2022,38540,고성군,F,unmarried,40-44,156
2022,38540,고성군,M,total,40-44,1439
2022,38540,고성군,M,unmarried,40-44,493
2022,38540,고성군,F,total,40-44,1177
2022,38550,남해군,F,unmarried,20-24,352
2022,38550,남해군,M,total,20-24,859
2022,38550,남해군,M,unmarried,20-24,857
2022,38550,남해군,F,total,20-24,358
2022,38550,남해군,F,unmarried,25-29,409
2022,38550,남해군,M,total,25-29,725
2022,38550,남해군,M,unmarried,25-29,697
2022,38550,남해군,F,total,25-29,478
2022,38550,남해군,F,unmarried,30-34,227
2022,38550,남해군,M,total,30-34,535
2022,38550,남해군,M,unmarried,30-34,430
2022,38550,남해군,F,total,30-34,432
2022,38550,남해군,F,unmarried,35-39,140
2022,38550,남해군,M,total,35-39,585
2022,38550,남해군,M,unmarried,35-39,298
2022,38550,남해군,F,total,35-39,565
2022,38550,남해군,F,unmarried,40-44,103
2022,38550,남해군,M,total,40-44,854
2022,38550,남해군,M,unmarried,40-44,299
2022,38550,남해군,F,total,40-44,811
2022,38560,하동군,F,unmarried,20-24,329
2022,38560,하동군,M,total,20-24,676
2022,38560,하동군,M,unmarried,20-24,672
2022,38560,하동군,F,total,20-24,335
2022,38560,하동군,F,unmarried,25-29,400
2022,38560,하동군,M,total,25-29,672
2022,38560,하동군,M,unmarried,25-29,637
2022,38560,하동군,F,total,25-29,463
2022,38560,하동군,F,unmarried,30-34,222
2022,38560,하동군,M,total,30-34,569
2022,38560,하동군,M,unmarried,30-34,452
2022,38560,하동군,F,total,30-34,456
2022,38560,하동군,F,unmarried,35-39,145
2022,38560,하동군,M,total,35-39,624
2022,38560,하동군,M,unmarried,35-39,361
2022,38560,하동군,F,total,35-39,525
2022,38560,하동군,F,unmarried,40-44,103
2022,38560,하동군,M,total,40-44,869
2022,38560,하동군,M,unmarried,40-44,337
2022,38560,하동군,F,total,40-44,736
2022,38570,산청군,F,unmarried,20-24,270
2022,38570,산청군,M,total,20-24,507
2022,38570,산청군,M,unmarried,20-24,505
2022,38570,산청군,F,total,20-24,274
2022,38570,산청군,F,unmarried,25-29,334
2022,38570,산청군,M,total,25-29,490
2022,38570,산청군,M,unmarried,25-29,477
2022,38570,산청군,F,total,25-29,386
2022,38570,산청군,F,unmarried,30-34,196
2022,38570,산청군,M,total,30-34,476
2022,38570,산청군,M,unmarried,30-34,362
2022,38570,산청군,F,total,30-34,364
2022,38570,산청군,F,unmarried,35-39,110
2022,38570,산청군,M,total,35-39,473
2022,38570,산청군,M,unmarried,35-39,235
2022,38570,산청군,F,total,35-39,422
2022,38570,산청군,F,unmarried,40-44,88
2022,38570,산청군,M,total,40-44,701
2022,38570,산청군,M,unmarried,40-44,239
2022,38570,산청군,F,total,40-44,584
2022,38580,함양군,F,unmarried,20-24,330
2022,38580,함양군,M,total,20-24,604
2022,38580,함양군,M,unmarried,20-24,602
2022,38580,함양군,F,total,20-24,335
2022,38580,함양군,F,unmarried,25-29,414
2022,38580,함양군,M,total,25-29,646
2022,38580,함양군,M,unmarried,25-29,614
2022,38580,함양군,F,total,25-29,486
2022,38580,함양군,F,unmarried,30-34,226
2022,38580,함양군,M,total,30-34,527
2022,38580,함양군,M,unmarried,30-34,421
2022,38580,함양군,F,total,30-34,441
2022,38580,함양군,F,unmarried,35-39,149
2022,38580,함양군,M,total,35-39,597
2022,38580,함양군,M,unmarried,35-39,299
2022,38580,함양군,F,total,35-39,565
2022,38580,함양군,F,unmarried,40-44,90
2022,38580,함양군,M,total,40-44,846
2022,38580,함양군,M,unmarried,40-44,304
2022,38580,함양군,F,total,40-44,800
2022,38590,거창군,F,unmarried,20-24,781
2022,38590,거창군,M,total,20-24,1670
2022,38590,거창군,M,unmarried,20-24,1658
2022,38590,거창군,F,total,20-24,803
2022,38590,거창군,F,unmarried,25-29,826
2022,38590,거창군,M,total,25-29,1362
2022,38590,거창군,M,unmarried,25-29,1263
2022,38590,거창군,F,total,25-29,988
2022,38590,거창군,F,unmarried,30-34,386
2022,38590,거창군,M,total,30-34,1061
2022,38590,거창군,M,unmarried,30-34,774
2022,38590,거창군,F,total,30-34,848
2022,38590,거창군,F,unmarried,35-39,251
2022,38590,거창군,M,total,35-39,1208
2022,38590,거창군,M,unmarried,35-39,487
2022,38590,거창군,F,total,35-39,1208
2022,38590,거창군,F,unmarried,40-44,193
2022,38590,거창군,M,total,40-44,1571
2022,38590,거창군,M,unmarried,40-44,437
2022,38590,거창군,F,total,40-44,1579
2022,38600,합천군,F,unmarried,20-24,357
2022,38600,합천군,M,total,20-24,596
2022,38600,합천군,M,unmarried,20-24,590
2022,38600,합천군,F,total,20-24,365
2022,38600,합천군,F,unmarried,25-29,413
2022,38600,합천군,M,total,25-29,682
2022,38600,합천군,M,unmarried,25-29,638
2022,38600,합천군,F,total,25-29,488
2022,38600,합천군,F,unmarried,30-34,203
2022,38600,합천군,M,total,30-34,536
2022,38600,합천군,M,unmarried,30-34,425
2022,38600,합천군,F,total,30-34,392
2022,38600,합천군,F,unmarried,35-39,135
2022,38600,합천군,M,total,35-39,613
2022,38600,합천군,M,unmarried,35-39,295
2022,38600,합천군,F,total,35-39,489
2022,38600,합천군,F,unmarried,40-44,114
2022,38600,합천군,M,total,40-44,855
2022,38600,합천군,M,unmarried,40-44,322
2022,38600,합천군,F,total,40-44,719
2022,39,제주특별자치도,F,unmarried,20-24,14558
2022,39,제주특별자치도,M,total,20-24,17914
2022,39,제주특별자치도,M,unmarried,20-24,17780
2022,39,제주특별자치도,F,total,20-24,14843
2022,39,제주특별자치도,F,unmarried,25-29,15489
2022,39,제주특별자치도,M,total,25-29,20330
2022,39,제주특별자치도,M,unmarried,25-29,18635
2022,39,제주특별자치도,F,total,25-29,18582
2022,39,제주특별자치도,F,unmarried,30-34,8309
2022,39,제주특별자치도,M,total,30-34,18529
2022,39,제주특별자치도,M,unmarried,30-34,12364
2022,39,제주특별자치도,F,total,30-34,17631
2022,39,제주특별자치도,F,unmarried,35-39,4733
2022,39,제주특별자치도,M,total,35-39,20342
2022,39,제주특별자치도,M,unmarried,35-39,7654
2022,39,제주특별자치도,F,total,35-39,20437
2022,39,제주특별자치도,F,unmarried,40-44,3985
2022,39,제주특별자치도,M,total,40-44,26692
2022,39,제주특별자치도,M,unmarried,40-44,6854
2022,39,제주특별자치도,F,total,40-44,26451
2022,39003,동부,F,unmarried,20-24,11824
2022,39003,동부,M,total,20-24,14058
2022,39003,동부,M,unmarried,20-24,13946
2022,39003,동부,F,total,20-24,12055
2022,39003,동부,F,unmarried,25-29,12487
2022,39003,동부,M,total,25-29,15838
2022,39003,동부,M,unmarried,25-29,14455
2022,39003,동부,F,total,25-29,14934
2022,39003,동부,F,unmarried,30-34,6511
2022,39003,동부,M,total,30-34,14520
2022,39003,동부,M,unmarried,30-34,9527
2022,39003,동부,F,total,30-34,13852
2022,39003,동부,F,unmarried,35-39,3589
2022,39003,동부,M,total,35-39,15445
2022,39003,동부,M,unmarried,35-39,5716
2022,39003,동부,F,total,35-39,15430
2022,39003,동부,F,unmarried,40-44,2959
2022,39003,동부,M,total,40-44,19631
2022,39003,동부,M,unmarried,40-44,4969
2022,39003,동부,F,total,40-44,19537
2022,39004,읍부,F,unmarried,20-24,2209
2022,39004,읍부,M,total,20-24,3150
2022,39004,읍부,M,unmarried,20-24,3131
2022,39004,읍부,F,total,20-24,2252
2022,39004,읍부,F,unmarried,25-29,2419
2022,39004,읍부,M,total,25-29,3602
2022,39004,읍부,M,unmarried,25-29,3348
2022,39004,읍부,F,total,25-29,2956
2022,39004,읍부,F,unmarried,30-34,1464
2022,39004,읍부,M,total,30-34,3259
2022,39004,읍부,M,unmarried,30-34,2263
2022,39004,읍부,F,total,30-34,3111
2022,39004,읍부,F,unmarried,35-39,921
2022,39004,읍부,M,total,35-39,3989
2022,39004,읍부,M,unmarried,35-39,1571
2022,39004,읍부,F,total,35-39,4123
2022,39004,읍부,F,unmarried,40-44,835
2022,39004,읍부,M,total,40-44,5734
2022,39004,읍부,M,unmarried,40-44,1517
2022,39004,읍부,F,total,40-44,5685
2022,39005,면부,F,unmarried,20-24,525
2022,39005,면부,M,total,20-24,706
2022,39005,면부,M,unmarried,20-24,703
2022,39005,면부,F,total,20-24,536
2022,39005,면부,F,unmarried,25-29,583
2022,39005,면부,M,total,25-29,890
2022,39005,면부,M,unmarried,25-29,832
2022,39005,면부,F,total,25-29,692
2022,39005,면부,F,unmarried,30-34,334
2022,39005,면부,M,total,30-34,750
2022,39005,면부,M,unmarried,30-34,574
2022,39005,면부,F,total,30-34,668
2022,39005,면부,F,unmarried,35-39,223
2022,39005,면부,M,total,35-39,908
2022,39005,면부,M,unmarried,35-39,367
2022,39005,면부,F,total,35-39,884
2022,39005,면부,F,unmarried,40-44,191
2022,39005,면부,M,total,40-44,1327
2022,39005,면부,M,unmarried,40-44,368
2022,39005,면부,F,total,40-44,1229
2022,39010,제주시,F,unmarried,20-24,11738
2022,39010,제주시,M,total,20-24,14131
2022,39010,제주시,M,unmarried,20-24,14032
2022,39010,제주시,F,total,20-24,11946
2022,39010,제주시,F,unmarried,25-29,12196
2022,39010,제주시,M,total,25-29,15672
2022,39010,제주시,M,unmarried,25-29,14386
2022,39010,제주시,F,total,25-29,14577
2022,39010,제주시,F,unmarried,30-34,6435
2022,39010,제주시,M,total,30-34,14393
2022,39010,제주시,M,unmarried,30-34,9551
2022,39010,제주시,F,total,30-34,13637
2022,39010,제주시,F,unmarried,35-39,3585
2022,39010,제주시,M,total,35-39,15567
2022,39010,제주시,M,unmarried,35-39,5843
2022,39010,제주시,F,total,35-39,15383
2022,39010,제주시,F,unmarried,40-44,2979
2022,39010,제주시,M,total,40-44,19872
2022,39010,제주시,M,unmarried,40-44,5053
2022,39010,제주시,F,total,40-44,19678
2022,39020,서귀포시,F,unmarried,20-24,2820
2022,39020,서귀포시,M,total,20-24,3783
2022,39020,서귀포시,M,unmarried,20-24,3748
2022,39020,서귀포시,F,total,20-24,2897
2022,39020,서귀포시,F,unmarried,25-29,3293
2022,39020,서귀포시,M,total,25-29,4658
2022,39020,서귀포시,M,unmarried,25-29,4249
2022,39020,서귀포시,F,total,25-29,4005
2022,39020,서귀포시,F,unmarried,30-34,1874
2022,39020,서귀포시,M,total,30-34,4136
2022,39020,서귀포시,M,unmarried,30-34,2813
2022,39020,서귀포시,F,total,30-34,3994
2022,39020,서귀포시,F,unmarried,35-39,1148
2022,39020,서귀포시,M,total,35-39,4775
2022,39020,서귀포시,M,unmarried,35-39,1811
2022,39020,서귀포시,F,total,35-39,5054
2022,39020,서귀포시,F,unmarried,40-44,1006
2022,39020,서귀포시,M,total,40-44,6820
2022,39020,서귀포시,M,unmarried,40-44,1801
2022,39020,서귀포시,F,total,40-44,6773
2023,00,전국,F,unmarried,20-24,1276222
2023,00,전국,M,total,20-24,1423937
2023,00,전국,M,unmarried,20-24,1417747
2023,00,전국,F,total,20-24,1291543
2023,00,전국,F,unmarried,25-29,1390190
2023,00,전국,M,total,25-29,1741244
2023,00,전국,M,unmarried,25-29,1649631
2023,00,전국,F,total,25-29,1569087
2023,00,전국,F,unmarried,30-34,864409
2023,00,전국,M,total,30-34,1725797
2023,00,전국,M,unmarried,30-34,1270402
2023,00,전국,F,total,30-34,1548198
2023,00,전국,F,unmarried,35-39,416783
2023,00,전국,M,total,35-39,1587340
2023,00,전국,M,unmarried,35-39,707095
2023,00,전국,F,total,35-39,1488962
2023,00,전국,F,unmarried,40-44,322040
2023,00,전국,M,total,40-44,1987030
2023,00,전국,M,unmarried,40-44,575990
2023,00,전국,F,total,40-44,1910348
2023,03,동부,F,unmarried,20-24,1114930
2023,03,동부,M,total,20-24,1200435
2023,03,동부,M,unmarried,20-24,1195736
2023,03,동부,F,total,20-24,1126834
2023,03,동부,F,unmarried,25-29,1245998
2023,03,동부,M,total,25-29,1493514
2023,03,동부,M,unmarried,25-29,1420098
2023,03,동부,F,total,25-29,1391661
2023,03,동부,F,unmarried,30-34,779538
2023,03,동부,M,total,30-34,1484320
2023,03,동부,M,unmarried,30-34,1101202
2023,03,동부,F,total,30-34,1358087
2023,03,동부,F,unmarried,35-39,372161
2023,03,동부,M,total,35-39,1348643
2023,03,동부,M,unmarried,35-39,601132
2023,03,동부,F,total,35-39,1281384
2023,03,동부,F,unmarried,40-44,285286
2023,03,동부,M,total,40-44,1663815
2023,03,동부,M,unmarried,40-44,478017
2023,03,동부,F,total,40-44,1628462
2023,04,읍부,F,unmarried,20-24,102231
2023,04,읍부,M,total,20-24,135647
2023,04,읍부,M,unmarried,20-24,134713
2023,04,읍부,F,total,20-24,104428
2023,04,읍부,F,unmarried,25-29,92181
2023,04,읍부,M,total,25-29,149253
2023,04,읍부,M,unmarried,25-29,137573
2023,04,읍부,F,total,25-29,113869
2023,04,읍부,F,unmarried,30-34,52449
2023,04,읍부,M,total,30-34,147078
2023,04,읍부,M,unmarried,30-34,100070
2023,04,읍부,F,total,30-34,121350
2023,04,읍부,F,unmarried,35-39,26107
2023,04,읍부,M,total,35-39,146488
2023,04,읍부,M,unmarried,35-39,60263
2023,04,읍부,F,total,35-39,133911
2023,04,읍부,F,unmarried,40-44,21259
2023,04,읍부,M,total,40-44,200832
2023,04,읍부,M,unmarried,40-44,54052
2023,04,읍부,F,total,40-44,186915
2023,05,면부,F,unmarried,20-24,59061
2023,05,면부,M,total,20-24,87855
2023,05,면부,M,unmarried,20-24,87298
2023,05,면부,F,total,20-24,60281
2023,05,면부,F,unmarried,25-29,52011
2023,05,면부,M,total,25-29,98477
2023,05,면부,M,unmarried,25-29,91960
2023,05,면부,F,total,25-29,63557
2023,05,면부,F,unmarried,30-34,32422
2023,05,면부,M,total,30-34,94399
2023,05,면부,M,unmarried,30-34,69130
2023,05,면부,F,total,30-34,68761
2023,05,면부,F,unmarried,35-39,18515
2023,05,면부,M,total,35-39,92209
2023,05,면부,M,unmarried,35-39,45700
2023,05,면부,F,total,35-39,73667
2023,05,면부,F,unmarried,40-44,15495
2023,05,면부,M,total,40-44,122383
2023,05,면부,M,unmarried,40-44,43921
2023,05,면부,F,total,40-44,94971
2023,11,서울특별시,F,unmarried,20-24,289637
2023,11,서울특별시,M,total,20-24,251954
2023,11,서울특별시,M,unmarried,20-24,251439
2023,11,서울특별시,F,total,20-24,290929
2023,11,서울특별시,F,unmarried,25-29,381674
2023,11,서울특별시,M,total,25-29,371655
2023,11,서울특별시,M,unmarried,25-29,360852
2023,11,서울특별시,F,total,25-29,403607
2023,11,서울특별시,F,unmarried,30-34,258890
2023,11,서울특별시,M,total,30-34,374283
2023,11,서울특별시,M,unmarried,30-34,303945
2023,11,서울특별시,F,total,30-34,368924
2023,11,서울특별시,F,unmarried,35-39,128713
2023,11,서울특별시,M,total,35-39,311081
2023,11,서울특별시,M,unmarried,35-39,164066
2023,11,서울특별시,F,total,35-39,308762
2023,11,서울특별시,F,unmarried,40-44,95303
2023,11,서울특별시,M,total,40-44,347871
2023,11,서울특별시,M,unmarried,40-44,121402
2023,11,서울특별시,F,total,40-44,348769
2023,11010,종로구,F,unmarried,20-24,5580
2023,11010,종로구,M,total,20-24,4538
2023,11010,종로구,M,unmarried,20-24,4533
2023,11010,종로구,F,total,20-24,5595
2023,11010,종로구,F,unmarried,25-29,5805
2023,11010,종로구,M,total,25-29,6011
2023,11010,종로구,M,unmarried,25-29,5882
2023,11010,종로구,F,total,25-29,6039
2023,11010,종로구,F,unmarried,30-34,3804
2023,11010,종로구,M,total,30-34,5200
2023,11010,종로구,M,unmarried,30-34,4469
2023,11010,종로구,F,total,30-34,4906
2023,11010,종로구,F,unmarried,35-39,1993
2023,11010,종로구,M,total,35-39,3939
2023,11010,종로구,M,unmarried,35-39,2388
2023,11010,종로구,F,total,35-39,3962
2023,11010,종로구,F,unmarried,40-44,1535
2023,11010,종로구,M,total,40-44,4385
2023,11010,종로구,M,unmarried,40-44,1741
2023,11010,종로구,F,total,40-44,4536
2023,11020,중구,F,unmarried,20-24,4081
2023,11020,중구,M,total,20-24,3379
2023,11020,중구,M,unmarried,20-24,3374
2023,11020,중구,F,total,20-24,4091
2023,11020,중구,F,unmarried,25-29,5317
2023,11020,중구,M,total,25-29,4800
2023,11020,중구,M,unmarried,25-29,4680
2023,11020,중구,F,total,25-29,5569
2023,11020,중구,F,unmarried,30-34,4052
2023,11020,중구,M,total,30-34,5510
2023,11020,중구,M,unmarried,30-34,4588
2023,11020,중구,F,total,30-34,5493
2023,11020,중구,F,unmarried,35-39,2012
2023,11020,중구,M,total,35-39,4463
2023,11020,중구,M,unmarried,35-39,2509
2023,11020,중구,F,total,35-39,4349
2023,11020,중구,F,unmarried,40-44,1531
2023,11020,중구,M,total,40-44,4309
2023,11020,중구,M,unmarried,40-44,1766
2023,11020,중구,F,total,40-44,4114
2023,11030,용산구,F,unmarried,20-24,6623
2023,11030,용산구,M,total,20-24,4510
2023,11030,용산구,M,unmarried,20-24,4506
2023,11030,용산구,F,total,20-24,6651
2023,11030,용산구,F,unmarried,25-29,8998
2023,11030,용산구,M,total,25-29,8067
2023,11030,용산구,M,unmarried,25-29,7847
2023,11030,용산구,F,total,25-29,9472
2023,11030,용산구,F,unmarried,30-34,7112
2023,11030,용산구,M,total,30-34,9788
2023,11030,용산구,M,unmarried,30-34,8079
2023,11030,용산구,F,total,30-34,9805
2023,11030,용산구,F,unmarried,35-39,3719
2023,11030,용산구,M,total,35-39,7857
2023,11030,용산구,M,unmarried,35-39,4487
2023,11030,용산구,F,total,35-39,7856
2023,11030,용산구,F,unmarried,40-44,2645
2023,11030,용산구,M,total,40-44,7800
2023,11030,용산구,M,unmarried,40-44,2992
2023,11030,용산구,F,total,40-44,7706
2023,11040,성동구,F,unmarried,20-24,8917
2023,11040,성동구,M,total,20-24,8306
2023,11040,성동구,M,unmarried,20-24,8294
2023,11040,성동구,F,total,20-24,8942
2023,11040,성동구,F,unmarried,25-29,11149
2023,11040,성동구,M,total,25-29,11803
2023,11040,성동구,M,unmarried,25-29,11521
2023,11040,성동구,F,total,25-29,11759
2023,11040,성동구,F,unmarried,30-34,7653
2023,11040,성동구,M,total,30-34,11219
2023,11040,성동구,M,unmarried,30-34,8895
2023,11040,성동구,F,total,30-34,11638
2023,11040,성동구,F,unmarried,35-39,3862
2023,11040,성동구,M,total,35-39,10300
2023,11040,성동구,M,unmarried,35-39,4719
2023,11040,성동구,F,total,35-39,10470
2023,11040,성동구,F,unmarried,40-44,2811
2023,11040,성동구,M,total,40-44,10709
2023,11040,성동구,M,unmarried,40-44,3333
2023,11040,성동구,F,total,40-44,10196
2023,11050,광진구,F,unmarried,20-24,12837
2023,11050,광진구,M,total,20-24,11200
2023,11050,광진구,M,unmarried,20-24,11184
2023,11050,광진구,F,total,20-24,12884
2023,11050,광진구,F,unmarried,25-29,18050
2023,11050,광진구,M,total,25-29,16695
2023,11050,광진구,M,unmarried,25-29,16285
2023,11050,광진구,F,total,25-29,18809
2023,11050,광진구,F,unmarried,30-34,11659
2023,11050,광진구,M,total,30-34,15376
2023,11050,광진구,M,unmarried,30-34,13103
2023,11050,광진구,F,total,30-34,15155
2023,11050,광진구,F,unmarried,35-39,5717
2023,11050,광진구,M,total,35-39,11171
2023,11050,광진구,M,unmarried,35-39,6559
2023,11050,광진구,F,total,35-39,11367
2023,11050,광진구,F,unmarried,40-44,3922
2023,11050,광진구,M,total,40-44,11678
2023,11050,광진구,M,unmarried,40-44,4582
2023,11050,광진구,F,total,40-44,12049
2023,11060,동대문구,F,unmarried,20-24,15379
2023,11060,동대문구,M,total,20-24,12227
2023,11060,동대문구,M,unmarried,20-24,12211
2023,11060,동대문구,F,total,20-24,15430
2023,11060,동대문구,F,unmarried,25-29,14431
2023,11060,동대문구,M,total,25-29,15824
2023,11060,동대문구,M,unmarried,25-29,15407
2023,11060,동대문구,F,total,25-29,15226
2023,11060,동대문구,F,unmarried,30-34,8442
2023,11060,동대문구,M,total,30-34,13250
2023,11060,동대문구,M,unmarried,30-34,10721
2023,11060,동대문구,F,total,30-34,12354
2023,11060,동대문구,F,unmarried,35-39,4219
2023,11060,동대문구,M,total,35-39,11310
2023,11060,동대문구,M,unmarried,35-39,5930
2023,11060,동대문구,F,total,35-39,10554
2023,11060,동대문구,F,unmarried,40-44,3180
2023,11060,동대문구,M,total,40-44,12641
2023,11060,동대문구,M,unmarried,40-44,4576
2023,11060,동대문구,F,total,40-44,11833
2023,11070,중랑구,F,unmarried,20-24,9596
2023,11070,중랑구,M,total,20-24,8733
2023,11070,중랑구,M,unmarried,20-24,8710
2023,11070,중랑구,F,total,20-24,9669
2023,11070,중랑구,F,unmarried,25-29,14142
2023,11070,중랑구,M,total,25-29,14345
2023,11070,중랑구,M,unmarried,25-29,13708
2023,11070,중랑구,F,total,25-29,15405
2023,11070,중랑구,F,unmarried,30-34,10133
2023,11070,중랑구,M,total,30-34,15570
2023,11070,중랑구,M,unmarried,30-34,12177
2023,11070,중랑구,F,total,30-34,15145
2023,11070,중랑구,F,unmarried,35-39,5164
2023,11070,중랑구,M,total,35-39,13014
2023,11070,중랑구,M,unmarried,35-39,7078
2023,11070,중랑구,F,total,35-39,12073
2023,11070,중랑구,F,unmarried,40-44,3826
2023,11070,중랑구,M,total,40-44,14265
2023,11070,중랑구,M,unmarried,40-44,5790
2023,11070,중랑구,F,total,40-44,12811
2023,11080,성북구,F,unmarried,20-24,19442
2023,11080,성북구,M,total,20-24,15157
2023,11080,성북구,M,unmarried,20-24,15128
2023,11080,성북구,F,total,20-24,19500
2023,11080,성북구,F,unmarried,25-29,15653
2023,11080,성북구,M,total,25-29,16364
2023,11080,성북구,M,unmarried,25-29,15907
2023,11080,성북구,F,total,25-29,16584
2023,11080,성북구,F,unmarried,30-34,9106
2023,11080,성북구,M,total,30-34,14305
2023,11080,성북구,M,unmarried,30-34,11282
2023,11080,성북구,F,total,30-34,13834
2023,11080,성북구,F,unmarried,35-39,4824
2023,11080,성북구,M,total,35-39,12891
2023,11080,성북구,M,unmarried,35-39,6262
2023,11080,성북구,F,total,35-39,12970
2023,11080,성북구,F,unmarried,40-44,3796
2023,11080,성북구,M,total,40-44,15296
2023,11080,성북구,M,unmarried,40-44,4919
2023,11080,성북구,F,total,40-44,15545
2023,11090,강북구,F,unmarried,20-24,8811
2023,11090,강북구,M,total,20-24,7146
2023,11090,강북구,M,unmarried,20-24,7115
2023,11090,강북구,F,total,20-24,8872
2023,11090,강북구,F,unmarried,25-29,9809
2023,11090,강북구,M,total,25-29,10348
2023,11090,강북구,M,unmarried,25-29,9962
2023,11090,강북구,F,total,25-29,10484
2023,11090,강북구,F,unmarried,30-34,6284
2023,11090,강북구,M,total,30-34,9660
2023,11090,강북구,M,unmarried,30-34,8066
2023,11090,강북구,F,total,30-34,8659
2023,11090,강북구,F,unmarried,35-39,3250
2023,11090,강북구,M,total,35-39,8198
2023,11090,강북구,M,unmarried,35-39,5023
2023,11090,강북구,F,total,35-39,7215
2023,11090,강북구,F,unmarried,40-44,2738
2023,11090,강북구,M,total,40-44,9944
2023,11090,강북구,M,unmarried,40-44,4481
2023,11090,강북구,F,total,40-44,8937
2023,11100,도봉구,F,unmarried,20-24,8227
2023,11100,도봉구,M,total,20-24,7531
2023,11100,도봉구,M,unmarried,20-24,7505
2023,11100,도봉구,F,total,20-24,8277
2023,11100,도봉구,F,unmarried,25-29,9343
2023,11100,도봉구,M,total,25-29,10084
2023,11100,도봉구,M,unmarried,25-29,9714
2023,11100,도봉구,F,total,25-29,10036
2023,11100,도봉구,F,unmarried,30-34,6353
2023,11100,도봉구,M,total,30-34,9923
2023,11100,도봉구,M,unmarried,30-34,8006
2023,11100,도봉구,F,total,30-34,9222
2023,11100,도봉구,F,unmarried,35-39,3288
2023,11100,도봉구,M,total,35-39,8621
2023,11100,도봉구,M,unmarried,35-39,4802
2023,11100,도봉구,F,total,35-39,8159
2023,11100,도봉구,F,unmarried,40-44,2706
2023,11100,도봉구,M,total,40-44,10473
2023,11100,도봉구,M,unmarried,40-44,4019
2023,11100,도봉구,F,total,40-44,9998
2023,11110,노원구,F,unmarried,20-24,17067
2023,11110,노원구,M,total,20-24,17535
2023,11110,노원구,M,unmarried,20-24,17510
2023,11110,노원구,F,total,20-24,17130
2023,11110,노원구,F,unmarried,25-29,14451
2023,11110,노원구,M,total,25-29,16381
2023,11110,노원구,M,unmarried,25-29,15799
2023,11110,노원구,F,total,25-29,15594
2023,11110,노원구,F,unmarried,30-34,9235
2023,11110,노원구,M,total,30-34,15324
2023,11110,노원구,M,unmarried,30-34,11416
2023,11110,노원구,F,total,30-34,15137
2023,11110,노원구,F,unmarried,35-39,4904
2023,11110,노원구,M,total,35-39,14139
2023,11110,노원구,M,unmarried,35-39,6680
2023,11110,노원구,F,total,35-39,13837
2023,11110,노원구,F,unmarried,40-44,4090
2023,11110,노원구,M,total,40-44,17057
2023,11110,노원구,M,unmarried,40-44,5222
2023,11110,노원구,F,total,40-44,18253
2023,11120,은평구,F,unmarried,20-24,12061
2023,11120,은평구,M,total,20-24,11061
2023,11120,은평구,M,unmarried,20-24,11032
2023,11120,은평구,F,total,20-24,12131
2023,11120,은평구,F,unmarried,25-29,17655
2023,11120,은평구,M,total,25-29,15863
2023,11120,은평구,M,unmarried,25-29,15278
2023,11120,은평구,F,total,25-29,18860
2023,11120,은평구,F,unmarried,30-34,12082
2023,11120,은평구,M,total,30-34,16691
2023,11120,은평구,M,unmarried,30-34,13047
2023,11120,은평구,F,total,30-34,17590
2023,11120,은평구,F,unmarried,35-39,6098
2023,11120,은평구,M,total,35-39,14350
2023,11120,은평구,M,unmarried,35-39,7303
2023,11120,은평구,F,total,35-39,14742
2023,11120,은평구,F,unmarried,40-44,4821
2023,11120,은평구,M,total,40-44,17184
2023,11120,은평구,M,unmarried,40-44,6176
2023,11120,은평구,F,total,40-44,17175
2023,11130,서대문구,F,unmarried,20-24,16167
2023,11130,서대문구,M,total,20-24,10623
2023,11130,서대문구,M,unmarried,20-24,10608
2023,11130,서대문구,F,total,20-24,16204
2023,11130,서대문구,F,unmarried,25-29,13646
2023,11130,서대문구,M,total,25-29,13284
2023,11130,서대문구,M,unmarried,25-29,12995
2023,11130,서대문구,F,total,25-29,14247
2023,11130,서대문구,F,unmarried,30-34,8073
2023,11130,서대문구,M,total,30-34,11392
2023,11130,서대문구,M,unmarried,30-34,9186
2023,11130,서대문구,F,total,30-34,11613
2023,11130,서대문구,F,unmarried,35-39,3931
2023,11130,서대문구,M,total,35-39,9800
2023,11130,서대문구,M,unmarried,35-39,4793
2023,11130,서대문구,F,total,35-39,10213
2023,11130,서대문구,F,unmarried,40-44,2937
2023,11130,서대문구,M,total,40-44,11071
2023,11130,서대문구,M,unmarried,40-44,3630
2023,11130,서대문구,F,total,40-44,10943
2023,11140,마포구,F,unmarried,20-24,13093
2023,11140,마포구,M,total,20-24,10256
2023,11140,마포구,M,unmarried,20-24,10236
2023,11140,마포구,F,total,20-24,13126
2023,11140,마포구,F,unmarried,25-29,18287
2023,11140,마포구,M,total,25-29,15266
2023,11140,마포구,M,unmarried,25-29,14900
2023,11140,마포구,F,total,25-29,19124
2023,11140,마포구,F,unmarried,30-34,12819
2023,11140,마포구,M,total,30-34,15679
2023,11140,마포구,M,unmarried,30-34,12768
2023,11140,마포구,F,total,30-34,17497
2023,11140,마포구,F,unmarried,35-39,6522
2023,11140,마포구,M,total,35-39,13161
2023,11140,마포구,M,unmarried,35-39,6694
2023,11140,마포구,F,total,35-39,14523
2023,11140,마포구,F,unmarried,40-44,4567
2023,11140,마포구,M,total,40-44,13787
2023,11140,마포구,M,unmarried,40-44,4581
2023,11140,마포구,F,total,40-44,14395
2023,11150,양천구,F,unmarried,20-24,10335
2023,11150,양천구,M,total,20-24,10798
2023,11150,양천구,M,unmarried,20-24,10782
2023,11150,양천구,F,total,20-24,10398
2023,11150,양천구,F,unmarried,25-29,12698
2023,11150,양천구,M,total,25-29,13369
2023,11150,양천구,M,unmarried,25-29,12923
2023,11150,양천구,F,total,25-29,13578
2023,11150,양천구,F,unmarried,30-34,8649
2023,11150,양천구,M,total,30-34,13309
2023,11150,양천구,M,unmarried,30-34,10643
2023,11150,양천구,F,total,30-34,12860
2023,11150,양천구,F,unmarried,35-39,4398
2023,11150,양천구,M,total,35-39,11953
2023,11150,양천구,M,unmarried,35-39,5832
2023,11150,양천구,F,total,35-39,12403
2023,11150,양천구,F,unmarried,40-44,3368
2023,11150,양천구,M,total,40-44,16198
2023,11150,양천구,M,unmarried,40-44,4554
2023,11150,양천구,F,total,40-44,17661
2023,11160,강서구,F,unmarried,20-24,14367
2023,11160,강서구,M,total,20-24,12259
2023,11160,강서구,M,unmarried,20-24,12217
2023,11160,강서구,F,total,20-24,14479
2023,11160,강서구,F,unmarried,25-29,25255
2023,11160,강서구,M,total,25-29,21473
2023,11160,강서구,M,unmarried,25-29,20737
2023,11160,강서구,F,total,25-29,26831
2023,11160,강서구,F,unmarried,30-34,18777
2023,11160,강서구,M,total,30-34,25576
2023,11160,강서구,M,unmarried,30-34,20650
2023,11160,강서구,F,total,30-34,26395
2023,11160,강서구,F,unmarried,35-39,8667
2023,11160,강서구,M,total,35-39,21008
2023,11160,강서구,M,unmarried,35-39,11238
2023,11160,강서구,F,total,35-39,20100
2023,11160,강서구,F,unmarried,40-44,6023
2023,11160,강서구,M,total,40-44,22348
2023,11160,강서구,M,unmarried,40-44,8177
2023,11160,강서구,F,total,40-44,21559
2023,11170,구로구,F,unmarried,20-24,9751
2023,11170,구로구,M,total,20-24,9019
2023,11170,구로구,M,unmarried,20-24,8994
2023,11170,구로구,F,total,20-24,9810
2023,11170,구로구,F,unmarried,25-29,14403
2023,11170,구로구,M,total,25-29,14437
2023,11170,구로구,M,unmarried,25-29,13928
2023,11170,구로구,F,total,25-29,15390
2023,11170,구로구,F,unmarried,30-34,10177
2023,11170,구로구,M,total,30-34,16045
2023,11170,구로구,M,unmarried,30-34,12596
2023,11170,구로구,F,total,30-34,15767
2023,11170,구로구,F,unmarried,35-39,4996
2023,11170,구로구,M,total,35-39,14322
2023,11170,구로구,M,unmarried,35-39,7244
2023,11170,구로구,F,total,35-39,13137
2023,11170,구로구,F,unmarried,40-44,3809
2023,11170,구로구,M,total,40-44,15155
2023,11170,구로구,M,unmarried,40-44,5387
2023,11170,구로구,F,total,40-44,14223
2023,11180,금천구,F,unmarried,20-24,5776
2023,11180,금천구,M,total,20-24,5110
2023,11180,금천구,M,unmarried,20-24,5091
2023,11180,금천구,F,total,20-24,5833
2023,11180,금천구,F,unmarried,25-29,10945
2023,11180,금천구,M,total,25-29,11219
2023,11180,금천구,M,unmarried,25-29,10797
2023,11180,금천구,F,total,25-29,11707
2023,11180,금천구,F,unmarried,30-34,7110
2023,11180,금천구,M,total,30-34,11979
2023,11180,금천구,M,unmarried,30-34,9993
2023,11180,금천구,F,total,30-34,9795
2023,11180,금천구,F,unmarried,35-39,3130
2023,11180,금천구,M,total,35-39,8385
2023,11180,금천구,M,unmarried,35-39,5193
2023,11180,금천구,F,total,35-39,6695
2023,11180,금천구,F,unmarried,40-44,2169
2023,11180,금천구,M,total,40-44,8112
2023,11180,금천구,M,unmarried,40-44,3858
2023,11180,금천구,F,total,40-44,6673
2023,11190,영등포구,F,unmarried,20-24,9675
2023,11190,영등포구,M,total,20-24,7836
2023,11190,영등포구,M,unmarried,20-24,7818
2023,11190,영등포구,F,total,20-24,9722
2023,11190,영등포구,F,unmarried,25-29,18631
2023,11190,영등포구,M,total,25-29,16430
2023,11190,영등포구,M,unmarried,25-29,15971
2023,11190,영등포구,F,total,25-29,19670
2023,11190,영등포구,F,unmarried,30-34,13253
2023,11190,영등포구,M,total,30-34,19194
2023,11190,영등포구,M,unmarried,30-34,15422
2023,11190,영등포구,F,total,30-34,19094
2023,11190,영등포구,F,unmarried,35-39,5797
2023,11190,영등포구,M,total,35-39,15380
2023,11190,영등포구,M,unmarried,35-39,7749
2023,11190,영등포구,F,total,35-39,14272
2023,11190,영등포구,F,unmarried,40-44,3855
2023,11190,영등포구,M,total,40-44,14455
2023,11190,영등포구,M,unmarried,40-44,4992
2023,11190,영등포구,F,total,40-44,13316
2023,11200,동작구,F,unmarried,20-24,14177
2023,11200,동작구,M,total,20-24,12823
2023,11200,동작구,M,unmarried,20-24,12805
2023,11200,동작구,F,total,20-24,14223
2023,11200,동작구,F,unmarried,25-29,18028
2023,11200,동작구,M,total,25-29,18603
2023,11200,동작구,M,unmarried,25-29,18211
2023,11200,동작구,F,total,25-29,18819
2023,11200,동작구,F,unmarried,30-34,11381
2023,11200,동작구,M,total,30-34,16355
2023,11200,동작구,M,unmarried,30-34,13720
2023,11200,동작구,F,total,30-34,15657
2023,11200,동작구,F,unmarried,35-39,5318
2023,11200,동작구,M,total,35-39,12900
2023,11200,동작구,M,unmarried,35-39,6978
2023,11200,동작구,F,total,35-39,12490
2023,11200,동작구,F,unmarried,40-44,3819
2023,11200,동작구,M,total,40-44,13736
2023,11200,동작구,M,unmarried,40-44,4891
2023,11200,동작구,F,total,40-44,13219
2023,11210,관악구,F,unmarried,20-24,19529
2023,11210,관악구,M,total,20-24,16103
2023,11210,관악구,M,unmarried,20-24,16059
2023,11210,관악구,F,total,20-24,19634
2023,11210,관악구,F,unmarried,25-29,34270
2023,11210,관악구,M,total,25-29,36051
2023,11210,관악구,M,unmarried,25-29,35377
2023,11210,관악구,F,total,25-29,35507
2023,11210,관악구,F,unmarried,30-34,19140
2023,11210,관악구,M,total,30-34,30299
2023,11210,관악구,M,unmarried,30-34,27079
2023,11210,관악구,F,total,30-34,23662
2023,11210,관악구,F,unmarried,35-39,8000
2023,11210,관악구,M,total,35-39,17840
2023,11210,관악구,M,unmarried,35-39,12396
2023,11210,관악구,F,total,35-39,14225
2023,11210,관악구,F,unmarried,40-44,5440
2023,11210,관악구,M,total,40-44,16979
2023,11210,관악구,M,unmarried,40-44,8991
2023,11210,관악구,F,total,40-44,13992
2023,11220,서초구,F,unmarried,20-24,9958
2023,11220,서초구,M,total,20-24,9116
2023,11220,서초구,M,unmarried,20-24,9107
2023,11220,서초구,F,total,20-24,9978
2023,11220,서초구,F,unmarried,25-29,12653
2023,11220,서초구,M,total,25-29,11897
2023,11220,서초구,M,unmarried,25-29,11599
2023,11220,서초구,F,total,25-29,13304
2023,11220,서초구,F,unmarried,30-34,9803
2023,11220,서초구,M,total,30-34,12757
2023,11220,서초구,M,unmarried,30-34,10387
2023,11220,서초구,F,total,30-34,13987
2023,11220,서초구,F,unmarried,35-39,5435
2023,11220,서초구,M,total,35-39,11800
2023,11220,서초구,M,unmarried,35-39,5688
2023,11220,서초구,F,total,35-39,14002
2023,11220,서초구,F,unmarried,40-44,4082
2023,11220,서초구,M,total,40-44,15349
2023,11220,서초구,M,unmarried,40-44,3816
2023,11220,서초구,F,total,40-44,18007
2023,11230,강남구,F,unmarried,20-24,12292
2023,11230,강남구,M,total,20-24,11604
2023,11230,강남구,M,unmarried,20-24,11589
2023,11230,강남구,F,total,20-24,12324
2023,11230,강남구,F,unmarried,25-29,17984
2023,11230,강남구,M,total,25-29,16071
2023,11230,강남구,M,unmarried,25-29,15658
2023,11230,강남구,F,total,25-29,18925
2023,11230,강남구,F,unmarried,30-34,14268
2023,11230,강남구,M,total,30-34,18174
2023,11230,강남구,M,unmarried,30-34,14955
2023,11230,강남구,F,total,30-34,19499
2023,11230,강남구,F,unmarried,35-39,8393
2023,11230,강남구,M,total,35-39,15814
2023,11230,강남구,M,unmarried,35-39,8425
2023,11230,강남구,F,total,35-39,18762
2023,11230,강남구,F,unmarried,40-44,6466
2023,11230,강남구,M,total,40-44,20366
2023,11230,강남구,M,unmarried,40-44,5966
2023,11230,강남구,F,total,40-44,24867
2023,11240,송파구,F,unmarried,20-24,15653
2023,11240,송파구,M,total,20-24,14952
2023,11240,송파구,M,unmarried,20-24,14926
2023,11240,송파구,F,total,20-24,15725
2023,11240,송파구,F,unmarried,25-29,24394
2023,11240,송파구,M,total,25-29,21882
2023,11240,송파구,M,unmarried,25-29,21246
2023,11240,송파구,F,total,25-29,25795
2023,11240,송파구,F,unmarried,30-34,18660
2023,11240,송파구,M,total,30-34,24943
2023,11240,송파구,M,unmarried,30-34,19833
2023,11240,송파구,F,total,30-34,27077
2023,11240,송파구,F,unmarried,35-39,9555
2023,11240,송파구,M,total,35-39,22644
2023,11240,송파구,M,unmarried,35-39,10813
2023,11240,송파구,F,total,35-39,24418
2023,11240,송파구,F,unmarried,40-44,6861
2023,11240,송파구,M,total,40-44,25867
2023,11240,송파구,M,unmarried,40-44,7356
2023,11240,송파구,F,total,40-44,27658
2023,11250,강동구,F,unmarried,20-24,10243
2023,11250,강동구,M,total,20-24,10132
2023,11250,강동구,M,unmarried,20-24,10105
2023,11250,강동구,F,total,20-24,10301
2023,11250,강동구,F,unmarried,25-29,15677
2023,11250,강동구,M,total,25-29,15088
2023,11250,강동구,M,unmarried,25-29,14520
2023,11250,강동구,F,total,25-29,16873
2023,11250,강동구,F,unmarried,30-34,10865
2023,11250,강동구,M,total,30-34,16765
2023,11250,강동구,M,unmarried,30-34,12864
2023,11250,강동구,F,total,30-34,17083
2023,11250,강동구,F,unmarried,35-39,5521
2023,11250,강동구,M,total,35-39,15821
2023,11250,강동구,M,unmarried,35-39,7283
2023,11250,강동구,F,total,35-39,15968
2023,11250,강동구,F,unmarried,40-44,4306
2023,11250,강동구,M,total,40-44,18707
2023,11250,강동구,M,unmarried,40-44,5606
2023,11250,강동구,F,total,40-44,19103
2023,21,부산광역시,F,unmarried,20-24,83538
2023,21,부산광역시,M,total,20-24,89982
2023,21,부산광역시,M,unmarried,20-24,89704
2023,21,부산광역시,F,total,20-24,84270
2023,21,부산광역시,F,unmarried,25-29,87655
2023,21,부산광역시,M,total,25-29,103581
2023,21,부산광역시,M,unmarried,25-29,99387
2023,21,부산광역시,F,total,25-29,96674
2023,21,부산광역시,F,unmarried,30-34,56019
2023,21,부산광역시,M,total,30-34,102257
2023,21,부산광역시,M,unmarried,30-34,77857
2023,21,부산광역시,F,total,30-34,94176
2023,21,부산광역시,F,unmarried,35-39,27812
2023,21,부산광역시,M,total,35-39,93001
2023,21,부산광역시,M,unmarried,35-39,43946
2023,21,부산광역시,F,total,35-39,88659
2023,21,부산광역시,F,unmarried,40-44,24135
2023,21,부산광역시,M,total,40-44,122194
2023,21,부산광역시,M,unmarried,40-44,39979
2023,21,부산광역시,F,total,40-44,119152
2023,21003,동부,F,unmarried,20-24,80612
2023,21003,동부,M,total,20-24,86327
2023,21003,동부,M,unmarried,20-24,86073
2023,21003,동부,F,total,20-24,81283
2023,21003,동부,F,unmarried,25-29,84471
2023,21003,동부,M,total,25-29,99159
2023,21003,동부,M,unmarried,25-29,95306
2023,21003,동부,F,total,25-29,92810
2023,21003,동부,F,unmarried,30-34,53973
2023,21003,동부,M,total,30-34,97127
2023,21003,동부,M,unmarried,30-34,74496
2023,21003,동부,F,total,30-34,89427
2023,21003,동부,F,unmarried,35-39,26713
2023,21003,동부,M,total,35-39,87270
2023,21003,동부,M,unmarried,35-39,42042
2023,21003,동부,F,total,35-39,82704
2023,21003,동부,F,unmarried,40-44,23066
2023,21003,동부,M,total,40-44,113516
2023,21003,동부,M,unmarried,40-44,38057
2023,21003,동부,F,total,40-44,110459
2023,21004,읍부,F,unmarried,20-24,2858
2023,21004,읍부,M,total,20-24,3508
2023,21004,읍부,M,unmarried,20-24,3485
2023,21004,읍부,F,total,20-24,2918
2023,21004,읍부,F,unmarried,25-29,3067
2023,21004,읍부,M,total,25-29,4243
2023,21004,읍부,M,unmarried,25-29,3905
2023,21004,읍부,F,total,25-29,3741
2023,21004,읍부,F,unmarried,30-34,1969
2023,21004,읍부,M,total,30-34,4965
2023,21004,읍부,M,unmarried,30-34,3205
2023,21004,읍부,F,total,30-34,4635
2023,21004,읍부,F,unmarried,35-39,1052
2023,21004,읍부,M,total,35-39,5587
2023,21004,읍부,M,unmarried,35-39,1817
2023,21004,읍부,F,total,35-39,5841
2023,21004,읍부,F,unmarried,40-44,1023
2023,21004,읍부,M,total,40-44,8478
2023,21004,읍부,M,unmarried,40-44,1836
2023,21004,읍부,F,total,40-44,8501
2023,21005,면부,F,unmarried,20-24,68
2023,21005,면부,M,total,20-24,147
2023,21005,면부,M,unmarried,20-24,146
2023,21005,면부,F,total,20-24,69
2023,21005,면부,F,unmarried,25-29,117
2023,21005,면부,M,total,25-29,179
2023,21005,면부,M,unmarried,25-29,176
2023,21005,면부,F,total,25-29,123
2023,21005,면부,F,unmarried,30-34,77
2023,21005,면부,M,total,30-34,165
2023,21005,면부,M,unmarried,30-34,156
2023,21005,면부,F,total,30-34,114
2023,21005,면부,F,unmarried,35-39,47
2023,21005,면부,M,total,35-39,144
2023,21005,면부,M,unmarried,35-39,87
2023,21005,면부,F,total,35-39,114
2023,21005,면부,F,unmarried,40-44,46
2023,21005,면부,M,total,40-44,200
2023,21005,면부,M,unmarried,40-44,86
2023,21005,면부,F,total,40-44,192
2023,21010,중구,F,unmarried,20-24,1167
2023,21010,중구,M,total,20-24,931
2023,21010,중구,M,unmarried,20-24,928
2023,21010,중구,F,total,20-24,1170
2023,21010,중구,F,unmarried,25-29,1462
2023,21010,중구,M,total,25-29,1549
2023,21010,중구,M,unmarried,25-29,1505
2023,21010,중구,F,total,25-29,1552
2023,21010,중구,F,unmarried,30-34,914
2023,21010,중구,M,total,30-34,1342
2023,21010,중구,M,unmarried,30-34,1197
2023,21010,중구,F,total,30-34,1116
2023,21010,중구,F,unmarried,35-39,452
2023,21010,중구,M,total,35-39,861
2023,21010,중구,M,unmarried,35-39,610
2023,21010,중구,F,total,35-39,783
2023,21010,중구,F,unmarried,40-44,376
2023,21010,중구,M,total,40-44,1135
2023,21010,중구,M,unmarried,40-44,627
2023,21010,중구,F,total,40-44,925
2023,21020,서구,F,unmarried,20-24,3068
2023,21020,서구,M,total,20-24,2736
2023,21020,서구,M,unmarried,20-24,2729
2023,21020,서구,F,total,20-24,3092
2023,21020,서구,F,unmarried,25-29,3022
2023,21020,서구,M,total,25-29,3060
2023,21020,서구,M,unmarried,25-29,2963
2023,21020,서구,F,total,25-29,3221
2023,21020,서구,F,unmarried,30-34,1613
2023,21020,서구,M,total,30-34,2774
2023,21020,서구,M,unmarried,30-34,2164
2023,21020,서구,F,total,30-34,2560
2023,21020,서구,F,unmarried,35-39,815
2023,21020,서구,M,total,35-39,2374
2023,21020,서구,M,unmarried,35-39,1197
2023,21020,서구,F,total,35-39,2308
2023,21020,서구,F,unmarried,40-44,787
2023,21020,서구,M,total,40-44,3383
2023,21020,서구,M,unmarried,40-44,1297
2023,21020,서구,F,total,40-44,3199
2023,21030,동구,F,unmarried,20-24,1758
2023,21030,동구,M,total,20-24,1682
2023,21030,동구,M,unmarried,20-24,1677
2023,21030,동구,F,total,20-24,1784
2023,21030,동구,F,unmarried,25-29,2563
2023,21030,동구,M,total,25-29,2662
2023,21030,동구,M,unmarried,25-29,2542
2023,21030,동구,F,total,25-29,2815
2023,21030,동구,F,unmarried,30-34,1750
2023,21030,동구,M,total,30-34,3059
2023,21030,동구,M,unmarried,30-34,2361
2023,21030,동구,F,total,30-34,2827
2023,21030,동구,F,unmarried,35-39,879
2023,21030,동구,M,total,35-39,2542
2023,21030,동구,M,unmarried,35-39,1352
2023,21030,동구,F,total,35-39,2238
2023,21030,동구,F,unmarried,40-44,753
2023,21030,동구,M,total,40-44,3044
2023,21030,동구,M,unmarried,40-44,1363
2023,21030,동구,F,total,40-44,2509
2023,21040,영도구,F,unmarried,20-24,2677
2023,21040,영도구,M,total,20-24,4218
2023,21040,영도구,M,unmarried,20-24,4211
2023,21040,영도구,F,total,20-24,2707
2023,21040,영도구,F,unmarried,25-29,2071
2023,21040,영도구,M,total,25-29,2956
2023,21040,영도구,M,unmarried,25-29,2823
2023,21040,영도구,F,total,25-29,2295
2023,21040,영도구,F,unmarried,30-34,1349
2023,21040,영도구,M,total,30-34,2627
2023,21040,영도구,M,unmarried,30-34,2149
2023,21040,영도구,F,total,30-34,2162
2023,21040,영도구,F,unmarried,35-39,791
2023,21040,영도구,M,total,35-39,2425
2023,21040,영도구,M,unmarried,35-39,1389
2023,21040,영도구,F,total,35-39,2045
2023,21040,영도구,F,unmarried,40-44,864
2023,21040,영도구,M,total,40-44,3357
2023,21040,영도구,M,unmarried,40-44,1515
2023,21040,영도구,F,total,40-44,3075
2023,21050,부산진구,F,unmarried,20-24,11686
2023,21050,부산진구,M,total,20-24,10421
2023,21050,부산진구,M,unmarried,20-24,10385
2023,21050,부산진구,F,total,20-24,11781
2023,21050,부산진구,F,unmarried,25-29,13356
2023,21050,부산진구,M,total,25-29,13255
2023,21050,부산진구,M,unmarried,25-29,12725
2023,21050,부산진구,F,total,25-29,14558
2023,21050,부산진구,F,unmarried,30-34,8364
2023,21050,부산진구,M,total,30-34,13484
2023,21050,부산진구,M,unmarried,30-34,10346
2023,21050,부산진구,F,total,30-34,13165
2023,21050,부산진구,F,unmarried,35-39,4001
2023,21050,부산진구,M,total,35-39,11227
2023,21050,부산진구,M,unmarried,35-39,5690
2023,21050,부산진구,F,total,35-39,10546
2023,21050,부산진구,F,unmarried,40-44,3166
2023,21050,부산진구,M,total,40-44,12681
2023,21050,부산진구,M,unmarried,40-44,4716
2023,21050,부산진구,F,total,40-44,12176
2023,21060,동래구,F,unmarried,20-24,5611
2023,21060,동래구,M,total,20-24,6305
2023,21060,동래구,M,unmarried,20-24,6298
2023,21060,동래구,F,total,20-24,5650
2023,21060,동래구,F,unmarried,25-29,6577
2023,21060,동래구,M,total,25-29,7340
2023,21060,동래구,M,unmarried,25-29,7059
2023,21060,동래구,F,total,25-29,7209
2023,21060,동래구,F,unmarried,30-34,4317
2023,21060,동래구,M,total,30-34,7735
2023,21060,동래구,M,unmarried,30-34,5838
2023,21060,동래구,F,total,30-34,7426
2023,21060,동래구,F,unmarried,35-39,2134
2023,21060,동래구,M,total,35-39,7680
2023,21060,동래구,M,unmarried,35-39,3296
2023,21060,동래구,F,total,35-39,7690
2023,21060,동래구,F,unmarried,40-44,1956
2023,21060,동래구,M,total,40-44,10674
2023,21060,동래구,M,unmarried,40-44,2905
2023,21060,동래구,F,total,40-44,11076
2023,21070,남구,F,unmarried,20-24,9260
2023,21070,남구,M,total,20-24,9393
2023,21070,남구,M,unmarried,20-24,9373
2023,21070,남구,F,total,20-24,9304
2023,21070,남구,F,unmarried,25-29,6257
2023,21070,남구,M,total,25-29,8487
2023,21070,남구,M,unmarried,25-29,8246
2023,21070,남구,F,total,25-29,6765
2023,21070,남구,F,unmarried,30-34,3839
2023,21070,남구,M,total,30-34,6907
2023,21070,남구,M,unmarried,30-34,5466
2023,21070,남구,F,total,30-34,6153
2023,21070,남구,F,unmarried,35-39,1953
2023,21070,남구,M,total,35-39,6308
2023,21070,남구,M,unmarried,35-39,3131
2023,21070,남구,F,total,35-39,6095
2023,21070,남구,F,unmarried,40-44,1740
2023,21070,남구,M,total,40-44,9089
2023,21070,남구,M,unmarried,40-44,2976
2023,21070,남구,F,total,40-44,9151
2023,21080,북구,F,unmarried,20-24,5852
2023,21080,북구,M,total,20-24,7054
2023,21080,북구,M,unmarried,20-24,7030
2023,21080,북구,F,total,20-24,5904
2023,21080,북구,F,unmarried,25-29,6767
2023,21080,북구,M,total,25-29,8647
2023,21080,북구,M,unmarried,25-29,8269
2023,21080,북구,F,total,25-29,7666
2023,21080,북구,F,unmarried,30-34,4381
2023,21080,북구,M,total,30-34,8981
2023,21080,북구,M,unmarried,30-34,6490
2023,21080,북구,F,total,30-34,7963
2023,21080,북구,F,unmarried,35-39,2075
2023,21080,북구,M,total,35-39,7734
2023,21080,북구,M,unmarried,35-39,3456
2023,21080,북구,F,total,35-39,7085
2023,21080,북구,F,unmarried,40-44,1650
2023,21080,북구,M,total,40-44,9389
2023,21080,북구,M,unmarried,40-44,3073
2023,21080,북구,F,total,40-44,8985
2023,21090,해운대구,F,unmarried,20-24,7552
2023,21090,해운대구,M,total,20-24,9120
2023,21090,해운대구,M,unmarried,20-24,9099
2023,21090,해운대구,F,total,20-24,7601
2023,21090,해운대구,F,unmarried,25-29,9022
2023,21090,해운대구,M,total,25-29,10269
2023,21090,해운대구,M,unmarried,25-29,9894
2023,21090,해운대구,F,total,25-29,9855
2023,21090,해운대구,F,unmarried,30-34,5886
2023,21090,해운대구,M,total,30-34,10042
2023,21090,해운대구,M,unmarried,30-34,7779
2023,21090,해운대구,F,total,30-34,9814
2023,21090,해운대구,F,unmarried,35-39,3115
2023,21090,해운대구,M,total,35-39,9690
2023,21090,해운대구,M,unmarried,35-39,4361
2023,21090,해운대구,F,total,35-39,10152
2023,21090,해운대구,F,unmarried,40-44,2789
2023,21090,해운대구,M,total,40-44,13477
2023,21090,해운대구,M,unmarried,40-44,3762
2023,21090,해운대구,F,total,40-44,14799
2023,21100,사하구,F,unmarried,20-24,7447
2023,21100,사하구,M,total,20-24,8732
2023,21100,사하구,M,unmarried,20-24,8694
2023,21100,사하구,F,total,20-24,7542
2023,21100,사하구,F,unmarried,25-29,7152
2023,21100,사하구,M,total,25-29,9464
2023,21100,사하구,M,unmarried,25-29,9049
2023,21100,사하구,F,total,25-29,8018
2023,21100,사하구,F,unmarried,30-34,4359
2023,21100,사하구,M,total,30-34,8794
2023,21100,사하구,M,unmarried,30-34,6615
2023,21100,사하구,F,total,30-34,7643
2023,21100,사하구,F,unmarried,35-39,2234
2023,21100,사하구,M,total,35-39,8145
2023,21100,사하구,M,unmarried,35-39,4092
2023,21100,사하구,F,total,35-39,7175
2023,21100,사하구,F,unmarried,40-44,1928
2023,21100,사하구,M,total,40-44,11020
2023,21100,사하구,M,unmarried,40-44,4033
2023,21100,사하구,F,total,40-44,10030
2023,21110,금정구,F,unmarried,20-24,8268
2023,21110,금정구,M,total,20-24,8745
2023,21110,금정구,M,unmarried,20-24,8734
2023,21110,금정구,F,total,20-24,8301
2023,21110,금정구,F,unmarried,25-29,5755
2023,21110,금정구,M,total,25-29,8359
2023,21110,금정구,M,unmarried,25-29,8161
2023,21110,금정구,F,total,25-29,6142
2023,21110,금정구,F,unmarried,30-34,3452
2023,21110,금정구,M,total,30-34,6238
2023,21110,금정구,M,unmarried,30-34,5158
2023,21110,금정구,F,total,30-34,5140
2023,21110,금정구,F,unmarried,35-39,1773
2023,21110,금정구,M,total,35-39,5199
2023,21110,금정구,M,unmarried,35-39,2882
2023,21110,금정구,F,total,35-39,4719
2023,21110,금정구,F,unmarried,40-44,1544
2023,21110,금정구,M,total,40-44,6823
2023,21110,금정구,M,unmarried,40-44,2620
2023,21110,금정구,F,total,40-44,6827
2023,21120,강서구,F,unmarried,20-24,1754
2023,21120,강서구,M,total,20-24,2219
2023,21120,강서구,M,unmarried,20-24,2205
2023,21120,강서구,F,total,20-24,1794
2023,21120,강서구,F,unmarried,25-29,2356
2023,21120,강서구,M,total,25-29,3593
2023,21120,강서구,M,unmarried,25-29,3333
2023,21120,강서구,F,total,25-29,2918
2023,21120,강서구,F,unmarried,30-34,1738
2023,21120,강서구,M,total,30-34,5131
2023,21120,강서구,M,unmarried,30-34,3195
2023,21120,강서구,F,total,30-34,4859
2023,21120,강서구,F,unmarried,35-39,851
2023,21120,강서구,M,total,35-39,6465
2023,21120,강서구,M,unmarried,35-39,1975
2023,21120,강서구,F,total,35-39,6437
2023,21120,강서구,F,unmarried,40-44,641
2023,21120,강서구,M,total,40-44,8962
2023,21120,강서구,M,unmarried,40-44,1610
2023,21120,강서구,F,total,40-44,7809
2023,21130,연제구,F,unmarried,20-24,4602
2023,21130,연제구,M,total,20-24,4888
2023,21130,연제구,M,unmarried,20-24,4869
2023,21130,연제구,F,total,20-24,4647
2023,21130,연제구,F,unmarried,25-29,5797
2023,21130,연제구,M,total,25-29,5971
2023,21130,연제구,M,unmarried,25-29,5740
2023,21130,연제구,F,total,25-29,6389
2023,21130,연제구,F,unmarried,30-34,3933
2023,21130,연제구,M,total,30-34,6513
2023,21130,연제구,M,unmarried,30-34,4867
2023,21130,연제구,F,total,30-34,6474
2023,21130,연제구,F,unmarried,35-39,1917
2023,21130,연제구,M,total,35-39,5889
2023,21130,연제구,M,unmarried,35-39,2762
2023,21130,연제구,F,total,35-39,5722
2023,21130,연제구,F,unmarried,40-44,1729
2023,21130,연제구,M,total,40-44,7546
2023,21130,연제구,M,unmarried,40-44,2413
2023,21130,연제구,F,total,40-44,7641
2023,21140,수영구,F,unmarried,20-24,4058
2023,21140,수영구,M,total,20-24,3689
2023,21140,수영구,M,unmarried,20-24,3667
2023,21140,수영구,F,total,20-24,4099
2023,21140,수영구,F,unmarried,25-29,6451
2023,21140,수영구,M,total,25-29,6154
2023,21140,수영구,M,unmarried,25-29,5917
2023,21140,수영구,F,total,25-29,6927
2023,21140,수영구,F,unmarried,30-34,4344
2023,21140,수영구,M,total,30-34,6358
2023,21140,수영구,M,unmarried,30-34,5178
2023,21140,수영구,F,total,30-34,6223
2023,21140,수영구,F,unmarried,35-39,2049
2023,21140,수영구,M,total,35-39,5048
2023,21140,수영구,M,unmarried,35-39,2651
2023,21140,수영구,F,total,35-39,4976
2023,21140,수영구,F,unmarried,40-44,1707
2023,21140,수영구,M,total,40-44,5953
2023,21140,수영구,M,unmarried,40-44,2263
2023,21140,수영구,F,total,40-44,6052
2023,21150,사상구,F,unmarried,20-24,5852
2023,21150,사상구,M,total,20-24,6194
2023,21150,사상구,M,unmarried,20-24,6174
2023,21150,사상구,F,total,20-24,5907
2023,21150,사상구,F,unmarried,25-29,5863
2023,21150,사상구,M,total,25-29,7393
2023,21150,사상구,M,unmarried,25-29,7080
2023,21150,사상구,F,total,25-29,6480
2023,21150,사상구,F,unmarried,30-34,3734
2023,21150,사상구,M,total,30-34,7142
2023,21150,사상구,M,unmarried,30-34,5693
2023,21150,사상구,F,total,30-34,5902
2023,21150,사상구,F,unmarried,35-39,1674
2023,21150,사상구,M,total,35-39,5683
2023,21150,사상구,M,unmarried,35-39,3198
2023,21150,사상구,F,total,35-39,4733
2023,21150,사상구,F,unmarried,40-44,1436
2023,21150,사상구,M,total,40-44,6983
2023,21150,사상구,M,unmarried,40-44,2884
2023,21150,사상구,F,total,40-44,6205
2023,21510,기장군,F,unmarried,20-24,2926
2023,21510,기장군,M,total,20-24,3655
2023,21510,기장군,M,unmarried,20-24,3631
2023,21510,기장군,F,total,20-24,2987
2023,21510,기장군,F,unmarried,25-29,3184
2023,21510,기장군,M,total,25-29,4422
2023,21510,기장군,M,unmarried,25-29,4081
2023,21510,기장군,F,total,25-29,3864
2023,21510,기장군,F,unmarried,30-34,2046
2023,21510,기장군,M,total,30-34,5130
2023,21510,기장군,M,unmarried,30-34,3361
2023,21510,기장군,F,total,30-34,4749
2023,21510,기장군,F,unmarried,35-39,1099
2023,21510,기장군,M,total,35-39,5731
2023,21510,기장군,M,unmarried,35-39,1904
2023,21510,기장군,F,total,35-39,5955
2023,21510,기장군,F,unmarried,40-44,1069
2023,21510,기장군,M,total,40-44,8678
2023,21510,기장군,M,unmarried,40-44,1922
2023,21510,기장군,F,total,40-44,8693
2023,22,대구광역시,F,unmarried,20-24,60665
2023,22,대구광역시,M,total,20-24,69849
2023,22,대구광역시,M,unmarried,20-24,69619
2023,22,대구광역시,F,total,20-24,61252
2023,22,대구광역시,F,unmarried,25-29,61462
2023,22,대구광역시,M,total,25-29,77532
2023,22,대구광역시,M,unmarried,25-29,74078
2023,22,대구광역시,F,total,25-29,69182
2023,22,대구광역시,F,unmarried,30-34,35777
2023,22,대구광역시,M,total,30-34,76636
2023,22,대구광역시,M,unmarried,30-34,57101
2023,22,대구광역시,F,total,30-34,65603
2023,22,대구광역시,F,unmarried,35-39,16189
2023,22,대구광역시,M,total,35-39,69092
2023,22,대구광역시,M,unmarried,35-39,31008
2023,22,대구광역시,F,total,35-39,62064
2023,22,대구광역시,F,unmarried,40-44,14186
2023,22,대구광역시,M,total,40-44,86060
2023,22,대구광역시,M,unmarried,40-44,25035
2023,22,대구광역시,F,total,40-44,87547
2023,22003,동부,F,unmarried,20-24,56033
2023,22003,동부,M,total,20-24,63397
2023,22003,동부,M,unmarried,20-24,63204
2023,22003,동부,F,total,20-24,56532
2023,22003,동부,F,unmarried,25-29,56433
2023,22003,동부,M,total,25-29,69357
2023,22003,동부,M,unmarried,25-29,66497
2023,22003,동부,F,total,25-29,62789
2023,22003,동부,F,unmarried,30-34,32616
2023,22003,동부,M,total,30-34,67057
2023,22003,동부,M,unmarried,30-34,50937
2023,22003,동부,F,total,30-34,57247
2023,22003,동부,F,unmarried,35-39,14769
2023,22003,동부,M,total,35-39,58605
2023,22003,동부,M,unmarried,35-39,27276
2023,22003,동부,F,total,35-39,52770
2023,22003,동부,F,unmarried,40-44,12966
2023,22003,동부,M,total,40-44,73163
2023,22003,동부,M,unmarried,40-44,22101
2023,22003,동부,F,total,40-44,75297
2023,22004,읍부,F,unmarried,20-24,4253
2023,22004,읍부,M,total,20-24,5809
2023,22004,읍부,M,unmarried,20-24,5778
2023,22004,읍부,F,total,20-24,4320
2023,22004,읍부,F,unmarried,25-29,4560
2023,22004,읍부,M,total,25-29,7140
2023,22004,읍부,M,unmarried,25-29,6646
2023,22004,읍부,F,total,25-29,5693
2023,22004,읍부,F,unmarried,30-34,2819
2023,22004,읍부,M,total,30-34,8138
2023,22004,읍부,M,unmarried,30-34,5264
2023,22004,읍부,F,total,30-34,7265
2023,22004,읍부,F,unmarried,35-39,1211
2023,22004,읍부,M,total,35-39,9011
2023,22004,읍부,M,unmarried,35-39,3136
2023,22004,읍부,F,total,35-39,8121
2023,22004,읍부,F,unmarried,40-44,1035
2023,22004,읍부,M,total,40-44,11301
2023,22004,읍부,M,unmarried,40-44,2464
2023,22004,읍부,F,total,40-44,10939
2023,22005,면부,F,unmarried,20-24,379
2023,22005,면부,M,total,20-24,643
2023,22005,면부,M,unmarried,20-24,637
2023,22005,면부,F,total,20-24,400
2023,22005,면부,F,unmarried,25-29,469
2023,22005,면부,M,total,25-29,1035
2023,22005,면부,M,unmarried,25-29,935
2023,22005,면부,F,total,25-29,700
2023,22005,면부,F,unmarried,30-34,342
2023,22005,면부,M,total,30-34,1441
2023,22005,면부,M,unmarried,30-34,900
2023,22005,면부,F,total,30-34,1091
2023,22005,면부,F,unmarried,35-39,209
2023,22005,면부,M,total,35-39,1476
2023,22005,면부,M,unmarried,35-39,596
2023,22005,면부,F,total,35-39,1173
2023,22005,면부,F,unmarried,40-44,185
2023,22005,면부,M,total,40-44,1596
2023,22005,면부,M,unmarried,40-44,470
2023,22005,면부,F,total,40-44,1311
2023,22010,중구,F,unmarried,20-24,2705
2023,22010,중구,M,total,20-24,2329
2023,22010,중구,M,unmarried,20-24,2321
2023,22010,중구,F,total,20-24,2716
2023,22010,중구,F,unmarried,25-29,3385
2023,22010,중구,M,total,25-29,3378
2023,22010,중구,M,unmarried,25-29,3220
2023,22010,중구,F,total,25-29,3803
2023,22010,중구,F,unmarried,30-34,1976
2023,22010,중구,M,total,30-34,3767
2023,22010,중구,M,unmarried,30-34,2630
2023,22010,중구,F,total,30-34,3670
2023,22010,중구,F,unmarried,35-39,869
2023,22010,중구,M,total,35-39,3359
2023,22010,중구,M,unmarried,35-39,1356
2023,22010,중구,F,total,35-39,3047
2023,22010,중구,F,unmarried,40-44,689
2023,22010,중구,M,total,40-44,3423
2023,22010,중구,M,unmarried,40-44,1011
2023,22010,중구,F,total,40-44,3201
2023,22020,동구,F,unmarried,20-24,6866
2023,22020,동구,M,total,20-24,8023
2023,22020,동구,M,unmarried,20-24,7994
2023,22020,동구,F,total,20-24,6960
2023,22020,동구,F,unmarried,25-29,8551
2023,22020,동구,M,total,25-29,10512
2023,22020,동구,M,unmarried,25-29,9940
2023,22020,동구,F,total,25-29,9805
2023,22020,동구,F,unmarried,30-34,5413
2023,22020,동구,M,total,30-34,11898
2023,22020,동구,M,unmarried,30-34,8499
2023,22020,동구,F,total,30-34,10298
2023,22020,동구,F,unmarried,35-39,2566
2023,22020,동구,M,total,35-39,10768
2023,22020,동구,M,unmarried,35-39,4806
2023,22020,동구,F,total,35-39,9439
2023,22020,동구,F,unmarried,40-44,2292
2023,22020,동구,M,total,40-44,12808
2023,22020,동구,M,unmarried,40-44,4058
2023,22020,동구,F,total,40-44,12220
2023,22030,서구,F,unmarried,20-24,3078
2023,22030,서구,M,total,20-24,3797
2023,22030,서구,M,unmarried,20-24,3780
2023,22030,서구,F,total,20-24,3126
2023,22030,서구,F,unmarried,25-29,4087
2023,22030,서구,M,total,25-29,5258
2023,22030,서구,M,unmarried,25-29,5047
2023,22030,서구,F,total,25-29,4519
2023,22030,서구,F,unmarried,30-34,2624
2023,22030,서구,M,total,30-34,5508
2023,22030,서구,M,unmarried,30-34,4574
2023,22030,서구,F,total,30-34,4041
2023,22030,서구,F,unmarried,35-39,1274
2023,22030,서구,M,total,35-39,4293
2023,22030,서구,M,unmarried,35-39,2728
2023,22030,서구,F,total,35-39,3190
2023,22030,서구,F,unmarried,40-44,1166
2023,22030,서구,M,total,40-44,5008
2023,22030,서구,M,unmarried,40-44,2391
2023,22030,서구,F,total,40-44,4294
2023,22040,남구,F,unmarried,20-24,4459
2023,22040,남구,M,total,20-24,4174
2023,22040,남구,M,unmarried,20-24,4150
2023,22040,남구,F,total,20-24,4503
2023,22040,남구,F,unmarried,25-29,4785
2023,22040,남구,M,total,25-29,5103
2023,22040,남구,M,unmarried,25-29,4886
2023,22040,남구,F,total,25-29,5228
2023,22040,남구,F,unmarried,30-34,2720
2023,22040,남구,M,total,30-34,4830
2023,22040,남구,M,unmarried,30-34,3918
2023,22040,남구,F,total,30-34,4131
2023,22040,남구,F,unmarried,35-39,1428
2023,22040,남구,M,total,35-39,3838
2023,22040,남구,M,unmarried,35-39,2240
2023,22040,남구,F,total,35-39,3324
2023,22040,남구,F,unmarried,40-44,1398
2023,22040,남구,M,total,40-44,4386
2023,22040,남구,M,unmarried,40-44,1998
2023,22040,남구,F,total,40-44,4288
2023,22050,북구,F,unmarried,20-24,14298
2023,22050,북구,M,total,20-24,16573
2023,22050,북구,M,unmarried,20-24,16525
2023,22050,북구,F,total,20-24,14421
2023,22050,북구,F,unmarried,25-29,11527
2023,22050,북구,M,total,25-29,15817
2023,22050,북구,M,unmarried,25-29,15130
2023,22050,북구,F,total,25-29,12967
2023,22050,북구,F,unmarried,30-34,6107
2023,22050,북구,M,total,30-34,13780
2023,22050,북구,M,unmarried,30-34,10273
2023,22050,북구,F,total,30-34,11496
2023,22050,북구,F,unmarried,35-39,2589
2023,22050,북구,M,total,35-39,12382
2023,22050,북구,M,unmarried,35-39,5373
2023,22050,북구,F,total,35-39,10672
2023,22050,북구,F,unmarried,40-44,2240
2023,22050,북구,M,total,40-44,15112
2023,22050,북구,M,unmarried,40-44,4363
2023,22050,북구,F,total,40-44,15236
2023,22060,수성구,F,unmarried,20-24,9464
2023,22060,수성구,M,total,20-24,11694
2023,22060,수성구,M,unmarried,20-24,11672
2023,22060,수성구,F,total,20-24,9509
2023,22060,수성구,F,unmarried,25-29,9528
2023,22060,수성구,M,total,25-29,11243
2023,22060,수성구,M,unmarried,25-29,10916
2023,22060,수성구,F,total,25-29,10265
2023,22060,수성구,F,unmarried,30-34,5646
2023,22060,수성구,M,total,30-34,10171
2023,22060,수성구,M,unmarried,30-34,7996
2023,22060,수성구,F,total,30-34,9253
2023,22060,수성구,F,unmarried,35-39,2513
2023,22060,수성구,M,total,35-39,9296
2023,22060,수성구,M,unmarried,35-39,4024
2023,22060,수성구,F,total,35-39,9722
2023,22060,수성구,F,unmarried,40-44,2282
2023,22060,수성구,M,total,40-44,13769
2023,22060,수성구,M,unmarried,40-44,2924
2023,22060,수성구,F,total,40-44,16598
2023,22070,달서구,F,unmarried,20-24,15163
2023,22070,달서구,M,total,20-24,16807
2023,22070,달서구,M,unmarried,20-24,16762
2023,22070,달서구,F,total,20-24,15297
2023,22070,달서구,F,unmarried,25-29,14570
2023,22070,달서구,M,total,25-29,18046
2023,22070,달서구,M,unmarried,25-29,17358
2023,22070,달서구,F,total,25-29,16202
2023,22070,달서구,F,unmarried,30-34,8130
2023,22070,달서구,M,total,30-34,17103
2023,22070,달서구,M,unmarried,30-34,13047
2023,22070,달서구,F,total,30-34,14358
2023,22070,달서구,F,unmarried,35-39,3530
2023,22070,달서구,M,total,35-39,14669
2023,22070,달서구,M,unmarried,35-39,6749
2023,22070,달서구,F,total,35-39,13376
2023,22070,달서구,F,unmarried,40-44,2899
2023,22070,달서구,M,total,40-44,18657
2023,22070,달서구,M,unmarried,40-44,5356
2023,22070,달서구,F,total,40-44,19460
2023,22510,달성군,F,unmarried,20-24,4482
2023,22510,달성군,M,total,20-24,6191
2023,22510,달성군,M,unmarried,20-24,6156
2023,22510,달성군,F,total,20-24,4568
2023,22510,달성군,F,unmarried,25-29,4824
2023,22510,달성군,M,total,25-29,7817
2023,22510,달성군,M,unmarried,25-29,7237
2023,22510,달성군,F,total,25-29,6154
2023,22510,달성군,F,unmarried,30-34,3047
2023,22510,달성군,M,total,30-34,9266
2023,22510,달성군,M,unmarried,30-34,5899
2023,22510,달성군,F,total,30-34,8163
2023,22510,달성군,F,unmarried,35-39,1344
2023,22510,달성군,M,total,35-39,10162
2023,22510,달성군,M,unmarried,35-39,3523
2023,22510,달성군,F,total,35-39,9058
2023,22510,달성군,F,unmarried,40-44,1145
2023,22510,달성군,M,total,40-44,12500
2023,22510,달성군,M,unmarried,40-44,2770
2023,22510,달성군,F,total,40-44,11926
2023,22520,군위군,F,unmarried,20-24,150
2023,22520,군위군,M,total,20-24,261
2023,22520,군위군,M,unmarried,20-24,259
2023,22520,군위군,F,total,20-24,152
2023,22520,군위군,F,unmarried,25-29,205
2023,22520,군위군,M,total,25-29,358
2023,22520,군위군,M,unmarried,25-29,344
2023,22520,군위군,F,total,25-29,239
2023,22520,군위군,F,unmarried,30-34,114
2023,22520,군위군,M,total,30-34,313
2023,22520,군위군,M,unmarried,30-34,265
2023,22520,군위군,F,total,30-34,193
2023,22520,군위군,F,unmarried,35-39,76
2023,22520,군위군,M,total,35-39,325
2023,22520,군위군,M,unmarried,35-39,209
2023,22520,군위군,F,total,35-39,236
2023,22520,군위군,F,unmarried,40-44,75
2023,22520,군위군,M,total,40-44,397
2023,22520,군위군,M,unmarried,40-44,164
2023,22520,군위군,F,total,40-44,324
2023,23,인천광역시,F,unmarried,20-24,69901
2023,23,인천광역시,M,total,20-24,77579
2023,23,인천광역시,M,unmarried,20-24,77171
2023,23,인천광역시,F,total,20-24,70915
2023,23,인천광역시,F,unmarried,25-29,82949
2023,23,인천광역시,M,total,25-29,102727
2023,23,인천광역시,M,unmarried,25-29,96479
2023,23,인천광역시,F,total,25-29,94609
2023,23,인천광역시,F,unmarried,30-34,54608
2023,23,인천광역시,M,total,30-34,108633
2023,23,인천광역시,M,unmarried,30-34,79060
2023,23,인천광역시,F,total,30-34,98034
2023,23,인천광역시,F,unmarried,35-39,25733
2023,23,인천광역시,M,total,35-39,98970
2023,23,인천광역시,M,unmarried,35-39,44015
2023,23,인천광역시,F,total,35-39,91847
2023,23,인천광역시,F,unmarried,40-44,18959
2023,23,인천광역시,M,total,40-44,124101
2023,23,인천광역시,M,unmarried,40-44,35862
2023,23,인천광역시,F,total,40-44,116408
2023,23003,동부,F,unmarried,20-24,69010
2023,23003,동부,M,total,20-24,75794
2023,23003,동부,M,unmarried,20-24,75401
2023,23003,동부,F,total,20-24,69988
2023,23003,동부,F,unmarried,25-29,81996
2023,23003,동부,M,total,25-29,100672
2023,23003,동부,M,unmarried,25-29,94594
2023,23003,동부,F,total,25-29,93410
2023,23003,동부,F,unmarried,30-34,53939
2023,23003,동부,M,total,30-34,106777
2023,23003,동부,M,unmarried,30-34,77692
2023,23003,동부,F,total,30-34,96731
2023,23003,동부,F,unmarried,35-39,25327
2023,23003,동부,M,total,35-39,97321
2023,23003,동부,M,unmarried,35-39,43195
2023,23003,동부,F,total,35-39,90505
2023,23003,동부,F,unmarried,40-44,18611
2023,23003,동부,M,total,40-44,121871
2023,23003,동부,M,unmarried,40-44,35071
2023,23003,동부,F,total,40-44,114563
2023,23004,읍부,F,unmarried,20-24,338
2023,23004,읍부,M,total,20-24,445
2023,23004,읍부,M,unmarried,20-24,441
2023,23004,읍부,F,total,20-24,349
2023,23004,읍부,F,unmarried,25-29,302
2023,23004,읍부,M,total,25-29,503
2023,23004,읍부,M,unmarried,25-29,446
2023,23004,읍부,F,total,25-29,394
2023,23004,읍부,F,unmarried,30-34,208
2023,23004,읍부,M,total,30-34,490
2023,23004,읍부,M,unmarried,30-34,347
2023,23004,읍부,F,total,30-34,436
2023,23004,읍부,F,unmarried,35-39,111
2023,23004,읍부,M,total,35-39,464
2023,23004,읍부,M,unmarried,35-39,215
2023,23004,읍부,F,total,35-39,445
2023,23004,읍부,F,unmarried,40-44,100
2023,23004,읍부,M,total,40-44,673
2023,23004,읍부,M,unmarried,40-44,216
2023,23004,읍부,F,total,40-44,683
2023,23005,면부,F,unmarried,20-24,553
2023,23005,면부,M,total,20-24,1340
2023,23005,면부,M,unmarried,20-24,1329
2023,23005,면부,F,total,20-24,578
2023,23005,면부,F,unmarried,25-29,651
2023,23005,면부,M,total,25-29,1552
2023,23005,면부,M,unmarried,25-29,1439
2023,23005,면부,F,total,25-29,805
2023,23005,면부,F,unmarried,30-34,461
2023,23005,면부,M,total,30-34,1366
2023,23005,면부,M,unmarried,30-34,1021
2023,23005,면부,F,total,30-34,867
2023,23005,면부,F,unmarried,35-39,295
2023,23005,면부,M,total,35-39,1185
2023,23005,면부,M,unmarried,35-39,605
2023,23005,면부,F,total,35-39,897
2023,23005,면부,F,unmarried,40-44,248
2023,23005,면부,M,total,40-44,1557
2023,23005,면부,M,unmarried,40-44,575
2023,23005,면부,F,total,40-44,1162
2023,23010,중구,F,unmarried,20-24,3298
2023,23010,중구,M,total,20-24,3338
2023,23010,중구,M,unmarried,20-24,3310
2023,23010,중구,F,total,20-24,3365
2023,23010,중구,F,unmarried,25-29,4787
2023,23010,중구,M,total,25-29,5952
2023,23010,중구,M,unmarried,25-29,5538
2023,23010,중구,F,total,25-29,5579
2023,23010,중구,F,unmarried,30-34,3045
2023,23010,중구,M,total,30-34,6961
2023,23010,중구,M,unmarried,30-34,4978
2023,23010,중구,F,total,30-34,5666
2023,23010,중구,F,unmarried,35-39,1374
2023,23010,중구,M,total,35-39,5884
2023,23010,중구,M,unmarried,35-39,2626
2023,23010,중구,F,total,35-39,5152
2023,23010,중구,F,unmarried,40-44,995
2023,23010,중구,M,total,40-44,7292
2023,23010,중구,M,unmarried,40-44,2246
2023,23010,중구,F,total,40-44,6490
2023,23020,동구,F,unmarried,20-24,1201
2023,23020,동구,M,total,20-24,1369
2023,23020,동구,M,unmarried,20-24,1363
2023,23020,동구,F,total,20-24,1221
2023,23020,동구,F,unmarried,25-29,1315
2023,23020,동구,M,total,25-29,1727
2023,23020,동구,M,unmarried,25-29,1623
2023,23020,동구,F,total,25-29,1510
2023,23020,동구,F,unmarried,30-34,882
2023,23020,동구,M,total,30-34,1778
2023,23020,동구,M,unmarried,30-34,1328
2023,23020,동구,F,total,30-34,1515
2023,23020,동구,F,unmarried,35-39,488
2023,23020,동구,M,total,35-39,1680
2023,23020,동구,M,unmarried,35-39,898
2023,23020,동구,F,total,35-39,1435
2023,23020,동구,F,unmarried,40-44,444
2023,23020,동구,M,total,40-44,2304
2023,23020,동구,M,unmarried,40-44,869
2023,23020,동구,F,total,40-44,2074
2023,23040,연수구,F,unmarried,20-24,10725
2023,23040,연수구,M,total,20-24,11676
2023,23040,연수구,M,unmarried,20-24,11648
2023,23040,연수구,F,total,20-24,10784
2023,23040,연수구,F,unmarried,25-29,9998
2023,23040,연수구,M,total,25-29,12316
2023,23040,연수구,M,unmarried,25-29,11798
2023,23040,연수구,F,total,25-29,11116
2023,23040,연수구,F,unmarried,30-34,6487
2023,23040,연수구,M,total,30-34,12796
2023,23040,연수구,M,unmarried,30-34,9137
2023,23040,연수구,F,total,30-34,12480
2023,23040,연수구,F,unmarried,35-39,2845
2023,23040,연수구,M,total,35-39,13214
2023,23040,연수구,M,unmarried,35-39,4535
2023,23040,연수구,F,total,35-39,13653
2023,23040,연수구,F,unmarried,40-44,2002
2023,23040,연수구,M,total,40-44,17011
2023,23040,연수구,M,unmarried,40-44,3121
2023,23040,연수구,F,total,40-44,17780
2023,23050,남동구,F,unmarried,20-24,11457
2023,23050,남동구,M,total,20-24,12339
2023,23050,남동구,M,unmarried,20-24,12266
2023,23050,남동구,F,total,20-24,11636
2023,23050,남동구,F,unmarried,25-29,14008
2023,23050,남동구,M,total,25-29,17075
2023,23050,남동구,M,unmarried,25-29,16103
2023,23050,남동구,F,total,25-29,15739
2023,23050,남동구,F,unmarried,30-34,8921
2023,23050,남동구,M,total,30-34,16904
2023,23050,남동구,M,unmarried,30-34,12940
2023,23050,남동구,F,total,30-34,14833
2023,23050,남동구,F,unmarried,35-39,4214
2023,23050,남동구,M,total,35-39,14764
2023,23050,남동구,M,unmarried,35-39,7357
2023,23050,남동구,F,total,35-39,13706
2023,23050,남동구,F,unmarried,40-44,3273
2023,23050,남동구,M,total,40-44,20250
2023,23050,남동구,M,unmarried,40-44,6243
2023,23050,남동구,F,total,40-44,19572
2023,23060,부평구,F,unmarried,20-24,11168
2023,23060,부평구,M,total,20-24,12031
2023,23060,부평구,M,unmarried,20-24,11982
2023,23060,부평구,F,total,20-24,11323
2023,23060,부평구,F,unmarried,25-29,15213
2023,23060,부평구,M,total,25-29,17563
2023,23060,부평구,M,unmarried,25-29,16502
2023,23060,부평구,F,total,25-29,17136
2023,23060,부평구,F,unmarried,30-34,10731
2023,23060,부평구,M,total,30-34,19206
2023,23060,부평구,M,unmarried,30-34,14416
2023,23060,부평구,F,total,30-34,17576
2023,23060,부평구,F,unmarried,35-39,5128
2023,23060,부평구,M,total,35-39,16062
2023,23060,부평구,M,unmarried,35-39,7991
2023,23060,부평구,F,total,35-39,14535
2023,23060,부평구,F,unmarried,40-44,3794
2023,23060,부평구,M,total,40-44,18487
2023,23060,부평구,M,unmarried,40-44,6296
2023,23060,부평구,F,total,40-44,17419
2023,23070,계양구,F,unmarried,20-24,6979
2023,23070,계양구,M,total,20-24,7549
2023,23070,계양구,M,unmarried,20-24,7515
2023,23070,계양구,F,total,20-24,7058
2023,23070,계양구,F,unmarried,25-29,8585
2023,23070,계양구,M,total,25-29,10489
2023,23070,계양구,M,unmarried,25-29,10033
2023,23070,계양구,F,total,25-29,9438
2023,23070,계양구,F,unmarried,30-34,5865
2023,23070,계양구,M,total,30-34,10164
2023,23070,계양구,M,unmarried,30-34,8001
2023,23070,계양구,F,total,30-34,9022
2023,23070,계양구,F,unmarried,35-39,2705
2023,23070,계양구,M,total,35-39,8302
2023,23070,계양구,M,unmarried,35-39,4420
2023,23070,계양구,F,total,35-39,7346
2023,23070,계양구,F,unmarried,40-44,1824
2023,23070,계양구,M,total,40-44,9875
2023,23070,계양구,M,unmarried,40-44,3465
2023,23070,계양구,F,total,40-44,9402
2023,23080,서구,F,unmarried,20-24,13035
2023,23080,서구,M,total,20-24,14436
2023,23080,서구,M,unmarried,20-24,14362
2023,23080,서구,F,total,20-24,13245
2023,23080,서구,F,unmarried,25-29,16533
2023,23080,서구,M,total,25-29,20081
2023,23080,서구,M,unmarried,25-29,18530
2023,23080,서구,F,total,25-29,19532
2023,23080,서구,F,unmarried,30-34,10538
2023,23080,서구,M,total,30-34,23574
2023,23080,서구,M,unmarried,30-34,15450
2023,23080,서구,F,total,30-34,22647
2023,23080,서구,F,unmarried,35-39,4802
2023,23080,서구,M,total,35-39,24074
2023,23080,서구,M,unmarried,35-39,8606
2023,23080,서구,F,total,35-39,23167
2023,23080,서구,F,unmarried,40-44,3258
2023,23080,서구,M,total,40-44,29739
2023,23080,서구,M,unmarried,40-44,6638
2023,23080,서구,F,total,40-44,27310
2023,23090,미추홀구,F,unmarried,20-24,11147
2023,23090,미추홀구,M,total,20-24,13056
2023,23090,미추홀구,M,unmarried,20-24,12955
2023,23090,미추홀구,F,total,20-24,11356
2023,23090,미추홀구,F,unmarried,25-29,11557
2023,23090,미추홀구,M,total,25-29,15469
2023,23090,미추홀구,M,unmarried,25-29,14467
2023,23090,미추홀구,F,total,25-29,13360
2023,23090,미추홀구,F,unmarried,30-34,7470
2023,23090,미추홀구,M,total,30-34,15394
2023,23090,미추홀구,M,unmarried,30-34,11442
2023,23090,미추홀구,F,total,30-34,12992
2023,23090,미추홀구,F,unmarried,35-39,3771
2023,23090,미추홀구,M,total,35-39,13341
2023,23090,미추홀구,M,unmarried,35-39,6762
2023,23090,미추홀구,F,total,35-39,11511
2023,23090,미추홀구,F,unmarried,40-44,3021
2023,23090,미추홀구,M,total,40-44,16913
2023,23090,미추홀구,M,unmarried,40-44,6193
2023,23090,미추홀구,F,total,40-44,14516
2023,23510,강화군,F,unmarried,20-24,709
2023,23510,강화군,M,total,20-24,1054
2023,23510,강화군,M,unmarried,20-24,1048
2023,23510,강화군,F,total,20-24,726
2023,23510,강화군,F,unmarried,25-29,718
2023,23510,강화군,M,total,25-29,1229
2023,23510,강화군,M,unmarried,25-29,1144
2023,23510,강화군,F,total,25-29,882
2023,23510,강화군,F,unmarried,30-34,537
2023,23510,강화군,M,total,30-34,1212
2023,23510,강화군,M,unmarried,30-34,918
2023,23510,강화군,F,total,30-34,1016
2023,23510,강화군,F,unmarried,35-39,333
2023,23510,강화군,M,total,35-39,1178
2023,23510,강화군,M,unmarried,35-39,602
2023,23510,강화군,F,total,35-39,1066
2023,23510,강화군,F,unmarried,40-44,293
2023,23510,강화군,M,total,40-44,1624
2023,23510,강화군,M,unmarried,40-44,624
2023,23510,강화군,F,total,40-44,1472
2023,23520,옹진군,F,unmarried,20-24,182
2023,23520,옹진군,M,total,20-24,731
2023,23520,옹진군,M,unmarried,20-24,722
2023,23520,옹진군,F,total,20-24,201
2023,23520,옹진군,F,unmarried,25-29,235
2023,23520,옹진군,M,total,25-29,826
2023,23520,옹진군,M,unmarried,25-29,741
2023,23520,옹진군,F,total,25-29,317
2023,23520,옹진군,F,unmarried,30-34,132
2023,23520,옹진군,M,total,30-34,644
2023,23520,옹진군,M,unmarried,30-34,450
2023,23520,옹진군,F,total,30-34,287
2023,23520,옹진군,F,unmarried,35-39,73
2023,23520,옹진군,M,total,35-39,471
2023,23520,옹진군,M,unmarried,35-39,218
2023,23520,옹진군,F,total,35-39,276
2023,23520,옹진군,F,unmarried,40-44,55
2023,23520,옹진군,M,total,40-44,606
2023,23520,옹진군,M,unmarried,40-44,167
2023,23520,옹진군,F,total,40-44,373
2023,24,광주광역시,F,unmarried,20-24,44744
2023,24,광주광역시,M,total,20-24,47838
2023,24,광주광역시,M,unmarried,20-24,47653
2023,24,광주광역시,F,total,20-24,45236
2023,24,광주광역시,F,unmarried,25-29,42308
2023,24,광주광역시,M,total,25-29,52609
2023,24,광주광역시,M,unmarried,25-29,49945
2023,24,광주광역시,F,total,25-29,47794
2023,24,광주광역시,F,unmarried,30-34,23277
2023,24,광주광역시,M,total,30-34,46322
2023,24,광주광역시,M,unmarried,30-34,34254
2023,24,광주광역시,F,total,30-34,42301
2023,24,광주광역시,F,unmarried,35-39,10959
2023,24,광주광역시,M,total,35-39,42510
2023,24,광주광역시,M,unmarried,35-39,19046
2023,24,광주광역시,F,total,35-39,40961
2023,24,광주광역시,F,unmarried,40-44,8444
2023,24,광주광역시,M,total,40-44,56653
2023,24,광주광역시,M,unmarried,40-44,16996
2023,24,광주광역시,F,total,40-44,56635
2023,24010,동구,F,unmarried,20-24,4141
2023,24010,동구,M,total,20-24,4479
2023,24010,동구,M,unmarried,20-24,4473
2023,24010,동구,F,total,20-24,4167
2023,24010,동구,F,unmarried,25-29,3562
2023,24010,동구,M,total,25-29,4346
2023,24010,동구,M,unmarried,25-29,4167
2023,24010,동구,F,total,25-29,3946
2023,24010,동구,F,unmarried,30-34,2071
2023,24010,동구,M,total,30-34,3821
2023,24010,동구,M,unmarried,30-34,2784
2023,24010,동구,F,total,30-34,3675
2023,24010,동구,F,unmarried,35-39,977
2023,24010,동구,M,total,35-39,3545
2023,24010,동구,M,unmarried,35-39,1573
2023,24010,동구,F,total,35-39,3249
2023,24010,동구,F,unmarried,40-44,766
2023,24010,동구,M,total,40-44,3891
2023,24010,동구,M,unmarried,40-44,1364
2023,24010,동구,F,total,40-44,3546
2023,24020,서구,F,unmarried,20-24,8014
2023,24020,서구,M,total,20-24,8688
2023,24020,서구,M,unmarried,20-24,8643
2023,24020,서구,F,total,20-24,8115
2023,24020,서구,F,unmarried,25-29,9555
2023,24020,서구,M,total,25-29,10912
2023,24020,서구,M,unmarried,25-29,10440
2023,24020,서구,F,total,25-29,10552
2023,24020,서구,F,unmarried,30-34,5299
2023,24020,서구,M,total,30-34,9364
2023,24020,서구,M,unmarried,30-34,7251
2023,24020,서구,F,total,30-34,8512
2023,24020,서구,F,unmarried,35-39,2531
2023,24020,서구,M,total,35-39,7832
2023,24020,서구,M,unmarried,35-39,4013
2023,24020,서구,F,total,35-39,7698
2023,24020,서구,F,unmarried,40-44,1914
2023,24020,서구,M,total,40-44,10682
2023,24020,서구,M,unmarried,40-44,3578
2023,24020,서구,F,total,40-44,10887
2023,24030,남구,F,unmarried,20-24,5764
2023,24030,남구,M,total,20-24,6032
2023,24030,남구,M,unmarried,20-24,6018
2023,24030,남구,F,total,20-24,5808
2023,24030,남구,F,unmarried,25-29,5620
2023,24030,남구,M,total,25-29,6417
2023,24030,남구,M,unmarried,25-29,6114
2023,24030,남구,F,total,25-29,6223
2023,24030,남구,F,unmarried,30-34,3315
2023,24030,남구,M,total,30-34,5799
2023,24030,남구,M,unmarried,30-34,4397
2023,24030,남구,F,total,30-34,5602
2023,24030,남구,F,unmarried,35-39,1622
2023,24030,남구,M,total,35-39,5639
2023,24030,남구,M,unmarried,35-39,2544
2023,24030,남구,F,total,35-39,5899
2023,24030,남구,F,unmarried,40-44,1314
2023,24030,남구,M,total,40-44,8227
2023,24030,남구,M,unmarried,40-44,2366
2023,24030,남구,F,total,40-44,8610
2023,24040,북구,F,unmarried,20-24,13447
2023,24040,북구,M,total,20-24,14862
2023,24040,북구,M,unmarried,20-24,14801
2023,24040,북구,F,total,20-24,13598
2023,24040,북구,F,unmarried,25-29,12558
2023,24040,북구,M,total,25-29,16287
2023,24040,북구,M,unmarried,25-29,15448
2023,24040,북구,F,total,25-29,14218
2023,24040,북구,F,unmarried,30-34,7000
2023,24040,북구,M,total,30-34,14227
2023,24040,북구,M,unmarried,30-34,10594
2023,24040,북구,F,total,30-34,12784
2023,24040,북구,F,unmarried,35-39,3412
2023,24040,북구,M,total,35-39,13145
2023,24040,북구,M,unmarried,35-39,5933
2023,24040,북구,F,total,35-39,12229
2023,24040,북구,F,unmarried,40-44,2682
2023,24040,북구,M,total,40-44,16351
2023,24040,북구,M,unmarried,40-44,5223
2023,24040,북구,F,total,40-44,15888
2023,24050,광산구,F,unmarried,20-24,13378
2023,24050,광산구,M,total,20-24,13777
2023,24050,광산구,M,unmarried,20-24,13718
2023,24050,광산구,F,total,20-24,13548
2023,24050,광산구,F,unmarried,25-29,11013
2023,24050,광산구,M,total,25-29,14647
2023,24050,광산구,M,unmarried,25-29,13776
2023,24050,광산구,F,total,25-29,12855
2023,24050,광산구,F,unmarried,30-34,5592
2023,24050,광산구,M,total,30-34,13111
2023,24050,광산구,M,unmarried,30-34,9228
2023,24050,광산구,F,total,30-34,11728
2023,24050,광산구,F,unmarried,35-39,2417
2023,24050,광산구,M,total,35-39,12349
2023,24050,광산구,M,unmarried,35-39,4983
2023,24050,광산구,F,total,35-39,11886
2023,24050,광산구,F,unmarried,40-44,1768
2023,24050,광산구,M,total,40-44,17502
2023,24050,광산구,M,unmarried,40-44,4465
2023,24050,광산구,F,total,40-44,17704
2023,25,대전광역시,F,unmarried,20-24,48351
2023,25,대전광역시,M,total,20-24,54068
2023,25,대전광역시,M,unmarried,20-24,53864
2023,25,대전광역시,F,total,20-24,48938
2023,25,대전광역시,F,unmarried,25-29,44102
2023,25,대전광역시,M,total,25-29,58935
2023,25,대전광역시,M,unmarried,25-29,55987
2023,25,대전광역시,F,total,25-29,49946
2023,25,대전광역시,F,unmarried,30-34,24190
2023,25,대전광역시,M,total,30-34,52047
2023,25,대전광역시,M,unmarried,30-34,38168
2023,25,대전광역시,F,total,30-34,44838
2023,25,대전광역시,F,unmarried,35-39,11190
2023,25,대전광역시,M,total,35-39,45259
2023,25,대전광역시,M,unmarried,35-39,20032
2023,25,대전광역시,F,total,35-39,41241
2023,25,대전광역시,F,unmarried,40-44,8826
2023,25,대전광역시,M,total,40-44,54219
2023,25,대전광역시,M,unmarried,40-44,15631
2023,25,대전광역시,F,total,40-44,53529
2023,25010,동구,F,unmarried,20-24,9194
2023,25010,동구,M,total,20-24,10466
2023,25010,동구,M,unmarried,20-24,10432
2023,25010,동구,F,total,20-24,9302
2023,25010,동구,F,unmarried,25-29,5537
2023,25010,동구,M,total,25-29,8069
2023,25010,동구,M,unmarried,25-29,7650
2023,25010,동구,F,total,25-29,6364
2023,25010,동구,F,unmarried,30-34,3021
2023,25010,동구,M,total,30-34,6823
2023,25010,동구,M,unmarried,30-34,5119
2023,25010,동구,F,total,30-34,5616
2023,25010,동구,F,unmarried,35-39,1483
2023,25010,동구,M,total,35-39,6038
2023,25010,동구,M,unmarried,35-39,2966
2023,25010,동구,F,total,35-39,5140
2023,25010,동구,F,unmarried,40-44,1296
2023,25010,동구,M,total,40-44,7830
2023,25010,동구,M,unmarried,40-44,2785
2023,25010,동구,F,total,40-44,7228
2023,25020,중구,F,unmarried,20-24,5568
2023,25020,중구,M,total,20-24,6016
2023,25020,중구,M,unmarried,20-24,5991
2023,25020,중구,F,total,20-24,5656
2023,25020,중구,F,unmarried,25-29,6499
2023,25020,중구,M,total,25-29,7309
2023,25020,중구,M,unmarried,25-29,6950
2023,25020,중구,F,total,25-29,7228
2023,25020,중구,F,unmarried,30-34,3494
2023,25020,중구,M,total,30-34,6426
2023,25020,중구,M,unmarried,30-34,4930
2023,25020,중구,F,total,30-34,5858
2023,25020,중구,F,unmarried,35-39,1733
2023,25020,중구,M,total,35-39,5646
2023,25020,중구,M,unmarried,35-39,2784
2023,25020,중구,F,total,35-39,5300
2023,25020,중구,F,unmarried,40-44,1476
2023,25020,중구,M,total,40-44,7631
2023,25020,중구,M,unmarried,40-44,2685
2023,25020,중구,F,total,40-44,7595
2023,25030,서구,F,unmarried,20-24,15858
2023,25030,서구,M,total,20-24,16201
2023,25030,서구,M,unmarried,20-24,16114
2023,25030,서구,F,total,20-24,16066
2023,25030,서구,F,unmarried,25-29,16230
2023,25030,서구,M,total,25-29,19523
2023,25030,서구,M,unmarried,25-29,18471
2023,25030,서구,F,total,25-29,18256
2023,25030,서구,F,unmarried,30-34,9106
2023,25030,서구,M,total,30-34,17299
2023,25030,서구,M,unmarried,30-34,12724
2023,25030,서구,F,total,30-34,15847
2023,25030,서구,F,unmarried,35-39,4218
2023,25030,서구,M,total,35-39,14662
2023,25030,서구,M,unmarried,35-39,6702
2023,25030,서구,F,total,35-39,13994
2023,25030,서구,F,unmarried,40-44,3127
2023,25030,서구,M,total,40-44,17596
2023,25030,서구,M,unmarried,40-44,4792
2023,25030,서구,F,total,40-44,18083
2023,25040,유성구,F,unmarried,20-24,12889
2023,25040,유성구,M,total,20-24,15601
2023,25040,유성구,M,unmarried,20-24,15572
2023,25040,유성구,F,total,20-24,12990
2023,25040,유성구,F,unmarried,25-29,11414
2023,25040,유성구,M,total,25-29,17708
2023,25040,유성구,M,unmarried,25-29,16909
2023,25040,유성구,F,total,25-29,13069
2023,25040,유성구,F,unmarried,30-34,6308
2023,25040,유성구,M,total,30-34,15737
2023,25040,유성구,M,unmarried,30-34,11000
2023,25040,유성구,F,total,30-34,13204
2023,25040,유성구,F,unmarried,35-39,2659
2023,25040,유성구,M,total,35-39,14067
2023,25040,유성구,M,unmarried,35-39,5087
2023,25040,유성구,F,total,35-39,12806
2023,25040,유성구,F,unmarried,40-44,2000
2023,25040,유성구,M,total,40-44,15336
2023,25040,유성구,M,unmarried,40-44,3266
2023,25040,유성구,F,total,40-44,15459
2023,25050,대덕구,F,unmarried,20-24,4842
2023,25050,대덕구,M,total,20-24,5784
2023,25050,대덕구,M,unmarried,20-24,5755
2023,25050,대덕구,F,total,20-24,4924
2023,25050,대덕구,F,unmarried,25-29,4422
2023,25050,대덕구,M,total,25-29,6326
2023,25050,대덕구,M,unmarried,25-29,6007
2023,25050,대덕구,F,total,25-29,5029
2023,25050,대덕구,F,unmarried,30-34,2261
2023,25050,대덕구,M,total,30-34,5762
2023,25050,대덕구,M,unmarried,30-34,4395
2023,25050,대덕구,F,total,30-34,4313
2023,25050,대덕구,F,unmarried,35-39,1097
2023,25050,대덕구,M,total,35-39,4846
2023,25050,대덕구,M,unmarried,35-39,2493
2023,25050,대덕구,F,total,35-39,4001
2023,25050,대덕구,F,unmarried,40-44,927
2023,25050,대덕구,M,total,40-44,5826
2023,25050,대덕구,M,unmarried,40-44,2103
2023,25050,대덕구,F,total,40-44,5164
2023,26,울산광역시,F,unmarried,20-24,20475
2023,26,울산광역시,M,total,20-24,29220
2023,26,울산광역시,M,unmarried,20-24,29112
2023,26,울산광역시,F,total,20-24,20758
2023,26,울산광역시,F,unmarried,25-29,24038
2023,26,울산광역시,M,total,25-29,37906
2023,26,울산광역시,M,unmarried,25-29,35797
2023,26,울산광역시,F,total,25-29,28257
2023,26,울산광역시,F,unmarried,30-34,13738
2023,26,울산광역시,M,total,30-34,37376
2023,26,울산광역시,M,unmarried,30-34,25933
2023,26,울산광역시,F,total,30-34,30111
2023,26,울산광역시,F,unmarried,35-39,6148
2023,26,울산광역시,M,total,35-39,35264
2023,26,울산광역시,M,unmarried,35-39,14097
2023,26,울산광역시,F,total,35-39,31117
2023,26,울산광역시,F,unmarried,40-44,4910
2023,26,울산광역시,M,total,40-44,46246
2023,26,울산광역시,M,unmarried,40-44,11920
2023,26,울산광역시,F,total,40-44,43294
2023,26003,동부,F,unmarried,20-24,16146
2023,26003,동부,M,total,20-24,22854
2023,26003,동부,M,unmarried,20-24,22768
2023,26003,동부,F,total,20-24,16372
2023,26003,동부,F,unmarried,25-29,19886
2023,26003,동부,M,total,25-29,30861
2023,26003,동부,M,unmarried,25-29,29119
2023,26003,동부,F,total,25-29,23323
2023,26003,동부,F,unmarried,30-34,11641
2023,26003,동부,M,total,30-34,30988
2023,26003,동부,M,unmarried,30-34,21488
2023,26003,동부,F,total,30-34,25091
2023,26003,동부,F,unmarried,35-39,5184
2023,26003,동부,M,total,35-39,29300
2023,26003,동부,M,unmarried,35-39,11595
2023,26003,동부,F,total,35-39,25954
2023,26003,동부,F,unmarried,40-44,4096
2023,26003,동부,M,total,40-44,38110
2023,26003,동부,M,unmarried,40-44,9644
2023,26003,동부,F,total,40-44,35820
2023,26004,읍부,F,unmarried,20-24,3733
2023,26004,읍부,M,total,20-24,5681
2023,26004,읍부,M,unmarried,20-24,5662
2023,26004,읍부,F,total,20-24,3783
2023,26004,읍부,F,unmarried,25-29,3711
2023,26004,읍부,M,total,25-29,6326
2023,26004,읍부,M,unmarried,25-29,5980
2023,26004,읍부,F,total,25-29,4455
2023,26004,읍부,F,unmarried,30-34,1821
2023,26004,읍부,M,total,30-34,5708
2023,26004,읍부,M,unmarried,30-34,3879
2023,26004,읍부,F,total,30-34,4558
2023,26004,읍부,F,unmarried,35-39,807
2023,26004,읍부,M,total,35-39,5334
2023,26004,읍부,M,unmarried,35-39,2129
2023,26004,읍부,F,total,35-39,4684
2023,26004,읍부,F,unmarried,40-44,658
2023,26004,읍부,M,total,40-44,7350
2023,26004,읍부,M,unmarried,40-44,1945
2023,26004,읍부,F,total,40-44,6855
2023,26005,면부,F,unmarried,20-24,596
2023,26005,면부,M,total,20-24,685
2023,26005,면부,M,unmarried,20-24,682
2023,26005,면부,F,total,20-24,603
2023,26005,면부,F,unmarried,25-29,441
2023,26005,면부,M,total,25-29,719
2023,26005,면부,M,unmarried,25-29,698
2023,26005,면부,F,total,25-29,479
2023,26005,면부,F,unmarried,30-34,276
2023,26005,면부,M,total,30-34,680
2023,26005,면부,M,unmarried,30-34,566
2023,26005,면부,F,total,30-34,462
2023,26005,면부,F,unmarried,35-39,157
2023,26005,면부,M,total,35-39,630
2023,26005,면부,M,unmarried,35-39,373
2023,26005,면부,F,total,35-39,479
2023,26005,면부,F,unmarried,40-44,156
2023,26005,면부,M,total,40-44,786
2023,26005,면부,M,unmarried,40-44,331
2023,26005,면부,F,total,40-44,619
2023,26010,중구,F,unmarried,20-24,3282
2023,26010,중구,M,total,20-24,4905
2023,26010,중구,M,unmarried,20-24,4886
2023,26010,중구,F,total,20-24,3318
2023,26010,중구,F,unmarried,25-29,4559
2023,26010,중구,M,total,25-29,6617
2023,26010,중구,M,unmarried,25-29,6296
2023,26010,중구,F,total,25-29,5202
2023,26010,중구,F,unmarried,30-34,2820
2023,26010,중구,M,total,30-34,6564
2023,26010,중구,M,unmarried,30-34,4783
2023,26010,중구,F,total,30-34,5372
2023,26010,중구,F,unmarried,35-39,1316
2023,26010,중구,M,total,35-39,6000
2023,26010,중구,M,unmarried,35-39,2631
2023,26010,중구,F,total,35-39,5409
2023,26010,중구,F,unmarried,40-44,1043
2023,26010,중구,M,total,40-44,8029
2023,26010,중구,M,unmarried,40-44,2239
2023,26010,중구,F,total,40-44,7608
2023,26020,남구,F,unmarried,20-24,6872
2023,26020,남구,M,total,20-24,9374
2023,26020,남구,M,unmarried,20-24,9351
2023,26020,남구,F,total,20-24,6941
2023,26020,남구,F,unmarried,25-29,8068
2023,26020,남구,M,total,25-29,11932
2023,26020,남구,M,unmarried,25-29,11367
2023,26020,남구,F,total,25-29,9193
2023,26020,남구,F,unmarried,30-34,4866
2023,26020,남구,M,total,30-34,11806
2023,26020,남구,M,unmarried,30-34,8565
2023,26020,남구,F,total,30-34,9397
2023,26020,남구,F,unmarried,35-39,2089
2023,26020,남구,M,total,35-39,9840
2023,26020,남구,M,unmarried,35-39,4195
2023,26020,남구,F,total,35-39,8646
2023,26020,남구,F,unmarried,40-44,1668
2023,26020,남구,M,total,40-44,11848
2023,26020,남구,M,unmarried,40-44,3367
2023,26020,남구,F,total,40-44,11388
2023,26030,동구,F,unmarried,20-24,2687
2023,26030,동구,M,total,20-24,3358
2023,26030,동구,M,unmarried,20-24,3331
2023,26030,동구,F,total,20-24,2747
2023,26030,동구,F,unmarried,25-29,2980
2023,26030,동구,M,total,25-29,4829
2023,26030,동구,M,unmarried,25-29,4517
2023,26030,동구,F,total,25-29,3570
2023,26030,동구,F,unmarried,30-34,1605
2023,26030,동구,M,total,30-34,4806
2023,26030,동구,M,unmarried,30-34,3371
2023,26030,동구,F,total,30-34,3695
2023,26030,동구,F,unmarried,35-39,857
2023,26030,동구,M,total,35-39,5612
2023,26030,동구,M,unmarried,35-39,2351
2023,26030,동구,F,total,35-39,4671
2023,26030,동구,F,unmarried,40-44,644
2023,26030,동구,M,total,40-44,7686
2023,26030,동구,M,unmarried,40-44,2079
2023,26030,동구,F,total,40-44,6510
2023,26040,북구,F,unmarried,20-24,3305
2023,26040,북구,M,total,20-24,5217
2023,26040,북구,M,unmarried,20-24,5200
2023,26040,북구,F,total,20-24,3366
2023,26040,북구,F,unmarried,25-29,4279
2023,26040,북구,M,total,25-29,7483
2023,26040,북구,M,unmarried,25-29,6939
2023,26040,북구,F,total,25-29,5358
2023,26040,북구,F,unmarried,30-34,2350
2023,26040,북구,M,total,30-34,7812
2023,26040,북구,M,unmarried,30-34,4769
2023,26040,북구,F,total,30-34,6627
2023,26040,북구,F,unmarried,35-39,922
2023,26040,북구,M,total,35-39,7848
2023,26040,북구,M,unmarried,35-39,2418
2023,26040,북구,F,total,35-39,7228
2023,26040,북구,F,unmarried,40-44,741
2023,26040,북구,M,total,40-44,10547
2023,26040,북구,M,unmarried,40-44,1959
2023,26040,북구,F,total,40-44,10314
2023,26510,울주군,F,unmarried,20-24,4329
2023,26510,울주군,M,total,20-24,6366
2023,26510,울주군,M,unmarried,20-24,6344
2023,26510,울주군,F,total,20-24,4386
2023,26510,울주군,F,unmarried,25-29,4152
2023,26510,울주군,M,total,25-29,7045
2023,26510,울주군,M,unmarried,25-29,6678
2023,26510,울주군,F,total,25-29,4934
2023,26510,울주군,F,unmarried,30-34,2097
2023,26510,울주군,M,total,30-34,6388
2023,26510,울주군,M,unmarried,30-34,4445
2023,26510,울주군,F,total,30-34,5020
2023,26510,울주군,F,unmarried,35-39,964
2023,26510,울주군,M,total,35-39,5964
2023,26510,울주군,M,unmarried,35-39,2502
2023,26510,울주군,F,total,35-39,5163
2023,26510,울주군,F,unmarried,40-44,814
2023,26510,울주군,M,total,40-44,8136
2023,26510,울주군,M,unmarried,40-44,2276
2023,26510,울주군,F,total,40-44,7474
2023,29,세종특별자치시,F,unmarried,20-24,9460
2023,29,세종특별자치시,M,total,20-24,10727
2023,29,세종특별자치시,M,unmarried,20-24,10686
2023,29,세종특별자치시,F,total,20-24,9553
2023,29,세종특별자치시,F,unmarried,25-29,8061
2023,29,세종특별자치시,M,total,25-29,10334
2023,29,세종특별자치시,M,unmarried,25-29,9587
2023,29,세종특별자치시,F,total,25-29,9766
2023,29,세종특별자치시,F,unmarried,30-34,5445
2023,29,세종특별자치시,M,total,30-34,12983
2023,29,세종특별자치시,M,unmarried,30-34,7797
2023,29,세종특별자치시,F,total,30-34,13452
2023,29,세종특별자치시,F,unmarried,35-39,2388
2023,29,세종특별자치시,M,total,35-39,15403
2023,29,세종특별자치시,M,unmarried,35-39,4187
2023,29,세종특별자치시,F,total,35-39,15704
2023,29,세종특별자치시,F,unmarried,40-44,1884
2023,29,세종특별자치시,M,total,40-44,19648
2023,29,세종특별자치시,M,unmarried,40-44,2808
2023,29,세종특별자치시,F,total,40-44,20642
2023,29003,동부,F,unmarried,20-24,4546
2023,29003,동부,M,total,20-24,5278
2023,29003,동부,M,unmarried,20-24,5260
2023,29003,동부,F,total,20-24,4602
2023,29003,동부,F,unmarried,25-29,6102
2023,29003,동부,M,total,25-29,5942
2023,29003,동부,M,unmarried,25-29,5349
2023,29003,동부,F,total,25-29,7521
2023,29003,동부,F,unmarried,30-34,4427
2023,29003,동부,M,total,30-34,10010
2023,29003,동부,M,unmarried,30-34,5352
2023,29003,동부,F,total,30-34,11722
2023,29003,동부,F,unmarried,35-39,1884
2023,29003,동부,M,total,35-39,13009
2023,29003,동부,M,unmarried,35-39,2792
2023,29003,동부,F,total,35-39,14052
2023,29003,동부,F,unmarried,40-44,1500
2023,29003,동부,M,total,40-44,16687
2023,29003,동부,M,unmarried,40-44,1573
2023,29003,동부,F,total,40-44,18433
2023,29004,읍부,F,unmarried,20-24,2930
2023,29004,읍부,M,total,20-24,3500
2023,29004,읍부,M,unmarried,20-24,3489
2023,29004,읍부,F,total,20-24,2955
2023,29004,읍부,F,unmarried,25-29,1105
2023,29004,읍부,M,total,25-29,2400
2023,29004,읍부,M,unmarried,25-29,2312
2023,29004,읍부,F,total,25-29,1275
2023,29004,읍부,F,unmarried,30-34,525
2023,29004,읍부,M,total,30-34,1423
2023,29004,읍부,M,unmarried,30-34,1122
2023,29004,읍부,F,total,30-34,947
2023,29004,읍부,F,unmarried,35-39,242
2023,29004,읍부,M,total,35-39,1223
2023,29004,읍부,M,unmarried,35-39,605
2023,29004,읍부,F,total,35-39,991
2023,29004,읍부,F,unmarried,40-44,181
2023,29004,읍부,M,total,40-44,1560
2023,29004,읍부,M,unmarried,40-44,522
2023,29004,읍부,F,total,40-44,1437
2023,29005,면부,F,unmarried,20-24,1984
2023,29005,면부,M,total,20-24,1949
2023,29005,면부,M,unmarried,20-24,1937
2023,29005,면부,F,total,20-24,1996
2023,29005,면부,F,unmarried,25-29,854
2023,29005,면부,M,total,25-29,1992
2023,29005,면부,M,unmarried,25-29,1926
2023,29005,면부,F,total,25-29,970
2023,29005,면부,F,unmarried,30-34,493
2023,29005,면부,M,total,30-34,1550
2023,29005,면부,M,unmarried,30-34,1323
2023,29005,면부,F,total,30-34,783
2023,29005,면부,F,unmarried,35-39,262
2023,29005,면부,M,total,35-39,1171
2023,29005,면부,M,unmarried,35-39,790
2023,29005,면부,F,total,35-39,661
2023,29005,면부,F,unmarried,40-44,203
2023,29005,면부,M,total,40-44,1401
2023,29005,면부,M,unmarried,40-44,713
2023,29005,면부,F,total,40-44,772
2023,29010,세종시,F,unmarried,20-24,9460
2023,29010,세종시,M,total,20-24,10727
2023,29010,세종시,M,unmarried,20-24,10686
2023,29010,세종시,F,total,20-24,9553
2023,29010,세종시,F,unmarried,25-29,8061
2023,29010,세종시,M,total,25-29,10334
2023,29010,세종시,M,unmarried,25-29,9587
2023,29010,세종시,F,total,25-29,9766
2023,29010,세종시,F,unmarried,30-34,5445
2023,29010,세종시,M,total,30-34,12983
2023,29010,세종시,M,unmarried,30-34,7797
2023,29010,세종시,F,total,30-34,13452
2023,29010,세종시,F,unmarried,35-39,2388
2023,29010,세종시,M,total,35-39,15403
2023,29010,세종시,M,unmarried,35-39,4187
2023,29010,세종시,F,total,35-39,15704
2023,29010,세종시,F,unmarried,40-44,1884
2023,29010,세종시,M,total,40-44,19648
2023,29010,세종시,M,unmarried,40-44,2808
2023,29010,세종시,F,total,40-44,20642
2023,31,경기도,F,unmarried,20-24,326894
2023,31,경기도,M,total,20-24,364555
2023,31,경기도,M,unmarried,20-24,362876
2023,31,경기도,F,total,20-24,331157
2023,31,경기도,F,unmarried,25-29,365083
2023,31,경기도,M,total,25-29,473364
2023,31,경기도,M,unmarried,25-29,446397
2023,31,경기도,F,total,25-29,416893
2023,31,경기도,F,unmarried,30-34,226944
2023,31,경기도,M,total,30-34,487347
2023,31,경기도,M,unmarried,30-34,348342
2023,31,경기도,F,total,30-34,433209
2023,31,경기도,F,unmarried,35-39,106108
2023,31,경기도,M,total,35-39,459543
2023,31,경기도,M,unmarried,35-39,190571
2023,31,경기도,F,total,35-39,429400
2023,31,경기도,F,unmarried,40-44,79846
2023,31,경기도,M,total,40-44,574118
2023,31,경기도,M,unmarried,40-44,148704
2023,31,경기도,F,total,40-44,546727
2023,31003,동부,F,unmarried,20-24,283307
2023,31003,동부,M,total,20-24,311493
2023,31003,동부,M,unmarried,20-24,310257
2023,31003,동부,F,total,20-24,286603
2023,31003,동부,F,unmarried,25-29,324098
2023,31003,동부,M,total,25-29,404557
2023,31003,동부,M,unmarried,25-29,382820
2023,31003,동부,F,total,25-29,367263
2023,31003,동부,F,unmarried,30-34,202890
2023,31003,동부,M,total,30-34,421075
2023,31003,동부,M,unmarried,30-34,300460
2023,31003,동부,F,total,30-34,384086
2023,31003,동부,F,unmarried,35-39,93675
2023,31003,동부,M,total,35-39,399334
2023,31003,동부,M,unmarried,35-39,161905
2023,31003,동부,F,total,35-39,378855
2023,31003,동부,F,unmarried,40-44,69941
2023,31003,동부,M,total,40-44,493251
2023,31003,동부,M,unmarried,40-44,123196
2023,31003,동부,F,total,40-44,476612
2023,31004,읍부,F,unmarried,20-24,31107
2023,31004,읍부,M,total,20-24,36874
2023,31004,읍부,M,unmarried,20-24,36577
2023,31004,읍부,F,total,20-24,31810
2023,31004,읍부,F,unmarried,25-29,29336
2023,31004,읍부,M,total,25-29,46302
2023,31004,읍부,M,unmarried,25-29,42582
2023,31004,읍부,F,total,25-29,35743
2023,31004,읍부,F,unmarried,30-34,16760
2023,31004,읍부,M,total,30-34,45656
2023,31004,읍부,M,unmarried,30-34,31792
2023,31004,읍부,F,total,30-34,36192
2023,31004,읍부,F,unmarried,35-39,8346
2023,31004,읍부,M,total,35-39,43350
2023,31004,읍부,M,unmarried,35-39,18850
2023,31004,읍부,F,total,35-39,38351
2023,31004,읍부,F,unmarried,40-44,6598
2023,31004,읍부,M,total,40-44,59294
2023,31004,읍부,M,unmarried,40-44,16412
2023,31004,읍부,F,total,40-44,54222
2023,31005,면부,F,unmarried,20-24,12480
2023,31005,면부,M,total,20-24,16188
2023,31005,면부,M,unmarried,20-24,16042
2023,31005,면부,F,total,20-24,12744
2023,31005,면부,F,unmarried,25-29,11649
2023,31005,면부,M,total,25-29,22505
2023,31005,면부,M,unmarried,25-29,20995
2023,31005,면부,F,total,25-29,13887
2023,31005,면부,F,unmarried,30-34,7294
2023,31005,면부,M,total,30-34,20616
2023,31005,면부,M,unmarried,30-34,16090
2023,31005,면부,F,total,30-34,12931
2023,31005,면부,F,unmarried,35-39,4087
2023,31005,면부,M,total,35-39,16859
2023,31005,면부,M,unmarried,35-39,9816
2023,31005,면부,F,total,35-39,12194
2023,31005,면부,F,unmarried,40-44,3307
2023,31005,면부,M,total,40-44,21573
2023,31005,면부,M,unmarried,40-44,9096
2023,31005,면부,F,total,40-44,15893
2023,31010,수원시,F,unmarried,20-24,34939
2023,31010,수원시,M,total,20-24,38469
2023,31010,수원시,M,unmarried,20-24,38347
2023,31010,수원시,F,total,20-24,35283
2023,31010,수원시,F,unmarried,25-29,41206
2023,31010,수원시,M,total,25-29,51646
2023,31010,수원시,M,unmarried,25-29,49374
2023,31010,수원시,F,total,25-29,45805
2023,31010,수원시,F,unmarried,30-34,25313
2023,31010,수원시,M,total,30-34,51630
2023,31010,수원시,M,unmarried,30-34,38255
2023,31010,수원시,F,total,30-34,44553
2023,31010,수원시,F,unmarried,35-39,10893
2023,31010,수원시,M,total,35-39,42974
2023,31010,수원시,M,unmarried,35-39,18725
2023,31010,수원시,F,total,35-39,39003
2023,31010,수원시,F,unmarried,40-44,7667
2023,31010,수원시,M,total,40-44,49303
2023,31010,수원시,M,unmarried,40-44,13354
2023,31010,수원시,F,total,40-44,47789
2023,31011,장안구,F,unmarried,20-24,8529
2023,31011,장안구,M,total,20-24,10835
2023,31011,장안구,M,unmarried,20-24,10815
2023,31011,장안구,F,total,20-24,8596
2023,31011,장안구,F,unmarried,25-29,8470
2023,31011,장안구,M,total,25-29,11793
2023,31011,장안구,M,unmarried,25-29,11406
2023,31011,장안구,F,total,25-29,9275
2023,31011,장안구,F,unmarried,30-34,4835
2023,31011,장안구,M,total,30-34,9541
2023,31011,장안구,M,unmarried,30-34,7344
2023,31011,장안구,F,total,30-34,7982
2023,31011,장안구,F,unmarried,35-39,2051
2023,31011,장안구,M,total,35-39,7599
2023,31011,장안구,M,unmarried,35-39,3641
2023,31011,장안구,F,total,35-39,6817
2023,31011,장안구,F,unmarried,40-44,1450
2023,31011,장안구,M,total,40-44,9405
2023,31011,장안구,M,unmarried,40-44,2808
2023,31011,장안구,F,total,40-44,9548
2023,31012,권선구,F,unmarried,20-24,9048
2023,31012,권선구,M,total,20-24,9672
2023,31012,권선구,M,unmarried,20-24,9615
2023,31012,권선구,F,total,20-24,9216
2023,31012,권선구,F,unmarried,25-29,12003
2023,31012,권선구,M,total,25-29,14911
2023,31012,권선구,M,unmarried,25-29,13963
2023,31012,권선구,F,total,25-29,13775
2023,31012,권선구,F,unmarried,30-34,7589
2023,31012,권선구,M,total,30-34,16129
2023,31012,권선구,M,unmarried,30-34,11727
2023,31012,권선구,F,total,30-34,13744
2023,31012,권선구,F,unmarried,35-39,3399
2023,31012,권선구,M,total,35-39,13710
2023,31012,권선구,M,unmarried,35-39,6196
2023,31012,권선구,F,total,35-39,12194
2023,31012,권선구,F,unmarried,40-44,2483
2023,31012,권선구,M,total,40-44,16019
2023,31012,권선구,M,unmarried,40-44,4664
2023,31012,권선구,F,total,40-44,14829
2023,31013,팔달구,F,unmarried,20-24,5616
2023,31013,팔달구,M,total,20-24,5659
2023,31013,팔달구,M,unmarried,20-24,5637
2023,31013,팔달구,F,total,20-24,5670
2023,31013,팔달구,F,unmarried,25-29,7705
2023,31013,팔달구,M,total,25-29,8998
2023,31013,팔달구,M,unmarried,25-29,8615
2023,31013,팔달구,F,total,25-29,8515
2023,31013,팔달구,F,unmarried,30-34,4789
2023,31013,팔달구,M,total,30-34,9515
2023,31013,팔달구,M,unmarried,30-34,7189
2023,31013,팔달구,F,total,30-34,8018
2023,31013,팔달구,F,unmarried,35-39,2195
2023,31013,팔달구,M,total,35-39,7530
2023,31013,팔달구,M,unmarried,35-39,3778
2023,31013,팔달구,F,total,35-39,6267
2023,31013,팔달구,F,unmarried,40-44,1607
2023,31013,팔달구,M,total,40-44,7526
2023,31013,팔달구,M,unmarried,40-44,2811
2023,31013,팔달구,F,total,40-44,6571
2023,31014,영통구,F,unmarried,20-24,11746
2023,31014,영통구,M,total,20-24,12303
2023,31014,영통구,M,unmarried,20-24,12280
2023,31014,영통구,F,total,20-24,11801
2023,31014,영통구,F,unmarried,25-29,13028
2023,31014,영통구,M,total,25-29,15944
2023,31014,영통구,M,unmarried,25-29,15390
2023,31014,영통구,F,total,25-29,14240
2023,31014,영통구,F,unmarried,30-34,8100
2023,31014,영통구,M,total,30-34,16445
2023,31014,영통구,M,unmarried,30-34,11995
2023,31014,영통구,F,total,30-34,14809
2023,31014,영통구,F,unmarried,35-39,3248
2023,31014,영통구,M,total,35-39,14135
2023,31014,영통구,M,unmarried,35-39,5110
2023,31014,영통구,F,total,35-39,13725
2023,31014,영통구,F,unmarried,40-44,2127
2023,31014,영통구,M,total,40-44,16353
2023,31014,영통구,M,unmarried,40-44,3071
2023,31014,영통구,F,total,40-44,16841
2023,31020,성남시,F,unmarried,20-24,22006
2023,31020,성남시,M,total,20-24,22785
2023,31020,성남시,M,unmarried,20-24,22711
2023,31020,성남시,F,total,20-24,22178
2023,31020,성남시,F,unmarried,25-29,27843
2023,31020,성남시,M,total,25-29,32378
2023,31020,성남시,M,unmarried,25-29,31175
2023,31020,성남시,F,total,25-29,30279
2023,31020,성남시,F,unmarried,30-34,19234
2023,31020,성남시,M,total,30-34,34502
2023,31020,성남시,M,unmarried,30-34,26790
2023,31020,성남시,F,total,30-34,31361
2023,31020,성남시,F,unmarried,35-39,9365
2023,31020,성남시,M,total,35-39,31004
2023,31020,성남시,M,unmarried,35-39,14211
2023,31020,성남시,F,total,35-39,29914
2023,31020,성남시,F,unmarried,40-44,7186
2023,31020,성남시,M,total,40-44,35853
2023,31020,성남시,M,unmarried,40-44,10384
2023,31020,성남시,F,total,40-44,35908
2023,31021,수정구,F,unmarried,20-24,6581
2023,31021,수정구,M,total,20-24,6672
2023,31021,수정구,M,unmarried,20-24,6639
2023,31021,수정구,F,total,20-24,6651
2023,31021,수정구,F,unmarried,25-29,7123
2023,31021,수정구,M,total,25-29,9293
2023,31021,수정구,M,unmarried,25-29,8905
2023,31021,수정구,F,total,25-29,7863
2023,31021,수정구,F,unmarried,30-34,4970
2023,31021,수정구,M,total,30-34,9462
2023,31021,수정구,M,unmarried,30-34,7368
2023,31021,수정구,F,total,30-34,8084
2023,31021,수정구,F,unmarried,35-39,2472
2023,31021,수정구,M,total,35-39,8393
2023,31021,수정구,M,unmarried,35-39,4307
2023,31021,수정구,F,total,35-39,7141
2023,31021,수정구,F,unmarried,40-44,1980
2023,31021,수정구,M,total,40-44,9242
2023,31021,수정구,M,unmarried,40-44,3485
2023,31021,수정구,F,total,40-44,8091
2023,31022,중원구,F,unmarried,20-24,5097
2023,31022,중원구,M,total,20-24,5342
2023,31022,중원구,M,unmarried,20-24,5309
2023,31022,중원구,F,total,20-24,5168
2023,31022,중원구,F,unmarried,25-29,6722
2023,31022,중원구,M,total,25-29,8261
2023,31022,중원구,M,unmarried,25-29,7825
2023,31022,중원구,F,total,25-29,7524
2023,31022,중원구,F,unmarried,30-34,4605
2023,31022,중원구,M,total,30-34,9149
2023,31022,중원구,M,unmarried,30-34,7099
2023,31022,중원구,F,total,30-34,7677
2023,31022,중원구,F,unmarried,35-39,2312
2023,31022,중원구,M,total,35-39,7982
2023,31022,중원구,M,unmarried,35-39,4040
2023,31022,중원구,F,total,35-39,6870
2023,31022,중원구,F,unmarried,40-44,1807
2023,31022,중원구,M,total,40-44,8488
2023,31022,중원구,M,unmarried,40-44,3165
2023,31022,중원구,F,total,40-44,7477
2023,31023,분당구,F,unmarried,20-24,10328
2023,31023,분당구,M,total,20-24,10771
2023,31023,분당구,M,unmarried,20-24,10763
2023,31023,분당구,F,total,20-24,10359
2023,31023,분당구,F,unmarried,25-29,13998
2023,31023,분당구,M,total,25-29,14824
2023,31023,분당구,M,unmarried,25-29,14445
2023,31023,분당구,F,total,25-29,14892
2023,31023,분당구,F,unmarried,30-34,9659
2023,31023,분당구,M,total,30-34,15891
2023,31023,분당구,M,unmarried,30-34,12323
2023,31023,분당구,F,total,30-34,15600
2023,31023,분당구,F,unmarried,35-39,4581
2023,31023,분당구,M,total,35-39,14629
2023,31023,분당구,M,unmarried,35-39,5864
2023,31023,분당구,F,total,35-39,15903
2023,31023,분당구,F,unmarried,40-44,3399
2023,31023,분당구,M,total,40-44,18123
2023,31023,분당구,M,unmarried,40-44,3734
2023,31023,분당구,F,total,40-44,20340
2023,31030,의정부시,F,unmarried,20-24,12116
2023,31030,의정부시,M,total,20-24,12405
2023,31030,의정부시,M,unmarried,20-24,12332
2023,31030,의정부시,F,total,20-24,12306
2023,31030,의정부시,F,unmarried,25-29,13800
2023,31030,의정부시,M,total,25-29,15795
2023,31030,의정부시,M,unmarried,25-29,14724
2023,31030,의정부시,F,total,25-29,15714
2023,31030,의정부시,F,unmarried,30-34,7901
2023,31030,의정부시,M,total,30-34,15743
2023,31030,의정부시,M,unmarried,30-34,11037
2023,31030,의정부시,F,total,30-34,14799
2023,31030,의정부시,F,unmarried,35-39,3659
2023,31030,의정부시,M,total,35-39,14417
2023,31030,의정부시,M,unmarried,35-39,6044
2023,31030,의정부시,F,total,35-39,13672
2023,31030,의정부시,F,unmarried,40-44,2940
2023,31030,의정부시,M,total,40-44,18264
2023,31030,의정부시,M,unmarried,40-44,5200
2023,31030,의정부시,F,total,40-44,17164
2023,31040,안양시,F,unmarried,20-24,13926
2023,31040,안양시,M,total,20-24,14509
2023,31040,안양시,M,unmarried,20-24,14481
2023,31040,안양시,F,total,20-24,14010
2023,31040,안양시,F,unmarried,25-29,15783
2023,31040,안양시,M,total,25-29,18744
2023,31040,안양시,M,unmarried,25-29,18015
2023,31040,안양시,F,total,25-29,17322
2023,31040,안양시,F,unmarried,30-34,10756
2023,31040,안양시,M,total,30-34,20289
2023,31040,안양시,M,unmarried,30-34,15032
2023,31040,안양시,F,total,30-34,18835
2023,31040,안양시,F,unmarried,35-39,5159
2023,31040,안양시,M,total,35-39,18772
2023,31040,안양시,M,unmarried,35-39,8180
2023,31040,안양시,F,total,35-39,17443
2023,31040,안양시,F,unmarried,40-44,3673
2023,31040,안양시,M,total,40-44,20520
2023,31040,안양시,M,unmarried,40-44,5970
2023,31040,안양시,F,total,40-44,19879
2023,31041,만안구,F,unmarried,20-24,6549
2023,31041,만안구,M,total,20-24,6323
2023,31041,만안구,M,unmarried,20-24,6302
2023,31041,만안구,F,total,20-24,6599
2023,31041,만안구,F,unmarried,25-29,6852
2023,31041,만안구,M,total,25-29,8558
2023,31041,만안구,M,unmarried,25-29,8174
2023,31041,만안구,F,total,25-29,7635
2023,31041,만안구,F,unmarried,30-34,4635
2023,31041,만안구,M,total,30-34,8923
2023,31041,만안구,M,unmarried,30-34,6742
2023,31041,만안구,F,total,30-34,7882
2023,31041,만안구,F,unmarried,35-39,2235
2023,31041,만안구,M,total,35-39,7882
2023,31041,만안구,M,unmarried,35-39,3784
2023,31041,만안구,F,total,35-39,6936
2023,31041,만안구,F,unmarried,40-44,1667
2023,31041,만안구,M,total,40-44,8574
2023,31041,만안구,M,unmarried,40-44,3129
2023,31041,만안구,F,total,40-44,7550
2023,31042,동안구,F,unmarried,20-24,7377
2023,31042,동안구,M,total,20-24,8186
2023,31042,동안구,M,unmarried,20-24,8179
2023,31042,동안구,F,total,20-24,7411
2023,31042,동안구,F,unmarried,25-29,8931
2023,31042,동안구,M,total,25-29,10186
2023,31042,동안구,M,unmarried,25-29,9841
2023,31042,동안구,F,total,25-29,9687
2023,31042,동안구,F,unmarried,30-34,6121
2023,31042,동안구,M,total,30-34,11366
2023,31042,동안구,M,unmarried,30-34,8290
2023,31042,동안구,F,total,30-34,10953
2023,31042,동안구,F,unmarried,35-39,2924
2023,31042,동안구,M,total,35-39,10890
2023,31042,동안구,M,unmarried,35-39,4396
2023,31042,동안구,F,total,35-39,10507
2023,31042,동안구,F,unmarried,40-44,2006
2023,31042,동안구,M,total,40-44,11946
2023,31042,동안구,M,unmarried,40-44,2841
2023,31042,동안구,F,total,40-44,12329
2023,31050,부천시,F,unmarried,20-24,19396
2023,31050,부천시,M,total,20-24,20386
2023,31050,부천시,M,unmarried,20-24,20329
2023,31050,부천시,F,total,20-24,19583
2023,31050,부천시,F,unmarried,25-29,23875
2023,31050,부천시,M,total,25-29,28020
2023,31050,부천시,M,unmarried,25-29,26752
2023,31050,부천시,F,total,25-29,26334
2023,31050,부천시,F,unmarried,30-34,16132
2023,31050,부천시,M,total,30-34,28307
2023,31050,부천시,M,unmarried,30-34,21712
2023,31050,부천시,F,total,30-34,26161
2023,31050,부천시,F,unmarried,35-39,8324
2023,31050,부천시,M,total,35-39,25608
2023,31050,부천시,M,unmarried,35-39,12786
2023,31050,부천시,F,total,35-39,23800
2023,31050,부천시,F,unmarried,40-44,5964
2023,31050,부천시,M,total,40-44,30203
2023,31050,부천시,M,unmarried,40-44,9877
2023,31050,부천시,F,total,40-44,28856
2023,31060,광명시,F,unmarried,20-24,6687
2023,31060,광명시,M,total,20-24,7301
2023,31060,광명시,M,unmarried,20-24,7278
2023,31060,광명시,F,total,20-24,6724
2023,31060,광명시,F,unmarried,25-29,7423
2023,31060,광명시,M,total,25-29,8514
2023,31060,광명시,M,unmarried,25-29,8196
2023,31060,광명시,F,total,25-29,8115
2023,31060,광명시,F,unmarried,30-34,4967
2023,31060,광명시,M,total,30-34,9261
2023,31060,광명시,M,unmarried,30-34,6897
2023,31060,광명시,F,total,30-34,8534
2023,31060,광명시,F,unmarried,35-39,2464
2023,31060,광명시,M,total,35-39,8956
2023,31060,광명시,M,unmarried,35-39,4009
2023,31060,광명시,F,total,35-39,8610
2023,31060,광명시,F,unmarried,40-44,2006
2023,31060,광명시,M,total,40-44,11035
2023,31060,광명시,M,unmarried,40-44,2929
2023,31060,광명시,F,total,40-44,11464
2023,31070,평택시,F,unmarried,20-24,12943
2023,31070,평택시,M,total,20-24,16226
2023,31070,평택시,M,unmarried,20-24,16093
2023,31070,평택시,F,total,20-24,13318
2023,31070,평택시,F,unmarried,25-29,14503
2023,31070,평택시,M,total,25-29,25165
2023,31070,평택시,M,unmarried,25-29,23150
2023,31070,평택시,F,total,25-29,18248
2023,31070,평택시,F,unmarried,30-34,8350
2023,31070,평택시,M,total,30-34,26882
2023,31070,평택시,M,unmarried,30-34,18189
2023,31070,평택시,F,total,30-34,19882
2023,31070,평택시,F,unmarried,35-39,3778
2023,31070,평택시,M,total,35-39,23681
2023,31070,평택시,M,unmarried,35-39,10076
2023,31070,평택시,F,total,35-39,19073
2023,31070,평택시,F,unmarried,40-44,2885
2023,31070,평택시,M,total,40-44,27764
2023,31070,평택시,M,unmarried,40-44,7712
2023,31070,평택시,F,total,40-44,23292
2023,31080,동두천시,F,unmarried,20-24,2055
2023,31080,동두천시,M,total,20-24,2343
2023,31080,동두천시,M,unmarried,20-24,2316
2023,31080,동두천시,F,total,20-24,2116
2023,31080,동두천시,F,unmarried,25-29,1831
2023,31080,동두천시,M,total,25-29,2687
2023,31080,동두천시,M,unmarried,25-29,2461
2023,31080,동두천시,F,total,25-29,2177
2023,31080,동두천시,F,unmarried,30-34,979
2023,31080,동두천시,M,total,30-34,2418
2023,31080,동두천시,M,unmarried,30-34,1689
2023,31080,동두천시,F,total,30-34,1935
2023,31080,동두천시,F,unmarried,35-39,547
2023,31080,동두천시,M,total,35-39,2093
2023,31080,동두천시,M,unmarried,35-39,1026
2023,31080,동두천시,F,total,35-39,1968
2023,31080,동두천시,F,unmarried,40-44,443
2023,31080,동두천시,M,total,40-44,2924
2023,31080,동두천시,M,unmarried,40-44,983
2023,31080,동두천시,F,total,40-44,2769
2023,31090,안산시,F,unmarried,20-24,19420
2023,31090,안산시,M,total,20-24,21580
2023,31090,안산시,M,unmarried,20-24,21465
2023,31090,안산시,F,total,20-24,19691
2023,31090,안산시,F,unmarried,25-29,20387
2023,31090,안산시,M,total,25-29,27057
2023,31090,안산시,M,unmarried,25-29,25697
2023,31090,안산시,F,total,25-29,22932
2023,31090,안산시,F,unmarried,30-34,11591
2023,31090,안산시,M,total,30-34,24781
2023,31090,안산시,M,unmarried,30-34,19024
2023,31090,안산시,F,total,30-34,19793
2023,31090,안산시,F,unmarried,35-39,4793
2023,31090,안산시,M,total,35-39,19473
2023,31090,안산시,M,unmarried,35-39,9842
2023,31090,안산시,F,total,35-39,16326
2023,31090,안산시,F,unmarried,40-44,3284
2023,31090,안산시,M,total,40-44,23364
2023,31090,안산시,M,unmarried,40-44,8024
2023,31090,안산시,F,total,40-44,20841
2023,31091,상록구,F,unmarried,20-24,10890
2023,31091,상록구,M,total,20-24,12254
2023,31091,상록구,M,unmarried,20-24,12185
2023,31091,상록구,F,total,20-24,11052
2023,31091,상록구,F,unmarried,25-29,10861
2023,31091,상록구,M,total,25-29,14577
2023,31091,상록구,M,unmarried,25-29,13817
2023,31091,상록구,F,total,25-29,12239
2023,31091,상록구,F,unmarried,30-34,6106
2023,31091,상록구,M,total,30-34,12675
2023,31091,상록구,M,unmarried,30-34,9936
2023,31091,상록구,F,total,30-34,10049
2023,31091,상록구,F,unmarried,35-39,2549
2023,31091,상록구,M,total,35-39,9678
2023,31091,상록구,M,unmarried,35-39,5026
2023,31091,상록구,F,total,35-39,8276
2023,31091,상록구,F,unmarried,40-44,1749
2023,31091,상록구,M,total,40-44,12053
2023,31091,상록구,M,unmarried,40-44,4134
2023,31091,상록구,F,total,40-44,11047
2023,31092,단원구,F,unmarried,20-24,8530
2023,31092,단원구,M,total,20-24,9326
2023,31092,단원구,M,unmarried,20-24,9280
2023,31092,단원구,F,total,20-24,8639
2023,31092,단원구,F,unmarried,25-29,9526
2023,31092,단원구,M,total,25-29,12480
2023,31092,단원구,M,unmarried,25-29,11880
2023,31092,단원구,F,total,25-29,10693
2023,31092,단원구,F,unmarried,30-34,5485
2023,31092,단원구,M,total,30-34,12106
2023,31092,단원구,M,unmarried,30-34,9088
2023,31092,단원구,F,total,30-34,9744
2023,31092,단원구,F,unmarried,35-39,2244
2023,31092,단원구,M,total,35-39,9795
2023,31092,단원구,M,unmarried,35-39,4816
2023,31092,단원구,F,total,35-39,8050
2023,31092,단원구,F,unmarried,40-44,1535
2023,31092,단원구,M,total,40-44,11311
2023,31092,단원구,M,unmarried,40-44,3890
2023,31092,단원구,F,total,40-44,9794
2023,31100,고양시,F,unmarried,20-24,24929
2023,31100,고양시,M,total,20-24,26674
2023,31100,고양시,M,unmarried,20-24,26603
2023,31100,고양시,F,total,20-24,25150
2023,31100,고양시,F,unmarried,25-29,31022
2023,31100,고양시,M,total,25-29,34735
2023,31100,고양시,M,unmarried,25-29,33196
2023,31100,고양시,F,total,25-29,34262
2023,31100,고양시,F,unmarried,30-34,20469
2023,31100,고양시,M,total,30-34,35456
2023,31100,고양시,M,unmarried,30-34,26005
2023,31100,고양시,F,total,30-34,35128
2023,31100,고양시,F,unmarried,35-39,9386
2023,31100,고양시,M,total,35-39,33149
2023,31100,고양시,M,unmarried,35-39,13866
2023,31100,고양시,F,total,35-39,32938
2023,31100,고양시,F,unmarried,40-44,7104
2023,31100,고양시,M,total,40-44,39962
2023,31100,고양시,M,unmarried,40-44,9888
2023,31100,고양시,F,total,40-44,41038
2023,31101,덕양구,F,unmarried,20-24,10832
2023,31101,덕양구,M,total,20-24,11879
2023,31101,덕양구,M,unmarried,20-24,11834
2023,31101,덕양구,F,total,20-24,10948
2023,31101,덕양구,F,unmarried,25-29,13701
2023,31101,덕양구,M,total,25-29,15827
2023,31101,덕양구,M,unmarried,25-29,14973
2023,31101,덕양구,F,total,25-29,15498
2023,31101,덕양구,F,unmarried,30-34,9576
2023,31101,덕양구,M,total,30-34,17817
2023,31101,덕양구,M,unmarried,30-34,12430
2023,31101,덕양구,F,total,30-34,17794
2023,31101,덕양구,F,unmarried,35-39,4413
2023,31101,덕양구,M,total,35-39,17495
2023,31101,덕양구,M,unmarried,35-39,6827
2023,31101,덕양구,F,total,35-39,16941
2023,31101,덕양구,F,unmarried,40-44,3485
2023,31101,덕양구,M,total,40-44,20186
2023,31101,덕양구,M,unmarried,40-44,4966
2023,31101,덕양구,F,total,40-44,19485
2023,31103,일산동구,F,unmarried,20-24,7135
2023,31103,일산동구,M,total,20-24,7245
2023,31103,일산동구,M,unmarried,20-24,7232
2023,31103,일산동구,F,total,20-24,7186
2023,31103,일산동구,F,unmarried,25-29,9475
2023,31103,일산동구,M,total,25-29,9974
2023,31103,일산동구,M,unmarried,25-29,9618
2023,31103,일산동구,F,total,25-29,10191
2023,31103,일산동구,F,unmarried,30-34,6073
2023,31103,일산동구,M,total,30-34,9277
2023,31103,일산동구,M,unmarried,30-34,7336
2023,31103,일산동구,F,total,30-34,9219
2023,31103,일산동구,F,unmarried,35-39,2840
2023,31103,일산동구,M,total,35-39,8092
2023,31103,일산동구,M,unmarried,35-39,3877
2023,31103,일산동구,F,total,35-39,8317
2023,31103,일산동구,F,unmarried,40-44,2111
2023,31103,일산동구,M,total,40-44,10150
2023,31103,일산동구,M,unmarried,40-44,2807
2023,31103,일산동구,F,total,40-44,10909
2023,31104,일산서구,F,unmarried,20-24,6962
2023,31104,일산서구,M,total,20-24,7550
2023,31104,일산서구,M,unmarried,20-24,7537
2023,31104,일산서구,F,total,20-24,7016
2023,31104,일산서구,F,unmarried,25-29,7846
2023,31104,일산서구,M,total,25-29,8934
2023,31104,일산서구,M,unmarried,25-29,8605
2023,31104,일산서구,F,total,25-29,8573
2023,31104,일산서구,F,unmarried,30-34,4820
2023,31104,일산서구,M,total,30-34,8362
2023,31104,일산서구,M,unmarried,30-34,6239
2023,31104,일산서구,F,total,30-34,8115
2023,31104,일산서구,F,unmarried,35-39,2133
2023,31104,일산서구,M,total,35-39,7562
2023,31104,일산서구,M,unmarried,35-39,3162
2023,31104,일산서구,F,total,35-39,7680
2023,31104,일산서구,F,unmarried,40-44,1508
2023,31104,일산서구,M,total,40-44,9626
2023,31104,일산서구,M,unmarried,40-44,2115
2023,31104,일산서구,F,total,40-44,10644
2023,31110,과천시,F,unmarried,20-24,1705
2023,31110,과천시,M,total,20-24,1886
2023,31110,과천시,M,unmarried,20-24,1882
2023,31110,과천시,F,total,20-24,1717
2023,31110,과천시,F,unmarried,25-29,2042
2023,31110,과천시,M,total,25-29,2332
2023,31110,과천시,M,unmarried,25-29,2253
2023,31110,과천시,F,total,25-29,2257
2023,31110,과천시,F,unmarried,30-34,1283
2023,31110,과천시,M,total,30-34,2689
2023,31110,과천시,M,unmarried,30-34,1749
2023,31110,과천시,F,total,30-34,2795
2023,31110,과천시,F,unmarried,35-39,524
2023,31110,과천시,M,total,35-39,2942
2023,31110,과천시,M,unmarried,35-39,806
2023,31110,과천시,F,total,35-39,2978
2023,31110,과천시,F,unmarried,40-44,400
2023,31110,과천시,M,total,40-44,3178
2023,31110,과천시,M,unmarried,40-44,445
2023,31110,과천시,F,total,40-44,3252
2023,31120,구리시,F,unmarried,20-24,4547
2023,31120,구리시,M,total,20-24,4555
2023,31120,구리시,M,unmarried,20-24,4542
2023,31120,구리시,F,total,20-24,4575
2023,31120,구리시,F,unmarried,25-29,5531
2023,31120,구리시,M,total,25-29,6394
2023,31120,구리시,M,unmarried,25-29,6131
2023,31120,구리시,F,total,25-29,6020
2023,31120,구리시,F,unmarried,30-34,3507
2023,31120,구리시,M,total,30-34,6025
2023,31120,구리시,M,unmarried,30-34,4657
2023,31120,구리시,F,total,30-34,5785
2023,31120,구리시,F,unmarried,35-39,1614
2023,31120,구리시,M,total,35-39,5787
2023,31120,구리시,M,unmarried,35-39,2625
2023,31120,구리시,F,total,35-39,5531
2023,31120,구리시,F,unmarried,40-44,1250
2023,31120,구리시,M,total,40-44,7528
2023,31120,구리시,M,unmarried,40-44,2094
2023,31120,구리시,F,total,40-44,7288
2023,31130,남양주시,F,unmarried,20-24,16440
2023,31130,남양주시,M,total,20-24,18296
2023,31130,남양주시,M,unmarried,20-24,18218
2023,31130,남양주시,F,total,20-24,16647
2023,31130,남양주시,F,unmarried,25-29,16872
2023,31130,남양주시,M,total,25-29,20578
2023,31130,남양주시,M,unmarried,25-29,19206
2023,31130,남양주시,F,total,25-29,19437
2023,31130,남양주시,F,unmarried,30-34,9839
2023,31130,남양주시,M,total,30-34,19992
2023,31130,남양주시,M,unmarried,30-34,13806
2023,31130,남양주시,F,total,30-34,19262
2023,31130,남양주시,F,unmarried,35-39,4993
2023,31130,남양주시,M,total,35-39,20881
2023,31130,남양주시,M,unmarried,35-39,8056
2023,31130,남양주시,F,total,35-39,21647
2023,31130,남양주시,F,unmarried,40-44,3979
2023,31130,남양주시,M,total,40-44,30925
2023,31130,남양주시,M,unmarried,40-44,6899
2023,31130,남양주시,F,total,40-44,31782
2023,31140,오산시,F,unmarried,20-24,5661
2023,31140,오산시,M,total,20-24,6404
2023,31140,오산시,M,unmarried,20-24,6354
2023,31140,오산시,F,total,20-24,5780
2023,31140,오산시,F,unmarried,25-29,5736
2023,31140,오산시,M,total,25-29,8875
2023,31140,오산시,M,unmarried,25-29,8263
2023,31140,오산시,F,total,25-29,6832
2023,31140,오산시,F,unmarried,30-34,3531
2023,31140,오산시,M,total,30-34,9738
2023,31140,오산시,M,unmarried,30-34,7118
2023,31140,오산시,F,total,30-34,7229
2023,31140,오산시,F,unmarried,35-39,1862
2023,31140,오산시,M,total,35-39,9291
2023,31140,오산시,M,unmarried,35-39,4335
2023,31140,오산시,F,total,35-39,8104
2023,31140,오산시,F,unmarried,40-44,1280
2023,31140,오산시,M,total,40-44,12502
2023,31140,오산시,M,unmarried,40-44,3628
2023,31140,오산시,F,total,40-44,10689
2023,31150,시흥시,F,unmarried,20-24,11724
2023,31150,시흥시,M,total,20-24,15346
2023,31150,시흥시,M,unmarried,20-24,15268
2023,31150,시흥시,F,total,20-24,11933
2023,31150,시흥시,F,unmarried,25-29,13309
2023,31150,시흥시,M,total,25-29,18564
2023,31150,시흥시,M,unmarried,25-29,17316
2023,31150,시흥시,F,total,25-29,15752
2023,31150,시흥시,F,unmarried,30-34,7446
2023,31150,시흥시,M,total,30-34,20052
2023,31150,시흥시,M,unmarried,30-34,13718
2023,31150,시흥시,F,total,30-34,16621
2023,31150,시흥시,F,unmarried,35-39,3287
2023,31150,시흥시,M,total,35-39,19988
2023,31150,시흥시,M,unmarried,35-39,7963
2023,31150,시흥시,F,total,35-39,17540
2023,31150,시흥시,F,unmarried,40-44,2414
2023,31150,시흥시,M,total,40-44,25874
2023,31150,시흥시,M,unmarried,40-44,6940
2023,31150,시흥시,F,total,40-44,22202
2023,31160,군포시,F,unmarried,20-24,6510
2023,31160,군포시,M,total,20-24,7214
2023,31160,군포시,M,unmarried,20-24,7191
2023,31160,군포시,F,total,20-24,6557
2023,31160,군포시,F,unmarried,25-29,7564
2023,31160,군포시,M,total,25-29,9265
2023,31160,군포시,M,unmarried,25-29,8894
2023,31160,군포시,F,total,25-29,8409
2023,31160,군포시,F,unmarried,30-34,5000
2023,31160,군포시,M,total,30-34,9838
2023,31160,군포시,M,unmarried,30-34,7384
2023,31160,군포시,F,total,30-34,8649
2023,31160,군포시,F,unmarried,35-39,2273
2023,31160,군포시,M,total,35-39,8606
2023,31160,군포시,M,unmarried,35-39,4035
2023,31160,군포시,F,total,35-39,7663
2023,31160,군포시,F,unmarried,40-44,1620
2023,31160,군포시,M,total,40-44,9603
2023,31160,군포시,M,unmarried,40-44,2886
2023,31160,군포시,F,total,40-44,9286
2023,31170,의왕시,F,unmarried,20-24,3821
2023,31170,의왕시,M,total,20-24,4285
2023,31170,의왕시,M,unmarried,20-24,4282
2023,31170,의왕시,F,total,20-24,3849
2023,31170,의왕시,F,unmarried,25-29,4330
2023,31170,의왕시,M,total,25-29,5445
2023,31170,의왕시,M,unmarried,25-29,5192
2023,31170,의왕시,F,total,25-29,4878
2023,31170,의왕시,F,unmarried,30-34,2711
2023,31170,의왕시,M,total,30-34,5834
2023,31170,의왕시,M,unmarried,30-34,4004
2023,31170,의왕시,F,total,30-34,5332
2023,31170,의왕시,F,unmarried,35-39,1216
2023,31170,의왕시,M,total,35-39,5176
2023,31170,의왕시,M,unmarried,35-39,2003
2023,31170,의왕시,F,total,35-39,4964
2023,31170,의왕시,F,unmarried,40-44,824
2023,31170,의왕시,M,total,40-44,5843
2023,31170,의왕시,M,unmarried,40-44,1503
2023,31170,의왕시,F,total,40-44,5480
2023,31180,하남시,F,unmarried,20-24,6314
2023,31180,하남시,M,total,20-24,6564
2023,31180,하남시,M,unmarried,20-24,6543
2023,31180,하남시,F,total,20-24,6370
2023,31180,하남시,F,unmarried,25-29,9008
2023,31180,하남시,M,total,25-29,9684
2023,31180,하남시,M,unmarried,25-29,9198
2023,31180,하남시,F,total,25-29,10055
2023,31180,하남시,F,unmarried,30-34,6538
2023,31180,하남시,M,total,30-34,11887
2023,31180,하남시,M,unmarried,30-34,8398
2023,31180,하남시,F,total,30-34,12079
2023,31180,하남시,F,unmarried,35-39,3099
2023,31180,하남시,M,total,35-39,12867
2023,31180,하남시,M,unmarried,35-39,4941
2023,31180,하남시,F,total,35-39,12965
2023,31180,하남시,F,unmarried,40-44,2415
2023,31180,하남시,M,total,40-44,16621
2023,31180,하남시,M,unmarried,40-44,3788
2023,31180,하남시,F,total,40-44,16150
2023,31190,용인시,F,unmarried,20-24,30412
2023,31190,용인시,M,total,20-24,33280
2023,31190,용인시,M,unmarried,20-24,33183
2023,31190,용인시,F,total,20-24,30611
2023,31190,용인시,F,unmarried,25-29,27448
2023,31190,용인시,M,total,25-29,34813
2023,31190,용인시,M,unmarried,25-29,33361
2023,31190,용인시,F,total,25-29,30295
2023,31190,용인시,F,unmarried,30-34,15708
2023,31190,용인시,M,total,30-34,32214
2023,31190,용인시,M,unmarried,30-34,23139
2023,31190,용인시,F,total,30-34,29957
2023,31190,용인시,F,unmarried,35-39,6933
2023,31190,용인시,M,total,35-39,32331
2023,31190,용인시,M,unmarried,35-39,11861
2023,31190,용인시,F,total,35-39,32778
2023,31190,용인시,F,unmarried,40-44,5540
2023,31190,용인시,M,total,40-44,44817
2023,31190,용인시,M,unmarried,40-44,8968
2023,31190,용인시,F,total,40-44,46114
2023,31191,처인구,F,unmarried,20-24,8497
2023,31191,처인구,M,total,20-24,9809
2023,31191,처인구,M,unmarried,20-24,9752
2023,31191,처인구,F,total,20-24,8605
2023,31191,처인구,F,unmarried,25-29,6359
2023,31191,처인구,M,total,25-29,9948
2023,31191,처인구,M,unmarried,25-29,9293
2023,31191,처인구,F,total,25-29,7450
2023,31191,처인구,F,unmarried,30-34,3498
2023,31191,처인구,M,total,30-34,8916
2023,31191,처인구,M,unmarried,30-34,6390
2023,31191,처인구,F,total,30-34,6983
2023,31191,처인구,F,unmarried,35-39,1693
2023,31191,처인구,M,total,35-39,8161
2023,31191,처인구,M,unmarried,35-39,3597
2023,31191,처인구,F,total,35-39,7182
2023,31191,처인구,F,unmarried,40-44,1314
2023,31191,처인구,M,total,40-44,10948
2023,31191,처인구,M,unmarried,40-44,2977
2023,31191,처인구,F,total,40-44,9933
2023,31192,기흥구,F,unmarried,20-24,12221
2023,31192,기흥구,M,total,20-24,13347
2023,31192,기흥구,M,unmarried,20-24,13322
2023,31192,기흥구,F,total,20-24,12290
2023,31192,기흥구,F,unmarried,25-29,11401
2023,31192,기흥구,M,total,25-29,14134
2023,31192,기흥구,M,unmarried,25-29,13599
2023,31192,기흥구,F,total,25-29,12468
2023,31192,기흥구,F,unmarried,30-34,6200
2023,31192,기흥구,M,total,30-34,12663
2023,31192,기흥구,M,unmarried,30-34,9164
2023,31192,기흥구,F,total,30-34,11841
2023,31192,기흥구,F,unmarried,35-39,2789
2023,31192,기흥구,M,total,35-39,12583
2023,31192,기흥구,M,unmarried,35-39,4628
2023,31192,기흥구,F,total,35-39,12911
2023,31192,기흥구,F,unmarried,40-44,2313
2023,31192,기흥구,M,total,40-44,18069
2023,31192,기흥구,M,unmarried,40-44,3575
2023,31192,기흥구,F,total,40-44,18917
2023,31193,수지구,F,unmarried,20-24,9694
2023,31193,수지구,M,total,20-24,10124
2023,31193,수지구,M,unmarried,20-24,10109
2023,31193,수지구,F,total,20-24,9716
2023,31193,수지구,F,unmarried,25-29,9688
2023,31193,수지구,M,total,25-29,10731
2023,31193,수지구,M,unmarried,25-29,10469
2023,31193,수지구,F,total,25-29,10377
2023,31193,수지구,F,unmarried,30-34,6010
2023,31193,수지구,M,total,30-34,10635
2023,31193,수지구,M,unmarried,30-34,7585
2023,31193,수지구,F,total,30-34,11133
2023,31193,수지구,F,unmarried,35-39,2451
2023,31193,수지구,M,total,35-39,11587
2023,31193,수지구,M,unmarried,35-39,3636
2023,31193,수지구,F,total,35-39,12685
2023,31193,수지구,F,unmarried,40-44,1913
2023,31193,수지구,M,total,40-44,15800
2023,31193,수지구,M,unmarried,40-44,2416
2023,31193,수지구,F,total,40-44,17264
2023,31200,파주시,F,unmarried,20-24,9650
2023,31200,파주시,M,total,20-24,11928
2023,31200,파주시,M,unmarried,20-24,11846
2023,31200,파주시,F,total,20-24,9859
2023,31200,파주시,F,unmarried,25-29,10629
2023,31200,파주시,M,total,25-29,15980
2023,31200,파주시,M,unmarried,25-29,14512
2023,31200,파주시,F,total,25-29,13242
2023,31200,파주시,F,unmarried,30-34,6729
2023,31200,파주시,M,total,30-34,16564
2023,31200,파주시,M,unmarried,30-34,10594
2023,31200,파주시,F,total,30-34,15875
2023,31200,파주시,F,unmarried,35-39,3070
2023,31200,파주시,M,total,35-39,18279
2023,31200,파주시,M,unmarried,35-39,6783
2023,31200,파주시,F,total,35-39,16096
2023,31200,파주시,F,unmarried,40-44,2381
2023,31200,파주시,M,total,40-44,22106
2023,31200,파주시,M,unmarried,40-44,4978
2023,31200,파주시,F,total,40-44,20238
2023,31210,이천시,F,unmarried,20-24,4865
2023,31210,이천시,M,total,20-24,6136
2023,31210,이천시,M,unmarried,20-24,6086
2023,31210,이천시,F,total,20-24,4992
2023,31210,이천시,F,unmarried,25-29,5303
2023,31210,이천시,M,total,25-29,9701
2023,31210,이천시,M,unmarried,25-29,8881
2023,31210,이천시,F,total,25-29,6571
2023,31210,이천시,F,unmarried,30-34,2977
2023,31210,이천시,M,total,30-34,8971
2023,31210,이천시,M,unmarried,30-34,6286
2023,31210,이천시,F,total,30-34,6526
2023,31210,이천시,F,unmarried,35-39,1466
2023,31210,이천시,M,total,35-39,7322
2023,31210,이천시,M,unmarried,35-39,2947
2023,31210,이천시,F,total,35-39,6764
2023,31210,이천시,F,unmarried,40-44,1001
2023,31210,이천시,M,total,40-44,9104
2023,31210,이천시,M,unmarried,40-44,2466
2023,31210,이천시,F,total,40-44,7776
2023,31220,안성시,F,unmarried,20-24,6040
2023,31220,안성시,M,total,20-24,6553
2023,31220,안성시,M,unmarried,20-24,6494
2023,31220,안성시,F,total,20-24,6143
2023,31220,안성시,F,unmarried,25-29,4082
2023,31220,안성시,M,total,25-29,6499
2023,31220,안성시,M,unmarried,25-29,6065
2023,31220,안성시,F,total,25-29,4911
2023,31220,안성시,F,unmarried,30-34,2096
2023,31220,안성시,M,total,30-34,5928
2023,31220,안성시,M,unmarried,30-34,4226
2023,31220,안성시,F,total,30-34,4501
2023,31220,안성시,F,unmarried,35-39,1131
2023,31220,안성시,M,total,35-39,5756
2023,31220,안성시,M,unmarried,35-39,2752
2023,31220,안성시,F,total,35-39,4723
2023,31220,안성시,F,unmarried,40-44,886
2023,31220,안성시,M,total,40-44,7716
2023,31220,안성시,M,unmarried,40-44,2382
2023,31220,안성시,F,total,40-44,6679
2023,31230,김포시,F,unmarried,20-24,8706
2023,31230,김포시,M,total,20-24,9703
2023,31230,김포시,M,unmarried,20-24,9629
2023,31230,김포시,F,total,20-24,8858
2023,31230,김포시,F,unmarried,25-29,10723
2023,31230,김포시,M,total,25-29,12880
2023,31230,김포시,M,unmarried,25-29,12028
2023,31230,김포시,F,total,25-29,12511
2023,31230,김포시,F,unmarried,30-34,6983
2023,31230,김포시,M,total,30-34,14579
2023,31230,김포시,M,unmarried,30-34,9622
2023,31230,김포시,F,total,30-34,14887
2023,31230,김포시,F,unmarried,35-39,3405
2023,31230,김포시,M,total,35-39,17255
2023,31230,김포시,M,unmarried,35-39,5768
2023,31230,김포시,F,total,35-39,18055
2023,31230,김포시,F,unmarried,40-44,2820
2023,31230,김포시,M,total,40-44,24978
2023,31230,김포시,M,unmarried,40-44,4934
2023,31230,김포시,F,total,40-44,24484
2023,31240,화성시,F,unmarried,20-24,20004
2023,31240,화성시,M,total,20-24,22457
2023,31240,화성시,M,unmarried,20-24,22357
2023,31240,화성시,F,total,20-24,20316
2023,31240,화성시,F,unmarried,25-29,22549
2023,31240,화성시,M,total,25-29,33945
2023,31240,화성시,M,unmarried,25-29,31687
2023,31240,화성시,F,total,25-29,27222
2023,31240,화성시,F,unmarried,30-34,13498
2023,31240,화성시,M,total,30-34,40029
2023,31240,화성시,M,unmarried,30-34,26185
2023,31240,화성시,F,total,30-34,34097
2023,31240,화성시,F,unmarried,35-39,5765
2023,31240,화성시,M,total,35-39,39979
2023,31240,화성시,M,unmarried,35-39,13026
2023,31240,화성시,F,total,35-39,36810
2023,31240,화성시,F,unmarried,40-44,3959
2023,31240,화성시,M,total,40-44,50261
2023,31240,화성시,M,unmarried,40-44,9822
2023,31240,화성시,F,total,40-44,46216
2023,31250,광주시,F,unmarried,20-24,7641
2023,31250,광주시,M,total,20-24,9031
2023,31250,광주시,M,unmarried,20-24,8975
2023,31250,광주시,F,total,20-24,7784
2023,31250,광주시,F,unmarried,25-29,8684
2023,31250,광주시,M,total,25-29,11865
2023,31250,광주시,M,unmarried,25-29,11049
2023,31250,광주시,F,total,25-29,10308
2023,31250,광주시,F,unmarried,30-34,5544
2023,31250,광주시,M,total,30-34,12860
2023,31250,광주시,M,unmarried,30-34,8993
2023,31250,광주시,F,total,30-34,11365
2023,31250,광주시,F,unmarried,35-39,2945
2023,31250,광주시,M,total,35-39,13696
2023,31250,광주시,M,unmarried,35-39,5675
2023,31250,광주시,F,total,35-39,12588
2023,31250,광주시,F,unmarried,40-44,2446
2023,31250,광주시,M,total,40-44,18501
2023,31250,광주시,M,unmarried,40-44,5120
2023,31250,광주시,F,total,40-44,16579
2023,31260,양주시,F,unmarried,20-24,5859
2023,31260,양주시,M,total,20-24,6816
2023,31260,양주시,M,unmarried,20-24,6747
2023,31260,양주시,F,total,20-24,6015
2023,31260,양주시,F,unmarried,25-29,5300
2023,31260,양주시,M,total,25-29,7882
2023,31260,양주시,M,unmarried,25-29,6978
2023,31260,양주시,F,total,25-29,6810
2023,31260,양주시,F,unmarried,30-34,3044
2023,31260,양주시,M,total,30-34,8355
2023,31260,양주시,M,unmarried,30-34,4955
2023,31260,양주시,F,total,30-34,7702
2023,31260,양주시,F,unmarried,35-39,1555
2023,31260,양주시,M,total,35-39,8390
2023,31260,양주시,M,unmarried,35-39,2907
2023,31260,양주시,F,total,35-39,8051
2023,31260,양주시,F,unmarried,40-44,1195
2023,31260,양주시,M,total,40-44,11145
2023,31260,양주시,M,unmarried,40-44,2718
2023,31260,양주시,F,total,40-44,10440
2023,31270,포천시,F,unmarried,20-24,3242
2023,31270,포천시,M,total,20-24,4022
2023,31270,포천시,M,unmarried,20-24,3985
2023,31270,포천시,F,total,20-24,3318
2023,31270,포천시,F,unmarried,25-29,2871
2023,31270,포천시,M,total,25-29,4919
2023,31270,포천시,M,unmarried,25-29,4492
2023,31270,포천시,F,total,25-29,3481
2023,31270,포천시,F,unmarried,30-34,1515
2023,31270,포천시,M,total,30-34,4102
2023,31270,포천시,M,unmarried,30-34,2942
2023,31270,포천시,F,total,30-34,2991
2023,31270,포천시,F,unmarried,35-39,763
2023,31270,포천시,M,total,35-39,3371
2023,31270,포천시,M,unmarried,35-39,1739
2023,31270,포천시,F,total,35-39,2726
2023,31270,포천시,F,unmarried,40-44,583
2023,31270,포천시,M,total,40-44,4151
2023,31270,포천시,M,unmarried,40-44,1556
2023,31270,포천시,F,total,40-44,3476
2023,31280,여주시,F,unmarried,20-24,2270
2023,31280,여주시,M,total,20-24,2762
2023,31280,여주시,M,unmarried,20-24,2731
2023,31280,여주시,F,total,20-24,2315
2023,31280,여주시,F,unmarried,25-29,2146
2023,31280,여주시,M,total,25-29,3212
2023,31280,여주시,M,unmarried,25-29,2961
2023,31280,여주시,F,total,25-29,2579
2023,31280,여주시,F,unmarried,30-34,1250
2023,31280,여주시,M,total,30-34,3021
2023,31280,여주시,M,unmarried,30-34,2140
2023,31280,여주시,F,total,30-34,2454
2023,31280,여주시,F,unmarried,35-39,690
2023,31280,여주시,M,total,35-39,2797
2023,31280,여주시,M,unmarried,35-39,1302
2023,31280,여주시,F,total,35-39,2526
2023,31280,여주시,F,unmarried,40-44,599
2023,31280,여주시,M,total,40-44,3755
2023,31280,여주시,M,unmarried,40-44,1164
2023,31280,여주시,F,total,40-44,3533
2023,31550,연천군,F,unmarried,20-24,630
2023,31550,연천군,M,total,20-24,1070
2023,31550,연천군,M,unmarried,20-24,1060
2023,31550,연천군,F,total,20-24,666
2023,31550,연천군,F,unmarried,25-29,540
2023,31550,연천군,M,total,25-29,1528
2023,31550,연천군,M,unmarried,25-29,1315
2023,31550,연천군,F,total,25-29,788
2023,31550,연천군,F,unmarried,30-34,329
2023,31550,연천군,M,total,30-34,1321
2023,31550,연천군,M,unmarried,30-34,840
2023,31550,연천군,F,total,30-34,861
2023,31550,연천군,F,unmarried,35-39,182
2023,31550,연천군,M,total,35-39,904
2023,31550,연천군,M,unmarried,35-39,413
2023,31550,연천군,F,total,35-39,675
2023,31550,연천군,F,unmarried,40-44,156
2023,31550,연천군,M,total,40-44,1070
2023,31550,연천군,M,unmarried,40-44,360
2023,31550,연천군,F,total,40-44,962
2023,31570,가평군,F,unmarried,20-24,842
2023,31570,가평군,M,total,20-24,1296
2023,31570,가평군,M,unmarried,20-24,1288
2023,31570,가평군,F,total,20-24,867
2023,31570,가평군,F,unmarried,25-29,953
2023,31570,가평군,M,total,25-29,1666
2023,31570,가평군,M,unmarried,25-29,1502
2023,31570,가평군,F,total,25-29,1186
2023,31570,가평군,F,unmarried,30-34,567
2023,31570,가평군,M,total,30-34,1507
2023,31570,가평군,M,unmarried,30-34,1083
2023,31570,가평군,F,total,30-34,1115
2023,31570,가평군,F,unmarried,35-39,325
2023,31570,가평군,M,total,35-39,1319
2023,31570,가평군,M,unmarried,35-39,664
2023,31570,가평군,F,total,35-39,1114
2023,31570,가평군,F,unmarried,40-44,310
2023,31570,가평군,M,total,40-44,1701
2023,31570,가평군,M,unmarried,40-44,616
2023,31570,가평군,F,total,40-44,1530
2023,31580,양평군,F,unmarried,20-24,1594
2023,31580,양평군,M,total,20-24,2273
2023,31580,양평군,M,unmarried,20-24,2260
2023,31580,양평군,F,total,20-24,1626
2023,31580,양평군,F,unmarried,25-29,1790
2023,31580,양평군,M,total,25-29,2596
2023,31580,양평군,M,unmarried,25-29,2373
2023,31580,양평군,F,total,25-29,2161
2023,31580,양평군,F,unmarried,30-34,1157
2023,31580,양평군,M,total,30-34,2572
2023,31580,양평군,M,unmarried,30-34,1873
2023,31580,양평군,F,total,30-34,2145
2023,31580,양평군,F,unmarried,35-39,642
2023,31580,양평군,M,total,35-39,2479
2023,31580,양평군,M,unmarried,35-39,1205
2023,31580,양평군,F,total,35-39,2355
2023,31580,양평군,F,unmarried,40-44,636
2023,31580,양평군,M,total,40-44,3547
2023,31580,양평군,M,unmarried,40-44,1116
2023,31580,양평군,F,total,40-44,3571
2023,32,강원특별자치도,F,unmarried,20-24,35352
2023,32,강원특별자치도,M,total,20-24,46701
2023,32,강원특별자치도,M,unmarried,20-24,46385
2023,32,강원특별자치도,F,total,20-24,36092
2023,32,강원특별자치도,F,unmarried,25-29,28903
2023,32,강원특별자치도,M,total,25-29,47469
2023,32,강원특별자치도,M,unmarried,25-29,43280
2023,32,강원특별자치도,F,total,25-29,35854
2023,32,강원특별자치도,F,unmarried,30-34,16210
2023,32,강원특별자치도,M,total,30-34,42920
2023,32,강원특별자치도,M,unmarried,30-34,28439
2023,32,강원특별자치도,F,total,30-34,35722
2023,32,강원특별자치도,F,unmarried,35-39,8191
2023,32,강원특별자치도,M,total,35-39,39465
2023,32,강원특별자치도,M,unmarried,35-39,16346
2023,32,강원특별자치도,F,total,35-39,35637
2023,32,강원특별자치도,F,unmarried,40-44,6966
2023,32,강원특별자치도,M,total,40-44,50328
2023,32,강원특별자치도,M,unmarried,40-44,14644
2023,32,강원특별자치도,F,total,40-44,48718
2023,32003,동부,F,unmarried,20-24,25036
2023,32003,동부,M,total,20-24,31552
2023,32003,동부,M,unmarried,20-24,31356
2023,32003,동부,F,total,20-24,25487
2023,32003,동부,F,unmarried,25-29,21081
2023,32003,동부,M,total,25-29,30773
2023,32003,동부,M,unmarried,25-29,28279
2023,32003,동부,F,total,25-29,25516
2023,32003,동부,F,unmarried,30-34,11638
2023,32003,동부,M,total,30-34,28014
2023,32003,동부,M,unmarried,30-34,18692
2023,32003,동부,F,total,30-34,24440
2023,32003,동부,F,unmarried,35-39,5510
2023,32003,동부,M,total,35-39,25482
2023,32003,동부,M,unmarried,35-39,10229
2023,32003,동부,F,total,35-39,23778
2023,32003,동부,F,unmarried,40-44,4678
2023,32003,동부,M,total,40-44,32713
2023,32003,동부,M,unmarried,40-44,9119
2023,32003,동부,F,total,40-44,33104
2023,32004,읍부,F,unmarried,20-24,4758
2023,32004,읍부,M,total,20-24,6459
2023,32004,읍부,M,unmarried,20-24,6397
2023,32004,읍부,F,total,20-24,4913
2023,32004,읍부,F,unmarried,25-29,3441
2023,32004,읍부,M,total,25-29,7158
2023,32004,읍부,M,unmarried,25-29,6280
2023,32004,읍부,F,total,25-29,4722
2023,32004,읍부,F,unmarried,30-34,1933
2023,32004,읍부,M,total,30-34,6602
2023,32004,읍부,M,unmarried,30-34,4110
2023,32004,읍부,F,total,30-34,5107
2023,32004,읍부,F,unmarried,35-39,1103
2023,32004,읍부,M,total,35-39,5995
2023,32004,읍부,M,unmarried,35-39,2550
2023,32004,읍부,F,total,35-39,5189
2023,32004,읍부,F,unmarried,40-44,1005
2023,32004,읍부,M,total,40-44,7744
2023,32004,읍부,M,unmarried,40-44,2400
2023,32004,읍부,F,total,40-44,7201
2023,32005,면부,F,unmarried,20-24,5558
2023,32005,면부,M,total,20-24,8690
2023,32005,면부,M,unmarried,20-24,8632
2023,32005,면부,F,total,20-24,5692
2023,32005,면부,F,unmarried,25-29,4381
2023,32005,면부,M,total,25-29,9538
2023,32005,면부,M,unmarried,25-29,8721
2023,32005,면부,F,total,25-29,5616
2023,32005,면부,F,unmarried,30-34,2639
2023,32005,면부,M,total,30-34,8304
2023,32005,면부,M,unmarried,30-34,5637
2023,32005,면부,F,total,30-34,6175
2023,32005,면부,F,unmarried,35-39,1578
2023,32005,면부,M,total,35-39,7988
2023,32005,면부,M,unmarried,35-39,3567
2023,32005,면부,F,total,35-39,6670
2023,32005,면부,F,unmarried,40-44,1283
2023,32005,면부,M,total,40-44,9871
2023,32005,면부,M,unmarried,40-44,3125
2023,32005,면부,F,total,40-44,8413
2023,32010,춘천시,F,unmarried,20-24,10260
2023,32010,춘천시,M,total,20-24,10837
2023,32010,춘천시,M,unmarried,20-24,10780
2023,32010,춘천시,F,total,20-24,10378
2023,32010,춘천시,F,unmarried,25-29,7244
2023,32010,춘천시,M,total,25-29,10286
2023,32010,춘천시,M,unmarried,25-29,9542
2023,32010,춘천시,F,total,25-29,8592
2023,32010,춘천시,F,unmarried,30-34,3969
2023,32010,춘천시,M,total,30-34,9206
2023,32010,춘천시,M,unmarried,30-34,6172
2023,32010,춘천시,F,total,30-34,8089
2023,32010,춘천시,F,unmarried,35-39,1950
2023,32010,춘천시,M,total,35-39,8240
2023,32010,춘천시,M,unmarried,35-39,3297
2023,32010,춘천시,F,total,35-39,7854
2023,32010,춘천시,F,unmarried,40-44,1521
2023,32010,춘천시,M,total,40-44,9983
2023,32010,춘천시,M,unmarried,40-44,2580
2023,32010,춘천시,F,total,40-44,10147
2023,32020,원주시,F,unmarried,20-24,9958
2023,32020,원주시,M,total,20-24,11888
2023,32020,원주시,M,unmarried,20-24,11817
2023,32020,원주시,F,total,20-24,10140
2023,32020,원주시,F,unmarried,25-29,8759
2023,32020,원주시,M,total,25-29,12025
2023,32020,원주시,M,unmarried,25-29,10999
2023,32020,원주시,F,total,25-29,10646
2023,32020,원주시,F,unmarried,30-34,5291
2023,32020,원주시,M,total,30-34,11782
2023,32020,원주시,M,unmarried,30-34,7694
2023,32020,원주시,F,total,30-34,11022
2023,32020,원주시,F,unmarried,35-39,2372
2023,32020,원주시,M,total,35-39,10979
2023,32020,원주시,M,unmarried,35-39,4189
2023,32020,원주시,F,total,35-39,10493
2023,32020,원주시,F,unmarried,40-44,1871
2023,32020,원주시,M,total,40-44,13626
2023,32020,원주시,M,unmarried,40-44,3586
2023,32020,원주시,F,total,40-44,13706
2023,32030,강릉시,F,unmarried,20-24,6063
2023,32030,강릉시,M,total,20-24,8179
2023,32030,강릉시,M,unmarried,20-24,8145
2023,32030,강릉시,F,total,20-24,6158
2023,32030,강릉시,F,unmarried,25-29,4249
2023,32030,강릉시,M,total,25-29,6711
2023,32030,강릉시,M,unmarried,25-29,6222
2023,32030,강릉시,F,total,25-29,5150
2023,32030,강릉시,F,unmarried,30-34,2211
2023,32030,강릉시,M,total,30-34,5522
2023,32030,강릉시,M,unmarried,30-34,3838
2023,32030,강릉시,F,total,30-34,4529
2023,32030,강릉시,F,unmarried,35-39,1120
2023,32030,강릉시,M,total,35-39,5152
2023,32030,강릉시,M,unmarried,35-39,2265
2023,32030,강릉시,F,total,35-39,4578
2023,32030,강릉시,F,unmarried,40-44,1068
2023,32030,강릉시,M,total,40-44,6847
2023,32030,강릉시,M,unmarried,40-44,2140
2023,32030,강릉시,F,total,40-44,6865
2023,32040,동해시,F,unmarried,20-24,1072
2023,32040,동해시,M,total,20-24,1867
2023,32040,동해시,M,unmarried,20-24,1843
2023,32040,동해시,F,total,20-24,1108
2023,32040,동해시,F,unmarried,25-29,1352
2023,32040,동해시,M,total,25-29,2475
2023,32040,동해시,M,unmarried,25-29,2225
2023,32040,동해시,F,total,25-29,1708
2023,32040,동해시,F,unmarried,30-34,637
2023,32040,동해시,M,total,30-34,2200
2023,32040,동해시,M,unmarried,30-34,1478
2023,32040,동해시,F,total,30-34,1656
2023,32040,동해시,F,unmarried,35-39,360
2023,32040,동해시,M,total,35-39,2209
2023,32040,동해시,M,unmarried,35-39,872
2023,32040,동해시,F,total,35-39,1924
2023,32040,동해시,F,unmarried,40-44,345
2023,32040,동해시,M,total,40-44,3120
2023,32040,동해시,M,unmarried,40-44,886
2023,32040,동해시,F,total,40-44,3007
2023,32050,태백시,F,unmarried,20-24,501
2023,32050,태백시,M,total,20-24,745
2023,32050,태백시,M,unmarried,20-24,742
2023,32050,태백시,F,total,20-24,509
2023,32050,태백시,F,unmarried,25-29,506
2023,32050,태백시,M,total,25-29,775
2023,32050,태백시,M,unmarried,25-29,720
2023,32050,태백시,F,total,25-29,595
2023,32050,태백시,F,unmarried,30-34,267
2023,32050,태백시,M,total,30-34,688
2023,32050,태백시,M,unmarried,30-34,516
2023,32050,태백시,F,total,30-34,590
2023,32050,태백시,F,unmarried,35-39,161
2023,32050,태백시,M,total,35-39,786
2023,32050,태백시,M,unmarried,35-39,395
2023,32050,태백시,F,total,35-39,702
2023,32050,태백시,F,unmarried,40-44,175
2023,32050,태백시,M,total,40-44,1310
2023,32050,태백시,M,unmarried,40-44,486
2023,32050,태백시,F,total,40-44,1266
2023,32060,속초시,F,unmarried,20-24,1088
2023,32060,속초시,M,total,20-24,1651
2023,32060,속초시,M,unmarried,20-24,1621
2023,32060,속초시,F,total,20-24,1145
2023,32060,속초시,F,unmarried,25-29,1411
2023,32060,속초시,M,total,25-29,2366
2023,32060,속초시,M,unmarried,25-29,2161
2023,32060,속초시,F,total,25-29,1791
2023,32060,속초시,F,unmarried,30-34,795
2023,32060,속초시,M,total,30-34,2525
2023,32060,속초시,M,unmarried,30-34,1634
2023,32060,속초시,F,total,30-34,1906
2023,32060,속초시,F,unmarried,35-39,430
2023,32060,속초시,M,total,35-39,2271
2023,32060,속초시,M,unmarried,35-39,955
2023,32060,속초시,F,total,35-39,1981
2023,32060,속초시,F,unmarried,40-44,403
2023,32060,속초시,M,total,40-44,2818
2023,32060,속초시,M,unmarried,40-44,849
2023,32060,속초시,F,total,40-44,2811
2023,32070,삼척시,F,unmarried,20-24,1887
2023,32070,삼척시,M,total,20-24,3111
2023,32070,삼척시,M,unmarried,20-24,3106
2023,32070,삼척시,F,total,20-24,1909
2023,32070,삼척시,F,unmarried,25-29,826
2023,32070,삼척시,M,total,25-29,1670
2023,32070,삼척시,M,unmarried,25-29,1558
2023,32070,삼척시,F,total,25-29,1051
2023,32070,삼척시,F,unmarried,30-34,420
2023,32070,삼척시,M,total,30-34,1253
2023,32070,삼척시,M,unmarried,30-34,825
2023,32070,삼척시,F,total,30-34,1043
2023,32070,삼척시,F,unmarried,35-39,218
2023,32070,삼척시,M,total,35-39,1310
2023,32070,삼척시,M,unmarried,35-39,587
2023,32070,삼척시,F,total,35-39,1129
2023,32070,삼척시,F,unmarried,40-44,214
2023,32070,삼척시,M,total,40-44,1825
2023,32070,삼척시,M,unmarried,40-44,620
2023,32070,삼척시,F,total,40-44,1620
2023,32510,홍천군,F,unmarried,20-24,771
2023,32510,홍천군,M,total,20-24,1301
2023,32510,홍천군,M,unmarried,20-24,1281
2023,32510,홍천군,F,total,20-24,802
2023,32510,홍천군,F,unmarried,25-29,823
2023,32510,홍천군,M,total,25-29,1766
2023,32510,홍천군,M,unmarried,25-29,1579
2023,32510,홍천군,F,total,25-29,1117
2023,32510,홍천군,F,unmarried,30-34,465
2023,32510,홍천군,M,total,30-34,1599
2023,32510,홍천군,M,unmarried,30-34,1046
2023,32510,홍천군,F,total,30-34,1158
2023,32510,홍천군,F,unmarried,35-39,261
2023,32510,홍천군,M,total,35-39,1343
2023,32510,홍천군,M,unmarried,35-39,610
2023,32510,홍천군,F,total,35-39,1154
2023,32510,홍천군,F,unmarried,40-44,198
2023,32510,홍천군,M,total,40-44,1723
2023,32510,홍천군,M,unmarried,40-44,544
2023,32510,홍천군,F,total,40-44,1532
2023,32520,횡성군,F,unmarried,20-24,607
2023,32520,횡성군,M,total,20-24,886
2023,32520,횡성군,M,unmarried,20-24,883
2023,32520,횡성군,F,total,20-24,623
2023,32520,횡성군,F,unmarried,25-29,514
2023,32520,횡성군,M,total,25-29,867
2023,32520,횡성군,M,unmarried,25-29,799
2023,32520,횡성군,F,total,25-29,632
2023,32520,횡성군,F,unmarried,30-34,288
2023,32520,횡성군,M,total,30-34,801
2023,32520,횡성군,M,unmarried,30-34,579
2023,32520,횡성군,F,total,30-34,612
2023,32520,횡성군,F,unmarried,35-39,157
2023,32520,횡성군,M,total,35-39,769
2023,32520,횡성군,M,unmarried,35-39,358
2023,32520,횡성군,F,total,35-39,693
2023,32520,횡성군,F,unmarried,40-44,151
2023,32520,횡성군,M,total,40-44,1088
2023,32520,횡성군,M,unmarried,40-44,367
2023,32520,횡성군,F,total,40-44,931
2023,32530,영월군,F,unmarried,20-24,439
2023,32530,영월군,M,total,20-24,659
2023,32530,영월군,M,unmarried,20-24,656
2023,32530,영월군,F,total,20-24,450
2023,32530,영월군,F,unmarried,25-29,397
2023,32530,영월군,M,total,25-29,661
2023,32530,영월군,M,unmarried,25-29,609
2023,32530,영월군,F,total,25-29,485
2023,32530,영월군,F,unmarried,30-34,217
2023,32530,영월군,M,total,30-34,607
2023,32530,영월군,M,unmarried,30-34,447
2023,32530,영월군,F,total,30-34,475
2023,32530,영월군,F,unmarried,35-39,140
2023,32530,영월군,M,total,35-39,641
2023,32530,영월군,M,unmarried,35-39,346
2023,32530,영월군,F,total,35-39,539
2023,32530,영월군,F,unmarried,40-44,133
2023,32530,영월군,M,total,40-44,933
2023,32530,영월군,M,unmarried,40-44,311
2023,32530,영월군,F,total,40-44,824
2023,32540,평창군,F,unmarried,20-24,399
2023,32540,평창군,M,total,20-24,707
2023,32540,평창군,M,unmarried,20-24,702
2023,32540,평창군,F,total,20-24,412
2023,32540,평창군,F,unmarried,25-29,440
2023,32540,평창군,M,total,25-29,856
2023,32540,평창군,M,unmarried,25-29,804
2023,32540,평창군,F,total,25-29,526
2023,32540,평창군,F,unmarried,30-34,283
2023,32540,평창군,M,total,30-34,714
2023,32540,평창군,M,unmarried,30-34,557
2023,32540,평창군,F,total,30-34,537
2023,32540,평창군,F,unmarried,35-39,175
2023,32540,평창군,M,total,35-39,666
2023,32540,평창군,M,unmarried,35-39,355
2023,32540,평창군,F,total,35-39,582
2023,32540,평창군,F,unmarried,40-44,169
2023,32540,평창군,M,total,40-44,1055
2023,32540,평창군,M,unmarried,40-44,389
2023,32540,평창군,F,total,40-44,867
2023,32550,정선군,F,unmarried,20-24,304
2023,32550,정선군,M,total,20-24,530
2023,32550,정선군,M,unmarried,20-24,525
2023,32550,정선군,F,total,20-24,312
2023,32550,정선군,F,unmarried,25-29,316
2023,32550,정선군,M,total,25-29,601
2023,32550,정선군,M,unmarried,25-29,567
2023,32550,정선군,F,total,25-29,374
2023,32550,정선군,F,unmarried,30-34,222
2023,32550,정선군,M,total,30-34,560
2023,32550,정선군,M,unmarried,30-34,437
2023,32550,정선군,F,total,30-34,430
2023,32550,정선군,F,unmarried,35-39,164
2023,32550,정선군,M,total,35-39,694
2023,32550,정선군,M,unmarried,35-39,418
2023,32550,정선군,F,total,35-39,566
2023,32550,정선군,F,unmarried,40-44,152
2023,32550,정선군,M,total,40-44,1034
2023,32550,정선군,M,unmarried,40-44,438
2023,32550,정선군,F,total,40-44,810
2023,32560,철원군,F,unmarried,20-24,563
2023,32560,철원군,M,total,20-24,1051
2023,32560,철원군,M,unmarried,20-24,1035
2023,32560,철원군,F,total,20-24,604
2023,32560,철원군,F,unmarried,25-29,462
2023,32560,철원군,M,total,25-29,1512
2023,32560,철원군,M,unmarried,25-29,1252
2023,32560,철원군,F,total,25-29,771
2023,32560,철원군,F,unmarried,30-34,283
2023,32560,철원군,M,total,30-34,1321
2023,32560,철원군,M,unmarried,30-34,732
2023,32560,철원군,F,total,30-34,937
2023,32560,철원군,F,unmarried,35-39,164
2023,32560,철원군,M,total,35-39,1019
2023,32560,철원군,M,unmarried,35-39,379
2023,32560,철원군,F,total,35-39,823
2023,32560,철원군,F,unmarried,40-44,149
2023,32560,철원군,M,total,40-44,1203
2023,32560,철원군,M,unmarried,40-44,365
2023,32560,철원군,F,total,40-44,1081
2023,32570,화천군,F,unmarried,20-24,311
2023,32570,화천군,M,total,20-24,718
2023,32570,화천군,M,unmarried,20-24,708
2023,32570,화천군,F,total,20-24,336
2023,32570,화천군,F,unmarried,25-29,300
2023,32570,화천군,M,total,25-29,1053
2023,32570,화천군,M,unmarried,25-29,881
2023,32570,화천군,F,total,25-29,517
2023,32570,화천군,F,unmarried,30-34,111
2023,32570,화천군,M,total,30-34,932
2023,32570,화천군,M,unmarried,30-34,530
2023,32570,화천군,F,total,30-34,527
2023,32570,화천군,F,unmarried,35-39,79
2023,32570,화천군,M,total,35-39,611
2023,32570,화천군,M,unmarried,35-39,228
2023,32570,화천군,F,total,35-39,476
2023,32570,화천군,F,unmarried,40-44,47
2023,32570,화천군,M,total,40-44,600
2023,32570,화천군,M,unmarried,40-44,149
2023,32570,화천군,F,total,40-44,499
2023,32580,양구군,F,unmarried,20-24,232
2023,32580,양구군,M,total,20-24,562
2023,32580,양구군,M,unmarried,20-24,553
2023,32580,양구군,F,total,20-24,247
2023,32580,양구군,F,unmarried,25-29,265
2023,32580,양구군,M,total,25-29,826
2023,32580,양구군,M,unmarried,25-29,680
2023,32580,양구군,F,total,25-29,439
2023,32580,양구군,F,unmarried,30-34,144
2023,32580,양구군,M,total,30-34,711
2023,32580,양구군,M,unmarried,30-34,383
2023,32580,양구군,F,total,30-34,488
2023,32580,양구군,F,unmarried,35-39,73
2023,32580,양구군,M,total,35-39,573
2023,32580,양구군,M,unmarried,35-39,184
2023,32580,양구군,F,total,35-39,482
2023,32580,양구군,F,unmarried,40-44,58
2023,32580,양구군,M,total,40-44,609
2023,32580,양구군,M,unmarried,40-44,140
2023,32580,양구군,F,total,40-44,569
2023,32590,인제군,F,unmarried,20-24,348
2023,32590,인제군,M,total,20-24,966
2023,32590,인제군,M,unmarried,20-24,953
2023,32590,인제군,F,total,20-24,374
2023,32590,인제군,F,unmarried,25-29,396
2023,32590,인제군,M,total,25-29,1592
2023,32590,인제군,M,unmarried,25-29,1392
2023,32590,인제군,F,total,25-29,633
2023,32590,인제군,F,unmarried,30-34,194
2023,32590,인제군,M,total,30-34,1299
2023,32590,인제군,M,unmarried,30-34,726
2023,32590,인제군,F,total,30-34,841
2023,32590,인제군,F,unmarried,35-39,96
2023,32590,인제군,M,total,35-39,994
2023,32590,인제군,M,unmarried,35-39,314
2023,32590,인제군,F,total,35-39,703
2023,32590,인제군,F,unmarried,40-44,87
2023,32590,인제군,M,total,40-44,1038
2023,32590,인제군,M,unmarried,40-44,258
2023,32590,인제군,F,total,40-44,883
2023,32600,고성군,F,unmarried,20-24,277
2023,32600,고성군,M,total,20-24,587
2023,32600,고성군,M,unmarried,20-24,580
2023,32600,고성군,F,total,20-24,300
2023,32600,고성군,F,unmarried,25-29,335
2023,32600,고성군,M,total,25-29,812
2023,32600,고성군,M,unmarried,25-29,710
2023,32600,고성군,F,total,25-29,454
2023,32600,고성군,F,unmarried,30-34,192
2023,32600,고성군,M,total,30-34,666
2023,32600,고성군,M,unmarried,30-34,438
2023,32600,고성군,F,total,30-34,473
2023,32600,고성군,F,unmarried,35-39,126
2023,32600,고성군,M,total,35-39,606
2023,32600,고성군,M,unmarried,35-39,269
2023,32600,고성군,F,total,35-39,512
2023,32600,고성군,F,unmarried,40-44,103
2023,32600,고성군,M,total,40-44,720
2023,32600,고성군,M,unmarried,40-44,232
2023,32600,고성군,F,total,40-44,594
2023,32610,양양군,F,unmarried,20-24,272
2023,32610,양양군,M,total,20-24,456
2023,32610,양양군,M,unmarried,20-24,455
2023,32610,양양군,F,total,20-24,285
2023,32610,양양군,F,unmarried,25-29,308
2023,32610,양양군,M,total,25-29,615
2023,32610,양양군,M,unmarried,25-29,580
2023,32610,양양군,F,total,25-29,373
2023,32610,양양군,F,unmarried,30-34,221
2023,32610,양양군,M,total,30-34,534
2023,32610,양양군,M,unmarried,30-34,407
2023,32610,양양군,F,total,30-34,409
2023,32610,양양군,F,unmarried,35-39,145
2023,32610,양양군,M,total,35-39,602
2023,32610,양양군,M,unmarried,35-39,325
2023,32610,양양군,F,total,35-39,446
2023,32610,양양군,F,unmarried,40-44,122
2023,32610,양양군,M,total,40-44,796
2023,32610,양양군,M,unmarried,40-44,304
2023,32610,양양군,F,total,40-44,706
2023,33,충청북도,F,unmarried,20-24,39995
2023,33,충청북도,M,total,20-24,50362
2023,33,충청북도,M,unmarried,20-24,50058
2023,33,충청북도,F,total,20-24,40744
2023,33,충청북도,F,unmarried,25-29,35301
2023,33,충청북도,M,total,25-29,55531
2023,33,충청북도,M,unmarried,25-29,51569
2023,33,충청북도,F,total,25-29,42820
2023,33,충청북도,F,unmarried,30-34,18871
2023,33,충청북도,M,total,30-34,52832
2023,33,충청북도,M,unmarried,30-34,36564
2023,33,충청북도,F,total,30-34,41026
2023,33,충청북도,F,unmarried,35-39,9064
2023,33,충청북도,M,total,35-39,47681
2023,33,충청북도,M,unmarried,35-39,20074
2023,33,충청북도,F,total,35-39,42003
2023,33,충청북도,F,unmarried,40-44,7056
2023,33,충청북도,M,total,40-44,58394
2023,33,충청북도,M,unmarried,40-44,16447
2023,33,충청북도,F,total,40-44,54117
2023,33003,동부,F,unmarried,20-24,28058
2023,33003,동부,M,total,20-24,32783
2023,33003,동부,M,unmarried,20-24,32597
2023,33003,동부,F,total,20-24,28511
2023,33003,동부,F,unmarried,25-29,24315
2023,33003,동부,M,total,25-29,36185
2023,33003,동부,M,unmarried,25-29,33719
2023,33003,동부,F,total,25-29,28937
2023,33003,동부,F,unmarried,30-34,12614
2023,33003,동부,M,total,30-34,32625
2023,33003,동부,M,unmarried,30-34,22637
2023,33003,동부,F,total,30-34,26262
2023,33003,동부,F,unmarried,35-39,5848
2023,33003,동부,M,total,35-39,28758
2023,33003,동부,M,unmarried,35-39,11836
2023,33003,동부,F,total,35-39,26296
2023,33003,동부,F,unmarried,40-44,4513
2023,33003,동부,M,total,40-44,35246
2023,33003,동부,M,unmarried,40-44,9397
2023,33003,동부,F,total,40-44,34409
2023,33004,읍부,F,unmarried,20-24,6753
2023,33004,읍부,M,total,20-24,9443
2023,33004,읍부,M,unmarried,20-24,9361
2023,33004,읍부,F,total,20-24,6931
2023,33004,읍부,F,unmarried,25-29,7072
2023,33004,읍부,M,total,25-29,11983
2023,33004,읍부,M,unmarried,25-29,10976
2023,33004,읍부,F,total,25-29,9038
2023,33004,읍부,F,unmarried,30-34,3912
2023,33004,읍부,M,total,30-34,12744
2023,33004,읍부,M,unmarried,30-34,8535
2023,33004,읍부,F,total,30-34,9657
2023,33004,읍부,F,unmarried,35-39,1925
2023,33004,읍부,M,total,35-39,11906
2023,33004,읍부,M,unmarried,35-39,4713
2023,33004,읍부,F,total,35-39,10471
2023,33004,읍부,F,unmarried,40-44,1428
2023,33004,읍부,M,total,40-44,14648
2023,33004,읍부,M,unmarried,40-44,3840
2023,33004,읍부,F,total,40-44,13140
2023,33005,면부,F,unmarried,20-24,5184
2023,33005,면부,M,total,20-24,8136
2023,33005,면부,M,unmarried,20-24,8100
2023,33005,면부,F,total,20-24,5302
2023,33005,면부,F,unmarried,25-29,3914
2023,33005,면부,M,total,25-29,7363
2023,33005,면부,M,unmarried,25-29,6874
2023,33005,면부,F,total,25-29,4845
2023,33005,면부,F,unmarried,30-34,2345
2023,33005,면부,M,total,30-34,7463
2023,33005,면부,M,unmarried,30-34,5392
2023,33005,면부,F,total,30-34,5107
2023,33005,면부,F,unmarried,35-39,1291
2023,33005,면부,M,total,35-39,7017
2023,33005,면부,M,unmarried,35-39,3525
2023,33005,면부,F,total,35-39,5236
2023,33005,면부,F,unmarried,40-44,1115
2023,33005,면부,M,total,40-44,8500
2023,33005,면부,M,unmarried,40-44,3210
2023,33005,면부,F,total,40-44,6568
2023,33020,충주시,F,unmarried,20-24,5640
2023,33020,충주시,M,total,20-24,7424
2023,33020,충주시,M,unmarried,20-24,7384
2023,33020,충주시,F,total,20-24,5746
2023,33020,충주시,F,unmarried,25-29,3971
2023,33020,충주시,M,total,25-29,7016
2023,33020,충주시,M,unmarried,25-29,6519
2023,33020,충주시,F,total,25-29,4795
2023,33020,충주시,F,unmarried,30-34,2032
2023,33020,충주시,M,total,30-34,6513
2023,33020,충주시,M,unmarried,30-34,4584
2023,33020,충주시,F,total,30-34,4692
2023,33020,충주시,F,unmarried,35-39,1019
2023,33020,충주시,M,total,35-39,5816
2023,33020,충주시,M,unmarried,35-39,2584
2023,33020,충주시,F,total,35-39,4888
2023,33020,충주시,F,unmarried,40-44,871
2023,33020,충주시,M,total,40-44,7140
2023,33020,충주시,M,unmarried,40-44,2104
2023,33020,충주시,F,total,40-44,6662
2023,33030,제천시,F,unmarried,20-24,3809
2023,33030,제천시,M,total,20-24,4621
2023,33030,제천시,M,unmarried,20-24,4593
2023,33030,제천시,F,total,20-24,3877
2023,33030,제천시,F,unmarried,25-29,2264
2023,33030,제천시,M,total,25-29,3782
2023,33030,제천시,M,unmarried,25-29,3521
2023,33030,제천시,F,total,25-29,2748
2023,33030,제천시,F,unmarried,30-34,1151
2023,33030,제천시,M,total,30-34,3108
2023,33030,제천시,M,unmarried,30-34,2200
2023,33030,제천시,F,total,30-34,2478
2023,33030,제천시,F,unmarried,35-39,575
2023,33030,제천시,M,total,35-39,3029
2023,33030,제천시,M,unmarried,35-39,1304
2023,33030,제천시,F,total,35-39,2693
2023,33030,제천시,F,unmarried,40-44,470
2023,33030,제천시,M,total,40-44,3923
2023,33030,제천시,M,unmarried,40-44,1174
2023,33030,제천시,F,total,40-44,3749
2023,33040,청주시,F,unmarried,20-24,24065
2023,33040,청주시,M,total,20-24,28584
2023,33040,청주시,M,unmarried,20-24,28429
2023,33040,청주시,F,total,20-24,24452
2023,33040,청주시,F,unmarried,25-29,23281
2023,33040,청주시,M,total,25-29,34420
2023,33040,청주시,M,unmarried,25-29,32032
2023,33040,청주시,F,total,25-29,27978
2023,33040,청주시,F,unmarried,30-34,12424
2023,33040,청주시,M,total,30-34,33279
2023,33040,청주시,M,unmarried,30-34,22515
2023,33040,청주시,F,total,30-34,26737
2023,33040,청주시,F,unmarried,35-39,5727
2023,33040,청주시,M,total,35-39,29331
2023,33040,청주시,M,unmarried,35-39,11547
2023,33040,청주시,F,total,35-39,26507
2023,33040,청주시,F,unmarried,40-44,4252
2023,33040,청주시,M,total,40-44,34416
2023,33040,청주시,M,unmarried,40-44,8775
2023,33040,청주시,F,total,40-44,32743
2023,33041,상당구,F,unmarried,20-24,4235
2023,33041,상당구,M,total,20-24,5728
2023,33041,상당구,M,unmarried,20-24,5702
2023,33041,상당구,F,total,20-24,4314
2023,33041,상당구,F,unmarried,25-29,4629
2023,33041,상당구,M,total,25-29,6477
2023,33041,상당구,M,unmarried,25-29,5908
2023,33041,상당구,F,total,25-29,5712
2023,33041,상당구,F,unmarried,30-34,2447
2023,33041,상당구,M,total,30-34,6410
2023,33041,상당구,M,unmarried,30-34,4017
2023,33041,상당구,F,total,30-34,5709
2023,33041,상당구,F,unmarried,35-39,1160
2023,33041,상당구,M,total,35-39,6219
2023,33041,상당구,M,unmarried,35-39,2173
2023,33041,상당구,F,total,35-39,5968
2023,33041,상당구,F,unmarried,40-44,920
2023,33041,상당구,M,total,40-44,7725
2023,33041,상당구,M,unmarried,40-44,1790
2023,33041,상당구,F,total,40-44,7574
2023,33042,서원구,F,unmarried,20-24,7397
2023,33042,서원구,M,total,20-24,8530
2023,33042,서원구,M,unmarried,20-24,8495
2023,33042,서원구,F,total,20-24,7488
2023,33042,서원구,F,unmarried,25-29,5321
2023,33042,서원구,M,total,25-29,7790
2023,33042,서원구,M,unmarried,25-29,7314
2023,33042,서원구,F,total,25-29,6211
2023,33042,서원구,F,unmarried,30-34,2703
2023,33042,서원구,M,total,30-34,6173
2023,33042,서원구,M,unmarried,30-34,4436
2023,33042,서원구,F,total,30-34,4990
2023,33042,서원구,F,unmarried,35-39,1260
2023,33042,서원구,M,total,35-39,5056
2023,33042,서원구,M,unmarried,35-39,2362
2023,33042,서원구,F,total,35-39,4571
2023,33042,서원구,F,unmarried,40-44,979
2023,33042,서원구,M,total,40-44,6305
2023,33042,서원구,M,unmarried,40-44,1919
2023,33042,서원구,F,total,40-44,6274
2023,33043,흥덕구,F,unmarried,20-24,7168
2023,33043,흥덕구,M,total,20-24,8109
2023,33043,흥덕구,M,unmarried,20-24,8054
2023,33043,흥덕구,F,total,20-24,7294
2023,33043,흥덕구,F,unmarried,25-29,8715
2023,33043,흥덕구,M,total,25-29,12245
2023,33043,흥덕구,M,unmarried,25-29,11449
2023,33043,흥덕구,F,total,25-29,10342
2023,33043,흥덕구,F,unmarried,30-34,4879
2023,33043,흥덕구,M,total,30-34,12761
2023,33043,흥덕구,M,unmarried,30-34,8721
2023,33043,흥덕구,F,total,30-34,10222
2023,33043,흥덕구,F,unmarried,35-39,2184
2023,33043,흥덕구,M,total,35-39,10731
2023,33043,흥덕구,M,unmarried,35-39,4230
2023,33043,흥덕구,F,total,35-39,9602
2023,33043,흥덕구,F,unmarried,40-44,1484
2023,33043,흥덕구,M,total,40-44,11597
2023,33043,흥덕구,M,unmarried,40-44,2948
2023,33043,흥덕구,F,total,40-44,10986
2023,33044,청원구,F,unmarried,20-24,5265
2023,33044,청원구,M,total,20-24,6217
2023,33044,청원구,M,unmarried,20-24,6178
2023,33044,청원구,F,total,20-24,5356
2023,33044,청원구,F,unmarried,25-29,4616
2023,33044,청원구,M,total,25-29,7908
2023,33044,청원구,M,unmarried,25-29,7361
2023,33044,청원구,F,total,25-29,5713
2023,33044,청원구,F,unmarried,30-34,2395
2023,33044,청원구,M,total,30-34,7935
2023,33044,청원구,M,unmarried,30-34,5341
2023,33044,청원구,F,total,30-34,5816
2023,33044,청원구,F,unmarried,35-39,1123
2023,33044,청원구,M,total,35-39,7325
2023,33044,청원구,M,unmarried,35-39,2782
2023,33044,청원구,F,total,35-39,6366
2023,33044,청원구,F,unmarried,40-44,869
2023,33044,청원구,M,total,40-44,8789
2023,33044,청원구,M,unmarried,40-44,2118
2023,33044,청원구,F,total,40-44,7909
2023,33520,보은군,F,unmarried,20-24,287
2023,33520,보은군,M,total,20-24,510
2023,33520,보은군,M,unmarried,20-24,507
2023,33520,보은군,F,total,20-24,293
2023,33520,보은군,F,unmarried,25-29,277
2023,33520,보은군,M,total,25-29,500
2023,33520,보은군,M,unmarried,25-29,471
2023,33520,보은군,F,total,25-29,340
2023,33520,보은군,F,unmarried,30-34,163
2023,33520,보은군,M,total,30-34,459
2023,33520,보은군,M,unmarried,30-34,350
2023,33520,보은군,F,total,30-34,350
2023,33520,보은군,F,unmarried,35-39,96
2023,33520,보은군,M,total,35-39,511
2023,33520,보은군,M,unmarried,35-39,254
2023,33520,보은군,F,total,35-39,437
2023,33520,보은군,F,unmarried,40-44,95
2023,33520,보은군,M,total,40-44,691
2023,33520,보은군,M,unmarried,40-44,273
2023,33520,보은군,F,total,40-44,574
2023,33530,옥천군,F,unmarried,20-24,632
2023,33530,옥천군,M,total,20-24,1059
2023,33530,옥천군,M,unmarried,20-24,1051
2023,33530,옥천군,F,total,20-24,647
2023,33530,옥천군,F,unmarried,25-29,598
2023,33530,옥천군,M,total,25-29,977
2023,33530,옥천군,M,unmarried,25-29,918
2023,33530,옥천군,F,total,25-29,719
2023,33530,옥천군,F,unmarried,30-34,313
2023,33530,옥천군,M,total,30-34,797
2023,33530,옥천군,M,unmarried,30-34,616
2023,33530,옥천군,F,total,30-34,637
2023,33530,옥천군,F,unmarried,35-39,190
2023,33530,옥천군,M,total,35-39,801
2023,33530,옥천군,M,unmarried,35-39,398
2023,33530,옥천군,F,total,35-39,790
2023,33530,옥천군,F,unmarried,40-44,173
2023,33530,옥천군,M,total,40-44,1284
2023,33530,옥천군,M,unmarried,40-44,451
2023,33530,옥천군,F,total,40-44,1188
2023,33540,영동군,F,unmarried,20-24,762
2023,33540,영동군,M,total,20-24,1066
2023,33540,영동군,M,unmarried,20-24,1061
2023,33540,영동군,F,total,20-24,778
2023,33540,영동군,F,unmarried,25-29,548
2023,33540,영동군,M,total,25-29,865
2023,33540,영동군,M,unmarried,25-29,828
2023,33540,영동군,F,total,25-29,646
2023,33540,영동군,F,unmarried,30-34,290
2023,33540,영동군,M,total,30-34,703
2023,33540,영동군,M,unmarried,30-34,551
2023,33540,영동군,F,total,30-34,553
2023,33540,영동군,F,unmarried,35-39,170
2023,33540,영동군,M,total,35-39,714
2023,33540,영동군,M,unmarried,35-39,388
2023,33540,영동군,F,total,35-39,628
2023,33540,영동군,F,unmarried,40-44,137
2023,33540,영동군,M,total,40-44,958
2023,33540,영동군,M,unmarried,40-44,326
2023,33540,영동군,F,total,40-44,919
2023,33550,진천군,F,unmarried,20-24,1332
2023,33550,진천군,M,total,20-24,2150
2023,33550,진천군,M,unmarried,20-24,2119
2023,33550,진천군,F,total,20-24,1386
2023,33550,진천군,F,unmarried,25-29,1461
2023,33550,진천군,M,total,25-29,2745
2023,33550,진천군,M,unmarried,25-29,2529
2023,33550,진천군,F,total,25-29,1944
2023,33550,진천군,F,unmarried,30-34,825
2023,33550,진천군,M,total,30-34,3055
2023,33550,진천군,M,unmarried,30-34,2102
2023,33550,진천군,F,total,30-34,2142
2023,33550,진천군,F,unmarried,35-39,392
2023,33550,진천군,M,total,35-39,2918
2023,33550,진천군,M,unmarried,35-39,1231
2023,33550,진천군,F,total,35-39,2454
2023,33550,진천군,F,unmarried,40-44,321
2023,33550,진천군,M,total,40-44,3909
2023,33550,진천군,M,unmarried,40-44,1119
2023,33550,진천군,F,total,40-44,3281
2023,33560,괴산군,F,unmarried,20-24,766
2023,33560,괴산군,M,total,20-24,1344
2023,33560,괴산군,M,unmarried,20-24,1339
2023,33560,괴산군,F,total,20-24,777
2023,33560,괴산군,F,unmarried,25-29,397
2023,33560,괴산군,M,total,25-29,709
2023,33560,괴산군,M,unmarried,25-29,668
2023,33560,괴산군,F,total,25-29,452
2023,33560,괴산군,F,unmarried,30-34,199
2023,33560,괴산군,M,total,30-34,565
2023,33560,괴산군,M,unmarried,30-34,452
2023,33560,괴산군,F,total,30-34,374
2023,33560,괴산군,F,unmarried,35-39,152
2023,33560,괴산군,M,total,35-39,565
2023,33560,괴산군,M,unmarried,35-39,304
2023,33560,괴산군,F,total,35-39,448
2023,33560,괴산군,F,unmarried,40-44,130
2023,33560,괴산군,M,total,40-44,790
2023,33560,괴산군,M,unmarried,40-44,330
2023,33560,괴산군,F,total,40-44,641
2023,33570,음성군,F,unmarried,20-24,1663
2023,33570,음성군,M,total,20-24,2231
2023,33570,음성군,M,unmarried,20-24,2217
2023,33570,음성군,F,total,20-24,1721
2023,33570,음성군,F,unmarried,25-29,1484
2023,33570,음성군,M,total,25-29,2594
2023,33570,음성군,M,unmarried,25-29,2391
2023,33570,음성군,F,total,25-29,1839
2023,33570,음성군,F,unmarried,30-34,901
2023,33570,음성군,M,total,30-34,2604
2023,33570,음성군,M,unmarried,30-34,1984
2023,33570,음성군,F,total,30-34,1756
2023,33570,음성군,F,unmarried,35-39,467
2023,33570,음성군,M,total,35-39,2363
2023,33570,음성군,M,unmarried,35-39,1287
2023,33570,음성군,F,total,35-39,1827
2023,33570,음성군,F,unmarried,40-44,386
2023,33570,음성군,M,total,40-44,3180
2023,33570,음성군,M,unmarried,40-44,1171
2023,33570,음성군,F,total,40-44,2581
2023,33580,단양군,F,unmarried,20-24,219
2023,33580,단양군,M,total,20-24,359
2023,33580,단양군,M,unmarried,20-24,358
2023,33580,단양군,F,total,20-24,224
2023,33580,단양군,F,unmarried,25-29,310
2023,33580,단양군,M,total,25-29,504
2023,33580,단양군,M,unmarried,25-29,475
2023,33580,단양군,F,total,25-29,361
2023,33580,단양군,F,unmarried,30-34,182
2023,33580,단양군,M,total,30-34,438
2023,33580,단양군,M,unmarried,30-34,354
2023,33580,단양군,F,total,30-34,329
2023,33580,단양군,F,unmarried,35-39,88
2023,33580,단양군,M,total,35-39,447
2023,33580,단양군,M,unmarried,35-39,264
2023,33580,단양군,F,total,35-39,355
2023,33580,단양군,F,unmarried,40-44,97
2023,33580,단양군,M,total,40-44,608
2023,33580,단양군,M,unmarried,40-44,231
2023,33580,단양군,F,total,40-44,541
2023,33590,증평군,F,unmarried,20-24,820
2023,33590,증평군,M,total,20-24,1014
2023,33590,증평군,M,unmarried,20-24,1000
2023,33590,증평군,F,total,20-24,843
2023,33590,증평군,F,unmarried,25-29,710
2023,33590,증평군,M,total,25-29,1419
2023,33590,증평군,M,unmarried,25-29,1217
2023,33590,증평군,F,total,25-29,998
2023,33590,증평군,F,unmarried,30-34,391
2023,33590,증평군,M,total,30-34,1311
2023,33590,증평군,M,unmarried,30-34,856
2023,33590,증평군,F,total,30-34,978
2023,33590,증평군,F,unmarried,35-39,188
2023,33590,증평군,M,total,35-39,1186
2023,33590,증평군,M,unmarried,35-39,513
2023,33590,증평군,F,total,35-39,976
2023,33590,증평군,F,unmarried,40-44,124
2023,33590,증평군,M,total,40-44,1495
2023,33590,증평군,M,unmarried,40-44,493
2023,33590,증평군,F,total,40-44,1238
2023,34,충청남도,F,unmarried,20-24,52311
2023,34,충청남도,M,total,20-24,61541
2023,34,충청남도,M,unmarried,20-24,61133
2023,34,충청남도,F,total,20-24,53290
2023,34,충청남도,F,unmarried,25-29,40303
2023,34,충청남도,M,total,25-29,66181
2023,34,충청남도,M,unmarried,25-29,61231
2023,34,충청남도,F,total,25-29,49863
2023,34,충청남도,F,unmarried,30-34,23108
2023,34,충청남도,M,total,30-34,66357
2023,34,충청남도,M,unmarried,30-34,45207
2023,34,충청남도,F,total,30-34,53744
2023,34,충청남도,F,unmarried,35-39,11607
2023,34,충청남도,M,total,35-39,66610
2023,34,충청남도,M,unmarried,35-39,27807
2023,34,충청남도,F,total,35-39,57892
2023,34,충청남도,F,unmarried,40-44,8535
2023,34,충청남도,M,total,40-44,85347
2023,34,충청남도,M,unmarried,40-44,23728
2023,34,충청남도,F,total,40-44,74971
2023,34003,동부,F,unmarried,20-24,30510
2023,34003,동부,M,total,20-24,32276
2023,34003,동부,M,unmarried,20-24,32037
2023,34003,동부,F,total,20-24,31099
2023,34003,동부,F,unmarried,25-29,25256
2023,34003,동부,M,total,25-29,37609
2023,34003,동부,M,unmarried,25-29,34823
2023,34003,동부,F,total,25-29,30692
2023,34003,동부,F,unmarried,30-34,14107
2023,34003,동부,M,total,30-34,37835
2023,34003,동부,M,unmarried,30-34,25572
2023,34003,동부,F,total,30-34,31877
2023,34003,동부,F,unmarried,35-39,6587
2023,34003,동부,M,total,35-39,37142
2023,34003,동부,M,unmarried,35-39,14582
2023,34003,동부,F,total,35-39,33325
2023,34003,동부,F,unmarried,40-44,4581
2023,34003,동부,M,total,40-44,45863
2023,34003,동부,M,unmarried,40-44,11224
2023,34003,동부,F,total,40-44,42753
2023,34004,읍부,F,unmarried,20-24,10672
2023,34004,읍부,M,total,20-24,14045
2023,34004,읍부,M,unmarried,20-24,13953
2023,34004,읍부,F,total,20-24,10900
2023,34004,읍부,F,unmarried,25-29,8366
2023,34004,읍부,M,total,25-29,14491
2023,34004,읍부,M,unmarried,25-29,13280
2023,34004,읍부,F,total,25-29,10639
2023,34004,읍부,F,unmarried,30-34,4831
2023,34004,읍부,M,total,30-34,14198
2023,34004,읍부,M,unmarried,30-34,9623
2023,34004,읍부,F,total,30-34,11448
2023,34004,읍부,F,unmarried,35-39,2543
2023,34004,읍부,M,total,35-39,14196
2023,34004,읍부,M,unmarried,35-39,6172
2023,34004,읍부,F,total,35-39,12522
2023,34004,읍부,F,unmarried,40-44,1895
2023,34004,읍부,M,total,40-44,19387
2023,34004,읍부,M,unmarried,40-44,5741
2023,34004,읍부,F,total,40-44,17035
2023,34005,면부,F,unmarried,20-24,11129
2023,34005,면부,M,total,20-24,15220
2023,34005,면부,M,unmarried,20-24,15143
2023,34005,면부,F,total,20-24,11291
2023,34005,면부,F,unmarried,25-29,6681
2023,34005,면부,M,total,25-29,14081
2023,34005,면부,M,unmarried,25-29,13128
2023,34005,면부,F,total,25-29,8532
2023,34005,면부,F,unmarried,30-34,4170
2023,34005,면부,M,total,30-34,14324
2023,34005,면부,M,unmarried,30-34,10012
2023,34005,면부,F,total,30-34,10419
2023,34005,면부,F,unmarried,35-39,2477
2023,34005,면부,M,total,35-39,15272
2023,34005,면부,M,unmarried,35-39,7053
2023,34005,면부,F,total,35-39,12045
2023,34005,면부,F,unmarried,40-44,2059
2023,34005,면부,M,total,40-44,20097
2023,34005,면부,M,unmarried,40-44,6763
2023,34005,면부,F,total,40-44,15183
2023,34010,천안시,F,unmarried,20-24,22422
2023,34010,천안시,M,total,20-24,22970
2023,34010,천안시,M,unmarried,20-24,22825
2023,34010,천안시,F,total,20-24,22778
2023,34010,천안시,F,unmarried,25-29,18018
2023,34010,천안시,M,total,25-29,26344
2023,34010,천안시,M,unmarried,25-29,24602
2023,34010,천안시,F,total,25-29,21398
2023,34010,천안시,F,unmarried,30-34,10479
2023,34010,천안시,M,total,30-34,25960
2023,34010,천안시,M,unmarried,30-34,18130
2023,34010,천안시,F,total,30-34,22161
2023,34010,천안시,F,unmarried,35-39,4946
2023,34010,천안시,M,total,35-39,25349
2023,34010,천안시,M,unmarried,35-39,10468
2023,34010,천안시,F,total,35-39,22148
2023,34010,천안시,F,unmarried,40-44,3330
2023,34010,천안시,M,total,40-44,30244
2023,34010,천안시,M,unmarried,40-44,8070
2023,34010,천안시,F,total,40-44,27093
2023,34011,동남구,F,unmarried,20-24,10543
2023,34011,동남구,M,total,20-24,10030
2023,34011,동남구,M,unmarried,20-24,9975
2023,34011,동남구,F,total,20-24,10668
2023,34011,동남구,F,unmarried,25-29,6664
2023,34011,동남구,M,total,25-29,9530
2023,34011,동남구,M,unmarried,25-29,8951
2023,34011,동남구,F,total,25-29,7803
2023,34011,동남구,F,unmarried,30-34,3476
2023,34011,동남구,M,total,30-34,8472
2023,34011,동남구,M,unmarried,30-34,6008
2023,34011,동남구,F,total,30-34,7044
2023,34011,동남구,F,unmarried,35-39,1723
2023,34011,동남구,M,total,35-39,7894
2023,34011,동남구,M,unmarried,35-39,3357
2023,34011,동남구,F,total,35-39,7055
2023,34011,동남구,F,unmarried,40-44,1318
2023,34011,동남구,M,total,40-44,10246
2023,34011,동남구,M,unmarried,40-44,2983
2023,34011,동남구,F,total,40-44,9737
2023,34012,서북구,F,unmarried,20-24,11879
2023,34012,서북구,M,total,20-24,12940
2023,34012,서북구,M,unmarried,20-24,12850
2023,34012,서북구,F,total,20-24,12110
2023,34012,서북구,F,unmarried,25-29,11354
2023,34012,서북구,M,total,25-29,16814
2023,34012,서북구,M,unmarried,25-29,15651
2023,34012,서북구,F,total,25-29,13595
2023,34012,서북구,F,unmarried,30-34,7003
2023,34012,서북구,M,total,30-34,17488
2023,34012,서북구,M,unmarried,30-34,12122
2023,34012,서북구,F,total,30-34,15117
2023,34012,서북구,F,unmarried,35-39,3223
2023,34012,서북구,M,total,35-39,17455
2023,34012,서북구,M,unmarried,35-39,7111
2023,34012,서북구,F,total,35-39,15093
2023,34012,서북구,F,unmarried,40-44,2012
2023,34012,서북구,M,total,40-44,19998
2023,34012,서북구,M,unmarried,40-44,5087
2023,34012,서북구,F,total,40-44,17356
2023,34020,공주시,F,unmarried,20-24,3922
2023,34020,공주시,M,total,20-24,3342
2023,34020,공주시,M,unmarried,20-24,3322
2023,34020,공주시,F,total,20-24,3963
2023,34020,공주시,F,unmarried,25-29,1815
2023,34020,공주시,M,total,25-29,2786
2023,34020,공주시,M,unmarried,25-29,2637
2023,34020,공주시,F,total,25-29,2118
2023,34020,공주시,F,unmarried,30-34,940
2023,34020,공주시,M,total,30-34,2283
2023,34020,공주시,M,unmarried,30-34,1744
2023,34020,공주시,F,total,30-34,1767
2023,34020,공주시,F,unmarried,35-39,502
2023,34020,공주시,M,total,35-39,2162
2023,34020,공주시,M,unmarried,35-39,1176
2023,34020,공주시,F,total,35-39,1867
2023,34020,공주시,F,unmarried,40-44,471
2023,34020,공주시,M,total,40-44,2792
2023,34020,공주시,M,unmarried,40-44,988
2023,34020,공주시,F,total,40-44,2637
2023,34030,보령시,F,unmarried,20-24,1253
2023,34030,보령시,M,total,20-24,1826
2023,34030,보령시,M,unmarried,20-24,1803
2023,34030,보령시,F,total,20-24,1291
2023,34030,보령시,F,unmarried,25-29,1344
2023,34030,보령시,M,total,25-29,2260
2023,34030,보령시,M,unmarried,25-29,2090
2023,34030,보령시,F,total,25-29,1665
2023,34030,보령시,F,unmarried,30-34,709
2023,34030,보령시,M,total,30-34,2216
2023,34030,보령시,M,unmarried,30-34,1611
2023,34030,보령시,F,total,30-34,1567
2023,34030,보령시,F,unmarried,35-39,393
2023,34030,보령시,M,total,35-39,2153
2023,34030,보령시,M,unmarried,35-39,991
2023,34030,보령시,F,total,35-39,1918
2023,34030,보령시,F,unmarried,40-44,313
2023,34030,보령시,M,total,40-44,3098
2023,34030,보령시,M,unmarried,40-44,1047
2023,34030,보령시,F,total,40-44,2606
2023,34040,아산시,F,unmarried,20-24,9415
2023,34040,아산시,M,total,20-24,11051
2023,34040,아산시,M,unmarried,20-24,10983
2023,34040,아산시,F,total,20-24,9573
2023,34040,아산시,F,unmarried,25-29,6704
2023,34040,아산시,M,total,25-29,11544
2023,34040,아산시,M,unmarried,25-29,10565
2023,34040,아산시,F,total,25-29,8626
2023,34040,아산시,F,unmarried,30-34,3873
2023,34040,아산시,M,total,30-34,12626
2023,34040,아산시,M,unmarried,30-34,8046
2023,34040,아산시,F,total,30-34,10619
2023,34040,아산시,F,unmarried,35-39,1981
2023,34040,아산시,M,total,35-39,13481
2023,34040,아산시,M,unmarried,35-39,5108
2023,34040,아산시,F,total,35-39,12119
2023,34040,아산시,F,unmarried,40-44,1270
2023,34040,아산시,M,total,40-44,17689
2023,34040,아산시,M,unmarried,40-44,4252
2023,34040,아산시,F,total,40-44,15058
2023,34050,서산시,F,unmarried,20-24,2815
2023,34050,서산시,M,total,20-24,4403
2023,34050,서산시,M,unmarried,20-24,4364
2023,34050,서산시,F,total,20-24,2905
2023,34050,서산시,F,unmarried,25-29,2554
2023,34050,서산시,M,total,25-29,5543
2023,34050,서산시,M,unmarried,25-29,5006
2023,34050,서산시,F,total,25-29,3526
2023,34050,서산시,F,unmarried,30-34,1407
2023,34050,서산시,M,total,30-34,5886
2023,34050,서산시,M,unmarried,30-34,3758
2023,34050,서산시,F,total,30-34,4175
2023,34050,서산시,F,unmarried,35-39,642
2023,34050,서산시,M,total,35-39,5492
2023,34050,서산시,M,unmarried,35-39,2186
2023,34050,서산시,F,total,35-39,4452
2023,34050,서산시,F,unmarried,40-44,581
2023,34050,서산시,M,total,40-44,7045
2023,34050,서산시,M,unmarried,40-44,1955
2023,34050,서산시,F,total,40-44,6191
2023,34060,논산시,F,unmarried,20-24,2123
2023,34060,논산시,M,total,20-24,2973
2023,34060,논산시,M,unmarried,20-24,2950
2023,34060,논산시,F,total,20-24,2184
2023,34060,논산시,F,unmarried,25-29,1709
2023,34060,논산시,M,total,25-29,2773
2023,34060,논산시,M,unmarried,25-29,2521
2023,34060,논산시,F,total,25-29,2110
2023,34060,논산시,F,unmarried,30-34,899
2023,34060,논산시,M,total,30-34,2537
2023,34060,논산시,M,unmarried,30-34,1732
2023,34060,논산시,F,total,30-34,1959
2023,34060,논산시,F,unmarried,35-39,533
2023,34060,논산시,M,total,35-39,2297
2023,34060,논산시,M,unmarried,35-39,1123
2023,34060,논산시,F,total,35-39,2195
2023,34060,논산시,F,unmarried,40-44,393
2023,34060,논산시,M,total,40-44,3190
2023,34060,논산시,M,unmarried,40-44,1020
2023,34060,논산시,F,total,40-44,2879
2023,34070,계룡시,F,unmarried,20-24,806
2023,34070,계룡시,M,total,20-24,1163
2023,34070,계룡시,M,unmarried,20-24,1161
2023,34070,계룡시,F,total,20-24,821
2023,34070,계룡시,F,unmarried,25-29,687
2023,34070,계룡시,M,total,25-29,1184
2023,34070,계룡시,M,unmarried,25-29,1058
2023,34070,계룡시,F,total,25-29,894
2023,34070,계룡시,F,unmarried,30-34,443
2023,34070,계룡시,M,total,30-34,1267
2023,34070,계룡시,M,unmarried,30-34,700
2023,34070,계룡시,F,total,30-34,1159
2023,34070,계룡시,F,unmarried,35-39,226
2023,34070,계룡시,M,total,35-39,1413
2023,34070,계룡시,M,unmarried,35-39,369
2023,34070,계룡시,F,total,35-39,1373
2023,34070,계룡시,F,unmarried,40-44,195
2023,34070,계룡시,M,total,40-44,1887
2023,34070,계룡시,M,unmarried,40-44,317
2023,34070,계룡시,F,total,40-44,2052
2023,34080,당진시,F,unmarried,20-24,2513
2023,34080,당진시,M,total,20-24,3721
2023,34080,당진시,M,unmarried,20-24,3701
2023,34080,당진시,F,total,20-24,2594
2023,34080,당진시,F,unmarried,25-29,2263
2023,34080,당진시,M,total,25-29,4717
2023,34080,당진시,M,unmarried,25-29,4326
2023,34080,당진시,F,total,25-29,3108
2023,34080,당진시,F,unmarried,30-34,1256
2023,34080,당진시,M,total,30-34,5468
2023,34080,당진시,M,unmarried,30-34,3613
2023,34080,당진시,F,total,30-34,3869
2023,34080,당진시,F,unmarried,35-39,623
2023,34080,당진시,M,total,35-39,6057
2023,34080,당진시,M,unmarried,35-39,2428
2023,34080,당진시,F,total,35-39,4669
2023,34080,당진시,F,unmarried,40-44,548
2023,34080,당진시,M,total,40-44,7993
2023,34080,당진시,M,unmarried,40-44,2265
2023,34080,당진시,F,total,40-44,6278
2023,34510,금산군,F,unmarried,20-24,1235
2023,34510,금산군,M,total,20-24,1521
2023,34510,금산군,M,unmarried,20-24,1513
2023,34510,금산군,F,total,20-24,1252
2023,34510,금산군,F,unmarried,25-29,527
2023,34510,금산군,M,total,25-29,955
2023,34510,금산군,M,unmarried,25-29,902
2023,34510,금산군,F,total,25-29,639
2023,34510,금산군,F,unmarried,30-34,329
2023,34510,금산군,M,total,30-34,783
2023,34510,금산군,M,unmarried,30-34,595
2023,34510,금산군,F,total,30-34,630
2023,34510,금산군,F,unmarried,35-39,212
2023,34510,금산군,M,total,35-39,823
2023,34510,금산군,M,unmarried,35-39,436
2023,34510,금산군,F,total,35-39,771
2023,34510,금산군,F,unmarried,40-44,202
2023,34510,금산군,M,total,40-44,1237
2023,34510,금산군,M,unmarried,40-44,464
2023,34510,금산군,F,total,40-44,1143
2023,34530,부여군,F,unmarried,20-24,866
2023,34530,부여군,M,total,20-24,1198
2023,34530,부여군,M,unmarried,20-24,1193
2023,34530,부여군,F,total,20-24,882
2023,34530,부여군,F,unmarried,25-29,713
2023,34530,부여군,M,total,25-29,1192
2023,34530,부여군,M,unmarried,25-29,1135
2023,34530,부여군,F,total,25-29,826
2023,34530,부여군,F,unmarried,30-34,419
2023,34530,부여군,M,total,30-34,937
2023,34530,부여군,M,unmarried,30-34,722
2023,34530,부여군,F,total,30-34,737
2023,34530,부여군,F,unmarried,35-39,255
2023,34530,부여군,M,total,35-39,967
2023,34530,부여군,M,unmarried,35-39,520
2023,34530,부여군,F,total,35-39,871
2023,34530,부여군,F,unmarried,40-44,203
2023,34530,부여군,M,total,40-44,1407
2023,34530,부여군,M,unmarried,40-44,518
2023,34530,부여군,F,total,40-44,1202
2023,34540,서천군,F,unmarried,20-24,478
2023,34540,서천군,M,total,20-24,770
2023,34540,서천군,M,unmarried,20-24,761
2023,34540,서천군,F,total,20-24,499
2023,34540,서천군,F,unmarried,25-29,476
2023,34540,서천군,M,total,25-29,834
2023,34540,서천군,M,unmarried,25-29,779
2023,34540,서천군,F,total,25-29,578
2023,34540,서천군,F,unmarried,30-34,325
2023,34540,서천군,M,total,30-34,763
2023,34540,서천군,M,unmarried,30-34,570
2023,34540,서천군,F,total,30-34,636
2023,34540,서천군,F,unmarried,35-39,170
2023,34540,서천군,M,total,35-39,777
2023,34540,서천군,M,unmarried,35-39,418
2023,34540,서천군,F,total,35-39,618
2023,34540,서천군,F,unmarried,40-44,151
2023,34540,서천군,M,total,40-44,1153
2023,34540,서천군,M,unmarried,40-44,416
2023,34540,서천군,F,total,40-44,987
2023,34550,청양군,F,unmarried,20-24,472
2023,34550,청양군,M,total,20-24,810
2023,34550,청양군,M,unmarried,20-24,807
2023,34550,청양군,F,total,20-24,481
2023,34550,청양군,F,unmarried,25-29,328
2023,34550,청양군,M,total,25-29,627
2023,34550,청양군,M,unmarried,25-29,595
2023,34550,청양군,F,total,25-29,394
2023,34550,청양군,F,unmarried,30-34,186
2023,34550,청양군,M,total,30-34,470
2023,34550,청양군,M,unmarried,30-34,377
2023,34550,청양군,F,total,30-34,344
2023,34550,청양군,F,unmarried,35-39,105
2023,34550,청양군,M,total,35-39,489
2023,34550,청양군,M,unmarried,35-39,277
2023,34550,청양군,F,total,35-39,399
2023,34550,청양군,F,unmarried,40-44,83
2023,34550,청양군,M,total,40-44,666
2023,34550,청양군,M,unmarried,40-44,270
2023,34550,청양군,F,total,40-44,491
2023,34560,홍성군,F,unmarried,20-24,2146
2023,34560,홍성군,M,total,20-24,2577
2023,34560,홍성군,M,unmarried,20-24,2554
2023,34560,홍성군,F,total,20-24,2180
2023,34560,홍성군,F,unmarried,25-29,1557
2023,34560,홍성군,M,total,25-29,2358
2023,34560,홍성군,M,unmarried,25-29,2181
2023,34560,홍성군,F,total,25-29,1951
2023,34560,홍성군,F,unmarried,30-34,859
2023,34560,홍성군,M,total,30-34,2397
2023,34560,홍성군,M,unmarried,30-34,1595
2023,34560,홍성군,F,total,30-34,2004
2023,34560,홍성군,F,unmarried,35-39,416
2023,34560,홍성군,M,total,35-39,2433
2023,34560,홍성군,M,unmarried,35-39,976
2023,34560,홍성군,F,total,35-39,2254
2023,34560,홍성군,F,unmarried,40-44,334
2023,34560,홍성군,M,total,40-44,3184
2023,34560,홍성군,M,unmarried,40-44,821
2023,34560,홍성군,F,total,40-44,3181
2023,34570,예산군,F,unmarried,20-24,1173
2023,34570,예산군,M,total,20-24,1589
2023,34570,예산군,M,unmarried,20-24,1577
2023,34570,예산군,F,total,20-24,1203
2023,34570,예산군,F,unmarried,25-29,1008
2023,34570,예산군,M,total,25-29,1639
2023,34570,예산군,M,unmarried,25-29,1505
2023,34570,예산군,F,total,25-29,1278
2023,34570,예산군,F,unmarried,30-34,606
2023,34570,예산군,M,total,30-34,1672
2023,34570,예산군,M,unmarried,30-34,1195
2023,34570,예산군,F,total,30-34,1319
2023,34570,예산군,F,unmarried,35-39,372
2023,34570,예산군,M,total,35-39,1633
2023,34570,예산군,M,unmarried,35-39,792
2023,34570,예산군,F,total,35-39,1358
2023,34570,예산군,F,unmarried,40-44,274
2023,34570,예산군,M,total,40-44,2082
2023,34570,예산군,M,unmarried,40-44,719
2023,34570,예산군,F,total,40-44,1824
2023,34580,태안군,F,unmarried,20-24,672
2023,34580,태안군,M,total,20-24,1627
2023,34580,태안군,M,unmarried,20-24,1619
2023,34580,태안군,F,total,20-24,684
2023,34580,태안군,F,unmarried,25-29,600
2023,34580,태안군,M,total,25-29,1425
2023,34580,태안군,M,unmarried,25-29,1329
2023,34580,태안군,F,total,25-29,752
2023,34580,태안군,F,unmarried,30-34,378
2023,34580,태안군,M,total,30-34,1092
2023,34580,태안군,M,unmarried,30-34,819
2023,34580,태안군,F,total,30-34,798
2023,34580,태안군,F,unmarried,35-39,231
2023,34580,태안군,M,total,35-39,1084
2023,34580,태안군,M,unmarried,35-39,539
2023,34580,태안군,F,total,35-39,880
2023,34580,태안군,F,unmarried,40-44,187
2023,34580,태안군,M,total,40-44,1680
2023,34580,태안군,M,unmarried,40-44,606
2023,34580,태안군,F,total,40-44,1349
2023,35,전북특별자치도,F,unmarried,20-24,42788
2023,35,전북특별자치도,M,total,20-24,54062
2023,35,전북특별자치도,M,unmarried,20-24,53772
2023,35,전북특별자치도,F,total,20-24,43438
2023,35,전북특별자치도,F,unmarried,25-29,36846
2023,35,전북특별자치도,M,total,25-29,52202
2023,35,전북특별자치도,M,unmarried,25-29,48996
2023,35,전북특별자치도,F,total,25-29,43056
2023,35,전북특별자치도,F,unmarried,30-34,20236
2023,35,전북특별자치도,M,total,30-34,44874
2023,35,전북특별자치도,M,unmarried,30-34,32374
2023,35,전북특별자치도,F,total,30-34,39596
2023,35,전북특별자치도,F,unmarried,35-39,9903
2023,35,전북특별자치도,M,total,35-39,42744
2023,35,전북특별자치도,M,unmarried,35-39,18950
2023,35,전북특별자치도,F,total,35-39,41012
2023,35,전북특별자치도,F,unmarried,40-44,7322
2023,35,전북특별자치도,M,total,40-44,58336
2023,35,전북특별자치도,M,unmarried,40-44,17430
2023,35,전북특별자치도,F,total,40-44,55822
2023,35003,동부,F,unmarried,20-24,36233
2023,35003,동부,M,total,20-24,44154
2023,35003,동부,M,unmarried,20-24,43933
2023,35003,동부,F,total,20-24,36755
2023,35003,동부,F,unmarried,25-29,30929
2023,35003,동부,M,total,25-29,42254
2023,35003,동부,M,unmarried,25-29,39713
2023,35003,동부,F,total,25-29,35883
2023,35003,동부,F,unmarried,30-34,16596
2023,35003,동부,M,total,30-34,35803
2023,35003,동부,M,unmarried,30-34,25743
2023,35003,동부,F,total,30-34,32175
2023,35003,동부,F,unmarried,35-39,7908
2023,35003,동부,M,total,35-39,33812
2023,35003,동부,M,unmarried,35-39,14424
2023,35003,동부,F,total,35-39,32976
2023,35003,동부,F,unmarried,40-44,5735
2023,35003,동부,M,total,40-44,45618
2023,35003,동부,M,unmarried,40-44,12815
2023,35003,동부,F,total,40-44,45454
2023,35004,읍부,F,unmarried,20-24,3031
2023,35004,읍부,M,total,20-24,4428
2023,35004,읍부,M,unmarried,20-24,4397
2023,35004,읍부,F,total,20-24,3087
2023,35004,읍부,F,unmarried,25-29,2491
2023,35004,읍부,M,total,25-29,4081
2023,35004,읍부,M,unmarried,25-29,3728
2023,35004,읍부,F,total,25-29,3204
2023,35004,읍부,F,unmarried,30-34,1414
2023,35004,읍부,M,total,30-34,3949
2023,35004,읍부,M,unmarried,30-34,2542
2023,35004,읍부,F,total,30-34,3432
2023,35004,읍부,F,unmarried,35-39,714
2023,35004,읍부,M,total,35-39,3751
2023,35004,읍부,M,unmarried,35-39,1575
2023,35004,읍부,F,total,35-39,3798
2023,35004,읍부,F,unmarried,40-44,521
2023,35004,읍부,M,total,40-44,5266
2023,35004,읍부,M,unmarried,40-44,1461
2023,35004,읍부,F,total,40-44,5030
2023,35005,면부,F,unmarried,20-24,3524
2023,35005,면부,M,total,20-24,5480
2023,35005,면부,M,unmarried,20-24,5442
2023,35005,면부,F,total,20-24,3596
2023,35005,면부,F,unmarried,25-29,3426
2023,35005,면부,M,total,25-29,5867
2023,35005,면부,M,unmarried,25-29,5555
2023,35005,면부,F,total,25-29,3969
2023,35005,면부,F,unmarried,30-34,2226
2023,35005,면부,M,total,30-34,5122
2023,35005,면부,M,unmarried,30-34,4089
2023,35005,면부,F,total,30-34,3989
2023,35005,면부,F,unmarried,35-39,1281
2023,35005,면부,M,total,35-39,5181
2023,35005,면부,M,unmarried,35-39,2951
2023,35005,면부,F,total,35-39,4238
2023,35005,면부,F,unmarried,40-44,1066
2023,35005,면부,M,total,40-44,7452
2023,35005,면부,M,unmarried,40-44,3154
2023,35005,면부,F,total,40-44,5338
2023,35010,전주시,F,unmarried,20-24,20801
2023,35010,전주시,M,total,20-24,23926
2023,35010,전주시,M,unmarried,20-24,23828
2023,35010,전주시,F,total,20-24,21049
2023,35010,전주시,F,unmarried,25-29,18073
2023,35010,전주시,M,total,25-29,23295
2023,35010,전주시,M,unmarried,25-29,22035
2023,35010,전주시,F,total,25-29,20604
2023,35010,전주시,F,unmarried,30-34,9870
2023,35010,전주시,M,total,30-34,20213
2023,35010,전주시,M,unmarried,30-34,14523
2023,35010,전주시,F,total,30-34,18368
2023,35010,전주시,F,unmarried,35-39,4716
2023,35010,전주시,M,total,35-39,18516
2023,35010,전주시,M,unmarried,35-39,7743
2023,35010,전주시,F,total,35-39,18332
2023,35010,전주시,F,unmarried,40-44,3218
2023,35010,전주시,M,total,40-44,23804
2023,35010,전주시,M,unmarried,40-44,6489
2023,35010,전주시,F,total,40-44,24334
2023,35011,완산구,F,unmarried,20-24,10296
2023,35011,완산구,M,total,20-24,11495
2023,35011,완산구,M,unmarried,20-24,11439
2023,35011,완산구,F,total,20-24,10421
2023,35011,완산구,F,unmarried,25-29,9648
2023,35011,완산구,M,total,25-29,11651
2023,35011,완산구,M,unmarried,25-29,11050
2023,35011,완산구,F,total,25-29,10860
2023,35011,완산구,F,unmarried,30-34,5383
2023,35011,완산구,M,total,30-34,10085
2023,35011,완산구,M,unmarried,30-34,7605
2023,35011,완산구,F,total,30-34,9145
2023,35011,완산구,F,unmarried,35-39,2547
2023,35011,완산구,M,total,35-39,8713
2023,35011,완산구,M,unmarried,35-39,4024
2023,35011,완산구,F,total,35-39,8681
2023,35011,완산구,F,unmarried,40-44,1735
2023,35011,완산구,M,total,40-44,11049
2023,35011,완산구,M,unmarried,40-44,3286
2023,35011,완산구,F,total,40-44,11418
2023,35012,덕진구,F,unmarried,20-24,10505
2023,35012,덕진구,M,total,20-24,12431
2023,35012,덕진구,M,unmarried,20-24,12389
2023,35012,덕진구,F,total,20-24,10628
2023,35012,덕진구,F,unmarried,25-29,8425
2023,35012,덕진구,M,total,25-29,11644
2023,35012,덕진구,M,unmarried,25-29,10985
2023,35012,덕진구,F,total,25-29,9744
2023,35012,덕진구,F,unmarried,30-34,4487
2023,35012,덕진구,M,total,30-34,10128
2023,35012,덕진구,M,unmarried,30-34,6918
2023,35012,덕진구,F,total,30-34,9223
2023,35012,덕진구,F,unmarried,35-39,2169
2023,35012,덕진구,M,total,35-39,9803
2023,35012,덕진구,M,unmarried,35-39,3719
2023,35012,덕진구,F,total,35-39,9651
2023,35012,덕진구,F,unmarried,40-44,1483
2023,35012,덕진구,M,total,40-44,12755
2023,35012,덕진구,M,unmarried,40-44,3203
2023,35012,덕진구,F,total,40-44,12916
2023,35020,군산시,F,unmarried,20-24,5975
2023,35020,군산시,M,total,20-24,7789
2023,35020,군산시,M,unmarried,20-24,7748
2023,35020,군산시,F,total,20-24,6080
2023,35020,군산시,F,unmarried,25-29,4927
2023,35020,군산시,M,total,25-29,7531
2023,35020,군산시,M,unmarried,25-29,7041
2023,35020,군산시,F,total,25-29,5881
2023,35020,군산시,F,unmarried,30-34,2681
2023,35020,군산시,M,total,30-34,6690
2023,35020,군산시,M,unmarried,30-34,4785
2023,35020,군산시,F,total,30-34,5694
2023,35020,군산시,F,unmarried,35-39,1325
2023,35020,군산시,M,total,35-39,6943
2023,35020,군산시,M,unmarried,35-39,2950
2023,35020,군산시,F,total,35-39,6388
2023,35020,군산시,F,unmarried,40-44,1063
2023,35020,군산시,M,total,40-44,10300
2023,35020,군산시,M,unmarried,40-44,3063
2023,35020,군산시,F,total,40-44,9368
2023,35030,익산시,F,unmarried,20-24,7977
2023,35030,익산시,M,total,20-24,10186
2023,35030,익산시,M,unmarried,20-24,10136
2023,35030,익산시,F,total,20-24,8079
2023,35030,익산시,F,unmarried,25-29,5940
2023,35030,익산시,M,total,25-29,8924
2023,35030,익산시,M,unmarried,25-29,8360
2023,35030,익산시,F,total,25-29,6959
2023,35030,익산시,F,unmarried,30-34,3171
2023,35030,익산시,M,total,30-34,6995
2023,35030,익산시,M,unmarried,30-34,5177
2023,35030,익산시,F,total,30-34,5985
2023,35030,익산시,F,unmarried,35-39,1472
2023,35030,익산시,M,total,35-39,6302
2023,35030,익산시,M,unmarried,35-39,3039
2023,35030,익산시,F,total,35-39,5935
2023,35030,익산시,F,unmarried,40-44,1115
2023,35030,익산시,M,total,40-44,8626
2023,35030,익산시,M,unmarried,40-44,2664
2023,35030,익산시,F,total,40-44,8246
2023,35040,정읍시,F,unmarried,20-24,1500
2023,35040,정읍시,M,total,20-24,2181
2023,35040,정읍시,M,unmarried,20-24,2154
2023,35040,정읍시,F,total,20-24,1547
2023,35040,정읍시,F,unmarried,25-29,1637
2023,35040,정읍시,M,total,25-29,2405
2023,35040,정읍시,M,unmarried,25-29,2230
2023,35040,정읍시,F,total,25-29,1954
2023,35040,정읍시,F,unmarried,30-34,827
2023,35040,정읍시,M,total,30-34,2017
2023,35040,정읍시,M,unmarried,30-34,1478
2023,35040,정읍시,F,total,30-34,1692
2023,35040,정읍시,F,unmarried,35-39,431
2023,35040,정읍시,M,total,35-39,1992
2023,35040,정읍시,M,unmarried,35-39,972
2023,35040,정읍시,F,total,35-39,1807
2023,35040,정읍시,F,unmarried,40-44,399
2023,35040,정읍시,M,total,40-44,2903
2023,35040,정읍시,M,unmarried,40-44,1015
2023,35040,정읍시,F,total,40-44,2654
2023,35050,남원시,F,unmarried,20-24,934
2023,35050,남원시,M,total,20-24,1463
2023,35050,남원시,M,unmarried,20-24,1456
2023,35050,남원시,F,total,20-24,960
2023,35050,남원시,F,unmarried,25-29,1119
2023,35050,남원시,M,total,25-29,1611
2023,35050,남원시,M,unmarried,25-29,1517
2023,35050,남원시,F,total,25-29,1313
2023,35050,남원시,F,unmarried,30-34,592
2023,35050,남원시,M,total,30-34,1354
2023,35050,남원시,M,unmarried,30-34,1014
2023,35050,남원시,F,total,30-34,1252
2023,35050,남원시,F,unmarried,35-39,314
2023,35050,남원시,M,total,35-39,1419
2023,35050,남원시,M,unmarried,35-39,673
2023,35050,남원시,F,total,35-39,1351
2023,35050,남원시,F,unmarried,40-44,260
2023,35050,남원시,M,total,40-44,2002
2023,35050,남원시,M,unmarried,40-44,637
2023,35050,남원시,F,total,40-44,1959
2023,35060,김제시,F,unmarried,20-24,1083
2023,35060,김제시,M,total,20-24,1655
2023,35060,김제시,M,unmarried,20-24,1628
2023,35060,김제시,F,total,20-24,1121
2023,35060,김제시,F,unmarried,25-29,1158
2023,35060,김제시,M,total,25-29,1909
2023,35060,김제시,M,unmarried,25-29,1755
2023,35060,김제시,F,total,25-29,1436
2023,35060,김제시,F,unmarried,30-34,652
2023,35060,김제시,M,total,30-34,1565
2023,35060,김제시,M,unmarried,30-34,1158
2023,35060,김제시,F,total,30-34,1356
2023,35060,김제시,F,unmarried,35-39,344
2023,35060,김제시,M,total,35-39,1545
2023,35060,김제시,M,unmarried,35-39,756
2023,35060,김제시,F,total,35-39,1451
2023,35060,김제시,F,unmarried,40-44,291
2023,35060,김제시,M,total,40-44,2139
2023,35060,김제시,M,unmarried,40-44,743
2023,35060,김제시,F,total,40-44,1828
2023,35510,완주군,F,unmarried,20-24,2223
2023,35510,완주군,M,total,20-24,3192
2023,35510,완주군,M,unmarried,20-24,3178
2023,35510,완주군,F,total,20-24,2252
2023,35510,완주군,F,unmarried,25-29,1681
2023,35510,완주군,M,total,25-29,2712
2023,35510,완주군,M,unmarried,25-29,2460
2023,35510,완주군,F,total,25-29,2164
2023,35510,완주군,F,unmarried,30-34,1011
2023,35510,완주군,M,total,30-34,2748
2023,35510,완주군,M,unmarried,30-34,1702
2023,35510,완주군,F,total,30-34,2355
2023,35510,완주군,F,unmarried,35-39,527
2023,35510,완주군,M,total,35-39,2535
2023,35510,완주군,M,unmarried,35-39,1045
2023,35510,완주군,F,total,35-39,2442
2023,35510,완주군,F,unmarried,40-44,393
2023,35510,완주군,M,total,40-44,3424
2023,35510,완주군,M,unmarried,40-44,1012
2023,35510,완주군,F,total,40-44,3106
2023,35520,진안군,F,unmarried,20-24,225
2023,35520,진안군,M,total,20-24,371
2023,35520,진안군,M,unmarried,20-24,369
2023,35520,진안군,F,total,20-24,230
2023,35520,진안군,F,unmarried,25-29,234
2023,35520,진안군,M,total,25-29,388
2023,35520,진안군,M,unmarried,25-29,369
2023,35520,진안군,F,total,25-29,284
2023,35520,진안군,F,unmarried,30-34,135
2023,35520,진안군,M,total,30-34,305
2023,35520,진안군,M,unmarried,30-34,232
2023,35520,진안군,F,total,30-34,309
2023,35520,진안군,F,unmarried,35-39,64
2023,35520,진안군,M,total,35-39,305
2023,35520,진안군,M,unmarried,35-39,162
2023,35520,진안군,F,total,35-39,342
2023,35520,진안군,F,unmarried,40-44,47
2023,35520,진안군,M,total,40-44,489
2023,35520,진안군,M,unmarried,40-44,172
2023,35520,진안군,F,total,40-44,398
2023,35530,무주군,F,unmarried,20-24,210
2023,35530,무주군,M,total,20-24,353
2023,35530,무주군,M,unmarried,20-24,350
2023,35530,무주군,F,total,20-24,220
2023,35530,무주군,F,unmarried,25-29,242
2023,35530,무주군,M,total,25-29,370
2023,35530,무주군,M,unmarried,25-29,352
2023,35530,무주군,F,total,25-29,280
2023,35530,무주군,F,unmarried,30-34,162
2023,35530,무주군,M,total,30-34,383
2023,35530,무주군,M,unmarried,30-34,291
2023,35530,무주군,F,total,30-34,305
2023,35530,무주군,F,unmarried,35-39,88
2023,35530,무주군,M,total,35-39,357
2023,35530,무주군,M,unmarried,35-39,182
2023,35530,무주군,F,total,35-39,331
2023,35530,무주군,F,unmarried,40-44,58
2023,35530,무주군,M,total,40-44,576
2023,35530,무주군,M,unmarried,40-44,195
2023,35530,무주군,F,total,40-44,465
2023,35540,장수군,F,unmarried,20-24,162
2023,35540,장수군,M,total,20-24,313
2023,35540,장수군,M,unmarried,20-24,312
2023,35540,장수군,F,total,20-24,167
2023,35540,장수군,F,unmarried,25-29,206
2023,35540,장수군,M,total,25-29,366
2023,35540,장수군,M,unmarried,25-29,349
2023,35540,장수군,F,total,25-29,245
2023,35540,장수군,F,unmarried,30-34,104
2023,35540,장수군,M,total,30-34,245
2023,35540,장수군,M,unmarried,30-34,195
2023,35540,장수군,F,total,30-34,229
2023,35540,장수군,F,unmarried,35-39,71
2023,35540,장수군,M,total,35-39,327
2023,35540,장수군,M,unmarried,35-39,187
2023,35540,장수군,F,total,35-39,316
2023,35540,장수군,F,unmarried,40-44,53
2023,35540,장수군,M,total,40-44,485
2023,35540,장수군,M,unmarried,40-44,181
2023,35540,장수군,F,total,40-44,403
2023,35550,임실군,F,unmarried,20-24,396
2023,35550,임실군,M,total,20-24,520
2023,35550,임실군,M,unmarried,20-24,518
2023,35550,임실군,F,total,20-24,400
2023,35550,임실군,F,unmarried,25-29,272
2023,35550,임실군,M,total,25-29,502
2023,35550,임실군,M,unmarried,25-29,469
2023,35550,임실군,F,total,25-29,324
2023,35550,임실군,F,unmarried,30-34,154
2023,35550,임실군,M,total,30-34,423
2023,35550,임실군,M,unmarried,30-34,308
2023,35550,임실군,F,total,30-34,351
2023,35550,임실군,F,unmarried,35-39,57
2023,35550,임실군,M,total,35-39,397
2023,35550,임실군,M,unmarried,35-39,183
2023,35550,임실군,F,total,35-39,357
2023,35550,임실군,F,unmarried,40-44,42
2023,35550,임실군,M,total,40-44,557
2023,35550,임실군,M,unmarried,40-44,193
2023,35550,임실군,F,total,40-44,383
2023,35560,순창군,F,unmarried,20-24,296
2023,35560,순창군,M,total,20-24,459
2023,35560,순창군,M,unmarried,20-24,456
2023,35560,순창군,F,total,20-24,297
2023,35560,순창군,F,unmarried,25-29,284
2023,35560,순창군,M,total,25-29,445
2023,35560,순창군,M,unmarried,25-29,420
2023,35560,순창군,F,total,25-29,344
2023,35560,순창군,F,unmarried,30-34,165
2023,35560,순창군,M,total,30-34,350
2023,35560,순창군,M,unmarried,30-34,283
2023,35560,순창군,F,total,30-34,359
2023,35560,순창군,F,unmarried,35-39,114
2023,35560,순창군,M,total,35-39,418
2023,35560,순창군,M,unmarried,35-39,204
2023,35560,순창군,F,total,35-39,419
2023,35560,순창군,F,unmarried,40-44,64
2023,35560,순창군,M,total,40-44,615
2023,35560,순창군,M,unmarried,40-44,217
2023,35560,순창군,F,total,40-44,597
2023,35570,고창군,F,unmarried,20-24,486
2023,35570,고창군,M,total,20-24,812
2023,35570,고창군,M,unmarried,20-24,805
2023,35570,고창군,F,total,20-24,500
2023,35570,고창군,F,unmarried,25-29,559
2023,35570,고창군,M,total,25-29,895
2023,35570,고창군,M,unmarried,25-29,841
2023,35570,고창군,F,total,25-29,650
2023,35570,고창군,F,unmarried,30-34,360
2023,35570,고창군,M,total,30-34,785
2023,35570,고창군,M,unmarried,30-34,627
2023,35570,고창군,F,total,30-34,674
2023,35570,고창군,F,unmarried,35-39,194
2023,35570,고창군,M,total,35-39,846
2023,35570,고창군,M,unmarried,35-39,418
2023,35570,고창군,F,total,35-39,799
2023,35570,고창군,F,unmarried,40-44,158
2023,35570,고창군,M,total,40-44,1218
2023,35570,고창군,M,unmarried,40-44,449
2023,35570,고창군,F,total,40-44,1017
2023,35580,부안군,F,unmarried,20-24,520
2023,35580,부안군,M,total,20-24,842
2023,35580,부안군,M,unmarried,20-24,834
2023,35580,부안군,F,total,20-24,536
2023,35580,부안군,F,unmarried,25-29,514
2023,35580,부안군,M,total,25-29,849
2023,35580,부안군,M,unmarried,25-29,798
2023,35580,부안군,F,total,25-29,618
2023,35580,부안군,F,unmarried,30-34,352
2023,35580,부안군,M,total,30-34,801
2023,35580,부안군,M,unmarried,30-34,601
2023,35580,부안군,F,total,30-34,667
2023,35580,부안군,F,unmarried,35-39,186
2023,35580,부안군,M,total,35-39,842
2023,35580,부안군,M,unmarried,35-39,436
2023,35580,부안군,F,total,35-39,742
2023,35580,부안군,F,unmarried,40-44,161
2023,35580,부안군,M,total,40-44,1198
2023,35580,부안군,M,unmarried,40-44,400
2023,35580,부안군,F,total,40-44,1064
2023,36,전라남도,F,unmarried,20-24,29875
2023,36,전라남도,M,total,20-24,44258
2023,36,전라남도,M,unmarried,20-24,43971
2023,36,전라남도,F,total,20-24,30586
2023,36,전라남도,F,unmarried,25-29,31515
2023,36,전라남도,M,total,25-29,48147
2023,36,전라남도,M,unmarried,25-29,44613
2023,36,전라남도,F,total,25-29,38111
2023,36,전라남도,F,unmarried,30-34,16609
2023,36,전라남도,M,total,30-34,42701
2023,36,전라남도,M,unmarried,30-34,29372
2023,36,전라남도,F,total,30-34,37252
2023,36,전라남도,F,unmarried,35-39,7773
2023,36,전라남도,M,total,35-39,42378
2023,36,전라남도,M,unmarried,35-39,17560
2023,36,전라남도,F,total,35-39,39268
2023,36,전라남도,F,unmarried,40-44,6100
2023,36,전라남도,M,total,40-44,59347
2023,36,전라남도,M,unmarried,40-44,17257
2023,36,전라남도,F,total,40-44,53690
2023,36003,동부,F,unmarried,20-24,16457
2023,36003,동부,M,total,20-24,23507
2023,36003,동부,M,unmarried,20-24,23366
2023,36003,동부,F,total,20-24,16800
2023,36003,동부,F,unmarried,25-29,17626
2023,36003,동부,M,total,25-29,26145
2023,36003,동부,M,unmarried,25-29,24270
2023,36003,동부,F,total,25-29,21144
2023,36003,동부,F,unmarried,30-34,9097
2023,36003,동부,M,total,30-34,23267
2023,36003,동부,M,unmarried,30-34,15938
2023,36003,동부,F,total,30-34,19943
2023,36003,동부,F,unmarried,35-39,4056
2023,36003,동부,M,total,35-39,22001
2023,36003,동부,M,unmarried,35-39,8897
2023,36003,동부,F,total,35-39,20467
2023,36003,동부,F,unmarried,40-44,3204
2023,36003,동부,M,total,40-44,29912
2023,36003,동부,M,unmarried,40-44,8374
2023,36003,동부,F,total,40-44,28470
2023,36004,읍부,F,unmarried,20-24,7308
2023,36004,읍부,M,total,20-24,10676
2023,36004,읍부,M,unmarried,20-24,10593
2023,36004,읍부,F,total,20-24,7537
2023,36004,읍부,F,unmarried,25-29,7466
2023,36004,읍부,M,total,25-29,11073
2023,36004,읍부,M,unmarried,25-29,10141
2023,36004,읍부,F,total,25-29,9231
2023,36004,읍부,F,unmarried,30-34,3886
2023,36004,읍부,M,total,30-34,9947
2023,36004,읍부,M,unmarried,30-34,6629
2023,36004,읍부,F,total,30-34,9393
2023,36004,읍부,F,unmarried,35-39,1878
2023,36004,읍부,M,total,35-39,10454
2023,36004,읍부,M,unmarried,35-39,4152
2023,36004,읍부,F,total,35-39,10506
2023,36004,읍부,F,unmarried,40-44,1507
2023,36004,읍부,M,total,40-44,15556
2023,36004,읍부,M,unmarried,40-44,4167
2023,36004,읍부,F,total,40-44,14712
2023,36005,면부,F,unmarried,20-24,6110
2023,36005,면부,M,total,20-24,10075
2023,36005,면부,M,unmarried,20-24,10012
2023,36005,면부,F,total,20-24,6249
2023,36005,면부,F,unmarried,25-29,6423
2023,36005,면부,M,total,25-29,10929
2023,36005,면부,M,unmarried,25-29,10202
2023,36005,면부,F,total,25-29,7736
2023,36005,면부,F,unmarried,30-34,3626
2023,36005,면부,M,total,30-34,9487
2023,36005,면부,M,unmarried,30-34,6805
2023,36005,면부,F,total,30-34,7916
2023,36005,면부,F,unmarried,35-39,1839
2023,36005,면부,M,total,35-39,9923
2023,36005,면부,M,unmarried,35-39,4511
2023,36005,면부,F,total,35-39,8295
2023,36005,면부,F,unmarried,40-44,1389
2023,36005,면부,M,total,40-44,13879
2023,36005,면부,M,unmarried,40-44,4716
2023,36005,면부,F,total,40-44,10508
2023,36010,목포시,F,unmarried,20-24,4809
2023,36010,목포시,M,total,20-24,7023
2023,36010,목포시,M,unmarried,20-24,6966
2023,36010,목포시,F,total,20-24,4910
2023,36010,목포시,F,unmarried,25-29,4622
2023,36010,목포시,M,total,25-29,6368
2023,36010,목포시,M,unmarried,25-29,5934
2023,36010,목포시,F,total,25-29,5449
2023,36010,목포시,F,unmarried,30-34,2413
2023,36010,목포시,M,total,30-34,5255
2023,36010,목포시,M,unmarried,30-34,3744
2023,36010,목포시,F,total,30-34,4848
2023,36010,목포시,F,unmarried,35-39,1216
2023,36010,목포시,M,total,35-39,5510
2023,36010,목포시,M,unmarried,35-39,2506
2023,36010,목포시,F,total,35-39,5439
2023,36010,목포시,F,unmarried,40-44,1085
2023,36010,목포시,M,total,40-44,8726
2023,36010,목포시,M,unmarried,40-44,2792
2023,36010,목포시,F,total,40-44,8180
2023,36020,여수시,F,unmarried,20-24,4467
2023,36020,여수시,M,total,20-24,7145
2023,36020,여수시,M,unmarried,20-24,7113
2023,36020,여수시,F,total,20-24,4572
2023,36020,여수시,F,unmarried,25-29,5261
2023,36020,여수시,M,total,25-29,8493
2023,36020,여수시,M,unmarried,25-29,7854
2023,36020,여수시,F,total,25-29,6379
2023,36020,여수시,F,unmarried,30-34,2731
2023,36020,여수시,M,total,30-34,7475
2023,36020,여수시,M,unmarried,30-34,5076
2023,36020,여수시,F,total,30-34,6109
2023,36020,여수시,F,unmarried,35-39,1206
2023,36020,여수시,M,total,35-39,7175
2023,36020,여수시,M,unmarried,35-39,2916
2023,36020,여수시,F,total,35-39,6221
2023,36020,여수시,F,unmarried,40-44,1010
2023,36020,여수시,M,total,40-44,9679
2023,36020,여수시,M,unmarried,40-44,2834
2023,36020,여수시,F,total,40-44,8794
2023,36030,순천시,F,unmarried,20-24,6411
2023,36030,순천시,M,total,20-24,8245
2023,36030,순천시,M,unmarried,20-24,8207
2023,36030,순천시,F,total,20-24,6519
2023,36030,순천시,F,unmarried,25-29,6393
2023,36030,순천시,M,total,25-29,9056
2023,36030,순천시,M,unmarried,25-29,8430
2023,36030,순천시,F,total,25-29,7599
2023,36030,순천시,F,unmarried,30-34,3340
2023,36030,순천시,M,total,30-34,8132
2023,36030,순천시,M,unmarried,30-34,5477
2023,36030,순천시,F,total,30-34,7422
2023,36030,순천시,F,unmarried,35-39,1380
2023,36030,순천시,M,total,35-39,7812
2023,36030,순천시,M,unmarried,35-39,2789
2023,36030,순천시,F,total,35-39,7548
2023,36030,순천시,F,unmarried,40-44,985
2023,36030,순천시,M,total,40-44,9686
2023,36030,순천시,M,unmarried,40-44,2339
2023,36030,순천시,F,total,40-44,9751
2023,36040,나주시,F,unmarried,20-24,2027
2023,36040,나주시,M,total,20-24,2675
2023,36040,나주시,M,unmarried,20-24,2657
2023,36040,나주시,F,total,20-24,2070
2023,36040,나주시,F,unmarried,25-29,2411
2023,36040,나주시,M,total,25-29,3164
2023,36040,나주시,M,unmarried,25-29,2934
2023,36040,나주시,F,total,25-29,2930
2023,36040,나주시,F,unmarried,30-34,1433
2023,36040,나주시,M,total,30-34,3531
2023,36040,나주시,M,unmarried,30-34,2343
2023,36040,나주시,F,total,30-34,3269
2023,36040,나주시,F,unmarried,35-39,641
2023,36040,나주시,M,total,35-39,3439
2023,36040,나주시,M,unmarried,35-39,1294
2023,36040,나주시,F,total,35-39,3285
2023,36040,나주시,F,unmarried,40-44,471
2023,36040,나주시,M,total,40-44,4469
2023,36040,나주시,M,unmarried,40-44,1187
2023,36040,나주시,F,total,40-44,4078
2023,36060,광양시,F,unmarried,20-24,2237
2023,36060,광양시,M,total,20-24,3727
2023,36060,광양시,M,unmarried,20-24,3706
2023,36060,광양시,F,total,20-24,2321
2023,36060,광양시,F,unmarried,25-29,3008
2023,36060,광양시,M,total,25-29,5393
2023,36060,광양시,M,unmarried,25-29,4925
2023,36060,광양시,F,total,25-29,3841
2023,36060,광양시,F,unmarried,30-34,1456
2023,36060,광양시,M,total,30-34,5043
2023,36060,광양시,M,unmarried,30-34,3254
2023,36060,광양시,F,total,30-34,3952
2023,36060,광양시,F,unmarried,35-39,620
2023,36060,광양시,M,total,35-39,4444
2023,36060,광양시,M,unmarried,35-39,1685
2023,36060,광양시,F,total,35-39,3975
2023,36060,광양시,F,unmarried,40-44,422
2023,36060,광양시,M,total,40-44,6003
2023,36060,광양시,M,unmarried,40-44,1577
2023,36060,광양시,F,total,40-44,5207
2023,36510,담양군,F,unmarried,20-24,537
2023,36510,담양군,M,total,20-24,944
2023,36510,담양군,M,unmarried,20-24,935
2023,36510,담양군,F,total,20-24,546
2023,36510,담양군,F,unmarried,25-29,629
2023,36510,담양군,M,total,25-29,1029
2023,36510,담양군,M,unmarried,25-29,934
2023,36510,담양군,F,total,25-29,765
2023,36510,담양군,F,unmarried,30-34,353
2023,36510,담양군,M,total,30-34,793
2023,36510,담양군,M,unmarried,30-34,568
2023,36510,담양군,F,total,30-34,744
2023,36510,담양군,F,unmarried,35-39,186
2023,36510,담양군,M,total,35-39,824
2023,36510,담양군,M,unmarried,35-39,399
2023,36510,담양군,F,total,35-39,726
2023,36510,담양군,F,unmarried,40-44,120
2023,36510,담양군,M,total,40-44,1064
2023,36510,담양군,M,unmarried,40-44,374
2023,36510,담양군,F,total,40-44,937
2023,36520,곡성군,F,unmarried,20-24,436
2023,36520,곡성군,M,total,20-24,721
2023,36520,곡성군,M,unmarried,20-24,717
2023,36520,곡성군,F,total,20-24,441
2023,36520,곡성군,F,unmarried,25-29,383
2023,36520,곡성군,M,total,25-29,568
2023,36520,곡성군,M,unmarried,25-29,532
2023,36520,곡성군,F,total,25-29,435
2023,36520,곡성군,F,unmarried,30-34,199
2023,36520,곡성군,M,total,30-34,422
2023,36520,곡성군,M,unmarried,30-34,324
2023,36520,곡성군,F,total,30-34,326
2023,36520,곡성군,F,unmarried,35-39,89
2023,36520,곡성군,M,total,35-39,401
2023,36520,곡성군,M,unmarried,35-39,219
2023,36520,곡성군,F,total,35-39,338
2023,36520,곡성군,F,unmarried,40-44,68
2023,36520,곡성군,M,total,40-44,580
2023,36520,곡성군,M,unmarried,40-44,208
2023,36520,곡성군,F,total,40-44,496
2023,36530,구례군,F,unmarried,20-24,249
2023,36530,구례군,M,total,20-24,389
2023,36530,구례군,M,unmarried,20-24,386
2023,36530,구례군,F,total,20-24,251
2023,36530,구례군,F,unmarried,25-29,233
2023,36530,구례군,M,total,25-29,370
2023,36530,구례군,M,unmarried,25-29,351
2023,36530,구례군,F,total,25-29,273
2023,36530,구례군,F,unmarried,30-34,175
2023,36530,구례군,M,total,30-34,268
2023,36530,구례군,M,unmarried,30-34,204
2023,36530,구례군,F,total,30-34,307
2023,36530,구례군,F,unmarried,35-39,86
2023,36530,구례군,M,total,35-39,335
2023,36530,구례군,M,unmarried,35-39,185
2023,36530,구례군,F,total,35-39,318
2023,36530,구례군,F,unmarried,40-44,92
2023,36530,구례군,M,total,40-44,528
2023,36530,구례군,M,unmarried,40-44,202
2023,36530,구례군,F,total,40-44,462
2023,36550,고흥군,F,unmarried,20-24,469
2023,36550,고흥군,M,total,20-24,815
2023,36550,고흥군,M,unmarried,20-24,812
2023,36550,고흥군,F,total,20-24,482
2023,36550,고흥군,F,unmarried,25-29,513
2023,36550,고흥군,M,total,25-29,846
2023,36550,고흥군,M,unmarried,25-29,801
2023,36550,고흥군,F,total,25-29,628
2023,36550,고흥군,F,unmarried,30-34,288
2023,36550,고흥군,M,total,30-34,736
2023,36550,고흥군,M,unmarried,30-34,559
2023,36550,고흥군,F,total,30-34,613
2023,36550,고흥군,F,unmarried,35-39,160
2023,36550,고흥군,M,total,35-39,825
2023,36550,고흥군,M,unmarried,35-39,453
2023,36550,고흥군,F,total,35-39,732
2023,36550,고흥군,F,unmarried,40-44,140
2023,36550,고흥군,M,total,40-44,1213
2023,36550,고흥군,M,unmarried,40-44,450
2023,36550,고흥군,F,total,40-44,1009
2023,36560,보성군,F,unmarried,20-24,332
2023,36560,보성군,M,total,20-24,555
2023,36560,보성군,M,unmarried,20-24,551
2023,36560,보성군,F,total,20-24,345
2023,36560,보성군,F,unmarried,25-29,373
2023,36560,보성군,M,total,25-29,589
2023,36560,보성군,M,unmarried,25-29,550
2023,36560,보성군,F,total,25-29,448
2023,36560,보성군,F,unmarried,30-34,210
2023,36560,보성군,M,total,30-34,492
2023,36560,보성군,M,unmarried,30-34,392
2023,36560,보성군,F,total,30-34,382
2023,36560,보성군,F,unmarried,35-39,135
2023,36560,보성군,M,total,35-39,510
2023,36560,보성군,M,unmarried,35-39,280
2023,36560,보성군,F,total,35-39,470
2023,36560,보성군,F,unmarried,40-44,91
2023,36560,보성군,M,total,40-44,758
2023,36560,보성군,M,unmarried,40-44,285
2023,36560,보성군,F,total,40-44,646
2023,36570,화순군,F,unmarried,20-24,1243
2023,36570,화순군,M,total,20-24,1488
2023,36570,화순군,M,unmarried,20-24,1479
2023,36570,화순군,F,total,20-24,1258
2023,36570,화순군,F,unmarried,25-29,1142
2023,36570,화순군,M,total,25-29,1459
2023,36570,화순군,M,unmarried,25-29,1368
2023,36570,화순군,F,total,25-29,1306
2023,36570,화순군,F,unmarried,30-34,542
2023,36570,화순군,M,total,30-34,1174
2023,36570,화순군,M,unmarried,30-34,884
2023,36570,화순군,F,total,30-34,1020
2023,36570,화순군,F,unmarried,35-39,247
2023,36570,화순군,M,total,35-39,997
2023,36570,화순군,M,unmarried,35-39,471
2023,36570,화순군,F,total,35-39,1000
2023,36570,화순군,F,unmarried,40-44,210
2023,36570,화순군,M,total,40-44,1484
2023,36570,화순군,M,unmarried,40-44,478
2023,36570,화순군,F,total,40-44,1499
2023,36580,장흥군,F,unmarried,20-24,348
2023,36580,장흥군,M,total,20-24,569
2023,36580,장흥군,M,unmarried,20-24,562
2023,36580,장흥군,F,total,20-24,367
2023,36580,장흥군,F,unmarried,25-29,380
2023,36580,장흥군,M,total,25-29,619
2023,36580,장흥군,M,unmarried,25-29,578
2023,36580,장흥군,F,total,25-29,450
2023,36580,장흥군,F,unmarried,30-34,226
2023,36580,장흥군,M,total,30-34,555
2023,36580,장흥군,M,unmarried,30-34,416
2023,36580,장흥군,F,total,30-34,493
2023,36580,장흥군,F,unmarried,35-39,128
2023,36580,장흥군,M,total,35-39,551
2023,36580,장흥군,M,unmarried,35-39,262
2023,36580,장흥군,F,total,35-39,529
2023,36580,장흥군,F,unmarried,40-44,87
2023,36580,장흥군,M,total,40-44,888
2023,36580,장흥군,M,unmarried,40-44,279
2023,36580,장흥군,F,total,40-44,704
2023,36590,강진군,F,unmarried,20-24,316
2023,36590,강진군,M,total,20-24,514
2023,36590,강진군,M,unmarried,20-24,504
2023,36590,강진군,F,total,20-24,333
2023,36590,강진군,F,unmarried,25-29,398
2023,36590,강진군,M,total,25-29,597
2023,36590,강진군,M,unmarried,25-29,558
2023,36590,강진군,F,total,25-29,482
2023,36590,강진군,F,unmarried,30-34,206
2023,36590,강진군,M,total,30-34,516
2023,36590,강진군,M,unmarried,30-34,389
2023,36590,강진군,F,total,30-34,456
2023,36590,강진군,F,unmarried,35-39,105
2023,36590,강진군,M,total,35-39,517
2023,36590,강진군,M,unmarried,35-39,257
2023,36590,강진군,F,total,35-39,479
2023,36590,강진군,F,unmarried,40-44,91
2023,36590,강진군,M,total,40-44,727
2023,36590,강진군,M,unmarried,40-44,236
2023,36590,강진군,F,total,40-44,676
2023,36600,해남군,F,unmarried,20-24,638
2023,36600,해남군,M,total,20-24,1126
2023,36600,해남군,M,unmarried,20-24,1118
2023,36600,해남군,F,total,20-24,660
2023,36600,해남군,F,unmarried,25-29,706
2023,36600,해남군,M,total,25-29,1118
2023,36600,해남군,M,unmarried,25-29,1036
2023,36600,해남군,F,total,25-29,900
2023,36600,해남군,F,unmarried,30-34,333
2023,36600,해남군,M,total,30-34,958
2023,36600,해남군,M,unmarried,30-34,665
2023,36600,해남군,F,total,30-34,828
2023,36600,해남군,F,unmarried,35-39,180
2023,36600,해남군,M,total,35-39,1095
2023,36600,해남군,M,unmarried,35-39,499
2023,36600,해남군,F,total,35-39,952
2023,36600,해남군,F,unmarried,40-44,153
2023,36600,해남군,M,total,40-44,1549
2023,36600,해남군,M,unmarried,40-44,500
2023,36600,해남군,F,total,40-44,1407
2023,36610,영암군,F,unmarried,20-24,919
2023,36610,영암군,M,total,20-24,1416
2023,36610,영암군,M,unmarried,20-24,1407
2023,36610,영암군,F,total,20-24,947
2023,36610,영암군,F,unmarried,25-29,740
2023,36610,영암군,M,total,25-29,1316
2023,36610,영암군,M,unmarried,25-29,1220
2023,36610,영암군,F,total,25-29,904
2023,36610,영암군,F,unmarried,30-34,378
2023,36610,영암군,M,total,30-34,946
2023,36610,영암군,M,unmarried,30-34,683
2023,36610,영암군,F,total,30-34,849
2023,36610,영암군,F,unmarried,35-39,173
2023,36610,영암군,M,total,35-39,1069
2023,36610,영암군,M,unmarried,35-39,528
2023,36610,영암군,F,total,35-39,937
2023,36610,영암군,F,unmarried,40-44,155
2023,36610,영암군,M,total,40-44,1925
2023,36610,영암군,M,unmarried,40-44,688
2023,36610,영암군,F,total,40-44,1362
2023,36620,무안군,F,unmarried,20-24,2340
2023,36620,무안군,M,total,20-24,3242
2023,36620,무안군,M,unmarried,20-24,3225
2023,36620,무안군,F,total,20-24,2369
2023,36620,무안군,F,unmarried,25-29,1693
2023,36620,무안군,M,total,25-29,2453
2023,36620,무안군,M,unmarried,25-29,2289
2023,36620,무안군,F,total,25-29,2044
2023,36620,무안군,F,unmarried,30-34,902
2023,36620,무안군,M,total,30-34,2355
2023,36620,무안군,M,unmarried,30-34,1485
2023,36620,무안군,F,total,30-34,2303
2023,36620,무안군,F,unmarried,35-39,406
2023,36620,무안군,M,total,35-39,2588
2023,36620,무안군,M,unmarried,35-39,870
2023,36620,무안군,F,total,35-39,2631
2023,36620,무안군,F,unmarried,40-44,333
2023,36620,무안군,M,total,40-44,3731
2023,36620,무안군,M,unmarried,40-44,726
2023,36620,무안군,F,total,40-44,3629
2023,36630,함평군,F,unmarried,20-24,293
2023,36630,함평군,M,total,20-24,480
2023,36630,함평군,M,unmarried,20-24,475
2023,36630,함평군,F,total,20-24,303
2023,36630,함평군,F,unmarried,25-29,322
2023,36630,함평군,M,total,25-29,537
2023,36630,함평군,M,unmarried,25-29,505
2023,36630,함평군,F,total,25-29,369
2023,36630,함평군,F,unmarried,30-34,172
2023,36630,함평군,M,total,30-34,460
2023,36630,함평군,M,unmarried,30-34,362
2023,36630,함평군,F,total,30-34,355
2023,36630,함평군,F,unmarried,35-39,110
2023,36630,함평군,M,total,35-39,414
2023,36630,함평군,M,unmarried,35-39,229
2023,36630,함평군,F,total,35-39,359
2023,36630,함평군,F,unmarried,40-44,60
2023,36630,함평군,M,total,40-44,668
2023,36630,함평군,M,unmarried,40-44,290
2023,36630,함평군,F,total,40-44,496
2023,36640,영광군,F,unmarried,20-24,589
2023,36640,영광군,M,total,20-24,942
2023,36640,영광군,M,unmarried,20-24,931
2023,36640,영광군,F,total,20-24,616
2023,36640,영광군,F,unmarried,25-29,722
2023,36640,영광군,M,total,25-29,1121
2023,36640,영광군,M,unmarried,25-29,1018
2023,36640,영광군,F,total,25-29,928
2023,36640,영광군,F,unmarried,30-34,385
2023,36640,영광군,M,total,30-34,1070
2023,36640,영광군,M,unmarried,30-34,691
2023,36640,영광군,F,total,30-34,1042
2023,36640,영광군,F,unmarried,35-39,197
2023,36640,영광군,M,total,35-39,1081
2023,36640,영광군,M,unmarried,35-39,457
2023,36640,영광군,F,total,35-39,1043
2023,36640,영광군,F,unmarried,40-44,138
2023,36640,영광군,M,total,40-44,1413
2023,36640,영광군,M,unmarried,40-44,422
2023,36640,영광군,F,total,40-44,1219
2023,36650,장성군,F,unmarried,20-24,458
2023,36650,장성군,M,total,20-24,735
2023,36650,장성군,M,unmarried,20-24,732
2023,36650,장성군,F,total,20-24,476
2023,36650,장성군,F,unmarried,25-29,521
2023,36650,장성군,M,total,25-29,1060
2023,36650,장성군,M,unmarried,25-29,961
2023,36650,장성군,F,total,25-29,657
2023,36650,장성군,F,unmarried,30-34,290
2023,36650,장성군,M,total,30-34,812
2023,36650,장성군,M,unmarried,30-34,611
2023,36650,장성군,F,total,30-34,641
2023,36650,장성군,F,unmarried,35-39,145
2023,36650,장성군,M,total,35-39,767
2023,36650,장성군,M,unmarried,35-39,371
2023,36650,장성군,F,total,35-39,657
2023,36650,장성군,F,unmarried,40-44,135
2023,36650,장성군,M,total,40-44,1062
2023,36650,장성군,M,unmarried,40-44,387
2023,36650,장성군,F,total,40-44,931
2023,36660,완도군,F,unmarried,20-24,326
2023,36660,완도군,M,total,20-24,630
2023,36660,완도군,M,unmarried,20-24,622
2023,36660,완도군,F,total,20-24,349
2023,36660,완도군,F,unmarried,25-29,454
2023,36660,완도군,M,total,25-29,819
2023,36660,완도군,M,unmarried,25-29,738
2023,36660,완도군,F,total,25-29,577
2023,36660,완도군,F,unmarried,30-34,238
2023,36660,완도군,M,total,30-34,687
2023,36660,완도군,M,unmarried,30-34,491
2023,36660,완도군,F,total,30-34,554
2023,36660,완도군,F,unmarried,35-39,143
2023,36660,완도군,M,total,35-39,863
2023,36660,완도군,M,unmarried,35-39,346
2023,36660,완도군,F,total,35-39,774
2023,36660,완도군,F,unmarried,40-44,115
2023,36660,완도군,M,total,40-44,1446
2023,36660,완도군,M,unmarried,40-44,422
2023,36660,완도군,F,total,40-44,1107
2023,36670,진도군,F,unmarried,20-24,217
2023,36670,진도군,M,total,20-24,473
2023,36670,진도군,M,unmarried,20-24,466
2023,36670,진도군,F,total,20-24,227
2023,36670,진도군,F,unmarried,25-29,298
2023,36670,진도군,M,total,25-29,549
2023,36670,진도군,M,unmarried,25-29,516
2023,36670,진도군,F,total,25-29,381
2023,36670,진도군,F,unmarried,30-34,170
2023,36670,진도군,M,total,30-34,463
2023,36670,진도군,M,unmarried,30-34,337
2023,36670,진도군,F,total,30-34,383
2023,36670,진도군,F,unmarried,35-39,107
2023,36670,진도군,M,total,35-39,465
2023,36670,진도군,M,unmarried,35-39,224
2023,36670,진도군,F,total,35-39,423
2023,36670,진도군,F,unmarried,40-44,63
2023,36670,진도군,M,total,40-44,747
2023,36670,진도군,M,unmarried,40-44,245
2023,36670,진도군,F,total,40-44,548
2023,36680,신안군,F,unmarried,20-24,214
2023,36680,신안군,M,total,20-24,404
2023,36680,신안군,M,unmarried,20-24,400
2023,36680,신안군,F,total,20-24,224
2023,36680,신안군,F,unmarried,25-29,313
2023,36680,신안군,M,total,25-29,623
2023,36680,신안군,M,unmarried,25-29,581
2023,36680,신안군,F,total,25-29,366
2023,36680,신안군,F,unmarried,30-34,169
2023,36680,신안군,M,total,30-34,558
2023,36680,신안군,M,unmarried,30-34,417
2023,36680,신안군,F,total,30-34,356
2023,36680,신안군,F,unmarried,35-39,113
2023,36680,신안군,M,total,35-39,696
2023,36680,신안군,M,unmarried,35-39,320
2023,36680,신안군,F,total,35-39,432
2023,36680,신안군,F,unmarried,40-44,76
2023,36680,신안군,M,total,40-44,1001
2023,36680,신안군,M,unmarried,40-44,336
2023,36680,신안군,F,total,40-44,552
2023,37,경상북도,F,unmarried,20-24,50655
2023,37,경상북도,M,total,20-24,71867
2023,37,경상북도,M,unmarried,20-24,71483
2023,37,경상북도,F,total,20-24,51545
2023,37,경상북도,F,unmarried,25-29,44318
2023,37,경상북도,M,total,25-29,72992
2023,37,경상북도,M,unmarried,25-29,68547
2023,37,경상북도,F,total,25-29,53319
2023,37,경상북도,F,unmarried,30-34,25414
2023,37,경상북도,M,total,30-34,69298
2023,37,경상북도,M,unmarried,30-34,49454
2023,37,경상북도,F,total,30-34,55484
2023,37,경상북도,F,unmarried,35-39,12822
2023,37,경상북도,M,total,35-39,68104
2023,37,경상북도,M,unmarried,35-39,30062
2023,37,경상북도,F,total,35-39,59968
2023,37,경상북도,F,unmarried,40-44,11075
2023,37,경상북도,M,total,40-44,89647
2023,37,경상북도,M,unmarried,40-44,26410
2023,37,경상북도,F,total,40-44,82820
2023,37003,동부,F,unmarried,20-24,31178
2023,37003,동부,M,total,20-24,43317
2023,37003,동부,M,unmarried,20-24,43087
2023,37003,동부,F,total,20-24,31717
2023,37003,동부,F,unmarried,25-29,29004
2023,37003,동부,M,total,25-29,45841
2023,37003,동부,M,unmarried,25-29,43117
2023,37003,동부,F,total,25-29,34547
2023,37003,동부,F,unmarried,30-34,16289
2023,37003,동부,M,total,30-34,42714
2023,37003,동부,M,unmarried,30-34,30411
2023,37003,동부,F,total,30-34,34673
2023,37003,동부,F,unmarried,35-39,7961
2023,37003,동부,M,total,35-39,40717
2023,37003,동부,M,unmarried,35-39,17344
2023,37003,동부,F,total,35-39,37048
2023,37003,동부,F,unmarried,40-44,6709
2023,37003,동부,M,total,40-44,53358
2023,37003,동부,M,unmarried,40-44,14674
2023,37003,동부,F,total,40-44,51852
2023,37004,읍부,F,unmarried,20-24,14261
2023,37004,읍부,M,total,20-24,19796
2023,37004,읍부,M,unmarried,20-24,19681
2023,37004,읍부,F,total,20-24,14505
2023,37004,읍부,F,unmarried,25-29,10027
2023,37004,읍부,M,total,25-29,17649
2023,37004,읍부,M,unmarried,25-29,16465
2023,37004,읍부,F,total,25-29,12431
2023,37004,읍부,F,unmarried,30-34,5733
2023,37004,읍부,M,total,30-34,17121
2023,37004,읍부,M,unmarried,30-34,11825
2023,37004,읍부,F,total,30-34,13839
2023,37004,읍부,F,unmarried,35-39,2882
2023,37004,읍부,M,total,35-39,18058
2023,37004,읍부,M,unmarried,35-39,7664
2023,37004,읍부,F,total,35-39,15769
2023,37004,읍부,F,unmarried,40-44,2484
2023,37004,읍부,M,total,40-44,23956
2023,37004,읍부,M,unmarried,40-44,6839
2023,37004,읍부,F,total,40-44,21609
2023,37005,면부,F,unmarried,20-24,5216
2023,37005,면부,M,total,20-24,8754
2023,37005,면부,M,unmarried,20-24,8715
2023,37005,면부,F,total,20-24,5323
2023,37005,면부,F,unmarried,25-29,5287
2023,37005,면부,M,total,25-29,9502
2023,37005,면부,M,unmarried,25-29,8965
2023,37005,면부,F,total,25-29,6341
2023,37005,면부,F,unmarried,30-34,3392
2023,37005,면부,M,total,30-34,9463
2023,37005,면부,M,unmarried,30-34,7218
2023,37005,면부,F,total,30-34,6972
2023,37005,면부,F,unmarried,35-39,1979
2023,37005,면부,M,total,35-39,9329
2023,37005,면부,M,unmarried,35-39,5054
2023,37005,면부,F,total,35-39,7151
2023,37005,면부,F,unmarried,40-44,1882
2023,37005,면부,M,total,40-44,12333
2023,37005,면부,M,unmarried,40-44,4897
2023,37005,면부,F,total,40-44,9359
2023,37010,포항시,F,unmarried,20-24,8756
2023,37010,포항시,M,total,20-24,12819
2023,37010,포항시,M,unmarried,20-24,12756
2023,37010,포항시,F,total,20-24,8937
2023,37010,포항시,F,unmarried,25-29,9086
2023,37010,포항시,M,total,25-29,15965
2023,37010,포항시,M,unmarried,25-29,14941
2023,37010,포항시,F,total,25-29,11028
2023,37010,포항시,F,unmarried,30-34,4904
2023,37010,포항시,M,total,30-34,14772
2023,37010,포항시,M,unmarried,30-34,10075
2023,37010,포항시,F,total,30-34,11258
2023,37010,포항시,F,unmarried,35-39,2530
2023,37010,포항시,M,total,35-39,13782
2023,37010,포항시,M,unmarried,35-39,5587
2023,37010,포항시,F,total,35-39,12543
2023,37010,포항시,F,unmarried,40-44,2304
2023,37010,포항시,M,total,40-44,18845
2023,37010,포항시,M,unmarried,40-44,5121
2023,37010,포항시,F,total,40-44,17999
2023,37011,남구,F,unmarried,20-24,3401
2023,37011,남구,M,total,20-24,6047
2023,37011,남구,M,unmarried,20-24,6011
2023,37011,남구,F,total,20-24,3492
2023,37011,남구,F,unmarried,25-29,4179
2023,37011,남구,M,total,25-29,8332
2023,37011,남구,M,unmarried,25-29,7804
2023,37011,남구,F,total,25-29,5030
2023,37011,남구,F,unmarried,30-34,2152
2023,37011,남구,M,total,30-34,7021
2023,37011,남구,M,unmarried,30-34,4955
2023,37011,남구,F,total,30-34,4946
2023,37011,남구,F,unmarried,35-39,1128
2023,37011,남구,M,total,35-39,6271
2023,37011,남구,M,unmarried,35-39,2780
2023,37011,남구,F,total,35-39,5547
2023,37011,남구,F,unmarried,40-44,1024
2023,37011,남구,M,total,40-44,8959
2023,37011,남구,M,unmarried,40-44,2666
2023,37011,남구,F,total,40-44,8121
2023,37012,북구,F,unmarried,20-24,5355
2023,37012,북구,M,total,20-24,6772
2023,37012,북구,M,unmarried,20-24,6745
2023,37012,북구,F,total,20-24,5445
2023,37012,북구,F,unmarried,25-29,4907
2023,37012,북구,M,total,25-29,7633
2023,37012,북구,M,unmarried,25-29,7137
2023,37012,북구,F,total,25-29,5998
2023,37012,북구,F,unmarried,30-34,2752
2023,37012,북구,M,total,30-34,7751
2023,37012,북구,M,unmarried,30-34,5120
2023,37012,북구,F,total,30-34,6312
2023,37012,북구,F,unmarried,35-39,1402
2023,37012,북구,M,total,35-39,7511
2023,37012,북구,M,unmarried,35-39,2807
2023,37012,북구,F,total,35-39,6996
2023,37012,북구,F,unmarried,40-44,1280
2023,37012,북구,M,total,40-44,9886
2023,37012,북구,M,unmarried,40-44,2455
2023,37012,북구,F,total,40-44,9878
2023,37020,경주시,F,unmarried,20-24,5089
2023,37020,경주시,M,total,20-24,6940
2023,37020,경주시,M,unmarried,20-24,6908
2023,37020,경주시,F,total,20-24,5166
2023,37020,경주시,F,unmarried,25-29,4187
2023,37020,경주시,M,total,25-29,6503
2023,37020,경주시,M,unmarried,25-29,6119
2023,37020,경주시,F,total,25-29,4937
2023,37020,경주시,F,unmarried,30-34,2432
2023,37020,경주시,M,total,30-34,6299
2023,37020,경주시,M,unmarried,30-34,4587
2023,37020,경주시,F,total,30-34,5104
2023,37020,경주시,F,unmarried,35-39,1199
2023,37020,경주시,M,total,35-39,5771
2023,37020,경주시,M,unmarried,35-39,2661
2023,37020,경주시,F,total,35-39,5204
2023,37020,경주시,F,unmarried,40-44,1124
2023,37020,경주시,M,total,40-44,8187
2023,37020,경주시,M,unmarried,40-44,2648
2023,37020,경주시,F,total,40-44,7341
2023,37030,김천시,F,unmarried,20-24,2556
2023,37030,김천시,M,total,20-24,3244
2023,37030,김천시,M,unmarried,20-24,3217
2023,37030,김천시,F,total,20-24,2623
2023,37030,김천시,F,unmarried,25-29,2202
2023,37030,김천시,M,total,25-29,3505
2023,37030,김천시,M,unmarried,25-29,3274
2023,37030,김천시,F,total,25-29,2697
2023,37030,김천시,F,unmarried,30-34,1285
2023,37030,김천시,M,total,30-34,3623
2023,37030,김천시,M,unmarried,30-34,2604
2023,37030,김천시,F,total,30-34,2991
2023,37030,김천시,F,unmarried,35-39,641
2023,37030,김천시,M,total,35-39,3432
2023,37030,김천시,M,unmarried,35-39,1412
2023,37030,김천시,F,total,35-39,3148
2023,37030,김천시,F,unmarried,40-44,544
2023,37030,김천시,M,total,40-44,4610
2023,37030,김천시,M,unmarried,40-44,1293
2023,37030,김천시,F,total,40-44,4279
2023,37040,안동시,F,unmarried,20-24,3864
2023,37040,안동시,M,total,20-24,4623
2023,37040,안동시,M,unmarried,20-24,4606
2023,37040,안동시,F,total,20-24,3914
2023,37040,안동시,F,unmarried,25-29,2910
2023,37040,안동시,M,total,25-29,4078
2023,37040,안동시,M,unmarried,25-29,3828
2023,37040,안동시,F,total,25-29,3451
2023,37040,안동시,F,unmarried,30-34,1526
2023,37040,안동시,M,total,30-34,3711
2023,37040,안동시,M,unmarried,30-34,2653
2023,37040,안동시,F,total,30-34,3109
2023,37040,안동시,F,unmarried,35-39,762
2023,37040,안동시,M,total,35-39,3514
2023,37040,안동시,M,unmarried,35-39,1613
2023,37040,안동시,F,total,35-39,3252
2023,37040,안동시,F,unmarried,40-44,688
2023,37040,안동시,M,total,40-44,4692
2023,37040,안동시,M,unmarried,40-44,1402
2023,37040,안동시,F,total,40-44,4631
2023,37050,구미시,F,unmarried,20-24,8558
2023,37050,구미시,M,total,20-24,13840
2023,37050,구미시,M,unmarried,20-24,13752
2023,37050,구미시,F,total,20-24,8732
2023,37050,구미시,F,unmarried,25-29,8971
2023,37050,구미시,M,total,25-29,14996
2023,37050,구미시,M,unmarried,25-29,14029
2023,37050,구미시,F,total,25-29,10967
2023,37050,구미시,F,unmarried,30-34,5662
2023,37050,구미시,M,total,30-34,15319
2023,37050,구미시,M,unmarried,30-34,10664
2023,37050,구미시,F,total,30-34,12709
2023,37050,구미시,F,unmarried,35-39,2789
2023,37050,구미시,M,total,35-39,16052
2023,37050,구미시,M,unmarried,35-39,6459
2023,37050,구미시,F,total,35-39,14074
2023,37050,구미시,F,unmarried,40-44,1993
2023,37050,구미시,M,total,40-44,19114
2023,37050,구미시,M,unmarried,40-44,4756
2023,37050,구미시,F,total,40-44,17788
2023,37060,영주시,F,unmarried,20-24,1963
2023,37060,영주시,M,total,20-24,2911
2023,37060,영주시,M,unmarried,20-24,2900
2023,37060,영주시,F,total,20-24,1999
2023,37060,영주시,F,unmarried,25-29,1397
2023,37060,영주시,M,total,25-29,2417
2023,37060,영주시,M,unmarried,25-29,2262
2023,37060,영주시,F,total,25-29,1719
2023,37060,영주시,F,unmarried,30-34,710
2023,37060,영주시,M,total,30-34,2176
2023,37060,영주시,M,unmarried,30-34,1577
2023,37060,영주시,F,total,30-34,1563
2023,37060,영주시,F,unmarried,35-39,382
2023,37060,영주시,M,total,35-39,1963
2023,37060,영주시,M,unmarried,35-39,911
2023,37060,영주시,F,total,35-39,1730
2023,37060,영주시,F,unmarried,40-44,374
2023,37060,영주시,M,total,40-44,2862
2023,37060,영주시,M,unmarried,40-44,874
2023,37060,영주시,F,total,40-44,2745
2023,37070,영천시,F,unmarried,20-24,1198
2023,37070,영천시,M,total,20-24,2612
2023,37070,영천시,M,unmarried,20-24,2603
2023,37070,영천시,F,total,20-24,1234
2023,37070,영천시,F,unmarried,25-29,1415
2023,37070,영천시,M,total,25-29,2429
2023,37070,영천시,M,unmarried,25-29,2289
2023,37070,영천시,F,total,25-29,1722
2023,37070,영천시,F,unmarried,30-34,830
2023,37070,영천시,M,total,30-34,2283
2023,37070,영천시,M,unmarried,30-34,1646
2023,37070,영천시,F,total,30-34,1876
2023,37070,영천시,F,unmarried,35-39,437
2023,37070,영천시,M,total,35-39,2228
2023,37070,영천시,M,unmarried,35-39,1090
2023,37070,영천시,F,total,35-39,1917
2023,37070,영천시,F,unmarried,40-44,403
2023,37070,영천시,M,total,40-44,2867
2023,37070,영천시,M,unmarried,40-44,1012
2023,37070,영천시,F,total,40-44,2411
2023,37080,상주시,F,unmarried,20-24,1330
2023,37080,상주시,M,total,20-24,2471
2023,37080,상주시,M,unmarried,20-24,2456
2023,37080,상주시,F,total,20-24,1350
2023,37080,상주시,F,unmarried,25-29,1102
2023,37080,상주시,M,total,25-29,1815
2023,37080,상주시,M,unmarried,25-29,1712
2023,37080,상주시,F,total,25-29,1317
2023,37080,상주시,F,unmarried,30-34,599
2023,37080,상주시,M,total,30-34,1616
2023,37080,상주시,M,unmarried,30-34,1235
2023,37080,상주시,F,total,30-34,1314
2023,37080,상주시,F,unmarried,35-39,326
2023,37080,상주시,M,total,35-39,1759
2023,37080,상주시,M,unmarried,35-39,842
2023,37080,상주시,F,total,35-39,1533
2023,37080,상주시,F,unmarried,40-44,302
2023,37080,상주시,M,total,40-44,2395
2023,37080,상주시,M,unmarried,40-44,790
2023,37080,상주시,F,total,40-44,2168
2023,37090,문경시,F,unmarried,20-24,901
2023,37090,문경시,M,total,20-24,1261
2023,37090,문경시,M,unmarried,20-24,1255
2023,37090,문경시,F,total,20-24,920
2023,37090,문경시,F,unmarried,25-29,880
2023,37090,문경시,M,total,25-29,1313
2023,37090,문경시,M,unmarried,25-29,1229
2023,37090,문경시,F,total,25-29,1055
2023,37090,문경시,F,unmarried,30-34,495
2023,37090,문경시,M,total,30-34,1185
2023,37090,문경시,M,unmarried,30-34,925
2023,37090,문경시,F,total,30-34,1029
2023,37090,문경시,F,unmarried,35-39,258
2023,37090,문경시,M,total,35-39,1342
2023,37090,문경시,M,unmarried,35-39,680
2023,37090,문경시,F,total,35-39,1169
2023,37090,문경시,F,unmarried,40-44,233
2023,37090,문경시,M,total,40-44,1802
2023,37090,문경시,M,unmarried,40-44,602
2023,37090,문경시,F,total,40-44,1629
2023,37100,경산시,F,unmarried,20-24,11831
2023,37100,경산시,M,total,20-24,12978
2023,37100,경산시,M,unmarried,20-24,12918
2023,37100,경산시,F,total,20-24,11931
2023,37100,경산시,F,unmarried,25-29,6605
2023,37100,경산시,M,total,25-29,10373
2023,37100,경산시,M,unmarried,25-29,9887
2023,37100,경산시,F,total,25-29,7673
2023,37100,경산시,F,unmarried,30-34,3519
2023,37100,경산시,M,total,30-34,8816
2023,37100,경산시,M,unmarried,30-34,6417
2023,37100,경산시,F,total,30-34,7074
2023,37100,경산시,F,unmarried,35-39,1589
2023,37100,경산시,M,total,35-39,8038
2023,37100,경산시,M,unmarried,35-39,3748
2023,37100,경산시,F,total,35-39,6838
2023,37100,경산시,F,unmarried,40-44,1375
2023,37100,경산시,M,total,40-44,10090
2023,37100,경산시,M,unmarried,40-44,3145
2023,37100,경산시,F,total,40-44,9536
2023,37520,의성군,F,unmarried,20-24,320
2023,37520,의성군,M,total,20-24,559
2023,37520,의성군,M,unmarried,20-24,558
2023,37520,의성군,F,total,20-24,327
2023,37520,의성군,F,unmarried,25-29,438
2023,37520,의성군,M,total,25-29,712
2023,37520,의성군,M,unmarried,25-29,688
2023,37520,의성군,F,total,25-29,510
2023,37520,의성군,F,unmarried,30-34,294
2023,37520,의성군,M,total,30-34,747
2023,37520,의성군,M,unmarried,30-34,597
2023,37520,의성군,F,total,30-34,604
2023,37520,의성군,F,unmarried,35-39,142
2023,37520,의성군,M,total,35-39,752
2023,37520,의성군,M,unmarried,35-39,435
2023,37520,의성군,F,total,35-39,572
2023,37520,의성군,F,unmarried,40-44,146
2023,37520,의성군,M,total,40-44,961
2023,37520,의성군,M,unmarried,40-44,391
2023,37520,의성군,F,total,40-44,749
2023,37530,청송군,F,unmarried,20-24,170
2023,37530,청송군,M,total,20-24,292
2023,37530,청송군,M,unmarried,20-24,291
2023,37530,청송군,F,total,20-24,173
2023,37530,청송군,F,unmarried,25-29,200
2023,37530,청송군,M,total,25-29,416
2023,37530,청송군,M,unmarried,25-29,393
2023,37530,청송군,F,total,25-29,239
2023,37530,청송군,F,unmarried,30-34,103
2023,37530,청송군,M,total,30-34,449
2023,37530,청송군,M,unmarried,30-34,367
2023,37530,청송군,F,total,30-34,234
2023,37530,청송군,F,unmarried,35-39,67
2023,37530,청송군,M,total,35-39,424
2023,37530,청송군,M,unmarried,35-39,251
2023,37530,청송군,F,total,35-39,299
2023,37530,청송군,F,unmarried,40-44,73
2023,37530,청송군,M,total,40-44,499
2023,37530,청송군,M,unmarried,40-44,203
2023,37530,청송군,F,total,40-44,411
2023,37540,영양군,F,unmarried,20-24,98
2023,37540,영양군,M,total,20-24,179
2023,37540,영양군,M,unmarried,20-24,179
2023,37540,영양군,F,total,20-24,103
2023,37540,영양군,F,unmarried,25-29,145
2023,37540,영양군,M,total,25-29,220
2023,37540,영양군,M,unmarried,25-29,211
2023,37540,영양군,F,total,25-29,166
2023,37540,영양군,F,unmarried,30-34,100
2023,37540,영양군,M,total,30-34,221
2023,37540,영양군,M,unmarried,30-34,188
2023,37540,영양군,F,total,30-34,181
2023,37540,영양군,F,unmarried,35-39,49
2023,37540,영양군,M,total,35-39,239
2023,37540,영양군,M,unmarried,35-39,136
2023,37540,영양군,F,total,35-39,192
2023,37540,영양군,F,unmarried,40-44,32
2023,37540,영양군,M,total,40-44,338
2023,37540,영양군,M,unmarried,40-44,140
2023,37540,영양군,F,total,40-44,256
2023,37550,영덕군,F,unmarried,20-24,204
2023,37550,영덕군,M,total,20-24,390
2023,37550,영덕군,M,unmarried,20-24,387
2023,37550,영덕군,F,total,20-24,211
2023,37550,영덕군,F,unmarried,25-29,343
2023,37550,영덕군,M,total,25-29,531
2023,37550,영덕군,M,unmarried,25-29,493
2023,37550,영덕군,F,total,25-29,407
2023,37550,영덕군,F,unmarried,30-34,204
2023,37550,영덕군,M,total,30-34,505
2023,37550,영덕군,M,unmarried,30-34,408
2023,37550,영덕군,F,total,30-34,403
2023,37550,영덕군,F,unmarried,35-39,137
2023,37550,영덕군,M,total,35-39,479
2023,37550,영덕군,M,unmarried,35-39,248
2023,37550,영덕군,F,total,35-39,479
2023,37550,영덕군,F,unmarried,40-44,106
2023,37550,영덕군,M,total,40-44,749
2023,37550,영덕군,M,unmarried,40-44,280
2023,37550,영덕군,F,total,40-44,654
2023,37560,청도군,F,unmarried,20-24,328
2023,37560,청도군,M,total,20-24,559
2023,37560,청도군,M,unmarried,20-24,555
2023,37560,청도군,F,total,20-24,333
2023,37560,청도군,F,unmarried,25-29,376
2023,37560,청도군,M,total,25-29,585
2023,37560,청도군,M,unmarried,25-29,557
2023,37560,청도군,F,total,25-29,435
2023,37560,청도군,F,unmarried,30-34,253
2023,37560,청도군,M,total,30-34,577
2023,37560,청도군,M,unmarried,30-34,477
2023,37560,청도군,F,total,30-34,450
2023,37560,청도군,F,unmarried,35-39,157
2023,37560,청도군,M,total,35-39,582
2023,37560,청도군,M,unmarried,35-39,375
2023,37560,청도군,F,total,35-39,500
2023,37560,청도군,F,unmarried,40-44,184
2023,37560,청도군,M,total,40-44,890
2023,37560,청도군,M,unmarried,40-44,344
2023,37560,청도군,F,total,40-44,788
2023,37570,고령군,F,unmarried,20-24,291
2023,37570,고령군,M,total,20-24,520
2023,37570,고령군,M,unmarried,20-24,514
2023,37570,고령군,F,total,20-24,302
2023,37570,고령군,F,unmarried,25-29,350
2023,37570,고령군,M,total,25-29,527
2023,37570,고령군,M,unmarried,25-29,502
2023,37570,고령군,F,total,25-29,398
2023,37570,고령군,F,unmarried,30-34,192
2023,37570,고령군,M,total,30-34,477
2023,37570,고령군,M,unmarried,30-34,394
2023,37570,고령군,F,total,30-34,362
2023,37570,고령군,F,unmarried,35-39,104
2023,37570,고령군,M,total,35-39,494
2023,37570,고령군,M,unmarried,35-39,288
2023,37570,고령군,F,total,35-39,400
2023,37570,고령군,F,unmarried,40-44,105
2023,37570,고령군,M,total,40-44,739
2023,37570,고령군,M,unmarried,40-44,296
2023,37570,고령군,F,total,40-44,645
2023,37580,성주군,F,unmarried,20-24,311
2023,37580,성주군,M,total,20-24,573
2023,37580,성주군,M,unmarried,20-24,565
2023,37580,성주군,F,total,20-24,326
2023,37580,성주군,F,unmarried,25-29,418
2023,37580,성주군,M,total,25-29,796
2023,37580,성주군,M,unmarried,25-29,755
2023,37580,성주군,F,total,25-29,505
2023,37580,성주군,F,unmarried,30-34,300
2023,37580,성주군,M,total,30-34,786
2023,37580,성주군,M,unmarried,30-34,603
2023,37580,성주군,F,total,30-34,568
2023,37580,성주군,F,unmarried,35-39,144
2023,37580,성주군,M,total,35-39,773
2023,37580,성주군,M,unmarried,35-39,428
2023,37580,성주군,F,total,35-39,587
2023,37580,성주군,F,unmarried,40-44,139
2023,37580,성주군,M,total,40-44,983
2023,37580,성주군,M,unmarried,40-44,348
2023,37580,성주군,F,total,40-44,746
2023,37590,칠곡군,F,unmarried,20-24,1757
2023,37590,칠곡군,M,total,20-24,2894
2023,37590,칠곡군,M,unmarried,20-24,2872
2023,37590,칠곡군,F,total,20-24,1802
2023,37590,칠곡군,F,unmarried,25-29,1723
2023,37590,칠곡군,M,total,25-29,2930
2023,37590,칠곡군,M,unmarried,25-29,2731
2023,37590,칠곡군,F,total,25-29,2074
2023,37590,칠곡군,F,unmarried,30-34,1127
2023,37590,칠곡군,M,total,30-34,2928
2023,37590,칠곡군,M,unmarried,30-34,2176
2023,37590,칠곡군,F,total,30-34,2331
2023,37590,칠곡군,F,unmarried,35-39,603
2023,37590,칠곡군,M,total,35-39,3489
2023,37590,칠곡군,M,unmarried,35-39,1670
2023,37590,칠곡군,F,total,35-39,2972
2023,37590,칠곡군,F,unmarried,40-44,486
2023,37590,칠곡군,M,total,40-44,5084
2023,37590,칠곡군,M,unmarried,40-44,1622
2023,37590,칠곡군,F,total,40-44,4352
2023,37600,예천군,F,unmarried,20-24,521
2023,37600,예천군,M,total,20-24,971
2023,37600,예천군,M,unmarried,20-24,970
2023,37600,예천군,F,total,20-24,538
2023,37600,예천군,F,unmarried,25-29,647
2023,37600,예천군,M,total,25-29,1035
2023,37600,예천군,M,unmarried,25-29,928
2023,37600,예천군,F,total,25-29,888
2023,37600,예천군,F,unmarried,30-34,362
2023,37600,예천군,M,total,30-34,1157
2023,37600,예천군,M,unmarried,30-34,682
2023,37600,예천군,F,total,30-34,1103
2023,37600,예천군,F,unmarried,35-39,186
2023,37600,예천군,M,total,35-39,1389
2023,37600,예천군,M,unmarried,35-39,436
2023,37600,예천군,F,total,35-39,1289
2023,37600,예천군,F,unmarried,40-44,196
2023,37600,예천군,M,total,40-44,1740
2023,37600,예천군,M,unmarried,40-44,379
2023,37600,예천군,F,total,40-44,1794
2023,37610,봉화군,F,unmarried,20-24,173
2023,37610,봉화군,M,total,20-24,397
2023,37610,봉화군,M,unmarried,20-24,396
2023,37610,봉화군,F,total,20-24,182
2023,37610,봉화군,F,unmarried,25-29,234
2023,37610,봉화군,M,total,25-29,390
2023,37610,봉화군,M,unmarried,25-29,368
2023,37610,봉화군,F,total,25-29,280
2023,37610,봉화군,F,unmarried,30-34,137
2023,37610,봉화군,M,total,30-34,369
2023,37610,봉화군,M,unmarried,30-34,298
2023,37610,봉화군,F,total,30-34,272
2023,37610,봉화군,F,unmarried,35-39,94
2023,37610,봉화군,M,total,35-39,430
2023,37610,봉화군,M,unmarried,35-39,260
2023,37610,봉화군,F,total,35-39,334
2023,37610,봉화군,F,unmarried,40-44,88
2023,37610,봉화군,M,total,40-44,623
2023,37610,봉화군,M,unmarried,40-44,266
2023,37610,봉화군,F,total,40-44,492
2023,37620,울진군,F,unmarried,20-24,359
2023,37620,울진군,M,total,20-24,690
2023,37620,울진군,M,unmarried,20-24,682
2023,37620,울진군,F,total,20-24,364
2023,37620,울진군,F,unmarried,25-29,578
2023,37620,울진군,M,total,25-29,1178
2023,37620,울진군,M,unmarried,25-29,1088
2023,37620,울진군,F,total,25-29,717
2023,37620,울진군,F,unmarried,30-34,301
2023,37620,울진군,M,total,30-34,1044
2023,37620,울진군,M,unmarried,30-34,692
2023,37620,울진군,F,total,30-34,801
2023,37620,울진군,F,unmarried,35-39,185
2023,37620,울진군,M,total,35-39,955
2023,37620,울진군,M,unmarried,35-39,418
2023,37620,울진군,F,total,35-39,793
2023,37620,울진군,F,unmarried,40-44,143
2023,37620,울진군,M,total,40-44,1261
2023,37620,울진군,M,unmarried,40-44,397
2023,37620,울진군,F,total,40-44,1215
2023,37630,울릉군,F,unmarried,20-24,77
2023,37630,울릉군,M,total,20-24,144
2023,37630,울릉군,M,unmarried,20-24,143
2023,37630,울릉군,F,total,20-24,78
2023,37630,울릉군,F,unmarried,25-29,111
2023,37630,울릉군,M,total,25-29,278
2023,37630,울릉군,M,unmarried,25-29,263
2023,37630,울릉군,F,total,25-29,134
2023,37630,울릉군,F,unmarried,30-34,79
2023,37630,울릉군,M,total,30-34,238
2023,37630,울릉군,M,unmarried,30-34,189
2023,37630,울릉군,F,total,30-34,148
2023,37630,울릉군,F,unmarried,35-39,41
2023,37630,울릉군,M,total,35-39,217
2023,37630,울릉군,M,unmarried,35-39,114
2023,37630,울릉군,F,total,35-39,143
2023,37630,울릉군,F,unmarried,40-44,37
2023,37630,울릉군,M,total,40-44,316
2023,37630,울릉군,M,unmarried,40-44,101
2023,37630,울릉군,F,total,40-44,191
2023,38,경상남도,F,unmarried,20-24,58178
2023,38,경상남도,M,total,20-24,82642
2023,38,경상남도,M,unmarried,20-24,82226
2023,38,경상남도,F,total,20-24,59175
2023,38,경상남도,F,unmarried,25-29,60581
2023,38,경상남도,M,total,25-29,90450
2023,38,경상남도,M,unmarried,25-29,84760
2023,38,경상남도,F,total,25-29,71606
2023,38,경상남도,F,unmarried,30-34,35881
2023,38,경상남도,M,total,30-34,89622
2023,38,경상남도,M,unmarried,30-34,63230
2023,38,경상남도,F,total,30-34,76396
2023,38,경상남도,F,unmarried,35-39,17485
2023,38,경상남도,M,total,35-39,91253
2023,38,경상남도,M,unmarried,35-39,37683
2023,38,경상남도,F,total,35-39,84488
2023,38,경상남도,F,unmarried,40-44,14343
2023,38,경상남도,M,total,40-44,127689
2023,38,경상남도,M,unmarried,40-44,34759
2023,38,경상남도,F,total,40-44,120770
2023,38003,동부,F,unmarried,20-24,44037
2023,38003,동부,M,total,20-24,60654
2023,38003,동부,M,unmarried,20-24,60363
2023,38003,동부,F,total,20-24,44744
2023,38003,동부,F,unmarried,25-29,44506
2023,38003,동부,M,total,25-29,65677
2023,38003,동부,M,unmarried,25-29,61636
2023,38003,동부,F,total,25-29,52151
2023,38003,동부,F,unmarried,30-34,26141
2023,38003,동부,M,total,30-34,63339
2023,38003,동부,M,unmarried,30-34,45218
2023,38003,동부,F,total,30-34,53904
2023,38003,동부,F,unmarried,35-39,12343
2023,38003,동부,M,total,35-39,62472
2023,38003,동부,M,unmarried,35-39,26110
2023,38003,동부,F,total,35-39,57370
2023,38003,동부,F,unmarried,40-44,10048
2023,38003,동부,M,total,40-44,85978
2023,38003,동부,M,unmarried,40-44,23700
2023,38003,동부,F,total,40-44,82603
2023,38004,읍부,F,unmarried,20-24,8299
2023,38004,읍부,M,total,20-24,12064
2023,38004,읍부,M,unmarried,20-24,12001
2023,38004,읍부,F,total,20-24,8442
2023,38004,읍부,F,unmarried,25-29,8889
2023,38004,읍부,M,total,25-29,12404
2023,38004,읍부,M,unmarried,25-29,11574
2023,38004,읍부,F,total,25-29,10523
2023,38004,읍부,F,unmarried,30-34,5032
2023,38004,읍부,M,total,30-34,12650
2023,38004,읍부,M,unmarried,30-34,8691
2023,38004,읍부,F,total,30-34,11231
2023,38004,읍부,F,unmarried,35-39,2364
2023,38004,읍부,M,total,35-39,13590
2023,38004,읍부,M,unmarried,35-39,5176
2023,38004,읍부,F,total,35-39,13446
2023,38004,읍부,F,unmarried,40-44,1935
2023,38004,읍부,M,total,40-44,19907
2023,38004,읍부,M,unmarried,40-44,4630
2023,38004,읍부,F,total,40-44,19793
2023,38005,면부,F,unmarried,20-24,5842
2023,38005,면부,M,total,20-24,9924
2023,38005,면부,M,unmarried,20-24,9862
2023,38005,면부,F,total,20-24,5989
2023,38005,면부,F,unmarried,25-29,7186
2023,38005,면부,M,total,25-29,12369
2023,38005,면부,M,unmarried,25-29,11550
2023,38005,면부,F,total,25-29,8932
2023,38005,면부,F,unmarried,30-34,4708
2023,38005,면부,M,total,30-34,13633
2023,38005,면부,M,unmarried,30-34,9321
2023,38005,면부,F,total,30-34,11261
2023,38005,면부,F,unmarried,35-39,2778
2023,38005,면부,M,total,35-39,15191
2023,38005,면부,M,unmarried,35-39,6397
2023,38005,면부,F,total,35-39,13672
2023,38005,면부,F,unmarried,40-44,2360
2023,38005,면부,M,total,40-44,21804
2023,38005,면부,M,unmarried,40-44,6429
2023,38005,면부,F,total,40-44,18374
2023,38030,진주시,F,unmarried,20-24,9949
2023,38030,진주시,M,total,20-24,12579
2023,38030,진주시,M,unmarried,20-24,12528
2023,38030,진주시,F,total,20-24,10067
2023,38030,진주시,F,unmarried,25-29,8002
2023,38030,진주시,M,total,25-29,11469
2023,38030,진주시,M,unmarried,25-29,10831
2023,38030,진주시,F,total,25-29,9287
2023,38030,진주시,F,unmarried,30-34,4200
2023,38030,진주시,M,total,30-34,10551
2023,38030,진주시,M,unmarried,30-34,7373
2023,38030,진주시,F,total,30-34,8944
2023,38030,진주시,F,unmarried,35-39,2042
2023,38030,진주시,M,total,35-39,9651
2023,38030,진주시,M,unmarried,35-39,3888
2023,38030,진주시,F,total,35-39,9285
2023,38030,진주시,F,unmarried,40-44,1606
2023,38030,진주시,M,total,40-44,12261
2023,38030,진주시,M,unmarried,40-44,3195
2023,38030,진주시,F,total,40-44,12468
2023,38050,통영시,F,unmarried,20-24,1349
2023,38050,통영시,M,total,20-24,2561
2023,38050,통영시,M,unmarried,20-24,2540
2023,38050,통영시,F,total,20-24,1384
2023,38050,통영시,F,unmarried,25-29,1539
2023,38050,통영시,M,total,25-29,2277
2023,38050,통영시,M,unmarried,25-29,2131
2023,38050,통영시,F,total,25-29,1847
2023,38050,통영시,F,unmarried,30-34,1045
2023,38050,통영시,M,total,30-34,2234
2023,38050,통영시,M,unmarried,30-34,1642
2023,38050,통영시,F,total,30-34,2104
2023,38050,통영시,F,unmarried,35-39,612
2023,38050,통영시,M,total,35-39,2876
2023,38050,통영시,M,unmarried,35-39,1383
2023,38050,통영시,F,total,35-39,2748
2023,38050,통영시,F,unmarried,40-44,542
2023,38050,통영시,M,total,40-44,4821
2023,38050,통영시,M,unmarried,40-44,1461
2023,38050,통영시,F,total,40-44,4532
2023,38060,사천시,F,unmarried,20-24,1202
2023,38060,사천시,M,total,20-24,2333
2023,38060,사천시,M,unmarried,20-24,2311
2023,38060,사천시,F,total,20-24,1240
2023,38060,사천시,F,unmarried,25-29,1404
2023,38060,사천시,M,total,25-29,2972
2023,38060,사천시,M,unmarried,25-29,2742
2023,38060,사천시,F,total,25-29,1797
2023,38060,사천시,F,unmarried,30-34,912
2023,38060,사천시,M,total,30-34,2880
2023,38060,사천시,M,unmarried,30-34,1965
2023,38060,사천시,F,total,30-34,2130
2023,38060,사천시,F,unmarried,35-39,439
2023,38060,사천시,M,total,35-39,2676
2023,38060,사천시,M,unmarried,35-39,1158
2023,38060,사천시,F,total,35-39,2349
2023,38060,사천시,F,unmarried,40-44,456
2023,38060,사천시,M,total,40-44,4084
2023,38060,사천시,M,unmarried,40-44,1209
2023,38060,사천시,F,total,40-44,3845
2023,38070,김해시,F,unmarried,20-24,11211
2023,38070,김해시,M,total,20-24,15123
2023,38070,김해시,M,unmarried,20-24,15055
2023,38070,김해시,F,total,20-24,11393
2023,38070,김해시,F,unmarried,25-29,11383
2023,38070,김해시,M,total,25-29,16131
2023,38070,김해시,M,unmarried,25-29,15036
2023,38070,김해시,F,total,25-29,13579
2023,38070,김해시,F,unmarried,30-34,6355
2023,38070,김해시,M,total,30-34,16205
2023,38070,김해시,M,unmarried,30-34,11015
2023,38070,김해시,F,total,30-34,14222
2023,38070,김해시,F,unmarried,35-39,2908
2023,38070,김해시,M,total,35-39,16186
2023,38070,김해시,M,unmarried,35-39,6246
2023,38070,김해시,F,total,35-39,15117
2023,38070,김해시,F,unmarried,40-44,2211
2023,38070,김해시,M,total,40-44,22584
2023,38070,김해시,M,unmarried,40-44,5478
2023,38070,김해시,F,total,40-44,22264
2023,38080,밀양시,F,unmarried,20-24,1330
2023,38080,밀양시,M,total,20-24,2043
2023,38080,밀양시,M,unmarried,20-24,2030
2023,38080,밀양시,F,total,20-24,1358
2023,38080,밀양시,F,unmarried,25-29,1301
2023,38080,밀양시,M,total,25-29,2183
2023,38080,밀양시,M,unmarried,25-29,2053
2023,38080,밀양시,F,total,25-29,1548
2023,38080,밀양시,F,unmarried,30-34,824
2023,38080,밀양시,M,total,30-34,2007
2023,38080,밀양시,M,unmarried,30-34,1534
2023,38080,밀양시,F,total,30-34,1574
2023,38080,밀양시,F,unmarried,35-39,533
2023,38080,밀양시,M,total,35-39,2039
2023,38080,밀양시,M,unmarried,35-39,1048
2023,38080,밀양시,F,total,35-39,1836
2023,38080,밀양시,F,unmarried,40-44,445
2023,38080,밀양시,M,total,40-44,2870
2023,38080,밀양시,M,unmarried,40-44,1022
2023,38080,밀양시,F,total,40-44,2596
2023,38090,거제시,F,unmarried,20-24,2936
2023,38090,거제시,M,total,20-24,5049
2023,38090,거제시,M,unmarried,20-24,5015
2023,38090,거제시,F,total,20-24,3034
2023,38090,거제시,F,unmarried,25-29,3273
2023,38090,거제시,M,total,25-29,5128
2023,38090,거제시,M,unmarried,25-29,4724
2023,38090,거제시,F,total,25-29,4085
2023,38090,거제시,F,unmarried,30-34,1825
2023,38090,거제시,M,total,30-34,5551
2023,38090,거제시,M,unmarried,30-34,3709
2023,38090,거제시,F,total,30-34,4842
2023,38090,거제시,F,unmarried,35-39,1023
2023,38090,거제시,M,total,35-39,7855
2023,38090,거제시,M,unmarried,35-39,2717
2023,38090,거제시,F,total,35-39,7692
2023,38090,거제시,F,unmarried,40-44,833
2023,38090,거제시,M,total,40-44,12852
2023,38090,거제시,M,unmarried,40-44,3087
2023,38090,거제시,F,total,40-44,10894
2023,38100,양산시,F,unmarried,20-24,6627
2023,38100,양산시,M,total,20-24,8486
2023,38100,양산시,M,unmarried,20-24,8436
2023,38100,양산시,F,total,20-24,6747
2023,38100,양산시,F,unmarried,25-29,7128
2023,38100,양산시,M,total,25-29,9620
2023,38100,양산시,M,unmarried,25-29,8890
2023,38100,양산시,F,total,25-29,8553
2023,38100,양산시,F,unmarried,30-34,4415
2023,38100,양산시,M,total,30-34,10765
2023,38100,양산시,M,unmarried,30-34,7180
2023,38100,양산시,F,total,30-34,10011
2023,38100,양산시,F,unmarried,35-39,1978
2023,38100,양산시,M,total,35-39,11550
2023,38100,양산시,M,unmarried,35-39,4210
2023,38100,양산시,F,total,35-39,10977
2023,38100,양산시,F,unmarried,40-44,1726
2023,38100,양산시,M,total,40-44,16063
2023,38100,양산시,M,unmarried,40-44,3772
2023,38100,양산시,F,total,40-44,15321
2023,38110,창원시,F,unmarried,20-24,19627
2023,38110,창원시,M,total,20-24,27018
2023,38110,창원시,M,unmarried,20-24,26908
2023,38110,창원시,F,total,20-24,19908
2023,38110,창원시,F,unmarried,25-29,21850
2023,38110,창원시,M,total,25-29,32708
2023,38110,창원시,M,unmarried,25-29,30787
2023,38110,창원시,F,total,25-29,25400
2023,38110,창원시,F,unmarried,30-34,13553
2023,38110,창원시,M,total,30-34,32384
2023,38110,창원시,M,unmarried,30-34,23322
2023,38110,창원시,F,total,30-34,27199
2023,38110,창원시,F,unmarried,35-39,6268
2023,38110,창원시,M,total,35-39,31200
2023,38110,창원시,M,unmarried,35-39,13292
2023,38110,창원시,F,total,35-39,27931
2023,38110,창원시,F,unmarried,40-44,5142
2023,38110,창원시,M,total,40-44,41187
2023,38110,창원시,M,unmarried,40-44,11771
2023,38110,창원시,F,total,40-44,38990
2023,38111,의창구,F,unmarried,20-24,4614
2023,38111,의창구,M,total,20-24,6069
2023,38111,의창구,M,unmarried,20-24,6044
2023,38111,의창구,F,total,20-24,4666
2023,38111,의창구,F,unmarried,25-29,5025
2023,38111,의창구,M,total,25-29,7488
2023,38111,의창구,M,unmarried,25-29,7135
2023,38111,의창구,F,total,25-29,5802
2023,38111,의창구,F,unmarried,30-34,3011
2023,38111,의창구,M,total,30-34,7200
2023,38111,의창구,M,unmarried,30-34,5219
2023,38111,의창구,F,total,30-34,5971
2023,38111,의창구,F,unmarried,35-39,1279
2023,38111,의창구,M,total,35-39,6671
2023,38111,의창구,M,unmarried,35-39,2863
2023,38111,의창구,F,total,35-39,6056
2023,38111,의창구,F,unmarried,40-44,994
2023,38111,의창구,M,total,40-44,8631
2023,38111,의창구,M,unmarried,40-44,2402
2023,38111,의창구,F,total,40-44,8052
2023,38112,성산구,F,unmarried,20-24,4795
2023,38112,성산구,M,total,20-24,7067
2023,38112,성산구,M,unmarried,20-24,7049
2023,38112,성산구,F,total,20-24,4851
2023,38112,성산구,F,unmarried,25-29,6650
2023,38112,성산구,M,total,25-29,9859
2023,38112,성산구,M,unmarried,25-29,9404
2023,38112,성산구,F,total,25-29,7470
2023,38112,성산구,F,unmarried,30-34,4315
2023,38112,성산구,M,total,30-34,9662
2023,38112,성산구,M,unmarried,30-34,7194
2023,38112,성산구,F,total,30-34,8016
2023,38112,성산구,F,unmarried,35-39,1812
2023,38112,성산구,M,total,35-39,8411
2023,38112,성산구,M,unmarried,35-39,3622
2023,38112,성산구,F,total,35-39,7282
2023,38112,성산구,F,unmarried,40-44,1320
2023,38112,성산구,M,total,40-44,9159
2023,38112,성산구,M,unmarried,40-44,2383
2023,38112,성산구,F,total,40-44,9220
2023,38113,마산합포구,F,unmarried,20-24,3448
2023,38113,마산합포구,M,total,20-24,4748
2023,38113,마산합포구,M,unmarried,20-24,4736
2023,38113,마산합포구,F,total,20-24,3492
2023,38113,마산합포구,F,unmarried,25-29,3319
2023,38113,마산합포구,M,total,25-29,4746
2023,38113,마산합포구,M,unmarried,25-29,4463
2023,38113,마산합포구,F,total,25-29,3870
2023,38113,마산합포구,F,unmarried,30-34,2075
2023,38113,마산합포구,M,total,30-34,4857
2023,38113,마산합포구,M,unmarried,30-34,3425
2023,38113,마산합포구,F,total,30-34,4330
2023,38113,마산합포구,F,unmarried,35-39,1099
2023,38113,마산합포구,M,total,35-39,5257
2023,38113,마산합포구,M,unmarried,35-39,2250
2023,38113,마산합포구,F,total,35-39,4733
2023,38113,마산합포구,F,unmarried,40-44,1061
2023,38113,마산합포구,M,total,40-44,7235
2023,38113,마산합포구,M,unmarried,40-44,2270
2023,38113,마산합포구,F,total,40-44,6611
2023,38114,마산회원구,F,unmarried,20-24,3792
2023,38114,마산회원구,M,total,20-24,4584
2023,38114,마산회원구,M,unmarried,20-24,4571
2023,38114,마산회원구,F,total,20-24,3830
2023,38114,마산회원구,F,unmarried,25-29,3781
2023,38114,마산회원구,M,total,25-29,5082
2023,38114,마산회원구,M,unmarried,25-29,4848
2023,38114,마산회원구,F,total,25-29,4243
2023,38114,마산회원구,F,unmarried,30-34,2297
2023,38114,마산회원구,M,total,30-34,4915
2023,38114,마산회원구,M,unmarried,30-34,3750
2023,38114,마산회원구,F,total,30-34,4117
2023,38114,마산회원구,F,unmarried,35-39,1132
2023,38114,마산회원구,M,total,35-39,4709
2023,38114,마산회원구,M,unmarried,35-39,2270
2023,38114,마산회원구,F,total,35-39,4272
2023,38114,마산회원구,F,unmarried,40-44,971
2023,38114,마산회원구,M,total,40-44,6895
2023,38114,마산회원구,M,unmarried,40-44,2323
2023,38114,마산회원구,F,total,40-44,6401
2023,38115,진해구,F,unmarried,20-24,2978
2023,38115,진해구,M,total,20-24,4550
2023,38115,진해구,M,unmarried,20-24,4508
2023,38115,진해구,F,total,20-24,3069
2023,38115,진해구,F,unmarried,25-29,3075
2023,38115,진해구,M,total,25-29,5533
2023,38115,진해구,M,unmarried,25-29,4937
2023,38115,진해구,F,total,25-29,4015
2023,38115,진해구,F,unmarried,30-34,1855
2023,38115,진해구,M,total,30-34,5750
2023,38115,진해구,M,unmarried,30-34,3734
2023,38115,진해구,F,total,30-34,4765
2023,38115,진해구,F,unmarried,35-39,946
2023,38115,진해구,M,total,35-39,6152
2023,38115,진해구,M,unmarried,35-39,2287
2023,38115,진해구,F,total,35-39,5588
2023,38115,진해구,F,unmarried,40-44,796
2023,38115,진해구,M,total,40-44,9267
2023,38115,진해구,M,unmarried,40-44,2393
2023,38115,진해구,F,total,40-44,8706
2023,38510,의령군,F,unmarried,20-24,188
2023,38510,의령군,M,total,20-24,348
2023,38510,의령군,M,unmarried,20-24,346
2023,38510,의령군,F,total,20-24,190
2023,38510,의령군,F,unmarried,25-29,231
2023,38510,의령군,M,total,25-29,407
2023,38510,의령군,M,unmarried,25-29,394
2023,38510,의령군,F,total,25-29,272
2023,38510,의령군,F,unmarried,30-34,169
2023,38510,의령군,M,total,30-34,390
2023,38510,의령군,M,unmarried,30-34,324
2023,38510,의령군,F,total,30-34,330
2023,38510,의령군,F,unmarried,35-39,104
2023,38510,의령군,M,total,35-39,370
2023,38510,의령군,M,unmarried,35-39,227
2023,38510,의령군,F,total,35-39,335
2023,38510,의령군,F,unmarried,40-44,86
2023,38510,의령군,M,total,40-44,550
2023,38510,의령군,M,unmarried,40-44,213
2023,38510,의령군,F,total,40-44,479
2023,38520,함안군,F,unmarried,20-24,650
2023,38520,함안군,M,total,20-24,1119
2023,38520,함안군,M,unmarried,20-24,1111
2023,38520,함안군,F,total,20-24,665
2023,38520,함안군,F,unmarried,25-29,692
2023,38520,함안군,M,total,25-29,1215
2023,38520,함안군,M,unmarried,25-29,1145
2023,38520,함안군,F,total,25-29,823
2023,38520,함안군,F,unmarried,30-34,401
2023,38520,함안군,M,total,30-34,1129
2023,38520,함안군,M,unmarried,30-34,863
2023,38520,함안군,F,total,30-34,824
2023,38520,함안군,F,unmarried,35-39,251
2023,38520,함안군,M,total,35-39,1141
2023,38520,함안군,M,unmarried,35-39,550
2023,38520,함안군,F,total,35-39,1136
2023,38520,함안군,F,unmarried,40-44,169
2023,38520,함안군,M,total,40-44,1893
2023,38520,함안군,M,unmarried,40-44,568
2023,38520,함안군,F,total,40-44,1748
2023,38530,창녕군,F,unmarried,20-24,489
2023,38530,창녕군,M,total,20-24,837
2023,38530,창녕군,M,unmarried,20-24,832
2023,38530,창녕군,F,total,20-24,501
2023,38530,창녕군,F,unmarried,25-29,560
2023,38530,창녕군,M,total,25-29,1004
2023,38530,창녕군,M,unmarried,25-29,947
2023,38530,창녕군,F,total,25-29,668
2023,38530,창녕군,F,unmarried,30-34,378
2023,38530,창녕군,M,total,30-34,1054
2023,38530,창녕군,M,unmarried,30-34,811
2023,38530,창녕군,F,total,30-34,773
2023,38530,창녕군,F,unmarried,35-39,200
2023,38530,창녕군,M,total,35-39,1070
2023,38530,창녕군,M,unmarried,35-39,551
2023,38530,창녕군,F,total,35-39,880
2023,38530,창녕군,F,unmarried,40-44,185
2023,38530,창녕군,M,total,40-44,1535
2023,38530,창녕군,M,unmarried,40-44,545
2023,38530,창녕군,F,total,40-44,1338
2023,38540,고성군,F,unmarried,20-24,439
2023,38540,고성군,M,total,20-24,784
2023,38540,고성군,M,unmarried,20-24,777
2023,38540,고성군,F,total,20-24,450
2023,38540,고성군,F,unmarried,25-29,523
2023,38540,고성군,M,total,25-29,877
2023,38540,고성군,M,unmarried,25-29,840
2023,38540,고성군,F,total,25-29,602
2023,38540,고성군,F,unmarried,30-34,287
2023,38540,고성군,M,total,30-34,738
2023,38540,고성군,M,unmarried,30-34,599
2023,38540,고성군,F,total,30-34,516
2023,38540,고성군,F,unmarried,35-39,196
2023,38540,고성군,M,total,35-39,779
2023,38540,고성군,M,unmarried,35-39,437
2023,38540,고성군,F,total,35-39,721
2023,38540,고성군,F,unmarried,40-44,171
2023,38540,고성군,M,total,40-44,1443
2023,38540,고성군,M,unmarried,40-44,501
2023,38540,고성군,F,total,40-44,1168
2023,38550,남해군,F,unmarried,20-24,282
2023,38550,남해군,M,total,20-24,765
2023,38550,남해군,M,unmarried,20-24,765
2023,38550,남해군,F,total,20-24,285
2023,38550,남해군,F,unmarried,25-29,375
2023,38550,남해군,M,total,25-29,690
2023,38550,남해군,M,unmarried,25-29,665
2023,38550,남해군,F,total,25-29,438
2023,38550,남해군,F,unmarried,30-34,229
2023,38550,남해군,M,total,30-34,568
2023,38550,남해군,M,unmarried,30-34,455
2023,38550,남해군,F,total,30-34,427
2023,38550,남해군,F,unmarried,35-39,144
2023,38550,남해군,M,total,35-39,528
2023,38550,남해군,M,unmarried,35-39,277
2023,38550,남해군,F,total,35-39,528
2023,38550,남해군,F,unmarried,40-44,113
2023,38550,남해군,M,total,40-44,817
2023,38550,남해군,M,unmarried,40-44,308
2023,38550,남해군,F,total,40-44,793
2023,38560,하동군,F,unmarried,20-24,291
2023,38560,하동군,M,total,20-24,593
2023,38560,하동군,M,unmarried,20-24,590
2023,38560,하동군,F,total,20-24,297
2023,38560,하동군,F,unmarried,25-29,359
2023,38560,하동군,M,total,25-29,652
2023,38560,하동군,M,unmarried,25-29,618
2023,38560,하동군,F,total,25-29,423
2023,38560,하동군,F,unmarried,30-34,248
2023,38560,하동군,M,total,30-34,540
2023,38560,하동군,M,unmarried,30-34,427
2023,38560,하동군,F,total,30-34,462
2023,38560,하동군,F,unmarried,35-39,140
2023,38560,하동군,M,total,35-39,614
2023,38560,하동군,M,unmarried,35-39,376
2023,38560,하동군,F,total,35-39,505
2023,38560,하동군,F,unmarried,40-44,116
2023,38560,하동군,M,total,40-44,826
2023,38560,하동군,M,unmarried,40-44,328
2023,38560,하동군,F,total,40-44,679
2023,38570,산청군,F,unmarried,20-24,259
2023,38570,산청군,M,total,20-24,449
2023,38570,산청군,M,unmarried,20-24,446
2023,38570,산청군,F,total,20-24,261
2023,38570,산청군,F,unmarried,25-29,322
2023,38570,산청군,M,total,25-29,516
2023,38570,산청군,M,unmarried,25-29,498
2023,38570,산청군,F,total,25-29,368
2023,38570,산청군,F,unmarried,30-34,197
2023,38570,산청군,M,total,30-34,455
2023,38570,산청군,M,unmarried,30-34,364
2023,38570,산청군,F,total,30-34,352
2023,38570,산청군,F,unmarried,35-39,107
2023,38570,산청군,M,total,35-39,463
2023,38570,산청군,M,unmarried,35-39,251
2023,38570,산청군,F,total,35-39,386
2023,38570,산청군,F,unmarried,40-44,103
2023,38570,산청군,M,total,40-44,658
2023,38570,산청군,M,unmarried,40-44,231
2023,38570,산청군,F,total,40-44,569
2023,38580,함양군,F,unmarried,20-24,309
2023,38580,함양군,M,total,20-24,541
2023,38580,함양군,M,unmarried,20-24,540
2023,38580,함양군,F,total,20-24,317
2023,38580,함양군,F,unmarried,25-29,394
2023,38580,함양군,M,total,25-29,610
2023,38580,함양군,M,unmarried,25-29,580
2023,38580,함양군,F,total,25-29,466
2023,38580,함양군,F,unmarried,30-34,221
2023,38580,함양군,M,total,30-34,512
2023,38580,함양군,M,unmarried,30-34,409
2023,38580,함양군,F,total,30-34,410
2023,38580,함양군,F,unmarried,35-39,149
2023,38580,함양군,M,total,35-39,540
2023,38580,함양군,M,unmarried,35-39,292
2023,38580,함양군,F,total,35-39,514
2023,38580,함양군,F,unmarried,40-44,99
2023,38580,함양군,M,total,40-44,791
2023,38580,함양군,M,unmarried,40-44,285
2023,38580,함양군,F,total,40-44,775
2023,38590,거창군,F,unmarried,20-24,736
2023,38590,거창군,M,total,20-24,1466
2023,38590,거창군,M,unmarried,20-24,1454
2023,38590,거창군,F,total,20-24,760
2023,38590,거창군,F,unmarried,25-29,838
2023,38590,거창군,M,total,25-29,1348
2023,38590,거창군,M,unmarried,25-29,1279
2023,38590,거창군,F,total,25-29,980
2023,38590,거창군,F,unmarried,30-34,405
2023,38590,거창군,M,total,30-34,1105
2023,38590,거창군,M,unmarried,30-34,799
2023,38590,거창군,F,total,30-34,888
2023,38590,거창군,F,unmarried,35-39,248
2023,38590,거창군,M,total,35-39,1162
2023,38590,거창군,M,unmarried,35-39,498
2023,38590,거창군,F,total,35-39,1105
2023,38590,거창군,F,unmarried,40-44,219
2023,38590,거창군,M,total,40-44,1616
2023,38590,거창군,M,unmarried,40-44,452
2023,38590,거창군,F,total,40-44,1622
2023,38600,합천군,F,unmarried,20-24,304
2023,38600,합천군,M,total,20-24,548
2023,38600,합천군,M,unmarried,20-24,542
2023,38600,합천군,F,total,20-24,318
2023,38600,합천군,F,unmarried,25-29,407
2023,38600,합천군,M,total,25-29,643
2023,38600,합천군,M,unmarried,25-29,600
2023,38600,합천군,F,total,25-29,470
2023,38600,합천군,F,unmarried,30-34,217
2023,38600,합천군,M,total,30-34,554
2023,38600,합천군,M,unmarried,30-34,439
2023,38600,합천군,F,total,30-34,388
2023,38600,합천군,F,unmarried,35-39,143
2023,38600,합천군,M,total,35-39,553
2023,38600,합천군,M,unmarried,35-39,282
2023,38600,합천군,F,total,35-39,443
2023,38600,합천군,F,unmarried,40-44,121
2023,38600,합천군,M,total,40-44,838
2023,38600,합천군,M,unmarried,40-44,333
2023,38600,합천군,F,total,40-44,689
2023,39,제주특별자치도,F,unmarried,20-24,13403
2023,39,제주특별자치도,M,total,20-24,16732
2023,39,제주특별자치도,M,unmarried,20-24,16595
2023,39,제주특별자치도,F,total,20-24,13665
2023,39,제주특별자치도,F,unmarried,25-29,15091
2023,39,제주특별자치도,M,total,25-29,19629
2023,39,제주특별자치도,M,unmarried,25-29,18126
2023,39,제주특별자치도,F,total,25-29,17730
2023,39,제주특별자치도,F,unmarried,30-34,9192
2023,39,제주특별자치도,M,total,30-34,19309
2023,39,제주특별자치도,M,unmarried,30-34,13305
2023,39,제주특별자치도,F,total,30-34,18330
2023,39,제주특별자치도,F,unmarried,35-39,4698
2023,39,제주특별자치도,M,total,35-39,18982
2023,39,제주특별자치도,M,unmarried,35-39,7645
2023,39,제주특별자치도,F,total,35-39,18939
2023,39,제주특별자치도,F,unmarried,40-44,4150
2023,39,제주특별자치도,M,total,40-44,26832
2023,39,제주특별자치도,M,unmarried,40-44,6978
2023,39,제주특별자치도,F,total,40-44,26737
2023,39003,동부,F,unmarried,20-24,11035
2023,39003,동부,M,total,20-24,13189
2023,39003,동부,M,unmarried,20-24,13078
2023,39003,동부,F,total,20-24,11238
2023,39003,동부,F,unmarried,25-29,12211
2023,39003,동부,M,total,25-29,15283
2023,39003,동부,M,unmarried,25-29,14072
2023,39003,동부,F,total,25-29,14328
2023,39003,동부,F,unmarried,30-34,7213
2023,39003,동부,M,total,30-34,15037
2023,39003,동부,M,unmarried,30-34,10199
2023,39003,동부,F,total,30-34,14446
2023,39003,동부,F,unmarried,35-39,3534
2023,39003,동부,M,total,35-39,14570
2023,39003,동부,M,unmarried,35-39,5761
2023,39003,동부,F,total,35-39,14320
2023,39003,동부,F,unmarried,40-44,3065
2023,39003,동부,M,total,40-44,19786
2023,39003,동부,M,unmarried,40-44,5043
2023,39003,동부,F,total,40-44,19700
2023,39004,읍부,F,unmarried,20-24,1930
2023,39004,읍부,M,total,20-24,2919
2023,39004,읍부,M,unmarried,20-24,2898
2023,39004,읍부,F,total,20-24,1978
2023,39004,읍부,F,unmarried,25-29,2348
2023,39004,읍부,M,total,25-29,3500
2023,39004,읍부,M,unmarried,25-29,3258
2023,39004,읍부,F,total,25-29,2780
2023,39004,읍부,F,unmarried,30-34,1606
2023,39004,읍부,M,total,30-34,3487
2023,39004,읍부,M,unmarried,30-34,2506
2023,39004,읍부,F,total,30-34,3210
2023,39004,읍부,F,unmarried,35-39,929
2023,39004,읍부,M,total,35-39,3569
2023,39004,읍부,M,unmarried,35-39,1509
2023,39004,읍부,F,total,35-39,3777
2023,39004,읍부,F,unmarried,40-44,889
2023,39004,읍부,M,total,40-44,5712
2023,39004,읍부,M,unmarried,40-44,1579
2023,39004,읍부,F,total,40-44,5758
2023,39005,면부,F,unmarried,20-24,438
2023,39005,면부,M,total,20-24,624
2023,39005,면부,M,unmarried,20-24,619
2023,39005,면부,F,total,20-24,449
2023,39005,면부,F,unmarried,25-29,532
2023,39005,면부,M,total,25-29,846
2023,39005,면부,M,unmarried,25-29,796
2023,39005,면부,F,total,25-29,622
2023,39005,면부,F,unmarried,30-34,373
2023,39005,면부,M,total,30-34,785
2023,39005,면부,M,unmarried,30-34,600
2023,39005,면부,F,total,30-34,674
2023,39005,면부,F,unmarried,35-39,235
2023,39005,면부,M,total,35-39,843
2023,39005,면부,M,unmarried,35-39,375
2023,39005,면부,F,total,35-39,842
2023,39005,면부,F,unmarried,40-44,196
2023,39005,면부,M,total,40-44,1334
2023,39005,면부,M,unmarried,40-44,356
2023,39005,면부,F,total,40-44,1279
2023,39010,제주시,F,unmarried,20-24,10856
2023,39010,제주시,M,total,20-24,13222
2023,39010,제주시,M,unmarried,20-24,13120
2023,39010,제주시,F,total,20-24,11040
2023,39010,제주시,F,unmarried,25-29,11901
2023,39010,제주시,M,total,25-29,15111
2023,39010,제주시,M,unmarried,25-29,13966
2023,39010,제주시,F,total,25-29,13966
2023,39010,제주시,F,unmarried,30-34,7153
2023,39010,제주시,M,total,30-34,15062
2023,39010,제주시,M,unmarried,30-34,10334
2023,39010,제주시,F,total,30-34,14286
2023,39010,제주시,F,unmarried,35-39,3569
2023,39010,제주시,M,total,35-39,14554
2023,39010,제주시,M,unmarried,35-39,5840
2023,39010,제주시,F,total,35-39,14348
2023,39010,제주시,F,unmarried,40-44,3076
2023,39010,제주시,M,total,40-44,20036
2023,39010,제주시,M,unmarried,40-44,5190
2023,39010,제주시,F,total,40-44,19833
2023,39020,서귀포시,F,unmarried,20-24,2547
2023,39020,서귀포시,M,total,20-24,3510
2023,39020,서귀포시,M,unmarried,20-24,3475
2023,39020,서귀포시,F,total,20-24,2625
2023,39020,서귀포시,F,unmarried,25-29,3190
2023,39020,서귀포시,M,total,25-29,4518
2023,39020,서귀포시,M,unmarried,25-29,4160
2023,39020,서귀포시,F,total,25-29,3764
2023,39020,서귀포시,F,unmarried,30-34,2039
2023,39020,서귀포시,M,total,30-34,4247
2023,39020,서귀포시,M,unmarried,30-34,2971
2023,39020,서귀포시,F,total,30-34,4044
2023,39020,서귀포시,F,unmarried,35-39,1129
2023,39020,서귀포시,M,total,35-39,4428
2023,39020,서귀포시,M,unmarried,35-39,1805
2023,39020,서귀포시,F,total,35-39,4591
2023,39020,서귀포시,F,unmarried,40-44,1074
2023,39020,서귀포시,M,total,40-44,6796
2023,39020,서귀포시,M,unmarried,40-44,1788
2023,39020,서귀포시,F,total,40-44,6904
2024,00,전국,F,unmarried,20-24,1215991
2024,00,전국,M,total,20-24,1350426
2024,00,전국,M,unmarried,20-24,1344968
2024,00,전국,F,total,20-24,1229203
2024,00,전국,F,unmarried,25-29,1365840
2024,00,전국,M,total,25-29,1684412
2024,00,전국,M,unmarried,25-29,1599556
2024,00,전국,F,total,25-29,1530449
2024,00,전국,F,unmarried,30-34,916857
2024,00,전국,M,total,30-34,1772239
2024,00,전국,M,unmarried,30-34,1323878
2024,00,전국,F,total,30-34,1581457
2024,00,전국,F,unmarried,35-39,435473
2024,00,전국,M,total,35-39,1569992
2024,00,전국,M,unmarried,35-39,734148
2024,00,전국,F,total,35-39,1458369
2024,00,전국,F,unmarried,40-44,331423
2024,00,전국,M,total,40-44,1928569
2024,00,전국,M,unmarried,40-44,580907
2024,00,전국,F,total,40-44,1847336
2024,03,동부,F,unmarried,20-24,1063872
2024,03,동부,M,total,20-24,1140251
2024,03,동부,M,unmarried,20-24,1136085
2024,03,동부,F,total,20-24,1074055
2024,03,동부,F,unmarried,25-29,1222039
2024,03,동부,M,total,25-29,1441519
2024,03,동부,M,unmarried,25-29,1373880
2024,03,동부,F,total,25-29,1355619
2024,03,동부,F,unmarried,30-34,825576
2024,03,동부,M,total,30-34,1522868
2024,03,동부,M,unmarried,30-34,1146335
2024,03,동부,F,total,30-34,1387278
2024,03,동부,F,unmarried,35-39,388907
2024,03,동부,M,total,35-39,1334533
2024,03,동부,M,unmarried,35-39,624344
2024,03,동부,F,total,35-39,1257170
2024,03,동부,F,unmarried,40-44,292930
2024,03,동부,M,total,40-44,1614152
2024,03,동부,M,unmarried,40-44,481702
2024,03,동부,F,total,40-44,1573764
2024,04,읍부,F,unmarried,20-24,97300
2024,04,읍부,M,total,20-24,128737
2024,04,읍부,M,unmarried,20-24,127945
2024,04,읍부,F,total,20-24,99252
2024,04,읍부,F,unmarried,25-29,92816
2024,04,읍부,M,total,25-29,147989
2024,04,읍부,M,unmarried,25-29,136882
2024,04,읍부,F,total,25-29,113351
2024,04,읍부,F,unmarried,30-34,57123
2024,04,읍부,M,total,30-34,153420
2024,04,읍부,M,unmarried,30-34,106107
2024,04,읍부,F,total,30-34,125582
2024,04,읍부,F,unmarried,35-39,27591
2024,04,읍부,M,total,35-39,146001
2024,04,읍부,M,unmarried,35-39,63250
2024,04,읍부,F,total,35-39,130787
2024,04,읍부,F,unmarried,40-44,22298
2024,04,읍부,M,total,40-44,196033
2024,04,읍부,M,unmarried,40-44,55132
2024,04,읍부,F,total,40-44,181983
2024,05,면부,F,unmarried,20-24,54819
2024,05,면부,M,total,20-24,81438
2024,05,면부,M,unmarried,20-24,80938
2024,05,면부,F,total,20-24,55896
2024,05,면부,F,unmarried,25-29,50985
2024,05,면부,M,total,25-29,94904
2024,05,면부,M,unmarried,25-29,88794
2024,05,면부,F,total,25-29,61479
2024,05,면부,F,unmarried,30-34,34158
2024,05,면부,M,total,30-34,95951
2024,05,면부,M,unmarried,30-34,71436
2024,05,면부,F,total,30-34,68597
2024,05,면부,F,unmarried,35-39,18975
2024,05,면부,M,total,35-39,89458
2024,05,면부,M,unmarried,35-39,46554
2024,05,면부,F,total,35-39,70412
2024,05,면부,F,unmarried,40-44,16195
2024,05,면부,M,total,40-44,118384
2024,05,면부,M,unmarried,40-44,44073
2024,05,면부,F,total,40-44,91589
2024,11,서울특별시,F,unmarried,20-24,280216
2024,11,서울특별시,M,total,20-24,241307
2024,11,서울특별시,M,unmarried,20-24,240865
2024,11,서울특별시,F,total,20-24,281287
2024,11,서울특별시,F,unmarried,25-29,375508
2024,11,서울특별시,M,total,25-29,356966
2024,11,서울특별시,M,unmarried,25-29,347081
2024,11,서울특별시,F,total,25-29,395546
2024,11,서울특별시,F,unmarried,30-34,272989
2024,11,서울특별시,M,total,30-34,383059
2024,11,서울특별시,M,unmarried,30-34,314874
2024,11,서울특별시,F,total,30-34,377494
2024,11,서울특별시,F,unmarried,35-39,133732
2024,11,서울특별시,M,total,35-39,308337
2024,11,서울특별시,M,unmarried,35-39,170294
2024,11,서울특별시,F,total,35-39,305235
2024,11,서울특별시,F,unmarried,40-44,96996
2024,11,서울특별시,M,total,40-44,337574
2024,11,서울특별시,M,unmarried,40-44,121590
2024,11,서울특별시,F,total,40-44,338497
2024,11010,종로구,F,unmarried,20-24,5329
2024,11010,종로구,M,total,20-24,4289
2024,11010,종로구,M,unmarried,20-24,4283
2024,11010,종로구,F,total,20-24,5338
2024,11010,종로구,F,unmarried,25-29,5918
2024,11010,종로구,M,total,25-29,5869
2024,11010,종로구,M,unmarried,25-29,5740
2024,11010,종로구,F,total,25-29,6157
2024,11010,종로구,F,unmarried,30-34,4053
2024,11010,종로구,M,total,30-34,5384
2024,11010,종로구,M,unmarried,30-34,4661
2024,11010,종로구,F,total,30-34,5118
2024,11010,종로구,F,unmarried,35-39,2068
2024,11010,종로구,M,total,35-39,3871
2024,11010,종로구,M,unmarried,35-39,2462
2024,11010,종로구,F,total,35-39,3898
2024,11010,종로구,F,unmarried,40-44,1556
2024,11010,종로구,M,total,40-44,4305
2024,11010,종로구,M,unmarried,40-44,1788
2024,11010,종로구,F,total,40-44,4426
2024,11020,중구,F,unmarried,20-24,3943
2024,11020,중구,M,total,20-24,3152
2024,11020,중구,M,unmarried,20-24,3150
2024,11020,중구,F,total,20-24,3952
2024,11020,중구,F,unmarried,25-29,5294
2024,11020,중구,M,total,25-29,4571
2024,11020,중구,M,unmarried,25-29,4456
2024,11020,중구,F,total,25-29,5564
2024,11020,중구,F,unmarried,30-34,4434
2024,11020,중구,M,total,30-34,5720
2024,11020,중구,M,unmarried,30-34,4769
2024,11020,중구,F,total,30-34,5810
2024,11020,중구,F,unmarried,35-39,2191
2024,11020,중구,M,total,35-39,4636
2024,11020,중구,M,unmarried,35-39,2766
2024,11020,중구,F,total,35-39,4455
2024,11020,중구,F,unmarried,40-44,1620
2024,11020,중구,M,total,40-44,4271
2024,11020,중구,M,unmarried,40-44,1773
2024,11020,중구,F,total,40-44,4103
2024,11030,용산구,F,unmarried,20-24,5964
2024,11030,용산구,M,total,20-24,4071
2024,11030,용산구,M,unmarried,20-24,4065
2024,11030,용산구,F,total,20-24,5981
2024,11030,용산구,F,unmarried,25-29,8290
2024,11030,용산구,M,total,25-29,7366
2024,11030,용산구,M,unmarried,25-29,7170
2024,11030,용산구,F,total,25-29,8736
2024,11030,용산구,F,unmarried,30-34,7256
2024,11030,용산구,M,total,30-34,9555
2024,11030,용산구,M,unmarried,30-34,7932
2024,11030,용산구,F,total,30-34,9768
2024,11030,용산구,F,unmarried,35-39,3740
2024,11030,용산구,M,total,35-39,7495
2024,11030,용산구,M,unmarried,35-39,4418
2024,11030,용산구,F,total,35-39,7622
2024,11030,용산구,F,unmarried,40-44,2531
2024,11030,용산구,M,total,40-44,7429
2024,11030,용산구,M,unmarried,40-44,2907
2024,11030,용산구,F,total,40-44,7239
2024,11040,성동구,F,unmarried,20-24,8523
2024,11040,성동구,M,total,20-24,7841
2024,11040,성동구,M,unmarried,20-24,7832
2024,11040,성동구,F,total,20-24,8547
2024,11040,성동구,F,unmarried,25-29,10828
2024,11040,성동구,M,total,25-29,11202
2024,11040,성동구,M,unmarried,25-29,10951
2024,11040,성동구,F,total,25-29,11401
2024,11040,성동구,F,unmarried,30-34,8127
2024,11040,성동구,M,total,30-34,11758
2024,11040,성동구,M,unmarried,30-34,9291
2024,11040,성동구,F,total,30-34,12088
2024,11040,성동구,F,unmarried,35-39,4028
2024,11040,성동구,M,total,35-39,10213
2024,11040,성동구,M,unmarried,35-39,4894
2024,11040,성동구,F,total,35-39,10518
2024,11040,성동구,F,unmarried,40-44,2859
2024,11040,성동구,M,total,40-44,10485
2024,11040,성동구,M,unmarried,40-44,3406
2024,11040,성동구,F,total,40-44,9937
2024,11050,광진구,F,unmarried,20-24,12438
2024,11050,광진구,M,total,20-24,10565
2024,11050,광진구,M,unmarried,20-24,10545
2024,11050,광진구,F,total,20-24,12471
2024,11050,광진구,F,unmarried,25-29,17711
2024,11050,광진구,M,total,25-29,16428
2024,11050,광진구,M,unmarried,25-29,16067
2024,11050,광진구,F,total,25-29,18370
2024,11050,광진구,F,unmarried,30-34,12280
2024,11050,광진구,M,total,30-34,15641
2024,11050,광진구,M,unmarried,30-34,13538
2024,11050,광진구,F,total,30-34,15520
2024,11050,광진구,F,unmarried,35-39,5853
2024,11050,광진구,M,total,35-39,11090
2024,11050,광진구,M,unmarried,35-39,6815
2024,11050,광진구,F,total,35-39,11049
2024,11050,광진구,F,unmarried,40-44,4035
2024,11050,광진구,M,total,40-44,11184
2024,11050,광진구,M,unmarried,40-44,4592
2024,11050,광진구,F,total,40-44,11649
2024,11060,동대문구,F,unmarried,20-24,15156
2024,11060,동대문구,M,total,20-24,11987
2024,11060,동대문구,M,unmarried,20-24,11972
2024,11060,동대문구,F,total,20-24,15194
2024,11060,동대문구,F,unmarried,25-29,14464
2024,11060,동대문구,M,total,25-29,15323
2024,11060,동대문구,M,unmarried,25-29,14921
2024,11060,동대문구,F,total,25-29,15218
2024,11060,동대문구,F,unmarried,30-34,8982
2024,11060,동대문구,M,total,30-34,13703
2024,11060,동대문구,M,unmarried,30-34,11176
2024,11060,동대문구,F,total,30-34,12815
2024,11060,동대문구,F,unmarried,35-39,4415
2024,11060,동대문구,M,total,35-39,11224
2024,11060,동대문구,M,unmarried,35-39,6110
2024,11060,동대문구,F,total,35-39,10645
2024,11060,동대문구,F,unmarried,40-44,3293
2024,11060,동대문구,M,total,40-44,12373
2024,11060,동대문구,M,unmarried,40-44,4540
2024,11060,동대문구,F,total,40-44,11546
2024,11070,중랑구,F,unmarried,20-24,9163
2024,11070,중랑구,M,total,20-24,8155
2024,11070,중랑구,M,unmarried,20-24,8131
2024,11070,중랑구,F,total,20-24,9234
2024,11070,중랑구,F,unmarried,25-29,13839
2024,11070,중랑구,M,total,25-29,13585
2024,11070,중랑구,M,unmarried,25-29,13019
2024,11070,중랑구,F,total,25-29,14936
2024,11070,중랑구,F,unmarried,30-34,10907
2024,11070,중랑구,M,total,30-34,15871
2024,11070,중랑구,M,unmarried,30-34,12672
2024,11070,중랑구,F,total,30-34,15643
2024,11070,중랑구,F,unmarried,35-39,5391
2024,11070,중랑구,M,total,35-39,12917
2024,11070,중랑구,M,unmarried,35-39,7381
2024,11070,중랑구,F,total,35-39,11913
2024,11070,중랑구,F,unmarried,40-44,4009
2024,11070,중랑구,M,total,40-44,13700
2024,11070,중랑구,M,unmarried,40-44,5744
2024,11070,중랑구,F,total,40-44,12527
2024,11080,성북구,F,unmarried,20-24,19448
2024,11080,성북구,M,total,20-24,14856
2024,11080,성북구,M,unmarried,20-24,14831
2024,11080,성북구,F,total,20-24,19504
2024,11080,성북구,F,unmarried,25-29,15512
2024,11080,성북구,M,total,25-29,15805
2024,11080,성북구,M,unmarried,25-29,15395
2024,11080,성북구,F,total,25-29,16367
2024,11080,성북구,F,unmarried,30-34,9366
2024,11080,성북구,M,total,30-34,14380
2024,11080,성북구,M,unmarried,30-34,11478
2024,11080,성북구,F,total,30-34,13832
2024,11080,성북구,F,unmarried,35-39,5007
2024,11080,성북구,M,total,35-39,12550
2024,11080,성북구,M,unmarried,35-39,6354
2024,11080,성북구,F,total,35-39,12646
2024,11080,성북구,F,unmarried,40-44,3779
2024,11080,성북구,M,total,40-44,14736
2024,11080,성북구,M,unmarried,40-44,4887
2024,11080,성북구,F,total,40-44,14765
2024,11090,강북구,F,unmarried,20-24,8668
2024,11090,강북구,M,total,20-24,6745
2024,11090,강북구,M,unmarried,20-24,6727
2024,11090,강북구,F,total,20-24,8713
2024,11090,강북구,F,unmarried,25-29,9457
2024,11090,강북구,M,total,25-29,9567
2024,11090,강북구,M,unmarried,25-29,9246
2024,11090,강북구,F,total,25-29,10038
2024,11090,강북구,F,unmarried,30-34,6558
2024,11090,강북구,M,total,30-34,9724
2024,11090,강북구,M,unmarried,30-34,8251
2024,11090,강북구,F,total,30-34,8762
2024,11090,강북구,F,unmarried,35-39,3327
2024,11090,강북구,M,total,35-39,7797
2024,11090,강북구,M,unmarried,35-39,5018
2024,11090,강북구,F,total,35-39,6897
2024,11090,강북구,F,unmarried,40-44,2787
2024,11090,강북구,M,total,40-44,9493
2024,11090,강북구,M,unmarried,40-44,4464
2024,11090,강북구,F,total,40-44,8470
2024,11100,도봉구,F,unmarried,20-24,8032
2024,11100,도봉구,M,total,20-24,7232
2024,11100,도봉구,M,unmarried,20-24,7218
2024,11100,도봉구,F,total,20-24,8071
2024,11100,도봉구,F,unmarried,25-29,9136
2024,11100,도봉구,M,total,25-29,9612
2024,11100,도봉구,M,unmarried,25-29,9286
2024,11100,도봉구,F,total,25-29,9711
2024,11100,도봉구,F,unmarried,30-34,6668
2024,11100,도봉구,M,total,30-34,10007
2024,11100,도봉구,M,unmarried,30-34,8241
2024,11100,도봉구,F,total,30-34,9357
2024,11100,도봉구,F,unmarried,35-39,3519
2024,11100,도봉구,M,total,35-39,8312
2024,11100,도봉구,M,unmarried,35-39,4879
2024,11100,도봉구,F,total,35-39,7963
2024,11100,도봉구,F,unmarried,40-44,2658
2024,11100,도봉구,M,total,40-44,10023
2024,11100,도봉구,M,unmarried,40-44,4052
2024,11100,도봉구,F,total,40-44,9479
2024,11110,노원구,F,unmarried,20-24,16584
2024,11110,노원구,M,total,20-24,16808
2024,11110,노원구,M,unmarried,20-24,16790
2024,11110,노원구,F,total,20-24,16631
2024,11110,노원구,F,unmarried,25-29,14188
2024,11110,노원구,M,total,25-29,15873
2024,11110,노원구,M,unmarried,25-29,15371
2024,11110,노원구,F,total,25-29,15195
2024,11110,노원구,F,unmarried,30-34,9646
2024,11110,노원구,M,total,30-34,15488
2024,11110,노원구,M,unmarried,30-34,11757
2024,11110,노원구,F,total,30-34,15097
2024,11110,노원구,F,unmarried,35-39,5026
2024,11110,노원구,M,total,35-39,13965
2024,11110,노원구,M,unmarried,35-39,6928
2024,11110,노원구,F,total,35-39,13452
2024,11110,노원구,F,unmarried,40-44,4134
2024,11110,노원구,M,total,40-44,16311
2024,11110,노원구,M,unmarried,40-44,5220
2024,11110,노원구,F,total,40-44,17408
2024,11120,은평구,F,unmarried,20-24,11571
2024,11120,은평구,M,total,20-24,10492
2024,11120,은평구,M,unmarried,20-24,10464
2024,11120,은평구,F,total,20-24,11629
2024,11120,은평구,F,unmarried,25-29,17362
2024,11120,은평구,M,total,25-29,15196
2024,11120,은평구,M,unmarried,25-29,14663
2024,11120,은평구,F,total,25-29,18454
2024,11120,은평구,F,unmarried,30-34,12858
2024,11120,은평구,M,total,30-34,17189
2024,11120,은평구,M,unmarried,30-34,13660
2024,11120,은평구,F,total,30-34,18101
2024,11120,은평구,F,unmarried,35-39,6308
2024,11120,은평구,M,total,35-39,13765
2024,11120,은평구,M,unmarried,35-39,7452
2024,11120,은평구,F,total,35-39,14240
2024,11120,은평구,F,unmarried,40-44,4889
2024,11120,은평구,M,total,40-44,16343
2024,11120,은평구,M,unmarried,40-44,6069
2024,11120,은평구,F,total,40-44,16321
2024,11130,서대문구,F,unmarried,20-24,15763
2024,11130,서대문구,M,total,20-24,9784
2024,11130,서대문구,M,unmarried,20-24,9771
2024,11130,서대문구,F,total,20-24,15791
2024,11130,서대문구,F,unmarried,25-29,13423
2024,11130,서대문구,M,total,25-29,12733
2024,11130,서대문구,M,unmarried,25-29,12466
2024,11130,서대문구,F,total,25-29,14003
2024,11130,서대문구,F,unmarried,30-34,8348
2024,11130,서대문구,M,total,30-34,11604
2024,11130,서대문구,M,unmarried,30-34,9483
2024,11130,서대문구,F,total,30-34,11697
2024,11130,서대문구,F,unmarried,35-39,4016
2024,11130,서대문구,M,total,35-39,9744
2024,11130,서대문구,M,unmarried,35-39,4979
2024,11130,서대문구,F,total,35-39,9927
2024,11130,서대문구,F,unmarried,40-44,3024
2024,11130,서대문구,M,total,40-44,10668
2024,11130,서대문구,M,unmarried,40-44,3573
2024,11130,서대문구,F,total,40-44,10733
2024,11140,마포구,F,unmarried,20-24,12939
2024,11140,마포구,M,total,20-24,9827
2024,11140,마포구,M,unmarried,20-24,9811
2024,11140,마포구,F,total,20-24,12965
2024,11140,마포구,F,unmarried,25-29,18149
2024,11140,마포구,M,total,25-29,14685
2024,11140,마포구,M,unmarried,25-29,14342
2024,11140,마포구,F,total,25-29,18932
2024,11140,마포구,F,unmarried,30-34,13430
2024,11140,마포구,M,total,30-34,16181
2024,11140,마포구,M,unmarried,30-34,13251
2024,11140,마포구,F,total,30-34,17993
2024,11140,마포구,F,unmarried,35-39,6724
2024,11140,마포구,M,total,35-39,13034
2024,11140,마포구,M,unmarried,35-39,7008
2024,11140,마포구,F,total,35-39,14316
2024,11140,마포구,F,unmarried,40-44,4707
2024,11140,마포구,M,total,40-44,13472
2024,11140,마포구,M,unmarried,40-44,4619
2024,11140,마포구,F,total,40-44,14149
2024,11150,양천구,F,unmarried,20-24,9647
2024,11150,양천구,M,total,20-24,10132
2024,11150,양천구,M,unmarried,20-24,10113
2024,11150,양천구,F,total,20-24,9685
2024,11150,양천구,F,unmarried,25-29,12347
2024,11150,양천구,M,total,25-29,12753
2024,11150,양천구,M,unmarried,25-29,12350
2024,11150,양천구,F,total,25-29,13101
2024,11150,양천구,F,unmarried,30-34,9083
2024,11150,양천구,M,total,30-34,13387
2024,11150,양천구,M,unmarried,30-34,10826
2024,11150,양천구,F,total,30-34,12960
2024,11150,양천구,F,unmarried,35-39,4580
2024,11150,양천구,M,total,35-39,11569
2024,11150,양천구,M,unmarried,35-39,5964
2024,11150,양천구,F,total,35-39,12044
2024,11150,양천구,F,unmarried,40-44,3400
2024,11150,양천구,M,total,40-44,15707
2024,11150,양천구,M,unmarried,40-44,4632
2024,11150,양천구,F,total,40-44,17169
2024,11160,강서구,F,unmarried,20-24,13728
2024,11160,강서구,M,total,20-24,11612
2024,11160,강서구,M,unmarried,20-24,11585
2024,11160,강서구,F,total,20-24,13816
2024,11160,강서구,F,unmarried,25-29,24307
2024,11160,강서구,M,total,25-29,20436
2024,11160,강서구,M,unmarried,25-29,19751
2024,11160,강서구,F,total,25-29,25678
2024,11160,강서구,F,unmarried,30-34,19584
2024,11160,강서구,M,total,30-34,25661
2024,11160,강서구,M,unmarried,30-34,21119
2024,11160,강서구,F,total,30-34,26527
2024,11160,강서구,F,unmarried,35-39,8987
2024,11160,강서구,M,total,35-39,20745
2024,11160,강서구,M,unmarried,35-39,11686
2024,11160,강서구,F,total,35-39,19788
2024,11160,강서구,F,unmarried,40-44,6165
2024,11160,강서구,M,total,40-44,21505
2024,11160,강서구,M,unmarried,40-44,8161
2024,11160,강서구,F,total,40-44,20670
2024,11170,구로구,F,unmarried,20-24,8942
2024,11170,구로구,M,total,20-24,8547
2024,11170,구로구,M,unmarried,20-24,8526
2024,11170,구로구,F,total,20-24,9002
2024,11170,구로구,F,unmarried,25-29,14050
2024,11170,구로구,M,total,25-29,13656
2024,11170,구로구,M,unmarried,25-29,13208
2024,11170,구로구,F,total,25-29,14952
2024,11170,구로구,F,unmarried,30-34,10688
2024,11170,구로구,M,total,30-34,16084
2024,11170,구로구,M,unmarried,30-34,12847
2024,11170,구로구,F,total,30-34,15804
2024,11170,구로구,F,unmarried,35-39,5308
2024,11170,구로구,M,total,35-39,14089
2024,11170,구로구,M,unmarried,35-39,7571
2024,11170,구로구,F,total,35-39,12952
2024,11170,구로구,F,unmarried,40-44,3871
2024,11170,구로구,M,total,40-44,14598
2024,11170,구로구,M,unmarried,40-44,5407
2024,11170,구로구,F,total,40-44,13652
2024,11180,금천구,F,unmarried,20-24,5378
2024,11180,금천구,M,total,20-24,4727
2024,11180,금천구,M,unmarried,20-24,4706
2024,11180,금천구,F,total,20-24,5430
2024,11180,금천구,F,unmarried,25-29,10795
2024,11180,금천구,M,total,25-29,10874
2024,11180,금천구,M,unmarried,25-29,10520
2024,11180,금천구,F,total,25-29,11432
2024,11180,금천구,F,unmarried,30-34,7620
2024,11180,금천구,M,total,30-34,12321
2024,11180,금천구,M,unmarried,30-34,10554
2024,11180,금천구,F,total,30-34,10091
2024,11180,금천구,F,unmarried,35-39,3313
2024,11180,금천구,M,total,35-39,8318
2024,11180,금천구,M,unmarried,35-39,5384
2024,11180,금천구,F,total,35-39,6643
2024,11180,금천구,F,unmarried,40-44,2266
2024,11180,금천구,M,total,40-44,7787
2024,11180,금천구,M,unmarried,40-44,3837
2024,11180,금천구,F,total,40-44,6405
2024,11190,영등포구,F,unmarried,20-24,9523
2024,11190,영등포구,M,total,20-24,7558
2024,11190,영등포구,M,unmarried,20-24,7541
2024,11190,영등포구,F,total,20-24,9557
2024,11190,영등포구,F,unmarried,25-29,18687
2024,11190,영등포구,M,total,25-29,15895
2024,11190,영등포구,M,unmarried,25-29,15439
2024,11190,영등포구,F,total,25-29,19691
2024,11190,영등포구,F,unmarried,30-34,14231
2024,11190,영등포구,M,total,30-34,19837
2024,11190,영등포구,M,unmarried,30-34,16192
2024,11190,영등포구,F,total,30-34,19875
2024,11190,영등포구,F,unmarried,35-39,6220
2024,11190,영등포구,M,total,35-39,15579
2024,11190,영등포구,M,unmarried,35-39,8191
2024,11190,영등포구,F,total,35-39,14498
2024,11190,영등포구,F,unmarried,40-44,3945
2024,11190,영등포구,M,total,40-44,14169
2024,11190,영등포구,M,unmarried,40-44,5037
2024,11190,영등포구,F,total,40-44,12923
2024,11200,동작구,F,unmarried,20-24,13963
2024,11200,동작구,M,total,20-24,12462
2024,11200,동작구,M,unmarried,20-24,12443
2024,11200,동작구,F,total,20-24,14010
2024,11200,동작구,F,unmarried,25-29,17870
2024,11200,동작구,M,total,25-29,18071
2024,11200,동작구,M,unmarried,25-29,17674
2024,11200,동작구,F,total,25-29,18667
2024,11200,동작구,F,unmarried,30-34,11830
2024,11200,동작구,M,total,30-34,16965
2024,11200,동작구,M,unmarried,30-34,14278
2024,11200,동작구,F,total,30-34,15974
2024,11200,동작구,F,unmarried,35-39,5482
2024,11200,동작구,M,total,35-39,12873
2024,11200,동작구,M,unmarried,35-39,7241
2024,11200,동작구,F,total,35-39,12289
2024,11200,동작구,F,unmarried,40-44,3900
2024,11200,동작구,M,total,40-44,13119
2024,11200,동작구,M,unmarried,40-44,4853
2024,11200,동작구,F,total,40-44,12663
2024,11210,관악구,F,unmarried,20-24,18792
2024,11210,관악구,M,total,20-24,15736
2024,11210,관악구,M,unmarried,20-24,15707
2024,11210,관악구,F,total,20-24,18878
2024,11210,관악구,F,unmarried,25-29,33379
2024,11210,관악구,M,total,25-29,34564
2024,11210,관악구,M,unmarried,25-29,33941
2024,11210,관악구,F,total,25-29,34524
2024,11210,관악구,F,unmarried,30-34,20287
2024,11210,관악구,M,total,30-34,31412
2024,11210,관악구,M,unmarried,30-34,28317
2024,11210,관악구,F,total,30-34,24570
2024,11210,관악구,F,unmarried,35-39,8248
2024,11210,관악구,M,total,35-39,18041
2024,11210,관악구,M,unmarried,35-39,12980
2024,11210,관악구,F,total,35-39,13980
2024,11210,관악구,F,unmarried,40-44,5545
2024,11210,관악구,M,total,40-44,16220
2024,11210,관악구,M,unmarried,40-44,8960
2024,11210,관악구,F,total,40-44,13471
2024,11220,서초구,F,unmarried,20-24,9923
2024,11220,서초구,M,total,20-24,8962
2024,11220,서초구,M,unmarried,20-24,8954
2024,11220,서초구,F,total,20-24,9943
2024,11220,서초구,F,unmarried,25-29,12700
2024,11220,서초구,M,total,25-29,11544
2024,11220,서초구,M,unmarried,25-29,11272
2024,11220,서초구,F,total,25-29,13285
2024,11220,서초구,F,unmarried,30-34,10126
2024,11220,서초구,M,total,30-34,12898
2024,11220,서초구,M,unmarried,30-34,10568
2024,11220,서초구,F,total,30-34,14109
2024,11220,서초구,F,unmarried,35-39,5688
2024,11220,서초구,M,total,35-39,11696
2024,11220,서초구,M,unmarried,35-39,5914
2024,11220,서초구,F,total,35-39,13988
2024,11220,서초구,F,unmarried,40-44,4031
2024,11220,서초구,M,total,40-44,14980
2024,11220,서초구,M,unmarried,40-44,3829
2024,11220,서초구,F,total,40-44,17499
2024,11230,강남구,F,unmarried,20-24,12094
2024,11230,강남구,M,total,20-24,11755
2024,11230,강남구,M,unmarried,20-24,11740
2024,11230,강남구,F,total,20-24,12131
2024,11230,강남구,F,unmarried,25-29,17880
2024,11230,강남구,M,total,25-29,15693
2024,11230,강남구,M,unmarried,25-29,15273
2024,11230,강남구,F,total,25-29,18856
2024,11230,강남구,F,unmarried,30-34,14976
2024,11230,강남구,M,total,30-34,19130
2024,11230,강남구,M,unmarried,30-34,15625
2024,11230,강남구,F,total,30-34,20508
2024,11230,강남구,F,unmarried,35-39,8471
2024,11230,강남구,M,total,35-39,16383
2024,11230,강남구,M,unmarried,35-39,8829
2024,11230,강남구,F,total,35-39,19056
2024,11230,강남구,F,unmarried,40-44,6547
2024,11230,강남구,M,total,40-44,20662
2024,11230,강남구,M,unmarried,40-44,6039
2024,11230,강남구,F,total,40-44,25331
2024,11240,송파구,F,unmarried,20-24,14703
2024,11240,송파구,M,total,20-24,14206
2024,11240,송파구,M,unmarried,20-24,14184
2024,11240,송파구,F,total,20-24,14754
2024,11240,송파구,F,unmarried,25-29,24078
2024,11240,송파구,M,total,25-29,21010
2024,11240,송파구,M,unmarried,25-29,20415
2024,11240,송파구,F,total,25-29,25384
2024,11240,송파구,F,unmarried,30-34,19982
2024,11240,송파구,M,total,30-34,25641
2024,11240,송파구,M,unmarried,30-34,20732
2024,11240,송파구,F,total,30-34,27776
2024,11240,송파구,F,unmarried,35-39,10016
2024,11240,송파구,M,total,35-39,22450
2024,11240,송파구,M,unmarried,35-39,11365
2024,11240,송파구,F,total,35-39,24297
2024,11240,송파구,F,unmarried,40-44,6968
2024,11240,송파구,M,total,40-44,25343
2024,11240,송파구,M,unmarried,40-44,7506
2024,11240,송파구,F,total,40-44,27046
2024,11250,강동구,F,unmarried,20-24,10002
2024,11250,강동구,M,total,20-24,9806
2024,11250,강동구,M,unmarried,20-24,9776
2024,11250,강동구,F,total,20-24,10060
2024,11250,강동구,F,unmarried,25-29,15844
2024,11250,강동구,M,total,25-29,14655
2024,11250,강동구,M,unmarried,25-29,14145
2024,11250,강동구,F,total,25-29,16894
2024,11250,강동구,F,unmarried,30-34,11669
2024,11250,강동구,M,total,30-34,17518
2024,11250,강동구,M,unmarried,30-34,13656
2024,11250,강동구,F,total,30-34,17699
2024,11250,강동구,F,unmarried,35-39,5806
2024,11250,강동구,M,total,35-39,15981
2024,11250,강동구,M,unmarried,35-39,7705
2024,11250,강동구,F,total,35-39,16159
2024,11250,강동구,F,unmarried,40-44,4477
2024,11250,강동구,M,total,40-44,18691
2024,11250,강동구,M,unmarried,40-44,5695
2024,11250,강동구,F,total,40-44,18916
2024,21,부산광역시,F,unmarried,20-24,79146
2024,21,부산광역시,M,total,20-24,84455
2024,21,부산광역시,M,unmarried,20-24,84217
2024,21,부산광역시,F,total,20-24,79787
2024,21,부산광역시,F,unmarried,25-29,84610
2024,21,부산광역시,M,total,25-29,98049
2024,21,부산광역시,M,unmarried,25-29,94306
2024,21,부산광역시,F,total,25-29,92497
2024,21,부산광역시,F,unmarried,30-34,58757
2024,21,부산광역시,M,total,30-34,102867
2024,21,부산광역시,M,unmarried,30-34,79586
2024,21,부산광역시,F,total,30-34,94970
2024,21,부산광역시,F,unmarried,35-39,28674
2024,21,부산광역시,M,total,35-39,91202
2024,21,부산광역시,M,unmarried,35-39,45223
2024,21,부산광역시,F,total,35-39,86346
2024,21,부산광역시,F,unmarried,40-44,24209
2024,21,부산광역시,M,total,40-44,117287
2024,21,부산광역시,M,unmarried,40-44,39321
2024,21,부산광역시,F,total,40-44,113841
2024,21003,동부,F,unmarried,20-24,76412
2024,21003,동부,M,total,20-24,80997
2024,21003,동부,M,unmarried,20-24,80778
2024,21003,동부,F,total,20-24,77003
2024,21003,동부,F,unmarried,25-29,81454
2024,21003,동부,M,total,25-29,93906
2024,21003,동부,M,unmarried,25-29,90462
2024,21003,동부,F,total,25-29,88758
2024,21003,동부,F,unmarried,30-34,56622
2024,21003,동부,M,total,30-34,97805
2024,21003,동부,M,unmarried,30-34,76137
2024,21003,동부,F,total,30-34,90384
2024,21003,동부,F,unmarried,35-39,27573
2024,21003,동부,M,total,35-39,85903
2024,21003,동부,M,unmarried,35-39,43234
2024,21003,동부,F,total,35-39,80928
2024,21003,동부,F,unmarried,40-44,23164
2024,21003,동부,M,total,40-44,109257
2024,21003,동부,M,unmarried,40-44,37492
2024,21003,동부,F,total,40-44,105725
2024,21004,읍부,F,unmarried,20-24,2680
2024,21004,읍부,M,total,20-24,3330
2024,21004,읍부,M,unmarried,20-24,3312
2024,21004,읍부,F,total,20-24,2730
2024,21004,읍부,F,unmarried,25-29,3059
2024,21004,읍부,M,total,25-29,3993
2024,21004,읍부,M,unmarried,25-29,3697
2024,21004,읍부,F,total,25-29,3640
2024,21004,읍부,F,unmarried,30-34,2047
2024,21004,읍부,M,total,30-34,4902
2024,21004,읍부,M,unmarried,30-34,3295
2024,21004,읍부,F,total,30-34,4470
2024,21004,읍부,F,unmarried,35-39,1058
2024,21004,읍부,M,total,35-39,5170
2024,21004,읍부,M,unmarried,35-39,1906
2024,21004,읍부,F,total,35-39,5323
2024,21004,읍부,F,unmarried,40-44,1005
2024,21004,읍부,M,total,40-44,7857
2024,21004,읍부,M,unmarried,40-44,1743
2024,21004,읍부,F,total,40-44,7945
2024,21005,면부,F,unmarried,20-24,54
2024,21005,면부,M,total,20-24,128
2024,21005,면부,M,unmarried,20-24,127
2024,21005,면부,F,total,20-24,54
2024,21005,면부,F,unmarried,25-29,97
2024,21005,면부,M,total,25-29,150
2024,21005,면부,M,unmarried,25-29,147
2024,21005,면부,F,total,25-29,99
2024,21005,면부,F,unmarried,30-34,88
2024,21005,면부,M,total,30-34,160
2024,21005,면부,M,unmarried,30-34,154
2024,21005,면부,F,total,30-34,116
2024,21005,면부,F,unmarried,35-39,43
2024,21005,면부,M,total,35-39,129
2024,21005,면부,M,unmarried,35-39,83
2024,21005,면부,F,total,35-39,95
2024,21005,면부,F,unmarried,40-44,40
2024,21005,면부,M,total,40-44,173
2024,21005,면부,M,unmarried,40-44,86
2024,21005,면부,F,total,40-44,171
2024,21010,중구,F,unmarried,20-24,1085
2024,21010,중구,M,total,20-24,846
2024,21010,중구,M,unmarried,20-24,842
2024,21010,중구,F,total,20-24,1089
2024,21010,중구,F,unmarried,25-29,1446
2024,21010,중구,M,total,25-29,1431
2024,21010,중구,M,unmarried,25-29,1392
2024,21010,중구,F,total,25-29,1514
2024,21010,중구,F,unmarried,30-34,881
2024,21010,중구,M,total,30-34,1388
2024,21010,중구,M,unmarried,30-34,1245
2024,21010,중구,F,total,30-34,1085
2024,21010,중구,F,unmarried,35-39,439
2024,21010,중구,M,total,35-39,843
2024,21010,중구,M,unmarried,35-39,642
2024,21010,중구,F,total,35-39,713
2024,21010,중구,F,unmarried,40-44,379
2024,21010,중구,M,total,40-44,1047
2024,21010,중구,M,unmarried,40-44,616
2024,21010,중구,F,total,40-44,860
2024,21020,서구,F,unmarried,20-24,2854
2024,21020,서구,M,total,20-24,2566
2024,21020,서구,M,unmarried,20-24,2560
2024,21020,서구,F,total,20-24,2881
2024,21020,서구,F,unmarried,25-29,2932
2024,21020,서구,M,total,25-29,2946
2024,21020,서구,M,unmarried,25-29,2836
2024,21020,서구,F,total,25-29,3129
2024,21020,서구,F,unmarried,30-34,1755
2024,21020,서구,M,total,30-34,2786
2024,21020,서구,M,unmarried,30-34,2245
2024,21020,서구,F,total,30-34,2592
2024,21020,서구,F,unmarried,35-39,810
2024,21020,서구,M,total,35-39,2329
2024,21020,서구,M,unmarried,35-39,1230
2024,21020,서구,F,total,35-39,2202
2024,21020,서구,F,unmarried,40-44,770
2024,21020,서구,M,total,40-44,3166
2024,21020,서구,M,unmarried,40-44,1235
2024,21020,서구,F,total,40-44,3069
2024,21030,동구,F,unmarried,20-24,1591
2024,21030,동구,M,total,20-24,1521
2024,21030,동구,M,unmarried,20-24,1512
2024,21030,동구,F,total,20-24,1606
2024,21030,동구,F,unmarried,25-29,2509
2024,21030,동구,M,total,25-29,2508
2024,21030,동구,M,unmarried,25-29,2411
2024,21030,동구,F,total,25-29,2742
2024,21030,동구,F,unmarried,30-34,1847
2024,21030,동구,M,total,30-34,3058
2024,21030,동구,M,unmarried,30-34,2388
2024,21030,동구,F,total,30-34,2866
2024,21030,동구,F,unmarried,35-39,896
2024,21030,동구,M,total,35-39,2422
2024,21030,동구,M,unmarried,35-39,1325
2024,21030,동구,F,total,35-39,2154
2024,21030,동구,F,unmarried,40-44,753
2024,21030,동구,M,total,40-44,2834
2024,21030,동구,M,unmarried,40-44,1280
2024,21030,동구,F,total,40-44,2402
2024,21040,영도구,F,unmarried,20-24,2459
2024,21040,영도구,M,total,20-24,3980
2024,21040,영도구,M,unmarried,20-24,3971
2024,21040,영도구,F,total,20-24,2491
2024,21040,영도구,F,unmarried,25-29,1930
2024,21040,영도구,M,total,25-29,2716
2024,21040,영도구,M,unmarried,25-29,2611
2024,21040,영도구,F,total,25-29,2112
2024,21040,영도구,F,unmarried,30-34,1387
2024,21040,영도구,M,total,30-34,2544
2024,21040,영도구,M,unmarried,30-34,2090
2024,21040,영도구,F,total,30-34,2131
2024,21040,영도구,F,unmarried,35-39,788
2024,21040,영도구,M,total,35-39,2249
2024,21040,영도구,M,unmarried,35-39,1344
2024,21040,영도구,F,total,35-39,1942
2024,21040,영도구,F,unmarried,40-44,846
2024,21040,영도구,M,total,40-44,3165
2024,21040,영도구,M,unmarried,40-44,1438
2024,21040,영도구,F,total,40-44,2839
2024,21050,부산진구,F,unmarried,20-24,11157
2024,21050,부산진구,M,total,20-24,10035
2024,21050,부산진구,M,unmarried,20-24,10006
2024,21050,부산진구,F,total,20-24,11233
2024,21050,부산진구,F,unmarried,25-29,13350
2024,21050,부산진구,M,total,25-29,12854
2024,21050,부산진구,M,unmarried,25-29,12376
2024,21050,부산진구,F,total,25-29,14444
2024,21050,부산진구,F,unmarried,30-34,9000
2024,21050,부산진구,M,total,30-34,14007
2024,21050,부산진구,M,unmarried,30-34,10877
2024,21050,부산진구,F,total,30-34,13722
2024,21050,부산진구,F,unmarried,35-39,4302
2024,21050,부산진구,M,total,35-39,11391
2024,21050,부산진구,M,unmarried,35-39,5902
2024,21050,부산진구,F,total,35-39,10805
2024,21050,부산진구,F,unmarried,40-44,3227
2024,21050,부산진구,M,total,40-44,12401
2024,21050,부산진구,M,unmarried,40-44,4697
2024,21050,부산진구,F,total,40-44,11808
2024,21060,동래구,F,unmarried,20-24,5273
2024,21060,동래구,M,total,20-24,5839
2024,21060,동래구,M,unmarried,20-24,5828
2024,21060,동래구,F,total,20-24,5307
2024,21060,동래구,F,unmarried,25-29,6326
2024,21060,동래구,M,total,25-29,6983
2024,21060,동래구,M,unmarried,25-29,6711
2024,21060,동래구,F,total,25-29,6906
2024,21060,동래구,F,unmarried,30-34,4552
2024,21060,동래구,M,total,30-34,7797
2024,21060,동래구,M,unmarried,30-34,5942
2024,21060,동래구,F,total,30-34,7635
2024,21060,동래구,F,unmarried,35-39,2243
2024,21060,동래구,M,total,35-39,7734
2024,21060,동래구,M,unmarried,35-39,3422
2024,21060,동래구,F,total,35-39,7657
2024,21060,동래구,F,unmarried,40-44,1967
2024,21060,동래구,M,total,40-44,10370
2024,21060,동래구,M,unmarried,40-44,2866
2024,21060,동래구,F,total,40-44,10713
2024,21070,남구,F,unmarried,20-24,9011
2024,21070,남구,M,total,20-24,9200
2024,21070,남구,M,unmarried,20-24,9183
2024,21070,남구,F,total,20-24,9050
2024,21070,남구,F,unmarried,25-29,6197
2024,21070,남구,M,total,25-29,8250
2024,21070,남구,M,unmarried,25-29,8003
2024,21070,남구,F,total,25-29,6694
2024,21070,남구,F,unmarried,30-34,4098
2024,21070,남구,M,total,30-34,7137
2024,21070,남구,M,unmarried,30-34,5586
2024,21070,남구,F,total,30-34,6508
2024,21070,남구,F,unmarried,35-39,1974
2024,21070,남구,M,total,35-39,6415
2024,21070,남구,M,unmarried,35-39,3250
2024,21070,남구,F,total,35-39,6027
2024,21070,남구,F,unmarried,40-44,1733
2024,21070,남구,M,total,40-44,8748
2024,21070,남구,M,unmarried,40-44,3014
2024,21070,남구,F,total,40-44,8567
2024,21080,북구,F,unmarried,20-24,5293
2024,21080,북구,M,total,20-24,6327
2024,21080,북구,M,unmarried,20-24,6311
2024,21080,북구,F,total,20-24,5337
2024,21080,북구,F,unmarried,25-29,6301
2024,21080,북구,M,total,25-29,7975
2024,21080,북구,M,unmarried,25-29,7659
2024,21080,북구,F,total,25-29,7049
2024,21080,북구,F,unmarried,30-34,4454
2024,21080,북구,M,total,30-34,8818
2024,21080,북구,M,unmarried,30-34,6537
2024,21080,북구,F,total,30-34,7768
2024,21080,북구,F,unmarried,35-39,2177
2024,21080,북구,M,total,35-39,7570
2024,21080,북구,M,unmarried,35-39,3611
2024,21080,북구,F,total,35-39,6906
2024,21080,북구,F,unmarried,40-44,1658
2024,21080,북구,M,total,40-44,8908
2024,21080,북구,M,unmarried,40-44,3027
2024,21080,북구,F,total,40-44,8332
2024,21090,해운대구,F,unmarried,20-24,6923
2024,21090,해운대구,M,total,20-24,8352
2024,21090,해운대구,M,unmarried,20-24,8333
2024,21090,해운대구,F,total,20-24,6971
2024,21090,해운대구,F,unmarried,25-29,8554
2024,21090,해운대구,M,total,25-29,9691
2024,21090,해운대구,M,unmarried,25-29,9349
2024,21090,해운대구,F,total,25-29,9270
2024,21090,해운대구,F,unmarried,30-34,6115
2024,21090,해운대구,M,total,30-34,10116
2024,21090,해운대구,M,unmarried,30-34,7896
2024,21090,해운대구,F,total,30-34,9798
2024,21090,해운대구,F,unmarried,35-39,3137
2024,21090,해운대구,M,total,35-39,9432
2024,21090,해운대구,M,unmarried,35-39,4513
2024,21090,해운대구,F,total,35-39,9767
2024,21090,해운대구,F,unmarried,40-44,2825
2024,21090,해운대구,M,total,40-44,12987
2024,21090,해운대구,M,unmarried,40-44,3760
2024,21090,해운대구,F,total,40-44,14061
2024,21100,사하구,F,unmarried,20-24,6943
2024,21100,사하구,M,total,20-24,8080
2024,21100,사하구,M,unmarried,20-24,8043
2024,21100,사하구,F,total,20-24,7017
2024,21100,사하구,F,unmarried,25-29,6701
2024,21100,사하구,M,total,25-29,8859
2024,21100,사하구,M,unmarried,25-29,8492
2024,21100,사하구,F,total,25-29,7426
2024,21100,사하구,F,unmarried,30-34,4494
2024,21100,사하구,M,total,30-34,8598
2024,21100,사하구,M,unmarried,30-34,6693
2024,21100,사하구,F,total,30-34,7429
2024,21100,사하구,F,unmarried,35-39,2214
2024,21100,사하구,M,total,35-39,7678
2024,21100,사하구,M,unmarried,35-39,4085
2024,21100,사하구,F,total,35-39,6697
2024,21100,사하구,F,unmarried,40-44,1986
2024,21100,사하구,M,total,40-44,10454
2024,21100,사하구,M,unmarried,40-44,3944
2024,21100,사하구,F,total,40-44,9521
2024,21110,금정구,F,unmarried,20-24,8146
2024,21110,금정구,M,total,20-24,8209
2024,21110,금정구,M,unmarried,20-24,8197
2024,21110,금정구,F,total,20-24,8187
2024,21110,금정구,F,unmarried,25-29,5476
2024,21110,금정구,M,total,25-29,7912
2024,21110,금정구,M,unmarried,25-29,7748
2024,21110,금정구,F,total,25-29,5795
2024,21110,금정구,F,unmarried,30-34,3458
2024,21110,금정구,M,total,30-34,6122
2024,21110,금정구,M,unmarried,30-34,5188
2024,21110,금정구,F,total,30-34,4929
2024,21110,금정구,F,unmarried,35-39,1757
2024,21110,금정구,M,total,35-39,4856
2024,21110,금정구,M,unmarried,35-39,2866
2024,21110,금정구,F,total,35-39,4333
2024,21110,금정구,F,unmarried,40-44,1485
2024,21110,금정구,M,total,40-44,6288
2024,21110,금정구,M,unmarried,40-44,2498
2024,21110,금정구,F,total,40-44,6194
2024,21120,강서구,F,unmarried,20-24,1694
2024,21120,강서구,M,total,20-24,2104
2024,21120,강서구,M,unmarried,20-24,2096
2024,21120,강서구,F,total,20-24,1724
2024,21120,강서구,F,unmarried,25-29,2309
2024,21120,강서구,M,total,25-29,3387
2024,21120,강서구,M,unmarried,25-29,3160
2024,21120,강서구,F,total,25-29,2799
2024,21120,강서구,F,unmarried,30-34,1841
2024,21120,강서구,M,total,30-34,5025
2024,21120,강서구,M,unmarried,30-34,3274
2024,21120,강서구,F,total,30-34,4650
2024,21120,강서구,F,unmarried,35-39,893
2024,21120,강서구,M,total,35-39,6062
2024,21120,강서구,M,unmarried,35-39,2031
2024,21120,강서구,F,total,35-39,6019
2024,21120,강서구,F,unmarried,40-44,673
2024,21120,강서구,M,total,40-44,8788
2024,21120,강서구,M,unmarried,40-44,1659
2024,21120,강서구,F,total,40-44,7927
2024,21130,연제구,F,unmarried,20-24,4542
2024,21130,연제구,M,total,20-24,4726
2024,21130,연제구,M,unmarried,20-24,4713
2024,21130,연제구,F,total,20-24,4592
2024,21130,연제구,F,unmarried,25-29,5816
2024,21130,연제구,M,total,25-29,5858
2024,21130,연제구,M,unmarried,25-29,5626
2024,21130,연제구,F,total,25-29,6369
2024,21130,연제구,F,unmarried,30-34,4402
2024,21130,연제구,M,total,30-34,6967
2024,21130,연제구,M,unmarried,30-34,5206
2024,21130,연제구,F,total,30-34,7202
2024,21130,연제구,F,unmarried,35-39,2051
2024,21130,연제구,M,total,35-39,6527
2024,21130,연제구,M,unmarried,35-39,3016
2024,21130,연제구,F,total,35-39,6274
2024,21130,연제구,F,unmarried,40-44,1747
2024,21130,연제구,M,total,40-44,7894
2024,21130,연제구,M,unmarried,40-44,2477
2024,21130,연제구,F,total,40-44,7943
2024,21140,수영구,F,unmarried,20-24,3881
2024,21140,수영구,M,total,20-24,3566
2024,21140,수영구,M,unmarried,20-24,3551
2024,21140,수영구,F,total,20-24,3914
2024,21140,수영구,F,unmarried,25-29,6121
2024,21140,수영구,M,total,25-29,5723
2024,21140,수영구,M,unmarried,25-29,5520
2024,21140,수영구,F,total,25-29,6540
2024,21140,수영구,F,unmarried,30-34,4529
2024,21140,수영구,M,total,30-34,6295
2024,21140,수영구,M,unmarried,30-34,5204
2024,21140,수영구,F,total,30-34,6217
2024,21140,수영구,F,unmarried,35-39,2112
2024,21140,수영구,M,total,35-39,4869
2024,21140,수영구,M,unmarried,35-39,2732
2024,21140,수영구,F,total,35-39,4848
2024,21140,수영구,F,unmarried,40-44,1681
2024,21140,수영구,M,total,40-44,5686
2024,21140,수영구,M,unmarried,40-44,2201
2024,21140,수영구,F,total,40-44,5703
2024,21150,사상구,F,unmarried,20-24,5560
2024,21150,사상구,M,total,20-24,5646
2024,21150,사상구,M,unmarried,20-24,5632
2024,21150,사상구,F,total,20-24,5604
2024,21150,사상구,F,unmarried,25-29,5486
2024,21150,사상구,M,total,25-29,6813
2024,21150,사상구,M,unmarried,25-29,6568
2024,21150,사상구,F,total,25-29,5969
2024,21150,사상구,F,unmarried,30-34,3809
2024,21150,사상구,M,total,30-34,7147
2024,21150,사상구,M,unmarried,30-34,5766
2024,21150,사상구,F,total,30-34,5852
2024,21150,사상구,F,unmarried,35-39,1780
2024,21150,사상구,M,total,35-39,5526
2024,21150,사상구,M,unmarried,35-39,3265
2024,21150,사상구,F,total,35-39,4584
2024,21150,사상구,F,unmarried,40-44,1434
2024,21150,사상구,M,total,40-44,6521
2024,21150,사상구,M,unmarried,40-44,2780
2024,21150,사상구,F,total,40-44,5786
2024,21510,기장군,F,unmarried,20-24,2734
2024,21510,기장군,M,total,20-24,3458
2024,21510,기장군,M,unmarried,20-24,3439
2024,21510,기장군,F,total,20-24,2784
2024,21510,기장군,F,unmarried,25-29,3156
2024,21510,기장군,M,total,25-29,4143
2024,21510,기장군,M,unmarried,25-29,3844
2024,21510,기장군,F,total,25-29,3739
2024,21510,기장군,F,unmarried,30-34,2135
2024,21510,기장군,M,total,30-34,5062
2024,21510,기장군,M,unmarried,30-34,3449
2024,21510,기장군,F,total,30-34,4586
2024,21510,기장군,F,unmarried,35-39,1101
2024,21510,기장군,M,total,35-39,5299
2024,21510,기장군,M,unmarried,35-39,1989
2024,21510,기장군,F,total,35-39,5418
2024,21510,기장군,F,unmarried,40-44,1045
2024,21510,기장군,M,total,40-44,8030
2024,21510,기장군,M,unmarried,40-44,1829
2024,21510,기장군,F,total,40-44,8116
2024,22,대구광역시,F,unmarried,20-24,57434
2024,22,대구광역시,M,total,20-24,65085
2024,22,대구광역시,M,unmarried,20-24,64887
2024,22,대구광역시,F,total,20-24,57928
2024,22,대구광역시,F,unmarried,25-29,59322
2024,22,대구광역시,M,total,25-29,73742
2024,22,대구광역시,M,unmarried,25-29,70483
2024,22,대구광역시,F,total,25-29,66512
2024,22,대구광역시,F,unmarried,30-34,37381
2024,22,대구광역시,M,total,30-34,77581
2024,22,대구광역시,M,unmarried,30-34,58324
2024,22,대구광역시,F,total,30-34,66971
2024,22,대구광역시,F,unmarried,35-39,16840
2024,22,대구광역시,M,total,35-39,69351
2024,22,대구광역시,M,unmarried,35-39,32350
2024,22,대구광역시,F,total,35-39,60982
2024,22,대구광역시,F,unmarried,40-44,14286
2024,22,대구광역시,M,total,40-44,83345
2024,22,대구광역시,M,unmarried,40-44,25100
2024,22,대구광역시,F,total,40-44,83800
2024,22003,동부,F,unmarried,20-24,53067
2024,22003,동부,M,total,20-24,59169
2024,22003,동부,M,unmarried,20-24,59000
2024,22003,동부,F,total,20-24,53478
2024,22003,동부,F,unmarried,25-29,54582
2024,22003,동부,M,total,25-29,66088
2024,22003,동부,M,unmarried,25-29,63327
2024,22003,동부,F,total,25-29,60600
2024,22003,동부,F,unmarried,30-34,34098
2024,22003,동부,M,total,30-34,68488
2024,22003,동부,M,unmarried,30-34,52193
2024,22003,동부,F,total,30-34,59147
2024,22003,동부,F,unmarried,35-39,15366
2024,22003,동부,M,total,35-39,59487
2024,22003,동부,M,unmarried,35-39,28523
2024,22003,동부,F,total,35-39,52383
2024,22003,동부,F,unmarried,40-44,13075
2024,22003,동부,M,total,40-44,71096
2024,22003,동부,M,unmarried,40-44,22146
2024,22003,동부,F,total,40-44,72171
2024,22004,읍부,F,unmarried,20-24,4029
2024,22004,읍부,M,total,20-24,5399
2024,22004,읍부,M,unmarried,20-24,5377
2024,22004,읍부,F,total,20-24,4093
2024,22004,읍부,F,unmarried,25-29,4316
2024,22004,읍부,M,total,25-29,6751
2024,22004,읍부,M,unmarried,25-29,6322
2024,22004,읍부,F,total,25-29,5312
2024,22004,읍부,F,unmarried,30-34,2926
2024,22004,읍부,M,total,30-34,7781
2024,22004,읍부,M,unmarried,30-34,5245
2024,22004,읍부,F,total,30-34,6843
2024,22004,읍부,F,unmarried,35-39,1256
2024,22004,읍부,M,total,35-39,8463
2024,22004,읍부,M,unmarried,35-39,3203
2024,22004,읍부,F,total,35-39,7498
2024,22004,읍부,F,unmarried,40-44,1038
2024,22004,읍부,M,total,40-44,10697
2024,22004,읍부,M,unmarried,40-44,2474
2024,22004,읍부,F,total,40-44,10407
2024,22005,면부,F,unmarried,20-24,338
2024,22005,면부,M,total,20-24,517
2024,22005,면부,M,unmarried,20-24,510
2024,22005,면부,F,total,20-24,357
2024,22005,면부,F,unmarried,25-29,424
2024,22005,면부,M,total,25-29,903
2024,22005,면부,M,unmarried,25-29,834
2024,22005,면부,F,total,25-29,600
2024,22005,면부,F,unmarried,30-34,357
2024,22005,면부,M,total,30-34,1312
2024,22005,면부,M,unmarried,30-34,886
2024,22005,면부,F,total,30-34,981
2024,22005,면부,F,unmarried,35-39,218
2024,22005,면부,M,total,35-39,1401
2024,22005,면부,M,unmarried,35-39,624
2024,22005,면부,F,total,35-39,1101
2024,22005,면부,F,unmarried,40-44,173
2024,22005,면부,M,total,40-44,1552
2024,22005,면부,M,unmarried,40-44,480
2024,22005,면부,F,total,40-44,1222
2024,22010,중구,F,unmarried,20-24,2859
2024,22010,중구,M,total,20-24,2496
2024,22010,중구,M,unmarried,20-24,2490
2024,22010,중구,F,total,20-24,2872
2024,22010,중구,F,unmarried,25-29,3616
2024,22010,중구,M,total,25-29,3571
2024,22010,중구,M,unmarried,25-29,3378
2024,22010,중구,F,total,25-29,4072
2024,22010,중구,F,unmarried,30-34,2235
2024,22010,중구,M,total,30-34,4302
2024,22010,중구,M,unmarried,30-34,2867
2024,22010,중구,F,total,30-34,4385
2024,22010,중구,F,unmarried,35-39,920
2024,22010,중구,M,total,35-39,3954
2024,22010,중구,M,unmarried,35-39,1521
2024,22010,중구,F,total,35-39,3527
2024,22010,중구,F,unmarried,40-44,697
2024,22010,중구,M,total,40-44,3928
2024,22010,중구,M,unmarried,40-44,1053
2024,22010,중구,F,total,40-44,3578
2024,22020,동구,F,unmarried,20-24,6613
2024,22020,동구,M,total,20-24,7626
2024,22020,동구,M,unmarried,20-24,7598
2024,22020,동구,F,total,20-24,6685
2024,22020,동구,F,unmarried,25-29,8298
2024,22020,동구,M,total,25-29,9995
2024,22020,동구,M,unmarried,25-29,9436
2024,22020,동구,F,total,25-29,9533
2024,22020,동구,F,unmarried,30-34,5838
2024,22020,동구,M,total,30-34,12265
2024,22020,동구,M,unmarried,30-34,8918
2024,22020,동구,F,total,30-34,10664
2024,22020,동구,F,unmarried,35-39,2716
2024,22020,동구,M,total,35-39,10895
2024,22020,동구,M,unmarried,35-39,5024
2024,22020,동구,F,total,35-39,9401
2024,22020,동구,F,unmarried,40-44,2295
2024,22020,동구,M,total,40-44,12453
2024,22020,동구,M,unmarried,40-44,4139
2024,22020,동구,F,total,40-44,11655
2024,22030,서구,F,unmarried,20-24,2827
2024,22030,서구,M,total,20-24,3479
2024,22030,서구,M,unmarried,20-24,3460
2024,22030,서구,F,total,20-24,2863
2024,22030,서구,F,unmarried,25-29,3904
2024,22030,서구,M,total,25-29,4931
2024,22030,서구,M,unmarried,25-29,4727
2024,22030,서구,F,total,25-29,4367
2024,22030,서구,F,unmarried,30-34,2728
2024,22030,서구,M,total,30-34,5897
2024,22030,서구,M,unmarried,30-34,4697
2024,22030,서구,F,total,30-34,4527
2024,22030,서구,F,unmarried,35-39,1308
2024,22030,서구,M,total,35-39,4745
2024,22030,서구,M,unmarried,35-39,2836
2024,22030,서구,F,total,35-39,3504
2024,22030,서구,F,unmarried,40-44,1250
2024,22030,서구,M,total,40-44,5156
2024,22030,서구,M,unmarried,40-44,2450
2024,22030,서구,F,total,40-44,4362
2024,22040,남구,F,unmarried,20-24,4072
2024,22040,남구,M,total,20-24,3607
2024,22040,남구,M,unmarried,20-24,3596
2024,22040,남구,F,total,20-24,4104
2024,22040,남구,F,unmarried,25-29,4457
2024,22040,남구,M,total,25-29,4589
2024,22040,남구,M,unmarried,25-29,4400
2024,22040,남구,F,total,25-29,4859
2024,22040,남구,F,unmarried,30-34,2826
2024,22040,남구,M,total,30-34,4704
2024,22040,남구,M,unmarried,30-34,3901
2024,22040,남구,F,total,30-34,4074
2024,22040,남구,F,unmarried,35-39,1337
2024,22040,남구,M,total,35-39,3671
2024,22040,남구,M,unmarried,35-39,2247
2024,22040,남구,F,total,35-39,3013
2024,22040,남구,F,unmarried,40-44,1382
2024,22040,남구,M,total,40-44,4058
2024,22040,남구,M,unmarried,40-44,1891
2024,22040,남구,F,total,40-44,3984
2024,22050,북구,F,unmarried,20-24,13545
2024,22050,북구,M,total,20-24,15312
2024,22050,북구,M,unmarried,20-24,15273
2024,22050,북구,F,total,20-24,13634
2024,22050,북구,F,unmarried,25-29,11125
2024,22050,북구,M,total,25-29,15179
2024,22050,북구,M,unmarried,25-29,14544
2024,22050,북구,F,total,25-29,12409
2024,22050,북구,F,unmarried,30-34,6319
2024,22050,북구,M,total,30-34,13653
2024,22050,북구,M,unmarried,30-34,10366
2024,22050,북구,F,total,30-34,11383
2024,22050,북구,F,unmarried,35-39,2749
2024,22050,북구,M,total,35-39,11944
2024,22050,북구,M,unmarried,35-39,5570
2024,22050,북구,F,total,35-39,10184
2024,22050,북구,F,unmarried,40-44,2258
2024,22050,북구,M,total,40-44,14272
2024,22050,북구,M,unmarried,40-44,4300
2024,22050,북구,F,total,40-44,14217
2024,22060,수성구,F,unmarried,20-24,8868
2024,22060,수성구,M,total,20-24,11084
2024,22060,수성구,M,unmarried,20-24,11057
2024,22060,수성구,F,total,20-24,8922
2024,22060,수성구,F,unmarried,25-29,9378
2024,22060,수성구,M,total,25-29,10752
2024,22060,수성구,M,unmarried,25-29,10457
2024,22060,수성구,F,total,25-29,10040
2024,22060,수성구,F,unmarried,30-34,5886
2024,22060,수성구,M,total,30-34,10461
2024,22060,수성구,M,unmarried,30-34,8236
2024,22060,수성구,F,total,30-34,9709
2024,22060,수성구,F,unmarried,35-39,2651
2024,22060,수성구,M,total,35-39,9661
2024,22060,수성구,M,unmarried,35-39,4259
2024,22060,수성구,F,total,35-39,9838
2024,22060,수성구,F,unmarried,40-44,2291
2024,22060,수성구,M,total,40-44,13596
2024,22060,수성구,M,unmarried,40-44,3032
2024,22060,수성구,F,total,40-44,16153
2024,22070,달서구,F,unmarried,20-24,14283
2024,22070,달서구,M,total,20-24,15565
2024,22070,달서구,M,unmarried,20-24,15526
2024,22070,달서구,F,total,20-24,14398
2024,22070,달서구,F,unmarried,25-29,13804
2024,22070,달서구,M,total,25-29,17071
2024,22070,달서구,M,unmarried,25-29,16385
2024,22070,달서구,F,total,25-29,15320
2024,22070,달서구,F,unmarried,30-34,8266
2024,22070,달서구,M,total,30-34,17206
2024,22070,달서구,M,unmarried,30-34,13208
2024,22070,달서구,F,total,30-34,14405
2024,22070,달서구,F,unmarried,35-39,3685
2024,22070,달서구,M,total,35-39,14617
2024,22070,달서구,M,unmarried,35-39,7066
2024,22070,달서구,F,total,35-39,12916
2024,22070,달서구,F,unmarried,40-44,2902
2024,22070,달서구,M,total,40-44,17633
2024,22070,달서구,M,unmarried,40-44,5281
2024,22070,달서구,F,total,40-44,18222
2024,22510,달성군,F,unmarried,20-24,4250
2024,22510,달성군,M,total,20-24,5695
2024,22510,달성군,M,unmarried,20-24,5666
2024,22510,달성군,F,total,20-24,4331
2024,22510,달성군,F,unmarried,25-29,4555
2024,22510,달성군,M,total,25-29,7373
2024,22510,달성군,M,unmarried,25-29,6887
2024,22510,달성군,F,total,25-29,5705
2024,22510,달성군,F,unmarried,30-34,3155
2024,22510,달성군,M,total,30-34,8763
2024,22510,달성군,M,unmarried,30-34,5848
2024,22510,달성군,F,total,30-34,7618
2024,22510,달성군,F,unmarried,35-39,1390
2024,22510,달성군,M,total,35-39,9573
2024,22510,달성군,M,unmarried,35-39,3625
2024,22510,달성군,F,total,35-39,8371
2024,22510,달성군,F,unmarried,40-44,1144
2024,22510,달성군,M,total,40-44,11908
2024,22510,달성군,M,unmarried,40-44,2806
2024,22510,달성군,F,total,40-44,11335
2024,22520,군위군,F,unmarried,20-24,117
2024,22520,군위군,M,total,20-24,221
2024,22520,군위군,M,unmarried,20-24,221
2024,22520,군위군,F,total,20-24,119
2024,22520,군위군,F,unmarried,25-29,185
2024,22520,군위군,M,total,25-29,281
2024,22520,군위군,M,unmarried,25-29,269
2024,22520,군위군,F,total,25-29,207
2024,22520,군위군,F,unmarried,30-34,128
2024,22520,군위군,M,total,30-34,330
2024,22520,군위군,M,unmarried,30-34,283
2024,22520,군위군,F,total,30-34,206
2024,22520,군위군,F,unmarried,35-39,84
2024,22520,군위군,M,total,35-39,291
2024,22520,군위군,M,unmarried,35-39,202
2024,22520,군위군,F,total,35-39,228
2024,22520,군위군,F,unmarried,40-44,67
2024,22520,군위군,M,total,40-44,341
2024,22520,군위군,M,unmarried,40-44,148
2024,22520,군위군,F,total,40-44,294
2024,23,인천광역시,F,unmarried,20-24,67225
2024,23,인천광역시,M,total,20-24,73890
2024,23,인천광역시,M,unmarried,20-24,73517
2024,23,인천광역시,F,total,20-24,68138
2024,23,인천광역시,F,unmarried,25-29,81513
2024,23,인천광역시,M,total,25-29,99353
2024,23,인천광역시,M,unmarried,25-29,93577
2024,23,인천광역시,F,total,25-29,92344
2024,23,인천광역시,F,unmarried,30-34,58062
2024,23,인천광역시,M,total,30-34,112606
2024,23,인천광역시,M,unmarried,30-34,82813
2024,23,인천광역시,F,total,30-34,101573
2024,23,인천광역시,F,unmarried,35-39,27546
2024,23,인천광역시,M,total,35-39,100242
2024,23,인천광역시,M,unmarried,35-39,46519
2024,23,인천광역시,F,total,35-39,92132
2024,23,인천광역시,F,unmarried,40-44,20104
2024,23,인천광역시,M,total,40-44,121953
2024,23,인천광역시,M,unmarried,40-44,36542
2024,23,인천광역시,F,total,40-44,114707
2024,23003,동부,F,unmarried,20-24,66395
2024,23003,동부,M,total,20-24,72315
2024,23003,동부,M,unmarried,20-24,71952
2024,23003,동부,F,total,20-24,67282
2024,23003,동부,F,unmarried,25-29,80550
2024,23003,동부,M,total,25-29,97401
2024,23003,동부,M,unmarried,25-29,91789
2024,23003,동부,F,total,25-29,91166
2024,23003,동부,F,unmarried,30-34,57345
2024,23003,동부,M,total,30-34,110737
2024,23003,동부,M,unmarried,30-34,81387
2024,23003,동부,F,total,30-34,100278
2024,23003,동부,F,unmarried,35-39,27144
2024,23003,동부,M,total,35-39,98649
2024,23003,동부,M,unmarried,35-39,45686
2024,23003,동부,F,total,35-39,90878
2024,23003,동부,F,unmarried,40-44,19734
2024,23003,동부,M,total,40-44,119804
2024,23003,동부,M,unmarried,40-44,35739
2024,23003,동부,F,total,40-44,112934
2024,23004,읍부,F,unmarried,20-24,301
2024,23004,읍부,M,total,20-24,400
2024,23004,읍부,M,unmarried,20-24,399
2024,23004,읍부,F,total,20-24,308
2024,23004,읍부,F,unmarried,25-29,277
2024,23004,읍부,M,total,25-29,479
2024,23004,읍부,M,unmarried,25-29,431
2024,23004,읍부,F,total,25-29,359
2024,23004,읍부,F,unmarried,30-34,205
2024,23004,읍부,M,total,30-34,497
2024,23004,읍부,M,unmarried,30-34,352
2024,23004,읍부,F,total,30-34,411
2024,23004,읍부,F,unmarried,35-39,118
2024,23004,읍부,M,total,35-39,448
2024,23004,읍부,M,unmarried,35-39,215
2024,23004,읍부,F,total,35-39,407
2024,23004,읍부,F,unmarried,40-44,98
2024,23004,읍부,M,total,40-44,633
2024,23004,읍부,M,unmarried,40-44,212
2024,23004,읍부,F,total,40-44,650
2024,23005,면부,F,unmarried,20-24,529
2024,23005,면부,M,total,20-24,1175
2024,23005,면부,M,unmarried,20-24,1166
2024,23005,면부,F,total,20-24,548
2024,23005,면부,F,unmarried,25-29,686
2024,23005,면부,M,total,25-29,1473
2024,23005,면부,M,unmarried,25-29,1357
2024,23005,면부,F,total,25-29,819
2024,23005,면부,F,unmarried,30-34,512
2024,23005,면부,M,total,30-34,1372
2024,23005,면부,M,unmarried,30-34,1074
2024,23005,면부,F,total,30-34,884
2024,23005,면부,F,unmarried,35-39,284
2024,23005,면부,M,total,35-39,1145
2024,23005,면부,M,unmarried,35-39,618
2024,23005,면부,F,total,35-39,847
2024,23005,면부,F,unmarried,40-44,272
2024,23005,면부,M,total,40-44,1516
2024,23005,면부,M,unmarried,40-44,591
2024,23005,면부,F,total,40-44,1123
2024,23010,중구,F,unmarried,20-24,3641
2024,23010,중구,M,total,20-24,3460
2024,23010,중구,M,unmarried,20-24,3443
2024,23010,중구,F,total,20-24,3698
2024,23010,중구,F,unmarried,25-29,5184
2024,23010,중구,M,total,25-29,6219
2024,23010,중구,M,unmarried,25-29,5833
2024,23010,중구,F,total,25-29,5951
2024,23010,중구,F,unmarried,30-34,3263
2024,23010,중구,M,total,30-34,7558
2024,23010,중구,M,unmarried,30-34,5397
2024,23010,중구,F,total,30-34,6158
2024,23010,중구,F,unmarried,35-39,1522
2024,23010,중구,M,total,35-39,6455
2024,23010,중구,M,unmarried,35-39,2925
2024,23010,중구,F,total,35-39,5513
2024,23010,중구,F,unmarried,40-44,1095
2024,23010,중구,M,total,40-44,7452
2024,23010,중구,M,unmarried,40-44,2306
2024,23010,중구,F,total,40-44,6567
2024,23020,동구,F,unmarried,20-24,1110
2024,23020,동구,M,total,20-24,1246
2024,23020,동구,M,unmarried,20-24,1241
2024,23020,동구,F,total,20-24,1125
2024,23020,동구,F,unmarried,25-29,1263
2024,23020,동구,M,total,25-29,1635
2024,23020,동구,M,unmarried,25-29,1544
2024,23020,동구,F,total,25-29,1442
2024,23020,동구,F,unmarried,30-34,884
2024,23020,동구,M,total,30-34,1768
2024,23020,동구,M,unmarried,30-34,1343
2024,23020,동구,F,total,30-34,1477
2024,23020,동구,F,unmarried,35-39,501
2024,23020,동구,M,total,35-39,1583
2024,23020,동구,M,unmarried,35-39,898
2024,23020,동구,F,total,35-39,1328
2024,23020,동구,F,unmarried,40-44,441
2024,23020,동구,M,total,40-44,2120
2024,23020,동구,M,unmarried,40-44,865
2024,23020,동구,F,total,40-44,1898
2024,23040,연수구,F,unmarried,20-24,10547
2024,23040,연수구,M,total,20-24,11287
2024,23040,연수구,M,unmarried,20-24,11264
2024,23040,연수구,F,total,20-24,10601
2024,23040,연수구,F,unmarried,25-29,10101
2024,23040,연수구,M,total,25-29,12075
2024,23040,연수구,M,unmarried,25-29,11551
2024,23040,연수구,F,total,25-29,11223
2024,23040,연수구,F,unmarried,30-34,6872
2024,23040,연수구,M,total,30-34,13286
2024,23040,연수구,M,unmarried,30-34,9659
2024,23040,연수구,F,total,30-34,12861
2024,23040,연수구,F,unmarried,35-39,3110
2024,23040,연수구,M,total,35-39,13397
2024,23040,연수구,M,unmarried,35-39,4873
2024,23040,연수구,F,total,35-39,13806
2024,23040,연수구,F,unmarried,40-44,2091
2024,23040,연수구,M,total,40-44,17089
2024,23040,연수구,M,unmarried,40-44,3216
2024,23040,연수구,F,total,40-44,17827
2024,23050,남동구,F,unmarried,20-24,10609
2024,23050,남동구,M,total,20-24,11436
2024,23050,남동구,M,unmarried,20-24,11362
2024,23050,남동구,F,total,20-24,10769
2024,23050,남동구,F,unmarried,25-29,13521
2024,23050,남동구,M,total,25-29,16232
2024,23050,남동구,M,unmarried,25-29,15349
2024,23050,남동구,F,total,25-29,15041
2024,23050,남동구,F,unmarried,30-34,9389
2024,23050,남동구,M,total,30-34,17252
2024,23050,남동구,M,unmarried,30-34,13441
2024,23050,남동구,F,total,30-34,14769
2024,23050,남동구,F,unmarried,35-39,4456
2024,23050,남동구,M,total,35-39,14062
2024,23050,남동구,M,unmarried,35-39,7587
2024,23050,남동구,F,total,35-39,12947
2024,23050,남동구,F,unmarried,40-44,3355
2024,23050,남동구,M,total,40-44,18688
2024,23050,남동구,M,unmarried,40-44,6162
2024,23050,남동구,F,total,40-44,18185
2024,23060,부평구,F,unmarried,20-24,10624
2024,23060,부평구,M,total,20-24,11307
2024,23060,부평구,M,unmarried,20-24,11264
2024,23060,부평구,F,total,20-24,10770
2024,23060,부평구,F,unmarried,25-29,14633
2024,23060,부평구,M,total,25-29,16891
2024,23060,부평구,M,unmarried,25-29,15916
2024,23060,부평구,F,total,25-29,16383
2024,23060,부평구,F,unmarried,30-34,11418
2024,23060,부평구,M,total,30-34,20082
2024,23060,부평구,M,unmarried,30-34,15029
2024,23060,부평구,F,total,30-34,18612
2024,23060,부평구,F,unmarried,35-39,5572
2024,23060,부평구,M,total,35-39,16746
2024,23060,부평구,M,unmarried,35-39,8506
2024,23060,부평구,F,total,35-39,15004
2024,23060,부평구,F,unmarried,40-44,4126
2024,23060,부평구,M,total,40-44,18620
2024,23060,부평구,M,unmarried,40-44,6578
2024,23060,부평구,F,total,40-44,17508
2024,23070,계양구,F,unmarried,20-24,6495
2024,23070,계양구,M,total,20-24,7008
2024,23070,계양구,M,unmarried,20-24,6976
2024,23070,계양구,F,total,20-24,6562
2024,23070,계양구,F,unmarried,25-29,8200
2024,23070,계양구,M,total,25-29,9872
2024,23070,계양구,M,unmarried,25-29,9450
2024,23070,계양구,F,total,25-29,8981
2024,23070,계양구,F,unmarried,30-34,6299
2024,23070,계양구,M,total,30-34,10624
2024,23070,계양구,M,unmarried,30-34,8561
2024,23070,계양구,F,total,30-34,9411
2024,23070,계양구,F,unmarried,35-39,2892
2024,23070,계양구,M,total,35-39,8403
2024,23070,계양구,M,unmarried,35-39,4716
2024,23070,계양구,F,total,35-39,7303
2024,23070,계양구,F,unmarried,40-44,1926
2024,23070,계양구,M,total,40-44,9537
2024,23070,계양구,M,unmarried,40-44,3526
2024,23070,계양구,F,total,40-44,8937
2024,23080,서구,F,unmarried,20-24,12690
2024,23080,서구,M,total,20-24,13910
2024,23080,서구,M,unmarried,20-24,13836
2024,23080,서구,F,total,20-24,12866
2024,23080,서구,F,unmarried,25-29,16459
2024,23080,서구,M,total,25-29,19627
2024,23080,서구,M,unmarried,25-29,18232
2024,23080,서구,F,total,25-29,19252
2024,23080,서구,F,unmarried,30-34,11403
2024,23080,서구,M,total,30-34,24254
2024,23080,서구,M,unmarried,30-34,16210
2024,23080,서구,F,total,30-34,23334
2024,23080,서구,F,unmarried,35-39,5114
2024,23080,서구,M,total,35-39,24268
2024,23080,서구,M,unmarried,35-39,9142
2024,23080,서구,F,total,35-39,23139
2024,23080,서구,F,unmarried,40-44,3563
2024,23080,서구,M,total,40-44,29487
2024,23080,서구,M,unmarried,40-44,6816
2024,23080,서구,F,total,40-44,27560
2024,23090,미추홀구,F,unmarried,20-24,10679
2024,23090,미추홀구,M,total,20-24,12661
2024,23090,미추홀구,M,unmarried,20-24,12566
2024,23090,미추홀구,F,total,20-24,10891
2024,23090,미추홀구,F,unmarried,25-29,11189
2024,23090,미추홀구,M,total,25-29,14850
2024,23090,미추홀구,M,unmarried,25-29,13914
2024,23090,미추홀구,F,total,25-29,12893
2024,23090,미추홀구,F,unmarried,30-34,7817
2024,23090,미추홀구,M,total,30-34,15913
2024,23090,미추홀구,M,unmarried,30-34,11747
2024,23090,미추홀구,F,total,30-34,13656
2024,23090,미추홀구,F,unmarried,35-39,3977
2024,23090,미추홀구,M,total,35-39,13735
2024,23090,미추홀구,M,unmarried,35-39,7039
2024,23090,미추홀구,F,total,35-39,11838
2024,23090,미추홀구,F,unmarried,40-44,3137
2024,23090,미추홀구,M,total,40-44,16811
2024,23090,미추홀구,M,unmarried,40-44,6270
2024,23090,미추홀구,F,total,40-44,14452
2024,23510,강화군,F,unmarried,20-24,634
2024,23510,강화군,M,total,20-24,942
2024,23510,강화군,M,unmarried,20-24,939
2024,23510,강화군,F,total,20-24,647
2024,23510,강화군,F,unmarried,25-29,716
2024,23510,강화군,M,total,25-29,1154
2024,23510,강화군,M,unmarried,25-29,1069
2024,23510,강화군,F,total,25-29,854
2024,23510,강화군,F,unmarried,30-34,578
2024,23510,강화군,M,total,30-34,1257
2024,23510,강화군,M,unmarried,30-34,985
2024,23510,강화군,F,total,30-34,1017
2024,23510,강화군,F,unmarried,35-39,328
2024,23510,강화군,M,total,35-39,1153
2024,23510,강화군,M,unmarried,35-39,610
2024,23510,강화군,F,total,35-39,996
2024,23510,강화군,F,unmarried,40-44,319
2024,23510,강화군,M,total,40-44,1586
2024,23510,강화군,M,unmarried,40-44,620
2024,23510,강화군,F,total,40-44,1465
2024,23520,옹진군,F,unmarried,20-24,196
2024,23520,옹진군,M,total,20-24,633
2024,23520,옹진군,M,unmarried,20-24,626
2024,23520,옹진군,F,total,20-24,209
2024,23520,옹진군,F,unmarried,25-29,247
2024,23520,옹진군,M,total,25-29,798
2024,23520,옹진군,M,unmarried,25-29,719
2024,23520,옹진군,F,total,25-29,324
2024,23520,옹진군,F,unmarried,30-34,139
2024,23520,옹진군,M,total,30-34,612
2024,23520,옹진군,M,unmarried,30-34,441
2024,23520,옹진군,F,total,30-34,278
2024,23520,옹진군,F,unmarried,35-39,74
2024,23520,옹진군,M,total,35-39,440
2024,23520,옹진군,M,unmarried,35-39,223
2024,23520,옹진군,F,total,35-39,258
2024,23520,옹진군,F,unmarried,40-44,51
2024,23520,옹진군,M,total,40-44,563
2024,23520,옹진군,M,unmarried,40-44,183
2024,23520,옹진군,F,total,40-44,308
2024,24,광주광역시,F,unmarried,20-24,41893
2024,24,광주광역시,M,total,20-24,44982
2024,24,광주광역시,M,unmarried,20-24,44812
2024,24,광주광역시,F,total,20-24,42339
2024,24,광주광역시,F,unmarried,25-29,41231
2024,24,광주광역시,M,total,25-29,50616
2024,24,광주광역시,M,unmarried,25-29,48148
2024,24,광주광역시,F,total,25-29,46160
2024,24,광주광역시,F,unmarried,30-34,24630
2024,24,광주광역시,M,total,30-34,47901
2024,24,광주광역시,M,unmarried,30-34,35816
2024,24,광주광역시,F,total,30-34,43131
2024,24,광주광역시,F,unmarried,35-39,11152
2024,24,광주광역시,M,total,35-39,40655
2024,24,광주광역시,M,unmarried,35-39,19152
2024,24,광주광역시,F,total,35-39,39088
2024,24,광주광역시,F,unmarried,40-44,8697
2024,24,광주광역시,M,total,40-44,54403
2024,24,광주광역시,M,unmarried,40-44,16850
2024,24,광주광역시,F,total,40-44,53772
2024,24010,동구,F,unmarried,20-24,4030
2024,24010,동구,M,total,20-24,4192
2024,24010,동구,M,unmarried,20-24,4184
2024,24010,동구,F,total,20-24,4053
2024,24010,동구,F,unmarried,25-29,3550
2024,24010,동구,M,total,25-29,4186
2024,24010,동구,M,unmarried,25-29,4012
2024,24010,동구,F,total,25-29,3916
2024,24010,동구,F,unmarried,30-34,2114
2024,24010,동구,M,total,30-34,3810
2024,24010,동구,M,unmarried,30-34,2810
2024,24010,동구,F,total,30-34,3628
2024,24010,동구,F,unmarried,35-39,1004
2024,24010,동구,M,total,35-39,3457
2024,24010,동구,M,unmarried,35-39,1607
2024,24010,동구,F,total,35-39,3206
2024,24010,동구,F,unmarried,40-44,767
2024,24010,동구,M,total,40-44,3817
2024,24010,동구,M,unmarried,40-44,1291
2024,24010,동구,F,total,40-44,3430
2024,24020,서구,F,unmarried,20-24,7489
2024,24020,서구,M,total,20-24,7982
2024,24020,서구,M,unmarried,20-24,7938
2024,24020,서구,F,total,20-24,7571
2024,24020,서구,F,unmarried,25-29,9236
2024,24020,서구,M,total,25-29,10421
2024,24020,서구,M,unmarried,25-29,9997
2024,24020,서구,F,total,25-29,10153
2024,24020,서구,F,unmarried,30-34,5432
2024,24020,서구,M,total,30-34,9590
2024,24020,서구,M,unmarried,30-34,7543
2024,24020,서구,F,total,30-34,8443
2024,24020,서구,F,unmarried,35-39,2542
2024,24020,서구,M,total,35-39,7445
2024,24020,서구,M,unmarried,35-39,3957
2024,24020,서구,F,total,35-39,7269
2024,24020,서구,F,unmarried,40-44,1993
2024,24020,서구,M,total,40-44,10155
2024,24020,서구,M,unmarried,40-44,3535
2024,24020,서구,F,total,40-44,10253
2024,24030,남구,F,unmarried,20-24,5411
2024,24030,남구,M,total,20-24,5597
2024,24030,남구,M,unmarried,20-24,5579
2024,24030,남구,F,total,20-24,5453
2024,24030,남구,F,unmarried,25-29,5294
2024,24030,남구,M,total,25-29,6019
2024,24030,남구,M,unmarried,25-29,5756
2024,24030,남구,F,total,25-29,5840
2024,24030,남구,F,unmarried,30-34,3445
2024,24030,남구,M,total,30-34,5918
2024,24030,남구,M,unmarried,30-34,4535
2024,24030,남구,F,total,30-34,5661
2024,24030,남구,F,unmarried,35-39,1594
2024,24030,남구,M,total,35-39,5294
2024,24030,남구,M,unmarried,35-39,2492
2024,24030,남구,F,total,35-39,5520
2024,24030,남구,F,unmarried,40-44,1334
2024,24030,남구,M,total,40-44,7884
2024,24030,남구,M,unmarried,40-44,2316
2024,24030,남구,F,total,40-44,8297
2024,24040,북구,F,unmarried,20-24,12649
2024,24040,북구,M,total,20-24,14137
2024,24040,북구,M,unmarried,20-24,14087
2024,24040,북구,F,total,20-24,12792
2024,24040,북구,F,unmarried,25-29,12185
2024,24040,북구,M,total,25-29,15513
2024,24040,북구,M,unmarried,25-29,14730
2024,24040,북구,F,total,25-29,13672
2024,24040,북구,F,unmarried,30-34,7614
2024,24040,북구,M,total,30-34,14942
2024,24040,북구,M,unmarried,30-34,11121
2024,24040,북구,F,total,30-34,13471
2024,24040,북구,F,unmarried,35-39,3529
2024,24040,북구,M,total,35-39,12767
2024,24040,북구,M,unmarried,35-39,6029
2024,24040,북구,F,total,35-39,12020
2024,24040,북구,F,unmarried,40-44,2734
2024,24040,북구,M,total,40-44,16191
2024,24040,북구,M,unmarried,40-44,5295
2024,24040,북구,F,total,40-44,15389
2024,24050,광산구,F,unmarried,20-24,12314
2024,24050,광산구,M,total,20-24,13074
2024,24050,광산구,M,unmarried,20-24,13024
2024,24050,광산구,F,total,20-24,12470
2024,24050,광산구,F,unmarried,25-29,10966
2024,24050,광산구,M,total,25-29,14477
2024,24050,광산구,M,unmarried,25-29,13653
2024,24050,광산구,F,total,25-29,12579
2024,24050,광산구,F,unmarried,30-34,6025
2024,24050,광산구,M,total,30-34,13641
2024,24050,광산구,M,unmarried,30-34,9807
2024,24050,광산구,F,total,30-34,11928
2024,24050,광산구,F,unmarried,35-39,2483
2024,24050,광산구,M,total,35-39,11692
2024,24050,광산구,M,unmarried,35-39,5067
2024,24050,광산구,F,total,35-39,11073
2024,24050,광산구,F,unmarried,40-44,1869
2024,24050,광산구,M,total,40-44,16356
2024,24050,광산구,M,unmarried,40-44,4413
2024,24050,광산구,F,total,40-44,16403
2024,25,대전광역시,F,unmarried,20-24,46428
2024,25,대전광역시,M,total,20-24,51608
2024,25,대전광역시,M,unmarried,20-24,51415
2024,25,대전광역시,F,total,20-24,46961
2024,25,대전광역시,F,unmarried,25-29,43277
2024,25,대전광역시,M,total,25-29,57278
2024,25,대전광역시,M,unmarried,25-29,54279
2024,25,대전광역시,F,total,25-29,49210
2024,25,대전광역시,F,unmarried,30-34,25350
2024,25,대전광역시,M,total,30-34,53640
2024,25,대전광역시,M,unmarried,30-34,39084
2024,25,대전광역시,F,total,30-34,46361
2024,25,대전광역시,F,unmarried,35-39,11394
2024,25,대전광역시,M,total,35-39,45329
2024,25,대전광역시,M,unmarried,35-39,20570
2024,25,대전광역시,F,total,35-39,40278
2024,25,대전광역시,F,unmarried,40-44,8893
2024,25,대전광역시,M,total,40-44,52277
2024,25,대전광역시,M,unmarried,40-44,15627
2024,25,대전광역시,F,total,40-44,51259
2024,25010,동구,F,unmarried,20-24,8814
2024,25010,동구,M,total,20-24,9893
2024,25010,동구,M,unmarried,20-24,9861
2024,25010,동구,F,total,20-24,8898
2024,25010,동구,F,unmarried,25-29,5316
2024,25010,동구,M,total,25-29,7779
2024,25010,동구,M,unmarried,25-29,7383
2024,25010,동구,F,total,25-29,6169
2024,25010,동구,F,unmarried,30-34,3170
2024,25010,동구,M,total,30-34,7029
2024,25010,동구,M,unmarried,30-34,5091
2024,25010,동구,F,total,30-34,6022
2024,25010,동구,F,unmarried,35-39,1483
2024,25010,동구,M,total,35-39,6141
2024,25010,동구,M,unmarried,35-39,2968
2024,25010,동구,F,total,35-39,5099
2024,25010,동구,F,unmarried,40-44,1339
2024,25010,동구,M,total,40-44,7642
2024,25010,동구,M,unmarried,40-44,2772
2024,25010,동구,F,total,40-44,6861
2024,25020,중구,F,unmarried,20-24,5106
2024,25020,중구,M,total,20-24,5669
2024,25020,중구,M,unmarried,20-24,5646
2024,25020,중구,F,total,20-24,5177
2024,25020,중구,F,unmarried,25-29,6258
2024,25020,중구,M,total,25-29,6811
2024,25020,중구,M,unmarried,25-29,6450
2024,25020,중구,F,total,25-29,7026
2024,25020,중구,F,unmarried,30-34,3639
2024,25020,중구,M,total,30-34,6762
2024,25020,중구,M,unmarried,30-34,5030
2024,25020,중구,F,total,30-34,6221
2024,25020,중구,F,unmarried,35-39,1708
2024,25020,중구,M,total,35-39,5783
2024,25020,중구,M,unmarried,35-39,2830
2024,25020,중구,F,total,35-39,5309
2024,25020,중구,F,unmarried,40-44,1468
2024,25020,중구,M,total,40-44,7375
2024,25020,중구,M,unmarried,40-44,2607
2024,25020,중구,F,total,40-44,7247
2024,25030,서구,F,unmarried,20-24,15218
2024,25030,서구,M,total,20-24,15297
2024,25030,서구,M,unmarried,20-24,15220
2024,25030,서구,F,total,20-24,15416
2024,25030,서구,F,unmarried,25-29,15789
2024,25030,서구,M,total,25-29,18619
2024,25030,서구,M,unmarried,25-29,17581
2024,25030,서구,F,total,25-29,17782
2024,25030,서구,F,unmarried,30-34,9498
2024,25030,서구,M,total,30-34,17656
2024,25030,서구,M,unmarried,30-34,13116
2024,25030,서구,F,total,30-34,15955
2024,25030,서구,F,unmarried,35-39,4255
2024,25030,서구,M,total,35-39,14186
2024,25030,서구,M,unmarried,35-39,6772
2024,25030,서구,F,total,35-39,13292
2024,25030,서구,F,unmarried,40-44,3127
2024,25030,서구,M,total,40-44,16654
2024,25030,서구,M,unmarried,40-44,4854
2024,25030,서구,F,total,40-44,17232
2024,25040,유성구,F,unmarried,20-24,12733
2024,25040,유성구,M,total,20-24,15343
2024,25040,유성구,M,unmarried,20-24,15312
2024,25040,유성구,F,total,20-24,12842
2024,25040,유성구,F,unmarried,25-29,11733
2024,25040,유성구,M,total,25-29,18019
2024,25040,유성구,M,unmarried,25-29,17156
2024,25040,유성구,F,total,25-29,13434
2024,25040,유성구,F,unmarried,30-34,6616
2024,25040,유성구,M,total,30-34,16315
2024,25040,유성구,M,unmarried,30-34,11420
2024,25040,유성구,F,total,30-34,13692
2024,25040,유성구,F,unmarried,35-39,2838
2024,25040,유성구,M,total,35-39,14398
2024,25040,유성구,M,unmarried,35-39,5417
2024,25040,유성구,F,total,35-39,12786
2024,25040,유성구,F,unmarried,40-44,2008
2024,25040,유성구,M,total,40-44,15154
2024,25040,유성구,M,unmarried,40-44,3333
2024,25040,유성구,F,total,40-44,15029
2024,25050,대덕구,F,unmarried,20-24,4557
2024,25050,대덕구,M,total,20-24,5406
2024,25050,대덕구,M,unmarried,20-24,5376
2024,25050,대덕구,F,total,20-24,4628
2024,25050,대덕구,F,unmarried,25-29,4181
2024,25050,대덕구,M,total,25-29,6050
2024,25050,대덕구,M,unmarried,25-29,5709
2024,25050,대덕구,F,total,25-29,4799
2024,25050,대덕구,F,unmarried,30-34,2427
2024,25050,대덕구,M,total,30-34,5878
2024,25050,대덕구,M,unmarried,30-34,4427
2024,25050,대덕구,F,total,30-34,4471
2024,25050,대덕구,F,unmarried,35-39,1110
2024,25050,대덕구,M,total,35-39,4821
2024,25050,대덕구,M,unmarried,35-39,2583
2024,25050,대덕구,F,total,35-39,3792
2024,25050,대덕구,F,unmarried,40-44,951
2024,25050,대덕구,M,total,40-44,5452
2024,25050,대덕구,M,unmarried,40-44,2061
2024,25050,대덕구,F,total,40-44,4890
2024,26,울산광역시,F,unmarried,20-24,19002
2024,26,울산광역시,M,total,20-24,27849
2024,26,울산광역시,M,unmarried,20-24,27739
2024,26,울산광역시,F,total,20-24,19246
2024,26,울산광역시,F,unmarried,25-29,23158
2024,26,울산광역시,M,total,25-29,37454
2024,26,울산광역시,M,unmarried,25-29,35488
2024,26,울산광역시,F,total,25-29,27005
2024,26,울산광역시,F,unmarried,30-34,14535
2024,26,울산광역시,M,total,30-34,38111
2024,26,울산광역시,M,unmarried,30-34,27048
2024,26,울산광역시,F,total,30-34,30201
2024,26,울산광역시,F,unmarried,35-39,6367
2024,26,울산광역시,M,total,35-39,34813
2024,26,울산광역시,M,unmarried,35-39,14902
2024,26,울산광역시,F,total,35-39,29806
2024,26,울산광역시,F,unmarried,40-44,5061
2024,26,울산광역시,M,total,40-44,44519
2024,26,울산광역시,M,unmarried,40-44,12118
2024,26,울산광역시,F,total,40-44,41610
2024,26003,동부,F,unmarried,20-24,14868
2024,26003,동부,M,total,20-24,21739
2024,26003,동부,M,unmarried,20-24,21658
2024,26003,동부,F,total,20-24,15052
2024,26003,동부,F,unmarried,25-29,19056
2024,26003,동부,M,total,25-29,30423
2024,26003,동부,M,unmarried,25-29,28817
2024,26003,동부,F,total,25-29,22164
2024,26003,동부,F,unmarried,30-34,12307
2024,26003,동부,M,total,30-34,31518
2024,26003,동부,M,unmarried,30-34,22382
2024,26003,동부,F,total,30-34,25173
2024,26003,동부,F,unmarried,35-39,5340
2024,26003,동부,M,total,35-39,28920
2024,26003,동부,M,unmarried,35-39,12255
2024,26003,동부,F,total,35-39,24826
2024,26003,동부,F,unmarried,40-44,4232
2024,26003,동부,M,total,40-44,36727
2024,26003,동부,M,unmarried,40-44,9786
2024,26003,동부,F,total,40-44,34578
2024,26004,읍부,F,unmarried,20-24,3581
2024,26004,읍부,M,total,20-24,5555
2024,26004,읍부,M,unmarried,20-24,5529
2024,26004,읍부,F,total,20-24,3634
2024,26004,읍부,F,unmarried,25-29,3690
2024,26004,읍부,M,total,25-29,6338
2024,26004,읍부,M,unmarried,25-29,5995
2024,26004,읍부,F,total,25-29,4393
2024,26004,읍부,F,unmarried,30-34,1967
2024,26004,읍부,M,total,30-34,5944
2024,26004,읍부,M,unmarried,30-34,4116
2024,26004,읍부,F,total,30-34,4606
2024,26004,읍부,F,unmarried,35-39,876
2024,26004,읍부,M,total,35-39,5259
2024,26004,읍부,M,unmarried,35-39,2259
2024,26004,읍부,F,total,35-39,4525
2024,26004,읍부,F,unmarried,40-44,677
2024,26004,읍부,M,total,40-44,7029
2024,26004,읍부,M,unmarried,40-44,1999
2024,26004,읍부,F,total,40-44,6459
2024,26005,면부,F,unmarried,20-24,553
2024,26005,면부,M,total,20-24,555
2024,26005,면부,M,unmarried,20-24,552
2024,26005,면부,F,total,20-24,560
2024,26005,면부,F,unmarried,25-29,412
2024,26005,면부,M,total,25-29,693
2024,26005,면부,M,unmarried,25-29,676
2024,26005,면부,F,total,25-29,448
2024,26005,면부,F,unmarried,30-34,261
2024,26005,면부,M,total,30-34,649
2024,26005,면부,M,unmarried,30-34,550
2024,26005,면부,F,total,30-34,422
2024,26005,면부,F,unmarried,35-39,151
2024,26005,면부,M,total,35-39,634
2024,26005,면부,M,unmarried,35-39,388
2024,26005,면부,F,total,35-39,455
2024,26005,면부,F,unmarried,40-44,152
2024,26005,면부,M,total,40-44,763
2024,26005,면부,M,unmarried,40-44,333
2024,26005,면부,F,total,40-44,573
2024,26010,중구,F,unmarried,20-24,2997
2024,26010,중구,M,total,20-24,4642
2024,26010,중구,M,unmarried,20-24,4618
2024,26010,중구,F,total,20-24,3030
2024,26010,중구,F,unmarried,25-29,4344
2024,26010,중구,M,total,25-29,6363
2024,26010,중구,M,unmarried,25-29,6095
2024,26010,중구,F,total,25-29,4943
2024,26010,중구,F,unmarried,30-34,3008
2024,26010,중구,M,total,30-34,6873
2024,26010,중구,M,unmarried,30-34,5012
2024,26010,중구,F,total,30-34,5623
2024,26010,중구,F,unmarried,35-39,1390
2024,26010,중구,M,total,35-39,6099
2024,26010,중구,M,unmarried,35-39,2777
2024,26010,중구,F,total,35-39,5402
2024,26010,중구,F,unmarried,40-44,1083
2024,26010,중구,M,total,40-44,7723
2024,26010,중구,M,unmarried,40-44,2274
2024,26010,중구,F,total,40-44,7323
2024,26020,남구,F,unmarried,20-24,6312
2024,26020,남구,M,total,20-24,8884
2024,26020,남구,M,unmarried,20-24,8864
2024,26020,남구,F,total,20-24,6357
2024,26020,남구,F,unmarried,25-29,7650
2024,26020,남구,M,total,25-29,11494
2024,26020,남구,M,unmarried,25-29,10960
2024,26020,남구,F,total,25-29,8674
2024,26020,남구,F,unmarried,30-34,5102
2024,26020,남구,M,total,30-34,11855
2024,26020,남구,M,unmarried,30-34,8761
2024,26020,남구,F,total,30-34,9324
2024,26020,남구,F,unmarried,35-39,2137
2024,26020,남구,M,total,35-39,9900
2024,26020,남구,M,unmarried,35-39,4526
2024,26020,남구,F,total,35-39,8414
2024,26020,남구,F,unmarried,40-44,1713
2024,26020,남구,M,total,40-44,11460
2024,26020,남구,M,unmarried,40-44,3354
2024,26020,남구,F,total,40-44,10941
2024,26030,동구,F,unmarried,20-24,2530
2024,26030,동구,M,total,20-24,3290
2024,26030,동구,M,unmarried,20-24,3269
2024,26030,동구,F,total,20-24,2584
2024,26030,동구,F,unmarried,25-29,2974
2024,26030,동구,M,total,25-29,4891
2024,26030,동구,M,unmarried,25-29,4596
2024,26030,동구,F,total,25-29,3504
2024,26030,동구,F,unmarried,30-34,1684
2024,26030,동구,M,total,30-34,4725
2024,26030,동구,M,unmarried,30-34,3415
2024,26030,동구,F,total,30-34,3583
2024,26030,동구,F,unmarried,35-39,850
2024,26030,동구,M,total,35-39,5220
2024,26030,동구,M,unmarried,35-39,2350
2024,26030,동구,F,total,35-39,4177
2024,26030,동구,F,unmarried,40-44,678
2024,26030,동구,M,total,40-44,7452
2024,26030,동구,M,unmarried,40-44,2176
2024,26030,동구,F,total,40-44,6363
2024,26040,북구,F,unmarried,20-24,3029
2024,26040,북구,M,total,20-24,4923
2024,26040,북구,M,unmarried,20-24,4907
2024,26040,북구,F,total,20-24,3081
2024,26040,북구,F,unmarried,25-29,4088
2024,26040,북구,M,total,25-29,7675
2024,26040,북구,M,unmarried,25-29,7166
2024,26040,북구,F,total,25-29,5043
2024,26040,북구,F,unmarried,30-34,2513
2024,26040,북구,M,total,30-34,8065
2024,26040,북구,M,unmarried,30-34,5194
2024,26040,북구,F,total,30-34,6643
2024,26040,북구,F,unmarried,35-39,963
2024,26040,북구,M,total,35-39,7701
2024,26040,북구,M,unmarried,35-39,2602
2024,26040,북구,F,total,35-39,6833
2024,26040,북구,F,unmarried,40-44,758
2024,26040,북구,M,total,40-44,10092
2024,26040,북구,M,unmarried,40-44,1982
2024,26040,북구,F,total,40-44,9951
2024,26510,울주군,F,unmarried,20-24,4134
2024,26510,울주군,M,total,20-24,6110
2024,26510,울주군,M,unmarried,20-24,6081
2024,26510,울주군,F,total,20-24,4194
2024,26510,울주군,F,unmarried,25-29,4102
2024,26510,울주군,M,total,25-29,7031
2024,26510,울주군,M,unmarried,25-29,6671
2024,26510,울주군,F,total,25-29,4841
2024,26510,울주군,F,unmarried,30-34,2228
2024,26510,울주군,M,total,30-34,6593
2024,26510,울주군,M,unmarried,30-34,4666
2024,26510,울주군,F,total,30-34,5028
2024,26510,울주군,F,unmarried,35-39,1027
2024,26510,울주군,M,total,35-39,5893
2024,26510,울주군,M,unmarried,35-39,2647
2024,26510,울주군,F,total,35-39,4980
2024,26510,울주군,F,unmarried,40-44,829
2024,26510,울주군,M,total,40-44,7792
2024,26510,울주군,M,unmarried,40-44,2332
2024,26510,울주군,F,total,40-44,7032
2024,29,세종특별자치시,F,unmarried,20-24,9320
2024,29,세종특별자치시,M,total,20-24,10647
2024,29,세종특별자치시,M,unmarried,20-24,10618
2024,29,세종특별자치시,F,total,20-24,9386
2024,29,세종특별자치시,F,unmarried,25-29,8042
2024,29,세종특별자치시,M,total,25-29,9921
2024,29,세종특별자치시,M,unmarried,25-29,9291
2024,29,세종특별자치시,F,total,25-29,9521
2024,29,세종특별자치시,F,unmarried,30-34,5841
2024,29,세종특별자치시,M,total,30-34,13174
2024,29,세종특별자치시,M,unmarried,30-34,8210
2024,29,세종특별자치시,F,total,30-34,13496
2024,29,세종특별자치시,F,unmarried,35-39,2572
2024,29,세종특별자치시,M,total,35-39,15000
2024,29,세종특별자치시,M,unmarried,35-39,4340
2024,29,세종특별자치시,F,total,35-39,15234
2024,29,세종특별자치시,F,unmarried,40-44,1944
2024,29,세종특별자치시,M,total,40-44,18993
2024,29,세종특별자치시,M,unmarried,40-44,2870
2024,29,세종특별자치시,F,total,40-44,20163
2024,29003,동부,F,unmarried,20-24,4457
2024,29003,동부,M,total,20-24,5509
2024,29003,동부,M,unmarried,20-24,5497
2024,29003,동부,F,total,20-24,4496
2024,29003,동부,F,unmarried,25-29,6184
2024,29003,동부,M,total,25-29,5857
2024,29003,동부,M,unmarried,25-29,5379
2024,29003,동부,F,total,25-29,7427
2024,29003,동부,F,unmarried,30-34,4855
2024,29003,동부,M,total,30-34,10246
2024,29003,동부,M,unmarried,30-34,5754
2024,29003,동부,F,total,30-34,11890
2024,29003,동부,F,unmarried,35-39,2082
2024,29003,동부,M,total,35-39,12784
2024,29003,동부,M,unmarried,35-39,2979
2024,29003,동부,F,total,35-39,13744
2024,29003,동부,F,unmarried,40-44,1542
2024,29003,동부,M,total,40-44,16233
2024,29003,동부,M,unmarried,40-44,1678
2024,29003,동부,F,total,40-44,18076
2024,29004,읍부,F,unmarried,20-24,3117
2024,29004,읍부,M,total,20-24,3163
2024,29004,읍부,M,unmarried,20-24,3152
2024,29004,읍부,F,total,20-24,3136
2024,29004,읍부,F,unmarried,25-29,1079
2024,29004,읍부,M,total,25-29,2246
2024,29004,읍부,M,unmarried,25-29,2159
2024,29004,읍부,F,total,25-29,1224
2024,29004,읍부,F,unmarried,30-34,521
2024,29004,읍부,M,total,30-34,1404
2024,29004,읍부,M,unmarried,30-34,1127
2024,29004,읍부,F,total,30-34,896
2024,29004,읍부,F,unmarried,35-39,237
2024,29004,읍부,M,total,35-39,1095
2024,29004,읍부,M,unmarried,35-39,571
2024,29004,읍부,F,total,35-39,900
2024,29004,읍부,F,unmarried,40-44,191
2024,29004,읍부,M,total,40-44,1463
2024,29004,읍부,M,unmarried,40-44,518
2024,29004,읍부,F,total,40-44,1351
2024,29005,면부,F,unmarried,20-24,1746
2024,29005,면부,M,total,20-24,1975
2024,29005,면부,M,unmarried,20-24,1969
2024,29005,면부,F,total,20-24,1754
2024,29005,면부,F,unmarried,25-29,779
2024,29005,면부,M,total,25-29,1818
2024,29005,면부,M,unmarried,25-29,1753
2024,29005,면부,F,total,25-29,870
2024,29005,면부,F,unmarried,30-34,465
2024,29005,면부,M,total,30-34,1524
2024,29005,면부,M,unmarried,30-34,1329
2024,29005,면부,F,total,30-34,710
2024,29005,면부,F,unmarried,35-39,253
2024,29005,면부,M,total,35-39,1121
2024,29005,면부,M,unmarried,35-39,790
2024,29005,면부,F,total,35-39,590
2024,29005,면부,F,unmarried,40-44,211
2024,29005,면부,M,total,40-44,1297
2024,29005,면부,M,unmarried,40-44,674
2024,29005,면부,F,total,40-44,736
2024,29010,세종시,F,unmarried,20-24,9320
2024,29010,세종시,M,total,20-24,10647
2024,29010,세종시,M,unmarried,20-24,10618
2024,29010,세종시,F,total,20-24,9386
2024,29010,세종시,F,unmarried,25-29,8042
2024,29010,세종시,M,total,25-29,9921
2024,29010,세종시,M,unmarried,25-29,9291
2024,29010,세종시,F,total,25-29,9521
2024,29010,세종시,F,unmarried,30-34,5841
2024,29010,세종시,M,total,30-34,13174
2024,29010,세종시,M,unmarried,30-34,8210
2024,29010,세종시,F,total,30-34,13496
2024,29010,세종시,F,unmarried,35-39,2572
2024,29010,세종시,M,total,35-39,15000
2024,29010,세종시,M,unmarried,35-39,4340
2024,29010,세종시,F,total,35-39,15234
2024,29010,세종시,F,unmarried,40-44,1944
2024,29010,세종시,M,total,40-44,18993
2024,29010,세종시,M,unmarried,40-44,2870
2024,29010,세종시,F,total,40-44,20163
2024,31,경기도,F,unmarried,20-24,312288
2024,31,경기도,M,total,20-24,347888
2024,31,경기도,M,unmarried,20-24,346387
2024,31,경기도,F,total,20-24,315947
2024,31,경기도,F,unmarried,25-29,362130
2024,31,경기도,M,total,25-29,461056
2024,31,경기도,M,unmarried,25-29,435966
2024,31,경기도,F,total,25-29,409955
2024,31,경기도,F,unmarried,30-34,243080
2024,31,경기도,M,total,30-34,503602
2024,31,경기도,M,unmarried,30-34,365864
2024,31,경기도,F,total,30-34,444948
2024,31,경기도,F,unmarried,35-39,112698
2024,31,경기도,M,total,35-39,457813
2024,31,경기도,M,unmarried,35-39,199717
2024,31,경기도,F,total,35-39,424698
2024,31,경기도,F,unmarried,40-44,83334
2024,31,경기도,M,total,40-44,560822
2024,31,경기도,M,unmarried,40-44,152171
2024,31,경기도,F,total,40-44,531037
2024,31003,동부,F,unmarried,20-24,270851
2024,31003,동부,M,total,20-24,297273
2024,31003,동부,M,unmarried,20-24,296138
2024,31003,동부,F,total,20-24,273679
2024,31003,동부,F,unmarried,25-29,320853
2024,31003,동부,M,total,25-29,393493
2024,31003,동부,M,unmarried,25-29,373258
2024,31003,동부,F,total,25-29,360692
2024,31003,동부,F,unmarried,30-34,217001
2024,31003,동부,M,total,30-34,434897
2024,31003,동부,M,unmarried,30-34,315513
2024,31003,동부,F,total,30-34,394150
2024,31003,동부,F,unmarried,35-39,99577
2024,31003,동부,M,total,35-39,397691
2024,31003,동부,M,unmarried,35-39,169633
2024,31003,동부,F,total,35-39,375177
2024,31003,동부,F,unmarried,40-44,72882
2024,31003,동부,M,total,40-44,481942
2024,31003,동부,M,unmarried,40-44,125951
2024,31003,동부,F,total,40-44,463589
2024,31004,읍부,F,unmarried,20-24,29987
2024,31004,읍부,M,total,20-24,35836
2024,31004,읍부,M,unmarried,20-24,35576
2024,31004,읍부,F,total,20-24,30602
2024,31004,읍부,F,unmarried,25-29,30004
2024,31004,읍부,M,total,25-29,46084
2024,31004,읍부,M,unmarried,25-29,42623
2024,31004,읍부,F,total,25-29,35987
2024,31004,읍부,F,unmarried,30-34,18362
2024,31004,읍부,M,total,30-34,47937
2024,31004,읍부,M,unmarried,30-34,33850
2024,31004,읍부,F,total,30-34,37887
2024,31004,읍부,F,unmarried,35-39,8964
2024,31004,읍부,M,total,35-39,43667
2024,31004,읍부,M,unmarried,35-39,19980
2024,31004,읍부,F,total,35-39,38019
2024,31004,읍부,F,unmarried,40-44,7016
2024,31004,읍부,M,total,40-44,58214
2024,31004,읍부,M,unmarried,40-44,17120
2024,31004,읍부,F,total,40-44,52438
2024,31005,면부,F,unmarried,20-24,11450
2024,31005,면부,M,total,20-24,14779
2024,31005,면부,M,unmarried,20-24,14673
2024,31005,면부,F,total,20-24,11666
2024,31005,면부,F,unmarried,25-29,11273
2024,31005,면부,M,total,25-29,21479
2024,31005,면부,M,unmarried,25-29,20085
2024,31005,면부,F,total,25-29,13276
2024,31005,면부,F,unmarried,30-34,7717
2024,31005,면부,M,total,30-34,20768
2024,31005,면부,M,unmarried,30-34,16501
2024,31005,면부,F,total,30-34,12911
2024,31005,면부,F,unmarried,35-39,4157
2024,31005,면부,M,total,35-39,16455
2024,31005,면부,M,unmarried,35-39,10104
2024,31005,면부,F,total,35-39,11502
2024,31005,면부,F,unmarried,40-44,3436
2024,31005,면부,M,total,40-44,20666
2024,31005,면부,M,unmarried,40-44,9100
2024,31005,면부,F,total,40-44,15010
2024,31010,수원시,F,unmarried,20-24,33543
2024,31010,수원시,M,total,20-24,36919
2024,31010,수원시,M,unmarried,20-24,36800
2024,31010,수원시,F,total,20-24,33829
2024,31010,수원시,F,unmarried,25-29,41021
2024,31010,수원시,M,total,25-29,50394
2024,31010,수원시,M,unmarried,25-29,48355
2024,31010,수원시,F,total,25-29,45237
2024,31010,수원시,F,unmarried,30-34,27080
2024,31010,수원시,M,total,30-34,53224
2024,31010,수원시,M,unmarried,30-34,40125
2024,31010,수원시,F,total,30-34,45623
2024,31010,수원시,F,unmarried,35-39,11573
2024,31010,수원시,M,total,35-39,42769
2024,31010,수원시,M,unmarried,35-39,19568
2024,31010,수원시,F,total,35-39,38623
2024,31010,수원시,F,unmarried,40-44,7987
2024,31010,수원시,M,total,40-44,47498
2024,31010,수원시,M,unmarried,40-44,13678
2024,31010,수원시,F,total,40-44,45535
2024,31011,장안구,F,unmarried,20-24,8408
2024,31011,장안구,M,total,20-24,10419
2024,31011,장안구,M,unmarried,20-24,10398
2024,31011,장안구,F,total,20-24,8465
2024,31011,장안구,F,unmarried,25-29,8572
2024,31011,장안구,M,total,25-29,11727
2024,31011,장안구,M,unmarried,25-29,11329
2024,31011,장안구,F,total,25-29,9369
2024,31011,장안구,F,unmarried,30-34,5262
2024,31011,장안구,M,total,30-34,10261
2024,31011,장안구,M,unmarried,30-34,7929
2024,31011,장안구,F,total,30-34,8635
2024,31011,장안구,F,unmarried,35-39,2226
2024,31011,장안구,M,total,35-39,8121
2024,31011,장안구,M,unmarried,35-39,3876
2024,31011,장안구,F,total,35-39,7210
2024,31011,장안구,F,unmarried,40-44,1599
2024,31011,장안구,M,total,40-44,9386
2024,31011,장안구,M,unmarried,40-44,2928
2024,31011,장안구,F,total,40-44,9192
2024,31012,권선구,F,unmarried,20-24,8477
2024,31012,권선구,M,total,20-24,9264
2024,31012,권선구,M,unmarried,20-24,9212
2024,31012,권선구,F,total,20-24,8600
2024,31012,권선구,F,unmarried,25-29,11993
2024,31012,권선구,M,total,25-29,14428
2024,31012,권선구,M,unmarried,25-29,13616
2024,31012,권선구,F,total,25-29,13608
2024,31012,권선구,F,unmarried,30-34,8153
2024,31012,권선구,M,total,30-34,16594
2024,31012,권선구,M,unmarried,30-34,12409
2024,31012,권선구,F,total,30-34,13912
2024,31012,권선구,F,unmarried,35-39,3589
2024,31012,권선구,M,total,35-39,13296
2024,31012,권선구,M,unmarried,35-39,6408
2024,31012,권선구,F,total,35-39,11654
2024,31012,권선구,F,unmarried,40-44,2565
2024,31012,권선구,M,total,40-44,15285
2024,31012,권선구,M,unmarried,40-44,4820
2024,31012,권선구,F,total,40-44,13995
2024,31013,팔달구,F,unmarried,20-24,5287
2024,31013,팔달구,M,total,20-24,5406
2024,31013,팔달구,M,unmarried,20-24,5378
2024,31013,팔달구,F,total,20-24,5343
2024,31013,팔달구,F,unmarried,25-29,7722
2024,31013,팔달구,M,total,25-29,8607
2024,31013,팔달구,M,unmarried,25-29,8295
2024,31013,팔달구,F,total,25-29,8404
2024,31013,팔달구,F,unmarried,30-34,4982
2024,31013,팔달구,M,total,30-34,9561
2024,31013,팔달구,M,unmarried,30-34,7394
2024,31013,팔달구,F,total,30-34,8010
2024,31013,팔달구,F,unmarried,35-39,2236
2024,31013,팔달구,M,total,35-39,7369
2024,31013,팔달구,M,unmarried,35-39,3799
2024,31013,팔달구,F,total,35-39,6146
2024,31013,팔달구,F,unmarried,40-44,1623
2024,31013,팔달구,M,total,40-44,7208
2024,31013,팔달구,M,unmarried,40-44,2785
2024,31013,팔달구,F,total,40-44,6315
2024,31014,영통구,F,unmarried,20-24,11371
2024,31014,영통구,M,total,20-24,11830
2024,31014,영통구,M,unmarried,20-24,11812
2024,31014,영통구,F,total,20-24,11421
2024,31014,영통구,F,unmarried,25-29,12734
2024,31014,영통구,M,total,25-29,15632
2024,31014,영통구,M,unmarried,25-29,15115
2024,31014,영통구,F,total,25-29,13856
2024,31014,영통구,F,unmarried,30-34,8683
2024,31014,영통구,M,total,30-34,16808
2024,31014,영통구,M,unmarried,30-34,12393
2024,31014,영통구,F,total,30-34,15066
2024,31014,영통구,F,unmarried,35-39,3522
2024,31014,영통구,M,total,35-39,13983
2024,31014,영통구,M,unmarried,35-39,5485
2024,31014,영통구,F,total,35-39,13613
2024,31014,영통구,F,unmarried,40-44,2200
2024,31014,영통구,M,total,40-44,15619
2024,31014,영통구,M,unmarried,40-44,3145
2024,31014,영통구,F,total,40-44,16033
2024,31020,성남시,F,unmarried,20-24,21070
2024,31020,성남시,M,total,20-24,21966
2024,31020,성남시,M,unmarried,20-24,21914
2024,31020,성남시,F,total,20-24,21219
2024,31020,성남시,F,unmarried,25-29,27224
2024,31020,성남시,M,total,25-29,31345
2024,31020,성남시,M,unmarried,25-29,30172
2024,31020,성남시,F,total,25-29,29542
2024,31020,성남시,F,unmarried,30-34,20092
2024,31020,성남시,M,total,30-34,35403
2024,31020,성남시,M,unmarried,30-34,27667
2024,31020,성남시,F,total,30-34,31850
2024,31020,성남시,F,unmarried,35-39,9745
2024,31020,성남시,M,total,35-39,30982
2024,31020,성남시,M,unmarried,35-39,14722
2024,31020,성남시,F,total,35-39,29743
2024,31020,성남시,F,unmarried,40-44,7373
2024,31020,성남시,M,total,40-44,35028
2024,31020,성남시,M,unmarried,40-44,10520
2024,31020,성남시,F,total,40-44,34744
2024,31021,수정구,F,unmarried,20-24,6569
2024,31021,수정구,M,total,20-24,6664
2024,31021,수정구,M,unmarried,20-24,6641
2024,31021,수정구,F,total,20-24,6627
2024,31021,수정구,F,unmarried,25-29,7135
2024,31021,수정구,M,total,25-29,9070
2024,31021,수정구,M,unmarried,25-29,8684
2024,31021,수정구,F,total,25-29,7854
2024,31021,수정구,F,unmarried,30-34,5313
2024,31021,수정구,M,total,30-34,10118
2024,31021,수정구,M,unmarried,30-34,7828
2024,31021,수정구,F,total,30-34,8617
2024,31021,수정구,F,unmarried,35-39,2691
2024,31021,수정구,M,total,35-39,8682
2024,31021,수정구,M,unmarried,35-39,4458
2024,31021,수정구,F,total,35-39,7582
2024,31021,수정구,F,unmarried,40-44,2097
2024,31021,수정구,M,total,40-44,9311
2024,31021,수정구,M,unmarried,40-44,3577
2024,31021,수정구,F,total,40-44,8076
2024,31022,중원구,F,unmarried,20-24,4745
2024,31022,중원구,M,total,20-24,4949
2024,31022,중원구,M,unmarried,20-24,4928
2024,31022,중원구,F,total,20-24,4801
2024,31022,중원구,F,unmarried,25-29,6560
2024,31022,중원구,M,total,25-29,7869
2024,31022,중원구,M,unmarried,25-29,7502
2024,31022,중원구,F,total,25-29,7222
2024,31022,중원구,F,unmarried,30-34,4712
2024,31022,중원구,M,total,30-34,8992
2024,31022,중원구,M,unmarried,30-34,7105
2024,31022,중원구,F,total,30-34,7532
2024,31022,중원구,F,unmarried,35-39,2364
2024,31022,중원구,M,total,35-39,7764
2024,31022,중원구,M,unmarried,35-39,4157
2024,31022,중원구,F,total,35-39,6525
2024,31022,중원구,F,unmarried,40-44,1834
2024,31022,중원구,M,total,40-44,8123
2024,31022,중원구,M,unmarried,40-44,3141
2024,31022,중원구,F,total,40-44,7121
2024,31023,분당구,F,unmarried,20-24,9756
2024,31023,분당구,M,total,20-24,10353
2024,31023,분당구,M,unmarried,20-24,10345
2024,31023,분당구,F,total,20-24,9791
2024,31023,분당구,F,unmarried,25-29,13529
2024,31023,분당구,M,total,25-29,14406
2024,31023,분당구,M,unmarried,25-29,13986
2024,31023,분당구,F,total,25-29,14466
2024,31023,분당구,F,unmarried,30-34,10067
2024,31023,분당구,M,total,30-34,16293
2024,31023,분당구,M,unmarried,30-34,12734
2024,31023,분당구,F,total,30-34,15701
2024,31023,분당구,F,unmarried,35-39,4690
2024,31023,분당구,M,total,35-39,14536
2024,31023,분당구,M,unmarried,35-39,6107
2024,31023,분당구,F,total,35-39,15636
2024,31023,분당구,F,unmarried,40-44,3442
2024,31023,분당구,M,total,40-44,17594
2024,31023,분당구,M,unmarried,40-44,3802
2024,31023,분당구,F,total,40-44,19547
2024,31030,의정부시,F,unmarried,20-24,11496
2024,31030,의정부시,M,total,20-24,11573
2024,31030,의정부시,M,unmarried,20-24,11515
2024,31030,의정부시,F,total,20-24,11648
2024,31030,의정부시,F,unmarried,25-29,13406
2024,31030,의정부시,M,total,25-29,14995
2024,31030,의정부시,M,unmarried,25-29,14103
2024,31030,의정부시,F,total,25-29,15013
2024,31030,의정부시,F,unmarried,30-34,8340
2024,31030,의정부시,M,total,30-34,15839
2024,31030,의정부시,M,unmarried,30-34,11424
2024,31030,의정부시,F,total,30-34,14756
2024,31030,의정부시,F,unmarried,35-39,3810
2024,31030,의정부시,M,total,35-39,14073
2024,31030,의정부시,M,unmarried,35-39,6324
2024,31030,의정부시,F,total,35-39,13326
2024,31030,의정부시,F,unmarried,40-44,3059
2024,31030,의정부시,M,total,40-44,17608
2024,31030,의정부시,M,unmarried,40-44,5141
2024,31030,의정부시,F,total,40-44,16592
2024,31040,안양시,F,unmarried,20-24,13341
2024,31040,안양시,M,total,20-24,13790
2024,31040,안양시,M,unmarried,20-24,13759
2024,31040,안양시,F,total,20-24,13423
2024,31040,안양시,F,unmarried,25-29,15661
2024,31040,안양시,M,total,25-29,18548
2024,31040,안양시,M,unmarried,25-29,17827
2024,31040,안양시,F,total,25-29,17143
2024,31040,안양시,F,unmarried,30-34,11669
2024,31040,안양시,M,total,30-34,21312
2024,31040,안양시,M,unmarried,30-34,15886
2024,31040,안양시,F,total,30-34,19837
2024,31040,안양시,F,unmarried,35-39,5567
2024,31040,안양시,M,total,35-39,19495
2024,31040,안양시,M,unmarried,35-39,8736
2024,31040,안양시,F,total,35-39,18114
2024,31040,안양시,F,unmarried,40-44,3865
2024,31040,안양시,M,total,40-44,20770
2024,31040,안양시,M,unmarried,40-44,6116
2024,31040,안양시,F,total,40-44,19878
2024,31041,만안구,F,unmarried,20-24,6140
2024,31041,만안구,M,total,20-24,5896
2024,31041,만안구,M,unmarried,20-24,5880
2024,31041,만안구,F,total,20-24,6190
2024,31041,만안구,F,unmarried,25-29,6502
2024,31041,만안구,M,total,25-29,8112
2024,31041,만안구,M,unmarried,25-29,7776
2024,31041,만안구,F,total,25-29,7155
2024,31041,만안구,F,unmarried,30-34,4877
2024,31041,만안구,M,total,30-34,8974
2024,31041,만안구,M,unmarried,30-34,6892
2024,31041,만안구,F,total,30-34,7906
2024,31041,만안구,F,unmarried,35-39,2355
2024,31041,만안구,M,total,35-39,7679
2024,31041,만안구,M,unmarried,35-39,3863
2024,31041,만안구,F,total,35-39,6801
2024,31041,만안구,F,unmarried,40-44,1651
2024,31041,만안구,M,total,40-44,8203
2024,31041,만안구,M,unmarried,40-44,3047
2024,31041,만안구,F,total,40-44,7121
2024,31042,동안구,F,unmarried,20-24,7201
2024,31042,동안구,M,total,20-24,7894
2024,31042,동안구,M,unmarried,20-24,7879
2024,31042,동안구,F,total,20-24,7233
2024,31042,동안구,F,unmarried,25-29,9159
2024,31042,동안구,M,total,25-29,10436
2024,31042,동안구,M,unmarried,25-29,10051
2024,31042,동안구,F,total,25-29,9988
2024,31042,동안구,F,unmarried,30-34,6792
2024,31042,동안구,M,total,30-34,12338
2024,31042,동안구,M,unmarried,30-34,8994
2024,31042,동안구,F,total,30-34,11931
2024,31042,동안구,F,unmarried,35-39,3212
2024,31042,동안구,M,total,35-39,11816
2024,31042,동안구,M,unmarried,35-39,4873
2024,31042,동안구,F,total,35-39,11313
2024,31042,동안구,F,unmarried,40-44,2214
2024,31042,동안구,M,total,40-44,12567
2024,31042,동안구,M,unmarried,40-44,3069
2024,31042,동안구,F,total,40-44,12757
2024,31050,부천시,F,unmarried,20-24,17890
2024,31050,부천시,M,total,20-24,18735
2024,31050,부천시,M,unmarried,20-24,18683
2024,31050,부천시,F,total,20-24,18036
2024,31050,부천시,F,unmarried,25-29,23062
2024,31050,부천시,M,total,25-29,26068
2024,31050,부천시,M,unmarried,25-29,25007
2024,31050,부천시,F,total,25-29,25129
2024,31050,부천시,F,unmarried,30-34,16702
2024,31050,부천시,M,total,30-34,28275
2024,31050,부천시,M,unmarried,30-34,22250
2024,31050,부천시,F,total,30-34,25925
2024,31050,부천시,F,unmarried,35-39,8634
2024,31050,부천시,M,total,35-39,24965
2024,31050,부천시,M,unmarried,35-39,13099
2024,31050,부천시,F,total,35-39,23017
2024,31050,부천시,F,unmarried,40-44,6181
2024,31050,부천시,M,total,40-44,29013
2024,31050,부천시,M,unmarried,40-44,10076
2024,31050,부천시,F,total,40-44,27626
2024,31051,원미구,F,unmarried,20-24,9764
2024,31051,원미구,M,total,20-24,9816
2024,31051,원미구,M,unmarried,20-24,9792
2024,31051,원미구,F,total,20-24,9832
2024,31051,원미구,F,unmarried,25-29,12548
2024,31051,원미구,M,total,25-29,13537
2024,31051,원미구,M,unmarried,25-29,12998
2024,31051,원미구,F,total,25-29,13641
2024,31051,원미구,F,unmarried,30-34,9102
2024,31051,원미구,M,total,30-34,14817
2024,31051,원미구,M,unmarried,30-34,11549
2024,31051,원미구,F,total,30-34,13964
2024,31051,원미구,F,unmarried,35-39,4872
2024,31051,원미구,M,total,35-39,13110
2024,31051,원미구,M,unmarried,35-39,6861
2024,31051,원미구,F,total,35-39,12473
2024,31051,원미구,F,unmarried,40-44,3346
2024,31051,원미구,M,total,40-44,14678
2024,31051,원미구,M,unmarried,40-44,5031
2024,31051,원미구,F,total,40-44,14321
2024,31052,소사구,F,unmarried,20-24,4745
2024,31052,소사구,M,total,20-24,5006
2024,31052,소사구,M,unmarried,20-24,4987
2024,31052,소사구,F,total,20-24,4792
2024,31052,소사구,F,unmarried,25-29,5899
2024,31052,소사구,M,total,25-29,6912
2024,31052,소사구,M,unmarried,25-29,6605
2024,31052,소사구,F,total,25-29,6495
2024,31052,소사구,F,unmarried,30-34,4487
2024,31052,소사구,M,total,30-34,7879
2024,31052,소사구,M,unmarried,30-34,6009
2024,31052,소사구,F,total,30-34,7479
2024,31052,소사구,F,unmarried,35-39,2299
2024,31052,소사구,M,total,35-39,7588
2024,31052,소사구,M,unmarried,35-39,3609
2024,31052,소사구,F,total,35-39,7068
2024,31052,소사구,F,unmarried,40-44,1770
2024,31052,소사구,M,total,40-44,9246
2024,31052,소사구,M,unmarried,40-44,2818
2024,31052,소사구,F,total,40-44,8837
2024,31053,오정구,F,unmarried,20-24,3381
2024,31053,오정구,M,total,20-24,3913
2024,31053,오정구,M,unmarried,20-24,3904
2024,31053,오정구,F,total,20-24,3412
2024,31053,오정구,F,unmarried,25-29,4615
2024,31053,오정구,M,total,25-29,5619
2024,31053,오정구,M,unmarried,25-29,5404
2024,31053,오정구,F,total,25-29,4993
2024,31053,오정구,F,unmarried,30-34,3113
2024,31053,오정구,M,total,30-34,5579
2024,31053,오정구,M,unmarried,30-34,4692
2024,31053,오정구,F,total,30-34,4482
2024,31053,오정구,F,unmarried,35-39,1463
2024,31053,오정구,M,total,35-39,4267
2024,31053,오정구,M,unmarried,35-39,2629
2024,31053,오정구,F,total,35-39,3476
2024,31053,오정구,F,unmarried,40-44,1065
2024,31053,오정구,M,total,40-44,5089
2024,31053,오정구,M,unmarried,40-44,2227
2024,31053,오정구,F,total,40-44,4468
2024,31060,광명시,F,unmarried,20-24,6357
2024,31060,광명시,M,total,20-24,7035
2024,31060,광명시,M,unmarried,20-24,7020
2024,31060,광명시,F,total,20-24,6388
2024,31060,광명시,F,unmarried,25-29,7303
2024,31060,광명시,M,total,25-29,8178
2024,31060,광명시,M,unmarried,25-29,7882
2024,31060,광명시,F,total,25-29,7898
2024,31060,광명시,F,unmarried,30-34,5285
2024,31060,광명시,M,total,30-34,9366
2024,31060,광명시,M,unmarried,30-34,7093
2024,31060,광명시,F,total,30-34,8724
2024,31060,광명시,F,unmarried,35-39,2633
2024,31060,광명시,M,total,35-39,8677
2024,31060,광명시,M,unmarried,35-39,4054
2024,31060,광명시,F,total,35-39,8384
2024,31060,광명시,F,unmarried,40-44,2008
2024,31060,광명시,M,total,40-44,10608
2024,31060,광명시,M,unmarried,40-44,2975
2024,31060,광명시,F,total,40-44,10847
2024,31070,평택시,F,unmarried,20-24,12315
2024,31070,평택시,M,total,20-24,15311
2024,31070,평택시,M,unmarried,20-24,15174
2024,31070,평택시,F,total,20-24,12624
2024,31070,평택시,F,unmarried,25-29,14672
2024,31070,평택시,M,total,25-29,24763
2024,31070,평택시,M,unmarried,25-29,22927
2024,31070,평택시,F,total,25-29,18042
2024,31070,평택시,F,unmarried,30-34,8985
2024,31070,평택시,M,total,30-34,27925
2024,31070,평택시,M,unmarried,30-34,19438
2024,31070,평택시,F,total,30-34,20639
2024,31070,평택시,F,unmarried,35-39,4150
2024,31070,평택시,M,total,35-39,24140
2024,31070,평택시,M,unmarried,35-39,10626
2024,31070,평택시,F,total,35-39,19147
2024,31070,평택시,F,unmarried,40-44,2972
2024,31070,평택시,M,total,40-44,27583
2024,31070,평택시,M,unmarried,40-44,8175
2024,31070,평택시,F,total,40-44,22983
2024,31080,동두천시,F,unmarried,20-24,1924
2024,31080,동두천시,M,total,20-24,2123
2024,31080,동두천시,M,unmarried,20-24,2108
2024,31080,동두천시,F,total,20-24,1975
2024,31080,동두천시,F,unmarried,25-29,1768
2024,31080,동두천시,M,total,25-29,2510
2024,31080,동두천시,M,unmarried,25-29,2318
2024,31080,동두천시,F,total,25-29,2055
2024,31080,동두천시,F,unmarried,30-34,994
2024,31080,동두천시,M,total,30-34,2444
2024,31080,동두천시,M,unmarried,30-34,1790
2024,31080,동두천시,F,total,30-34,1840
2024,31080,동두천시,F,unmarried,35-39,566
2024,31080,동두천시,M,total,35-39,1947
2024,31080,동두천시,M,unmarried,35-39,1014
2024,31080,동두천시,F,total,35-39,1805
2024,31080,동두천시,F,unmarried,40-44,463
2024,31080,동두천시,M,total,40-44,2682
2024,31080,동두천시,M,unmarried,40-44,971
2024,31080,동두천시,F,total,40-44,2602
2024,31090,안산시,F,unmarried,20-24,17871
2024,31090,안산시,M,total,20-24,19961
2024,31090,안산시,M,unmarried,20-24,19859
2024,31090,안산시,F,total,20-24,18110
2024,31090,안산시,F,unmarried,25-29,19909
2024,31090,안산시,M,total,25-29,25865
2024,31090,안산시,M,unmarried,25-29,24609
2024,31090,안산시,F,total,25-29,22147
2024,31090,안산시,F,unmarried,30-34,12438
2024,31090,안산시,M,total,30-34,25265
2024,31090,안산시,M,unmarried,30-34,19929
2024,31090,안산시,F,total,30-34,20171
2024,31090,안산시,F,unmarried,35-39,5066
2024,31090,안산시,M,total,35-39,19380
2024,31090,안산시,M,unmarried,35-39,10427
2024,31090,안산시,F,total,35-39,15760
2024,31090,안산시,F,unmarried,40-44,3447
2024,31090,안산시,M,total,40-44,22241
2024,31090,안산시,M,unmarried,40-44,8061
2024,31090,안산시,F,total,40-44,19706
2024,31091,상록구,F,unmarried,20-24,9951
2024,31091,상록구,M,total,20-24,11373
2024,31091,상록구,M,unmarried,20-24,11309
2024,31091,상록구,F,total,20-24,10096
2024,31091,상록구,F,unmarried,25-29,10434
2024,31091,상록구,M,total,25-29,13849
2024,31091,상록구,M,unmarried,25-29,13177
2024,31091,상록구,F,total,25-29,11576
2024,31091,상록구,F,unmarried,30-34,6447
2024,31091,상록구,M,total,30-34,12707
2024,31091,상록구,M,unmarried,30-34,10282
2024,31091,상록구,F,total,30-34,9938
2024,31091,상록구,F,unmarried,35-39,2623
2024,31091,상록구,M,total,35-39,9243
2024,31091,상록구,M,unmarried,35-39,5236
2024,31091,상록구,F,total,35-39,7708
2024,31091,상록구,F,unmarried,40-44,1884
2024,31091,상록구,M,total,40-44,11283
2024,31091,상록구,M,unmarried,40-44,4124
2024,31091,상록구,F,total,40-44,10276
2024,31092,단원구,F,unmarried,20-24,7920
2024,31092,단원구,M,total,20-24,8588
2024,31092,단원구,M,unmarried,20-24,8550
2024,31092,단원구,F,total,20-24,8014
2024,31092,단원구,F,unmarried,25-29,9475
2024,31092,단원구,M,total,25-29,12016
2024,31092,단원구,M,unmarried,25-29,11432
2024,31092,단원구,F,total,25-29,10571
2024,31092,단원구,F,unmarried,30-34,5991
2024,31092,단원구,M,total,30-34,12558
2024,31092,단원구,M,unmarried,30-34,9647
2024,31092,단원구,F,total,30-34,10233
2024,31092,단원구,F,unmarried,35-39,2443
2024,31092,단원구,M,total,35-39,10137
2024,31092,단원구,M,unmarried,35-39,5191
2024,31092,단원구,F,total,35-39,8052
2024,31092,단원구,F,unmarried,40-44,1563
2024,31092,단원구,M,total,40-44,10958
2024,31092,단원구,M,unmarried,40-44,3937
2024,31092,단원구,F,total,40-44,9430
2024,31100,고양시,F,unmarried,20-24,23380
2024,31100,고양시,M,total,20-24,25009
2024,31100,고양시,M,unmarried,20-24,24939
2024,31100,고양시,F,total,20-24,23558
2024,31100,고양시,F,unmarried,25-29,30301
2024,31100,고양시,M,total,25-29,33121
2024,31100,고양시,M,unmarried,25-29,31646
2024,31100,고양시,F,total,25-29,33267
2024,31100,고양시,F,unmarried,30-34,21593
2024,31100,고양시,M,total,30-34,36349
2024,31100,고양시,M,unmarried,30-34,26993
2024,31100,고양시,F,total,30-34,35708
2024,31100,고양시,F,unmarried,35-39,9975
2024,31100,고양시,M,total,35-39,32992
2024,31100,고양시,M,unmarried,35-39,14632
2024,31100,고양시,F,total,35-39,32646
2024,31100,고양시,F,unmarried,40-44,7281
2024,31100,고양시,M,total,40-44,38723
2024,31100,고양시,M,unmarried,40-44,10016
2024,31100,고양시,F,total,40-44,39354
2024,31101,덕양구,F,unmarried,20-24,10162
2024,31101,덕양구,M,total,20-24,11088
2024,31101,덕양구,M,unmarried,20-24,11041
2024,31101,덕양구,F,total,20-24,10248
2024,31101,덕양구,F,unmarried,25-29,13311
2024,31101,덕양구,M,total,25-29,14978
2024,31101,덕양구,M,unmarried,25-29,14224
2024,31101,덕양구,F,total,25-29,14863
2024,31101,덕양구,F,unmarried,30-34,10247
2024,31101,덕양구,M,total,30-34,18083
2024,31101,덕양구,M,unmarried,30-34,12857
2024,31101,덕양구,F,total,30-34,17927
2024,31101,덕양구,F,unmarried,35-39,4704
2024,31101,덕양구,M,total,35-39,17127
2024,31101,덕양구,M,unmarried,35-39,7167
2024,31101,덕양구,F,total,35-39,16645
2024,31101,덕양구,F,unmarried,40-44,3532
2024,31101,덕양구,M,total,40-44,19558
2024,31101,덕양구,M,unmarried,40-44,5005
2024,31101,덕양구,F,total,40-44,18831
2024,31103,일산동구,F,unmarried,20-24,6690
2024,31103,일산동구,M,total,20-24,6767
2024,31103,일산동구,M,unmarried,20-24,6755
2024,31103,일산동구,F,total,20-24,6735
2024,31103,일산동구,F,unmarried,25-29,9194
2024,31103,일산동구,M,total,25-29,9589
2024,31103,일산동구,M,unmarried,25-29,9159
2024,31103,일산동구,F,total,25-29,9982
2024,31103,일산동구,F,unmarried,30-34,6285
2024,31103,일산동구,M,total,30-34,9819
2024,31103,일산동구,M,unmarried,30-34,7588
2024,31103,일산동구,F,total,30-34,9827
2024,31103,일산동구,F,unmarried,35-39,2972
2024,31103,일산동구,M,total,35-39,8632
2024,31103,일산동구,M,unmarried,35-39,4121
2024,31103,일산동구,F,total,35-39,8638
2024,31103,일산동구,F,unmarried,40-44,2164
2024,31103,일산동구,M,total,40-44,10031
2024,31103,일산동구,M,unmarried,40-44,2856
2024,31103,일산동구,F,total,40-44,10486
2024,31104,일산서구,F,unmarried,20-24,6528
2024,31104,일산서구,M,total,20-24,7154
2024,31104,일산서구,M,unmarried,20-24,7143
2024,31104,일산서구,F,total,20-24,6575
2024,31104,일산서구,F,unmarried,25-29,7796
2024,31104,일산서구,M,total,25-29,8554
2024,31104,일산서구,M,unmarried,25-29,8263
2024,31104,일산서구,F,total,25-29,8422
2024,31104,일산서구,F,unmarried,30-34,5061
2024,31104,일산서구,M,total,30-34,8447
2024,31104,일산서구,M,unmarried,30-34,6548
2024,31104,일산서구,F,total,30-34,7954
2024,31104,일산서구,F,unmarried,35-39,2299
2024,31104,일산서구,M,total,35-39,7233
2024,31104,일산서구,M,unmarried,35-39,3344
2024,31104,일산서구,F,total,35-39,7363
2024,31104,일산서구,F,unmarried,40-44,1585
2024,31104,일산서구,M,total,40-44,9134
2024,31104,일산서구,M,unmarried,40-44,2155
2024,31104,일산서구,F,total,40-44,10037
2024,31110,과천시,F,unmarried,20-24,1735
2024,31110,과천시,M,total,20-24,1816
2024,31110,과천시,M,unmarried,20-24,1816
2024,31110,과천시,F,total,20-24,1741
2024,31110,과천시,F,unmarried,25-29,2039
2024,31110,과천시,M,total,25-29,2350
2024,31110,과천시,M,unmarried,25-29,2251
2024,31110,과천시,F,total,25-29,2282
2024,31110,과천시,F,unmarried,30-34,1397
2024,31110,과천시,M,total,30-34,2893
2024,31110,과천시,M,unmarried,30-34,1795
2024,31110,과천시,F,total,30-34,3097
2024,31110,과천시,F,unmarried,35-39,568
2024,31110,과천시,M,total,35-39,3226
2024,31110,과천시,M,unmarried,35-39,873
2024,31110,과천시,F,total,35-39,3303
2024,31110,과천시,F,unmarried,40-44,424
2024,31110,과천시,M,total,40-44,3425
2024,31110,과천시,M,unmarried,40-44,465
2024,31110,과천시,F,total,40-44,3512
2024,31120,구리시,F,unmarried,20-24,4269
2024,31120,구리시,M,total,20-24,4357
2024,31120,구리시,M,unmarried,20-24,4344
2024,31120,구리시,F,total,20-24,4292
2024,31120,구리시,F,unmarried,25-29,5445
2024,31120,구리시,M,total,25-29,6100
2024,31120,구리시,M,unmarried,25-29,5882
2024,31120,구리시,F,total,25-29,5905
2024,31120,구리시,F,unmarried,30-34,3816
2024,31120,구리시,M,total,30-34,6406
2024,31120,구리시,M,unmarried,30-34,5008
2024,31120,구리시,F,total,30-34,6012
2024,31120,구리시,F,unmarried,35-39,1719
2024,31120,구리시,M,total,35-39,5682
2024,31120,구리시,M,unmarried,35-39,2737
2024,31120,구리시,F,total,35-39,5380
2024,31120,구리시,F,unmarried,40-44,1308
2024,31120,구리시,M,total,40-44,7222
2024,31120,구리시,M,unmarried,40-44,2181
2024,31120,구리시,F,total,40-44,6929
2024,31130,남양주시,F,unmarried,20-24,15964
2024,31130,남양주시,M,total,20-24,17772
2024,31130,남양주시,M,unmarried,20-24,17695
2024,31130,남양주시,F,total,20-24,16138
2024,31130,남양주시,F,unmarried,25-29,16916
2024,31130,남양주시,M,total,25-29,20072
2024,31130,남양주시,M,unmarried,25-29,18800
2024,31130,남양주시,F,total,25-29,19332
2024,31130,남양주시,F,unmarried,30-34,10694
2024,31130,남양주시,M,total,30-34,20656
2024,31130,남양주시,M,unmarried,30-34,14561
2024,31130,남양주시,F,total,30-34,19748
2024,31130,남양주시,F,unmarried,35-39,5168
2024,31130,남양주시,M,total,35-39,20128
2024,31130,남양주시,M,unmarried,35-39,8305
2024,31130,남양주시,F,total,35-39,20681
2024,31130,남양주시,F,unmarried,40-44,4188
2024,31130,남양주시,M,total,40-44,29427
2024,31130,남양주시,M,unmarried,40-44,7016
2024,31130,남양주시,F,total,40-44,30163
2024,31140,오산시,F,unmarried,20-24,5509
2024,31140,오산시,M,total,20-24,6362
2024,31140,오산시,M,unmarried,20-24,6330
2024,31140,오산시,F,total,20-24,5622
2024,31140,오산시,F,unmarried,25-29,5896
2024,31140,오산시,M,total,25-29,8897
2024,31140,오산시,M,unmarried,25-29,8278
2024,31140,오산시,F,total,25-29,6976
2024,31140,오산시,F,unmarried,30-34,3899
2024,31140,오산시,M,total,30-34,10654
2024,31140,오산시,M,unmarried,30-34,7712
2024,31140,오산시,F,total,30-34,8105
2024,31140,오산시,F,unmarried,35-39,2019
2024,31140,오산시,M,total,35-39,9875
2024,31140,오산시,M,unmarried,35-39,4775
2024,31140,오산시,F,total,35-39,8250
2024,31140,오산시,F,unmarried,40-44,1452
2024,31140,오산시,M,total,40-44,12643
2024,31140,오산시,M,unmarried,40-44,3864
2024,31140,오산시,F,total,40-44,10706
2024,31150,시흥시,F,unmarried,20-24,11143
2024,31150,시흥시,M,total,20-24,14670
2024,31150,시흥시,M,unmarried,20-24,14604
2024,31150,시흥시,F,total,20-24,11308
2024,31150,시흥시,F,unmarried,25-29,12969
2024,31150,시흥시,M,total,25-29,17573
2024,31150,시흥시,M,unmarried,25-29,16518
2024,31150,시흥시,F,total,25-29,15110
2024,31150,시흥시,F,unmarried,30-34,8105
2024,31150,시흥시,M,total,30-34,20347
2024,31150,시흥시,M,unmarried,30-34,14321
2024,31150,시흥시,F,total,30-34,16843
2024,31150,시흥시,F,unmarried,35-39,3549
2024,31150,시흥시,M,total,35-39,19322
2024,31150,시흥시,M,unmarried,35-39,8179
2024,31150,시흥시,F,total,35-39,17025
2024,31150,시흥시,F,unmarried,40-44,2598
2024,31150,시흥시,M,total,40-44,25073
2024,31150,시흥시,M,unmarried,40-44,6823
2024,31150,시흥시,F,total,40-44,21767
2024,31160,군포시,F,unmarried,20-24,6043
2024,31160,군포시,M,total,20-24,6766
2024,31160,군포시,M,unmarried,20-24,6753
2024,31160,군포시,F,total,20-24,6083
2024,31160,군포시,F,unmarried,25-29,7247
2024,31160,군포시,M,total,25-29,8891
2024,31160,군포시,M,unmarried,25-29,8561
2024,31160,군포시,F,total,25-29,7916
2024,31160,군포시,F,unmarried,30-34,5219
2024,31160,군포시,M,total,30-34,9844
2024,31160,군포시,M,unmarried,30-34,7646
2024,31160,군포시,F,total,30-34,8440
2024,31160,군포시,F,unmarried,35-39,2441
2024,31160,군포시,M,total,35-39,8092
2024,31160,군포시,M,unmarried,35-39,4098
2024,31160,군포시,F,total,35-39,7265
2024,31160,군포시,F,unmarried,40-44,1676
2024,31160,군포시,M,total,40-44,9107
2024,31160,군포시,M,unmarried,40-44,3021
2024,31160,군포시,F,total,40-44,8665
2024,31170,의왕시,F,unmarried,20-24,3500
2024,31170,의왕시,M,total,20-24,3834
2024,31170,의왕시,M,unmarried,20-24,3827
2024,31170,의왕시,F,total,20-24,3523
2024,31170,의왕시,F,unmarried,25-29,4078
2024,31170,의왕시,M,total,25-29,5177
2024,31170,의왕시,M,unmarried,25-29,4920
2024,31170,의왕시,F,total,25-29,4617
2024,31170,의왕시,F,unmarried,30-34,2802
2024,31170,의왕시,M,total,30-34,5865
2024,31170,의왕시,M,unmarried,30-34,3991
2024,31170,의왕시,F,total,30-34,5420
2024,31170,의왕시,F,unmarried,35-39,1256
2024,31170,의왕시,M,total,35-39,5274
2024,31170,의왕시,M,unmarried,35-39,2053
2024,31170,의왕시,F,total,35-39,4998
2024,31170,의왕시,F,unmarried,40-44,826
2024,31170,의왕시,M,total,40-44,5639
2024,31170,의왕시,M,unmarried,40-44,1487
2024,31170,의왕시,F,total,40-44,5314
2024,31180,하남시,F,unmarried,20-24,6056
2024,31180,하남시,M,total,20-24,6286
2024,31180,하남시,M,unmarried,20-24,6275
2024,31180,하남시,F,total,20-24,6104
2024,31180,하남시,F,unmarried,25-29,8928
2024,31180,하남시,M,total,25-29,9265
2024,31180,하남시,M,unmarried,25-29,8849
2024,31180,하남시,F,total,25-29,9828
2024,31180,하남시,F,unmarried,30-34,6882
2024,31180,하남시,M,total,30-34,11806
2024,31180,하남시,M,unmarried,30-34,8583
2024,31180,하남시,F,total,30-34,12070
2024,31180,하남시,F,unmarried,35-39,3228
2024,31180,하남시,M,total,35-39,12388
2024,31180,하남시,M,unmarried,35-39,5087
2024,31180,하남시,F,total,35-39,12475
2024,31180,하남시,F,unmarried,40-44,2441
2024,31180,하남시,M,total,40-44,16011
2024,31180,하남시,M,unmarried,40-44,3727
2024,31180,하남시,F,total,40-44,15648
2024,31190,용인시,F,unmarried,20-24,29578
2024,31190,용인시,M,total,20-24,32457
2024,31190,용인시,M,unmarried,20-24,32376
2024,31190,용인시,F,total,20-24,29751
2024,31190,용인시,F,unmarried,25-29,27516
2024,31190,용인시,M,total,25-29,34765
2024,31190,용인시,M,unmarried,25-29,33321
2024,31190,용인시,F,total,25-29,30321
2024,31190,용인시,F,unmarried,30-34,17058
2024,31190,용인시,M,total,30-34,33666
2024,31190,용인시,M,unmarried,30-34,24429
2024,31190,용인시,F,total,30-34,31213
2024,31190,용인시,F,unmarried,35-39,7318
2024,31190,용인시,M,total,35-39,32191
2024,31190,용인시,M,unmarried,35-39,12532
2024,31190,용인시,F,total,35-39,31959
2024,31190,용인시,F,unmarried,40-44,5708
2024,31190,용인시,M,total,40-44,43263
2024,31190,용인시,M,unmarried,40-44,9093
2024,31190,용인시,F,total,40-44,44295
2024,31191,처인구,F,unmarried,20-24,8362
2024,31191,처인구,M,total,20-24,9625
2024,31191,처인구,M,unmarried,20-24,9574
2024,31191,처인구,F,total,20-24,8457
2024,31191,처인구,F,unmarried,25-29,6487
2024,31191,처인구,M,total,25-29,10069
2024,31191,처인구,M,unmarried,25-29,9435
2024,31191,처인구,F,total,25-29,7545
2024,31191,처인구,F,unmarried,30-34,4112
2024,31191,처인구,M,total,30-34,9692
2024,31191,처인구,M,unmarried,30-34,6863
2024,31191,처인구,F,total,30-34,8017
2024,31191,처인구,F,unmarried,35-39,1784
2024,31191,처인구,M,total,35-39,8848
2024,31191,처인구,M,unmarried,35-39,4005
2024,31191,처인구,F,total,35-39,7450
2024,31191,처인구,F,unmarried,40-44,1476
2024,31191,처인구,M,total,40-44,11139
2024,31191,처인구,M,unmarried,40-44,3135
2024,31191,처인구,F,total,40-44,10157
2024,31192,기흥구,F,unmarried,20-24,11809
2024,31192,기흥구,M,total,20-24,13020
2024,31192,기흥구,M,unmarried,20-24,12999
2024,31192,기흥구,F,total,20-24,11871
2024,31192,기흥구,F,unmarried,25-29,11594
2024,31192,기흥구,M,total,25-29,14170
2024,31192,기흥구,M,unmarried,25-29,13652
2024,31192,기흥구,F,total,25-29,12689
2024,31192,기흥구,F,unmarried,30-34,6692
2024,31192,기흥구,M,total,30-34,13169
2024,31192,기흥구,M,unmarried,30-34,9751
2024,31192,기흥구,F,total,30-34,12060
2024,31192,기흥구,F,unmarried,35-39,2909
2024,31192,기흥구,M,total,35-39,12153
2024,31192,기흥구,M,unmarried,35-39,4768
2024,31192,기흥구,F,total,35-39,12267
2024,31192,기흥구,F,unmarried,40-44,2308
2024,31192,기흥구,M,total,40-44,17036
2024,31192,기흥구,M,unmarried,40-44,3582
2024,31192,기흥구,F,total,40-44,17714
2024,31193,수지구,F,unmarried,20-24,9407
2024,31193,수지구,M,total,20-24,9812
2024,31193,수지구,M,unmarried,20-24,9803
2024,31193,수지구,F,total,20-24,9423
2024,31193,수지구,F,unmarried,25-29,9435
2024,31193,수지구,M,total,25-29,10526
2024,31193,수지구,M,unmarried,25-29,10234
2024,31193,수지구,F,total,25-29,10087
2024,31193,수지구,F,unmarried,30-34,6254
2024,31193,수지구,M,total,30-34,10805
2024,31193,수지구,M,unmarried,30-34,7815
2024,31193,수지구,F,total,30-34,11136
2024,31193,수지구,F,unmarried,35-39,2625
2024,31193,수지구,M,total,35-39,11190
2024,31193,수지구,M,unmarried,35-39,3759
2024,31193,수지구,F,total,35-39,12242
2024,31193,수지구,F,unmarried,40-44,1924
2024,31193,수지구,M,total,40-44,15088
2024,31193,수지구,M,unmarried,40-44,2376
2024,31193,수지구,F,total,40-44,16424
2024,31200,파주시,F,unmarried,20-24,9291
2024,31200,파주시,M,total,20-24,11513
2024,31200,파주시,M,unmarried,20-24,11431
2024,31200,파주시,F,total,20-24,9489
2024,31200,파주시,F,unmarried,25-29,10919
2024,31200,파주시,M,total,25-29,16231
2024,31200,파주시,M,unmarried,25-29,14917
2024,31200,파주시,F,total,25-29,13204
2024,31200,파주시,F,unmarried,30-34,7499
2024,31200,파주시,M,total,30-34,17431
2024,31200,파주시,M,unmarried,30-34,11458
2024,31200,파주시,F,total,30-34,16765
2024,31200,파주시,F,unmarried,35-39,3459
2024,31200,파주시,M,total,35-39,18930
2024,31200,파주시,M,unmarried,35-39,7257
2024,31200,파주시,F,total,35-39,16592
2024,31200,파주시,F,unmarried,40-44,2613
2024,31200,파주시,M,total,40-44,22592
2024,31200,파주시,M,unmarried,40-44,5275
2024,31200,파주시,F,total,40-44,20409
2024,31210,이천시,F,unmarried,20-24,4643
2024,31210,이천시,M,total,20-24,5717
2024,31210,이천시,M,unmarried,20-24,5675
2024,31210,이천시,F,total,20-24,4742
2024,31210,이천시,F,unmarried,25-29,5191
2024,31210,이천시,M,total,25-29,9358
2024,31210,이천시,M,unmarried,25-29,8583
2024,31210,이천시,F,total,25-29,6370
2024,31210,이천시,F,unmarried,30-34,3174
2024,31210,이천시,M,total,30-34,9421
2024,31210,이천시,M,unmarried,30-34,6783
2024,31210,이천시,F,total,30-34,6555
2024,31210,이천시,F,unmarried,35-39,1523
2024,31210,이천시,M,total,35-39,7244
2024,31210,이천시,M,unmarried,35-39,3203
2024,31210,이천시,F,total,35-39,6618
2024,31210,이천시,F,unmarried,40-44,1020
2024,31210,이천시,M,total,40-44,8984
2024,31210,이천시,M,unmarried,40-44,2572
2024,31210,이천시,F,total,40-44,7485
2024,31220,안성시,F,unmarried,20-24,6011
2024,31220,안성시,M,total,20-24,6286
2024,31220,안성시,M,unmarried,20-24,6247
2024,31220,안성시,F,total,20-24,6112
2024,31220,안성시,F,unmarried,25-29,4133
2024,31220,안성시,M,total,25-29,6706
2024,31220,안성시,M,unmarried,25-29,6268
2024,31220,안성시,F,total,25-29,4985
2024,31220,안성시,F,unmarried,30-34,2399
2024,31220,안성시,M,total,30-34,6445
2024,31220,안성시,M,unmarried,30-34,4623
2024,31220,안성시,F,total,30-34,4894
2024,31220,안성시,F,unmarried,35-39,1218
2024,31220,안성시,M,total,35-39,5925
2024,31220,안성시,M,unmarried,35-39,2896
2024,31220,안성시,F,total,35-39,4820
2024,31220,안성시,F,unmarried,40-44,943
2024,31220,안성시,M,total,40-44,7645
2024,31220,안성시,M,unmarried,40-44,2490
2024,31220,안성시,F,total,40-44,6455
2024,31230,김포시,F,unmarried,20-24,8454
2024,31230,김포시,M,total,20-24,9378
2024,31230,김포시,M,unmarried,20-24,9311
2024,31230,김포시,F,total,20-24,8584
2024,31230,김포시,F,unmarried,25-29,10638
2024,31230,김포시,M,total,25-29,12522
2024,31230,김포시,M,unmarried,25-29,11727
2024,31230,김포시,F,total,25-29,12287
2024,31230,김포시,F,unmarried,30-34,7339
2024,31230,김포시,M,total,30-34,14730
2024,31230,김포시,M,unmarried,30-34,9994
2024,31230,김포시,F,total,30-34,14634
2024,31230,김포시,F,unmarried,35-39,3616
2024,31230,김포시,M,total,35-39,16070
2024,31230,김포시,M,unmarried,35-39,5897
2024,31230,김포시,F,total,35-39,16880
2024,31230,김포시,F,unmarried,40-44,2843
2024,31230,김포시,M,total,40-44,23962
2024,31230,김포시,M,unmarried,40-44,4998
2024,31230,김포시,F,total,40-44,23676
2024,31240,화성시,F,unmarried,20-24,19649
2024,31240,화성시,M,total,20-24,22248
2024,31240,화성시,M,unmarried,20-24,22141
2024,31240,화성시,F,total,20-24,19937
2024,31240,화성시,F,unmarried,25-29,23205
2024,31240,화성시,M,total,25-29,34045
2024,31240,화성시,M,unmarried,25-29,31861
2024,31240,화성시,F,total,25-29,27659
2024,31240,화성시,F,unmarried,30-34,14823
2024,31240,화성시,M,total,30-34,41953
2024,31240,화성시,M,unmarried,30-34,27885
2024,31240,화성시,F,total,30-34,35412
2024,31240,화성시,F,unmarried,35-39,6285
2024,31240,화성시,M,total,35-39,40466
2024,31240,화성시,M,unmarried,35-39,14009
2024,31240,화성시,F,total,35-39,37347
2024,31240,화성시,F,unmarried,40-44,4254
2024,31240,화성시,M,total,40-44,49882
2024,31240,화성시,M,unmarried,40-44,10338
2024,31240,화성시,F,total,40-44,45905
2024,31250,광주시,F,unmarried,20-24,7403
2024,31250,광주시,M,total,20-24,8638
2024,31250,광주시,M,unmarried,20-24,8583
2024,31250,광주시,F,total,20-24,7514
2024,31250,광주시,F,unmarried,25-29,8558
2024,31250,광주시,M,total,25-29,11479
2024,31250,광주시,M,unmarried,25-29,10733
2024,31250,광주시,F,total,25-29,10124
2024,31250,광주시,F,unmarried,30-34,5816
2024,31250,광주시,M,total,30-34,13281
2024,31250,광주시,M,unmarried,30-34,9402
2024,31250,광주시,F,total,30-34,11515
2024,31250,광주시,F,unmarried,35-39,3020
2024,31250,광주시,M,total,35-39,13446
2024,31250,광주시,M,unmarried,35-39,5809
2024,31250,광주시,F,total,35-39,12413
2024,31250,광주시,F,unmarried,40-44,2563
2024,31250,광주시,M,total,40-44,18197
2024,31250,광주시,M,unmarried,40-44,5112
2024,31250,광주시,F,total,40-44,16485
2024,31260,양주시,F,unmarried,20-24,5926
2024,31260,양주시,M,total,20-24,6829
2024,31260,양주시,M,unmarried,20-24,6760
2024,31260,양주시,F,total,20-24,6082
2024,31260,양주시,F,unmarried,25-29,5941
2024,31260,양주시,M,total,25-29,8464
2024,31260,양주시,M,unmarried,25-29,7464
2024,31260,양주시,F,total,25-29,7603
2024,31260,양주시,F,unmarried,30-34,3765
2024,31260,양주시,M,total,30-34,9946
2024,31260,양주시,M,unmarried,30-34,5835
2024,31260,양주시,F,total,30-34,9291
2024,31260,양주시,F,unmarried,35-39,1823
2024,31260,양주시,M,total,35-39,9416
2024,31260,양주시,M,unmarried,35-39,3286
2024,31260,양주시,F,total,35-39,8906
2024,31260,양주시,F,unmarried,40-44,1438
2024,31260,양주시,M,total,40-44,12079
2024,31260,양주시,M,unmarried,40-44,3033
2024,31260,양주시,F,total,40-44,11174
2024,31270,포천시,F,unmarried,20-24,3050
2024,31270,포천시,M,total,20-24,3586
2024,31270,포천시,M,unmarried,20-24,3557
2024,31270,포천시,F,total,20-24,3115
2024,31270,포천시,F,unmarried,25-29,2809
2024,31270,포천시,M,total,25-29,4647
2024,31270,포천시,M,unmarried,25-29,4256
2024,31270,포천시,F,total,25-29,3387
2024,31270,포천시,F,unmarried,30-34,1644
2024,31270,포천시,M,total,30-34,4207
2024,31270,포천시,M,unmarried,30-34,3073
2024,31270,포천시,F,total,30-34,3041
2024,31270,포천시,F,unmarried,35-39,807
2024,31270,포천시,M,total,35-39,3250
2024,31270,포천시,M,unmarried,35-39,1758
2024,31270,포천시,F,total,35-39,2653
2024,31270,포천시,F,unmarried,40-44,612
2024,31270,포천시,M,total,40-44,4019
2024,31270,포천시,M,unmarried,40-44,1586
2024,31270,포천시,F,total,40-44,3268
2024,31280,여주시,F,unmarried,20-24,2044
2024,31280,여주시,M,total,20-24,2580
2024,31280,여주시,M,unmarried,20-24,2549
2024,31280,여주시,F,total,20-24,2089
2024,31280,여주시,F,unmarried,25-29,2144
2024,31280,여주시,M,total,25-29,3115
2024,31280,여주시,M,unmarried,25-29,2884
2024,31280,여주시,F,total,25-29,2563
2024,31280,여주시,F,unmarried,30-34,1359
2024,31280,여주시,M,total,30-34,3109
2024,31280,여주시,M,unmarried,30-34,2241
2024,31280,여주시,F,total,30-34,2530
2024,31280,여주시,F,unmarried,35-39,721
2024,31280,여주시,M,total,35-39,2751
2024,31280,여주시,M,unmarried,35-39,1357
2024,31280,여주시,F,total,35-39,2477
2024,31280,여주시,F,unmarried,40-44,638
2024,31280,여주시,M,total,40-44,3657
2024,31280,여주시,M,unmarried,40-44,1183
2024,31280,여주시,F,total,40-44,3392
2024,31550,연천군,F,unmarried,20-24,530
2024,31550,연천군,M,total,20-24,959
2024,31550,연천군,M,unmarried,20-24,952
2024,31550,연천군,F,total,20-24,567
2024,31550,연천군,F,unmarried,25-29,532
2024,31550,연천군,M,total,25-29,1426
2024,31550,연천군,M,unmarried,25-29,1222
2024,31550,연천군,F,total,25-29,749
2024,31550,연천군,F,unmarried,30-34,324
2024,31550,연천군,M,total,30-34,1265
2024,31550,연천군,M,unmarried,30-34,809
2024,31550,연천군,F,total,30-34,817
2024,31550,연천군,F,unmarried,35-39,209
2024,31550,연천군,M,total,35-39,910
2024,31550,연천군,M,unmarried,35-39,448
2024,31550,연천군,F,total,35-39,669
2024,31550,연천군,F,unmarried,40-44,153
2024,31550,연천군,M,total,40-44,1040
2024,31550,연천군,M,unmarried,40-44,374
2024,31550,연천군,F,total,40-44,878
2024,31570,가평군,F,unmarried,20-24,784
2024,31570,가평군,M,total,20-24,1165
2024,31570,가평군,M,unmarried,20-24,1151
2024,31570,가평군,F,total,20-24,805
2024,31570,가평군,F,unmarried,25-29,987
2024,31570,가평군,M,total,25-29,1644
2024,31570,가평군,M,unmarried,25-29,1487
2024,31570,가평군,F,total,25-29,1215
2024,31570,가평군,F,unmarried,30-34,638
2024,31570,가평군,M,total,30-34,1588
2024,31570,가평군,M,unmarried,30-34,1133
2024,31570,가평군,F,total,30-34,1188
2024,31570,가평군,F,unmarried,35-39,322
2024,31570,가평군,M,total,35-39,1317
2024,31570,가평군,M,unmarried,35-39,714
2024,31570,가평군,F,total,35-39,1089
2024,31570,가평군,F,unmarried,40-44,328
2024,31570,가평군,M,total,40-44,1666
2024,31570,가평군,M,unmarried,40-44,619
2024,31570,가평군,F,total,40-44,1513
2024,31580,양평군,F,unmarried,20-24,1519
2024,31580,양평군,M,total,20-24,2247
2024,31580,양평군,M,unmarried,20-24,2239
2024,31580,양평군,F,total,20-24,1539
2024,31580,양평군,F,unmarried,25-29,1712
2024,31580,양평군,M,total,25-29,2542
2024,31580,양평군,M,unmarried,25-29,2338
2024,31580,양평군,F,total,25-29,2049
2024,31580,양평군,F,unmarried,30-34,1250
2024,31580,양평군,M,total,30-34,2687
2024,31580,양평군,M,unmarried,30-34,1987
2024,31580,양평군,F,total,30-34,2285
2024,31580,양평군,F,unmarried,35-39,710
2024,31580,양평군,M,total,35-39,2490
2024,31580,양평군,M,unmarried,35-39,1242
2024,31580,양평군,F,total,35-39,2333
2024,31580,양평군,F,unmarried,40-44,672
2024,31580,양평군,M,total,40-44,3535
2024,31580,양평군,M,unmarried,40-44,1185
2024,31580,양평군,F,total,40-44,3531
2024,32,강원특별자치도,F,unmarried,20-24,33477
2024,32,강원특별자치도,M,total,20-24,43620
2024,32,강원특별자치도,M,unmarried,20-24,43329
2024,32,강원특별자치도,F,total,20-24,34113
2024,32,강원특별자치도,F,unmarried,25-29,28626
2024,32,강원특별자치도,M,total,25-29,45551
2024,32,강원특별자치도,M,unmarried,25-29,41798
2024,32,강원특별자치도,F,total,25-29,34986
2024,32,강원특별자치도,F,unmarried,30-34,17250
2024,32,강원특별자치도,M,total,30-34,43932
2024,32,강원특별자치도,M,unmarried,30-34,29587
2024,32,강원특별자치도,F,total,30-34,36183
2024,32,강원특별자치도,F,unmarried,35-39,8548
2024,32,강원특별자치도,M,total,35-39,38870
2024,32,강원특별자치도,M,unmarried,35-39,16909
2024,32,강원특별자치도,F,total,35-39,34771
2024,32,강원특별자치도,F,unmarried,40-44,7032
2024,32,강원특별자치도,M,total,40-44,48653
2024,32,강원특별자치도,M,unmarried,40-44,14567
2024,32,강원특별자치도,F,total,40-44,46593
2024,32003,동부,F,unmarried,20-24,23454
2024,32003,동부,M,total,20-24,29204
2024,32003,동부,M,unmarried,20-24,29033
2024,32003,동부,F,total,20-24,23815
2024,32003,동부,F,unmarried,25-29,20718
2024,32003,동부,M,total,25-29,29652
2024,32003,동부,M,unmarried,25-29,27400
2024,32003,동부,F,total,25-29,24832
2024,32003,동부,F,unmarried,30-34,12377
2024,32003,동부,M,total,30-34,28655
2024,32003,동부,M,unmarried,30-34,19432
2024,32003,동부,F,total,30-34,24854
2024,32003,동부,F,unmarried,35-39,5787
2024,32003,동부,M,total,35-39,25136
2024,32003,동부,M,unmarried,35-39,10665
2024,32003,동부,F,total,35-39,23327
2024,32003,동부,F,unmarried,40-44,4654
2024,32003,동부,M,total,40-44,31482
2024,32003,동부,M,unmarried,40-44,8976
2024,32003,동부,F,total,40-44,31383
2024,32004,읍부,F,unmarried,20-24,4325
2024,32004,읍부,M,total,20-24,6086
2024,32004,읍부,M,unmarried,20-24,6024
2024,32004,읍부,F,total,20-24,4468
2024,32004,읍부,F,unmarried,25-29,3440
2024,32004,읍부,M,total,25-29,6741
2024,32004,읍부,M,unmarried,25-29,5998
2024,32004,읍부,F,total,25-29,4570
2024,32004,읍부,F,unmarried,30-34,2002
2024,32004,읍부,M,total,30-34,6660
2024,32004,읍부,M,unmarried,30-34,4266
2024,32004,읍부,F,total,30-34,5012
2024,32004,읍부,F,unmarried,35-39,1112
2024,32004,읍부,M,total,35-39,5843
2024,32004,읍부,M,unmarried,35-39,2558
2024,32004,읍부,F,total,35-39,4956
2024,32004,읍부,F,unmarried,40-44,992
2024,32004,읍부,M,total,40-44,7376
2024,32004,읍부,M,unmarried,40-44,2343
2024,32004,읍부,F,total,40-44,6893
2024,32005,면부,F,unmarried,20-24,5698
2024,32005,면부,M,total,20-24,8330
2024,32005,면부,M,unmarried,20-24,8272
2024,32005,면부,F,total,20-24,5830
2024,32005,면부,F,unmarried,25-29,4468
2024,32005,면부,M,total,25-29,9158
2024,32005,면부,M,unmarried,25-29,8400
2024,32005,면부,F,total,25-29,5584
2024,32005,면부,F,unmarried,30-34,2871
2024,32005,면부,M,total,30-34,8617
2024,32005,면부,M,unmarried,30-34,5889
2024,32005,면부,F,total,30-34,6317
2024,32005,면부,F,unmarried,35-39,1649
2024,32005,면부,M,total,35-39,7891
2024,32005,면부,M,unmarried,35-39,3686
2024,32005,면부,F,total,35-39,6488
2024,32005,면부,F,unmarried,40-44,1386
2024,32005,면부,M,total,40-44,9795
2024,32005,면부,M,unmarried,40-44,3248
2024,32005,면부,F,total,40-44,8317
2024,32010,춘천시,F,unmarried,20-24,10090
2024,32010,춘천시,M,total,20-24,10529
2024,32010,춘천시,M,unmarried,20-24,10476
2024,32010,춘천시,F,total,20-24,10193
2024,32010,춘천시,F,unmarried,25-29,7146
2024,32010,춘천시,M,total,25-29,10140
2024,32010,춘천시,M,unmarried,25-29,9448
2024,32010,춘천시,F,total,25-29,8377
2024,32010,춘천시,F,unmarried,30-34,4141
2024,32010,춘천시,M,total,30-34,9356
2024,32010,춘천시,M,unmarried,30-34,6343
2024,32010,춘천시,F,total,30-34,8204
2024,32010,춘천시,F,unmarried,35-39,2006
2024,32010,춘천시,M,total,35-39,8091
2024,32010,춘천시,M,unmarried,35-39,3350
2024,32010,춘천시,F,total,35-39,7719
2024,32010,춘천시,F,unmarried,40-44,1537
2024,32010,춘천시,M,total,40-44,9602
2024,32010,춘천시,M,unmarried,40-44,2588
2024,32010,춘천시,F,total,40-44,9703
2024,32020,원주시,F,unmarried,20-24,9518
2024,32020,원주시,M,total,20-24,11129
2024,32020,원주시,M,unmarried,20-24,11066
2024,32020,원주시,F,total,20-24,9667
2024,32020,원주시,F,unmarried,25-29,8598
2024,32020,원주시,M,total,25-29,11486
2024,32020,원주시,M,unmarried,25-29,10572
2024,32020,원주시,F,total,25-29,10350
2024,32020,원주시,F,unmarried,30-34,5677
2024,32020,원주시,M,total,30-34,12281
2024,32020,원주시,M,unmarried,30-34,8213
2024,32020,원주시,F,total,30-34,11297
2024,32020,원주시,F,unmarried,35-39,2574
2024,32020,원주시,M,total,35-39,11059
2024,32020,원주시,M,unmarried,35-39,4472
2024,32020,원주시,F,total,35-39,10400
2024,32020,원주시,F,unmarried,40-44,1947
2024,32020,원주시,M,total,40-44,13307
2024,32020,원주시,M,unmarried,40-44,3614
2024,32020,원주시,F,total,40-44,13337
2024,32030,강릉시,F,unmarried,20-24,5597
2024,32030,강릉시,M,total,20-24,7410
2024,32030,강릉시,M,unmarried,20-24,7387
2024,32030,강릉시,F,total,20-24,5673
2024,32030,강릉시,F,unmarried,25-29,4327
2024,32030,강릉시,M,total,25-29,6405
2024,32030,강릉시,M,unmarried,25-29,5968
2024,32030,강릉시,F,total,25-29,5128
2024,32030,강릉시,F,unmarried,30-34,2371
2024,32030,강릉시,M,total,30-34,5629
2024,32030,강릉시,M,unmarried,30-34,3975
2024,32030,강릉시,F,total,30-34,4700
2024,32030,강릉시,F,unmarried,35-39,1177
2024,32030,강릉시,M,total,35-39,5006
2024,32030,강릉시,M,unmarried,35-39,2341
2024,32030,강릉시,F,total,35-39,4414
2024,32030,강릉시,F,unmarried,40-44,1062
2024,32030,강릉시,M,total,40-44,6602
2024,32030,강릉시,M,unmarried,40-44,2127
2024,32030,강릉시,F,total,40-44,6503
2024,32040,동해시,F,unmarried,20-24,975
2024,32040,동해시,M,total,20-24,1778
2024,32040,동해시,M,unmarried,20-24,1753
2024,32040,동해시,F,total,20-24,1015
2024,32040,동해시,F,unmarried,25-29,1340
2024,32040,동해시,M,total,25-29,2352
2024,32040,동해시,M,unmarried,25-29,2129
2024,32040,동해시,F,total,25-29,1706
2024,32040,동해시,F,unmarried,30-34,708
2024,32040,동해시,M,total,30-34,2322
2024,32040,동해시,M,unmarried,30-34,1552
2024,32040,동해시,F,total,30-34,1667
2024,32040,동해시,F,unmarried,35-39,342
2024,32040,동해시,M,total,35-39,2105
2024,32040,동해시,M,unmarried,35-39,885
2024,32040,동해시,F,total,35-39,1824
2024,32040,동해시,F,unmarried,40-44,357
2024,32040,동해시,M,total,40-44,2971
2024,32040,동해시,M,unmarried,40-44,856
2024,32040,동해시,F,total,40-44,2829
2024,32050,태백시,F,unmarried,20-24,358
2024,32050,태백시,M,total,20-24,639
2024,32050,태백시,M,unmarried,20-24,635
2024,32050,태백시,F,total,20-24,370
2024,32050,태백시,F,unmarried,25-29,440
2024,32050,태백시,M,total,25-29,741
2024,32050,태백시,M,unmarried,25-29,684
2024,32050,태백시,F,total,25-29,529
2024,32050,태백시,F,unmarried,30-34,270
2024,32050,태백시,M,total,30-34,702
2024,32050,태백시,M,unmarried,30-34,536
2024,32050,태백시,F,total,30-34,551
2024,32050,태백시,F,unmarried,35-39,149
2024,32050,태백시,M,total,35-39,777
2024,32050,태백시,M,unmarried,35-39,416
2024,32050,태백시,F,total,35-39,652
2024,32050,태백시,F,unmarried,40-44,164
2024,32050,태백시,M,total,40-44,1208
2024,32050,태백시,M,unmarried,40-44,442
2024,32050,태백시,F,total,40-44,1149
2024,32060,속초시,F,unmarried,20-24,1016
2024,32060,속초시,M,total,20-24,1474
2024,32060,속초시,M,unmarried,20-24,1452
2024,32060,속초시,F,total,20-24,1056
2024,32060,속초시,F,unmarried,25-29,1338
2024,32060,속초시,M,total,25-29,2182
2024,32060,속초시,M,unmarried,25-29,1989
2024,32060,속초시,F,total,25-29,1698
2024,32060,속초시,F,unmarried,30-34,864
2024,32060,속초시,M,total,30-34,2479
2024,32060,속초시,M,unmarried,30-34,1629
2024,32060,속초시,F,total,30-34,1901
2024,32060,속초시,F,unmarried,35-39,450
2024,32060,속초시,M,total,35-39,2197
2024,32060,속초시,M,unmarried,35-39,979
2024,32060,속초시,F,total,35-39,1920
2024,32060,속초시,F,unmarried,40-44,385
2024,32060,속초시,M,total,40-44,2752
2024,32060,속초시,M,unmarried,40-44,840
2024,32060,속초시,F,total,40-44,2637
2024,32070,삼척시,F,unmarried,20-24,1750
2024,32070,삼척시,M,total,20-24,2926
2024,32070,삼척시,M,unmarried,20-24,2921
2024,32070,삼척시,F,total,20-24,1760
2024,32070,삼척시,F,unmarried,25-29,823
2024,32070,삼척시,M,total,25-29,1715
2024,32070,삼척시,M,unmarried,25-29,1607
2024,32070,삼척시,F,total,25-29,1044
2024,32070,삼척시,F,unmarried,30-34,486
2024,32070,삼척시,M,total,30-34,1325
2024,32070,삼척시,M,unmarried,30-34,897
2024,32070,삼척시,F,total,30-34,1090
2024,32070,삼척시,F,unmarried,35-39,222
2024,32070,삼척시,M,total,35-39,1276
2024,32070,삼척시,M,unmarried,35-39,604
2024,32070,삼척시,F,total,35-39,1090
2024,32070,삼척시,F,unmarried,40-44,202
2024,32070,삼척시,M,total,40-44,1741
2024,32070,삼척시,M,unmarried,40-44,599
2024,32070,삼척시,F,total,40-44,1503
2024,32510,홍천군,F,unmarried,20-24,709
2024,32510,홍천군,M,total,20-24,1216
2024,32510,홍천군,M,unmarried,20-24,1198
2024,32510,홍천군,F,total,20-24,736
2024,32510,홍천군,F,unmarried,25-29,870
2024,32510,홍천군,M,total,25-29,1747
2024,32510,홍천군,M,unmarried,25-29,1565
2024,32510,홍천군,F,total,25-29,1133
2024,32510,홍천군,F,unmarried,30-34,508
2024,32510,홍천군,M,total,30-34,1717
2024,32510,홍천군,M,unmarried,30-34,1159
2024,32510,홍천군,F,total,30-34,1186
2024,32510,홍천군,F,unmarried,35-39,272
2024,32510,홍천군,M,total,35-39,1383
2024,32510,홍천군,M,unmarried,35-39,669
2024,32510,홍천군,F,total,35-39,1121
2024,32510,홍천군,F,unmarried,40-44,218
2024,32510,홍천군,M,total,40-44,1707
2024,32510,홍천군,M,unmarried,40-44,554
2024,32510,홍천군,F,total,40-44,1489
2024,32520,횡성군,F,unmarried,20-24,516
2024,32520,횡성군,M,total,20-24,809
2024,32520,횡성군,M,unmarried,20-24,806
2024,32520,횡성군,F,total,20-24,534
2024,32520,횡성군,F,unmarried,25-29,516
2024,32520,횡성군,M,total,25-29,835
2024,32520,횡성군,M,unmarried,25-29,775
2024,32520,횡성군,F,total,25-29,619
2024,32520,횡성군,F,unmarried,30-34,314
2024,32520,횡성군,M,total,30-34,793
2024,32520,횡성군,M,unmarried,30-34,574
2024,32520,횡성군,F,total,30-34,611
2024,32520,횡성군,F,unmarried,35-39,168
2024,32520,횡성군,M,total,35-39,734
2024,32520,횡성군,M,unmarried,35-39,367
2024,32520,횡성군,F,total,35-39,671
2024,32520,횡성군,F,unmarried,40-44,154
2024,32520,횡성군,M,total,40-44,1043
2024,32520,횡성군,M,unmarried,40-44,344
2024,32520,횡성군,F,total,40-44,902
2024,32530,영월군,F,unmarried,20-24,393
2024,32530,영월군,M,total,20-24,621
2024,32530,영월군,M,unmarried,20-24,620
2024,32530,영월군,F,total,20-24,404
2024,32530,영월군,F,unmarried,25-29,399
2024,32530,영월군,M,total,25-29,621
2024,32530,영월군,M,unmarried,25-29,582
2024,32530,영월군,F,total,25-29,476
2024,32530,영월군,F,unmarried,30-34,237
2024,32530,영월군,M,total,30-34,606
2024,32530,영월군,M,unmarried,30-34,458
2024,32530,영월군,F,total,30-34,464
2024,32530,영월군,F,unmarried,35-39,143
2024,32530,영월군,M,total,35-39,615
2024,32530,영월군,M,unmarried,35-39,335
2024,32530,영월군,F,total,35-39,520
2024,32530,영월군,F,unmarried,40-44,114
2024,32530,영월군,M,total,40-44,919
2024,32530,영월군,M,unmarried,40-44,320
2024,32530,영월군,F,total,40-44,791
2024,32540,평창군,F,unmarried,20-24,388
2024,32540,평창군,M,total,20-24,666
2024,32540,평창군,M,unmarried,20-24,660
2024,32540,평창군,F,total,20-24,400
2024,32540,평창군,F,unmarried,25-29,435
2024,32540,평창군,M,total,25-29,860
2024,32540,평창군,M,unmarried,25-29,818
2024,32540,평창군,F,total,25-29,501
2024,32540,평창군,F,unmarried,30-34,293
2024,32540,평창군,M,total,30-34,749
2024,32540,평창군,M,unmarried,30-34,582
2024,32540,평창군,F,total,30-34,536
2024,32540,평창군,F,unmarried,35-39,174
2024,32540,평창군,M,total,35-39,686
2024,32540,평창군,M,unmarried,35-39,394
2024,32540,평창군,F,total,35-39,553
2024,32540,평창군,F,unmarried,40-44,175
2024,32540,평창군,M,total,40-44,993
2024,32540,평창군,M,unmarried,40-44,368
2024,32540,평창군,F,total,40-44,815
2024,32550,정선군,F,unmarried,20-24,277
2024,32550,정선군,M,total,20-24,462
2024,32550,정선군,M,unmarried,20-24,457
2024,32550,정선군,F,total,20-24,283
2024,32550,정선군,F,unmarried,25-29,324
2024,32550,정선군,M,total,25-29,566
2024,32550,정선군,M,unmarried,25-29,540
2024,32550,정선군,F,total,25-29,367
2024,32550,정선군,F,unmarried,30-34,217
2024,32550,정선군,M,total,30-34,551
2024,32550,정선군,M,unmarried,30-34,440
2024,32550,정선군,F,total,30-34,411
2024,32550,정선군,F,unmarried,35-39,152
2024,32550,정선군,M,total,35-39,657
2024,32550,정선군,M,unmarried,35-39,391
2024,32550,정선군,F,total,35-39,501
2024,32550,정선군,F,unmarried,40-44,150
2024,32550,정선군,M,total,40-44,938
2024,32550,정선군,M,unmarried,40-44,434
2024,32550,정선군,F,total,40-44,752
2024,32560,철원군,F,unmarried,20-24,525
2024,32560,철원군,M,total,20-24,962
2024,32560,철원군,M,unmarried,20-24,946
2024,32560,철원군,F,total,20-24,562
2024,32560,철원군,F,unmarried,25-29,468
2024,32560,철원군,M,total,25-29,1364
2024,32560,철원군,M,unmarried,25-29,1160
2024,32560,철원군,F,total,25-29,730
2024,32560,철원군,F,unmarried,30-34,302
2024,32560,철원군,M,total,30-34,1347
2024,32560,철원군,M,unmarried,30-34,776
2024,32560,철원군,F,total,30-34,906
2024,32560,철원군,F,unmarried,35-39,170
2024,32560,철원군,M,total,35-39,988
2024,32560,철원군,M,unmarried,35-39,380
2024,32560,철원군,F,total,35-39,787
2024,32560,철원군,F,unmarried,40-44,143
2024,32560,철원군,M,total,40-44,1138
2024,32560,철원군,M,unmarried,40-44,342
2024,32560,철원군,F,total,40-44,1021
2024,32570,화천군,F,unmarried,20-24,296
2024,32570,화천군,M,total,20-24,675
2024,32570,화천군,M,unmarried,20-24,665
2024,32570,화천군,F,total,20-24,322
2024,32570,화천군,F,unmarried,25-29,287
2024,32570,화천군,M,total,25-29,1006
2024,32570,화천군,M,unmarried,25-29,860
2024,32570,화천군,F,total,25-29,457
2024,32570,화천군,F,unmarried,30-34,108
2024,32570,화천군,M,total,30-34,870
2024,32570,화천군,M,unmarried,30-34,501
2024,32570,화천군,F,total,30-34,514
2024,32570,화천군,F,unmarried,35-39,81
2024,32570,화천군,M,total,35-39,596
2024,32570,화천군,M,unmarried,35-39,207
2024,32570,화천군,F,total,35-39,469
2024,32570,화천군,F,unmarried,40-44,49
2024,32570,화천군,M,total,40-44,583
2024,32570,화천군,M,unmarried,40-44,161
2024,32570,화천군,F,total,40-44,523
2024,32580,양구군,F,unmarried,20-24,218
2024,32580,양구군,M,total,20-24,488
2024,32580,양구군,M,unmarried,20-24,477
2024,32580,양구군,F,total,20-24,233
2024,32580,양구군,F,unmarried,25-29,265
2024,32580,양구군,M,total,25-29,699
2024,32580,양구군,M,unmarried,25-29,583
2024,32580,양구군,F,total,25-29,418
2024,32580,양구군,F,unmarried,30-34,150
2024,32580,양구군,M,total,30-34,708
2024,32580,양구군,M,unmarried,30-34,384
2024,32580,양구군,F,total,30-34,472
2024,32580,양구군,F,unmarried,35-39,68
2024,32580,양구군,M,total,35-39,548
2024,32580,양구군,M,unmarried,35-39,199
2024,32580,양구군,F,total,35-39,443
2024,32580,양구군,F,unmarried,40-44,53
2024,32580,양구군,M,total,40-44,603
2024,32580,양구군,M,unmarried,40-44,144
2024,32580,양구군,F,total,40-44,568
2024,32590,인제군,F,unmarried,20-24,333
2024,32590,인제군,M,total,20-24,864
2024,32590,인제군,M,unmarried,20-24,852
2024,32590,인제군,F,total,20-24,357
2024,32590,인제군,F,unmarried,25-29,396
2024,32590,인제군,M,total,25-29,1493
2024,32590,인제군,M,unmarried,25-29,1301
2024,32590,인제군,F,total,25-29,621
2024,32590,인제군,F,unmarried,30-34,206
2024,32590,인제군,M,total,30-34,1274
2024,32590,인제군,M,unmarried,30-34,719
2024,32590,인제군,F,total,30-34,795
2024,32590,인제군,F,unmarried,35-39,109
2024,32590,인제군,M,total,35-39,979
2024,32590,인제군,M,unmarried,35-39,335
2024,32590,인제군,F,total,35-39,724
2024,32590,인제군,F,unmarried,40-44,88
2024,32590,인제군,M,total,40-44,1003
2024,32590,인제군,M,unmarried,40-44,272
2024,32590,인제군,F,total,40-44,816
2024,32600,고성군,F,unmarried,20-24,260
2024,32600,고성군,M,total,20-24,526
2024,32600,고성군,M,unmarried,20-24,515
2024,32600,고성군,F,total,20-24,283
2024,32600,고성군,F,unmarried,25-29,333
2024,32600,고성군,M,total,25-29,732
2024,32600,고성군,M,unmarried,25-29,637
2024,32600,고성군,F,total,25-29,452
2024,32600,고성군,F,unmarried,30-34,191
2024,32600,고성군,M,total,30-34,683
2024,32600,고성군,M,unmarried,30-34,447
2024,32600,고성군,F,total,30-34,482
2024,32600,고성군,F,unmarried,35-39,132
2024,32600,고성군,M,total,35-39,627
2024,32600,고성군,M,unmarried,35-39,288
2024,32600,고성군,F,total,35-39,492
2024,32600,고성군,F,unmarried,40-44,116
2024,32600,고성군,M,total,40-44,726
2024,32600,고성군,M,unmarried,40-44,229
2024,32600,고성군,F,total,40-44,600
2024,32610,양양군,F,unmarried,20-24,258
2024,32610,양양군,M,total,20-24,446
2024,32610,양양군,M,unmarried,20-24,443
2024,32610,양양군,F,total,20-24,265
2024,32610,양양군,F,unmarried,25-29,321
2024,32610,양양군,M,total,25-29,607
2024,32610,양양군,M,unmarried,25-29,580
2024,32610,양양군,F,total,25-29,380
2024,32610,양양군,F,unmarried,30-34,207
2024,32610,양양군,M,total,30-34,540
2024,32610,양양군,M,unmarried,30-34,402
2024,32610,양양군,F,total,30-34,396
2024,32610,양양군,F,unmarried,35-39,159
2024,32610,양양군,M,total,35-39,546
2024,32610,양양군,M,unmarried,35-39,297
2024,32610,양양군,F,total,35-39,471
2024,32610,양양군,F,unmarried,40-44,118
2024,32610,양양군,M,total,40-44,817
2024,32610,양양군,M,unmarried,40-44,333
2024,32610,양양군,F,total,40-44,655
2024,33,충청북도,F,unmarried,20-24,37862
2024,33,충청북도,M,total,20-24,47285
2024,33,충청북도,M,unmarried,20-24,47037
2024,33,충청북도,F,total,20-24,38488
2024,33,충청북도,F,unmarried,25-29,34728
2024,33,충청북도,M,total,25-29,53406
2024,33,충청북도,M,unmarried,25-29,49817
2024,33,충청북도,F,total,25-29,41625
2024,33,충청북도,F,unmarried,30-34,20342
2024,33,충청북도,M,total,30-34,55061
2024,33,충청북도,M,unmarried,30-34,39015
2024,33,충청북도,F,total,30-34,42271
2024,33,충청북도,F,unmarried,35-39,9494
2024,33,충청북도,M,total,35-39,46787
2024,33,충청북도,M,unmarried,35-39,20685
2024,33,충청북도,F,total,35-39,40747
2024,33,충청북도,F,unmarried,40-44,7316
2024,33,충청북도,M,total,40-44,57137
2024,33,충청북도,M,unmarried,40-44,16861
2024,33,충청북도,F,total,40-44,52571
2024,33003,동부,F,unmarried,20-24,26368
2024,33003,동부,M,total,20-24,30763
2024,33003,동부,M,unmarried,20-24,30612
2024,33003,동부,F,total,20-24,26746
2024,33003,동부,F,unmarried,25-29,23532
2024,33003,동부,M,total,25-29,34394
2024,33003,동부,M,unmarried,25-29,32259
2024,33003,동부,F,total,25-29,27617
2024,33003,동부,F,unmarried,30-34,13477
2024,33003,동부,M,total,30-34,33593
2024,33003,동부,M,unmarried,30-34,23956
2024,33003,동부,F,total,30-34,26666
2024,33003,동부,F,unmarried,35-39,6096
2024,33003,동부,M,total,35-39,27717
2024,33003,동부,M,unmarried,35-39,12016
2024,33003,동부,F,total,35-39,25207
2024,33003,동부,F,unmarried,40-44,4644
2024,33003,동부,M,total,40-44,34068
2024,33003,동부,M,unmarried,40-44,9557
2024,33003,동부,F,total,40-44,33089
2024,33004,읍부,F,unmarried,20-24,6455
2024,33004,읍부,M,total,20-24,8784
2024,33004,읍부,M,unmarried,20-24,8719
2024,33004,읍부,F,total,20-24,6620
2024,33004,읍부,F,unmarried,25-29,7401
2024,33004,읍부,M,total,25-29,11811
2024,33004,읍부,M,unmarried,25-29,10827
2024,33004,읍부,F,total,25-29,9326
2024,33004,읍부,F,unmarried,30-34,4346
2024,33004,읍부,M,total,30-34,13842
2024,33004,읍부,M,unmarried,30-34,9394
2024,33004,읍부,F,total,30-34,10403
2024,33004,읍부,F,unmarried,35-39,2068
2024,33004,읍부,M,total,35-39,12199
2024,33004,읍부,M,unmarried,35-39,5036
2024,33004,읍부,F,total,35-39,10466
2024,33004,읍부,F,unmarried,40-44,1537
2024,33004,읍부,M,total,40-44,14708
2024,33004,읍부,M,unmarried,40-44,4033
2024,33004,읍부,F,total,40-44,13221
2024,33005,면부,F,unmarried,20-24,5039
2024,33005,면부,M,total,20-24,7738
2024,33005,면부,M,unmarried,20-24,7706
2024,33005,면부,F,total,20-24,5122
2024,33005,면부,F,unmarried,25-29,3795
2024,33005,면부,M,total,25-29,7201
2024,33005,면부,M,unmarried,25-29,6731
2024,33005,면부,F,total,25-29,4682
2024,33005,면부,F,unmarried,30-34,2519
2024,33005,면부,M,total,30-34,7626
2024,33005,면부,M,unmarried,30-34,5665
2024,33005,면부,F,total,30-34,5202
2024,33005,면부,F,unmarried,35-39,1330
2024,33005,면부,M,total,35-39,6871
2024,33005,면부,M,unmarried,35-39,3633
2024,33005,면부,F,total,35-39,5074
2024,33005,면부,F,unmarried,40-44,1135
2024,33005,면부,M,total,40-44,8361
2024,33005,면부,M,unmarried,40-44,3271
2024,33005,면부,F,total,40-44,6261
2024,33020,충주시,F,unmarried,20-24,5397
2024,33020,충주시,M,total,20-24,7140
2024,33020,충주시,M,unmarried,20-24,7111
2024,33020,충주시,F,total,20-24,5469
2024,33020,충주시,F,unmarried,25-29,3944
2024,33020,충주시,M,total,25-29,6832
2024,33020,충주시,M,unmarried,25-29,6389
2024,33020,충주시,F,total,25-29,4717
2024,33020,충주시,F,unmarried,30-34,2231
2024,33020,충주시,M,total,30-34,6727
2024,33020,충주시,M,unmarried,30-34,4797
2024,33020,충주시,F,total,30-34,4833
2024,33020,충주시,F,unmarried,35-39,1088
2024,33020,충주시,M,total,35-39,5687
2024,33020,충주시,M,unmarried,35-39,2706
2024,33020,충주시,F,total,35-39,4700
2024,33020,충주시,F,unmarried,40-44,889
2024,33020,충주시,M,total,40-44,7034
2024,33020,충주시,M,unmarried,40-44,2183
2024,33020,충주시,F,total,40-44,6409
2024,33030,제천시,F,unmarried,20-24,3542
2024,33030,제천시,M,total,20-24,4219
2024,33030,제천시,M,unmarried,20-24,4192
2024,33030,제천시,F,total,20-24,3604
2024,33030,제천시,F,unmarried,25-29,2278
2024,33030,제천시,M,total,25-29,3648
2024,33030,제천시,M,unmarried,25-29,3424
2024,33030,제천시,F,total,25-29,2701
2024,33030,제천시,F,unmarried,30-34,1156
2024,33030,제천시,M,total,30-34,3246
2024,33030,제천시,M,unmarried,30-34,2352
2024,33030,제천시,F,total,30-34,2424
2024,33030,제천시,F,unmarried,35-39,599
2024,33030,제천시,M,total,35-39,2872
2024,33030,제천시,M,unmarried,35-39,1291
2024,33030,제천시,F,total,35-39,2534
2024,33030,제천시,F,unmarried,40-44,513
2024,33030,제천시,M,total,40-44,3799
2024,33030,제천시,M,unmarried,40-44,1175
2024,33030,제천시,F,total,40-44,3625
2024,33040,청주시,F,unmarried,20-24,22879
2024,33040,청주시,M,total,20-24,27060
2024,33040,청주시,M,unmarried,20-24,26933
2024,33040,청주시,F,total,20-24,23217
2024,33040,청주시,F,unmarried,25-29,22812
2024,33040,청주시,M,total,25-29,32829
2024,33040,청주시,M,unmarried,25-29,30669
2024,33040,청주시,F,total,25-29,27113
2024,33040,청주시,F,unmarried,30-34,13485
2024,33040,청주시,M,total,30-34,34869
2024,33040,청주시,M,unmarried,30-34,24234
2024,33040,청주시,F,total,30-34,27750
2024,33040,청주시,F,unmarried,35-39,5971
2024,33040,청주시,M,total,35-39,28991
2024,33040,청주시,M,unmarried,35-39,11960
2024,33040,청주시,F,total,35-39,25921
2024,33040,청주시,F,unmarried,40-44,4398
2024,33040,청주시,M,total,40-44,33846
2024,33040,청주시,M,unmarried,40-44,9053
2024,33040,청주시,F,total,40-44,31997
2024,33041,상당구,F,unmarried,20-24,3882
2024,33041,상당구,M,total,20-24,5437
2024,33041,상당구,M,unmarried,20-24,5417
2024,33041,상당구,F,total,20-24,3950
2024,33041,상당구,F,unmarried,25-29,4408
2024,33041,상당구,M,total,25-29,6033
2024,33041,상당구,M,unmarried,25-29,5564
2024,33041,상당구,F,total,25-29,5308
2024,33041,상당구,F,unmarried,30-34,2667
2024,33041,상당구,M,total,30-34,6467
2024,33041,상당구,M,unmarried,30-34,4214
2024,33041,상당구,F,total,30-34,5816
2024,33041,상당구,F,unmarried,35-39,1193
2024,33041,상당구,M,total,35-39,5941
2024,33041,상당구,M,unmarried,35-39,2230
2024,33041,상당구,F,total,35-39,5728
2024,33041,상당구,F,unmarried,40-44,916
2024,33041,상당구,M,total,40-44,7425
2024,33041,상당구,M,unmarried,40-44,1782
2024,33041,상당구,F,total,40-44,7320
2024,33042,서원구,F,unmarried,20-24,7039
2024,33042,서원구,M,total,20-24,7857
2024,33042,서원구,M,unmarried,20-24,7840
2024,33042,서원구,F,total,20-24,7101
2024,33042,서원구,F,unmarried,25-29,5038
2024,33042,서원구,M,total,25-29,7414
2024,33042,서원구,M,unmarried,25-29,7010
2024,33042,서원구,F,total,25-29,5822
2024,33042,서원구,F,unmarried,30-34,2742
2024,33042,서원구,M,total,30-34,6285
2024,33042,서원구,M,unmarried,30-34,4653
2024,33042,서원구,F,total,30-34,4924
2024,33042,서원구,F,unmarried,35-39,1254
2024,33042,서원구,M,total,35-39,4810
2024,33042,서원구,M,unmarried,35-39,2371
2024,33042,서원구,F,total,35-39,4219
2024,33042,서원구,F,unmarried,40-44,980
2024,33042,서원구,M,total,40-44,5882
2024,33042,서원구,M,unmarried,40-44,1892
2024,33042,서원구,F,total,40-44,5872
2024,33043,흥덕구,F,unmarried,20-24,6985
2024,33043,흥덕구,M,total,20-24,7924
2024,33043,흥덕구,M,unmarried,20-24,7874
2024,33043,흥덕구,F,total,20-24,7108
2024,33043,흥덕구,F,unmarried,25-29,8717
2024,33043,흥덕구,M,total,25-29,12007
2024,33043,흥덕구,M,unmarried,25-29,11203
2024,33043,흥덕구,F,total,25-29,10318
2024,33043,흥덕구,F,unmarried,30-34,5409
2024,33043,흥덕구,M,total,30-34,14067
2024,33043,흥덕구,M,unmarried,30-34,9724
2024,33043,흥덕구,F,total,30-34,11225
2024,33043,흥덕구,F,unmarried,35-39,2418
2024,33043,흥덕구,M,total,35-39,11234
2024,33043,흥덕구,M,unmarried,35-39,4515
2024,33043,흥덕구,F,total,35-39,10026
2024,33043,흥덕구,F,unmarried,40-44,1585
2024,33043,흥덕구,M,total,40-44,12074
2024,33043,흥덕구,M,unmarried,40-44,3204
2024,33043,흥덕구,F,total,40-44,11091
2024,33044,청원구,F,unmarried,20-24,4973
2024,33044,청원구,M,total,20-24,5842
2024,33044,청원구,M,unmarried,20-24,5802
2024,33044,청원구,F,total,20-24,5058
2024,33044,청원구,F,unmarried,25-29,4649
2024,33044,청원구,M,total,25-29,7375
2024,33044,청원구,M,unmarried,25-29,6892
2024,33044,청원구,F,total,25-29,5665
2024,33044,청원구,F,unmarried,30-34,2667
2024,33044,청원구,M,total,30-34,8050
2024,33044,청원구,M,unmarried,30-34,5643
2024,33044,청원구,F,total,30-34,5785
2024,33044,청원구,F,unmarried,35-39,1106
2024,33044,청원구,M,total,35-39,7006
2024,33044,청원구,M,unmarried,35-39,2844
2024,33044,청원구,F,total,35-39,5948
2024,33044,청원구,F,unmarried,40-44,917
2024,33044,청원구,M,total,40-44,8465
2024,33044,청원구,M,unmarried,40-44,2175
2024,33044,청원구,F,total,40-44,7714
2024,33520,보은군,F,unmarried,20-24,256
2024,33520,보은군,M,total,20-24,452
2024,33520,보은군,M,unmarried,20-24,451
2024,33520,보은군,F,total,20-24,260
2024,33520,보은군,F,unmarried,25-29,281
2024,33520,보은군,M,total,25-29,492
2024,33520,보은군,M,unmarried,25-29,457
2024,33520,보은군,F,total,25-29,331
2024,33520,보은군,F,unmarried,30-34,160
2024,33520,보은군,M,total,30-34,467
2024,33520,보은군,M,unmarried,30-34,367
2024,33520,보은군,F,total,30-34,334
2024,33520,보은군,F,unmarried,35-39,94
2024,33520,보은군,M,total,35-39,475
2024,33520,보은군,M,unmarried,35-39,247
2024,33520,보은군,F,total,35-39,400
2024,33520,보은군,F,unmarried,40-44,85
2024,33520,보은군,M,total,40-44,633
2024,33520,보은군,M,unmarried,40-44,252
2024,33520,보은군,F,total,40-44,547
2024,33530,옥천군,F,unmarried,20-24,562
2024,33530,옥천군,M,total,20-24,944
2024,33530,옥천군,M,unmarried,20-24,936
2024,33530,옥천군,F,total,20-24,577
2024,33530,옥천군,F,unmarried,25-29,600
2024,33530,옥천군,M,total,25-29,945
2024,33530,옥천군,M,unmarried,25-29,881
2024,33530,옥천군,F,total,25-29,708
2024,33530,옥천군,F,unmarried,30-34,320
2024,33530,옥천군,M,total,30-34,800
2024,33530,옥천군,M,unmarried,30-34,637
2024,33530,옥천군,F,total,30-34,626
2024,33530,옥천군,F,unmarried,35-39,186
2024,33530,옥천군,M,total,35-39,773
2024,33530,옥천군,M,unmarried,35-39,387
2024,33530,옥천군,F,total,35-39,724
2024,33530,옥천군,F,unmarried,40-44,189
2024,33530,옥천군,M,total,40-44,1197
2024,33530,옥천군,M,unmarried,40-44,457
2024,33530,옥천군,F,total,40-44,1150
2024,33540,영동군,F,unmarried,20-24,731
2024,33540,영동군,M,total,20-24,931
2024,33540,영동군,M,unmarried,20-24,926
2024,33540,영동군,F,total,20-24,741
2024,33540,영동군,F,unmarried,25-29,516
2024,33540,영동군,M,total,25-29,819
2024,33540,영동군,M,unmarried,25-29,776
2024,33540,영동군,F,total,25-29,608
2024,33540,영동군,F,unmarried,30-34,285
2024,33540,영동군,M,total,30-34,721
2024,33540,영동군,M,unmarried,30-34,569
2024,33540,영동군,F,total,30-34,553
2024,33540,영동군,F,unmarried,35-39,161
2024,33540,영동군,M,total,35-39,666
2024,33540,영동군,M,unmarried,35-39,376
2024,33540,영동군,F,total,35-39,577
2024,33540,영동군,F,unmarried,40-44,149
2024,33540,영동군,M,total,40-44,912
2024,33540,영동군,M,unmarried,40-44,349
2024,33540,영동군,F,total,40-44,847
2024,33550,진천군,F,unmarried,20-24,1262
2024,33550,진천군,M,total,20-24,1989
2024,33550,진천군,M,unmarried,20-24,1966
2024,33550,진천군,F,total,20-24,1315
2024,33550,진천군,F,unmarried,25-29,1406
2024,33550,진천군,M,total,25-29,2655
2024,33550,진천군,M,unmarried,25-29,2454
2024,33550,진천군,F,total,25-29,1841
2024,33550,진천군,F,unmarried,30-34,911
2024,33550,진천군,M,total,30-34,3156
2024,33550,진천군,M,unmarried,30-34,2198
2024,33550,진천군,F,total,30-34,2257
2024,33550,진천군,F,unmarried,35-39,432
2024,33550,진천군,M,total,35-39,2934
2024,33550,진천군,M,unmarried,35-39,1287
2024,33550,진천군,F,total,35-39,2426
2024,33550,진천군,F,unmarried,40-44,356
2024,33550,진천군,M,total,40-44,3860
2024,33550,진천군,M,unmarried,40-44,1134
2024,33550,진천군,F,total,40-44,3298
2024,33560,괴산군,F,unmarried,20-24,692
2024,33560,괴산군,M,total,20-24,1113
2024,33560,괴산군,M,unmarried,20-24,1111
2024,33560,괴산군,F,total,20-24,702
2024,33560,괴산군,F,unmarried,25-29,370
2024,33560,괴산군,M,total,25-29,685
2024,33560,괴산군,M,unmarried,25-29,651
2024,33560,괴산군,F,total,25-29,425
2024,33560,괴산군,F,unmarried,30-34,212
2024,33560,괴산군,M,total,30-34,563
2024,33560,괴산군,M,unmarried,30-34,447
2024,33560,괴산군,F,total,30-34,391
2024,33560,괴산군,F,unmarried,35-39,144
2024,33560,괴산군,M,total,35-39,528
2024,33560,괴산군,M,unmarried,35-39,305
2024,33560,괴산군,F,total,35-39,405
2024,33560,괴산군,F,unmarried,40-44,122
2024,33560,괴산군,M,total,40-44,758
2024,33560,괴산군,M,unmarried,40-44,317
2024,33560,괴산군,F,total,40-44,586
2024,33570,음성군,F,unmarried,20-24,1598
2024,33570,음성군,M,total,20-24,2136
2024,33570,음성군,M,unmarried,20-24,2123
2024,33570,음성군,F,total,20-24,1634
2024,33570,음성군,F,unmarried,25-29,1538
2024,33570,음성군,M,total,25-29,2650
2024,33570,음성군,M,unmarried,25-29,2462
2024,33570,음성군,F,total,25-29,1888
2024,33570,음성군,F,unmarried,30-34,960
2024,33570,음성군,M,total,30-34,2745
2024,33570,음성군,M,unmarried,30-34,2168
2024,33570,음성군,F,total,30-34,1767
2024,33570,음성군,F,unmarried,35-39,507
2024,33570,음성군,M,total,35-39,2266
2024,33570,음성군,M,unmarried,35-39,1325
2024,33570,음성군,F,total,35-39,1734
2024,33570,음성군,F,unmarried,40-44,409
2024,33570,음성군,M,total,40-44,3034
2024,33570,음성군,M,unmarried,40-44,1195
2024,33570,음성군,F,total,40-44,2439
2024,33580,단양군,F,unmarried,20-24,205
2024,33580,단양군,M,total,20-24,356
2024,33580,단양군,M,unmarried,20-24,355
2024,33580,단양군,F,total,20-24,209
2024,33580,단양군,F,unmarried,25-29,288
2024,33580,단양군,M,total,25-29,527
2024,33580,단양군,M,unmarried,25-29,505
2024,33580,단양군,F,total,25-29,330
2024,33580,단양군,F,unmarried,30-34,197
2024,33580,단양군,M,total,30-34,437
2024,33580,단양군,M,unmarried,30-34,357
2024,33580,단양군,F,total,30-34,347
2024,33580,단양군,F,unmarried,35-39,102
2024,33580,단양군,M,total,35-39,435
2024,33580,단양군,M,unmarried,35-39,268
2024,33580,단양군,F,total,35-39,352
2024,33580,단양군,F,unmarried,40-44,89
2024,33580,단양군,M,total,40-44,586
2024,33580,단양군,M,unmarried,40-44,237
2024,33580,단양군,F,total,40-44,495
2024,33590,증평군,F,unmarried,20-24,738
2024,33590,증평군,M,total,20-24,945
2024,33590,증평군,M,unmarried,20-24,933
2024,33590,증평군,F,total,20-24,760
2024,33590,증평군,F,unmarried,25-29,695
2024,33590,증평군,M,total,25-29,1324
2024,33590,증평군,M,unmarried,25-29,1149
2024,33590,증평군,F,total,25-29,963
2024,33590,증평군,F,unmarried,30-34,425
2024,33590,증평군,M,total,30-34,1330
2024,33590,증평군,M,unmarried,30-34,889
2024,33590,증평군,F,total,30-34,989
2024,33590,증평군,F,unmarried,35-39,210
2024,33590,증평군,M,total,35-39,1160
2024,33590,증평군,M,unmarried,35-39,533
2024,33590,증평군,F,total,35-39,974
2024,33590,증평군,F,unmarried,40-44,117
2024,33590,증평군,M,total,40-44,1478
2024,33590,증평군,M,unmarried,40-44,509
2024,33590,증평군,F,total,40-44,1178
2024,34,충청남도,F,unmarried,20-24,50650
2024,34,충청남도,M,total,20-24,59586
2024,34,충청남도,M,unmarried,20-24,59240
2024,34,충청남도,F,total,20-24,51501
2024,34,충청남도,F,unmarried,25-29,40611
2024,34,충청남도,M,total,25-29,66053
2024,34,충청남도,M,unmarried,25-29,61391
2024,34,충청남도,F,total,25-29,49544
2024,34,충청남도,F,unmarried,30-34,24892
2024,34,충청남도,M,total,30-34,68444
2024,34,충청남도,M,unmarried,30-34,48022
2024,34,충청남도,F,total,30-34,54390
2024,34,충청남도,F,unmarried,35-39,12158
2024,34,충청남도,M,total,35-39,66113
2024,34,충청남도,M,unmarried,35-39,29038
2024,34,충청남도,F,total,35-39,56404
2024,34,충청남도,F,unmarried,40-44,9126
2024,34,충청남도,M,total,40-44,83947
2024,34,충청남도,M,unmarried,40-44,24225
2024,34,충청남도,F,total,40-44,73437
2024,34003,동부,F,unmarried,20-24,29947
2024,34003,동부,M,total,20-24,31510
2024,34003,동부,M,unmarried,20-24,31318
2024,34003,동부,F,total,20-24,30432
2024,34003,동부,F,unmarried,25-29,24890
2024,34003,동부,M,total,25-29,36631
2024,34003,동부,M,unmarried,25-29,34074
2024,34003,동부,F,total,25-29,29823
2024,34003,동부,F,unmarried,30-34,14888
2024,34003,동부,M,total,30-34,38341
2024,34003,동부,M,unmarried,30-34,26909
2024,34003,동부,F,total,30-34,31582
2024,34003,동부,F,unmarried,35-39,6840
2024,34003,동부,M,total,35-39,36272
2024,34003,동부,M,unmarried,35-39,15204
2024,34003,동부,F,total,35-39,31880
2024,34003,동부,F,unmarried,40-44,4856
2024,34003,동부,M,total,40-44,44528
2024,34003,동부,M,unmarried,40-44,11436
2024,34003,동부,F,total,40-44,41493
2024,34004,읍부,F,unmarried,20-24,10245
2024,34004,읍부,M,total,20-24,13421
2024,34004,읍부,M,unmarried,20-24,13350
2024,34004,읍부,F,total,20-24,10435
2024,34004,읍부,F,unmarried,25-29,8720
2024,34004,읍부,M,total,25-29,14716
2024,34004,읍부,M,unmarried,25-29,13552
2024,34004,읍부,F,total,25-29,10943
2024,34004,읍부,F,unmarried,30-34,5464
2024,34004,읍부,M,total,30-34,15022
2024,34004,읍부,M,unmarried,30-34,10466
2024,34004,읍부,F,total,30-34,11994
2024,34004,읍부,F,unmarried,35-39,2642
2024,34004,읍부,M,total,35-39,14257
2024,34004,읍부,M,unmarried,35-39,6452
2024,34004,읍부,F,total,35-39,12285
2024,34004,읍부,F,unmarried,40-44,2038
2024,34004,읍부,M,total,40-44,18932
2024,34004,읍부,M,unmarried,40-44,5790
2024,34004,읍부,F,total,40-44,16599
2024,34005,면부,F,unmarried,20-24,10458
2024,34005,면부,M,total,20-24,14655
2024,34005,면부,M,unmarried,20-24,14572
2024,34005,면부,F,total,20-24,10634
2024,34005,면부,F,unmarried,25-29,7001
2024,34005,면부,M,total,25-29,14706
2024,34005,면부,M,unmarried,25-29,13765
2024,34005,면부,F,total,25-29,8778
2024,34005,면부,F,unmarried,30-34,4540
2024,34005,면부,M,total,30-34,15081
2024,34005,면부,M,unmarried,30-34,10647
2024,34005,면부,F,total,30-34,10814
2024,34005,면부,F,unmarried,35-39,2676
2024,34005,면부,M,total,35-39,15584
2024,34005,면부,M,unmarried,35-39,7382
2024,34005,면부,F,total,35-39,12239
2024,34005,면부,F,unmarried,40-44,2232
2024,34005,면부,M,total,40-44,20487
2024,34005,면부,M,unmarried,40-44,6999
2024,34005,면부,F,total,40-44,15345
2024,34010,천안시,F,unmarried,20-24,22163
2024,34010,천안시,M,total,20-24,22544
2024,34010,천안시,M,unmarried,20-24,22419
2024,34010,천안시,F,total,20-24,22443
2024,34010,천안시,F,unmarried,25-29,17913
2024,34010,천안시,M,total,25-29,25914
2024,34010,천안시,M,unmarried,25-29,24320
2024,34010,천안시,F,total,25-29,21008
2024,34010,천안시,F,unmarried,30-34,11121
2024,34010,천안시,M,total,30-34,26603
2024,34010,천안시,M,unmarried,30-34,19316
2024,34010,천안시,F,total,30-34,22097
2024,34010,천안시,F,unmarried,35-39,5193
2024,34010,천안시,M,total,35-39,24806
2024,34010,천안시,M,unmarried,35-39,10971
2024,34010,천안시,F,total,35-39,21332
2024,34010,천안시,F,unmarried,40-44,3557
2024,34010,천안시,M,total,40-44,29611
2024,34010,천안시,M,unmarried,40-44,8231
2024,34010,천안시,F,total,40-44,26473
2024,34011,동남구,F,unmarried,20-24,10614
2024,34011,동남구,M,total,20-24,9759
2024,34011,동남구,M,unmarried,20-24,9709
2024,34011,동남구,F,total,20-24,10717
2024,34011,동남구,F,unmarried,25-29,6606
2024,34011,동남구,M,total,25-29,9358
2024,34011,동남구,M,unmarried,25-29,8800
2024,34011,동남구,F,total,25-29,7722
2024,34011,동남구,F,unmarried,30-34,3856
2024,34011,동남구,M,total,30-34,9109
2024,34011,동남구,M,unmarried,30-34,6536
2024,34011,동남구,F,total,30-34,7474
2024,34011,동남구,F,unmarried,35-39,1796
2024,34011,동남구,M,total,35-39,7926
2024,34011,동남구,M,unmarried,35-39,3576
2024,34011,동남구,F,total,35-39,6823
2024,34011,동남구,F,unmarried,40-44,1398
2024,34011,동남구,M,total,40-44,9995
2024,34011,동남구,M,unmarried,40-44,3011
2024,34011,동남구,F,total,40-44,9435
2024,34012,서북구,F,unmarried,20-24,11549
2024,34012,서북구,M,total,20-24,12785
2024,34012,서북구,M,unmarried,20-24,12710
2024,34012,서북구,F,total,20-24,11726
2024,34012,서북구,F,unmarried,25-29,11307
2024,34012,서북구,M,total,25-29,16556
2024,34012,서북구,M,unmarried,25-29,15520
2024,34012,서북구,F,total,25-29,13286
2024,34012,서북구,F,unmarried,30-34,7265
2024,34012,서북구,M,total,30-34,17494
2024,34012,서북구,M,unmarried,30-34,12780
2024,34012,서북구,F,total,30-34,14623
2024,34012,서북구,F,unmarried,35-39,3397
2024,34012,서북구,M,total,35-39,16880
2024,34012,서북구,M,unmarried,35-39,7395
2024,34012,서북구,F,total,35-39,14509
2024,34012,서북구,F,unmarried,40-44,2159
2024,34012,서북구,M,total,40-44,19616
2024,34012,서북구,M,unmarried,40-44,5220
2024,34012,서북구,F,total,40-44,17038
2024,34020,공주시,F,unmarried,20-24,3889
2024,34020,공주시,M,total,20-24,3162
2024,34020,공주시,M,unmarried,20-24,3147
2024,34020,공주시,F,total,20-24,3923
2024,34020,공주시,F,unmarried,25-29,1723
2024,34020,공주시,M,total,25-29,2614
2024,34020,공주시,M,unmarried,25-29,2479
2024,34020,공주시,F,total,25-29,1996
2024,34020,공주시,F,unmarried,30-34,1003
2024,34020,공주시,M,total,30-34,2350
2024,34020,공주시,M,unmarried,30-34,1837
2024,34020,공주시,F,total,30-34,1790
2024,34020,공주시,F,unmarried,35-39,531
2024,34020,공주시,M,total,35-39,2082
2024,34020,공주시,M,unmarried,35-39,1165
2024,34020,공주시,F,total,35-39,1802
2024,34020,공주시,F,unmarried,40-44,480
2024,34020,공주시,M,total,40-44,2691
2024,34020,공주시,M,unmarried,40-44,991
2024,34020,공주시,F,total,40-44,2499
2024,34030,보령시,F,unmarried,20-24,1117
2024,34030,보령시,M,total,20-24,1836
2024,34030,보령시,M,unmarried,20-24,1817
2024,34030,보령시,F,total,20-24,1147
2024,34030,보령시,F,unmarried,25-29,1297
2024,34030,보령시,M,total,25-29,2177
2024,34030,보령시,M,unmarried,25-29,2014
2024,34030,보령시,F,total,25-29,1600
2024,34030,보령시,F,unmarried,30-34,725
2024,34030,보령시,M,total,30-34,2131
2024,34030,보령시,M,unmarried,30-34,1596
2024,34030,보령시,F,total,30-34,1504
2024,34030,보령시,F,unmarried,35-39,391
2024,34030,보령시,M,total,35-39,2011
2024,34030,보령시,M,unmarried,35-39,970
2024,34030,보령시,F,total,35-39,1745
2024,34030,보령시,F,unmarried,40-44,335
2024,34030,보령시,M,total,40-44,2959
2024,34030,보령시,M,unmarried,40-44,1028
2024,34030,보령시,F,total,40-44,2477
2024,34040,아산시,F,unmarried,20-24,9552
2024,34040,아산시,M,total,20-24,11269
2024,34040,아산시,M,unmarried,20-24,11201
2024,34040,아산시,F,total,20-24,9727
2024,34040,아산시,F,unmarried,25-29,7234
2024,34040,아산시,M,total,25-29,12612
2024,34040,아산시,M,unmarried,25-29,11583
2024,34040,아산시,F,total,25-29,9102
2024,34040,아산시,F,unmarried,30-34,4443
2024,34040,아산시,M,total,30-34,13615
2024,34040,아산시,M,unmarried,30-34,8914
2024,34040,아산시,F,total,30-34,11308
2024,34040,아산시,F,unmarried,35-39,2133
2024,34040,아산시,M,total,35-39,14100
2024,34040,아산시,M,unmarried,35-39,5500
2024,34040,아산시,F,total,35-39,12349
2024,34040,아산시,F,unmarried,40-44,1467
2024,34040,아산시,M,total,40-44,17914
2024,34040,아산시,M,unmarried,40-44,4525
2024,34040,아산시,F,total,40-44,15242
2024,34050,서산시,F,unmarried,20-24,2567
2024,34050,서산시,M,total,20-24,4224
2024,34050,서산시,M,unmarried,20-24,4189
2024,34050,서산시,F,total,20-24,2656
2024,34050,서산시,F,unmarried,25-29,2581
2024,34050,서산시,M,total,25-29,5500
2024,34050,서산시,M,unmarried,25-29,5028
2024,34050,서산시,F,total,25-29,3414
2024,34050,서산시,F,unmarried,30-34,1531
2024,34050,서산시,M,total,30-34,5909
2024,34050,서산시,M,unmarried,30-34,3959
2024,34050,서산시,F,total,30-34,4040
2024,34050,서산시,F,unmarried,35-39,669
2024,34050,서산시,M,total,35-39,5434
2024,34050,서산시,M,unmarried,35-39,2339
2024,34050,서산시,F,total,35-39,4264
2024,34050,서산시,F,unmarried,40-44,583
2024,34050,서산시,M,total,40-44,6811
2024,34050,서산시,M,unmarried,40-44,1978
2024,34050,서산시,F,total,40-44,5906
2024,34060,논산시,F,unmarried,20-24,1896
2024,34060,논산시,M,total,20-24,2626
2024,34060,논산시,M,unmarried,20-24,2607
2024,34060,논산시,F,total,20-24,1946
2024,34060,논산시,F,unmarried,25-29,1632
2024,34060,논산시,M,total,25-29,2646
2024,34060,논산시,M,unmarried,25-29,2407
2024,34060,논산시,F,total,25-29,2022
2024,34060,논산시,F,unmarried,30-34,986
2024,34060,논산시,M,total,30-34,2550
2024,34060,논산시,M,unmarried,30-34,1786
2024,34060,논산시,F,total,30-34,1940
2024,34060,논산시,F,unmarried,35-39,559
2024,34060,논산시,M,total,35-39,2216
2024,34060,논산시,M,unmarried,35-39,1155
2024,34060,논산시,F,total,35-39,2098
2024,34060,논산시,F,unmarried,40-44,419
2024,34060,논산시,M,total,40-44,3029
2024,34060,논산시,M,unmarried,40-44,1034
2024,34060,논산시,F,total,40-44,2751
2024,34070,계룡시,F,unmarried,20-24,724
2024,34070,계룡시,M,total,20-24,1144
2024,34070,계룡시,M,unmarried,20-24,1140
2024,34070,계룡시,F,total,20-24,740
2024,34070,계룡시,F,unmarried,25-29,700
2024,34070,계룡시,M,total,25-29,1130
2024,34070,계룡시,M,unmarried,25-29,1036
2024,34070,계룡시,F,total,25-29,896
2024,34070,계룡시,F,unmarried,30-34,461
2024,34070,계룡시,M,total,30-34,1284
2024,34070,계룡시,M,unmarried,30-34,726
2024,34070,계룡시,F,total,30-34,1151
2024,34070,계룡시,F,unmarried,35-39,227
2024,34070,계룡시,M,total,35-39,1401
2024,34070,계룡시,M,unmarried,35-39,381
2024,34070,계룡시,F,total,35-39,1310
2024,34070,계룡시,F,unmarried,40-44,204
2024,34070,계룡시,M,total,40-44,1854
2024,34070,계룡시,M,unmarried,40-44,322
2024,34070,계룡시,F,total,40-44,1985
2024,34080,당진시,F,unmarried,20-24,2297
2024,34080,당진시,M,total,20-24,3489
2024,34080,당진시,M,unmarried,20-24,3468
2024,34080,당진시,F,total,20-24,2368
2024,34080,당진시,F,unmarried,25-29,2302
2024,34080,당진시,M,total,25-29,4691
2024,34080,당진시,M,unmarried,25-29,4306
2024,34080,당진시,F,total,25-29,3089
2024,34080,당진시,F,unmarried,30-34,1341
2024,34080,당진시,M,total,30-34,5562
2024,34080,당진시,M,unmarried,30-34,3737
2024,34080,당진시,F,total,30-34,3912
2024,34080,당진시,F,unmarried,35-39,645
2024,34080,당진시,M,total,35-39,6003
2024,34080,당진시,M,unmarried,35-39,2535
2024,34080,당진시,F,total,35-39,4550
2024,34080,당진시,F,unmarried,40-44,572
2024,34080,당진시,M,total,40-44,7909
2024,34080,당진시,M,unmarried,40-44,2298
2024,34080,당진시,F,total,40-44,6162
2024,34510,금산군,F,unmarried,20-24,1097
2024,34510,금산군,M,total,20-24,1310
2024,34510,금산군,M,unmarried,20-24,1308
2024,34510,금산군,F,total,20-24,1109
2024,34510,금산군,F,unmarried,25-29,519
2024,34510,금산군,M,total,25-29,901
2024,34510,금산군,M,unmarried,25-29,860
2024,34510,금산군,F,total,25-29,614
2024,34510,금산군,F,unmarried,30-34,368
2024,34510,금산군,M,total,30-34,794
2024,34510,금산군,M,unmarried,30-34,605
2024,34510,금산군,F,total,30-34,651
2024,34510,금산군,F,unmarried,35-39,209
2024,34510,금산군,M,total,35-39,781
2024,34510,금산군,M,unmarried,35-39,448
2024,34510,금산군,F,total,35-39,764
2024,34510,금산군,F,unmarried,40-44,199
2024,34510,금산군,M,total,40-44,1222
2024,34510,금산군,M,unmarried,40-44,464
2024,34510,금산군,F,total,40-44,1162
2024,34530,부여군,F,unmarried,20-24,816
2024,34530,부여군,M,total,20-24,1012
2024,34530,부여군,M,unmarried,20-24,1008
2024,34530,부여군,F,total,20-24,829
2024,34530,부여군,F,unmarried,25-29,682
2024,34530,부여군,M,total,25-29,1112
2024,34530,부여군,M,unmarried,25-29,1064
2024,34530,부여군,F,total,25-29,788
2024,34530,부여군,F,unmarried,30-34,427
2024,34530,부여군,M,total,30-34,949
2024,34530,부여군,M,unmarried,30-34,734
2024,34530,부여군,F,total,30-34,729
2024,34530,부여군,F,unmarried,35-39,248
2024,34530,부여군,M,total,35-39,907
2024,34530,부여군,M,unmarried,35-39,506
2024,34530,부여군,F,total,35-39,794
2024,34530,부여군,F,unmarried,40-44,194
2024,34530,부여군,M,total,40-44,1358
2024,34530,부여군,M,unmarried,40-44,530
2024,34530,부여군,F,total,40-44,1128
2024,34540,서천군,F,unmarried,20-24,423
2024,34540,서천군,M,total,20-24,677
2024,34540,서천군,M,unmarried,20-24,672
2024,34540,서천군,F,total,20-24,436
2024,34540,서천군,F,unmarried,25-29,480
2024,34540,서천군,M,total,25-29,841
2024,34540,서천군,M,unmarried,25-29,804
2024,34540,서천군,F,total,25-29,568
2024,34540,서천군,F,unmarried,30-34,309
2024,34540,서천군,M,total,30-34,773
2024,34540,서천군,M,unmarried,30-34,586
2024,34540,서천군,F,total,30-34,595
2024,34540,서천군,F,unmarried,35-39,167
2024,34540,서천군,M,total,35-39,751
2024,34540,서천군,M,unmarried,35-39,410
2024,34540,서천군,F,total,35-39,551
2024,34540,서천군,F,unmarried,40-44,163
2024,34540,서천군,M,total,40-44,1087
2024,34540,서천군,M,unmarried,40-44,420
2024,34540,서천군,F,total,40-44,913
2024,34550,청양군,F,unmarried,20-24,424
2024,34550,청양군,M,total,20-24,805
2024,34550,청양군,M,unmarried,20-24,803
2024,34550,청양군,F,total,20-24,431
2024,34550,청양군,F,unmarried,25-29,340
2024,34550,청양군,M,total,25-29,589
2024,34550,청양군,M,unmarried,25-29,558
2024,34550,청양군,F,total,25-29,405
2024,34550,청양군,F,unmarried,30-34,191
2024,34550,청양군,M,total,30-34,445
2024,34550,청양군,M,unmarried,30-34,363
2024,34550,청양군,F,total,30-34,342
2024,34550,청양군,F,unmarried,35-39,118
2024,34550,청양군,M,total,35-39,459
2024,34550,청양군,M,unmarried,35-39,279
2024,34550,청양군,F,total,35-39,387
2024,34550,청양군,F,unmarried,40-44,82
2024,34550,청양군,M,total,40-44,640
2024,34550,청양군,M,unmarried,40-44,263
2024,34550,청양군,F,total,40-44,472
2024,34560,홍성군,F,unmarried,20-24,2018
2024,34560,홍성군,M,total,20-24,2450
2024,34560,홍성군,M,unmarried,20-24,2434
2024,34560,홍성군,F,total,20-24,2050
2024,34560,홍성군,F,unmarried,25-29,1608
2024,34560,홍성군,M,total,25-29,2444
2024,34560,홍성군,M,unmarried,25-29,2265
2024,34560,홍성군,F,total,25-29,2019
2024,34560,홍성군,F,unmarried,30-34,1007
2024,34560,홍성군,M,total,30-34,2652
2024,34560,홍성군,M,unmarried,30-34,1818
2024,34560,홍성군,F,total,30-34,2196
2024,34560,홍성군,F,unmarried,35-39,474
2024,34560,홍성군,M,total,35-39,2471
2024,34560,홍성군,M,unmarried,35-39,1064
2024,34560,홍성군,F,total,35-39,2223
2024,34560,홍성군,F,unmarried,40-44,363
2024,34560,홍성군,M,total,40-44,3202
2024,34560,홍성군,M,unmarried,40-44,843
2024,34560,홍성군,F,total,40-44,3156
2024,34570,예산군,F,unmarried,20-24,1045
2024,34570,예산군,M,total,20-24,1480
2024,34570,예산군,M,unmarried,20-24,1474
2024,34570,예산군,F,total,20-24,1068
2024,34570,예산군,F,unmarried,25-29,944
2024,34570,예산군,M,total,25-29,1554
2024,34570,예산군,M,unmarried,25-29,1429
2024,34570,예산군,F,total,25-29,1207
2024,34570,예산군,F,unmarried,30-34,614
2024,34570,예산군,M,total,30-34,1689
2024,34570,예산군,M,unmarried,30-34,1178
2024,34570,예산군,F,total,30-34,1383
2024,34570,예산군,F,unmarried,35-39,359
2024,34570,예산군,M,total,35-39,1648
2024,34570,예산군,M,unmarried,35-39,799
2024,34570,예산군,F,total,35-39,1382
2024,34570,예산군,F,unmarried,40-44,310
2024,34570,예산군,M,total,40-44,2102
2024,34570,예산군,M,unmarried,40-44,718
2024,34570,예산군,F,total,40-44,1804
2024,34580,태안군,F,unmarried,20-24,622
2024,34580,태안군,M,total,20-24,1558
2024,34580,태안군,M,unmarried,20-24,1553
2024,34580,태안군,F,total,20-24,628
2024,34580,태안군,F,unmarried,25-29,656
2024,34580,태안군,M,total,25-29,1328
2024,34580,태안군,M,unmarried,25-29,1238
2024,34580,태안군,F,total,25-29,816
2024,34580,태안군,F,unmarried,30-34,365
2024,34580,태안군,M,total,30-34,1138
2024,34580,태안군,M,unmarried,30-34,867
2024,34580,태안군,F,total,30-34,752
2024,34580,태안군,F,unmarried,35-39,235
2024,34580,태안군,M,total,35-39,1043
2024,34580,태안군,M,unmarried,35-39,516
2024,34580,태안군,F,total,35-39,853
2024,34580,태안군,F,unmarried,40-44,198
2024,34580,태안군,M,total,40-44,1558
2024,34580,태안군,M,unmarried,40-44,580
2024,34580,태안군,F,total,40-44,1307
2024,35,전북특별자치도,F,unmarried,20-24,39777
2024,35,전북특별자치도,M,total,20-24,50414
2024,35,전북특별자치도,M,unmarried,20-24,50167
2024,35,전북특별자치도,F,total,20-24,40317
2024,35,전북특별자치도,F,unmarried,25-29,35816
2024,35,전북특별자치도,M,total,25-29,50195
2024,35,전북특별자치도,M,unmarried,25-29,47196
2024,35,전북특별자치도,F,total,25-29,41590
2024,35,전북특별자치도,F,unmarried,30-34,21608
2024,35,전북특별자치도,M,total,30-34,46374
2024,35,전북특별자치도,M,unmarried,30-34,33912
2024,35,전북특별자치도,F,total,30-34,40536
2024,35,전북특별자치도,F,unmarried,35-39,10208
2024,35,전북특별자치도,M,total,35-39,41484
2024,35,전북특별자치도,M,unmarried,35-39,19316
2024,35,전북특별자치도,F,total,35-39,39313
2024,35,전북특별자치도,F,unmarried,40-44,7712
2024,35,전북특별자치도,M,total,40-44,55853
2024,35,전북특별자치도,M,unmarried,40-44,17301
2024,35,전북특별자치도,F,total,40-44,53762
2024,35003,동부,F,unmarried,20-24,33669
2024,35003,동부,M,total,20-24,41158
2024,35003,동부,M,unmarried,20-24,40975
2024,35003,동부,F,total,20-24,34094
2024,35003,동부,F,unmarried,25-29,30039
2024,35003,동부,M,total,25-29,40624
2024,35003,동부,M,unmarried,25-29,38270
2024,35003,동부,F,total,25-29,34585
2024,35003,동부,F,unmarried,30-34,17710
2024,35003,동부,M,total,30-34,36965
2024,35003,동부,M,unmarried,30-34,26994
2024,35003,동부,F,total,30-34,32847
2024,35003,동부,F,unmarried,35-39,8104
2024,35003,동부,M,total,35-39,32660
2024,35003,동부,M,unmarried,35-39,14706
2024,35003,동부,F,total,35-39,31488
2024,35003,동부,F,unmarried,40-44,6032
2024,35003,동부,M,total,40-44,43807
2024,35003,동부,M,unmarried,40-44,12816
2024,35003,동부,F,total,40-44,43613
2024,35004,읍부,F,unmarried,20-24,2905
2024,35004,읍부,M,total,20-24,4163
2024,35004,읍부,M,unmarried,20-24,4138
2024,35004,읍부,F,total,20-24,2956
2024,35004,읍부,F,unmarried,25-29,2464
2024,35004,읍부,M,total,25-29,4061
2024,35004,읍부,M,unmarried,25-29,3724
2024,35004,읍부,F,total,25-29,3161
2024,35004,읍부,F,unmarried,30-34,1609
2024,35004,읍부,M,total,30-34,4116
2024,35004,읍부,M,unmarried,30-34,2697
2024,35004,읍부,F,total,30-34,3677
2024,35004,읍부,F,unmarried,35-39,763
2024,35004,읍부,M,total,35-39,3794
2024,35004,읍부,M,unmarried,35-39,1632
2024,35004,읍부,F,total,35-39,3725
2024,35004,읍부,F,unmarried,40-44,575
2024,35004,읍부,M,total,40-44,5041
2024,35004,읍부,M,unmarried,40-44,1458
2024,35004,읍부,F,total,40-44,4930
2024,35005,면부,F,unmarried,20-24,3203
2024,35005,면부,M,total,20-24,5093
2024,35005,면부,M,unmarried,20-24,5054
2024,35005,면부,F,total,20-24,3267
2024,35005,면부,F,unmarried,25-29,3313
2024,35005,면부,M,total,25-29,5510
2024,35005,면부,M,unmarried,25-29,5202
2024,35005,면부,F,total,25-29,3844
2024,35005,면부,F,unmarried,30-34,2289
2024,35005,면부,M,total,30-34,5293
2024,35005,면부,M,unmarried,30-34,4221
2024,35005,면부,F,total,30-34,4012
2024,35005,면부,F,unmarried,35-39,1341
2024,35005,면부,M,total,35-39,5030
2024,35005,면부,M,unmarried,35-39,2978
2024,35005,면부,F,total,35-39,4100
2024,35005,면부,F,unmarried,40-44,1105
2024,35005,면부,M,total,40-44,7005
2024,35005,면부,M,unmarried,40-44,3027
2024,35005,면부,F,total,40-44,5219
2024,35010,전주시,F,unmarried,20-24,19415
2024,35010,전주시,M,total,20-24,22268
2024,35010,전주시,M,unmarried,20-24,22171
2024,35010,전주시,F,total,20-24,19600
2024,35010,전주시,F,unmarried,25-29,17478
2024,35010,전주시,M,total,25-29,22214
2024,35010,전주시,M,unmarried,25-29,21067
2024,35010,전주시,F,total,25-29,19798
2024,35010,전주시,F,unmarried,30-34,10431
2024,35010,전주시,M,total,30-34,20628
2024,35010,전주시,M,unmarried,30-34,15026
2024,35010,전주시,F,total,30-34,18635
2024,35010,전주시,F,unmarried,35-39,4770
2024,35010,전주시,M,total,35-39,17814
2024,35010,전주시,M,unmarried,35-39,7918
2024,35010,전주시,F,total,35-39,17455
2024,35010,전주시,F,unmarried,40-44,3409
2024,35010,전주시,M,total,40-44,22823
2024,35010,전주시,M,unmarried,40-44,6412
2024,35010,전주시,F,total,40-44,23413
2024,35011,완산구,F,unmarried,20-24,9531
2024,35011,완산구,M,total,20-24,10714
2024,35011,완산구,M,unmarried,20-24,10663
2024,35011,완산구,F,total,20-24,9635
2024,35011,완산구,F,unmarried,25-29,9370
2024,35011,완산구,M,total,25-29,11187
2024,35011,완산구,M,unmarried,25-29,10648
2024,35011,완산구,F,total,25-29,10445
2024,35011,완산구,F,unmarried,30-34,5662
2024,35011,완산구,M,total,30-34,10221
2024,35011,완산구,M,unmarried,30-34,7786
2024,35011,완산구,F,total,30-34,9260
2024,35011,완산구,F,unmarried,35-39,2527
2024,35011,완산구,M,total,35-39,8279
2024,35011,완산구,M,unmarried,35-39,4097
2024,35011,완산구,F,total,35-39,8135
2024,35011,완산구,F,unmarried,40-44,1866
2024,35011,완산구,M,total,40-44,10584
2024,35011,완산구,M,unmarried,40-44,3284
2024,35011,완산구,F,total,40-44,11076
2024,35012,덕진구,F,unmarried,20-24,9884
2024,35012,덕진구,M,total,20-24,11554
2024,35012,덕진구,M,unmarried,20-24,11508
2024,35012,덕진구,F,total,20-24,9965
2024,35012,덕진구,F,unmarried,25-29,8108
2024,35012,덕진구,M,total,25-29,11027
2024,35012,덕진구,M,unmarried,25-29,10419
2024,35012,덕진구,F,total,25-29,9353
2024,35012,덕진구,F,unmarried,30-34,4769
2024,35012,덕진구,M,total,30-34,10407
2024,35012,덕진구,M,unmarried,30-34,7240
2024,35012,덕진구,F,total,30-34,9375
2024,35012,덕진구,F,unmarried,35-39,2243
2024,35012,덕진구,M,total,35-39,9535
2024,35012,덕진구,M,unmarried,35-39,3821
2024,35012,덕진구,F,total,35-39,9320
2024,35012,덕진구,F,unmarried,40-44,1543
2024,35012,덕진구,M,total,40-44,12239
2024,35012,덕진구,M,unmarried,40-44,3128
2024,35012,덕진구,F,total,40-44,12337
2024,35020,군산시,F,unmarried,20-24,5549
2024,35020,군산시,M,total,20-24,7337
2024,35020,군산시,M,unmarried,20-24,7309
2024,35020,군산시,F,total,20-24,5645
2024,35020,군산시,F,unmarried,25-29,4836
2024,35020,군산시,M,total,25-29,7414
2024,35020,군산시,M,unmarried,25-29,6966
2024,35020,군산시,F,total,25-29,5707
2024,35020,군산시,F,unmarried,30-34,2847
2024,35020,군산시,M,total,30-34,6961
2024,35020,군산시,M,unmarried,30-34,5080
2024,35020,군산시,F,total,30-34,5717
2024,35020,군산시,F,unmarried,35-39,1388
2024,35020,군산시,M,total,35-39,6630
2024,35020,군산시,M,unmarried,35-39,2973
2024,35020,군산시,F,total,35-39,6133
2024,35020,군산시,F,unmarried,40-44,1143
2024,35020,군산시,M,total,40-44,9894
2024,35020,군산시,M,unmarried,40-44,3032
2024,35020,군산시,F,total,40-44,9043
2024,35030,익산시,F,unmarried,20-24,7449
2024,35030,익산시,M,total,20-24,9494
2024,35030,익산시,M,unmarried,20-24,9464
2024,35030,익산시,F,total,20-24,7537
2024,35030,익산시,F,unmarried,25-29,5769
2024,35030,익산시,M,total,25-29,8561
2024,35030,익산시,M,unmarried,25-29,8019
2024,35030,익산시,F,total,25-29,6720
2024,35030,익산시,F,unmarried,30-34,3444
2024,35030,익산시,M,total,30-34,7284
2024,35030,익산시,M,unmarried,30-34,5440
2024,35030,익산시,F,total,30-34,6302
2024,35030,익산시,F,unmarried,35-39,1499
2024,35030,익산시,M,total,35-39,6251
2024,35030,익산시,M,unmarried,35-39,3101
2024,35030,익산시,F,total,35-39,5645
2024,35030,익산시,F,unmarried,40-44,1142
2024,35030,익산시,M,total,40-44,8241
2024,35030,익산시,M,unmarried,40-44,2702
2024,35030,익산시,F,total,40-44,7907
2024,35040,정읍시,F,unmarried,20-24,1323
2024,35040,정읍시,M,total,20-24,2021
2024,35040,정읍시,M,unmarried,20-24,2001
2024,35040,정읍시,F,total,20-24,1367
2024,35040,정읍시,F,unmarried,25-29,1619
2024,35040,정읍시,M,total,25-29,2311
2024,35040,정읍시,M,unmarried,25-29,2143
2024,35040,정읍시,F,total,25-29,1912
2024,35040,정읍시,F,unmarried,30-34,893
2024,35040,정읍시,M,total,30-34,2073
2024,35040,정읍시,M,unmarried,30-34,1553
2024,35040,정읍시,F,total,30-34,1704
2024,35040,정읍시,F,unmarried,35-39,470
2024,35040,정읍시,M,total,35-39,1934
2024,35040,정읍시,M,unmarried,35-39,1001
2024,35040,정읍시,F,total,35-39,1744
2024,35040,정읍시,F,unmarried,40-44,400
2024,35040,정읍시,M,total,40-44,2732
2024,35040,정읍시,M,unmarried,40-44,1010
2024,35040,정읍시,F,total,40-44,2514
2024,35050,남원시,F,unmarried,20-24,857
2024,35050,남원시,M,total,20-24,1357
2024,35050,남원시,M,unmarried,20-24,1346
2024,35050,남원시,F,total,20-24,875
2024,35050,남원시,F,unmarried,25-29,1068
2024,35050,남원시,M,total,25-29,1518
2024,35050,남원시,M,unmarried,25-29,1428
2024,35050,남원시,F,total,25-29,1245
2024,35050,남원시,F,unmarried,30-34,645
2024,35050,남원시,M,total,30-34,1395
2024,35050,남원시,M,unmarried,30-34,1056
2024,35050,남원시,F,total,30-34,1251
2024,35050,남원시,F,unmarried,35-39,340
2024,35050,남원시,M,total,35-39,1364
2024,35050,남원시,M,unmarried,35-39,692
2024,35050,남원시,F,total,35-39,1312
2024,35050,남원시,F,unmarried,40-44,254
2024,35050,남원시,M,total,40-44,1889
2024,35050,남원시,M,unmarried,40-44,617
2024,35050,남원시,F,total,40-44,1830
2024,35060,김제시,F,unmarried,20-24,1015
2024,35060,김제시,M,total,20-24,1513
2024,35060,김제시,M,unmarried,20-24,1490
2024,35060,김제시,F,total,20-24,1052
2024,35060,김제시,F,unmarried,25-29,1101
2024,35060,김제시,M,total,25-29,1811
2024,35060,김제시,M,unmarried,25-29,1661
2024,35060,김제시,F,total,25-29,1338
2024,35060,김제시,F,unmarried,30-34,680
2024,35060,김제시,M,total,30-34,1675
2024,35060,김제시,M,unmarried,30-34,1234
2024,35060,김제시,F,total,30-34,1431
2024,35060,김제시,F,unmarried,35-39,356
2024,35060,김제시,M,total,35-39,1517
2024,35060,김제시,M,unmarried,35-39,750
2024,35060,김제시,F,total,35-39,1401
2024,35060,김제시,F,unmarried,40-44,294
2024,35060,김제시,M,total,40-44,2093
2024,35060,김제시,M,unmarried,40-44,741
2024,35060,김제시,F,total,40-44,1775
2024,35510,완주군,F,unmarried,20-24,2031
2024,35510,완주군,M,total,20-24,2974
2024,35510,완주군,M,unmarried,20-24,2962
2024,35510,완주군,F,total,20-24,2059
2024,35510,완주군,F,unmarried,25-29,1682
2024,35510,완주군,M,total,25-29,2696
2024,35510,완주군,M,unmarried,25-29,2448
2024,35510,완주군,F,total,25-29,2186
2024,35510,완주군,F,unmarried,30-34,1149
2024,35510,완주군,M,total,30-34,3019
2024,35510,완주군,M,unmarried,30-34,1880
2024,35510,완주군,F,total,30-34,2623
2024,35510,완주군,F,unmarried,35-39,571
2024,35510,완주군,M,total,35-39,2606
2024,35510,완주군,M,unmarried,35-39,1048
2024,35510,완주군,F,total,35-39,2512
2024,35510,완주군,F,unmarried,40-44,423
2024,35510,완주군,M,total,40-44,3335
2024,35510,완주군,M,unmarried,40-44,1022
2024,35510,완주군,F,total,40-44,3085
2024,35520,진안군,F,unmarried,20-24,228
2024,35520,진안군,M,total,20-24,353
2024,35520,진안군,M,unmarried,20-24,349
2024,35520,진안군,F,total,20-24,231
2024,35520,진안군,F,unmarried,25-29,240
2024,35520,진안군,M,total,25-29,389
2024,35520,진안군,M,unmarried,25-29,365
2024,35520,진안군,F,total,25-29,286
2024,35520,진안군,F,unmarried,30-34,142
2024,35520,진안군,M,total,30-34,324
2024,35520,진안군,M,unmarried,30-34,260
2024,35520,진안군,F,total,30-34,303
2024,35520,진안군,F,unmarried,35-39,75
2024,35520,진안군,M,total,35-39,277
2024,35520,진안군,M,unmarried,35-39,163
2024,35520,진안군,F,total,35-39,331
2024,35520,진안군,F,unmarried,40-44,60
2024,35520,진안군,M,total,40-44,444
2024,35520,진안군,M,unmarried,40-44,161
2024,35520,진안군,F,total,40-44,406
2024,35530,무주군,F,unmarried,20-24,202
2024,35530,무주군,M,total,20-24,363
2024,35530,무주군,M,unmarried,20-24,359
2024,35530,무주군,F,total,20-24,209
2024,35530,무주군,F,unmarried,25-29,241
2024,35530,무주군,M,total,25-29,389
2024,35530,무주군,M,unmarried,25-29,374
2024,35530,무주군,F,total,25-29,286
2024,35530,무주군,F,unmarried,30-34,170
2024,35530,무주군,M,total,30-34,383
2024,35530,무주군,M,unmarried,30-34,300
2024,35530,무주군,F,total,30-34,307
2024,35530,무주군,F,unmarried,35-39,93
2024,35530,무주군,M,total,35-39,372
2024,35530,무주군,M,unmarried,35-39,205
2024,35530,무주군,F,total,35-39,307
2024,35530,무주군,F,unmarried,40-44,67
2024,35530,무주군,M,total,40-44,536
2024,35530,무주군,M,unmarried,40-44,185
2024,35530,무주군,F,total,40-44,436
2024,35540,장수군,F,unmarried,20-24,178
2024,35540,장수군,M,total,20-24,274
2024,35540,장수군,M,unmarried,20-24,272
2024,35540,장수군,F,total,20-24,180
2024,35540,장수군,F,unmarried,25-29,195
2024,35540,장수군,M,total,25-29,333
2024,35540,장수군,M,unmarried,25-29,313
2024,35540,장수군,F,total,25-29,233
2024,35540,장수군,F,unmarried,30-34,110
2024,35540,장수군,M,total,30-34,275
2024,35540,장수군,M,unmarried,30-34,228
2024,35540,장수군,F,total,30-34,219
2024,35540,장수군,F,unmarried,35-39,80
2024,35540,장수군,M,total,35-39,322
2024,35540,장수군,M,unmarried,35-39,183
2024,35540,장수군,F,total,35-39,293
2024,35540,장수군,F,unmarried,40-44,60
2024,35540,장수군,M,total,40-44,457
2024,35540,장수군,M,unmarried,40-44,186
2024,35540,장수군,F,total,40-44,392
2024,35550,임실군,F,unmarried,20-24,335
2024,35550,임실군,M,total,20-24,490
2024,35550,임실군,M,unmarried,20-24,488
2024,35550,임실군,F,total,20-24,340
2024,35550,임실군,F,unmarried,25-29,271
2024,35550,임실군,M,total,25-29,465
2024,35550,임실군,M,unmarried,25-29,432
2024,35550,임실군,F,total,25-29,321
2024,35550,임실군,F,unmarried,30-34,156
2024,35550,임실군,M,total,30-34,431
2024,35550,임실군,M,unmarried,30-34,320
2024,35550,임실군,F,total,30-34,327
2024,35550,임실군,F,unmarried,35-39,62
2024,35550,임실군,M,total,35-39,396
2024,35550,임실군,M,unmarried,35-39,198
2024,35550,임실군,F,total,35-39,331
2024,35550,임실군,F,unmarried,40-44,51
2024,35550,임실군,M,total,40-44,521
2024,35550,임실군,M,unmarried,40-44,194
2024,35550,임실군,F,total,40-44,385
2024,35560,순창군,F,unmarried,20-24,285
2024,35560,순창군,M,total,20-24,439
2024,35560,순창군,M,unmarried,20-24,438
2024,35560,순창군,F,total,20-24,289
2024,35560,순창군,F,unmarried,25-29,290
2024,35560,순창군,M,total,25-29,444
2024,35560,순창군,M,unmarried,25-29,421
2024,35560,순창군,F,total,25-29,343
2024,35560,순창군,F,unmarried,30-34,189
2024,35560,순창군,M,total,30-34,358
2024,35560,순창군,M,unmarried,30-34,292
2024,35560,순창군,F,total,30-34,367
2024,35560,순창군,F,unmarried,35-39,102
2024,35560,순창군,M,total,35-39,403
2024,35560,순창군,M,unmarried,35-39,224
2024,35560,순창군,F,total,35-39,413
2024,35560,순창군,F,unmarried,40-44,72
2024,35560,순창군,M,total,40-44,570
2024,35560,순창군,M,unmarried,40-44,197
2024,35560,순창군,F,total,40-44,562
2024,35570,고창군,F,unmarried,20-24,467
2024,35570,고창군,M,total,20-24,721
2024,35570,고창군,M,unmarried,20-24,714
2024,35570,고창군,F,total,20-24,480
2024,35570,고창군,F,unmarried,25-29,528
2024,35570,고창군,M,total,25-29,849
2024,35570,고창군,M,unmarried,25-29,799
2024,35570,고창군,F,total,25-29,619
2024,35570,고창군,F,unmarried,30-34,393
2024,35570,고창군,M,total,30-34,802
2024,35570,고창군,M,unmarried,30-34,655
2024,35570,고창군,F,total,30-34,699
2024,35570,고창군,F,unmarried,35-39,201
2024,35570,고창군,M,total,35-39,793
2024,35570,고창군,M,unmarried,35-39,414
2024,35570,고창군,F,total,35-39,746
2024,35570,고창군,F,unmarried,40-44,161
2024,35570,고창군,M,total,40-44,1188
2024,35570,고창군,M,unmarried,40-44,441
2024,35570,고창군,F,total,40-44,995
2024,35580,부안군,F,unmarried,20-24,443
2024,35580,부안군,M,total,20-24,810
2024,35580,부안군,M,unmarried,20-24,804
2024,35580,부안군,F,total,20-24,453
2024,35580,부안군,F,unmarried,25-29,498
2024,35580,부안군,M,total,25-29,801
2024,35580,부안군,M,unmarried,25-29,760
2024,35580,부안군,F,total,25-29,596
2024,35580,부안군,F,unmarried,30-34,359
2024,35580,부안군,M,total,30-34,766
2024,35580,부안군,M,unmarried,30-34,588
2024,35580,부안군,F,total,30-34,651
2024,35580,부안군,F,unmarried,35-39,201
2024,35580,부안군,M,total,35-39,805
2024,35580,부안군,M,unmarried,35-39,446
2024,35580,부안군,F,total,35-39,690
2024,35580,부안군,F,unmarried,40-44,176
2024,35580,부안군,M,total,40-44,1130
2024,35580,부안군,M,unmarried,40-44,401
2024,35580,부안군,F,total,40-44,1019
2024,36,전라남도,F,unmarried,20-24,27654
2024,36,전라남도,M,total,20-24,41177
2024,36,전라남도,M,unmarried,20-24,40919
2024,36,전라남도,F,total,20-24,28338
2024,36,전라남도,F,unmarried,25-29,31105
2024,36,전라남도,M,total,25-29,47167
2024,36,전라남도,M,unmarried,25-29,43719
2024,36,전라남도,F,total,25-29,37421
2024,36,전라남도,F,unmarried,30-34,17783
2024,36,전라남도,M,total,30-34,44624
2024,36,전라남도,M,unmarried,30-34,31157
2024,36,전라남도,F,total,30-34,38253
2024,36,전라남도,F,unmarried,35-39,8022
2024,36,전라남도,M,total,35-39,40926
2024,36,전라남도,M,unmarried,35-39,17656
2024,36,전라남도,F,total,35-39,37770
2024,36,전라남도,F,unmarried,40-44,6387
2024,36,전라남도,M,total,40-44,57450
2024,36,전라남도,M,unmarried,40-44,17339
2024,36,전라남도,F,total,40-44,51729
2024,36003,동부,F,unmarried,20-24,15398
2024,36003,동부,M,total,20-24,22198
2024,36003,동부,M,unmarried,20-24,22067
2024,36003,동부,F,total,20-24,15748
2024,36003,동부,F,unmarried,25-29,17282
2024,36003,동부,M,total,25-29,25502
2024,36003,동부,M,unmarried,25-29,23703
2024,36003,동부,F,total,25-29,20585
2024,36003,동부,F,unmarried,30-34,9754
2024,36003,동부,M,total,30-34,24365
2024,36003,동부,M,unmarried,30-34,16965
2024,36003,동부,F,total,30-34,20610
2024,36003,동부,F,unmarried,35-39,4205
2024,36003,동부,M,total,35-39,21371
2024,36003,동부,M,unmarried,35-39,9060
2024,36003,동부,F,total,35-39,19576
2024,36003,동부,F,unmarried,40-44,3358
2024,36003,동부,M,total,40-44,28974
2024,36003,동부,M,unmarried,40-44,8549
2024,36003,동부,F,total,40-44,27158
2024,36004,읍부,F,unmarried,20-24,6708
2024,36004,읍부,M,total,20-24,9861
2024,36004,읍부,M,unmarried,20-24,9792
2024,36004,읍부,F,total,20-24,6916
2024,36004,읍부,F,unmarried,25-29,7623
2024,36004,읍부,M,total,25-29,11214
2024,36004,읍부,M,unmarried,25-29,10266
2024,36004,읍부,F,total,25-29,9393
2024,36004,읍부,F,unmarried,30-34,4302
2024,36004,읍부,M,total,30-34,10542
2024,36004,읍부,M,unmarried,30-34,7096
2024,36004,읍부,F,total,30-34,9876
2024,36004,읍부,F,unmarried,35-39,1945
2024,36004,읍부,M,total,35-39,10227
2024,36004,읍부,M,unmarried,35-39,4194
2024,36004,읍부,F,total,35-39,10208
2024,36004,읍부,F,unmarried,40-44,1555
2024,36004,읍부,M,total,40-44,15089
2024,36004,읍부,M,unmarried,40-44,4141
2024,36004,읍부,F,total,40-44,14318
2024,36005,면부,F,unmarried,20-24,5548
2024,36005,면부,M,total,20-24,9118
2024,36005,면부,M,unmarried,20-24,9060
2024,36005,면부,F,total,20-24,5674
2024,36005,면부,F,unmarried,25-29,6200
2024,36005,면부,M,total,25-29,10451
2024,36005,면부,M,unmarried,25-29,9750
2024,36005,면부,F,total,25-29,7443
2024,36005,면부,F,unmarried,30-34,3727
2024,36005,면부,M,total,30-34,9717
2024,36005,면부,M,unmarried,30-34,7096
2024,36005,면부,F,total,30-34,7767
2024,36005,면부,F,unmarried,35-39,1872
2024,36005,면부,M,total,35-39,9328
2024,36005,면부,M,unmarried,35-39,4402
2024,36005,면부,F,total,35-39,7986
2024,36005,면부,F,unmarried,40-44,1474
2024,36005,면부,M,total,40-44,13387
2024,36005,면부,M,unmarried,40-44,4649
2024,36005,면부,F,total,40-44,10253
2024,36010,목포시,F,unmarried,20-24,4435
2024,36010,목포시,M,total,20-24,6485
2024,36010,목포시,M,unmarried,20-24,6442
2024,36010,목포시,F,total,20-24,4544
2024,36010,목포시,F,unmarried,25-29,4579
2024,36010,목포시,M,total,25-29,6201
2024,36010,목포시,M,unmarried,25-29,5807
2024,36010,목포시,F,total,25-29,5323
2024,36010,목포시,F,unmarried,30-34,2532
2024,36010,목포시,M,total,30-34,5355
2024,36010,목포시,M,unmarried,30-34,3945
2024,36010,목포시,F,total,30-34,4779
2024,36010,목포시,F,unmarried,35-39,1222
2024,36010,목포시,M,total,35-39,5077
2024,36010,목포시,M,unmarried,35-39,2505
2024,36010,목포시,F,total,35-39,4935
2024,36010,목포시,F,unmarried,40-44,1120
2024,36010,목포시,M,total,40-44,8167
2024,36010,목포시,M,unmarried,40-44,2772
2024,36010,목포시,F,total,40-44,7708
2024,36020,여수시,F,unmarried,20-24,4146
2024,36020,여수시,M,total,20-24,6847
2024,36020,여수시,M,unmarried,20-24,6809
2024,36020,여수시,F,total,20-24,4251
2024,36020,여수시,F,unmarried,25-29,5113
2024,36020,여수시,M,total,25-29,8200
2024,36020,여수시,M,unmarried,25-29,7586
2024,36020,여수시,F,total,25-29,6155
2024,36020,여수시,F,unmarried,30-34,2877
2024,36020,여수시,M,total,30-34,7661
2024,36020,여수시,M,unmarried,30-34,5344
2024,36020,여수시,F,total,30-34,6167
2024,36020,여수시,F,unmarried,35-39,1256
2024,36020,여수시,M,total,35-39,6868
2024,36020,여수시,M,unmarried,35-39,2901
2024,36020,여수시,F,total,35-39,5890
2024,36020,여수시,F,unmarried,40-44,1049
2024,36020,여수시,M,total,40-44,9301
2024,36020,여수시,M,unmarried,40-44,2844
2024,36020,여수시,F,total,40-44,8306
2024,36030,순천시,F,unmarried,20-24,6093
2024,36030,순천시,M,total,20-24,7800
2024,36030,순천시,M,unmarried,20-24,7766
2024,36030,순천시,F,total,20-24,6205
2024,36030,순천시,F,unmarried,25-29,6208
2024,36030,순천시,M,total,25-29,8622
2024,36030,순천시,M,unmarried,25-29,7996
2024,36030,순천시,F,total,25-29,7327
2024,36030,순천시,F,unmarried,30-34,3612
2024,36030,순천시,M,total,30-34,8499
2024,36030,순천시,M,unmarried,30-34,5822
2024,36030,순천시,F,total,30-34,7650
2024,36030,순천시,F,unmarried,35-39,1432
2024,36030,순천시,M,total,35-39,7522
2024,36030,순천시,M,unmarried,35-39,2871
2024,36030,순천시,F,total,35-39,7179
2024,36030,순천시,F,unmarried,40-44,1039
2024,36030,순천시,M,total,40-44,9596
2024,36030,순천시,M,unmarried,40-44,2412
2024,36030,순천시,F,total,40-44,9508
2024,36040,나주시,F,unmarried,20-24,1935
2024,36040,나주시,M,total,20-24,2505
2024,36040,나주시,M,unmarried,20-24,2495
2024,36040,나주시,F,total,20-24,1977
2024,36040,나주시,F,unmarried,25-29,2338
2024,36040,나주시,M,total,25-29,3003
2024,36040,나주시,M,unmarried,25-29,2804
2024,36040,나주시,F,total,25-29,2811
2024,36040,나주시,F,unmarried,30-34,1578
2024,36040,나주시,M,total,30-34,3646
2024,36040,나주시,M,unmarried,30-34,2445
2024,36040,나주시,F,total,30-34,3343
2024,36040,나주시,F,unmarried,35-39,676
2024,36040,나주시,M,total,35-39,3355
2024,36040,나주시,M,unmarried,35-39,1312
2024,36040,나주시,F,total,35-39,3374
2024,36040,나주시,F,unmarried,40-44,515
2024,36040,나주시,M,total,40-44,4338
2024,36040,나주시,M,unmarried,40-44,1185
2024,36040,나주시,F,total,40-44,3943
2024,36060,광양시,F,unmarried,20-24,2005
2024,36060,광양시,M,total,20-24,3511
2024,36060,광양시,M,unmarried,20-24,3480
2024,36060,광양시,F,total,20-24,2077
2024,36060,광양시,F,unmarried,25-29,2960
2024,36060,광양시,M,total,25-29,5544
2024,36060,광양시,M,unmarried,25-29,5059
2024,36060,광양시,F,total,25-29,3816
2024,36060,광양시,F,unmarried,30-34,1617
2024,36060,광양시,M,total,30-34,5623
2024,36060,광양시,M,unmarried,30-34,3679
2024,36060,광양시,F,total,30-34,4324
2024,36060,광양시,F,unmarried,35-39,660
2024,36060,광양시,M,total,35-39,4683
2024,36060,광양시,M,unmarried,35-39,1807
2024,36060,광양시,F,total,35-39,3918
2024,36060,광양시,F,unmarried,40-44,437
2024,36060,광양시,M,total,40-44,5916
2024,36060,광양시,M,unmarried,40-44,1620
2024,36060,광양시,F,total,40-44,5103
2024,36510,담양군,F,unmarried,20-24,471
2024,36510,담양군,M,total,20-24,759
2024,36510,담양군,M,unmarried,20-24,755
2024,36510,담양군,F,total,20-24,479
2024,36510,담양군,F,unmarried,25-29,604
2024,36510,담양군,M,total,25-29,1019
2024,36510,담양군,M,unmarried,25-29,936
2024,36510,담양군,F,total,25-29,730
2024,36510,담양군,F,unmarried,30-34,378
2024,36510,담양군,M,total,30-34,788
2024,36510,담양군,M,unmarried,30-34,578
2024,36510,담양군,F,total,30-34,732
2024,36510,담양군,F,unmarried,35-39,185
2024,36510,담양군,M,total,35-39,774
2024,36510,담양군,M,unmarried,35-39,398
2024,36510,담양군,F,total,35-39,720
2024,36510,담양군,F,unmarried,40-44,118
2024,36510,담양군,M,total,40-44,1040
2024,36510,담양군,M,unmarried,40-44,362
2024,36510,담양군,F,total,40-44,930
2024,36520,곡성군,F,unmarried,20-24,381
2024,36520,곡성군,M,total,20-24,608
2024,36520,곡성군,M,unmarried,20-24,606
2024,36520,곡성군,F,total,20-24,385
2024,36520,곡성군,F,unmarried,25-29,349
2024,36520,곡성군,M,total,25-29,535
2024,36520,곡성군,M,unmarried,25-29,506
2024,36520,곡성군,F,total,25-29,397
2024,36520,곡성군,F,unmarried,30-34,217
2024,36520,곡성군,M,total,30-34,455
2024,36520,곡성군,M,unmarried,30-34,350
2024,36520,곡성군,F,total,30-34,378
2024,36520,곡성군,F,unmarried,35-39,93
2024,36520,곡성군,M,total,35-39,364
2024,36520,곡성군,M,unmarried,35-39,203
2024,36520,곡성군,F,total,35-39,323
2024,36520,곡성군,F,unmarried,40-44,75
2024,36520,곡성군,M,total,40-44,565
2024,36520,곡성군,M,unmarried,40-44,212
2024,36520,곡성군,F,total,40-44,477
2024,36530,구례군,F,unmarried,20-24,240
2024,36530,구례군,M,total,20-24,357
2024,36530,구례군,M,unmarried,20-24,356
2024,36530,구례군,F,total,20-24,243
2024,36530,구례군,F,unmarried,25-29,237
2024,36530,구례군,M,total,25-29,363
2024,36530,구례군,M,unmarried,25-29,351
2024,36530,구례군,F,total,25-29,269
2024,36530,구례군,F,unmarried,30-34,150
2024,36530,구례군,M,total,30-34,304
2024,36530,구례군,M,unmarried,30-34,235
2024,36530,구례군,F,total,30-34,277
2024,36530,구례군,F,unmarried,35-39,96
2024,36530,구례군,M,total,35-39,287
2024,36530,구례군,M,unmarried,35-39,173
2024,36530,구례군,F,total,35-39,323
2024,36530,구례군,F,unmarried,40-44,82
2024,36530,구례군,M,total,40-44,503
2024,36530,구례군,M,unmarried,40-44,198
2024,36530,구례군,F,total,40-44,429
2024,36550,고흥군,F,unmarried,20-24,402
2024,36550,고흥군,M,total,20-24,745
2024,36550,고흥군,M,unmarried,20-24,741
2024,36550,고흥군,F,total,20-24,418
2024,36550,고흥군,F,unmarried,25-29,510
2024,36550,고흥군,M,total,25-29,824
2024,36550,고흥군,M,unmarried,25-29,769
2024,36550,고흥군,F,total,25-29,621
2024,36550,고흥군,F,unmarried,30-34,329
2024,36550,고흥군,M,total,30-34,782
2024,36550,고흥군,M,unmarried,30-34,604
2024,36550,고흥군,F,total,30-34,641
2024,36550,고흥군,F,unmarried,35-39,159
2024,36550,고흥군,M,total,35-39,772
2024,36550,고흥군,M,unmarried,35-39,436
2024,36550,고흥군,F,total,35-39,678
2024,36550,고흥군,F,unmarried,40-44,149
2024,36550,고흥군,M,total,40-44,1161
2024,36550,고흥군,M,unmarried,40-44,449
2024,36550,고흥군,F,total,40-44,984
2024,36560,보성군,F,unmarried,20-24,288
2024,36560,보성군,M,total,20-24,488
2024,36560,보성군,M,unmarried,20-24,482
2024,36560,보성군,F,total,20-24,299
2024,36560,보성군,F,unmarried,25-29,365
2024,36560,보성군,M,total,25-29,548
2024,36560,보성군,M,unmarried,25-29,520
2024,36560,보성군,F,total,25-29,431
2024,36560,보성군,F,unmarried,30-34,185
2024,36560,보성군,M,total,30-34,498
2024,36560,보성군,M,unmarried,30-34,394
2024,36560,보성군,F,total,30-34,394
2024,36560,보성군,F,unmarried,35-39,123
2024,36560,보성군,M,total,35-39,517
2024,36560,보성군,M,unmarried,35-39,291
2024,36560,보성군,F,total,35-39,422
2024,36560,보성군,F,unmarried,40-44,99
2024,36560,보성군,M,total,40-44,712
2024,36560,보성군,M,unmarried,40-44,292
2024,36560,보성군,F,total,40-44,604
2024,36570,화순군,F,unmarried,20-24,1132
2024,36570,화순군,M,total,20-24,1361
2024,36570,화순군,M,unmarried,20-24,1358
2024,36570,화순군,F,total,20-24,1149
2024,36570,화순군,F,unmarried,25-29,1153
2024,36570,화순군,M,total,25-29,1438
2024,36570,화순군,M,unmarried,25-29,1333
2024,36570,화순군,F,total,25-29,1334
2024,36570,화순군,F,unmarried,30-34,591
2024,36570,화순군,M,total,30-34,1240
2024,36570,화순군,M,unmarried,30-34,924
2024,36570,화순군,F,total,30-34,1115
2024,36570,화순군,F,unmarried,35-39,267
2024,36570,화순군,M,total,35-39,935
2024,36570,화순군,M,unmarried,35-39,452
2024,36570,화순군,F,total,35-39,954
2024,36570,화순군,F,unmarried,40-44,211
2024,36570,화순군,M,total,40-44,1445
2024,36570,화순군,M,unmarried,40-44,504
2024,36570,화순군,F,total,40-44,1406
2024,36580,장흥군,F,unmarried,20-24,318
2024,36580,장흥군,M,total,20-24,528
2024,36580,장흥군,M,unmarried,20-24,523
2024,36580,장흥군,F,total,20-24,331
2024,36580,장흥군,F,unmarried,25-29,391
2024,36580,장흥군,M,total,25-29,609
2024,36580,장흥군,M,unmarried,25-29,570
2024,36580,장흥군,F,total,25-29,461
2024,36580,장흥군,F,unmarried,30-34,208
2024,36580,장흥군,M,total,30-34,568
2024,36580,장흥군,M,unmarried,30-34,416
2024,36580,장흥군,F,total,30-34,456
2024,36580,장흥군,F,unmarried,35-39,125
2024,36580,장흥군,M,total,35-39,538
2024,36580,장흥군,M,unmarried,35-39,287
2024,36580,장흥군,F,total,35-39,513
2024,36580,장흥군,F,unmarried,40-44,90
2024,36580,장흥군,M,total,40-44,852
2024,36580,장흥군,M,unmarried,40-44,260
2024,36580,장흥군,F,total,40-44,674
2024,36590,강진군,F,unmarried,20-24,307
2024,36590,강진군,M,total,20-24,488
2024,36590,강진군,M,unmarried,20-24,477
2024,36590,강진군,F,total,20-24,322
2024,36590,강진군,F,unmarried,25-29,377
2024,36590,강진군,M,total,25-29,604
2024,36590,강진군,M,unmarried,25-29,558
2024,36590,강진군,F,total,25-29,449
2024,36590,강진군,F,unmarried,30-34,211
2024,36590,강진군,M,total,30-34,530
2024,36590,강진군,M,unmarried,30-34,401
2024,36590,강진군,F,total,30-34,445
2024,36590,강진군,F,unmarried,35-39,109
2024,36590,강진군,M,total,35-39,501
2024,36590,강진군,M,unmarried,35-39,261
2024,36590,강진군,F,total,35-39,494
2024,36590,강진군,F,unmarried,40-44,85
2024,36590,강진군,M,total,40-44,690
2024,36590,강진군,M,unmarried,40-44,230
2024,36590,강진군,F,total,40-44,647
2024,36600,해남군,F,unmarried,20-24,571
2024,36600,해남군,M,total,20-24,993
2024,36600,해남군,M,unmarried,20-24,989
2024,36600,해남군,F,total,20-24,587
2024,36600,해남군,F,unmarried,25-29,722
2024,36600,해남군,M,total,25-29,1117
2024,36600,해남군,M,unmarried,25-29,1036
2024,36600,해남군,F,total,25-29,900
2024,36600,해남군,F,unmarried,30-34,358
2024,36600,해남군,M,total,30-34,989
2024,36600,해남군,M,unmarried,30-34,695
2024,36600,해남군,F,total,30-34,822
2024,36600,해남군,F,unmarried,35-39,191
2024,36600,해남군,M,total,35-39,1019
2024,36600,해남군,M,unmarried,35-39,492
2024,36600,해남군,F,total,35-39,876
2024,36600,해남군,F,unmarried,40-44,168
2024,36600,해남군,M,total,40-44,1481
2024,36600,해남군,M,unmarried,40-44,494
2024,36600,해남군,F,total,40-44,1363
2024,36610,영암군,F,unmarried,20-24,740
2024,36610,영암군,M,total,20-24,1291
2024,36610,영암군,M,unmarried,20-24,1285
2024,36610,영암군,F,total,20-24,765
2024,36610,영암군,F,unmarried,25-29,768
2024,36610,영암군,M,total,25-29,1284
2024,36610,영암군,M,unmarried,25-29,1194
2024,36610,영암군,F,total,25-29,927
2024,36610,영암군,F,unmarried,30-34,402
2024,36610,영암군,M,total,30-34,992
2024,36610,영암군,M,unmarried,30-34,741
2024,36610,영암군,F,total,30-34,815
2024,36610,영암군,F,unmarried,35-39,171
2024,36610,영암군,M,total,35-39,978
2024,36610,영암군,M,unmarried,35-39,515
2024,36610,영암군,F,total,35-39,892
2024,36610,영암군,F,unmarried,40-44,165
2024,36610,영암군,M,total,40-44,1788
2024,36610,영암군,M,unmarried,40-44,656
2024,36610,영암군,F,total,40-44,1242
2024,36620,무안군,F,unmarried,20-24,2271
2024,36620,무안군,M,total,20-24,3051
2024,36620,무안군,M,unmarried,20-24,3034
2024,36620,무안군,F,total,20-24,2306
2024,36620,무안군,F,unmarried,25-29,1724
2024,36620,무안군,M,total,25-29,2545
2024,36620,무안군,M,unmarried,25-29,2346
2024,36620,무안군,F,total,25-29,2100
2024,36620,무안군,F,unmarried,30-34,1040
2024,36620,무안군,M,total,30-34,2583
2024,36620,무안군,M,unmarried,30-34,1603
2024,36620,무안군,F,total,30-34,2577
2024,36620,무안군,F,unmarried,35-39,432
2024,36620,무안군,M,total,35-39,2614
2024,36620,무안군,M,unmarried,35-39,847
2024,36620,무안군,F,total,35-39,2653
2024,36620,무안군,F,unmarried,40-44,350
2024,36620,무안군,M,total,40-44,3773
2024,36620,무안군,M,unmarried,40-44,755
2024,36620,무안군,F,total,40-44,3694
2024,36630,함평군,F,unmarried,20-24,274
2024,36630,함평군,M,total,20-24,431
2024,36630,함평군,M,unmarried,20-24,426
2024,36630,함평군,F,total,20-24,288
2024,36630,함평군,F,unmarried,25-29,306
2024,36630,함평군,M,total,25-29,526
2024,36630,함평군,M,unmarried,25-29,495
2024,36630,함평군,F,total,25-29,353
2024,36630,함평군,F,unmarried,30-34,149
2024,36630,함평군,M,total,30-34,492
2024,36630,함평군,M,unmarried,30-34,391
2024,36630,함평군,F,total,30-34,320
2024,36630,함평군,F,unmarried,35-39,108
2024,36630,함평군,M,total,35-39,387
2024,36630,함평군,M,unmarried,35-39,195
2024,36630,함평군,F,total,35-39,373
2024,36630,함평군,F,unmarried,40-44,72
2024,36630,함평군,M,total,40-44,633
2024,36630,함평군,M,unmarried,40-44,280
2024,36630,함평군,F,total,40-44,474
2024,36640,영광군,F,unmarried,20-24,551
2024,36640,영광군,M,total,20-24,819
2024,36640,영광군,M,unmarried,20-24,807
2024,36640,영광군,F,total,20-24,568
2024,36640,영광군,F,unmarried,25-29,751
2024,36640,영광군,M,total,25-29,1219
2024,36640,영광군,M,unmarried,25-29,1111
2024,36640,영광군,F,total,25-29,965
2024,36640,영광군,F,unmarried,30-34,461
2024,36640,영광군,M,total,30-34,1106
2024,36640,영광군,M,unmarried,30-34,728
2024,36640,영광군,F,total,30-34,1125
2024,36640,영광군,F,unmarried,35-39,215
2024,36640,영광군,M,total,35-39,1094
2024,36640,영광군,M,unmarried,35-39,452
2024,36640,영광군,F,total,35-39,1068
2024,36640,영광군,F,unmarried,40-44,161
2024,36640,영광군,M,total,40-44,1374
2024,36640,영광군,M,unmarried,40-44,424
2024,36640,영광군,F,total,40-44,1223
2024,36650,장성군,F,unmarried,20-24,410
2024,36650,장성군,M,total,20-24,721
2024,36650,장성군,M,unmarried,20-24,718
2024,36650,장성군,F,total,20-24,424
2024,36650,장성군,F,unmarried,25-29,517
2024,36650,장성군,M,total,25-29,993
2024,36650,장성군,M,unmarried,25-29,919
2024,36650,장성군,F,total,25-29,646
2024,36650,장성군,F,unmarried,30-34,296
2024,36650,장성군,M,total,30-34,843
2024,36650,장성군,M,unmarried,30-34,609
2024,36650,장성군,F,total,30-34,647
2024,36650,장성군,F,unmarried,35-39,153
2024,36650,장성군,M,total,35-39,731
2024,36650,장성군,M,unmarried,35-39,377
2024,36650,장성군,F,total,35-39,661
2024,36650,장성군,F,unmarried,40-44,124
2024,36650,장성군,M,total,40-44,1040
2024,36650,장성군,M,unmarried,40-44,388
2024,36650,장성군,F,total,40-44,885
2024,36660,완도군,F,unmarried,20-24,292
2024,36660,완도군,M,total,20-24,596
2024,36660,완도군,M,unmarried,20-24,590
2024,36660,완도군,F,total,20-24,308
2024,36660,완도군,F,unmarried,25-29,476
2024,36660,완도군,M,total,25-29,803
2024,36660,완도군,M,unmarried,25-29,733
2024,36660,완도군,F,total,25-29,605
2024,36660,완도군,F,unmarried,30-34,226
2024,36660,완도군,M,total,30-34,670
2024,36660,완도군,M,unmarried,30-34,489
2024,36660,완도군,F,total,30-34,518
2024,36660,완도군,F,unmarried,35-39,137
2024,36660,완도군,M,total,35-39,808
2024,36660,완도군,M,unmarried,35-39,335
2024,36660,완도군,F,total,35-39,699
2024,36660,완도군,F,unmarried,40-44,135
2024,36660,완도군,M,total,40-44,1349
2024,36660,완도군,M,unmarried,40-44,412
2024,36660,완도군,F,total,40-44,1043
2024,36670,진도군,F,unmarried,20-24,179
2024,36670,진도군,M,total,20-24,388
2024,36670,진도군,M,unmarried,20-24,383
2024,36670,진도군,F,total,20-24,192
2024,36670,진도군,F,unmarried,25-29,328
2024,36670,진도군,M,total,25-29,552
2024,36670,진도군,M,unmarried,25-29,509
2024,36670,진도군,F,total,25-29,423
2024,36670,진도군,F,unmarried,30-34,183
2024,36670,진도군,M,total,30-34,473
2024,36670,진도군,M,unmarried,30-34,348
2024,36670,진도군,F,total,30-34,392
2024,36670,진도군,F,unmarried,35-39,105
2024,36670,진도군,M,total,35-39,425
2024,36670,진도군,M,unmarried,35-39,226
2024,36670,진도군,F,total,35-39,409
2024,36670,진도군,F,unmarried,40-44,64
2024,36670,진도군,M,total,40-44,732
2024,36670,진도군,M,unmarried,40-44,246
2024,36670,진도군,F,total,40-44,528
2024,36680,신안군,F,unmarried,20-24,213
2024,36680,신안군,M,total,20-24,405
2024,36680,신안군,M,unmarried,20-24,397
2024,36680,신안군,F,total,20-24,220
2024,36680,신안군,F,unmarried,25-29,329
2024,36680,신안군,M,total,25-29,618
2024,36680,신안군,M,unmarried,25-29,581
2024,36680,신안군,F,total,25-29,378
2024,36680,신안군,F,unmarried,30-34,183
2024,36680,신안군,M,total,30-34,527
2024,36680,신안군,M,unmarried,30-34,416
2024,36680,신안군,F,total,30-34,336
2024,36680,신안군,F,unmarried,35-39,107
2024,36680,신안군,M,total,35-39,677
2024,36680,신안군,M,unmarried,35-39,320
2024,36680,신안군,F,total,35-39,416
2024,36680,신안군,F,unmarried,40-44,79
2024,36680,신안군,M,total,40-44,994
2024,36680,신안군,M,unmarried,40-44,344
2024,36680,신안군,F,total,40-44,558
2024,37,경상북도,F,unmarried,20-24,47381
2024,37,경상북도,M,total,20-24,67368
2024,37,경상북도,M,unmarried,20-24,67033
2024,37,경상북도,F,total,20-24,48148
2024,37,경상북도,F,unmarried,25-29,42987
2024,37,경상북도,M,total,25-29,71191
2024,37,경상북도,M,unmarried,25-29,67028
2024,37,경상북도,F,total,25-29,51231
2024,37,경상북도,F,unmarried,30-34,26472
2024,37,경상북도,M,total,30-34,70280
2024,37,경상북도,M,unmarried,30-34,51162
2024,37,경상북도,F,total,30-34,55366
2024,37,경상북도,F,unmarried,35-39,13140
2024,37,경상북도,M,total,35-39,66456
2024,37,경상북도,M,unmarried,35-39,30930
2024,37,경상북도,F,total,35-39,57010
2024,37,경상북도,F,unmarried,40-44,11239
2024,37,경상북도,M,total,40-44,86104
2024,37,경상북도,M,unmarried,40-44,26612
2024,37,경상북도,F,total,40-44,79339
2024,37003,동부,F,unmarried,20-24,29198
2024,37003,동부,M,total,20-24,40712
2024,37003,동부,M,unmarried,20-24,40503
2024,37003,동부,F,total,20-24,29644
2024,37003,동부,F,unmarried,25-29,28069
2024,37003,동부,M,total,25-29,44226
2024,37003,동부,M,unmarried,25-29,41806
2024,37003,동부,F,total,25-29,32945
2024,37003,동부,F,unmarried,30-34,16824
2024,37003,동부,M,total,30-34,42572
2024,37003,동부,M,unmarried,30-34,31360
2024,37003,동부,F,total,30-34,33679
2024,37003,동부,F,unmarried,35-39,8078
2024,37003,동부,M,total,35-39,38654
2024,37003,동부,M,unmarried,35-39,17614
2024,37003,동부,F,total,35-39,34383
2024,37003,동부,F,unmarried,40-44,6708
2024,37003,동부,M,total,40-44,50574
2024,37003,동부,M,unmarried,40-44,14764
2024,37003,동부,F,total,40-44,48990
2024,37004,읍부,F,unmarried,20-24,13815
2024,37004,읍부,M,total,20-24,19093
2024,37004,읍부,M,unmarried,20-24,19001
2024,37004,읍부,F,total,20-24,14047
2024,37004,읍부,F,unmarried,25-29,10152
2024,37004,읍부,M,total,25-29,18376
2024,37004,읍부,M,unmarried,25-29,17063
2024,37004,읍부,F,total,25-29,12724
2024,37004,읍부,F,unmarried,30-34,6426
2024,37004,읍부,M,total,30-34,19099
2024,37004,읍부,M,unmarried,30-34,12934
2024,37004,읍부,F,total,30-34,15645
2024,37004,읍부,F,unmarried,35-39,3171
2024,37004,읍부,M,total,35-39,19508
2024,37004,읍부,M,unmarried,35-39,8365
2024,37004,읍부,F,total,35-39,16660
2024,37004,읍부,F,unmarried,40-44,2715
2024,37004,읍부,M,total,40-44,24876
2024,37004,읍부,M,unmarried,40-44,7114
2024,37004,읍부,F,total,40-44,22606
2024,37005,면부,F,unmarried,20-24,4368
2024,37005,면부,M,total,20-24,7563
2024,37005,면부,M,unmarried,20-24,7529
2024,37005,면부,F,total,20-24,4457
2024,37005,면부,F,unmarried,25-29,4766
2024,37005,면부,M,total,25-29,8589
2024,37005,면부,M,unmarried,25-29,8159
2024,37005,면부,F,total,25-29,5562
2024,37005,면부,F,unmarried,30-34,3222
2024,37005,면부,M,total,30-34,8609
2024,37005,면부,M,unmarried,30-34,6868
2024,37005,면부,F,total,30-34,6042
2024,37005,면부,F,unmarried,35-39,1891
2024,37005,면부,M,total,35-39,8294
2024,37005,면부,M,unmarried,35-39,4951
2024,37005,면부,F,total,35-39,5967
2024,37005,면부,F,unmarried,40-44,1816
2024,37005,면부,M,total,40-44,10654
2024,37005,면부,M,unmarried,40-44,4734
2024,37005,면부,F,total,40-44,7743
2024,37010,포항시,F,unmarried,20-24,8050
2024,37010,포항시,M,total,20-24,12083
2024,37010,포항시,M,unmarried,20-24,12020
2024,37010,포항시,F,total,20-24,8215
2024,37010,포항시,F,unmarried,25-29,8882
2024,37010,포항시,M,total,25-29,15852
2024,37010,포항시,M,unmarried,25-29,14825
2024,37010,포항시,F,total,25-29,10792
2024,37010,포항시,F,unmarried,30-34,5122
2024,37010,포항시,M,total,30-34,15486
2024,37010,포항시,M,unmarried,30-34,10646
2024,37010,포항시,F,total,30-34,11558
2024,37010,포항시,F,unmarried,35-39,2513
2024,37010,포항시,M,total,35-39,13605
2024,37010,포항시,M,unmarried,35-39,5755
2024,37010,포항시,F,total,35-39,11975
2024,37010,포항시,F,unmarried,40-44,2335
2024,37010,포항시,M,total,40-44,18395
2024,37010,포항시,M,unmarried,40-44,5153
2024,37010,포항시,F,total,40-44,17337
2024,37011,남구,F,unmarried,20-24,3055
2024,37011,남구,M,total,20-24,5592
2024,37011,남구,M,unmarried,20-24,5559
2024,37011,남구,F,total,20-24,3142
2024,37011,남구,F,unmarried,25-29,4046
2024,37011,남구,M,total,25-29,8097
2024,37011,남구,M,unmarried,25-29,7612
2024,37011,남구,F,total,25-29,4842
2024,37011,남구,F,unmarried,30-34,2209
2024,37011,남구,M,total,30-34,7044
2024,37011,남구,M,unmarried,30-34,5086
2024,37011,남구,F,total,30-34,4781
2024,37011,남구,F,unmarried,35-39,1052
2024,37011,남구,M,total,35-39,5991
2024,37011,남구,M,unmarried,35-39,2808
2024,37011,남구,F,total,35-39,5124
2024,37011,남구,F,unmarried,40-44,1020
2024,37011,남구,M,total,40-44,8446
2024,37011,남구,M,unmarried,40-44,2554
2024,37011,남구,F,total,40-44,7612
2024,37012,북구,F,unmarried,20-24,4995
2024,37012,북구,M,total,20-24,6491
2024,37012,북구,M,unmarried,20-24,6461
2024,37012,북구,F,total,20-24,5073
2024,37012,북구,F,unmarried,25-29,4836
2024,37012,북구,M,total,25-29,7755
2024,37012,북구,M,unmarried,25-29,7213
2024,37012,북구,F,total,25-29,5950
2024,37012,북구,F,unmarried,30-34,2913
2024,37012,북구,M,total,30-34,8442
2024,37012,북구,M,unmarried,30-34,5560
2024,37012,북구,F,total,30-34,6777
2024,37012,북구,F,unmarried,35-39,1461
2024,37012,북구,M,total,35-39,7614
2024,37012,북구,M,unmarried,35-39,2947
2024,37012,북구,F,total,35-39,6851
2024,37012,북구,F,unmarried,40-44,1315
2024,37012,북구,M,total,40-44,9949
2024,37012,북구,M,unmarried,40-44,2599
2024,37012,북구,F,total,40-44,9725
2024,37020,경주시,F,unmarried,20-24,4752
2024,37020,경주시,M,total,20-24,6402
2024,37020,경주시,M,unmarried,20-24,6373
2024,37020,경주시,F,total,20-24,4817
2024,37020,경주시,F,unmarried,25-29,4052
2024,37020,경주시,M,total,25-29,6388
2024,37020,경주시,M,unmarried,25-29,6057
2024,37020,경주시,F,total,25-29,4727
2024,37020,경주시,F,unmarried,30-34,2544
2024,37020,경주시,M,total,30-34,6341
2024,37020,경주시,M,unmarried,30-34,4692
2024,37020,경주시,F,total,30-34,5062
2024,37020,경주시,F,unmarried,35-39,1225
2024,37020,경주시,M,total,35-39,5716
2024,37020,경주시,M,unmarried,35-39,2753
2024,37020,경주시,F,total,35-39,5016
2024,37020,경주시,F,unmarried,40-44,1146
2024,37020,경주시,M,total,40-44,7671
2024,37020,경주시,M,unmarried,40-44,2604
2024,37020,경주시,F,total,40-44,7049
2024,37030,김천시,F,unmarried,20-24,2337
2024,37030,김천시,M,total,20-24,2919
2024,37030,김천시,M,unmarried,20-24,2898
2024,37030,김천시,F,total,20-24,2380
2024,37030,김천시,F,unmarried,25-29,2173
2024,37030,김천시,M,total,25-29,3305
2024,37030,김천시,M,unmarried,25-29,3088
2024,37030,김천시,F,total,25-29,2631
2024,37030,김천시,F,unmarried,30-34,1358
2024,37030,김천시,M,total,30-34,3652
2024,37030,김천시,M,unmarried,30-34,2665
2024,37030,김천시,F,total,30-34,2948
2024,37030,김천시,F,unmarried,35-39,648
2024,37030,김천시,M,total,35-39,3345
2024,37030,김천시,M,unmarried,35-39,1527
2024,37030,김천시,F,total,35-39,2963
2024,37030,김천시,F,unmarried,40-44,539
2024,37030,김천시,M,total,40-44,4453
2024,37030,김천시,M,unmarried,40-44,1323
2024,37030,김천시,F,total,40-44,4114
2024,37040,안동시,F,unmarried,20-24,3660
2024,37040,안동시,M,total,20-24,4552
2024,37040,안동시,M,unmarried,20-24,4531
2024,37040,안동시,F,total,20-24,3709
2024,37040,안동시,F,unmarried,25-29,2961
2024,37040,안동시,M,total,25-29,4058
2024,37040,안동시,M,unmarried,25-29,3825
2024,37040,안동시,F,total,25-29,3450
2024,37040,안동시,F,unmarried,30-34,1575
2024,37040,안동시,M,total,30-34,3872
2024,37040,안동시,M,unmarried,30-34,2802
2024,37040,안동시,F,total,30-34,3121
2024,37040,안동시,F,unmarried,35-39,788
2024,37040,안동시,M,total,35-39,3430
2024,37040,안동시,M,unmarried,35-39,1649
2024,37040,안동시,F,total,35-39,3081
2024,37040,안동시,F,unmarried,40-44,687
2024,37040,안동시,M,total,40-44,4493
2024,37040,안동시,M,unmarried,40-44,1437
2024,37040,안동시,F,total,40-44,4506
2024,37050,구미시,F,unmarried,20-24,7895
2024,37050,구미시,M,total,20-24,13305
2024,37050,구미시,M,unmarried,20-24,13231
2024,37050,구미시,F,total,20-24,8053
2024,37050,구미시,F,unmarried,25-29,8533
2024,37050,구미시,M,total,25-29,14854
2024,37050,구미시,M,unmarried,25-29,13943
2024,37050,구미시,F,total,25-29,10296
2024,37050,구미시,F,unmarried,30-34,6067
2024,37050,구미시,M,total,30-34,15530
2024,37050,구미시,M,unmarried,30-34,11171
2024,37050,구미시,F,total,30-34,12785
2024,37050,구미시,F,unmarried,35-39,2895
2024,37050,구미시,M,total,35-39,15706
2024,37050,구미시,M,unmarried,35-39,6699
2024,37050,구미시,F,total,35-39,13440
2024,37050,구미시,F,unmarried,40-44,2110
2024,37050,구미시,M,total,40-44,18619
2024,37050,구미시,M,unmarried,40-44,4959
2024,37050,구미시,F,total,40-44,17360
2024,37060,영주시,F,unmarried,20-24,1764
2024,37060,영주시,M,total,20-24,2602
2024,37060,영주시,M,unmarried,20-24,2589
2024,37060,영주시,F,total,20-24,1796
2024,37060,영주시,F,unmarried,25-29,1434
2024,37060,영주시,M,total,25-29,2242
2024,37060,영주시,M,unmarried,25-29,2105
2024,37060,영주시,F,total,25-29,1727
2024,37060,영주시,F,unmarried,30-34,749
2024,37060,영주시,M,total,30-34,2165
2024,37060,영주시,M,unmarried,30-34,1600
2024,37060,영주시,F,total,30-34,1593
2024,37060,영주시,F,unmarried,35-39,386
2024,37060,영주시,M,total,35-39,1967
2024,37060,영주시,M,unmarried,35-39,980
2024,37060,영주시,F,total,35-39,1645
2024,37060,영주시,F,unmarried,40-44,349
2024,37060,영주시,M,total,40-44,2651
2024,37060,영주시,M,unmarried,40-44,890
2024,37060,영주시,F,total,40-44,2525
2024,37070,영천시,F,unmarried,20-24,1047
2024,37070,영천시,M,total,20-24,2336
2024,37070,영천시,M,unmarried,20-24,2325
2024,37070,영천시,F,total,20-24,1074
2024,37070,영천시,F,unmarried,25-29,1365
2024,37070,영천시,M,total,25-29,2297
2024,37070,영천시,M,unmarried,25-29,2174
2024,37070,영천시,F,total,25-29,1619
2024,37070,영천시,F,unmarried,30-34,797
2024,37070,영천시,M,total,30-34,2260
2024,37070,영천시,M,unmarried,30-34,1702
2024,37070,영천시,F,total,30-34,1756
2024,37070,영천시,F,unmarried,35-39,449
2024,37070,영천시,M,total,35-39,2087
2024,37070,영천시,M,unmarried,35-39,1082
2024,37070,영천시,F,total,35-39,1830
2024,37070,영천시,F,unmarried,40-44,397
2024,37070,영천시,M,total,40-44,2780
2024,37070,영천시,M,unmarried,40-44,1034
2024,37070,영천시,F,total,40-44,2247
2024,37080,상주시,F,unmarried,20-24,1201
2024,37080,상주시,M,total,20-24,2172
2024,37080,상주시,M,unmarried,20-24,2164
2024,37080,상주시,F,total,20-24,1215
2024,37080,상주시,F,unmarried,25-29,1114
2024,37080,상주시,M,total,25-29,1802
2024,37080,상주시,M,unmarried,25-29,1702
2024,37080,상주시,F,total,25-29,1304
2024,37080,상주시,F,unmarried,30-34,603
2024,37080,상주시,M,total,30-34,1573
2024,37080,상주시,M,unmarried,30-34,1216
2024,37080,상주시,F,total,30-34,1296
2024,37080,상주시,F,unmarried,35-39,342
2024,37080,상주시,M,total,35-39,1701
2024,37080,상주시,M,unmarried,35-39,869
2024,37080,상주시,F,total,35-39,1457
2024,37080,상주시,F,unmarried,40-44,309
2024,37080,상주시,M,total,40-44,2319
2024,37080,상주시,M,unmarried,40-44,772
2024,37080,상주시,F,total,40-44,2077
2024,37090,문경시,F,unmarried,20-24,741
2024,37090,문경시,M,total,20-24,1059
2024,37090,문경시,M,unmarried,20-24,1052
2024,37090,문경시,F,total,20-24,759
2024,37090,문경시,F,unmarried,25-29,856
2024,37090,문경시,M,total,25-29,1287
2024,37090,문경시,M,unmarried,25-29,1216
2024,37090,문경시,F,total,25-29,998
2024,37090,문경시,F,unmarried,30-34,469
2024,37090,문경시,M,total,30-34,1166
2024,37090,문경시,M,unmarried,30-34,927
2024,37090,문경시,F,total,30-34,963
2024,37090,문경시,F,unmarried,35-39,255
2024,37090,문경시,M,total,35-39,1239
2024,37090,문경시,M,unmarried,35-39,648
2024,37090,문경시,F,total,35-39,1060
2024,37090,문경시,F,unmarried,40-44,242
2024,37090,문경시,M,total,40-44,1712
2024,37090,문경시,M,unmarried,40-44,591
2024,37090,문경시,F,total,40-44,1567
2024,37100,경산시,F,unmarried,20-24,11964
2024,37100,경산시,M,total,20-24,12782
2024,37100,경산시,M,unmarried,20-24,12742
2024,37100,경산시,F,total,20-24,12046
2024,37100,경산시,F,unmarried,25-29,6422
2024,37100,경산시,M,total,25-29,10029
2024,37100,경산시,M,unmarried,25-29,9574
2024,37100,경산시,F,total,25-29,7469
2024,37100,경산시,F,unmarried,30-34,3663
2024,37100,경산시,M,total,30-34,8973
2024,37100,경산시,M,unmarried,30-34,6670
2024,37100,경산시,F,total,30-34,7065
2024,37100,경산시,F,unmarried,35-39,1691
2024,37100,경산시,M,total,35-39,7865
2024,37100,경산시,M,unmarried,35-39,3867
2024,37100,경산시,F,total,35-39,6625
2024,37100,경산시,F,unmarried,40-44,1351
2024,37100,경산시,M,total,40-44,9658
2024,37100,경산시,M,unmarried,40-44,3150
2024,37100,경산시,F,total,40-44,9009
2024,37520,의성군,F,unmarried,20-24,263
2024,37520,의성군,M,total,20-24,458
2024,37520,의성군,M,unmarried,20-24,456
2024,37520,의성군,F,total,20-24,268
2024,37520,의성군,F,unmarried,25-29,403
2024,37520,의성군,M,total,25-29,610
2024,37520,의성군,M,unmarried,25-29,586
2024,37520,의성군,F,total,25-29,462
2024,37520,의성군,F,unmarried,30-34,304
2024,37520,의성군,M,total,30-34,730
2024,37520,의성군,M,unmarried,30-34,604
2024,37520,의성군,F,total,30-34,573
2024,37520,의성군,F,unmarried,35-39,146
2024,37520,의성군,M,total,35-39,763
2024,37520,의성군,M,unmarried,35-39,462
2024,37520,의성군,F,total,35-39,530
2024,37520,의성군,F,unmarried,40-44,144
2024,37520,의성군,M,total,40-44,911
2024,37520,의성군,M,unmarried,40-44,393
2024,37520,의성군,F,total,40-44,703
2024,37530,청송군,F,unmarried,20-24,140
2024,37530,청송군,M,total,20-24,273
2024,37530,청송군,M,unmarried,20-24,270
2024,37530,청송군,F,total,20-24,145
2024,37530,청송군,F,unmarried,25-29,225
2024,37530,청송군,M,total,25-29,403
2024,37530,청송군,M,unmarried,25-29,388
2024,37530,청송군,F,total,25-29,269
2024,37530,청송군,F,unmarried,30-34,119
2024,37530,청송군,M,total,30-34,445
2024,37530,청송군,M,unmarried,30-34,362
2024,37530,청송군,F,total,30-34,236
2024,37530,청송군,F,unmarried,35-39,68
2024,37530,청송군,M,total,35-39,405
2024,37530,청송군,M,unmarried,35-39,255
2024,37530,청송군,F,total,35-39,267
2024,37530,청송군,F,unmarried,40-44,73
2024,37530,청송군,M,total,40-44,490
2024,37530,청송군,M,unmarried,40-44,204
2024,37530,청송군,F,total,40-44,396
2024,37540,영양군,F,unmarried,20-24,83
2024,37540,영양군,M,total,20-24,157
2024,37540,영양군,M,unmarried,20-24,157
2024,37540,영양군,F,total,20-24,85
2024,37540,영양군,F,unmarried,25-29,150
2024,37540,영양군,M,total,25-29,194
2024,37540,영양군,M,unmarried,25-29,189
2024,37540,영양군,F,total,25-29,170
2024,37540,영양군,F,unmarried,30-34,101
2024,37540,영양군,M,total,30-34,224
2024,37540,영양군,M,unmarried,30-34,194
2024,37540,영양군,F,total,30-34,169
2024,37540,영양군,F,unmarried,35-39,47
2024,37540,영양군,M,total,35-39,223
2024,37540,영양군,M,unmarried,35-39,133
2024,37540,영양군,F,total,35-39,187
2024,37540,영양군,F,unmarried,40-44,40
2024,37540,영양군,M,total,40-44,311
2024,37540,영양군,M,unmarried,40-44,132
2024,37540,영양군,F,total,40-44,247
2024,37550,영덕군,F,unmarried,20-24,176
2024,37550,영덕군,M,total,20-24,339
2024,37550,영덕군,M,unmarried,20-24,337
2024,37550,영덕군,F,total,20-24,181
2024,37550,영덕군,F,unmarried,25-29,290
2024,37550,영덕군,M,total,25-29,457
2024,37550,영덕군,M,unmarried,25-29,422
2024,37550,영덕군,F,total,25-29,344
2024,37550,영덕군,F,unmarried,30-34,201
2024,37550,영덕군,M,total,30-34,523
2024,37550,영덕군,M,unmarried,30-34,412
2024,37550,영덕군,F,total,30-34,392
2024,37550,영덕군,F,unmarried,35-39,131
2024,37550,영덕군,M,total,35-39,449
2024,37550,영덕군,M,unmarried,35-39,240
2024,37550,영덕군,F,total,35-39,413
2024,37550,영덕군,F,unmarried,40-44,123
2024,37550,영덕군,M,total,40-44,691
2024,37550,영덕군,M,unmarried,40-44,275
2024,37550,영덕군,F,total,40-44,658
2024,37560,청도군,F,unmarried,20-24,286
2024,37560,청도군,M,total,20-24,478
2024,37560,청도군,M,unmarried,20-24,476
2024,37560,청도군,F,total,20-24,293
2024,37560,청도군,F,unmarried,25-29,342
2024,37560,청도군,M,total,25-29,568
2024,37560,청도군,M,unmarried,25-29,538
2024,37560,청도군,F,total,25-29,383
2024,37560,청도군,F,unmarried,30-34,243
2024,37560,청도군,M,total,30-34,538
2024,37560,청도군,M,unmarried,30-34,460
2024,37560,청도군,F,total,30-34,431
2024,37560,청도군,F,unmarried,35-39,142
2024,37560,청도군,M,total,35-39,563
2024,37560,청도군,M,unmarried,35-39,364
2024,37560,청도군,F,total,35-39,439
2024,37560,청도군,F,unmarried,40-44,180
2024,37560,청도군,M,total,40-44,824
2024,37560,청도군,M,unmarried,40-44,358
2024,37560,청도군,F,total,40-44,738
2024,37570,고령군,F,unmarried,20-24,283
2024,37570,고령군,M,total,20-24,444
2024,37570,고령군,M,unmarried,20-24,439
2024,37570,고령군,F,total,20-24,288
2024,37570,고령군,F,unmarried,25-29,359
2024,37570,고령군,M,total,25-29,572
2024,37570,고령군,M,unmarried,25-29,538
2024,37570,고령군,F,total,25-29,412
2024,37570,고령군,F,unmarried,30-34,207
2024,37570,고령군,M,total,30-34,502
2024,37570,고령군,M,unmarried,30-34,426
2024,37570,고령군,F,total,30-34,387
2024,37570,고령군,F,unmarried,35-39,129
2024,37570,고령군,M,total,35-39,503
2024,37570,고령군,M,unmarried,35-39,315
2024,37570,고령군,F,total,35-39,418
2024,37570,고령군,F,unmarried,40-44,110
2024,37570,고령군,M,total,40-44,727
2024,37570,고령군,M,unmarried,40-44,295
2024,37570,고령군,F,total,40-44,588
2024,37580,성주군,F,unmarried,20-24,282
2024,37580,성주군,M,total,20-24,501
2024,37580,성주군,M,unmarried,20-24,493
2024,37580,성주군,F,total,20-24,290
2024,37580,성주군,F,unmarried,25-29,378
2024,37580,성주군,M,total,25-29,672
2024,37580,성주군,M,unmarried,25-29,642
2024,37580,성주군,F,total,25-29,456
2024,37580,성주군,F,unmarried,30-34,298
2024,37580,성주군,M,total,30-34,797
2024,37580,성주군,M,unmarried,30-34,615
2024,37580,성주군,F,total,30-34,579
2024,37580,성주군,F,unmarried,35-39,155
2024,37580,성주군,M,total,35-39,756
2024,37580,성주군,M,unmarried,35-39,442
2024,37580,성주군,F,total,35-39,571
2024,37580,성주군,F,unmarried,40-44,126
2024,37580,성주군,M,total,40-44,956
2024,37580,성주군,M,unmarried,40-44,346
2024,37580,성주군,F,total,40-44,694
2024,37590,칠곡군,F,unmarried,20-24,1525
2024,37590,칠곡군,M,total,20-24,2526
2024,37590,칠곡군,M,unmarried,20-24,2511
2024,37590,칠곡군,F,total,20-24,1567
2024,37590,칠곡군,F,unmarried,25-29,1538
2024,37590,칠곡군,M,total,25-29,2827
2024,37590,칠곡군,M,unmarried,25-29,2659
2024,37590,칠곡군,F,total,25-29,1823
2024,37590,칠곡군,F,unmarried,30-34,1128
2024,37590,칠곡군,M,total,30-34,2729
2024,37590,칠곡군,M,unmarried,30-34,2129
2024,37590,칠곡군,F,total,30-34,2151
2024,37590,칠곡군,F,unmarried,35-39,624
2024,37590,칠곡군,M,total,35-39,3175
2024,37590,칠곡군,M,unmarried,35-39,1627
2024,37590,칠곡군,F,total,35-39,2615
2024,37590,칠곡군,F,unmarried,40-44,507
2024,37590,칠곡군,M,total,40-44,4724
2024,37590,칠곡군,M,unmarried,40-44,1594
2024,37590,칠곡군,F,total,40-44,4018
2024,37600,예천군,F,unmarried,20-24,453
2024,37600,예천군,M,total,20-24,886
2024,37600,예천군,M,unmarried,20-24,881
2024,37600,예천군,F,total,20-24,470
2024,37600,예천군,F,unmarried,25-29,601
2024,37600,예천군,M,total,25-29,938
2024,37600,예천군,M,unmarried,25-29,849
2024,37600,예천군,F,total,25-29,801
2024,37600,예천군,F,unmarried,30-34,364
2024,37600,예천군,M,total,30-34,1119
2024,37600,예천군,M,unmarried,30-34,659
2024,37600,예천군,F,total,30-34,1072
2024,37600,예천군,F,unmarried,35-39,196
2024,37600,예천군,M,total,35-39,1360
2024,37600,예천군,M,unmarried,35-39,452
2024,37600,예천군,F,total,35-39,1285
2024,37600,예천군,F,unmarried,40-44,189
2024,37600,예천군,M,total,40-44,1652
2024,37600,예천군,M,unmarried,40-44,358
2024,37600,예천군,F,total,40-44,1713
2024,37610,봉화군,F,unmarried,20-24,140
2024,37610,봉화군,M,total,20-24,333
2024,37610,봉화군,M,unmarried,20-24,332
2024,37610,봉화군,F,total,20-24,151
2024,37610,봉화군,F,unmarried,25-29,215
2024,37610,봉화군,M,total,25-29,378
2024,37610,봉화군,M,unmarried,25-29,359
2024,37610,봉화군,F,total,25-29,254
2024,37610,봉화군,F,unmarried,30-34,137
2024,37610,봉화군,M,total,30-34,348
2024,37610,봉화군,M,unmarried,30-34,277
2024,37610,봉화군,F,total,30-34,256
2024,37610,봉화군,F,unmarried,35-39,91
2024,37610,봉화군,M,total,35-39,401
2024,37610,봉화군,M,unmarried,35-39,254
2024,37610,봉화군,F,total,35-39,299
2024,37610,봉화군,F,unmarried,40-44,84
2024,37610,봉화군,M,total,40-44,585
2024,37610,봉화군,M,unmarried,40-44,252
2024,37610,봉화군,F,total,40-44,463
2024,37620,울진군,F,unmarried,20-24,276
2024,37620,울진군,M,total,20-24,631
2024,37620,울진군,M,unmarried,20-24,626
2024,37620,울진군,F,total,20-24,283
2024,37620,울진군,F,unmarried,25-29,591
2024,37620,울진군,M,total,25-29,1176
2024,37620,울진군,M,unmarried,25-29,1084
2024,37620,울진군,F,total,25-29,723
2024,37620,울진군,F,unmarried,30-34,339
2024,37620,울진군,M,total,30-34,1068
2024,37620,울진군,M,unmarried,30-34,739
2024,37620,울진군,F,total,30-34,828
2024,37620,울진군,F,unmarried,35-39,183
2024,37620,울진군,M,total,35-39,959
2024,37620,울진군,M,unmarried,35-39,421
2024,37620,울진군,F,total,35-39,762
2024,37620,울진군,F,unmarried,40-44,153
2024,37620,울진군,M,total,40-44,1159
2024,37620,울진군,M,unmarried,40-44,384
2024,37620,울진군,F,total,40-44,1134
2024,37630,울릉군,F,unmarried,20-24,63
2024,37630,울릉군,M,total,20-24,130
2024,37630,울릉군,M,unmarried,20-24,130
2024,37630,울릉군,F,total,20-24,63
2024,37630,울릉군,F,unmarried,25-29,103
2024,37630,울릉군,M,total,25-29,282
2024,37630,울릉군,M,unmarried,25-29,265
2024,37630,울릉군,F,total,25-29,121
2024,37630,울릉군,F,unmarried,30-34,84
2024,37630,울릉군,M,total,30-34,239
2024,37630,울릉군,M,unmarried,30-34,194
2024,37630,울릉군,F,total,30-34,145
2024,37630,울릉군,F,unmarried,35-39,36
2024,37630,울릉군,M,total,35-39,238
2024,37630,울릉군,M,unmarried,35-39,136
2024,37630,울릉군,F,total,35-39,132
2024,37630,울릉군,F,unmarried,40-44,45
2024,37630,울릉군,M,total,40-44,323
2024,37630,울릉군,M,unmarried,40-44,108
2024,37630,울릉군,F,total,40-44,196
2024,38,경상남도,F,unmarried,20-24,53654
2024,38,경상남도,M,total,20-24,77347
2024,38,경상남도,M,unmarried,20-24,76990
2024,38,경상남도,F,total,20-24,54491
2024,38,경상남도,F,unmarried,25-29,58619
2024,38,경상남도,M,total,25-29,87792
2024,38,경상남도,M,unmarried,25-29,82632
2024,38,경상남도,F,total,25-29,68419
2024,38,경상남도,F,unmarried,30-34,38105
2024,38,경상남도,M,total,30-34,91015
2024,38,경상남도,M,unmarried,30-34,65419
2024,38,경상남도,F,total,30-34,76738
2024,38,경상남도,F,unmarried,35-39,18139
2024,38,경상남도,M,total,35-39,88372
2024,38,경상남도,M,unmarried,35-39,38878
2024,38,경상남도,F,total,35-39,80410
2024,38,경상남도,F,unmarried,40-44,14878
2024,38,경상남도,M,total,40-44,122662
2024,38,경상남도,M,unmarried,40-44,34966
2024,38,경상남도,F,total,40-44,115684
2024,38003,동부,F,unmarried,20-24,40916
2024,38003,동부,M,total,20-24,57224
2024,38003,동부,M,unmarried,20-24,56975
2024,38003,동부,F,total,20-24,41509
2024,38003,동부,F,unmarried,25-29,43074
2024,38003,동부,M,total,25-29,63940
2024,38003,동부,M,unmarried,25-29,60309
2024,38003,동부,F,total,25-29,49896
2024,38003,동부,F,unmarried,30-34,27681
2024,38003,동부,M,total,30-34,64535
2024,38003,동부,M,unmarried,30-34,46863
2024,38003,동부,F,total,30-34,54340
2024,38003,동부,F,unmarried,35-39,12840
2024,38003,동부,M,total,35-39,60968
2024,38003,동부,M,unmarried,35-39,27023
2024,38003,동부,F,total,35-39,55017
2024,38003,동부,F,unmarried,40-44,10345
2024,38003,동부,M,total,40-44,82534
2024,38003,동부,M,unmarried,40-44,23794
2024,38003,동부,F,total,40-44,78641
2024,38004,읍부,F,unmarried,20-24,7408
2024,38004,읍부,M,total,20-24,10963
2024,38004,읍부,M,unmarried,20-24,10909
2024,38004,읍부,F,total,20-24,7525
2024,38004,읍부,F,unmarried,25-29,8387
2024,38004,읍부,M,total,25-29,11920
2024,38004,읍부,M,unmarried,25-29,11179
2024,38004,읍부,F,total,25-29,9732
2024,38004,읍부,F,unmarried,30-34,5233
2024,38004,읍부,M,total,30-34,12112
2024,38004,읍부,M,unmarried,30-34,8674
2024,38004,읍부,F,total,30-34,10668
2024,38004,읍부,F,unmarried,35-39,2422
2024,38004,읍부,M,total,35-39,12589
2024,38004,읍부,M,unmarried,35-39,5296
2024,38004,읍부,F,total,35-39,12209
2024,38004,읍부,F,unmarried,40-44,1977
2024,38004,읍부,M,total,40-44,18651
2024,38004,읍부,M,unmarried,40-44,4651
2024,38004,읍부,F,total,40-44,18668
2024,38005,면부,F,unmarried,20-24,5330
2024,38005,면부,M,total,20-24,9160
2024,38005,면부,M,unmarried,20-24,9106
2024,38005,면부,F,total,20-24,5457
2024,38005,면부,F,unmarried,25-29,7158
2024,38005,면부,M,total,25-29,11932
2024,38005,면부,M,unmarried,25-29,11144
2024,38005,면부,F,total,25-29,8791
2024,38005,면부,F,unmarried,30-34,5191
2024,38005,면부,M,total,30-34,14368
2024,38005,면부,M,unmarried,30-34,9882
2024,38005,면부,F,total,30-34,11730
2024,38005,면부,F,unmarried,35-39,2877
2024,38005,면부,M,total,35-39,14815
2024,38005,면부,M,unmarried,35-39,6559
2024,38005,면부,F,total,35-39,13184
2024,38005,면부,F,unmarried,40-44,2556
2024,38005,면부,M,total,40-44,21477
2024,38005,면부,M,unmarried,40-44,6521
2024,38005,면부,F,total,40-44,18375
2024,38030,진주시,F,unmarried,20-24,9528
2024,38030,진주시,M,total,20-24,12051
2024,38030,진주시,M,unmarried,20-24,12003
2024,38030,진주시,F,total,20-24,9631
2024,38030,진주시,F,unmarried,25-29,7843
2024,38030,진주시,M,total,25-29,11045
2024,38030,진주시,M,unmarried,25-29,10449
2024,38030,진주시,F,total,25-29,9028
2024,38030,진주시,F,unmarried,30-34,4571
2024,38030,진주시,M,total,30-34,10735
2024,38030,진주시,M,unmarried,30-34,7649
2024,38030,진주시,F,total,30-34,9158
2024,38030,진주시,F,unmarried,35-39,2042
2024,38030,진주시,M,total,35-39,9637
2024,38030,진주시,M,unmarried,35-39,4090
2024,38030,진주시,F,total,35-39,8898
2024,38030,진주시,F,unmarried,40-44,1662
2024,38030,진주시,M,total,40-44,11689
2024,38030,진주시,M,unmarried,40-44,3152
2024,38030,진주시,F,total,40-44,12025
2024,38050,통영시,F,unmarried,20-24,1292
2024,38050,통영시,M,total,20-24,2346
2024,38050,통영시,M,unmarried,20-24,2336
2024,38050,통영시,F,total,20-24,1317
2024,38050,통영시,F,unmarried,25-29,1476
2024,38050,통영시,M,total,25-29,2258
2024,38050,통영시,M,unmarried,25-29,2129
2024,38050,통영시,F,total,25-29,1726
2024,38050,통영시,F,unmarried,30-34,1031
2024,38050,통영시,M,total,30-34,2152
2024,38050,통영시,M,unmarried,30-34,1623
2024,38050,통영시,F,total,30-34,1983
2024,38050,통영시,F,unmarried,35-39,615
2024,38050,통영시,M,total,35-39,2584
2024,38050,통영시,M,unmarried,35-39,1323
2024,38050,통영시,F,total,35-39,2455
2024,38050,통영시,F,unmarried,40-44,556
2024,38050,통영시,M,total,40-44,4557
2024,38050,통영시,M,unmarried,40-44,1465
2024,38050,통영시,F,total,40-44,4237
2024,38060,사천시,F,unmarried,20-24,1090
2024,38060,사천시,M,total,20-24,2143
2024,38060,사천시,M,unmarried,20-24,2121
2024,38060,사천시,F,total,20-24,1119
2024,38060,사천시,F,unmarried,25-29,1414
2024,38060,사천시,M,total,25-29,2995
2024,38060,사천시,M,unmarried,25-29,2793
2024,38060,사천시,F,total,25-29,1785
2024,38060,사천시,F,unmarried,30-34,980
2024,38060,사천시,M,total,30-34,2991
2024,38060,사천시,M,unmarried,30-34,2106
2024,38060,사천시,F,total,30-34,2148
2024,38060,사천시,F,unmarried,35-39,457
2024,38060,사천시,M,total,35-39,2623
2024,38060,사천시,M,unmarried,35-39,1222
2024,38060,사천시,F,total,35-39,2216
2024,38060,사천시,F,unmarried,40-44,456
2024,38060,사천시,M,total,40-44,3875
2024,38060,사천시,M,unmarried,40-44,1176
2024,38060,사천시,F,total,40-44,3620
2024,38070,김해시,F,unmarried,20-24,10165
2024,38070,김해시,M,total,20-24,14184
2024,38070,김해시,M,unmarried,20-24,14125
2024,38070,김해시,F,total,20-24,10334
2024,38070,김해시,F,unmarried,25-29,10908
2024,38070,김해시,M,total,25-29,15531
2024,38070,김해시,M,unmarried,25-29,14554
2024,38070,김해시,F,total,25-29,12805
2024,38070,김해시,F,unmarried,30-34,7000
2024,38070,김해시,M,total,30-34,16719
2024,38070,김해시,M,unmarried,30-34,11626
2024,38070,김해시,F,total,30-34,14696
2024,38070,김해시,F,unmarried,35-39,3074
2024,38070,김해시,M,total,35-39,15806
2024,38070,김해시,M,unmarried,35-39,6395
2024,38070,김해시,F,total,35-39,14595
2024,38070,김해시,F,unmarried,40-44,2302
2024,38070,김해시,M,total,40-44,21727
2024,38070,김해시,M,unmarried,40-44,5631
2024,38070,김해시,F,total,40-44,21146
2024,38080,밀양시,F,unmarried,20-24,1142
2024,38080,밀양시,M,total,20-24,1911
2024,38080,밀양시,M,unmarried,20-24,1900
2024,38080,밀양시,F,total,20-24,1163
2024,38080,밀양시,F,unmarried,25-29,1260
2024,38080,밀양시,M,total,25-29,2036
2024,38080,밀양시,M,unmarried,25-29,1928
2024,38080,밀양시,F,total,25-29,1463
2024,38080,밀양시,F,unmarried,30-34,863
2024,38080,밀양시,M,total,30-34,2090
2024,38080,밀양시,M,unmarried,30-34,1650
2024,38080,밀양시,F,total,30-34,1570
2024,38080,밀양시,F,unmarried,35-39,538
2024,38080,밀양시,M,total,35-39,1929
2024,38080,밀양시,M,unmarried,35-39,1046
2024,38080,밀양시,F,total,35-39,1719
2024,38080,밀양시,F,unmarried,40-44,454
2024,38080,밀양시,M,total,40-44,2768
2024,38080,밀양시,M,unmarried,40-44,1038
2024,38080,밀양시,F,total,40-44,2445
2024,38090,거제시,F,unmarried,20-24,2693
2024,38090,거제시,M,total,20-24,4697
2024,38090,거제시,M,unmarried,20-24,4656
2024,38090,거제시,F,total,20-24,2782
2024,38090,거제시,F,unmarried,25-29,3323
2024,38090,거제시,M,total,25-29,5192
2024,38090,거제시,M,unmarried,25-29,4830
2024,38090,거제시,F,total,25-29,4043
2024,38090,거제시,F,unmarried,30-34,1920
2024,38090,거제시,M,total,30-34,5508
2024,38090,거제시,M,unmarried,30-34,3854
2024,38090,거제시,F,total,30-34,4616
2024,38090,거제시,F,unmarried,35-39,1030
2024,38090,거제시,M,total,35-39,7139
2024,38090,거제시,M,unmarried,35-39,2748
2024,38090,거제시,F,total,35-39,6823
2024,38090,거제시,F,unmarried,40-44,882
2024,38090,거제시,M,total,40-44,12419
2024,38090,거제시,M,unmarried,40-44,3088
2024,38090,거제시,F,total,40-44,10550
2024,38100,양산시,F,unmarried,20-24,6182
2024,38100,양산시,M,total,20-24,7873
2024,38100,양산시,M,unmarried,20-24,7829
2024,38100,양산시,F,total,20-24,6285
2024,38100,양산시,F,unmarried,25-29,6994
2024,38100,양산시,M,total,25-29,9309
2024,38100,양산시,M,unmarried,25-29,8647
2024,38100,양산시,F,total,25-29,8305
2024,38100,양산시,F,unmarried,30-34,4714
2024,38100,양산시,M,total,30-34,11142
2024,38100,양산시,M,unmarried,30-34,7463
2024,38100,양산시,F,total,30-34,10201
2024,38100,양산시,F,unmarried,35-39,2136
2024,38100,양산시,M,total,35-39,11374
2024,38100,양산시,M,unmarried,35-39,4472
2024,38100,양산시,F,total,35-39,10743
2024,38100,양산시,F,unmarried,40-44,1751
2024,38100,양산시,M,total,40-44,15832
2024,38100,양산시,M,unmarried,40-44,3883
2024,38100,양산시,F,total,40-44,14981
2024,38110,창원시,F,unmarried,20-24,18180
2024,38110,창원시,M,total,20-24,25559
2024,38110,창원시,M,unmarried,20-24,25475
2024,38110,창원시,F,total,20-24,18405
2024,38110,창원시,F,unmarried,25-29,20960
2024,38110,창원시,M,total,25-29,31868
2024,38110,창원시,M,unmarried,25-29,30138
2024,38110,창원시,F,total,25-29,24085
2024,38110,창원시,F,unmarried,30-34,14165
2024,38110,창원시,M,total,30-34,32697
2024,38110,창원시,M,unmarried,30-34,23916
2024,38110,창원시,F,total,30-34,27147
2024,38110,창원시,F,unmarried,35-39,6574
2024,38110,창원시,M,total,35-39,30459
2024,38110,창원시,M,unmarried,35-39,13787
2024,38110,창원시,F,total,35-39,26974
2024,38110,창원시,F,unmarried,40-44,5314
2024,38110,창원시,M,total,40-44,39538
2024,38110,창원시,M,unmarried,40-44,11853
2024,38110,창원시,F,total,40-44,37191
2024,38111,의창구,F,unmarried,20-24,4322
2024,38111,의창구,M,total,20-24,5703
2024,38111,의창구,M,unmarried,20-24,5687
2024,38111,의창구,F,total,20-24,4381
2024,38111,의창구,F,unmarried,25-29,4714
2024,38111,의창구,M,total,25-29,7129
2024,38111,의창구,M,unmarried,25-29,6808
2024,38111,의창구,F,total,25-29,5351
2024,38111,의창구,F,unmarried,30-34,3137
2024,38111,의창구,M,total,30-34,7152
2024,38111,의창구,M,unmarried,30-34,5337
2024,38111,의창구,F,total,30-34,5867
2024,38111,의창구,F,unmarried,35-39,1365
2024,38111,의창구,M,total,35-39,6389
2024,38111,의창구,M,unmarried,35-39,2950
2024,38111,의창구,F,total,35-39,5686
2024,38111,의창구,F,unmarried,40-44,1029
2024,38111,의창구,M,total,40-44,8200
2024,38111,의창구,M,unmarried,40-44,2408
2024,38111,의창구,F,total,40-44,7717
2024,38112,성산구,F,unmarried,20-24,4409
2024,38112,성산구,M,total,20-24,6410
2024,38112,성산구,M,unmarried,20-24,6396
2024,38112,성산구,F,total,20-24,4451
2024,38112,성산구,F,unmarried,25-29,6510
2024,38112,성산구,M,total,25-29,9913
2024,38112,성산구,M,unmarried,25-29,9488
2024,38112,성산구,F,total,25-29,7245
2024,38112,성산구,F,unmarried,30-34,4514
2024,38112,성산구,M,total,30-34,10006
2024,38112,성산구,M,unmarried,30-34,7521
2024,38112,성산구,F,total,30-34,8108
2024,38112,성산구,F,unmarried,35-39,1915
2024,38112,성산구,M,total,35-39,8634
2024,38112,성산구,M,unmarried,35-39,3925
2024,38112,성산구,F,total,35-39,7404
2024,38112,성산구,F,unmarried,40-44,1383
2024,38112,성산구,M,total,40-44,9125
2024,38112,성산구,M,unmarried,40-44,2468
2024,38112,성산구,F,total,40-44,8895
2024,38113,마산합포구,F,unmarried,20-24,3120
2024,38113,마산합포구,M,total,20-24,4455
2024,38113,마산합포구,M,unmarried,20-24,4438
2024,38113,마산합포구,F,total,20-24,3157
2024,38113,마산합포구,F,unmarried,25-29,3221
2024,38113,마산합포구,M,total,25-29,4601
2024,38113,마산합포구,M,unmarried,25-29,4349
2024,38113,마산합포구,F,total,25-29,3739
2024,38113,마산합포구,F,unmarried,30-34,2164
2024,38113,마산합포구,M,total,30-34,4815
2024,38113,마산합포구,M,unmarried,30-34,3419
2024,38113,마산합포구,F,total,30-34,4319
2024,38113,마산합포구,F,unmarried,35-39,1155
2024,38113,마산합포구,M,total,35-39,5108
2024,38113,마산합포구,M,unmarried,35-39,2293
2024,38113,마산합포구,F,total,35-39,4576
2024,38113,마산합포구,F,unmarried,40-44,1062
2024,38113,마산합포구,M,total,40-44,6993
2024,38113,마산합포구,M,unmarried,40-44,2269
2024,38113,마산합포구,F,total,40-44,6381
2024,38114,마산회원구,F,unmarried,20-24,3478
2024,38114,마산회원구,M,total,20-24,4308
2024,38114,마산회원구,M,unmarried,20-24,4299
2024,38114,마산회원구,F,total,20-24,3508
2024,38114,마산회원구,F,unmarried,25-29,3496
2024,38114,마산회원구,M,total,25-29,4793
2024,38114,마산회원구,M,unmarried,25-29,4598
2024,38114,마산회원구,F,total,25-29,3890
2024,38114,마산회원구,F,unmarried,30-34,2423
2024,38114,마산회원구,M,total,30-34,4994
2024,38114,마산회원구,M,unmarried,30-34,3785
2024,38114,마산회원구,F,total,30-34,4261
2024,38114,마산회원구,F,unmarried,35-39,1139
2024,38114,마산회원구,M,total,35-39,4633
2024,38114,마산회원구,M,unmarried,35-39,2292
2024,38114,마산회원구,F,total,35-39,4132
2024,38114,마산회원구,F,unmarried,40-44,997
2024,38114,마산회원구,M,total,40-44,6582
2024,38114,마산회원구,M,unmarried,40-44,2331
2024,38114,마산회원구,F,total,40-44,6107
2024,38115,진해구,F,unmarried,20-24,2851
2024,38115,진해구,M,total,20-24,4683
2024,38115,진해구,M,unmarried,20-24,4655
2024,38115,진해구,F,total,20-24,2908
2024,38115,진해구,F,unmarried,25-29,3019
2024,38115,진해구,M,total,25-29,5432
2024,38115,진해구,M,unmarried,25-29,4895
2024,38115,진해구,F,total,25-29,3860
2024,38115,진해구,F,unmarried,30-34,1927
2024,38115,진해구,M,total,30-34,5730
2024,38115,진해구,M,unmarried,30-34,3854
2024,38115,진해구,F,total,30-34,4592
2024,38115,진해구,F,unmarried,35-39,1000
2024,38115,진해구,M,total,35-39,5695
2024,38115,진해구,M,unmarried,35-39,2327
2024,38115,진해구,F,total,35-39,5176
2024,38115,진해구,F,unmarried,40-44,843
2024,38115,진해구,M,total,40-44,8638
2024,38115,진해구,M,unmarried,40-44,2377
2024,38115,진해구,F,total,40-44,8091
2024,38510,의령군,F,unmarried,20-24,179
2024,38510,의령군,M,total,20-24,343
2024,38510,의령군,M,unmarried,20-24,341
2024,38510,의령군,F,total,20-24,180
2024,38510,의령군,F,unmarried,25-29,214
2024,38510,의령군,M,total,25-29,384
2024,38510,의령군,M,unmarried,25-29,361
2024,38510,의령군,F,total,25-29,252
2024,38510,의령군,F,unmarried,30-34,182
2024,38510,의령군,M,total,30-34,374
2024,38510,의령군,M,unmarried,30-34,301
2024,38510,의령군,F,total,30-34,308
2024,38510,의령군,F,unmarried,35-39,102
2024,38510,의령군,M,total,35-39,363
2024,38510,의령군,M,unmarried,35-39,234
2024,38510,의령군,F,total,35-39,338
2024,38510,의령군,F,unmarried,40-44,102
2024,38510,의령군,M,total,40-44,501
2024,38510,의령군,M,unmarried,40-44,202
2024,38510,의령군,F,total,40-44,473
2024,38520,함안군,F,unmarried,20-24,546
2024,38520,함안군,M,total,20-24,1050
2024,38520,함안군,M,unmarried,20-24,1046
2024,38520,함안군,F,total,20-24,557
2024,38520,함안군,F,unmarried,25-29,640
2024,38520,함안군,M,total,25-29,1143
2024,38520,함안군,M,unmarried,25-29,1074
2024,38520,함안군,F,total,25-29,763
2024,38520,함안군,F,unmarried,30-34,434
2024,38520,함안군,M,total,30-34,1106
2024,38520,함안군,M,unmarried,30-34,876
2024,38520,함안군,F,total,30-34,793
2024,38520,함안군,F,unmarried,35-39,238
2024,38520,함안군,M,total,35-39,1040
2024,38520,함안군,M,unmarried,35-39,557
2024,38520,함안군,F,total,35-39,999
2024,38520,함안군,F,unmarried,40-44,170
2024,38520,함안군,M,total,40-44,1750
2024,38520,함안군,M,unmarried,40-44,549
2024,38520,함안군,F,total,40-44,1677
2024,38530,창녕군,F,unmarried,20-24,406
2024,38530,창녕군,M,total,20-24,736
2024,38530,창녕군,M,unmarried,20-24,733
2024,38530,창녕군,F,total,20-24,413
2024,38530,창녕군,F,unmarried,25-29,530
2024,38530,창녕군,M,total,25-29,931
2024,38530,창녕군,M,unmarried,25-29,879
2024,38530,창녕군,F,total,25-29,624
2024,38530,창녕군,F,unmarried,30-34,395
2024,38530,창녕군,M,total,30-34,994
2024,38530,창녕군,M,unmarried,30-34,786
2024,38530,창녕군,F,total,30-34,738
2024,38530,창녕군,F,unmarried,35-39,191
2024,38530,창녕군,M,total,35-39,1024
2024,38530,창녕군,M,unmarried,35-39,585
2024,38530,창녕군,F,total,35-39,769
2024,38530,창녕군,F,unmarried,40-44,192
2024,38530,창녕군,M,total,40-44,1456
2024,38530,창녕군,M,unmarried,40-44,531
2024,38530,창녕군,F,total,40-44,1258
2024,38540,고성군,F,unmarried,20-24,359
2024,38540,고성군,M,total,20-24,672
2024,38540,고성군,M,unmarried,20-24,670
2024,38540,고성군,F,total,20-24,366
2024,38540,고성군,F,unmarried,25-29,472
2024,38540,고성군,M,total,25-29,851
2024,38540,고성군,M,unmarried,25-29,821
2024,38540,고성군,F,total,25-29,539
2024,38540,고성군,F,unmarried,30-34,294
2024,38540,고성군,M,total,30-34,708
2024,38540,고성군,M,unmarried,30-34,593
2024,38540,고성군,F,total,30-34,489
2024,38540,고성군,F,unmarried,35-39,194
2024,38540,고성군,M,total,35-39,710
2024,38540,고성군,M,unmarried,35-39,428
2024,38540,고성군,F,total,35-39,639
2024,38540,고성군,F,unmarried,40-44,180
2024,38540,고성군,M,total,40-44,1313
2024,38540,고성군,M,unmarried,40-44,504
2024,38540,고성군,F,total,40-44,1125
2024,38550,남해군,F,unmarried,20-24,239
2024,38550,남해군,M,total,20-24,635
2024,38550,남해군,M,unmarried,20-24,633
2024,38550,남해군,F,total,20-24,243
2024,38550,남해군,F,unmarried,25-29,383
2024,38550,남해군,M,total,25-29,632
2024,38550,남해군,M,unmarried,25-29,601
2024,38550,남해군,F,total,25-29,435
2024,38550,남해군,F,unmarried,30-34,220
2024,38550,남해군,M,total,30-34,588
2024,38550,남해군,M,unmarried,30-34,482
2024,38550,남해군,F,total,30-34,401
2024,38550,남해군,F,unmarried,35-39,147
2024,38550,남해군,M,total,35-39,516
2024,38550,남해군,M,unmarried,35-39,302
2024,38550,남해군,F,total,35-39,474
2024,38550,남해군,F,unmarried,40-44,142
2024,38550,남해군,M,total,40-44,769
2024,38550,남해군,M,unmarried,40-44,297
2024,38550,남해군,F,total,40-44,777
2024,38560,하동군,F,unmarried,20-24,246
2024,38560,하동군,M,total,20-24,490
2024,38560,하동군,M,unmarried,20-24,487
2024,38560,하동군,F,total,20-24,252
2024,38560,하동군,F,unmarried,25-29,368
2024,38560,하동군,M,total,25-29,631
2024,38560,하동군,M,unmarried,25-29,600
2024,38560,하동군,F,total,25-29,422
2024,38560,하동군,F,unmarried,30-34,247
2024,38560,하동군,M,total,30-34,545
2024,38560,하동군,M,unmarried,30-34,443
2024,38560,하동군,F,total,30-34,432
2024,38560,하동군,F,unmarried,35-39,139
2024,38560,하동군,M,total,35-39,543
2024,38560,하동군,M,unmarried,35-39,335
2024,38560,하동군,F,total,35-39,458
2024,38560,하동군,F,unmarried,40-44,131
2024,38560,하동군,M,total,40-44,802
2024,38560,하동군,M,unmarried,40-44,340
2024,38560,하동군,F,total,40-44,673
2024,38570,산청군,F,unmarried,20-24,205
2024,38570,산청군,M,total,20-24,369
2024,38570,산청군,M,unmarried,20-24,366
2024,38570,산청군,F,total,20-24,208
2024,38570,산청군,F,unmarried,25-29,301
2024,38570,산청군,M,total,25-29,474
2024,38570,산청군,M,unmarried,25-29,455
2024,38570,산청군,F,total,25-29,340
2024,38570,산청군,F,unmarried,30-34,199
2024,38570,산청군,M,total,30-34,442
2024,38570,산청군,M,unmarried,30-34,359
2024,38570,산청군,F,total,30-34,338
2024,38570,산청군,F,unmarried,35-39,109
2024,38570,산청군,M,total,35-39,420
2024,38570,산청군,M,unmarried,35-39,239
2024,38570,산청군,F,total,35-39,365
2024,38570,산청군,F,unmarried,40-44,122
2024,38570,산청군,M,total,40-44,620
2024,38570,산청군,M,unmarried,40-44,236
2024,38570,산청군,F,total,40-44,543
2024,38580,함양군,F,unmarried,20-24,262
2024,38580,함양군,M,total,20-24,515
2024,38580,함양군,M,unmarried,20-24,514
2024,38580,함양군,F,total,20-24,270
2024,38580,함양군,F,unmarried,25-29,357
2024,38580,함양군,M,total,25-29,594
2024,38580,함양군,M,unmarried,25-29,561
2024,38580,함양군,F,total,25-29,420
2024,38580,함양군,F,unmarried,30-34,233
2024,38580,함양군,M,total,30-34,521
2024,38580,함양군,M,unmarried,30-34,430
2024,38580,함양군,F,total,30-34,398
2024,38580,함양군,F,unmarried,35-39,150
2024,38580,함양군,M,total,35-39,517
2024,38580,함양군,M,unmarried,35-39,295
2024,38580,함양군,F,total,35-39,476
2024,38580,함양군,F,unmarried,40-44,114
2024,38580,함양군,M,total,40-44,752
2024,38580,함양군,M,unmarried,40-44,276
2024,38580,함양군,F,total,40-44,736
2024,38590,거창군,F,unmarried,20-24,688
2024,38590,거창군,M,total,20-24,1296
2024,38590,거창군,M,unmarried,20-24,1287
2024,38590,거창군,F,total,20-24,709
2024,38590,거창군,F,unmarried,25-29,795
2024,38590,거창군,M,total,25-29,1323
2024,38590,거창군,M,unmarried,25-29,1250
2024,38590,거창군,F,total,25-29,940
2024,38590,거창군,F,unmarried,30-34,436
2024,38590,거창군,M,total,30-34,1140
2024,38590,거창군,M,unmarried,30-34,822
2024,38590,거창군,F,total,30-34,931
2024,38590,거창군,F,unmarried,35-39,268
2024,38590,거창군,M,total,35-39,1155
2024,38590,거창군,M,unmarried,35-39,537
2024,38590,거창군,F,total,35-39,1064
2024,38590,거창군,F,unmarried,40-44,224
2024,38590,거창군,M,total,40-44,1531
2024,38590,거창군,M,unmarried,40-44,425
2024,38590,거창군,F,total,40-44,1563
2024,38600,합천군,F,unmarried,20-24,252
2024,38600,합천군,M,total,20-24,477
2024,38600,합천군,M,unmarried,20-24,468
2024,38600,합천군,F,total,20-24,257
2024,38600,합천군,F,unmarried,25-29,381
2024,38600,합천군,M,total,25-29,595
2024,38600,합천군,M,unmarried,25-29,562
2024,38600,합천군,F,total,25-29,444
2024,38600,합천군,F,unmarried,30-34,221
2024,38600,합천군,M,total,30-34,563
2024,38600,합천군,M,unmarried,30-34,440
2024,38600,합천군,F,total,30-34,391
2024,38600,합천군,F,unmarried,35-39,135
2024,38600,합천군,M,total,35-39,533
2024,38600,합천군,M,unmarried,35-39,283
2024,38600,합천군,F,total,35-39,405
2024,38600,합천군,F,unmarried,40-44,124
2024,38600,합천군,M,total,40-44,763
2024,38600,합천군,M,unmarried,40-44,320
2024,38600,합천군,F,total,40-44,664
2024,39,제주특별자치도,F,unmarried,20-24,12584
2024,39,제주특별자치도,M,total,20-24,15918
2024,39,제주특별자치도,M,unmarried,20-24,15796
2024,39,제주특별자치도,F,total,20-24,12788
2024,39,제주특별자치도,F,unmarried,25-29,14557
2024,39,제주특별자치도,M,total,25-29,18622
2024,39,제주특별자치도,M,unmarried,25-29,17356
2024,39,제주특별자치도,F,total,25-29,16883
2024,39,제주특별자치도,F,unmarried,30-34,9780
2024,39,제주특별자치도,M,total,30-34,19968
2024,39,제주특별자치도,M,unmarried,30-34,13985
2024,39,제주특별자치도,F,total,30-34,18575
2024,39,제주특별자치도,F,unmarried,35-39,4789
2024,39,제주특별자치도,M,total,35-39,18242
2024,39,제주특별자치도,M,unmarried,35-39,7669
2024,39,제주특별자치도,F,total,35-39,18145
2024,39,제주특별자치도,F,unmarried,40-44,4209
2024,39,제주특별자치도,M,total,40-44,25590
2024,39,제주특별자치도,M,unmarried,40-44,6847
2024,39,제주특별자치도,F,total,40-44,25535
2024,39003,동부,F,unmarried,20-24,10335
2024,39003,동부,M,total,20-24,12583
2024,39003,동부,M,unmarried,20-24,12487
2024,39003,동부,F,total,20-24,10490
2024,39003,동부,F,unmarried,25-29,11740
2024,39003,동부,M,total,25-29,14522
2024,39003,동부,M,unmarried,25-29,13519
2024,39003,동부,F,total,25-29,13613
2024,39003,동부,F,unmarried,30-34,7668
2024,39003,동부,M,total,30-34,15551
2024,39003,동부,M,unmarried,30-34,10716
2024,39003,동부,F,total,30-34,14692
2024,39003,동부,F,unmarried,35-39,3597
2024,39003,동부,M,total,35-39,14000
2024,39003,동부,M,unmarried,35-39,5730
2024,39003,동부,F,total,35-39,13755
2024,39003,동부,F,unmarried,40-44,3118
2024,39003,동부,M,total,40-44,18872
2024,39003,동부,M,unmarried,40-44,4951
2024,39003,동부,F,total,40-44,18796
2024,39004,읍부,F,unmarried,20-24,1744
2024,39004,읍부,M,total,20-24,2683
2024,39004,읍부,M,unmarried,20-24,2667
2024,39004,읍부,F,total,20-24,1782
2024,39004,읍부,F,unmarried,25-29,2204
2024,39004,읍부,M,total,25-29,3259
2024,39004,읍부,M,unmarried,25-29,3046
2024,39004,읍부,F,total,25-29,2587
2024,39004,읍부,F,unmarried,30-34,1713
2024,39004,읍부,M,total,30-34,3562
2024,39004,읍부,M,unmarried,30-34,2595
2024,39004,읍부,F,total,30-34,3194
2024,39004,읍부,F,unmarried,35-39,959
2024,39004,읍부,M,total,35-39,3482
2024,39004,읍부,M,unmarried,35-39,1583
2024,39004,읍부,F,total,35-39,3606
2024,39004,읍부,F,unmarried,40-44,884
2024,39004,읍부,M,total,40-44,5467
2024,39004,읍부,M,unmarried,40-44,1536
2024,39004,읍부,F,total,40-44,5498
2024,39005,면부,F,unmarried,20-24,505
2024,39005,면부,M,total,20-24,652
2024,39005,면부,M,unmarried,20-24,642
2024,39005,면부,F,total,20-24,516
2024,39005,면부,F,unmarried,25-29,613
2024,39005,면부,M,total,25-29,841
2024,39005,면부,M,unmarried,25-29,791
2024,39005,면부,F,total,25-29,683
2024,39005,면부,F,unmarried,30-34,399
2024,39005,면부,M,total,30-34,855
2024,39005,면부,M,unmarried,30-34,674
2024,39005,면부,F,total,30-34,689
2024,39005,면부,F,unmarried,35-39,233
2024,39005,면부,M,total,35-39,760
2024,39005,면부,M,unmarried,35-39,356
2024,39005,면부,F,total,35-39,784
2024,39005,면부,F,unmarried,40-44,207
2024,39005,면부,M,total,40-44,1251
2024,39005,면부,M,unmarried,40-44,360
2024,39005,면부,F,total,40-44,1241
2024,39010,제주시,F,unmarried,20-24,10248
2024,39010,제주시,M,total,20-24,12568
2024,39010,제주시,M,unmarried,20-24,12477
2024,39010,제주시,F,total,20-24,10403
2024,39010,제주시,F,unmarried,25-29,11435
2024,39010,제주시,M,total,25-29,14256
2024,39010,제주시,M,unmarried,25-29,13287
2024,39010,제주시,F,total,25-29,13253
2024,39010,제주시,F,unmarried,30-34,7666
2024,39010,제주시,M,total,30-34,15656
2024,39010,제주시,M,unmarried,30-34,10909
2024,39010,제주시,F,total,30-34,14595
2024,39010,제주시,F,unmarried,35-39,3635
2024,39010,제주시,M,total,35-39,14033
2024,39010,제주시,M,unmarried,35-39,5826
2024,39010,제주시,F,total,35-39,13786
2024,39010,제주시,F,unmarried,40-44,3117
2024,39010,제주시,M,total,40-44,19201
2024,39010,제주시,M,unmarried,40-44,5075
2024,39010,제주시,F,total,40-44,18961
2024,39020,서귀포시,F,unmarried,20-24,2336
2024,39020,서귀포시,M,total,20-24,3350
2024,39020,서귀포시,M,unmarried,20-24,3319
2024,39020,서귀포시,F,total,20-24,2385
2024,39020,서귀포시,F,unmarried,25-29,3122
2024,39020,서귀포시,M,total,25-29,4366
2024,39020,서귀포시,M,unmarried,25-29,4069
2024,39020,서귀포시,F,total,25-29,3630
2024,39020,서귀포시,F,unmarried,30-34,2114
2024,39020,서귀포시,M,total,30-34,4312
2024,39020,서귀포시,M,unmarried,30-34,3076
2024,39020,서귀포시,F,total,30-34,3980
2024,39020,서귀포시,F,unmarried,35-39,1154
2024,39020,서귀포시,M,total,35-39,4209
2024,39020,서귀포시,M,unmarried,35-39,1843
2024,39020,서귀포시,F,total,35-39,4359
2024,39020,서귀포시,F,unmarried,40-44,1092
2024,39020,서귀포시,M,total,40-44,6389
2024,39020,서귀포시,M,unmarried,40-44,1772
2024,39020,서귀포시,F,total,40-44,6574
2025,00,전국,F,unmarried,20-24,1129418
2025,00,전국,M,total,20-24,1249485
2025,00,전국,M,unmarried,20-24,1244642
2025,00,전국,F,total,20-24,1140542
2025,00,전국,F,unmarried,25-29,1344905
2025,00,전국,M,total,25-29,1642627
2025,00,전국,M,unmarried,25-29,1560115
2025,00,전국,F,total,25-29,1502972
2025,00,전국,F,unmarried,30-34,948486
2025,00,전국,M,total,30-34,1802488
2025,00,전국,M,unmarried,30-34,1348815
2025,00,전국,F,total,30-34,1604779
2025,00,전국,F,unmarried,35-39,458174
2025,00,전국,M,total,35-39,1576264
2025,00,전국,M,unmarried,35-39,763512
2025,00,전국,F,total,35-39,1452869
2025,00,전국,F,unmarried,40-44,334566
2025,00,전국,M,total,40-44,1834793
2025,00,전국,M,unmarried,40-44,576113
2025,00,전국,F,total,40-44,1747261
2025,03,동부,F,unmarried,20-24,988406
2025,03,동부,M,total,20-24,1055182
2025,03,동부,M,unmarried,20-24,1051485
2025,03,동부,F,total,20-24,996994
2025,03,동부,F,unmarried,25-29,1202425
2025,03,동부,M,total,25-29,1405083
2025,03,동부,M,unmarried,25-29,1339043
2025,03,동부,F,total,25-29,1331222
2025,03,동부,F,unmarried,30-34,853720
2025,03,동부,M,total,30-34,1547750
2025,03,동부,M,unmarried,30-34,1166352
2025,03,동부,F,total,30-34,1408284
2025,03,동부,F,unmarried,35-39,409161
2025,03,동부,M,total,35-39,1340983
2025,03,동부,M,unmarried,35-39,649406
2025,03,동부,F,total,35-39,1254373
2025,03,동부,F,unmarried,40-44,295391
2025,03,동부,M,total,40-44,1537688
2025,03,동부,M,unmarried,40-44,478719
2025,03,동부,F,total,40-44,1489096
2025,04,읍부,F,unmarried,20-24,90376
2025,04,읍부,M,total,20-24,119857
2025,04,읍부,M,unmarried,20-24,119163
2025,04,읍부,F,total,20-24,91995
2025,04,읍부,F,unmarried,25-29,92474
2025,04,읍부,M,total,25-29,145519
2025,04,읍부,M,unmarried,25-29,135008
2025,04,읍부,F,total,25-29,111944
2025,04,읍부,F,unmarried,30-34,60070
2025,04,읍부,M,total,30-34,158177
2025,04,읍부,M,unmarried,30-34,110378
2025,04,읍부,F,total,30-34,127965
2025,04,읍부,F,unmarried,35-39,29338
2025,04,읍부,M,total,35-39,146357
2025,04,읍부,M,unmarried,35-39,66199
2025,04,읍부,F,total,35-39,129430
2025,04,읍부,F,unmarried,40-44,22733
2025,04,읍부,M,total,40-44,185576
2025,04,읍부,M,unmarried,40-44,54627
2025,04,읍부,F,total,40-44,171258
2025,05,면부,F,unmarried,20-24,50636
2025,05,면부,M,total,20-24,74446
2025,05,면부,M,unmarried,20-24,73994
2025,05,면부,F,total,20-24,51553
2025,05,면부,F,unmarried,25-29,50006
2025,05,면부,M,total,25-29,92025
2025,05,면부,M,unmarried,25-29,86064
2025,05,면부,F,total,25-29,59806
2025,05,면부,F,unmarried,30-34,34696
2025,05,면부,M,total,30-34,96561
2025,05,면부,M,unmarried,30-34,72085
2025,05,면부,F,total,30-34,68530
2025,05,면부,F,unmarried,35-39,19675
2025,05,면부,M,total,35-39,88924
2025,05,면부,M,unmarried,35-39,47907
2025,05,면부,F,total,35-39,69066
2025,05,면부,F,unmarried,40-44,16442
2025,05,면부,M,total,40-44,111529
2025,05,면부,M,unmarried,40-44,42767
2025,05,면부,F,total,40-44,86907
2025,11,서울특별시,F,unmarried,20-24,261310
2025,11,서울특별시,M,total,20-24,224860
2025,11,서울특별시,M,unmarried,20-24,224462
2025,11,서울특별시,F,total,20-24,262246
2025,11,서울특별시,F,unmarried,25-29,370516
2025,11,서울특별시,M,total,25-29,346477
2025,11,서울특별시,M,unmarried,25-29,336175
2025,11,서울특별시,F,total,25-29,391267
2025,11,서울특별시,F,unmarried,30-34,280483
2025,11,서울특별시,M,total,30-34,389490
2025,11,서울특별시,M,unmarried,30-34,318055
2025,11,서울특별시,F,total,30-34,385857
2025,11,서울특별시,F,unmarried,35-39,139851
2025,11,서울특별시,M,total,35-39,312891
2025,11,서울특별시,M,unmarried,35-39,176754
2025,11,서울특별시,F,total,35-39,308083
2025,11,서울특별시,F,unmarried,40-44,97531
2025,11,서울특별시,M,total,40-44,325491
2025,11,서울특별시,M,unmarried,40-44,121078
2025,11,서울특별시,F,total,40-44,324885
2025,11010,종로구,F,unmarried,20-24,4903
2025,11010,종로구,M,total,20-24,3905
2025,11010,종로구,M,unmarried,20-24,3900
2025,11010,종로구,F,total,20-24,4911
2025,11010,종로구,F,unmarried,25-29,5968
2025,11010,종로구,M,total,25-29,5793
2025,11010,종로구,M,unmarried,25-29,5639
2025,11010,종로구,F,total,25-29,6237
2025,11010,종로구,F,unmarried,30-34,4217
2025,11010,종로구,M,total,30-34,5505
2025,11010,종로구,M,unmarried,30-34,4690
2025,11010,종로구,F,total,30-34,5246
2025,11010,종로구,F,unmarried,35-39,2168
2025,11010,종로구,M,total,35-39,3875
2025,11010,종로구,M,unmarried,35-39,2604
2025,11010,종로구,F,total,35-39,3923
2025,11010,종로구,F,unmarried,40-44,1603
2025,11010,종로구,M,total,40-44,4190
2025,11010,종로구,M,unmarried,40-44,1806
2025,11010,종로구,F,total,40-44,4240
2025,11020,중구,F,unmarried,20-24,3474
2025,11020,중구,M,total,20-24,2861
2025,11020,중구,M,unmarried,20-24,2860
2025,11020,중구,F,total,20-24,3481
2025,11020,중구,F,unmarried,25-29,5169
2025,11020,중구,M,total,25-29,4401
2025,11020,중구,M,unmarried,25-29,4287
2025,11020,중구,F,total,25-29,5461
2025,11020,중구,F,unmarried,30-34,4391
2025,11020,중구,M,total,30-34,5620
2025,11020,중구,M,unmarried,30-34,4656
2025,11020,중구,F,total,30-34,5743
2025,11020,중구,F,unmarried,35-39,2242
2025,11020,중구,M,total,35-39,4540
2025,11020,중구,M,unmarried,35-39,2702
2025,11020,중구,F,total,35-39,4411
2025,11020,중구,F,unmarried,40-44,1633
2025,11020,중구,M,total,40-44,4071
2025,11020,중구,M,unmarried,40-44,1775
2025,11020,중구,F,total,40-44,3992
2025,11030,용산구,F,unmarried,20-24,5550
2025,11030,용산구,M,total,20-24,3687
2025,11030,용산구,M,unmarried,20-24,3681
2025,11030,용산구,F,total,20-24,5570
2025,11030,용산구,F,unmarried,25-29,8026
2025,11030,용산구,M,total,25-29,6997
2025,11030,용산구,M,unmarried,25-29,6743
2025,11030,용산구,F,total,25-29,8519
2025,11030,용산구,F,unmarried,30-34,7473
2025,11030,용산구,M,total,30-34,9562
2025,11030,용산구,M,unmarried,30-34,7908
2025,11030,용산구,F,total,30-34,10003
2025,11030,용산구,F,unmarried,35-39,3930
2025,11030,용산구,M,total,35-39,7627
2025,11030,용산구,M,unmarried,35-39,4544
2025,11030,용산구,F,total,35-39,7752
2025,11030,용산구,F,unmarried,40-44,2493
2025,11030,용산구,M,total,40-44,7199
2025,11030,용산구,M,unmarried,40-44,2934
2025,11030,용산구,F,total,40-44,6903
2025,11040,성동구,F,unmarried,20-24,8176
2025,11040,성동구,M,total,20-24,7258
2025,11040,성동구,M,unmarried,20-24,7254
2025,11040,성동구,F,total,20-24,8204
2025,11040,성동구,F,unmarried,25-29,10638
2025,11040,성동구,M,total,25-29,11012
2025,11040,성동구,M,unmarried,25-29,10734
2025,11040,성동구,F,total,25-29,11342
2025,11040,성동구,F,unmarried,30-34,8120
2025,11040,성동구,M,total,30-34,12017
2025,11040,성동구,M,unmarried,30-34,9204
2025,11040,성동구,F,total,30-34,12399
2025,11040,성동구,F,unmarried,35-39,4163
2025,11040,성동구,M,total,35-39,10653
2025,11040,성동구,M,unmarried,35-39,5223
2025,11040,성동구,F,total,35-39,10729
2025,11040,성동구,F,unmarried,40-44,2914
2025,11040,성동구,M,total,40-44,10250
2025,11040,성동구,M,unmarried,40-44,3350
2025,11040,성동구,F,total,40-44,9678
2025,11050,광진구,F,unmarried,20-24,11657
2025,11050,광진구,M,total,20-24,9784
2025,11050,광진구,M,unmarried,20-24,9766
2025,11050,광진구,F,total,20-24,11690
2025,11050,광진구,F,unmarried,25-29,17619
2025,11050,광진구,M,total,25-29,15997
2025,11050,광진구,M,unmarried,25-29,15610
2025,11050,광진구,F,total,25-29,18353
2025,11050,광진구,F,unmarried,30-34,12810
2025,11050,광진구,M,total,30-34,16076
2025,11050,광진구,M,unmarried,30-34,13745
2025,11050,광진구,F,total,30-34,16161
2025,11050,광진구,F,unmarried,35-39,6179
2025,11050,광진구,M,total,35-39,11382
2025,11050,광진구,M,unmarried,35-39,7223
2025,11050,광진구,F,total,35-39,11299
2025,11050,광진구,F,unmarried,40-44,4090
2025,11050,광진구,M,total,40-44,10959
2025,11050,광진구,M,unmarried,40-44,4677
2025,11050,광진구,F,total,40-44,11280
2025,11060,동대문구,F,unmarried,20-24,14579
2025,11060,동대문구,M,total,20-24,11527
2025,11060,동대문구,M,unmarried,20-24,11512
2025,11060,동대문구,F,total,20-24,14610
2025,11060,동대문구,F,unmarried,25-29,14707
2025,11060,동대문구,M,total,25-29,15218
2025,11060,동대문구,M,unmarried,25-29,14793
2025,11060,동대문구,F,total,25-29,15574
2025,11060,동대문구,F,unmarried,30-34,9534
2025,11060,동대문구,M,total,30-34,14442
2025,11060,동대문구,M,unmarried,30-34,11403
2025,11060,동대문구,F,total,30-34,13865
2025,11060,동대문구,F,unmarried,35-39,4615
2025,11060,동대문구,M,total,35-39,11853
2025,11060,동대문구,M,unmarried,35-39,6347
2025,11060,동대문구,F,total,35-39,11139
2025,11060,동대문구,F,unmarried,40-44,3386
2025,11060,동대문구,M,total,40-44,12171
2025,11060,동대문구,M,unmarried,40-44,4517
2025,11060,동대문구,F,total,40-44,11413
2025,11070,중랑구,F,unmarried,20-24,8337
2025,11070,중랑구,M,total,20-24,7514
2025,11070,중랑구,M,unmarried,20-24,7492
2025,11070,중랑구,F,total,20-24,8394
2025,11070,중랑구,F,unmarried,25-29,13516
2025,11070,중랑구,M,total,25-29,12947
2025,11070,중랑구,M,unmarried,25-29,12451
2025,11070,중랑구,F,total,25-29,14507
2025,11070,중랑구,F,unmarried,30-34,11298
2025,11070,중랑구,M,total,30-34,16110
2025,11070,중랑구,M,unmarried,30-34,12975
2025,11070,중랑구,F,total,30-34,15811
2025,11070,중랑구,F,unmarried,35-39,5624
2025,11070,중랑구,M,total,35-39,12892
2025,11070,중랑구,M,unmarried,35-39,7603
2025,11070,중랑구,F,total,35-39,11955
2025,11070,중랑구,F,unmarried,40-44,4013
2025,11070,중랑구,M,total,40-44,12983
2025,11070,중랑구,M,unmarried,40-44,5686
2025,11070,중랑구,F,total,40-44,11853
2025,11080,성북구,F,unmarried,20-24,18731
2025,11080,성북구,M,total,20-24,14285
2025,11080,성북구,M,unmarried,20-24,14261
2025,11080,성북구,F,total,20-24,18774
2025,11080,성북구,F,unmarried,25-29,15669
2025,11080,성북구,M,total,25-29,15716
2025,11080,성북구,M,unmarried,25-29,15247
2025,11080,성북구,F,total,25-29,16626
2025,11080,성북구,F,unmarried,30-34,9824
2025,11080,성북구,M,total,30-34,14649
2025,11080,성북구,M,unmarried,30-34,11450
2025,11080,성북구,F,total,30-34,14439
2025,11080,성북구,F,unmarried,35-39,5127
2025,11080,성북구,M,total,35-39,12760
2025,11080,성북구,M,unmarried,35-39,6545
2025,11080,성북구,F,total,35-39,12689
2025,11080,성북구,F,unmarried,40-44,3743
2025,11080,성북구,M,total,40-44,14277
2025,11080,성북구,M,unmarried,40-44,4865
2025,11080,성북구,F,total,40-44,14173
2025,11090,강북구,F,unmarried,20-24,8054
2025,11090,강북구,M,total,20-24,6087
2025,11090,강북구,M,unmarried,20-24,6062
2025,11090,강북구,F,total,20-24,8090
2025,11090,강북구,F,unmarried,25-29,9314
2025,11090,강북구,M,total,25-29,9056
2025,11090,강북구,M,unmarried,25-29,8778
2025,11090,강북구,F,total,25-29,9865
2025,11090,강북구,F,unmarried,30-34,6673
2025,11090,강북구,M,total,30-34,9692
2025,11090,강북구,M,unmarried,30-34,8172
2025,11090,강북구,F,total,30-34,8855
2025,11090,강북구,F,unmarried,35-39,3406
2025,11090,강북구,M,total,35-39,7722
2025,11090,강북구,M,unmarried,35-39,5070
2025,11090,강북구,F,total,35-39,6699
2025,11090,강북구,F,unmarried,40-44,2739
2025,11090,강북구,M,total,40-44,8754
2025,11090,강북구,M,unmarried,40-44,4264
2025,11090,강북구,F,total,40-44,7825
2025,11100,도봉구,F,unmarried,20-24,7513
2025,11100,도봉구,M,total,20-24,6465
2025,11100,도봉구,M,unmarried,20-24,6454
2025,11100,도봉구,F,total,20-24,7542
2025,11100,도봉구,F,unmarried,25-29,8806
2025,11100,도봉구,M,total,25-29,9187
2025,11100,도봉구,M,unmarried,25-29,8886
2025,11100,도봉구,F,total,25-29,9353
2025,11100,도봉구,F,unmarried,30-34,6874
2025,11100,도봉구,M,total,30-34,10035
2025,11100,도봉구,M,unmarried,30-34,8298
2025,11100,도봉구,F,total,30-34,9401
2025,11100,도봉구,F,unmarried,35-39,3575
2025,11100,도봉구,M,total,35-39,8259
2025,11100,도봉구,M,unmarried,35-39,5018
2025,11100,도봉구,F,total,35-39,7794
2025,11100,도봉구,F,unmarried,40-44,2736
2025,11100,도봉구,M,total,40-44,9454
2025,11100,도봉구,M,unmarried,40-44,4024
2025,11100,도봉구,F,total,40-44,8964
2025,11110,노원구,F,unmarried,20-24,15656
2025,11110,노원구,M,total,20-24,15600
2025,11110,노원구,M,unmarried,20-24,15587
2025,11110,노원구,F,total,20-24,15693
2025,11110,노원구,F,unmarried,25-29,13878
2025,11110,노원구,M,total,25-29,15547
2025,11110,노원구,M,unmarried,25-29,14978
2025,11110,노원구,F,total,25-29,14930
2025,11110,노원구,F,unmarried,30-34,9906
2025,11110,노원구,M,total,30-34,15602
2025,11110,노원구,M,unmarried,30-34,11837
2025,11110,노원구,F,total,30-34,15245
2025,11110,노원구,F,unmarried,35-39,5178
2025,11110,노원구,M,total,35-39,13986
2025,11110,노원구,M,unmarried,35-39,7021
2025,11110,노원구,F,total,35-39,13489
2025,11110,노원구,F,unmarried,40-44,4126
2025,11110,노원구,M,total,40-44,15359
2025,11110,노원구,M,unmarried,40-44,5111
2025,11110,노원구,F,total,40-44,16101
2025,11120,은평구,F,unmarried,20-24,10597
2025,11120,은평구,M,total,20-24,9754
2025,11120,은평구,M,unmarried,20-24,9735
2025,11120,은평구,F,total,20-24,10650
2025,11120,은평구,F,unmarried,25-29,16859
2025,11120,은평구,M,total,25-29,14657
2025,11120,은평구,M,unmarried,25-29,14152
2025,11120,은평구,F,total,25-29,17894
2025,11120,은평구,F,unmarried,30-34,13284
2025,11120,은평구,M,total,30-34,17280
2025,11120,은평구,M,unmarried,30-34,13780
2025,11120,은평구,F,total,30-34,18444
2025,11120,은평구,F,unmarried,35-39,6588
2025,11120,은평구,M,total,35-39,13986
2025,11120,은평구,M,unmarried,35-39,7817
2025,11120,은평구,F,total,35-39,14140
2025,11120,은평구,F,unmarried,40-44,4826
2025,11120,은평구,M,total,40-44,15224
2025,11120,은평구,M,unmarried,40-44,5892
2025,11120,은평구,F,total,40-44,15265
2025,11130,서대문구,F,unmarried,20-24,14607
2025,11130,서대문구,M,total,20-24,9358
2025,11130,서대문구,M,unmarried,20-24,9349
2025,11130,서대문구,F,total,20-24,14626
2025,11130,서대문구,F,unmarried,25-29,13286
2025,11130,서대문구,M,total,25-29,12241
2025,11130,서대문구,M,unmarried,25-29,11980
2025,11130,서대문구,F,total,25-29,13899
2025,11130,서대문구,F,unmarried,30-34,8524
2025,11130,서대문구,M,total,30-34,11649
2025,11130,서대문구,M,unmarried,30-34,9493
2025,11130,서대문구,F,total,30-34,11742
2025,11130,서대문구,F,unmarried,35-39,4246
2025,11130,서대문구,M,total,35-39,9642
2025,11130,서대문구,M,unmarried,35-39,5091
2025,11130,서대문구,F,total,35-39,9962
2025,11130,서대문구,F,unmarried,40-44,3038
2025,11130,서대문구,M,total,40-44,10365
2025,11130,서대문구,M,unmarried,40-44,3618
2025,11130,서대문구,F,total,40-44,10267
2025,11140,마포구,F,unmarried,20-24,12130
2025,11140,마포구,M,total,20-24,9128
2025,11140,마포구,M,unmarried,20-24,9113
2025,11140,마포구,F,total,20-24,12157
2025,11140,마포구,F,unmarried,25-29,17708
2025,11140,마포구,M,total,25-29,14212
2025,11140,마포구,M,unmarried,25-29,13869
2025,11140,마포구,F,total,25-29,18523
2025,11140,마포구,F,unmarried,30-34,13671
2025,11140,마포구,M,total,30-34,16147
2025,11140,마포구,M,unmarried,30-34,13124
2025,11140,마포구,F,total,30-34,18277
2025,11140,마포구,F,unmarried,35-39,6938
2025,11140,마포구,M,total,35-39,12943
2025,11140,마포구,M,unmarried,35-39,7158
2025,11140,마포구,F,total,35-39,14282
2025,11140,마포구,F,unmarried,40-44,4704
2025,11140,마포구,M,total,40-44,13056
2025,11140,마포구,M,unmarried,40-44,4602
2025,11140,마포구,F,total,40-44,13699
2025,11150,양천구,F,unmarried,20-24,8870
2025,11150,양천구,M,total,20-24,9273
2025,11150,양천구,M,unmarried,20-24,9254
2025,11150,양천구,F,total,20-24,8910
2025,11150,양천구,F,unmarried,25-29,11933
2025,11150,양천구,M,total,25-29,12240
2025,11150,양천구,M,unmarried,25-29,11852
2025,11150,양천구,F,total,25-29,12650
2025,11150,양천구,F,unmarried,30-34,9213
2025,11150,양천구,M,total,30-34,13226
2025,11150,양천구,M,unmarried,30-34,10774
2025,11150,양천구,F,total,30-34,12930
2025,11150,양천구,F,unmarried,35-39,4611
2025,11150,양천구,M,total,35-39,11354
2025,11150,양천구,M,unmarried,35-39,6101
2025,11150,양천구,F,total,35-39,11693
2025,11150,양천구,F,unmarried,40-44,3365
2025,11150,양천구,M,total,40-44,14952
2025,11150,양천구,M,unmarried,40-44,4566
2025,11150,양천구,F,total,40-44,16284
2025,11160,강서구,F,unmarried,20-24,12493
2025,11160,강서구,M,total,20-24,10461
2025,11160,강서구,M,unmarried,20-24,10440
2025,11160,강서구,F,total,20-24,12552
2025,11160,강서구,F,unmarried,25-29,23904
2025,11160,강서구,M,total,25-29,19608
2025,11160,강서구,M,unmarried,25-29,18913
2025,11160,강서구,F,total,25-29,25251
2025,11160,강서구,F,unmarried,30-34,19840
2025,11160,강서구,M,total,30-34,25505
2025,11160,강서구,M,unmarried,30-34,20956
2025,11160,강서구,F,total,30-34,26565
2025,11160,강서구,F,unmarried,35-39,9501
2025,11160,강서구,M,total,35-39,20606
2025,11160,강서구,M,unmarried,35-39,11976
2025,11160,강서구,F,total,35-39,19855
2025,11160,강서구,F,unmarried,40-44,6187
2025,11160,강서구,M,total,40-44,20420
2025,11160,강서구,M,unmarried,40-44,8138
2025,11160,강서구,F,total,40-44,19458
2025,11170,구로구,F,unmarried,20-24,8196
2025,11170,구로구,M,total,20-24,7852
2025,11170,구로구,M,unmarried,20-24,7832
2025,11170,구로구,F,total,20-24,8249
2025,11170,구로구,F,unmarried,25-29,13876
2025,11170,구로구,M,total,25-29,13115
2025,11170,구로구,M,unmarried,25-29,12675
2025,11170,구로구,F,total,25-29,14829
2025,11170,구로구,F,unmarried,30-34,10807
2025,11170,구로구,M,total,30-34,16369
2025,11170,구로구,M,unmarried,30-34,13018
2025,11170,구로구,F,total,30-34,15799
2025,11170,구로구,F,unmarried,35-39,5609
2025,11170,구로구,M,total,35-39,14032
2025,11170,구로구,M,unmarried,35-39,7720
2025,11170,구로구,F,total,35-39,13003
2025,11170,구로구,F,unmarried,40-44,3869
2025,11170,구로구,M,total,40-44,13896
2025,11170,구로구,M,unmarried,40-44,5429
2025,11170,구로구,F,total,40-44,12793
2025,11180,금천구,F,unmarried,20-24,4833
2025,11180,금천구,M,total,20-24,4282
2025,11180,금천구,M,unmarried,20-24,4270
2025,11180,금천구,F,total,20-24,4880
2025,11180,금천구,F,unmarried,25-29,10541
2025,11180,금천구,M,total,25-29,10322
2025,11180,금천구,M,unmarried,25-29,9955
2025,11180,금천구,F,total,25-29,11196
2025,11180,금천구,F,unmarried,30-34,7963
2025,11180,금천구,M,total,30-34,12726
2025,11180,금천구,M,unmarried,30-34,10851
2025,11180,금천구,F,total,30-34,10387
2025,11180,금천구,F,unmarried,35-39,3576
2025,11180,금천구,M,total,35-39,8539
2025,11180,금천구,M,unmarried,35-39,5730
2025,11180,금천구,F,total,35-39,6769
2025,11180,금천구,F,unmarried,40-44,2319
2025,11180,금천구,M,total,40-44,7449
2025,11180,금천구,M,unmarried,40-44,3788
2025,11180,금천구,F,total,40-44,6110
2025,11190,영등포구,F,unmarried,20-24,8617
2025,11190,영등포구,M,total,20-24,7033
2025,11190,영등포구,M,unmarried,20-24,7019
2025,11190,영등포구,F,total,20-24,8638
2025,11190,영등포구,F,unmarried,25-29,18491
2025,11190,영등포구,M,total,25-29,15353
2025,11190,영등포구,M,unmarried,25-29,14833
2025,11190,영등포구,F,total,25-29,19534
2025,11190,영등포구,F,unmarried,30-34,14730
2025,11190,영등포구,M,total,30-34,20402
2025,11190,영등포구,M,unmarried,30-34,16502
2025,11190,영등포구,F,total,30-34,20465
2025,11190,영등포구,F,unmarried,35-39,6683
2025,11190,영등포구,M,total,35-39,15755
2025,11190,영등포구,M,unmarried,35-39,8509
2025,11190,영등포구,F,total,35-39,14715
2025,11190,영등포구,F,unmarried,40-44,4060
2025,11190,영등포구,M,total,40-44,13697
2025,11190,영등포구,M,unmarried,40-44,5104
2025,11190,영등포구,F,total,40-44,12549
2025,11200,동작구,F,unmarried,20-24,13119
2025,11200,동작구,M,total,20-24,11762
2025,11200,동작구,M,unmarried,20-24,11746
2025,11200,동작구,F,total,20-24,13154
2025,11200,동작구,F,unmarried,25-29,17820
2025,11200,동작구,M,total,25-29,17575
2025,11200,동작구,M,unmarried,25-29,17157
2025,11200,동작구,F,total,25-29,18606
2025,11200,동작구,F,unmarried,30-34,12191
2025,11200,동작구,M,total,30-34,17788
2025,11200,동작구,M,unmarried,30-34,14906
2025,11200,동작구,F,total,30-34,16532
2025,11200,동작구,F,unmarried,35-39,5766
2025,11200,동작구,M,total,35-39,13149
2025,11200,동작구,M,unmarried,35-39,7617
2025,11200,동작구,F,total,35-39,12416
2025,11200,동작구,F,unmarried,40-44,3917
2025,11200,동작구,M,total,40-44,12721
2025,11200,동작구,M,unmarried,40-44,4919
2025,11200,동작구,F,total,40-44,11990
2025,11210,관악구,F,unmarried,20-24,17969
2025,11210,관악구,M,total,20-24,14835
2025,11210,관악구,M,unmarried,20-24,14805
2025,11210,관악구,F,total,20-24,18047
2025,11210,관악구,F,unmarried,25-29,33365
2025,11210,관악구,M,total,25-29,33934
2025,11210,관악구,M,unmarried,25-29,33251
2025,11210,관악구,F,total,25-29,34537
2025,11210,관악구,F,unmarried,30-34,21221
2025,11210,관악구,M,total,30-34,32261
2025,11210,관악구,M,unmarried,30-34,29008
2025,11210,관악구,F,total,30-34,25516
2025,11210,관악구,F,unmarried,35-39,8801
2025,11210,관악구,M,total,35-39,18927
2025,11210,관악구,M,unmarried,35-39,13889
2025,11210,관악구,F,total,35-39,14487
2025,11210,관악구,F,unmarried,40-44,5542
2025,11210,관악구,M,total,40-44,15541
2025,11210,관악구,M,unmarried,40-44,8870
2025,11210,관악구,F,total,40-44,12676
2025,11220,서초구,F,unmarried,20-24,9450
2025,11220,서초구,M,total,20-24,8724
2025,11220,서초구,M,unmarried,20-24,8713
2025,11220,서초구,F,total,20-24,9481
2025,11220,서초구,F,unmarried,25-29,12583
2025,11220,서초구,M,total,25-29,11390
2025,11220,서초구,M,unmarried,25-29,11099
2025,11220,서초구,F,total,25-29,13199
2025,11220,서초구,F,unmarried,30-34,10033
2025,11220,서초구,M,total,30-34,13112
2025,11220,서초구,M,unmarried,30-34,10678
2025,11220,서초구,F,total,30-34,14108
2025,11220,서초구,F,unmarried,35-39,5791
2025,11220,서초구,M,total,35-39,11870
2025,11220,서초구,M,unmarried,35-39,6061
2025,11220,서초구,F,total,35-39,14023
2025,11220,서초구,F,unmarried,40-44,4069
2025,11220,서초구,M,total,40-44,14703
2025,11220,서초구,M,unmarried,40-44,3838
2025,11220,서초구,F,total,40-44,17010
2025,11230,강남구,F,unmarried,20-24,10984
2025,11230,강남구,M,total,20-24,10878
2025,11230,강남구,M,unmarried,20-24,10864
2025,11230,강남구,F,total,20-24,11012
2025,11230,강남구,F,unmarried,25-29,17167
2025,11230,강남구,M,total,25-29,14933
2025,11230,강남구,M,unmarried,25-29,14497
2025,11230,강남구,F,total,25-29,18084
2025,11230,강남구,F,unmarried,30-34,14917
2025,11230,강남구,M,total,30-34,18693
2025,11230,강남구,M,unmarried,30-34,15289
2025,11230,강남구,F,total,30-34,20340
2025,11230,강남구,F,unmarried,35-39,8659
2025,11230,강남구,M,total,35-39,16551
2025,11230,강남구,M,unmarried,35-39,9130
2025,11230,강남구,F,total,35-39,18886
2025,11230,강남구,F,unmarried,40-44,6477
2025,11230,강남구,M,total,40-44,19792
2025,11230,강남구,M,unmarried,40-44,5933
2025,11230,강남구,F,total,40-44,24356
2025,11240,송파구,F,unmarried,20-24,13207
2025,11240,송파구,M,total,20-24,13000
2025,11240,송파구,M,unmarried,20-24,12973
2025,11240,송파구,F,total,20-24,13271
2025,11240,송파구,F,unmarried,25-29,23261
2025,11240,송파구,M,total,25-29,20054
2025,11240,송파구,M,unmarried,25-29,19435
2025,11240,송파구,F,total,25-29,24576
2025,11240,송파구,F,unmarried,30-34,20065
2025,11240,송파구,M,total,30-34,25792
2025,11240,송파구,M,unmarried,30-34,20771
2025,11240,송파구,F,total,30-34,27757
2025,11240,송파구,F,unmarried,35-39,10456
2025,11240,송파구,M,total,35-39,22488
2025,11240,송파구,M,unmarried,35-39,11670
2025,11240,송파구,F,total,35-39,24190
2025,11240,송파구,F,unmarried,40-44,6985
2025,11240,송파구,M,total,40-44,24356
2025,11240,송파구,M,unmarried,40-44,7482
2025,11240,송파구,F,total,40-44,25930
2025,11250,강동구,F,unmarried,20-24,9608
2025,11250,강동구,M,total,20-24,9547
2025,11250,강동구,M,unmarried,20-24,9520
2025,11250,강동구,F,total,20-24,9660
2025,11250,강동구,F,unmarried,25-29,16412
2025,11250,강동구,M,total,25-29,14972
2025,11250,강동구,M,unmarried,25-29,14361
2025,11250,강동구,F,total,25-29,17722
2025,11250,강동구,F,unmarried,30-34,12904
2025,11250,강동구,M,total,30-34,19230
2025,11250,강동구,M,unmarried,30-34,14567
2025,11250,강동구,F,total,30-34,19827
2025,11250,강동구,F,unmarried,35-39,6419
2025,11250,강동구,M,total,35-39,17500
2025,11250,강동구,M,unmarried,35-39,8385
2025,11250,강동구,F,total,35-39,17783
2025,11250,강동구,F,unmarried,40-44,4697
2025,11250,강동구,M,total,40-44,19652
2025,11250,강동구,M,unmarried,40-44,5890
2025,11250,강동구,F,total,40-44,20076
2025,21,부산광역시,F,unmarried,20-24,72868
2025,21,부산광역시,M,total,20-24,77131
2025,21,부산광역시,M,unmarried,20-24,76892
2025,21,부산광역시,F,total,20-24,73419
2025,21,부산광역시,F,unmarried,25-29,81976
2025,21,부산광역시,M,total,25-29,93964
2025,21,부산광역시,M,unmarried,25-29,90340
2025,21,부산광역시,F,total,25-29,89516
2025,21,부산광역시,F,unmarried,30-34,59434
2025,21,부산광역시,M,total,30-34,102562
2025,21,부산광역시,M,unmarried,30-34,79338
2025,21,부산광역시,F,total,30-34,94739
2025,21,부산광역시,F,unmarried,35-39,29934
2025,21,부산광역시,M,total,35-39,91114
2025,21,부산광역시,M,unmarried,35-39,46541
2025,21,부산광역시,F,total,35-39,85992
2025,21,부산광역시,F,unmarried,40-44,23705
2025,21,부산광역시,M,total,40-44,109797
2025,21,부산광역시,M,unmarried,40-44,37929
2025,21,부산광역시,F,total,40-44,106198
2025,21003,동부,F,unmarried,20-24,70477
2025,21003,동부,M,total,20-24,73785
2025,21003,동부,M,unmarried,20-24,73562
2025,21003,동부,F,total,20-24,70981
2025,21003,동부,F,unmarried,25-29,78898
2025,21003,동부,M,total,25-29,90046
2025,21003,동부,M,unmarried,25-29,86695
2025,21003,동부,F,total,25-29,85939
2025,21003,동부,F,unmarried,30-34,57308
2025,21003,동부,M,total,30-34,97566
2025,21003,동부,M,unmarried,30-34,75883
2025,21003,동부,F,total,30-34,90304
2025,21003,동부,F,unmarried,35-39,28819
2025,21003,동부,M,total,35-39,86019
2025,21003,동부,M,unmarried,35-39,44499
2025,21003,동부,F,total,35-39,80947
2025,21003,동부,F,unmarried,40-44,22766
2025,21003,동부,M,total,40-44,102545
2025,21003,동부,M,unmarried,40-44,36188
2025,21003,동부,F,total,40-44,98834
2025,21004,읍부,F,unmarried,20-24,2346
2025,21004,읍부,M,total,20-24,3249
2025,21004,읍부,M,unmarried,20-24,3234
2025,21004,읍부,F,total,20-24,2393
2025,21004,읍부,F,unmarried,25-29,2995
2025,21004,읍부,M,total,25-29,3784
2025,21004,읍부,M,unmarried,25-29,3514
2025,21004,읍부,F,total,25-29,3493
2025,21004,읍부,F,unmarried,30-34,2036
2025,21004,읍부,M,total,30-34,4834
2025,21004,읍부,M,unmarried,30-34,3301
2025,21004,읍부,F,total,30-34,4325
2025,21004,읍부,F,unmarried,35-39,1072
2025,21004,읍부,M,total,35-39,4978
2025,21004,읍부,M,unmarried,35-39,1952
2025,21004,읍부,F,total,35-39,4956
2025,21004,읍부,F,unmarried,40-44,902
2025,21004,읍부,M,total,40-44,7118
2025,21004,읍부,M,unmarried,40-44,1674
2025,21004,읍부,F,total,40-44,7219
2025,21005,면부,F,unmarried,20-24,45
2025,21005,면부,M,total,20-24,97
2025,21005,면부,M,unmarried,20-24,96
2025,21005,면부,F,total,20-24,45
2025,21005,면부,F,unmarried,25-29,83
2025,21005,면부,M,total,25-29,134
2025,21005,면부,M,unmarried,25-29,131
2025,21005,면부,F,total,25-29,84
2025,21005,면부,F,unmarried,30-34,90
2025,21005,면부,M,total,30-34,162
2025,21005,면부,M,unmarried,30-34,154
2025,21005,면부,F,total,30-34,110
2025,21005,면부,F,unmarried,35-39,43
2025,21005,면부,M,total,35-39,117
2025,21005,면부,M,unmarried,35-39,90
2025,21005,면부,F,total,35-39,89
2025,21005,면부,F,unmarried,40-44,37
2025,21005,면부,M,total,40-44,134
2025,21005,면부,M,unmarried,40-44,67
2025,21005,면부,F,total,40-44,145
2025,21010,중구,F,unmarried,20-24,956
2025,21010,중구,M,total,20-24,763
2025,21010,중구,M,unmarried,20-24,758
2025,21010,중구,F,total,20-24,960
2025,21010,중구,F,unmarried,25-29,1453
2025,21010,중구,M,total,25-29,1299
2025,21010,중구,M,unmarried,25-29,1264
2025,21010,중구,F,total,25-29,1514
2025,21010,중구,F,unmarried,30-34,860
2025,21010,중구,M,total,30-34,1342
2025,21010,중구,M,unmarried,30-34,1208
2025,21010,중구,F,total,30-34,1029
2025,21010,중구,F,unmarried,35-39,462
2025,21010,중구,M,total,35-39,844
2025,21010,중구,M,unmarried,35-39,675
2025,21010,중구,F,total,35-39,704
2025,21010,중구,F,unmarried,40-44,372
2025,21010,중구,M,total,40-44,922
2025,21010,중구,M,unmarried,40-44,573
2025,21010,중구,F,total,40-44,786
2025,21020,서구,F,unmarried,20-24,2631
2025,21020,서구,M,total,20-24,2195
2025,21020,서구,M,unmarried,20-24,2188
2025,21020,서구,F,total,20-24,2651
2025,21020,서구,F,unmarried,25-29,2754
2025,21020,서구,M,total,25-29,2821
2025,21020,서구,M,unmarried,25-29,2709
2025,21020,서구,F,total,25-29,2946
2025,21020,서구,F,unmarried,30-34,1777
2025,21020,서구,M,total,30-34,2688
2025,21020,서구,M,unmarried,30-34,2157
2025,21020,서구,F,total,30-34,2573
2025,21020,서구,F,unmarried,35-39,852
2025,21020,서구,M,total,35-39,2286
2025,21020,서구,M,unmarried,35-39,1279
2025,21020,서구,F,total,35-39,2128
2025,21020,서구,F,unmarried,40-44,736
2025,21020,서구,M,total,40-44,2916
2025,21020,서구,M,unmarried,40-44,1157
2025,21020,서구,F,total,40-44,2872
2025,21030,동구,F,unmarried,20-24,1371
2025,21030,동구,M,total,20-24,1375
2025,21030,동구,M,unmarried,20-24,1369
2025,21030,동구,F,total,20-24,1391
2025,21030,동구,F,unmarried,25-29,2446
2025,21030,동구,M,total,25-29,2277
2025,21030,동구,M,unmarried,25-29,2203
2025,21030,동구,F,total,25-29,2646
2025,21030,동구,F,unmarried,30-34,1827
2025,21030,동구,M,total,30-34,2994
2025,21030,동구,M,unmarried,30-34,2347
2025,21030,동구,F,total,30-34,2796
2025,21030,동구,F,unmarried,35-39,889
2025,21030,동구,M,total,35-39,2393
2025,21030,동구,M,unmarried,35-39,1345
2025,21030,동구,F,total,35-39,2137
2025,21030,동구,F,unmarried,40-44,732
2025,21030,동구,M,total,40-44,2653
2025,21030,동구,M,unmarried,40-44,1206
2025,21030,동구,F,total,40-44,2261
2025,21040,영도구,F,unmarried,20-24,2256
2025,21040,영도구,M,total,20-24,3591
2025,21040,영도구,M,unmarried,20-24,3587
2025,21040,영도구,F,total,20-24,2276
2025,21040,영도구,F,unmarried,25-29,1919
2025,21040,영도구,M,total,25-29,2757
2025,21040,영도구,M,unmarried,25-29,2658
2025,21040,영도구,F,total,25-29,2109
2025,21040,영도구,F,unmarried,30-34,1415
2025,21040,영도구,M,total,30-34,2418
2025,21040,영도구,M,unmarried,30-34,2011
2025,21040,영도구,F,total,30-34,2084
2025,21040,영도구,F,unmarried,35-39,766
2025,21040,영도구,M,total,35-39,2176
2025,21040,영도구,M,unmarried,35-39,1345
2025,21040,영도구,F,total,35-39,1844
2025,21040,영도구,F,unmarried,40-44,800
2025,21040,영도구,M,total,40-44,2846
2025,21040,영도구,M,unmarried,40-44,1311
2025,21040,영도구,F,total,40-44,2541
2025,21050,부산진구,F,unmarried,20-24,10465
2025,21050,부산진구,M,total,20-24,9149
2025,21050,부산진구,M,unmarried,20-24,9119
2025,21050,부산진구,F,total,20-24,10545
2025,21050,부산진구,F,unmarried,25-29,13341
2025,21050,부산진구,M,total,25-29,12632
2025,21050,부산진구,M,unmarried,25-29,12134
2025,21050,부산진구,F,total,25-29,14455
2025,21050,부산진구,F,unmarried,30-34,9412
2025,21050,부산진구,M,total,30-34,14571
2025,21050,부산진구,M,unmarried,30-34,11230
2025,21050,부산진구,F,total,30-34,14444
2025,21050,부산진구,F,unmarried,35-39,4617
2025,21050,부산진구,M,total,35-39,12141
2025,21050,부산진구,M,unmarried,35-39,6250
2025,21050,부산진구,F,total,35-39,11347
2025,21050,부산진구,F,unmarried,40-44,3360
2025,21050,부산진구,M,total,40-44,12288
2025,21050,부산진구,M,unmarried,40-44,4767
2025,21050,부산진구,F,total,40-44,11572
2025,21060,동래구,F,unmarried,20-24,4846
2025,21060,동래구,M,total,20-24,5471
2025,21060,동래구,M,unmarried,20-24,5453
2025,21060,동래구,F,total,20-24,4880
2025,21060,동래구,F,unmarried,25-29,6193
2025,21060,동래구,M,total,25-29,6827
2025,21060,동래구,M,unmarried,25-29,6585
2025,21060,동래구,F,total,25-29,6796
2025,21060,동래구,F,unmarried,30-34,4623
2025,21060,동래구,M,total,30-34,7866
2025,21060,동래구,M,unmarried,30-34,5895
2025,21060,동래구,F,total,30-34,7694
2025,21060,동래구,F,unmarried,35-39,2410
2025,21060,동래구,M,total,35-39,7745
2025,21060,동래구,M,unmarried,35-39,3541
2025,21060,동래구,F,total,35-39,7803
2025,21060,동래구,F,unmarried,40-44,1915
2025,21060,동래구,M,total,40-44,9879
2025,21060,동래구,M,unmarried,40-44,2793
2025,21060,동래구,F,total,40-44,10118
2025,21070,남구,F,unmarried,20-24,8754
2025,21070,남구,M,total,20-24,8704
2025,21070,남구,M,unmarried,20-24,8685
2025,21070,남구,F,total,20-24,8780
2025,21070,남구,F,unmarried,25-29,6061
2025,21070,남구,M,total,25-29,7960
2025,21070,남구,M,unmarried,25-29,7730
2025,21070,남구,F,total,25-29,6527
2025,21070,남구,F,unmarried,30-34,4051
2025,21070,남구,M,total,30-34,6931
2025,21070,남구,M,unmarried,30-34,5377
2025,21070,남구,F,total,30-34,6403
2025,21070,남구,F,unmarried,35-39,2044
2025,21070,남구,M,total,35-39,6239
2025,21070,남구,M,unmarried,35-39,3205
2025,21070,남구,F,total,35-39,5952
2025,21070,남구,F,unmarried,40-44,1692
2025,21070,남구,M,total,40-44,8022
2025,21070,남구,M,unmarried,40-44,2853
2025,21070,남구,F,total,40-44,7856
2025,21080,북구,F,unmarried,20-24,4632
2025,21080,북구,M,total,20-24,5522
2025,21080,북구,M,unmarried,20-24,5505
2025,21080,북구,F,total,20-24,4667
2025,21080,북구,F,unmarried,25-29,5912
2025,21080,북구,M,total,25-29,7371
2025,21080,북구,M,unmarried,25-29,7070
2025,21080,북구,F,total,25-29,6547
2025,21080,북구,F,unmarried,30-34,4536
2025,21080,북구,M,total,30-34,8713
2025,21080,북구,M,unmarried,30-34,6577
2025,21080,북구,F,total,30-34,7633
2025,21080,북구,F,unmarried,35-39,2287
2025,21080,북구,M,total,35-39,7388
2025,21080,북구,M,unmarried,35-39,3745
2025,21080,북구,F,total,35-39,6811
2025,21080,북구,F,unmarried,40-44,1642
2025,21080,북구,M,total,40-44,8209
2025,21080,북구,M,unmarried,40-44,2925
2025,21080,북구,F,total,40-44,7654
2025,21090,해운대구,F,unmarried,20-24,6230
2025,21090,해운대구,M,total,20-24,7452
2025,21090,해운대구,M,unmarried,20-24,7438
2025,21090,해운대구,F,total,20-24,6272
2025,21090,해운대구,F,unmarried,25-29,8236
2025,21090,해운대구,M,total,25-29,9365
2025,21090,해운대구,M,unmarried,25-29,9021
2025,21090,해운대구,F,total,25-29,8971
2025,21090,해운대구,F,unmarried,30-34,6171
2025,21090,해운대구,M,total,30-34,10236
2025,21090,해운대구,M,unmarried,30-34,7975
2025,21090,해운대구,F,total,30-34,9685
2025,21090,해운대구,F,unmarried,35-39,3269
2025,21090,해운대구,M,total,35-39,9281
2025,21090,해운대구,M,unmarried,35-39,4624
2025,21090,해운대구,F,total,35-39,9727
2025,21090,해운대구,F,unmarried,40-44,2734
2025,21090,해운대구,M,total,40-44,12070
2025,21090,해운대구,M,unmarried,40-44,3619
2025,21090,해운대구,F,total,40-44,12886
2025,21100,사하구,F,unmarried,20-24,6346
2025,21100,사하구,M,total,20-24,7284
2025,21100,사하구,M,unmarried,20-24,7247
2025,21100,사하구,F,total,20-24,6414
2025,21100,사하구,F,unmarried,25-29,6421
2025,21100,사하구,M,total,25-29,8382
2025,21100,사하구,M,unmarried,25-29,8035
2025,21100,사하구,F,total,25-29,7061
2025,21100,사하구,F,unmarried,30-34,4495
2025,21100,사하구,M,total,30-34,8493
2025,21100,사하구,M,unmarried,30-34,6722
2025,21100,사하구,F,total,30-34,7174
2025,21100,사하구,F,unmarried,35-39,2248
2025,21100,사하구,M,total,35-39,7449
2025,21100,사하구,M,unmarried,35-39,4140
2025,21100,사하구,F,total,35-39,6351
2025,21100,사하구,F,unmarried,40-44,1939
2025,21100,사하구,M,total,40-44,9518
2025,21100,사하구,M,unmarried,40-44,3737
2025,21100,사하구,F,total,40-44,8742
2025,21110,금정구,F,unmarried,20-24,7639
2025,21110,금정구,M,total,20-24,7771
2025,21110,금정구,M,unmarried,20-24,7759
2025,21110,금정구,F,total,20-24,7669
2025,21110,금정구,F,unmarried,25-29,5136
2025,21110,금정구,M,total,25-29,7489
2025,21110,금정구,M,unmarried,25-29,7358
2025,21110,금정구,F,total,25-29,5441
2025,21110,금정구,F,unmarried,30-34,3409
2025,21110,금정구,M,total,30-34,6017
2025,21110,금정구,M,unmarried,30-34,5064
2025,21110,금정구,F,total,30-34,4801
2025,21110,금정구,F,unmarried,35-39,1808
2025,21110,금정구,M,total,35-39,4828
2025,21110,금정구,M,unmarried,35-39,2954
2025,21110,금정구,F,total,35-39,4309
2025,21110,금정구,F,unmarried,40-44,1437
2025,21110,금정구,M,total,40-44,5737
2025,21110,금정구,M,unmarried,40-44,2368
2025,21110,금정구,F,total,40-44,5556
2025,21120,강서구,F,unmarried,20-24,1643
2025,21120,강서구,M,total,20-24,2046
2025,21120,강서구,M,unmarried,20-24,2039
2025,21120,강서구,F,total,20-24,1659
2025,21120,강서구,F,unmarried,25-29,2191
2025,21120,강서구,M,total,25-29,3273
2025,21120,강서구,M,unmarried,25-29,3019
2025,21120,강서구,F,total,25-29,2715
2025,21120,강서구,F,unmarried,30-34,1866
2025,21120,강서구,M,total,30-34,5268
2025,21120,강서구,M,unmarried,30-34,3364
2025,21120,강서구,F,total,30-34,4912
2025,21120,강서구,F,unmarried,35-39,951
2025,21120,강서구,M,total,35-39,6438
2025,21120,강서구,M,unmarried,35-39,2095
2025,21120,강서구,F,total,35-39,6339
2025,21120,강서구,F,unmarried,40-44,683
2025,21120,강서구,M,total,40-44,8743
2025,21120,강서구,M,unmarried,40-44,1686
2025,21120,강서구,F,total,40-44,7953
2025,21130,연제구,F,unmarried,20-24,4199
2025,21130,연제구,M,total,20-24,4255
2025,21130,연제구,M,unmarried,20-24,4238
2025,21130,연제구,F,total,20-24,4238
2025,21130,연제구,F,unmarried,25-29,5584
2025,21130,연제구,M,total,25-29,5804
2025,21130,연제구,M,unmarried,25-29,5544
2025,21130,연제구,F,total,25-29,6176
2025,21130,연제구,F,unmarried,30-34,4565
2025,21130,연제구,M,total,30-34,6953
2025,21130,연제구,M,unmarried,30-34,5151
2025,21130,연제구,F,total,30-34,7388
2025,21130,연제구,F,unmarried,35-39,2183
2025,21130,연제구,M,total,35-39,6654
2025,21130,연제구,M,unmarried,35-39,3129
2025,21130,연제구,F,total,35-39,6327
2025,21130,연제구,F,unmarried,40-44,1665
2025,21130,연제구,M,total,40-44,7435
2025,21130,연제구,M,unmarried,40-44,2391
2025,21130,연제구,F,total,40-44,7424
2025,21140,수영구,F,unmarried,20-24,3456
2025,21140,수영구,M,total,20-24,3196
2025,21140,수영구,M,unmarried,20-24,3183
2025,21140,수영구,F,total,20-24,3486
2025,21140,수영구,F,unmarried,25-29,5943
2025,21140,수영구,M,total,25-29,5506
2025,21140,수영구,M,unmarried,25-29,5314
2025,21140,수영구,F,total,25-29,6294
2025,21140,수영구,F,unmarried,30-34,4486
2025,21140,수영구,M,total,30-34,6251
2025,21140,수영구,M,unmarried,30-34,5206
2025,21140,수영구,F,total,30-34,6073
2025,21140,수영구,F,unmarried,35-39,2172
2025,21140,수영구,M,total,35-39,4798
2025,21140,수영구,M,unmarried,35-39,2833
2025,21140,수영구,F,total,35-39,4734
2025,21140,수영구,F,unmarried,40-44,1651
2025,21140,수영구,M,total,40-44,5389
2025,21140,수영구,M,unmarried,40-44,2154
2025,21140,수영구,F,total,40-44,5328
2025,21150,사상구,F,unmarried,20-24,5053
2025,21150,사상구,M,total,20-24,5011
2025,21150,사상구,M,unmarried,20-24,4994
2025,21150,사상구,F,total,20-24,5093
2025,21150,사상구,F,unmarried,25-29,5308
2025,21150,사상구,M,total,25-29,6283
2025,21150,사상구,M,unmarried,25-29,6051
2025,21150,사상구,F,total,25-29,5741
2025,21150,사상구,F,unmarried,30-34,3815
2025,21150,사상구,M,total,30-34,6825
2025,21150,사상구,M,unmarried,30-34,5599
2025,21150,사상구,F,total,30-34,5615
2025,21150,사상구,F,unmarried,35-39,1861
2025,21150,사상구,M,total,35-39,5359
2025,21150,사상구,M,unmarried,35-39,3339
2025,21150,사상구,F,total,35-39,4434
2025,21150,사상구,F,unmarried,40-44,1408
2025,21150,사상구,M,total,40-44,5918
2025,21150,사상구,M,unmarried,40-44,2648
2025,21150,사상구,F,total,40-44,5285
2025,21510,기장군,F,unmarried,20-24,2391
2025,21510,기장군,M,total,20-24,3346
2025,21510,기장군,M,unmarried,20-24,3330
2025,21510,기장군,F,total,20-24,2438
2025,21510,기장군,F,unmarried,25-29,3078
2025,21510,기장군,M,total,25-29,3918
2025,21510,기장군,M,unmarried,25-29,3645
2025,21510,기장군,F,total,25-29,3577
2025,21510,기장군,F,unmarried,30-34,2126
2025,21510,기장군,M,total,30-34,4996
2025,21510,기장군,M,unmarried,30-34,3455
2025,21510,기장군,F,total,30-34,4435
2025,21510,기장군,F,unmarried,35-39,1115
2025,21510,기장군,M,total,35-39,5095
2025,21510,기장군,M,unmarried,35-39,2042
2025,21510,기장군,F,total,35-39,5045
2025,21510,기장군,F,unmarried,40-44,939
2025,21510,기장군,M,total,40-44,7252
2025,21510,기장군,M,unmarried,40-44,1741
2025,21510,기장군,F,total,40-44,7364
2025,22,대구광역시,F,unmarried,20-24,53210
2025,22,대구광역시,M,total,20-24,59563
2025,22,대구광역시,M,unmarried,20-24,59387
2025,22,대구광역시,F,total,20-24,53613
2025,22,대구광역시,F,unmarried,25-29,57879
2025,22,대구광역시,M,total,25-29,71355
2025,22,대구광역시,M,unmarried,25-29,68145
2025,22,대구광역시,F,total,25-29,64722
2025,22,대구광역시,F,unmarried,30-34,38948
2025,22,대구광역시,M,total,30-34,77637
2025,22,대구광역시,M,unmarried,30-34,58467
2025,22,대구광역시,F,total,30-34,68075
2025,22,대구광역시,F,unmarried,35-39,17833
2025,22,대구광역시,M,total,35-39,70470
2025,22,대구광역시,M,unmarried,35-39,34024
2025,22,대구광역시,F,total,35-39,61264
2025,22,대구광역시,F,unmarried,40-44,14100
2025,22,대구광역시,M,total,40-44,79047
2025,22,대구광역시,M,unmarried,40-44,24748
2025,22,대구광역시,F,total,40-44,78316
2025,22003,동부,F,unmarried,20-24,49124
2025,22003,동부,M,total,20-24,54106
2025,22003,동부,M,unmarried,20-24,53956
2025,22003,동부,F,total,20-24,49468
2025,22003,동부,F,unmarried,25-29,53278
2025,22003,동부,M,total,25-29,64039
2025,22003,동부,M,unmarried,25-29,61270
2025,22003,동부,F,total,25-29,59119
2025,22003,동부,F,unmarried,30-34,35663
2025,22003,동부,M,total,30-34,68901
2025,22003,동부,M,unmarried,30-34,52333
2025,22003,동부,F,total,30-34,60719
2025,22003,동부,F,unmarried,35-39,16282
2025,22003,동부,M,total,35-39,60968
2025,22003,동부,M,unmarried,35-39,30092
2025,22003,동부,F,total,35-39,53054
2025,22003,동부,F,unmarried,40-44,12905
2025,22003,동부,M,total,40-44,67644
2025,22003,동부,M,unmarried,40-44,21816
2025,22003,동부,F,total,40-44,67528
2025,22004,읍부,F,unmarried,20-24,3796
2025,22004,읍부,M,total,20-24,5014
2025,22004,읍부,M,unmarried,20-24,4992
2025,22004,읍부,F,total,20-24,3842
2025,22004,읍부,F,unmarried,25-29,4167
2025,22004,읍부,M,total,25-29,6428
2025,22004,읍부,M,unmarried,25-29,6057
2025,22004,읍부,F,total,25-29,5008
2025,22004,읍부,F,unmarried,30-34,2944
2025,22004,읍부,M,total,30-34,7542
2025,22004,읍부,M,unmarried,30-34,5288
2025,22004,읍부,F,total,30-34,6484
2025,22004,읍부,F,unmarried,35-39,1329
2025,22004,읍부,M,total,35-39,8175
2025,22004,읍부,M,unmarried,35-39,3327
2025,22004,읍부,F,total,35-39,7141
2025,22004,읍부,F,unmarried,40-44,1004
2025,22004,읍부,M,total,40-44,9896
2025,22004,읍부,M,unmarried,40-44,2445
2025,22004,읍부,F,total,40-44,9593
2025,22005,면부,F,unmarried,20-24,290
2025,22005,면부,M,total,20-24,443
2025,22005,면부,M,unmarried,20-24,439
2025,22005,면부,F,total,20-24,303
2025,22005,면부,F,unmarried,25-29,434
2025,22005,면부,M,total,25-29,888
2025,22005,면부,M,unmarried,25-29,818
2025,22005,면부,F,total,25-29,595
2025,22005,면부,F,unmarried,30-34,341
2025,22005,면부,M,total,30-34,1194
2025,22005,면부,M,unmarried,30-34,846
2025,22005,면부,F,total,30-34,872
2025,22005,면부,F,unmarried,35-39,222
2025,22005,면부,M,total,35-39,1327
2025,22005,면부,M,unmarried,35-39,605
2025,22005,면부,F,total,35-39,1069
2025,22005,면부,F,unmarried,40-44,191
2025,22005,면부,M,total,40-44,1507
2025,22005,면부,M,unmarried,40-44,487
2025,22005,면부,F,total,40-44,1195
2025,22010,중구,F,unmarried,20-24,2795
2025,22010,중구,M,total,20-24,2349
2025,22010,중구,M,unmarried,20-24,2338
2025,22010,중구,F,total,20-24,2817
2025,22010,중구,F,unmarried,25-29,3698
2025,22010,중구,M,total,25-29,3626
2025,22010,중구,M,unmarried,25-29,3398
2025,22010,중구,F,total,25-29,4222
2025,22010,중구,F,unmarried,30-34,2482
2025,22010,중구,M,total,30-34,4676
2025,22010,중구,M,unmarried,30-34,3024
2025,22010,중구,F,total,30-34,4930
2025,22010,중구,F,unmarried,35-39,1043
2025,22010,중구,M,total,35-39,4461
2025,22010,중구,M,unmarried,35-39,1708
2025,22010,중구,F,total,35-39,3904
2025,22010,중구,F,unmarried,40-44,748
2025,22010,중구,M,total,40-44,4106
2025,22010,중구,M,unmarried,40-44,1126
2025,22010,중구,F,total,40-44,3702
2025,22020,동구,F,unmarried,20-24,6154
2025,22020,동구,M,total,20-24,7025
2025,22020,동구,M,unmarried,20-24,6996
2025,22020,동구,F,total,20-24,6210
2025,22020,동구,F,unmarried,25-29,7971
2025,22020,동구,M,total,25-29,9638
2025,22020,동구,M,unmarried,25-29,9090
2025,22020,동구,F,total,25-29,9096
2025,22020,동구,F,unmarried,30-34,6063
2025,22020,동구,M,total,30-34,12035
2025,22020,동구,M,unmarried,30-34,8736
2025,22020,동구,F,total,30-34,10744
2025,22020,동구,F,unmarried,35-39,2845
2025,22020,동구,M,total,35-39,10983
2025,22020,동구,M,unmarried,35-39,5289
2025,22020,동구,F,total,35-39,9272
2025,22020,동구,F,unmarried,40-44,2226
2025,22020,동구,M,total,40-44,11494
2025,22020,동구,M,unmarried,40-44,4005
2025,22020,동구,F,total,40-44,10760
2025,22030,서구,F,unmarried,20-24,2473
2025,22030,서구,M,total,20-24,3114
2025,22030,서구,M,unmarried,20-24,3100
2025,22030,서구,F,total,20-24,2501
2025,22030,서구,F,unmarried,25-29,3705
2025,22030,서구,M,total,25-29,4510
2025,22030,서구,M,unmarried,25-29,4315
2025,22030,서구,F,total,25-29,4110
2025,22030,서구,F,unmarried,30-34,2827
2025,22030,서구,M,total,30-34,5842
2025,22030,서구,M,unmarried,30-34,4612
2025,22030,서구,F,total,30-34,4680
2025,22030,서구,F,unmarried,35-39,1380
2025,22030,서구,M,total,35-39,4870
2025,22030,서구,M,unmarried,35-39,2881
2025,22030,서구,F,total,35-39,3638
2025,22030,서구,F,unmarried,40-44,1211
2025,22030,서구,M,total,40-44,5012
2025,22030,서구,M,unmarried,40-44,2381
2025,22030,서구,F,total,40-44,4109
2025,22040,남구,F,unmarried,20-24,3946
2025,22040,남구,M,total,20-24,3425
2025,22040,남구,M,unmarried,20-24,3419
2025,22040,남구,F,total,20-24,3973
2025,22040,남구,F,unmarried,25-29,4413
2025,22040,남구,M,total,25-29,4364
2025,22040,남구,M,unmarried,25-29,4193
2025,22040,남구,F,total,25-29,4801
2025,22040,남구,F,unmarried,30-34,2952
2025,22040,남구,M,total,30-34,4798
2025,22040,남구,M,unmarried,30-34,3933
2025,22040,남구,F,total,30-34,4297
2025,22040,남구,F,unmarried,35-39,1370
2025,22040,남구,M,total,35-39,3935
2025,22040,남구,M,unmarried,35-39,2373
2025,22040,남구,F,total,35-39,3154
2025,22040,남구,F,unmarried,40-44,1354
2025,22040,남구,M,total,40-44,3944
2025,22040,남구,M,unmarried,40-44,1820
2025,22040,남구,F,total,40-44,3801
2025,22050,북구,F,unmarried,20-24,12723
2025,22050,북구,M,total,20-24,13992
2025,22050,북구,M,unmarried,20-24,13964
2025,22050,북구,F,total,20-24,12796
2025,22050,북구,F,unmarried,25-29,10917
2025,22050,북구,M,total,25-29,14818
2025,22050,북구,M,unmarried,25-29,14184
2025,22050,북구,F,total,25-29,12150
2025,22050,북구,F,unmarried,30-34,6652
2025,22050,북구,M,total,30-34,13874
2025,22050,북구,M,unmarried,30-34,10564
2025,22050,북구,F,total,30-34,11576
2025,22050,북구,F,unmarried,35-39,2898
2025,22050,북구,M,total,35-39,11944
2025,22050,북구,M,unmarried,35-39,5855
2025,22050,북구,F,total,35-39,10193
2025,22050,북구,F,unmarried,40-44,2226
2025,22050,북구,M,total,40-44,13335
2025,22050,북구,M,unmarried,40-44,4199
2025,22050,북구,F,total,40-44,13037
2025,22060,수성구,F,unmarried,20-24,8005
2025,22060,수성구,M,total,20-24,10019
2025,22060,수성구,M,unmarried,20-24,9992
2025,22060,수성구,F,total,20-24,8044
2025,22060,수성구,F,unmarried,25-29,9229
2025,22060,수성구,M,total,25-29,10631
2025,22060,수성구,M,unmarried,25-29,10329
2025,22060,수성구,F,total,25-29,9919
2025,22060,수성구,F,unmarried,30-34,6081
2025,22060,수성구,M,total,30-34,10465
2025,22060,수성구,M,unmarried,30-34,8273
2025,22060,수성구,F,total,30-34,9791
2025,22060,수성구,F,unmarried,35-39,2836
2025,22060,수성구,M,total,35-39,9913
2025,22060,수성구,M,unmarried,35-39,4464
2025,22060,수성구,F,total,35-39,10129
2025,22060,수성구,F,unmarried,40-44,2276
2025,22060,수성구,M,total,40-44,13188
2025,22060,수성구,M,unmarried,40-44,3036
2025,22060,수성구,F,total,40-44,15357
2025,22070,달서구,F,unmarried,20-24,13028
2025,22070,달서구,M,total,20-24,14182
2025,22070,달서구,M,unmarried,20-24,14147
2025,22070,달서구,F,total,20-24,13127
2025,22070,달서구,F,unmarried,25-29,13345
2025,22070,달서구,M,total,25-29,16452
2025,22070,달서구,M,unmarried,25-29,15761
2025,22070,달서구,F,total,25-29,14821
2025,22070,달서구,F,unmarried,30-34,8606
2025,22070,달서구,M,total,30-34,17211
2025,22070,달서구,M,unmarried,30-34,13191
2025,22070,달서구,F,total,30-34,14701
2025,22070,달서구,F,unmarried,35-39,3910
2025,22070,달서구,M,total,35-39,14862
2025,22070,달서구,M,unmarried,35-39,7522
2025,22070,달서구,F,total,35-39,12764
2025,22070,달서구,F,unmarried,40-44,2864
2025,22070,달서구,M,total,40-44,16565
2025,22070,달서구,M,unmarried,40-44,5249
2025,22070,달서구,F,total,40-44,16762
2025,22510,달성군,F,unmarried,20-24,3973
2025,22510,달성군,M,total,20-24,5270
2025,22510,달성군,M,unmarried,20-24,5244
2025,22510,달성군,F,total,20-24,4032
2025,22510,달성군,F,unmarried,25-29,4430
2025,22510,달성군,M,total,25-29,7049
2025,22510,달성군,M,unmarried,25-29,6617
2025,22510,달성군,F,total,25-29,5407
2025,22510,달성군,F,unmarried,30-34,3155
2025,22510,달성군,M,total,30-34,8412
2025,22510,달성군,M,unmarried,30-34,5856
2025,22510,달성군,F,total,30-34,7158
2025,22510,달성군,F,unmarried,35-39,1470
2025,22510,달성군,M,total,35-39,9228
2025,22510,달성군,M,unmarried,35-39,3735
2025,22510,달성군,F,total,35-39,8015
2025,22510,달성군,F,unmarried,40-44,1119
2025,22510,달성군,M,total,40-44,11073
2025,22510,달성군,M,unmarried,40-44,2777
2025,22510,달성군,F,total,40-44,10507
2025,22520,군위군,F,unmarried,20-24,113
2025,22520,군위군,M,total,20-24,187
2025,22520,군위군,M,unmarried,20-24,187
2025,22520,군위군,F,total,20-24,113
2025,22520,군위군,F,unmarried,25-29,171
2025,22520,군위군,M,total,25-29,267
2025,22520,군위군,M,unmarried,25-29,258
2025,22520,군위군,F,total,25-29,196
2025,22520,군위군,F,unmarried,30-34,130
2025,22520,군위군,M,total,30-34,324
2025,22520,군위군,M,unmarried,30-34,278
2025,22520,군위군,F,total,30-34,198
2025,22520,군위군,F,unmarried,35-39,81
2025,22520,군위군,M,total,35-39,274
2025,22520,군위군,M,unmarried,35-39,197
2025,22520,군위군,F,total,35-39,195
2025,22520,군위군,F,unmarried,40-44,76
2025,22520,군위군,M,total,40-44,330
2025,22520,군위군,M,unmarried,40-44,155
2025,22520,군위군,F,total,40-44,281
2025,23,인천광역시,F,unmarried,20-24,63039
2025,23,인천광역시,M,total,20-24,69049
2025,23,인천광역시,M,unmarried,20-24,68698
2025,23,인천광역시,F,total,20-24,63840
2025,23,인천광역시,F,unmarried,25-29,80708
2025,23,인천광역시,M,total,25-29,97705
2025,23,인천광역시,M,unmarried,25-29,92283
2025,23,인천광역시,F,total,25-29,90940
2025,23,인천광역시,F,unmarried,30-34,60385
2025,23,인천광역시,M,total,30-34,115522
2025,23,인천광역시,M,unmarried,30-34,85087
2025,23,인천광역시,F,total,30-34,103783
2025,23,인천광역시,F,unmarried,35-39,29523
2025,23,인천광역시,M,total,35-39,102352
2025,23,인천광역시,M,unmarried,35-39,49021
2025,23,인천광역시,F,total,35-39,94281
2025,23,인천광역시,F,unmarried,40-44,20614
2025,23,인천광역시,M,total,40-44,117968
2025,23,인천광역시,M,unmarried,40-44,36930
2025,23,인천광역시,F,total,40-44,109935
2025,23003,동부,F,unmarried,20-24,62276
2025,23003,동부,M,total,20-24,67591
2025,23003,동부,M,unmarried,20-24,67246
2025,23003,동부,F,total,20-24,63058
2025,23003,동부,F,unmarried,25-29,79725
2025,23003,동부,M,total,25-29,95779
2025,23003,동부,M,unmarried,25-29,90498
2025,23003,동부,F,total,25-29,89779
2025,23003,동부,F,unmarried,30-34,59682
2025,23003,동부,M,total,30-34,113644
2025,23003,동부,M,unmarried,30-34,83654
2025,23003,동부,F,total,30-34,102503
2025,23003,동부,F,unmarried,35-39,29106
2025,23003,동부,M,total,35-39,100716
2025,23003,동부,M,unmarried,35-39,48083
2025,23003,동부,F,total,35-39,93070
2025,23003,동부,F,unmarried,40-44,20223
2025,23003,동부,M,total,40-44,115930
2025,23003,동부,M,unmarried,40-44,36142
2025,23003,동부,F,total,40-44,108254
2025,23004,읍부,F,unmarried,20-24,270
2025,23004,읍부,M,total,20-24,369
2025,23004,읍부,M,unmarried,20-24,368
2025,23004,읍부,F,total,20-24,276
2025,23004,읍부,F,unmarried,25-29,301
2025,23004,읍부,M,total,25-29,431
2025,23004,읍부,M,unmarried,25-29,393
2025,23004,읍부,F,total,25-29,356
2025,23004,읍부,F,unmarried,30-34,214
2025,23004,읍부,M,total,30-34,491
2025,23004,읍부,M,unmarried,30-34,354
2025,23004,읍부,F,total,30-34,414
2025,23004,읍부,F,unmarried,35-39,122
2025,23004,읍부,M,total,35-39,428
2025,23004,읍부,M,unmarried,35-39,229
2025,23004,읍부,F,total,35-39,388
2025,23004,읍부,F,unmarried,40-44,102
2025,23004,읍부,M,total,40-44,579
2025,23004,읍부,M,unmarried,40-44,212
2025,23004,읍부,F,total,40-44,580
2025,23005,면부,F,unmarried,20-24,493
2025,23005,면부,M,total,20-24,1089
2025,23005,면부,M,unmarried,20-24,1084
2025,23005,면부,F,total,20-24,506
2025,23005,면부,F,unmarried,25-29,682
2025,23005,면부,M,total,25-29,1495
2025,23005,면부,M,unmarried,25-29,1392
2025,23005,면부,F,total,25-29,805
2025,23005,면부,F,unmarried,30-34,489
2025,23005,면부,M,total,30-34,1387
2025,23005,면부,M,unmarried,30-34,1079
2025,23005,면부,F,total,30-34,866
2025,23005,면부,F,unmarried,35-39,295
2025,23005,면부,M,total,35-39,1208
2025,23005,면부,M,unmarried,35-39,709
2025,23005,면부,F,total,35-39,823
2025,23005,면부,F,unmarried,40-44,289
2025,23005,면부,M,total,40-44,1459
2025,23005,면부,M,unmarried,40-44,576
2025,23005,면부,F,total,40-44,1101
2025,23010,중구,F,unmarried,20-24,3556
2025,23010,중구,M,total,20-24,3302
2025,23010,중구,M,unmarried,20-24,3278
2025,23010,중구,F,total,20-24,3609
2025,23010,중구,F,unmarried,25-29,5482
2025,23010,중구,M,total,25-29,6775
2025,23010,중구,M,unmarried,25-29,6388
2025,23010,중구,F,total,25-29,6215
2025,23010,중구,F,unmarried,30-34,3721
2025,23010,중구,M,total,30-34,8125
2025,23010,중구,M,unmarried,30-34,5842
2025,23010,중구,F,total,30-34,6807
2025,23010,중구,F,unmarried,35-39,1627
2025,23010,중구,M,total,35-39,7042
2025,23010,중구,M,unmarried,35-39,3267
2025,23010,중구,F,total,35-39,5924
2025,23010,중구,F,unmarried,40-44,1152
2025,23010,중구,M,total,40-44,7581
2025,23010,중구,M,unmarried,40-44,2365
2025,23010,중구,F,total,40-44,6549
2025,23020,동구,F,unmarried,20-24,1008
2025,23020,동구,M,total,20-24,1103
2025,23020,동구,M,unmarried,20-24,1100
2025,23020,동구,F,total,20-24,1021
2025,23020,동구,F,unmarried,25-29,1199
2025,23020,동구,M,total,25-29,1543
2025,23020,동구,M,unmarried,25-29,1482
2025,23020,동구,F,total,25-29,1321
2025,23020,동구,F,unmarried,30-34,892
2025,23020,동구,M,total,30-34,1708
2025,23020,동구,M,unmarried,30-34,1293
2025,23020,동구,F,total,30-34,1484
2025,23020,동구,F,unmarried,35-39,507
2025,23020,동구,M,total,35-39,1530
2025,23020,동구,M,unmarried,35-39,896
2025,23020,동구,F,total,35-39,1269
2025,23020,동구,F,unmarried,40-44,427
2025,23020,동구,M,total,40-44,1880
2025,23020,동구,M,unmarried,40-44,830
2025,23020,동구,F,total,40-44,1644
2025,23040,연수구,F,unmarried,20-24,10138
2025,23040,연수구,M,total,20-24,10922
2025,23040,연수구,M,unmarried,20-24,10907
2025,23040,연수구,F,total,20-24,10198
2025,23040,연수구,F,unmarried,25-29,10146
2025,23040,연수구,M,total,25-29,12232
2025,23040,연수구,M,unmarried,25-29,11695
2025,23040,연수구,F,total,25-29,11285
2025,23040,연수구,F,unmarried,30-34,7194
2025,23040,연수구,M,total,30-34,13768
2025,23040,연수구,M,unmarried,30-34,9894
2025,23040,연수구,F,total,30-34,13182
2025,23040,연수구,F,unmarried,35-39,3403
2025,23040,연수구,M,total,35-39,13518
2025,23040,연수구,M,unmarried,35-39,5225
2025,23040,연수구,F,total,35-39,14151
2025,23040,연수구,F,unmarried,40-44,2213
2025,23040,연수구,M,total,40-44,16996
2025,23040,연수구,M,unmarried,40-44,3311
2025,23040,연수구,F,total,40-44,17733
2025,23050,남동구,F,unmarried,20-24,9820
2025,23050,남동구,M,total,20-24,10634
2025,23050,남동구,M,unmarried,20-24,10565
2025,23050,남동구,F,total,20-24,9962
2025,23050,남동구,F,unmarried,25-29,13218
2025,23050,남동구,M,total,25-29,15477
2025,23050,남동구,M,unmarried,25-29,14680
2025,23050,남동구,F,total,25-29,14594
2025,23050,남동구,F,unmarried,30-34,9691
2025,23050,남동구,M,total,30-34,17445
2025,23050,남동구,M,unmarried,30-34,13708
2025,23050,남동구,F,total,30-34,14748
2025,23050,남동구,F,unmarried,35-39,4754
2025,23050,남동구,M,total,35-39,13797
2025,23050,남동구,M,unmarried,35-39,7869
2025,23050,남동구,F,total,35-39,12594
2025,23050,남동구,F,unmarried,40-44,3290
2025,23050,남동구,M,total,40-44,17026
2025,23050,남동구,M,unmarried,40-44,6177
2025,23050,남동구,F,total,40-44,16286
2025,23060,부평구,F,unmarried,20-24,9556
2025,23060,부평구,M,total,20-24,10261
2025,23060,부평구,M,unmarried,20-24,10208
2025,23060,부평구,F,total,20-24,9681
2025,23060,부평구,F,unmarried,25-29,14284
2025,23060,부평구,M,total,25-29,16044
2025,23060,부평구,M,unmarried,25-29,15130
2025,23060,부평구,F,total,25-29,15993
2025,23060,부평구,F,unmarried,30-34,11644
2025,23060,부평구,M,total,30-34,20465
2025,23060,부평구,M,unmarried,30-34,15354
2025,23060,부평구,F,total,30-34,18844
2025,23060,부평구,F,unmarried,35-39,5904
2025,23060,부평구,M,total,35-39,17100
2025,23060,부평구,M,unmarried,35-39,8877
2025,23060,부평구,F,total,35-39,15412
2025,23060,부평구,F,unmarried,40-44,4260
2025,23060,부평구,M,total,40-44,17803
2025,23060,부평구,M,unmarried,40-44,6553
2025,23060,부평구,F,total,40-44,16554
2025,23070,계양구,F,unmarried,20-24,5820
2025,23070,계양구,M,total,20-24,6287
2025,23070,계양구,M,unmarried,20-24,6263
2025,23070,계양구,F,total,20-24,5873
2025,23070,계양구,F,unmarried,25-29,7797
2025,23070,계양구,M,total,25-29,9431
2025,23070,계양구,M,unmarried,25-29,9054
2025,23070,계양구,F,total,25-29,8504
2025,23070,계양구,F,unmarried,30-34,6310
2025,23070,계양구,M,total,30-34,10634
2025,23070,계양구,M,unmarried,30-34,8597
2025,23070,계양구,F,total,30-34,9325
2025,23070,계양구,F,unmarried,35-39,3117
2025,23070,계양구,M,total,35-39,8500
2025,23070,계양구,M,unmarried,35-39,4958
2025,23070,계양구,F,total,35-39,7308
2025,23070,계양구,F,unmarried,40-44,1961
2025,23070,계양구,M,total,40-44,9098
2025,23070,계양구,M,unmarried,40-44,3670
2025,23070,계양구,F,total,40-44,8212
2025,23080,서구,F,unmarried,20-24,12185
2025,23080,서구,M,total,20-24,13173
2025,23080,서구,M,unmarried,20-24,13101
2025,23080,서구,F,total,20-24,12342
2025,23080,서구,F,unmarried,25-29,16502
2025,23080,서구,M,total,25-29,19425
2025,23080,서구,M,unmarried,25-29,18137
2025,23080,서구,F,total,25-29,19111
2025,23080,서구,F,unmarried,30-34,12002
2025,23080,서구,M,total,30-34,25221
2025,23080,서구,M,unmarried,30-34,16948
2025,23080,서구,F,total,30-34,24113
2025,23080,서구,F,unmarried,35-39,5625
2025,23080,서구,M,total,35-39,24911
2025,23080,서구,M,unmarried,35-39,9580
2025,23080,서구,F,total,35-39,24022
2025,23080,서구,F,unmarried,40-44,3688
2025,23080,서구,M,total,40-44,29263
2025,23080,서구,M,unmarried,40-44,7029
2025,23080,서구,F,total,40-44,27312
2025,23090,미추홀구,F,unmarried,20-24,10193
2025,23090,미추홀구,M,total,20-24,11909
2025,23090,미추홀구,M,unmarried,20-24,11824
2025,23090,미추홀구,F,total,20-24,10372
2025,23090,미추홀구,F,unmarried,25-29,11097
2025,23090,미추홀구,M,total,25-29,14852
2025,23090,미추홀구,M,unmarried,25-29,13932
2025,23090,미추홀구,F,total,25-29,12756
2025,23090,미추홀구,F,unmarried,30-34,8228
2025,23090,미추홀구,M,total,30-34,16278
2025,23090,미추홀구,M,unmarried,30-34,12018
2025,23090,미추홀구,F,total,30-34,14000
2025,23090,미추홀구,F,unmarried,35-39,4169
2025,23090,미추홀구,M,total,35-39,14318
2025,23090,미추홀구,M,unmarried,35-39,7411
2025,23090,미추홀구,F,total,35-39,12390
2025,23090,미추홀구,F,unmarried,40-44,3232
2025,23090,미추홀구,M,total,40-44,16283
2025,23090,미추홀구,M,unmarried,40-44,6207
2025,23090,미추홀구,F,total,40-44,13964
2025,23510,강화군,F,unmarried,20-24,593
2025,23510,강화군,M,total,20-24,877
2025,23510,강화군,M,unmarried,20-24,874
2025,23510,강화군,F,total,20-24,603
2025,23510,강화군,F,unmarried,25-29,728
2025,23510,강화군,M,total,25-29,1150
2025,23510,강화군,M,unmarried,25-29,1082
2025,23510,강화군,F,total,25-29,842
2025,23510,강화군,F,unmarried,30-34,586
2025,23510,강화군,M,total,30-34,1269
2025,23510,강화군,M,unmarried,30-34,992
2025,23510,강화군,F,total,30-34,1036
2025,23510,강화군,F,unmarried,35-39,333
2025,23510,강화군,M,total,35-39,1198
2025,23510,강화군,M,unmarried,35-39,691
2025,23510,강화군,F,total,35-39,963
2025,23510,강화군,F,unmarried,40-44,326
2025,23510,강화군,M,total,40-44,1531
2025,23510,강화군,M,unmarried,40-44,608
2025,23510,강화군,F,total,40-44,1396
2025,23520,옹진군,F,unmarried,20-24,170
2025,23520,옹진군,M,total,20-24,581
2025,23520,옹진군,M,unmarried,20-24,578
2025,23520,옹진군,F,total,20-24,179
2025,23520,옹진군,F,unmarried,25-29,255
2025,23520,옹진군,M,total,25-29,776
2025,23520,옹진군,M,unmarried,25-29,703
2025,23520,옹진군,F,total,25-29,319
2025,23520,옹진군,F,unmarried,30-34,117
2025,23520,옹진군,M,total,30-34,609
2025,23520,옹진군,M,unmarried,30-34,441
2025,23520,옹진군,F,total,30-34,244
2025,23520,옹진군,F,unmarried,35-39,84
2025,23520,옹진군,M,total,35-39,438
2025,23520,옹진군,M,unmarried,35-39,247
2025,23520,옹진군,F,total,35-39,248
2025,23520,옹진군,F,unmarried,40-44,65
2025,23520,옹진군,M,total,40-44,507
2025,23520,옹진군,M,unmarried,40-44,180
2025,23520,옹진군,F,total,40-44,285
2025,24,광주광역시,F,unmarried,20-24,38361
2025,24,광주광역시,M,total,20-24,41567
2025,24,광주광역시,M,unmarried,20-24,41412
2025,24,광주광역시,F,total,20-24,38708
2025,24,광주광역시,F,unmarried,25-29,39931
2025,24,광주광역시,M,total,25-29,49267
2025,24,광주광역시,M,unmarried,25-29,46851
2025,24,광주광역시,F,total,25-29,44616
2025,24,광주광역시,F,unmarried,30-34,26023
2025,24,광주광역시,M,total,30-34,48797
2025,24,광주광역시,M,unmarried,30-34,36558
2025,24,광주광역시,F,total,30-34,44061
2025,24,광주광역시,F,unmarried,35-39,11512
2025,24,광주광역시,M,total,35-39,40214
2025,24,광주광역시,M,unmarried,35-39,19767
2025,24,광주광역시,F,total,35-39,38063
2025,24,광주광역시,F,unmarried,40-44,8800
2025,24,광주광역시,M,total,40-44,51019
2025,24,광주광역시,M,unmarried,40-44,16450
2025,24,광주광역시,F,total,40-44,49988
2025,24010,동구,F,unmarried,20-24,3867
2025,24010,동구,M,total,20-24,4176
2025,24010,동구,M,unmarried,20-24,4169
2025,24010,동구,F,total,20-24,3888
2025,24010,동구,F,unmarried,25-29,3426
2025,24010,동구,M,total,25-29,4083
2025,24010,동구,M,unmarried,25-29,3929
2025,24010,동구,F,total,25-29,3752
2025,24010,동구,F,unmarried,30-34,2228
2025,24010,동구,M,total,30-34,3880
2025,24010,동구,M,unmarried,30-34,2854
2025,24010,동구,F,total,30-34,3732
2025,24010,동구,F,unmarried,35-39,1045
2025,24010,동구,M,total,35-39,3348
2025,24010,동구,M,unmarried,35-39,1605
2025,24010,동구,F,total,35-39,3088
2025,24010,동구,F,unmarried,40-44,789
2025,24010,동구,M,total,40-44,3693
2025,24010,동구,M,unmarried,40-44,1265
2025,24010,동구,F,total,40-44,3380
2025,24020,서구,F,unmarried,20-24,6702
2025,24020,서구,M,total,20-24,7166
2025,24020,서구,M,unmarried,20-24,7130
2025,24020,서구,F,total,20-24,6774
2025,24020,서구,F,unmarried,25-29,8824
2025,24020,서구,M,total,25-29,10020
2025,24020,서구,M,unmarried,25-29,9614
2025,24020,서구,F,total,25-29,9607
2025,24020,서구,F,unmarried,30-34,5763
2025,24020,서구,M,total,30-34,9747
2025,24020,서구,M,unmarried,30-34,7748
2025,24020,서구,F,total,30-34,8716
2025,24020,서구,F,unmarried,35-39,2590
2025,24020,서구,M,total,35-39,7500
2025,24020,서구,M,unmarried,35-39,4159
2025,24020,서구,F,total,35-39,7000
2025,24020,서구,F,unmarried,40-44,1995
2025,24020,서구,M,total,40-44,9459
2025,24020,서구,M,unmarried,40-44,3480
2025,24020,서구,F,total,40-44,9425
2025,24030,남구,F,unmarried,20-24,4916
2025,24030,남구,M,total,20-24,5202
2025,24030,남구,M,unmarried,20-24,5181
2025,24030,남구,F,total,20-24,4962
2025,24030,남구,F,unmarried,25-29,5057
2025,24030,남구,M,total,25-29,5855
2025,24030,남구,M,unmarried,25-29,5574
2025,24030,남구,F,total,25-29,5589
2025,24030,남구,F,unmarried,30-34,3712
2025,24030,남구,M,total,30-34,6055
2025,24030,남구,M,unmarried,30-34,4626
2025,24030,남구,F,total,30-34,5900
2025,24030,남구,F,unmarried,35-39,1627
2025,24030,남구,M,total,35-39,5298
2025,24030,남구,M,unmarried,35-39,2579
2025,24030,남구,F,total,35-39,5363
2025,24030,남구,F,unmarried,40-44,1342
2025,24030,남구,M,total,40-44,7500
2025,24030,남구,M,unmarried,40-44,2258
2025,24030,남구,F,total,40-44,7954
2025,24040,북구,F,unmarried,20-24,11861
2025,24040,북구,M,total,20-24,13041
2025,24040,북구,M,unmarried,20-24,12998
2025,24040,북구,F,total,20-24,11965
2025,24040,북구,F,unmarried,25-29,11746
2025,24040,북구,M,total,25-29,14981
2025,24040,북구,M,unmarried,25-29,14265
2025,24040,북구,F,total,25-29,13126
2025,24040,북구,F,unmarried,30-34,7928
2025,24040,북구,M,total,30-34,14898
2025,24040,북구,M,unmarried,30-34,11169
2025,24040,북구,F,total,30-34,13459
2025,24040,북구,F,unmarried,35-39,3618
2025,24040,북구,M,total,35-39,12534
2025,24040,북구,M,unmarried,35-39,6153
2025,24040,북구,F,total,35-39,11781
2025,24040,북구,F,unmarried,40-44,2777
2025,24040,북구,M,total,40-44,15315
2025,24040,북구,M,unmarried,40-44,5152
2025,24040,북구,F,total,40-44,14375
2025,24050,광산구,F,unmarried,20-24,11015
2025,24050,광산구,M,total,20-24,11982
2025,24050,광산구,M,unmarried,20-24,11934
2025,24050,광산구,F,total,20-24,11119
2025,24050,광산구,F,unmarried,25-29,10878
2025,24050,광산구,M,total,25-29,14328
2025,24050,광산구,M,unmarried,25-29,13469
2025,24050,광산구,F,total,25-29,12542
2025,24050,광산구,F,unmarried,30-34,6392
2025,24050,광산구,M,total,30-34,14217
2025,24050,광산구,M,unmarried,30-34,10161
2025,24050,광산구,F,total,30-34,12254
2025,24050,광산구,F,unmarried,35-39,2632
2025,24050,광산구,M,total,35-39,11534
2025,24050,광산구,M,unmarried,35-39,5271
2025,24050,광산구,F,total,35-39,10831
2025,24050,광산구,F,unmarried,40-44,1897
2025,24050,광산구,M,total,40-44,15052
2025,24050,광산구,M,unmarried,40-44,4295
2025,24050,광산구,F,total,40-44,14854
2025,25,대전광역시,F,unmarried,20-24,43706
2025,25,대전광역시,M,total,20-24,48128
2025,25,대전광역시,M,unmarried,20-24,47951
2025,25,대전광역시,F,total,20-24,44134
2025,25,대전광역시,F,unmarried,25-29,42674
2025,25,대전광역시,M,total,25-29,56450
2025,25,대전광역시,M,unmarried,25-29,53393
2025,25,대전광역시,F,total,25-29,48807
2025,25,대전광역시,F,unmarried,30-34,26167
2025,25,대전광역시,M,total,30-34,55379
2025,25,대전광역시,M,unmarried,30-34,39821
2025,25,대전광역시,F,total,30-34,47768
2025,25,대전광역시,F,unmarried,35-39,11835
2025,25,대전광역시,M,total,35-39,46070
2025,25,대전광역시,M,unmarried,35-39,21356
2025,25,대전광역시,F,total,35-39,40465
2025,25,대전광역시,F,unmarried,40-44,8997
2025,25,대전광역시,M,total,40-44,50051
2025,25,대전광역시,M,unmarried,40-44,15520
2025,25,대전광역시,F,total,40-44,48622
2025,25010,동구,F,unmarried,20-24,8269
2025,25010,동구,M,total,20-24,9300
2025,25010,동구,M,unmarried,20-24,9266
2025,25010,동구,F,total,20-24,8356
2025,25010,동구,F,unmarried,25-29,5307
2025,25010,동구,M,total,25-29,7723
2025,25010,동구,M,unmarried,25-29,7296
2025,25010,동구,F,total,25-29,6157
2025,25010,동구,F,unmarried,30-34,3205
2025,25010,동구,M,total,30-34,7302
2025,25010,동구,M,unmarried,30-34,5165
2025,25010,동구,F,total,30-34,6225
2025,25010,동구,F,unmarried,35-39,1578
2025,25010,동구,M,total,35-39,6273
2025,25010,동구,M,unmarried,35-39,3124
2025,25010,동구,F,total,35-39,5181
2025,25010,동구,F,unmarried,40-44,1348
2025,25010,동구,M,total,40-44,7274
2025,25010,동구,M,unmarried,40-44,2716
2025,25010,동구,F,total,40-44,6432
2025,25020,중구,F,unmarried,20-24,4890
2025,25020,중구,M,total,20-24,5189
2025,25020,중구,M,unmarried,20-24,5166
2025,25020,중구,F,total,20-24,4945
2025,25020,중구,F,unmarried,25-29,6138
2025,25020,중구,M,total,25-29,6779
2025,25020,중구,M,unmarried,25-29,6351
2025,25020,중구,F,total,25-29,6974
2025,25020,중구,F,unmarried,30-34,3823
2025,25020,중구,M,total,30-34,7151
2025,25020,중구,M,unmarried,30-34,5188
2025,25020,중구,F,total,30-34,6691
2025,25020,중구,F,unmarried,35-39,1743
2025,25020,중구,M,total,35-39,6123
2025,25020,중구,M,unmarried,35-39,2925
2025,25020,중구,F,total,35-39,5518
2025,25020,중구,F,unmarried,40-44,1480
2025,25020,중구,M,total,40-44,7096
2025,25020,중구,M,unmarried,40-44,2529
2025,25020,중구,F,total,40-44,6900
2025,25030,서구,F,unmarried,20-24,14184
2025,25030,서구,M,total,20-24,14142
2025,25030,서구,M,unmarried,20-24,14076
2025,25030,서구,F,total,20-24,14338
2025,25030,서구,F,unmarried,25-29,15623
2025,25030,서구,M,total,25-29,18181
2025,25030,서구,M,unmarried,25-29,17152
2025,25030,서구,F,total,25-29,17759
2025,25030,서구,F,unmarried,30-34,9868
2025,25030,서구,M,total,30-34,18622
2025,25030,서구,M,unmarried,30-34,13607
2025,25030,서구,F,total,30-34,16692
2025,25030,서구,F,unmarried,35-39,4443
2025,25030,서구,M,total,35-39,14647
2025,25030,서구,M,unmarried,35-39,7023
2025,25030,서구,F,total,35-39,13643
2025,25030,서구,F,unmarried,40-44,3176
2025,25030,서구,M,total,40-44,16127
2025,25030,서구,M,unmarried,40-44,4884
2025,25030,서구,F,total,40-44,16537
2025,25040,유성구,F,unmarried,20-24,12264
2025,25040,유성구,M,total,20-24,14594
2025,25040,유성구,M,unmarried,20-24,14563
2025,25040,유성구,F,total,20-24,12340
2025,25040,유성구,F,unmarried,25-29,11707
2025,25040,유성구,M,total,25-29,18031
2025,25040,유성구,M,unmarried,25-29,17172
2025,25040,유성구,F,total,25-29,13379
2025,25040,유성구,F,unmarried,30-34,6717
2025,25040,유성구,M,total,30-34,16427
2025,25040,유성구,M,unmarried,30-34,11489
2025,25040,유성구,F,total,30-34,13570
2025,25040,유성구,F,unmarried,35-39,2928
2025,25040,유성구,M,total,35-39,14132
2025,25040,유성구,M,unmarried,35-39,5594
2025,25040,유성구,F,total,35-39,12420
2025,25040,유성구,F,unmarried,40-44,2036
2025,25040,유성구,M,total,40-44,14313
2025,25040,유성구,M,unmarried,40-44,3344
2025,25040,유성구,F,total,40-44,14199
2025,25050,대덕구,F,unmarried,20-24,4099
2025,25050,대덕구,M,total,20-24,4903
2025,25050,대덕구,M,unmarried,20-24,4880
2025,25050,대덕구,F,total,20-24,4155
2025,25050,대덕구,F,unmarried,25-29,3899
2025,25050,대덕구,M,total,25-29,5736
2025,25050,대덕구,M,unmarried,25-29,5422
2025,25050,대덕구,F,total,25-29,4538
2025,25050,대덕구,F,unmarried,30-34,2554
2025,25050,대덕구,M,total,30-34,5877
2025,25050,대덕구,M,unmarried,30-34,4372
2025,25050,대덕구,F,total,30-34,4590
2025,25050,대덕구,F,unmarried,35-39,1143
2025,25050,대덕구,M,total,35-39,4895
2025,25050,대덕구,M,unmarried,35-39,2690
2025,25050,대덕구,F,total,35-39,3703
2025,25050,대덕구,F,unmarried,40-44,957
2025,25050,대덕구,M,total,40-44,5241
2025,25050,대덕구,M,unmarried,40-44,2047
2025,25050,대덕구,F,total,40-44,4554
2025,26,울산광역시,F,unmarried,20-24,17465
2025,26,울산광역시,M,total,20-24,25624
2025,26,울산광역시,M,unmarried,20-24,25528
2025,26,울산광역시,F,total,20-24,17656
2025,26,울산광역시,F,unmarried,25-29,22363
2025,26,울산광역시,M,total,25-29,37112
2025,26,울산광역시,M,unmarried,25-29,35084
2025,26,울산광역시,F,total,25-29,26074
2025,26,울산광역시,F,unmarried,30-34,14838
2025,26,울산광역시,M,total,30-34,38861
2025,26,울산광역시,M,unmarried,30-34,27933
2025,26,울산광역시,F,total,30-34,30135
2025,26,울산광역시,F,unmarried,35-39,6732
2025,26,울산광역시,M,total,35-39,34855
2025,26,울산광역시,M,unmarried,35-39,15564
2025,26,울산광역시,F,total,35-39,29170
2025,26,울산광역시,F,unmarried,40-44,5017
2025,26,울산광역시,M,total,40-44,41512
2025,26,울산광역시,M,unmarried,40-44,11895
2025,26,울산광역시,F,total,40-44,38399
2025,26003,동부,F,unmarried,20-24,13621
2025,26003,동부,M,total,20-24,20100
2025,26003,동부,M,unmarried,20-24,20024
2025,26003,동부,F,total,20-24,13768
2025,26003,동부,F,unmarried,25-29,18419
2025,26003,동부,M,total,25-29,30186
2025,26003,동부,M,unmarried,25-29,28541
2025,26003,동부,F,total,25-29,21394
2025,26003,동부,F,unmarried,30-34,12445
2025,26003,동부,M,total,30-34,32134
2025,26003,동부,M,unmarried,30-34,23192
2025,26003,동부,F,total,30-34,24929
2025,26003,동부,F,unmarried,35-39,5667
2025,26003,동부,M,total,35-39,28891
2025,26003,동부,M,unmarried,35-39,12780
2025,26003,동부,F,total,35-39,24276
2025,26003,동부,F,unmarried,40-44,4205
2025,26003,동부,M,total,40-44,34238
2025,26003,동부,M,unmarried,40-44,9624
2025,26003,동부,F,total,40-44,31966
2025,26004,읍부,F,unmarried,20-24,3301
2025,26004,읍부,M,total,20-24,5029
2025,26004,읍부,M,unmarried,20-24,5010
2025,26004,읍부,F,total,20-24,3343
2025,26004,읍부,F,unmarried,25-29,3537
2025,26004,읍부,M,total,25-29,6255
2025,26004,읍부,M,unmarried,25-29,5888
2025,26004,읍부,F,total,25-29,4237
2025,26004,읍부,F,unmarried,30-34,2135
2025,26004,읍부,M,total,30-34,6091
2025,26004,읍부,M,unmarried,30-34,4200
2025,26004,읍부,F,total,30-34,4809
2025,26004,읍부,F,unmarried,35-39,902
2025,26004,읍부,M,total,35-39,5342
2025,26004,읍부,M,unmarried,35-39,2390
2025,26004,읍부,F,total,35-39,4451
2025,26004,읍부,F,unmarried,40-44,669
2025,26004,읍부,M,total,40-44,6552
2025,26004,읍부,M,unmarried,40-44,1947
2025,26004,읍부,F,total,40-44,5877
2025,26005,면부,F,unmarried,20-24,543
2025,26005,면부,M,total,20-24,495
2025,26005,면부,M,unmarried,20-24,494
2025,26005,면부,F,total,20-24,545
2025,26005,면부,F,unmarried,25-29,407
2025,26005,면부,M,total,25-29,671
2025,26005,면부,M,unmarried,25-29,655
2025,26005,면부,F,total,25-29,443
2025,26005,면부,F,unmarried,30-34,258
2025,26005,면부,M,total,30-34,636
2025,26005,면부,M,unmarried,30-34,541
2025,26005,면부,F,total,30-34,397
2025,26005,면부,F,unmarried,35-39,163
2025,26005,면부,M,total,35-39,622
2025,26005,면부,M,unmarried,35-39,394
2025,26005,면부,F,total,35-39,443
2025,26005,면부,F,unmarried,40-44,143
2025,26005,면부,M,total,40-44,722
2025,26005,면부,M,unmarried,40-44,324
2025,26005,면부,F,total,40-44,556
2025,26010,중구,F,unmarried,20-24,2648
2025,26010,중구,M,total,20-24,4073
2025,26010,중구,M,unmarried,20-24,4058
2025,26010,중구,F,total,20-24,2670
2025,26010,중구,F,unmarried,25-29,4113
2025,26010,중구,M,total,25-29,6205
2025,26010,중구,M,unmarried,25-29,5901
2025,26010,중구,F,total,25-29,4670
2025,26010,중구,F,unmarried,30-34,2991
2025,26010,중구,M,total,30-34,6796
2025,26010,중구,M,unmarried,30-34,4990
2025,26010,중구,F,total,30-34,5583
2025,26010,중구,F,unmarried,35-39,1420
2025,26010,중구,M,total,35-39,6134
2025,26010,중구,M,unmarried,35-39,2885
2025,26010,중구,F,total,35-39,5253
2025,26010,중구,F,unmarried,40-44,1096
2025,26010,중구,M,total,40-44,7134
2025,26010,중구,M,unmarried,40-44,2206
2025,26010,중구,F,total,40-44,6719
2025,26020,남구,F,unmarried,20-24,5895
2025,26020,남구,M,total,20-24,8428
2025,26020,남구,M,unmarried,20-24,8402
2025,26020,남구,F,total,20-24,5944
2025,26020,남구,F,unmarried,25-29,7427
2025,26020,남구,M,total,25-29,11630
2025,26020,남구,M,unmarried,25-29,11038
2025,26020,남구,F,total,25-29,8488
2025,26020,남구,F,unmarried,30-34,5237
2025,26020,남구,M,total,30-34,12370
2025,26020,남구,M,unmarried,30-34,9121
2025,26020,남구,F,total,30-34,9590
2025,26020,남구,F,unmarried,35-39,2290
2025,26020,남구,M,total,35-39,10124
2025,26020,남구,M,unmarried,35-39,4764
2025,26020,남구,F,total,35-39,8451
2025,26020,남구,F,unmarried,40-44,1680
2025,26020,남구,M,total,40-44,11020
2025,26020,남구,M,unmarried,40-44,3383
2025,26020,남구,F,total,40-44,10276
2025,26030,동구,F,unmarried,20-24,2355
2025,26030,동구,M,total,20-24,3051
2025,26030,동구,M,unmarried,20-24,3028
2025,26030,동구,F,total,20-24,2399
2025,26030,동구,F,unmarried,25-29,2942
2025,26030,동구,M,total,25-29,4753
2025,26030,동구,M,unmarried,25-29,4467
2025,26030,동구,F,total,25-29,3434
2025,26030,동구,F,unmarried,30-34,1666
2025,26030,동구,M,total,30-34,4739
2025,26030,동구,M,unmarried,30-34,3566
2025,26030,동구,F,total,30-34,3370
2025,26030,동구,F,unmarried,35-39,872
2025,26030,동구,M,total,35-39,4952
2025,26030,동구,M,unmarried,35-39,2384
2025,26030,동구,F,total,35-39,3887
2025,26030,동구,F,unmarried,40-44,685
2025,26030,동구,M,total,40-44,6874
2025,26030,동구,M,unmarried,40-44,2081
2025,26030,동구,F,total,40-44,5869
2025,26040,북구,F,unmarried,20-24,2723
2025,26040,북구,M,total,20-24,4548
2025,26040,북구,M,unmarried,20-24,4536
2025,26040,북구,F,total,20-24,2755
2025,26040,북구,F,unmarried,25-29,3937
2025,26040,북구,M,total,25-29,7598
2025,26040,북구,M,unmarried,25-29,7135
2025,26040,북구,F,total,25-29,4802
2025,26040,북구,F,unmarried,30-34,2551
2025,26040,북구,M,total,30-34,8229
2025,26040,북구,M,unmarried,30-34,5515
2025,26040,북구,F,total,30-34,6386
2025,26040,북구,F,unmarried,35-39,1085
2025,26040,북구,M,total,35-39,7681
2025,26040,북구,M,unmarried,35-39,2747
2025,26040,북구,F,total,35-39,6685
2025,26040,북구,F,unmarried,40-44,744
2025,26040,북구,M,total,40-44,9210
2025,26040,북구,M,unmarried,40-44,1954
2025,26040,북구,F,total,40-44,9102
2025,26510,울주군,F,unmarried,20-24,3844
2025,26510,울주군,M,total,20-24,5524
2025,26510,울주군,M,unmarried,20-24,5504
2025,26510,울주군,F,total,20-24,3888
2025,26510,울주군,F,unmarried,25-29,3944
2025,26510,울주군,M,total,25-29,6926
2025,26510,울주군,M,unmarried,25-29,6543
2025,26510,울주군,F,total,25-29,4680
2025,26510,울주군,F,unmarried,30-34,2393
2025,26510,울주군,M,total,30-34,6727
2025,26510,울주군,M,unmarried,30-34,4741
2025,26510,울주군,F,total,30-34,5206
2025,26510,울주군,F,unmarried,35-39,1065
2025,26510,울주군,M,total,35-39,5964
2025,26510,울주군,M,unmarried,35-39,2784
2025,26510,울주군,F,total,35-39,4894
2025,26510,울주군,F,unmarried,40-44,812
2025,26510,울주군,M,total,40-44,7274
2025,26510,울주군,M,unmarried,40-44,2271
2025,26510,울주군,F,total,40-44,6433
2025,29,세종특별자치시,F,unmarried,20-24,9046
2025,29,세종특별자치시,M,total,20-24,10448
2025,29,세종특별자치시,M,unmarried,20-24,10419
2025,29,세종특별자치시,F,total,20-24,9119
2025,29,세종특별자치시,F,unmarried,25-29,7976
2025,29,세종특별자치시,M,total,25-29,9768
2025,29,세종특별자치시,M,unmarried,25-29,9154
2025,29,세종특별자치시,F,total,25-29,9374
2025,29,세종특별자치시,F,unmarried,30-34,5938
2025,29,세종특별자치시,M,total,30-34,13130
2025,29,세종특별자치시,M,unmarried,30-34,8287
2025,29,세종특별자치시,F,total,30-34,13280
2025,29,세종특별자치시,F,unmarried,35-39,2720
2025,29,세종특별자치시,M,total,35-39,14746
2025,29,세종특별자치시,M,unmarried,35-39,4576
2025,29,세종특별자치시,F,total,35-39,14951
2025,29,세종특별자치시,F,unmarried,40-44,1918
2025,29,세종특별자치시,M,total,40-44,18018
2025,29,세종특별자치시,M,unmarried,40-44,2892
2025,29,세종특별자치시,F,total,40-44,19128
2025,29003,동부,F,unmarried,20-24,4380
2025,29003,동부,M,total,20-24,5441
2025,29003,동부,M,unmarried,20-24,5428
2025,29003,동부,F,total,20-24,4429
2025,29003,동부,F,unmarried,25-29,6194
2025,29003,동부,M,total,25-29,5902
2025,29003,동부,M,unmarried,25-29,5418
2025,29003,동부,F,total,25-29,7380
2025,29003,동부,F,unmarried,30-34,4940
2025,29003,동부,M,total,30-34,10199
2025,29003,동부,M,unmarried,30-34,5825
2025,29003,동부,F,total,30-34,11692
2025,29003,동부,F,unmarried,35-39,2208
2025,29003,동부,M,total,35-39,12574
2025,29003,동부,M,unmarried,35-39,3174
2025,29003,동부,F,total,35-39,13518
2025,29003,동부,F,unmarried,40-44,1545
2025,29003,동부,M,total,40-44,15462
2025,29003,동부,M,unmarried,40-44,1736
2025,29003,동부,F,total,40-44,17250
2025,29004,읍부,F,unmarried,20-24,2990
2025,29004,읍부,M,total,20-24,3260
2025,29004,읍부,M,unmarried,20-24,3253
2025,29004,읍부,F,total,20-24,3002
2025,29004,읍부,F,unmarried,25-29,1080
2025,29004,읍부,M,total,25-29,2193
2025,29004,읍부,M,unmarried,25-29,2119
2025,29004,읍부,F,total,25-29,1209
2025,29004,읍부,F,unmarried,30-34,547
2025,29004,읍부,M,total,30-34,1476
2025,29004,읍부,M,unmarried,30-34,1200
2025,29004,읍부,F,total,30-34,906
2025,29004,읍부,F,unmarried,35-39,275
2025,29004,읍부,M,total,35-39,1076
2025,29004,읍부,M,unmarried,35-39,607
2025,29004,읍부,F,total,35-39,918
2025,29004,읍부,F,unmarried,40-44,187
2025,29004,읍부,M,total,40-44,1377
2025,29004,읍부,M,unmarried,40-44,502
2025,29004,읍부,F,total,40-44,1245
2025,29005,면부,F,unmarried,20-24,1676
2025,29005,면부,M,total,20-24,1747
2025,29005,면부,M,unmarried,20-24,1738
2025,29005,면부,F,total,20-24,1688
2025,29005,면부,F,unmarried,25-29,702
2025,29005,면부,M,total,25-29,1673
2025,29005,면부,M,unmarried,25-29,1617
2025,29005,면부,F,total,25-29,785
2025,29005,면부,F,unmarried,30-34,451
2025,29005,면부,M,total,30-34,1455
2025,29005,면부,M,unmarried,30-34,1262
2025,29005,면부,F,total,30-34,682
2025,29005,면부,F,unmarried,35-39,237
2025,29005,면부,M,total,35-39,1096
2025,29005,면부,M,unmarried,35-39,795
2025,29005,면부,F,total,35-39,515
2025,29005,면부,F,unmarried,40-44,186
2025,29005,면부,M,total,40-44,1179
2025,29005,면부,M,unmarried,40-44,654
2025,29005,면부,F,total,40-44,633
2025,29010,세종시,F,unmarried,20-24,9046
2025,29010,세종시,M,total,20-24,10448
2025,29010,세종시,M,unmarried,20-24,10419
2025,29010,세종시,F,total,20-24,9119
2025,29010,세종시,F,unmarried,25-29,7976
2025,29010,세종시,M,total,25-29,9768
2025,29010,세종시,M,unmarried,25-29,9154
2025,29010,세종시,F,total,25-29,9374
2025,29010,세종시,F,unmarried,30-34,5938
2025,29010,세종시,M,total,30-34,13130
2025,29010,세종시,M,unmarried,30-34,8287
2025,29010,세종시,F,total,30-34,13280
2025,29010,세종시,F,unmarried,35-39,2720
2025,29010,세종시,M,total,35-39,14746
2025,29010,세종시,M,unmarried,35-39,4576
2025,29010,세종시,F,total,35-39,14951
2025,29010,세종시,F,unmarried,40-44,1918
2025,29010,세종시,M,total,40-44,18018
2025,29010,세종시,M,unmarried,40-44,2892
2025,29010,세종시,F,total,40-44,19128
2025,31,경기도,F,unmarried,20-24,291549
2025,31,경기도,M,total,20-24,323215
2025,31,경기도,M,unmarried,20-24,321872
2025,31,경기도,F,total,20-24,294656
2025,31,경기도,F,unmarried,25-29,358224
2025,31,경기도,M,total,25-29,450501
2025,31,경기도,M,unmarried,25-29,426287
2025,31,경기도,F,total,25-29,404012
2025,31,경기도,F,unmarried,30-34,252929
2025,31,경기도,M,total,30-34,513956
2025,31,경기도,M,unmarried,30-34,374484
2025,31,경기도,F,total,30-34,451973
2025,31,경기도,F,unmarried,35-39,119838
2025,31,경기도,M,total,35-39,459375
2025,31,경기도,M,unmarried,35-39,208410
2025,31,경기도,F,total,35-39,423971
2025,31,경기도,F,unmarried,40-44,85015
2025,31,경기도,M,total,40-44,535342
2025,31,경기도,M,unmarried,40-44,152587
2025,31,경기도,F,total,40-44,504537
2025,31003,동부,F,unmarried,20-24,252402
2025,31003,동부,M,total,20-24,275566
2025,31003,동부,M,unmarried,20-24,274550
2025,31003,동부,F,total,20-24,254779
2025,31003,동부,F,unmarried,25-29,316946
2025,31003,동부,M,total,25-29,384301
2025,31003,동부,M,unmarried,25-29,364788
2025,31003,동부,F,total,25-29,355060
2025,31003,동부,F,unmarried,30-34,225536
2025,31003,동부,M,total,30-34,443166
2025,31003,동부,M,unmarried,30-34,322647
2025,31003,동부,F,total,30-34,399530
2025,31003,동부,F,unmarried,35-39,105856
2025,31003,동부,M,total,35-39,398092
2025,31003,동부,M,unmarried,35-39,176762
2025,31003,동부,F,total,35-39,374299
2025,31003,동부,F,unmarried,40-44,74254
2025,31003,동부,M,total,40-44,460369
2025,31003,동부,M,unmarried,40-44,126534
2025,31003,동부,F,total,40-44,440539
2025,31004,읍부,F,unmarried,20-24,28308
2025,31004,읍부,M,total,20-24,34200
2025,31004,읍부,M,unmarried,20-24,33976
2025,31004,읍부,F,total,20-24,28837
2025,31004,읍부,F,unmarried,25-29,30100
2025,31004,읍부,M,total,25-29,45683
2025,31004,읍부,M,unmarried,25-29,42410
2025,31004,읍부,F,total,25-29,35792
2025,31004,읍부,F,unmarried,30-34,19404
2025,31004,읍부,M,total,30-34,49300
2025,31004,읍부,M,unmarried,30-34,35164
2025,31004,읍부,F,total,30-34,38576
2025,31004,읍부,F,unmarried,35-39,9546
2025,31004,읍부,M,total,35-39,43957
2025,31004,읍부,M,unmarried,35-39,20998
2025,31004,읍부,F,total,35-39,37732
2025,31004,읍부,F,unmarried,40-44,7201
2025,31004,읍부,M,total,40-44,55173
2025,31004,읍부,M,unmarried,40-44,17110
2025,31004,읍부,F,total,40-44,49480
2025,31005,면부,F,unmarried,20-24,10839
2025,31005,면부,M,total,20-24,13449
2025,31005,면부,M,unmarried,20-24,13346
2025,31005,면부,F,total,20-24,11040
2025,31005,면부,F,unmarried,25-29,11178
2025,31005,면부,M,total,25-29,20517
2025,31005,면부,M,unmarried,25-29,19089
2025,31005,면부,F,total,25-29,13160
2025,31005,면부,F,unmarried,30-34,7989
2025,31005,면부,M,total,30-34,21490
2025,31005,면부,M,unmarried,30-34,16673
2025,31005,면부,F,total,30-34,13867
2025,31005,면부,F,unmarried,35-39,4436
2025,31005,면부,M,total,35-39,17326
2025,31005,면부,M,unmarried,35-39,10650
2025,31005,면부,F,total,35-39,11940
2025,31005,면부,F,unmarried,40-44,3560
2025,31005,면부,M,total,40-44,19800
2025,31005,면부,M,unmarried,40-44,8943
2025,31005,면부,F,total,40-44,14518
2025,31010,수원시,F,unmarried,20-24,31027
2025,31010,수원시,M,total,20-24,34260
2025,31010,수원시,M,unmarried,20-24,34151
2025,31010,수원시,F,total,20-24,31297
2025,31010,수원시,F,unmarried,25-29,40364
2025,31010,수원시,M,total,25-29,48939
2025,31010,수원시,M,unmarried,25-29,46943
2025,31010,수원시,F,total,25-29,44540
2025,31010,수원시,F,unmarried,30-34,27970
2025,31010,수원시,M,total,30-34,53796
2025,31010,수원시,M,unmarried,30-34,40456
2025,31010,수원시,F,total,30-34,46365
2025,31010,수원시,F,unmarried,35-39,12325
2025,31010,수원시,M,total,35-39,42981
2025,31010,수원시,M,unmarried,35-39,20395
2025,31010,수원시,F,total,35-39,38486
2025,31010,수원시,F,unmarried,40-44,8152
2025,31010,수원시,M,total,40-44,44986
2025,31010,수원시,M,unmarried,40-44,13595
2025,31010,수원시,F,total,40-44,43034
2025,31011,장안구,F,unmarried,20-24,7973
2025,31011,장안구,M,total,20-24,9751
2025,31011,장안구,M,unmarried,20-24,9731
2025,31011,장안구,F,total,20-24,8023
2025,31011,장안구,F,unmarried,25-29,8364
2025,31011,장안구,M,total,25-29,11502
2025,31011,장안구,M,unmarried,25-29,11122
2025,31011,장안구,F,total,25-29,9133
2025,31011,장안구,F,unmarried,30-34,5493
2025,31011,장안구,M,total,30-34,10281
2025,31011,장안구,M,unmarried,30-34,7986
2025,31011,장안구,F,total,30-34,8759
2025,31011,장안구,F,unmarried,35-39,2379
2025,31011,장안구,M,total,35-39,8032
2025,31011,장안구,M,unmarried,35-39,3944
2025,31011,장안구,F,total,35-39,7116
2025,31011,장안구,F,unmarried,40-44,1665
2025,31011,장안구,M,total,40-44,8798
2025,31011,장안구,M,unmarried,40-44,2903
2025,31011,장안구,F,total,40-44,8599
2025,31012,권선구,F,unmarried,20-24,7644
2025,31012,권선구,M,total,20-24,8365
2025,31012,권선구,M,unmarried,20-24,8306
2025,31012,권선구,F,total,20-24,7758
2025,31012,권선구,F,unmarried,25-29,11677
2025,31012,권선구,M,total,25-29,13741
2025,31012,권선구,M,unmarried,25-29,12979
2025,31012,권선구,F,total,25-29,13218
2025,31012,권선구,F,unmarried,30-34,8503
2025,31012,권선구,M,total,30-34,16888
2025,31012,권선구,M,unmarried,30-34,12660
2025,31012,권선구,F,total,30-34,14197
2025,31012,권선구,F,unmarried,35-39,3810
2025,31012,권선구,M,total,35-39,13254
2025,31012,권선구,M,unmarried,35-39,6684
2025,31012,권선구,F,total,35-39,11422
2025,31012,권선구,F,unmarried,40-44,2661
2025,31012,권선구,M,total,40-44,14320
2025,31012,권선구,M,unmarried,40-44,4792
2025,31012,권선구,F,total,40-44,13147
2025,31013,팔달구,F,unmarried,20-24,4911
2025,31013,팔달구,M,total,20-24,5066
2025,31013,팔달구,M,unmarried,20-24,5048
2025,31013,팔달구,F,total,20-24,4962
2025,31013,팔달구,F,unmarried,25-29,7538
2025,31013,팔달구,M,total,25-29,8354
2025,31013,팔달구,M,unmarried,25-29,8034
2025,31013,팔달구,F,total,25-29,8234
2025,31013,팔달구,F,unmarried,30-34,5126
2025,31013,팔달구,M,total,30-34,9547
2025,31013,팔달구,M,unmarried,30-34,7328
2025,31013,팔달구,F,total,30-34,8060
2025,31013,팔달구,F,unmarried,35-39,2375
2025,31013,팔달구,M,total,35-39,7352
2025,31013,팔달구,M,unmarried,35-39,3917
2025,31013,팔달구,F,total,35-39,6149
2025,31013,팔달구,F,unmarried,40-44,1585
2025,31013,팔달구,M,total,40-44,6804
2025,31013,팔달구,M,unmarried,40-44,2729
2025,31013,팔달구,F,total,40-44,5994
2025,31014,영통구,F,unmarried,20-24,10499
2025,31014,영통구,M,total,20-24,11078
2025,31014,영통구,M,unmarried,20-24,11066
2025,31014,영통구,F,total,20-24,10554
2025,31014,영통구,F,unmarried,25-29,12785
2025,31014,영통구,M,total,25-29,15342
2025,31014,영통구,M,unmarried,25-29,14808
2025,31014,영통구,F,total,25-29,13955
2025,31014,영통구,F,unmarried,30-34,8848
2025,31014,영통구,M,total,30-34,17080
2025,31014,영통구,M,unmarried,30-34,12482
2025,31014,영통구,F,total,30-34,15349
2025,31014,영통구,F,unmarried,35-39,3761
2025,31014,영통구,M,total,35-39,14343
2025,31014,영통구,M,unmarried,35-39,5850
2025,31014,영통구,F,total,35-39,13799
2025,31014,영통구,F,unmarried,40-44,2241
2025,31014,영통구,M,total,40-44,15064
2025,31014,영통구,M,unmarried,40-44,3171
2025,31014,영통구,F,total,40-44,15294
2025,31020,성남시,F,unmarried,20-24,19487
2025,31020,성남시,M,total,20-24,20079
2025,31020,성남시,M,unmarried,20-24,20039
2025,31020,성남시,F,total,20-24,19593
2025,31020,성남시,F,unmarried,25-29,26382
2025,31020,성남시,M,total,25-29,30193
2025,31020,성남시,M,unmarried,25-29,29053
2025,31020,성남시,F,total,25-29,28679
2025,31020,성남시,F,unmarried,30-34,20119
2025,31020,성남시,M,total,30-34,35418
2025,31020,성남시,M,unmarried,30-34,27510
2025,31020,성남시,F,total,30-34,31824
2025,31020,성남시,F,unmarried,35-39,10027
2025,31020,성남시,M,total,35-39,30979
2025,31020,성남시,M,unmarried,35-39,15106
2025,31020,성남시,F,total,35-39,29523
2025,31020,성남시,F,unmarried,40-44,7276
2025,31020,성남시,M,total,40-44,33635
2025,31020,성남시,M,unmarried,40-44,10441
2025,31020,성남시,F,total,40-44,33053
2025,31021,수정구,F,unmarried,20-24,6173
2025,31021,수정구,M,total,20-24,6189
2025,31021,수정구,M,unmarried,20-24,6171
2025,31021,수정구,F,total,20-24,6212
2025,31021,수정구,F,unmarried,25-29,6923
2025,31021,수정구,M,total,25-29,8762
2025,31021,수정구,M,unmarried,25-29,8405
2025,31021,수정구,F,total,25-29,7579
2025,31021,수정구,F,unmarried,30-34,5265
2025,31021,수정구,M,total,30-34,9927
2025,31021,수정구,M,unmarried,30-34,7730
2025,31021,수정구,F,total,30-34,8412
2025,31021,수정구,F,unmarried,35-39,2714
2025,31021,수정구,M,total,35-39,8546
2025,31021,수정구,M,unmarried,35-39,4500
2025,31021,수정구,F,total,35-39,7443
2025,31021,수정구,F,unmarried,40-44,2098
2025,31021,수정구,M,total,40-44,8885
2025,31021,수정구,M,unmarried,40-44,3542
2025,31021,수정구,F,total,40-44,7692
2025,31022,중원구,F,unmarried,20-24,4335
2025,31022,중원구,M,total,20-24,4429
2025,31022,중원구,M,unmarried,20-24,4413
2025,31022,중원구,F,total,20-24,4377
2025,31022,중원구,F,unmarried,25-29,6272
2025,31022,중원구,M,total,25-29,7430
2025,31022,중원구,M,unmarried,25-29,7118
2025,31022,중원구,F,total,25-29,6882
2025,31022,중원구,F,unmarried,30-34,4862
2025,31022,중원구,M,total,30-34,8936
2025,31022,중원구,M,unmarried,30-34,7048
2025,31022,중원구,F,total,30-34,7617
2025,31022,중원구,F,unmarried,35-39,2358
2025,31022,중원구,M,total,35-39,7608
2025,31022,중원구,M,unmarried,35-39,4240
2025,31022,중원구,F,total,35-39,6266
2025,31022,중원구,F,unmarried,40-44,1831
2025,31022,중원구,M,total,40-44,7684
2025,31022,중원구,M,unmarried,40-44,3125
2025,31022,중원구,F,total,40-44,6722
2025,31023,분당구,F,unmarried,20-24,8979
2025,31023,분당구,M,total,20-24,9461
2025,31023,분당구,M,unmarried,20-24,9455
2025,31023,분당구,F,total,20-24,9004
2025,31023,분당구,F,unmarried,25-29,13187
2025,31023,분당구,M,total,25-29,14001
2025,31023,분당구,M,unmarried,25-29,13530
2025,31023,분당구,F,total,25-29,14218
2025,31023,분당구,F,unmarried,30-34,9992
2025,31023,분당구,M,total,30-34,16555
2025,31023,분당구,M,unmarried,30-34,12732
2025,31023,분당구,F,total,30-34,15795
2025,31023,분당구,F,unmarried,35-39,4955
2025,31023,분당구,M,total,35-39,14825
2025,31023,분당구,M,unmarried,35-39,6366
2025,31023,분당구,F,total,35-39,15814
2025,31023,분당구,F,unmarried,40-44,3347
2025,31023,분당구,M,total,40-44,17066
2025,31023,분당구,M,unmarried,40-44,3774
2025,31023,분당구,F,total,40-44,18639
2025,31030,의정부시,F,unmarried,20-24,10738
2025,31030,의정부시,M,total,20-24,10724
2025,31030,의정부시,M,unmarried,20-24,10679
2025,31030,의정부시,F,total,20-24,10867
2025,31030,의정부시,F,unmarried,25-29,13209
2025,31030,의정부시,M,total,25-29,14601
2025,31030,의정부시,M,unmarried,25-29,13812
2025,31030,의정부시,F,total,25-29,14644
2025,31030,의정부시,F,unmarried,30-34,8845
2025,31030,의정부시,M,total,30-34,16227
2025,31030,의정부시,M,unmarried,30-34,11816
2025,31030,의정부시,F,total,30-34,15011
2025,31030,의정부시,F,unmarried,35-39,4050
2025,31030,의정부시,M,total,35-39,14161
2025,31030,의정부시,M,unmarried,35-39,6597
2025,31030,의정부시,F,total,35-39,13358
2025,31030,의정부시,F,unmarried,40-44,3013
2025,31030,의정부시,M,total,40-44,16744
2025,31030,의정부시,M,unmarried,40-44,5071
2025,31030,의정부시,F,total,40-44,15788
2025,31040,안양시,F,unmarried,20-24,12417
2025,31040,안양시,M,total,20-24,12853
2025,31040,안양시,M,unmarried,20-24,12827
2025,31040,안양시,F,total,20-24,12483
2025,31040,안양시,F,unmarried,25-29,15593
2025,31040,안양시,M,total,25-29,18457
2025,31040,안양시,M,unmarried,25-29,17646
2025,31040,안양시,F,total,25-29,17181
2025,31040,안양시,F,unmarried,30-34,12222
2025,31040,안양시,M,total,30-34,22513
2025,31040,안양시,M,unmarried,30-34,16456
2025,31040,안양시,F,total,30-34,20984
2025,31040,안양시,F,unmarried,35-39,6017
2025,31040,안양시,M,total,35-39,20647
2025,31040,안양시,M,unmarried,35-39,9381
2025,31040,안양시,F,total,35-39,19193
2025,31040,안양시,F,unmarried,40-44,3950
2025,31040,안양시,M,total,40-44,20937
2025,31040,안양시,M,unmarried,40-44,6286
2025,31040,안양시,F,total,40-44,19447
2025,31041,만안구,F,unmarried,20-24,5740
2025,31041,만안구,M,total,20-24,5560
2025,31041,만안구,M,unmarried,20-24,5546
2025,31041,만안구,F,total,20-24,5783
2025,31041,만안구,F,unmarried,25-29,6618
2025,31041,만안구,M,total,25-29,8070
2025,31041,만안구,M,unmarried,25-29,7682
2025,31041,만안구,F,total,25-29,7311
2025,31041,만안구,F,unmarried,30-34,5110
2025,31041,만안구,M,total,30-34,9664
2025,31041,만안구,M,unmarried,30-34,7241
2025,31041,만안구,F,total,30-34,8549
2025,31041,만안구,F,unmarried,35-39,2584
2025,31041,만안구,M,total,35-39,8284
2025,31041,만안구,M,unmarried,35-39,4134
2025,31041,만안구,F,total,35-39,7337
2025,31041,만안구,F,unmarried,40-44,1694
2025,31041,만안구,M,total,40-44,8248
2025,31041,만안구,M,unmarried,40-44,3116
2025,31041,만안구,F,total,40-44,7030
2025,31042,동안구,F,unmarried,20-24,6677
2025,31042,동안구,M,total,20-24,7293
2025,31042,동안구,M,unmarried,20-24,7281
2025,31042,동안구,F,total,20-24,6700
2025,31042,동안구,F,unmarried,25-29,8975
2025,31042,동안구,M,total,25-29,10387
2025,31042,동안구,M,unmarried,25-29,9964
2025,31042,동안구,F,total,25-29,9870
2025,31042,동안구,F,unmarried,30-34,7112
2025,31042,동안구,M,total,30-34,12849
2025,31042,동안구,M,unmarried,30-34,9215
2025,31042,동안구,F,total,30-34,12435
2025,31042,동안구,F,unmarried,35-39,3433
2025,31042,동안구,M,total,35-39,12363
2025,31042,동안구,M,unmarried,35-39,5247
2025,31042,동안구,F,total,35-39,11856
2025,31042,동안구,F,unmarried,40-44,2256
2025,31042,동안구,M,total,40-44,12689
2025,31042,동안구,M,unmarried,40-44,3170
2025,31042,동안구,F,total,40-44,12417
2025,31050,부천시,F,unmarried,20-24,16391
2025,31050,부천시,M,total,20-24,16897
2025,31050,부천시,M,unmarried,20-24,16847
2025,31050,부천시,F,total,20-24,16500
2025,31050,부천시,F,unmarried,25-29,21997
2025,31050,부천시,M,total,25-29,24522
2025,31050,부천시,M,unmarried,25-29,23503
2025,31050,부천시,F,total,25-29,23889
2025,31050,부천시,F,unmarried,30-34,16838
2025,31050,부천시,M,total,30-34,28164
2025,31050,부천시,M,unmarried,30-34,22256
2025,31050,부천시,F,total,30-34,25515
2025,31050,부천시,F,unmarried,35-39,8941
2025,31050,부천시,M,total,35-39,24463
2025,31050,부천시,M,unmarried,35-39,13364
2025,31050,부천시,F,total,35-39,22515
2025,31050,부천시,F,unmarried,40-44,6363
2025,31050,부천시,M,total,40-44,27509
2025,31050,부천시,M,unmarried,40-44,10037
2025,31050,부천시,F,total,40-44,25973
2025,31051,원미구,F,unmarried,20-24,8914
2025,31051,원미구,M,total,20-24,8898
2025,31051,원미구,M,unmarried,20-24,8874
2025,31051,원미구,F,total,20-24,8965
2025,31051,원미구,F,unmarried,25-29,12077
2025,31051,원미구,M,total,25-29,12815
2025,31051,원미구,M,unmarried,25-29,12265
2025,31051,원미구,F,total,25-29,13077
2025,31051,원미구,F,unmarried,30-34,9188
2025,31051,원미구,M,total,30-34,14749
2025,31051,원미구,M,unmarried,30-34,11585
2025,31051,원미구,F,total,30-34,13787
2025,31051,원미구,F,unmarried,35-39,5052
2025,31051,원미구,M,total,35-39,12820
2025,31051,원미구,M,unmarried,35-39,7003
2025,31051,원미구,F,total,35-39,12202
2025,31051,원미구,F,unmarried,40-44,3458
2025,31051,원미구,M,total,40-44,14007
2025,31051,원미구,M,unmarried,40-44,5032
2025,31051,원미구,F,total,40-44,13542
2025,31052,소사구,F,unmarried,20-24,4422
2025,31052,소사구,M,total,20-24,4559
2025,31052,소사구,M,unmarried,20-24,4543
2025,31052,소사구,F,total,20-24,4455
2025,31052,소사구,F,unmarried,25-29,5603
2025,31052,소사구,M,total,25-29,6466
2025,31052,소사구,M,unmarried,25-29,6180
2025,31052,소사구,F,total,25-29,6169
2025,31052,소사구,F,unmarried,30-34,4468
2025,31052,소사구,M,total,30-34,7843
2025,31052,소사구,M,unmarried,30-34,5962
2025,31052,소사구,F,total,30-34,7301
2025,31052,소사구,F,unmarried,35-39,2397
2025,31052,소사구,M,total,35-39,7443
2025,31052,소사구,M,unmarried,35-39,3649
2025,31052,소사구,F,total,35-39,6947
2025,31052,소사구,F,unmarried,40-44,1824
2025,31052,소사구,M,total,40-44,8751
2025,31052,소사구,M,unmarried,40-44,2827
2025,31052,소사구,F,total,40-44,8357
2025,31053,오정구,F,unmarried,20-24,3055
2025,31053,오정구,M,total,20-24,3440
2025,31053,오정구,M,unmarried,20-24,3430
2025,31053,오정구,F,total,20-24,3080
2025,31053,오정구,F,unmarried,25-29,4317
2025,31053,오정구,M,total,25-29,5241
2025,31053,오정구,M,unmarried,25-29,5058
2025,31053,오정구,F,total,25-29,4643
2025,31053,오정구,F,unmarried,30-34,3182
2025,31053,오정구,M,total,30-34,5572
2025,31053,오정구,M,unmarried,30-34,4709
2025,31053,오정구,F,total,30-34,4427
2025,31053,오정구,F,unmarried,35-39,1492
2025,31053,오정구,M,total,35-39,4200
2025,31053,오정구,M,unmarried,35-39,2712
2025,31053,오정구,F,total,35-39,3366
2025,31053,오정구,F,unmarried,40-44,1081
2025,31053,오정구,M,total,40-44,4751
2025,31053,오정구,M,unmarried,40-44,2178
2025,31053,오정구,F,total,40-44,4074
2025,31060,광명시,F,unmarried,20-24,6082
2025,31060,광명시,M,total,20-24,6770
2025,31060,광명시,M,unmarried,20-24,6754
2025,31060,광명시,F,total,20-24,6113
2025,31060,광명시,F,unmarried,25-29,7640
2025,31060,광명시,M,total,25-29,8522
2025,31060,광명시,M,unmarried,25-29,8168
2025,31060,광명시,F,total,25-29,8404
2025,31060,광명시,F,unmarried,30-34,5802
2025,31060,광명시,M,total,30-34,10500
2025,31060,광명시,M,unmarried,30-34,7646
2025,31060,광명시,F,total,30-34,9941
2025,31060,광명시,F,unmarried,35-39,2922
2025,31060,광명시,M,total,35-39,9719
2025,31060,광명시,M,unmarried,35-39,4490
2025,31060,광명시,F,total,35-39,9193
2025,31060,광명시,F,unmarried,40-44,2109
2025,31060,광명시,M,total,40-44,10711
2025,31060,광명시,M,unmarried,40-44,3084
2025,31060,광명시,F,total,40-44,10775
2025,31070,평택시,F,unmarried,20-24,11411
2025,31070,평택시,M,total,20-24,14086
2025,31070,평택시,M,unmarried,20-24,13957
2025,31070,평택시,F,total,20-24,11694
2025,31070,평택시,F,unmarried,25-29,14790
2025,31070,평택시,M,total,25-29,24336
2025,31070,평택시,M,unmarried,25-29,22528
2025,31070,평택시,F,total,25-29,18091
2025,31070,평택시,F,unmarried,30-34,9780
2025,31070,평택시,M,total,30-34,29185
2025,31070,평택시,M,unmarried,30-34,20386
2025,31070,평택시,F,total,30-34,21819
2025,31070,평택시,F,unmarried,35-39,4489
2025,31070,평택시,M,total,35-39,24896
2025,31070,평택시,M,unmarried,35-39,11255
2025,31070,평택시,F,total,35-39,19710
2025,31070,평택시,F,unmarried,40-44,3122
2025,31070,평택시,M,total,40-44,26887
2025,31070,평택시,M,unmarried,40-44,8310
2025,31070,평택시,F,total,40-44,22328
2025,31080,동두천시,F,unmarried,20-24,1750
2025,31080,동두천시,M,total,20-24,1950
2025,31080,동두천시,M,unmarried,20-24,1933
2025,31080,동두천시,F,total,20-24,1791
2025,31080,동두천시,F,unmarried,25-29,1754
2025,31080,동두천시,M,total,25-29,2439
2025,31080,동두천시,M,unmarried,25-29,2279
2025,31080,동두천시,F,total,25-29,2010
2025,31080,동두천시,F,unmarried,30-34,1108
2025,31080,동두천시,M,total,30-34,2446
2025,31080,동두천시,M,unmarried,30-34,1830
2025,31080,동두천시,F,total,30-34,1916
2025,31080,동두천시,F,unmarried,35-39,568
2025,31080,동두천시,M,total,35-39,1960
2025,31080,동두천시,M,unmarried,35-39,1040
2025,31080,동두천시,F,total,35-39,1688
2025,31080,동두천시,F,unmarried,40-44,491
2025,31080,동두천시,M,total,40-44,2566
2025,31080,동두천시,M,unmarried,40-44,1019
2025,31080,동두천시,F,total,40-44,2469
2025,31090,안산시,F,unmarried,20-24,16272
2025,31090,안산시,M,total,20-24,17945
2025,31090,안산시,M,unmarried,20-24,17863
2025,31090,안산시,F,total,20-24,16473
2025,31090,안산시,F,unmarried,25-29,19243
2025,31090,안산시,M,total,25-29,25073
2025,31090,안산시,M,unmarried,25-29,23948
2025,31090,안산시,F,total,25-29,21266
2025,31090,안산시,F,unmarried,30-34,12844
2025,31090,안산시,M,total,30-34,25359
2025,31090,안산시,M,unmarried,30-34,20215
2025,31090,안산시,F,total,30-34,20144
2025,31090,안산시,F,unmarried,35-39,5457
2025,31090,안산시,M,total,35-39,19394
2025,31090,안산시,M,unmarried,35-39,10953
2025,31090,안산시,F,total,35-39,15577
2025,31090,안산시,F,unmarried,40-44,3578
2025,31090,안산시,M,total,40-44,20690
2025,31090,안산시,M,unmarried,40-44,7940
2025,31090,안산시,F,total,40-44,18123
2025,31091,상록구,F,unmarried,20-24,9179
2025,31091,상록구,M,total,20-24,10260
2025,31091,상록구,M,unmarried,20-24,10208
2025,31091,상록구,F,total,20-24,9297
2025,31091,상록구,F,unmarried,25-29,10053
2025,31091,상록구,M,total,25-29,13523
2025,31091,상록구,M,unmarried,25-29,12925
2025,31091,상록구,F,total,25-29,11115
2025,31091,상록구,F,unmarried,30-34,6711
2025,31091,상록구,M,total,30-34,12899
2025,31091,상록구,M,unmarried,30-34,10460
2025,31091,상록구,F,total,30-34,10077
2025,31091,상록구,F,unmarried,35-39,2848
2025,31091,상록구,M,total,35-39,9217
2025,31091,상록구,M,unmarried,35-39,5562
2025,31091,상록구,F,total,35-39,7520
2025,31091,상록구,F,unmarried,40-44,1938
2025,31091,상록구,M,total,40-44,10382
2025,31091,상록구,M,unmarried,40-44,3998
2025,31091,상록구,F,total,40-44,9426
2025,31092,단원구,F,unmarried,20-24,7093
2025,31092,단원구,M,total,20-24,7685
2025,31092,단원구,M,unmarried,20-24,7655
2025,31092,단원구,F,total,20-24,7176
2025,31092,단원구,F,unmarried,25-29,9190
2025,31092,단원구,M,total,25-29,11550
2025,31092,단원구,M,unmarried,25-29,11023
2025,31092,단원구,F,total,25-29,10151
2025,31092,단원구,F,unmarried,30-34,6133
2025,31092,단원구,M,total,30-34,12460
2025,31092,단원구,M,unmarried,30-34,9755
2025,31092,단원구,F,total,30-34,10067
2025,31092,단원구,F,unmarried,35-39,2609
2025,31092,단원구,M,total,35-39,10177
2025,31092,단원구,M,unmarried,35-39,5391
2025,31092,단원구,F,total,35-39,8057
2025,31092,단원구,F,unmarried,40-44,1640
2025,31092,단원구,M,total,40-44,10308
2025,31092,단원구,M,unmarried,40-44,3942
2025,31092,단원구,F,total,40-44,8697
2025,31100,고양시,F,unmarried,20-24,21331
2025,31100,고양시,M,total,20-24,22563
2025,31100,고양시,M,unmarried,20-24,22512
2025,31100,고양시,F,total,20-24,21480
2025,31100,고양시,F,unmarried,25-29,29468
2025,31100,고양시,M,total,25-29,31971
2025,31100,고양시,M,unmarried,25-29,30533
2025,31100,고양시,F,total,25-29,32221
2025,31100,고양시,F,unmarried,30-34,22071
2025,31100,고양시,M,total,30-34,36533
2025,31100,고양시,M,unmarried,30-34,27406
2025,31100,고양시,F,total,30-34,35607
2025,31100,고양시,F,unmarried,35-39,10585
2025,31100,고양시,M,total,35-39,32514
2025,31100,고양시,M,unmarried,35-39,15125
2025,31100,고양시,F,total,35-39,32300
2025,31100,고양시,F,unmarried,40-44,7460
2025,31100,고양시,M,total,40-44,36969
2025,31100,고양시,M,unmarried,40-44,10251
2025,31100,고양시,F,total,40-44,37062
2025,31101,덕양구,F,unmarried,20-24,9407
2025,31101,덕양구,M,total,20-24,10010
2025,31101,덕양구,M,unmarried,20-24,9984
2025,31101,덕양구,F,total,20-24,9466
2025,31101,덕양구,F,unmarried,25-29,12737
2025,31101,덕양구,M,total,25-29,14297
2025,31101,덕양구,M,unmarried,25-29,13564
2025,31101,덕양구,F,total,25-29,14145
2025,31101,덕양구,F,unmarried,30-34,10336
2025,31101,덕양구,M,total,30-34,17726
2025,31101,덕양구,M,unmarried,30-34,12812
2025,31101,덕양구,F,total,30-34,17524
2025,31101,덕양구,F,unmarried,35-39,5009
2025,31101,덕양구,M,total,35-39,16647
2025,31101,덕양구,M,unmarried,35-39,7342
2025,31101,덕양구,F,total,35-39,16322
2025,31101,덕양구,F,unmarried,40-44,3640
2025,31101,덕양구,M,total,40-44,18628
2025,31101,덕양구,M,unmarried,40-44,5063
2025,31101,덕양구,F,total,40-44,17819
2025,31103,일산동구,F,unmarried,20-24,6117
2025,31103,일산동구,M,total,20-24,6186
2025,31103,일산동구,M,unmarried,20-24,6171
2025,31103,일산동구,F,total,20-24,6165
2025,31103,일산동구,F,unmarried,25-29,9178
2025,31103,일산동구,M,total,25-29,9349
2025,31103,일산동구,M,unmarried,25-29,8922
2025,31103,일산동구,F,total,25-29,9921
2025,31103,일산동구,F,unmarried,30-34,6550
2025,31103,일산동구,M,total,30-34,10319
2025,31103,일산동구,M,unmarried,30-34,7958
2025,31103,일산동구,F,total,30-34,10114
2025,31103,일산동구,F,unmarried,35-39,3132
2025,31103,일산동구,M,total,35-39,8785
2025,31103,일산동구,M,unmarried,35-39,4398
2025,31103,일산동구,F,total,35-39,8767
2025,31103,일산동구,F,unmarried,40-44,2206
2025,31103,일산동구,M,total,40-44,9767
2025,31103,일산동구,M,unmarried,40-44,2934
2025,31103,일산동구,F,total,40-44,10077
2025,31104,일산서구,F,unmarried,20-24,5807
2025,31104,일산서구,M,total,20-24,6367
2025,31104,일산서구,M,unmarried,20-24,6357
2025,31104,일산서구,F,total,20-24,5849
2025,31104,일산서구,F,unmarried,25-29,7553
2025,31104,일산서구,M,total,25-29,8325
2025,31104,일산서구,M,unmarried,25-29,8047
2025,31104,일산서구,F,total,25-29,8155
2025,31104,일산서구,F,unmarried,30-34,5185
2025,31104,일산서구,M,total,30-34,8488
2025,31104,일산서구,M,unmarried,30-34,6636
2025,31104,일산서구,F,total,30-34,7969
2025,31104,일산서구,F,unmarried,35-39,2444
2025,31104,일산서구,M,total,35-39,7082
2025,31104,일산서구,M,unmarried,35-39,3385
2025,31104,일산서구,F,total,35-39,7211
2025,31104,일산서구,F,unmarried,40-44,1614
2025,31104,일산서구,M,total,40-44,8574
2025,31104,일산서구,M,unmarried,40-44,2254
2025,31104,일산서구,F,total,40-44,9166
2025,31110,과천시,F,unmarried,20-24,1440
2025,31110,과천시,M,total,20-24,1538
2025,31110,과천시,M,unmarried,20-24,1536
2025,31110,과천시,F,total,20-24,1448
2025,31110,과천시,F,unmarried,25-29,1839
2025,31110,과천시,M,total,25-29,2075
2025,31110,과천시,M,unmarried,25-29,1993
2025,31110,과천시,F,total,25-29,2017
2025,31110,과천시,F,unmarried,30-34,1355
2025,31110,과천시,M,total,30-34,2534
2025,31110,과천시,M,unmarried,30-34,1670
2025,31110,과천시,F,total,30-34,2791
2025,31110,과천시,F,unmarried,35-39,588
2025,31110,과천시,M,total,35-39,2934
2025,31110,과천시,M,unmarried,35-39,802
2025,31110,과천시,F,total,35-39,3130
2025,31110,과천시,F,unmarried,40-44,391
2025,31110,과천시,M,total,40-44,3269
2025,31110,과천시,M,unmarried,40-44,441
2025,31110,과천시,F,total,40-44,3307
2025,31120,구리시,F,unmarried,20-24,3862
2025,31120,구리시,M,total,20-24,3978
2025,31120,구리시,M,unmarried,20-24,3972
2025,31120,구리시,F,total,20-24,3886
2025,31120,구리시,F,unmarried,25-29,5432
2025,31120,구리시,M,total,25-29,5997
2025,31120,구리시,M,unmarried,25-29,5754
2025,31120,구리시,F,total,25-29,5890
2025,31120,구리시,F,unmarried,30-34,3949
2025,31120,구리시,M,total,30-34,6687
2025,31120,구리시,M,unmarried,30-34,5223
2025,31120,구리시,F,total,30-34,6158
2025,31120,구리시,F,unmarried,35-39,1806
2025,31120,구리시,M,total,35-39,5761
2025,31120,구리시,M,unmarried,35-39,2913
2025,31120,구리시,F,total,35-39,5329
2025,31120,구리시,F,unmarried,40-44,1365
2025,31120,구리시,M,total,40-44,6767
2025,31120,구리시,M,unmarried,40-44,2169
2025,31120,구리시,F,total,40-44,6492
2025,31130,남양주시,F,unmarried,20-24,15101
2025,31130,남양주시,M,total,20-24,16680
2025,31130,남양주시,M,unmarried,20-24,16606
2025,31130,남양주시,F,total,20-24,15263
2025,31130,남양주시,F,unmarried,25-29,16794
2025,31130,남양주시,M,total,25-29,19752
2025,31130,남양주시,M,unmarried,25-29,18618
2025,31130,남양주시,F,total,25-29,19062
2025,31130,남양주시,F,unmarried,30-34,11080
2025,31130,남양주시,M,total,30-34,21171
2025,31130,남양주시,M,unmarried,30-34,14937
2025,31130,남양주시,F,total,30-34,19923
2025,31130,남양주시,F,unmarried,35-39,5522
2025,31130,남양주시,M,total,35-39,19638
2025,31130,남양주시,M,unmarried,35-39,8577
2025,31130,남양주시,F,total,35-39,19964
2025,31130,남양주시,F,unmarried,40-44,4241
2025,31130,남양주시,M,total,40-44,27057
2025,31130,남양주시,M,unmarried,40-44,6910
2025,31130,남양주시,F,total,40-44,27881
2025,31140,오산시,F,unmarried,20-24,5321
2025,31140,오산시,M,total,20-24,6174
2025,31140,오산시,M,unmarried,20-24,6140
2025,31140,오산시,F,total,20-24,5409
2025,31140,오산시,F,unmarried,25-29,5869
2025,31140,오산시,M,total,25-29,8776
2025,31140,오산시,M,unmarried,25-29,8188
2025,31140,오산시,F,total,25-29,6960
2025,31140,오산시,F,unmarried,30-34,4250
2025,31140,오산시,M,total,30-34,11154
2025,31140,오산시,M,unmarried,30-34,8024
2025,31140,오산시,F,total,30-34,8560
2025,31140,오산시,F,unmarried,35-39,2216
2025,31140,오산시,M,total,35-39,10322
2025,31140,오산시,M,unmarried,35-39,5048
2025,31140,오산시,F,total,35-39,8541
2025,31140,오산시,F,unmarried,40-44,1537
2025,31140,오산시,M,total,40-44,12421
2025,31140,오산시,M,unmarried,40-44,4004
2025,31140,오산시,F,total,40-44,10377
2025,31150,시흥시,F,unmarried,20-24,10380
2025,31150,시흥시,M,total,20-24,13187
2025,31150,시흥시,M,unmarried,20-24,13131
2025,31150,시흥시,F,total,20-24,10501
2025,31150,시흥시,F,unmarried,25-29,12571
2025,31150,시흥시,M,total,25-29,17227
2025,31150,시흥시,M,unmarried,25-29,16206
2025,31150,시흥시,F,total,25-29,14489
2025,31150,시흥시,F,unmarried,30-34,8528
2025,31150,시흥시,M,total,30-34,20110
2025,31150,시흥시,M,unmarried,30-34,14486
2025,31150,시흥시,F,total,30-34,16617
2025,31150,시흥시,F,unmarried,35-39,3852
2025,31150,시흥시,M,total,35-39,18768
2025,31150,시흥시,M,unmarried,35-39,8338
2025,31150,시흥시,F,total,35-39,16725
2025,31150,시흥시,F,unmarried,40-44,2629
2025,31150,시흥시,M,total,40-44,23430
2025,31150,시흥시,M,unmarried,40-44,6763
2025,31150,시흥시,F,total,40-44,20333
2025,31160,군포시,F,unmarried,20-24,5561
2025,31160,군포시,M,total,20-24,6116
2025,31160,군포시,M,unmarried,20-24,6104
2025,31160,군포시,F,total,20-24,5596
2025,31160,군포시,F,unmarried,25-29,7038
2025,31160,군포시,M,total,25-29,8729
2025,31160,군포시,M,unmarried,25-29,8374
2025,31160,군포시,F,total,25-29,7698
2025,31160,군포시,F,unmarried,30-34,5311
2025,31160,군포시,M,total,30-34,9707
2025,31160,군포시,M,unmarried,30-34,7622
2025,31160,군포시,F,total,30-34,8297
2025,31160,군포시,F,unmarried,35-39,2536
2025,31160,군포시,M,total,35-39,7903
2025,31160,군포시,M,unmarried,35-39,4222
2025,31160,군포시,F,total,35-39,7000
2025,31160,군포시,F,unmarried,40-44,1714
2025,31160,군포시,M,total,40-44,8446
2025,31160,군포시,M,unmarried,40-44,2995
2025,31160,군포시,F,total,40-44,7929
2025,31170,의왕시,F,unmarried,20-24,3191
2025,31170,의왕시,M,total,20-24,3565
2025,31170,의왕시,M,unmarried,20-24,3560
2025,31170,의왕시,F,total,20-24,3212
2025,31170,의왕시,F,unmarried,25-29,4096
2025,31170,의왕시,M,total,25-29,5001
2025,31170,의왕시,M,unmarried,25-29,4766
2025,31170,의왕시,F,total,25-29,4636
2025,31170,의왕시,F,unmarried,30-34,2997
2025,31170,의왕시,M,total,30-34,6133
2025,31170,의왕시,M,unmarried,30-34,4176
2025,31170,의왕시,F,total,30-34,5713
2025,31170,의왕시,F,unmarried,35-39,1403
2025,31170,의왕시,M,total,35-39,5560
2025,31170,의왕시,M,unmarried,35-39,2162
2025,31170,의왕시,F,total,35-39,5381
2025,31170,의왕시,F,unmarried,40-44,892
2025,31170,의왕시,M,total,40-44,5779
2025,31170,의왕시,M,unmarried,40-44,1553
2025,31170,의왕시,F,total,40-44,5283
2025,31180,하남시,F,unmarried,20-24,5727
2025,31180,하남시,M,total,20-24,5973
2025,31180,하남시,M,unmarried,20-24,5950
2025,31180,하남시,F,total,20-24,5768
2025,31180,하남시,F,unmarried,25-29,8570
2025,31180,하남시,M,total,25-29,8904
2025,31180,하남시,M,unmarried,25-29,8541
2025,31180,하남시,F,total,25-29,9406
2025,31180,하남시,F,unmarried,30-34,6867
2025,31180,하남시,M,total,30-34,11549
2025,31180,하남시,M,unmarried,30-34,8399
2025,31180,하남시,F,total,30-34,11756
2025,31180,하남시,F,unmarried,35-39,3342
2025,31180,하남시,M,total,35-39,11870
2025,31180,하남시,M,unmarried,35-39,5040
2025,31180,하남시,F,total,35-39,12036
2025,31180,하남시,F,unmarried,40-44,2459
2025,31180,하남시,M,total,40-44,14991
2025,31180,하남시,M,unmarried,40-44,3663
2025,31180,하남시,F,total,40-44,14792
2025,31190,용인시,F,unmarried,20-24,27988
2025,31190,용인시,M,total,20-24,30794
2025,31190,용인시,M,unmarried,20-24,30731
2025,31190,용인시,F,total,20-24,28124
2025,31190,용인시,F,unmarried,25-29,27831
2025,31190,용인시,M,total,25-29,34825
2025,31190,용인시,M,unmarried,25-29,33342
2025,31190,용인시,F,total,25-29,30742
2025,31190,용인시,F,unmarried,30-34,17930
2025,31190,용인시,M,total,30-34,35138
2025,31190,용인시,M,unmarried,30-34,25397
2025,31190,용인시,F,total,30-34,32103
2025,31190,용인시,F,unmarried,35-39,7812
2025,31190,용인시,M,total,35-39,32578
2025,31190,용인시,M,unmarried,35-39,13260
2025,31190,용인시,F,total,35-39,31814
2025,31190,용인시,F,unmarried,40-44,5718
2025,31190,용인시,M,total,40-44,41027
2025,31190,용인시,M,unmarried,40-44,9157
2025,31190,용인시,F,total,40-44,41749
2025,31191,처인구,F,unmarried,20-24,8031
2025,31191,처인구,M,total,20-24,9053
2025,31191,처인구,M,unmarried,20-24,9017
2025,31191,처인구,F,total,20-24,8103
2025,31191,처인구,F,unmarried,25-29,6691
2025,31191,처인구,M,total,25-29,10346
2025,31191,처인구,M,unmarried,25-29,9701
2025,31191,처인구,F,total,25-29,7784
2025,31191,처인구,F,unmarried,30-34,4508
2025,31191,처인구,M,total,30-34,10466
2025,31191,처인구,M,unmarried,30-34,7419
2025,31191,처인구,F,total,30-34,8695
2025,31191,처인구,F,unmarried,35-39,2000
2025,31191,처인구,M,total,35-39,9430
2025,31191,처인구,M,unmarried,35-39,4360
2025,31191,처인구,F,total,35-39,7941
2025,31191,처인구,F,unmarried,40-44,1532
2025,31191,처인구,M,total,40-44,11161
2025,31191,처인구,M,unmarried,40-44,3281
2025,31191,처인구,F,total,40-44,10046
2025,31192,기흥구,F,unmarried,20-24,11153
2025,31192,기흥구,M,total,20-24,12513
2025,31192,기흥구,M,unmarried,20-24,12491
2025,31192,기흥구,F,total,20-24,11209
2025,31192,기흥구,F,unmarried,25-29,11790
2025,31192,기흥구,M,total,25-29,14171
2025,31192,기흥구,M,unmarried,25-29,13644
2025,31192,기흥구,F,total,25-29,12841
2025,31192,기흥구,F,unmarried,30-34,7039
2025,31192,기흥구,M,total,30-34,13598
2025,31192,기흥구,M,unmarried,30-34,10122
2025,31192,기흥구,F,total,30-34,12135
2025,31192,기흥구,F,unmarried,35-39,3085
2025,31192,기흥구,M,total,35-39,11973
2025,31192,기흥구,M,unmarried,35-39,5037
2025,31192,기흥구,F,total,35-39,11831
2025,31192,기흥구,F,unmarried,40-44,2302
2025,31192,기흥구,M,total,40-44,15509
2025,31192,기흥구,M,unmarried,40-44,3497
2025,31192,기흥구,F,total,40-44,16151
2025,31193,수지구,F,unmarried,20-24,8804
2025,31193,수지구,M,total,20-24,9228
2025,31193,수지구,M,unmarried,20-24,9223
2025,31193,수지구,F,total,20-24,8812
2025,31193,수지구,F,unmarried,25-29,9350
2025,31193,수지구,M,total,25-29,10308
2025,31193,수지구,M,unmarried,25-29,9997
2025,31193,수지구,F,total,25-29,10117
2025,31193,수지구,F,unmarried,30-34,6383
2025,31193,수지구,M,total,30-34,11074
2025,31193,수지구,M,unmarried,30-34,7856
2025,31193,수지구,F,total,30-34,11273
2025,31193,수지구,F,unmarried,35-39,2727
2025,31193,수지구,M,total,35-39,11175
2025,31193,수지구,M,unmarried,35-39,3863
2025,31193,수지구,F,total,35-39,12042
2025,31193,수지구,F,unmarried,40-44,1884
2025,31193,수지구,M,total,40-44,14357
2025,31193,수지구,M,unmarried,40-44,2379
2025,31193,수지구,F,total,40-44,15552
2025,31200,파주시,F,unmarried,20-24,9018
2025,31200,파주시,M,total,20-24,10904
2025,31200,파주시,M,unmarried,20-24,10828
2025,31200,파주시,F,total,20-24,9196
2025,31200,파주시,F,unmarried,25-29,11198
2025,31200,파주시,M,total,25-29,15540
2025,31200,파주시,M,unmarried,25-29,14302
2025,31200,파주시,F,total,25-29,13359
2025,31200,파주시,F,unmarried,30-34,7898
2025,31200,파주시,M,total,30-34,17834
2025,31200,파주시,M,unmarried,30-34,11827
2025,31200,파주시,F,total,30-34,17180
2025,31200,파주시,F,unmarried,35-39,3809
2025,31200,파주시,M,total,35-39,18769
2025,31200,파주시,M,unmarried,35-39,7405
2025,31200,파주시,F,total,35-39,17120
2025,31200,파주시,F,unmarried,40-44,2680
2025,31200,파주시,M,total,40-44,22376
2025,31200,파주시,M,unmarried,40-44,5518
2025,31200,파주시,F,total,40-44,20058
2025,31210,이천시,F,unmarried,20-24,4753
2025,31210,이천시,M,total,20-24,5530
2025,31210,이천시,M,unmarried,20-24,5488
2025,31210,이천시,F,total,20-24,4839
2025,31210,이천시,F,unmarried,25-29,5235
2025,31210,이천시,M,total,25-29,9325
2025,31210,이천시,M,unmarried,25-29,8609
2025,31210,이천시,F,total,25-29,6355
2025,31210,이천시,F,unmarried,30-34,3319
2025,31210,이천시,M,total,30-34,9788
2025,31210,이천시,M,unmarried,30-34,7065
2025,31210,이천시,F,total,30-34,6689
2025,31210,이천시,F,unmarried,35-39,1661
2025,31210,이천시,M,total,35-39,7447
2025,31210,이천시,M,unmarried,35-39,3492
2025,31210,이천시,F,total,35-39,6561
2025,31210,이천시,F,unmarried,40-44,1107
2025,31210,이천시,M,total,40-44,8613
2025,31210,이천시,M,unmarried,40-44,2546
2025,31210,이천시,F,total,40-44,7297
2025,31220,안성시,F,unmarried,20-24,5689
2025,31220,안성시,M,total,20-24,6062
2025,31220,안성시,M,unmarried,20-24,6023
2025,31220,안성시,F,total,20-24,5763
2025,31220,안성시,F,unmarried,25-29,4206
2025,31220,안성시,M,total,25-29,6551
2025,31220,안성시,M,unmarried,25-29,6101
2025,31220,안성시,F,total,25-29,5042
2025,31220,안성시,F,unmarried,30-34,2579
2025,31220,안성시,M,total,30-34,6710
2025,31220,안성시,M,unmarried,30-34,4848
2025,31220,안성시,F,total,30-34,5153
2025,31220,안성시,F,unmarried,35-39,1296
2025,31220,안성시,M,total,35-39,6093
2025,31220,안성시,M,unmarried,35-39,3108
2025,31220,안성시,F,total,35-39,4806
2025,31220,안성시,F,unmarried,40-44,956
2025,31220,안성시,M,total,40-44,7267
2025,31220,안성시,M,unmarried,40-44,2536
2025,31220,안성시,F,total,40-44,6099
2025,31230,김포시,F,unmarried,20-24,7996
2025,31230,김포시,M,total,20-24,8808
2025,31230,김포시,M,unmarried,20-24,8751
2025,31230,김포시,F,total,20-24,8090
2025,31230,김포시,F,unmarried,25-29,10481
2025,31230,김포시,M,total,25-29,12313
2025,31230,김포시,M,unmarried,25-29,11540
2025,31230,김포시,F,total,25-29,11991
2025,31230,김포시,F,unmarried,30-34,7556
2025,31230,김포시,M,total,30-34,14705
2025,31230,김포시,M,unmarried,30-34,10244
2025,31230,김포시,F,total,30-34,14192
2025,31230,김포시,F,unmarried,35-39,3760
2025,31230,김포시,M,total,35-39,15354
2025,31230,김포시,M,unmarried,35-39,6164
2025,31230,김포시,F,total,35-39,15898
2025,31230,김포시,F,unmarried,40-44,2876
2025,31230,김포시,M,total,40-44,22055
2025,31230,김포시,M,unmarried,40-44,4892
2025,31230,김포시,F,total,40-44,22223
2025,31240,화성시,F,unmarried,20-24,18798
2025,31240,화성시,M,total,20-24,21397
2025,31240,화성시,M,unmarried,20-24,21306
2025,31240,화성시,F,total,20-24,19040
2025,31240,화성시,F,unmarried,25-29,23846
2025,31240,화성시,M,total,25-29,33696
2025,31240,화성시,M,unmarried,25-29,31459
2025,31240,화성시,F,total,25-29,28231
2025,31240,화성시,F,unmarried,30-34,16032
2025,31240,화성시,M,total,30-34,43875
2025,31240,화성시,M,unmarried,30-34,29297
2025,31240,화성시,F,total,30-34,36659
2025,31240,화성시,F,unmarried,35-39,6809
2025,31240,화성시,M,total,35-39,41281
2025,31240,화성시,M,unmarried,35-39,15006
2025,31240,화성시,F,total,35-39,37886
2025,31240,화성시,F,unmarried,40-44,4437
2025,31240,화성시,M,total,40-44,48251
2025,31240,화성시,M,unmarried,40-44,10446
2025,31240,화성시,F,total,40-44,44485
2025,31250,광주시,F,unmarried,20-24,6833
2025,31250,광주시,M,total,20-24,8044
2025,31250,광주시,M,unmarried,20-24,7989
2025,31250,광주시,F,total,20-24,6939
2025,31250,광주시,F,unmarried,25-29,8569
2025,31250,광주시,M,total,25-29,11247
2025,31250,광주시,M,unmarried,25-29,10547
2025,31250,광주시,F,total,25-29,9855
2025,31250,광주시,F,unmarried,30-34,6157
2025,31250,광주시,M,total,30-34,13235
2025,31250,광주시,M,unmarried,30-34,9570
2025,31250,광주시,F,total,30-34,11525
2025,31250,광주시,F,unmarried,35-39,3192
2025,31250,광주시,M,total,35-39,12961
2025,31250,광주시,M,unmarried,35-39,5956
2025,31250,광주시,F,total,35-39,11939
2025,31250,광주시,F,unmarried,40-44,2613
2025,31250,광주시,M,total,40-44,17079
2025,31250,광주시,M,unmarried,40-44,5057
2025,31250,광주시,F,total,40-44,15550
2025,31260,양주시,F,unmarried,20-24,5770
2025,31260,양주시,M,total,20-24,6611
2025,31260,양주시,M,unmarried,20-24,6552
2025,31260,양주시,F,total,20-24,5911
2025,31260,양주시,F,unmarried,25-29,6204
2025,31260,양주시,M,total,25-29,8676
2025,31260,양주시,M,unmarried,25-29,7768
2025,31260,양주시,F,total,25-29,7737
2025,31260,양주시,F,unmarried,30-34,4126
2025,31260,양주시,M,total,30-34,10359
2025,31260,양주시,M,unmarried,30-34,6241
2025,31260,양주시,F,total,30-34,9607
2025,31260,양주시,F,unmarried,35-39,2005
2025,31260,양주시,M,total,35-39,9707
2025,31260,양주시,M,unmarried,35-39,3491
2025,31260,양주시,F,total,35-39,9308
2025,31260,양주시,F,unmarried,40-44,1518
2025,31260,양주시,M,total,40-44,11802
2025,31260,양주시,M,unmarried,40-44,3001
2025,31260,양주시,F,total,40-44,10873
2025,31270,포천시,F,unmarried,20-24,2726
2025,31270,포천시,M,total,20-24,3324
2025,31270,포천시,M,unmarried,20-24,3287
2025,31270,포천시,F,total,20-24,2791
2025,31270,포천시,F,unmarried,25-29,2728
2025,31270,포천시,M,total,25-29,4496
2025,31270,포천시,M,unmarried,25-29,4126
2025,31270,포천시,F,total,25-29,3265
2025,31270,포천시,F,unmarried,30-34,1677
2025,31270,포천시,M,total,30-34,4267
2025,31270,포천시,M,unmarried,30-34,3139
2025,31270,포천시,F,total,30-34,3044
2025,31270,포천시,F,unmarried,35-39,831
2025,31270,포천시,M,total,35-39,3368
2025,31270,포천시,M,unmarried,35-39,1874
2025,31270,포천시,F,total,35-39,2598
2025,31270,포천시,F,unmarried,40-44,631
2025,31270,포천시,M,total,40-44,3764
2025,31270,포천시,M,unmarried,40-44,1563
2025,31270,포천시,F,total,40-44,3087
2025,31280,여주시,F,unmarried,20-24,1861
2025,31280,여주시,M,total,20-24,2279
2025,31280,여주시,M,unmarried,20-24,2259
2025,31280,여주시,F,total,20-24,1889
2025,31280,여주시,F,unmarried,25-29,2100
2025,31280,여주시,M,total,25-29,2905
2025,31280,여주시,M,unmarried,25-29,2708
2025,31280,여주시,F,total,25-29,2452
2025,31280,여주시,F,unmarried,30-34,1443
2025,31280,여주시,M,total,30-34,3274
2025,31280,여주시,M,unmarried,30-34,2426
2025,31280,여주시,F,total,30-34,2555
2025,31280,여주시,F,unmarried,35-39,734
2025,31280,여주시,M,total,35-39,2755
2025,31280,여주시,M,unmarried,35-39,1441
2025,31280,여주시,F,total,35-39,2377
2025,31280,여주시,F,unmarried,40-44,638
2025,31280,여주시,M,total,40-44,3385
2025,31280,여주시,M,unmarried,40-44,1180
2025,31280,여주시,F,total,40-44,3191
2025,31550,연천군,F,unmarried,20-24,502
2025,31550,연천군,M,total,20-24,864
2025,31550,연천군,M,unmarried,20-24,853
2025,31550,연천군,F,total,20-24,532
2025,31550,연천군,F,unmarried,25-29,583
2025,31550,연천군,M,total,25-29,1435
2025,31550,연천군,M,unmarried,25-29,1254
2025,31550,연천군,F,total,25-29,806
2025,31550,연천군,F,unmarried,30-34,344
2025,31550,연천군,M,total,30-34,1352
2025,31550,연천군,M,unmarried,30-34,865
2025,31550,연천군,F,total,30-34,861
2025,31550,연천군,F,unmarried,35-39,193
2025,31550,연천군,M,total,35-39,931
2025,31550,연천군,M,unmarried,35-39,468
2025,31550,연천군,F,total,35-39,685
2025,31550,연천군,F,unmarried,40-44,163
2025,31550,연천군,M,total,40-44,1025
2025,31550,연천군,M,unmarried,40-44,380
2025,31550,연천군,F,total,40-44,851
2025,31570,가평군,F,unmarried,20-24,750
2025,31570,가평군,M,total,20-24,1089
2025,31570,가평군,M,unmarried,20-24,1082
2025,31570,가평군,F,total,20-24,766
2025,31570,가평군,F,unmarried,25-29,985
2025,31570,가평군,M,total,25-29,1581
2025,31570,가평군,M,unmarried,25-29,1446
2025,31570,가평군,F,total,25-29,1187
2025,31570,가평군,F,unmarried,30-34,661
2025,31570,가평군,M,total,30-34,1564
2025,31570,가평군,M,unmarried,30-34,1104
2025,31570,가평군,F,total,30-34,1181
2025,31570,가평군,F,unmarried,35-39,318
2025,31570,가평군,M,total,35-39,1272
2025,31570,가평군,M,unmarried,35-39,716
2025,31570,가평군,F,total,35-39,1051
2025,31570,가평군,F,unmarried,40-44,322
2025,31570,가평군,M,total,40-44,1590
2025,31570,가평군,M,unmarried,40-44,594
2025,31570,가평군,F,total,40-44,1415
2025,31580,양평군,F,unmarried,20-24,1376
2025,31580,양평군,M,total,20-24,2171
2025,31580,양평군,M,unmarried,20-24,2162
2025,31580,양평군,F,total,20-24,1402
2025,31580,양평군,F,unmarried,25-29,1609
2025,31580,양평군,M,total,25-29,2397
2025,31580,양평군,M,unmarried,25-29,2232
2025,31580,양평군,F,total,25-29,1907
2025,31580,양평군,F,unmarried,30-34,1271
2025,31580,양평군,M,total,30-34,2669
2025,31580,양평군,M,unmarried,30-34,1947
2025,31580,양평군,F,total,30-34,2283
2025,31580,양평군,F,unmarried,35-39,772
2025,31580,양평군,M,total,35-39,2389
2025,31580,양평군,M,unmarried,35-39,1221
2025,31580,양평군,F,total,35-39,2279
2025,31580,양평군,F,unmarried,40-44,614
2025,31580,양평군,M,total,40-44,3314
2025,31580,양평군,M,unmarried,40-44,1185
2025,31580,양평군,F,total,40-44,3213
2025,32,강원특별자치도,F,unmarried,20-24,30904
2025,32,강원특별자치도,M,total,20-24,39956
2025,32,강원특별자치도,M,unmarried,20-24,39706
2025,32,강원특별자치도,F,total,20-24,31468
2025,32,강원특별자치도,F,unmarried,25-29,28313
2025,32,강원특별자치도,M,total,25-29,44475
2025,32,강원특별자치도,M,unmarried,25-29,40893
2025,32,강원특별자치도,F,total,25-29,34183
2025,32,강원특별자치도,F,unmarried,30-34,17971
2025,32,강원특별자치도,M,total,30-34,44364
2025,32,강원특별자치도,M,unmarried,30-34,30360
2025,32,강원특별자치도,F,total,30-34,36605
2025,32,강원특별자치도,F,unmarried,35-39,8898
2025,32,강원특별자치도,M,total,35-39,38649
2025,32,강원특별자치도,M,unmarried,35-39,17292
2025,32,강원특별자치도,F,total,35-39,34264
2025,32,강원특별자치도,F,unmarried,40-44,7042
2025,32,강원특별자치도,M,total,40-44,46287
2025,32,강원특별자치도,M,unmarried,40-44,14296
2025,32,강원특별자치도,F,total,40-44,43658
2025,32003,동부,F,unmarried,20-24,21561
2025,32003,동부,M,total,20-24,26711
2025,32003,동부,M,unmarried,20-24,26574
2025,32003,동부,F,total,20-24,21890
2025,32003,동부,F,unmarried,25-29,20542
2025,32003,동부,M,total,25-29,29065
2025,32003,동부,M,unmarried,25-29,26920
2025,32003,동부,F,total,25-29,24336
2025,32003,동부,F,unmarried,30-34,12976
2025,32003,동부,M,total,30-34,29134
2025,32003,동부,M,unmarried,30-34,20096
2025,32003,동부,F,total,30-34,25310
2025,32003,동부,F,unmarried,35-39,6041
2025,32003,동부,M,total,35-39,25195
2025,32003,동부,M,unmarried,35-39,10972
2025,32003,동부,F,total,35-39,23011
2025,32003,동부,F,unmarried,40-44,4615
2025,32003,동부,M,total,40-44,29983
2025,32003,동부,M,unmarried,40-44,8778
2025,32003,동부,F,total,40-44,29298
2025,32004,읍부,F,unmarried,20-24,4000
2025,32004,읍부,M,total,20-24,5643
2025,32004,읍부,M,unmarried,20-24,5584
2025,32004,읍부,F,total,20-24,4128
2025,32004,읍부,F,unmarried,25-29,3346
2025,32004,읍부,M,total,25-29,6636
2025,32004,읍부,M,unmarried,25-29,5926
2025,32004,읍부,F,total,25-29,4377
2025,32004,읍부,F,unmarried,30-34,2082
2025,32004,읍부,M,total,30-34,6630
2025,32004,읍부,M,unmarried,30-34,4362
2025,32004,읍부,F,total,30-34,4944
2025,32004,읍부,F,unmarried,35-39,1154
2025,32004,읍부,M,total,35-39,5690
2025,32004,읍부,M,unmarried,35-39,2601
2025,32004,읍부,F,total,35-39,4860
2025,32004,읍부,F,unmarried,40-44,986
2025,32004,읍부,M,total,40-44,6960
2025,32004,읍부,M,unmarried,40-44,2298
2025,32004,읍부,F,total,40-44,6363
2025,32005,면부,F,unmarried,20-24,5343
2025,32005,면부,M,total,20-24,7602
2025,32005,면부,M,unmarried,20-24,7548
2025,32005,면부,F,total,20-24,5450
2025,32005,면부,F,unmarried,25-29,4425
2025,32005,면부,M,total,25-29,8774
2025,32005,면부,M,unmarried,25-29,8047
2025,32005,면부,F,total,25-29,5470
2025,32005,면부,F,unmarried,30-34,2913
2025,32005,면부,M,total,30-34,8600
2025,32005,면부,M,unmarried,30-34,5902
2025,32005,면부,F,total,30-34,6351
2025,32005,면부,F,unmarried,35-39,1703
2025,32005,면부,M,total,35-39,7764
2025,32005,면부,M,unmarried,35-39,3719
2025,32005,면부,F,total,35-39,6393
2025,32005,면부,F,unmarried,40-44,1441
2025,32005,면부,M,total,40-44,9344
2025,32005,면부,M,unmarried,40-44,3220
2025,32005,면부,F,total,40-44,7997
2025,32010,춘천시,F,unmarried,20-24,9863
2025,32010,춘천시,M,total,20-24,10010
2025,32010,춘천시,M,unmarried,20-24,9967
2025,32010,춘천시,F,total,20-24,9944
2025,32010,춘천시,F,unmarried,25-29,7094
2025,32010,춘천시,M,total,25-29,9950
2025,32010,춘천시,M,unmarried,25-29,9289
2025,32010,춘천시,F,total,25-29,8231
2025,32010,춘천시,F,unmarried,30-34,4344
2025,32010,춘천시,M,total,30-34,9533
2025,32010,춘천시,M,unmarried,30-34,6523
2025,32010,춘천시,F,total,30-34,8498
2025,32010,춘천시,F,unmarried,35-39,2137
2025,32010,춘천시,M,total,35-39,8201
2025,32010,춘천시,M,unmarried,35-39,3462
2025,32010,춘천시,F,total,35-39,7729
2025,32010,춘천시,F,unmarried,40-44,1577
2025,32010,춘천시,M,total,40-44,9229
2025,32010,춘천시,M,unmarried,40-44,2591
2025,32010,춘천시,F,total,40-44,9289
2025,32020,원주시,F,unmarried,20-24,8924
2025,32020,원주시,M,total,20-24,10203
2025,32020,원주시,M,unmarried,20-24,10154
2025,32020,원주시,F,total,20-24,9063
2025,32020,원주시,F,unmarried,25-29,8440
2025,32020,원주시,M,total,25-29,11425
2025,32020,원주시,M,unmarried,25-29,10560
2025,32020,원주시,F,total,25-29,10075
2025,32020,원주시,F,unmarried,30-34,5914
2025,32020,원주시,M,total,30-34,12558
2025,32020,원주시,M,unmarried,30-34,8424
2025,32020,원주시,F,total,30-34,11488
2025,32020,원주시,F,unmarried,35-39,2712
2025,32020,원주시,M,total,35-39,11163
2025,32020,원주시,M,unmarried,35-39,4715
2025,32020,원주시,F,total,35-39,10492
2025,32020,원주시,F,unmarried,40-44,1942
2025,32020,원주시,M,total,40-44,12941
2025,32020,원주시,M,unmarried,40-44,3607
2025,32020,원주시,F,total,40-44,12702
2025,32030,강릉시,F,unmarried,20-24,4897
2025,32030,강릉시,M,total,20-24,6608
2025,32030,강릉시,M,unmarried,20-24,6585
2025,32030,강릉시,F,total,20-24,4972
2025,32030,강릉시,F,unmarried,25-29,4376
2025,32030,강릉시,M,total,25-29,6255
2025,32030,강릉시,M,unmarried,25-29,5852
2025,32030,강릉시,F,total,25-29,5123
2025,32030,강릉시,F,unmarried,30-34,2524
2025,32030,강릉시,M,total,30-34,5826
2025,32030,강릉시,M,unmarried,30-34,4191
2025,32030,강릉시,F,total,30-34,4845
2025,32030,강릉시,F,unmarried,35-39,1224
2025,32030,강릉시,M,total,35-39,5005
2025,32030,강릉시,M,unmarried,35-39,2345
2025,32030,강릉시,F,total,35-39,4346
2025,32030,강릉시,F,unmarried,40-44,1070
2025,32030,강릉시,M,total,40-44,6189
2025,32030,강릉시,M,unmarried,40-44,2044
2025,32030,강릉시,F,total,40-44,6044
2025,32040,동해시,F,unmarried,20-24,838
2025,32040,동해시,M,total,20-24,1603
2025,32040,동해시,M,unmarried,20-24,1587
2025,32040,동해시,F,total,20-24,876
2025,32040,동해시,F,unmarried,25-29,1313
2025,32040,동해시,M,total,25-29,2322
2025,32040,동해시,M,unmarried,25-29,2092
2025,32040,동해시,F,total,25-29,1654
2025,32040,동해시,F,unmarried,30-34,759
2025,32040,동해시,M,total,30-34,2365
2025,32040,동해시,M,unmarried,30-34,1613
2025,32040,동해시,F,total,30-34,1745
2025,32040,동해시,F,unmarried,35-39,356
2025,32040,동해시,M,total,35-39,2026
2025,32040,동해시,M,unmarried,35-39,866
2025,32040,동해시,F,total,35-39,1712
2025,32040,동해시,F,unmarried,40-44,337
2025,32040,동해시,M,total,40-44,2787
2025,32040,동해시,M,unmarried,40-44,814
2025,32040,동해시,F,total,40-44,2551
2025,32050,태백시,F,unmarried,20-24,317
2025,32050,태백시,M,total,20-24,554
2025,32050,태백시,M,unmarried,20-24,551
2025,32050,태백시,F,total,20-24,329
2025,32050,태백시,F,unmarried,25-29,435
2025,32050,태백시,M,total,25-29,759
2025,32050,태백시,M,unmarried,25-29,703
2025,32050,태백시,F,total,25-29,519
2025,32050,태백시,F,unmarried,30-34,301
2025,32050,태백시,M,total,30-34,722
2025,32050,태백시,M,unmarried,30-34,565
2025,32050,태백시,F,total,30-34,559
2025,32050,태백시,F,unmarried,35-39,129
2025,32050,태백시,M,total,35-39,738
2025,32050,태백시,M,unmarried,35-39,409
2025,32050,태백시,F,total,35-39,606
2025,32050,태백시,F,unmarried,40-44,155
2025,32050,태백시,M,total,40-44,1077
2025,32050,태백시,M,unmarried,40-44,399
2025,32050,태백시,F,total,40-44,994
2025,32060,속초시,F,unmarried,20-24,860
2025,32060,속초시,M,total,20-24,1301
2025,32060,속초시,M,unmarried,20-24,1281
2025,32060,속초시,F,total,20-24,893
2025,32060,속초시,F,unmarried,25-29,1345
2025,32060,속초시,M,total,25-29,2104
2025,32060,속초시,M,unmarried,25-29,1900
2025,32060,속초시,F,total,25-29,1662
2025,32060,속초시,F,unmarried,30-34,888
2025,32060,속초시,M,total,30-34,2407
2025,32060,속초시,M,unmarried,30-34,1655
2025,32060,속초시,F,total,30-34,1875
2025,32060,속초시,F,unmarried,35-39,460
2025,32060,속초시,M,total,35-39,2184
2025,32060,속초시,M,unmarried,35-39,1003
2025,32060,속초시,F,total,35-39,1833
2025,32060,속초시,F,unmarried,40-44,373
2025,32060,속초시,M,total,40-44,2600
2025,32060,속초시,M,unmarried,40-44,823
2025,32060,속초시,F,total,40-44,2425
2025,32070,삼척시,F,unmarried,20-24,1583
2025,32070,삼척시,M,total,20-24,2676
2025,32070,삼척시,M,unmarried,20-24,2669
2025,32070,삼척시,F,total,20-24,1589
2025,32070,삼척시,F,unmarried,25-29,807
2025,32070,삼척시,M,total,25-29,1685
2025,32070,삼척시,M,unmarried,25-29,1582
2025,32070,삼척시,F,total,25-29,1014
2025,32070,삼척시,F,unmarried,30-34,491
2025,32070,삼척시,M,total,30-34,1303
2025,32070,삼척시,M,unmarried,30-34,918
2025,32070,삼척시,F,total,30-34,1077
2025,32070,삼척시,F,unmarried,35-39,239
2025,32070,삼척시,M,total,35-39,1231
2025,32070,삼척시,M,unmarried,35-39,584
2025,32070,삼척시,F,total,35-39,1009
2025,32070,삼척시,F,unmarried,40-44,197
2025,32070,삼척시,M,total,40-44,1648
2025,32070,삼척시,M,unmarried,40-44,605
2025,32070,삼척시,F,total,40-44,1365
2025,32510,홍천군,F,unmarried,20-24,602
2025,32510,홍천군,M,total,20-24,1063
2025,32510,홍천군,M,unmarried,20-24,1048
2025,32510,홍천군,F,total,20-24,631
2025,32510,홍천군,F,unmarried,25-29,777
2025,32510,홍천군,M,total,25-29,1564
2025,32510,홍천군,M,unmarried,25-29,1383
2025,32510,홍천군,F,total,25-29,1029
2025,32510,홍천군,F,unmarried,30-34,519
2025,32510,홍천군,M,total,30-34,1628
2025,32510,홍천군,M,unmarried,30-34,1126
2025,32510,홍천군,F,total,30-34,1151
2025,32510,홍천군,F,unmarried,35-39,269
2025,32510,홍천군,M,total,35-39,1364
2025,32510,홍천군,M,unmarried,35-39,678
2025,32510,홍천군,F,total,35-39,1055
2025,32510,홍천군,F,unmarried,40-44,218
2025,32510,홍천군,M,total,40-44,1600
2025,32510,홍천군,M,unmarried,40-44,547
2025,32510,홍천군,F,total,40-44,1398
2025,32520,횡성군,F,unmarried,20-24,461
2025,32520,횡성군,M,total,20-24,742
2025,32520,횡성군,M,unmarried,20-24,739
2025,32520,횡성군,F,total,20-24,469
2025,32520,횡성군,F,unmarried,25-29,513
2025,32520,횡성군,M,total,25-29,808
2025,32520,횡성군,M,unmarried,25-29,765
2025,32520,횡성군,F,total,25-29,595
2025,32520,횡성군,F,unmarried,30-34,311
2025,32520,횡성군,M,total,30-34,766
2025,32520,횡성군,M,unmarried,30-34,569
2025,32520,횡성군,F,total,30-34,579
2025,32520,횡성군,F,unmarried,35-39,172
2025,32520,횡성군,M,total,35-39,727
2025,32520,횡성군,M,unmarried,35-39,400
2025,32520,횡성군,F,total,35-39,618
2025,32520,횡성군,F,unmarried,40-44,157
2025,32520,횡성군,M,total,40-44,959
2025,32520,횡성군,M,unmarried,40-44,325
2025,32520,횡성군,F,total,40-44,862
2025,32530,영월군,F,unmarried,20-24,327
2025,32530,영월군,M,total,20-24,607
2025,32530,영월군,M,unmarried,20-24,603
2025,32530,영월군,F,total,20-24,334
2025,32530,영월군,F,unmarried,25-29,379
2025,32530,영월군,M,total,25-29,629
2025,32530,영월군,M,unmarried,25-29,579
2025,32530,영월군,F,total,25-29,452
2025,32530,영월군,F,unmarried,30-34,233
2025,32530,영월군,M,total,30-34,612
2025,32530,영월군,M,unmarried,30-34,462
2025,32530,영월군,F,total,30-34,450
2025,32530,영월군,F,unmarried,35-39,138
2025,32530,영월군,M,total,35-39,608
2025,32530,영월군,M,unmarried,35-39,347
2025,32530,영월군,F,total,35-39,504
2025,32530,영월군,F,unmarried,40-44,121
2025,32530,영월군,M,total,40-44,812
2025,32530,영월군,M,unmarried,40-44,310
2025,32530,영월군,F,total,40-44,733
2025,32540,평창군,F,unmarried,20-24,301
2025,32540,평창군,M,total,20-24,552
2025,32540,평창군,M,unmarried,20-24,547
2025,32540,평창군,F,total,20-24,309
2025,32540,평창군,F,unmarried,25-29,439
2025,32540,평창군,M,total,25-29,793
2025,32540,평창군,M,unmarried,25-29,760
2025,32540,평창군,F,total,25-29,496
2025,32540,평창군,F,unmarried,30-34,293
2025,32540,평창군,M,total,30-34,736
2025,32540,평창군,M,unmarried,30-34,594
2025,32540,평창군,F,total,30-34,509
2025,32540,평창군,F,unmarried,35-39,177
2025,32540,평창군,M,total,35-39,640
2025,32540,평창군,M,unmarried,35-39,392
2025,32540,평창군,F,total,35-39,510
2025,32540,평창군,F,unmarried,40-44,184
2025,32540,평창군,M,total,40-44,903
2025,32540,평창군,M,unmarried,40-44,344
2025,32540,평창군,F,total,40-44,764
2025,32550,정선군,F,unmarried,20-24,255
2025,32550,정선군,M,total,20-24,424
2025,32550,정선군,M,unmarried,20-24,421
2025,32550,정선군,F,total,20-24,260
2025,32550,정선군,F,unmarried,25-29,364
2025,32550,정선군,M,total,25-29,576
2025,32550,정선군,M,unmarried,25-29,558
2025,32550,정선군,F,total,25-29,401
2025,32550,정선군,F,unmarried,30-34,220
2025,32550,정선군,M,total,30-34,569
2025,32550,정선군,M,unmarried,30-34,466
2025,32550,정선군,F,total,30-34,382
2025,32550,정선군,F,unmarried,35-39,164
2025,32550,정선군,M,total,35-39,626
2025,32550,정선군,M,unmarried,35-39,384
2025,32550,정선군,F,total,35-39,503
2025,32550,정선군,F,unmarried,40-44,136
2025,32550,정선군,M,total,40-44,889
2025,32550,정선군,M,unmarried,40-44,421
2025,32550,정선군,F,total,40-44,674
2025,32560,철원군,F,unmarried,20-24,461
2025,32560,철원군,M,total,20-24,921
2025,32560,철원군,M,unmarried,20-24,904
2025,32560,철원군,F,total,20-24,493
2025,32560,철원군,F,unmarried,25-29,493
2025,32560,철원군,M,total,25-29,1321
2025,32560,철원군,M,unmarried,25-29,1129
2025,32560,철원군,F,total,25-29,734
2025,32560,철원군,F,unmarried,30-34,293
2025,32560,철원군,M,total,30-34,1354
2025,32560,철원군,M,unmarried,30-34,816
2025,32560,철원군,F,total,30-34,896
2025,32560,철원군,F,unmarried,35-39,161
2025,32560,철원군,M,total,35-39,954
2025,32560,철원군,M,unmarried,35-39,361
2025,32560,철원군,F,total,35-39,793
2025,32560,철원군,F,unmarried,40-44,147
2025,32560,철원군,M,total,40-44,1101
2025,32560,철원군,M,unmarried,40-44,333
2025,32560,철원군,F,total,40-44,935
2025,32570,화천군,F,unmarried,20-24,300
2025,32570,화천군,M,total,20-24,632
2025,32570,화천군,M,unmarried,20-24,622
2025,32570,화천군,F,total,20-24,327
2025,32570,화천군,F,unmarried,25-29,308
2025,32570,화천군,M,total,25-29,975
2025,32570,화천군,M,unmarried,25-29,849
2025,32570,화천군,F,total,25-29,458
2025,32570,화천군,F,unmarried,30-34,124
2025,32570,화천군,M,total,30-34,838
2025,32570,화천군,M,unmarried,30-34,501
2025,32570,화천군,F,total,30-34,486
2025,32570,화천군,F,unmarried,35-39,63
2025,32570,화천군,M,total,35-39,594
2025,32570,화천군,M,unmarried,35-39,223
2025,32570,화천군,F,total,35-39,416
2025,32570,화천군,F,unmarried,40-44,57
2025,32570,화천군,M,total,40-44,559
2025,32570,화천군,M,unmarried,40-44,156
2025,32570,화천군,F,total,40-44,497
2025,32580,양구군,F,unmarried,20-24,214
2025,32580,양구군,M,total,20-24,472
2025,32580,양구군,M,unmarried,20-24,464
2025,32580,양구군,F,total,20-24,228
2025,32580,양구군,F,unmarried,25-29,244
2025,32580,양구군,M,total,25-29,722
2025,32580,양구군,M,unmarried,25-29,611
2025,32580,양구군,F,total,25-29,372
2025,32580,양구군,F,unmarried,30-34,146
2025,32580,양구군,M,total,30-34,688
2025,32580,양구군,M,unmarried,30-34,381
2025,32580,양구군,F,total,30-34,463
2025,32580,양구군,F,unmarried,35-39,79
2025,32580,양구군,M,total,35-39,530
2025,32580,양구군,M,unmarried,35-39,215
2025,32580,양구군,F,total,35-39,451
2025,32580,양구군,F,unmarried,40-44,55
2025,32580,양구군,M,total,40-44,561
2025,32580,양구군,M,unmarried,40-44,145
2025,32580,양구군,F,total,40-44,514
2025,32590,인제군,F,unmarried,20-24,275
2025,32590,인제군,M,total,20-24,734
2025,32590,인제군,M,unmarried,20-24,718
2025,32590,인제군,F,total,20-24,298
2025,32590,인제군,F,unmarried,25-29,351
2025,32590,인제군,M,total,25-29,1281
2025,32590,인제군,M,unmarried,25-29,1103
2025,32590,인제군,F,total,25-29,554
2025,32590,인제군,F,unmarried,30-34,203
2025,32590,인제군,M,total,30-34,1233
2025,32590,인제군,M,unmarried,30-34,716
2025,32590,인제군,F,total,30-34,739
2025,32590,인제군,F,unmarried,35-39,117
2025,32590,인제군,M,total,35-39,924
2025,32590,인제군,M,unmarried,35-39,332
2025,32590,인제군,F,total,35-39,713
2025,32590,인제군,F,unmarried,40-44,92
2025,32590,인제군,M,total,40-44,961
2025,32590,인제군,M,unmarried,40-44,286
2025,32590,인제군,F,total,40-44,762
2025,32600,고성군,F,unmarried,20-24,204
2025,32600,고성군,M,total,20-24,455
2025,32600,고성군,M,unmarried,20-24,450
2025,32600,고성군,F,total,20-24,227
2025,32600,고성군,F,unmarried,25-29,313
2025,32600,고성군,M,total,25-29,760
2025,32600,고성군,M,unmarried,25-29,660
2025,32600,고성군,F,total,25-29,425
2025,32600,고성군,F,unmarried,30-34,196
2025,32600,고성군,M,total,30-34,681
2025,32600,고성군,M,unmarried,30-34,436
2025,32600,고성군,F,total,30-34,481
2025,32600,고성군,F,unmarried,35-39,137
2025,32600,고성군,M,total,35-39,614
2025,32600,고성군,M,unmarried,35-39,292
2025,32600,고성군,F,total,35-39,500
2025,32600,고성군,F,unmarried,40-44,102
2025,32600,고성군,M,total,40-44,697
2025,32600,고성군,M,unmarried,40-44,228
2025,32600,고성군,F,total,40-44,536
2025,32610,양양군,F,unmarried,20-24,222
2025,32610,양양군,M,total,20-24,399
2025,32610,양양군,M,unmarried,20-24,396
2025,32610,양양군,F,total,20-24,226
2025,32610,양양군,F,unmarried,25-29,322
2025,32610,양양군,M,total,25-29,546
2025,32610,양양군,M,unmarried,25-29,518
2025,32610,양양군,F,total,25-29,389
2025,32610,양양군,F,unmarried,30-34,212
2025,32610,양양군,M,total,30-34,545
2025,32610,양양군,M,unmarried,30-34,404
2025,32610,양양군,F,total,30-34,382
2025,32610,양양군,F,unmarried,35-39,164
2025,32610,양양군,M,total,35-39,520
2025,32610,양양군,M,unmarried,35-39,284
2025,32610,양양군,F,total,35-39,474
2025,32610,양양군,F,unmarried,40-44,122
2025,32610,양양군,M,total,40-44,774
2025,32610,양양군,M,unmarried,40-44,318
2025,32610,양양군,F,total,40-44,613
2025,33,충청북도,F,unmarried,20-24,35436
2025,33,충청북도,M,total,20-24,44046
2025,33,충청북도,M,unmarried,20-24,43801
2025,33,충청북도,F,total,20-24,35972
2025,33,충청북도,F,unmarried,25-29,34365
2025,33,충청북도,M,total,25-29,53045
2025,33,충청북도,M,unmarried,25-29,49633
2025,33,충청북도,F,total,25-29,40876
2025,33,충청북도,F,unmarried,30-34,21553
2025,33,충청북도,M,total,30-34,57106
2025,33,충청북도,M,unmarried,30-34,40808
2025,33,충청북도,F,total,30-34,43596
2025,33,충청북도,F,unmarried,35-39,10043
2025,33,충청북도,M,total,35-39,47817
2025,33,충청북도,M,unmarried,35-39,22096
2025,33,충청북도,F,total,35-39,40345
2025,33,충청북도,F,unmarried,40-44,7546
2025,33,충청북도,M,total,40-44,54833
2025,33,충청북도,M,unmarried,40-44,16955
2025,33,충청북도,F,total,40-44,49975
2025,33003,동부,F,unmarried,20-24,24680
2025,33003,동부,M,total,20-24,28601
2025,33003,동부,M,unmarried,20-24,28465
2025,33003,동부,F,total,20-24,24996
2025,33003,동부,F,unmarried,25-29,23006
2025,33003,동부,M,total,25-29,33471
2025,33003,동부,M,unmarried,25-29,31502
2025,33003,동부,F,total,25-29,26770
2025,33003,동부,F,unmarried,30-34,14049
2025,33003,동부,M,total,30-34,34313
2025,33003,동부,M,unmarried,30-34,24834
2025,33003,동부,F,total,30-34,26874
2025,33003,동부,F,unmarried,35-39,6389
2025,33003,동부,M,total,35-39,27770
2025,33003,동부,M,unmarried,35-39,12723
2025,33003,동부,F,total,35-39,24461
2025,33003,동부,F,unmarried,40-44,4753
2025,33003,동부,M,total,40-44,32143
2025,33003,동부,M,unmarried,40-44,9563
2025,33003,동부,F,total,40-44,31018
2025,33004,읍부,F,unmarried,20-24,6004
2025,33004,읍부,M,total,20-24,8119
2025,33004,읍부,M,unmarried,20-24,8055
2025,33004,읍부,F,total,20-24,6137
2025,33004,읍부,F,unmarried,25-29,7377
2025,33004,읍부,M,total,25-29,11529
2025,33004,읍부,M,unmarried,25-29,10608
2025,33004,읍부,F,total,25-29,9232
2025,33004,읍부,F,unmarried,30-34,4875
2025,33004,읍부,M,total,30-34,14820
2025,33004,읍부,M,unmarried,30-34,9999
2025,33004,읍부,F,total,30-34,11453
2025,33004,읍부,F,unmarried,35-39,2247
2025,33004,읍부,M,total,35-39,13046
2025,33004,읍부,M,unmarried,35-39,5477
2025,33004,읍부,F,total,35-39,10872
2025,33004,읍부,F,unmarried,40-44,1629
2025,33004,읍부,M,total,40-44,14620
2025,33004,읍부,M,unmarried,40-44,4125
2025,33004,읍부,F,total,40-44,13064
2025,33005,면부,F,unmarried,20-24,4752
2025,33005,면부,M,total,20-24,7326
2025,33005,면부,M,unmarried,20-24,7281
2025,33005,면부,F,total,20-24,4839
2025,33005,면부,F,unmarried,25-29,3982
2025,33005,면부,M,total,25-29,8045
2025,33005,면부,M,unmarried,25-29,7523
2025,33005,면부,F,total,25-29,4874
2025,33005,면부,F,unmarried,30-34,2629
2025,33005,면부,M,total,30-34,7973
2025,33005,면부,M,unmarried,30-34,5975
2025,33005,면부,F,total,30-34,5269
2025,33005,면부,F,unmarried,35-39,1407
2025,33005,면부,M,total,35-39,7001
2025,33005,면부,M,unmarried,35-39,3896
2025,33005,면부,F,total,35-39,5012
2025,33005,면부,F,unmarried,40-44,1164
2025,33005,면부,M,total,40-44,8070
2025,33005,면부,M,unmarried,40-44,3267
2025,33005,면부,F,total,40-44,5893
2025,33020,충주시,F,unmarried,20-24,5087
2025,33020,충주시,M,total,20-24,6826
2025,33020,충주시,M,unmarried,20-24,6799
2025,33020,충주시,F,total,20-24,5155
2025,33020,충주시,F,unmarried,25-29,4137
2025,33020,충주시,M,total,25-29,7552
2025,33020,충주시,M,unmarried,25-29,7091
2025,33020,충주시,F,total,25-29,4903
2025,33020,충주시,F,unmarried,30-34,2390
2025,33020,충주시,M,total,30-34,7046
2025,33020,충주시,M,unmarried,30-34,5116
2025,33020,충주시,F,total,30-34,4919
2025,33020,충주시,F,unmarried,35-39,1178
2025,33020,충주시,M,total,35-39,5836
2025,33020,충주시,M,unmarried,35-39,2891
2025,33020,충주시,F,total,35-39,4703
2025,33020,충주시,F,unmarried,40-44,888
2025,33020,충주시,M,total,40-44,6701
2025,33020,충주시,M,unmarried,40-44,2147
2025,33020,충주시,F,total,40-44,5983
2025,33030,제천시,F,unmarried,20-24,3139
2025,33030,제천시,M,total,20-24,3819
2025,33030,제천시,M,unmarried,20-24,3795
2025,33030,제천시,F,total,20-24,3193
2025,33030,제천시,F,unmarried,25-29,2212
2025,33030,제천시,M,total,25-29,3582
2025,33030,제천시,M,unmarried,25-29,3338
2025,33030,제천시,F,total,25-29,2659
2025,33030,제천시,F,unmarried,30-34,1235
2025,33030,제천시,M,total,30-34,3310
2025,33030,제천시,M,unmarried,30-34,2380
2025,33030,제천시,F,total,30-34,2450
2025,33030,제천시,F,unmarried,35-39,600
2025,33030,제천시,M,total,35-39,2801
2025,33030,제천시,M,unmarried,35-39,1328
2025,33030,제천시,F,total,35-39,2470
2025,33030,제천시,F,unmarried,40-44,543
2025,33030,제천시,M,total,40-44,3646
2025,33030,제천시,M,unmarried,40-44,1171
2025,33030,제천시,F,total,40-44,3389
2025,33040,청주시,F,unmarried,20-24,21679
2025,33040,청주시,M,total,20-24,25500
2025,33040,청주시,M,unmarried,20-24,25374
2025,33040,청주시,F,total,20-24,21970
2025,33040,청주시,F,unmarried,25-29,22378
2025,33040,청주시,M,total,25-29,32006
2025,33040,청주시,M,unmarried,25-29,29998
2025,33040,청주시,F,total,25-29,26378
2025,33040,청주시,F,unmarried,30-34,14279
2025,33040,청주시,M,total,30-34,36158
2025,33040,청주시,M,unmarried,30-34,25390
2025,33040,청주시,F,total,30-34,28746
2025,33040,청주시,F,unmarried,35-39,6350
2025,33040,청주시,M,total,35-39,29694
2025,33040,청주시,M,unmarried,35-39,12852
2025,33040,청주시,F,total,35-39,25760
2025,33040,청주시,F,unmarried,40-44,4548
2025,33040,청주시,M,total,40-44,32668
2025,33040,청주시,M,unmarried,40-44,9279
2025,33040,청주시,F,total,40-44,30636
2025,33041,상당구,F,unmarried,20-24,3593
2025,33041,상당구,M,total,20-24,4931
2025,33041,상당구,M,unmarried,20-24,4911
2025,33041,상당구,F,total,20-24,3654
2025,33041,상당구,F,unmarried,25-29,4247
2025,33041,상당구,M,total,25-29,5830
2025,33041,상당구,M,unmarried,25-29,5429
2025,33041,상당구,F,total,25-29,5043
2025,33041,상당구,F,unmarried,30-34,2789
2025,33041,상당구,M,total,30-34,6505
2025,33041,상당구,M,unmarried,30-34,4356
2025,33041,상당구,F,total,30-34,5728
2025,33041,상당구,F,unmarried,35-39,1236
2025,33041,상당구,M,total,35-39,5725
2025,33041,상당구,M,unmarried,35-39,2310
2025,33041,상당구,F,total,35-39,5402
2025,33041,상당구,F,unmarried,40-44,939
2025,33041,상당구,M,total,40-44,6954
2025,33041,상당구,M,unmarried,40-44,1794
2025,33041,상당구,F,total,40-44,6835
2025,33042,서원구,F,unmarried,20-24,6819
2025,33042,서원구,M,total,20-24,7515
2025,33042,서원구,M,unmarried,20-24,7494
2025,33042,서원구,F,total,20-24,6871
2025,33042,서원구,F,unmarried,25-29,4850
2025,33042,서원구,M,total,25-29,7223
2025,33042,서원구,M,unmarried,25-29,6868
2025,33042,서원구,F,total,25-29,5586
2025,33042,서원구,F,unmarried,30-34,2877
2025,33042,서원구,M,total,30-34,6666
2025,33042,서원구,M,unmarried,30-34,4913
2025,33042,서원구,F,total,30-34,5175
2025,33042,서원구,F,unmarried,35-39,1341
2025,33042,서원구,M,total,35-39,4950
2025,33042,서원구,M,unmarried,35-39,2512
2025,33042,서원구,F,total,35-39,4223
2025,33042,서원구,F,unmarried,40-44,1003
2025,33042,서원구,M,total,40-44,5585
2025,33042,서원구,M,unmarried,40-44,1923
2025,33042,서원구,F,total,40-44,5431
2025,33043,흥덕구,F,unmarried,20-24,6562
2025,33043,흥덕구,M,total,20-24,7561
2025,33043,흥덕구,M,unmarried,20-24,7508
2025,33043,흥덕구,F,total,20-24,6676
2025,33043,흥덕구,F,unmarried,25-29,8759
2025,33043,흥덕구,M,total,25-29,11883
2025,33043,흥덕구,M,unmarried,25-29,11080
2025,33043,흥덕구,F,total,25-29,10367
2025,33043,흥덕구,F,unmarried,30-34,5804
2025,33043,흥덕구,M,total,30-34,14885
2025,33043,흥덕구,M,unmarried,30-34,10269
2025,33043,흥덕구,F,total,30-34,11994
2025,33043,흥덕구,F,unmarried,35-39,2616
2025,33043,흥덕구,M,total,35-39,12148
2025,33043,흥덕구,M,unmarried,35-39,5012
2025,33043,흥덕구,F,total,35-39,10606
2025,33043,흥덕구,F,unmarried,40-44,1675
2025,33043,흥덕구,M,total,40-44,12260
2025,33043,흥덕구,M,unmarried,40-44,3395
2025,33043,흥덕구,F,total,40-44,11101
2025,33044,청원구,F,unmarried,20-24,4705
2025,33044,청원구,M,total,20-24,5493
2025,33044,청원구,M,unmarried,20-24,5461
2025,33044,청원구,F,total,20-24,4769
2025,33044,청원구,F,unmarried,25-29,4522
2025,33044,청원구,M,total,25-29,7070
2025,33044,청원구,M,unmarried,25-29,6621
2025,33044,청원구,F,total,25-29,5382
2025,33044,청원구,F,unmarried,30-34,2809
2025,33044,청원구,M,total,30-34,8102
2025,33044,청원구,M,unmarried,30-34,5852
2025,33044,청원구,F,total,30-34,5849
2025,33044,청원구,F,unmarried,35-39,1157
2025,33044,청원구,M,total,35-39,6871
2025,33044,청원구,M,unmarried,35-39,3018
2025,33044,청원구,F,total,35-39,5529
2025,33044,청원구,F,unmarried,40-44,931
2025,33044,청원구,M,total,40-44,7869
2025,33044,청원구,M,unmarried,40-44,2167
2025,33044,청원구,F,total,40-44,7269
2025,33520,보은군,F,unmarried,20-24,241
2025,33520,보은군,M,total,20-24,409
2025,33520,보은군,M,unmarried,20-24,408
2025,33520,보은군,F,total,20-24,246
2025,33520,보은군,F,unmarried,25-29,263
2025,33520,보은군,M,total,25-29,531
2025,33520,보은군,M,unmarried,25-29,504
2025,33520,보은군,F,total,25-29,313
2025,33520,보은군,F,unmarried,30-34,170
2025,33520,보은군,M,total,30-34,508
2025,33520,보은군,M,unmarried,30-34,401
2025,33520,보은군,F,total,30-34,332
2025,33520,보은군,F,unmarried,35-39,104
2025,33520,보은군,M,total,35-39,483
2025,33520,보은군,M,unmarried,35-39,269
2025,33520,보은군,F,total,35-39,384
2025,33520,보은군,F,unmarried,40-44,88
2025,33520,보은군,M,total,40-44,627
2025,33520,보은군,M,unmarried,40-44,260
2025,33520,보은군,F,total,40-44,535
2025,33530,옥천군,F,unmarried,20-24,522
2025,33530,옥천군,M,total,20-24,856
2025,33530,옥천군,M,unmarried,20-24,846
2025,33530,옥천군,F,total,20-24,537
2025,33530,옥천군,F,unmarried,25-29,615
2025,33530,옥천군,M,total,25-29,923
2025,33530,옥천군,M,unmarried,25-29,861
2025,33530,옥천군,F,total,25-29,722
2025,33530,옥천군,F,unmarried,30-34,349
2025,33530,옥천군,M,total,30-34,827
2025,33530,옥천군,M,unmarried,30-34,660
2025,33530,옥천군,F,total,30-34,675
2025,33530,옥천군,F,unmarried,35-39,186
2025,33530,옥천군,M,total,35-39,798
2025,33530,옥천군,M,unmarried,35-39,416
2025,33530,옥천군,F,total,35-39,687
2025,33530,옥천군,F,unmarried,40-44,193
2025,33530,옥천군,M,total,40-44,1111
2025,33530,옥천군,M,unmarried,40-44,420
2025,33530,옥천군,F,total,40-44,1084
2025,33540,영동군,F,unmarried,20-24,667
2025,33540,영동군,M,total,20-24,775
2025,33540,영동군,M,unmarried,20-24,769
2025,33540,영동군,F,total,20-24,678
2025,33540,영동군,F,unmarried,25-29,515
2025,33540,영동군,M,total,25-29,808
2025,33540,영동군,M,unmarried,25-29,767
2025,33540,영동군,F,total,25-29,603
2025,33540,영동군,F,unmarried,30-34,293
2025,33540,영동군,M,total,30-34,755
2025,33540,영동군,M,unmarried,30-34,597
2025,33540,영동군,F,total,30-34,562
2025,33540,영동군,F,unmarried,35-39,177
2025,33540,영동군,M,total,35-39,626
2025,33540,영동군,M,unmarried,35-39,354
2025,33540,영동군,F,total,35-39,584
2025,33540,영동군,F,unmarried,40-44,167
2025,33540,영동군,M,total,40-44,849
2025,33540,영동군,M,unmarried,40-44,354
2025,33540,영동군,F,total,40-44,800
2025,33550,진천군,F,unmarried,20-24,1108
2025,33550,진천군,M,total,20-24,1828
2025,33550,진천군,M,unmarried,20-24,1810
2025,33550,진천군,F,total,20-24,1138
2025,33550,진천군,F,unmarried,25-29,1364
2025,33550,진천군,M,total,25-29,2448
2025,33550,진천군,M,unmarried,25-29,2294
2025,33550,진천군,F,total,25-29,1737
2025,33550,진천군,F,unmarried,30-34,948
2025,33550,진천군,M,total,30-34,3070
2025,33550,진천군,M,unmarried,30-34,2183
2025,33550,진천군,F,total,30-34,2206
2025,33550,진천군,F,unmarried,35-39,452
2025,33550,진천군,M,total,35-39,2937
2025,33550,진천군,M,unmarried,35-39,1352
2025,33550,진천군,F,total,35-39,2374
2025,33550,진천군,F,unmarried,40-44,363
2025,33550,진천군,M,total,40-44,3630
2025,33550,진천군,M,unmarried,40-44,1106
2025,33550,진천군,F,total,40-44,3062
2025,33560,괴산군,F,unmarried,20-24,626
2025,33560,괴산군,M,total,20-24,889
2025,33560,괴산군,M,unmarried,20-24,884
2025,33560,괴산군,F,total,20-24,633
2025,33560,괴산군,F,unmarried,25-29,362
2025,33560,괴산군,M,total,25-29,673
2025,33560,괴산군,M,unmarried,25-29,640
2025,33560,괴산군,F,total,25-29,417
2025,33560,괴산군,F,unmarried,30-34,220
2025,33560,괴산군,M,total,30-34,599
2025,33560,괴산군,M,unmarried,30-34,466
2025,33560,괴산군,F,total,30-34,378
2025,33560,괴산군,F,unmarried,35-39,132
2025,33560,괴산군,M,total,35-39,551
2025,33560,괴산군,M,unmarried,35-39,333
2025,33560,괴산군,F,total,35-39,396
2025,33560,괴산군,F,unmarried,40-44,119
2025,33560,괴산군,M,total,40-44,670
2025,33560,괴산군,M,unmarried,40-44,283
2025,33560,괴산군,F,total,40-44,535
2025,33570,음성군,F,unmarried,20-24,1490
2025,33570,음성군,M,total,20-24,1937
2025,33570,음성군,M,unmarried,20-24,1917
2025,33570,음성군,F,total,20-24,1523
2025,33570,음성군,F,unmarried,25-29,1564
2025,33570,음성군,M,total,25-29,2779
2025,33570,음성군,M,unmarried,25-29,2582
2025,33570,음성군,F,total,25-29,1927
2025,33570,음성군,F,unmarried,30-34,1038
2025,33570,음성군,M,total,30-34,2961
2025,33570,음성군,M,unmarried,30-34,2293
2025,33570,음성군,F,total,30-34,1981
2025,33570,음성군,F,unmarried,35-39,537
2025,33570,음성군,M,total,35-39,2436
2025,33570,음성군,M,unmarried,35-39,1458
2025,33570,음성군,F,total,35-39,1746
2025,33570,음성군,F,unmarried,40-44,416
2025,33570,음성군,M,total,40-44,2984
2025,33570,음성군,M,unmarried,40-44,1224
2025,33570,음성군,F,total,40-44,2355
2025,33580,단양군,F,unmarried,20-24,172
2025,33580,단양군,M,total,20-24,344
2025,33580,단양군,M,unmarried,20-24,342
2025,33580,단양군,F,total,20-24,176
2025,33580,단양군,F,unmarried,25-29,287
2025,33580,단양군,M,total,25-29,487
2025,33580,단양군,M,unmarried,25-29,464
2025,33580,단양군,F,total,25-29,320
2025,33580,단양군,F,unmarried,30-34,188
2025,33580,단양군,M,total,30-34,457
2025,33580,단양군,M,unmarried,30-34,377
2025,33580,단양군,F,total,30-34,327
2025,33580,단양군,F,unmarried,35-39,106
2025,33580,단양군,M,total,35-39,420
2025,33580,단양군,M,unmarried,35-39,277
2025,33580,단양군,F,total,35-39,306
2025,33580,단양군,F,unmarried,40-44,92
2025,33580,단양군,M,total,40-44,523
2025,33580,단양군,M,unmarried,40-44,217
2025,33580,단양군,F,total,40-44,479
2025,33590,증평군,F,unmarried,20-24,705
2025,33590,증평군,M,total,20-24,863
2025,33590,증평군,M,unmarried,20-24,857
2025,33590,증평군,F,total,20-24,723
2025,33590,증평군,F,unmarried,25-29,668
2025,33590,증평군,M,total,25-29,1256
2025,33590,증평군,M,unmarried,25-29,1094
2025,33590,증평군,F,total,25-29,897
2025,33590,증평군,F,unmarried,30-34,443
2025,33590,증평군,M,total,30-34,1415
2025,33590,증평군,M,unmarried,30-34,945
2025,33590,증평군,F,total,30-34,1020
2025,33590,증평군,F,unmarried,35-39,221
2025,33590,증평군,M,total,35-39,1235
2025,33590,증평군,M,unmarried,35-39,566
2025,33590,증평군,F,total,35-39,935
2025,33590,증평군,F,unmarried,40-44,129
2025,33590,증평군,M,total,40-44,1424
2025,33590,증평군,M,unmarried,40-44,494
2025,33590,증평군,F,total,40-44,1117
2025,34,충청남도,F,unmarried,20-24,48123
2025,34,충청남도,M,total,20-24,56507
2025,34,충청남도,M,unmarried,20-24,56202
2025,34,충청남도,F,total,20-24,48847
2025,34,충청남도,F,unmarried,25-29,40805
2025,34,충청남도,M,total,25-29,65012
2025,34,충청남도,M,unmarried,25-29,60608
2025,34,충청남도,F,total,25-29,49146
2025,34,충청남도,F,unmarried,30-34,26112
2025,34,충청남도,M,total,30-34,69656
2025,34,충청남도,M,unmarried,30-34,49619
2025,34,충청남도,F,total,30-34,54633
2025,34,충청남도,F,unmarried,35-39,12900
2025,34,충청남도,M,total,35-39,65464
2025,34,충청남도,M,unmarried,35-39,29942
2025,34,충청남도,F,total,35-39,55588
2025,34,충청남도,F,unmarried,40-44,9405
2025,34,충청남도,M,total,40-44,79658
2025,34,충청남도,M,unmarried,40-44,24040
2025,34,충청남도,F,total,40-44,69517
2025,34003,동부,F,unmarried,20-24,28606
2025,34003,동부,M,total,20-24,29709
2025,34003,동부,M,unmarried,20-24,29530
2025,34003,동부,F,total,20-24,29025
2025,34003,동부,F,unmarried,25-29,25083
2025,34003,동부,M,total,25-29,36249
2025,34003,동부,M,unmarried,25-29,33697
2025,34003,동부,F,total,25-29,29793
2025,34003,동부,F,unmarried,30-34,15702
2025,34003,동부,M,total,30-34,39238
2025,34003,동부,M,unmarried,30-34,27880
2025,34003,동부,F,total,30-34,31949
2025,34003,동부,F,unmarried,35-39,7308
2025,34003,동부,M,total,35-39,35897
2025,34003,동부,M,unmarried,35-39,15713
2025,34003,동부,F,total,35-39,31359
2025,34003,동부,F,unmarried,40-44,5011
2025,34003,동부,M,total,40-44,42573
2025,34003,동부,M,unmarried,40-44,11651
2025,34003,동부,F,total,40-44,39134
2025,34004,읍부,F,unmarried,20-24,9496
2025,34004,읍부,M,total,20-24,12246
2025,34004,읍부,M,unmarried,20-24,12196
2025,34004,읍부,F,total,20-24,9654
2025,34004,읍부,F,unmarried,25-29,8904
2025,34004,읍부,M,total,25-29,14518
2025,34004,읍부,M,unmarried,25-29,13476
2025,34004,읍부,F,total,25-29,10985
2025,34004,읍부,F,unmarried,30-34,5870
2025,34004,읍부,M,total,30-34,15847
2025,34004,읍부,M,unmarried,30-34,11143
2025,34004,읍부,F,total,30-34,12491
2025,34004,읍부,F,unmarried,35-39,2863
2025,34004,읍부,M,total,35-39,14627
2025,34004,읍부,M,unmarried,35-39,6876
2025,34004,읍부,F,total,35-39,12423
2025,34004,읍부,F,unmarried,40-44,2168
2025,34004,읍부,M,total,40-44,17987
2025,34004,읍부,M,unmarried,40-44,5703
2025,34004,읍부,F,total,40-44,15825
2025,34005,면부,F,unmarried,20-24,10021
2025,34005,면부,M,total,20-24,14552
2025,34005,면부,M,unmarried,20-24,14476
2025,34005,면부,F,total,20-24,10168
2025,34005,면부,F,unmarried,25-29,6818
2025,34005,면부,M,total,25-29,14245
2025,34005,면부,M,unmarried,25-29,13435
2025,34005,면부,F,total,25-29,8368
2025,34005,면부,F,unmarried,30-34,4540
2025,34005,면부,M,total,30-34,14571
2025,34005,면부,M,unmarried,30-34,10596
2025,34005,면부,F,total,30-34,10193
2025,34005,면부,F,unmarried,35-39,2729
2025,34005,면부,M,total,35-39,14940
2025,34005,면부,M,unmarried,35-39,7353
2025,34005,면부,F,total,35-39,11806
2025,34005,면부,F,unmarried,40-44,2226
2025,34005,면부,M,total,40-44,19098
2025,34005,면부,M,unmarried,40-44,6686
2025,34005,면부,F,total,40-44,14558
2025,34010,천안시,F,unmarried,20-24,21676
2025,34010,천안시,M,total,20-24,22267
2025,34010,천안시,M,unmarried,20-24,22162
2025,34010,천안시,F,total,20-24,21916
2025,34010,천안시,F,unmarried,25-29,17998
2025,34010,천안시,M,total,25-29,25835
2025,34010,천안시,M,unmarried,25-29,24258
2025,34010,천안시,F,total,25-29,20927
2025,34010,천안시,F,unmarried,30-34,11772
2025,34010,천안시,M,total,30-34,27431
2025,34010,천안시,M,unmarried,30-34,20058
2025,34010,천안시,F,total,30-34,22407
2025,34010,천안시,F,unmarried,35-39,5553
2025,34010,천안시,M,total,35-39,24667
2025,34010,천안시,M,unmarried,35-39,11441
2025,34010,천안시,F,total,35-39,21115
2025,34010,천안시,F,unmarried,40-44,3684
2025,34010,천안시,M,total,40-44,28295
2025,34010,천안시,M,unmarried,40-44,8343
2025,34010,천안시,F,total,40-44,25228
2025,34011,동남구,F,unmarried,20-24,10913
2025,34011,동남구,M,total,20-24,10211
2025,34011,동남구,M,unmarried,20-24,10168
2025,34011,동남구,F,total,20-24,11000
2025,34011,동남구,F,unmarried,25-29,6582
2025,34011,동남구,M,total,25-29,9506
2025,34011,동남구,M,unmarried,25-29,8931
2025,34011,동남구,F,total,25-29,7641
2025,34011,동남구,F,unmarried,30-34,4176
2025,34011,동남구,M,total,30-34,9529
2025,34011,동남구,M,unmarried,30-34,6877
2025,34011,동남구,F,total,30-34,7875
2025,34011,동남구,F,unmarried,35-39,1862
2025,34011,동남구,M,total,35-39,8007
2025,34011,동남구,M,unmarried,35-39,3827
2025,34011,동남구,F,total,35-39,6664
2025,34011,동남구,F,unmarried,40-44,1380
2025,34011,동남구,M,total,40-44,9536
2025,34011,동남구,M,unmarried,40-44,3003
2025,34011,동남구,F,total,40-44,8740
2025,34012,서북구,F,unmarried,20-24,10763
2025,34012,서북구,M,total,20-24,12056
2025,34012,서북구,M,unmarried,20-24,11994
2025,34012,서북구,F,total,20-24,10916
2025,34012,서북구,F,unmarried,25-29,11416
2025,34012,서북구,M,total,25-29,16329
2025,34012,서북구,M,unmarried,25-29,15327
2025,34012,서북구,F,total,25-29,13286
2025,34012,서북구,F,unmarried,30-34,7596
2025,34012,서북구,M,total,30-34,17902
2025,34012,서북구,M,unmarried,30-34,13181
2025,34012,서북구,F,total,30-34,14532
2025,34012,서북구,F,unmarried,35-39,3691
2025,34012,서북구,M,total,35-39,16660
2025,34012,서북구,M,unmarried,35-39,7614
2025,34012,서북구,F,total,35-39,14451
2025,34012,서북구,F,unmarried,40-44,2304
2025,34012,서북구,M,total,40-44,18759
2025,34012,서북구,M,unmarried,40-44,5340
2025,34012,서북구,F,total,40-44,16488
2025,34020,공주시,F,unmarried,20-24,3873
2025,34020,공주시,M,total,20-24,3013
2025,34020,공주시,M,unmarried,20-24,2998
2025,34020,공주시,F,total,20-24,3906
2025,34020,공주시,F,unmarried,25-29,1601
2025,34020,공주시,M,total,25-29,2495
2025,34020,공주시,M,unmarried,25-29,2362
2025,34020,공주시,F,total,25-29,1849
2025,34020,공주시,F,unmarried,30-34,973
2025,34020,공주시,M,total,30-34,2375
2025,34020,공주시,M,unmarried,30-34,1866
2025,34020,공주시,F,total,30-34,1724
2025,34020,공주시,F,unmarried,35-39,521
2025,34020,공주시,M,total,35-39,2009
2025,34020,공주시,M,unmarried,35-39,1171
2025,34020,공주시,F,total,35-39,1695
2025,34020,공주시,F,unmarried,40-44,467
2025,34020,공주시,M,total,40-44,2522
2025,34020,공주시,M,unmarried,40-44,961
2025,34020,공주시,F,total,40-44,2301
2025,34030,보령시,F,unmarried,20-24,1005
2025,34030,보령시,M,total,20-24,1694
2025,34030,보령시,M,unmarried,20-24,1678
2025,34030,보령시,F,total,20-24,1029
2025,34030,보령시,F,unmarried,25-29,1287
2025,34030,보령시,M,total,25-29,2099
2025,34030,보령시,M,unmarried,25-29,1945
2025,34030,보령시,F,total,25-29,1552
2025,34030,보령시,F,unmarried,30-34,752
2025,34030,보령시,M,total,30-34,2122
2025,34030,보령시,M,unmarried,30-34,1604
2025,34030,보령시,F,total,30-34,1516
2025,34030,보령시,F,unmarried,35-39,414
2025,34030,보령시,M,total,35-39,1871
2025,34030,보령시,M,unmarried,35-39,961
2025,34030,보령시,F,total,35-39,1604
2025,34030,보령시,F,unmarried,40-44,338
2025,34030,보령시,M,total,40-44,2681
2025,34030,보령시,M,unmarried,40-44,949
2025,34030,보령시,F,total,40-44,2270
2025,34040,아산시,F,unmarried,20-24,9039
2025,34040,아산시,M,total,20-24,10725
2025,34040,아산시,M,unmarried,20-24,10671
2025,34040,아산시,F,total,20-24,9191
2025,34040,아산시,F,unmarried,25-29,7388
2025,34040,아산시,M,total,25-29,12321
2025,34040,아산시,M,unmarried,25-29,11432
2025,34040,아산시,F,total,25-29,9121
2025,34040,아산시,F,unmarried,30-34,4761
2025,34040,아산시,M,total,30-34,13863
2025,34040,아산시,M,unmarried,30-34,9320
2025,34040,아산시,F,total,30-34,11347
2025,34040,아산시,F,unmarried,35-39,2246
2025,34040,아산시,M,total,35-39,13962
2025,34040,아산시,M,unmarried,35-39,5645
2025,34040,아산시,F,total,35-39,12328
2025,34040,아산시,F,unmarried,40-44,1563
2025,34040,아산시,M,total,40-44,17207
2025,34040,아산시,M,unmarried,40-44,4537
2025,34040,아산시,F,total,40-44,14748
2025,34050,서산시,F,unmarried,20-24,2272
2025,34050,서산시,M,total,20-24,3818
2025,34050,서산시,M,unmarried,20-24,3789
2025,34050,서산시,F,total,20-24,2336
2025,34050,서산시,F,unmarried,25-29,2609
2025,34050,서산시,M,total,25-29,5288
2025,34050,서산시,M,unmarried,25-29,4865
2025,34050,서산시,F,total,25-29,3332
2025,34050,서산시,F,unmarried,30-34,1478
2025,34050,서산시,M,total,30-34,5673
2025,34050,서산시,M,unmarried,30-34,3905
2025,34050,서산시,F,total,30-34,3828
2025,34050,서산시,F,unmarried,35-39,761
2025,34050,서산시,M,total,35-39,5278
2025,34050,서산시,M,unmarried,35-39,2352
2025,34050,서산시,F,total,35-39,4173
2025,34050,서산시,F,unmarried,40-44,567
2025,34050,서산시,M,total,40-44,6238
2025,34050,서산시,M,unmarried,40-44,1881
2025,34050,서산시,F,total,40-44,5370
2025,34060,논산시,F,unmarried,20-24,1708
2025,34060,논산시,M,total,20-24,2304
2025,34060,논산시,M,unmarried,20-24,2287
2025,34060,논산시,F,total,20-24,1745
2025,34060,논산시,F,unmarried,25-29,1597
2025,34060,논산시,M,total,25-29,2573
2025,34060,논산시,M,unmarried,25-29,2327
2025,34060,논산시,F,total,25-29,1979
2025,34060,논산시,F,unmarried,30-34,1039
2025,34060,논산시,M,total,30-34,2571
2025,34060,논산시,M,unmarried,30-34,1830
2025,34060,논산시,F,total,30-34,1962
2025,34060,논산시,F,unmarried,35-39,526
2025,34060,논산시,M,total,35-39,2235
2025,34060,논산시,M,unmarried,35-39,1183
2025,34060,논산시,F,total,35-39,1998
2025,34060,논산시,F,unmarried,40-44,443
2025,34060,논산시,M,total,40-44,2852
2025,34060,논산시,M,unmarried,40-44,1039
2025,34060,논산시,F,total,40-44,2562
2025,34070,계룡시,F,unmarried,20-24,642
2025,34070,계룡시,M,total,20-24,1034
2025,34070,계룡시,M,unmarried,20-24,1030
2025,34070,계룡시,F,total,20-24,650
2025,34070,계룡시,F,unmarried,25-29,690
2025,34070,계룡시,M,total,25-29,1070
2025,34070,계룡시,M,unmarried,25-29,992
2025,34070,계룡시,F,total,25-29,866
2025,34070,계룡시,F,unmarried,30-34,472
2025,34070,계룡시,M,total,30-34,1248
2025,34070,계룡시,M,unmarried,30-34,743
2025,34070,계룡시,F,total,30-34,1124
2025,34070,계룡시,F,unmarried,35-39,259
2025,34070,계룡시,M,total,35-39,1365
2025,34070,계룡시,M,unmarried,35-39,402
2025,34070,계룡시,F,total,35-39,1263
2025,34070,계룡시,F,unmarried,40-44,193
2025,34070,계룡시,M,total,40-44,1730
2025,34070,계룡시,M,unmarried,40-44,312
2025,34070,계룡시,F,total,40-44,1789
2025,34080,당진시,F,unmarried,20-24,2054
2025,34080,당진시,M,total,20-24,3168
2025,34080,당진시,M,unmarried,20-24,3143
2025,34080,당진시,F,total,20-24,2123
2025,34080,당진시,F,unmarried,25-29,2403
2025,34080,당진시,M,total,25-29,4729
2025,34080,당진시,M,unmarried,25-29,4344
2025,34080,당진시,F,total,25-29,3176
2025,34080,당진시,F,unmarried,30-34,1447
2025,34080,당진시,M,total,30-34,5621
2025,34080,당진시,M,unmarried,30-34,3814
2025,34080,당진시,F,total,30-34,3958
2025,34080,당진시,F,unmarried,35-39,705
2025,34080,당진시,M,total,35-39,5977
2025,34080,당진시,M,unmarried,35-39,2625
2025,34080,당진시,F,total,35-39,4451
2025,34080,당진시,F,unmarried,40-44,572
2025,34080,당진시,M,total,40-44,7591
2025,34080,당진시,M,unmarried,40-44,2319
2025,34080,당진시,F,total,40-44,5911
2025,34510,금산군,F,unmarried,20-24,956
2025,34510,금산군,M,total,20-24,1189
2025,34510,금산군,M,unmarried,20-24,1189
2025,34510,금산군,F,total,20-24,966
2025,34510,금산군,F,unmarried,25-29,511
2025,34510,금산군,M,total,25-29,875
2025,34510,금산군,M,unmarried,25-29,825
2025,34510,금산군,F,total,25-29,607
2025,34510,금산군,F,unmarried,30-34,348
2025,34510,금산군,M,total,30-34,761
2025,34510,금산군,M,unmarried,30-34,607
2025,34510,금산군,F,total,30-34,586
2025,34510,금산군,F,unmarried,35-39,220
2025,34510,금산군,M,total,35-39,769
2025,34510,금산군,M,unmarried,35-39,464
2025,34510,금산군,F,total,35-39,745
2025,34510,금산군,F,unmarried,40-44,190
2025,34510,금산군,M,total,40-44,1114
2025,34510,금산군,M,unmarried,40-44,439
2025,34510,금산군,F,total,40-44,1054
2025,34530,부여군,F,unmarried,20-24,786
2025,34530,부여군,M,total,20-24,957
2025,34530,부여군,M,unmarried,20-24,954
2025,34530,부여군,F,total,20-24,793
2025,34530,부여군,F,unmarried,25-29,679
2025,34530,부여군,M,total,25-29,1007
2025,34530,부여군,M,unmarried,25-29,969
2025,34530,부여군,F,total,25-29,773
2025,34530,부여군,F,unmarried,30-34,416
2025,34530,부여군,M,total,30-34,980
2025,34530,부여군,M,unmarried,30-34,781
2025,34530,부여군,F,total,30-34,703
2025,34530,부여군,F,unmarried,35-39,272
2025,34530,부여군,M,total,35-39,855
2025,34530,부여군,M,unmarried,35-39,492
2025,34530,부여군,F,total,35-39,778
2025,34530,부여군,F,unmarried,40-44,205
2025,34530,부여군,M,total,40-44,1236
2025,34530,부여군,M,unmarried,40-44,501
2025,34530,부여군,F,total,40-44,1013
2025,34540,서천군,F,unmarried,20-24,388
2025,34540,서천군,M,total,20-24,617
2025,34540,서천군,M,unmarried,20-24,613
2025,34540,서천군,F,total,20-24,397
2025,34540,서천군,F,unmarried,25-29,477
2025,34540,서천군,M,total,25-29,800
2025,34540,서천군,M,unmarried,25-29,764
2025,34540,서천군,F,total,25-29,553
2025,34540,서천군,F,unmarried,30-34,330
2025,34540,서천군,M,total,30-34,778
2025,34540,서천군,M,unmarried,30-34,615
2025,34540,서천군,F,total,30-34,582
2025,34540,서천군,F,unmarried,35-39,164
2025,34540,서천군,M,total,35-39,688
2025,34540,서천군,M,unmarried,35-39,372
2025,34540,서천군,F,total,35-39,536
2025,34540,서천군,F,unmarried,40-44,165
2025,34540,서천군,M,total,40-44,999
2025,34540,서천군,M,unmarried,40-44,402
2025,34540,서천군,F,total,40-44,808
2025,34550,청양군,F,unmarried,20-24,361
2025,34550,청양군,M,total,20-24,689
2025,34550,청양군,M,unmarried,20-24,687
2025,34550,청양군,F,total,20-24,370
2025,34550,청양군,F,unmarried,25-29,330
2025,34550,청양군,M,total,25-29,563
2025,34550,청양군,M,unmarried,25-29,538
2025,34550,청양군,F,total,25-29,383
2025,34550,청양군,F,unmarried,30-34,198
2025,34550,청양군,M,total,30-34,459
2025,34550,청양군,M,unmarried,30-34,371
2025,34550,청양군,F,total,30-34,353
2025,34550,청양군,F,unmarried,35-39,128
2025,34550,청양군,M,total,35-39,447
2025,34550,청양군,M,unmarried,35-39,278
2025,34550,청양군,F,total,35-39,375
2025,34550,청양군,F,unmarried,40-44,87
2025,34550,청양군,M,total,40-44,593
2025,34550,청양군,M,unmarried,40-44,236
2025,34550,청양군,F,total,40-44,462
2025,34560,홍성군,F,unmarried,20-24,1787
2025,34560,홍성군,M,total,20-24,2165
2025,34560,홍성군,M,unmarried,20-24,2147
2025,34560,홍성군,F,total,20-24,1823
2025,34560,홍성군,F,unmarried,25-29,1577
2025,34560,홍성군,M,total,25-29,2460
2025,34560,홍성군,M,unmarried,25-29,2274
2025,34560,홍성군,F,total,25-29,1957
2025,34560,홍성군,F,unmarried,30-34,1067
2025,34560,홍성군,M,total,30-34,2872
2025,34560,홍성군,M,unmarried,30-34,1986
2025,34560,홍성군,F,total,30-34,2323
2025,34560,홍성군,F,unmarried,35-39,529
2025,34560,홍성군,M,total,35-39,2615
2025,34560,홍성군,M,unmarried,35-39,1174
2025,34560,홍성군,F,total,35-39,2303
2025,34560,홍성군,F,unmarried,40-44,399
2025,34560,홍성군,M,total,40-44,3139
2025,34560,홍성군,M,unmarried,40-44,850
2025,34560,홍성군,F,total,40-44,3085
2025,34570,예산군,F,unmarried,20-24,1012
2025,34570,예산군,M,total,20-24,1421
2025,34570,예산군,M,unmarried,20-24,1415
2025,34570,예산군,F,total,20-24,1028
2025,34570,예산군,F,unmarried,25-29,990
2025,34570,예산군,M,total,25-29,1581
2025,34570,예산군,M,unmarried,25-29,1464
2025,34570,예산군,F,total,25-29,1255
2025,34570,예산군,F,unmarried,30-34,679
2025,34570,예산군,M,total,30-34,1732
2025,34570,예산군,M,unmarried,30-34,1219
2025,34570,예산군,F,total,30-34,1465
2025,34570,예산군,F,unmarried,35-39,372
2025,34570,예산군,M,total,35-39,1712
2025,34570,예산군,M,unmarried,35-39,843
2025,34570,예산군,F,total,35-39,1423
2025,34570,예산군,F,unmarried,40-44,328
2025,34570,예산군,M,total,40-44,2072
2025,34570,예산군,M,unmarried,40-44,732
2025,34570,예산군,F,total,40-44,1738
2025,34580,태안군,F,unmarried,20-24,564
2025,34580,태안군,M,total,20-24,1446
2025,34580,태안군,M,unmarried,20-24,1439
2025,34580,태안군,F,total,20-24,574
2025,34580,태안군,F,unmarried,25-29,668
2025,34580,태안군,M,total,25-29,1316
2025,34580,태안군,M,unmarried,25-29,1249
2025,34580,태안군,F,total,25-29,816
2025,34580,태안군,F,unmarried,30-34,380
2025,34580,태안군,M,total,30-34,1170
2025,34580,태안군,M,unmarried,30-34,900
2025,34580,태안군,F,total,30-34,755
2025,34580,태안군,F,unmarried,35-39,230
2025,34580,태안군,M,total,35-39,1014
2025,34580,태안군,M,unmarried,35-39,539
2025,34580,태안군,F,total,35-39,801
2025,34580,태안군,F,unmarried,40-44,204
2025,34580,태안군,M,total,40-44,1389
2025,34580,태안군,M,unmarried,40-44,539
2025,34580,태안군,F,total,40-44,1178
2025,35,전북특별자치도,F,unmarried,20-24,36993
2025,35,전북특별자치도,M,total,20-24,46605
2025,35,전북특별자치도,M,unmarried,20-24,46402
2025,35,전북특별자치도,F,total,20-24,37461
2025,35,전북특별자치도,F,unmarried,25-29,35279
2025,35,전북특별자치도,M,total,25-29,49174
2025,35,전북특별자치도,M,unmarried,25-29,46309
2025,35,전북특별자치도,F,total,25-29,40584
2025,35,전북특별자치도,F,unmarried,30-34,22554
2025,35,전북특별자치도,M,total,30-34,47250
2025,35,전북특별자치도,M,unmarried,30-34,34710
2025,35,전북특별자치도,F,total,30-34,41230
2025,35,전북특별자치도,F,unmarried,35-39,10624
2025,35,전북특별자치도,M,total,35-39,41258
2025,35,전북특별자치도,M,unmarried,35-39,20101
2025,35,전북특별자치도,F,total,35-39,38311
2025,35,전북특별자치도,F,unmarried,40-44,7930
2025,35,전북특별자치도,M,total,40-44,52339
2025,35,전북특별자치도,M,unmarried,40-44,16907
2025,35,전북특별자치도,F,total,40-44,50386
2025,35003,동부,F,unmarried,20-24,31494
2025,35003,동부,M,total,20-24,38336
2025,35003,동부,M,unmarried,20-24,38176
2025,35003,동부,F,total,20-24,31850
2025,35003,동부,F,unmarried,25-29,29539
2025,35003,동부,M,total,25-29,39863
2025,35003,동부,M,unmarried,25-29,37595
2025,35003,동부,F,total,25-29,33762
2025,35003,동부,F,unmarried,30-34,18585
2025,35003,동부,M,total,30-34,37557
2025,35003,동부,M,unmarried,30-34,27615
2025,35003,동부,F,total,30-34,33316
2025,35003,동부,F,unmarried,35-39,8453
2025,35003,동부,M,total,35-39,32562
2025,35003,동부,M,unmarried,35-39,15364
2025,35003,동부,F,total,35-39,30762
2025,35003,동부,F,unmarried,40-44,6189
2025,35003,동부,M,total,40-44,40905
2025,35003,동부,M,unmarried,40-44,12533
2025,35003,동부,F,total,40-44,40749
2025,35004,읍부,F,unmarried,20-24,2615
2025,35004,읍부,M,total,20-24,3893
2025,35004,읍부,M,unmarried,20-24,3872
2025,35004,읍부,F,total,20-24,2666
2025,35004,읍부,F,unmarried,25-29,2458
2025,35004,읍부,M,total,25-29,3975
2025,35004,읍부,M,unmarried,25-29,3681
2025,35004,읍부,F,total,25-29,3047
2025,35004,읍부,F,unmarried,30-34,1639
2025,35004,읍부,M,total,30-34,4234
2025,35004,읍부,M,unmarried,30-34,2780
2025,35004,읍부,F,total,30-34,3815
2025,35004,읍부,F,unmarried,35-39,773
2025,35004,읍부,M,total,35-39,3742
2025,35004,읍부,M,unmarried,35-39,1665
2025,35004,읍부,F,total,35-39,3552
2025,35004,읍부,F,unmarried,40-44,617
2025,35004,읍부,M,total,40-44,4784
2025,35004,읍부,M,unmarried,40-44,1435
2025,35004,읍부,F,total,40-44,4697
2025,35005,면부,F,unmarried,20-24,2884
2025,35005,면부,M,total,20-24,4376
2025,35005,면부,M,unmarried,20-24,4354
2025,35005,면부,F,total,20-24,2945
2025,35005,면부,F,unmarried,25-29,3282
2025,35005,면부,M,total,25-29,5336
2025,35005,면부,M,unmarried,25-29,5033
2025,35005,면부,F,total,25-29,3775
2025,35005,면부,F,unmarried,30-34,2330
2025,35005,면부,M,total,30-34,5459
2025,35005,면부,M,unmarried,30-34,4315
2025,35005,면부,F,total,30-34,4099
2025,35005,면부,F,unmarried,35-39,1398
2025,35005,면부,M,total,35-39,4954
2025,35005,면부,M,unmarried,35-39,3072
2025,35005,면부,F,total,35-39,3997
2025,35005,면부,F,unmarried,40-44,1124
2025,35005,면부,M,total,40-44,6650
2025,35005,면부,M,unmarried,40-44,2939
2025,35005,면부,F,total,40-44,4940
2025,35010,전주시,F,unmarried,20-24,18174
2025,35010,전주시,M,total,20-24,21009
2025,35010,전주시,M,unmarried,20-24,20925
2025,35010,전주시,F,total,20-24,18346
2025,35010,전주시,F,unmarried,25-29,17158
2025,35010,전주시,M,total,25-29,21630
2025,35010,전주시,M,unmarried,25-29,20533
2025,35010,전주시,F,total,25-29,19248
2025,35010,전주시,F,unmarried,30-34,10825
2025,35010,전주시,M,total,30-34,20505
2025,35010,전주시,M,unmarried,30-34,15188
2025,35010,전주시,F,total,30-34,18550
2025,35010,전주시,F,unmarried,35-39,4925
2025,35010,전주시,M,total,35-39,17613
2025,35010,전주시,M,unmarried,35-39,8207
2025,35010,전주시,F,total,35-39,16899
2025,35010,전주시,F,unmarried,40-44,3491
2025,35010,전주시,M,total,40-44,21310
2025,35010,전주시,M,unmarried,40-44,6310
2025,35010,전주시,F,total,40-44,21721
2025,35011,완산구,F,unmarried,20-24,8646
2025,35011,완산구,M,total,20-24,9832
2025,35011,완산구,M,unmarried,20-24,9788
2025,35011,완산구,F,total,20-24,8750
2025,35011,완산구,F,unmarried,25-29,9018
2025,35011,완산구,M,total,25-29,10781
2025,35011,완산구,M,unmarried,25-29,10230
2025,35011,완산구,F,total,25-29,10032
2025,35011,완산구,F,unmarried,30-34,5905
2025,35011,완산구,M,total,30-34,10309
2025,35011,완산구,M,unmarried,30-34,7971
2025,35011,완산구,F,total,30-34,9312
2025,35011,완산구,F,unmarried,35-39,2647
2025,35011,완산구,M,total,35-39,8205
2025,35011,완산구,M,unmarried,35-39,4261
2025,35011,완산구,F,total,35-39,7874
2025,35011,완산구,F,unmarried,40-44,1885
2025,35011,완산구,M,total,40-44,9884
2025,35011,완산구,M,unmarried,40-44,3241
2025,35011,완산구,F,total,40-44,10166
2025,35012,덕진구,F,unmarried,20-24,9528
2025,35012,덕진구,M,total,20-24,11177
2025,35012,덕진구,M,unmarried,20-24,11137
2025,35012,덕진구,F,total,20-24,9596
2025,35012,덕진구,F,unmarried,25-29,8140
2025,35012,덕진구,M,total,25-29,10849
2025,35012,덕진구,M,unmarried,25-29,10303
2025,35012,덕진구,F,total,25-29,9216
2025,35012,덕진구,F,unmarried,30-34,4920
2025,35012,덕진구,M,total,30-34,10196
2025,35012,덕진구,M,unmarried,30-34,7217
2025,35012,덕진구,F,total,30-34,9238
2025,35012,덕진구,F,unmarried,35-39,2278
2025,35012,덕진구,M,total,35-39,9408
2025,35012,덕진구,M,unmarried,35-39,3946
2025,35012,덕진구,F,total,35-39,9025
2025,35012,덕진구,F,unmarried,40-44,1606
2025,35012,덕진구,M,total,40-44,11426
2025,35012,덕진구,M,unmarried,40-44,3069
2025,35012,덕진구,F,total,40-44,11555
2025,35020,군산시,F,unmarried,20-24,5175
2025,35020,군산시,M,total,20-24,6731
2025,35020,군산시,M,unmarried,20-24,6706
2025,35020,군산시,F,total,20-24,5241
2025,35020,군산시,F,unmarried,25-29,4641
2025,35020,군산시,M,total,25-29,7307
2025,35020,군산시,M,unmarried,25-29,6883
2025,35020,군산시,F,total,25-29,5479
2025,35020,군산시,F,unmarried,30-34,3003
2025,35020,군산시,M,total,30-34,7131
2025,35020,군산시,M,unmarried,30-34,5219
2025,35020,군산시,F,total,30-34,5820
2025,35020,군산시,F,unmarried,35-39,1427
2025,35020,군산시,M,total,35-39,6498
2025,35020,군산시,M,unmarried,35-39,3051
2025,35020,군산시,F,total,35-39,5907
2025,35020,군산시,F,unmarried,40-44,1163
2025,35020,군산시,M,total,40-44,9104
2025,35020,군산시,M,unmarried,40-44,2882
2025,35020,군산시,F,total,40-44,8521
2025,35030,익산시,F,unmarried,20-24,6944
2025,35030,익산시,M,total,20-24,8513
2025,35030,익산시,M,unmarried,20-24,8485
2025,35030,익산시,F,total,20-24,7023
2025,35030,익산시,F,unmarried,25-29,5770
2025,35030,익산시,M,total,25-29,8430
2025,35030,익산시,M,unmarried,25-29,7901
2025,35030,익산시,F,total,25-29,6650
2025,35030,익산시,F,unmarried,30-34,3616
2025,35030,익산시,M,total,30-34,7696
2025,35030,익산시,M,unmarried,30-34,5641
2025,35030,익산시,F,total,30-34,6628
2025,35030,익산시,F,unmarried,35-39,1602
2025,35030,익산시,M,total,35-39,6435
2025,35030,익산시,M,unmarried,35-39,3290
2025,35030,익산시,F,total,35-39,5661
2025,35030,익산시,F,unmarried,40-44,1175
2025,35030,익산시,M,total,40-44,7801
2025,35030,익산시,M,unmarried,40-44,2684
2025,35030,익산시,F,total,40-44,7436
2025,35040,정읍시,F,unmarried,20-24,1181
2025,35040,정읍시,M,total,20-24,1830
2025,35040,정읍시,M,unmarried,20-24,1816
2025,35040,정읍시,F,total,20-24,1208
2025,35040,정읍시,F,unmarried,25-29,1571
2025,35040,정읍시,M,total,25-29,2228
2025,35040,정읍시,M,unmarried,25-29,2067
2025,35040,정읍시,F,total,25-29,1864
2025,35040,정읍시,F,unmarried,30-34,970
2025,35040,정읍시,M,total,30-34,2133
2025,35040,정읍시,M,unmarried,30-34,1621
2025,35040,정읍시,F,total,30-34,1742
2025,35040,정읍시,F,unmarried,35-39,499
2025,35040,정읍시,M,total,35-39,1943
2025,35040,정읍시,M,unmarried,35-39,1069
2025,35040,정읍시,F,total,35-39,1719
2025,35040,정읍시,F,unmarried,40-44,405
2025,35040,정읍시,M,total,40-44,2514
2025,35040,정읍시,M,unmarried,40-44,952
2025,35040,정읍시,F,total,40-44,2305
2025,35050,남원시,F,unmarried,20-24,734
2025,35050,남원시,M,total,20-24,1218
2025,35050,남원시,M,unmarried,20-24,1210
2025,35050,남원시,F,total,20-24,751
2025,35050,남원시,F,unmarried,25-29,1073
2025,35050,남원시,M,total,25-29,1481
2025,35050,남원시,M,unmarried,25-29,1382
2025,35050,남원시,F,total,25-29,1233
2025,35050,남원시,F,unmarried,30-34,683
2025,35050,남원시,M,total,30-34,1406
2025,35050,남원시,M,unmarried,30-34,1096
2025,35050,남원시,F,total,30-34,1243
2025,35050,남원시,F,unmarried,35-39,348
2025,35050,남원시,M,total,35-39,1300
2025,35050,남원시,M,unmarried,35-39,699
2025,35050,남원시,F,total,35-39,1274
2025,35050,남원시,F,unmarried,40-44,262
2025,35050,남원시,M,total,40-44,1773
2025,35050,남원시,M,unmarried,40-44,600
2025,35050,남원시,F,total,40-44,1654
2025,35060,김제시,F,unmarried,20-24,977
2025,35060,김제시,M,total,20-24,1453
2025,35060,김제시,M,unmarried,20-24,1436
2025,35060,김제시,F,total,20-24,1013
2025,35060,김제시,F,unmarried,25-29,1084
2025,35060,김제시,M,total,25-29,1822
2025,35060,김제시,M,unmarried,25-29,1664
2025,35060,김제시,F,total,25-29,1321
2025,35060,김제시,F,unmarried,30-34,743
2025,35060,김제시,M,total,30-34,1795
2025,35060,김제시,M,unmarried,30-34,1286
2025,35060,김제시,F,total,30-34,1568
2025,35060,김제시,F,unmarried,35-39,374
2025,35060,김제시,M,total,35-39,1598
2025,35060,김제시,M,unmarried,35-39,823
2025,35060,김제시,F,total,35-39,1392
2025,35060,김제시,F,unmarried,40-44,312
2025,35060,김제시,M,total,40-44,2039
2025,35060,김제시,M,unmarried,40-44,755
2025,35060,김제시,F,total,40-44,1758
2025,35510,완주군,F,unmarried,20-24,1868
2025,35510,완주군,M,total,20-24,2714
2025,35510,완주군,M,unmarried,20-24,2701
2025,35510,완주군,F,total,20-24,1896
2025,35510,완주군,F,unmarried,25-29,1731
2025,35510,완주군,M,total,25-29,2684
2025,35510,완주군,M,unmarried,25-29,2466
2025,35510,완주군,F,total,25-29,2163
2025,35510,완주군,F,unmarried,30-34,1189
2025,35510,완주군,M,total,30-34,3156
2025,35510,완주군,M,unmarried,30-34,1943
2025,35510,완주군,F,total,30-34,2774
2025,35510,완주군,F,unmarried,35-39,601
2025,35510,완주군,M,total,35-39,2578
2025,35510,완주군,M,unmarried,35-39,1105
2025,35510,완주군,F,total,35-39,2464
2025,35510,완주군,F,unmarried,40-44,457
2025,35510,완주군,M,total,40-44,3263
2025,35510,완주군,M,unmarried,40-44,1018
2025,35510,완주군,F,total,40-44,3001
2025,35520,진안군,F,unmarried,20-24,190
2025,35520,진안군,M,total,20-24,324
2025,35520,진안군,M,unmarried,20-24,323
2025,35520,진안군,F,total,20-24,194
2025,35520,진안군,F,unmarried,25-29,247
2025,35520,진안군,M,total,25-29,367
2025,35520,진안군,M,unmarried,25-29,350
2025,35520,진안군,F,total,25-29,293
2025,35520,진안군,F,unmarried,30-34,147
2025,35520,진안군,M,total,30-34,311
2025,35520,진안군,M,unmarried,30-34,245
2025,35520,진안군,F,total,30-34,311
2025,35520,진안군,F,unmarried,35-39,74
2025,35520,진안군,M,total,35-39,291
2025,35520,진안군,M,unmarried,35-39,175
2025,35520,진안군,F,total,35-39,306
2025,35520,진안군,F,unmarried,40-44,63
2025,35520,진안군,M,total,40-44,405
2025,35520,진안군,M,unmarried,40-44,153
2025,35520,진안군,F,total,40-44,411
2025,35530,무주군,F,unmarried,20-24,205
2025,35530,무주군,M,total,20-24,303
2025,35530,무주군,M,unmarried,20-24,302
2025,35530,무주군,F,total,20-24,212
2025,35530,무주군,F,unmarried,25-29,222
2025,35530,무주군,M,total,25-29,358
2025,35530,무주군,M,unmarried,25-29,341
2025,35530,무주군,F,total,25-29,269
2025,35530,무주군,F,unmarried,30-34,161
2025,35530,무주군,M,total,30-34,404
2025,35530,무주군,M,unmarried,30-34,309
2025,35530,무주군,F,total,30-34,320
2025,35530,무주군,F,unmarried,35-39,86
2025,35530,무주군,M,total,35-39,359
2025,35530,무주군,M,unmarried,35-39,196
2025,35530,무주군,F,total,35-39,295
2025,35530,무주군,F,unmarried,40-44,66
2025,35530,무주군,M,total,40-44,489
2025,35530,무주군,M,unmarried,40-44,181
2025,35530,무주군,F,total,40-44,409
2025,35540,장수군,F,unmarried,20-24,175
2025,35540,장수군,M,total,20-24,255
2025,35540,장수군,M,unmarried,20-24,253
2025,35540,장수군,F,total,20-24,178
2025,35540,장수군,F,unmarried,25-29,190
2025,35540,장수군,M,total,25-29,317
2025,35540,장수군,M,unmarried,25-29,303
2025,35540,장수군,F,total,25-29,226
2025,35540,장수군,F,unmarried,30-34,123
2025,35540,장수군,M,total,30-34,289
2025,35540,장수군,M,unmarried,30-34,238
2025,35540,장수군,F,total,30-34,220
2025,35540,장수군,F,unmarried,35-39,84
2025,35540,장수군,M,total,35-39,311
2025,35540,장수군,M,unmarried,35-39,171
2025,35540,장수군,F,total,35-39,295
2025,35540,장수군,F,unmarried,40-44,57
2025,35540,장수군,M,total,40-44,439
2025,35540,장수군,M,unmarried,40-44,184
2025,35540,장수군,F,total,40-44,356
2025,35550,임실군,F,unmarried,20-24,312
2025,35550,임실군,M,total,20-24,425
2025,35550,임실군,M,unmarried,20-24,424
2025,35550,임실군,F,total,20-24,320
2025,35550,임실군,F,unmarried,25-29,237
2025,35550,임실군,M,total,25-29,440
2025,35550,임실군,M,unmarried,25-29,413
2025,35550,임실군,F,total,25-29,281
2025,35550,임실군,F,unmarried,30-34,149
2025,35550,임실군,M,total,30-34,420
2025,35550,임실군,M,unmarried,30-34,319
2025,35550,임실군,F,total,30-34,320
2025,35550,임실군,F,unmarried,35-39,64
2025,35550,임실군,M,total,35-39,402
2025,35550,임실군,M,unmarried,35-39,230
2025,35550,임실군,F,total,35-39,336
2025,35550,임실군,F,unmarried,40-44,58
2025,35550,임실군,M,total,40-44,480
2025,35550,임실군,M,unmarried,40-44,176
2025,35550,임실군,F,total,40-44,376
2025,35560,순창군,F,unmarried,20-24,257
2025,35560,순창군,M,total,20-24,448
2025,35560,순창군,M,unmarried,20-24,447
2025,35560,순창군,F,total,20-24,260
2025,35560,순창군,F,unmarried,25-29,321
2025,35560,순창군,M,total,25-29,438
2025,35560,순창군,M,unmarried,25-29,415
2025,35560,순창군,F,total,25-29,364
2025,35560,순창군,F,unmarried,30-34,203
2025,35560,순창군,M,total,30-34,397
2025,35560,순창군,M,unmarried,30-34,315
2025,35560,순창군,F,total,30-34,385
2025,35560,순창군,F,unmarried,35-39,107
2025,35560,순창군,M,total,35-39,376
2025,35560,순창군,M,unmarried,35-39,219
2025,35560,순창군,F,total,35-39,415
2025,35560,순창군,F,unmarried,40-44,83
2025,35560,순창군,M,total,40-44,579
2025,35560,순창군,M,unmarried,40-44,196
2025,35560,순창군,F,total,40-44,544
2025,35570,고창군,F,unmarried,20-24,409
2025,35570,고창군,M,total,20-24,654
2025,35570,고창군,M,unmarried,20-24,652
2025,35570,고창군,F,total,20-24,416
2025,35570,고창군,F,unmarried,25-29,532
2025,35570,고창군,M,total,25-29,880
2025,35570,고창군,M,unmarried,25-29,831
2025,35570,고창군,F,total,25-29,621
2025,35570,고창군,F,unmarried,30-34,381
2025,35570,고창군,M,total,30-34,819
2025,35570,고창군,M,unmarried,30-34,669
2025,35570,고창군,F,total,30-34,700
2025,35570,고창군,F,unmarried,35-39,229
2025,35570,고창군,M,total,35-39,782
2025,35570,고창군,M,unmarried,35-39,421
2025,35570,고창군,F,total,35-39,715
2025,35570,고창군,F,unmarried,40-44,169
2025,35570,고창군,M,total,40-44,1113
2025,35570,고창군,M,unmarried,40-44,426
2025,35570,고창군,F,total,40-44,953
2025,35580,부안군,F,unmarried,20-24,392
2025,35580,부안군,M,total,20-24,728
2025,35580,부안군,M,unmarried,20-24,722
2025,35580,부안군,F,total,20-24,403
2025,35580,부안군,F,unmarried,25-29,502
2025,35580,부안군,M,total,25-29,792
2025,35580,부안군,M,unmarried,25-29,760
2025,35580,부안군,F,total,25-29,572
2025,35580,부안군,F,unmarried,30-34,361
2025,35580,부안군,M,total,30-34,788
2025,35580,부안군,M,unmarried,30-34,621
2025,35580,부안군,F,total,30-34,649
2025,35580,부안군,F,unmarried,35-39,204
2025,35580,부안군,M,total,35-39,772
2025,35580,부안군,M,unmarried,35-39,445
2025,35580,부안군,F,total,35-39,633
2025,35580,부안군,F,unmarried,40-44,169
2025,35580,부안군,M,total,40-44,1030
2025,35580,부안군,M,unmarried,40-44,390
2025,35580,부안군,F,total,40-44,941
2025,36,전라남도,F,unmarried,20-24,24723
2025,36,전라남도,M,total,20-24,37105
2025,36,전라남도,M,unmarried,20-24,36886
2025,36,전라남도,F,total,20-24,25267
2025,36,전라남도,F,unmarried,25-29,30430
2025,36,전라남도,M,total,25-29,46015
2025,36,전라남도,M,unmarried,25-29,42694
2025,36,전라남도,F,total,25-29,36605
2025,36,전라남도,F,unmarried,30-34,18679
2025,36,전라남도,M,total,30-34,46221
2025,36,전라남도,M,unmarried,30-34,32200
2025,36,전라남도,F,total,30-34,39105
2025,36,전라남도,F,unmarried,35-39,8360
2025,36,전라남도,M,total,35-39,40511
2025,36,전라남도,M,unmarried,35-39,18110
2025,36,전라남도,F,total,35-39,37205
2025,36,전라남도,F,unmarried,40-44,6615
2025,36,전라남도,M,total,40-44,54215
2025,36,전라남도,M,unmarried,40-44,16857
2025,36,전라남도,F,total,40-44,48704
2025,36003,동부,F,unmarried,20-24,13700
2025,36003,동부,M,total,20-24,20085
2025,36003,동부,M,unmarried,20-24,19972
2025,36003,동부,F,total,20-24,13980
2025,36003,동부,F,unmarried,25-29,16791
2025,36003,동부,M,total,25-29,24607
2025,36003,동부,M,unmarried,25-29,22911
2025,36003,동부,F,total,25-29,19969
2025,36003,동부,F,unmarried,30-34,10321
2025,36003,동부,M,total,30-34,25113
2025,36003,동부,M,unmarried,30-34,17529
2025,36003,동부,F,total,30-34,21090
2025,36003,동부,F,unmarried,35-39,4383
2025,36003,동부,M,total,35-39,21206
2025,36003,동부,M,unmarried,35-39,9263
2025,36003,동부,F,total,35-39,19208
2025,36003,동부,F,unmarried,40-44,3442
2025,36003,동부,M,total,40-44,27255
2025,36003,동부,M,unmarried,40-44,8381
2025,36003,동부,F,total,40-44,25416
2025,36004,읍부,F,unmarried,20-24,6150
2025,36004,읍부,M,total,20-24,8979
2025,36004,읍부,M,unmarried,20-24,8919
2025,36004,읍부,F,total,20-24,6305
2025,36004,읍부,F,unmarried,25-29,7609
2025,36004,읍부,M,total,25-29,11348
2025,36004,읍부,M,unmarried,25-29,10404
2025,36004,읍부,F,total,25-29,9486
2025,36004,읍부,F,unmarried,30-34,4595
2025,36004,읍부,M,total,30-34,11287
2025,36004,읍부,M,unmarried,30-34,7512
2025,36004,읍부,F,total,30-34,10287
2025,36004,읍부,F,unmarried,35-39,2056
2025,36004,읍부,M,total,35-39,10244
2025,36004,읍부,M,unmarried,35-39,4334
2025,36004,읍부,F,total,35-39,10306
2025,36004,읍부,F,unmarried,40-44,1654
2025,36004,읍부,M,total,40-44,14530
2025,36004,읍부,M,unmarried,40-44,4118
2025,36004,읍부,F,total,40-44,13659
2025,36005,면부,F,unmarried,20-24,4873
2025,36005,면부,M,total,20-24,8041
2025,36005,면부,M,unmarried,20-24,7995
2025,36005,면부,F,total,20-24,4982
2025,36005,면부,F,unmarried,25-29,6030
2025,36005,면부,M,total,25-29,10060
2025,36005,면부,M,unmarried,25-29,9379
2025,36005,면부,F,total,25-29,7150
2025,36005,면부,F,unmarried,30-34,3763
2025,36005,면부,M,total,30-34,9821
2025,36005,면부,M,unmarried,30-34,7159
2025,36005,면부,F,total,30-34,7728
2025,36005,면부,F,unmarried,35-39,1921
2025,36005,면부,M,total,35-39,9061
2025,36005,면부,M,unmarried,35-39,4513
2025,36005,면부,F,total,35-39,7691
2025,36005,면부,F,unmarried,40-44,1519
2025,36005,면부,M,total,40-44,12430
2025,36005,면부,M,unmarried,40-44,4358
2025,36005,면부,F,total,40-44,9629
2025,36010,목포시,F,unmarried,20-24,3919
2025,36010,목포시,M,total,20-24,5829
2025,36010,목포시,M,unmarried,20-24,5786
2025,36010,목포시,F,total,20-24,4009
2025,36010,목포시,F,unmarried,25-29,4450
2025,36010,목포시,M,total,25-29,5995
2025,36010,목포시,M,unmarried,25-29,5632
2025,36010,목포시,F,total,25-29,5129
2025,36010,목포시,F,unmarried,30-34,2630
2025,36010,목포시,M,total,30-34,5385
2025,36010,목포시,M,unmarried,30-34,4062
2025,36010,목포시,F,total,30-34,4689
2025,36010,목포시,F,unmarried,35-39,1220
2025,36010,목포시,M,total,35-39,4686
2025,36010,목포시,M,unmarried,35-39,2440
2025,36010,목포시,F,total,35-39,4448
2025,36010,목포시,F,unmarried,40-44,1112
2025,36010,목포시,M,total,40-44,7254
2025,36010,목포시,M,unmarried,40-44,2612
2025,36010,목포시,F,total,40-44,6927
2025,36020,여수시,F,unmarried,20-24,3701
2025,36020,여수시,M,total,20-24,6106
2025,36020,여수시,M,unmarried,20-24,6083
2025,36020,여수시,F,total,20-24,3764
2025,36020,여수시,F,unmarried,25-29,4916
2025,36020,여수시,M,total,25-29,7603
2025,36020,여수시,M,unmarried,25-29,7080
2025,36020,여수시,F,total,25-29,5912
2025,36020,여수시,F,unmarried,30-34,3005
2025,36020,여수시,M,total,30-34,7783
2025,36020,여수시,M,unmarried,30-34,5422
2025,36020,여수시,F,total,30-34,6142
2025,36020,여수시,F,unmarried,35-39,1260
2025,36020,여수시,M,total,35-39,6662
2025,36020,여수시,M,unmarried,35-39,2946
2025,36020,여수시,F,total,35-39,5682
2025,36020,여수시,F,unmarried,40-44,1079
2025,36020,여수시,M,total,40-44,8695
2025,36020,여수시,M,unmarried,40-44,2758
2025,36020,여수시,F,total,40-44,7755
2025,36030,순천시,F,unmarried,20-24,5388
2025,36030,순천시,M,total,20-24,7086
2025,36030,순천시,M,unmarried,20-24,7056
2025,36030,순천시,F,total,20-24,5487
2025,36030,순천시,F,unmarried,25-29,6038
2025,36030,순천시,M,total,25-29,8412
2025,36030,순천시,M,unmarried,25-29,7819
2025,36030,순천시,F,total,25-29,7087
2025,36030,순천시,F,unmarried,30-34,3799
2025,36030,순천시,M,total,30-34,8920
2025,36030,순천시,M,unmarried,30-34,6063
2025,36030,순천시,F,total,30-34,7890
2025,36030,순천시,F,unmarried,35-39,1536
2025,36030,순천시,M,total,35-39,7560
2025,36030,순천시,M,unmarried,35-39,3026
2025,36030,순천시,F,total,35-39,7172
2025,36030,순천시,F,unmarried,40-44,1085
2025,36030,순천시,M,total,40-44,9186
2025,36030,순천시,M,unmarried,40-44,2420
2025,36030,순천시,F,total,40-44,8947
2025,36040,나주시,F,unmarried,20-24,1722
2025,36040,나주시,M,total,20-24,2346
2025,36040,나주시,M,unmarried,20-24,2336
2025,36040,나주시,F,total,20-24,1760
2025,36040,나주시,F,unmarried,25-29,2303
2025,36040,나주시,M,total,25-29,2934
2025,36040,나주시,M,unmarried,25-29,2723
2025,36040,나주시,F,total,25-29,2727
2025,36040,나주시,F,unmarried,30-34,1660
2025,36040,나주시,M,total,30-34,3658
2025,36040,나주시,M,unmarried,30-34,2467
2025,36040,나주시,F,total,30-34,3485
2025,36040,나주시,F,unmarried,35-39,733
2025,36040,나주시,M,total,35-39,3489
2025,36040,나주시,M,unmarried,35-39,1419
2025,36040,나주시,F,total,35-39,3432
2025,36040,나주시,F,unmarried,40-44,529
2025,36040,나주시,M,total,40-44,4263
2025,36040,나주시,M,unmarried,40-44,1187
2025,36040,나주시,F,total,40-44,3809
2025,36060,광양시,F,unmarried,20-24,1801
2025,36060,광양시,M,total,20-24,3192
2025,36060,광양시,M,unmarried,20-24,3159
2025,36060,광양시,F,total,20-24,1857
2025,36060,광양시,F,unmarried,25-29,2831
2025,36060,광양시,M,total,25-29,5388
2025,36060,광양시,M,unmarried,25-29,4896
2025,36060,광양시,F,total,25-29,3731
2025,36060,광양시,F,unmarried,30-34,1725
2025,36060,광양시,M,total,30-34,5985
2025,36060,광양시,M,unmarried,30-34,3925
2025,36060,광양시,F,total,30-34,4508
2025,36060,광양시,F,unmarried,35-39,719
2025,36060,광양시,M,total,35-39,4790
2025,36060,광양시,M,unmarried,35-39,1919
2025,36060,광양시,F,total,35-39,3980
2025,36060,광양시,F,unmarried,40-44,487
2025,36060,광양시,M,total,40-44,5666
2025,36060,광양시,M,unmarried,40-44,1607
2025,36060,광양시,F,total,40-44,4889
2025,36510,담양군,F,unmarried,20-24,420
2025,36510,담양군,M,total,20-24,670
2025,36510,담양군,M,unmarried,20-24,668
2025,36510,담양군,F,total,20-24,433
2025,36510,담양군,F,unmarried,25-29,580
2025,36510,담양군,M,total,25-29,953
2025,36510,담양군,M,unmarried,25-29,859
2025,36510,담양군,F,total,25-29,689
2025,36510,담양군,F,unmarried,30-34,400
2025,36510,담양군,M,total,30-34,794
2025,36510,담양군,M,unmarried,30-34,596
2025,36510,담양군,F,total,30-34,732
2025,36510,담양군,F,unmarried,35-39,186
2025,36510,담양군,M,total,35-39,715
2025,36510,담양군,M,unmarried,35-39,384
2025,36510,담양군,F,total,35-39,702
2025,36510,담양군,F,unmarried,40-44,138
2025,36510,담양군,M,total,40-44,997
2025,36510,담양군,M,unmarried,40-44,352
2025,36510,담양군,F,total,40-44,912
2025,36520,곡성군,F,unmarried,20-24,296
2025,36520,곡성군,M,total,20-24,545
2025,36520,곡성군,M,unmarried,20-24,542
2025,36520,곡성군,F,total,20-24,299
2025,36520,곡성군,F,unmarried,25-29,353
2025,36520,곡성군,M,total,25-29,537
2025,36520,곡성군,M,unmarried,25-29,510
2025,36520,곡성군,F,total,25-29,392
2025,36520,곡성군,F,unmarried,30-34,234
2025,36520,곡성군,M,total,30-34,496
2025,36520,곡성군,M,unmarried,30-34,373
2025,36520,곡성군,F,total,30-34,412
2025,36520,곡성군,F,unmarried,35-39,109
2025,36520,곡성군,M,total,35-39,369
2025,36520,곡성군,M,unmarried,35-39,212
2025,36520,곡성군,F,total,35-39,340
2025,36520,곡성군,F,unmarried,40-44,76
2025,36520,곡성군,M,total,40-44,529
2025,36520,곡성군,M,unmarried,40-44,199
2025,36520,곡성군,F,total,40-44,442
2025,36530,구례군,F,unmarried,20-24,213
2025,36530,구례군,M,total,20-24,326
2025,36530,구례군,M,unmarried,20-24,323
2025,36530,구례군,F,total,20-24,215
2025,36530,구례군,F,unmarried,25-29,260
2025,36530,구례군,M,total,25-29,359
2025,36530,구례군,M,unmarried,25-29,349
2025,36530,구례군,F,total,25-29,290
2025,36530,구례군,F,unmarried,30-34,150
2025,36530,구례군,M,total,30-34,327
2025,36530,구례군,M,unmarried,30-34,261
2025,36530,구례군,F,total,30-34,275
2025,36530,구례군,F,unmarried,35-39,100
2025,36530,구례군,M,total,35-39,260
2025,36530,구례군,M,unmarried,35-39,161
2025,36530,구례군,F,total,35-39,306
2025,36530,구례군,F,unmarried,40-44,70
2025,36530,구례군,M,total,40-44,464
2025,36530,구례군,M,unmarried,40-44,174
2025,36530,구례군,F,total,40-44,397
2025,36550,고흥군,F,unmarried,20-24,373
2025,36550,고흥군,M,total,20-24,671
2025,36550,고흥군,M,unmarried,20-24,669
2025,36550,고흥군,F,total,20-24,385
2025,36550,고흥군,F,unmarried,25-29,518
2025,36550,고흥군,M,total,25-29,819
2025,36550,고흥군,M,unmarried,25-29,769
2025,36550,고흥군,F,total,25-29,622
2025,36550,고흥군,F,unmarried,30-34,338
2025,36550,고흥군,M,total,30-34,768
2025,36550,고흥군,M,unmarried,30-34,598
2025,36550,고흥군,F,total,30-34,627
2025,36550,고흥군,F,unmarried,35-39,166
2025,36550,고흥군,M,total,35-39,757
2025,36550,고흥군,M,unmarried,35-39,443
2025,36550,고흥군,F,total,35-39,667
2025,36550,고흥군,F,unmarried,40-44,149
2025,36550,고흥군,M,total,40-44,1122
2025,36550,고흥군,M,unmarried,40-44,446
2025,36550,고흥군,F,total,40-44,908
2025,36560,보성군,F,unmarried,20-24,267
2025,36560,보성군,M,total,20-24,437
2025,36560,보성군,M,unmarried,20-24,429
2025,36560,보성군,F,total,20-24,275
2025,36560,보성군,F,unmarried,25-29,364
2025,36560,보성군,M,total,25-29,523
2025,36560,보성군,M,unmarried,25-29,503
2025,36560,보성군,F,total,25-29,428
2025,36560,보성군,F,unmarried,30-34,200
2025,36560,보성군,M,total,30-34,497
2025,36560,보성군,M,unmarried,30-34,380
2025,36560,보성군,F,total,30-34,394
2025,36560,보성군,F,unmarried,35-39,129
2025,36560,보성군,M,total,35-39,492
2025,36560,보성군,M,unmarried,35-39,278
2025,36560,보성군,F,total,35-39,430
2025,36560,보성군,F,unmarried,40-44,102
2025,36560,보성군,M,total,40-44,661
2025,36560,보성군,M,unmarried,40-44,288
2025,36560,보성군,F,total,40-44,565
2025,36570,화순군,F,unmarried,20-24,1038
2025,36570,화순군,M,total,20-24,1254
2025,36570,화순군,M,unmarried,20-24,1247
2025,36570,화순군,F,total,20-24,1057
2025,36570,화순군,F,unmarried,25-29,1149
2025,36570,화순군,M,total,25-29,1451
2025,36570,화순군,M,unmarried,25-29,1350
2025,36570,화순군,F,total,25-29,1352
2025,36570,화순군,F,unmarried,30-34,633
2025,36570,화순군,M,total,30-34,1286
2025,36570,화순군,M,unmarried,30-34,924
2025,36570,화순군,F,total,30-34,1157
2025,36570,화순군,F,unmarried,35-39,276
2025,36570,화순군,M,total,35-39,973
2025,36570,화순군,M,unmarried,35-39,511
2025,36570,화순군,F,total,35-39,972
2025,36570,화순군,F,unmarried,40-44,196
2025,36570,화순군,M,total,40-44,1320
2025,36570,화순군,M,unmarried,40-44,468
2025,36570,화순군,F,total,40-44,1259
2025,36580,장흥군,F,unmarried,20-24,296
2025,36580,장흥군,M,total,20-24,503
2025,36580,장흥군,M,unmarried,20-24,496
2025,36580,장흥군,F,total,20-24,308
2025,36580,장흥군,F,unmarried,25-29,401
2025,36580,장흥군,M,total,25-29,597
2025,36580,장흥군,M,unmarried,25-29,557
2025,36580,장흥군,F,total,25-29,481
2025,36580,장흥군,F,unmarried,30-34,205
2025,36580,장흥군,M,total,30-34,588
2025,36580,장흥군,M,unmarried,30-34,422
2025,36580,장흥군,F,total,30-34,446
2025,36580,장흥군,F,unmarried,35-39,141
2025,36580,장흥군,M,total,35-39,543
2025,36580,장흥군,M,unmarried,35-39,286
2025,36580,장흥군,F,total,35-39,502
2025,36580,장흥군,F,unmarried,40-44,107
2025,36580,장흥군,M,total,40-44,764
2025,36580,장흥군,M,unmarried,40-44,245
2025,36580,장흥군,F,total,40-44,655
2025,36590,강진군,F,unmarried,20-24,246
2025,36590,강진군,M,total,20-24,433
2025,36590,강진군,M,unmarried,20-24,425
2025,36590,강진군,F,total,20-24,258
2025,36590,강진군,F,unmarried,25-29,391
2025,36590,강진군,M,total,25-29,576
2025,36590,강진군,M,unmarried,25-29,525
2025,36590,강진군,F,total,25-29,469
2025,36590,강진군,F,unmarried,30-34,212
2025,36590,강진군,M,total,30-34,568
2025,36590,강진군,M,unmarried,30-34,436
2025,36590,강진군,F,total,30-34,432
2025,36590,강진군,F,unmarried,35-39,114
2025,36590,강진군,M,total,35-39,488
2025,36590,강진군,M,unmarried,35-39,249
2025,36590,강진군,F,total,35-39,496
2025,36590,강진군,F,unmarried,40-44,89
2025,36590,강진군,M,total,40-44,667
2025,36590,강진군,M,unmarried,40-44,241
2025,36590,강진군,F,total,40-44,620
2025,36600,해남군,F,unmarried,20-24,511
2025,36600,해남군,M,total,20-24,884
2025,36600,해남군,M,unmarried,20-24,884
2025,36600,해남군,F,total,20-24,520
2025,36600,해남군,F,unmarried,25-29,704
2025,36600,해남군,M,total,25-29,1153
2025,36600,해남군,M,unmarried,25-29,1083
2025,36600,해남군,F,total,25-29,871
2025,36600,해남군,F,unmarried,30-34,387
2025,36600,해남군,M,total,30-34,1045
2025,36600,해남군,M,unmarried,30-34,734
2025,36600,해남군,F,total,30-34,828
2025,36600,해남군,F,unmarried,35-39,194
2025,36600,해남군,M,total,35-39,968
2025,36600,해남군,M,unmarried,35-39,489
2025,36600,해남군,F,total,35-39,840
2025,36600,해남군,F,unmarried,40-44,189
2025,36600,해남군,M,total,40-44,1405
2025,36600,해남군,M,unmarried,40-44,470
2025,36600,해남군,F,total,40-44,1241
2025,36610,영암군,F,unmarried,20-24,621
2025,36610,영암군,M,total,20-24,1062
2025,36610,영암군,M,unmarried,20-24,1057
2025,36610,영암군,F,total,20-24,636
2025,36610,영암군,F,unmarried,25-29,688
2025,36610,영암군,M,total,25-29,1208
2025,36610,영암군,M,unmarried,25-29,1134
2025,36610,영암군,F,total,25-29,843
2025,36610,영암군,F,unmarried,30-34,399
2025,36610,영암군,M,total,30-34,1040
2025,36610,영암군,M,unmarried,30-34,800
2025,36610,영암군,F,total,30-34,749
2025,36610,영암군,F,unmarried,35-39,166
2025,36610,영암군,M,total,35-39,885
2025,36610,영암군,M,unmarried,35-39,487
2025,36610,영암군,F,total,35-39,812
2025,36610,영암군,F,unmarried,40-44,159
2025,36610,영암군,M,total,40-44,1568
2025,36610,영암군,M,unmarried,40-44,626
2025,36610,영암군,F,total,40-44,1127
2025,36620,무안군,F,unmarried,20-24,2087
2025,36620,무안군,M,total,20-24,2656
2025,36620,무안군,M,unmarried,20-24,2649
2025,36620,무안군,F,total,20-24,2110
2025,36620,무안군,F,unmarried,25-29,1748
2025,36620,무안군,M,total,25-29,2723
2025,36620,무안군,M,unmarried,25-29,2502
2025,36620,무안군,F,total,25-29,2201
2025,36620,무안군,F,unmarried,30-34,1097
2025,36620,무안군,M,total,30-34,2781
2025,36620,무안군,M,unmarried,30-34,1635
2025,36620,무안군,F,total,30-34,2761
2025,36620,무안군,F,unmarried,35-39,458
2025,36620,무안군,M,total,35-39,2709
2025,36620,무안군,M,unmarried,35-39,876
2025,36620,무안군,F,total,35-39,2786
2025,36620,무안군,F,unmarried,40-44,371
2025,36620,무안군,M,total,40-44,3807
2025,36620,무안군,M,unmarried,40-44,785
2025,36620,무안군,F,total,40-44,3713
2025,36630,함평군,F,unmarried,20-24,217
2025,36630,함평군,M,total,20-24,374
2025,36630,함평군,M,unmarried,20-24,372
2025,36630,함평군,F,total,20-24,230
2025,36630,함평군,F,unmarried,25-29,310
2025,36630,함평군,M,total,25-29,519
2025,36630,함평군,M,unmarried,25-29,479
2025,36630,함평군,F,total,25-29,361
2025,36630,함평군,F,unmarried,30-34,167
2025,36630,함평군,M,total,30-34,473
2025,36630,함평군,M,unmarried,30-34,374
2025,36630,함평군,F,total,30-34,331
2025,36630,함평군,F,unmarried,35-39,113
2025,36630,함평군,M,total,35-39,408
2025,36630,함평군,M,unmarried,35-39,210
2025,36630,함평군,F,total,35-39,366
2025,36630,함평군,F,unmarried,40-44,72
2025,36630,함평군,M,total,40-44,568
2025,36630,함평군,M,unmarried,40-44,245
2025,36630,함평군,F,total,40-44,474
2025,36640,영광군,F,unmarried,20-24,546
2025,36640,영광군,M,total,20-24,776
2025,36640,영광군,M,unmarried,20-24,769
2025,36640,영광군,F,total,20-24,564
2025,36640,영광군,F,unmarried,25-29,783
2025,36640,영광군,M,total,25-29,1286
2025,36640,영광군,M,unmarried,25-29,1172
2025,36640,영광군,F,total,25-29,996
2025,36640,영광군,F,unmarried,30-34,513
2025,36640,영광군,M,total,30-34,1213
2025,36640,영광군,M,unmarried,30-34,816
2025,36640,영광군,F,total,30-34,1209
2025,36640,영광군,F,unmarried,35-39,226
2025,36640,영광군,M,total,35-39,1159
2025,36640,영광군,M,unmarried,35-39,486
2025,36640,영광군,F,total,35-39,1110
2025,36640,영광군,F,unmarried,40-44,187
2025,36640,영광군,M,total,40-44,1390
2025,36640,영광군,M,unmarried,40-44,428
2025,36640,영광군,F,total,40-44,1210
2025,36650,장성군,F,unmarried,20-24,399
2025,36650,장성군,M,total,20-24,661
2025,36650,장성군,M,unmarried,20-24,655
2025,36650,장성군,F,total,20-24,413
2025,36650,장성군,F,unmarried,25-29,508
2025,36650,장성군,M,total,25-29,1003
2025,36650,장성군,M,unmarried,25-29,924
2025,36650,장성군,F,total,25-29,641
2025,36650,장성군,F,unmarried,30-34,336
2025,36650,장성군,M,total,30-34,905
2025,36650,장성군,M,unmarried,30-34,636
2025,36650,장성군,F,total,30-34,761
2025,36650,장성군,F,unmarried,35-39,165
2025,36650,장성군,M,total,35-39,775
2025,36650,장성군,M,unmarried,35-39,386
2025,36650,장성군,F,total,35-39,689
2025,36650,장성군,F,unmarried,40-44,122
2025,36650,장성군,M,total,40-44,1000
2025,36650,장성군,M,unmarried,40-44,365
2025,36650,장성군,F,total,40-44,841
2025,36660,완도군,F,unmarried,20-24,265
2025,36660,완도군,M,total,20-24,534
2025,36660,완도군,M,unmarried,20-24,530
2025,36660,완도군,F,total,20-24,273
2025,36660,완도군,F,unmarried,25-29,442
2025,36660,완도군,M,total,25-29,762
2025,36660,완도군,M,unmarried,25-29,697
2025,36660,완도군,F,total,25-29,566
2025,36660,완도군,F,unmarried,30-34,232
2025,36660,완도군,M,total,30-34,666
2025,36660,완도군,M,unmarried,30-34,481
2025,36660,완도군,F,total,30-34,532
2025,36660,완도군,F,unmarried,35-39,125
2025,36660,완도군,M,total,35-39,750
2025,36660,완도군,M,unmarried,35-39,356
2025,36660,완도군,F,total,35-39,616
2025,36660,완도군,F,unmarried,40-44,128
2025,36660,완도군,M,total,40-44,1228
2025,36660,완도군,M,unmarried,40-44,372
2025,36660,완도군,F,total,40-44,933
2025,36670,진도군,F,unmarried,20-24,169
2025,36670,진도군,M,total,20-24,362
2025,36670,진도군,M,unmarried,20-24,357
2025,36670,진도군,F,total,20-24,179
2025,36670,진도군,F,unmarried,25-29,318
2025,36670,진도군,M,total,25-29,546
2025,36670,진도군,M,unmarried,25-29,503
2025,36670,진도군,F,total,25-29,391
2025,36670,진도군,F,unmarried,30-34,169
2025,36670,진도군,M,total,30-34,450
2025,36670,진도군,M,unmarried,30-34,341
2025,36670,진도군,F,total,30-34,385
2025,36670,진도군,F,unmarried,35-39,109
2025,36670,진도군,M,total,35-39,418
2025,36670,진도군,M,unmarried,35-39,221
2025,36670,진도군,F,total,35-39,405
2025,36670,진도군,F,unmarried,40-44,70
2025,36670,진도군,M,total,40-44,655
2025,36670,진도군,M,unmarried,40-44,236
2025,36670,진도군,F,total,40-44,469
2025,36680,신안군,F,unmarried,20-24,228
2025,36680,신안군,M,total,20-24,398
2025,36680,신안군,M,unmarried,20-24,394
2025,36680,신안군,F,total,20-24,235
2025,36680,신안군,F,unmarried,25-29,375
2025,36680,신안군,M,total,25-29,668
2025,36680,신안군,M,unmarried,25-29,628
2025,36680,신안군,F,total,25-29,426
2025,36680,신안군,F,unmarried,30-34,188
2025,36680,신안군,M,total,30-34,593
2025,36680,신안군,M,unmarried,30-34,454
2025,36680,신안군,F,total,30-34,360
2025,36680,신안군,F,unmarried,35-39,115
2025,36680,신안군,M,total,35-39,655
2025,36680,신안군,M,unmarried,35-39,325
2025,36680,신안군,F,total,35-39,452
2025,36680,신안군,F,unmarried,40-44,98
2025,36680,신안군,M,total,40-44,1006
2025,36680,신안군,M,unmarried,40-44,333
2025,36680,신안군,F,total,40-44,611
2025,37,경상북도,F,unmarried,20-24,42972
2025,37,경상북도,M,total,20-24,60731
2025,37,경상북도,M,unmarried,20-24,60446
2025,37,경상북도,F,total,20-24,43614
2025,37,경상북도,F,unmarried,25-29,41821
2025,37,경상북도,M,total,25-29,68748
2025,37,경상북도,M,unmarried,25-29,64790
2025,37,경상북도,F,total,25-29,49397
2025,37,경상북도,F,unmarried,30-34,27088
2025,37,경상북도,M,total,30-34,70689
2025,37,경상북도,M,unmarried,30-34,52138
2025,37,경상북도,F,total,30-34,54836
2025,37,경상북도,F,unmarried,35-39,13751
2025,37,경상북도,M,total,35-39,65619
2025,37,경상북도,M,unmarried,35-39,32026
2025,37,경상북도,F,total,35-39,55436
2025,37,경상북도,F,unmarried,40-44,11239
2025,37,경상북도,M,total,40-44,80946
2025,37,경상북도,M,unmarried,40-44,26106
2025,37,경상북도,F,total,40-44,73955
2025,37003,동부,F,unmarried,20-24,26383
2025,37003,동부,M,total,20-24,36836
2025,37003,동부,M,unmarried,20-24,36684
2025,37003,동부,F,total,20-24,26770
2025,37003,동부,F,unmarried,25-29,27146
2025,37003,동부,M,total,25-29,42847
2025,37003,동부,M,unmarried,25-29,40599
2025,37003,동부,F,total,25-29,31496
2025,37003,동부,F,unmarried,30-34,17246
2025,37003,동부,M,total,30-34,42307
2025,37003,동부,M,unmarried,30-34,31729
2025,37003,동부,F,total,30-34,33068
2025,37003,동부,F,unmarried,35-39,8309
2025,37003,동부,M,total,35-39,37929
2025,37003,동부,M,unmarried,35-39,18381
2025,37003,동부,F,total,35-39,32871
2025,37003,동부,F,unmarried,40-44,6740
2025,37003,동부,M,total,40-44,47135
2025,37003,동부,M,unmarried,40-44,14521
2025,37003,동부,F,total,40-44,45338
2025,37004,읍부,F,unmarried,20-24,12821
2025,37004,읍부,M,total,20-24,17437
2025,37004,읍부,M,unmarried,20-24,17343
2025,37004,읍부,F,total,20-24,13010
2025,37004,읍부,F,unmarried,25-29,10208
2025,37004,읍부,M,total,25-29,18061
2025,37004,읍부,M,unmarried,25-29,16734
2025,37004,읍부,F,total,25-29,12725
2025,37004,읍부,F,unmarried,30-34,6683
2025,37004,읍부,M,total,30-34,19921
2025,37004,읍부,M,unmarried,30-34,13595
2025,37004,읍부,F,total,30-34,15981
2025,37004,읍부,F,unmarried,35-39,3454
2025,37004,읍부,M,total,35-39,19666
2025,37004,읍부,M,unmarried,35-39,8711
2025,37004,읍부,F,total,35-39,16859
2025,37004,읍부,F,unmarried,40-44,2754
2025,37004,읍부,M,total,40-44,23956
2025,37004,읍부,M,unmarried,40-44,7074
2025,37004,읍부,F,total,40-44,21560
2025,37005,면부,F,unmarried,20-24,3768
2025,37005,면부,M,total,20-24,6458
2025,37005,면부,M,unmarried,20-24,6419
2025,37005,면부,F,total,20-24,3834
2025,37005,면부,F,unmarried,25-29,4467
2025,37005,면부,M,total,25-29,7840
2025,37005,면부,M,unmarried,25-29,7457
2025,37005,면부,F,total,25-29,5176
2025,37005,면부,F,unmarried,30-34,3159
2025,37005,면부,M,total,30-34,8461
2025,37005,면부,M,unmarried,30-34,6814
2025,37005,면부,F,total,30-34,5787
2025,37005,면부,F,unmarried,35-39,1988
2025,37005,면부,M,total,35-39,8024
2025,37005,면부,M,unmarried,35-39,4934
2025,37005,면부,F,total,35-39,5706
2025,37005,면부,F,unmarried,40-44,1745
2025,37005,면부,M,total,40-44,9855
2025,37005,면부,M,unmarried,40-44,4511
2025,37005,면부,F,total,40-44,7057
2025,37010,포항시,F,unmarried,20-24,7253
2025,37010,포항시,M,total,20-24,10965
2025,37010,포항시,M,unmarried,20-24,10911
2025,37010,포항시,F,total,20-24,7387
2025,37010,포항시,F,unmarried,25-29,8840
2025,37010,포항시,M,total,25-29,15264
2025,37010,포항시,M,unmarried,25-29,14272
2025,37010,포항시,F,total,25-29,10643
2025,37010,포항시,F,unmarried,30-34,5260
2025,37010,포항시,M,total,30-34,15683
2025,37010,포항시,M,unmarried,30-34,10879
2025,37010,포항시,F,total,30-34,11582
2025,37010,포항시,F,unmarried,35-39,2610
2025,37010,포항시,M,total,35-39,13666
2025,37010,포항시,M,unmarried,35-39,6029
2025,37010,포항시,F,total,35-39,11691
2025,37010,포항시,F,unmarried,40-44,2312
2025,37010,포항시,M,total,40-44,17275
2025,37010,포항시,M,unmarried,40-44,4981
2025,37010,포항시,F,total,40-44,16370
2025,37011,남구,F,unmarried,20-24,2804
2025,37011,남구,M,total,20-24,5100
2025,37011,남구,M,unmarried,20-24,5071
2025,37011,남구,F,total,20-24,2863
2025,37011,남구,F,unmarried,25-29,3883
2025,37011,남구,M,total,25-29,7644
2025,37011,남구,M,unmarried,25-29,7223
2025,37011,남구,F,total,25-29,4575
2025,37011,남구,F,unmarried,30-34,2231
2025,37011,남구,M,total,30-34,6861
2025,37011,남구,M,unmarried,30-34,5095
2025,37011,남구,F,total,30-34,4500
2025,37011,남구,F,unmarried,35-39,1089
2025,37011,남구,M,total,35-39,5756
2025,37011,남구,M,unmarried,35-39,2872
2025,37011,남구,F,total,35-39,4810
2025,37011,남구,F,unmarried,40-44,997
2025,37011,남구,M,total,40-44,7777
2025,37011,남구,M,unmarried,40-44,2470
2025,37011,남구,F,total,40-44,7045
2025,37012,북구,F,unmarried,20-24,4449
2025,37012,북구,M,total,20-24,5865
2025,37012,북구,M,unmarried,20-24,5840
2025,37012,북구,F,total,20-24,4524
2025,37012,북구,F,unmarried,25-29,4957
2025,37012,북구,M,total,25-29,7620
2025,37012,북구,M,unmarried,25-29,7049
2025,37012,북구,F,total,25-29,6068
2025,37012,북구,F,unmarried,30-34,3029
2025,37012,북구,M,total,30-34,8822
2025,37012,북구,M,unmarried,30-34,5784
2025,37012,북구,F,total,30-34,7082
2025,37012,북구,F,unmarried,35-39,1521
2025,37012,북구,M,total,35-39,7910
2025,37012,북구,M,unmarried,35-39,3157
2025,37012,북구,F,total,35-39,6881
2025,37012,북구,F,unmarried,40-44,1315
2025,37012,북구,M,total,40-44,9498
2025,37012,북구,M,unmarried,40-44,2511
2025,37012,북구,F,total,40-44,9325
2025,37020,경주시,F,unmarried,20-24,4384
2025,37020,경주시,M,total,20-24,5868
2025,37020,경주시,M,unmarried,20-24,5843
2025,37020,경주시,F,total,20-24,4448
2025,37020,경주시,F,unmarried,25-29,4030
2025,37020,경주시,M,total,25-29,6196
2025,37020,경주시,M,unmarried,25-29,5873
2025,37020,경주시,F,total,25-29,4669
2025,37020,경주시,F,unmarried,30-34,2629
2025,37020,경주시,M,total,30-34,6426
2025,37020,경주시,M,unmarried,30-34,4836
2025,37020,경주시,F,total,30-34,5079
2025,37020,경주시,F,unmarried,35-39,1343
2025,37020,경주시,M,total,35-39,5882
2025,37020,경주시,M,unmarried,35-39,2944
2025,37020,경주시,F,total,35-39,4997
2025,37020,경주시,F,unmarried,40-44,1139
2025,37020,경주시,M,total,40-44,7218
2025,37020,경주시,M,unmarried,40-44,2537
2025,37020,경주시,F,total,40-44,6608
2025,37030,김천시,F,unmarried,20-24,2057
2025,37030,김천시,M,total,20-24,2568
2025,37030,김천시,M,unmarried,20-24,2558
2025,37030,김천시,F,total,20-24,2090
2025,37030,김천시,F,unmarried,25-29,2060
2025,37030,김천시,M,total,25-29,3241
2025,37030,김천시,M,unmarried,25-29,3031
2025,37030,김천시,F,total,25-29,2510
2025,37030,김천시,F,unmarried,30-34,1368
2025,37030,김천시,M,total,30-34,3680
2025,37030,김천시,M,unmarried,30-34,2712
2025,37030,김천시,F,total,30-34,2847
2025,37030,김천시,F,unmarried,35-39,671
2025,37030,김천시,M,total,35-39,3362
2025,37030,김천시,M,unmarried,35-39,1625
2025,37030,김천시,F,total,35-39,2863
2025,37030,김천시,F,unmarried,40-44,577
2025,37030,김천시,M,total,40-44,4178
2025,37030,김천시,M,unmarried,40-44,1301
2025,37030,김천시,F,total,40-44,3867
2025,37040,안동시,F,unmarried,20-24,3448
2025,37040,안동시,M,total,20-24,4304
2025,37040,안동시,M,unmarried,20-24,4285
2025,37040,안동시,F,total,20-24,3494
2025,37040,안동시,F,unmarried,25-29,2891
2025,37040,안동시,M,total,25-29,3932
2025,37040,안동시,M,unmarried,25-29,3716
2025,37040,안동시,F,total,25-29,3348
2025,37040,안동시,F,unmarried,30-34,1681
2025,37040,안동시,M,total,30-34,3995
2025,37040,안동시,M,unmarried,30-34,2894
2025,37040,안동시,F,total,30-34,3257
2025,37040,안동시,F,unmarried,35-39,830
2025,37040,안동시,M,total,35-39,3414
2025,37040,안동시,M,unmarried,35-39,1676
2025,37040,안동시,F,total,35-39,3070
2025,37040,안동시,F,unmarried,40-44,680
2025,37040,안동시,M,total,40-44,4211
2025,37040,안동시,M,unmarried,40-44,1469
2025,37040,안동시,F,total,40-44,4111
2025,37050,구미시,F,unmarried,20-24,7013
2025,37050,구미시,M,total,20-24,11791
2025,37050,구미시,M,unmarried,20-24,11725
2025,37050,구미시,F,total,20-24,7152
2025,37050,구미시,F,unmarried,25-29,8323
2025,37050,구미시,M,total,25-29,14518
2025,37050,구미시,M,unmarried,25-29,13648
2025,37050,구미시,F,total,25-29,9924
2025,37050,구미시,F,unmarried,30-34,6284
2025,37050,구미시,M,total,30-34,15861
2025,37050,구미시,M,unmarried,30-34,11574
2025,37050,구미시,F,total,30-34,12817
2025,37050,구미시,F,unmarried,35-39,3013
2025,37050,구미시,M,total,35-39,15503
2025,37050,구미시,M,unmarried,35-39,7089
2025,37050,구미시,F,total,35-39,12989
2025,37050,구미시,F,unmarried,40-44,2196
2025,37050,구미시,M,total,40-44,17908
2025,37050,구미시,M,unmarried,40-44,5003
2025,37050,구미시,F,total,40-44,16547
2025,37060,영주시,F,unmarried,20-24,1521
2025,37060,영주시,M,total,20-24,2330
2025,37060,영주시,M,unmarried,20-24,2317
2025,37060,영주시,F,total,20-24,1549
2025,37060,영주시,F,unmarried,25-29,1369
2025,37060,영주시,M,total,25-29,2342
2025,37060,영주시,M,unmarried,25-29,2199
2025,37060,영주시,F,total,25-29,1651
2025,37060,영주시,F,unmarried,30-34,815
2025,37060,영주시,M,total,30-34,2114
2025,37060,영주시,M,unmarried,30-34,1599
2025,37060,영주시,F,total,30-34,1603
2025,37060,영주시,F,unmarried,35-39,405
2025,37060,영주시,M,total,35-39,1960
2025,37060,영주시,M,unmarried,35-39,1010
2025,37060,영주시,F,total,35-39,1615
2025,37060,영주시,F,unmarried,40-44,348
2025,37060,영주시,M,total,40-44,2467
2025,37060,영주시,M,unmarried,40-44,865
2025,37060,영주시,F,total,40-44,2279
2025,37070,영천시,F,unmarried,20-24,971
2025,37070,영천시,M,total,20-24,1874
2025,37070,영천시,M,unmarried,20-24,1866
2025,37070,영천시,F,total,20-24,988
2025,37070,영천시,F,unmarried,25-29,1191
2025,37070,영천시,M,total,25-29,2069
2025,37070,영천시,M,unmarried,25-29,1971
2025,37070,영천시,F,total,25-29,1422
2025,37070,영천시,F,unmarried,30-34,800
2025,37070,영천시,M,total,30-34,2166
2025,37070,영천시,M,unmarried,30-34,1672
2025,37070,영천시,F,total,30-34,1652
2025,37070,영천시,F,unmarried,35-39,452
2025,37070,영천시,M,total,35-39,1988
2025,37070,영천시,M,unmarried,35-39,1059
2025,37070,영천시,F,total,35-39,1768
2025,37070,영천시,F,unmarried,40-44,389
2025,37070,영천시,M,total,40-44,2576
2025,37070,영천시,M,unmarried,40-44,1004
2025,37070,영천시,F,total,40-44,2059
2025,37080,상주시,F,unmarried,20-24,1064
2025,37080,상주시,M,total,20-24,1915
2025,37080,상주시,M,unmarried,20-24,1908
2025,37080,상주시,F,total,20-24,1077
2025,37080,상주시,F,unmarried,25-29,1092
2025,37080,상주시,M,total,25-29,1763
2025,37080,상주시,M,unmarried,25-29,1677
2025,37080,상주시,F,total,25-29,1254
2025,37080,상주시,F,unmarried,30-34,613
2025,37080,상주시,M,total,30-34,1560
2025,37080,상주시,M,unmarried,30-34,1208
2025,37080,상주시,F,total,30-34,1248
2025,37080,상주시,F,unmarried,35-39,333
2025,37080,상주시,M,total,35-39,1582
2025,37080,상주시,M,unmarried,35-39,860
2025,37080,상주시,F,total,35-39,1369
2025,37080,상주시,F,unmarried,40-44,310
2025,37080,상주시,M,total,40-44,2171
2025,37080,상주시,M,unmarried,40-44,739
2025,37080,상주시,F,total,40-44,1880
2025,37090,문경시,F,unmarried,20-24,592
2025,37090,문경시,M,total,20-24,930
2025,37090,문경시,M,unmarried,20-24,926
2025,37090,문경시,F,total,20-24,606
2025,37090,문경시,F,unmarried,25-29,885
2025,37090,문경시,M,total,25-29,1234
2025,37090,문경시,M,unmarried,25-29,1164
2025,37090,문경시,F,total,25-29,1022
2025,37090,문경시,F,unmarried,30-34,463
2025,37090,문경시,M,total,30-34,1099
2025,37090,문경시,M,unmarried,30-34,881
2025,37090,문경시,F,total,30-34,897
2025,37090,문경시,F,unmarried,35-39,286
2025,37090,문경시,M,total,35-39,1164
2025,37090,문경시,M,unmarried,35-39,635
2025,37090,문경시,F,total,35-39,996
2025,37090,문경시,F,unmarried,40-44,225
2025,37090,문경시,M,total,40-44,1544
2025,37090,문경시,M,unmarried,40-44,574
2025,37090,문경시,F,total,40-44,1450
2025,37100,경산시,F,unmarried,20-24,11243
2025,37100,경산시,M,total,20-24,11859
2025,37100,경산시,M,unmarried,20-24,11829
2025,37100,경산시,F,total,20-24,11311
2025,37100,경산시,F,unmarried,25-29,6143
2025,37100,경산시,M,total,25-29,9663
2025,37100,경산시,M,unmarried,25-29,9216
2025,37100,경산시,F,total,25-29,7061
2025,37100,경산시,F,unmarried,30-34,3701
2025,37100,경산시,M,total,30-34,8866
2025,37100,경산시,M,unmarried,30-34,6699
2025,37100,경산시,F,total,30-34,7029
2025,37100,경산시,F,unmarried,35-39,1794
2025,37100,경산시,M,total,35-39,7761
2025,37100,경산시,M,unmarried,35-39,3967
2025,37100,경산시,F,total,35-39,6510
2025,37100,경산시,F,unmarried,40-44,1318
2025,37100,경산시,M,total,40-44,9093
2025,37100,경산시,M,unmarried,40-44,3086
2025,37100,경산시,F,total,40-44,8293
2025,37520,의성군,F,unmarried,20-24,229
2025,37520,의성군,M,total,20-24,422
2025,37520,의성군,M,unmarried,20-24,418
2025,37520,의성군,F,total,20-24,230
2025,37520,의성군,F,unmarried,25-29,380
2025,37520,의성군,M,total,25-29,560
2025,37520,의성군,M,unmarried,25-29,538
2025,37520,의성군,F,total,25-29,437
2025,37520,의성군,F,unmarried,30-34,284
2025,37520,의성군,M,total,30-34,681
2025,37520,의성군,M,unmarried,30-34,574
2025,37520,의성군,F,total,30-34,508
2025,37520,의성군,F,unmarried,35-39,151
2025,37520,의성군,M,total,35-39,729
2025,37520,의성군,M,unmarried,35-39,443
2025,37520,의성군,F,total,35-39,500
2025,37520,의성군,F,unmarried,40-44,142
2025,37520,의성군,M,total,40-44,874
2025,37520,의성군,M,unmarried,40-44,384
2025,37520,의성군,F,total,40-44,656
2025,37530,청송군,F,unmarried,20-24,126
2025,37530,청송군,M,total,20-24,221
2025,37530,청송군,M,unmarried,20-24,220
2025,37530,청송군,F,total,20-24,129
2025,37530,청송군,F,unmarried,25-29,245
2025,37530,청송군,M,total,25-29,389
2025,37530,청송군,M,unmarried,25-29,372
2025,37530,청송군,F,total,25-29,276
2025,37530,청송군,F,unmarried,30-34,120
2025,37530,청송군,M,total,30-34,427
2025,37530,청송군,M,unmarried,30-34,358
2025,37530,청송군,F,total,30-34,240
2025,37530,청송군,F,unmarried,35-39,76
2025,37530,청송군,M,total,35-39,416
2025,37530,청송군,M,unmarried,35-39,279
2025,37530,청송군,F,total,35-39,266
2025,37530,청송군,F,unmarried,40-44,80
2025,37530,청송군,M,total,40-44,446
2025,37530,청송군,M,unmarried,40-44,190
2025,37530,청송군,F,total,40-44,362
2025,37540,영양군,F,unmarried,20-24,94
2025,37540,영양군,M,total,20-24,140
2025,37540,영양군,M,unmarried,20-24,140
2025,37540,영양군,F,total,20-24,95
2025,37540,영양군,F,unmarried,25-29,169
2025,37540,영양군,M,total,25-29,219
2025,37540,영양군,M,unmarried,25-29,215
2025,37540,영양군,F,total,25-29,185
2025,37540,영양군,F,unmarried,30-34,104
2025,37540,영양군,M,total,30-34,229
2025,37540,영양군,M,unmarried,30-34,196
2025,37540,영양군,F,total,30-34,169
2025,37540,영양군,F,unmarried,35-39,56
2025,37540,영양군,M,total,35-39,243
2025,37540,영양군,M,unmarried,35-39,156
2025,37540,영양군,F,total,35-39,199
2025,37540,영양군,F,unmarried,40-44,35
2025,37540,영양군,M,total,40-44,294
2025,37540,영양군,M,unmarried,40-44,127
2025,37540,영양군,F,total,40-44,223
2025,37550,영덕군,F,unmarried,20-24,154
2025,37550,영덕군,M,total,20-24,312
2025,37550,영덕군,M,unmarried,20-24,310
2025,37550,영덕군,F,total,20-24,158
2025,37550,영덕군,F,unmarried,25-29,290
2025,37550,영덕군,M,total,25-29,450
2025,37550,영덕군,M,unmarried,25-29,414
2025,37550,영덕군,F,total,25-29,337
2025,37550,영덕군,F,unmarried,30-34,183
2025,37550,영덕군,M,total,30-34,514
2025,37550,영덕군,M,unmarried,30-34,411
2025,37550,영덕군,F,total,30-34,356
2025,37550,영덕군,F,unmarried,35-39,124
2025,37550,영덕군,M,total,35-39,442
2025,37550,영덕군,M,unmarried,35-39,261
2025,37550,영덕군,F,total,35-39,395
2025,37550,영덕군,F,unmarried,40-44,129
2025,37550,영덕군,M,total,40-44,638
2025,37550,영덕군,M,unmarried,40-44,257
2025,37550,영덕군,F,total,40-44,610
2025,37560,청도군,F,unmarried,20-24,243
2025,37560,청도군,M,total,20-24,399
2025,37560,청도군,M,unmarried,20-24,399
2025,37560,청도군,F,total,20-24,248
2025,37560,청도군,F,unmarried,25-29,333
2025,37560,청도군,M,total,25-29,488
2025,37560,청도군,M,unmarried,25-29,463
2025,37560,청도군,F,total,25-29,366
2025,37560,청도군,F,unmarried,30-34,234
2025,37560,청도군,M,total,30-34,561
2025,37560,청도군,M,unmarried,30-34,480
2025,37560,청도군,F,total,30-34,403
2025,37560,청도군,F,unmarried,35-39,163
2025,37560,청도군,M,total,35-39,548
2025,37560,청도군,M,unmarried,35-39,362
2025,37560,청도군,F,total,35-39,447
2025,37560,청도군,F,unmarried,40-44,167
2025,37560,청도군,M,total,40-44,788
2025,37560,청도군,M,unmarried,40-44,362
2025,37560,청도군,F,total,40-44,662
2025,37570,고령군,F,unmarried,20-24,232
2025,37570,고령군,M,total,20-24,420
2025,37570,고령군,M,unmarried,20-24,413
2025,37570,고령군,F,total,20-24,241
2025,37570,고령군,F,unmarried,25-29,339
2025,37570,고령군,M,total,25-29,508
2025,37570,고령군,M,unmarried,25-29,482
2025,37570,고령군,F,total,25-29,394
2025,37570,고령군,F,unmarried,30-34,223
2025,37570,고령군,M,total,30-34,503
2025,37570,고령군,M,unmarried,30-34,419
2025,37570,고령군,F,total,30-34,368
2025,37570,고령군,F,unmarried,35-39,125
2025,37570,고령군,M,total,35-39,474
2025,37570,고령군,M,unmarried,35-39,294
2025,37570,고령군,F,total,35-39,390
2025,37570,고령군,F,unmarried,40-44,104
2025,37570,고령군,M,total,40-44,658
2025,37570,고령군,M,unmarried,40-44,290
2025,37570,고령군,F,total,40-44,546
2025,37580,성주군,F,unmarried,20-24,233
2025,37580,성주군,M,total,20-24,418
2025,37580,성주군,M,unmarried,20-24,411
2025,37580,성주군,F,total,20-24,240
2025,37580,성주군,F,unmarried,25-29,366
2025,37580,성주군,M,total,25-29,606
2025,37580,성주군,M,unmarried,25-29,568
2025,37580,성주군,F,total,25-29,438
2025,37580,성주군,F,unmarried,30-34,284
2025,37580,성주군,M,total,30-34,785
2025,37580,성주군,M,unmarried,30-34,610
2025,37580,성주군,F,total,30-34,557
2025,37580,성주군,F,unmarried,35-39,156
2025,37580,성주군,M,total,35-39,736
2025,37580,성주군,M,unmarried,35-39,434
2025,37580,성주군,F,total,35-39,531
2025,37580,성주군,F,unmarried,40-44,129
2025,37580,성주군,M,total,40-44,873
2025,37580,성주군,M,unmarried,40-44,339
2025,37580,성주군,F,total,40-44,651
2025,37590,칠곡군,F,unmarried,20-24,1290
2025,37590,칠곡군,M,total,20-24,2271
2025,37590,칠곡군,M,unmarried,20-24,2252
2025,37590,칠곡군,F,total,20-24,1317
2025,37590,칠곡군,F,unmarried,25-29,1462
2025,37590,칠곡군,M,total,25-29,2661
2025,37590,칠곡군,M,unmarried,25-29,2514
2025,37590,칠곡군,F,total,25-29,1696
2025,37590,칠곡군,F,unmarried,30-34,1091
2025,37590,칠곡군,M,total,30-34,2622
2025,37590,칠곡군,M,unmarried,30-34,2085
2025,37590,칠곡군,F,total,30-34,1956
2025,37590,칠곡군,F,unmarried,35-39,652
2025,37590,칠곡군,M,total,35-39,2823
2025,37590,칠곡군,M,unmarried,35-39,1603
2025,37590,칠곡군,F,total,35-39,2396
2025,37590,칠곡군,F,unmarried,40-44,496
2025,37590,칠곡군,M,total,40-44,4305
2025,37590,칠곡군,M,unmarried,40-44,1573
2025,37590,칠곡군,F,total,40-44,3587
2025,37600,예천군,F,unmarried,20-24,384
2025,37600,예천군,M,total,20-24,780
2025,37600,예천군,M,unmarried,20-24,777
2025,37600,예천군,F,total,20-24,400
2025,37600,예천군,F,unmarried,25-29,540
2025,37600,예천군,M,total,25-29,870
2025,37600,예천군,M,unmarried,25-29,783
2025,37600,예천군,F,total,25-29,708
2025,37600,예천군,F,unmarried,30-34,378
2025,37600,예천군,M,total,30-34,1142
2025,37600,예천군,M,unmarried,30-34,703
2025,37600,예천군,F,total,30-34,1065
2025,37600,예천군,F,unmarried,35-39,203
2025,37600,예천군,M,total,35-39,1332
2025,37600,예천군,M,unmarried,35-39,474
2025,37600,예천군,F,total,35-39,1252
2025,37600,예천군,F,unmarried,40-44,186
2025,37600,예천군,M,total,40-44,1543
2025,37600,예천군,M,unmarried,40-44,341
2025,37600,예천군,F,total,40-44,1599
2025,37610,봉화군,F,unmarried,20-24,113
2025,37610,봉화군,M,total,20-24,274
2025,37610,봉화군,M,unmarried,20-24,273
2025,37610,봉화군,F,total,20-24,120
2025,37610,봉화군,F,unmarried,25-29,203
2025,37610,봉화군,M,total,25-29,367
2025,37610,봉화군,M,unmarried,25-29,358
2025,37610,봉화군,F,total,25-29,233
2025,37610,봉화군,F,unmarried,30-34,130
2025,37610,봉화군,M,total,30-34,344
2025,37610,봉화군,M,unmarried,30-34,286
2025,37610,봉화군,F,total,30-34,239
2025,37610,봉화군,F,unmarried,35-39,102
2025,37610,봉화군,M,total,35-39,379
2025,37610,봉화군,M,unmarried,35-39,233
2025,37610,봉화군,F,total,35-39,296
2025,37610,봉화군,F,unmarried,40-44,82
2025,37610,봉화군,M,total,40-44,508
2025,37610,봉화군,M,unmarried,40-44,233
2025,37610,봉화군,F,total,40-44,410
2025,37620,울진군,F,unmarried,20-24,285
2025,37620,울진군,M,total,20-24,555
2025,37620,울진군,M,unmarried,20-24,550
2025,37620,울진군,F,total,20-24,290
2025,37620,울진군,F,unmarried,25-29,564
2025,37620,울진군,M,total,25-29,1157
2025,37620,울진군,M,unmarried,25-29,1075
2025,37620,울진군,F,total,25-29,713
2025,37620,울진군,F,unmarried,30-34,357
2025,37620,울진군,M,total,30-34,1172
2025,37620,울진군,M,unmarried,30-34,843
2025,37620,울진군,F,total,30-34,826
2025,37620,울진군,F,unmarried,35-39,168
2025,37620,울진군,M,total,35-39,1003
2025,37620,울진군,M,unmarried,35-39,466
2025,37620,울진군,F,total,35-39,775
2025,37620,울진군,F,unmarried,40-44,146
2025,37620,울진군,M,total,40-44,1087
2025,37620,울진군,M,unmarried,40-44,348
2025,37620,울진군,F,total,40-44,1002
2025,37630,울릉군,F,unmarried,20-24,43
2025,37630,울릉군,M,total,20-24,115
2025,37630,울릉군,M,unmarried,20-24,115
2025,37630,울릉군,F,total,20-24,44
2025,37630,울릉군,F,unmarried,25-29,106
2025,37630,울릉군,M,total,25-29,251
2025,37630,울릉군,M,unmarried,25-29,241
2025,37630,울릉군,F,total,25-29,110
2025,37630,울릉군,F,unmarried,30-34,86
2025,37630,울릉군,M,total,30-34,259
2025,37630,울릉군,M,unmarried,30-34,219
2025,37630,울릉군,F,total,30-34,138
2025,37630,울릉군,F,unmarried,35-39,38
2025,37630,울릉군,M,total,35-39,212
2025,37630,울릉군,M,unmarried,35-39,127
2025,37630,울릉군,F,total,35-39,121
2025,37630,울릉군,F,unmarried,40-44,49
2025,37630,울릉군,M,total,40-44,291
2025,37630,울릉군,M,unmarried,40-44,103
2025,37630,울릉군,F,total,40-44,183
2025,38,경상남도,F,unmarried,20-24,48511
2025,38,경상남도,M,total,20-24,70520
2025,38,경상남도,M,unmarried,20-24,70241
2025,38,경상남도,F,total,20-24,49160
2025,38,경상남도,F,unmarried,25-29,57497
2025,38,경상남도,M,total,25-29,85694
2025,38,경상남도,M,unmarried,25-29,80809
2025,38,경상남도,F,total,25-29,66578
2025,38,경상남도,F,unmarried,30-34,39215
2025,38,경상남도,M,total,30-34,91717
2025,38,경상남도,M,unmarried,30-34,66621
2025,38,경상남도,F,total,30-34,76405
2025,38,경상남도,F,unmarried,35-39,18836
2025,38,경상남도,M,total,35-39,87120
2025,38,경상남도,M,unmarried,35-39,40178
2025,38,경상남도,F,total,35-39,77855
2025,38,경상남도,F,unmarried,40-44,14884
2025,38,경상남도,M,total,40-44,114196
2025,38,경상남도,M,unmarried,40-44,34191
2025,38,경상남도,F,total,40-44,107023
2025,38003,동부,F,unmarried,20-24,36943
2025,38003,동부,M,total,20-24,52212
2025,38003,동부,M,unmarried,20-24,52022
2025,38003,동부,F,total,20-24,37404
2025,38003,동부,F,unmarried,25-29,42238
2025,38003,동부,M,total,25-29,62513
2025,38003,동부,M,unmarried,25-29,59125
2025,38003,동부,F,total,25-29,48517
2025,38003,동부,F,unmarried,30-34,28537
2025,38003,동부,M,total,30-34,64985
2025,38003,동부,M,unmarried,30-34,47601
2025,38003,동부,F,total,30-34,54362
2025,38003,동부,F,unmarried,35-39,13349
2025,38003,동부,M,total,35-39,60259
2025,38003,동부,M,unmarried,35-39,27888
2025,38003,동부,F,total,35-39,53498
2025,38003,동부,F,unmarried,40-44,10299
2025,38003,동부,M,total,40-44,77188
2025,38003,동부,M,unmarried,40-44,23297
2025,38003,동부,F,total,40-44,72546
2025,38004,읍부,F,unmarried,20-24,6778
2025,38004,읍부,M,total,20-24,10043
2025,38004,읍부,M,unmarried,20-24,9997
2025,38004,읍부,F,total,20-24,6870
2025,38004,읍부,F,unmarried,25-29,8290
2025,38004,읍부,M,total,25-29,11558
2025,38004,읍부,M,unmarried,25-29,10874
2025,38004,읍부,F,total,25-29,9549
2025,38004,읍부,F,unmarried,30-34,5317
2025,38004,읍부,M,total,30-34,12164
2025,38004,읍부,M,unmarried,30-34,8852
2025,38004,읍부,F,total,30-34,10352
2025,38004,읍부,F,unmarried,35-39,2561
2025,38004,읍부,M,total,35-39,12065
2025,38004,읍부,M,unmarried,35-39,5475
2025,38004,읍부,F,total,35-39,11512
2025,38004,읍부,F,unmarried,40-44,1987
2025,38004,읍부,M,total,40-44,16962
2025,38004,읍부,M,unmarried,40-44,4504
2025,38004,읍부,F,total,40-44,17034
2025,38005,면부,F,unmarried,20-24,4790
2025,38005,면부,M,total,20-24,8265
2025,38005,면부,M,unmarried,20-24,8222
2025,38005,면부,F,total,20-24,4886
2025,38005,면부,F,unmarried,25-29,6969
2025,38005,면부,M,total,25-29,11623
2025,38005,면부,M,unmarried,25-29,10810
2025,38005,면부,F,total,25-29,8512
2025,38005,면부,F,unmarried,30-34,5361
2025,38005,면부,M,total,30-34,14568
2025,38005,면부,M,unmarried,30-34,10168
2025,38005,면부,F,total,30-34,11691
2025,38005,면부,F,unmarried,35-39,2926
2025,38005,면부,M,total,35-39,14796
2025,38005,면부,M,unmarried,35-39,6815
2025,38005,면부,F,total,35-39,12845
2025,38005,면부,F,unmarried,40-44,2598
2025,38005,면부,M,total,40-44,20046
2025,38005,면부,M,unmarried,40-44,6390
2025,38005,면부,F,total,40-44,17443
2025,38030,진주시,F,unmarried,20-24,9006
2025,38030,진주시,M,total,20-24,11333
2025,38030,진주시,M,unmarried,20-24,11288
2025,38030,진주시,F,total,20-24,9085
2025,38030,진주시,F,unmarried,25-29,7574
2025,38030,진주시,M,total,25-29,10747
2025,38030,진주시,M,unmarried,25-29,10217
2025,38030,진주시,F,total,25-29,8628
2025,38030,진주시,F,unmarried,30-34,4745
2025,38030,진주시,M,total,30-34,10725
2025,38030,진주시,M,unmarried,30-34,7733
2025,38030,진주시,F,total,30-34,9242
2025,38030,진주시,F,unmarried,35-39,2119
2025,38030,진주시,M,total,35-39,9690
2025,38030,진주시,M,unmarried,35-39,4303
2025,38030,진주시,F,total,35-39,8722
2025,38030,진주시,F,unmarried,40-44,1625
2025,38030,진주시,M,total,40-44,10900
2025,38030,진주시,M,unmarried,40-44,3049
2025,38030,진주시,F,total,40-44,11250
2025,38050,통영시,F,unmarried,20-24,1195
2025,38050,통영시,M,total,20-24,2271
2025,38050,통영시,M,unmarried,20-24,2264
2025,38050,통영시,F,total,20-24,1213
2025,38050,통영시,F,unmarried,25-29,1456
2025,38050,통영시,M,total,25-29,2139
2025,38050,통영시,M,unmarried,25-29,2018
2025,38050,통영시,F,total,25-29,1680
2025,38050,통영시,F,unmarried,30-34,1018
2025,38050,통영시,M,total,30-34,2126
2025,38050,통영시,M,unmarried,30-34,1619
2025,38050,통영시,F,total,30-34,1855
2025,38050,통영시,F,unmarried,35-39,611
2025,38050,통영시,M,total,35-39,2418
2025,38050,통영시,M,unmarried,35-39,1277
2025,38050,통영시,F,total,35-39,2258
2025,38050,통영시,F,unmarried,40-44,543
2025,38050,통영시,M,total,40-44,3945
2025,38050,통영시,M,unmarried,40-44,1378
2025,38050,통영시,F,total,40-44,3781
2025,38060,사천시,F,unmarried,20-24,1005
2025,38060,사천시,M,total,20-24,1969
2025,38060,사천시,M,unmarried,20-24,1951
2025,38060,사천시,F,total,20-24,1025
2025,38060,사천시,F,unmarried,25-29,1458
2025,38060,사천시,M,total,25-29,2868
2025,38060,사천시,M,unmarried,25-29,2647
2025,38060,사천시,F,total,25-29,1829
2025,38060,사천시,F,unmarried,30-34,968
2025,38060,사천시,M,total,30-34,3126
2025,38060,사천시,M,unmarried,30-34,2216
2025,38060,사천시,F,total,30-34,2119
2025,38060,사천시,F,unmarried,35-39,481
2025,38060,사천시,M,total,35-39,2587
2025,38060,사천시,M,unmarried,35-39,1222
2025,38060,사천시,F,total,35-39,2174
2025,38060,사천시,F,unmarried,40-44,453
2025,38060,사천시,M,total,40-44,3564
2025,38060,사천시,M,unmarried,40-44,1150
2025,38060,사천시,F,total,40-44,3234
2025,38070,김해시,F,unmarried,20-24,9209
2025,38070,김해시,M,total,20-24,13073
2025,38070,김해시,M,unmarried,20-24,13031
2025,38070,김해시,F,total,20-24,9353
2025,38070,김해시,F,unmarried,25-29,10891
2025,38070,김해시,M,total,25-29,15251
2025,38070,김해시,M,unmarried,25-29,14322
2025,38070,김해시,F,total,25-29,12640
2025,38070,김해시,F,unmarried,30-34,7425
2025,38070,김해시,M,total,30-34,17105
2025,38070,김해시,M,unmarried,30-34,12000
2025,38070,김해시,F,total,30-34,15040
2025,38070,김해시,F,unmarried,35-39,3280
2025,38070,김해시,M,total,35-39,15975
2025,38070,김해시,M,unmarried,35-39,6893
2025,38070,김해시,F,total,35-39,14448
2025,38070,김해시,F,unmarried,40-44,2363
2025,38070,김해시,M,total,40-44,20451
2025,38070,김해시,M,unmarried,40-44,5569
2025,38070,김해시,F,total,40-44,19626
2025,38080,밀양시,F,unmarried,20-24,978
2025,38080,밀양시,M,total,20-24,1701
2025,38080,밀양시,M,unmarried,20-24,1695
2025,38080,밀양시,F,total,20-24,989
2025,38080,밀양시,F,unmarried,25-29,1274
2025,38080,밀양시,M,total,25-29,1998
2025,38080,밀양시,M,unmarried,25-29,1910
2025,38080,밀양시,F,total,25-29,1446
2025,38080,밀양시,F,unmarried,30-34,870
2025,38080,밀양시,M,total,30-34,2176
2025,38080,밀양시,M,unmarried,30-34,1703
2025,38080,밀양시,F,total,30-34,1551
2025,38080,밀양시,F,unmarried,35-39,523
2025,38080,밀양시,M,total,35-39,1845
2025,38080,밀양시,M,unmarried,35-39,1038
2025,38080,밀양시,F,total,35-39,1615
2025,38080,밀양시,F,unmarried,40-44,474
2025,38080,밀양시,M,total,40-44,2589
2025,38080,밀양시,M,unmarried,40-44,1030
2025,38080,밀양시,F,total,40-44,2272
2025,38090,거제시,F,unmarried,20-24,2313
2025,38090,거제시,M,total,20-24,4317
2025,38090,거제시,M,unmarried,20-24,4291
2025,38090,거제시,F,total,20-24,2367
2025,38090,거제시,F,unmarried,25-29,3364
2025,38090,거제시,M,total,25-29,5283
2025,38090,거제시,M,unmarried,25-29,4944
2025,38090,거제시,F,total,25-29,4033
2025,38090,거제시,F,unmarried,30-34,2007
2025,38090,거제시,M,total,30-34,5388
2025,38090,거제시,M,unmarried,30-34,3913
2025,38090,거제시,F,total,30-34,4412
2025,38090,거제시,F,unmarried,35-39,1058
2025,38090,거제시,M,total,35-39,6569
2025,38090,거제시,M,unmarried,35-39,2780
2025,38090,거제시,F,total,35-39,6085
2025,38090,거제시,F,unmarried,40-44,895
2025,38090,거제시,M,total,40-44,11388
2025,38090,거제시,M,unmarried,40-44,2964
2025,38090,거제시,F,total,40-44,9956
2025,38100,양산시,F,unmarried,20-24,5665
2025,38100,양산시,M,total,20-24,7198
2025,38100,양산시,M,unmarried,20-24,7163
2025,38100,양산시,F,total,20-24,5753
2025,38100,양산시,F,unmarried,25-29,6972
2025,38100,양산시,M,total,25-29,9146
2025,38100,양산시,M,unmarried,25-29,8510
2025,38100,양산시,F,total,25-29,8156
2025,38100,양산시,F,unmarried,30-34,4967
2025,38100,양산시,M,total,30-34,11338
2025,38100,양산시,M,unmarried,30-34,7769
2025,38100,양산시,F,total,30-34,10282
2025,38100,양산시,F,unmarried,35-39,2330
2025,38100,양산시,M,total,35-39,11363
2025,38100,양산시,M,unmarried,35-39,4740
2025,38100,양산시,F,total,35-39,10642
2025,38100,양산시,F,unmarried,40-44,1756
2025,38100,양산시,M,total,40-44,14941
2025,38100,양산시,M,unmarried,40-44,3880
2025,38100,양산시,F,total,40-44,13975
2025,38110,창원시,F,unmarried,20-24,16216
2025,38110,창원시,M,total,20-24,22906
2025,38110,창원시,M,unmarried,20-24,22835
2025,38110,창원시,F,total,20-24,16390
2025,38110,창원시,F,unmarried,25-29,20272
2025,38110,창원시,M,total,25-29,31054
2025,38110,창원시,M,unmarried,25-29,29382
2025,38110,창원시,F,total,25-29,23262
2025,38110,창원시,F,unmarried,30-34,14369
2025,38110,창원시,M,total,30-34,32627
2025,38110,창원시,M,unmarried,30-34,23996
2025,38110,창원시,F,total,30-34,26820
2025,38110,창원시,F,unmarried,35-39,6778
2025,38110,창원시,M,total,35-39,30019
2025,38110,창원시,M,unmarried,35-39,14094
2025,38110,창원시,F,total,35-39,26274
2025,38110,창원시,F,unmarried,40-44,5293
2025,38110,창원시,M,total,40-44,37069
2025,38110,창원시,M,unmarried,40-44,11628
2025,38110,창원시,F,total,40-44,34375
2025,38111,의창구,F,unmarried,20-24,3901
2025,38111,의창구,M,total,20-24,5060
2025,38111,의창구,M,unmarried,20-24,5051
2025,38111,의창구,F,total,20-24,3941
2025,38111,의창구,F,unmarried,25-29,4559
2025,38111,의창구,M,total,25-29,7002
2025,38111,의창구,M,unmarried,25-29,6655
2025,38111,의창구,F,total,25-29,5203
2025,38111,의창구,F,unmarried,30-34,3209
2025,38111,의창구,M,total,30-34,7234
2025,38111,의창구,M,unmarried,30-34,5392
2025,38111,의창구,F,total,30-34,5881
2025,38111,의창구,F,unmarried,35-39,1408
2025,38111,의창구,M,total,35-39,6247
2025,38111,의창구,M,unmarried,35-39,3037
2025,38111,의창구,F,total,35-39,5471
2025,38111,의창구,F,unmarried,40-44,1043
2025,38111,의창구,M,total,40-44,7729
2025,38111,의창구,M,unmarried,40-44,2430
2025,38111,의창구,F,total,40-44,7188
2025,38112,성산구,F,unmarried,20-24,3808
2025,38112,성산구,M,total,20-24,5613
2025,38112,성산구,M,unmarried,20-24,5607
2025,38112,성산구,F,total,20-24,3838
2025,38112,성산구,F,unmarried,25-29,6255
2025,38112,성산구,M,total,25-29,9688
2025,38112,성산구,M,unmarried,25-29,9306
2025,38112,성산구,F,total,25-29,7016
2025,38112,성산구,F,unmarried,30-34,4627
2025,38112,성산구,M,total,30-34,10077
2025,38112,성산구,M,unmarried,30-34,7513
2025,38112,성산구,F,total,30-34,8239
2025,38112,성산구,F,unmarried,35-39,1988
2025,38112,성산구,M,total,35-39,8983
2025,38112,성산구,M,unmarried,35-39,4070
2025,38112,성산구,F,total,35-39,7654
2025,38112,성산구,F,unmarried,40-44,1406
2025,38112,성산구,M,total,40-44,8950
2025,38112,성산구,M,unmarried,40-44,2543
2025,38112,성산구,F,total,40-44,8501
2025,38113,마산합포구,F,unmarried,20-24,2829
2025,38113,마산합포구,M,total,20-24,3965
2025,38113,마산합포구,M,unmarried,20-24,3952
2025,38113,마산합포구,F,total,20-24,2857
2025,38113,마산합포구,F,unmarried,25-29,3066
2025,38113,마산합포구,M,total,25-29,4442
2025,38113,마산합포구,M,unmarried,25-29,4199
2025,38113,마산합포구,F,total,25-29,3514
2025,38113,마산합포구,F,unmarried,30-34,2194
2025,38113,마산합포구,M,total,30-34,4743
2025,38113,마산합포구,M,unmarried,30-34,3426
2025,38113,마산합포구,F,total,30-34,4228
2025,38113,마산합포구,F,unmarried,35-39,1153
2025,38113,마산합포구,M,total,35-39,4824
2025,38113,마산합포구,M,unmarried,35-39,2268
2025,38113,마산합포구,F,total,35-39,4319
2025,38113,마산합포구,F,unmarried,40-44,1023
2025,38113,마산합포구,M,total,40-44,6517
2025,38113,마산합포구,M,unmarried,40-44,2150
2025,38113,마산합포구,F,total,40-44,5897
2025,38114,마산회원구,F,unmarried,20-24,3146
2025,38114,마산회원구,M,total,20-24,3863
2025,38114,마산회원구,M,unmarried,20-24,3849
2025,38114,마산회원구,F,total,20-24,3170
2025,38114,마산회원구,F,unmarried,25-29,3371
2025,38114,마산회원구,M,total,25-29,4619
2025,38114,마산회원구,M,unmarried,25-29,4429
2025,38114,마산회원구,F,total,25-29,3761
2025,38114,마산회원구,F,unmarried,30-34,2465
2025,38114,마산회원구,M,total,30-34,4912
2025,38114,마산회원구,M,unmarried,30-34,3738
2025,38114,마산회원구,F,total,30-34,4226
2025,38114,마산회원구,F,unmarried,35-39,1204
2025,38114,마산회원구,M,total,35-39,4624
2025,38114,마산회원구,M,unmarried,35-39,2348
2025,38114,마산회원구,F,total,35-39,4097
2025,38114,마산회원구,F,unmarried,40-44,988
2025,38114,마산회원구,M,total,40-44,6030
2025,38114,마산회원구,M,unmarried,40-44,2194
2025,38114,마산회원구,F,total,40-44,5566
2025,38115,진해구,F,unmarried,20-24,2532
2025,38115,진해구,M,total,20-24,4405
2025,38115,진해구,M,unmarried,20-24,4376
2025,38115,진해구,F,total,20-24,2584
2025,38115,진해구,F,unmarried,25-29,3021
2025,38115,진해구,M,total,25-29,5303
2025,38115,진해구,M,unmarried,25-29,4793
2025,38115,진해구,F,total,25-29,3768
2025,38115,진해구,F,unmarried,30-34,1874
2025,38115,진해구,M,total,30-34,5661
2025,38115,진해구,M,unmarried,30-34,3927
2025,38115,진해구,F,total,30-34,4246
2025,38115,진해구,F,unmarried,35-39,1025
2025,38115,진해구,M,total,35-39,5341
2025,38115,진해구,M,unmarried,35-39,2371
2025,38115,진해구,F,total,35-39,4733
2025,38115,진해구,F,unmarried,40-44,833
2025,38115,진해구,M,total,40-44,7843
2025,38115,진해구,M,unmarried,40-44,2311
2025,38115,진해구,F,total,40-44,7223
2025,38510,의령군,F,unmarried,20-24,144
2025,38510,의령군,M,total,20-24,301
2025,38510,의령군,M,unmarried,20-24,300
2025,38510,의령군,F,total,20-24,146
2025,38510,의령군,F,unmarried,25-29,208
2025,38510,의령군,M,total,25-29,381
2025,38510,의령군,M,unmarried,25-29,357
2025,38510,의령군,F,total,25-29,244
2025,38510,의령군,F,unmarried,30-34,171
2025,38510,의령군,M,total,30-34,370
2025,38510,의령군,M,unmarried,30-34,315
2025,38510,의령군,F,total,30-34,274
2025,38510,의령군,F,unmarried,35-39,106
2025,38510,의령군,M,total,35-39,356
2025,38510,의령군,M,unmarried,35-39,229
2025,38510,의령군,F,total,35-39,338
2025,38510,의령군,F,unmarried,40-44,103
2025,38510,의령군,M,total,40-44,451
2025,38510,의령군,M,unmarried,40-44,200
2025,38510,의령군,F,total,40-44,436
2025,38520,함안군,F,unmarried,20-24,476
2025,38520,함안군,M,total,20-24,941
2025,38520,함안군,M,unmarried,20-24,938
2025,38520,함안군,F,total,20-24,484
2025,38520,함안군,F,unmarried,25-29,616
2025,38520,함안군,M,total,25-29,1079
2025,38520,함안군,M,unmarried,25-29,1015
2025,38520,함안군,F,total,25-29,707
2025,38520,함안군,F,unmarried,30-34,403
2025,38520,함안군,M,total,30-34,1092
2025,38520,함안군,M,unmarried,30-34,864
2025,38520,함안군,F,total,30-34,736
2025,38520,함안군,F,unmarried,35-39,253
2025,38520,함안군,M,total,35-39,991
2025,38520,함안군,M,unmarried,35-39,570
2025,38520,함안군,F,total,35-39,914
2025,38520,함안군,F,unmarried,40-44,166
2025,38520,함안군,M,total,40-44,1540
2025,38520,함안군,M,unmarried,40-44,508
2025,38520,함안군,F,total,40-44,1469
2025,38530,창녕군,F,unmarried,20-24,325
2025,38530,창녕군,M,total,20-24,647
2025,38530,창녕군,M,unmarried,20-24,644
2025,38530,창녕군,F,total,20-24,335
2025,38530,창녕군,F,unmarried,25-29,477
2025,38530,창녕군,M,total,25-29,842
2025,38530,창녕군,M,unmarried,25-29,801
2025,38530,창녕군,F,total,25-29,567
2025,38530,창녕군,F,unmarried,30-34,379
2025,38530,창녕군,M,total,30-34,963
2025,38530,창녕군,M,unmarried,30-34,769
2025,38530,창녕군,F,total,30-34,705
2025,38530,창녕군,F,unmarried,35-39,205
2025,38530,창녕군,M,total,35-39,1046
2025,38530,창녕군,M,unmarried,35-39,625
2025,38530,창녕군,F,total,35-39,749
2025,38530,창녕군,F,unmarried,40-44,181
2025,38530,창녕군,M,total,40-44,1297
2025,38530,창녕군,M,unmarried,40-44,503
2025,38530,창녕군,F,total,40-44,1108
2025,38540,고성군,F,unmarried,20-24,337
2025,38540,고성군,M,total,20-24,590
2025,38540,고성군,M,unmarried,20-24,589
2025,38540,고성군,F,total,20-24,341
2025,38540,고성군,F,unmarried,25-29,455
2025,38540,고성군,M,total,25-29,775
2025,38540,고성군,M,unmarried,25-29,751
2025,38540,고성군,F,total,25-29,510
2025,38540,고성군,F,unmarried,30-34,294
2025,38540,고성군,M,total,30-34,686
2025,38540,고성군,M,unmarried,30-34,572
2025,38540,고성군,F,total,30-34,470
2025,38540,고성군,F,unmarried,35-39,158
2025,38540,고성군,M,total,35-39,668
2025,38540,고성군,M,unmarried,35-39,420
2025,38540,고성군,F,total,35-39,550
2025,38540,고성군,F,unmarried,40-44,172
2025,38540,고성군,M,total,40-44,1175
2025,38540,고성군,M,unmarried,40-44,479
2025,38540,고성군,F,total,40-44,992
2025,38550,남해군,F,unmarried,20-24,254
2025,38550,남해군,M,total,20-24,556
2025,38550,남해군,M,unmarried,20-24,554
2025,38550,남해군,F,total,20-24,255
2025,38550,남해군,F,unmarried,25-29,361
2025,38550,남해군,M,total,25-29,655
2025,38550,남해군,M,unmarried,25-29,624
2025,38550,남해군,F,total,25-29,421
2025,38550,남해군,F,unmarried,30-34,238
2025,38550,남해군,M,total,30-34,631
2025,38550,남해군,M,unmarried,30-34,520
2025,38550,남해군,F,total,30-34,406
2025,38550,남해군,F,unmarried,35-39,145
2025,38550,남해군,M,total,35-39,525
2025,38550,남해군,M,unmarried,35-39,318
2025,38550,남해군,F,total,35-39,457
2025,38550,남해군,F,unmarried,40-44,133
2025,38550,남해군,M,total,40-44,727
2025,38550,남해군,M,unmarried,40-44,295
2025,38550,남해군,F,total,40-44,711
2025,38560,하동군,F,unmarried,20-24,197
2025,38560,하동군,M,total,20-24,383
2025,38560,하동군,M,unmarried,20-24,381
2025,38560,하동군,F,total,20-24,200
2025,38560,하동군,F,unmarried,25-29,309
2025,38560,하동군,M,total,25-29,623
2025,38560,하동군,M,unmarried,25-29,595
2025,38560,하동군,F,total,25-29,359
2025,38560,하동군,F,unmarried,30-34,243
2025,38560,하동군,M,total,30-34,559
2025,38560,하동군,M,unmarried,30-34,459
2025,38560,하동군,F,total,30-34,413
2025,38560,하동군,F,unmarried,35-39,128
2025,38560,하동군,M,total,35-39,522
2025,38560,하동군,M,unmarried,35-39,324
2025,38560,하동군,F,total,35-39,429
2025,38560,하동군,F,unmarried,40-44,135
2025,38560,하동군,M,total,40-44,718
2025,38560,하동군,M,unmarried,40-44,325
2025,38560,하동군,F,total,40-44,630
2025,38570,산청군,F,unmarried,20-24,161
2025,38570,산청군,M,total,20-24,335
2025,38570,산청군,M,unmarried,20-24,335
2025,38570,산청군,F,total,20-24,163
2025,38570,산청군,F,unmarried,25-29,299
2025,38570,산청군,M,total,25-29,448
2025,38570,산청군,M,unmarried,25-29,431
2025,38570,산청군,F,total,25-29,335
2025,38570,산청군,F,unmarried,30-34,207
2025,38570,산청군,M,total,30-34,446
2025,38570,산청군,M,unmarried,30-34,369
2025,38570,산청군,F,total,30-34,327
2025,38570,산청군,F,unmarried,35-39,125
2025,38570,산청군,M,total,35-39,408
2025,38570,산청군,M,unmarried,35-39,238
2025,38570,산청군,F,total,35-39,366
2025,38570,산청군,F,unmarried,40-44,109
2025,38570,산청군,M,total,40-44,564
2025,38570,산청군,M,unmarried,40-44,220
2025,38570,산청군,F,total,40-44,485
2025,38580,함양군,F,unmarried,20-24,237
2025,38580,함양군,M,total,20-24,462
2025,38580,함양군,M,unmarried,20-24,460
2025,38580,함양군,F,total,20-24,240
2025,38580,함양군,F,unmarried,25-29,345
2025,38580,함양군,M,total,25-29,558
2025,38580,함양군,M,unmarried,25-29,536
2025,38580,함양군,F,total,25-29,405
2025,38580,함양군,F,unmarried,30-34,241
2025,38580,함양군,M,total,30-34,551
2025,38580,함양군,M,unmarried,30-34,460
2025,38580,함양군,F,total,30-34,398
2025,38580,함양군,F,unmarried,35-39,138
2025,38580,함양군,M,total,35-39,488
2025,38580,함양군,M,unmarried,35-39,281
2025,38580,함양군,F,total,35-39,421
2025,38580,함양군,F,unmarried,40-44,127
2025,38580,함양군,M,total,40-44,741
2025,38580,함양군,M,unmarried,40-44,279
2025,38580,함양군,F,total,40-44,688
2025,38590,거창군,F,unmarried,20-24,584
2025,38590,거창군,M,total,20-24,1161
2025,38590,거창군,M,unmarried,20-24,1154
2025,38590,거창군,F,total,20-24,607
2025,38590,거창군,F,unmarried,25-29,812
2025,38590,거창군,M,total,25-29,1280
2025,38590,거창군,M,unmarried,25-29,1215
2025,38590,거창군,F,total,25-29,940
2025,38590,거창군,F,unmarried,30-34,441
2025,38590,거창군,M,total,30-34,1239
2025,38590,거창군,M,unmarried,30-34,896
2025,38590,거창군,F,total,30-34,959
2025,38590,거창군,F,unmarried,35-39,268
2025,38590,거창군,M,total,35-39,1172
2025,38590,거창군,M,unmarried,35-39,563
2025,38590,거창군,F,total,35-39,1045
2025,38590,거창군,F,unmarried,40-44,225
2025,38590,거창군,M,total,40-44,1429
2025,38590,거창군,M,unmarried,40-44,434
2025,38590,거창군,F,total,40-44,1448
2025,38600,합천군,F,unmarried,20-24,209
2025,38600,합천군,M,total,20-24,376
2025,38600,합천군,M,unmarried,20-24,368
2025,38600,합천군,F,total,20-24,214
2025,38600,합천군,F,unmarried,25-29,354
2025,38600,합천군,M,total,25-29,567
2025,38600,합천군,M,unmarried,25-29,534
2025,38600,합천군,F,total,25-29,416
2025,38600,합천군,F,unmarried,30-34,229
2025,38600,합천군,M,total,30-34,569
2025,38600,합천군,M,unmarried,30-34,448
2025,38600,합천군,F,total,30-34,396
2025,38600,합천군,F,unmarried,35-39,130
2025,38600,합천군,M,total,35-39,478
2025,38600,합천군,M,unmarried,35-39,263
2025,38600,합천군,F,total,35-39,368
2025,38600,합천군,F,unmarried,40-44,131
2025,38600,합천군,M,total,40-44,707
2025,38600,합천군,M,unmarried,40-44,300
2025,38600,합천군,F,total,40-44,587
2025,39,제주특별자치도,F,unmarried,20-24,11202
2025,39,제주특별자치도,M,total,20-24,14430
2025,39,제주특별자치도,M,unmarried,20-24,14337
2025,39,제주특별자치도,F,total,20-24,11362
2025,39,제주특별자치도,F,unmarried,25-29,14148
2025,39,제주특별자치도,M,total,25-29,17865
2025,39,제주특별자치도,M,unmarried,25-29,16667
2025,39,제주특별자치도,F,total,25-29,16275
2025,39,제주특별자치도,F,unmarried,30-34,10169
2025,39,제주특별자치도,M,total,30-34,20151
2025,39,제주특별자치도,M,unmarried,30-34,14329
2025,39,제주특별자치도,F,total,30-34,18698
2025,39,제주특별자치도,F,unmarried,35-39,4984
2025,39,제주특별자치도,M,total,35-39,17739
2025,39,제주특별자치도,M,unmarried,35-39,7754
2025,39,제주특별자치도,F,total,35-39,17625
2025,39,제주특별자치도,F,unmarried,40-44,4208
2025,39,제주특별자치도,M,total,40-44,24074
2025,39,제주특별자치도,M,unmarried,40-44,6732
2025,39,제주특별자치도,F,total,40-44,24035
2025,39003,동부,F,unmarried,20-24,9382
2025,39003,동부,M,total,20-24,11548
2025,39003,동부,M,unmarried,20-24,11471
2025,39003,동부,F,total,20-24,9508
2025,39003,동부,F,unmarried,25-29,11499
2025,39003,동부,M,total,25-29,14021
2025,39003,동부,M,unmarried,25-29,13065
2025,39003,동부,F,total,25-29,13218
2025,39003,동부,F,unmarried,30-34,8057
2025,39003,동부,M,total,30-34,15827
2025,39003,동부,M,unmarried,30-34,11100
2025,39003,동부,F,total,30-34,14952
2025,39003,동부,F,unmarried,35-39,3793
2025,39003,동부,M,total,35-39,13730
2025,39003,동부,M,unmarried,35-39,5835
2025,39003,동부,F,total,35-39,13428
2025,39003,동부,F,unmarried,40-44,3116
2025,39003,동부,M,total,40-44,17757
2025,39003,동부,M,unmarried,40-44,4907
2025,39003,동부,F,total,40-44,17731
2025,39004,읍부,F,unmarried,20-24,1501
2025,39004,읍부,M,total,20-24,2376
2025,39004,읍부,M,unmarried,20-24,2364
2025,39004,읍부,F,total,20-24,1532
2025,39004,읍부,F,unmarried,25-29,2102
2025,39004,읍부,M,total,25-29,3120
2025,39004,읍부,M,unmarried,25-29,2924
2025,39004,읍부,F,total,25-29,2448
2025,39004,읍부,F,unmarried,30-34,1729
2025,39004,읍부,M,total,30-34,3540
2025,39004,읍부,M,unmarried,30-34,2628
2025,39004,읍부,F,total,30-34,3128
2025,39004,읍부,F,unmarried,35-39,984
2025,39004,읍부,M,total,35-39,3321
2025,39004,읍부,M,unmarried,35-39,1557
2025,39004,읍부,F,total,35-39,3460
2025,39004,읍부,F,unmarried,40-44,873
2025,39004,읍부,M,total,40-44,5082
2025,39004,읍부,M,unmarried,40-44,1480
2025,39004,읍부,F,total,40-44,5062
2025,39005,면부,F,unmarried,20-24,319
2025,39005,면부,M,total,20-24,506
2025,39005,면부,M,unmarried,20-24,502
2025,39005,면부,F,total,20-24,322
2025,39005,면부,F,unmarried,25-29,547
2025,39005,면부,M,total,25-29,724
2025,39005,면부,M,unmarried,25-29,678
2025,39005,면부,F,total,25-29,609
2025,39005,면부,F,unmarried,30-34,383
2025,39005,면부,M,total,30-34,784
2025,39005,면부,M,unmarried,30-34,601
2025,39005,면부,F,total,30-34,618
2025,39005,면부,F,unmarried,35-39,207
2025,39005,면부,M,total,35-39,688
2025,39005,면부,M,unmarried,35-39,362
2025,39005,면부,F,total,35-39,737
2025,39005,면부,F,unmarried,40-44,219
2025,39005,면부,M,total,40-44,1235
2025,39005,면부,M,unmarried,40-44,345
2025,39005,면부,F,total,40-44,1242
2025,39010,제주시,F,unmarried,20-24,9370
2025,39010,제주시,M,total,20-24,11512
2025,39010,제주시,M,unmarried,20-24,11453
2025,39010,제주시,F,total,20-24,9497
2025,39010,제주시,F,unmarried,25-29,11135
2025,39010,제주시,M,total,25-29,13856
2025,39010,제주시,M,unmarried,25-29,12925
2025,39010,제주시,F,total,25-29,12796
2025,39010,제주시,F,unmarried,30-34,8063
2025,39010,제주시,M,total,30-34,15868
2025,39010,제주시,M,unmarried,30-34,11233
2025,39010,제주시,F,total,30-34,14814
2025,39010,제주시,F,unmarried,35-39,3809
2025,39010,제주시,M,total,35-39,13742
2025,39010,제주시,M,unmarried,35-39,5931
2025,39010,제주시,F,total,35-39,13488
2025,39010,제주시,F,unmarried,40-44,3149
2025,39010,제주시,M,total,40-44,18111
2025,39010,제주시,M,unmarried,40-44,5012
2025,39010,제주시,F,total,40-44,17886
2025,39020,서귀포시,F,unmarried,20-24,1832
2025,39020,서귀포시,M,total,20-24,2918
2025,39020,서귀포시,M,unmarried,20-24,2884
2025,39020,서귀포시,F,total,20-24,1865
2025,39020,서귀포시,F,unmarried,25-29,3013
2025,39020,서귀포시,M,total,25-29,4009
2025,39020,서귀포시,M,unmarried,25-29,3742
2025,39020,서귀포시,F,total,25-29,3479
2025,39020,서귀포시,F,unmarried,30-34,2106
2025,39020,서귀포시,M,total,30-34,4283
2025,39020,서귀포시,M,unmarried,30-34,3096
2025,39020,서귀포시,F,total,30-34,3884
2025,39020,서귀포시,F,unmarried,35-39,1175
2025,39020,서귀포시,M,total,35-39,3997
2025,39020,서귀포시,M,unmarried,35-39,1823
2025,39020,서귀포시,F,total,35-39,4137
2025,39020,서귀포시,F,unmarried,40-44,1059
2025,39020,서귀포시,M,total,40-44,5963
2025,39020,서귀포시,M,unmarried,40-44,1720
2025,39020,서귀포시,F,total,40-44,6149
